t_perf,wall_time,POS,OBJ,STA,FLT,CUR
86606.388567,2026-07-22T15:18:40.345,3,3,3,0,0
86606.391055,2026-07-22T15:18:40.347,3,3,3,0,0
86606.393519,2026-07-22T15:18:40.350,3,3,3,0,0
86606.396163,2026-07-22T15:18:40.353,3,3,3,0,0
86606.398833,2026-07-22T15:18:40.355,3,3,3,0,0
86606.401303,2026-07-22T15:18:40.358,3,3,3,0,0
86606.403784,2026-07-22T15:18:40.360,3,3,3,0,0
86606.406261,2026-07-22T15:18:40.363,3,3,3,0,0
86606.408916,2026-07-22T15:18:40.365,3,3,3,0,0
86606.411569,2026-07-22T15:18:40.368,3,3,3,0,0
86606.414009,2026-07-22T15:18:40.370,3,3,3,0,0
86606.416817,2026-07-22T15:18:40.373,3,3,3,0,0
86606.419434,2026-07-22T15:18:40.376,3,3,3,0,0
86606.422250,2026-07-22T15:18:40.379,3,3,3,0,0
86606.424326,2026-07-22T15:18:40.381,3,3,3,0,0
86606.426828,2026-07-22T15:18:40.383,3,3,3,0,0
86606.429589,2026-07-22T15:18:40.386,3,3,3,0,0
86606.431599,2026-07-22T15:18:40.388,3,3,3,0,0
86606.433620,2026-07-22T15:18:40.390,3,3,3,0,0
86606.435979,2026-07-22T15:18:40.392,3,3,3,0,0
86606.438740,2026-07-22T15:18:40.395,3,3,3,0,0
86606.441161,2026-07-22T15:18:40.398,3,3,3,0,0
86606.443861,2026-07-22T15:18:40.400,3,3,3,0,0
86606.446365,2026-07-22T15:18:40.403,3,3,3,0,0
86606.448998,2026-07-22T15:18:40.405,3,3,3,0,0
86606.451621,2026-07-22T15:18:40.408,3,3,3,0,0
86606.453634,2026-07-22T15:18:40.410,3,3,3,0,0
86606.455915,2026-07-22T15:18:40.412,3,3,3,0,0
86606.458098,2026-07-22T15:18:40.415,3,3,3,0,0
86606.460617,2026-07-22T15:18:40.417,3,3,3,0,0
86606.462992,2026-07-22T15:18:40.419,3,3,3,0,0
86606.465159,2026-07-22T15:18:40.422,3,3,3,0,0
86606.467173,2026-07-22T15:18:40.424,3,3,3,0,0
86606.469455,2026-07-22T15:18:40.426,3,3,3,0,0
86606.471539,2026-07-22T15:18:40.428,3,3,3,0,0
86606.474061,2026-07-22T15:18:40.431,3,3,3,0,0
86606.476556,2026-07-22T15:18:40.433,3,3,3,0,0
86606.478589,2026-07-22T15:18:40.435,3,3,3,0,0
86606.480627,2026-07-22T15:18:40.437,3,3,3,0,0
86606.482663,2026-07-22T15:18:40.439,3,3,3,0,0
86606.484861,2026-07-22T15:18:40.441,3,3,3,0,0
86606.486876,2026-07-22T15:18:40.443,3,3,3,0,0
86606.489352,2026-07-22T15:18:40.446,3,3,3,0,0
86606.491431,2026-07-22T15:18:40.448,3,3,3,0,0
86606.493968,2026-07-22T15:18:40.450,3,3,3,0,0
86606.496252,2026-07-22T15:18:40.453,3,3,3,0,0
86606.498301,2026-07-22T15:18:40.455,3,3,3,0,0
86606.500976,2026-07-22T15:18:40.457,3,3,3,0,0
86606.503770,2026-07-22T15:18:40.460,3,3,3,0,0
86606.506206,2026-07-22T15:18:40.463,3,3,3,0,0
86606.508840,2026-07-22T15:18:40.465,3,3,3,0,0
86606.511562,2026-07-22T15:18:40.468,3,3,3,0,0
86606.513663,2026-07-22T15:18:40.470,3,3,3,0,0
86606.515750,2026-07-22T15:18:40.472,3,3,3,0,0
86606.517864,2026-07-22T15:18:40.474,3,3,3,0,0
86606.520200,2026-07-22T15:18:40.477,3,3,3,0,0
86606.522797,2026-07-22T15:18:40.479,3,3,3,0,0
86606.525495,2026-07-22T15:18:40.481,3,3,3,0,0
86606.527803,2026-07-22T15:18:40.484,3,3,3,0,0
86606.529844,2026-07-22T15:18:40.486,3,3,3,0,0
86606.531879,2026-07-22T15:18:40.488,3,3,3,0,0
86606.533944,2026-07-22T15:18:40.490,3,3,3,0,0
86606.536028,2026-07-22T15:18:40.492,3,3,3,0,0
86606.538056,2026-07-22T15:18:40.495,3,3,3,0,0
86606.540630,2026-07-22T15:18:40.497,3,3,3,0,0
86606.543336,2026-07-22T15:18:40.500,3,3,3,0,0
86606.545686,2026-07-22T15:18:40.502,3,3,3,0,0
86606.548348,2026-07-22T15:18:40.505,3,3,3,0,0
86606.550962,2026-07-22T15:18:40.507,3,3,3,0,0
86606.553755,2026-07-22T15:18:40.510,3,3,3,0,0
86606.556392,2026-07-22T15:18:40.513,3,3,3,0,0
86606.558955,2026-07-22T15:18:40.515,3,3,3,0,0
86606.561332,2026-07-22T15:18:40.518,3,3,3,0,0
86606.564738,2026-07-22T15:18:40.521,3,3,3,0,0
86606.566969,2026-07-22T15:18:40.523,3,3,3,0,0
86606.569396,2026-07-22T15:18:40.526,3,3,3,0,0
86606.571425,2026-07-22T15:18:40.528,3,3,3,0,0
86606.574252,2026-07-22T15:18:40.531,3,3,3,0,0
86606.576948,2026-07-22T15:18:40.533,3,3,3,0,0
86606.579646,2026-07-22T15:18:40.536,3,3,3,0,0
86606.581706,2026-07-22T15:18:40.538,3,3,3,0,0
86606.584201,2026-07-22T15:18:40.541,3,3,3,0,0
86606.586962,2026-07-22T15:18:40.543,3,3,3,0,0
86606.589737,2026-07-22T15:18:40.546,3,3,3,0,0
86606.592042,2026-07-22T15:18:40.548,3,3,3,0,0
86606.594069,2026-07-22T15:18:40.551,3,3,3,0,0
86606.596365,2026-07-22T15:18:40.553,3,3,3,0,0
86606.598424,2026-07-22T15:18:40.555,3,3,3,0,0
86606.600665,2026-07-22T15:18:40.557,3,3,3,0,0
86606.602789,2026-07-22T15:18:40.559,3,3,3,0,0
86606.604991,2026-07-22T15:18:40.561,3,3,3,0,0
86606.607738,2026-07-22T15:18:40.564,3,3,3,0,0
86606.610519,2026-07-22T15:18:40.567,3,3,3,0,0
86606.612644,2026-07-22T15:18:40.569,3,3,3,0,0
86606.614722,2026-07-22T15:18:40.571,3,3,3,0,0
86606.617219,2026-07-22T15:18:40.574,3,3,3,0,0
86606.619587,2026-07-22T15:18:40.576,3,3,3,0,0
86606.622232,2026-07-22T15:18:40.579,3,3,3,0,0
86606.624995,2026-07-22T15:18:40.581,3,3,3,0,0
86606.627380,2026-07-22T15:18:40.584,3,3,3,0,0
86606.629825,2026-07-22T15:18:40.586,3,3,3,0,0
86606.632248,2026-07-22T15:18:40.589,3,3,3,0,0
86606.634887,2026-07-22T15:18:40.591,3,3,3,0,0
86606.637587,2026-07-22T15:18:40.594,3,3,3,0,0
86606.640304,2026-07-22T15:18:40.597,3,3,3,0,0
86606.642963,2026-07-22T15:18:40.599,3,3,3,0,0
86606.645719,2026-07-22T15:18:40.602,3,3,3,0,0
86606.648327,2026-07-22T15:18:40.605,3,3,3,0,0
86606.650428,2026-07-22T15:18:40.607,3,3,3,0,0
86606.653138,2026-07-22T15:18:40.610,3,3,3,0,0
86606.655723,2026-07-22T15:18:40.612,3,3,3,0,0
86606.658194,2026-07-22T15:18:40.615,3,3,3,0,0
86606.660711,2026-07-22T15:18:40.617,3,3,3,0,0
86606.662990,2026-07-22T15:18:40.619,3,3,3,0,0
86606.665353,2026-07-22T15:18:40.622,3,3,3,0,0
86606.667706,2026-07-22T15:18:40.624,3,3,3,0,0
86606.670027,2026-07-22T15:18:40.626,3,3,3,0,0
86606.672758,2026-07-22T15:18:40.629,3,3,3,0,0
86606.675196,2026-07-22T15:18:40.632,3,3,3,0,0
86606.677675,2026-07-22T15:18:40.634,3,3,3,0,0
86606.680391,2026-07-22T15:18:40.637,3,3,3,0,0
86606.683060,2026-07-22T15:18:40.640,3,3,3,0,0
86606.685383,2026-07-22T15:18:40.642,3,3,3,0,0
86606.687707,2026-07-22T15:18:40.644,3,3,3,0,0
86606.690034,2026-07-22T15:18:40.647,3,3,3,0,0
86606.692193,2026-07-22T15:18:40.649,3,3,3,0,0
86606.694211,2026-07-22T15:18:40.651,3,3,3,0,0
86606.696467,2026-07-22T15:18:40.653,3,3,3,0,0
86606.698614,2026-07-22T15:18:40.655,3,3,3,0,0
86606.701317,2026-07-22T15:18:40.658,3,3,3,0,0
86606.703996,2026-07-22T15:18:40.660,3,3,3,0,0
86606.706631,2026-07-22T15:18:40.663,3,3,3,0,0
86606.708643,2026-07-22T15:18:40.665,3,3,3,0,0
86606.710707,2026-07-22T15:18:40.667,3,3,3,0,0
86606.712756,2026-07-22T15:18:40.669,3,3,3,0,0
86606.714960,2026-07-22T15:18:40.671,3,3,3,0,0
86606.717407,2026-07-22T15:18:40.674,3,3,3,0,0
86606.719503,2026-07-22T15:18:40.676,3,3,3,0,0
86606.721823,2026-07-22T15:18:40.678,3,3,3,0,0
86606.724617,2026-07-22T15:18:40.681,3,3,3,0,0
86606.727058,2026-07-22T15:18:40.683,3,3,3,0,0
86606.729114,2026-07-22T15:18:40.686,3,3,3,0,0
86606.731850,2026-07-22T15:18:40.688,3,3,3,0,0
86606.734519,2026-07-22T15:18:40.691,3,3,3,0,0
86606.737104,2026-07-22T15:18:40.694,3,3,3,0,0
86606.739696,2026-07-22T15:18:40.696,3,3,3,0,0
86606.741709,2026-07-22T15:18:40.698,3,3,3,0,0
86606.743741,2026-07-22T15:18:40.700,3,3,3,0,0
86606.746033,2026-07-22T15:18:40.702,3,3,3,0,0
86606.748085,2026-07-22T15:18:40.705,3,3,3,0,0
86606.750120,2026-07-22T15:18:40.707,3,3,3,0,0
86606.752170,2026-07-22T15:18:40.709,3,3,3,0,0
86606.754693,2026-07-22T15:18:40.711,3,3,3,0,0
86606.756740,2026-07-22T15:18:40.713,3,3,3,0,0
86606.759071,2026-07-22T15:18:40.716,3,3,3,0,0
86606.761590,2026-07-22T15:18:40.718,3,3,3,0,0
86606.764630,2026-07-22T15:18:40.721,3,3,3,0,0
86606.767163,2026-07-22T15:18:40.724,3,3,3,0,0
86606.769683,2026-07-22T15:18:40.726,3,3,3,0,0
86606.771701,2026-07-22T15:18:40.728,3,3,3,0,0
86606.773758,2026-07-22T15:18:40.730,3,3,3,0,0
86606.776205,2026-07-22T15:18:40.733,3,3,3,0,0
86606.778689,2026-07-22T15:18:40.735,3,3,3,0,0
86606.781016,2026-07-22T15:18:40.737,3,3,3,0,0
86606.783291,2026-07-22T15:18:40.740,3,3,3,0,0
86606.785322,2026-07-22T15:18:40.742,3,3,3,0,0
86606.787360,2026-07-22T15:18:40.744,3,3,3,0,0
86606.789451,2026-07-22T15:18:40.746,3,3,3,0,0
86606.791558,2026-07-22T15:18:40.748,3,3,3,0,0
86606.793595,2026-07-22T15:18:40.750,3,3,3,0,0
86606.795683,2026-07-22T15:18:40.752,3,3,3,0,0
86606.798080,2026-07-22T15:18:40.755,3,3,3,0,0
86606.800117,2026-07-22T15:18:40.757,3,3,3,0,0
86606.802155,2026-07-22T15:18:40.759,3,3,3,0,0
86606.804382,2026-07-22T15:18:40.761,3,3,3,0,0
86606.806932,2026-07-22T15:18:40.763,3,3,3,0,0
86606.809009,2026-07-22T15:18:40.765,3,3,3,0,0
86606.811295,2026-07-22T15:18:40.768,3,3,3,0,0
86606.813766,2026-07-22T15:18:40.770,3,3,3,0,0
86606.815860,2026-07-22T15:18:40.772,3,3,3,0,0
86606.818307,2026-07-22T15:18:40.775,3,3,3,0,0
86606.820338,2026-07-22T15:18:40.777,3,3,3,0,0
86606.822694,2026-07-22T15:18:40.779,3,3,3,0,0
86606.824973,2026-07-22T15:18:40.781,3,3,3,0,0
86606.827165,2026-07-22T15:18:40.783,3,3,3,0,0
86606.829376,2026-07-22T15:18:40.786,3,3,3,0,0
86606.832033,2026-07-22T15:18:40.788,3,3,3,0,0
86606.834467,2026-07-22T15:18:40.791,3,3,3,0,0
86606.837114,2026-07-22T15:18:40.794,3,3,3,0,0
86606.839748,2026-07-22T15:18:40.796,3,3,3,0,0
86606.842512,2026-07-22T15:18:40.799,3,3,3,0,0
86606.844524,2026-07-22T15:18:40.801,3,3,3,0,0
86606.846553,2026-07-22T15:18:40.803,3,3,3,0,0
86606.849151,2026-07-22T15:18:40.806,3,3,3,0,0
86606.851831,2026-07-22T15:18:40.808,3,3,3,0,0
86606.854346,2026-07-22T15:18:40.811,3,3,3,0,0
86606.856985,2026-07-22T15:18:40.813,3,3,3,0,0
86606.859576,2026-07-22T15:18:40.816,3,3,3,0,0
86606.862120,2026-07-22T15:18:40.819,3,3,3,0,0
86606.864532,2026-07-22T15:18:40.821,3,3,3,0,0
86606.867055,2026-07-22T15:18:40.824,3,3,3,0,0
86606.869440,2026-07-22T15:18:40.826,3,3,3,0,0
86606.871924,2026-07-22T15:18:40.828,3,3,3,0,0
86606.874701,2026-07-22T15:18:40.831,3,3,3,0,0
86606.877233,2026-07-22T15:18:40.834,3,3,3,0,0
86606.879964,2026-07-22T15:18:40.836,3,3,3,0,0
86606.882493,2026-07-22T15:18:40.839,3,3,3,0,0
86606.884859,2026-07-22T15:18:40.841,3,3,3,0,0
86606.887529,2026-07-22T15:18:40.844,3,3,3,0,0
86606.889554,2026-07-22T15:18:40.846,3,3,3,0,0
86606.891570,2026-07-22T15:18:40.848,3,3,3,0,0
86606.893595,2026-07-22T15:18:40.850,3,3,3,0,0
86606.895720,2026-07-22T15:18:40.852,3,3,3,0,0
86606.898072,2026-07-22T15:18:40.855,3,3,3,0,0
86606.900618,2026-07-22T15:18:40.857,3,3,3,0,0
86606.902693,2026-07-22T15:18:40.859,3,3,3,0,0
86606.905210,2026-07-22T15:18:40.862,3,3,3,0,0
86606.907317,2026-07-22T15:18:40.864,3,3,3,0,0
86606.909525,2026-07-22T15:18:40.866,3,3,3,0,0
86606.911571,2026-07-22T15:18:40.868,3,3,3,0,0
86606.913693,2026-07-22T15:18:40.870,3,3,3,0,0
86606.916026,2026-07-22T15:18:40.872,3,3,3,0,0
86606.918544,2026-07-22T15:18:40.875,3,3,3,0,0
86606.920584,2026-07-22T15:18:40.877,3,3,3,0,0
86606.922639,2026-07-22T15:18:40.879,3,3,3,0,0
86606.924651,2026-07-22T15:18:40.881,3,3,3,0,0
86606.927474,2026-07-22T15:18:40.883,3,3,3,0,0
86606.929709,2026-07-22T15:18:40.886,3,3,3,0,0
86606.932230,2026-07-22T15:18:40.889,3,3,3,0,0
86606.934296,2026-07-22T15:18:40.891,3,3,3,0,0
86606.936356,2026-07-22T15:18:40.893,3,3,3,0,0
86606.938873,2026-07-22T15:18:40.895,3,3,3,0,0
86606.941350,2026-07-22T15:18:40.898,3,3,3,0,0
86606.943882,2026-07-22T15:18:40.900,3,3,3,0,0
86606.946519,2026-07-22T15:18:40.903,3,3,3,0,0
86606.949306,2026-07-22T15:18:40.906,3,3,3,0,0
86606.951328,2026-07-22T15:18:40.908,3,3,3,0,0
86606.953852,2026-07-22T15:18:40.910,3,3,3,0,0
86606.956355,2026-07-22T15:18:40.913,3,3,3,0,0
86606.958878,2026-07-22T15:18:40.915,3,3,3,0,0
86606.960910,2026-07-22T15:18:40.917,3,3,3,0,0
86606.962933,2026-07-22T15:18:40.919,3,3,3,0,0
86606.965406,2026-07-22T15:18:40.922,3,3,3,0,0
86606.967450,2026-07-22T15:18:40.924,3,3,3,0,0
86606.970139,2026-07-22T15:18:40.927,3,3,3,0,0
86606.972652,2026-07-22T15:18:40.929,3,3,3,0,0
86606.975254,2026-07-22T15:18:40.932,3,3,3,0,0
86606.977971,2026-07-22T15:18:40.934,3,3,3,0,0
86606.980182,2026-07-22T15:18:40.937,3,3,3,0,0
86606.982656,2026-07-22T15:18:40.939,3,3,3,0,0
86606.984696,2026-07-22T15:18:40.941,3,3,3,0,0
86606.986706,2026-07-22T15:18:40.943,3,3,3,0,0
86606.989150,2026-07-22T15:18:40.946,3,3,3,0,0
86606.991638,2026-07-22T15:18:40.948,3,3,3,0,0
86606.994179,2026-07-22T15:18:40.951,3,3,3,0,0
86606.996750,2026-07-22T15:18:40.953,3,3,3,0,0
86606.999260,2026-07-22T15:18:40.956,3,3,3,0,0
86607.001308,2026-07-22T15:18:40.958,3,3,3,0,0
86607.004007,2026-07-22T15:18:40.960,3,3,3,0,0
86607.006532,2026-07-22T15:18:40.963,3,3,3,0,0
86607.009360,2026-07-22T15:18:40.966,3,3,3,0,0
86607.011842,2026-07-22T15:18:40.968,3,3,3,0,0
86607.014665,2026-07-22T15:18:40.970,3,3,3,0,0
86607.017161,2026-07-22T15:18:40.974,3,3,3,0,0
86607.019207,2026-07-22T15:18:40.976,3,3,3,0,0
86607.021840,2026-07-22T15:18:40.978,3,3,3,0,0
86607.023853,2026-07-22T15:18:40.980,3,3,3,0,0
86607.026378,2026-07-22T15:18:40.983,3,3,3,0,8
86607.028904,2026-07-22T15:18:40.985,19,0,3,0,8
86607.031636,2026-07-22T15:18:40.988,19,0,3,0,8
86607.033681,2026-07-22T15:18:40.990,19,0,3,0,8
86607.036198,2026-07-22T15:18:40.993,19,0,3,0,8
86607.038723,2026-07-22T15:18:40.995,19,0,3,0,8
86607.041327,2026-07-22T15:18:40.998,19,0,3,0,8
86607.043839,2026-07-22T15:18:41.000,19,0,3,0,8
86607.046096,2026-07-22T15:18:41.003,19,0,3,0,8
86607.048127,2026-07-22T15:18:41.005,19,0,3,0,8
86607.050163,2026-07-22T15:18:41.007,19,0,3,0,8
86607.052712,2026-07-22T15:18:41.009,19,0,3,0,8
86607.055359,2026-07-22T15:18:41.012,19,0,3,0,8
86607.057499,2026-07-22T15:18:41.013,19,0,3,0,8
86607.059571,2026-07-22T15:18:41.016,19,0,3,0,8
86607.062099,2026-07-22T15:18:41.019,19,0,3,0,8
86607.064613,2026-07-22T15:18:41.021,19,0,3,0,8
86607.067323,2026-07-22T15:18:41.024,19,0,3,0,8
86607.069362,2026-07-22T15:18:41.026,19,0,3,0,8
86607.071405,2026-07-22T15:18:41.028,19,0,3,0,8
86607.073421,2026-07-22T15:18:41.030,19,0,3,0,8
86607.075607,2026-07-22T15:18:41.032,19,0,3,0,8
86607.078272,2026-07-22T15:18:41.035,19,0,3,0,8
86607.080302,2026-07-22T15:18:41.037,19,0,3,0,8
86607.082353,2026-07-22T15:18:41.039,19,0,3,0,8
86607.084881,2026-07-22T15:18:41.041,19,0,3,0,8
86607.087590,2026-07-22T15:18:41.044,19,0,3,0,8
86607.089827,2026-07-22T15:18:41.046,19,0,3,0,8
86607.092377,2026-07-22T15:18:41.049,19,0,3,0,8
86607.094954,2026-07-22T15:18:41.051,19,0,3,0,8
86607.097571,2026-07-22T15:18:41.054,19,0,3,0,8
86607.100093,2026-07-22T15:18:41.057,19,0,3,0,8
86607.102146,2026-07-22T15:18:41.059,19,0,3,0,8
86607.104656,2026-07-22T15:18:41.061,19,0,3,0,8
86607.107169,2026-07-22T15:18:41.064,19,0,3,0,8
86607.109690,2026-07-22T15:18:41.066,19,0,3,0,8
86607.112022,2026-07-22T15:18:41.068,19,0,3,0,8
86607.114105,2026-07-22T15:18:41.071,19,0,3,0,8
86607.116622,2026-07-22T15:18:41.073,19,0,3,0,8
86607.119145,2026-07-22T15:18:41.076,19,0,3,0,8
86607.121657,2026-07-22T15:18:41.078,19,0,3,0,8
86607.123950,2026-07-22T15:18:41.080,19,0,3,0,8
86607.126180,2026-07-22T15:18:41.083,19,0,3,0,8
86607.128423,2026-07-22T15:18:41.084,19,0,3,0,8
86607.130466,2026-07-22T15:18:41.087,19,0,3,0,8
86607.132968,2026-07-22T15:18:41.089,19,0,3,0,8
86607.135472,2026-07-22T15:18:41.092,19,0,3,0,8
86607.137975,2026-07-22T15:18:41.094,19,0,3,0,8
86607.140496,2026-07-22T15:18:41.097,19,0,3,0,8
86607.142986,2026-07-22T15:18:41.099,19,0,3,0,8
86607.145505,2026-07-22T15:18:41.102,19,0,3,0,8
86607.148209,2026-07-22T15:18:41.105,19,0,3,0,8
86607.150743,2026-07-22T15:18:41.107,19,0,3,0,8
86607.153271,2026-07-22T15:18:41.110,19,0,3,0,8
86607.155783,2026-07-22T15:18:41.112,19,0,3,0,8
86607.158543,2026-07-22T15:18:41.115,19,0,3,0,8
86607.160611,2026-07-22T15:18:41.117,19,0,3,0,8
86607.162650,2026-07-22T15:18:41.119,19,0,3,0,8
86607.165210,2026-07-22T15:18:41.122,19,0,3,0,8
86607.167527,2026-07-22T15:18:41.124,19,0,3,0,8
86607.169569,2026-07-22T15:18:41.126,19,0,3,0,8
86607.171603,2026-07-22T15:18:41.128,19,0,3,0,8
86607.173632,2026-07-22T15:18:41.130,19,0,3,0,8
86607.176113,2026-07-22T15:18:41.133,19,0,3,0,8
86607.178154,2026-07-22T15:18:41.135,19,0,3,0,8
86607.180212,2026-07-22T15:18:41.137,19,0,3,0,8
86607.182324,2026-07-22T15:18:41.139,19,0,3,0,8
86607.184795,2026-07-22T15:18:41.141,19,0,3,0,8
86607.187316,2026-07-22T15:18:41.144,19,0,3,0,8
86607.189331,2026-07-22T15:18:41.146,19,0,3,0,8
86607.191455,2026-07-22T15:18:41.148,19,0,3,0,8
86607.193491,2026-07-22T15:18:41.150,19,0,3,0,8
86607.196052,2026-07-22T15:18:41.153,19,0,3,0,8
86607.198899,2026-07-22T15:18:41.155,19,0,3,0,8
86607.201448,2026-07-22T15:18:41.158,19,0,3,0,8
86607.203486,2026-07-22T15:18:41.160,19,0,3,0,8
86607.205514,2026-07-22T15:18:41.162,19,0,3,0,8
86607.207540,2026-07-22T15:18:41.164,19,0,3,0,8
86607.209757,2026-07-22T15:18:41.166,19,0,3,0,8
86607.212002,2026-07-22T15:18:41.168,19,0,3,0,8
86607.214673,2026-07-22T15:18:41.171,19,0,3,0,8
86607.216853,2026-07-22T15:18:41.173,19,0,3,0,8
86607.218873,2026-07-22T15:18:41.175,19,0,3,0,8
86607.220910,2026-07-22T15:18:41.177,19,0,3,0,8
86607.222951,2026-07-22T15:18:41.179,19,0,3,0,8
86607.225136,2026-07-22T15:18:41.182,19,0,3,0,8
86607.227653,2026-07-22T15:18:41.184,19,0,3,0,8
86607.230170,2026-07-22T15:18:41.187,19,0,3,0,8
86607.232206,2026-07-22T15:18:41.189,19,0,3,0,8
86607.234238,2026-07-22T15:18:41.191,19,0,3,0,8
86607.236251,2026-07-22T15:18:41.193,19,0,3,0,8
86607.238284,2026-07-22T15:18:41.195,19,0,3,0,8
86607.240323,2026-07-22T15:18:41.197,19,0,3,0,8
86607.242836,2026-07-22T15:18:41.199,19,0,3,0,8
86607.245348,2026-07-22T15:18:41.202,19,0,3,0,8
86607.247368,2026-07-22T15:18:41.204,19,0,3,0,8
86607.249931,2026-07-22T15:18:41.206,19,0,3,0,8
86607.252089,2026-07-22T15:18:41.209,19,0,3,0,8
86607.254184,2026-07-22T15:18:41.211,19,0,3,0,8
86607.256408,2026-07-22T15:18:41.213,19,0,3,0,8
86607.258924,2026-07-22T15:18:41.215,19,0,3,0,8
86607.260962,2026-07-22T15:18:41.217,19,0,3,0,8
86607.263233,2026-07-22T15:18:41.220,19,0,3,0,8
86607.265748,2026-07-22T15:18:41.222,19,0,3,0,8
86607.267781,2026-07-22T15:18:41.224,19,0,3,0,8
86607.269817,2026-07-22T15:18:41.226,19,0,3,0,8
86607.271832,2026-07-22T15:18:41.228,60,0,3,0,8
86607.274047,2026-07-22T15:18:41.231,60,0,3,0,8
86607.276083,2026-07-22T15:18:41.233,60,0,3,0,8
86607.278125,2026-07-22T15:18:41.235,60,0,3,0,8
86607.280144,2026-07-22T15:18:41.237,60,0,3,0,8
86607.282214,2026-07-22T15:18:41.239,60,0,3,0,8
86607.284257,2026-07-22T15:18:41.241,60,0,3,0,8
86607.286300,2026-07-22T15:18:41.243,60,0,3,0,8
86607.288822,2026-07-22T15:18:41.245,60,0,3,0,8
86607.291435,2026-07-22T15:18:41.248,60,0,3,0,8
86607.293856,2026-07-22T15:18:41.250,60,0,3,0,8
86607.296517,2026-07-22T15:18:41.253,60,0,3,0,8
86607.299033,2026-07-22T15:18:41.255,60,0,3,0,8
86607.301560,2026-07-22T15:18:41.258,60,0,3,0,8
86607.304069,2026-07-22T15:18:41.261,60,0,3,0,8
86607.306709,2026-07-22T15:18:41.263,60,0,3,0,8
86607.309202,2026-07-22T15:18:41.266,60,0,3,0,8
86607.311266,2026-07-22T15:18:41.268,60,0,3,0,8
86607.314151,2026-07-22T15:18:41.269,60,0,3,0,8
86607.317539,2026-07-22T15:18:41.274,60,0,3,0,8
86607.319924,2026-07-22T15:18:41.276,60,0,3,0,8
86607.322059,2026-07-22T15:18:41.279,60,0,3,0,8
86607.324089,2026-07-22T15:18:41.281,60,0,3,0,8
86607.326586,2026-07-22T15:18:41.283,60,0,3,0,8
86607.328612,2026-07-22T15:18:41.285,60,0,3,0,8
86607.331118,2026-07-22T15:18:41.288,60,0,3,0,8
86607.333131,2026-07-22T15:18:41.290,60,0,3,0,8
86607.335141,2026-07-22T15:18:41.292,60,0,3,0,8
86607.337996,2026-07-22T15:18:41.294,60,0,3,0,8
86607.340672,2026-07-22T15:18:41.297,60,0,3,0,8
86607.343185,2026-07-22T15:18:41.300,60,0,3,0,8
86607.345217,2026-07-22T15:18:41.302,60,0,3,0,8
86607.347258,2026-07-22T15:18:41.304,60,0,3,0,8
86607.349317,2026-07-22T15:18:41.306,60,0,3,0,8
86607.351349,2026-07-22T15:18:41.308,60,0,3,0,8
86607.353450,2026-07-22T15:18:41.310,60,0,3,0,8
86607.355967,2026-07-22T15:18:41.312,60,0,3,0,8
86607.358215,2026-07-22T15:18:41.315,60,0,3,0,8
86607.360258,2026-07-22T15:18:41.317,60,0,3,0,8
86607.362307,2026-07-22T15:18:41.319,60,0,3,0,8
86607.364420,2026-07-22T15:18:41.321,60,0,3,0,8
86607.366848,2026-07-22T15:18:41.323,60,0,3,0,8
86607.369448,2026-07-22T15:18:41.326,60,0,3,0,8
86607.371942,2026-07-22T15:18:41.328,60,0,3,0,8
86607.373957,2026-07-22T15:18:41.330,60,0,3,0,8
86607.376021,2026-07-22T15:18:41.332,60,0,3,0,8
86607.378502,2026-07-22T15:18:41.335,60,0,3,0,8
86607.380517,2026-07-22T15:18:41.337,60,0,3,0,8
86607.382617,2026-07-22T15:18:41.339,60,0,3,0,8
86607.384713,2026-07-22T15:18:41.341,60,0,3,0,8
86607.387230,2026-07-22T15:18:41.344,60,0,3,0,8
86607.389484,2026-07-22T15:18:41.346,60,0,3,0,8
86607.392003,2026-07-22T15:18:41.348,60,0,3,0,8
86607.394516,2026-07-22T15:18:41.351,60,0,3,0,8
86607.396540,2026-07-22T15:18:41.353,60,0,3,0,8
86607.398569,2026-07-22T15:18:41.355,60,0,3,0,8
86607.400649,2026-07-22T15:18:41.357,60,0,3,0,8
86607.402870,2026-07-22T15:18:41.359,60,0,3,0,8
86607.405516,2026-07-22T15:18:41.362,60,0,3,0,8
86607.407795,2026-07-22T15:18:41.364,60,0,3,0,8
86607.410312,2026-07-22T15:18:41.367,60,0,3,0,8
86607.412356,2026-07-22T15:18:41.369,60,0,3,0,8
86607.414560,2026-07-22T15:18:41.371,60,0,3,0,8
86607.416672,2026-07-22T15:18:41.373,60,0,3,0,8
86607.419182,2026-07-22T15:18:41.376,60,0,3,0,8
86607.421225,2026-07-22T15:18:41.378,60,0,3,0,8
86607.423245,2026-07-22T15:18:41.380,60,0,3,0,8
86607.425981,2026-07-22T15:18:41.382,60,0,3,0,8
86607.428368,2026-07-22T15:18:41.385,60,0,3,0,8
86607.430396,2026-07-22T15:18:41.387,60,0,3,0,8
86607.432475,2026-07-22T15:18:41.389,60,0,3,0,8
86607.434985,2026-07-22T15:18:41.391,60,0,3,0,8
86607.437354,2026-07-22T15:18:41.394,60,0,3,0,8
86607.439379,2026-07-22T15:18:41.396,60,0,3,0,8
86607.441884,2026-07-22T15:18:41.398,60,0,3,0,8
86607.443936,2026-07-22T15:18:41.400,60,0,3,0,8
86607.445951,2026-07-22T15:18:41.402,60,0,3,0,8
86607.447987,2026-07-22T15:18:41.404,60,0,3,0,8
86607.450034,2026-07-22T15:18:41.406,60,0,3,0,8
86607.452566,2026-07-22T15:18:41.409,60,0,3,0,8
86607.454596,2026-07-22T15:18:41.411,60,0,3,0,8
86607.456616,2026-07-22T15:18:41.413,60,0,3,0,8
86607.458662,2026-07-22T15:18:41.415,60,0,3,0,8
86607.460729,2026-07-22T15:18:41.417,60,0,3,0,8
86607.463250,2026-07-22T15:18:41.420,60,0,3,0,8
86607.465756,2026-07-22T15:18:41.422,60,0,3,0,8
86607.468115,2026-07-22T15:18:41.425,60,0,3,0,8
86607.470634,2026-07-22T15:18:41.427,60,0,3,0,8
86607.472673,2026-07-22T15:18:41.429,60,0,3,0,8
86607.474916,2026-07-22T15:18:41.431,60,0,3,0,8
86607.476939,2026-07-22T15:18:41.433,60,0,3,0,8
86607.479006,2026-07-22T15:18:41.435,60,0,3,0,8
86607.481053,2026-07-22T15:18:41.438,60,0,3,0,8
86607.483081,2026-07-22T15:18:41.440,60,0,3,0,8
86607.485133,2026-07-22T15:18:41.442,60,0,3,0,8
86607.487172,2026-07-22T15:18:41.444,60,0,3,0,8
86607.489206,2026-07-22T15:18:41.446,60,0,3,0,8
86607.491229,2026-07-22T15:18:41.448,60,0,3,0,8
86607.493804,2026-07-22T15:18:41.450,60,0,3,0,8
86607.496032,2026-07-22T15:18:41.453,60,0,3,0,8
86607.498072,2026-07-22T15:18:41.455,60,0,3,0,8
86607.500124,2026-07-22T15:18:41.457,60,0,3,0,8
86607.502163,2026-07-22T15:18:41.459,60,0,3,0,8
86607.504185,2026-07-22T15:18:41.461,60,0,3,0,8
86607.506716,2026-07-22T15:18:41.463,60,0,3,0,8
86607.509261,2026-07-22T15:18:41.466,60,0,3,0,8
86607.511390,2026-07-22T15:18:41.468,60,0,3,0,8
86607.513699,2026-07-22T15:18:41.470,60,0,3,0,8
86607.516214,2026-07-22T15:18:41.473,60,0,3,0,8
86607.518318,2026-07-22T15:18:41.475,102,0,3,0,8
86607.520831,2026-07-22T15:18:41.477,102,0,3,0,8
86607.523346,2026-07-22T15:18:41.480,102,0,3,0,8
86607.525864,2026-07-22T15:18:41.482,102,0,3,0,8
86607.528387,2026-07-22T15:18:41.485,102,0,3,0,8
86607.530544,2026-07-22T15:18:41.487,102,0,3,0,8
86607.532817,2026-07-22T15:18:41.489,102,0,3,0,8
86607.534830,2026-07-22T15:18:41.491,102,0,3,0,8
86607.536866,2026-07-22T15:18:41.493,102,0,3,0,8
86607.538899,2026-07-22T15:18:41.495,102,0,3,0,8
86607.541311,2026-07-22T15:18:41.498,102,0,3,0,8
86607.543836,2026-07-22T15:18:41.500,102,0,3,0,8
86607.546354,2026-07-22T15:18:41.503,102,0,3,0,8
86607.548881,2026-07-22T15:18:41.505,102,0,3,0,8
86607.551537,2026-07-22T15:18:41.508,102,0,3,0,8
86607.554339,2026-07-22T15:18:41.511,102,0,3,0,8
86607.557045,2026-07-22T15:18:41.513,102,0,3,0,8
86607.559724,2026-07-22T15:18:41.516,102,0,3,0,8
86607.561753,2026-07-22T15:18:41.518,102,0,3,0,8
86607.563786,2026-07-22T15:18:41.520,102,0,3,0,8
86607.566308,2026-07-22T15:18:41.523,102,0,3,0,8
86607.568840,2026-07-22T15:18:41.525,102,0,3,0,8
86607.570988,2026-07-22T15:18:41.527,102,0,3,0,8
86607.573027,2026-07-22T15:18:41.529,102,0,3,0,8
86607.575562,2026-07-22T15:18:41.532,102,0,3,0,8
86607.578082,2026-07-22T15:18:41.535,102,0,3,0,8
86607.580119,2026-07-22T15:18:41.537,102,0,3,0,8
86607.582139,2026-07-22T15:18:41.539,102,0,3,0,8
86607.584197,2026-07-22T15:18:41.541,102,0,3,0,8
86607.586765,2026-07-22T15:18:41.543,102,0,3,0,8
86607.588946,2026-07-22T15:18:41.545,102,0,3,0,8
86607.590962,2026-07-22T15:18:41.547,102,0,3,0,8
86607.592990,2026-07-22T15:18:41.549,102,0,3,0,8
86607.595620,2026-07-22T15:18:41.552,102,0,3,0,8
86607.598141,2026-07-22T15:18:41.555,102,0,3,0,8
86607.600698,2026-07-22T15:18:41.557,102,0,3,0,8
86607.603716,2026-07-22T15:18:41.560,102,0,3,0,8
86607.606324,2026-07-22T15:18:41.563,102,0,3,0,8
86607.609042,2026-07-22T15:18:41.565,102,0,3,0,8
86607.611553,2026-07-22T15:18:41.568,102,0,3,0,8
86607.614127,2026-07-22T15:18:41.571,102,0,3,0,8
86607.616380,2026-07-22T15:18:41.573,102,0,3,0,8
86607.618420,2026-07-22T15:18:41.575,102,0,3,0,8
86607.620947,2026-07-22T15:18:41.577,102,0,3,0,8
86607.623718,2026-07-22T15:18:41.580,102,0,3,0,8
86607.626347,2026-07-22T15:18:41.583,102,0,3,0,8
86607.628388,2026-07-22T15:18:41.585,102,0,3,0,8
86607.630420,2026-07-22T15:18:41.587,102,0,3,0,8
86607.632451,2026-07-22T15:18:41.589,102,0,3,0,8
86607.635021,2026-07-22T15:18:41.591,102,0,3,0,8
86607.637359,2026-07-22T15:18:41.594,102,0,3,0,8
86607.639374,2026-07-22T15:18:41.596,102,0,3,0,8
86607.641424,2026-07-22T15:18:41.598,102,0,3,0,8
86607.643955,2026-07-22T15:18:41.600,102,0,3,0,8
86607.646490,2026-07-22T15:18:41.603,102,0,3,0,8
86607.648848,2026-07-22T15:18:41.605,102,0,3,0,8
86607.651371,2026-07-22T15:18:41.608,102,0,3,0,8
86607.653565,2026-07-22T15:18:41.610,102,0,3,0,8
86607.656084,2026-07-22T15:18:41.613,102,0,3,0,8
86607.658600,2026-07-22T15:18:41.615,102,0,3,0,8
86607.661119,2026-07-22T15:18:41.618,102,0,3,0,8
86607.663618,2026-07-22T15:18:41.620,102,0,3,0,8
86607.666442,2026-07-22T15:18:41.623,102,0,3,0,8
86607.668864,2026-07-22T15:18:41.625,102,0,3,0,8
86607.671201,2026-07-22T15:18:41.628,102,0,3,0,8
86607.673504,2026-07-22T15:18:41.630,102,0,3,0,8
86607.675537,2026-07-22T15:18:41.632,102,0,3,0,8
86607.677553,2026-07-22T15:18:41.634,102,0,3,0,8
86607.679601,2026-07-22T15:18:41.636,102,0,3,0,8
86607.681668,2026-07-22T15:18:41.638,102,0,3,0,8
86607.683755,2026-07-22T15:18:41.640,102,0,3,0,8
86607.686264,2026-07-22T15:18:41.643,102,0,3,0,8
86607.688682,2026-07-22T15:18:41.645,102,0,3,0,8
86607.690778,2026-07-22T15:18:41.647,102,0,3,0,8
86607.692808,2026-07-22T15:18:41.649,102,0,3,0,8
86607.695064,2026-07-22T15:18:41.652,102,0,3,0,8
86607.697283,2026-07-22T15:18:41.654,102,0,3,0,8
86607.699654,2026-07-22T15:18:41.656,102,0,3,0,8
86607.701721,2026-07-22T15:18:41.658,102,0,3,0,8
86607.703735,2026-07-22T15:18:41.660,102,0,3,0,8
86607.705775,2026-07-22T15:18:41.662,102,0,3,0,8
86607.707821,2026-07-22T15:18:41.664,102,0,3,0,8
86607.709853,2026-07-22T15:18:41.666,102,0,3,0,8
86607.711868,2026-07-22T15:18:41.668,102,0,3,0,8
86607.714042,2026-07-22T15:18:41.671,102,0,3,0,8
86607.716553,2026-07-22T15:18:41.673,102,0,3,0,8
86607.719071,2026-07-22T15:18:41.676,102,0,3,0,8
86607.721593,2026-07-22T15:18:41.678,102,0,3,0,8
86607.724111,2026-07-22T15:18:41.681,102,0,3,0,8
86607.726617,2026-07-22T15:18:41.683,102,0,3,0,8
86607.729114,2026-07-22T15:18:41.686,102,0,3,0,8
86607.731185,2026-07-22T15:18:41.688,102,0,3,0,8
86607.733804,2026-07-22T15:18:41.690,102,0,3,0,8
86607.736309,2026-07-22T15:18:41.693,102,0,3,0,8
86607.738819,2026-07-22T15:18:41.695,102,0,3,0,8
86607.741320,2026-07-22T15:18:41.698,102,0,3,0,8
86607.743853,2026-07-22T15:18:41.700,102,0,3,0,8
86607.746333,2026-07-22T15:18:41.703,102,0,3,0,8
86607.748838,2026-07-22T15:18:41.705,102,0,3,0,8
86607.751344,2026-07-22T15:18:41.708,102,0,3,0,8
86607.753848,2026-07-22T15:18:41.710,102,0,3,0,8
86607.756354,2026-07-22T15:18:41.713,102,0,3,0,8
86607.759477,2026-07-22T15:18:41.716,102,0,3,0,8
86607.761529,2026-07-22T15:18:41.718,102,0,3,0,8
86607.765135,2026-07-22T15:18:41.722,144,0,3,0,8
86607.767229,2026-07-22T15:18:41.724,144,0,3,0,8
86607.769283,2026-07-22T15:18:41.726,144,0,3,0,8
86607.771867,2026-07-22T15:18:41.728,144,0,3,0,8
86607.773899,2026-07-22T15:18:41.730,144,0,3,0,8
86607.775966,2026-07-22T15:18:41.732,144,0,3,0,8
86607.778511,2026-07-22T15:18:41.735,144,0,3,0,8
86607.780527,2026-07-22T15:18:41.737,144,0,3,0,8
86607.783076,2026-07-22T15:18:41.740,144,0,3,0,8
86607.785125,2026-07-22T15:18:41.742,144,0,3,0,8
86607.787153,2026-07-22T15:18:41.744,144,0,3,0,8
86607.789234,2026-07-22T15:18:41.746,144,0,3,0,8
86607.791294,2026-07-22T15:18:41.748,144,0,3,0,8
86607.793804,2026-07-22T15:18:41.750,144,0,3,0,8
86607.796314,2026-07-22T15:18:41.753,144,0,3,0,8
86607.798840,2026-07-22T15:18:41.755,144,0,3,0,8
86607.801338,2026-07-22T15:18:41.758,144,0,3,0,8
86607.803851,2026-07-22T15:18:41.760,144,0,3,0,8
86607.806478,2026-07-22T15:18:41.763,144,0,3,0,8
86607.808903,2026-07-22T15:18:41.765,144,0,3,0,8
86607.811051,2026-07-22T15:18:41.768,144,0,3,0,8
86607.813156,2026-07-22T15:18:41.770,144,0,3,0,8
86607.815172,2026-07-22T15:18:41.771,144,0,3,0,8
86607.817741,2026-07-22T15:18:41.774,144,0,3,0,8
86607.820269,2026-07-22T15:18:41.777,144,0,3,0,8
86607.822757,2026-07-22T15:18:41.779,144,0,3,0,8
86607.825014,2026-07-22T15:18:41.781,144,0,3,0,8
86607.827624,2026-07-22T15:18:41.784,144,0,3,0,8
86607.830163,2026-07-22T15:18:41.787,144,0,3,0,8
86607.832189,2026-07-22T15:18:41.789,144,0,3,0,8
86607.834218,2026-07-22T15:18:41.791,144,0,3,0,8
86607.836311,2026-07-22T15:18:41.793,144,0,3,0,8
86607.838752,2026-07-22T15:18:41.795,144,0,3,0,8
86607.840791,2026-07-22T15:18:41.797,144,0,3,0,8
86607.842815,2026-07-22T15:18:41.799,144,0,3,0,8
86607.844993,2026-07-22T15:18:41.801,144,0,3,0,8
86607.847675,2026-07-22T15:18:41.804,144,0,3,0,8
86607.850392,2026-07-22T15:18:41.807,144,0,3,0,8
86607.853008,2026-07-22T15:18:41.809,144,0,3,0,8
86607.855045,2026-07-22T15:18:41.812,144,0,3,0,8
86607.857572,2026-07-22T15:18:41.814,144,0,3,0,8
86607.860083,2026-07-22T15:18:41.817,144,0,3,0,8
86607.862129,2026-07-22T15:18:41.819,144,0,3,0,8
86607.864648,2026-07-22T15:18:41.821,144,0,3,0,8
86607.867038,2026-07-22T15:18:41.823,144,0,3,0,8
86607.869074,2026-07-22T15:18:41.826,144,0,3,0,8
86607.871109,2026-07-22T15:18:41.828,144,0,3,0,8
86607.873647,2026-07-22T15:18:41.830,144,0,3,0,8
86607.875859,2026-07-22T15:18:41.832,144,0,3,0,8
86607.877943,2026-07-22T15:18:41.834,144,0,3,0,8
86607.879960,2026-07-22T15:18:41.836,144,0,3,0,8
86607.882013,2026-07-22T15:18:41.838,144,0,3,0,8
86607.884877,2026-07-22T15:18:41.841,144,0,3,0,8
86607.886944,2026-07-22T15:18:41.843,144,0,3,0,8
86607.888967,2026-07-22T15:18:41.845,144,0,3,0,8
86607.891287,2026-07-22T15:18:41.848,144,0,3,0,8
86607.893582,2026-07-22T15:18:41.850,144,0,3,0,8
86607.895632,2026-07-22T15:18:41.852,144,0,3,0,8
86607.898141,2026-07-22T15:18:41.855,144,0,3,0,8
86607.900661,2026-07-22T15:18:41.857,144,0,3,0,8
86607.903195,2026-07-22T15:18:41.860,144,0,3,0,8
86607.905728,2026-07-22T15:18:41.862,144,0,3,0,8
86607.908306,2026-07-22T15:18:41.865,144,0,3,0,8
86607.910343,2026-07-22T15:18:41.867,144,0,3,0,8
86607.912914,2026-07-22T15:18:41.869,144,0,3,0,8
86607.915480,2026-07-22T15:18:41.872,144,0,3,0,8
86607.917951,2026-07-22T15:18:41.874,144,0,3,0,8
86607.920483,2026-07-22T15:18:41.877,144,0,3,0,8
86607.922995,2026-07-22T15:18:41.879,144,0,3,0,8
86607.925630,2026-07-22T15:18:41.882,144,0,3,0,8
86607.928427,2026-07-22T15:18:41.885,144,0,3,0,8
86607.931393,2026-07-22T15:18:41.887,144,0,3,0,8
86607.933824,2026-07-22T15:18:41.890,144,0,3,0,8
86607.936398,2026-07-22T15:18:41.893,144,0,3,0,8
86607.938446,2026-07-22T15:18:41.895,144,0,3,0,8
86607.941081,2026-07-22T15:18:41.898,144,0,3,0,8
86607.943123,2026-07-22T15:18:41.900,144,0,3,0,8
86607.945157,2026-07-22T15:18:41.902,144,0,3,0,8
86607.948079,2026-07-22T15:18:41.904,144,0,3,0,8
86607.950369,2026-07-22T15:18:41.907,144,0,3,0,8
86607.952408,2026-07-22T15:18:41.909,144,0,3,0,8
86607.954451,2026-07-22T15:18:41.911,144,0,3,0,8
86607.956968,2026-07-22T15:18:41.913,144,0,3,0,8
86607.959444,2026-07-22T15:18:41.916,144,0,3,0,8
86607.961484,2026-07-22T15:18:41.918,144,0,3,0,8
86607.963702,2026-07-22T15:18:41.920,144,0,3,0,8
86607.966205,2026-07-22T15:18:41.923,144,0,3,0,8
86607.968239,2026-07-22T15:18:41.925,144,0,3,0,8
86607.970776,2026-07-22T15:18:41.927,144,0,3,0,8
86607.972913,2026-07-22T15:18:41.929,144,0,3,0,8
86607.975299,2026-07-22T15:18:41.932,144,0,3,0,8
86607.977318,2026-07-22T15:18:41.934,144,0,3,0,8
86607.980034,2026-07-22T15:18:41.936,144,0,3,0,8
86607.982620,2026-07-22T15:18:41.939,144,0,3,0,8
86607.985135,2026-07-22T15:18:41.942,144,0,3,0,8
86607.987150,2026-07-22T15:18:41.944,144,0,3,0,8
86607.989190,2026-07-22T15:18:41.946,144,0,3,0,8
86607.991708,2026-07-22T15:18:41.948,144,0,3,0,8
86607.993718,2026-07-22T15:18:41.950,144,0,3,0,8
86607.996169,2026-07-22T15:18:41.953,144,0,3,0,8
86607.998203,2026-07-22T15:18:41.955,144,0,3,0,8
86608.000235,2026-07-22T15:18:41.957,144,0,3,0,8
86608.002782,2026-07-22T15:18:41.959,144,0,3,0,8
86608.005416,2026-07-22T15:18:41.962,144,0,3,0,8
86608.007448,2026-07-22T15:18:41.964,183,0,3,0,18
86608.009477,2026-07-22T15:18:41.966,183,0,3,0,18
86608.011495,2026-07-22T15:18:41.968,183,0,3,0,18
86608.013777,2026-07-22T15:18:41.970,183,0,3,0,18
86608.016030,2026-07-22T15:18:41.972,183,0,3,0,18
86608.018547,2026-07-22T15:18:41.975,183,0,3,0,18
86608.020568,2026-07-22T15:18:41.977,183,0,3,0,18
86608.022716,2026-07-22T15:18:41.979,183,0,3,0,18
86608.024807,2026-07-22T15:18:41.981,183,0,3,0,18
86608.026909,2026-07-22T15:18:41.983,183,0,3,0,18
86608.028939,2026-07-22T15:18:41.985,183,0,3,0,18
86608.031010,2026-07-22T15:18:41.987,183,0,3,0,18
86608.033044,2026-07-22T15:18:41.990,183,0,3,0,18
86608.035077,2026-07-22T15:18:41.992,183,0,3,0,18
86608.037496,2026-07-22T15:18:41.994,183,0,3,0,18
86608.039534,2026-07-22T15:18:41.996,183,0,3,0,18
86608.041836,2026-07-22T15:18:41.998,183,0,3,0,18
86608.044355,2026-07-22T15:18:42.001,183,0,3,0,18
86608.046401,2026-07-22T15:18:42.003,183,0,3,0,18
86608.048928,2026-07-22T15:18:42.005,183,0,3,0,18
86608.051725,2026-07-22T15:18:42.008,183,0,3,0,18
86608.053983,2026-07-22T15:18:42.010,183,0,3,0,18
86608.056580,2026-07-22T15:18:42.013,183,0,3,0,18
86608.058982,2026-07-22T15:18:42.015,183,0,3,0,18
86608.061510,2026-07-22T15:18:42.018,183,0,3,0,18
86608.064042,2026-07-22T15:18:42.021,183,0,3,0,18
86608.066950,2026-07-22T15:18:42.023,183,0,3,0,18
86608.069085,2026-07-22T15:18:42.026,183,0,3,0,18
86608.071603,2026-07-22T15:18:42.028,183,0,3,0,18
86608.073927,2026-07-22T15:18:42.030,183,0,3,0,18
86608.076219,2026-07-22T15:18:42.033,183,0,3,0,18
86608.078278,2026-07-22T15:18:42.035,183,0,3,0,18
86608.080795,2026-07-22T15:18:42.037,183,0,3,0,18
86608.082816,2026-07-22T15:18:42.039,183,0,3,0,18
86608.084930,2026-07-22T15:18:42.041,183,0,3,0,18
86608.086967,2026-07-22T15:18:42.043,183,0,3,0,18
86608.089074,2026-07-22T15:18:42.046,183,0,3,0,18
86608.091589,2026-07-22T15:18:42.048,183,0,3,0,18
86608.094089,2026-07-22T15:18:42.051,183,0,3,0,18
86608.096605,2026-07-22T15:18:42.053,183,0,3,0,18
86608.099110,2026-07-22T15:18:42.056,183,0,3,0,18
86608.101615,2026-07-22T15:18:42.058,183,0,3,0,18
86608.104121,2026-07-22T15:18:42.061,183,0,3,0,18
86608.106632,2026-07-22T15:18:42.063,183,0,3,0,18
86608.109201,2026-07-22T15:18:42.066,183,0,3,0,18
86608.111363,2026-07-22T15:18:42.068,183,0,3,0,18
86608.113398,2026-07-22T15:18:42.070,183,0,3,0,18
86608.115418,2026-07-22T15:18:42.072,183,0,3,0,18
86608.117933,2026-07-22T15:18:42.074,183,0,3,0,18
86608.120461,2026-07-22T15:18:42.077,183,0,3,0,18
86608.122976,2026-07-22T15:18:42.079,183,0,3,0,18
86608.125006,2026-07-22T15:18:42.081,183,0,3,0,18
86608.127033,2026-07-22T15:18:42.084,183,0,3,0,18
86608.129539,2026-07-22T15:18:42.086,183,0,3,0,18
86608.131806,2026-07-22T15:18:42.088,183,0,3,0,18
86608.134211,2026-07-22T15:18:42.091,183,0,3,0,18
86608.136708,2026-07-22T15:18:42.093,183,0,3,0,18
86608.138740,2026-07-22T15:18:42.095,183,0,3,0,18
86608.140761,2026-07-22T15:18:42.097,183,0,3,0,18
86608.142782,2026-07-22T15:18:42.099,183,0,3,0,18
86608.144814,2026-07-22T15:18:42.101,183,0,3,0,18
86608.146847,2026-07-22T15:18:42.103,183,0,3,0,18
86608.148867,2026-07-22T15:18:42.105,183,0,3,0,18
86608.150986,2026-07-22T15:18:42.107,183,0,3,0,18
86608.153132,2026-07-22T15:18:42.110,183,0,3,0,18
86608.155637,2026-07-22T15:18:42.112,183,0,3,0,18
86608.158144,2026-07-22T15:18:42.115,183,0,3,0,18
86608.160652,2026-07-22T15:18:42.117,183,0,3,0,18
86608.163156,2026-07-22T15:18:42.120,183,0,3,0,18
86608.165689,2026-07-22T15:18:42.122,183,0,3,0,18
86608.167838,2026-07-22T15:18:42.124,183,0,3,0,18
86608.169860,2026-07-22T15:18:42.126,183,0,3,0,18
86608.171887,2026-07-22T15:18:42.128,183,0,3,0,18
86608.174213,2026-07-22T15:18:42.131,183,0,3,0,18
86608.176233,2026-07-22T15:18:42.133,183,0,3,0,18
86608.178263,2026-07-22T15:18:42.135,183,0,3,0,18
86608.180778,2026-07-22T15:18:42.137,183,0,3,0,18
86608.182871,2026-07-22T15:18:42.139,183,0,3,0,18
86608.185367,2026-07-22T15:18:42.142,183,0,3,0,18
86608.187682,2026-07-22T15:18:42.144,183,0,3,0,18
86608.190192,2026-07-22T15:18:42.147,183,0,3,0,18
86608.192706,2026-07-22T15:18:42.149,183,0,3,0,18
86608.195213,2026-07-22T15:18:42.152,183,0,3,0,18
86608.197764,2026-07-22T15:18:42.154,183,0,3,0,18
86608.199895,2026-07-22T15:18:42.156,183,0,3,0,18
86608.201949,2026-07-22T15:18:42.158,183,0,3,0,18
86608.203993,2026-07-22T15:18:42.160,183,0,3,0,18
86608.206008,2026-07-22T15:18:42.162,183,0,3,0,18
86608.208262,2026-07-22T15:18:42.165,183,0,3,0,18
86608.210848,2026-07-22T15:18:42.167,183,0,3,0,18
86608.213540,2026-07-22T15:18:42.170,183,0,3,0,18
86608.216421,2026-07-22T15:18:42.172,183,0,3,0,18
86608.218567,2026-07-22T15:18:42.175,183,0,3,0,18
86608.220889,2026-07-22T15:18:42.177,183,0,3,0,18
86608.222933,2026-07-22T15:18:42.179,183,0,3,0,18
86608.224971,2026-07-22T15:18:42.181,183,0,3,0,18
86608.227002,2026-07-22T15:18:42.183,183,0,3,0,18
86608.229215,2026-07-22T15:18:42.185,183,0,3,0,18
86608.231559,2026-07-22T15:18:42.188,183,0,3,0,18
86608.233594,2026-07-22T15:18:42.190,183,0,3,0,18
86608.235635,2026-07-22T15:18:42.192,183,0,3,0,18
86608.238155,2026-07-22T15:18:42.195,183,0,3,0,18
86608.240686,2026-07-22T15:18:42.197,183,0,3,0,18
86608.243241,2026-07-22T15:18:42.200,183,0,3,0,18
86608.245397,2026-07-22T15:18:42.202,183,0,3,0,18
86608.247924,2026-07-22T15:18:42.204,183,0,3,0,18
86608.249958,2026-07-22T15:18:42.206,183,0,3,0,18
86608.251974,2026-07-22T15:18:42.208,224,0,3,0,8
86608.254000,2026-07-22T15:18:42.210,224,0,3,0,8
86608.256035,2026-07-22T15:18:42.213,224,0,3,0,8
86608.258070,2026-07-22T15:18:42.215,224,0,3,0,8
86608.260111,2026-07-22T15:18:42.217,224,0,3,0,8
86608.262361,2026-07-22T15:18:42.219,224,0,3,0,8
86608.264380,2026-07-22T15:18:42.221,224,0,3,0,8
86608.266681,2026-07-22T15:18:42.223,224,0,3,0,8
86608.268910,2026-07-22T15:18:42.225,224,0,3,0,8
86608.270956,2026-07-22T15:18:42.227,224,0,3,0,8
86608.273008,2026-07-22T15:18:42.229,224,0,3,0,8
86608.275152,2026-07-22T15:18:42.232,224,0,3,0,8
86608.277683,2026-07-22T15:18:42.234,224,0,3,0,8
86608.279728,2026-07-22T15:18:42.236,224,0,3,0,8
86608.281931,2026-07-22T15:18:42.238,224,0,3,0,8
86608.283953,2026-07-22T15:18:42.240,224,0,3,0,8
86608.285982,2026-07-22T15:18:42.242,224,0,3,0,8
86608.288239,2026-07-22T15:18:42.245,224,0,3,0,8
86608.290465,2026-07-22T15:18:42.247,224,0,3,0,8
86608.292983,2026-07-22T15:18:42.249,224,0,3,0,8
86608.295005,2026-07-22T15:18:42.251,224,0,3,0,8
86608.297573,2026-07-22T15:18:42.254,224,0,3,0,8
86608.300102,2026-07-22T15:18:42.257,224,0,3,0,8
86608.302603,2026-07-22T15:18:42.259,224,0,3,0,8
86608.304805,2026-07-22T15:18:42.261,224,0,3,0,8
86608.306838,2026-07-22T15:18:42.263,224,0,3,0,8
86608.309368,2026-07-22T15:18:42.266,224,0,3,0,8
86608.311627,2026-07-22T15:18:42.268,224,0,3,0,8
86608.314139,2026-07-22T15:18:42.271,224,0,3,0,8
86608.316669,2026-07-22T15:18:42.273,224,0,3,0,8
86608.319196,2026-07-22T15:18:42.276,224,0,3,0,8
86608.321739,2026-07-22T15:18:42.278,224,0,3,0,8
86608.324202,2026-07-22T15:18:42.281,224,0,3,0,8
86608.326222,2026-07-22T15:18:42.283,224,0,3,0,8
86608.328251,2026-07-22T15:18:42.285,224,0,3,0,8
86608.330767,2026-07-22T15:18:42.287,224,0,3,0,8
86608.333288,2026-07-22T15:18:42.289,224,0,3,0,8
86608.335810,2026-07-22T15:18:42.292,224,0,3,0,8
86608.338331,2026-07-22T15:18:42.295,224,0,3,0,8
86608.340837,2026-07-22T15:18:42.297,224,0,3,0,8
86608.343344,2026-07-22T15:18:42.300,224,0,3,0,8
86608.345849,2026-07-22T15:18:42.302,224,0,3,0,8
86608.348356,2026-07-22T15:18:42.305,224,0,3,0,8
86608.350863,2026-07-22T15:18:42.307,224,0,3,0,8
86608.353411,2026-07-22T15:18:42.310,224,0,3,0,8
86608.355801,2026-07-22T15:18:42.312,224,0,3,0,8
86608.358309,2026-07-22T15:18:42.315,224,0,3,0,8
86608.360831,2026-07-22T15:18:42.317,224,0,3,0,8
86608.363336,2026-07-22T15:18:42.320,224,0,3,0,8
86608.365838,2026-07-22T15:18:42.322,224,0,3,0,8
86608.368360,2026-07-22T15:18:42.325,224,0,3,0,8
86608.370791,2026-07-22T15:18:42.327,224,0,3,0,8
86608.373279,2026-07-22T15:18:42.330,224,0,3,0,8
86608.375587,2026-07-22T15:18:42.332,224,0,3,0,8
86608.377863,2026-07-22T15:18:42.334,224,0,3,0,8
86608.379929,2026-07-22T15:18:42.336,224,0,3,0,8
86608.382024,2026-07-22T15:18:42.338,224,0,3,0,8
86608.384074,2026-07-22T15:18:42.341,224,0,3,0,8
86608.386142,2026-07-22T15:18:42.343,224,0,3,0,8
86608.388852,2026-07-22T15:18:42.345,224,0,3,0,8
86608.391356,2026-07-22T15:18:42.348,224,0,3,0,8
86608.393402,2026-07-22T15:18:42.350,224,0,3,0,8
86608.395931,2026-07-22T15:18:42.352,224,0,3,0,8
86608.397960,2026-07-22T15:18:42.354,224,0,3,0,8
86608.399983,2026-07-22T15:18:42.356,224,0,3,0,8
86608.402506,2026-07-22T15:18:42.359,224,0,3,0,8
86608.404532,2026-07-22T15:18:42.361,224,0,3,0,8
86608.406566,2026-07-22T15:18:42.363,224,0,3,0,8
86608.408583,2026-07-22T15:18:42.365,224,0,3,0,8
86608.410651,2026-07-22T15:18:42.367,224,0,3,0,8
86608.412894,2026-07-22T15:18:42.369,224,0,3,0,8
86608.415172,2026-07-22T15:18:42.372,224,0,3,0,8
86608.417287,2026-07-22T15:18:42.374,224,0,3,0,8
86608.419323,2026-07-22T15:18:42.376,224,0,3,0,8
86608.421599,2026-07-22T15:18:42.377,224,0,3,0,8
86608.423854,2026-07-22T15:18:42.380,224,0,3,0,8
86608.425952,2026-07-22T15:18:42.382,224,0,3,0,8
86608.428051,2026-07-22T15:18:42.385,224,0,3,0,8
86608.430567,2026-07-22T15:18:42.387,224,0,3,0,8
86608.432639,2026-07-22T15:18:42.389,224,0,3,0,8
86608.435395,2026-07-22T15:18:42.392,224,0,3,0,8
86608.437915,2026-07-22T15:18:42.394,224,0,3,0,8
86608.439940,2026-07-22T15:18:42.396,224,0,3,0,8
86608.441969,2026-07-22T15:18:42.398,224,0,3,0,8
86608.443985,2026-07-22T15:18:42.400,224,0,3,0,8
86608.446186,2026-07-22T15:18:42.403,224,0,3,0,8
86608.448256,2026-07-22T15:18:42.405,224,0,3,0,8
86608.450780,2026-07-22T15:18:42.407,224,0,3,0,8
86608.452845,2026-07-22T15:18:42.409,224,0,3,0,8
86608.455363,2026-07-22T15:18:42.412,224,0,3,0,8
86608.457887,2026-07-22T15:18:42.414,224,0,3,0,8
86608.460398,2026-07-22T15:18:42.417,224,0,3,0,8
86608.462544,2026-07-22T15:18:42.419,224,0,3,0,8
86608.465236,2026-07-22T15:18:42.422,224,0,3,0,8
86608.467416,2026-07-22T15:18:42.424,224,0,3,0,8
86608.469704,2026-07-22T15:18:42.426,224,0,3,0,8
86608.472153,2026-07-22T15:18:42.429,224,0,3,0,8
86608.474662,2026-07-22T15:18:42.431,224,0,3,0,8
86608.476899,2026-07-22T15:18:42.433,224,0,3,0,8
86608.478995,2026-07-22T15:18:42.435,224,0,3,0,8
86608.481065,2026-07-22T15:18:42.438,224,0,3,0,8
86608.483376,2026-07-22T15:18:42.440,224,0,3,0,8
86608.485406,2026-07-22T15:18:42.442,224,0,3,0,8
86608.487938,2026-07-22T15:18:42.444,224,0,3,0,8
86608.490013,2026-07-22T15:18:42.446,224,0,3,0,8
86608.492537,2026-07-22T15:18:42.449,224,0,3,0,8
86608.495051,2026-07-22T15:18:42.452,224,0,3,0,0
86608.497589,2026-07-22T15:18:42.454,249,3,3,0,0
86608.499634,2026-07-22T15:18:42.456,249,3,3,0,0
86608.501703,2026-07-22T15:18:42.458,249,3,3,0,0
86608.503739,2026-07-22T15:18:42.460,249,3,3,0,0
86608.505778,2026-07-22T15:18:42.462,249,3,3,0,0
86608.508289,2026-07-22T15:18:42.465,249,3,3,0,0
86608.510820,2026-07-22T15:18:42.467,249,3,3,0,0
86608.512868,2026-07-22T15:18:42.469,249,3,3,0,0
86608.514935,2026-07-22T15:18:42.471,249,3,3,0,0
86608.517003,2026-07-22T15:18:42.473,249,3,3,0,0
86608.519077,2026-07-22T15:18:42.476,249,3,3,0,0
86608.521121,2026-07-22T15:18:42.478,249,3,3,0,0
86608.523167,2026-07-22T15:18:42.480,249,3,3,0,0
86608.525732,2026-07-22T15:18:42.482,249,3,3,0,0
86608.528738,2026-07-22T15:18:42.485,249,3,3,0,0
86608.531248,2026-07-22T15:18:42.488,249,3,3,0,0
86608.533307,2026-07-22T15:18:42.490,249,3,3,0,0
86608.535343,2026-07-22T15:18:42.492,249,3,3,0,0
86608.537852,2026-07-22T15:18:42.494,249,3,3,0,0
86608.539892,2026-07-22T15:18:42.496,249,3,3,0,0
86608.542388,2026-07-22T15:18:42.499,249,3,3,0,0
86608.544941,2026-07-22T15:18:42.501,249,3,3,0,0
86608.547508,2026-07-22T15:18:42.504,249,3,3,0,0
86608.549542,2026-07-22T15:18:42.506,249,3,3,0,0
86608.551554,2026-07-22T15:18:42.508,249,3,3,0,0
86608.553763,2026-07-22T15:18:42.510,249,3,3,0,0
86608.555961,2026-07-22T15:18:42.512,249,3,3,0,0
86608.558529,2026-07-22T15:18:42.515,249,3,3,0,0
86608.560556,2026-07-22T15:18:42.517,249,3,3,0,0
86608.562603,2026-07-22T15:18:42.519,249,3,3,0,0
86608.565120,2026-07-22T15:18:42.522,249,3,3,0,0
86608.567541,2026-07-22T15:18:42.524,249,3,3,0,0
86608.569701,2026-07-22T15:18:42.526,249,3,3,0,0
86608.572257,2026-07-22T15:18:42.529,249,3,3,0,0
86608.574913,2026-07-22T15:18:42.531,249,3,3,0,0
86608.577669,2026-07-22T15:18:42.534,249,3,3,0,0
86608.580385,2026-07-22T15:18:42.537,249,3,3,0,0
86608.583066,2026-07-22T15:18:42.540,249,3,3,0,0
86608.585275,2026-07-22T15:18:42.542,249,3,3,0,0
86608.587768,2026-07-22T15:18:42.544,249,3,3,0,0
86608.590290,2026-07-22T15:18:42.547,249,3,3,0,0
86608.592334,2026-07-22T15:18:42.549,249,3,3,0,0
86608.594855,2026-07-22T15:18:42.551,249,3,3,0,0
86608.597411,2026-07-22T15:18:42.554,249,3,3,0,0
86608.599920,2026-07-22T15:18:42.556,249,3,3,0,0
86608.602026,2026-07-22T15:18:42.558,249,3,3,0,0
86608.604502,2026-07-22T15:18:42.561,249,3,3,0,0
86608.606535,2026-07-22T15:18:42.563,249,3,3,0,0
86608.609116,2026-07-22T15:18:42.566,249,3,3,0,0
86608.611675,2026-07-22T15:18:42.568,249,3,3,0,0
86608.613988,2026-07-22T15:18:42.570,249,3,3,0,0
86608.616000,2026-07-22T15:18:42.572,249,3,3,0,0
86608.618049,2026-07-22T15:18:42.575,249,3,3,0,0
86608.620556,2026-07-22T15:18:42.577,249,3,3,0,0
86608.623065,2026-07-22T15:18:42.580,249,3,3,0,0
86608.625090,2026-07-22T15:18:42.582,249,3,3,0,0
86608.627599,2026-07-22T15:18:42.584,249,3,3,0,0
86608.629839,2026-07-22T15:18:42.586,249,3,3,0,0
86608.632285,2026-07-22T15:18:42.589,249,3,3,0,0
86608.634822,2026-07-22T15:18:42.591,249,3,3,0,0
86608.637290,2026-07-22T15:18:42.594,249,3,3,0,0
86608.639374,2026-07-22T15:18:42.596,249,3,3,0,0
86608.641514,2026-07-22T15:18:42.598,249,3,3,0,0
86608.643576,2026-07-22T15:18:42.600,249,3,3,0,0
86608.645658,2026-07-22T15:18:42.602,249,3,3,0,0
86608.647714,2026-07-22T15:18:42.604,249,3,3,0,0
86608.650224,2026-07-22T15:18:42.607,249,3,3,0,0
86608.652257,2026-07-22T15:18:42.609,249,3,3,0,0
86608.654779,2026-07-22T15:18:42.611,249,3,3,0,0
86608.656810,2026-07-22T15:18:42.613,249,3,3,0,0
86608.659136,2026-07-22T15:18:42.616,249,3,3,0,0
86608.661663,2026-07-22T15:18:42.618,249,3,3,0,0
86608.664087,2026-07-22T15:18:42.621,249,3,3,0,0
86608.666718,2026-07-22T15:18:42.623,249,3,3,0,0
86608.669798,2026-07-22T15:18:42.626,249,3,3,0,0
86608.672267,2026-07-22T15:18:42.629,249,3,3,0,0
86608.674773,2026-07-22T15:18:42.631,249,3,3,0,0
86608.677236,2026-07-22T15:18:42.634,249,3,3,0,0
86608.679744,2026-07-22T15:18:42.636,249,3,3,0,0
86608.682238,2026-07-22T15:18:42.639,249,3,3,0,0
86608.684749,2026-07-22T15:18:42.641,249,3,3,0,0
86608.687317,2026-07-22T15:18:42.644,249,3,3,0,0
86608.689920,2026-07-22T15:18:42.646,249,3,3,0,0
86608.692453,2026-07-22T15:18:42.649,249,3,3,0,0
86608.694969,2026-07-22T15:18:42.651,249,3,3,0,0
86608.697550,2026-07-22T15:18:42.654,249,3,3,0,0
86608.700147,2026-07-22T15:18:42.657,249,3,3,0,0
86608.702684,2026-07-22T15:18:42.659,249,3,3,0,0
86608.705403,2026-07-22T15:18:42.662,249,3,3,0,0
86608.707998,2026-07-22T15:18:42.664,249,3,3,0,0
86608.710032,2026-07-22T15:18:42.666,249,3,3,0,0
86608.712579,2026-07-22T15:18:42.669,249,3,3,0,0
86608.715112,2026-07-22T15:18:42.672,249,3,3,0,0
86608.717629,2026-07-22T15:18:42.674,249,3,3,0,0
86608.720170,2026-07-22T15:18:42.677,249,3,3,0,0
86608.722511,2026-07-22T15:18:42.679,249,3,3,0,0
86608.725314,2026-07-22T15:18:42.682,249,3,3,0,0
86608.727773,2026-07-22T15:18:42.684,249,3,3,0,0
86608.730514,2026-07-22T15:18:42.687,249,3,3,0,0
86608.733031,2026-07-22T15:18:42.689,249,3,3,0,0
86608.735515,2026-07-22T15:18:42.692,249,3,3,0,0
86608.738310,2026-07-22T15:18:42.695,249,3,3,0,0
86608.740320,2026-07-22T15:18:42.697,249,3,3,0,0
86608.742602,2026-07-22T15:18:42.699,249,3,3,0,0
86608.745144,2026-07-22T15:18:42.701,249,3,3,0,0
86608.747531,2026-07-22T15:18:42.704,249,3,3,0,0
86608.750112,2026-07-22T15:18:42.707,249,3,3,0,0
86608.752659,2026-07-22T15:18:42.709,249,3,3,0,0
86608.754672,2026-07-22T15:18:42.711,249,3,3,0,0
86608.757162,2026-07-22T15:18:42.714,249,3,3,0,0
86608.759213,2026-07-22T15:18:42.716,249,3,3,0,0
86608.761745,2026-07-22T15:18:42.718,249,3,3,0,0
86608.764255,2026-07-22T15:18:42.721,249,3,3,0,0
86608.766738,2026-07-22T15:18:42.723,249,3,3,0,0
86608.769028,2026-07-22T15:18:42.725,249,3,3,0,0
86608.771052,2026-07-22T15:18:42.728,249,3,3,0,0
86608.773583,2026-07-22T15:18:42.730,249,3,3,0,0
86608.776095,2026-07-22T15:18:42.733,249,3,3,0,0
86608.778113,2026-07-22T15:18:42.735,249,3,3,0,0
86608.780165,2026-07-22T15:18:42.737,249,3,3,0,0
86608.782214,2026-07-22T15:18:42.739,249,3,3,0,0
86608.784252,2026-07-22T15:18:42.741,249,3,3,0,0
86608.786808,2026-07-22T15:18:42.743,249,3,3,0,0
86608.789465,2026-07-22T15:18:42.746,249,3,3,0,0
86608.791943,2026-07-22T15:18:42.748,249,3,3,0,0
86608.794455,2026-07-22T15:18:42.751,249,3,3,0,0
86608.796481,2026-07-22T15:18:42.753,249,3,3,0,0
86608.798513,2026-07-22T15:18:42.755,249,3,3,0,0
86608.801021,2026-07-22T15:18:42.757,249,3,3,0,0
86608.803040,2026-07-22T15:18:42.760,249,3,3,0,0
86608.805064,2026-07-22T15:18:42.762,249,3,3,0,0
86608.807504,2026-07-22T15:18:42.764,249,3,3,0,0
86608.809537,2026-07-22T15:18:42.766,249,3,3,0,0
86608.812046,2026-07-22T15:18:42.769,249,3,3,0,0
86608.814575,2026-07-22T15:18:42.771,249,3,3,0,0
86608.817200,2026-07-22T15:18:42.774,249,3,3,0,0
86608.819535,2026-07-22T15:18:42.776,249,3,3,0,0
86608.822348,2026-07-22T15:18:42.779,249,3,3,0,0
86608.824759,2026-07-22T15:18:42.781,249,3,3,0,0
86608.826780,2026-07-22T15:18:42.783,249,3,3,0,0
86608.829248,2026-07-22T15:18:42.786,249,3,3,0,0
86608.831268,2026-07-22T15:18:42.788,249,3,3,0,0
86608.833297,2026-07-22T15:18:42.790,249,3,3,0,0
86608.835538,2026-07-22T15:18:42.792,249,3,3,0,0
86608.837803,2026-07-22T15:18:42.794,249,3,3,0,0
86608.840570,2026-07-22T15:18:42.797,249,3,3,0,0
86608.843082,2026-07-22T15:18:42.800,213,0,3,0,8
86608.845098,2026-07-22T15:18:42.802,213,0,3,0,8
86608.847126,2026-07-22T15:18:42.804,213,0,3,0,8
86608.849138,2026-07-22T15:18:42.806,213,0,3,0,8
86608.851615,2026-07-22T15:18:42.808,213,0,3,0,8
86608.854133,2026-07-22T15:18:42.811,213,0,3,0,8
86608.856585,2026-07-22T15:18:42.813,213,0,3,0,8
86608.859059,2026-07-22T15:18:42.816,213,0,3,0,8
86608.861075,2026-07-22T15:18:42.818,213,0,3,0,8
86608.863100,2026-07-22T15:18:42.820,213,0,3,0,8
86608.865330,2026-07-22T15:18:42.822,213,0,3,0,8
86608.867462,2026-07-22T15:18:42.824,213,0,3,0,8
86608.869747,2026-07-22T15:18:42.826,213,0,3,0,8
86608.871841,2026-07-22T15:18:42.828,213,0,3,0,8
86608.874341,2026-07-22T15:18:42.831,213,0,3,0,8
86608.876909,2026-07-22T15:18:42.833,213,0,3,0,8
86608.879381,2026-07-22T15:18:42.836,213,0,3,0,8
86608.882038,2026-07-22T15:18:42.839,213,0,3,0,8
86608.884052,2026-07-22T15:18:42.841,213,0,3,0,8
86608.886095,2026-07-22T15:18:42.843,213,0,3,0,8
86608.888120,2026-07-22T15:18:42.845,213,0,3,0,8
86608.890921,2026-07-22T15:18:42.847,213,0,3,0,8
86608.893360,2026-07-22T15:18:42.850,213,0,3,0,8
86608.895994,2026-07-22T15:18:42.852,213,0,3,0,8
86608.898507,2026-07-22T15:18:42.855,213,0,3,0,8
86608.901054,2026-07-22T15:18:42.857,213,0,3,0,8
86608.903480,2026-07-22T15:18:42.860,213,0,3,0,8
86608.905990,2026-07-22T15:18:42.862,213,0,3,0,8
86608.908735,2026-07-22T15:18:42.865,213,0,3,0,8
86608.911478,2026-07-22T15:18:42.868,213,0,3,0,8
86608.913865,2026-07-22T15:18:42.870,213,0,3,0,8
86608.916542,2026-07-22T15:18:42.873,213,0,3,0,8
86608.918998,2026-07-22T15:18:42.875,213,0,3,0,8
86608.921718,2026-07-22T15:18:42.878,213,0,3,0,8
86608.924392,2026-07-22T15:18:42.881,213,0,3,0,8
86608.926548,2026-07-22T15:18:42.883,213,0,3,0,8
86608.929023,2026-07-22T15:18:42.885,213,0,3,0,8
86608.931467,2026-07-22T15:18:42.888,213,0,3,0,8
86608.934118,2026-07-22T15:18:42.891,213,0,3,0,8
86608.936282,2026-07-22T15:18:42.893,213,0,3,0,8
86608.938610,2026-07-22T15:18:42.895,213,0,3,0,8
86608.941234,2026-07-22T15:18:42.898,213,0,3,0,8
86608.943972,2026-07-22T15:18:42.900,213,0,3,0,8
86608.946000,2026-07-22T15:18:42.902,213,0,3,0,8
86608.948457,2026-07-22T15:18:42.905,213,0,3,0,8
86608.951039,2026-07-22T15:18:42.908,213,0,3,0,8
86608.953683,2026-07-22T15:18:42.910,213,0,3,0,8
86608.955988,2026-07-22T15:18:42.912,213,0,3,0,8
86608.958673,2026-07-22T15:18:42.915,213,0,3,0,8
86608.961209,2026-07-22T15:18:42.918,213,0,3,0,8
86608.963882,2026-07-22T15:18:42.920,213,0,3,0,8
86608.966354,2026-07-22T15:18:42.923,213,0,3,0,8
86608.968427,2026-07-22T15:18:42.925,213,0,3,0,8
86608.970880,2026-07-22T15:18:42.927,213,0,3,0,8
86608.973494,2026-07-22T15:18:42.930,213,0,3,0,8
86608.975576,2026-07-22T15:18:42.932,213,0,3,0,8
86608.977965,2026-07-22T15:18:42.934,213,0,3,0,8
86608.980469,2026-07-22T15:18:42.937,213,0,3,0,8
86608.982946,2026-07-22T15:18:42.939,213,0,3,0,8
86608.984970,2026-07-22T15:18:42.941,213,0,3,0,8
86608.987504,2026-07-22T15:18:42.944,213,0,3,0,8
86608.990019,2026-07-22T15:18:42.946,213,0,3,0,8
86608.992056,2026-07-22T15:18:42.949,213,0,3,0,8
86608.994528,2026-07-22T15:18:42.951,213,0,3,0,8
86608.997110,2026-07-22T15:18:42.954,213,0,3,0,8
86608.999663,2026-07-22T15:18:42.956,213,0,3,0,8
86609.002175,2026-07-22T15:18:42.959,213,0,3,0,8
86609.004695,2026-07-22T15:18:42.961,213,0,3,0,8
86609.007202,2026-07-22T15:18:42.964,213,0,3,0,8
86609.009858,2026-07-22T15:18:42.966,213,0,3,0,8
86609.012430,2026-07-22T15:18:42.969,213,0,3,0,8
86609.014870,2026-07-22T15:18:42.971,213,0,3,0,8
86609.017333,2026-07-22T15:18:42.974,213,0,3,0,8
86609.019738,2026-07-22T15:18:42.976,213,0,3,0,8
86609.022285,2026-07-22T15:18:42.979,213,0,3,0,8
86609.024806,2026-07-22T15:18:42.981,213,0,3,0,8
86609.027346,2026-07-22T15:18:42.984,213,0,3,0,8
86609.029474,2026-07-22T15:18:42.986,213,0,3,0,8
86609.031484,2026-07-22T15:18:42.988,213,0,3,0,8
86609.033515,2026-07-22T15:18:42.990,213,0,3,0,8
86609.035824,2026-07-22T15:18:42.992,213,0,3,0,8
86609.038029,2026-07-22T15:18:42.995,213,0,3,0,8
86609.040069,2026-07-22T15:18:42.997,213,0,3,0,8
86609.042488,2026-07-22T15:18:42.999,213,0,3,0,8
86609.045027,2026-07-22T15:18:43.001,213,0,3,0,8
86609.047483,2026-07-22T15:18:43.004,213,0,3,0,8
86609.049693,2026-07-22T15:18:43.006,213,0,3,0,8
86609.052286,2026-07-22T15:18:43.009,213,0,3,0,8
86609.054698,2026-07-22T15:18:43.011,213,0,3,0,8
86609.057221,2026-07-22T15:18:43.014,213,0,3,0,8
86609.059803,2026-07-22T15:18:43.016,213,0,3,0,8
86609.061836,2026-07-22T15:18:43.018,213,0,3,0,8
86609.063848,2026-07-22T15:18:43.020,213,0,3,0,8
86609.066283,2026-07-22T15:18:43.023,213,0,3,0,8
86609.068799,2026-07-22T15:18:43.025,213,0,3,0,8
86609.071397,2026-07-22T15:18:43.028,213,0,3,0,8
86609.074022,2026-07-22T15:18:43.030,213,0,3,0,8
86609.076711,2026-07-22T15:18:43.033,213,0,3,0,8
86609.079504,2026-07-22T15:18:43.036,115,0,3,0,8
86609.082023,2026-07-22T15:18:43.038,115,0,3,0,8
86609.084491,2026-07-22T15:18:43.041,115,0,3,0,8
86609.086986,2026-07-22T15:18:43.043,115,0,3,0,8
86609.089518,2026-07-22T15:18:43.046,115,0,3,0,8
86609.092113,2026-07-22T15:18:43.049,115,0,3,0,8
86609.094599,2026-07-22T15:18:43.051,115,0,3,0,8
86609.097040,2026-07-22T15:18:43.053,115,0,3,0,8
86609.099494,2026-07-22T15:18:43.056,115,0,3,0,8
86609.102137,2026-07-22T15:18:43.059,115,0,3,0,8
86609.104796,2026-07-22T15:18:43.061,115,0,3,0,8
86609.107366,2026-07-22T15:18:43.064,115,0,3,0,8
86609.109891,2026-07-22T15:18:43.066,115,0,3,0,8
86609.112298,2026-07-22T15:18:43.069,115,0,3,0,8
86609.114905,2026-07-22T15:18:43.071,115,0,3,0,8
86609.118038,2026-07-22T15:18:43.074,115,0,3,0,8
86609.120714,2026-07-22T15:18:43.077,115,0,3,0,8
86609.123107,2026-07-22T15:18:43.080,115,0,3,0,8
86609.125790,2026-07-22T15:18:43.082,115,0,3,0,8
86609.128507,2026-07-22T15:18:43.085,115,0,3,0,8
86609.131015,2026-07-22T15:18:43.087,115,0,3,0,8
86609.133350,2026-07-22T15:18:43.090,115,0,3,0,8
86609.136094,2026-07-22T15:18:43.093,115,0,3,0,8
86609.138187,2026-07-22T15:18:43.095,115,0,3,0,8
86609.140670,2026-07-22T15:18:43.097,115,0,3,0,8
86609.142704,2026-07-22T15:18:43.099,115,0,3,0,8
86609.145196,2026-07-22T15:18:43.102,115,0,3,0,8
86609.147237,2026-07-22T15:18:43.104,115,0,3,0,8
86609.149763,2026-07-22T15:18:43.106,115,0,3,0,8
86609.152343,2026-07-22T15:18:43.109,115,0,3,0,8
86609.154393,2026-07-22T15:18:43.111,115,0,3,0,8
86609.156443,2026-07-22T15:18:43.113,115,0,3,0,8
86609.158516,2026-07-22T15:18:43.115,115,0,3,0,8
86609.160576,2026-07-22T15:18:43.117,115,0,3,0,8
86609.162600,2026-07-22T15:18:43.119,115,0,3,0,8
86609.164661,2026-07-22T15:18:43.121,115,0,3,0,8
86609.166744,2026-07-22T15:18:43.123,115,0,3,0,8
86609.169241,2026-07-22T15:18:43.126,115,0,3,0,8
86609.171278,2026-07-22T15:18:43.128,115,0,3,0,8
86609.173797,2026-07-22T15:18:43.130,115,0,3,0,8
86609.176296,2026-07-22T15:18:43.133,115,0,3,0,8
86609.178829,2026-07-22T15:18:43.135,115,0,3,0,8
86609.181535,2026-07-22T15:18:43.138,115,0,3,0,8
86609.183993,2026-07-22T15:18:43.140,115,0,3,0,8
86609.186489,2026-07-22T15:18:43.143,115,0,3,0,8
86609.188500,2026-07-22T15:18:43.145,115,0,3,0,8
86609.191006,2026-07-22T15:18:43.147,115,0,3,0,8
86609.193542,2026-07-22T15:18:43.150,115,0,3,0,8
86609.195593,2026-07-22T15:18:43.152,115,0,3,0,8
86609.197648,2026-07-22T15:18:43.154,115,0,3,0,8
86609.199957,2026-07-22T15:18:43.156,115,0,3,0,8
86609.202468,2026-07-22T15:18:43.159,115,0,3,0,8
86609.204633,2026-07-22T15:18:43.161,115,0,3,0,8
86609.206646,2026-07-22T15:18:43.163,115,0,3,0,8
86609.208862,2026-07-22T15:18:43.165,115,0,3,0,8
86609.211319,2026-07-22T15:18:43.168,115,0,3,0,8
86609.213388,2026-07-22T15:18:43.170,115,0,3,0,8
86609.216009,2026-07-22T15:18:43.172,115,0,3,0,8
86609.218122,2026-07-22T15:18:43.175,115,0,3,0,8
86609.220929,2026-07-22T15:18:43.177,115,0,3,0,8
86609.223561,2026-07-22T15:18:43.180,115,0,3,0,8
86609.225890,2026-07-22T15:18:43.182,115,0,3,0,8
86609.228592,2026-07-22T15:18:43.185,115,0,3,0,8
86609.231062,2026-07-22T15:18:43.187,115,0,3,0,8
86609.233499,2026-07-22T15:18:43.190,115,0,3,0,8
86609.236129,2026-07-22T15:18:43.193,115,0,3,0,8
86609.238647,2026-07-22T15:18:43.195,115,0,3,0,8
86609.241206,2026-07-22T15:18:43.198,115,0,3,0,8
86609.243728,2026-07-22T15:18:43.200,115,0,3,0,8
86609.246343,2026-07-22T15:18:43.203,115,0,3,0,8
86609.248865,2026-07-22T15:18:43.205,115,0,3,0,8
86609.251229,2026-07-22T15:18:43.208,115,0,3,0,8
86609.253735,2026-07-22T15:18:43.210,115,0,3,0,8
86609.256270,2026-07-22T15:18:43.213,115,0,3,0,8
86609.258710,2026-07-22T15:18:43.215,115,0,3,0,8
86609.261194,2026-07-22T15:18:43.218,115,0,3,0,8
86609.263698,2026-07-22T15:18:43.220,115,0,3,0,8
86609.265722,2026-07-22T15:18:43.222,115,0,3,0,8
86609.268239,2026-07-22T15:18:43.225,115,0,3,0,8
86609.270748,2026-07-22T15:18:43.227,115,0,3,0,8
86609.272940,2026-07-22T15:18:43.229,115,0,3,0,8
86609.275116,2026-07-22T15:18:43.232,115,0,3,0,8
86609.277503,2026-07-22T15:18:43.234,115,0,3,0,8
86609.280220,2026-07-22T15:18:43.237,115,0,3,0,8
86609.282973,2026-07-22T15:18:43.239,115,0,3,0,8
86609.285449,2026-07-22T15:18:43.242,115,0,3,0,8
86609.287845,2026-07-22T15:18:43.244,115,0,3,0,8
86609.289857,2026-07-22T15:18:43.246,115,0,3,0,8
86609.292358,2026-07-22T15:18:43.249,115,0,3,0,8
86609.294878,2026-07-22T15:18:43.251,115,0,3,0,8
86609.297330,2026-07-22T15:18:43.254,115,0,3,0,8
86609.299855,2026-07-22T15:18:43.256,115,0,3,0,8
86609.302272,2026-07-22T15:18:43.259,115,0,3,0,8
86609.304679,2026-07-22T15:18:43.261,115,0,3,0,8
86609.307173,2026-07-22T15:18:43.264,115,0,3,0,8
86609.309954,2026-07-22T15:18:43.266,115,0,3,0,8
86609.312638,2026-07-22T15:18:43.269,115,0,3,0,8
86609.314649,2026-07-22T15:18:43.271,115,0,3,0,8
86609.316680,2026-07-22T15:18:43.273,115,0,3,0,8
86609.318726,2026-07-22T15:18:43.275,115,0,3,0,8
86609.321237,2026-07-22T15:18:43.278,115,0,3,0,8
86609.323298,2026-07-22T15:18:43.280,115,0,3,0,8
86609.325544,2026-07-22T15:18:43.282,17,0,3,0,8
86609.328052,2026-07-22T15:18:43.285,17,0,3,0,8
86609.330062,2026-07-22T15:18:43.287,17,0,3,0,8
86609.332445,2026-07-22T15:18:43.289,17,0,3,0,8
86609.334672,2026-07-22T15:18:43.291,17,0,3,0,8
86609.337177,2026-07-22T15:18:43.294,17,0,3,0,8
86609.339974,2026-07-22T15:18:43.296,17,0,3,0,8
86609.342478,2026-07-22T15:18:43.299,17,0,3,0,8
86609.344950,2026-07-22T15:18:43.301,17,0,3,0,8
86609.347307,2026-07-22T15:18:43.304,17,0,3,0,8
86609.349807,2026-07-22T15:18:43.306,17,0,3,0,8
86609.352444,2026-07-22T15:18:43.309,17,0,3,0,8
86609.355008,2026-07-22T15:18:43.311,17,0,3,0,8
86609.357535,2026-07-22T15:18:43.314,17,0,3,0,8
86609.360173,2026-07-22T15:18:43.317,17,0,3,0,8
86609.362228,2026-07-22T15:18:43.319,17,0,3,0,8
86609.364689,2026-07-22T15:18:43.321,17,0,3,0,8
86609.367136,2026-07-22T15:18:43.324,17,0,3,0,8
86609.369149,2026-07-22T15:18:43.326,17,0,3,0,8
86609.371653,2026-07-22T15:18:43.328,17,0,3,0,8
86609.373780,2026-07-22T15:18:43.330,17,0,3,0,8
86609.376219,2026-07-22T15:18:43.333,17,0,3,0,8
86609.378752,2026-07-22T15:18:43.335,17,0,3,0,8
86609.381431,2026-07-22T15:18:43.338,17,0,3,0,8
86609.383496,2026-07-22T15:18:43.340,17,0,3,0,8
86609.385593,2026-07-22T15:18:43.342,17,0,3,0,8
86609.388100,2026-07-22T15:18:43.345,17,0,3,0,8
86609.390535,2026-07-22T15:18:43.347,17,0,3,0,8
86609.393058,2026-07-22T15:18:43.350,17,0,3,0,8
86609.395504,2026-07-22T15:18:43.352,17,0,3,0,8
86609.397515,2026-07-22T15:18:43.354,17,0,3,0,8
86609.399598,2026-07-22T15:18:43.356,17,0,3,0,8
86609.402116,2026-07-22T15:18:43.359,17,0,3,0,8
86609.404661,2026-07-22T15:18:43.361,17,0,3,0,8
86609.407188,2026-07-22T15:18:43.364,17,0,3,0,8
86609.409800,2026-07-22T15:18:43.366,17,0,3,0,8
86609.412264,2026-07-22T15:18:43.369,17,0,3,0,8
86609.414684,2026-07-22T15:18:43.371,17,0,3,0,8
86609.417218,2026-07-22T15:18:43.374,17,0,3,0,8
86609.419720,2026-07-22T15:18:43.376,17,0,3,0,8
86609.421875,2026-07-22T15:18:43.378,17,0,3,0,8
86609.423898,2026-07-22T15:18:43.380,17,0,3,0,8
86609.426408,2026-07-22T15:18:43.383,17,0,3,0,8
86609.428512,2026-07-22T15:18:43.385,17,0,3,0,8
86609.430533,2026-07-22T15:18:43.387,17,0,3,0,8
86609.433049,2026-07-22T15:18:43.390,17,0,3,0,8
86609.435562,2026-07-22T15:18:43.392,17,0,3,0,8
86609.438070,2026-07-22T15:18:43.395,17,0,3,0,8
86609.440120,2026-07-22T15:18:43.397,17,0,3,0,8
86609.442928,2026-07-22T15:18:43.399,17,0,3,0,8
86609.445631,2026-07-22T15:18:43.402,17,0,3,0,8
86609.448004,2026-07-22T15:18:43.404,17,0,3,0,8
86609.450466,2026-07-22T15:18:43.407,17,0,3,0,8
86609.453094,2026-07-22T15:18:43.410,17,0,3,0,8
86609.455104,2026-07-22T15:18:43.412,17,0,3,0,8
86609.457163,2026-07-22T15:18:43.414,17,0,3,0,8
86609.459703,2026-07-22T15:18:43.416,17,0,3,0,8
86609.461736,2026-07-22T15:18:43.418,17,0,3,0,8
86609.464374,2026-07-22T15:18:43.421,17,0,3,0,8
86609.466909,2026-07-22T15:18:43.423,17,0,3,0,8
86609.469224,2026-07-22T15:18:43.426,17,0,3,0,8
86609.471893,2026-07-22T15:18:43.428,17,0,3,0,8
86609.474518,2026-07-22T15:18:43.431,17,0,3,0,8
86609.476711,2026-07-22T15:18:43.433,17,0,3,0,8
86609.479050,2026-07-22T15:18:43.436,17,0,3,0,8
86609.481092,2026-07-22T15:18:43.438,17,0,3,0,8
86609.483466,2026-07-22T15:18:43.440,17,0,3,0,8
86609.486135,2026-07-22T15:18:43.443,17,0,3,0,8
86609.488664,2026-07-22T15:18:43.445,17,0,3,0,8
86609.491179,2026-07-22T15:18:43.448,17,0,3,0,8
86609.493881,2026-07-22T15:18:43.450,17,0,3,0,8
86609.496511,2026-07-22T15:18:43.453,17,0,3,0,8
86609.499053,2026-07-22T15:18:43.456,17,0,3,0,8
86609.501558,2026-07-22T15:18:43.458,17,0,3,0,8
86609.504061,2026-07-22T15:18:43.461,17,0,3,0,8
86609.506473,2026-07-22T15:18:43.463,17,0,3,0,8
86609.509111,2026-07-22T15:18:43.466,17,0,3,0,8
86609.511736,2026-07-22T15:18:43.468,17,0,3,0,8
86609.514395,2026-07-22T15:18:43.471,17,0,3,0,8
86609.516874,2026-07-22T15:18:43.473,17,0,3,0,8
86609.518889,2026-07-22T15:18:43.475,17,0,3,0,8
86609.520914,2026-07-22T15:18:43.477,17,0,3,0,8
86609.523187,2026-07-22T15:18:43.480,17,0,3,0,8
86609.525945,2026-07-22T15:18:43.482,17,0,3,0,8
86609.528012,2026-07-22T15:18:43.484,17,0,3,0,8
86609.530781,2026-07-22T15:18:43.487,17,0,3,0,8
86609.533474,2026-07-22T15:18:43.490,17,0,3,0,8
86609.536186,2026-07-22T15:18:43.493,17,0,3,0,8
86609.538695,2026-07-22T15:18:43.495,17,0,3,0,8
86609.541099,2026-07-22T15:18:43.498,17,0,3,0,8
86609.543630,2026-07-22T15:18:43.500,17,0,3,0,8
86609.546355,2026-07-22T15:18:43.503,17,0,3,0,8
86609.548973,2026-07-22T15:18:43.505,17,0,3,0,8
86609.551492,2026-07-22T15:18:43.508,17,0,3,0,8
86609.554200,2026-07-22T15:18:43.511,17,0,3,0,8
86609.556757,2026-07-22T15:18:43.513,17,0,3,0,8
86609.559269,2026-07-22T15:18:43.516,17,0,3,0,8
86609.561806,2026-07-22T15:18:43.518,17,0,3,0,8
86609.564344,2026-07-22T15:18:43.521,17,0,3,0,8
86609.567044,2026-07-22T15:18:43.523,17,0,3,0,0
86609.569120,2026-07-22T15:18:43.526,3,3,3,0,0
86609.571765,2026-07-22T15:18:43.528,3,3,3,0,0
86609.573786,2026-07-22T15:18:43.530,3,3,3,0,0
86609.575798,2026-07-22T15:18:43.532,3,3,3,0,0
86609.578189,2026-07-22T15:18:43.535,3,3,3,0,0
86609.580889,2026-07-22T15:18:43.537,3,3,3,0,0
86609.583435,2026-07-22T15:18:43.540,3,3,3,0,0
86609.586037,2026-07-22T15:18:43.543,3,3,3,0,0
86609.588540,2026-07-22T15:18:43.545,3,3,3,0,0
86609.591022,2026-07-22T15:18:43.547,3,3,3,0,0
86609.593476,2026-07-22T15:18:43.550,3,3,3,0,0
86609.596126,2026-07-22T15:18:43.553,3,3,3,0,0
86609.598729,2026-07-22T15:18:43.555,3,3,3,0,0
86609.601235,2026-07-22T15:18:43.558,3,3,3,0,0
86609.603719,2026-07-22T15:18:43.560,3,3,3,0,0
86609.606472,2026-07-22T15:18:43.563,3,3,3,0,0
86609.609160,2026-07-22T15:18:43.566,3,3,3,0,0
86609.611765,2026-07-22T15:18:43.568,3,3,3,0,0
86609.614313,2026-07-22T15:18:43.571,3,3,3,0,0
86609.616900,2026-07-22T15:18:43.573,3,3,3,0,0
86609.619585,2026-07-22T15:18:43.576,3,3,3,0,0
86609.622360,2026-07-22T15:18:43.579,3,3,3,0,0
86609.625163,2026-07-22T15:18:43.582,3,3,3,0,0
86609.627680,2026-07-22T15:18:43.584,3,3,3,0,0
86609.629760,2026-07-22T15:18:43.586,3,3,3,0,0
86609.632208,2026-07-22T15:18:43.589,3,3,3,0,0
86609.634753,2026-07-22T15:18:43.591,3,3,3,0,0
86609.637234,2026-07-22T15:18:43.594,3,3,3,0,0
86609.639950,2026-07-22T15:18:43.596,3,3,3,0,0
86609.642443,2026-07-22T15:18:43.599,3,3,3,0,0
86609.644874,2026-07-22T15:18:43.601,3,3,3,0,0
86609.647322,2026-07-22T15:18:43.604,3,3,3,0,0
86609.649851,2026-07-22T15:18:43.606,3,3,3,0,0
86609.652376,2026-07-22T15:18:43.609,3,3,3,0,0
86609.654954,2026-07-22T15:18:43.611,3,3,3,0,0
86609.657584,2026-07-22T15:18:43.614,3,3,3,0,0
86609.660171,2026-07-22T15:18:43.617,3,3,3,0,0
86609.662703,2026-07-22T15:18:43.619,3,3,3,0,0
86609.664733,2026-07-22T15:18:43.621,3,3,3,0,0
86609.667624,2026-07-22T15:18:43.623,3,3,3,0,0
86609.669746,2026-07-22T15:18:43.626,3,3,3,0,0
86609.672267,2026-07-22T15:18:43.629,3,3,3,0,0
86609.674790,2026-07-22T15:18:43.631,3,3,3,0,0
86609.677315,2026-07-22T15:18:43.634,3,3,3,0,0
86609.679741,2026-07-22T15:18:43.636,3,3,3,0,0
86609.681797,2026-07-22T15:18:43.638,3,3,3,0,0
86609.684292,2026-07-22T15:18:43.641,3,3,3,0,0
86609.686927,2026-07-22T15:18:43.643,3,3,3,0,0
86609.689553,2026-07-22T15:18:43.646,3,3,3,0,0
86609.692173,2026-07-22T15:18:43.649,3,3,3,0,0
86609.694761,2026-07-22T15:18:43.651,3,3,3,0,0
86609.697534,2026-07-22T15:18:43.654,3,3,3,0,0
86609.699867,2026-07-22T15:18:43.656,3,3,3,0,0
86609.702337,2026-07-22T15:18:43.659,3,3,3,0,0
86609.704927,2026-07-22T15:18:43.661,3,3,3,0,0
86609.707529,2026-07-22T15:18:43.664,3,3,3,0,0
86609.710140,2026-07-22T15:18:43.667,3,3,3,0,0
86609.712722,2026-07-22T15:18:43.669,3,3,3,0,0
86609.715253,2026-07-22T15:18:43.672,3,3,3,0,0
86609.717645,2026-07-22T15:18:43.674,3,3,3,0,0
86609.720326,2026-07-22T15:18:43.677,3,3,3,0,0
86609.723035,2026-07-22T15:18:43.680,3,3,3,0,0
86609.725708,2026-07-22T15:18:43.682,3,3,3,0,0
86609.728201,2026-07-22T15:18:43.685,3,3,3,0,0
86609.730845,2026-07-22T15:18:43.687,3,3,3,0,0
86609.733560,2026-07-22T15:18:43.690,3,3,3,0,0
86609.736036,2026-07-22T15:18:43.693,3,3,3,0,0
86609.738535,2026-07-22T15:18:43.695,3,3,3,0,0
86609.740554,2026-07-22T15:18:43.697,3,3,3,0,0
86609.742987,2026-07-22T15:18:43.699,3,3,3,0,0
86609.745489,2026-07-22T15:18:43.702,3,3,3,0,0
86609.748152,2026-07-22T15:18:43.705,3,3,3,0,0
86609.750660,2026-07-22T15:18:43.707,3,3,3,0,0
86609.753198,2026-07-22T15:18:43.710,3,3,3,0,0
86609.755686,2026-07-22T15:18:43.712,3,3,3,0,0
86609.758140,2026-07-22T15:18:43.715,3,3,3,0,0
86609.760686,2026-07-22T15:18:43.717,3,3,3,0,0
86609.763193,2026-07-22T15:18:43.720,3,3,3,0,0
86609.765697,2026-07-22T15:18:43.722,3,3,3,0,0
86609.767707,2026-07-22T15:18:43.724,3,3,3,0,0
86609.770194,2026-07-22T15:18:43.727,3,3,3,0,0
86609.772902,2026-07-22T15:18:43.729,3,3,3,0,0
86609.775500,2026-07-22T15:18:43.732,3,3,3,0,0
86609.777510,2026-07-22T15:18:43.734,3,3,3,0,0
86609.779555,2026-07-22T15:18:43.736,3,3,3,0,0
86609.781592,2026-07-22T15:18:43.738,3,3,3,0,0
86609.784041,2026-07-22T15:18:43.741,3,3,3,0,0
86609.786538,2026-07-22T15:18:43.743,3,3,3,0,0
86609.788983,2026-07-22T15:18:43.745,3,3,3,0,0
86609.791485,2026-07-22T15:18:43.748,3,3,3,0,0
86609.793593,2026-07-22T15:18:43.750,3,3,3,0,0
86609.796269,2026-07-22T15:18:43.753,3,3,3,0,0
86609.798713,2026-07-22T15:18:43.755,3,3,3,0,0
86609.801214,2026-07-22T15:18:43.758,3,3,3,0,0
86609.803729,2026-07-22T15:18:43.760,3,3,3,0,0
86609.806208,2026-07-22T15:18:43.763,3,3,3,0,0
86609.808786,2026-07-22T15:18:43.765,3,3,3,0,0
86609.811250,2026-07-22T15:18:43.768,3,3,3,0,0
86609.813714,2026-07-22T15:18:43.770,3,3,3,0,0
86609.816223,2026-07-22T15:18:43.773,3,3,3,0,0
86609.818489,2026-07-22T15:18:43.775,3,3,3,0,0
86609.821051,2026-07-22T15:18:43.778,3,3,3,0,0
86609.823663,2026-07-22T15:18:43.780,3,3,3,0,0
86609.825716,2026-07-22T15:18:43.782,3,3,3,0,0
86609.827727,2026-07-22T15:18:43.784,3,3,3,0,0
86609.829842,2026-07-22T15:18:43.786,3,3,3,0,0
86609.831852,2026-07-22T15:18:43.788,3,3,3,0,0
86609.834259,2026-07-22T15:18:43.791,3,3,3,0,0
86609.836678,2026-07-22T15:18:43.793,3,3,3,0,0
86609.839183,2026-07-22T15:18:43.796,3,3,3,0,0
86609.841925,2026-07-22T15:18:43.798,3,3,3,0,0
86609.844444,2026-07-22T15:18:43.801,3,3,3,0,0
86609.846854,2026-07-22T15:18:43.803,3,3,3,0,0
86609.849258,2026-07-22T15:18:43.806,3,3,3,0,0
86609.851854,2026-07-22T15:18:43.808,3,3,3,0,0
86609.854239,2026-07-22T15:18:43.811,3,3,3,0,0
86609.856956,2026-07-22T15:18:43.813,3,3,3,0,0
86609.859718,2026-07-22T15:18:43.816,3,3,3,0,0
86609.862241,2026-07-22T15:18:43.819,3,3,3,0,0
86609.864805,2026-07-22T15:18:43.821,3,3,3,0,0
86609.866934,2026-07-22T15:18:43.823,3,3,3,0,0
86609.868963,2026-07-22T15:18:43.825,3,3,3,0,0
86609.870975,2026-07-22T15:18:43.827,3,3,3,0,0
86609.873443,2026-07-22T15:18:43.830,3,3,3,0,0
86609.876181,2026-07-22T15:18:43.833,3,3,3,0,0
86609.878193,2026-07-22T15:18:43.835,3,3,3,0,0
86609.880656,2026-07-22T15:18:43.837,3,3,3,0,0
86609.883300,2026-07-22T15:18:43.840,3,3,3,0,0
86609.885936,2026-07-22T15:18:43.842,3,3,3,0,0
86609.888005,2026-07-22T15:18:43.844,3,3,3,0,0
86609.890322,2026-07-22T15:18:43.847,3,3,3,0,0
86609.892558,2026-07-22T15:18:43.849,3,3,3,0,0
86609.894784,2026-07-22T15:18:43.851,3,3,3,0,0
86609.897192,2026-07-22T15:18:43.854,3,3,3,0,0
86609.899527,2026-07-22T15:18:43.856,3,3,3,0,0
86609.901750,2026-07-22T15:18:43.858,3,3,3,0,0
86609.904082,2026-07-22T15:18:43.860,3,3,3,0,0
86609.906551,2026-07-22T15:18:43.863,3,3,3,0,0
86609.908581,2026-07-22T15:18:43.865,3,3,3,0,0
86609.911101,2026-07-22T15:18:43.868,3,3,3,0,0
86609.913591,2026-07-22T15:18:43.870,3,3,3,0,0
86609.916105,2026-07-22T15:18:43.873,3,3,3,0,0
86609.918596,2026-07-22T15:18:43.875,3,3,3,0,0
86609.921261,2026-07-22T15:18:43.878,3,3,3,0,0
86609.923284,2026-07-22T15:18:43.880,3,3,3,0,0
86609.925296,2026-07-22T15:18:43.882,3,3,3,0,0
86609.927517,2026-07-22T15:18:43.884,3,3,3,0,0
86609.929929,2026-07-22T15:18:43.886,3,3,3,0,0
86609.932296,2026-07-22T15:18:43.889,3,3,3,0,0
86609.934535,2026-07-22T15:18:43.891,3,3,3,0,0
86609.936744,2026-07-22T15:18:43.893,3,3,3,0,0
86609.939216,2026-07-22T15:18:43.896,3,3,3,0,0
86609.941839,2026-07-22T15:18:43.898,3,3,3,0,0
86609.944334,2026-07-22T15:18:43.901,3,3,3,0,0
86609.946848,2026-07-22T15:18:43.903,3,3,3,0,0
86609.949367,2026-07-22T15:18:43.906,3,3,3,0,0
86609.951404,2026-07-22T15:18:43.908,3,3,3,0,0
86609.953924,2026-07-22T15:18:43.910,3,3,3,0,0
86609.956564,2026-07-22T15:18:43.913,3,3,3,0,0
86609.959057,2026-07-22T15:18:43.916,3,3,3,0,0
86609.961619,2026-07-22T15:18:43.918,3,3,3,0,0
86609.964238,2026-07-22T15:18:43.921,3,3,3,0,0
86609.966920,2026-07-22T15:18:43.923,3,3,3,0,0
86609.969236,2026-07-22T15:18:43.926,3,3,3,0,0
86609.971652,2026-07-22T15:18:43.928,3,3,3,0,0
86609.974168,2026-07-22T15:18:43.931,3,3,3,0,0
86609.976569,2026-07-22T15:18:43.933,3,3,3,0,0
86609.979083,2026-07-22T15:18:43.936,3,3,3,0,0
86609.981541,2026-07-22T15:18:43.938,3,3,3,0,0
86609.984137,2026-07-22T15:18:43.941,3,3,3,0,0
86609.986877,2026-07-22T15:18:43.943,3,3,3,0,0
86609.989498,2026-07-22T15:18:43.946,3,3,3,0,0
86609.992100,2026-07-22T15:18:43.949,3,3,3,0,0
86609.994693,2026-07-22T15:18:43.951,3,3,3,0,0
86609.997259,2026-07-22T15:18:43.954,3,3,3,0,0
86609.999771,2026-07-22T15:18:43.956,3,3,3,0,0
86610.002419,2026-07-22T15:18:43.959,3,3,3,0,0
86610.004912,2026-07-22T15:18:43.961,3,3,3,0,0
86610.007457,2026-07-22T15:18:43.964,3,3,3,0,0
86610.010190,2026-07-22T15:18:43.967,3,3,3,0,0
86610.012713,2026-07-22T15:18:43.969,3,3,3,0,0
86610.015204,2026-07-22T15:18:43.972,3,3,3,0,0
86610.017949,2026-07-22T15:18:43.974,3,3,3,0,0
86610.020203,2026-07-22T15:18:43.977,3,3,3,0,0
86610.022231,2026-07-22T15:18:43.979,3,3,3,0,0
86610.024736,2026-07-22T15:18:43.981,3,3,3,0,0
86610.027231,2026-07-22T15:18:43.984,3,3,3,0,0
86610.029889,2026-07-22T15:18:43.986,3,3,3,0,0
86610.032225,2026-07-22T15:18:43.989,3,3,3,0,0
86610.034627,2026-07-22T15:18:43.991,3,3,3,0,0
86610.037036,2026-07-22T15:18:43.994,3,3,3,0,0
86610.039478,2026-07-22T15:18:43.996,3,3,3,0,0
86610.042204,2026-07-22T15:18:43.999,3,3,3,0,0
86610.044676,2026-07-22T15:18:44.001,3,3,3,0,0
86610.047100,2026-07-22T15:18:44.004,3,3,3,0,0
86610.049600,2026-07-22T15:18:44.006,3,3,3,0,0
86610.052099,2026-07-22T15:18:44.009,3,3,3,0,0
86610.054662,2026-07-22T15:18:44.011,3,3,3,0,0
86610.057270,2026-07-22T15:18:44.014,3,3,3,0,0
86610.059576,2026-07-22T15:18:44.016,3,3,3,0,0
86610.062095,2026-07-22T15:18:44.019,3,3,3,0,0
86610.064725,2026-07-22T15:18:44.021,3,3,3,0,0
86610.067361,2026-07-22T15:18:44.024,3,3,3,0,0
86610.069807,2026-07-22T15:18:44.026,3,3,3,0,0
86610.072600,2026-07-22T15:18:44.029,3,3,3,0,0
86610.075279,2026-07-22T15:18:44.032,3,3,3,0,0
86610.077665,2026-07-22T15:18:44.034,3,3,3,0,0
86610.079842,2026-07-22T15:18:44.036,3,3,3,0,0
86610.082346,2026-07-22T15:18:44.039,3,3,3,0,0
86610.084852,2026-07-22T15:18:44.041,3,3,3,0,0
86610.087364,2026-07-22T15:18:44.044,3,3,3,0,0
86610.089649,2026-07-22T15:18:44.046,3,3,3,0,0
86610.092167,2026-07-22T15:18:44.049,3,3,3,0,0
86610.094682,2026-07-22T15:18:44.051,3,3,3,0,0
86610.096708,2026-07-22T15:18:44.053,3,3,3,0,0
86610.098737,2026-07-22T15:18:44.055,3,3,3,0,0
86610.100748,2026-07-22T15:18:44.057,3,3,3,0,0
86610.103234,2026-07-22T15:18:44.060,3,3,3,0,0
86610.105829,2026-07-22T15:18:44.062,3,3,3,0,0
86610.107854,2026-07-22T15:18:44.064,3,3,3,0,0
86610.110746,2026-07-22T15:18:44.067,3,3,3,0,0
86610.113140,2026-07-22T15:18:44.070,3,3,3,0,0
86610.115645,2026-07-22T15:18:44.072,3,3,3,0,0
86610.118672,2026-07-22T15:18:44.075,3,3,3,0,0
86610.121239,2026-07-22T15:18:44.078,3,3,3,0,0
86610.123764,2026-07-22T15:18:44.080,3,3,3,0,0
86610.126485,2026-07-22T15:18:44.083,3,3,3,0,0
86610.128998,2026-07-22T15:18:44.085,3,3,3,0,0
86610.131439,2026-07-22T15:18:44.088,3,3,3,0,0
86610.133759,2026-07-22T15:18:44.090,3,3,3,0,0
86610.136290,2026-07-22T15:18:44.093,3,3,3,0,0
86610.139051,2026-07-22T15:18:44.096,3,3,3,0,0
86610.141338,2026-07-22T15:18:44.098,3,3,3,0,0
86610.143857,2026-07-22T15:18:44.100,3,3,3,0,0
86610.146405,2026-07-22T15:18:44.103,3,3,3,0,0
86610.149065,2026-07-22T15:18:44.106,3,3,3,0,0
86610.151601,2026-07-22T15:18:44.108,3,3,3,0,0
86610.153955,2026-07-22T15:18:44.110,3,3,3,0,0
86610.156550,2026-07-22T15:18:44.113,3,3,3,0,0
86610.158812,2026-07-22T15:18:44.115,3,3,3,0,0
86610.161335,2026-07-22T15:18:44.118,3,3,3,0,0
86610.163372,2026-07-22T15:18:44.120,3,3,3,0,0
86610.165927,2026-07-22T15:18:44.122,3,3,3,0,0
86610.168463,2026-07-22T15:18:44.125,3,3,3,0,0
86610.170869,2026-07-22T15:18:44.127,3,3,3,0,0
86610.172890,2026-07-22T15:18:44.129,3,3,3,0,0
86610.175417,2026-07-22T15:18:44.132,3,3,3,0,0
86610.177447,2026-07-22T15:18:44.134,3,3,3,0,0
86610.179963,2026-07-22T15:18:44.136,3,3,3,0,0
86610.182378,2026-07-22T15:18:44.139,3,3,3,0,0
86610.184838,2026-07-22T15:18:44.141,3,3,3,0,0
86610.187383,2026-07-22T15:18:44.144,3,3,3,0,0
86610.189941,2026-07-22T15:18:44.146,3,3,3,0,0
86610.192454,2026-07-22T15:18:44.149,3,3,3,0,0
86610.194538,2026-07-22T15:18:44.151,3,3,3,0,0
86610.197058,2026-07-22T15:18:44.154,3,3,3,0,0
86610.199364,2026-07-22T15:18:44.156,3,3,3,0,0
86610.202073,2026-07-22T15:18:44.159,3,3,3,0,0
86610.204337,2026-07-22T15:18:44.161,3,3,3,0,0
86610.206916,2026-07-22T15:18:44.163,3,3,3,0,0
86610.209419,2026-07-22T15:18:44.166,3,3,3,0,0
86610.211936,2026-07-22T15:18:44.168,3,3,3,0,0
86610.214454,2026-07-22T15:18:44.171,3,3,3,0,0
86610.216650,2026-07-22T15:18:44.173,3,3,3,0,0
86610.219195,2026-07-22T15:18:44.176,3,3,3,0,0
86610.221621,2026-07-22T15:18:44.178,3,3,3,0,0
86610.223743,2026-07-22T15:18:44.180,3,3,3,0,0
86610.225771,2026-07-22T15:18:44.182,3,3,3,0,0
86610.227782,2026-07-22T15:18:44.184,3,3,3,0,0
86610.229814,2026-07-22T15:18:44.186,3,3,3,0,0
86610.232202,2026-07-22T15:18:44.189,3,3,3,0,0
86610.234216,2026-07-22T15:18:44.191,3,3,3,0,0
86610.236363,2026-07-22T15:18:44.193,3,3,3,0,0
86610.238374,2026-07-22T15:18:44.195,3,3,3,0,0
86610.240607,2026-07-22T15:18:44.196,3,3,3,0,0
86610.243083,2026-07-22T15:18:44.200,3,3,3,0,0
86610.245519,2026-07-22T15:18:44.202,3,3,3,0,0
86610.247552,2026-07-22T15:18:44.204,3,3,3,0,0
86610.249578,2026-07-22T15:18:44.206,3,3,3,0,0
86610.252155,2026-07-22T15:18:44.209,3,3,3,0,0
86610.254674,2026-07-22T15:18:44.211,3,3,3,0,0
86610.256701,2026-07-22T15:18:44.213,3,3,3,0,0
86610.258733,2026-07-22T15:18:44.215,3,3,3,0,0
86610.261207,2026-07-22T15:18:44.218,3,3,3,0,0
86610.263252,2026-07-22T15:18:44.220,3,3,3,0,0
86610.265280,2026-07-22T15:18:44.222,3,3,3,0,0
86610.267770,2026-07-22T15:18:44.224,3,3,3,0,0
86610.270249,2026-07-22T15:18:44.227,3,3,3,0,0
86610.272462,2026-07-22T15:18:44.229,3,3,3,0,0
86610.275114,2026-07-22T15:18:44.232,3,3,3,0,0
86610.277750,2026-07-22T15:18:44.234,3,3,3,0,0
86610.280241,2026-07-22T15:18:44.237,3,3,3,0,0
86610.282606,2026-07-22T15:18:44.239,3,3,3,0,0
86610.285131,2026-07-22T15:18:44.242,3,3,3,0,0
86610.287158,2026-07-22T15:18:44.244,3,3,3,0,0
86610.289626,2026-07-22T15:18:44.246,3,3,3,0,0
86610.292140,2026-07-22T15:18:44.249,3,3,3,0,0
86610.294604,2026-07-22T15:18:44.251,3,3,3,0,0
86610.297122,2026-07-22T15:18:44.254,3,3,3,0,0
86610.299700,2026-07-22T15:18:44.256,3,3,3,0,0
86610.302270,2026-07-22T15:18:44.259,3,3,3,0,0
86610.304909,2026-07-22T15:18:44.261,3,3,3,0,0
86610.307311,2026-07-22T15:18:44.264,3,3,3,0,0
86610.309332,2026-07-22T15:18:44.266,3,3,3,0,0
86610.311813,2026-07-22T15:18:44.268,3,3,3,0,0
86610.314324,2026-07-22T15:18:44.271,3,3,3,0,0
86610.316859,2026-07-22T15:18:44.273,3,3,3,0,0
86610.319385,2026-07-22T15:18:44.276,3,3,3,0,0
86610.321954,2026-07-22T15:18:44.278,3,3,3,0,0
86610.324701,2026-07-22T15:18:44.281,3,3,3,0,0
86610.326946,2026-07-22T15:18:44.283,3,3,3,0,0
86610.329303,2026-07-22T15:18:44.286,3,3,3,0,0
86610.331814,2026-07-22T15:18:44.288,3,3,3,0,0
86610.334316,2026-07-22T15:18:44.291,3,3,3,0,0
86610.336843,2026-07-22T15:18:44.293,3,3,3,0,0
86610.339220,2026-07-22T15:18:44.296,3,3,3,0,0
86610.341740,2026-07-22T15:18:44.298,3,3,3,0,0
86610.344259,2026-07-22T15:18:44.301,3,3,3,0,0
86610.346717,2026-07-22T15:18:44.303,3,3,3,0,0
86610.349070,2026-07-22T15:18:44.306,3,3,3,0,0
86610.351609,2026-07-22T15:18:44.308,3,3,3,0,0
86610.354114,2026-07-22T15:18:44.311,3,3,3,0,0
86610.356671,2026-07-22T15:18:44.313,3,3,3,0,0
86610.359184,2026-07-22T15:18:44.316,3,3,3,0,0
86610.361700,2026-07-22T15:18:44.318,3,3,3,0,0
86610.363840,2026-07-22T15:18:44.320,3,3,3,0,0
86610.366271,2026-07-22T15:18:44.323,3,3,3,0,0
86610.368956,2026-07-22T15:18:44.325,3,3,3,0,0
86610.371202,2026-07-22T15:18:44.328,3,3,3,0,0
86610.373217,2026-07-22T15:18:44.330,3,3,3,0,0
86610.375242,2026-07-22T15:18:44.332,3,3,3,0,0
86610.377966,2026-07-22T15:18:44.334,3,3,3,0,0
86610.380254,2026-07-22T15:18:44.337,3,3,3,0,0
86610.382434,2026-07-22T15:18:44.339,3,3,3,0,0
86610.385142,2026-07-22T15:18:44.342,3,3,3,0,0
86610.387171,2026-07-22T15:18:44.344,3,3,3,0,0
86610.389849,2026-07-22T15:18:44.346,3,3,3,0,0
86610.392362,2026-07-22T15:18:44.349,3,3,3,0,0
86610.394893,2026-07-22T15:18:44.351,3,3,3,0,0
86610.397407,2026-07-22T15:18:44.354,3,3,3,0,0
86610.400125,2026-07-22T15:18:44.357,3,3,3,0,0
86610.402665,2026-07-22T15:18:44.359,3,3,3,0,0
86610.405184,2026-07-22T15:18:44.362,19,0,3,0,8
86610.407734,2026-07-22T15:18:44.364,19,0,3,0,8
86610.410263,2026-07-22T15:18:44.367,19,0,3,0,8
86610.412297,2026-07-22T15:18:44.369,19,0,3,0,8
86610.414426,2026-07-22T15:18:44.371,19,0,3,0,8
86610.416690,2026-07-22T15:18:44.373,19,0,3,0,8
86610.418791,2026-07-22T15:18:44.375,19,0,3,0,8
86610.421401,2026-07-22T15:18:44.378,19,0,3,0,8
86610.423740,2026-07-22T15:18:44.380,19,0,3,0,8
86610.425943,2026-07-22T15:18:44.382,19,0,3,0,8
86610.428468,2026-07-22T15:18:44.385,19,0,3,0,8
86610.430493,2026-07-22T15:18:44.387,19,0,3,0,8
86610.432532,2026-07-22T15:18:44.389,19,0,3,0,8
86610.435051,2026-07-22T15:18:44.392,19,0,3,0,8
86610.437568,2026-07-22T15:18:44.394,19,0,3,0,8
86610.439742,2026-07-22T15:18:44.396,19,0,3,0,8
86610.441812,2026-07-22T15:18:44.398,19,0,3,0,8
86610.443837,2026-07-22T15:18:44.400,19,0,3,0,8
86610.445870,2026-07-22T15:18:44.402,19,0,3,0,8
86610.448393,2026-07-22T15:18:44.405,19,0,3,0,8
86610.450520,2026-07-22T15:18:44.407,19,0,3,0,8
86610.452652,2026-07-22T15:18:44.409,19,0,3,0,8
86610.455242,2026-07-22T15:18:44.412,19,0,3,0,8
86610.457280,2026-07-22T15:18:44.414,19,0,3,0,8
86610.459313,2026-07-22T15:18:44.416,19,0,3,0,8
86610.461836,2026-07-22T15:18:44.418,19,0,3,0,8
86610.464351,2026-07-22T15:18:44.421,19,0,3,0,8
86610.466457,2026-07-22T15:18:44.423,19,0,3,0,8
86610.469111,2026-07-22T15:18:44.426,19,0,3,0,8
86610.471233,2026-07-22T15:18:44.428,19,0,3,0,8
86610.473667,2026-07-22T15:18:44.430,19,0,3,0,8
86610.476179,2026-07-22T15:18:44.433,19,0,3,0,8
86610.478681,2026-07-22T15:18:44.435,19,0,3,0,8
86610.481188,2026-07-22T15:18:44.438,19,0,3,0,8
86610.483693,2026-07-22T15:18:44.440,19,0,3,0,8
86610.486213,2026-07-22T15:18:44.443,19,0,3,0,8
86610.488702,2026-07-22T15:18:44.445,19,0,3,0,8
86610.491214,2026-07-22T15:18:44.448,19,0,3,0,8
86610.493727,2026-07-22T15:18:44.450,19,0,3,0,8
86610.495759,2026-07-22T15:18:44.452,19,0,3,0,8
86610.498261,2026-07-22T15:18:44.455,19,0,3,0,8
86610.500295,2026-07-22T15:18:44.457,19,0,3,0,8
86610.502788,2026-07-22T15:18:44.459,19,0,3,0,8
86610.505304,2026-07-22T15:18:44.462,19,0,3,0,8
86610.507806,2026-07-22T15:18:44.464,19,0,3,0,8
86610.510319,2026-07-22T15:18:44.467,19,0,3,0,8
86610.512816,2026-07-22T15:18:44.469,19,0,3,0,8
86610.515338,2026-07-22T15:18:44.472,19,0,3,0,8
86610.517865,2026-07-22T15:18:44.474,19,0,3,0,8
86610.520388,2026-07-22T15:18:44.477,19,0,3,0,8
86610.522910,2026-07-22T15:18:44.479,19,0,3,0,8
86610.525424,2026-07-22T15:18:44.482,19,0,3,0,8
86610.527936,2026-07-22T15:18:44.484,19,0,3,0,8
86610.530439,2026-07-22T15:18:44.487,19,0,3,0,8
86610.532961,2026-07-22T15:18:44.489,19,0,3,0,8
86610.535457,2026-07-22T15:18:44.492,19,0,3,0,8
86610.537947,2026-07-22T15:18:44.494,19,0,3,0,8
86610.540469,2026-07-22T15:18:44.497,19,0,3,0,8
86610.542963,2026-07-22T15:18:44.499,19,0,3,0,8
86610.545477,2026-07-22T15:18:44.502,19,0,3,0,8
86610.547612,2026-07-22T15:18:44.504,19,0,3,0,8
86610.550120,2026-07-22T15:18:44.507,19,0,3,0,8
86610.552623,2026-07-22T15:18:44.509,19,0,3,0,8
86610.554961,2026-07-22T15:18:44.511,19,0,3,0,8
86610.557469,2026-07-22T15:18:44.514,19,0,3,0,8
86610.559975,2026-07-22T15:18:44.516,19,0,3,0,8
86610.561988,2026-07-22T15:18:44.518,19,0,3,0,8
86610.564568,2026-07-22T15:18:44.521,19,0,3,0,8
86610.567088,2026-07-22T15:18:44.524,19,0,3,0,8
86610.569638,2026-07-22T15:18:44.526,19,0,3,0,8
86610.572054,2026-07-22T15:18:44.529,19,0,3,0,8
86610.574579,2026-07-22T15:18:44.531,19,0,3,0,8
86610.576745,2026-07-22T15:18:44.533,19,0,3,0,8
86610.578775,2026-07-22T15:18:44.535,19,0,3,0,8
86610.580941,2026-07-22T15:18:44.537,19,0,3,0,8
86610.583307,2026-07-22T15:18:44.540,19,0,3,0,8
86610.585457,2026-07-22T15:18:44.542,19,0,3,0,8
86610.587507,2026-07-22T15:18:44.544,19,0,3,0,8
86610.590024,2026-07-22T15:18:44.546,19,0,3,0,8
86610.592113,2026-07-22T15:18:44.549,19,0,3,0,8
86610.594351,2026-07-22T15:18:44.551,19,0,3,0,8
86610.596606,2026-07-22T15:18:44.553,19,0,3,0,8
86610.599129,2026-07-22T15:18:44.556,19,0,3,0,8
86610.601172,2026-07-22T15:18:44.558,19,0,3,0,8
86610.603678,2026-07-22T15:18:44.560,19,0,3,0,8
86610.606197,2026-07-22T15:18:44.563,19,0,3,0,8
86610.608724,2026-07-22T15:18:44.565,19,0,3,0,8
86610.611239,2026-07-22T15:18:44.568,19,0,3,0,8
86610.613260,2026-07-22T15:18:44.570,19,0,3,0,8
86610.615307,2026-07-22T15:18:44.572,19,0,3,0,8
86610.617826,2026-07-22T15:18:44.574,19,0,3,0,8
86610.619869,2026-07-22T15:18:44.576,19,0,3,0,8
86610.621911,2026-07-22T15:18:44.578,19,0,3,0,8
86610.624443,2026-07-22T15:18:44.581,19,0,3,0,8
86610.627287,2026-07-22T15:18:44.584,19,0,3,0,8
86610.629704,2026-07-22T15:18:44.586,19,0,3,0,8
86610.631776,2026-07-22T15:18:44.588,19,0,3,0,8
86610.633789,2026-07-22T15:18:44.590,19,0,3,0,8
86610.636312,2026-07-22T15:18:44.593,19,0,3,0,8
86610.638333,2026-07-22T15:18:44.595,19,0,3,0,8
86610.640363,2026-07-22T15:18:44.597,19,0,3,0,8
86610.642418,2026-07-22T15:18:44.599,19,0,3,0,8
86610.644915,2026-07-22T15:18:44.601,19,0,3,0,8
86610.646936,2026-07-22T15:18:44.603,19,0,3,0,8
86610.649557,2026-07-22T15:18:44.606,60,0,3,0,8
86610.651702,2026-07-22T15:18:44.608,60,0,3,0,8
86610.653732,2026-07-22T15:18:44.610,60,0,3,0,8
86610.655748,2026-07-22T15:18:44.612,60,0,3,0,8
86610.658291,2026-07-22T15:18:44.615,60,0,3,0,8
86610.660789,2026-07-22T15:18:44.617,60,0,3,0,8
86610.662827,2026-07-22T15:18:44.619,60,0,3,0,8
86610.664869,2026-07-22T15:18:44.621,60,0,3,0,8
86610.667162,2026-07-22T15:18:44.623,60,0,3,0,8
86610.669695,2026-07-22T15:18:44.626,60,0,3,0,8
86610.672195,2026-07-22T15:18:44.629,60,0,3,0,8
86610.674724,2026-07-22T15:18:44.631,60,0,3,0,8
86610.677038,2026-07-22T15:18:44.634,60,0,3,0,8
86610.679288,2026-07-22T15:18:44.636,60,0,3,0,8
86610.681809,2026-07-22T15:18:44.638,60,0,3,0,8
86610.683864,2026-07-22T15:18:44.640,60,0,3,0,8
86610.686392,2026-07-22T15:18:44.643,60,0,3,0,8
86610.688417,2026-07-22T15:18:44.645,60,0,3,0,8
86610.690816,2026-07-22T15:18:44.647,60,0,3,0,8
86610.692848,2026-07-22T15:18:44.649,60,0,3,0,8
86610.694866,2026-07-22T15:18:44.651,60,0,3,0,8
86610.697432,2026-07-22T15:18:44.654,60,0,3,0,8
86610.699945,2026-07-22T15:18:44.656,60,0,3,0,8
86610.702615,2026-07-22T15:18:44.659,60,0,3,0,8
86610.705182,2026-07-22T15:18:44.662,60,0,3,0,8
86610.707714,2026-07-22T15:18:44.664,60,0,3,0,8
86610.709739,2026-07-22T15:18:44.666,60,0,3,0,8
86610.711777,2026-07-22T15:18:44.668,60,0,3,0,8
86610.713805,2026-07-22T15:18:44.670,60,0,3,0,8
86610.715836,2026-07-22T15:18:44.672,60,0,3,0,8
86610.717887,2026-07-22T15:18:44.674,60,0,3,0,8
86610.720425,2026-07-22T15:18:44.677,60,0,3,0,8
86610.722945,2026-07-22T15:18:44.679,60,0,3,0,8
86610.725327,2026-07-22T15:18:44.682,60,0,3,0,8
86610.727361,2026-07-22T15:18:44.684,60,0,3,0,8
86610.729396,2026-07-22T15:18:44.686,60,0,3,0,8
86610.731412,2026-07-22T15:18:44.688,60,0,3,0,8
86610.733495,2026-07-22T15:18:44.690,60,0,3,0,8
86610.735563,2026-07-22T15:18:44.692,60,0,3,0,8
86610.738032,2026-07-22T15:18:44.695,60,0,3,0,8
86610.740043,2026-07-22T15:18:44.697,60,0,3,0,8
86610.742552,2026-07-22T15:18:44.699,60,0,3,0,8
86610.745297,2026-07-22T15:18:44.702,60,0,3,0,8
86610.747346,2026-07-22T15:18:44.704,60,0,3,0,8
86610.749380,2026-07-22T15:18:44.706,60,0,3,0,8
86610.751897,2026-07-22T15:18:44.708,60,0,3,0,8
86610.753911,2026-07-22T15:18:44.710,60,0,3,0,8
86610.755936,2026-07-22T15:18:44.712,60,0,3,0,8
86610.758041,2026-07-22T15:18:44.715,60,0,3,0,8
86610.760081,2026-07-22T15:18:44.717,60,0,3,0,8
86610.762602,2026-07-22T15:18:44.719,60,0,3,0,8
86610.765118,2026-07-22T15:18:44.722,60,0,3,0,8
86610.767247,2026-07-22T15:18:44.724,60,0,3,0,8
86610.769483,2026-07-22T15:18:44.726,60,0,3,0,8
86610.771617,2026-07-22T15:18:44.728,60,0,3,0,8
86610.773956,2026-07-22T15:18:44.730,60,0,3,0,8
86610.775966,2026-07-22T15:18:44.732,60,0,3,0,8
86610.778128,2026-07-22T15:18:44.735,60,0,3,0,8
86610.780135,2026-07-22T15:18:44.737,60,0,3,0,8
86610.782255,2026-07-22T15:18:44.739,60,0,3,0,8
86610.784783,2026-07-22T15:18:44.741,60,0,3,0,8
86610.787309,2026-07-22T15:18:44.744,60,0,3,0,8
86610.789514,2026-07-22T15:18:44.746,60,0,3,0,8
86610.792035,2026-07-22T15:18:44.749,60,0,3,0,8
86610.794317,2026-07-22T15:18:44.751,60,0,3,0,8
86610.796849,2026-07-22T15:18:44.753,60,0,3,0,8
86610.799419,2026-07-22T15:18:44.756,60,0,3,0,8
86610.801914,2026-07-22T15:18:44.758,60,0,3,0,8
86610.804078,2026-07-22T15:18:44.761,60,0,3,0,8
86610.806194,2026-07-22T15:18:44.763,60,0,3,0,8
86610.808497,2026-07-22T15:18:44.765,60,0,3,0,8
86610.811015,2026-07-22T15:18:44.767,60,0,3,0,8
86610.813534,2026-07-22T15:18:44.770,60,0,3,0,8
86610.816045,2026-07-22T15:18:44.773,60,0,3,0,8
86610.818366,2026-07-22T15:18:44.774,60,0,3,0,8
86610.820583,2026-07-22T15:18:44.777,60,0,3,0,8
86610.823085,2026-07-22T15:18:44.780,60,0,3,0,8
86610.825113,2026-07-22T15:18:44.782,60,0,3,0,8
86610.827156,2026-07-22T15:18:44.784,60,0,3,0,8
86610.829702,2026-07-22T15:18:44.786,60,0,3,0,8
86610.832036,2026-07-22T15:18:44.788,60,0,3,0,8
86610.834533,2026-07-22T15:18:44.791,60,0,3,0,8
86610.837046,2026-07-22T15:18:44.794,60,0,3,0,8
86610.839555,2026-07-22T15:18:44.796,60,0,3,0,8
86610.842058,2026-07-22T15:18:44.799,60,0,3,0,8
86610.844580,2026-07-22T15:18:44.801,60,0,3,0,8
86610.847109,2026-07-22T15:18:44.804,60,0,3,0,8
86610.849604,2026-07-22T15:18:44.806,60,0,3,0,8
86610.851718,2026-07-22T15:18:44.808,60,0,3,0,8
86610.854223,2026-07-22T15:18:44.811,60,0,3,0,8
86610.856730,2026-07-22T15:18:44.813,60,0,3,0,8
86610.858759,2026-07-22T15:18:44.815,60,0,3,0,8
86610.860827,2026-07-22T15:18:44.817,60,0,3,0,8
86610.862845,2026-07-22T15:18:44.819,60,0,3,0,8
86610.864867,2026-07-22T15:18:44.821,60,0,3,0,8
86610.867423,2026-07-22T15:18:44.824,60,0,3,0,8
86610.869671,2026-07-22T15:18:44.826,60,0,3,0,8
86610.871698,2026-07-22T15:18:44.828,60,0,3,0,8
86610.873714,2026-07-22T15:18:44.830,60,0,3,0,8
86610.875800,2026-07-22T15:18:44.832,60,0,3,0,8
86610.877847,2026-07-22T15:18:44.834,60,0,3,0,8
86610.879892,2026-07-22T15:18:44.836,60,0,3,0,8
86610.882407,2026-07-22T15:18:44.839,60,0,3,0,8
86610.884908,2026-07-22T15:18:44.841,60,0,3,0,8
86610.886981,2026-07-22T15:18:44.843,60,0,3,0,8
86610.889018,2026-07-22T15:18:44.845,60,0,3,0,8
86610.891535,2026-07-22T15:18:44.848,60,0,3,0,8
86610.893669,2026-07-22T15:18:44.850,102,0,3,0,8
86610.895929,2026-07-22T15:18:44.852,102,0,3,0,8
86610.898481,2026-07-22T15:18:44.855,102,0,3,0,8
86610.901079,2026-07-22T15:18:44.858,102,0,3,0,8
86610.903110,2026-07-22T15:18:44.860,102,0,3,0,8
86610.905149,2026-07-22T15:18:44.862,102,0,3,0,8
86610.907677,2026-07-22T15:18:44.864,102,0,3,0,8
86610.910202,2026-07-22T15:18:44.867,102,0,3,0,8
86610.912721,2026-07-22T15:18:44.869,102,0,3,0,8
86610.915239,2026-07-22T15:18:44.872,102,0,3,0,8
86610.917353,2026-07-22T15:18:44.874,102,0,3,0,8
86610.919575,2026-07-22T15:18:44.876,102,0,3,0,8
86610.921606,2026-07-22T15:18:44.878,102,0,3,0,8
86610.924115,2026-07-22T15:18:44.881,102,0,3,0,8
86610.926642,2026-07-22T15:18:44.883,102,0,3,0,8
86610.929044,2026-07-22T15:18:44.886,102,0,3,0,8
86610.931569,2026-07-22T15:18:44.888,102,0,3,0,8
86610.933596,2026-07-22T15:18:44.890,102,0,3,0,8
86610.935630,2026-07-22T15:18:44.892,102,0,3,0,8
86610.937677,2026-07-22T15:18:44.894,102,0,3,0,8
86610.940265,2026-07-22T15:18:44.896,102,0,3,0,8
86610.942316,2026-07-22T15:18:44.899,102,0,3,0,8
86610.944799,2026-07-22T15:18:44.901,102,0,3,0,8
86610.947365,2026-07-22T15:18:44.904,102,0,3,0,8
86610.949398,2026-07-22T15:18:44.906,102,0,3,0,8
86610.951432,2026-07-22T15:18:44.908,102,0,3,0,8
86610.953961,2026-07-22T15:18:44.910,102,0,3,0,8
86610.956472,2026-07-22T15:18:44.913,102,0,3,0,8
86610.959179,2026-07-22T15:18:44.916,102,0,3,0,8
86610.961679,2026-07-22T15:18:44.918,102,0,3,0,8
86610.964108,2026-07-22T15:18:44.921,102,0,3,0,8
86610.966616,2026-07-22T15:18:44.923,102,0,3,0,8
86610.970567,2026-07-22T15:18:44.926,102,0,3,0,8
86610.972674,2026-07-22T15:18:44.929,102,0,3,0,8
86610.975194,2026-07-22T15:18:44.932,102,0,3,0,8
86610.977688,2026-07-22T15:18:44.934,102,0,3,0,8
86610.979922,2026-07-22T15:18:44.936,102,0,3,0,8
86610.982427,2026-07-22T15:18:44.939,102,0,3,0,8
86610.984952,2026-07-22T15:18:44.941,102,0,3,0,8
86610.987440,2026-07-22T15:18:44.944,102,0,3,0,8
86610.989945,2026-07-22T15:18:44.946,102,0,3,0,8
86610.992449,2026-07-22T15:18:44.949,102,0,3,0,8
86610.994970,2026-07-22T15:18:44.951,102,0,3,0,8
86610.997476,2026-07-22T15:18:44.954,102,0,3,0,8
86610.999986,2026-07-22T15:18:44.956,102,0,3,0,8
86611.002140,2026-07-22T15:18:44.959,102,0,3,0,8
86611.004656,2026-07-22T15:18:44.961,102,0,3,0,8
86611.007187,2026-07-22T15:18:44.964,102,0,3,0,8
86611.009708,2026-07-22T15:18:44.966,102,0,3,0,8
86611.012234,2026-07-22T15:18:44.969,102,0,3,0,8
86611.014801,2026-07-22T15:18:44.971,102,0,3,0,8
86611.017266,2026-07-22T15:18:44.974,102,0,3,0,8
86611.019799,2026-07-22T15:18:44.976,102,0,3,0,8
86611.022218,2026-07-22T15:18:44.979,102,0,3,0,8
86611.024751,2026-07-22T15:18:44.981,102,0,3,0,8
86611.027288,2026-07-22T15:18:44.984,102,0,3,0,8
86611.029814,2026-07-22T15:18:44.986,102,0,3,0,8
86611.032336,2026-07-22T15:18:44.989,102,0,3,0,8
86611.034554,2026-07-22T15:18:44.991,102,0,3,0,8
86611.036595,2026-07-22T15:18:44.993,102,0,3,0,8
86611.038629,2026-07-22T15:18:44.995,102,0,3,0,8
86611.041158,2026-07-22T15:18:44.998,102,0,3,0,8
86611.043779,2026-07-22T15:18:45.000,102,0,3,0,8
86611.046039,2026-07-22T15:18:45.002,102,0,3,0,8
86611.048110,2026-07-22T15:18:45.005,102,0,3,0,8
86611.050517,2026-07-22T15:18:45.007,102,0,3,0,8
86611.052556,2026-07-22T15:18:45.009,102,0,3,0,8
86611.054588,2026-07-22T15:18:45.011,102,0,3,0,8
86611.057119,2026-07-22T15:18:45.014,102,0,3,0,8
86611.059736,2026-07-22T15:18:45.016,102,0,3,0,8
86611.062119,2026-07-22T15:18:45.019,102,0,3,0,8
86611.064363,2026-07-22T15:18:45.021,102,0,3,0,8
86611.066863,2026-07-22T15:18:45.023,102,0,3,0,8
86611.069380,2026-07-22T15:18:45.026,102,0,3,0,8
86611.071513,2026-07-22T15:18:45.028,102,0,3,0,8
86611.073544,2026-07-22T15:18:45.030,102,0,3,0,8
86611.075577,2026-07-22T15:18:45.032,102,0,3,0,8
86611.077600,2026-07-22T15:18:45.034,102,0,3,0,8
86611.079630,2026-07-22T15:18:45.036,102,0,3,0,8
86611.081673,2026-07-22T15:18:45.038,102,0,3,0,8
86611.083690,2026-07-22T15:18:45.040,102,0,3,0,8
86611.085752,2026-07-22T15:18:45.042,102,0,3,0,8
86611.087789,2026-07-22T15:18:45.044,102,0,3,0,8
86611.089830,2026-07-22T15:18:45.046,102,0,3,0,8
86611.091898,2026-07-22T15:18:45.048,102,0,3,0,8
86611.094350,2026-07-22T15:18:45.051,102,0,3,0,8
86611.096384,2026-07-22T15:18:45.053,102,0,3,0,8
86611.098915,2026-07-22T15:18:45.055,102,0,3,0,8
86611.100930,2026-07-22T15:18:45.057,102,0,3,0,8
86611.102944,2026-07-22T15:18:45.059,102,0,3,0,8
86611.105039,2026-07-22T15:18:45.062,102,0,3,0,8
86611.107208,2026-07-22T15:18:45.064,102,0,3,0,8
86611.109730,2026-07-22T15:18:45.066,102,0,3,0,8
86611.111992,2026-07-22T15:18:45.068,102,0,3,0,8
86611.114510,2026-07-22T15:18:45.071,102,0,3,0,8
86611.117028,2026-07-22T15:18:45.074,102,0,3,0,8
86611.119546,2026-07-22T15:18:45.076,102,0,3,0,8
86611.122082,2026-07-22T15:18:45.079,102,0,3,0,8
86611.124603,2026-07-22T15:18:45.081,102,0,3,0,8
86611.126924,2026-07-22T15:18:45.083,102,0,3,0,8
86611.128972,2026-07-22T15:18:45.085,102,0,3,0,8
86611.131502,2026-07-22T15:18:45.088,102,0,3,0,8
86611.134018,2026-07-22T15:18:45.090,102,0,3,0,8
86611.136114,2026-07-22T15:18:45.093,102,0,3,0,8
86611.138359,2026-07-22T15:18:45.095,144,0,3,0,8
86611.140857,2026-07-22T15:18:45.097,144,0,3,0,8
86611.143387,2026-07-22T15:18:45.100,144,0,3,0,8
86611.145828,2026-07-22T15:18:45.102,144,0,3,0,8
86611.148358,2026-07-22T15:18:45.105,144,0,3,0,8
86611.150876,2026-07-22T15:18:45.107,144,0,3,0,8
86611.153589,2026-07-22T15:18:45.110,144,0,3,0,8
86611.156082,2026-07-22T15:18:45.113,144,0,3,0,8
86611.158112,2026-07-22T15:18:45.115,144,0,3,0,8
86611.160637,2026-07-22T15:18:45.117,144,0,3,0,8
86611.163152,2026-07-22T15:18:45.120,144,0,3,0,8
86611.165677,2026-07-22T15:18:45.122,144,0,3,0,8
86611.167972,2026-07-22T15:18:45.124,144,0,3,0,8
86611.170273,2026-07-22T15:18:45.126,144,0,3,0,8
86611.172516,2026-07-22T15:18:45.129,144,0,3,0,8
86611.175006,2026-07-22T15:18:45.131,144,0,3,0,8
86611.177298,2026-07-22T15:18:45.134,144,0,3,0,8
86611.179582,2026-07-22T15:18:45.136,144,0,3,0,8
86611.181731,2026-07-22T15:18:45.138,144,0,3,0,8
86611.183838,2026-07-22T15:18:45.140,144,0,3,0,8
86611.186218,2026-07-22T15:18:45.143,144,0,3,0,8
86611.188860,2026-07-22T15:18:45.145,144,0,3,0,8
86611.191367,2026-07-22T15:18:45.148,144,0,3,0,8
86611.193401,2026-07-22T15:18:45.150,144,0,3,0,8
86611.195909,2026-07-22T15:18:45.152,144,0,3,0,8
86611.198420,2026-07-22T15:18:45.155,144,0,3,0,8
86611.200932,2026-07-22T15:18:45.157,144,0,3,0,8
86611.203443,2026-07-22T15:18:45.160,144,0,3,0,8
86611.205938,2026-07-22T15:18:45.162,144,0,3,0,8
86611.208452,2026-07-22T15:18:45.165,144,0,3,0,8
86611.210956,2026-07-22T15:18:45.167,144,0,3,0,8
86611.213460,2026-07-22T15:18:45.170,144,0,3,0,8
86611.216068,2026-07-22T15:18:45.173,144,0,3,0,8
86611.218224,2026-07-22T15:18:45.175,144,0,3,0,8
86611.220652,2026-07-22T15:18:45.177,144,0,3,0,8
86611.222693,2026-07-22T15:18:45.179,144,0,3,0,8
86611.224730,2026-07-22T15:18:45.181,144,0,3,0,8
86611.226761,2026-07-22T15:18:45.183,144,0,3,0,8
86611.229264,2026-07-22T15:18:45.186,144,0,3,0,8
86611.231494,2026-07-22T15:18:45.188,144,0,3,0,8
86611.233992,2026-07-22T15:18:45.190,144,0,3,0,8
86611.236521,2026-07-22T15:18:45.193,144,0,3,0,8
86611.239014,2026-07-22T15:18:45.195,144,0,3,0,8
86611.241527,2026-07-22T15:18:45.198,144,0,3,0,8
86611.244026,2026-07-22T15:18:45.200,144,0,3,0,8
86611.246544,2026-07-22T15:18:45.203,144,0,3,0,8
86611.249038,2026-07-22T15:18:45.206,144,0,3,0,8
86611.251545,2026-07-22T15:18:45.208,144,0,3,0,8
86611.254049,2026-07-22T15:18:45.211,144,0,3,0,8
86611.256550,2026-07-22T15:18:45.213,144,0,3,0,8
86611.259067,2026-07-22T15:18:45.216,144,0,3,0,8
86611.261568,2026-07-22T15:18:45.218,144,0,3,0,8
86611.264074,2026-07-22T15:18:45.221,144,0,3,0,8
86611.266587,2026-07-22T15:18:45.223,144,0,3,0,8
86611.268594,2026-07-22T15:18:45.225,144,0,3,0,8
86611.271096,2026-07-22T15:18:45.228,144,0,3,0,8
86611.273336,2026-07-22T15:18:45.230,144,0,3,0,8
86611.275670,2026-07-22T15:18:45.232,144,0,3,0,8
86611.278260,2026-07-22T15:18:45.235,144,0,3,0,8
86611.280758,2026-07-22T15:18:45.237,144,0,3,0,8
86611.283015,2026-07-22T15:18:45.239,144,0,3,0,8
86611.285029,2026-07-22T15:18:45.241,144,0,3,0,8
86611.287554,2026-07-22T15:18:45.244,144,0,3,0,8
86611.289584,2026-07-22T15:18:45.246,144,0,3,0,8
86611.292092,2026-07-22T15:18:45.249,144,0,3,0,8
86611.294146,2026-07-22T15:18:45.251,144,0,3,0,8
86611.296665,2026-07-22T15:18:45.253,144,0,3,0,8
86611.298679,2026-07-22T15:18:45.255,144,0,3,0,8
86611.301196,2026-07-22T15:18:45.258,144,0,3,0,8
86611.303222,2026-07-22T15:18:45.260,144,0,3,0,8
86611.305257,2026-07-22T15:18:45.262,144,0,3,0,8
86611.307798,2026-07-22T15:18:45.264,144,0,3,0,8
86611.310308,2026-07-22T15:18:45.267,144,0,3,0,8
86611.312818,2026-07-22T15:18:45.269,144,0,3,0,8
86611.315338,2026-07-22T15:18:45.272,144,0,3,0,8
86611.317374,2026-07-22T15:18:45.274,144,0,3,0,8
86611.319417,2026-07-22T15:18:45.276,144,0,3,0,8
86611.321463,2026-07-22T15:18:45.278,144,0,3,0,8
86611.324003,2026-07-22T15:18:45.280,144,0,3,0,8
86611.326535,2026-07-22T15:18:45.283,144,0,3,0,8
86611.329070,2026-07-22T15:18:45.286,144,0,3,0,8
86611.331684,2026-07-22T15:18:45.288,144,0,3,0,8
86611.334269,2026-07-22T15:18:45.291,144,0,3,0,8
86611.336786,2026-07-22T15:18:45.293,144,0,3,0,8
86611.339440,2026-07-22T15:18:45.296,144,0,3,0,8
86611.341787,2026-07-22T15:18:45.298,144,0,3,0,8
86611.343820,2026-07-22T15:18:45.300,144,0,3,0,8
86611.346346,2026-07-22T15:18:45.303,144,0,3,0,8
86611.348877,2026-07-22T15:18:45.305,144,0,3,0,8
86611.351488,2026-07-22T15:18:45.308,144,0,3,0,8
86611.353752,2026-07-22T15:18:45.310,144,0,3,0,8
86611.355864,2026-07-22T15:18:45.312,144,0,3,0,8
86611.358375,2026-07-22T15:18:45.315,144,0,3,0,8
86611.360399,2026-07-22T15:18:45.317,144,0,3,0,8
86611.362436,2026-07-22T15:18:45.319,144,0,3,0,8
86611.364470,2026-07-22T15:18:45.321,144,0,3,0,8
86611.366490,2026-07-22T15:18:45.323,144,0,3,0,8
86611.368513,2026-07-22T15:18:45.325,144,0,3,0,8
86611.370647,2026-07-22T15:18:45.327,144,0,3,0,8
86611.373084,2026-07-22T15:18:45.330,144,0,3,0,8
86611.375613,2026-07-22T15:18:45.332,185,0,3,0,8
86611.377879,2026-07-22T15:18:45.334,185,0,3,0,8
86611.380409,2026-07-22T15:18:45.337,185,0,3,0,8
86611.382941,2026-07-22T15:18:45.339,185,0,3,0,8
86611.385593,2026-07-22T15:18:45.342,185,0,3,0,8
86611.388124,2026-07-22T15:18:45.345,185,0,3,0,8
86611.390712,2026-07-22T15:18:45.347,185,0,3,0,8
86611.393399,2026-07-22T15:18:45.350,185,0,3,0,8
86611.396026,2026-07-22T15:18:45.352,185,0,3,0,8
86611.398742,2026-07-22T15:18:45.355,185,0,3,0,8
86611.401301,2026-07-22T15:18:45.358,185,0,3,0,8
86611.403795,2026-07-22T15:18:45.360,185,0,3,0,8
86611.405840,2026-07-22T15:18:45.362,185,0,3,0,8
86611.408360,2026-07-22T15:18:45.365,185,0,3,0,8
86611.410376,2026-07-22T15:18:45.367,185,0,3,0,8
86611.412413,2026-07-22T15:18:45.369,185,0,3,0,8
86611.414424,2026-07-22T15:18:45.371,185,0,3,0,8
86611.416497,2026-07-22T15:18:45.373,185,0,3,0,8
86611.418988,2026-07-22T15:18:45.374,185,0,3,0,8
86611.421534,2026-07-22T15:18:45.378,185,0,3,0,8
86611.423769,2026-07-22T15:18:45.380,185,0,3,0,8
86611.425890,2026-07-22T15:18:45.382,185,0,3,0,8
86611.428411,2026-07-22T15:18:45.385,185,0,3,0,8
86611.430927,2026-07-22T15:18:45.387,185,0,3,0,8
86611.433265,2026-07-22T15:18:45.390,185,0,3,0,8
86611.435363,2026-07-22T15:18:45.392,185,0,3,0,8
86611.438124,2026-07-22T15:18:45.395,185,0,3,0,8
86611.440633,2026-07-22T15:18:45.397,185,0,3,0,8
86611.443135,2026-07-22T15:18:45.400,185,0,3,0,8
86611.445648,2026-07-22T15:18:45.402,185,0,3,0,8
86611.448180,2026-07-22T15:18:45.405,185,0,3,0,8
86611.450701,2026-07-22T15:18:45.407,185,0,3,0,8
86611.453187,2026-07-22T15:18:45.410,185,0,3,0,8
86611.455537,2026-07-22T15:18:45.412,185,0,3,0,8
86611.457637,2026-07-22T15:18:45.414,185,0,3,0,8
86611.460216,2026-07-22T15:18:45.417,185,0,3,0,8
86611.462793,2026-07-22T15:18:45.419,185,0,3,0,8
86611.465297,2026-07-22T15:18:45.422,185,0,3,0,8
86611.467346,2026-07-22T15:18:45.424,185,0,3,0,8
86611.469346,2026-07-22T15:18:45.426,185,0,3,0,8
86611.471853,2026-07-22T15:18:45.428,185,0,3,0,8
86611.473868,2026-07-22T15:18:45.430,185,0,3,0,8
86611.476385,2026-07-22T15:18:45.433,185,0,3,0,8
86611.479095,2026-07-22T15:18:45.436,185,0,3,0,8
86611.481129,2026-07-22T15:18:45.438,185,0,3,0,8
86611.483165,2026-07-22T15:18:45.440,185,0,3,0,8
86611.485186,2026-07-22T15:18:45.442,185,0,3,0,8
86611.487740,2026-07-22T15:18:45.444,185,0,3,0,8
86611.490450,2026-07-22T15:18:45.447,185,0,3,0,8
86611.492739,2026-07-22T15:18:45.449,185,0,3,0,8
86611.494766,2026-07-22T15:18:45.451,185,0,3,0,8
86611.497287,2026-07-22T15:18:45.454,185,0,3,0,8
86611.499805,2026-07-22T15:18:45.456,185,0,3,0,8
86611.502325,2026-07-22T15:18:45.459,185,0,3,0,8
86611.504844,2026-07-22T15:18:45.461,185,0,3,0,8
86611.507024,2026-07-22T15:18:45.463,185,0,3,0,8
86611.509646,2026-07-22T15:18:45.466,185,0,3,0,8
86611.511919,2026-07-22T15:18:45.468,185,0,3,0,8
86611.514529,2026-07-22T15:18:45.471,185,0,3,0,8
86611.517195,2026-07-22T15:18:45.474,185,0,3,0,8
86611.519253,2026-07-22T15:18:45.475,185,0,3,0,8
86611.521745,2026-07-22T15:18:45.478,185,0,3,0,8
86611.523777,2026-07-22T15:18:45.480,185,0,3,0,8
86611.525797,2026-07-22T15:18:45.482,185,0,3,0,8
86611.528314,2026-07-22T15:18:45.485,185,0,3,0,8
86611.530344,2026-07-22T15:18:45.487,185,0,3,0,8
86611.532371,2026-07-22T15:18:45.489,185,0,3,0,8
86611.534386,2026-07-22T15:18:45.491,185,0,3,0,8
86611.536413,2026-07-22T15:18:45.493,185,0,3,0,8
86611.538443,2026-07-22T15:18:45.495,185,0,3,0,8
86611.540506,2026-07-22T15:18:45.497,185,0,3,0,8
86611.542519,2026-07-22T15:18:45.499,185,0,3,0,8
86611.544548,2026-07-22T15:18:45.501,185,0,3,0,8
86611.546882,2026-07-22T15:18:45.503,185,0,3,0,8
86611.549103,2026-07-22T15:18:45.506,185,0,3,0,8
86611.551622,2026-07-22T15:18:45.508,185,0,3,0,8
86611.553637,2026-07-22T15:18:45.510,185,0,3,0,8
86611.555698,2026-07-22T15:18:45.512,185,0,3,0,8
86611.557824,2026-07-22T15:18:45.514,185,0,3,0,8
86611.560355,2026-07-22T15:18:45.517,185,0,3,0,8
86611.562865,2026-07-22T15:18:45.519,185,0,3,0,8
86611.565383,2026-07-22T15:18:45.522,185,0,3,0,8
86611.567901,2026-07-22T15:18:45.524,185,0,3,0,8
86611.569940,2026-07-22T15:18:45.525,185,0,3,0,8
86611.572416,2026-07-22T15:18:45.529,185,0,3,0,8
86611.574460,2026-07-22T15:18:45.531,185,0,3,0,8
86611.576489,2026-07-22T15:18:45.533,185,0,3,0,8
86611.578603,2026-07-22T15:18:45.535,185,0,3,0,8
86611.580727,2026-07-22T15:18:45.537,185,0,3,0,8
86611.583220,2026-07-22T15:18:45.540,185,0,3,0,8
86611.585262,2026-07-22T15:18:45.542,185,0,3,0,8
86611.587766,2026-07-22T15:18:45.544,185,0,3,0,8
86611.590270,2026-07-22T15:18:45.547,185,0,3,0,8
86611.592776,2026-07-22T15:18:45.549,185,0,3,0,8
86611.595284,2026-07-22T15:18:45.552,185,0,3,0,8
86611.597789,2026-07-22T15:18:45.554,185,0,3,0,8
86611.600293,2026-07-22T15:18:45.557,185,0,3,0,8
86611.602804,2026-07-22T15:18:45.559,185,0,3,0,8
86611.605303,2026-07-22T15:18:45.562,185,0,3,0,8
86611.607804,2026-07-22T15:18:45.564,185,0,3,0,8
86611.610306,2026-07-22T15:18:45.567,185,0,3,0,8
86611.612810,2026-07-22T15:18:45.569,185,0,3,0,8
86611.615314,2026-07-22T15:18:45.572,185,0,3,0,8
86611.617818,2026-07-22T15:18:45.574,226,0,3,0,8
86611.620322,2026-07-22T15:18:45.577,226,0,3,0,8
86611.622840,2026-07-22T15:18:45.579,226,0,3,0,8
86611.625190,2026-07-22T15:18:45.582,226,0,3,0,8
86611.627402,2026-07-22T15:18:45.584,226,0,3,0,8
86611.629943,2026-07-22T15:18:45.586,226,0,3,0,8
86611.632447,2026-07-22T15:18:45.589,226,0,3,0,8
86611.634956,2026-07-22T15:18:45.591,226,0,3,0,8
86611.637465,2026-07-22T15:18:45.594,226,0,3,0,8
86611.639972,2026-07-22T15:18:45.596,226,0,3,0,8
86611.642488,2026-07-22T15:18:45.599,226,0,3,0,8
86611.644989,2026-07-22T15:18:45.601,226,0,3,0,8
86611.647250,2026-07-22T15:18:45.604,226,0,3,0,8
86611.649389,2026-07-22T15:18:45.606,226,0,3,0,8
86611.651887,2026-07-22T15:18:45.608,226,0,3,0,8
86611.654401,2026-07-22T15:18:45.611,226,0,3,0,8
86611.656914,2026-07-22T15:18:45.613,226,0,3,0,8
86611.659408,2026-07-22T15:18:45.616,226,0,3,0,8
86611.661910,2026-07-22T15:18:45.618,226,0,3,0,8
86611.664436,2026-07-22T15:18:45.621,226,0,3,0,8
86611.666942,2026-07-22T15:18:45.623,226,0,3,0,8
86611.669434,2026-07-22T15:18:45.626,226,0,3,0,8
86611.671502,2026-07-22T15:18:45.628,226,0,3,0,8
86611.673823,2026-07-22T15:18:45.630,226,0,3,0,8
86611.676287,2026-07-22T15:18:45.633,226,0,3,0,8
86611.678802,2026-07-22T15:18:45.635,226,0,3,0,8
86611.681346,2026-07-22T15:18:45.638,226,0,3,0,8
86611.683554,2026-07-22T15:18:45.640,226,0,3,0,8
86611.686070,2026-07-22T15:18:45.643,226,0,3,0,8
86611.688625,2026-07-22T15:18:45.645,226,0,3,0,8
86611.691333,2026-07-22T15:18:45.648,226,0,3,0,8
86611.693996,2026-07-22T15:18:45.650,226,0,3,0,8
86611.696035,2026-07-22T15:18:45.653,226,0,3,0,8
86611.698070,2026-07-22T15:18:45.655,226,0,3,0,8
86611.700104,2026-07-22T15:18:45.657,226,0,3,0,8
86611.702123,2026-07-22T15:18:45.659,226,0,3,0,8
86611.704148,2026-07-22T15:18:45.661,226,0,3,0,8
86611.706640,2026-07-22T15:18:45.663,226,0,3,0,8
86611.708670,2026-07-22T15:18:45.665,226,0,3,0,8
86611.710700,2026-07-22T15:18:45.667,226,0,3,0,8
86611.712743,2026-07-22T15:18:45.669,226,0,3,0,8
86611.715242,2026-07-22T15:18:45.672,226,0,3,0,8
86611.717265,2026-07-22T15:18:45.674,226,0,3,0,8
86611.719560,2026-07-22T15:18:45.676,226,0,3,0,8
86611.721596,2026-07-22T15:18:45.678,226,0,3,0,8
86611.723650,2026-07-22T15:18:45.680,226,0,3,0,8
86611.726137,2026-07-22T15:18:45.683,226,0,3,0,8
86611.728197,2026-07-22T15:18:45.685,226,0,3,0,8
86611.730261,2026-07-22T15:18:45.687,226,0,3,0,8
86611.732781,2026-07-22T15:18:45.689,226,0,3,0,8
86611.735303,2026-07-22T15:18:45.692,226,0,3,0,8
86611.737433,2026-07-22T15:18:45.694,226,0,3,0,8
86611.739685,2026-07-22T15:18:45.696,226,0,3,0,8
86611.741924,2026-07-22T15:18:45.698,226,0,3,0,8
86611.744438,2026-07-22T15:18:45.701,226,0,3,0,8
86611.746947,2026-07-22T15:18:45.703,226,0,3,0,8
86611.749473,2026-07-22T15:18:45.706,226,0,3,0,8
86611.751975,2026-07-22T15:18:45.708,226,0,3,0,8
86611.754495,2026-07-22T15:18:45.711,226,0,3,0,8
86611.757009,2026-07-22T15:18:45.713,226,0,3,0,8
86611.759576,2026-07-22T15:18:45.716,226,0,3,0,8
86611.762020,2026-07-22T15:18:45.718,226,0,3,0,8
86611.764056,2026-07-22T15:18:45.721,226,0,3,0,8
86611.766640,2026-07-22T15:18:45.723,226,0,3,0,8
86611.769188,2026-07-22T15:18:45.726,226,0,3,0,8
86611.771479,2026-07-22T15:18:45.728,226,0,3,0,8
86611.773502,2026-07-22T15:18:45.730,226,0,3,0,8
86611.776018,2026-07-22T15:18:45.732,226,0,3,0,8
86611.778532,2026-07-22T15:18:45.735,226,0,3,0,8
86611.780558,2026-07-22T15:18:45.737,226,0,3,0,8
86611.782593,2026-07-22T15:18:45.739,226,0,3,0,8
86611.784610,2026-07-22T15:18:45.741,226,0,3,0,8
86611.786779,2026-07-22T15:18:45.743,226,0,3,0,8
86611.789269,2026-07-22T15:18:45.746,226,0,3,0,8
86611.791325,2026-07-22T15:18:45.748,226,0,3,0,8
86611.793357,2026-07-22T15:18:45.750,226,0,3,0,8
86611.795874,2026-07-22T15:18:45.752,226,0,3,0,8
86611.797962,2026-07-22T15:18:45.754,226,0,3,0,8
86611.800215,2026-07-22T15:18:45.757,226,0,3,0,8
86611.802726,2026-07-22T15:18:45.759,226,0,3,0,8
86611.804757,2026-07-22T15:18:45.761,226,0,3,0,8
86611.806847,2026-07-22T15:18:45.763,226,0,3,0,8
86611.809363,2026-07-22T15:18:45.766,226,0,3,0,8
86611.811855,2026-07-22T15:18:45.768,226,0,3,0,8
86611.814405,2026-07-22T15:18:45.771,226,0,3,0,8
86611.816604,2026-07-22T15:18:45.773,226,0,3,0,8
86611.819123,2026-07-22T15:18:45.776,226,0,3,0,8
86611.821646,2026-07-22T15:18:45.778,226,0,3,0,8
86611.824131,2026-07-22T15:18:45.781,226,0,3,0,8
86611.826644,2026-07-22T15:18:45.783,226,0,3,0,8
86611.829143,2026-07-22T15:18:45.786,226,0,3,0,8
86611.831657,2026-07-22T15:18:45.788,226,0,3,0,8
86611.833718,2026-07-22T15:18:45.790,226,0,3,0,8
86611.836222,2026-07-22T15:18:45.793,226,0,3,0,8
86611.838729,2026-07-22T15:18:45.795,226,0,3,0,8
86611.841235,2026-07-22T15:18:45.798,226,0,3,0,8
86611.843740,2026-07-22T15:18:45.800,226,0,3,0,8
86611.845783,2026-07-22T15:18:45.802,226,0,3,0,8
86611.848312,2026-07-22T15:18:45.805,226,0,3,0,8
86611.850819,2026-07-22T15:18:45.807,226,0,3,0,8
86611.853354,2026-07-22T15:18:45.810,226,0,3,0,8
86611.855852,2026-07-22T15:18:45.812,226,0,3,0,8
86611.857911,2026-07-22T15:18:45.814,226,0,3,0,8
86611.859953,2026-07-22T15:18:45.816,226,0,3,0,8
86611.862015,2026-07-22T15:18:45.818,249,3,3,0,0
86611.864098,2026-07-22T15:18:45.821,249,3,3,0,0
86611.866164,2026-07-22T15:18:45.823,249,3,3,0,0
86611.868210,2026-07-22T15:18:45.825,249,3,3,0,0
86611.870322,2026-07-22T15:18:45.826,249,3,3,0,0
86611.872841,2026-07-22T15:18:45.829,249,3,3,0,0
86611.874904,2026-07-22T15:18:45.831,249,3,3,0,0
86611.876956,2026-07-22T15:18:45.833,249,3,3,0,0
86611.879003,2026-07-22T15:18:45.835,249,3,3,0,0
86611.881038,2026-07-22T15:18:45.838,249,3,3,0,0
86611.883091,2026-07-22T15:18:45.840,249,3,3,0,0
86611.885201,2026-07-22T15:18:45.842,249,3,3,0,0
86611.887249,2026-07-22T15:18:45.844,249,3,3,0,0
86611.889295,2026-07-22T15:18:45.846,249,3,3,0,0
86611.891364,2026-07-22T15:18:45.848,249,3,3,0,0
86611.893443,2026-07-22T15:18:45.850,249,3,3,0,0
86611.895485,2026-07-22T15:18:45.852,249,3,3,0,0
86611.898000,2026-07-22T15:18:45.854,249,3,3,0,0
86611.900686,2026-07-22T15:18:45.857,249,3,3,0,0
86611.903312,2026-07-22T15:18:45.860,249,3,3,0,0
86611.905500,2026-07-22T15:18:45.862,249,3,3,0,0
86611.907968,2026-07-22T15:18:45.864,249,3,3,0,0
86611.910011,2026-07-22T15:18:45.866,249,3,3,0,0
86611.912644,2026-07-22T15:18:45.869,249,3,3,0,0
86611.915167,2026-07-22T15:18:45.872,249,3,3,0,0
86611.917818,2026-07-22T15:18:45.874,249,3,3,0,0
86611.920170,2026-07-22T15:18:45.877,249,3,3,0,0
86611.922475,2026-07-22T15:18:45.879,249,3,3,0,0
86611.925082,2026-07-22T15:18:45.882,249,3,3,0,0
86611.927113,2026-07-22T15:18:45.884,249,3,3,0,0
86611.929789,2026-07-22T15:18:45.886,249,3,3,0,0
86611.932324,2026-07-22T15:18:45.889,249,3,3,0,0
86611.934547,2026-07-22T15:18:45.891,249,3,3,0,0
86611.937102,2026-07-22T15:18:45.894,249,3,3,0,0
86611.939131,2026-07-22T15:18:45.896,249,3,3,0,0
86611.941816,2026-07-22T15:18:45.898,249,3,3,0,0
86611.944324,2026-07-22T15:18:45.901,249,3,3,0,0
86611.946790,2026-07-22T15:18:45.903,249,3,3,0,0
86611.949318,2026-07-22T15:18:45.906,249,3,3,0,0
86611.951956,2026-07-22T15:18:45.908,249,3,3,0,0
86611.954442,2026-07-22T15:18:45.911,249,3,3,0,0
86611.956964,2026-07-22T15:18:45.913,249,3,3,0,0
86611.959564,2026-07-22T15:18:45.916,249,3,3,0,0
86611.961969,2026-07-22T15:18:45.918,249,3,3,0,0
86611.964485,2026-07-22T15:18:45.921,249,3,3,0,0
86611.966516,2026-07-22T15:18:45.923,249,3,3,0,0
86611.968526,2026-07-22T15:18:45.925,249,3,3,0,0
86611.970961,2026-07-22T15:18:45.927,249,3,3,0,0
86611.973005,2026-07-22T15:18:45.929,249,3,3,0,0
86611.975307,2026-07-22T15:18:45.932,249,3,3,0,0
86611.977827,2026-07-22T15:18:45.934,249,3,3,0,0
86611.980278,2026-07-22T15:18:45.937,249,3,3,0,0
86611.982799,2026-07-22T15:18:45.939,249,3,3,0,0
86611.985432,2026-07-22T15:18:45.942,249,3,3,0,0
86611.988049,2026-07-22T15:18:45.945,249,3,3,0,0
86611.990146,2026-07-22T15:18:45.947,249,3,3,0,0
86611.992629,2026-07-22T15:18:45.949,249,3,3,0,0
86611.994698,2026-07-22T15:18:45.951,249,3,3,0,0
86611.997186,2026-07-22T15:18:45.954,249,3,3,0,0
86611.999709,2026-07-22T15:18:45.956,249,3,3,0,0
86612.002518,2026-07-22T15:18:45.959,249,3,3,0,0
86612.005130,2026-07-22T15:18:45.962,249,3,3,0,0
86612.007563,2026-07-22T15:18:45.964,249,3,3,0,0
86612.010229,2026-07-22T15:18:45.967,249,3,3,0,0
86612.012748,2026-07-22T15:18:45.969,249,3,3,0,0
86612.014770,2026-07-22T15:18:45.971,249,3,3,0,0
86612.016803,2026-07-22T15:18:45.973,249,3,3,0,0
86612.018948,2026-07-22T15:18:45.975,249,3,3,0,0
86612.021150,2026-07-22T15:18:45.978,249,3,3,0,0
86612.023484,2026-07-22T15:18:45.980,249,3,3,0,0
86612.025978,2026-07-22T15:18:45.982,249,3,3,0,0
86612.028019,2026-07-22T15:18:45.984,249,3,3,0,0
86612.030634,2026-07-22T15:18:45.987,249,3,3,0,0
86612.033157,2026-07-22T15:18:45.990,249,3,3,0,0
86612.035955,2026-07-22T15:18:45.992,249,3,3,0,0
86612.038471,2026-07-22T15:18:45.995,249,3,3,0,0
86612.040640,2026-07-22T15:18:45.997,249,3,3,0,0
86612.043202,2026-07-22T15:18:46.000,249,3,3,0,0
86612.045734,2026-07-22T15:18:46.002,249,3,3,0,0
86612.048252,2026-07-22T15:18:46.005,249,3,3,0,0
86612.050795,2026-07-22T15:18:46.007,249,3,3,0,0
86612.053244,2026-07-22T15:18:46.010,249,3,3,0,0
86612.055256,2026-07-22T15:18:46.012,249,3,3,0,0
86612.057303,2026-07-22T15:18:46.014,249,3,3,0,0
86612.059806,2026-07-22T15:18:46.016,249,3,3,0,0
86612.061846,2026-07-22T15:18:46.018,249,3,3,0,0
86612.063881,2026-07-22T15:18:46.020,249,3,3,0,0
86612.066384,2026-07-22T15:18:46.023,249,3,3,0,0
86612.069047,2026-07-22T15:18:46.026,249,3,3,0,0
86612.071401,2026-07-22T15:18:46.028,249,3,3,0,0
86612.073925,2026-07-22T15:18:46.030,249,3,3,0,0
86612.076301,2026-07-22T15:18:46.033,249,3,3,0,0
86612.078828,2026-07-22T15:18:46.035,249,3,3,0,0
86612.081088,2026-07-22T15:18:46.038,249,3,3,0,0
86612.083420,2026-07-22T15:18:46.040,249,3,3,0,0
86612.085477,2026-07-22T15:18:46.042,249,3,3,0,0
86612.087979,2026-07-22T15:18:46.044,249,3,3,0,0
86612.090354,2026-07-22T15:18:46.047,249,3,3,0,0
86612.092630,2026-07-22T15:18:46.049,249,3,3,0,0
86612.095112,2026-07-22T15:18:46.052,249,3,3,0,0
86612.097130,2026-07-22T15:18:46.054,249,3,3,0,0
86612.099657,2026-07-22T15:18:46.056,249,3,3,0,0
86612.102134,2026-07-22T15:18:46.059,249,3,3,0,0
86612.104877,2026-07-22T15:18:46.061,249,3,3,0,0
86612.106955,2026-07-22T15:18:46.063,249,3,3,0,0
86612.109385,2026-07-22T15:18:46.066,249,3,3,0,0
86612.111907,2026-07-22T15:18:46.068,249,3,3,0,0
86612.114245,2026-07-22T15:18:46.071,249,3,3,0,0
86612.116768,2026-07-22T15:18:46.073,249,3,3,0,0
86612.119398,2026-07-22T15:18:46.076,249,3,3,0,0
86612.121755,2026-07-22T15:18:46.078,249,3,3,0,0
86612.123857,2026-07-22T15:18:46.080,249,3,3,0,0
86612.126295,2026-07-22T15:18:46.083,249,3,3,0,0
86612.128326,2026-07-22T15:18:46.085,249,3,3,0,0
86612.130786,2026-07-22T15:18:46.087,249,3,3,0,0
86612.133335,2026-07-22T15:18:46.090,249,3,3,0,0
86612.136285,2026-07-22T15:18:46.093,249,3,3,0,0
86612.138642,2026-07-22T15:18:46.095,249,3,3,0,0
86612.140850,2026-07-22T15:18:46.097,249,3,3,0,0
86612.143456,2026-07-22T15:18:46.100,249,3,3,0,0
86612.146172,2026-07-22T15:18:46.103,249,3,3,0,0
86612.148986,2026-07-22T15:18:46.105,249,3,3,0,0
86612.151028,2026-07-22T15:18:46.108,249,3,3,0,0
86612.153530,2026-07-22T15:18:46.110,249,3,3,0,0
86612.156041,2026-07-22T15:18:46.113,249,3,3,0,0
86612.158566,2026-07-22T15:18:46.115,249,3,3,0,0
86612.161079,2026-07-22T15:18:46.118,249,3,3,0,0
86612.163609,2026-07-22T15:18:46.120,249,3,3,0,0
86612.166275,2026-07-22T15:18:46.123,249,3,3,0,0
86612.168299,2026-07-22T15:18:46.125,249,3,3,0,0
86612.170894,2026-07-22T15:18:46.127,249,3,3,0,0
86612.173426,2026-07-22T15:18:46.130,249,3,3,0,0
86612.175950,2026-07-22T15:18:46.132,249,3,3,0,0
86612.177964,2026-07-22T15:18:46.134,249,3,3,0,0
86612.180622,2026-07-22T15:18:46.137,249,3,3,0,0
86612.183143,2026-07-22T15:18:46.140,249,3,3,0,0
86612.185410,2026-07-22T15:18:46.142,249,3,3,0,0
86612.188115,2026-07-22T15:18:46.145,249,3,3,0,0
86612.190156,2026-07-22T15:18:46.147,249,3,3,0,0
86612.192627,2026-07-22T15:18:46.149,249,3,3,0,0
86612.195151,2026-07-22T15:18:46.152,249,3,3,0,0
86612.197745,2026-07-22T15:18:46.154,249,3,3,0,0
86612.200264,2026-07-22T15:18:46.157,249,3,3,0,0
86612.202795,2026-07-22T15:18:46.159,249,3,3,0,0
86612.205244,2026-07-22T15:18:46.162,249,3,3,0,0
86612.207279,2026-07-22T15:18:46.164,249,3,3,0,0
86612.209289,2026-07-22T15:18:46.166,216,0,3,0,8
86612.211319,2026-07-22T15:18:46.168,216,0,3,0,8
86612.214047,2026-07-22T15:18:46.170,216,0,3,0,8
86612.216314,2026-07-22T15:18:46.173,216,0,3,0,8
86612.218935,2026-07-22T15:18:46.175,216,0,3,0,8
86612.221393,2026-07-22T15:18:46.178,216,0,3,0,8
86612.224074,2026-07-22T15:18:46.181,216,0,3,0,8
86612.226453,2026-07-22T15:18:46.183,216,0,3,0,8
86612.229112,2026-07-22T15:18:46.186,216,0,3,0,8
86612.231433,2026-07-22T15:18:46.188,216,0,3,0,8
86612.233889,2026-07-22T15:18:46.190,216,0,3,0,8
86612.236489,2026-07-22T15:18:46.193,216,0,3,0,8
86612.238637,2026-07-22T15:18:46.195,216,0,3,0,8
86612.241309,2026-07-22T15:18:46.198,216,0,3,0,8
86612.244116,2026-07-22T15:18:46.201,216,0,3,0,8
86612.246603,2026-07-22T15:18:46.203,216,0,3,0,8
86612.249015,2026-07-22T15:18:46.205,216,0,3,0,8
86612.251587,2026-07-22T15:18:46.208,216,0,3,0,8
86612.254091,2026-07-22T15:18:46.211,216,0,3,0,8
86612.256619,2026-07-22T15:18:46.213,216,0,3,0,8
86612.259164,2026-07-22T15:18:46.216,216,0,3,0,8
86612.261846,2026-07-22T15:18:46.218,216,0,3,0,8
86612.264374,2026-07-22T15:18:46.221,216,0,3,0,8
86612.266897,2026-07-22T15:18:46.223,216,0,3,0,8
86612.269247,2026-07-22T15:18:46.225,216,0,3,0,8
86612.271735,2026-07-22T15:18:46.228,216,0,3,0,8
86612.274248,2026-07-22T15:18:46.231,216,0,3,0,8
86612.276766,2026-07-22T15:18:46.233,216,0,3,0,8
86612.279455,2026-07-22T15:18:46.236,216,0,3,0,8
86612.281909,2026-07-22T15:18:46.238,216,0,3,0,8
86612.284628,2026-07-22T15:18:46.241,216,0,3,0,8
86612.287109,2026-07-22T15:18:46.244,216,0,3,0,8
86612.289794,2026-07-22T15:18:46.246,216,0,3,0,8
86612.292294,2026-07-22T15:18:46.249,216,0,3,0,8
86612.294518,2026-07-22T15:18:46.251,216,0,3,0,8
86612.297135,2026-07-22T15:18:46.254,216,0,3,0,8
86612.299678,2026-07-22T15:18:46.256,216,0,3,0,8
86612.302229,2026-07-22T15:18:46.259,216,0,3,0,8
86612.304649,2026-07-22T15:18:46.261,216,0,3,0,8
86612.307113,2026-07-22T15:18:46.264,216,0,3,0,8
86612.309632,2026-07-22T15:18:46.266,216,0,3,0,8
86612.312181,2026-07-22T15:18:46.269,216,0,3,0,8
86612.314701,2026-07-22T15:18:46.271,216,0,3,0,8
86612.317239,2026-07-22T15:18:46.274,216,0,3,0,8
86612.319874,2026-07-22T15:18:46.276,216,0,3,0,8
86612.322262,2026-07-22T15:18:46.279,216,0,3,0,8
86612.325081,2026-07-22T15:18:46.281,216,0,3,0,8
86612.327795,2026-07-22T15:18:46.284,216,0,3,0,8
86612.330256,2026-07-22T15:18:46.287,216,0,3,0,8
86612.333035,2026-07-22T15:18:46.290,216,0,3,0,8
86612.335554,2026-07-22T15:18:46.292,216,0,3,0,8
86612.338144,2026-07-22T15:18:46.295,216,0,3,0,8
86612.341171,2026-07-22T15:18:46.298,216,0,3,0,8
86612.343667,2026-07-22T15:18:46.300,216,0,3,0,8
86612.346364,2026-07-22T15:18:46.303,216,0,3,0,8
86612.348408,2026-07-22T15:18:46.305,216,0,3,0,8
86612.350830,2026-07-22T15:18:46.307,216,0,3,0,8
86612.353236,2026-07-22T15:18:46.310,216,0,3,0,8
86612.355736,2026-07-22T15:18:46.312,216,0,3,0,8
86612.358076,2026-07-22T15:18:46.315,216,0,3,0,8
86612.360692,2026-07-22T15:18:46.317,216,0,3,0,8
86612.363214,2026-07-22T15:18:46.320,216,0,3,0,8
86612.365764,2026-07-22T15:18:46.322,216,0,3,0,8
86612.368287,2026-07-22T15:18:46.325,216,0,3,0,8
86612.370727,2026-07-22T15:18:46.327,216,0,3,0,8
86612.373043,2026-07-22T15:18:46.330,216,0,3,0,8
86612.375124,2026-07-22T15:18:46.332,216,0,3,0,8
86612.377657,2026-07-22T15:18:46.334,216,0,3,0,8
86612.380174,2026-07-22T15:18:46.337,216,0,3,0,8
86612.382695,2026-07-22T15:18:46.339,216,0,3,0,8
86612.385213,2026-07-22T15:18:46.342,216,0,3,0,8
86612.387752,2026-07-22T15:18:46.344,216,0,3,0,8
86612.389999,2026-07-22T15:18:46.346,216,0,3,0,8
86612.392637,2026-07-22T15:18:46.349,216,0,3,0,8
86612.395112,2026-07-22T15:18:46.352,216,0,3,0,8
86612.397628,2026-07-22T15:18:46.354,216,0,3,0,8
86612.400248,2026-07-22T15:18:46.357,216,0,3,0,8
86612.403049,2026-07-22T15:18:46.359,216,0,3,0,8
86612.405612,2026-07-22T15:18:46.362,216,0,3,0,8
86612.407978,2026-07-22T15:18:46.364,216,0,3,0,8
86612.410609,2026-07-22T15:18:46.367,216,0,3,0,8
86612.413361,2026-07-22T15:18:46.370,216,0,3,0,8
86612.415846,2026-07-22T15:18:46.372,216,0,3,0,8
86612.418549,2026-07-22T15:18:46.375,216,0,3,0,8
86612.420755,2026-07-22T15:18:46.377,216,0,3,0,8
86612.423491,2026-07-22T15:18:46.380,216,0,3,0,8
86612.426286,2026-07-22T15:18:46.383,216,0,3,0,8
86612.429083,2026-07-22T15:18:46.386,216,0,3,0,8
86612.431687,2026-07-22T15:18:46.388,216,0,3,0,8
86612.433795,2026-07-22T15:18:46.390,216,0,3,0,8
86612.436196,2026-07-22T15:18:46.393,216,0,3,0,8
86612.438726,2026-07-22T15:18:46.395,216,0,3,0,8
86612.441524,2026-07-22T15:18:46.398,216,0,3,0,8
86612.443605,2026-07-22T15:18:46.400,216,0,3,0,8
86612.445948,2026-07-22T15:18:46.402,216,0,3,0,8
86612.448325,2026-07-22T15:18:46.405,216,0,3,0,8
86612.450972,2026-07-22T15:18:46.407,216,0,3,0,8
86612.453320,2026-07-22T15:18:46.410,119,0,3,0,9
86612.455331,2026-07-22T15:18:46.412,119,0,3,0,9
86612.457426,2026-07-22T15:18:46.414,119,0,3,0,9
86612.459945,2026-07-22T15:18:46.416,119,0,3,0,9
86612.462624,2026-07-22T15:18:46.419,119,0,3,0,9
86612.465170,2026-07-22T15:18:46.422,119,0,3,0,9
86612.467787,2026-07-22T15:18:46.424,119,0,3,0,9
86612.470382,2026-07-22T15:18:46.427,119,0,3,0,9
86612.472802,2026-07-22T15:18:46.429,119,0,3,0,9
86612.475054,2026-07-22T15:18:46.432,119,0,3,0,9
86612.477387,2026-07-22T15:18:46.434,119,0,3,0,9
86612.479923,2026-07-22T15:18:46.436,119,0,3,0,9
86612.482041,2026-07-22T15:18:46.439,119,0,3,0,9
86612.484686,2026-07-22T15:18:46.441,119,0,3,0,9
86612.487135,2026-07-22T15:18:46.444,119,0,3,0,9
86612.489764,2026-07-22T15:18:46.446,119,0,3,0,9
86612.492322,2026-07-22T15:18:46.449,119,0,3,0,9
86612.495034,2026-07-22T15:18:46.451,119,0,3,0,9
86612.497449,2026-07-22T15:18:46.454,119,0,3,0,9
86612.500181,2026-07-22T15:18:46.457,119,0,3,0,9
86612.502203,2026-07-22T15:18:46.459,119,0,3,0,9
86612.504639,2026-07-22T15:18:46.461,119,0,3,0,9
86612.507118,2026-07-22T15:18:46.464,119,0,3,0,9
86612.509763,2026-07-22T15:18:46.466,119,0,3,0,9
86612.512252,2026-07-22T15:18:46.469,119,0,3,0,9
86612.514919,2026-07-22T15:18:46.471,119,0,3,0,9
86612.517277,2026-07-22T15:18:46.474,119,0,3,0,9
86612.519879,2026-07-22T15:18:46.476,119,0,3,0,9
86612.522408,2026-07-22T15:18:46.479,119,0,3,0,9
86612.524929,2026-07-22T15:18:46.481,119,0,3,0,9
86612.527487,2026-07-22T15:18:46.484,119,0,3,0,9
86612.529939,2026-07-22T15:18:46.486,119,0,3,0,9
86612.532149,2026-07-22T15:18:46.489,119,0,3,0,9
86612.534595,2026-07-22T15:18:46.491,119,0,3,0,9
86612.537243,2026-07-22T15:18:46.494,119,0,3,0,9
86612.539855,2026-07-22T15:18:46.496,119,0,3,0,9
86612.542357,2026-07-22T15:18:46.499,119,0,3,0,9
86612.545030,2026-07-22T15:18:46.501,119,0,3,0,9
86612.547588,2026-07-22T15:18:46.504,119,0,3,0,9
86612.549788,2026-07-22T15:18:46.506,119,0,3,0,9
86612.552397,2026-07-22T15:18:46.509,119,0,3,0,9
86612.554839,2026-07-22T15:18:46.511,119,0,3,0,9
86612.557408,2026-07-22T15:18:46.514,119,0,3,0,9
86612.560152,2026-07-22T15:18:46.517,119,0,3,0,9
86612.562655,2026-07-22T15:18:46.519,119,0,3,0,9
86612.564679,2026-07-22T15:18:46.521,119,0,3,0,9
86612.567135,2026-07-22T15:18:46.524,119,0,3,0,9
86612.569617,2026-07-22T15:18:46.526,119,0,3,0,9
86612.572349,2026-07-22T15:18:46.529,119,0,3,0,9
86612.575108,2026-07-22T15:18:46.532,119,0,3,0,9
86612.577813,2026-07-22T15:18:46.534,119,0,3,0,9
86612.580290,2026-07-22T15:18:46.537,119,0,3,0,9
86612.582817,2026-07-22T15:18:46.539,119,0,3,0,9
86612.585291,2026-07-22T15:18:46.542,119,0,3,0,9
86612.587835,2026-07-22T15:18:46.544,119,0,3,0,9
86612.590323,2026-07-22T15:18:46.547,119,0,3,0,9
86612.592925,2026-07-22T15:18:46.549,119,0,3,0,9
86612.595684,2026-07-22T15:18:46.552,119,0,3,0,9
86612.598281,2026-07-22T15:18:46.555,119,0,3,0,9
86612.600958,2026-07-22T15:18:46.557,119,0,3,0,9
86612.603467,2026-07-22T15:18:46.560,119,0,3,0,9
86612.606194,2026-07-22T15:18:46.563,119,0,3,0,9
86612.608712,2026-07-22T15:18:46.565,119,0,3,0,9
86612.611259,2026-07-22T15:18:46.568,119,0,3,0,9
86612.613817,2026-07-22T15:18:46.570,119,0,3,0,9
86612.616304,2026-07-22T15:18:46.573,119,0,3,0,9
86612.618815,2026-07-22T15:18:46.575,119,0,3,0,9
86612.621116,2026-07-22T15:18:46.578,119,0,3,0,9
86612.623817,2026-07-22T15:18:46.580,119,0,3,0,9
86612.626182,2026-07-22T15:18:46.583,119,0,3,0,9
86612.628711,2026-07-22T15:18:46.585,119,0,3,0,9
86612.631276,2026-07-22T15:18:46.588,119,0,3,0,9
86612.634066,2026-07-22T15:18:46.591,119,0,3,0,9
86612.636670,2026-07-22T15:18:46.593,119,0,3,0,9
86612.639191,2026-07-22T15:18:46.596,119,0,3,0,9
86612.641788,2026-07-22T15:18:46.598,119,0,3,0,9
86612.644293,2026-07-22T15:18:46.601,119,0,3,0,9
86612.646755,2026-07-22T15:18:46.603,119,0,3,0,9
86612.649152,2026-07-22T15:18:46.606,119,0,3,0,9
86612.651754,2026-07-22T15:18:46.608,119,0,3,0,9
86612.654320,2026-07-22T15:18:46.611,119,0,3,0,9
86612.656793,2026-07-22T15:18:46.613,119,0,3,0,9
86612.659250,2026-07-22T15:18:46.616,119,0,3,0,9
86612.661704,2026-07-22T15:18:46.618,119,0,3,0,9
86612.664212,2026-07-22T15:18:46.621,119,0,3,0,9
86612.666257,2026-07-22T15:18:46.623,119,0,3,0,9
86612.668886,2026-07-22T15:18:46.625,119,0,3,0,9
86612.671044,2026-07-22T15:18:46.628,119,0,3,0,9
86612.673060,2026-07-22T15:18:46.630,119,0,3,0,9
86612.675571,2026-07-22T15:18:46.632,119,0,3,0,9
86612.677934,2026-07-22T15:18:46.634,119,0,3,0,9
86612.680470,2026-07-22T15:18:46.637,119,0,3,0,9
86612.682996,2026-07-22T15:18:46.639,119,0,3,0,9
86612.685541,2026-07-22T15:18:46.642,119,0,3,0,9
86612.688225,2026-07-22T15:18:46.645,119,0,3,0,9
86612.690792,2026-07-22T15:18:46.647,119,0,3,0,9
86612.693370,2026-07-22T15:18:46.650,119,0,3,0,9
86612.695957,2026-07-22T15:18:46.652,119,0,3,0,9
86612.698429,2026-07-22T15:18:46.655,21,0,3,0,8
86612.701052,2026-07-22T15:18:46.657,21,0,3,0,8
86612.703258,2026-07-22T15:18:46.660,21,0,3,0,8
86612.705775,2026-07-22T15:18:46.662,21,0,3,0,8
86612.707787,2026-07-22T15:18:46.664,21,0,3,0,8
86612.710239,2026-07-22T15:18:46.667,21,0,3,0,8
86612.712650,2026-07-22T15:18:46.669,21,0,3,0,8
86612.715094,2026-07-22T15:18:46.672,21,0,3,0,8
86612.717730,2026-07-22T15:18:46.674,21,0,3,0,8
86612.719807,2026-07-22T15:18:46.676,21,0,3,0,8
86612.722471,2026-07-22T15:18:46.679,21,0,3,0,8
86612.724989,2026-07-22T15:18:46.681,21,0,3,0,8
86612.727104,2026-07-22T15:18:46.684,21,0,3,0,8
86612.729616,2026-07-22T15:18:46.686,21,0,3,0,8
86612.732186,2026-07-22T15:18:46.689,21,0,3,0,8
86612.734500,2026-07-22T15:18:46.691,21,0,3,0,8
86612.736958,2026-07-22T15:18:46.693,21,0,3,0,8
86612.739366,2026-07-22T15:18:46.696,21,0,3,0,8
86612.741936,2026-07-22T15:18:46.698,21,0,3,0,8
86612.744478,2026-07-22T15:18:46.701,21,0,3,0,8
86612.746511,2026-07-22T15:18:46.703,21,0,3,0,8
86612.748996,2026-07-22T15:18:46.705,21,0,3,0,8
86612.751688,2026-07-22T15:18:46.708,21,0,3,0,8
86612.754205,2026-07-22T15:18:46.711,21,0,3,0,8
86612.756627,2026-07-22T15:18:46.713,21,0,3,0,8
86612.759172,2026-07-22T15:18:46.716,21,0,3,0,8
86612.761725,2026-07-22T15:18:46.718,21,0,3,0,8
86612.764204,2026-07-22T15:18:46.721,21,0,3,0,8
86612.766725,2026-07-22T15:18:46.723,21,0,3,0,8
86612.769249,2026-07-22T15:18:46.726,21,0,3,0,8
86612.771589,2026-07-22T15:18:46.728,21,0,3,0,8
86612.774213,2026-07-22T15:18:46.731,21,0,3,0,8
86612.776820,2026-07-22T15:18:46.733,21,0,3,0,8
86612.779461,2026-07-22T15:18:46.736,21,0,3,0,8
86612.782249,2026-07-22T15:18:46.739,21,0,3,0,8
86612.784788,2026-07-22T15:18:46.741,21,0,3,0,8
86612.787308,2026-07-22T15:18:46.744,21,0,3,0,8
86612.789974,2026-07-22T15:18:46.746,21,0,3,0,8
86612.792461,2026-07-22T15:18:46.749,21,0,3,0,8
86612.794984,2026-07-22T15:18:46.751,21,0,3,0,8
86612.797600,2026-07-22T15:18:46.754,21,0,3,0,8
86612.800130,2026-07-22T15:18:46.757,21,0,3,0,8
86612.802619,2026-07-22T15:18:46.759,21,0,3,0,8
86612.805124,2026-07-22T15:18:46.762,21,0,3,0,8
86612.807597,2026-07-22T15:18:46.764,21,0,3,0,8
86612.809623,2026-07-22T15:18:46.766,21,0,3,0,8
86612.812383,2026-07-22T15:18:46.769,21,0,3,0,8
86612.814857,2026-07-22T15:18:46.771,21,0,3,0,8
86612.817278,2026-07-22T15:18:46.774,21,0,3,0,8
86612.819778,2026-07-22T15:18:46.776,21,0,3,0,8
86612.822347,2026-07-22T15:18:46.779,21,0,3,0,8
86612.825061,2026-07-22T15:18:46.782,21,0,3,0,8
86612.827397,2026-07-22T15:18:46.784,21,0,3,0,8
86612.829427,2026-07-22T15:18:46.786,21,0,3,0,8
86612.831671,2026-07-22T15:18:46.788,21,0,3,0,8
86612.833945,2026-07-22T15:18:46.790,21,0,3,0,8
86612.835958,2026-07-22T15:18:46.792,21,0,3,0,8
86612.837980,2026-07-22T15:18:46.794,21,0,3,0,8
86612.840497,2026-07-22T15:18:46.797,21,0,3,0,8
86612.842967,2026-07-22T15:18:46.799,21,0,3,0,8
86612.845101,2026-07-22T15:18:46.802,21,0,3,0,8
86612.847403,2026-07-22T15:18:46.804,21,0,3,0,8
86612.849921,2026-07-22T15:18:46.806,21,0,3,0,8
86612.852633,2026-07-22T15:18:46.809,21,0,3,0,8
86612.855389,2026-07-22T15:18:46.812,21,0,3,0,8
86612.858106,2026-07-22T15:18:46.815,21,0,3,0,8
86612.860630,2026-07-22T15:18:46.817,21,0,3,0,8
86612.862643,2026-07-22T15:18:46.819,21,0,3,0,8
86612.864689,2026-07-22T15:18:46.821,21,0,3,0,8
86612.866729,2026-07-22T15:18:46.823,21,0,3,0,8
86612.868754,2026-07-22T15:18:46.825,21,0,3,0,8
86612.870796,2026-07-22T15:18:46.827,21,0,3,0,8
86612.873108,2026-07-22T15:18:46.830,21,0,3,0,8
86612.875724,2026-07-22T15:18:46.832,21,0,3,0,8
86612.878181,2026-07-22T15:18:46.835,21,0,3,0,8
86612.880612,2026-07-22T15:18:46.837,21,0,3,0,8
86612.883137,2026-07-22T15:18:46.840,21,0,3,0,8
86612.885719,2026-07-22T15:18:46.842,21,0,3,0,8
86612.887729,2026-07-22T15:18:46.844,21,0,3,0,8
86612.890324,2026-07-22T15:18:46.847,21,0,3,0,8
86612.892780,2026-07-22T15:18:46.849,21,0,3,0,8
86612.894875,2026-07-22T15:18:46.851,21,0,3,0,8
86612.897267,2026-07-22T15:18:46.854,21,0,3,0,8
86612.899753,2026-07-22T15:18:46.856,21,0,3,0,8
86612.902295,2026-07-22T15:18:46.859,21,0,3,0,8
86612.904813,2026-07-22T15:18:46.861,21,0,3,0,8
86612.907259,2026-07-22T15:18:46.864,21,0,3,0,8
86612.910042,2026-07-22T15:18:46.867,21,0,3,0,8
86612.912536,2026-07-22T15:18:46.869,21,0,3,0,8
86612.914965,2026-07-22T15:18:46.871,21,0,3,0,8
86612.917380,2026-07-22T15:18:46.874,21,0,3,0,8
86612.919900,2026-07-22T15:18:46.876,21,0,3,0,8
86612.922310,2026-07-22T15:18:46.879,21,0,3,0,8
86612.924959,2026-07-22T15:18:46.881,21,0,3,0,8
86612.927042,2026-07-22T15:18:46.884,21,0,3,0,8
86612.929598,2026-07-22T15:18:46.886,21,0,3,0,8
86612.932158,2026-07-22T15:18:46.889,21,0,3,0,8
86612.934327,2026-07-22T15:18:46.891,21,0,3,0,8
86612.936911,2026-07-22T15:18:46.893,21,0,3,0,8
86612.939240,2026-07-22T15:18:46.896,21,0,3,0,8
86612.941544,2026-07-22T15:18:46.898,3,3,3,0,0
86612.943605,2026-07-22T15:18:46.900,3,3,3,0,0
86612.945661,2026-07-22T15:18:46.902,3,3,3,0,0
86612.947724,2026-07-22T15:18:46.904,3,3,3,0,0
86612.949777,2026-07-22T15:18:46.906,3,3,3,0,0
86612.951830,2026-07-22T15:18:46.908,3,3,3,0,0
86612.954099,2026-07-22T15:18:46.911,3,3,3,0,0
86612.956141,2026-07-22T15:18:46.913,3,3,3,0,0
86612.958660,2026-07-22T15:18:46.915,3,3,3,0,0
86612.960685,2026-07-22T15:18:46.917,3,3,3,0,0
86612.962714,2026-07-22T15:18:46.919,3,3,3,0,0
86612.965217,2026-07-22T15:18:46.922,3,3,3,0,0
86612.967247,2026-07-22T15:18:46.924,3,3,3,0,0
86612.969753,2026-07-22T15:18:46.926,3,3,3,0,0
86612.972263,2026-07-22T15:18:46.929,3,3,3,0,0
86612.974283,2026-07-22T15:18:46.931,3,3,3,0,0
86612.976300,2026-07-22T15:18:46.933,3,3,3,0,0
86612.978823,2026-07-22T15:18:46.935,3,3,3,0,0
86612.981471,2026-07-22T15:18:46.938,3,3,3,0,0
86612.984112,2026-07-22T15:18:46.941,3,3,3,0,0
86612.986788,2026-07-22T15:18:46.943,3,3,3,0,0
86612.989283,2026-07-22T15:18:46.946,3,3,3,0,0
86612.991778,2026-07-22T15:18:46.948,3,3,3,0,0
86612.994216,2026-07-22T15:18:46.951,3,3,3,0,0
86612.996758,2026-07-22T15:18:46.953,3,3,3,0,0
86612.999152,2026-07-22T15:18:46.956,3,3,3,0,0
86613.001776,2026-07-22T15:18:46.958,3,3,3,0,0
86613.004403,2026-07-22T15:18:46.961,3,3,3,0,0
86613.006925,2026-07-22T15:18:46.963,3,3,3,0,0
86613.009369,2026-07-22T15:18:46.966,3,3,3,0,0
86613.012031,2026-07-22T15:18:46.969,3,3,3,0,0
86613.014043,2026-07-22T15:18:46.971,3,3,3,0,0
86613.016595,2026-07-22T15:18:46.973,3,3,3,0,0
86613.018758,2026-07-22T15:18:46.975,3,3,3,0,0
86613.021168,2026-07-22T15:18:46.978,3,3,3,0,0
86613.023805,2026-07-22T15:18:46.980,3,3,3,0,0
86613.025989,2026-07-22T15:18:46.982,3,3,3,0,0
86613.028728,2026-07-22T15:18:46.985,3,3,3,0,0
86613.031250,2026-07-22T15:18:46.988,3,3,3,0,0
86613.033847,2026-07-22T15:18:46.990,3,3,3,0,0
86613.036384,2026-07-22T15:18:46.993,3,3,3,0,0
86613.038935,2026-07-22T15:18:46.995,3,3,3,0,0
86613.041442,2026-07-22T15:18:46.998,3,3,3,0,0
86613.043961,2026-07-22T15:18:47.000,3,3,3,0,0
86613.046463,2026-07-22T15:18:47.003,3,3,3,0,0
86613.049008,2026-07-22T15:18:47.005,3,3,3,0,0
86613.051335,2026-07-22T15:18:47.008,3,3,3,0,0
86613.053935,2026-07-22T15:18:47.010,3,3,3,0,0
86613.056431,2026-07-22T15:18:47.013,3,3,3,0,0
86613.058948,2026-07-22T15:18:47.015,3,3,3,0,0
86613.061445,2026-07-22T15:18:47.018,3,3,3,0,0
86613.063974,2026-07-22T15:18:47.020,3,3,3,0,0
86613.066619,2026-07-22T15:18:47.023,3,3,3,0,0
86613.069214,2026-07-22T15:18:47.026,3,3,3,0,0
86613.071939,2026-07-22T15:18:47.028,3,3,3,0,0
86613.074699,2026-07-22T15:18:47.031,3,3,3,0,0
86613.077031,2026-07-22T15:18:47.033,3,3,3,0,0
86613.079642,2026-07-22T15:18:47.036,3,3,3,0,0
86613.082304,2026-07-22T15:18:47.039,3,3,3,0,0
86613.085048,2026-07-22T15:18:47.042,3,3,3,0,0
86613.087762,2026-07-22T15:18:47.044,3,3,3,0,0
86613.090445,2026-07-22T15:18:47.047,3,3,3,0,0
86613.093027,2026-07-22T15:18:47.049,3,3,3,0,0
86613.095736,2026-07-22T15:18:47.052,3,3,3,0,0
86613.098332,2026-07-22T15:18:47.055,3,3,3,0,0
86613.100883,2026-07-22T15:18:47.057,3,3,3,0,0
86613.103466,2026-07-22T15:18:47.060,3,3,3,0,0
86613.106085,2026-07-22T15:18:47.063,3,3,3,0,0
86613.108676,2026-07-22T15:18:47.065,3,3,3,0,0
86613.111270,2026-07-22T15:18:47.068,3,3,3,0,0
86613.113892,2026-07-22T15:18:47.070,3,3,3,0,0
86613.116483,2026-07-22T15:18:47.073,3,3,3,0,0
86613.118949,2026-07-22T15:18:47.075,3,3,3,0,0
86613.121417,2026-07-22T15:18:47.078,3,3,3,0,0
86613.124120,2026-07-22T15:18:47.081,3,3,3,0,0
86613.126835,2026-07-22T15:18:47.083,3,3,3,0,0
86613.128998,2026-07-22T15:18:47.085,3,3,3,0,0
86613.131602,2026-07-22T15:18:47.088,3,3,3,0,0
86613.134269,2026-07-22T15:18:47.091,3,3,3,0,0
86613.136631,2026-07-22T15:18:47.093,3,3,3,0,0
86613.139368,2026-07-22T15:18:47.096,3,3,3,0,0
86613.141755,2026-07-22T15:18:47.098,3,3,3,0,0
86613.144219,2026-07-22T15:18:47.101,3,3,3,0,0
86613.146650,2026-07-22T15:18:47.103,3,3,3,0,0
86613.149207,2026-07-22T15:18:47.106,3,3,3,0,0
86613.151651,2026-07-22T15:18:47.108,3,3,3,0,0
86613.154272,2026-07-22T15:18:47.111,3,3,3,0,0
86613.157079,2026-07-22T15:18:47.113,3,3,3,0,0
86613.159433,2026-07-22T15:18:47.116,3,3,3,0,0
86613.162045,2026-07-22T15:18:47.119,3,3,3,0,0
86613.164567,2026-07-22T15:18:47.121,3,3,3,0,0
86613.167112,2026-07-22T15:18:47.124,3,3,3,0,0
86613.169473,2026-07-22T15:18:47.126,3,3,3,0,0
86613.172383,2026-07-22T15:18:47.128,3,3,3,0,0
86613.174471,2026-07-22T15:18:47.131,3,3,3,0,0
86613.176498,2026-07-22T15:18:47.133,3,3,3,0,0
86613.179096,2026-07-22T15:18:47.136,3,3,3,0,0
86613.181516,2026-07-22T15:18:47.138,3,3,3,0,0
86613.183854,2026-07-22T15:18:47.140,3,3,3,0,0
86613.185915,2026-07-22T15:18:47.142,3,3,3,0,0
86613.188544,2026-07-22T15:18:47.145,3,3,3,0,0
86613.191168,2026-07-22T15:18:47.148,3,3,3,0,0
86613.193802,2026-07-22T15:18:47.150,3,3,3,0,0
86613.196329,2026-07-22T15:18:47.153,3,3,3,0,0
86613.198966,2026-07-22T15:18:47.155,3,3,3,0,0
86613.201773,2026-07-22T15:18:47.158,3,3,3,0,0
86613.204393,2026-07-22T15:18:47.161,3,3,3,0,0
86613.207107,2026-07-22T15:18:47.164,3,3,3,0,0
86613.209626,2026-07-22T15:18:47.166,3,3,3,0,0
86613.212236,2026-07-22T15:18:47.169,3,3,3,0,0
86613.214746,2026-07-22T15:18:47.171,3,3,3,0,0
86613.217264,2026-07-22T15:18:47.174,3,3,3,0,0
86613.219959,2026-07-22T15:18:47.176,3,3,3,0,0
86613.222297,2026-07-22T15:18:47.179,3,3,3,0,0
86613.224344,2026-07-22T15:18:47.181,3,3,3,0,0
86613.226395,2026-07-22T15:18:47.183,3,3,3,0,0
86613.228417,2026-07-22T15:18:47.185,3,3,3,0,0
86613.230465,2026-07-22T15:18:47.187,3,3,3,0,0
86613.232500,2026-07-22T15:18:47.189,3,3,3,0,0
86613.234591,2026-07-22T15:18:47.191,3,3,3,0,0
86613.237103,2026-07-22T15:18:47.194,3,3,3,0,0
86613.239623,2026-07-22T15:18:47.196,3,3,3,0,0
86613.241649,2026-07-22T15:18:47.198,3,3,3,0,0
86613.243669,2026-07-22T15:18:47.200,3,3,3,0,0
86613.246177,2026-07-22T15:18:47.203,3,3,3,0,0
86613.248214,2026-07-22T15:18:47.205,3,3,3,0,0
86613.250715,2026-07-22T15:18:47.207,3,3,3,0,0
86613.252868,2026-07-22T15:18:47.209,3,3,3,0,0
86613.255385,2026-07-22T15:18:47.212,3,3,3,0,0
86613.257892,2026-07-22T15:18:47.214,3,3,3,0,0
86613.259916,2026-07-22T15:18:47.216,3,3,3,0,0
86613.262426,2026-07-22T15:18:47.219,3,3,3,0,0
86613.264932,2026-07-22T15:18:47.221,3,3,3,0,0
86613.266945,2026-07-22T15:18:47.223,3,3,3,0,0
86613.269071,2026-07-22T15:18:47.225,3,3,3,0,0
86613.271532,2026-07-22T15:18:47.228,3,3,3,0,0
86613.274031,2026-07-22T15:18:47.231,3,3,3,0,0
86613.276053,2026-07-22T15:18:47.233,3,3,3,0,0
86613.278552,2026-07-22T15:18:47.235,3,3,3,0,0
86613.280569,2026-07-22T15:18:47.237,3,3,3,0,0
86613.282658,2026-07-22T15:18:47.239,3,3,3,0,0
86613.285137,2026-07-22T15:18:47.242,3,3,3,0,0
86613.287825,2026-07-22T15:18:47.244,3,3,3,0,0
86613.290317,2026-07-22T15:18:47.247,3,3,3,0,0
86613.293149,2026-07-22T15:18:47.250,3,3,3,0,0
86613.295831,2026-07-22T15:18:47.252,3,3,3,0,0
86613.298273,2026-07-22T15:18:47.255,3,3,3,0,0
86613.300929,2026-07-22T15:18:47.257,3,3,3,0,0
86613.303505,2026-07-22T15:18:47.260,3,3,3,0,0
86613.306005,2026-07-22T15:18:47.262,3,3,3,0,0
86613.308598,2026-07-22T15:18:47.265,3,3,3,0,0
86613.311181,2026-07-22T15:18:47.268,3,3,3,0,0
86613.313936,2026-07-22T15:18:47.270,3,3,3,0,0
86613.316535,2026-07-22T15:18:47.273,3,3,3,0,0
86613.319111,2026-07-22T15:18:47.276,3,3,3,0,0
86613.321592,2026-07-22T15:18:47.278,3,3,3,0,0
86613.324125,2026-07-22T15:18:47.281,3,3,3,0,0
86613.326657,2026-07-22T15:18:47.283,3,3,3,0,0
86613.329207,2026-07-22T15:18:47.286,3,3,3,0,0
86613.331783,2026-07-22T15:18:47.288,3,3,3,0,0
86613.334148,2026-07-22T15:18:47.291,3,3,3,0,0
86613.336834,2026-07-22T15:18:47.293,3,3,3,0,0
86613.339367,2026-07-22T15:18:47.296,3,3,3,0,0
86613.341866,2026-07-22T15:18:47.298,3,3,3,0,0
86613.344340,2026-07-22T15:18:47.301,3,3,3,0,0
86613.346846,2026-07-22T15:18:47.303,3,3,3,0,0
86613.349449,2026-07-22T15:18:47.306,3,3,3,0,0
86613.352024,2026-07-22T15:18:47.308,3,3,3,0,0
86613.354455,2026-07-22T15:18:47.311,3,3,3,0,0
86613.356967,2026-07-22T15:18:47.313,3,3,3,0,0
86613.359417,2026-07-22T15:18:47.316,3,3,3,0,0
86613.361984,2026-07-22T15:18:47.318,3,3,3,0,0
86613.364494,2026-07-22T15:18:47.321,3,3,3,0,0
86613.366999,2026-07-22T15:18:47.323,3,3,3,0,0
86613.369618,2026-07-22T15:18:47.326,3,3,3,0,0
86613.372251,2026-07-22T15:18:47.329,3,3,3,0,0
86613.374485,2026-07-22T15:18:47.331,3,3,3,0,0
86613.377147,2026-07-22T15:18:47.334,3,3,3,0,0
86613.379593,2026-07-22T15:18:47.336,3,3,3,0,0
86613.382244,2026-07-22T15:18:47.339,3,3,3,0,0
86613.384966,2026-07-22T15:18:47.341,3,3,3,0,0
86613.387269,2026-07-22T15:18:47.344,3,3,3,0,0
86613.389950,2026-07-22T15:18:47.346,3,3,3,0,0
86613.392461,2026-07-22T15:18:47.349,3,3,3,0,0
86613.395104,2026-07-22T15:18:47.352,3,3,3,0,0
86613.397644,2026-07-22T15:18:47.354,3,3,3,0,0
86613.400133,2026-07-22T15:18:47.357,3,3,3,0,0
86613.402585,2026-07-22T15:18:47.359,3,3,3,0,0
86613.405051,2026-07-22T15:18:47.362,3,3,3,0,0
86613.407537,2026-07-22T15:18:47.364,3,3,3,0,0
86613.410333,2026-07-22T15:18:47.367,3,3,3,0,0
86613.412948,2026-07-22T15:18:47.369,3,3,3,0,0
86613.415497,2026-07-22T15:18:47.372,3,3,3,0,0
86613.418187,2026-07-22T15:18:47.375,3,3,3,0,0
86613.420746,2026-07-22T15:18:47.377,3,3,3,0,0
86613.422811,2026-07-22T15:18:47.379,3,3,3,0,0
86613.425465,2026-07-22T15:18:47.382,3,3,3,0,0
86613.427917,2026-07-22T15:18:47.384,3,3,3,0,0
86613.430723,2026-07-22T15:18:47.387,3,3,3,0,0
86613.433246,2026-07-22T15:18:47.390,3,3,3,0,0
86613.435512,2026-07-22T15:18:47.392,3,3,3,0,0
86613.438210,2026-07-22T15:18:47.395,3,3,3,0,0
86613.441012,2026-07-22T15:18:47.397,3,3,3,0,0
86613.443581,2026-07-22T15:18:47.400,3,3,3,0,0
86613.445635,2026-07-22T15:18:47.402,3,3,3,0,0
86613.448251,2026-07-22T15:18:47.405,3,3,3,0,0
86613.450863,2026-07-22T15:18:47.407,3,3,3,0,0
86613.453057,2026-07-22T15:18:47.409,3,3,3,0,0
86613.455395,2026-07-22T15:18:47.412,3,3,3,0,0
86613.457915,2026-07-22T15:18:47.414,3,3,3,0,0
86613.460416,2026-07-22T15:18:47.417,3,3,3,0,0
86613.462442,2026-07-22T15:18:47.419,3,3,3,0,0
86613.464487,2026-07-22T15:18:47.421,3,3,3,0,0
86613.466998,2026-07-22T15:18:47.423,3,3,3,0,0
86613.469458,2026-07-22T15:18:47.426,3,3,3,0,0
86613.471976,2026-07-22T15:18:47.428,3,3,3,0,0
86613.474291,2026-07-22T15:18:47.430,3,3,3,0,0
86613.476772,2026-07-22T15:18:47.433,3,3,3,0,0
86613.479283,2026-07-22T15:18:47.436,3,3,3,0,0
86613.481867,2026-07-22T15:18:47.438,3,3,3,0,0
86613.484394,2026-07-22T15:18:47.441,3,3,3,0,0
86613.486499,2026-07-22T15:18:47.443,3,3,3,0,0
86613.488969,2026-07-22T15:18:47.445,3,3,3,0,0
86613.491283,2026-07-22T15:18:47.448,3,3,3,0,0
86613.493901,2026-07-22T15:18:47.450,3,3,3,0,0
86613.496116,2026-07-22T15:18:47.453,3,3,3,0,0
86613.498598,2026-07-22T15:18:47.455,3,3,3,0,0
86613.501111,2026-07-22T15:18:47.458,3,3,3,0,0
86613.503301,2026-07-22T15:18:47.460,3,3,3,0,0
86613.505794,2026-07-22T15:18:47.462,3,3,3,0,0
86613.508134,2026-07-22T15:18:47.465,3,3,3,0,0
86613.510607,2026-07-22T15:18:47.467,3,3,3,0,0
86613.513114,2026-07-22T15:18:47.470,3,3,3,0,0
86613.515642,2026-07-22T15:18:47.472,3,3,3,0,0
86613.518166,2026-07-22T15:18:47.475,3,3,3,0,0
86613.520680,2026-07-22T15:18:47.477,3,3,3,0,0
86613.522716,2026-07-22T15:18:47.479,3,3,3,0,0
86613.525213,2026-07-22T15:18:47.482,3,3,3,0,0
86613.527642,2026-07-22T15:18:47.484,3,3,3,0,0
86613.529903,2026-07-22T15:18:47.486,3,3,3,0,0
86613.531915,2026-07-22T15:18:47.488,3,3,3,0,0
86613.533949,2026-07-22T15:18:47.490,3,3,3,0,0
86613.536260,2026-07-22T15:18:47.493,3,3,3,0,0
86613.538282,2026-07-22T15:18:47.495,3,3,3,0,0
86613.540824,2026-07-22T15:18:47.497,3,3,3,0,0
86613.543625,2026-07-22T15:18:47.500,3,3,3,0,0
86613.546132,2026-07-22T15:18:47.503,3,3,3,0,0
86613.548494,2026-07-22T15:18:47.505,3,3,3,0,0
86613.551004,2026-07-22T15:18:47.507,3,3,3,0,0
86613.553459,2026-07-22T15:18:47.509,3,3,3,0,0
86613.555555,2026-07-22T15:18:47.512,3,3,3,0,0
86613.558096,2026-07-22T15:18:47.515,3,3,3,0,0
86613.560617,2026-07-22T15:18:47.517,3,3,3,0,0
86613.562659,2026-07-22T15:18:47.519,3,3,3,0,0
86613.564715,2026-07-22T15:18:47.521,3,3,3,0,0
86613.567427,2026-07-22T15:18:47.524,3,3,3,0,0
86613.569880,2026-07-22T15:18:47.526,3,3,3,0,0
86613.572431,2026-07-22T15:18:47.529,3,3,3,0,0
86613.574586,2026-07-22T15:18:47.530,3,3,3,0,0
86613.576965,2026-07-22T15:18:47.533,3,3,3,0,0
86613.579531,2026-07-22T15:18:47.536,3,3,3,0,0
86613.582002,2026-07-22T15:18:47.538,3,3,3,0,0
86613.584024,2026-07-22T15:18:47.540,3,3,3,0,0
86613.586621,2026-07-22T15:18:47.543,3,3,3,0,0
86613.589401,2026-07-22T15:18:47.546,3,3,3,0,0
86613.592079,2026-07-22T15:18:47.549,3,3,3,0,0
86613.594669,2026-07-22T15:18:47.551,3,3,3,0,0
86613.597164,2026-07-22T15:18:47.554,3,3,3,0,0
86613.599683,2026-07-22T15:18:47.556,3,3,3,0,0
86613.601923,2026-07-22T15:18:47.558,3,3,3,0,0
86613.604033,2026-07-22T15:18:47.560,3,3,3,0,0
86613.606553,2026-07-22T15:18:47.563,3,3,3,0,0
86613.609068,2026-07-22T15:18:47.566,3,3,3,0,0
86613.611577,2026-07-22T15:18:47.568,3,3,3,0,0
86613.613603,2026-07-22T15:18:47.570,3,3,3,0,0
86613.616121,2026-07-22T15:18:47.573,3,3,3,0,0
86613.618173,2026-07-22T15:18:47.575,3,3,3,0,0
86613.620943,2026-07-22T15:18:47.577,3,3,3,0,0
86613.623455,2026-07-22T15:18:47.580,3,3,3,0,0
86613.625688,2026-07-22T15:18:47.582,3,3,3,0,0
86613.628126,2026-07-22T15:18:47.585,3,3,3,0,0
86613.630660,2026-07-22T15:18:47.587,3,3,3,0,0
86613.633178,2026-07-22T15:18:47.590,3,3,3,0,0
86613.635217,2026-07-22T15:18:47.592,3,3,3,0,0
86613.637625,2026-07-22T15:18:47.594,3,3,3,0,0
86613.640145,2026-07-22T15:18:47.597,3,3,3,0,0
86613.642824,2026-07-22T15:18:47.599,3,3,3,0,0
86613.645264,2026-07-22T15:18:47.602,3,3,3,0,0
86613.647308,2026-07-22T15:18:47.604,3,3,3,0,0
86613.649834,2026-07-22T15:18:47.606,3,3,3,0,0
86613.652364,2026-07-22T15:18:47.609,3,3,3,0,0
86613.654417,2026-07-22T15:18:47.611,3,3,3,0,0
86613.657000,2026-07-22T15:18:47.613,3,3,3,0,0
86613.659669,2026-07-22T15:18:47.616,3,3,3,0,0
86613.661939,2026-07-22T15:18:47.618,3,3,3,0,0
86613.663966,2026-07-22T15:18:47.620,3,3,3,0,0
86613.666147,2026-07-22T15:18:47.623,3,3,3,0,0
86613.668673,2026-07-22T15:18:47.625,3,3,3,0,0
86613.671276,2026-07-22T15:18:47.628,3,3,3,0,0
86613.674392,2026-07-22T15:18:47.631,3,3,3,0,0
86613.676796,2026-07-22T15:18:47.633,3,3,3,0,0
86613.678817,2026-07-22T15:18:47.635,3,3,3,0,0
86613.681061,2026-07-22T15:18:47.638,3,3,3,0,0
86613.683083,2026-07-22T15:18:47.640,3,3,3,0,0
86613.685137,2026-07-22T15:18:47.642,3,3,3,0,0
86613.687917,2026-07-22T15:18:47.644,3,3,3,0,0
86613.690378,2026-07-22T15:18:47.647,3,3,3,0,0
86613.692416,2026-07-22T15:18:47.649,3,3,3,0,0
86613.694760,2026-07-22T15:18:47.651,3,3,3,0,0
86613.697267,2026-07-22T15:18:47.654,3,3,3,0,0
86613.700028,2026-07-22T15:18:47.657,3,3,3,0,0
86613.702564,2026-07-22T15:18:47.659,3,3,3,0,0
86613.704876,2026-07-22T15:18:47.661,3,3,3,0,0
86613.707587,2026-07-22T15:18:47.664,3,3,3,0,0
86613.709662,2026-07-22T15:18:47.666,3,3,3,0,0
86613.712180,2026-07-22T15:18:47.669,3,3,3,0,0
86613.714211,2026-07-22T15:18:47.671,3,3,3,0,0
86613.716599,2026-07-22T15:18:47.673,3,3,3,0,0
86613.719142,2026-07-22T15:18:47.676,3,3,3,0,0
86613.721896,2026-07-22T15:18:47.678,3,3,3,0,0
86613.724059,2026-07-22T15:18:47.681,3,3,3,0,0
86613.726085,2026-07-22T15:18:47.683,3,3,3,0,0
86613.728710,2026-07-22T15:18:47.685,3,3,3,0,0
86613.730743,2026-07-22T15:18:47.687,3,3,3,0,0
86613.733281,2026-07-22T15:18:47.690,3,3,3,0,0
86613.735816,2026-07-22T15:18:47.692,3,3,3,0,0
86613.737918,2026-07-22T15:18:47.694,3,3,3,0,0
86613.739970,2026-07-22T15:18:47.696,3,3,3,0,0
86613.742000,2026-07-22T15:18:47.698,3,3,3,0,0
86613.744745,2026-07-22T15:18:47.701,3,3,3,0,0
86613.747255,2026-07-22T15:18:47.704,3,3,3,0,0
86613.749869,2026-07-22T15:18:47.706,3,3,3,0,0
86613.752357,2026-07-22T15:18:47.709,3,3,3,0,0
86613.754730,2026-07-22T15:18:47.711,3,3,3,0,0
86613.757272,2026-07-22T15:18:47.714,3,3,3,0,0
86613.759295,2026-07-22T15:18:47.716,3,3,3,0,0
86613.762012,2026-07-22T15:18:47.718,3,3,3,0,0
86613.764540,2026-07-22T15:18:47.721,3,3,3,0,9
86613.767048,2026-07-22T15:18:47.724,40,0,3,0,9
86613.769083,2026-07-22T15:18:47.726,40,0,3,0,9
86613.771267,2026-07-22T15:18:47.728,40,0,3,0,9
86613.773293,2026-07-22T15:18:47.730,40,0,3,0,9
86613.775336,2026-07-22T15:18:47.732,40,0,3,0,9
86613.777836,2026-07-22T15:18:47.734,40,0,3,0,9
86613.780392,2026-07-22T15:18:47.737,40,0,3,0,9
86613.783141,2026-07-22T15:18:47.740,40,0,3,0,9
86613.785283,2026-07-22T15:18:47.742,40,0,3,0,9
86613.787790,2026-07-22T15:18:47.744,40,0,3,0,9
86613.790305,2026-07-22T15:18:47.747,40,0,3,0,9
86613.792805,2026-07-22T15:18:47.749,40,0,3,0,9
86613.795311,2026-07-22T15:18:47.752,40,0,3,0,9
86613.797819,2026-07-22T15:18:47.754,40,0,3,0,9
86613.800318,2026-07-22T15:18:47.757,40,0,3,0,9
86613.802822,2026-07-22T15:18:47.759,40,0,3,0,9
86613.805327,2026-07-22T15:18:47.762,40,0,3,0,9
86613.807830,2026-07-22T15:18:47.764,40,0,3,0,9
86613.810335,2026-07-22T15:18:47.767,40,0,3,0,9
86613.812839,2026-07-22T15:18:47.769,40,0,3,0,9
86613.815344,2026-07-22T15:18:47.772,40,0,3,0,9
86613.817846,2026-07-22T15:18:47.774,40,0,3,0,9
86613.820351,2026-07-22T15:18:47.777,40,0,3,0,9
86613.822854,2026-07-22T15:18:47.779,40,0,3,0,9
86613.824972,2026-07-22T15:18:47.781,40,0,3,0,9
86613.827508,2026-07-22T15:18:47.784,40,0,3,0,9
86613.830012,2026-07-22T15:18:47.786,40,0,3,0,9
86613.832042,2026-07-22T15:18:47.789,40,0,3,0,9
86613.834224,2026-07-22T15:18:47.791,40,0,3,0,9
86613.836323,2026-07-22T15:18:47.793,40,0,3,0,9
86613.838366,2026-07-22T15:18:47.795,40,0,3,0,9
86613.840398,2026-07-22T15:18:47.797,40,0,3,0,9
86613.842430,2026-07-22T15:18:47.799,40,0,3,0,9
86613.844448,2026-07-22T15:18:47.801,40,0,3,0,9
86613.846495,2026-07-22T15:18:47.803,40,0,3,0,9
86613.848536,2026-07-22T15:18:47.805,40,0,3,0,9
86613.851067,2026-07-22T15:18:47.808,40,0,3,0,9
86613.853094,2026-07-22T15:18:47.810,40,0,3,0,9
86613.855174,2026-07-22T15:18:47.812,40,0,3,0,9
86613.857500,2026-07-22T15:18:47.814,40,0,3,0,9
86613.859549,2026-07-22T15:18:47.816,40,0,3,0,9
86613.861595,2026-07-22T15:18:47.818,40,0,3,0,9
86613.863631,2026-07-22T15:18:47.820,40,0,3,0,9
86613.865669,2026-07-22T15:18:47.822,40,0,3,0,9
86613.868293,2026-07-22T15:18:47.825,40,0,3,0,9
86613.870363,2026-07-22T15:18:47.827,40,0,3,0,9
86613.872396,2026-07-22T15:18:47.829,40,0,3,0,9
86613.874946,2026-07-22T15:18:47.831,40,0,3,0,9
86613.877437,2026-07-22T15:18:47.834,40,0,3,0,9
86613.879478,2026-07-22T15:18:47.836,40,0,3,0,9
86613.881516,2026-07-22T15:18:47.838,40,0,3,0,9
86613.884033,2026-07-22T15:18:47.841,40,0,3,0,9
86613.886553,2026-07-22T15:18:47.843,40,0,3,0,9
86613.889070,2026-07-22T15:18:47.846,40,0,3,0,9
86613.891616,2026-07-22T15:18:47.848,40,0,3,0,9
86613.893959,2026-07-22T15:18:47.850,40,0,3,0,9
86613.895988,2026-07-22T15:18:47.852,40,0,3,0,9
86613.898027,2026-07-22T15:18:47.855,40,0,3,0,9
86613.900556,2026-07-22T15:18:47.857,40,0,3,0,9
86613.903064,2026-07-22T15:18:47.860,40,0,3,0,9
86613.905585,2026-07-22T15:18:47.862,40,0,3,0,9
86613.908099,2026-07-22T15:18:47.865,40,0,3,0,9
86613.910625,2026-07-22T15:18:47.867,40,0,3,0,9
86613.912708,2026-07-22T15:18:47.869,40,0,3,0,9
86613.914750,2026-07-22T15:18:47.871,40,0,3,0,9
86613.916774,2026-07-22T15:18:47.873,40,0,3,0,9
86613.918807,2026-07-22T15:18:47.875,40,0,3,0,9
86613.921326,2026-07-22T15:18:47.878,40,0,3,0,9
86613.923455,2026-07-22T15:18:47.880,40,0,3,0,9
86613.925904,2026-07-22T15:18:47.882,40,0,3,0,9
86613.928416,2026-07-22T15:18:47.885,40,0,3,0,9
86613.930476,2026-07-22T15:18:47.887,40,0,3,0,9
86613.932512,2026-07-22T15:18:47.889,40,0,3,0,9
86613.934527,2026-07-22T15:18:47.891,40,0,3,0,9
86613.936669,2026-07-22T15:18:47.893,40,0,3,0,9
86613.939184,2026-07-22T15:18:47.896,40,0,3,0,9
86613.941222,2026-07-22T15:18:47.898,40,0,3,0,9
86613.943254,2026-07-22T15:18:47.900,40,0,3,0,9
86613.945422,2026-07-22T15:18:47.902,40,0,3,0,9
86613.947980,2026-07-22T15:18:47.904,40,0,3,0,9
86613.950609,2026-07-22T15:18:47.907,40,0,3,0,9
86613.952634,2026-07-22T15:18:47.909,40,0,3,0,9
86613.954657,2026-07-22T15:18:47.911,40,0,3,0,9
86613.956685,2026-07-22T15:18:47.913,40,0,3,0,9
86613.959196,2026-07-22T15:18:47.916,40,0,3,0,9
86613.961723,2026-07-22T15:18:47.918,40,0,3,0,9
86613.964219,2026-07-22T15:18:47.921,40,0,3,0,9
86613.966244,2026-07-22T15:18:47.923,40,0,3,0,9
86613.968901,2026-07-22T15:18:47.925,40,0,3,0,9
86613.970965,2026-07-22T15:18:47.927,40,0,3,0,9
86613.973529,2026-07-22T15:18:47.930,40,0,3,0,9
86613.976028,2026-07-22T15:18:47.933,40,0,3,0,9
86613.978540,2026-07-22T15:18:47.935,40,0,3,0,9
86613.981063,2026-07-22T15:18:47.938,40,0,3,0,9
86613.983081,2026-07-22T15:18:47.940,40,0,3,0,9
86613.985106,2026-07-22T15:18:47.942,40,0,3,0,9
86613.987610,2026-07-22T15:18:47.944,40,0,3,0,9
86613.990134,2026-07-22T15:18:47.947,40,0,3,0,9
86613.992660,2026-07-22T15:18:47.949,40,0,3,0,9
86613.995151,2026-07-22T15:18:47.952,40,0,3,0,9
86613.997670,2026-07-22T15:18:47.954,40,0,3,0,9
86614.000185,2026-07-22T15:18:47.957,40,0,3,0,9
86614.002724,2026-07-22T15:18:47.959,40,0,3,0,9
86614.005225,2026-07-22T15:18:47.962,40,0,3,0,9
86614.007242,2026-07-22T15:18:47.964,40,0,3,0,9
86614.009383,2026-07-22T15:18:47.966,40,0,3,0,9
86614.012317,2026-07-22T15:18:47.969,138,0,3,0,8
86614.014839,2026-07-22T15:18:47.971,138,0,3,0,8
86614.017509,2026-07-22T15:18:47.974,138,0,3,0,8
86614.020012,2026-07-22T15:18:47.976,138,0,3,0,8
86614.022521,2026-07-22T15:18:47.979,138,0,3,0,8
86614.025027,2026-07-22T15:18:47.981,138,0,3,0,8
86614.027542,2026-07-22T15:18:47.984,138,0,3,0,8
86614.030090,2026-07-22T15:18:47.987,138,0,3,0,8
86614.032612,2026-07-22T15:18:47.989,138,0,3,0,8
86614.034834,2026-07-22T15:18:47.991,138,0,3,0,8
86614.037385,2026-07-22T15:18:47.994,138,0,3,0,8
86614.039466,2026-07-22T15:18:47.996,138,0,3,0,8
86614.041996,2026-07-22T15:18:47.998,138,0,3,0,8
86614.044545,2026-07-22T15:18:48.001,138,0,3,0,8
86614.046874,2026-07-22T15:18:48.003,138,0,3,0,8
86614.049380,2026-07-22T15:18:48.006,138,0,3,0,8
86614.051882,2026-07-22T15:18:48.008,138,0,3,0,8
86614.054418,2026-07-22T15:18:48.011,138,0,3,0,8
86614.056924,2026-07-22T15:18:48.013,138,0,3,0,8
86614.059050,2026-07-22T15:18:48.016,138,0,3,0,8
86614.061399,2026-07-22T15:18:48.018,138,0,3,0,8
86614.063913,2026-07-22T15:18:48.020,138,0,3,0,8
86614.066427,2026-07-22T15:18:48.023,138,0,3,0,8
86614.068932,2026-07-22T15:18:48.025,138,0,3,0,8
86614.071431,2026-07-22T15:18:48.028,138,0,3,0,8
86614.073937,2026-07-22T15:18:48.030,138,0,3,0,8
86614.076503,2026-07-22T15:18:48.033,138,0,3,0,8
86614.078891,2026-07-22T15:18:48.035,138,0,3,0,8
86614.081224,2026-07-22T15:18:48.038,138,0,3,0,8
86614.083564,2026-07-22T15:18:48.040,138,0,3,0,8
86614.086081,2026-07-22T15:18:48.043,138,0,3,0,8
86614.088588,2026-07-22T15:18:48.045,138,0,3,0,8
86614.091098,2026-07-22T15:18:48.048,138,0,3,0,8
86614.093599,2026-07-22T15:18:48.050,138,0,3,0,8
86614.096098,2026-07-22T15:18:48.053,138,0,3,0,8
86614.098609,2026-07-22T15:18:48.055,138,0,3,0,8
86614.100755,2026-07-22T15:18:48.057,138,0,3,0,8
86614.103263,2026-07-22T15:18:48.060,138,0,3,0,8
86614.105767,2026-07-22T15:18:48.062,138,0,3,0,8
86614.107793,2026-07-22T15:18:48.064,138,0,3,0,8
86614.109824,2026-07-22T15:18:48.066,138,0,3,0,8
86614.112342,2026-07-22T15:18:48.069,138,0,3,0,8
86614.114361,2026-07-22T15:18:48.071,138,0,3,0,8
86614.116827,2026-07-22T15:18:48.073,138,0,3,0,8
86614.119413,2026-07-22T15:18:48.076,138,0,3,0,8
86614.121451,2026-07-22T15:18:48.078,138,0,3,0,8
86614.123543,2026-07-22T15:18:48.080,138,0,3,0,8
86614.126041,2026-07-22T15:18:48.083,138,0,3,0,8
86614.128060,2026-07-22T15:18:48.085,138,0,3,0,8
86614.130086,2026-07-22T15:18:48.087,138,0,3,0,8
86614.132122,2026-07-22T15:18:48.089,138,0,3,0,8
86614.134143,2026-07-22T15:18:48.091,138,0,3,0,8
86614.136173,2026-07-22T15:18:48.093,138,0,3,0,8
86614.138268,2026-07-22T15:18:48.095,138,0,3,0,8
86614.140320,2026-07-22T15:18:48.097,138,0,3,0,8
86614.142338,2026-07-22T15:18:48.099,138,0,3,0,8
86614.144358,2026-07-22T15:18:48.101,138,0,3,0,8
86614.146921,2026-07-22T15:18:48.103,138,0,3,0,8
86614.148958,2026-07-22T15:18:48.105,138,0,3,0,8
86614.150988,2026-07-22T15:18:48.107,138,0,3,0,8
86614.153021,2026-07-22T15:18:48.109,138,0,3,0,8
86614.155528,2026-07-22T15:18:48.112,138,0,3,0,8
86614.158029,2026-07-22T15:18:48.115,138,0,3,0,8
86614.160532,2026-07-22T15:18:48.117,138,0,3,0,8
86614.163036,2026-07-22T15:18:48.120,138,0,3,0,8
86614.165539,2026-07-22T15:18:48.122,138,0,3,0,8
86614.168043,2026-07-22T15:18:48.125,138,0,3,0,8
86614.170645,2026-07-22T15:18:48.127,138,0,3,0,8
86614.173170,2026-07-22T15:18:48.130,138,0,3,0,8
86614.175690,2026-07-22T15:18:48.132,138,0,3,0,8
86614.178077,2026-07-22T15:18:48.135,138,0,3,0,8
86614.180118,2026-07-22T15:18:48.137,138,0,3,0,8
86614.182630,2026-07-22T15:18:48.139,138,0,3,0,8
86614.185166,2026-07-22T15:18:48.142,138,0,3,0,8
86614.187230,2026-07-22T15:18:48.144,138,0,3,0,8
86614.189684,2026-07-22T15:18:48.146,138,0,3,0,8
86614.191719,2026-07-22T15:18:48.148,138,0,3,0,8
86614.194238,2026-07-22T15:18:48.151,138,0,3,0,8
86614.196335,2026-07-22T15:18:48.153,138,0,3,0,8
86614.198611,2026-07-22T15:18:48.155,138,0,3,0,8
86614.200911,2026-07-22T15:18:48.157,138,0,3,0,8
86614.202934,2026-07-22T15:18:48.159,138,0,3,0,8
86614.205453,2026-07-22T15:18:48.162,138,0,3,0,8
86614.207478,2026-07-22T15:18:48.164,138,0,3,0,8
86614.209803,2026-07-22T15:18:48.166,138,0,3,0,8
86614.212263,2026-07-22T15:18:48.169,138,0,3,0,8
86614.214785,2026-07-22T15:18:48.171,138,0,3,0,8
86614.216818,2026-07-22T15:18:48.173,138,0,3,0,8
86614.218881,2026-07-22T15:18:48.175,138,0,3,0,8
86614.221400,2026-07-22T15:18:48.178,138,0,3,0,8
86614.223934,2026-07-22T15:18:48.180,138,0,3,0,8
86614.226308,2026-07-22T15:18:48.183,138,0,3,0,8
86614.228341,2026-07-22T15:18:48.185,138,0,3,0,8
86614.230372,2026-07-22T15:18:48.187,138,0,3,0,8
86614.232901,2026-07-22T15:18:48.189,138,0,3,0,8
86614.235428,2026-07-22T15:18:48.192,138,0,3,0,8
86614.237614,2026-07-22T15:18:48.194,138,0,3,0,8
86614.240467,2026-07-22T15:18:48.197,138,0,3,0,8
86614.243163,2026-07-22T15:18:48.200,138,0,3,0,8
86614.245857,2026-07-22T15:18:48.202,138,0,3,0,8
86614.248075,2026-07-22T15:18:48.205,138,0,3,0,8
86614.250134,2026-07-22T15:18:48.207,138,0,3,0,8
86614.252664,2026-07-22T15:18:48.209,138,0,3,0,8
86614.255466,2026-07-22T15:18:48.212,138,0,3,0,8
86614.257925,2026-07-22T15:18:48.214,236,0,3,0,8
86614.259960,2026-07-22T15:18:48.216,236,0,3,0,8
86614.262486,2026-07-22T15:18:48.219,236,0,3,0,8
86614.265067,2026-07-22T15:18:48.221,236,0,3,0,8
86614.267585,2026-07-22T15:18:48.224,236,0,3,0,8
86614.270088,2026-07-22T15:18:48.227,236,0,3,0,8
86614.272594,2026-07-22T15:18:48.229,236,0,3,0,8
86614.274935,2026-07-22T15:18:48.231,236,0,3,0,8
86614.277053,2026-07-22T15:18:48.234,236,0,3,0,8
86614.279174,2026-07-22T15:18:48.236,236,0,3,0,8
86614.281388,2026-07-22T15:18:48.238,236,0,3,0,8
86614.284045,2026-07-22T15:18:48.241,236,0,3,0,8
86614.286556,2026-07-22T15:18:48.243,236,0,3,0,8
86614.289059,2026-07-22T15:18:48.246,236,0,3,0,8
86614.291580,2026-07-22T15:18:48.248,236,0,3,0,8
86614.294083,2026-07-22T15:18:48.251,236,0,3,0,8
86614.296660,2026-07-22T15:18:48.253,236,0,3,0,8
86614.299042,2026-07-22T15:18:48.256,236,0,3,0,8
86614.301545,2026-07-22T15:18:48.258,236,0,3,0,8
86614.303572,2026-07-22T15:18:48.260,236,0,3,0,8
86614.305901,2026-07-22T15:18:48.262,236,0,3,0,8
86614.307928,2026-07-22T15:18:48.264,236,0,3,0,8
86614.309942,2026-07-22T15:18:48.266,236,0,3,0,8
86614.311968,2026-07-22T15:18:48.268,236,0,3,0,8
86614.314197,2026-07-22T15:18:48.271,236,0,3,0,8
86614.316422,2026-07-22T15:18:48.273,236,0,3,0,8
86614.318922,2026-07-22T15:18:48.275,236,0,3,0,8
86614.321439,2026-07-22T15:18:48.278,236,0,3,0,8
86614.323460,2026-07-22T15:18:48.280,236,0,3,0,8
86614.325588,2026-07-22T15:18:48.282,236,0,3,0,8
86614.327812,2026-07-22T15:18:48.284,236,0,3,0,8
86614.329846,2026-07-22T15:18:48.286,236,0,3,0,8
86614.332188,2026-07-22T15:18:48.289,236,0,3,0,8
86614.334425,2026-07-22T15:18:48.291,236,0,3,0,8
86614.336946,2026-07-22T15:18:48.293,236,0,3,0,8
86614.339466,2026-07-22T15:18:48.296,236,0,3,0,8
86614.341996,2026-07-22T15:18:48.298,236,0,3,0,8
86614.344266,2026-07-22T15:18:48.301,236,0,3,0,8
86614.346774,2026-07-22T15:18:48.303,236,0,3,0,8
86614.349278,2026-07-22T15:18:48.306,236,0,3,0,8
86614.351402,2026-07-22T15:18:48.308,236,0,3,0,8
86614.353973,2026-07-22T15:18:48.310,236,0,3,0,8
86614.356477,2026-07-22T15:18:48.313,236,0,3,0,8
86614.358998,2026-07-22T15:18:48.315,236,0,3,0,8
86614.361491,2026-07-22T15:18:48.318,236,0,3,0,8
86614.363522,2026-07-22T15:18:48.320,236,0,3,0,8
86614.366027,2026-07-22T15:18:48.323,236,0,3,0,8
86614.368556,2026-07-22T15:18:48.325,236,0,3,0,8
86614.371054,2026-07-22T15:18:48.328,236,0,3,0,8
86614.373616,2026-07-22T15:18:48.330,236,0,3,0,8
86614.375795,2026-07-22T15:18:48.332,236,0,3,0,8
86614.378074,2026-07-22T15:18:48.335,236,0,3,0,8
86614.380183,2026-07-22T15:18:48.337,236,0,3,0,8
86614.382346,2026-07-22T15:18:48.339,236,0,3,0,8
86614.384383,2026-07-22T15:18:48.341,236,0,3,0,8
86614.386415,2026-07-22T15:18:48.343,236,0,3,0,8
86614.388441,2026-07-22T15:18:48.345,236,0,3,0,8
86614.390467,2026-07-22T15:18:48.347,236,0,3,0,8
86614.392990,2026-07-22T15:18:48.349,236,0,3,0,8
86614.395483,2026-07-22T15:18:48.352,236,0,3,0,8
86614.397989,2026-07-22T15:18:48.354,236,0,3,0,8
86614.400508,2026-07-22T15:18:48.357,236,0,3,0,8
86614.403005,2026-07-22T15:18:48.359,236,0,3,0,8
86614.405618,2026-07-22T15:18:48.362,236,0,3,0,8
86614.407777,2026-07-22T15:18:48.364,236,0,3,0,8
86614.409887,2026-07-22T15:18:48.366,236,0,3,0,8
86614.412141,2026-07-22T15:18:48.369,236,0,3,0,8
86614.414316,2026-07-22T15:18:48.371,236,0,3,0,8
86614.416826,2026-07-22T15:18:48.373,236,0,3,0,8
86614.418855,2026-07-22T15:18:48.375,236,0,3,0,8
86614.420929,2026-07-22T15:18:48.377,236,0,3,0,8
86614.423419,2026-07-22T15:18:48.380,236,0,3,0,8
86614.425520,2026-07-22T15:18:48.382,236,0,3,0,8
86614.427965,2026-07-22T15:18:48.384,236,0,3,0,8
86614.430335,2026-07-22T15:18:48.387,236,0,3,0,8
86614.432368,2026-07-22T15:18:48.389,236,0,3,0,8
86614.434398,2026-07-22T15:18:48.391,236,0,3,0,8
86614.436444,2026-07-22T15:18:48.393,236,0,3,0,8
86614.438533,2026-07-22T15:18:48.395,236,0,3,0,8
86614.440562,2026-07-22T15:18:48.397,236,0,3,0,8
86614.442608,2026-07-22T15:18:48.399,236,0,3,0,8
86614.445130,2026-07-22T15:18:48.402,236,0,3,0,8
86614.447649,2026-07-22T15:18:48.404,236,0,3,0,8
86614.449753,2026-07-22T15:18:48.406,236,0,3,0,8
86614.452191,2026-07-22T15:18:48.409,236,0,3,0,8
86614.454699,2026-07-22T15:18:48.411,236,0,3,0,8
86614.456733,2026-07-22T15:18:48.413,236,0,3,0,8
86614.458755,2026-07-22T15:18:48.415,236,0,3,0,8
86614.461227,2026-07-22T15:18:48.418,236,0,3,0,8
86614.463271,2026-07-22T15:18:48.420,236,0,3,0,8
86614.465301,2026-07-22T15:18:48.422,236,0,3,0,8
86614.467817,2026-07-22T15:18:48.424,236,0,3,0,8
86614.469846,2026-07-22T15:18:48.426,236,0,3,0,8
86614.472352,2026-07-22T15:18:48.429,236,0,3,0,8
86614.474379,2026-07-22T15:18:48.431,236,0,3,0,8
86614.476408,2026-07-22T15:18:48.433,236,0,3,0,8
86614.478438,2026-07-22T15:18:48.435,236,0,3,0,8
86614.480956,2026-07-22T15:18:48.437,236,0,3,0,8
86614.483100,2026-07-22T15:18:48.440,236,0,3,0,8
86614.485345,2026-07-22T15:18:48.442,236,0,3,0,8
86614.487382,2026-07-22T15:18:48.444,236,0,3,0,8
86614.489417,2026-07-22T15:18:48.446,236,0,3,0,8
86614.491934,2026-07-22T15:18:48.448,236,0,3,0,8
86614.493954,2026-07-22T15:18:48.450,236,0,3,0,8
86614.496467,2026-07-22T15:18:48.453,236,0,3,0,8
86614.499019,2026-07-22T15:18:48.455,236,0,3,0,8
86614.501504,2026-07-22T15:18:48.458,249,3,3,0,0
86614.503544,2026-07-22T15:18:48.460,249,3,3,0,0
86614.505600,2026-07-22T15:18:48.462,249,3,3,0,0
86614.508075,2026-07-22T15:18:48.465,249,3,3,0,0
86614.510114,2026-07-22T15:18:48.467,249,3,3,0,0
86614.512688,2026-07-22T15:18:48.469,249,3,3,0,0
86614.515233,2026-07-22T15:18:48.472,249,3,3,0,0
86614.517748,2026-07-22T15:18:48.474,249,3,3,0,0
86614.520155,2026-07-22T15:18:48.477,249,3,3,0,0
86614.522260,2026-07-22T15:18:48.479,249,3,3,0,0
86614.525066,2026-07-22T15:18:48.482,249,3,3,0,0
86614.527582,2026-07-22T15:18:48.484,249,3,3,0,0
86614.529944,2026-07-22T15:18:48.486,249,3,3,0,0
86614.532458,2026-07-22T15:18:48.489,249,3,3,0,0
86614.534967,2026-07-22T15:18:48.491,249,3,3,0,0
86614.537495,2026-07-22T15:18:48.494,249,3,3,0,0
86614.539971,2026-07-22T15:18:48.496,249,3,3,0,0
86614.542365,2026-07-22T15:18:48.499,249,3,3,0,0
86614.544864,2026-07-22T15:18:48.501,249,3,3,0,0
86614.547223,2026-07-22T15:18:48.504,249,3,3,0,0
86614.549869,2026-07-22T15:18:48.506,249,3,3,0,0
86614.552435,2026-07-22T15:18:48.509,249,3,3,0,0
86614.554980,2026-07-22T15:18:48.511,249,3,3,0,0
86614.557488,2026-07-22T15:18:48.514,249,3,3,0,0
86614.560016,2026-07-22T15:18:48.516,249,3,3,0,0
86614.562522,2026-07-22T15:18:48.519,249,3,3,0,0
86614.564545,2026-07-22T15:18:48.521,249,3,3,0,0
86614.566569,2026-07-22T15:18:48.523,249,3,3,0,0
86614.569033,2026-07-22T15:18:48.525,249,3,3,0,0
86614.571548,2026-07-22T15:18:48.528,249,3,3,0,0
86614.574071,2026-07-22T15:18:48.531,249,3,3,0,0
86614.576111,2026-07-22T15:18:48.533,249,3,3,0,0
86614.578756,2026-07-22T15:18:48.535,249,3,3,0,0
86614.580795,2026-07-22T15:18:48.537,249,3,3,0,0
86614.582822,2026-07-22T15:18:48.539,249,3,3,0,0
86614.584885,2026-07-22T15:18:48.541,249,3,3,0,0
86614.586945,2026-07-22T15:18:48.543,249,3,3,0,0
86614.588987,2026-07-22T15:18:48.545,249,3,3,0,0
86614.591033,2026-07-22T15:18:48.548,249,3,3,0,0
86614.593069,2026-07-22T15:18:48.550,249,3,3,0,0
86614.595117,2026-07-22T15:18:48.552,249,3,3,0,0
86614.597161,2026-07-22T15:18:48.554,249,3,3,0,0
86614.599692,2026-07-22T15:18:48.556,249,3,3,0,0
86614.601736,2026-07-22T15:18:48.558,249,3,3,0,0
86614.603950,2026-07-22T15:18:48.560,249,3,3,0,0
86614.606071,2026-07-22T15:18:48.563,249,3,3,0,0
86614.608189,2026-07-22T15:18:48.565,249,3,3,0,0
86614.610702,2026-07-22T15:18:48.567,249,3,3,0,0
86614.612755,2026-07-22T15:18:48.569,249,3,3,0,0
86614.614796,2026-07-22T15:18:48.571,249,3,3,0,0
86614.616870,2026-07-22T15:18:48.573,249,3,3,0,0
86614.618933,2026-07-22T15:18:48.575,249,3,3,0,0
86614.621437,2026-07-22T15:18:48.578,249,3,3,0,0
86614.624118,2026-07-22T15:18:48.581,249,3,3,0,0
86614.626582,2026-07-22T15:18:48.583,249,3,3,0,0
86614.629131,2026-07-22T15:18:48.586,249,3,3,0,0
86614.631622,2026-07-22T15:18:48.588,249,3,3,0,0
86614.634067,2026-07-22T15:18:48.591,249,3,3,0,0
86614.636817,2026-07-22T15:18:48.593,249,3,3,0,0
86614.639345,2026-07-22T15:18:48.596,249,3,3,0,0
86614.642011,2026-07-22T15:18:48.598,249,3,3,0,0
86614.644053,2026-07-22T15:18:48.601,249,3,3,0,0
86614.646705,2026-07-22T15:18:48.603,249,3,3,0,0
86614.649223,2026-07-22T15:18:48.606,249,3,3,0,0
86614.651875,2026-07-22T15:18:48.608,249,3,3,0,0
86614.654506,2026-07-22T15:18:48.611,249,3,3,0,0
86614.657215,2026-07-22T15:18:48.614,249,3,3,0,0
86614.659846,2026-07-22T15:18:48.616,249,3,3,0,0
86614.662545,2026-07-22T15:18:48.619,249,3,3,0,0
86614.665073,2026-07-22T15:18:48.622,249,3,3,0,0
86614.667572,2026-07-22T15:18:48.624,249,3,3,0,0
86614.670222,2026-07-22T15:18:48.627,249,3,3,0,0
86614.672271,2026-07-22T15:18:48.629,249,3,3,0,0
86614.674778,2026-07-22T15:18:48.631,249,3,3,0,0
86614.676959,2026-07-22T15:18:48.633,249,3,3,0,0
86614.679583,2026-07-22T15:18:48.636,249,3,3,0,0
86614.682105,2026-07-22T15:18:48.639,249,3,3,0,0
86614.684651,2026-07-22T15:18:48.641,249,3,3,0,0
86614.687238,2026-07-22T15:18:48.644,249,3,3,0,0
86614.689877,2026-07-22T15:18:48.646,249,3,3,0,0
86614.692598,2026-07-22T15:18:48.649,249,3,3,0,0
86614.695315,2026-07-22T15:18:48.652,249,3,3,0,0
86614.698012,2026-07-22T15:18:48.654,249,3,3,0,0
86614.700610,2026-07-22T15:18:48.657,249,3,3,0,0
86614.703144,2026-07-22T15:18:48.660,249,3,3,0,0
86614.705837,2026-07-22T15:18:48.662,249,3,3,0,0
86614.707849,2026-07-22T15:18:48.664,249,3,3,0,0
86614.709897,2026-07-22T15:18:48.666,249,3,3,0,0
86614.712415,2026-07-22T15:18:48.669,249,3,3,0,0
86614.714937,2026-07-22T15:18:48.671,249,3,3,0,0
86614.717619,2026-07-22T15:18:48.674,249,3,3,0,0
86614.719853,2026-07-22T15:18:48.676,249,3,3,0,0
86614.722055,2026-07-22T15:18:48.679,249,3,3,0,0
86614.724585,2026-07-22T15:18:48.681,249,3,3,0,0
86614.726742,2026-07-22T15:18:48.683,249,3,3,0,0
86614.729221,2026-07-22T15:18:48.686,249,3,3,0,0
86614.731756,2026-07-22T15:18:48.688,249,3,3,0,0
86614.734395,2026-07-22T15:18:48.691,249,3,3,0,0
86614.736918,2026-07-22T15:18:48.693,249,3,3,0,0
86614.739231,2026-07-22T15:18:48.696,249,3,3,0,0
86614.741905,2026-07-22T15:18:48.698,249,3,3,0,0
86614.743934,2026-07-22T15:18:48.700,249,3,3,0,0
86614.746438,2026-07-22T15:18:48.703,249,3,3,0,0
86614.748478,2026-07-22T15:18:48.705,249,3,3,0,0
86614.751040,2026-07-22T15:18:48.708,249,3,3,0,0
86614.753559,2026-07-22T15:18:48.710,249,3,3,0,0
86614.756242,2026-07-22T15:18:48.713,249,3,3,0,0
86614.758894,2026-07-22T15:18:48.715,249,3,3,0,0
86614.760919,2026-07-22T15:18:48.717,249,3,3,0,0
86614.763503,2026-07-22T15:18:48.720,249,3,3,0,0
86614.765544,2026-07-22T15:18:48.722,249,3,3,0,0
86614.768093,2026-07-22T15:18:48.725,249,3,3,0,0
86614.770604,2026-07-22T15:18:48.727,249,3,3,0,0
86614.773245,2026-07-22T15:18:48.730,249,3,3,0,0
86614.775451,2026-07-22T15:18:48.732,249,3,3,0,0
86614.777670,2026-07-22T15:18:48.734,249,3,3,0,0
86614.779696,2026-07-22T15:18:48.736,249,3,3,0,0
86614.782222,2026-07-22T15:18:48.739,249,3,3,0,0
86614.784994,2026-07-22T15:18:48.741,249,3,3,0,0
86614.787328,2026-07-22T15:18:48.744,249,3,3,0,0
86614.790123,2026-07-22T15:18:48.747,249,3,3,0,0
86614.792259,2026-07-22T15:18:48.749,249,3,3,0,0
86614.794776,2026-07-22T15:18:48.751,249,3,3,0,0
86614.796971,2026-07-22T15:18:48.753,249,3,3,0,0
86614.799465,2026-07-22T15:18:48.756,249,3,3,0,0
86614.802084,2026-07-22T15:18:48.759,249,3,3,0,0
86614.804512,2026-07-22T15:18:48.761,249,3,3,0,0
86614.806522,2026-07-22T15:18:48.763,249,3,3,0,0
86614.809027,2026-07-22T15:18:48.765,249,3,3,0,0
86614.811532,2026-07-22T15:18:48.768,249,3,3,0,0
86614.814034,2026-07-22T15:18:48.771,249,3,3,0,0
86614.816550,2026-07-22T15:18:48.773,249,3,3,0,0
86614.818990,2026-07-22T15:18:48.775,249,3,3,0,0
86614.821495,2026-07-22T15:18:48.778,249,3,3,0,0
86614.824124,2026-07-22T15:18:48.781,249,3,3,0,0
86614.826190,2026-07-22T15:18:48.783,249,3,3,0,0
86614.828211,2026-07-22T15:18:48.785,249,3,3,0,0
86614.830803,2026-07-22T15:18:48.787,249,3,3,0,0
86614.832819,2026-07-22T15:18:48.789,249,3,3,0,0
86614.834848,2026-07-22T15:18:48.791,249,3,3,0,0
86614.837456,2026-07-22T15:18:48.794,249,3,3,0,0
86614.840016,2026-07-22T15:18:48.796,249,3,3,0,0
86614.842500,2026-07-22T15:18:48.799,249,3,3,0,0
86614.845030,2026-07-22T15:18:48.801,249,3,3,0,0
86614.847545,2026-07-22T15:18:48.804,217,0,3,0,12
86614.850069,2026-07-22T15:18:48.807,217,0,3,0,12
86614.852569,2026-07-22T15:18:48.809,217,0,3,0,12
86614.855040,2026-07-22T15:18:48.812,217,0,3,0,12
86614.857573,2026-07-22T15:18:48.814,217,0,3,0,12
86614.859820,2026-07-22T15:18:48.816,217,0,3,0,12
86614.862243,2026-07-22T15:18:48.819,217,0,3,0,12
86614.864717,2026-07-22T15:18:48.821,217,0,3,0,12
86614.867224,2026-07-22T15:18:48.824,217,0,3,0,12
86614.869651,2026-07-22T15:18:48.826,217,0,3,0,12
86614.871849,2026-07-22T15:18:48.828,217,0,3,0,12
86614.874594,2026-07-22T15:18:48.831,217,0,3,0,12
86614.876942,2026-07-22T15:18:48.833,217,0,3,0,12
86614.879577,2026-07-22T15:18:48.836,217,0,3,0,12
86614.882251,2026-07-22T15:18:48.839,217,0,3,0,12
86614.884261,2026-07-22T15:18:48.841,217,0,3,0,12
86614.886290,2026-07-22T15:18:48.843,217,0,3,0,12
86614.888333,2026-07-22T15:18:48.845,217,0,3,0,12
86614.890390,2026-07-22T15:18:48.847,217,0,3,0,12
86614.892423,2026-07-22T15:18:48.849,217,0,3,0,12
86614.894460,2026-07-22T15:18:48.851,217,0,3,0,12
86614.896493,2026-07-22T15:18:48.853,217,0,3,0,12
86614.898530,2026-07-22T15:18:48.855,217,0,3,0,12
86614.900998,2026-07-22T15:18:48.857,217,0,3,0,12
86614.903614,2026-07-22T15:18:48.860,217,0,3,0,12
86614.906082,2026-07-22T15:18:48.863,217,0,3,0,12
86614.908604,2026-07-22T15:18:48.865,217,0,3,0,12
86614.911119,2026-07-22T15:18:48.868,217,0,3,0,12
86614.913615,2026-07-22T15:18:48.870,217,0,3,0,12
86614.916222,2026-07-22T15:18:48.873,217,0,3,0,12
86614.918597,2026-07-22T15:18:48.875,217,0,3,0,12
86614.920672,2026-07-22T15:18:48.877,217,0,3,0,12
86614.923032,2026-07-22T15:18:48.880,217,0,3,0,12
86614.925041,2026-07-22T15:18:48.882,217,0,3,0,12
86614.927312,2026-07-22T15:18:48.884,217,0,3,0,12
86614.929694,2026-07-22T15:18:48.886,217,0,3,0,12
86614.932202,2026-07-22T15:18:48.889,217,0,3,0,12
86614.934634,2026-07-22T15:18:48.891,217,0,3,0,12
86614.937164,2026-07-22T15:18:48.894,217,0,3,0,12
86614.939865,2026-07-22T15:18:48.896,217,0,3,0,12
86614.942382,2026-07-22T15:18:48.899,217,0,3,0,12
86614.944993,2026-07-22T15:18:48.901,217,0,3,0,12
86614.947414,2026-07-22T15:18:48.904,217,0,3,0,12
86614.949998,2026-07-22T15:18:48.906,217,0,3,0,12
86614.952540,2026-07-22T15:18:48.909,217,0,3,0,12
86614.955089,2026-07-22T15:18:48.912,217,0,3,0,12
86614.957791,2026-07-22T15:18:48.914,217,0,3,0,12
86614.960126,2026-07-22T15:18:48.917,217,0,3,0,12
86614.962685,2026-07-22T15:18:48.919,217,0,3,0,12
86614.965260,2026-07-22T15:18:48.922,217,0,3,0,12
86614.967322,2026-07-22T15:18:48.924,217,0,3,0,12
86614.970011,2026-07-22T15:18:48.926,217,0,3,0,12
86614.972568,2026-07-22T15:18:48.929,217,0,3,0,12
86614.974587,2026-07-22T15:18:48.931,217,0,3,0,12
86614.976662,2026-07-22T15:18:48.933,217,0,3,0,12
86614.979196,2026-07-22T15:18:48.936,217,0,3,0,12
86614.981645,2026-07-22T15:18:48.938,217,0,3,0,12
86614.983952,2026-07-22T15:18:48.940,217,0,3,0,12
86614.986444,2026-07-22T15:18:48.943,217,0,3,0,12
86614.988940,2026-07-22T15:18:48.945,217,0,3,0,12
86614.991578,2026-07-22T15:18:48.948,217,0,3,0,12
86614.994101,2026-07-22T15:18:48.951,217,0,3,0,12
86614.996591,2026-07-22T15:18:48.953,217,0,3,0,12
86614.999120,2026-07-22T15:18:48.956,217,0,3,0,12
86615.001648,2026-07-22T15:18:48.958,217,0,3,0,12
86615.004211,2026-07-22T15:18:48.961,217,0,3,0,12
86615.006584,2026-07-22T15:18:48.963,217,0,3,0,12
86615.009052,2026-07-22T15:18:48.966,217,0,3,0,12
86615.011544,2026-07-22T15:18:48.968,217,0,3,0,12
86615.014119,2026-07-22T15:18:48.971,217,0,3,0,12
86615.016863,2026-07-22T15:18:48.973,217,0,3,0,12
86615.019384,2026-07-22T15:18:48.976,217,0,3,0,12
86615.021853,2026-07-22T15:18:48.978,217,0,3,0,12
86615.024429,2026-07-22T15:18:48.981,217,0,3,0,12
86615.026959,2026-07-22T15:18:48.983,217,0,3,0,12
86615.029755,2026-07-22T15:18:48.986,217,0,3,0,12
86615.032147,2026-07-22T15:18:48.989,217,0,3,0,12
86615.034669,2026-07-22T15:18:48.991,217,0,3,0,12
86615.036735,2026-07-22T15:18:48.993,217,0,3,0,12
86615.039426,2026-07-22T15:18:48.996,217,0,3,0,12
86615.042150,2026-07-22T15:18:48.999,217,0,3,0,12
86615.044883,2026-07-22T15:18:49.001,217,0,3,0,12
86615.047460,2026-07-22T15:18:49.004,217,0,3,0,12
86615.050052,2026-07-22T15:18:49.007,217,0,3,0,12
86615.052576,2026-07-22T15:18:49.009,217,0,3,0,12
86615.055003,2026-07-22T15:18:49.011,217,0,3,0,12
86615.057039,2026-07-22T15:18:49.014,217,0,3,0,12
86615.059468,2026-07-22T15:18:49.016,217,0,3,0,12
86615.062125,2026-07-22T15:18:49.019,217,0,3,0,12
86615.064838,2026-07-22T15:18:49.021,217,0,3,0,12
86615.066866,2026-07-22T15:18:49.023,217,0,3,0,12
86615.069322,2026-07-22T15:18:49.026,217,0,3,0,12
86615.071865,2026-07-22T15:18:49.028,217,0,3,0,12
86615.074451,2026-07-22T15:18:49.031,217,0,3,0,12
86615.076501,2026-07-22T15:18:49.033,217,0,3,0,12
86615.079043,2026-07-22T15:18:49.036,217,0,3,0,12
86615.081382,2026-07-22T15:18:49.038,217,0,3,0,12
86615.083790,2026-07-22T15:18:49.040,217,0,3,0,12
86615.085827,2026-07-22T15:18:49.042,217,0,3,0,12
86615.087838,2026-07-22T15:18:49.044,217,0,3,0,12
86615.090098,2026-07-22T15:18:49.047,217,0,3,0,8
86615.092888,2026-07-22T15:18:49.049,119,0,3,0,8
86615.095405,2026-07-22T15:18:49.052,119,0,3,0,8
86615.097446,2026-07-22T15:18:49.054,119,0,3,0,8
86615.099977,2026-07-22T15:18:49.056,119,0,3,0,8
86615.102412,2026-07-22T15:18:49.059,119,0,3,0,8
86615.104933,2026-07-22T15:18:49.061,119,0,3,0,8
86615.107520,2026-07-22T15:18:49.064,119,0,3,0,8
86615.110025,2026-07-22T15:18:49.066,119,0,3,0,8
86615.112550,2026-07-22T15:18:49.069,119,0,3,0,8
86615.114981,2026-07-22T15:18:49.071,119,0,3,0,8
86615.117512,2026-07-22T15:18:49.074,119,0,3,0,8
86615.119982,2026-07-22T15:18:49.076,119,0,3,0,8
86615.122420,2026-07-22T15:18:49.079,119,0,3,0,8
86615.124533,2026-07-22T15:18:49.081,119,0,3,0,8
86615.126981,2026-07-22T15:18:49.083,119,0,3,0,8
86615.129496,2026-07-22T15:18:49.086,119,0,3,0,8
86615.131938,2026-07-22T15:18:49.088,119,0,3,0,8
86615.134588,2026-07-22T15:18:49.091,119,0,3,0,8
86615.137039,2026-07-22T15:18:49.094,119,0,3,0,8
86615.139187,2026-07-22T15:18:49.096,119,0,3,0,8
86615.141882,2026-07-22T15:18:49.098,119,0,3,0,8
86615.144312,2026-07-22T15:18:49.101,119,0,3,0,8
86615.146827,2026-07-22T15:18:49.103,119,0,3,0,8
86615.149330,2026-07-22T15:18:49.106,119,0,3,0,8
86615.151988,2026-07-22T15:18:49.108,119,0,3,0,8
86615.154454,2026-07-22T15:18:49.111,119,0,3,0,8
86615.156961,2026-07-22T15:18:49.113,119,0,3,0,8
86615.159497,2026-07-22T15:18:49.116,119,0,3,0,8
86615.161941,2026-07-22T15:18:49.118,119,0,3,0,8
86615.164407,2026-07-22T15:18:49.121,119,0,3,0,8
86615.166438,2026-07-22T15:18:49.123,119,0,3,0,8
86615.168975,2026-07-22T15:18:49.125,119,0,3,0,8
86615.171429,2026-07-22T15:18:49.128,119,0,3,0,8
86615.174124,2026-07-22T15:18:49.131,119,0,3,0,8
86615.176628,2026-07-22T15:18:49.133,119,0,3,0,8
86615.179151,2026-07-22T15:18:49.136,119,0,3,0,8
86615.181721,2026-07-22T15:18:49.138,119,0,3,0,8
86615.184460,2026-07-22T15:18:49.141,119,0,3,0,8
86615.187059,2026-07-22T15:18:49.144,119,0,3,0,8
86615.189708,2026-07-22T15:18:49.146,119,0,3,0,8
86615.192102,2026-07-22T15:18:49.149,119,0,3,0,8
86615.194620,2026-07-22T15:18:49.151,119,0,3,0,8
86615.197163,2026-07-22T15:18:49.154,119,0,3,0,8
86615.199681,2026-07-22T15:18:49.156,119,0,3,0,8
86615.202382,2026-07-22T15:18:49.159,119,0,3,0,8
86615.204966,2026-07-22T15:18:49.161,119,0,3,0,8
86615.207614,2026-07-22T15:18:49.164,119,0,3,0,8
86615.210249,2026-07-22T15:18:49.167,119,0,3,0,8
86615.212867,2026-07-22T15:18:49.169,119,0,3,0,8
86615.215463,2026-07-22T15:18:49.172,119,0,3,0,8
86615.218077,2026-07-22T15:18:49.175,119,0,3,0,8
86615.220595,2026-07-22T15:18:49.177,119,0,3,0,8
86615.222642,2026-07-22T15:18:49.179,119,0,3,0,8
86615.225158,2026-07-22T15:18:49.182,119,0,3,0,8
86615.227766,2026-07-22T15:18:49.184,119,0,3,0,8
86615.230496,2026-07-22T15:18:49.187,119,0,3,0,8
86615.233131,2026-07-22T15:18:49.190,119,0,3,0,8
86615.235623,2026-07-22T15:18:49.192,119,0,3,0,8
86615.238234,2026-07-22T15:18:49.195,119,0,3,0,8
86615.240761,2026-07-22T15:18:49.197,119,0,3,0,8
86615.243198,2026-07-22T15:18:49.200,119,0,3,0,8
86615.245726,2026-07-22T15:18:49.202,119,0,3,0,8
86615.248152,2026-07-22T15:18:49.205,119,0,3,0,8
86615.250597,2026-07-22T15:18:49.207,119,0,3,0,8
86615.253091,2026-07-22T15:18:49.210,119,0,3,0,8
86615.255797,2026-07-22T15:18:49.212,119,0,3,0,8
86615.258431,2026-07-22T15:18:49.215,119,0,3,0,8
86615.260961,2026-07-22T15:18:49.217,119,0,3,0,8
86615.263482,2026-07-22T15:18:49.220,119,0,3,0,8
86615.266014,2026-07-22T15:18:49.222,119,0,3,0,8
86615.268473,2026-07-22T15:18:49.225,119,0,3,0,8
86615.270935,2026-07-22T15:18:49.227,119,0,3,0,8
86615.273442,2026-07-22T15:18:49.230,119,0,3,0,8
86615.275956,2026-07-22T15:18:49.232,119,0,3,0,8
86615.278041,2026-07-22T15:18:49.235,119,0,3,0,8
86615.280081,2026-07-22T15:18:49.237,119,0,3,0,8
86615.282575,2026-07-22T15:18:49.239,119,0,3,0,8
86615.285097,2026-07-22T15:18:49.242,119,0,3,0,8
86615.287464,2026-07-22T15:18:49.244,119,0,3,0,8
86615.290253,2026-07-22T15:18:49.247,119,0,3,0,8
86615.292986,2026-07-22T15:18:49.249,119,0,3,0,8
86615.295424,2026-07-22T15:18:49.252,119,0,3,0,8
86615.298021,2026-07-22T15:18:49.254,119,0,3,0,8
86615.300586,2026-07-22T15:18:49.257,119,0,3,0,8
86615.303103,2026-07-22T15:18:49.260,119,0,3,0,8
86615.305714,2026-07-22T15:18:49.262,119,0,3,0,8
86615.308220,2026-07-22T15:18:49.265,119,0,3,0,8
86615.310711,2026-07-22T15:18:49.267,119,0,3,0,8
86615.313356,2026-07-22T15:18:49.270,119,0,3,0,8
86615.315785,2026-07-22T15:18:49.272,119,0,3,0,8
86615.318214,2026-07-22T15:18:49.275,119,0,3,0,8
86615.320686,2026-07-22T15:18:49.277,119,0,3,0,8
86615.323222,2026-07-22T15:18:49.280,119,0,3,0,8
86615.325832,2026-07-22T15:18:49.282,119,0,3,0,8
86615.328115,2026-07-22T15:18:49.285,119,0,3,0,8
86615.330907,2026-07-22T15:18:49.287,119,0,3,0,8
86615.333593,2026-07-22T15:18:49.290,119,0,3,0,8
86615.336147,2026-07-22T15:18:49.293,21,0,3,0,8
86615.338792,2026-07-22T15:18:49.295,21,0,3,0,8
86615.340880,2026-07-22T15:18:49.297,21,0,3,0,8
86615.343398,2026-07-22T15:18:49.300,21,0,3,0,8
86615.345798,2026-07-22T15:18:49.302,21,0,3,0,8
86615.347827,2026-07-22T15:18:49.304,21,0,3,0,8
86615.350414,2026-07-22T15:18:49.307,21,0,3,0,8
86615.352908,2026-07-22T15:18:49.309,21,0,3,0,8
86615.355392,2026-07-22T15:18:49.312,21,0,3,0,8
86615.357920,2026-07-22T15:18:49.314,21,0,3,0,8
86615.360465,2026-07-22T15:18:49.317,21,0,3,0,8
86615.362946,2026-07-22T15:18:49.319,21,0,3,0,8
86615.364979,2026-07-22T15:18:49.321,21,0,3,0,8
86615.367007,2026-07-22T15:18:49.323,21,0,3,0,8
86615.369427,2026-07-22T15:18:49.326,21,0,3,0,8
86615.372041,2026-07-22T15:18:49.329,21,0,3,0,8
86615.374460,2026-07-22T15:18:49.331,21,0,3,0,8
86615.376994,2026-07-22T15:18:49.333,21,0,3,0,8
86615.379754,2026-07-22T15:18:49.336,21,0,3,0,8
86615.382082,2026-07-22T15:18:49.339,21,0,3,0,8
86615.384840,2026-07-22T15:18:49.341,21,0,3,0,8
86615.387556,2026-07-22T15:18:49.344,21,0,3,0,8
86615.390267,2026-07-22T15:18:49.347,21,0,3,0,8
86615.392999,2026-07-22T15:18:49.349,21,0,3,0,8
86615.395551,2026-07-22T15:18:49.352,21,0,3,0,8
86615.398036,2026-07-22T15:18:49.355,21,0,3,0,8
86615.400562,2026-07-22T15:18:49.357,21,0,3,0,8
86615.403069,2026-07-22T15:18:49.360,21,0,3,0,8
86615.405617,2026-07-22T15:18:49.362,21,0,3,0,8
86615.408242,2026-07-22T15:18:49.365,21,0,3,0,8
86615.410706,2026-07-22T15:18:49.367,21,0,3,0,8
86615.413159,2026-07-22T15:18:49.370,21,0,3,0,8
86615.415604,2026-07-22T15:18:49.372,21,0,3,0,8
86615.418192,2026-07-22T15:18:49.375,21,0,3,0,8
86615.420694,2026-07-22T15:18:49.377,21,0,3,0,8
86615.423209,2026-07-22T15:18:49.380,21,0,3,0,8
86615.425850,2026-07-22T15:18:49.382,21,0,3,0,8
86615.428366,2026-07-22T15:18:49.385,21,0,3,0,8
86615.430443,2026-07-22T15:18:49.387,21,0,3,0,8
86615.433060,2026-07-22T15:18:49.390,21,0,3,0,8
86615.435639,2026-07-22T15:18:49.392,21,0,3,0,8
86615.438410,2026-07-22T15:18:49.395,21,0,3,0,8
86615.440755,2026-07-22T15:18:49.397,21,0,3,0,8
86615.443246,2026-07-22T15:18:49.400,21,0,3,0,8
86615.445984,2026-07-22T15:18:49.402,21,0,3,0,8
86615.448511,2026-07-22T15:18:49.405,21,0,3,0,8
86615.451001,2026-07-22T15:18:49.407,21,0,3,0,8
86615.453397,2026-07-22T15:18:49.410,21,0,3,0,8
86615.456096,2026-07-22T15:18:49.413,21,0,3,0,8
86615.458607,2026-07-22T15:18:49.415,21,0,3,0,8
86615.461163,2026-07-22T15:18:49.418,21,0,3,0,8
86615.463841,2026-07-22T15:18:49.420,21,0,3,0,8
86615.466360,2026-07-22T15:18:49.423,21,0,3,0,8
86615.468889,2026-07-22T15:18:49.425,21,0,3,0,8
86615.471403,2026-07-22T15:18:49.428,21,0,3,0,8
86615.473916,2026-07-22T15:18:49.430,21,0,3,0,8
86615.476423,2026-07-22T15:18:49.433,21,0,3,0,8
86615.478458,2026-07-22T15:18:49.435,21,0,3,0,8
86615.481105,2026-07-22T15:18:49.438,21,0,3,0,8
86615.483899,2026-07-22T15:18:49.440,21,0,3,0,8
86615.486507,2026-07-22T15:18:49.443,21,0,3,0,8
86615.489023,2026-07-22T15:18:49.445,21,0,3,0,8
86615.491695,2026-07-22T15:18:49.448,21,0,3,0,8
86615.494268,2026-07-22T15:18:49.451,21,0,3,0,8
86615.496855,2026-07-22T15:18:49.453,21,0,3,0,8
86615.499338,2026-07-22T15:18:49.456,21,0,3,0,8
86615.501643,2026-07-22T15:18:49.458,21,0,3,0,8
86615.504310,2026-07-22T15:18:49.461,21,0,3,0,8
86615.506810,2026-07-22T15:18:49.463,21,0,3,0,8
86615.509341,2026-07-22T15:18:49.466,21,0,3,0,8
86615.511926,2026-07-22T15:18:49.468,21,0,3,0,8
86615.514423,2026-07-22T15:18:49.471,21,0,3,0,8
86615.516967,2026-07-22T15:18:49.473,21,0,3,0,8
86615.519437,2026-07-22T15:18:49.476,21,0,3,0,8
86615.521982,2026-07-22T15:18:49.478,21,0,3,0,8
86615.524629,2026-07-22T15:18:49.481,21,0,3,0,8
86615.527061,2026-07-22T15:18:49.484,21,0,3,0,8
86615.529608,2026-07-22T15:18:49.486,21,0,3,0,8
86615.532293,2026-07-22T15:18:49.489,21,0,3,0,8
86615.534991,2026-07-22T15:18:49.491,21,0,3,0,8
86615.537738,2026-07-22T15:18:49.494,21,0,3,0,8
86615.540321,2026-07-22T15:18:49.497,21,0,3,0,8
86615.542982,2026-07-22T15:18:49.499,21,0,3,0,8
86615.545761,2026-07-22T15:18:49.502,21,0,3,0,8
86615.548309,2026-07-22T15:18:49.505,21,0,3,0,8
86615.550810,2026-07-22T15:18:49.507,21,0,3,0,8
86615.553244,2026-07-22T15:18:49.510,21,0,3,0,8
86615.555868,2026-07-22T15:18:49.512,21,0,3,0,8
86615.558423,2026-07-22T15:18:49.515,21,0,3,0,8
86615.560924,2026-07-22T15:18:49.517,21,0,3,0,8
86615.563556,2026-07-22T15:18:49.520,21,0,3,0,8
86615.566079,2026-07-22T15:18:49.523,21,0,3,0,8
86615.568842,2026-07-22T15:18:49.525,21,0,3,0,8
86615.571366,2026-07-22T15:18:49.528,21,0,3,0,8
86615.573883,2026-07-22T15:18:49.530,21,0,3,0,8
86615.576560,2026-07-22T15:18:49.533,21,0,3,0,8
86615.579247,2026-07-22T15:18:49.536,21,3,3,0,0
86615.581424,2026-07-22T15:18:49.538,3,3,3,0,0
86615.584095,2026-07-22T15:18:49.541,3,3,3,0,0
86615.586808,2026-07-22T15:18:49.543,3,3,3,0,0
86615.589229,2026-07-22T15:18:49.546,3,3,3,0,0
86615.591747,2026-07-22T15:18:49.548,3,3,3,0,0
86615.594208,2026-07-22T15:18:49.551,3,3,3,0,0
86615.596272,2026-07-22T15:18:49.553,3,3,3,0,0
86615.598797,2026-07-22T15:18:49.555,3,3,3,0,0
86615.601196,2026-07-22T15:18:49.558,3,3,3,0,0
86615.603807,2026-07-22T15:18:49.560,3,3,3,0,0
86615.606429,2026-07-22T15:18:49.563,3,3,3,0,0
86615.608971,2026-07-22T15:18:49.565,3,3,3,0,0
86615.611446,2026-07-22T15:18:49.568,3,3,3,0,0
86615.614165,2026-07-22T15:18:49.571,3,3,3,0,0
86615.616808,2026-07-22T15:18:49.573,3,3,3,0,0
86615.619209,2026-07-22T15:18:49.576,3,3,3,0,0
86615.621747,2026-07-22T15:18:49.578,3,3,3,0,0
86615.624186,2026-07-22T15:18:49.581,3,3,3,0,0
86615.626766,2026-07-22T15:18:49.583,3,3,3,0,0
86615.628920,2026-07-22T15:18:49.585,3,3,3,0,0
86615.631615,2026-07-22T15:18:49.588,3,3,3,0,0
86615.634433,2026-07-22T15:18:49.591,3,3,3,0,0
86615.636913,2026-07-22T15:18:49.593,3,3,3,0,0
86615.639407,2026-07-22T15:18:49.596,3,3,3,0,0
86615.642336,2026-07-22T15:18:49.599,3,3,3,0,0
86615.644885,2026-07-22T15:18:49.601,3,3,3,0,0
86615.647369,2026-07-22T15:18:49.604,3,3,3,0,0
86615.650013,2026-07-22T15:18:49.606,3,3,3,0,0
86615.652392,2026-07-22T15:18:49.609,3,3,3,0,0
86615.654997,2026-07-22T15:18:49.611,3,3,3,0,0
86615.657450,2026-07-22T15:18:49.614,3,3,3,0,0
86615.660097,2026-07-22T15:18:49.617,3,3,3,0,0
86615.662458,2026-07-22T15:18:49.619,3,3,3,0,0
86615.665164,2026-07-22T15:18:49.622,3,3,3,0,0
86615.667676,2026-07-22T15:18:49.624,3,3,3,0,0
86615.670380,2026-07-22T15:18:49.627,3,3,3,0,0
86615.672986,2026-07-22T15:18:49.629,3,3,3,0,0
86615.675689,2026-07-22T15:18:49.632,3,3,3,0,0
86615.678414,2026-07-22T15:18:49.635,3,3,3,0,0
86615.681138,2026-07-22T15:18:49.638,3,3,3,0,0
86615.683964,2026-07-22T15:18:49.640,3,3,3,0,0
86615.686597,2026-07-22T15:18:49.643,3,3,3,0,0
86615.689276,2026-07-22T15:18:49.646,3,3,3,0,0
86615.691594,2026-07-22T15:18:49.648,3,3,3,0,0
86615.694232,2026-07-22T15:18:49.651,3,3,3,0,0
86615.696712,2026-07-22T15:18:49.653,3,3,3,0,0
86615.699122,2026-07-22T15:18:49.656,3,3,3,0,0
86615.701724,2026-07-22T15:18:49.658,3,3,3,0,0
86615.704196,2026-07-22T15:18:49.661,3,3,3,0,0
86615.706889,2026-07-22T15:18:49.663,3,3,3,0,0
86615.709466,2026-07-22T15:18:49.666,3,3,3,0,0
86615.712083,2026-07-22T15:18:49.669,3,3,3,0,0
86615.714703,2026-07-22T15:18:49.671,3,3,3,0,0
86615.717158,2026-07-22T15:18:49.674,3,3,3,0,0
86615.719636,2026-07-22T15:18:49.676,3,3,3,0,0
86615.722126,2026-07-22T15:18:49.679,3,3,3,0,0
86615.724613,2026-07-22T15:18:49.681,3,3,3,0,0
86615.727045,2026-07-22T15:18:49.684,3,3,3,0,0
86615.729338,2026-07-22T15:18:49.686,3,3,3,0,0
86615.731846,2026-07-22T15:18:49.688,3,3,3,0,0
86615.734506,2026-07-22T15:18:49.691,3,3,3,0,0
86615.737027,2026-07-22T15:18:49.693,3,3,3,0,0
86615.739633,2026-07-22T15:18:49.696,3,3,3,0,0
86615.742343,2026-07-22T15:18:49.699,3,3,3,0,0
86615.745121,2026-07-22T15:18:49.702,3,3,3,0,0
86615.747573,2026-07-22T15:18:49.704,3,3,3,0,0
86615.750325,2026-07-22T15:18:49.707,3,3,3,0,0
86615.752799,2026-07-22T15:18:49.709,3,3,3,0,0
86615.755372,2026-07-22T15:18:49.712,3,3,3,0,0
86615.757997,2026-07-22T15:18:49.714,3,3,3,0,0
86615.760452,2026-07-22T15:18:49.717,3,3,3,0,0
86615.762899,2026-07-22T15:18:49.719,3,3,3,0,0
86615.765450,2026-07-22T15:18:49.722,3,3,3,0,0
86615.767965,2026-07-22T15:18:49.724,3,3,3,0,0
86615.770406,2026-07-22T15:18:49.727,3,3,3,0,0
86615.772875,2026-07-22T15:18:49.729,3,3,3,0,0
86615.775395,2026-07-22T15:18:49.732,3,3,3,0,0
86615.777747,2026-07-22T15:18:49.734,3,3,3,0,0
86615.780141,2026-07-22T15:18:49.737,3,3,3,0,0
86615.782690,2026-07-22T15:18:49.739,3,3,3,0,0
86615.785031,2026-07-22T15:18:49.741,3,3,3,0,0
86615.787786,2026-07-22T15:18:49.744,3,3,3,0,0
86615.790574,2026-07-22T15:18:49.747,3,3,3,0,0
86615.792905,2026-07-22T15:18:49.749,3,3,3,0,0
86615.795414,2026-07-22T15:18:49.752,3,3,3,0,0
86615.798052,2026-07-22T15:18:49.755,3,3,3,0,0
86615.800836,2026-07-22T15:18:49.757,3,3,3,0,0
86615.803401,2026-07-22T15:18:49.760,3,3,3,0,0
86615.805717,2026-07-22T15:18:49.762,3,3,3,0,0
86615.808260,2026-07-22T15:18:49.765,3,3,3,0,0
86615.810809,2026-07-22T15:18:49.767,3,3,3,0,0
86615.813256,2026-07-22T15:18:49.770,3,3,3,0,0
86615.815855,2026-07-22T15:18:49.772,3,3,3,0,0
86615.818407,2026-07-22T15:18:49.775,3,3,3,0,0
86615.820532,2026-07-22T15:18:49.777,3,3,3,0,0
86615.822549,2026-07-22T15:18:49.779,3,3,3,0,0
86615.825186,2026-07-22T15:18:49.782,3,3,3,0,0
86615.827346,2026-07-22T15:18:49.784,3,3,3,0,0
86615.830156,2026-07-22T15:18:49.787,3,3,3,0,0
86615.832564,2026-07-22T15:18:49.789,3,3,3,0,0
86615.835269,2026-07-22T15:18:49.792,3,3,3,0,0
86615.838035,2026-07-22T15:18:49.795,3,3,3,0,0
86615.840536,2026-07-22T15:18:49.797,3,3,3,0,0
86615.843323,2026-07-22T15:18:49.800,3,3,3,0,0
86615.845920,2026-07-22T15:18:49.802,3,3,3,0,0
86615.848461,2026-07-22T15:18:49.805,3,3,3,0,0
86615.851069,2026-07-22T15:18:49.808,3,3,3,0,0
86615.853647,2026-07-22T15:18:49.810,3,3,3,0,0
86615.856214,2026-07-22T15:18:49.813,3,3,3,0,0
86615.858756,2026-07-22T15:18:49.815,3,3,3,0,0
86615.861467,2026-07-22T15:18:49.818,3,3,3,0,0
86615.863506,2026-07-22T15:18:49.820,3,3,3,0,0
86615.866067,2026-07-22T15:18:49.823,3,3,3,0,0
86615.868104,2026-07-22T15:18:49.825,3,3,3,0,0
86615.870610,2026-07-22T15:18:49.827,3,3,3,0,0
86615.873132,2026-07-22T15:18:49.830,3,3,3,0,0
86615.875700,2026-07-22T15:18:49.832,3,3,3,0,0
86615.878203,2026-07-22T15:18:49.835,3,3,3,0,0
86615.880911,2026-07-22T15:18:49.837,3,3,3,0,0
86615.883570,2026-07-22T15:18:49.840,3,3,3,0,0
86615.886330,2026-07-22T15:18:49.843,3,3,3,0,0
86615.888957,2026-07-22T15:18:49.845,3,3,3,0,0
86615.891684,2026-07-22T15:18:49.848,3,3,3,0,0
86615.894241,2026-07-22T15:18:49.851,3,3,3,0,0
86615.896779,2026-07-22T15:18:49.853,3,3,3,0,0
86615.899389,2026-07-22T15:18:49.856,3,3,3,0,0
86615.902089,2026-07-22T15:18:49.859,3,3,3,0,0
86615.904618,2026-07-22T15:18:49.861,3,3,3,0,0
86615.907179,2026-07-22T15:18:49.864,3,3,3,0,0
86615.909791,2026-07-22T15:18:49.866,3,3,3,0,0
86615.912174,2026-07-22T15:18:49.869,3,3,3,0,0
86615.914660,2026-07-22T15:18:49.871,3,3,3,0,0
86615.917195,2026-07-22T15:18:49.874,3,3,3,0,0
86615.919793,2026-07-22T15:18:49.876,3,3,3,0,0
86615.922270,2026-07-22T15:18:49.879,3,3,3,0,0
86615.924954,2026-07-22T15:18:49.881,3,3,3,0,0
86615.927122,2026-07-22T15:18:49.884,3,3,3,0,0
86615.929201,2026-07-22T15:18:49.886,3,3,3,0,0
86615.931892,2026-07-22T15:18:49.888,3,3,3,0,0
86615.934332,2026-07-22T15:18:49.891,3,3,3,0,0
86615.936739,2026-07-22T15:18:49.893,3,3,3,0,0
86615.939262,2026-07-22T15:18:49.896,3,3,3,0,0
86615.941996,2026-07-22T15:18:49.898,3,3,3,0,0
86615.944141,2026-07-22T15:18:49.901,3,3,3,0,0
86615.946185,2026-07-22T15:18:49.903,3,3,3,0,0
86615.948217,2026-07-22T15:18:49.905,3,3,3,0,0
86615.950743,2026-07-22T15:18:49.907,3,3,3,0,0
86615.952768,2026-07-22T15:18:49.909,3,3,3,0,0
86615.954795,2026-07-22T15:18:49.911,3,3,3,0,0
86615.982481,2026-07-22T15:18:49.939,3,3,3,0,0
86615.984865,2026-07-22T15:18:49.941,3,3,3,0,0
86615.987356,2026-07-22T15:18:49.944,3,3,3,0,0
86615.989452,2026-07-22T15:18:49.946,3,3,3,0,0
86615.992043,2026-07-22T15:18:49.949,3,3,3,0,0
86615.994620,2026-07-22T15:18:49.951,3,3,3,0,0
86615.997155,2026-07-22T15:18:49.954,3,3,3,0,0
86615.999802,2026-07-22T15:18:49.956,3,3,3,0,0
86616.002331,2026-07-22T15:18:49.959,3,3,3,0,0
86616.004898,2026-07-22T15:18:49.961,3,3,3,0,0
86616.007424,2026-07-22T15:18:49.964,3,3,3,0,0
86616.010095,2026-07-22T15:18:49.967,3,3,3,0,0
86616.012580,2026-07-22T15:18:49.969,3,3,3,0,0
86616.015238,2026-07-22T15:18:49.972,3,3,3,0,0
86616.017249,2026-07-22T15:18:49.974,3,3,3,0,0
86616.019801,2026-07-22T15:18:49.976,3,3,3,0,0
86616.022283,2026-07-22T15:18:49.979,3,3,3,0,0
86616.024791,2026-07-22T15:18:49.981,3,3,3,0,0
86616.027395,2026-07-22T15:18:49.984,3,3,3,0,0
86616.029773,2026-07-22T15:18:49.986,3,3,3,0,0
86616.032481,2026-07-22T15:18:49.989,3,3,3,0,0
86616.035266,2026-07-22T15:18:49.992,3,3,3,0,0
86616.037847,2026-07-22T15:18:49.994,3,3,3,0,0
86616.039998,2026-07-22T15:18:49.996,3,3,3,0,0
86616.042423,2026-07-22T15:18:49.999,3,3,3,0,0
86616.044922,2026-07-22T15:18:50.001,3,3,3,0,0
86616.046933,2026-07-22T15:18:50.003,3,3,3,0,0
86616.049078,2026-07-22T15:18:50.006,3,3,3,0,0
86616.051145,2026-07-22T15:18:50.008,3,3,3,0,0
86616.053324,2026-07-22T15:18:50.010,3,3,3,0,0
86616.055800,2026-07-22T15:18:50.012,3,3,3,0,0
86616.058560,2026-07-22T15:18:50.015,3,3,3,0,0
86616.061076,2026-07-22T15:18:50.018,3,3,3,0,0
86616.063755,2026-07-22T15:18:50.020,3,3,3,0,0
86616.066111,2026-07-22T15:18:50.023,3,3,3,0,0
86616.068137,2026-07-22T15:18:50.025,3,3,3,0,0
86616.070575,2026-07-22T15:18:50.027,3,3,3,0,0
86616.073050,2026-07-22T15:18:50.030,3,3,3,0,0
86616.075499,2026-07-22T15:18:50.032,3,3,3,0,0
86616.078141,2026-07-22T15:18:50.035,3,3,3,0,0
86616.080582,2026-07-22T15:18:50.037,3,3,3,0,0
86616.082794,2026-07-22T15:18:50.039,3,3,3,0,0
86616.085241,2026-07-22T15:18:50.042,3,3,3,0,0
86616.087767,2026-07-22T15:18:50.044,3,3,3,0,0
86616.090149,2026-07-22T15:18:50.047,3,3,3,0,0
86616.092192,2026-07-22T15:18:50.049,3,3,3,0,0
86616.094473,2026-07-22T15:18:50.051,3,3,3,0,0
86616.097004,2026-07-22T15:18:50.053,3,3,3,0,0
86616.099522,2026-07-22T15:18:50.056,3,3,3,0,0
86616.102110,2026-07-22T15:18:50.059,3,3,3,0,0
86616.104141,2026-07-22T15:18:50.061,3,3,3,0,0
86616.106153,2026-07-22T15:18:50.063,3,3,3,0,0
86616.108177,2026-07-22T15:18:50.065,3,3,3,0,0
86616.110207,2026-07-22T15:18:50.067,3,3,3,0,0
86616.112921,2026-07-22T15:18:50.069,3,3,3,0,0
86616.114949,2026-07-22T15:18:50.071,3,3,3,0,0
86616.117476,2026-07-22T15:18:50.074,3,3,3,0,0
86616.119998,2026-07-22T15:18:50.076,3,3,3,0,0
86616.122537,2026-07-22T15:18:50.079,3,3,3,0,0
86616.125059,2026-07-22T15:18:50.082,3,3,3,0,0
86616.127190,2026-07-22T15:18:50.084,3,3,3,0,0
86616.129842,2026-07-22T15:18:50.086,3,3,3,0,0
86616.132181,2026-07-22T15:18:50.089,3,3,3,0,0
86616.134683,2026-07-22T15:18:50.091,3,3,3,0,0
86616.136717,2026-07-22T15:18:50.093,3,3,3,0,0
86616.139310,2026-07-22T15:18:50.096,3,3,3,0,0
86616.141763,2026-07-22T15:18:50.098,3,3,3,0,0
86616.144310,2026-07-22T15:18:50.101,3,3,3,0,0
86616.146754,2026-07-22T15:18:50.103,3,3,3,0,0
86616.148788,2026-07-22T15:18:50.105,3,3,3,0,0
86616.151228,2026-07-22T15:18:50.108,3,3,3,0,0
86616.153736,2026-07-22T15:18:50.110,3,3,3,0,0
86616.156261,2026-07-22T15:18:50.113,3,3,3,0,0
86616.158774,2026-07-22T15:18:50.115,3,3,3,0,0
86616.161246,2026-07-22T15:18:50.118,3,3,3,0,0
86616.163883,2026-07-22T15:18:50.120,3,3,3,0,0
86616.165999,2026-07-22T15:18:50.122,3,3,3,0,0
86616.168124,2026-07-22T15:18:50.125,3,3,3,0,0
86616.170643,2026-07-22T15:18:50.127,3,3,3,0,0
86616.173090,2026-07-22T15:18:50.130,3,3,3,0,0
86616.175645,2026-07-22T15:18:50.132,3,3,3,0,0
86616.178007,2026-07-22T15:18:50.134,3,3,3,0,0
86616.180741,2026-07-22T15:18:50.137,3,3,3,0,0
86616.182876,2026-07-22T15:18:50.139,3,3,3,0,0
86616.185408,2026-07-22T15:18:50.142,3,3,3,0,0
86616.187935,2026-07-22T15:18:50.144,3,3,3,0,0
86616.190452,2026-07-22T15:18:50.147,3,3,3,0,0
86616.192959,2026-07-22T15:18:50.149,3,3,3,0,0
86616.195591,2026-07-22T15:18:50.152,3,3,3,0,0
86616.198090,2026-07-22T15:18:50.155,3,3,3,0,0
86616.200889,2026-07-22T15:18:50.157,3,3,3,0,0
86616.203567,2026-07-22T15:18:50.160,3,3,3,0,0
86616.205865,2026-07-22T15:18:50.162,3,3,3,0,0
86616.208318,2026-07-22T15:18:50.165,3,3,3,0,0
86616.210821,2026-07-22T15:18:50.167,3,3,3,0,0
86616.213223,2026-07-22T15:18:50.170,3,3,3,0,0
86616.215739,2026-07-22T15:18:50.172,3,3,3,0,0
86616.218237,2026-07-22T15:18:50.175,3,3,3,0,0
86616.220744,2026-07-22T15:18:50.177,3,3,3,0,0
86616.223191,2026-07-22T15:18:50.180,3,3,3,0,0
86616.225683,2026-07-22T15:18:50.182,3,3,3,0,0
86616.228010,2026-07-22T15:18:50.184,3,3,3,0,0
86616.230410,2026-07-22T15:18:50.187,3,3,3,0,0
86616.232927,2026-07-22T15:18:50.189,3,3,3,0,0
86616.235307,2026-07-22T15:18:50.192,3,3,3,0,0
86616.237823,2026-07-22T15:18:50.194,3,3,3,0,0
86616.240130,2026-07-22T15:18:50.197,3,3,3,0,0
86616.242642,2026-07-22T15:18:50.199,3,3,3,0,0
86616.245233,2026-07-22T15:18:50.202,3,3,3,0,0
86616.247752,2026-07-22T15:18:50.204,3,3,3,0,0
86616.250146,2026-07-22T15:18:50.207,3,3,3,0,0
86616.252630,2026-07-22T15:18:50.209,3,3,3,0,0
86616.255147,2026-07-22T15:18:50.212,3,3,3,0,0
86616.257910,2026-07-22T15:18:50.214,3,3,3,0,0
86616.259950,2026-07-22T15:18:50.216,3,3,3,0,0
86616.262564,2026-07-22T15:18:50.219,3,3,3,0,0
86616.264574,2026-07-22T15:18:50.221,3,3,3,0,0
86616.266602,2026-07-22T15:18:50.223,3,3,3,0,0
86616.268701,2026-07-22T15:18:50.225,3,3,3,0,0
86616.271239,2026-07-22T15:18:50.228,3,3,3,0,0
86616.273893,2026-07-22T15:18:50.230,3,3,3,0,0
86616.276422,2026-07-22T15:18:50.233,3,3,3,0,0
86616.279028,2026-07-22T15:18:50.235,3,3,3,0,0
86616.281119,2026-07-22T15:18:50.238,3,3,3,0,0
86616.283145,2026-07-22T15:18:50.240,3,3,3,0,0
86616.285687,2026-07-22T15:18:50.242,3,3,3,0,0
86616.288183,2026-07-22T15:18:50.245,3,3,3,0,0
86616.290750,2026-07-22T15:18:50.247,3,3,3,0,0
86616.293263,2026-07-22T15:18:50.250,3,3,3,0,0
86616.295848,2026-07-22T15:18:50.252,3,3,3,0,0
86616.298232,2026-07-22T15:18:50.255,3,3,3,0,0
86616.300266,2026-07-22T15:18:50.257,3,3,3,0,0
86616.302742,2026-07-22T15:18:50.259,3,3,3,0,0
86616.304776,2026-07-22T15:18:50.261,3,3,3,0,0
86616.307188,2026-07-22T15:18:50.264,3,3,3,0,0
86616.309711,2026-07-22T15:18:50.266,3,3,3,0,0
86616.312352,2026-07-22T15:18:50.269,3,3,3,0,0
86616.314812,2026-07-22T15:18:50.271,3,3,3,0,0
86616.316912,2026-07-22T15:18:50.273,3,3,3,0,0
86616.319408,2026-07-22T15:18:50.276,3,3,3,0,0
86616.321536,2026-07-22T15:18:50.278,3,3,3,0,0
86616.324048,2026-07-22T15:18:50.281,3,3,3,0,0
86616.326558,2026-07-22T15:18:50.283,3,3,3,0,0
86616.329020,2026-07-22T15:18:50.285,3,3,3,0,0
86616.331465,2026-07-22T15:18:50.288,3,3,3,0,0
86616.333976,2026-07-22T15:18:50.290,3,3,3,0,0
86616.336462,2026-07-22T15:18:50.293,3,3,3,0,0
86616.338492,2026-07-22T15:18:50.295,3,3,3,0,0
86616.341037,2026-07-22T15:18:50.298,3,3,3,0,0
86616.343571,2026-07-22T15:18:50.300,3,3,3,0,0
86616.345906,2026-07-22T15:18:50.302,3,3,3,0,0
86616.348566,2026-07-22T15:18:50.305,3,3,3,0,0
86616.350969,2026-07-22T15:18:50.307,3,3,3,0,0
86616.353497,2026-07-22T15:18:50.310,3,3,3,0,0
86616.356025,2026-07-22T15:18:50.312,3,3,3,0,0
86616.358531,2026-07-22T15:18:50.315,3,3,3,0,0
86616.360558,2026-07-22T15:18:50.317,3,3,3,0,0
86616.363165,2026-07-22T15:18:50.320,3,3,3,0,0
86616.365648,2026-07-22T15:18:50.322,3,3,3,0,0
86616.367666,2026-07-22T15:18:50.324,3,3,3,0,0
86616.369806,2026-07-22T15:18:50.326,3,3,3,0,0
86616.372313,2026-07-22T15:18:50.329,3,3,3,0,0
86616.374937,2026-07-22T15:18:50.331,3,3,3,0,0
86616.377450,2026-07-22T15:18:50.334,3,3,3,0,0
86616.379958,2026-07-22T15:18:50.336,3,3,3,0,0
86616.382502,2026-07-22T15:18:50.339,3,3,3,0,0
86616.385012,2026-07-22T15:18:50.341,3,3,3,0,0
86616.387492,2026-07-22T15:18:50.344,3,3,3,0,0
86616.390010,2026-07-22T15:18:50.346,3,3,3,0,0
86616.392100,2026-07-22T15:18:50.349,3,3,3,0,0
86616.394633,2026-07-22T15:18:50.351,3,3,3,0,0
86616.397255,2026-07-22T15:18:50.354,3,3,3,0,0
86616.399738,2026-07-22T15:18:50.356,3,3,3,0,0
86616.401775,2026-07-22T15:18:50.358,3,3,3,0,0
86616.404346,2026-07-22T15:18:50.361,3,3,3,0,0
86616.406867,2026-07-22T15:18:50.363,36,0,3,0,8
86616.408926,2026-07-22T15:18:50.365,36,0,3,0,8
86616.411440,2026-07-22T15:18:50.368,36,0,3,0,8
86616.414128,2026-07-22T15:18:50.371,36,0,3,0,8
86616.416148,2026-07-22T15:18:50.373,36,0,3,0,8
86616.418648,2026-07-22T15:18:50.375,36,0,3,0,8
86616.421155,2026-07-22T15:18:50.378,36,0,3,0,8
86616.423667,2026-07-22T15:18:50.380,36,0,3,0,8
86616.426190,2026-07-22T15:18:50.383,36,0,3,0,8
86616.428473,2026-07-22T15:18:50.385,36,0,3,0,8
86616.430990,2026-07-22T15:18:50.387,36,0,3,0,8
86616.433398,2026-07-22T15:18:50.390,36,0,3,0,8
86616.436167,2026-07-22T15:18:50.393,36,0,3,0,8
86616.438256,2026-07-22T15:18:50.395,36,0,3,0,8
86616.440289,2026-07-22T15:18:50.397,36,0,3,0,8
86616.442323,2026-07-22T15:18:50.399,36,0,3,0,8
86616.444856,2026-07-22T15:18:50.401,36,0,3,0,8
86616.447257,2026-07-22T15:18:50.404,36,0,3,0,8
86616.449768,2026-07-22T15:18:50.406,36,0,3,0,8
86616.451799,2026-07-22T15:18:50.408,36,0,3,0,8
86616.453835,2026-07-22T15:18:50.410,36,0,3,0,8
86616.455958,2026-07-22T15:18:50.412,36,0,3,0,8
86616.458045,2026-07-22T15:18:50.415,36,0,3,0,8
86616.460547,2026-07-22T15:18:50.417,36,0,3,0,8
86616.463052,2026-07-22T15:18:50.420,36,0,3,0,8
86616.465557,2026-07-22T15:18:50.422,36,0,3,0,8
86616.468068,2026-07-22T15:18:50.425,36,0,3,0,8
86616.470568,2026-07-22T15:18:50.427,36,0,3,0,8
86616.473232,2026-07-22T15:18:50.430,36,0,3,0,8
86616.475522,2026-07-22T15:18:50.432,36,0,3,0,8
86616.477767,2026-07-22T15:18:50.434,36,0,3,0,8
86616.479874,2026-07-22T15:18:50.436,36,0,3,0,8
86616.482278,2026-07-22T15:18:50.439,36,0,3,0,8
86616.484311,2026-07-22T15:18:50.441,36,0,3,0,8
86616.486342,2026-07-22T15:18:50.443,36,0,3,0,8
86616.488867,2026-07-22T15:18:50.445,36,0,3,0,8
86616.491361,2026-07-22T15:18:50.448,36,0,3,0,8
86616.493876,2026-07-22T15:18:50.450,36,0,3,0,8
86616.496391,2026-07-22T15:18:50.453,36,0,3,0,8
86616.498903,2026-07-22T15:18:50.455,36,0,3,0,8
86616.501425,2026-07-22T15:18:50.458,36,0,3,0,8
86616.503954,2026-07-22T15:18:50.460,36,0,3,0,8
86616.506518,2026-07-22T15:18:50.463,36,0,3,0,8
86616.509059,2026-07-22T15:18:50.466,36,0,3,0,8
86616.511095,2026-07-22T15:18:50.468,36,0,3,0,8
86616.513135,2026-07-22T15:18:50.470,36,0,3,0,8
86616.515645,2026-07-22T15:18:50.472,36,0,3,0,8
86616.517661,2026-07-22T15:18:50.474,36,0,3,0,8
86616.519846,2026-07-22T15:18:50.476,36,0,3,0,8
86616.521881,2026-07-22T15:18:50.478,36,0,3,0,8
86616.524420,2026-07-22T15:18:50.481,36,0,3,0,8
86616.526450,2026-07-22T15:18:50.483,36,0,3,0,8
86616.528493,2026-07-22T15:18:50.485,36,0,3,0,8
86616.530888,2026-07-22T15:18:50.487,36,0,3,0,8
86616.532917,2026-07-22T15:18:50.489,36,0,3,0,8
86616.535478,2026-07-22T15:18:50.492,36,0,3,0,8
86616.537954,2026-07-22T15:18:50.494,36,0,3,0,8
86616.540061,2026-07-22T15:18:50.497,36,0,3,0,8
86616.542272,2026-07-22T15:18:50.499,36,0,3,0,8
86616.545015,2026-07-22T15:18:50.501,36,0,3,0,8
86616.547534,2026-07-22T15:18:50.504,36,0,3,0,8
86616.549561,2026-07-22T15:18:50.506,36,0,3,0,8
86616.551628,2026-07-22T15:18:50.508,36,0,3,0,8
86616.554139,2026-07-22T15:18:50.511,36,0,3,0,8
86616.556284,2026-07-22T15:18:50.513,36,0,3,0,8
86616.558447,2026-07-22T15:18:50.515,36,0,3,0,8
86616.560951,2026-07-22T15:18:50.517,36,0,3,0,8
86616.562985,2026-07-22T15:18:50.519,36,0,3,0,8
86616.565013,2026-07-22T15:18:50.521,36,0,3,0,8
86616.567104,2026-07-22T15:18:50.524,36,0,3,0,8
86616.569602,2026-07-22T15:18:50.526,36,0,3,0,8
86616.572144,2026-07-22T15:18:50.529,36,0,3,0,8
86616.574655,2026-07-22T15:18:50.531,36,0,3,0,8
86616.577445,2026-07-22T15:18:50.534,36,0,3,0,8
86616.579773,2026-07-22T15:18:50.536,36,0,3,0,8
86616.582336,2026-07-22T15:18:50.539,36,0,3,0,8
86616.584380,2026-07-22T15:18:50.541,36,0,3,0,8
86616.586410,2026-07-22T15:18:50.543,36,0,3,0,8
86616.588421,2026-07-22T15:18:50.545,36,0,3,0,8
86616.590450,2026-07-22T15:18:50.547,36,0,3,0,8
86616.592489,2026-07-22T15:18:50.549,36,0,3,0,8
86616.594520,2026-07-22T15:18:50.551,36,0,3,0,8
86616.597038,2026-07-22T15:18:50.554,36,0,3,0,8
86616.599597,2026-07-22T15:18:50.556,36,0,3,0,8
86616.602008,2026-07-22T15:18:50.558,36,0,3,0,8
86616.604607,2026-07-22T15:18:50.561,36,0,3,0,8
86616.607099,2026-07-22T15:18:50.564,36,0,3,0,8
86616.609703,2026-07-22T15:18:50.566,36,0,3,0,8
86616.612340,2026-07-22T15:18:50.569,36,0,3,0,8
86616.614912,2026-07-22T15:18:50.571,36,0,3,0,8
86616.616933,2026-07-22T15:18:50.573,36,0,3,0,8
86616.618979,2026-07-22T15:18:50.575,36,0,3,0,8
86616.621008,2026-07-22T15:18:50.577,36,0,3,0,8
86616.623036,2026-07-22T15:18:50.579,36,0,3,0,8
86616.625585,2026-07-22T15:18:50.582,36,0,3,0,8
86616.628227,2026-07-22T15:18:50.585,36,0,3,0,8
86616.630489,2026-07-22T15:18:50.587,36,0,3,0,8
86616.632990,2026-07-22T15:18:50.589,36,0,3,0,8
86616.635499,2026-07-22T15:18:50.592,36,0,3,0,8
86616.638004,2026-07-22T15:18:50.594,36,0,3,0,8
86616.640514,2026-07-22T15:18:50.597,36,0,3,0,8
86616.643021,2026-07-22T15:18:50.599,36,0,3,0,8
86616.645525,2026-07-22T15:18:50.602,36,0,3,0,8
86616.648043,2026-07-22T15:18:50.605,36,0,3,0,8
86616.650562,2026-07-22T15:18:50.607,36,0,3,0,11
86616.653065,2026-07-22T15:18:50.610,133,0,3,0,11
86616.655570,2026-07-22T15:18:50.612,133,0,3,0,11
86616.657681,2026-07-22T15:18:50.614,133,0,3,0,11
86616.659706,2026-07-22T15:18:50.616,133,0,3,0,11
86616.662218,2026-07-22T15:18:50.619,133,0,3,0,11
86616.664271,2026-07-22T15:18:50.621,133,0,3,0,11
86616.666785,2026-07-22T15:18:50.623,133,0,3,0,11
86616.669299,2026-07-22T15:18:50.626,133,0,3,0,11
86616.671318,2026-07-22T15:18:50.628,133,0,3,0,11
86616.673866,2026-07-22T15:18:50.630,133,0,3,0,11
86616.676403,2026-07-22T15:18:50.633,133,0,3,0,11
86616.678912,2026-07-22T15:18:50.635,133,0,3,0,11
86616.681388,2026-07-22T15:18:50.638,133,0,3,0,11
86616.683425,2026-07-22T15:18:50.640,133,0,3,0,11
86616.685464,2026-07-22T15:18:50.642,133,0,3,0,11
86616.687482,2026-07-22T15:18:50.644,133,0,3,0,11
86616.690024,2026-07-22T15:18:50.646,133,0,3,0,11
86616.692521,2026-07-22T15:18:50.649,133,0,3,0,11
86616.695047,2026-07-22T15:18:50.652,133,0,3,0,11
86616.697555,2026-07-22T15:18:50.654,133,0,3,0,11
86616.699598,2026-07-22T15:18:50.656,133,0,3,0,11
86616.702129,2026-07-22T15:18:50.659,133,0,3,0,11
86616.704741,2026-07-22T15:18:50.661,133,0,3,0,11
86616.706837,2026-07-22T15:18:50.663,133,0,3,0,11
86616.708989,2026-07-22T15:18:50.665,133,0,3,0,11
86616.711667,2026-07-22T15:18:50.668,133,0,3,0,11
86616.713704,2026-07-22T15:18:50.670,133,0,3,0,11
86616.716228,2026-07-22T15:18:50.673,133,0,3,0,11
86616.718747,2026-07-22T15:18:50.675,133,0,3,0,11
86616.720781,2026-07-22T15:18:50.677,133,0,3,0,11
86616.722797,2026-07-22T15:18:50.679,133,0,3,0,11
86616.724837,2026-07-22T15:18:50.681,133,0,3,0,11
86616.726884,2026-07-22T15:18:50.683,133,0,3,0,11
86616.729408,2026-07-22T15:18:50.686,133,0,3,0,11
86616.731939,2026-07-22T15:18:50.688,133,0,3,0,11
86616.734263,2026-07-22T15:18:50.691,133,0,3,0,11
86616.736302,2026-07-22T15:18:50.693,133,0,3,0,11
86616.738443,2026-07-22T15:18:50.695,133,0,3,0,11
86616.740962,2026-07-22T15:18:50.697,133,0,3,0,11
86616.743482,2026-07-22T15:18:50.700,133,0,3,0,11
86616.745998,2026-07-22T15:18:50.702,133,0,3,0,11
86616.748764,2026-07-22T15:18:50.705,133,0,3,0,11
86616.750974,2026-07-22T15:18:50.707,133,0,3,0,11
86616.753616,2026-07-22T15:18:50.710,133,0,3,0,11
86616.755663,2026-07-22T15:18:50.712,133,0,3,0,11
86616.758191,2026-07-22T15:18:50.715,133,0,3,0,11
86616.760720,2026-07-22T15:18:50.717,133,0,3,0,11
86616.763007,2026-07-22T15:18:50.719,133,0,3,0,11
86616.765527,2026-07-22T15:18:50.722,133,0,3,0,11
86616.767560,2026-07-22T15:18:50.724,133,0,3,0,11
86616.769760,2026-07-22T15:18:50.726,133,0,3,0,11
86616.772290,2026-07-22T15:18:50.729,133,0,3,0,11
86616.774817,2026-07-22T15:18:50.731,133,0,3,0,11
86616.777349,2026-07-22T15:18:50.734,133,0,3,0,11
86616.779384,2026-07-22T15:18:50.736,133,0,3,0,11
86616.781913,2026-07-22T15:18:50.738,133,0,3,0,11
86616.784327,2026-07-22T15:18:50.741,133,0,3,0,11
86616.786775,2026-07-22T15:18:50.743,133,0,3,0,11
86616.789306,2026-07-22T15:18:50.746,133,0,3,0,11
86616.791823,2026-07-22T15:18:50.748,133,0,3,0,11
86616.794347,2026-07-22T15:18:50.751,133,0,3,0,11
86616.796584,2026-07-22T15:18:50.753,133,0,3,0,11
86616.798637,2026-07-22T15:18:50.755,133,0,3,0,11
86616.801158,2026-07-22T15:18:50.758,133,0,3,0,11
86616.803183,2026-07-22T15:18:50.760,133,0,3,0,11
86616.805211,2026-07-22T15:18:50.762,133,0,3,0,11
86616.807306,2026-07-22T15:18:50.764,133,0,3,0,11
86616.809554,2026-07-22T15:18:50.766,133,0,3,0,11
86616.811577,2026-07-22T15:18:50.768,133,0,3,0,11
86616.813606,2026-07-22T15:18:50.770,133,0,3,0,11
86616.815670,2026-07-22T15:18:50.772,133,0,3,0,11
86616.818148,2026-07-22T15:18:50.775,133,0,3,0,11
86616.820655,2026-07-22T15:18:50.777,133,0,3,0,11
86616.823163,2026-07-22T15:18:50.780,133,0,3,0,11
86616.825673,2026-07-22T15:18:50.782,133,0,3,0,11
86616.828180,2026-07-22T15:18:50.785,133,0,3,0,11
86616.830221,2026-07-22T15:18:50.786,133,0,3,0,11
86616.832412,2026-07-22T15:18:50.789,133,0,3,0,11
86616.835088,2026-07-22T15:18:50.792,133,0,3,0,11
86616.837123,2026-07-22T15:18:50.794,133,0,3,0,11
86616.839653,2026-07-22T15:18:50.796,133,0,3,0,11
86616.842294,2026-07-22T15:18:50.799,133,0,3,0,11
86616.844334,2026-07-22T15:18:50.801,133,0,3,0,11
86616.846881,2026-07-22T15:18:50.803,133,0,3,0,11
86616.849402,2026-07-22T15:18:50.806,133,0,3,0,11
86616.851555,2026-07-22T15:18:50.808,133,0,3,0,11
86616.854090,2026-07-22T15:18:50.811,133,0,3,0,11
86616.856586,2026-07-22T15:18:50.813,133,0,3,0,11
86616.859086,2026-07-22T15:18:50.816,133,0,3,0,11
86616.861591,2026-07-22T15:18:50.818,133,0,3,0,11
86616.864126,2026-07-22T15:18:50.821,133,0,3,0,11
86616.866239,2026-07-22T15:18:50.823,133,0,3,0,11
86616.868750,2026-07-22T15:18:50.825,133,0,3,0,11
86616.870950,2026-07-22T15:18:50.827,133,0,3,0,11
86616.873455,2026-07-22T15:18:50.830,133,0,3,0,11
86616.875960,2026-07-22T15:18:50.832,133,0,3,0,11
86616.878476,2026-07-22T15:18:50.835,133,0,3,0,11
86616.880995,2026-07-22T15:18:50.837,133,0,3,0,11
86616.883517,2026-07-22T15:18:50.840,133,0,3,0,11
86616.886039,2026-07-22T15:18:50.843,133,0,3,0,11
86616.888662,2026-07-22T15:18:50.845,133,0,3,0,11
86616.891175,2026-07-22T15:18:50.848,133,0,3,0,11
86616.893342,2026-07-22T15:18:50.849,133,0,3,0,11
86616.895739,2026-07-22T15:18:50.852,231,0,3,0,8
86616.897758,2026-07-22T15:18:50.854,231,0,3,0,8
86616.900284,2026-07-22T15:18:50.857,231,0,3,0,8
86616.902522,2026-07-22T15:18:50.859,231,0,3,0,8
86616.904674,2026-07-22T15:18:50.861,231,0,3,0,8
86616.907265,2026-07-22T15:18:50.864,231,0,3,0,8
86616.909289,2026-07-22T15:18:50.866,231,0,3,0,8
86616.911332,2026-07-22T15:18:50.868,231,0,3,0,8
86616.913838,2026-07-22T15:18:50.870,231,0,3,0,8
86616.915941,2026-07-22T15:18:50.872,231,0,3,0,8
86616.918211,2026-07-22T15:18:50.875,231,0,3,0,8
86616.920709,2026-07-22T15:18:50.877,231,0,3,0,8
86616.923203,2026-07-22T15:18:50.880,231,0,3,0,8
86616.925236,2026-07-22T15:18:50.882,231,0,3,0,8
86616.927764,2026-07-22T15:18:50.884,231,0,3,0,8
86616.930291,2026-07-22T15:18:50.887,231,0,3,0,8
86616.932825,2026-07-22T15:18:50.889,231,0,3,0,8
86616.935365,2026-07-22T15:18:50.892,231,0,3,0,8
86616.937614,2026-07-22T15:18:50.894,231,0,3,0,8
86616.939681,2026-07-22T15:18:50.896,231,0,3,0,8
86616.942196,2026-07-22T15:18:50.899,231,0,3,0,8
86616.944228,2026-07-22T15:18:50.901,231,0,3,0,8
86616.946242,2026-07-22T15:18:50.903,231,0,3,0,8
86616.948321,2026-07-22T15:18:50.905,231,0,3,0,8
86616.950849,2026-07-22T15:18:50.907,231,0,3,0,8
86616.953384,2026-07-22T15:18:50.910,231,0,3,0,8
86616.955632,2026-07-22T15:18:50.912,231,0,3,0,8
86616.958150,2026-07-22T15:18:50.915,231,0,3,0,8
86616.960162,2026-07-22T15:18:50.917,231,0,3,0,8
86616.962188,2026-07-22T15:18:50.919,231,0,3,0,8
86616.964219,2026-07-22T15:18:50.921,231,0,3,0,8
86616.966737,2026-07-22T15:18:50.923,231,0,3,0,8
86616.968790,2026-07-22T15:18:50.925,231,0,3,0,8
86616.970996,2026-07-22T15:18:50.927,231,0,3,0,8
86616.973044,2026-07-22T15:18:50.930,231,0,3,0,8
86616.975076,2026-07-22T15:18:50.932,231,0,3,0,8
86616.977594,2026-07-22T15:18:50.934,231,0,3,0,8
86616.979703,2026-07-22T15:18:50.936,231,0,3,0,8
86616.982172,2026-07-22T15:18:50.939,231,0,3,0,8
86616.984208,2026-07-22T15:18:50.941,231,0,3,0,8
86616.986275,2026-07-22T15:18:50.943,231,0,3,0,8
86616.988763,2026-07-22T15:18:50.945,231,0,3,0,8
86616.991281,2026-07-22T15:18:50.948,231,0,3,0,8
86616.993799,2026-07-22T15:18:50.950,231,0,3,0,8
86616.996316,2026-07-22T15:18:50.953,231,0,3,0,8
86616.998835,2026-07-22T15:18:50.955,231,0,3,0,8
86617.001569,2026-07-22T15:18:50.958,231,0,3,0,8
86617.003876,2026-07-22T15:18:50.960,231,0,3,0,8
86617.005910,2026-07-22T15:18:50.962,231,0,3,0,8
86617.007945,2026-07-22T15:18:50.964,231,0,3,0,8
86617.010467,2026-07-22T15:18:50.967,231,0,3,0,8
86617.012983,2026-07-22T15:18:50.969,231,0,3,0,8
86617.015601,2026-07-22T15:18:50.972,231,0,3,0,8
86617.017760,2026-07-22T15:18:50.974,231,0,3,0,8
86617.020274,2026-07-22T15:18:50.977,231,0,3,0,8
86617.022305,2026-07-22T15:18:50.979,231,0,3,0,8
86617.024335,2026-07-22T15:18:50.981,231,0,3,0,8
86617.026857,2026-07-22T15:18:50.983,231,0,3,0,8
86617.029376,2026-07-22T15:18:50.986,231,0,3,0,8
86617.031960,2026-07-22T15:18:50.988,231,0,3,0,8
86617.034080,2026-07-22T15:18:50.991,231,0,3,0,8
86617.036585,2026-07-22T15:18:50.993,231,0,3,0,8
86617.039087,2026-07-22T15:18:50.996,231,0,3,0,8
86617.041593,2026-07-22T15:18:50.998,231,0,3,0,8
86617.044101,2026-07-22T15:18:51.001,231,0,3,0,8
86617.046634,2026-07-22T15:18:51.003,231,0,3,0,8
86617.048765,2026-07-22T15:18:51.005,231,0,3,0,8
86617.051266,2026-07-22T15:18:51.008,231,0,3,0,8
86617.053282,2026-07-22T15:18:51.010,231,0,3,0,8
86617.055312,2026-07-22T15:18:51.012,231,0,3,0,8
86617.057837,2026-07-22T15:18:51.014,231,0,3,0,8
86617.059858,2026-07-22T15:18:51.016,231,0,3,0,8
86617.061933,2026-07-22T15:18:51.018,231,0,3,0,8
86617.064435,2026-07-22T15:18:51.021,231,0,3,0,8
86617.066942,2026-07-22T15:18:51.023,231,0,3,0,8
86617.069084,2026-07-22T15:18:51.026,231,0,3,0,8
86617.071691,2026-07-22T15:18:51.028,231,0,3,0,8
86617.073814,2026-07-22T15:18:51.030,231,0,3,0,8
86617.076616,2026-07-22T15:18:51.033,231,0,3,0,8
86617.078897,2026-07-22T15:18:51.035,231,0,3,0,8
86617.081409,2026-07-22T15:18:51.038,231,0,3,0,8
86617.083922,2026-07-22T15:18:51.040,231,0,3,0,8
86617.086438,2026-07-22T15:18:51.043,231,0,3,0,8
86617.089123,2026-07-22T15:18:51.046,231,0,3,0,8
86617.091588,2026-07-22T15:18:51.048,231,0,3,0,8
86617.094266,2026-07-22T15:18:51.051,231,0,3,0,8
86617.096303,2026-07-22T15:18:51.053,231,0,3,0,8
86617.098336,2026-07-22T15:18:51.055,231,0,3,0,8
86617.100858,2026-07-22T15:18:51.057,231,0,3,0,8
86617.103377,2026-07-22T15:18:51.060,231,0,3,0,8
86617.105889,2026-07-22T15:18:51.062,231,0,3,0,8
86617.107921,2026-07-22T15:18:51.064,231,0,3,0,8
86617.109954,2026-07-22T15:18:51.066,231,0,3,0,8
86617.112465,2026-07-22T15:18:51.069,231,0,3,0,8
86617.114496,2026-07-22T15:18:51.071,231,0,3,0,8
86617.117013,2026-07-22T15:18:51.073,231,0,3,0,8
86617.119532,2026-07-22T15:18:51.076,231,0,3,0,8
86617.121872,2026-07-22T15:18:51.078,231,0,3,0,8
86617.124630,2026-07-22T15:18:51.081,231,0,3,0,8
86617.127120,2026-07-22T15:18:51.084,231,0,3,0,8
86617.129157,2026-07-22T15:18:51.086,231,0,3,0,8
86617.131387,2026-07-22T15:18:51.087,231,0,3,0,8
86617.133698,2026-07-22T15:18:51.090,231,0,3,0,8
86617.136476,2026-07-22T15:18:51.093,231,0,3,0,8
86617.138512,2026-07-22T15:18:51.095,231,0,3,0,0
86617.141010,2026-07-22T15:18:51.097,249,3,3,0,0
86617.144530,2026-07-22T15:18:51.100,249,3,3,0,0
86617.147035,2026-07-22T15:18:51.103,249,3,3,0,0
86617.149505,2026-07-22T15:18:51.106,249,3,3,0,0
86617.152022,2026-07-22T15:18:51.108,249,3,3,0,0
86617.154539,2026-07-22T15:18:51.111,249,3,3,0,0
86617.157063,2026-07-22T15:18:51.114,249,3,3,0,0
86617.159578,2026-07-22T15:18:51.116,249,3,3,0,0
86617.162205,2026-07-22T15:18:51.119,249,3,3,0,0
86617.164788,2026-07-22T15:18:51.121,249,3,3,0,0
86617.167332,2026-07-22T15:18:51.124,249,3,3,0,0
86617.169845,2026-07-22T15:18:51.126,249,3,3,0,0
86617.172424,2026-07-22T15:18:51.129,249,3,3,0,0
86617.175001,2026-07-22T15:18:51.131,249,3,3,0,0
86617.177538,2026-07-22T15:18:51.134,249,3,3,0,0
86617.179871,2026-07-22T15:18:51.136,249,3,3,0,0
86617.182257,2026-07-22T15:18:51.139,249,3,3,0,0
86617.184351,2026-07-22T15:18:51.141,249,3,3,0,0
86617.186386,2026-07-22T15:18:51.143,249,3,3,0,0
86617.188423,2026-07-22T15:18:51.145,249,3,3,0,0
86617.190481,2026-07-22T15:18:51.147,249,3,3,0,0
86617.192544,2026-07-22T15:18:51.149,249,3,3,0,0
86617.195072,2026-07-22T15:18:51.152,249,3,3,0,0
86617.197590,2026-07-22T15:18:51.154,249,3,3,0,0
86617.200141,2026-07-22T15:18:51.157,249,3,3,0,0
86617.202828,2026-07-22T15:18:51.159,249,3,3,0,0
86617.205201,2026-07-22T15:18:51.162,249,3,3,0,0
86617.207414,2026-07-22T15:18:51.164,249,3,3,0,0
86617.209758,2026-07-22T15:18:51.166,249,3,3,0,0
86617.212291,2026-07-22T15:18:51.169,249,3,3,0,0
86617.214802,2026-07-22T15:18:51.171,249,3,3,0,0
86617.217344,2026-07-22T15:18:51.174,249,3,3,0,0
86617.219727,2026-07-22T15:18:51.176,249,3,3,0,0
86617.222255,2026-07-22T15:18:51.179,249,3,3,0,0
86617.225028,2026-07-22T15:18:51.182,249,3,3,0,0
86617.227558,2026-07-22T15:18:51.184,249,3,3,0,0
86617.229594,2026-07-22T15:18:51.186,249,3,3,0,0
86617.232265,2026-07-22T15:18:51.189,249,3,3,0,0
86617.234768,2026-07-22T15:18:51.191,249,3,3,0,0
86617.237444,2026-07-22T15:18:51.194,249,3,3,0,0
86617.239964,2026-07-22T15:18:51.196,249,3,3,0,0
86617.242470,2026-07-22T15:18:51.199,249,3,3,0,0
86617.244978,2026-07-22T15:18:51.201,249,3,3,0,0
86617.247375,2026-07-22T15:18:51.204,249,3,3,0,0
86617.249961,2026-07-22T15:18:51.206,249,3,3,0,0
86617.252575,2026-07-22T15:18:51.209,249,3,3,0,0
86617.255086,2026-07-22T15:18:51.212,249,3,3,0,0
86617.257699,2026-07-22T15:18:51.214,249,3,3,0,0
86617.260183,2026-07-22T15:18:51.217,249,3,3,0,0
86617.262209,2026-07-22T15:18:51.219,249,3,3,0,0
86617.264713,2026-07-22T15:18:51.221,249,3,3,0,0
86617.267243,2026-07-22T15:18:51.224,249,3,3,0,0
86617.269756,2026-07-22T15:18:51.226,249,3,3,0,0
86617.272280,2026-07-22T15:18:51.229,249,3,3,0,0
86617.274860,2026-07-22T15:18:51.231,249,3,3,0,0
86617.277330,2026-07-22T15:18:51.234,249,3,3,0,0
86617.279356,2026-07-22T15:18:51.236,249,3,3,0,0
86617.282152,2026-07-22T15:18:51.239,249,3,3,0,0
86617.284655,2026-07-22T15:18:51.241,249,3,3,0,0
86617.287126,2026-07-22T15:18:51.244,249,3,3,0,0
86617.289661,2026-07-22T15:18:51.246,249,3,3,0,0
86617.291746,2026-07-22T15:18:51.248,249,3,3,0,0
86617.293782,2026-07-22T15:18:51.250,249,3,3,0,0
86617.295865,2026-07-22T15:18:51.252,249,3,3,0,0
86617.298438,2026-07-22T15:18:51.255,249,3,3,0,0
86617.300471,2026-07-22T15:18:51.257,249,3,3,0,0
86617.302897,2026-07-22T15:18:51.259,249,3,3,0,0
86617.305415,2026-07-22T15:18:51.262,249,3,3,0,0
86617.308070,2026-07-22T15:18:51.265,249,3,3,0,0
86617.310572,2026-07-22T15:18:51.267,249,3,3,0,0
86617.313046,2026-07-22T15:18:51.270,249,3,3,0,0
86617.315522,2026-07-22T15:18:51.272,249,3,3,0,0
86617.317554,2026-07-22T15:18:51.274,249,3,3,0,0
86617.319611,2026-07-22T15:18:51.276,249,3,3,0,0
86617.321655,2026-07-22T15:18:51.278,249,3,3,0,0
86617.323712,2026-07-22T15:18:51.280,249,3,3,0,0
86617.325760,2026-07-22T15:18:51.282,249,3,3,0,0
86617.327794,2026-07-22T15:18:51.284,249,3,3,0,0
86617.330201,2026-07-22T15:18:51.287,249,3,3,0,0
86617.332357,2026-07-22T15:18:51.289,249,3,3,0,0
86617.334419,2026-07-22T15:18:51.291,249,3,3,0,0
86617.336487,2026-07-22T15:18:51.293,249,3,3,0,0
86617.338539,2026-07-22T15:18:51.295,249,3,3,0,0
86617.340592,2026-07-22T15:18:51.297,249,3,3,0,0
86617.342631,2026-07-22T15:18:51.299,249,3,3,0,0
86617.344928,2026-07-22T15:18:51.301,249,3,3,0,0
86617.346979,2026-07-22T15:18:51.303,249,3,3,0,0
86617.349022,2026-07-22T15:18:51.306,249,3,3,0,0
86617.351060,2026-07-22T15:18:51.308,249,3,3,0,0
86617.353129,2026-07-22T15:18:51.310,249,3,3,0,0
86617.355172,2026-07-22T15:18:51.312,249,3,3,0,0
86617.357217,2026-07-22T15:18:51.314,249,3,3,0,0
86617.359728,2026-07-22T15:18:51.316,249,3,3,0,0
86617.362181,2026-07-22T15:18:51.319,249,3,3,0,0
86617.364876,2026-07-22T15:18:51.321,249,3,3,0,0
86617.367410,2026-07-22T15:18:51.324,249,3,3,0,0
86617.369437,2026-07-22T15:18:51.326,249,3,3,0,0
86617.372103,2026-07-22T15:18:51.329,249,3,3,0,0
86617.374134,2026-07-22T15:18:51.331,249,3,3,0,0
86617.376911,2026-07-22T15:18:51.333,249,3,3,0,0
86617.379429,2026-07-22T15:18:51.336,249,3,3,0,0
86617.382234,2026-07-22T15:18:51.338,249,3,3,0,0
86617.384524,2026-07-22T15:18:51.341,249,3,3,0,0
86617.386717,2026-07-22T15:18:51.343,249,3,3,0,0
86617.389276,2026-07-22T15:18:51.346,249,3,3,0,0
86617.391784,2026-07-22T15:18:51.348,249,3,3,0,0
86617.394300,2026-07-22T15:18:51.351,249,3,3,0,0
86617.396806,2026-07-22T15:18:51.353,249,3,3,0,0
86617.398961,2026-07-22T15:18:51.355,249,3,3,0,0
86617.401475,2026-07-22T15:18:51.358,249,3,3,0,0
86617.404077,2026-07-22T15:18:51.361,249,3,3,0,0
86617.406818,2026-07-22T15:18:51.363,249,3,3,0,0
86617.409345,2026-07-22T15:18:51.366,249,3,3,0,0
86617.411846,2026-07-22T15:18:51.368,249,3,3,0,0
86617.413873,2026-07-22T15:18:51.370,249,3,3,0,0
86617.415989,2026-07-22T15:18:51.372,249,3,3,0,0
86617.418505,2026-07-22T15:18:51.375,249,3,3,0,0
86617.420884,2026-07-22T15:18:51.377,249,3,3,0,0
86617.423576,2026-07-22T15:18:51.380,249,3,3,0,0
86617.425607,2026-07-22T15:18:51.382,249,3,3,0,0
86617.427936,2026-07-22T15:18:51.384,249,3,3,0,0
86617.430006,2026-07-22T15:18:51.386,249,3,3,0,0
86617.432406,2026-07-22T15:18:51.389,249,3,3,0,0
86617.434750,2026-07-22T15:18:51.391,249,3,3,0,0
86617.437111,2026-07-22T15:18:51.394,249,3,3,0,0
86617.439141,2026-07-22T15:18:51.396,249,3,3,0,0
86617.441491,2026-07-22T15:18:51.398,249,3,3,0,0
86617.444052,2026-07-22T15:18:51.401,249,3,3,0,0
86617.446571,2026-07-22T15:18:51.403,249,3,3,0,0
86617.448908,2026-07-22T15:18:51.405,249,3,3,0,0
86617.451337,2026-07-22T15:18:51.408,249,3,3,0,0
86617.453368,2026-07-22T15:18:51.410,249,3,3,0,0
86617.455893,2026-07-22T15:18:51.412,249,3,3,0,0
86617.458415,2026-07-22T15:18:51.415,249,3,3,0,0
86617.460993,2026-07-22T15:18:51.417,249,3,3,0,0
86617.463517,2026-07-22T15:18:51.420,249,3,3,0,0
86617.466052,2026-07-22T15:18:51.423,249,3,3,0,0
86617.468086,2026-07-22T15:18:51.425,249,3,3,0,0
86617.470202,2026-07-22T15:18:51.427,249,3,3,0,0
86617.472457,2026-07-22T15:18:51.429,249,3,3,0,0
86617.474971,2026-07-22T15:18:51.431,249,3,3,0,0
86617.477560,2026-07-22T15:18:51.434,249,3,3,0,0
86617.480083,2026-07-22T15:18:51.437,249,3,3,0,0
86617.482862,2026-07-22T15:18:51.439,249,3,3,0,0
86617.485617,2026-07-22T15:18:51.442,213,0,3,0,8
86617.487914,2026-07-22T15:18:51.444,213,0,3,0,8
86617.490417,2026-07-22T15:18:51.447,213,0,3,0,8
86617.492969,2026-07-22T15:18:51.449,213,0,3,0,8
86617.495683,2026-07-22T15:18:51.452,213,0,3,0,8
86617.498191,2026-07-22T15:18:51.455,213,0,3,0,8
86617.500797,2026-07-22T15:18:51.457,213,0,3,0,8
86617.503236,2026-07-22T15:18:51.460,213,0,3,0,8
86617.505885,2026-07-22T15:18:51.462,213,0,3,0,8
86617.508394,2026-07-22T15:18:51.465,213,0,3,0,8
86617.510890,2026-07-22T15:18:51.467,213,0,3,0,8
86617.513248,2026-07-22T15:18:51.470,213,0,3,0,8
86617.515631,2026-07-22T15:18:51.472,213,0,3,0,8
86617.518395,2026-07-22T15:18:51.475,213,0,3,0,8
86617.520989,2026-07-22T15:18:51.477,213,0,3,0,8
86617.523510,2026-07-22T15:18:51.480,213,0,3,0,8
86617.526089,2026-07-22T15:18:51.483,213,0,3,0,8
86617.528129,2026-07-22T15:18:51.485,213,0,3,0,8
86617.530768,2026-07-22T15:18:51.487,213,0,3,0,8
86617.533456,2026-07-22T15:18:51.490,213,0,3,0,8
86617.536102,2026-07-22T15:18:51.493,213,0,3,0,8
86617.538723,2026-07-22T15:18:51.495,213,0,3,0,8
86617.541258,2026-07-22T15:18:51.498,213,0,3,0,8
86617.543601,2026-07-22T15:18:51.500,213,0,3,0,8
86617.546360,2026-07-22T15:18:51.503,213,0,3,0,8
86617.548876,2026-07-22T15:18:51.505,213,0,3,0,8
86617.551350,2026-07-22T15:18:51.508,213,0,3,0,8
86617.553372,2026-07-22T15:18:51.510,213,0,3,0,8
86617.555757,2026-07-22T15:18:51.512,213,0,3,0,8
86617.558206,2026-07-22T15:18:51.515,213,0,3,0,8
86617.560706,2026-07-22T15:18:51.517,213,0,3,0,8
86617.563406,2026-07-22T15:18:51.520,213,0,3,0,8
86617.565993,2026-07-22T15:18:51.522,213,0,3,0,8
86617.568040,2026-07-22T15:18:51.525,213,0,3,0,8
86617.570559,2026-07-22T15:18:51.527,213,0,3,0,8
86617.573191,2026-07-22T15:18:51.530,213,0,3,0,8
86617.575799,2026-07-22T15:18:51.532,213,0,3,0,8
86617.578408,2026-07-22T15:18:51.535,213,0,3,0,8
86617.581259,2026-07-22T15:18:51.538,213,0,3,0,8
86617.583669,2026-07-22T15:18:51.540,213,0,3,0,8
86617.586405,2026-07-22T15:18:51.543,213,0,3,0,8
86617.589050,2026-07-22T15:18:51.546,213,0,3,0,8
86617.591575,2026-07-22T15:18:51.548,213,0,3,0,8
86617.593607,2026-07-22T15:18:51.550,213,0,3,0,8
86617.595688,2026-07-22T15:18:51.552,213,0,3,0,8
86617.598098,2026-07-22T15:18:51.555,213,0,3,0,8
86617.600624,2026-07-22T15:18:51.557,213,0,3,0,8
86617.603189,2026-07-22T15:18:51.560,213,0,3,0,8
86617.605688,2026-07-22T15:18:51.562,213,0,3,0,8
86617.608225,2026-07-22T15:18:51.565,213,0,3,0,8
86617.610843,2026-07-22T15:18:51.567,213,0,3,0,8
86617.613094,2026-07-22T15:18:51.570,213,0,3,0,8
86617.615833,2026-07-22T15:18:51.572,213,0,3,0,8
86617.618443,2026-07-22T15:18:51.575,213,0,3,0,8
86617.621198,2026-07-22T15:18:51.578,213,0,3,0,8
86617.623794,2026-07-22T15:18:51.580,213,0,3,0,8
86617.626438,2026-07-22T15:18:51.583,213,0,3,0,8
86617.629002,2026-07-22T15:18:51.585,213,0,3,0,8
86617.631501,2026-07-22T15:18:51.588,213,0,3,0,8
86617.633910,2026-07-22T15:18:51.590,213,0,3,0,8
86617.636578,2026-07-22T15:18:51.593,213,0,3,0,8
86617.639237,2026-07-22T15:18:51.596,213,0,3,0,8
86617.642046,2026-07-22T15:18:51.598,213,0,3,0,8
86617.644379,2026-07-22T15:18:51.601,213,0,3,0,8
86617.646965,2026-07-22T15:18:51.603,213,0,3,0,8
86617.649445,2026-07-22T15:18:51.606,213,0,3,0,8
86617.651601,2026-07-22T15:18:51.608,213,0,3,0,8
86617.654097,2026-07-22T15:18:51.611,213,0,3,0,8
86617.656757,2026-07-22T15:18:51.613,213,0,3,0,8
86617.659359,2026-07-22T15:18:51.616,213,0,3,0,8
86617.661944,2026-07-22T15:18:51.618,213,0,3,0,8
86617.664390,2026-07-22T15:18:51.621,213,0,3,0,8
86617.666860,2026-07-22T15:18:51.623,213,0,3,0,8
86617.669367,2026-07-22T15:18:51.626,213,0,3,0,8
86617.671872,2026-07-22T15:18:51.628,213,0,3,0,8
86617.674182,2026-07-22T15:18:51.631,213,0,3,0,8
86617.676704,2026-07-22T15:18:51.633,213,0,3,0,8
86617.679132,2026-07-22T15:18:51.636,213,0,3,0,8
86617.681590,2026-07-22T15:18:51.638,213,0,3,0,8
86617.684335,2026-07-22T15:18:51.641,213,0,3,0,8
86617.686932,2026-07-22T15:18:51.643,213,0,3,0,8
86617.689455,2026-07-22T15:18:51.646,213,0,3,0,8
86617.692013,2026-07-22T15:18:51.648,213,0,3,0,8
86617.694062,2026-07-22T15:18:51.651,213,0,3,0,8
86617.696429,2026-07-22T15:18:51.653,213,0,3,0,8
86617.698947,2026-07-22T15:18:51.655,213,0,3,0,8
86617.700966,2026-07-22T15:18:51.657,213,0,3,0,8
86617.703477,2026-07-22T15:18:51.660,213,0,3,0,8
86617.705646,2026-07-22T15:18:51.662,213,0,3,0,8
86617.708112,2026-07-22T15:18:51.665,213,0,3,0,8
86617.710570,2026-07-22T15:18:51.667,213,0,3,0,8
86617.713086,2026-07-22T15:18:51.670,213,0,3,0,8
86617.715117,2026-07-22T15:18:51.672,213,0,3,0,8
86617.717127,2026-07-22T15:18:51.674,213,0,3,0,8
86617.719534,2026-07-22T15:18:51.676,213,0,3,0,9
86617.722242,2026-07-22T15:18:51.679,115,0,3,0,9
86617.724965,2026-07-22T15:18:51.681,115,0,3,0,9
86617.727416,2026-07-22T15:18:51.684,115,0,3,0,9
86617.730115,2026-07-22T15:18:51.687,115,0,3,0,9
86617.732718,2026-07-22T15:18:51.689,115,0,3,0,9
86617.735242,2026-07-22T15:18:51.692,115,0,3,0,9
86617.738053,2026-07-22T15:18:51.695,115,0,3,0,9
86617.740377,2026-07-22T15:18:51.697,115,0,3,0,9
86617.742902,2026-07-22T15:18:51.699,115,0,3,0,9
86617.745468,2026-07-22T15:18:51.702,115,0,3,0,9
86617.748164,2026-07-22T15:18:51.705,115,0,3,0,9
86617.750599,2026-07-22T15:18:51.707,115,0,3,0,9
86617.753139,2026-07-22T15:18:51.710,115,0,3,0,9
86617.755658,2026-07-22T15:18:51.712,115,0,3,0,9
86617.758427,2026-07-22T15:18:51.715,115,0,3,0,9
86617.760921,2026-07-22T15:18:51.717,115,0,3,0,9
86617.763386,2026-07-22T15:18:51.720,115,0,3,0,9
86617.765954,2026-07-22T15:18:51.722,115,0,3,0,9
86617.768115,2026-07-22T15:18:51.725,115,0,3,0,9
86617.770530,2026-07-22T15:18:51.727,115,0,3,0,9
86617.772935,2026-07-22T15:18:51.729,115,0,3,0,9
86617.775449,2026-07-22T15:18:51.732,115,0,3,0,9
86617.778231,2026-07-22T15:18:51.735,115,0,3,0,9
86617.780627,2026-07-22T15:18:51.737,115,0,3,0,9
86617.783086,2026-07-22T15:18:51.740,115,0,3,0,9
86617.785170,2026-07-22T15:18:51.742,115,0,3,0,9
86617.787663,2026-07-22T15:18:51.744,115,0,3,0,9
86617.790087,2026-07-22T15:18:51.747,115,0,3,0,9
86617.792784,2026-07-22T15:18:51.749,115,0,3,0,9
86617.795045,2026-07-22T15:18:51.752,115,0,3,0,9
86617.797563,2026-07-22T15:18:51.754,115,0,3,0,9
86617.800035,2026-07-22T15:18:51.757,115,0,3,0,9
86617.802585,2026-07-22T15:18:51.759,115,0,3,0,9
86617.805115,2026-07-22T15:18:51.762,115,0,3,0,9
86617.807681,2026-07-22T15:18:51.764,115,0,3,0,9
86617.810171,2026-07-22T15:18:51.767,115,0,3,0,9
86617.812572,2026-07-22T15:18:51.769,115,0,3,0,9
86617.815027,2026-07-22T15:18:51.772,115,0,3,0,9
86617.817072,2026-07-22T15:18:51.774,115,0,3,0,9
86617.819566,2026-07-22T15:18:51.776,115,0,3,0,9
86617.821896,2026-07-22T15:18:51.778,115,0,3,0,9
86617.824600,2026-07-22T15:18:51.781,115,0,3,0,9
86617.827082,2026-07-22T15:18:51.784,115,0,3,0,9
86617.829699,2026-07-22T15:18:51.786,115,0,3,0,9
86617.832168,2026-07-22T15:18:51.789,115,0,3,0,9
86617.834736,2026-07-22T15:18:51.791,115,0,3,0,9
86617.837280,2026-07-22T15:18:51.794,115,0,3,0,9
86617.839596,2026-07-22T15:18:51.796,115,0,3,0,9
86617.842376,2026-07-22T15:18:51.799,115,0,3,0,9
86617.845034,2026-07-22T15:18:51.801,115,0,3,0,9
86617.847505,2026-07-22T15:18:51.804,115,0,3,0,9
86617.850226,2026-07-22T15:18:51.807,115,0,3,0,9
86617.852986,2026-07-22T15:18:51.809,115,0,3,0,9
86617.855444,2026-07-22T15:18:51.812,115,0,3,0,9
86617.857939,2026-07-22T15:18:51.814,115,0,3,0,9
86617.860602,2026-07-22T15:18:51.817,115,0,3,0,9
86617.863104,2026-07-22T15:18:51.820,115,0,3,0,9
86617.865689,2026-07-22T15:18:51.822,115,0,3,0,9
86617.868203,2026-07-22T15:18:51.825,115,0,3,0,9
86617.870747,2026-07-22T15:18:51.827,115,0,3,0,9
86617.873459,2026-07-22T15:18:51.830,115,0,3,0,9
86617.876208,2026-07-22T15:18:51.833,115,0,3,0,9
86617.878699,2026-07-22T15:18:51.835,115,0,3,0,9
86617.881109,2026-07-22T15:18:51.838,115,0,3,0,9
86617.884060,2026-07-22T15:18:51.840,115,0,3,0,9
86617.886132,2026-07-22T15:18:51.843,115,0,3,0,9
86617.888640,2026-07-22T15:18:51.845,115,0,3,0,9
86617.891113,2026-07-22T15:18:51.848,115,0,3,0,9
86617.893622,2026-07-22T15:18:51.850,115,0,3,0,9
86617.895891,2026-07-22T15:18:51.852,115,0,3,0,9
86617.898542,2026-07-22T15:18:51.855,115,0,3,0,9
86617.900562,2026-07-22T15:18:51.857,115,0,3,0,9
86617.903199,2026-07-22T15:18:51.860,115,0,3,0,9
86617.905691,2026-07-22T15:18:51.862,115,0,3,0,9
86617.908223,2026-07-22T15:18:51.865,115,0,3,0,9
86617.910956,2026-07-22T15:18:51.867,115,0,3,0,9
86617.913428,2026-07-22T15:18:51.870,115,0,3,0,9
86617.915950,2026-07-22T15:18:51.872,115,0,3,0,9
86617.918379,2026-07-22T15:18:51.875,115,0,3,0,9
86617.920873,2026-07-22T15:18:51.877,115,0,3,0,9
86617.923261,2026-07-22T15:18:51.880,115,0,3,0,9
86617.925646,2026-07-22T15:18:51.882,115,0,3,0,9
86617.928365,2026-07-22T15:18:51.885,115,0,3,0,9
86617.930886,2026-07-22T15:18:51.887,115,0,3,0,9
86617.933385,2026-07-22T15:18:51.890,115,0,3,0,9
86617.935406,2026-07-22T15:18:51.892,115,0,3,0,9
86617.937426,2026-07-22T15:18:51.894,115,0,3,0,9
86617.940058,2026-07-22T15:18:51.897,115,0,3,0,9
86617.942586,2026-07-22T15:18:51.899,115,0,3,0,9
86617.945808,2026-07-22T15:18:51.902,115,0,3,0,9
86617.948317,2026-07-22T15:18:51.905,115,0,3,0,9
86617.951019,2026-07-22T15:18:51.907,115,0,3,0,9
86617.953992,2026-07-22T15:18:51.910,115,0,3,0,9
86617.956282,2026-07-22T15:18:51.913,115,0,3,0,9
86617.958934,2026-07-22T15:18:51.915,115,0,3,0,9
86617.960989,2026-07-22T15:18:51.917,115,0,3,0,9
86617.963407,2026-07-22T15:18:51.920,115,0,3,0,8
86617.965973,2026-07-22T15:18:51.922,17,0,3,0,8
86617.968501,2026-07-22T15:18:51.925,17,0,3,0,8
86617.970994,2026-07-22T15:18:51.927,17,0,3,0,8
86617.973380,2026-07-22T15:18:51.930,17,0,3,0,8
86617.976117,2026-07-22T15:18:51.933,17,0,3,0,8
86617.978767,2026-07-22T15:18:51.935,17,0,3,0,8
86617.981286,2026-07-22T15:18:51.938,17,0,3,0,8
86617.983420,2026-07-22T15:18:51.940,17,0,3,0,8
86617.985957,2026-07-22T15:18:51.942,17,0,3,0,8
86617.988320,2026-07-22T15:18:51.945,17,0,3,0,8
86617.991128,2026-07-22T15:18:51.948,17,0,3,0,8
86617.993940,2026-07-22T15:18:51.950,17,0,3,0,8
86617.996385,2026-07-22T15:18:51.953,17,0,3,0,8
86617.998808,2026-07-22T15:18:51.955,17,0,3,0,8
86618.001350,2026-07-22T15:18:51.958,17,0,3,0,8
86618.004134,2026-07-22T15:18:51.961,17,0,3,0,8
86618.006781,2026-07-22T15:18:51.963,17,0,3,0,8
86618.009545,2026-07-22T15:18:51.966,17,0,3,0,8
86618.012205,2026-07-22T15:18:51.969,17,0,3,0,8
86618.014938,2026-07-22T15:18:51.971,17,0,3,0,8
86618.017763,2026-07-22T15:18:51.974,17,0,3,0,8
86618.020267,2026-07-22T15:18:51.977,17,0,3,0,8
86618.022781,2026-07-22T15:18:51.979,17,0,3,0,8
86618.025179,2026-07-22T15:18:51.982,17,0,3,0,8
86618.027655,2026-07-22T15:18:51.984,17,0,3,0,8
86618.030398,2026-07-22T15:18:51.987,17,0,3,0,8
86618.033013,2026-07-22T15:18:51.989,17,0,3,0,8
86618.035110,2026-07-22T15:18:51.992,17,0,3,0,8
86618.037172,2026-07-22T15:18:51.994,17,0,3,0,8
86618.039945,2026-07-22T15:18:51.996,17,0,3,0,8
86618.042311,2026-07-22T15:18:51.999,17,0,3,0,8
86618.044660,2026-07-22T15:18:52.001,17,0,3,0,8
86618.047063,2026-07-22T15:18:52.004,17,0,3,0,8
86618.049476,2026-07-22T15:18:52.006,17,0,3,0,8
86618.051967,2026-07-22T15:18:52.008,17,0,3,0,8
86618.054596,2026-07-22T15:18:52.011,17,0,3,0,8
86618.057405,2026-07-22T15:18:52.014,17,0,3,0,8
86618.059955,2026-07-22T15:18:52.016,17,0,3,0,8
86618.062582,2026-07-22T15:18:52.019,17,0,3,0,8
86618.065076,2026-07-22T15:18:52.022,17,0,3,0,8
86618.067726,2026-07-22T15:18:52.024,17,0,3,0,8
86618.070220,2026-07-22T15:18:52.027,17,0,3,0,8
86618.072951,2026-07-22T15:18:52.029,17,0,3,0,8
86618.075299,2026-07-22T15:18:52.032,17,0,3,0,8
86618.077858,2026-07-22T15:18:52.034,17,0,3,0,8
86618.080198,2026-07-22T15:18:52.037,17,0,3,0,8
86618.082748,2026-07-22T15:18:52.039,17,0,3,0,8
86618.084861,2026-07-22T15:18:52.041,17,0,3,0,8
86618.087274,2026-07-22T15:18:52.044,17,0,3,0,8
86618.089657,2026-07-22T15:18:52.046,17,0,3,0,8
86618.091781,2026-07-22T15:18:52.048,17,0,3,0,8
86618.094378,2026-07-22T15:18:52.051,17,0,3,0,8
86618.097129,2026-07-22T15:18:52.054,17,0,3,0,8
86618.099930,2026-07-22T15:18:52.056,17,0,3,0,8
86618.102337,2026-07-22T15:18:52.059,17,0,3,0,8
86618.104870,2026-07-22T15:18:52.061,17,0,3,0,8
86618.107448,2026-07-22T15:18:52.064,17,0,3,0,8
86618.109979,2026-07-22T15:18:52.066,17,0,3,0,8
86618.112483,2026-07-22T15:18:52.069,17,0,3,0,8
86618.115005,2026-07-22T15:18:52.071,17,0,3,0,8
86618.117682,2026-07-22T15:18:52.074,17,0,3,0,8
86618.120411,2026-07-22T15:18:52.077,17,0,3,0,8
86618.123075,2026-07-22T15:18:52.080,17,0,3,0,8
86618.125606,2026-07-22T15:18:52.082,17,0,3,0,8
86618.128232,2026-07-22T15:18:52.085,17,0,3,0,8
86618.130883,2026-07-22T15:18:52.087,17,0,3,0,8
86618.133442,2026-07-22T15:18:52.090,17,0,3,0,8
86618.136239,2026-07-22T15:18:52.093,17,0,3,0,8
86618.138871,2026-07-22T15:18:52.095,17,0,3,0,8
86618.141291,2026-07-22T15:18:52.098,17,0,3,0,8
86618.143942,2026-07-22T15:18:52.100,17,0,3,0,8
86618.145984,2026-07-22T15:18:52.102,17,0,3,0,8
86618.148607,2026-07-22T15:18:52.105,17,0,3,0,8
86618.150779,2026-07-22T15:18:52.107,17,0,3,0,8
86618.153377,2026-07-22T15:18:52.110,17,0,3,0,8
86618.156089,2026-07-22T15:18:52.113,17,0,3,0,8
86618.159050,2026-07-22T15:18:52.116,17,0,3,0,8
86618.161550,2026-07-22T15:18:52.118,17,0,3,0,8
86618.164322,2026-07-22T15:18:52.121,17,0,3,0,8
86618.166850,2026-07-22T15:18:52.123,17,0,3,0,8
86618.169388,2026-07-22T15:18:52.126,17,0,3,0,8
86618.171599,2026-07-22T15:18:52.128,17,0,3,0,8
86618.174128,2026-07-22T15:18:52.131,17,0,3,0,8
86618.176170,2026-07-22T15:18:52.133,17,0,3,0,8
86618.178687,2026-07-22T15:18:52.135,17,0,3,0,8
86618.181190,2026-07-22T15:18:52.138,17,0,3,0,8
86618.183673,2026-07-22T15:18:52.140,17,0,3,0,8
86618.186195,2026-07-22T15:18:52.143,17,0,3,0,8
86618.188955,2026-07-22T15:18:52.145,17,0,3,0,8
86618.191619,2026-07-22T15:18:52.148,17,0,3,0,8
86618.194234,2026-07-22T15:18:52.151,17,0,3,0,8
86618.196900,2026-07-22T15:18:52.153,17,0,3,0,8
86618.199539,2026-07-22T15:18:52.156,17,0,3,0,8
86618.202088,2026-07-22T15:18:52.159,17,0,3,0,8
86618.204598,2026-07-22T15:18:52.161,17,0,3,0,8
86618.207113,2026-07-22T15:18:52.164,17,0,3,0,0
86618.209598,2026-07-22T15:18:52.166,3,3,3,0,0
86618.212037,2026-07-22T15:18:52.169,3,3,3,0,0
86618.214499,2026-07-22T15:18:52.171,3,3,3,0,0
86618.216948,2026-07-22T15:18:52.173,3,3,3,0,0
86618.219486,2026-07-22T15:18:52.176,3,3,3,0,0
86618.222137,2026-07-22T15:18:52.178,3,3,3,0,0
86618.224154,2026-07-22T15:18:52.181,3,3,3,0,0
86618.226736,2026-07-22T15:18:52.183,3,3,3,0,0
86618.229232,2026-07-22T15:18:52.186,3,3,3,0,0
86618.231703,2026-07-22T15:18:52.188,3,3,3,0,0
86618.234624,2026-07-22T15:18:52.190,3,3,3,0,0
86618.236705,2026-07-22T15:18:52.193,3,3,3,0,0
86618.238727,2026-07-22T15:18:52.195,3,3,3,0,0
86618.241050,2026-07-22T15:18:52.198,3,3,3,0,0
86618.243547,2026-07-22T15:18:52.200,3,3,3,0,0
86618.246121,2026-07-22T15:18:52.203,3,3,3,0,0
86618.248638,2026-07-22T15:18:52.205,3,3,3,0,0
86618.251421,2026-07-22T15:18:52.208,3,3,3,0,0
86618.254085,2026-07-22T15:18:52.211,3,3,3,0,0
86618.256754,2026-07-22T15:18:52.213,3,3,3,0,0
86618.259354,2026-07-22T15:18:52.216,3,3,3,0,0
86618.261949,2026-07-22T15:18:52.218,3,3,3,0,0
86618.264563,2026-07-22T15:18:52.221,3,3,3,0,0
86618.267140,2026-07-22T15:18:52.224,3,3,3,0,0
86618.269668,2026-07-22T15:18:52.226,3,3,3,0,0
86618.272280,2026-07-22T15:18:52.229,3,3,3,0,0
86618.274826,2026-07-22T15:18:52.231,3,3,3,0,0
86618.277400,2026-07-22T15:18:52.234,3,3,3,0,0
86618.279909,2026-07-22T15:18:52.236,3,3,3,0,0
86618.282379,2026-07-22T15:18:52.239,3,3,3,0,0
86618.284630,2026-07-22T15:18:52.241,3,3,3,0,0
86618.286681,2026-07-22T15:18:52.243,3,3,3,0,0
86618.289163,2026-07-22T15:18:52.246,3,3,3,0,0
86618.291915,2026-07-22T15:18:52.248,3,3,3,0,0
86618.294234,2026-07-22T15:18:52.251,3,3,3,0,0
86618.296761,2026-07-22T15:18:52.253,3,3,3,0,0
86618.299423,2026-07-22T15:18:52.256,3,3,3,0,0
86618.301644,2026-07-22T15:18:52.258,3,3,3,0,0
86618.303777,2026-07-22T15:18:52.260,3,3,3,0,0
86618.306263,2026-07-22T15:18:52.263,3,3,3,0,0
86618.309069,2026-07-22T15:18:52.266,3,3,3,0,0
86618.311634,2026-07-22T15:18:52.268,3,3,3,0,0
86618.314312,2026-07-22T15:18:52.271,3,3,3,0,0
86618.316664,2026-07-22T15:18:52.273,3,3,3,0,0
86618.319266,2026-07-22T15:18:52.276,3,3,3,0,0
86618.321961,2026-07-22T15:18:52.278,3,3,3,0,0
86618.324569,2026-07-22T15:18:52.281,3,3,3,0,0
86618.326899,2026-07-22T15:18:52.283,3,3,3,0,0
86618.329415,2026-07-22T15:18:52.286,3,3,3,0,0
86618.332010,2026-07-22T15:18:52.288,3,3,3,0,0
86618.334672,2026-07-22T15:18:52.291,3,3,3,0,0
86618.336835,2026-07-22T15:18:52.293,3,3,3,0,0
86618.339314,2026-07-22T15:18:52.296,3,3,3,0,0
86618.342025,2026-07-22T15:18:52.298,3,3,3,0,0
86618.344610,2026-07-22T15:18:52.301,3,3,3,0,0
86618.347147,2026-07-22T15:18:52.304,3,3,3,0,0
86618.349879,2026-07-22T15:18:52.306,3,3,3,0,0
86618.352443,2026-07-22T15:18:52.309,3,3,3,0,0
86618.355153,2026-07-22T15:18:52.312,3,3,3,0,0
86618.357614,2026-07-22T15:18:52.314,3,3,3,0,0
86618.360134,2026-07-22T15:18:52.317,3,3,3,0,0
86618.362842,2026-07-22T15:18:52.319,3,3,3,0,0
86618.365429,2026-07-22T15:18:52.322,3,3,3,0,0
86618.368016,2026-07-22T15:18:52.324,3,3,3,0,0
86618.370056,2026-07-22T15:18:52.327,3,3,3,0,0
86618.372747,2026-07-22T15:18:52.329,3,3,3,0,0
86618.375484,2026-07-22T15:18:52.332,3,3,3,0,0
86618.378219,2026-07-22T15:18:52.335,3,3,3,0,0
86618.381001,2026-07-22T15:18:52.337,3,3,3,0,0
86618.383441,2026-07-22T15:18:52.340,3,3,3,0,0
86618.385959,2026-07-22T15:18:52.342,3,3,3,0,0
86618.388480,2026-07-22T15:18:52.345,3,3,3,0,0
86618.391145,2026-07-22T15:18:52.348,3,3,3,0,0
86618.394029,2026-07-22T15:18:52.350,3,3,3,0,0
86618.396660,2026-07-22T15:18:52.353,3,3,3,0,0
86618.399407,2026-07-22T15:18:52.356,3,3,3,0,0
86618.402185,2026-07-22T15:18:52.359,3,3,3,0,0
86618.404758,2026-07-22T15:18:52.361,3,3,3,0,0
86618.407354,2026-07-22T15:18:52.364,3,3,3,0,0
86618.409983,2026-07-22T15:18:52.366,3,3,3,0,0
86618.412610,2026-07-22T15:18:52.369,3,3,3,0,0
86618.415201,2026-07-22T15:18:52.372,3,3,3,0,0
86618.417755,2026-07-22T15:18:52.374,3,3,3,0,0
86618.420402,2026-07-22T15:18:52.377,3,3,3,0,0
86618.423028,2026-07-22T15:18:52.379,3,3,3,0,0
86618.425651,2026-07-22T15:18:52.382,3,3,3,0,0
86618.428272,2026-07-22T15:18:52.385,3,3,3,0,0
86618.430805,2026-07-22T15:18:52.387,3,3,3,0,0
86618.433369,2026-07-22T15:18:52.390,3,3,3,0,0
86618.435919,2026-07-22T15:18:52.392,3,3,3,0,0
86618.438555,2026-07-22T15:18:52.395,3,3,3,0,0
86618.441013,2026-07-22T15:18:52.397,3,3,3,0,0
86618.443756,2026-07-22T15:18:52.400,3,3,3,0,0
86618.446130,2026-07-22T15:18:52.403,3,3,3,0,0
86618.448831,2026-07-22T15:18:52.405,3,3,3,0,0
86618.451425,2026-07-22T15:18:52.408,3,3,3,0,0
86618.453858,2026-07-22T15:18:52.410,3,3,3,0,0
86618.456613,2026-07-22T15:18:52.413,3,3,3,0,0
86618.459341,2026-07-22T15:18:52.416,3,3,3,0,0
86618.461961,2026-07-22T15:18:52.418,3,3,3,0,0
86618.464602,2026-07-22T15:18:52.421,3,3,3,0,0
86618.467161,2026-07-22T15:18:52.424,3,3,3,0,0
86618.469680,2026-07-22T15:18:52.426,3,3,3,0,0
86618.472296,2026-07-22T15:18:52.429,3,3,3,0,0
86618.474868,2026-07-22T15:18:52.431,3,3,3,0,0
86618.477399,2026-07-22T15:18:52.434,3,3,3,0,0
86618.479882,2026-07-22T15:18:52.436,3,3,3,0,0
86618.482429,2026-07-22T15:18:52.439,3,3,3,0,0
86618.484853,2026-07-22T15:18:52.441,3,3,3,0,0
86618.486893,2026-07-22T15:18:52.443,3,3,3,0,0
86618.489419,2026-07-22T15:18:52.446,3,3,3,0,0
86618.491757,2026-07-22T15:18:52.448,3,3,3,0,0
86618.494320,2026-07-22T15:18:52.451,3,3,3,0,0
86618.496740,2026-07-22T15:18:52.453,3,3,3,0,0
86618.499152,2026-07-22T15:18:52.456,3,3,3,0,0
86618.501662,2026-07-22T15:18:52.458,3,3,3,0,0
86618.504238,2026-07-22T15:18:52.461,3,3,3,0,0
86618.506721,2026-07-22T15:18:52.463,3,3,3,0,0
86618.509229,2026-07-22T15:18:52.466,3,3,3,0,0
86618.511270,2026-07-22T15:18:52.468,3,3,3,0,0
86618.513772,2026-07-22T15:18:52.470,3,3,3,0,0
86618.515788,2026-07-22T15:18:52.472,3,3,3,0,0
86618.518296,2026-07-22T15:18:52.475,3,3,3,0,0
86618.520347,2026-07-22T15:18:52.477,3,3,3,0,0
86618.522854,2026-07-22T15:18:52.479,3,3,3,0,0
86618.525372,2026-07-22T15:18:52.482,3,3,3,0,0
86618.527900,2026-07-22T15:18:52.484,3,3,3,0,0
86618.530412,2026-07-22T15:18:52.487,3,3,3,0,0
86618.532494,2026-07-22T15:18:52.489,3,3,3,0,0
86618.534550,2026-07-22T15:18:52.491,3,3,3,0,0
86618.536551,2026-07-22T15:18:52.493,3,3,3,0,0
86618.539178,2026-07-22T15:18:52.496,3,3,3,0,0
86618.541724,2026-07-22T15:18:52.498,3,3,3,0,0
86618.544481,2026-07-22T15:18:52.501,3,3,3,0,0
86618.546994,2026-07-22T15:18:52.503,3,3,3,0,0
86618.549295,2026-07-22T15:18:52.506,3,3,3,0,0
86618.551685,2026-07-22T15:18:52.508,3,3,3,0,0
86618.554270,2026-07-22T15:18:52.511,3,3,3,0,0
86618.556697,2026-07-22T15:18:52.513,3,3,3,0,0
86618.559070,2026-07-22T15:18:52.516,3,3,3,0,0
86618.561510,2026-07-22T15:18:52.518,3,3,3,0,0
86618.563998,2026-07-22T15:18:52.520,3,3,3,0,0
86618.566486,2026-07-22T15:18:52.523,3,3,3,0,0
86618.568960,2026-07-22T15:18:52.525,3,3,3,0,0
86618.570987,2026-07-22T15:18:52.527,3,3,3,0,0
86618.573651,2026-07-22T15:18:52.530,3,3,3,0,0
86618.575820,2026-07-22T15:18:52.532,3,3,3,0,0
86618.578388,2026-07-22T15:18:52.535,3,3,3,0,0
86618.580887,2026-07-22T15:18:52.537,3,3,3,0,0
86618.583296,2026-07-22T15:18:52.540,3,3,3,0,0
86618.586050,2026-07-22T15:18:52.543,3,3,3,0,0
86618.588521,2026-07-22T15:18:52.545,3,3,3,0,0
86618.591133,2026-07-22T15:18:52.548,3,3,3,0,0
86618.593470,2026-07-22T15:18:52.550,3,3,3,0,0
86618.596005,2026-07-22T15:18:52.552,3,3,3,0,0
86618.598529,2026-07-22T15:18:52.555,3,3,3,0,0
86618.601188,2026-07-22T15:18:52.558,3,3,3,0,0
86618.603900,2026-07-22T15:18:52.560,3,3,3,0,0
86618.606342,2026-07-22T15:18:52.563,3,3,3,0,0
86618.608857,2026-07-22T15:18:52.565,3,3,3,0,0
86618.611317,2026-07-22T15:18:52.568,3,3,3,0,0
86618.613726,2026-07-22T15:18:52.570,3,3,3,0,0
86618.616352,2026-07-22T15:18:52.573,3,3,3,0,0
86618.618819,2026-07-22T15:18:52.575,3,3,3,0,0
86618.621237,2026-07-22T15:18:52.578,3,3,3,0,0
86618.623704,2026-07-22T15:18:52.580,3,3,3,0,0
86618.626165,2026-07-22T15:18:52.583,3,3,3,0,0
86618.628577,2026-07-22T15:18:52.585,3,3,3,0,0
86618.631206,2026-07-22T15:18:52.588,3,3,3,0,0
86618.633716,2026-07-22T15:18:52.590,3,3,3,0,0
86618.636428,2026-07-22T15:18:52.593,3,3,3,0,0
86618.638957,2026-07-22T15:18:52.595,3,3,3,0,0
86618.641747,2026-07-22T15:18:52.598,3,3,3,0,0
86618.644322,2026-07-22T15:18:52.601,3,3,3,0,0
86618.646981,2026-07-22T15:18:52.603,3,3,3,0,0
86618.649740,2026-07-22T15:18:52.606,3,3,3,0,0
86618.652539,2026-07-22T15:18:52.609,3,3,3,0,0
86618.655057,2026-07-22T15:18:52.612,3,3,3,0,0
86618.657671,2026-07-22T15:18:52.614,3,3,3,0,0
86618.660195,2026-07-22T15:18:52.617,3,3,3,0,0
86618.662750,2026-07-22T15:18:52.619,3,3,3,0,0
86618.665151,2026-07-22T15:18:52.622,3,3,3,0,0
86618.667658,2026-07-22T15:18:52.624,3,3,3,0,0
86618.670177,2026-07-22T15:18:52.627,3,3,3,0,0
86618.672739,2026-07-22T15:18:52.629,3,3,3,0,0
86618.675256,2026-07-22T15:18:52.632,3,3,3,0,0
86618.677896,2026-07-22T15:18:52.634,3,3,3,0,0
86618.680377,2026-07-22T15:18:52.637,3,3,3,0,0
86618.682878,2026-07-22T15:18:52.639,3,3,3,0,0
86618.685349,2026-07-22T15:18:52.642,3,3,3,0,0
86618.687399,2026-07-22T15:18:52.644,3,3,3,0,0
86618.690205,2026-07-22T15:18:52.647,3,3,3,0,0
86618.692440,2026-07-22T15:18:52.649,3,3,3,0,0
86618.695196,2026-07-22T15:18:52.652,3,3,3,0,0
86618.697338,2026-07-22T15:18:52.654,3,3,3,0,0
86618.699718,2026-07-22T15:18:52.656,3,3,3,0,0
86618.702092,2026-07-22T15:18:52.659,3,3,3,0,0
86618.704537,2026-07-22T15:18:52.661,3,3,3,0,0
86618.707232,2026-07-22T15:18:52.664,3,3,3,0,0
86618.709617,2026-07-22T15:18:52.666,3,3,3,0,0
86618.712060,2026-07-22T15:18:52.669,3,3,3,0,0
86618.714647,2026-07-22T15:18:52.671,3,3,3,0,0
86618.717215,2026-07-22T15:18:52.674,3,3,3,0,0
86618.719849,2026-07-22T15:18:52.676,3,3,3,0,0
86618.722460,2026-07-22T15:18:52.679,3,3,3,0,0
86618.725025,2026-07-22T15:18:52.681,3,3,3,0,0
86618.727622,2026-07-22T15:18:52.684,3,3,3,0,0
86618.729833,2026-07-22T15:18:52.686,3,3,3,0,0
86618.732406,2026-07-22T15:18:52.689,3,3,3,0,0
86618.734940,2026-07-22T15:18:52.691,3,3,3,0,0
86618.737423,2026-07-22T15:18:52.694,3,3,3,0,0
86618.740008,2026-07-22T15:18:52.696,3,3,3,0,0
86618.742314,2026-07-22T15:18:52.699,3,3,3,0,0
86618.744808,2026-07-22T15:18:52.701,3,3,3,0,0
86618.747340,2026-07-22T15:18:52.704,3,3,3,0,0
86618.749862,2026-07-22T15:18:52.706,3,3,3,0,0
86618.752397,2026-07-22T15:18:52.709,3,3,3,0,0
86618.755115,2026-07-22T15:18:52.712,3,3,3,0,0
86618.757644,2026-07-22T15:18:52.714,3,3,3,0,0
86618.760087,2026-07-22T15:18:52.717,3,3,3,0,0
86618.762738,2026-07-22T15:18:52.719,3,3,3,0,0
86618.765029,2026-07-22T15:18:52.721,3,3,3,0,0
86618.767718,2026-07-22T15:18:52.724,3,3,3,0,0
86618.769746,2026-07-22T15:18:52.726,3,3,3,0,0
86618.772258,2026-07-22T15:18:52.729,3,3,3,0,0
86618.774764,2026-07-22T15:18:52.731,3,3,3,0,0
86618.776777,2026-07-22T15:18:52.733,3,3,3,0,0
86618.778816,2026-07-22T15:18:52.735,3,3,3,0,0
86618.780845,2026-07-22T15:18:52.737,3,3,3,0,0
86618.782871,2026-07-22T15:18:52.739,3,3,3,0,0
86618.785390,2026-07-22T15:18:52.742,3,3,3,0,0
86618.787569,2026-07-22T15:18:52.744,3,3,3,0,0
86618.789578,2026-07-22T15:18:52.746,3,3,3,0,0
86618.791691,2026-07-22T15:18:52.748,3,3,3,0,0
86618.794201,2026-07-22T15:18:52.751,3,3,3,0,0
86618.796717,2026-07-22T15:18:52.753,3,3,3,0,0
86618.798865,2026-07-22T15:18:52.755,3,3,3,0,0
86618.801645,2026-07-22T15:18:52.758,3,3,3,0,0
86618.804138,2026-07-22T15:18:52.761,3,3,3,0,0
86618.806550,2026-07-22T15:18:52.763,3,3,3,0,0
86618.808577,2026-07-22T15:18:52.765,3,3,3,0,0
86618.811031,2026-07-22T15:18:52.767,3,3,3,0,0
86618.813538,2026-07-22T15:18:52.770,3,3,3,0,0
86618.816191,2026-07-22T15:18:52.773,3,3,3,0,0
86618.818669,2026-07-22T15:18:52.775,3,3,3,0,0
86618.821178,2026-07-22T15:18:52.778,3,3,3,0,0
86618.823701,2026-07-22T15:18:52.780,3,3,3,0,0
86618.826205,2026-07-22T15:18:52.783,3,3,3,0,0
86618.828733,2026-07-22T15:18:52.785,3,3,3,0,0
86618.831251,2026-07-22T15:18:52.788,3,3,3,0,0
86618.833328,2026-07-22T15:18:52.790,3,3,3,0,0
86618.835820,2026-07-22T15:18:52.792,3,3,3,0,0
86618.838210,2026-07-22T15:18:52.795,3,3,3,0,0
86618.840555,2026-07-22T15:18:52.797,3,3,3,0,0
86618.843053,2026-07-22T15:18:52.800,3,3,3,0,0
86618.845507,2026-07-22T15:18:52.802,3,3,3,0,0
86618.848032,2026-07-22T15:18:52.804,3,3,3,0,0
86618.850516,2026-07-22T15:18:52.807,3,3,3,0,0
86618.853029,2026-07-22T15:18:52.809,3,3,3,0,0
86618.855535,2026-07-22T15:18:52.812,3,3,3,0,0
86618.858035,2026-07-22T15:18:52.815,3,3,3,0,0
86618.860661,2026-07-22T15:18:52.817,3,3,3,0,0
86618.863166,2026-07-22T15:18:52.820,3,3,3,0,0
86618.865488,2026-07-22T15:18:52.822,3,3,3,0,0
86618.868056,2026-07-22T15:18:52.825,3,3,3,0,0
86618.870576,2026-07-22T15:18:52.827,3,3,3,0,0
86618.873276,2026-07-22T15:18:52.830,3,3,3,0,0
86618.875760,2026-07-22T15:18:52.832,3,3,3,0,0
86618.878521,2026-07-22T15:18:52.835,3,3,3,0,0
86618.881011,2026-07-22T15:18:52.837,3,3,3,0,0
86618.883431,2026-07-22T15:18:52.840,3,3,3,0,0
86618.885975,2026-07-22T15:18:52.842,3,3,3,0,0
86618.888163,2026-07-22T15:18:52.845,3,3,3,0,0
86618.890736,2026-07-22T15:18:52.847,3,3,3,0,0
86618.893232,2026-07-22T15:18:52.850,3,3,3,0,0
86618.895257,2026-07-22T15:18:52.852,3,3,3,0,0
86618.897795,2026-07-22T15:18:52.854,3,3,3,0,0
86618.900183,2026-07-22T15:18:52.857,3,3,3,0,0
86618.902751,2026-07-22T15:18:52.859,3,3,3,0,0
86618.904784,2026-07-22T15:18:52.861,3,3,3,0,0
86618.907358,2026-07-22T15:18:52.864,3,3,3,0,0
86618.909882,2026-07-22T15:18:52.866,3,3,3,0,0
86618.912636,2026-07-22T15:18:52.869,3,3,3,0,0
86618.915147,2026-07-22T15:18:52.872,3,3,3,0,0
86618.917158,2026-07-22T15:18:52.874,3,3,3,0,0
86618.919177,2026-07-22T15:18:52.876,3,3,3,0,0
86618.921217,2026-07-22T15:18:52.878,3,3,3,0,0
86618.923990,2026-07-22T15:18:52.880,3,3,3,0,0
86618.926519,2026-07-22T15:18:52.883,3,3,3,0,0
86618.928836,2026-07-22T15:18:52.885,3,3,3,0,0
86618.931061,2026-07-22T15:18:52.888,3,3,3,0,0
86618.933241,2026-07-22T15:18:52.890,3,3,3,0,0
86618.935730,2026-07-22T15:18:52.892,3,3,3,0,0
86618.938141,2026-07-22T15:18:52.895,3,3,3,0,0
86618.940861,2026-07-22T15:18:52.897,3,3,3,0,0
86618.943059,2026-07-22T15:18:52.900,3,3,3,0,0
86618.945595,2026-07-22T15:18:52.902,3,3,3,0,0
86618.948122,2026-07-22T15:18:52.905,3,3,3,0,0
86618.950906,2026-07-22T15:18:52.907,3,3,3,0,0
86618.953374,2026-07-22T15:18:52.910,3,3,3,0,0
86618.956165,2026-07-22T15:18:52.913,3,3,3,0,0
86618.958752,2026-07-22T15:18:52.915,3,3,3,0,0
86618.960780,2026-07-22T15:18:52.917,3,3,3,0,0
86618.963317,2026-07-22T15:18:52.920,3,3,3,0,0
86618.965844,2026-07-22T15:18:52.922,3,3,3,0,0
86618.968368,2026-07-22T15:18:52.925,3,3,3,0,0
86618.970881,2026-07-22T15:18:52.927,3,3,3,0,0
86618.973444,2026-07-22T15:18:52.930,3,3,3,0,0
86618.976200,2026-07-22T15:18:52.933,3,3,3,0,0
86618.978832,2026-07-22T15:18:52.935,3,3,3,0,0
86618.981327,2026-07-22T15:18:52.938,3,3,3,0,0
86618.983355,2026-07-22T15:18:52.940,3,3,3,0,0
86618.985846,2026-07-22T15:18:52.942,3,3,3,0,0
86618.988343,2026-07-22T15:18:52.945,3,3,3,0,0
86618.990918,2026-07-22T15:18:52.947,3,3,3,0,0
86618.993422,2026-07-22T15:18:52.950,3,3,3,0,0
86618.996114,2026-07-22T15:18:52.953,3,3,3,0,0
86618.998678,2026-07-22T15:18:52.955,3,3,3,0,0
86619.000769,2026-07-22T15:18:52.957,3,3,3,0,0
86619.003418,2026-07-22T15:18:52.960,3,3,3,0,0
86619.005941,2026-07-22T15:18:52.962,3,3,3,0,0
86619.008085,2026-07-22T15:18:52.965,3,3,3,0,0
86619.010602,2026-07-22T15:18:52.967,3,3,3,0,0
86619.013139,2026-07-22T15:18:52.970,3,3,3,0,0
86619.015187,2026-07-22T15:18:52.972,3,3,3,0,0
86619.017693,2026-07-22T15:18:52.974,3,3,3,0,0
86619.020148,2026-07-22T15:18:52.977,3,3,3,0,0
86619.022665,2026-07-22T15:18:52.979,3,3,3,0,0
86619.025158,2026-07-22T15:18:52.982,3,3,3,0,0
86619.027678,2026-07-22T15:18:52.984,3,3,3,0,0
86619.030108,2026-07-22T15:18:52.987,3,3,3,0,0
86619.032626,2026-07-22T15:18:52.989,3,3,3,0,0
86619.035027,2026-07-22T15:18:52.991,3,3,3,0,0
86619.037616,2026-07-22T15:18:52.994,3,3,3,0,0
86619.040090,2026-07-22T15:18:52.997,3,3,3,0,0
86619.042717,2026-07-22T15:18:52.999,3,3,3,0,0
86619.045231,2026-07-22T15:18:53.002,3,0,3,0,10
86619.047826,2026-07-22T15:18:53.004,48,0,3,0,10
86619.049920,2026-07-22T15:18:53.006,48,0,3,0,10
86619.052445,2026-07-22T15:18:53.009,48,0,3,0,10
86619.054954,2026-07-22T15:18:53.011,48,0,3,0,10
86619.057472,2026-07-22T15:18:53.014,48,0,3,0,10
86619.059989,2026-07-22T15:18:53.016,48,0,3,0,10
86619.062546,2026-07-22T15:18:53.019,48,0,3,0,10
86619.065128,2026-07-22T15:18:53.022,48,0,3,0,10
86619.067224,2026-07-22T15:18:53.024,48,0,3,0,10
86619.069742,2026-07-22T15:18:53.026,48,0,3,0,10
86619.071780,2026-07-22T15:18:53.028,48,0,3,0,10
86619.074311,2026-07-22T15:18:53.031,48,0,3,0,10
86619.077110,2026-07-22T15:18:53.034,48,0,3,0,10
86619.079714,2026-07-22T15:18:53.036,48,0,3,0,10
86619.082118,2026-07-22T15:18:53.039,48,0,3,0,10
86619.084704,2026-07-22T15:18:53.041,48,0,3,0,10
86619.087198,2026-07-22T15:18:53.044,48,0,3,0,10
86619.089723,2026-07-22T15:18:53.046,48,0,3,0,10
86619.091752,2026-07-22T15:18:53.048,48,0,3,0,10
86619.093785,2026-07-22T15:18:53.050,48,0,3,0,10
86619.096391,2026-07-22T15:18:53.053,48,0,3,0,10
86619.098923,2026-07-22T15:18:53.055,48,0,3,0,10
86619.100986,2026-07-22T15:18:53.057,48,0,3,0,10
86619.103011,2026-07-22T15:18:53.059,48,0,3,0,10
86619.105050,2026-07-22T15:18:53.062,48,0,3,0,10
86619.107081,2026-07-22T15:18:53.064,48,0,3,0,10
86619.109599,2026-07-22T15:18:53.066,48,0,3,0,10
86619.111833,2026-07-22T15:18:53.068,48,0,3,0,10
86619.114516,2026-07-22T15:18:53.071,48,0,3,0,10
86619.116628,2026-07-22T15:18:53.073,48,0,3,0,10
86619.119134,2026-07-22T15:18:53.076,48,0,3,0,10
86619.121244,2026-07-22T15:18:53.078,48,0,3,0,10
86619.123756,2026-07-22T15:18:53.080,48,0,3,0,10
86619.126272,2026-07-22T15:18:53.083,48,0,3,0,10
86619.128961,2026-07-22T15:18:53.085,48,0,3,0,10
86619.130994,2026-07-22T15:18:53.087,48,0,3,0,10
86619.133520,2026-07-22T15:18:53.090,48,0,3,0,10
86619.135749,2026-07-22T15:18:53.092,48,0,3,0,10
86619.138537,2026-07-22T15:18:53.095,48,0,3,0,10
86619.140942,2026-07-22T15:18:53.097,48,0,3,0,10
86619.143871,2026-07-22T15:18:53.100,48,0,3,0,10
86619.146298,2026-07-22T15:18:53.103,48,0,3,0,10
86619.148335,2026-07-22T15:18:53.105,48,0,3,0,10
86619.150861,2026-07-22T15:18:53.107,48,0,3,0,10
86619.153389,2026-07-22T15:18:53.110,48,0,3,0,10
86619.155919,2026-07-22T15:18:53.112,48,0,3,0,10
86619.158450,2026-07-22T15:18:53.115,48,0,3,0,10
86619.160957,2026-07-22T15:18:53.117,48,0,3,0,10
86619.163456,2026-07-22T15:18:53.120,48,0,3,0,10
86619.165961,2026-07-22T15:18:53.122,48,0,3,0,10
86619.168466,2026-07-22T15:18:53.125,48,0,3,0,10
86619.170976,2026-07-22T15:18:53.127,48,0,3,0,10
86619.173477,2026-07-22T15:18:53.130,48,0,3,0,10
86619.175974,2026-07-22T15:18:53.132,48,0,3,0,10
86619.178530,2026-07-22T15:18:53.134,48,0,3,0,10
86619.180756,2026-07-22T15:18:53.137,48,0,3,0,10
86619.183258,2026-07-22T15:18:53.140,48,0,3,0,10
86619.185293,2026-07-22T15:18:53.142,48,0,3,0,10
86619.187894,2026-07-22T15:18:53.144,48,0,3,0,10
86619.190333,2026-07-22T15:18:53.147,48,0,3,0,10
86619.192502,2026-07-22T15:18:53.149,48,0,3,0,10
86619.195007,2026-07-22T15:18:53.151,48,0,3,0,10
86619.197514,2026-07-22T15:18:53.154,48,0,3,0,10
86619.200018,2026-07-22T15:18:53.156,48,0,3,0,10
86619.202536,2026-07-22T15:18:53.159,48,0,3,0,10
86619.205035,2026-07-22T15:18:53.162,48,0,3,0,10
86619.207623,2026-07-22T15:18:53.164,48,0,3,0,10
86619.209728,2026-07-22T15:18:53.166,48,0,3,0,10
86619.211781,2026-07-22T15:18:53.168,48,0,3,0,10
86619.213814,2026-07-22T15:18:53.170,48,0,3,0,10
86619.215849,2026-07-22T15:18:53.172,48,0,3,0,10
86619.217869,2026-07-22T15:18:53.174,48,0,3,0,10
86619.219898,2026-07-22T15:18:53.176,48,0,3,0,10
86619.221919,2026-07-22T15:18:53.178,48,0,3,0,10
86619.223998,2026-07-22T15:18:53.180,48,0,3,0,10
86619.226514,2026-07-22T15:18:53.183,48,0,3,0,10
86619.229030,2026-07-22T15:18:53.186,48,0,3,0,10
86619.231643,2026-07-22T15:18:53.188,48,0,3,0,10
86619.233717,2026-07-22T15:18:53.190,48,0,3,0,10
86619.235878,2026-07-22T15:18:53.192,48,0,3,0,10
86619.238408,2026-07-22T15:18:53.195,48,0,3,0,10
86619.240661,2026-07-22T15:18:53.197,48,0,3,0,10
86619.243179,2026-07-22T15:18:53.200,48,0,3,0,10
86619.245712,2026-07-22T15:18:53.202,48,0,3,0,10
86619.248525,2026-07-22T15:18:53.205,48,0,3,0,10
86619.251058,2026-07-22T15:18:53.208,48,0,3,0,10
86619.253575,2026-07-22T15:18:53.210,48,0,3,0,10
86619.255601,2026-07-22T15:18:53.212,48,0,3,0,10
86619.258124,2026-07-22T15:18:53.215,48,0,3,0,10
86619.260648,2026-07-22T15:18:53.217,48,0,3,0,10
86619.263299,2026-07-22T15:18:53.220,48,0,3,0,10
86619.265935,2026-07-22T15:18:53.222,48,0,3,0,10
86619.268497,2026-07-22T15:18:53.225,48,0,3,0,10
86619.270557,2026-07-22T15:18:53.227,48,0,3,0,10
86619.273065,2026-07-22T15:18:53.230,48,0,3,0,10
86619.275097,2026-07-22T15:18:53.232,48,0,3,0,10
86619.277117,2026-07-22T15:18:53.234,48,0,3,0,10
86619.279628,2026-07-22T15:18:53.236,48,0,3,0,10
86619.281663,2026-07-22T15:18:53.238,48,0,3,0,10
86619.283691,2026-07-22T15:18:53.240,48,0,3,0,10
86619.285725,2026-07-22T15:18:53.242,48,0,3,0,10
86619.288446,2026-07-22T15:18:53.244,48,0,3,0,10
86619.290780,2026-07-22T15:18:53.247,184,0,3,0,12
86619.293304,2026-07-22T15:18:53.250,184,0,3,0,12
86619.295387,2026-07-22T15:18:53.252,184,0,3,0,12
86619.297409,2026-07-22T15:18:53.254,184,0,3,0,12
86619.299973,2026-07-22T15:18:53.256,184,0,3,0,12
86619.302269,2026-07-22T15:18:53.259,184,0,3,0,12
86619.304558,2026-07-22T15:18:53.261,184,0,3,0,12
86619.307063,2026-07-22T15:18:53.264,184,0,3,0,12
86619.309569,2026-07-22T15:18:53.266,184,0,3,0,12
86619.312078,2026-07-22T15:18:53.269,184,0,3,0,12
86619.314582,2026-07-22T15:18:53.271,184,0,3,0,12
86619.317098,2026-07-22T15:18:53.274,184,0,3,0,12
86619.319613,2026-07-22T15:18:53.276,184,0,3,0,12
86619.322130,2026-07-22T15:18:53.279,184,0,3,0,12
86619.324162,2026-07-22T15:18:53.281,184,0,3,0,12
86619.326421,2026-07-22T15:18:53.283,184,0,3,0,12
86619.328460,2026-07-22T15:18:53.285,184,0,3,0,12
86619.330500,2026-07-22T15:18:53.287,184,0,3,0,12
86619.332572,2026-07-22T15:18:53.289,184,0,3,0,12
86619.335231,2026-07-22T15:18:53.292,184,0,3,0,12
86619.337269,2026-07-22T15:18:53.294,184,0,3,0,12
86619.339798,2026-07-22T15:18:53.296,184,0,3,0,12
86619.342325,2026-07-22T15:18:53.299,184,0,3,0,12
86619.344968,2026-07-22T15:18:53.301,184,0,3,0,12
86619.347496,2026-07-22T15:18:53.304,184,0,3,0,12
86619.349641,2026-07-22T15:18:53.306,184,0,3,0,12
86619.352170,2026-07-22T15:18:53.309,184,0,3,0,12
86619.354715,2026-07-22T15:18:53.311,184,0,3,0,12
86619.357064,2026-07-22T15:18:53.314,184,0,3,0,12
86619.359578,2026-07-22T15:18:53.316,184,0,3,0,12
86619.362091,2026-07-22T15:18:53.319,184,0,3,0,12
86619.364650,2026-07-22T15:18:53.321,184,0,3,0,12
86619.367117,2026-07-22T15:18:53.324,184,0,3,0,12
86619.369640,2026-07-22T15:18:53.326,184,0,3,0,12
86619.371682,2026-07-22T15:18:53.328,184,0,3,0,12
86619.373894,2026-07-22T15:18:53.330,184,0,3,0,12
86619.376403,2026-07-22T15:18:53.333,184,0,3,0,12
86619.378903,2026-07-22T15:18:53.335,184,0,3,0,12
86619.381718,2026-07-22T15:18:53.338,184,0,3,0,12
86619.384078,2026-07-22T15:18:53.341,184,0,3,0,12
86619.386654,2026-07-22T15:18:53.343,184,0,3,0,12
86619.388992,2026-07-22T15:18:53.345,184,0,3,0,12
86619.391541,2026-07-22T15:18:53.348,184,0,3,0,12
86619.393606,2026-07-22T15:18:53.350,184,0,3,0,12
86619.395696,2026-07-22T15:18:53.352,184,0,3,0,12
86619.398213,2026-07-22T15:18:53.355,184,0,3,0,12
86619.400728,2026-07-22T15:18:53.357,184,0,3,0,12
86619.403247,2026-07-22T15:18:53.360,184,0,3,0,12
86619.405389,2026-07-22T15:18:53.362,184,0,3,0,12
86619.407592,2026-07-22T15:18:53.364,184,0,3,0,12
86619.410109,2026-07-22T15:18:53.367,184,0,3,0,12
86619.412187,2026-07-22T15:18:53.369,184,0,3,0,12
86619.414713,2026-07-22T15:18:53.371,184,0,3,0,12
86619.417222,2026-07-22T15:18:53.374,184,0,3,0,12
86619.419729,2026-07-22T15:18:53.376,184,0,3,0,12
86619.422235,2026-07-22T15:18:53.379,184,0,3,0,12
86619.424760,2026-07-22T15:18:53.381,184,0,3,0,12
86619.427258,2026-07-22T15:18:53.384,184,0,3,0,12
86619.429770,2026-07-22T15:18:53.386,184,0,3,0,12
86619.432275,2026-07-22T15:18:53.389,184,0,3,0,12
86619.434779,2026-07-22T15:18:53.391,184,0,3,0,12
86619.437281,2026-07-22T15:18:53.394,184,0,3,0,12
86619.439565,2026-07-22T15:18:53.396,184,0,3,0,12
86619.441868,2026-07-22T15:18:53.398,184,0,3,0,12
86619.444385,2026-07-22T15:18:53.401,184,0,3,0,12
86619.446411,2026-07-22T15:18:53.403,184,0,3,0,12
86619.448455,2026-07-22T15:18:53.405,184,0,3,0,12
86619.450551,2026-07-22T15:18:53.407,184,0,3,0,12
86619.452971,2026-07-22T15:18:53.409,184,0,3,0,12
86619.455008,2026-07-22T15:18:53.411,184,0,3,0,12
86619.457101,2026-07-22T15:18:53.414,184,0,3,0,12
86619.459566,2026-07-22T15:18:53.416,184,0,3,0,12
86619.462154,2026-07-22T15:18:53.419,184,0,3,0,12
86619.464305,2026-07-22T15:18:53.421,184,0,3,0,12
86619.466566,2026-07-22T15:18:53.423,184,0,3,0,12
86619.469064,2026-07-22T15:18:53.426,184,0,3,0,12
86619.471107,2026-07-22T15:18:53.428,184,0,3,0,12
86619.473631,2026-07-22T15:18:53.430,184,0,3,0,12
86619.475663,2026-07-22T15:18:53.432,184,0,3,0,12
86619.477794,2026-07-22T15:18:53.434,184,0,3,0,12
86619.479950,2026-07-22T15:18:53.436,184,0,3,0,12
86619.482650,2026-07-22T15:18:53.439,184,0,3,0,12
86619.484680,2026-07-22T15:18:53.441,184,0,3,0,12
86619.487196,2026-07-22T15:18:53.444,184,0,3,0,12
86619.489315,2026-07-22T15:18:53.446,184,0,3,0,12
86619.491644,2026-07-22T15:18:53.448,184,0,3,0,12
86619.493765,2026-07-22T15:18:53.450,184,0,3,0,12
86619.495949,2026-07-22T15:18:53.452,184,0,3,0,12
86619.498467,2026-07-22T15:18:53.455,184,0,3,0,12
86619.500991,2026-07-22T15:18:53.457,184,0,3,0,12
86619.503532,2026-07-22T15:18:53.460,184,0,3,0,12
86619.505849,2026-07-22T15:18:53.462,184,0,3,0,12
86619.507882,2026-07-22T15:18:53.464,184,0,3,0,12
86619.510421,2026-07-22T15:18:53.467,184,0,3,0,12
86619.512448,2026-07-22T15:18:53.469,184,0,3,0,12
86619.514966,2026-07-22T15:18:53.471,184,0,3,0,12
86619.517484,2026-07-22T15:18:53.474,184,0,3,0,12
86619.520002,2026-07-22T15:18:53.476,184,0,3,0,12
86619.522536,2026-07-22T15:18:53.479,184,0,3,0,12
86619.525121,2026-07-22T15:18:53.482,184,0,3,0,12
86619.527261,2026-07-22T15:18:53.484,184,0,3,0,12
86619.529295,2026-07-22T15:18:53.486,184,0,3,0,12
86619.531812,2026-07-22T15:18:53.488,184,0,3,0,12
86619.533832,2026-07-22T15:18:53.490,184,0,3,0,12
86619.536356,2026-07-22T15:18:53.493,249,3,3,0,0
86619.538729,2026-07-22T15:18:53.495,249,3,3,0,0
86619.541139,2026-07-22T15:18:53.498,249,3,3,0,0
86619.543673,2026-07-22T15:18:53.500,249,3,3,0,0
86619.545700,2026-07-22T15:18:53.502,249,3,3,0,0
86619.548157,2026-07-22T15:18:53.505,249,3,3,0,0
86619.550189,2026-07-22T15:18:53.507,249,3,3,0,0
86619.552697,2026-07-22T15:18:53.509,249,3,3,0,0
86619.555218,2026-07-22T15:18:53.512,249,3,3,0,0
86619.557775,2026-07-22T15:18:53.514,249,3,3,0,0
86619.560362,2026-07-22T15:18:53.517,249,3,3,0,0
86619.562865,2026-07-22T15:18:53.519,249,3,3,0,0
86619.565368,2026-07-22T15:18:53.522,249,3,3,0,0
86619.567896,2026-07-22T15:18:53.524,249,3,3,0,0
86619.570396,2026-07-22T15:18:53.527,249,3,3,0,0
86619.572405,2026-07-22T15:18:53.529,249,3,3,0,0
86619.574538,2026-07-22T15:18:53.531,249,3,3,0,0
86619.577042,2026-07-22T15:18:53.534,249,3,3,0,0
86619.579548,2026-07-22T15:18:53.536,249,3,3,0,0
86619.582095,2026-07-22T15:18:53.539,249,3,3,0,0
86619.584401,2026-07-22T15:18:53.541,249,3,3,0,0
86619.587022,2026-07-22T15:18:53.544,249,3,3,0,0
86619.589082,2026-07-22T15:18:53.545,249,3,3,0,0
86619.591559,2026-07-22T15:18:53.548,249,3,3,0,0
86619.594080,2026-07-22T15:18:53.551,249,3,3,0,0
86619.596595,2026-07-22T15:18:53.553,249,3,3,0,0
86619.599110,2026-07-22T15:18:53.556,249,3,3,0,0
86619.601626,2026-07-22T15:18:53.558,249,3,3,0,0
86619.604144,2026-07-22T15:18:53.561,249,3,3,0,0
86619.606890,2026-07-22T15:18:53.563,249,3,3,0,0
86619.609632,2026-07-22T15:18:53.566,249,3,3,0,0
86619.612163,2026-07-22T15:18:53.569,249,3,3,0,0
86619.614923,2026-07-22T15:18:53.571,249,3,3,0,0
86619.616969,2026-07-22T15:18:53.573,249,3,3,0,0
86619.619520,2026-07-22T15:18:53.576,249,3,3,0,0
86619.622035,2026-07-22T15:18:53.579,249,3,3,0,0
86619.624767,2026-07-22T15:18:53.581,249,3,3,0,0
86619.627327,2026-07-22T15:18:53.584,249,3,3,0,0
86619.630094,2026-07-22T15:18:53.587,249,3,3,0,0
86619.632645,2026-07-22T15:18:53.589,249,3,3,0,0
86619.635046,2026-07-22T15:18:53.592,249,3,3,0,0
86619.637862,2026-07-22T15:18:53.594,249,3,3,0,0
86619.639873,2026-07-22T15:18:53.596,249,3,3,0,0
86619.642066,2026-07-22T15:18:53.599,249,3,3,0,0
86619.644626,2026-07-22T15:18:53.601,249,3,3,0,0
86619.647069,2026-07-22T15:18:53.604,249,3,3,0,0
86619.649732,2026-07-22T15:18:53.606,249,3,3,0,0
86619.652098,2026-07-22T15:18:53.609,249,3,3,0,0
86619.654731,2026-07-22T15:18:53.611,249,3,3,0,0
86619.656773,2026-07-22T15:18:53.613,249,3,3,0,0
86619.659371,2026-07-22T15:18:53.616,249,3,3,0,0
86619.661880,2026-07-22T15:18:53.618,249,3,3,0,0
86619.664412,2026-07-22T15:18:53.621,249,3,3,0,0
86619.666943,2026-07-22T15:18:53.623,249,3,3,0,0
86619.669720,2026-07-22T15:18:53.626,249,3,3,0,0
86619.671751,2026-07-22T15:18:53.628,249,3,3,0,0
86619.673818,2026-07-22T15:18:53.630,249,3,3,0,0
86619.676377,2026-07-22T15:18:53.633,249,3,3,0,0
86619.678897,2026-07-22T15:18:53.635,249,3,3,0,0
86619.680920,2026-07-22T15:18:53.637,249,3,3,0,0
86619.682931,2026-07-22T15:18:53.639,249,3,3,0,0
86619.684959,2026-07-22T15:18:53.641,249,3,3,0,0
86619.687426,2026-07-22T15:18:53.644,249,3,3,0,0
86619.689721,2026-07-22T15:18:53.646,249,3,3,0,0
86619.691819,2026-07-22T15:18:53.648,249,3,3,0,0
86619.694314,2026-07-22T15:18:53.651,249,3,3,0,0
86619.696627,2026-07-22T15:18:53.653,249,3,3,0,0
86619.699113,2026-07-22T15:18:53.656,249,3,3,0,0
86619.701847,2026-07-22T15:18:53.658,249,3,3,0,0
86619.704363,2026-07-22T15:18:53.661,249,3,3,0,0
86619.706393,2026-07-22T15:18:53.663,249,3,3,0,0
86619.709002,2026-07-22T15:18:53.665,249,3,3,0,0
86619.711529,2026-07-22T15:18:53.668,249,3,3,0,0
86619.714079,2026-07-22T15:18:53.671,249,3,3,0,0
86619.716801,2026-07-22T15:18:53.673,249,3,3,0,0
86619.719294,2026-07-22T15:18:53.676,249,3,3,0,0
86619.721759,2026-07-22T15:18:53.678,249,3,3,0,0
86619.724373,2026-07-22T15:18:53.681,249,3,3,0,0
86619.726476,2026-07-22T15:18:53.683,249,3,3,0,0
86619.729002,2026-07-22T15:18:53.685,249,3,3,0,0
86619.731051,2026-07-22T15:18:53.688,249,3,3,0,0
86619.733627,2026-07-22T15:18:53.690,249,3,3,0,0
86619.736323,2026-07-22T15:18:53.693,249,3,3,0,0
86619.738808,2026-07-22T15:18:53.695,249,3,3,0,0
86619.741176,2026-07-22T15:18:53.698,249,3,3,0,0
86619.743659,2026-07-22T15:18:53.700,249,3,3,0,0
86619.746174,2026-07-22T15:18:53.703,249,3,3,0,0
86619.748434,2026-07-22T15:18:53.705,249,3,3,0,0
86619.750956,2026-07-22T15:18:53.707,249,3,3,0,0
86619.753552,2026-07-22T15:18:53.709,249,3,3,0,0
86619.755853,2026-07-22T15:18:53.712,249,3,3,0,0
86619.757867,2026-07-22T15:18:53.714,249,3,3,0,0
86619.760348,2026-07-22T15:18:53.717,249,3,3,0,0
86619.762855,2026-07-22T15:18:53.719,249,3,3,0,0
86619.765362,2026-07-22T15:18:53.722,249,3,3,0,0
86619.767875,2026-07-22T15:18:53.724,249,3,3,0,0
86619.770363,2026-07-22T15:18:53.727,249,3,3,0,0
86619.772881,2026-07-22T15:18:53.729,249,3,3,0,0
86619.775687,2026-07-22T15:18:53.732,249,3,3,0,0
86619.778312,2026-07-22T15:18:53.735,249,3,3,0,0
86619.781010,2026-07-22T15:18:53.737,249,3,3,0,0
86619.783559,2026-07-22T15:18:53.740,249,3,3,0,0
86619.785601,2026-07-22T15:18:53.742,249,3,3,0,0
86619.788201,2026-07-22T15:18:53.745,249,3,3,0,0
86619.790741,2026-07-22T15:18:53.747,249,3,3,0,0
86619.793436,2026-07-22T15:18:53.750,249,3,3,0,0
86619.795949,2026-07-22T15:18:53.752,249,3,3,0,0
86619.797983,2026-07-22T15:18:53.754,249,3,3,0,0
86619.800617,2026-07-22T15:18:53.757,249,3,3,0,0
86619.803150,2026-07-22T15:18:53.760,249,3,3,0,0
86619.805663,2026-07-22T15:18:53.762,249,3,3,0,0
86619.808258,2026-07-22T15:18:53.765,249,3,3,0,0
86619.810940,2026-07-22T15:18:53.767,249,3,3,0,0
86619.813471,2026-07-22T15:18:53.770,249,3,3,0,0
86619.816009,2026-07-22T15:18:53.772,249,3,3,0,0
86619.818282,2026-07-22T15:18:53.775,249,3,3,0,0
86619.821004,2026-07-22T15:18:53.777,249,3,3,0,0
86619.823533,2026-07-22T15:18:53.780,249,3,3,0,0
86619.826051,2026-07-22T15:18:53.783,249,3,3,0,0
86619.828548,2026-07-22T15:18:53.785,249,3,3,0,0
86619.830767,2026-07-22T15:18:53.787,249,3,3,0,0
86619.833181,2026-07-22T15:18:53.790,249,3,3,0,0
86619.835701,2026-07-22T15:18:53.792,249,3,3,0,0
86619.838190,2026-07-22T15:18:53.795,249,3,3,0,0
86619.840699,2026-07-22T15:18:53.797,249,3,3,0,0
86619.843163,2026-07-22T15:18:53.800,249,3,3,0,0
86619.845668,2026-07-22T15:18:53.802,249,3,3,0,0
86619.848170,2026-07-22T15:18:53.805,249,3,3,0,0
86619.850709,2026-07-22T15:18:53.807,249,3,3,0,0
86619.852769,2026-07-22T15:18:53.809,249,3,3,0,0
86619.854919,2026-07-22T15:18:53.811,249,3,3,0,0
86619.857423,2026-07-22T15:18:53.814,249,3,3,0,0
86619.859959,2026-07-22T15:18:53.816,249,3,3,0,0
86619.862503,2026-07-22T15:18:53.819,249,3,3,0,0
86619.865115,2026-07-22T15:18:53.822,249,3,3,0,0
86619.867702,2026-07-22T15:18:53.824,249,3,3,0,0
86619.870193,2026-07-22T15:18:53.827,249,3,3,0,8
86619.872710,2026-07-22T15:18:53.829,213,0,3,0,8
86619.874749,2026-07-22T15:18:53.831,213,0,3,0,8
86619.877384,2026-07-22T15:18:53.834,213,0,3,0,8
86619.879875,2026-07-22T15:18:53.836,213,0,3,0,8
86619.882571,2026-07-22T15:18:53.839,213,0,3,0,8
86619.885019,2026-07-22T15:18:53.842,213,0,3,0,8
86619.887514,2026-07-22T15:18:53.844,213,0,3,0,8
86619.889762,2026-07-22T15:18:53.846,213,0,3,0,8
86619.892266,2026-07-22T15:18:53.849,213,0,3,0,8
86619.895117,2026-07-22T15:18:53.851,213,0,3,0,8
86619.897528,2026-07-22T15:18:53.854,213,0,3,0,8
86619.899994,2026-07-22T15:18:53.856,213,0,3,0,8
86619.902707,2026-07-22T15:18:53.859,213,0,3,0,8
86619.905068,2026-07-22T15:18:53.862,213,0,3,0,8
86619.907765,2026-07-22T15:18:53.864,213,0,3,0,8
86619.910414,2026-07-22T15:18:53.867,213,0,3,0,8
86619.912922,2026-07-22T15:18:53.869,213,0,3,0,8
86619.915378,2026-07-22T15:18:53.872,213,0,3,0,8
86619.917624,2026-07-22T15:18:53.874,213,0,3,0,8
86619.920337,2026-07-22T15:18:53.877,213,0,3,0,8
86619.922930,2026-07-22T15:18:53.879,213,0,3,0,8
86619.925386,2026-07-22T15:18:53.882,213,0,3,0,8
86619.928009,2026-07-22T15:18:53.884,213,0,3,0,8
86619.930493,2026-07-22T15:18:53.887,213,0,3,0,8
86619.933007,2026-07-22T15:18:53.889,213,0,3,0,8
86619.935491,2026-07-22T15:18:53.892,213,0,3,0,8
86619.937996,2026-07-22T15:18:53.894,213,0,3,0,8
86619.940275,2026-07-22T15:18:53.896,213,0,3,0,8
86619.942406,2026-07-22T15:18:53.899,213,0,3,0,8
86619.944955,2026-07-22T15:18:53.901,213,0,3,0,8
86619.947691,2026-07-22T15:18:53.904,213,0,3,0,8
86619.950130,2026-07-22T15:18:53.907,213,0,3,0,8
86619.952520,2026-07-22T15:18:53.909,213,0,3,0,8
86619.955141,2026-07-22T15:18:53.912,213,0,3,0,8
86619.957649,2026-07-22T15:18:53.914,213,0,3,0,8
86619.960155,2026-07-22T15:18:53.917,213,0,3,0,8
86619.962678,2026-07-22T15:18:53.919,213,0,3,0,8
86619.965103,2026-07-22T15:18:53.922,213,0,3,0,8
86619.967594,2026-07-22T15:18:53.924,213,0,3,0,8
86619.970082,2026-07-22T15:18:53.927,213,0,3,0,8
86619.972127,2026-07-22T15:18:53.929,213,0,3,0,8
86619.974655,2026-07-22T15:18:53.931,213,0,3,0,8
86619.977155,2026-07-22T15:18:53.934,213,0,3,0,8
86619.979359,2026-07-22T15:18:53.936,213,0,3,0,8
86619.981988,2026-07-22T15:18:53.938,213,0,3,0,8
86619.984506,2026-07-22T15:18:53.941,213,0,3,0,8
86619.987064,2026-07-22T15:18:53.943,213,0,3,0,8
86619.989709,2026-07-22T15:18:53.946,213,0,3,0,8
86619.992475,2026-07-22T15:18:53.949,213,0,3,0,8
86619.994725,2026-07-22T15:18:53.951,213,0,3,0,8
86619.997072,2026-07-22T15:18:53.954,213,0,3,0,8
86619.999568,2026-07-22T15:18:53.956,213,0,3,0,8
86620.002374,2026-07-22T15:18:53.959,213,0,3,0,8
86620.005007,2026-07-22T15:18:53.961,213,0,3,0,8
86620.007407,2026-07-22T15:18:53.964,213,0,3,0,8
86620.010004,2026-07-22T15:18:53.966,213,0,3,0,8
86620.012511,2026-07-22T15:18:53.969,213,0,3,0,8
86620.014990,2026-07-22T15:18:53.971,213,0,3,0,8
86620.017462,2026-07-22T15:18:53.974,213,0,3,0,8
86620.019524,2026-07-22T15:18:53.976,213,0,3,0,8
86620.022079,2026-07-22T15:18:53.979,213,0,3,0,8
86620.024604,2026-07-22T15:18:53.981,213,0,3,0,8
86620.027011,2026-07-22T15:18:53.983,213,0,3,0,8
86620.029537,2026-07-22T15:18:53.986,213,0,3,0,8
86620.032004,2026-07-22T15:18:53.988,213,0,3,0,8
86620.034532,2026-07-22T15:18:53.991,213,0,3,0,8
86620.037007,2026-07-22T15:18:53.993,213,0,3,0,8
86620.039536,2026-07-22T15:18:53.996,213,0,3,0,8
86620.042034,2026-07-22T15:18:53.999,213,0,3,0,8
86620.044561,2026-07-22T15:18:54.001,213,0,3,0,8
86620.047072,2026-07-22T15:18:54.004,213,0,3,0,8
86620.049574,2026-07-22T15:18:54.006,213,0,3,0,8
86620.051623,2026-07-22T15:18:54.008,213,0,3,0,8
86620.054144,2026-07-22T15:18:54.011,213,0,3,0,8
86620.056204,2026-07-22T15:18:54.013,213,0,3,0,8
86620.058709,2026-07-22T15:18:54.015,213,0,3,0,8
86620.061232,2026-07-22T15:18:54.018,213,0,3,0,8
86620.063746,2026-07-22T15:18:54.020,213,0,3,0,8
86620.066275,2026-07-22T15:18:54.023,213,0,3,0,8
86620.068780,2026-07-22T15:18:54.025,213,0,3,0,8
86620.070801,2026-07-22T15:18:54.027,213,0,3,0,8
86620.073321,2026-07-22T15:18:54.030,213,0,3,0,8
86620.075844,2026-07-22T15:18:54.032,213,0,3,0,8
86620.078345,2026-07-22T15:18:54.035,213,0,3,0,8
86620.080865,2026-07-22T15:18:54.037,213,0,3,0,8
86620.083715,2026-07-22T15:18:54.040,213,0,3,0,8
86620.086221,2026-07-22T15:18:54.043,213,0,3,0,8
86620.088706,2026-07-22T15:18:54.045,213,0,3,0,8
86620.091137,2026-07-22T15:18:54.048,213,0,3,0,8
86620.093634,2026-07-22T15:18:54.050,213,0,3,0,8
86620.095808,2026-07-22T15:18:54.052,213,0,3,0,8
86620.098580,2026-07-22T15:18:54.055,213,0,3,0,8
86620.100777,2026-07-22T15:18:54.057,213,0,3,0,8
86620.103077,2026-07-22T15:18:54.060,213,0,3,0,8
86620.105684,2026-07-22T15:18:54.062,213,0,3,0,8
86620.107779,2026-07-22T15:18:54.064,213,0,3,0,8
86620.110431,2026-07-22T15:18:54.067,213,0,3,0,8
86620.112886,2026-07-22T15:18:54.069,213,0,3,0,8
86620.115307,2026-07-22T15:18:54.072,213,0,3,0,9
86620.117789,2026-07-22T15:18:54.074,115,0,3,0,9
86620.120184,2026-07-22T15:18:54.077,115,0,3,0,9
86620.122715,2026-07-22T15:18:54.079,115,0,3,0,9
86620.125223,2026-07-22T15:18:54.082,115,0,3,0,9
86620.127711,2026-07-22T15:18:54.084,115,0,3,0,9
86620.130183,2026-07-22T15:18:54.087,115,0,3,0,9
86620.132670,2026-07-22T15:18:54.089,115,0,3,0,9
86620.135072,2026-07-22T15:18:54.092,115,0,3,0,9
86620.137523,2026-07-22T15:18:54.094,115,0,3,0,9
86620.140158,2026-07-22T15:18:54.097,115,0,3,0,9
86620.142676,2026-07-22T15:18:54.099,115,0,3,0,9
86620.145508,2026-07-22T15:18:54.102,115,0,3,0,9
86620.147541,2026-07-22T15:18:54.104,115,0,3,0,9
86620.150063,2026-07-22T15:18:54.107,115,0,3,0,9
86620.152582,2026-07-22T15:18:54.109,115,0,3,0,9
86620.155215,2026-07-22T15:18:54.112,115,0,3,0,9
86620.157540,2026-07-22T15:18:54.114,115,0,3,0,9
86620.160057,2026-07-22T15:18:54.117,115,0,3,0,9
86620.162512,2026-07-22T15:18:54.119,115,0,3,0,9
86620.164541,2026-07-22T15:18:54.121,115,0,3,0,9
86620.166987,2026-07-22T15:18:54.123,115,0,3,0,9
86620.169669,2026-07-22T15:18:54.126,115,0,3,0,9
86620.172199,2026-07-22T15:18:54.129,115,0,3,0,9
86620.174220,2026-07-22T15:18:54.131,115,0,3,0,9
86620.176780,2026-07-22T15:18:54.133,115,0,3,0,9
86620.179500,2026-07-22T15:18:54.136,115,0,3,0,9
86620.182184,2026-07-22T15:18:54.139,115,0,3,0,9
86620.184703,2026-07-22T15:18:54.141,115,0,3,0,9
86620.187113,2026-07-22T15:18:54.144,115,0,3,0,9
86620.189726,2026-07-22T15:18:54.146,115,0,3,0,9
86620.192414,2026-07-22T15:18:54.149,115,0,3,0,9
86620.194540,2026-07-22T15:18:54.151,115,0,3,0,9
86620.196993,2026-07-22T15:18:54.153,115,0,3,0,9
86620.199695,2026-07-22T15:18:54.156,115,0,3,0,9
86620.202332,2026-07-22T15:18:54.159,115,0,3,0,9
86620.204850,2026-07-22T15:18:54.161,115,0,3,0,9
86620.207278,2026-07-22T15:18:54.164,115,0,3,0,9
86620.209785,2026-07-22T15:18:54.166,115,0,3,0,9
86620.212363,2026-07-22T15:18:54.169,115,0,3,0,9
86620.214804,2026-07-22T15:18:54.171,115,0,3,0,9
86620.217199,2026-07-22T15:18:54.174,115,0,3,0,9
86620.219890,2026-07-22T15:18:54.176,115,0,3,0,9
86620.222526,2026-07-22T15:18:54.179,115,0,3,0,9
86620.225153,2026-07-22T15:18:54.182,115,0,3,0,9
86620.227332,2026-07-22T15:18:54.184,115,0,3,0,9
86620.229803,2026-07-22T15:18:54.186,115,0,3,0,9
86620.232421,2026-07-22T15:18:54.189,115,0,3,0,9
86620.234924,2026-07-22T15:18:54.191,115,0,3,0,9
86620.237685,2026-07-22T15:18:54.194,115,0,3,0,9
86620.240117,2026-07-22T15:18:54.197,115,0,3,0,9
86620.242190,2026-07-22T15:18:54.199,115,0,3,0,9
86620.244974,2026-07-22T15:18:54.201,115,0,3,0,9
86620.247506,2026-07-22T15:18:54.204,115,0,3,0,9
86620.250186,2026-07-22T15:18:54.207,115,0,3,0,9
86620.252818,2026-07-22T15:18:54.209,115,0,3,0,9
86620.255547,2026-07-22T15:18:54.212,115,0,3,0,9
86620.257873,2026-07-22T15:18:54.214,115,0,3,0,9
86620.260307,2026-07-22T15:18:54.217,115,0,3,0,9
86620.262971,2026-07-22T15:18:54.219,115,0,3,0,9
86620.265309,2026-07-22T15:18:54.222,115,0,3,0,9
86620.267833,2026-07-22T15:18:54.224,115,0,3,0,9
86620.270344,2026-07-22T15:18:54.227,115,0,3,0,9
86620.272732,2026-07-22T15:18:54.229,115,0,3,0,9
86620.275305,2026-07-22T15:18:54.232,115,0,3,0,9
86620.278079,2026-07-22T15:18:54.235,115,0,3,0,9
86620.280629,2026-07-22T15:18:54.237,115,0,3,0,9
86620.283247,2026-07-22T15:18:54.240,115,0,3,0,9
86620.286032,2026-07-22T15:18:54.243,115,0,3,0,9
86620.288060,2026-07-22T15:18:54.245,115,0,3,0,9
86620.290072,2026-07-22T15:18:54.247,115,0,3,0,9
86620.292307,2026-07-22T15:18:54.249,115,0,3,0,9
86620.294878,2026-07-22T15:18:54.251,115,0,3,0,9
86620.297014,2026-07-22T15:18:54.253,115,0,3,0,9
86620.299688,2026-07-22T15:18:54.256,115,0,3,0,9
86620.301732,2026-07-22T15:18:54.258,115,0,3,0,9
86620.304290,2026-07-22T15:18:54.261,115,0,3,0,9
86620.306324,2026-07-22T15:18:54.263,115,0,3,0,9
86620.308834,2026-07-22T15:18:54.265,115,0,3,0,9
86620.311553,2026-07-22T15:18:54.268,115,0,3,0,9
86620.314137,2026-07-22T15:18:54.271,115,0,3,0,9
86620.316935,2026-07-22T15:18:54.273,115,0,3,0,9
86620.319671,2026-07-22T15:18:54.276,115,0,3,0,9
86620.322136,2026-07-22T15:18:54.279,115,0,3,0,9
86620.324591,2026-07-22T15:18:54.281,115,0,3,0,9
86620.327101,2026-07-22T15:18:54.284,115,0,3,0,9
86620.329152,2026-07-22T15:18:54.286,115,0,3,0,9
86620.331683,2026-07-22T15:18:54.288,115,0,3,0,9
86620.334133,2026-07-22T15:18:54.291,115,0,3,0,9
86620.336523,2026-07-22T15:18:54.293,115,0,3,0,9
86620.338988,2026-07-22T15:18:54.295,115,0,3,0,9
86620.341477,2026-07-22T15:18:54.298,115,0,3,0,9
86620.343772,2026-07-22T15:18:54.300,115,0,3,0,9
86620.346107,2026-07-22T15:18:54.303,115,0,3,0,9
86620.348544,2026-07-22T15:18:54.305,115,0,3,0,9
86620.351062,2026-07-22T15:18:54.308,115,0,3,0,9
86620.353089,2026-07-22T15:18:54.310,115,0,3,0,9
86620.355540,2026-07-22T15:18:54.312,115,0,3,0,9
86620.357873,2026-07-22T15:18:54.314,115,0,3,0,9
86620.360362,2026-07-22T15:18:54.317,21,0,3,0,8
86620.363080,2026-07-22T15:18:54.319,21,0,3,0,8
86620.365387,2026-07-22T15:18:54.322,21,0,3,0,8
86620.367398,2026-07-22T15:18:54.324,21,0,3,0,8
86620.369602,2026-07-22T15:18:54.326,21,0,3,0,8
86620.371640,2026-07-22T15:18:54.328,21,0,3,0,8
86620.374035,2026-07-22T15:18:54.331,21,0,3,0,8
86620.376159,2026-07-22T15:18:54.333,21,0,3,0,8
86620.378439,2026-07-22T15:18:54.335,21,0,3,0,8
86620.380952,2026-07-22T15:18:54.337,21,0,3,0,8
86620.383462,2026-07-22T15:18:54.340,21,0,3,0,8
86620.385487,2026-07-22T15:18:54.342,21,0,3,0,8
86620.387921,2026-07-22T15:18:54.344,21,0,3,0,8
86620.390446,2026-07-22T15:18:54.347,21,0,3,0,8
86620.394317,2026-07-22T15:18:54.350,21,0,3,0,8
86620.396529,2026-07-22T15:18:54.353,21,0,3,0,8
86620.399044,2026-07-22T15:18:54.356,21,0,3,0,8
86620.401559,2026-07-22T15:18:54.358,21,0,3,0,8
86620.404070,2026-07-22T15:18:54.361,21,0,3,0,8
86620.406098,2026-07-22T15:18:54.363,21,0,3,0,8
86620.408481,2026-07-22T15:18:54.365,21,0,3,0,8
86620.410518,2026-07-22T15:18:54.367,21,0,3,0,8
86620.412544,2026-07-22T15:18:54.369,21,0,3,0,8
86620.415062,2026-07-22T15:18:54.372,21,0,3,0,8
86620.417534,2026-07-22T15:18:54.374,21,0,3,0,8
86620.420153,2026-07-22T15:18:54.377,21,0,3,0,8
86620.422578,2026-07-22T15:18:54.379,21,0,3,0,8
86620.425385,2026-07-22T15:18:54.382,21,0,3,0,8
86620.427981,2026-07-22T15:18:54.384,21,0,3,0,8
86620.430568,2026-07-22T15:18:54.387,21,0,3,0,8
86620.433079,2026-07-22T15:18:54.390,21,0,3,0,8
86620.435596,2026-07-22T15:18:54.392,21,0,3,0,8
86620.438135,2026-07-22T15:18:54.395,21,0,3,0,8
86620.440553,2026-07-22T15:18:54.397,21,0,3,0,8
86620.442958,2026-07-22T15:18:54.399,21,0,3,0,8
86620.445591,2026-07-22T15:18:54.402,21,0,3,0,8
86620.448108,2026-07-22T15:18:54.405,21,0,3,0,8
86620.450551,2026-07-22T15:18:54.407,21,0,3,0,8
86620.452595,2026-07-22T15:18:54.409,21,0,3,0,8
86620.455063,2026-07-22T15:18:54.411,21,0,3,0,8
86620.457554,2026-07-22T15:18:54.414,21,0,3,0,8
86620.460016,2026-07-22T15:18:54.416,21,0,3,0,8
86620.462558,2026-07-22T15:18:54.419,21,0,3,0,8
86620.465306,2026-07-22T15:18:54.422,21,0,3,0,8
86620.467806,2026-07-22T15:18:54.424,21,0,3,0,8
86620.470359,2026-07-22T15:18:54.427,21,0,3,0,8
86620.472408,2026-07-22T15:18:54.429,21,0,3,0,8
86620.475181,2026-07-22T15:18:54.432,21,0,3,0,8
86620.477891,2026-07-22T15:18:54.434,21,0,3,0,8
86620.480518,2026-07-22T15:18:54.437,21,0,3,0,8
86620.483132,2026-07-22T15:18:54.440,21,0,3,0,8
86620.485914,2026-07-22T15:18:54.442,21,0,3,0,8
86620.488469,2026-07-22T15:18:54.445,21,0,3,0,8
86620.491006,2026-07-22T15:18:54.447,21,0,3,0,8
86620.493509,2026-07-22T15:18:54.450,21,0,3,0,8
86620.496177,2026-07-22T15:18:54.453,21,0,3,0,8
86620.498747,2026-07-22T15:18:54.455,21,0,3,0,8
86620.501469,2026-07-22T15:18:54.458,21,0,3,0,8
86620.503989,2026-07-22T15:18:54.460,21,0,3,0,8
86620.506447,2026-07-22T15:18:54.463,21,0,3,0,8
86620.509061,2026-07-22T15:18:54.466,21,0,3,0,8
86620.511649,2026-07-22T15:18:54.468,21,0,3,0,8
86620.514163,2026-07-22T15:18:54.471,21,0,3,0,8
86620.516674,2026-07-22T15:18:54.473,21,0,3,0,8
86620.519120,2026-07-22T15:18:54.476,21,0,3,0,8
86620.521853,2026-07-22T15:18:54.478,21,0,3,0,8
86620.524656,2026-07-22T15:18:54.481,21,0,3,0,8
86620.527093,2026-07-22T15:18:54.484,21,0,3,0,8
86620.529664,2026-07-22T15:18:54.486,21,0,3,0,8
86620.532079,2026-07-22T15:18:54.488,21,0,3,0,8
86620.534533,2026-07-22T15:18:54.491,21,0,3,0,8
86620.537130,2026-07-22T15:18:54.494,21,0,3,0,8
86620.539600,2026-07-22T15:18:54.496,21,0,3,0,8
86620.542266,2026-07-22T15:18:54.499,21,0,3,0,8
86620.544999,2026-07-22T15:18:54.501,21,0,3,0,8
86620.547591,2026-07-22T15:18:54.504,21,0,3,0,8
86620.549891,2026-07-22T15:18:54.506,21,0,3,0,8
86620.552221,2026-07-22T15:18:54.509,21,0,3,0,8
86620.554750,2026-07-22T15:18:54.511,21,0,3,0,8
86620.557454,2026-07-22T15:18:54.514,21,0,3,0,8
86620.560254,2026-07-22T15:18:54.517,21,0,3,0,8
86620.562791,2026-07-22T15:18:54.519,21,0,3,0,8
86620.565319,2026-07-22T15:18:54.522,21,0,3,0,8
86620.567817,2026-07-22T15:18:54.524,21,0,3,0,8
86620.570403,2026-07-22T15:18:54.527,21,0,3,0,8
86620.572445,2026-07-22T15:18:54.529,21,0,3,0,8
86620.575000,2026-07-22T15:18:54.531,21,0,3,0,8
86620.577028,2026-07-22T15:18:54.534,21,0,3,0,8
86620.579668,2026-07-22T15:18:54.536,21,0,3,0,8
86620.582096,2026-07-22T15:18:54.539,21,0,3,0,8
86620.584782,2026-07-22T15:18:54.541,21,0,3,0,8
86620.587371,2026-07-22T15:18:54.544,21,0,3,0,8
86620.590026,2026-07-22T15:18:54.546,21,0,3,0,8
86620.592777,2026-07-22T15:18:54.549,21,0,3,0,8
86620.595567,2026-07-22T15:18:54.552,21,0,3,0,8
86620.597861,2026-07-22T15:18:54.554,21,0,3,0,8
86620.600388,2026-07-22T15:18:54.557,21,0,3,0,8
86620.602995,2026-07-22T15:18:54.559,3,3,3,0,0
86620.605481,2026-07-22T15:18:54.562,3,3,3,0,0
86620.608185,2026-07-22T15:18:54.565,3,3,3,0,0
86620.610590,2026-07-22T15:18:54.567,3,3,3,0,0
86620.613146,2026-07-22T15:18:54.570,3,3,3,0,0
86620.615673,2026-07-22T15:18:54.572,3,3,3,0,0
86620.618180,2026-07-22T15:18:54.575,3,3,3,0,0
86620.620835,2026-07-22T15:18:54.577,3,3,3,0,0
86620.622890,2026-07-22T15:18:54.579,3,3,3,0,0
86620.625597,2026-07-22T15:18:54.582,3,3,3,0,0
86620.628356,2026-07-22T15:18:54.585,3,3,3,0,0
86620.630911,2026-07-22T15:18:54.587,3,3,3,0,0
86620.633420,2026-07-22T15:18:54.590,3,3,3,0,0
86620.636132,2026-07-22T15:18:54.593,3,3,3,0,0
86620.638725,2026-07-22T15:18:54.595,3,3,3,0,0
86620.641280,2026-07-22T15:18:54.598,3,3,3,0,0
86620.644591,2026-07-22T15:18:54.601,3,3,3,0,0
86620.646685,2026-07-22T15:18:54.603,3,3,3,0,0
86620.648757,2026-07-22T15:18:54.605,3,3,3,0,0
86620.651385,2026-07-22T15:18:54.608,3,3,3,0,0
86620.653735,2026-07-22T15:18:54.610,3,3,3,0,0
86620.656404,2026-07-22T15:18:54.613,3,3,3,0,0
86620.659100,2026-07-22T15:18:54.616,3,3,3,0,0
86620.661673,2026-07-22T15:18:54.618,3,3,3,0,0
86620.664104,2026-07-22T15:18:54.621,3,3,3,0,0
86620.666527,2026-07-22T15:18:54.623,3,3,3,0,0
86620.669067,2026-07-22T15:18:54.626,3,3,3,0,0
86620.671654,2026-07-22T15:18:54.628,3,3,3,0,0
86620.674038,2026-07-22T15:18:54.631,3,3,3,0,0
86620.676526,2026-07-22T15:18:54.633,3,3,3,0,0
86620.678981,2026-07-22T15:18:54.635,3,3,3,0,0
86620.681390,2026-07-22T15:18:54.638,3,3,3,0,0
86620.684025,2026-07-22T15:18:54.640,3,3,3,0,0
86620.686548,2026-07-22T15:18:54.643,3,3,3,0,0
86620.688992,2026-07-22T15:18:54.645,3,3,3,0,0
86620.691609,2026-07-22T15:18:54.648,3,3,3,0,0
86620.693952,2026-07-22T15:18:54.650,3,3,3,0,0
86620.696681,2026-07-22T15:18:54.653,3,3,3,0,0
86620.698691,2026-07-22T15:18:54.655,3,3,3,0,0
86620.701167,2026-07-22T15:18:54.658,3,3,3,0,0
86620.703663,2026-07-22T15:18:54.660,3,3,3,0,0
86620.706275,2026-07-22T15:18:54.663,3,3,3,0,0
86620.708983,2026-07-22T15:18:54.665,3,3,3,0,0
86620.711659,2026-07-22T15:18:54.668,3,3,3,0,0
86620.714124,2026-07-22T15:18:54.671,3,3,3,0,0
86620.716734,2026-07-22T15:18:54.673,3,3,3,0,0
86620.719199,2026-07-22T15:18:54.676,3,3,3,0,0
86620.721661,2026-07-22T15:18:54.678,3,3,3,0,0
86620.723993,2026-07-22T15:18:54.680,3,3,3,0,0
86620.726524,2026-07-22T15:18:54.683,3,3,3,0,0
86620.729096,2026-07-22T15:18:54.686,3,3,3,0,0
86620.731657,2026-07-22T15:18:54.688,3,3,3,0,0
86620.734147,2026-07-22T15:18:54.691,3,3,3,0,0
86620.736723,2026-07-22T15:18:54.693,3,3,3,0,0
86620.739176,2026-07-22T15:18:54.696,3,3,3,0,0
86620.741914,2026-07-22T15:18:54.698,3,3,3,0,0
86620.744025,2026-07-22T15:18:54.700,3,3,3,0,0
86620.746613,2026-07-22T15:18:54.703,3,3,3,0,0
86620.749422,2026-07-22T15:18:54.706,3,3,3,0,0
86620.752045,2026-07-22T15:18:54.709,3,3,3,0,0
86620.754589,2026-07-22T15:18:54.711,3,3,3,0,0
86620.757395,2026-07-22T15:18:54.714,3,3,3,0,0
86620.760016,2026-07-22T15:18:54.716,3,3,3,0,0
86620.762560,2026-07-22T15:18:54.719,3,3,3,0,0
86620.765079,2026-07-22T15:18:54.722,3,3,3,0,0
86620.767660,2026-07-22T15:18:54.724,3,3,3,0,0
86620.770244,2026-07-22T15:18:54.727,3,3,3,0,0
86620.772727,2026-07-22T15:18:54.729,3,3,3,0,0
86620.775105,2026-07-22T15:18:54.732,3,3,3,0,0
86620.777553,2026-07-22T15:18:54.734,3,3,3,0,0
86620.779982,2026-07-22T15:18:54.736,3,3,3,0,0
86620.782404,2026-07-22T15:18:54.739,3,3,3,0,0
86620.784984,2026-07-22T15:18:54.741,3,3,3,0,0
86620.787676,2026-07-22T15:18:54.744,3,3,3,0,0
86620.790184,2026-07-22T15:18:54.747,3,3,3,0,0
86620.792901,2026-07-22T15:18:54.749,3,3,3,0,0
86620.795712,2026-07-22T15:18:54.752,3,3,3,0,0
86620.798099,2026-07-22T15:18:54.755,3,3,3,0,0
86620.800624,2026-07-22T15:18:54.757,3,3,3,0,0
86620.803033,2026-07-22T15:18:54.760,3,3,3,0,0
86620.805476,2026-07-22T15:18:54.762,3,3,3,0,0
86620.807904,2026-07-22T15:18:54.764,3,3,3,0,0
86620.810351,2026-07-22T15:18:54.767,3,3,3,0,0
86620.813055,2026-07-22T15:18:54.770,3,3,3,0,0
86620.815638,2026-07-22T15:18:54.772,3,3,3,0,0
86620.818043,2026-07-22T15:18:54.775,3,3,3,0,0
86620.820697,2026-07-22T15:18:54.777,3,3,3,0,0
86620.823161,2026-07-22T15:18:54.780,3,3,3,0,0
86620.825530,2026-07-22T15:18:54.782,3,3,3,0,0
86620.827893,2026-07-22T15:18:54.784,3,3,3,0,0
86620.830430,2026-07-22T15:18:54.787,3,3,3,0,0
86620.833125,2026-07-22T15:18:54.790,3,3,3,0,0
86620.835731,2026-07-22T15:18:54.792,3,3,3,0,0
86620.838336,2026-07-22T15:18:54.795,3,3,3,0,0
86620.840960,2026-07-22T15:18:54.797,3,3,3,0,0
86620.843550,2026-07-22T15:18:54.800,3,3,3,0,0
86620.845741,2026-07-22T15:18:54.802,3,3,3,0,0
86620.847876,2026-07-22T15:18:54.804,3,3,3,0,0
86620.850590,2026-07-22T15:18:54.807,3,3,3,0,0
86620.853183,2026-07-22T15:18:54.810,3,3,3,0,0
86620.855916,2026-07-22T15:18:54.812,3,3,3,0,0
86620.857978,2026-07-22T15:18:54.814,3,3,3,0,0
86620.860322,2026-07-22T15:18:54.817,3,3,3,0,0
86620.862961,2026-07-22T15:18:54.819,3,3,3,0,0
86620.865721,2026-07-22T15:18:54.822,3,3,3,0,0
86620.868337,2026-07-22T15:18:54.825,3,3,3,0,0
86620.870976,2026-07-22T15:18:54.827,3,3,3,0,0
86620.873020,2026-07-22T15:18:54.829,3,3,3,0,0
86620.875737,2026-07-22T15:18:54.832,3,3,3,0,0
86620.878367,2026-07-22T15:18:54.835,3,3,3,0,0
86620.881139,2026-07-22T15:18:54.838,3,3,3,0,0
86620.883782,2026-07-22T15:18:54.840,3,3,3,0,0
86620.886330,2026-07-22T15:18:54.843,3,3,3,0,0
86620.888834,2026-07-22T15:18:54.845,3,3,3,0,0
86620.891493,2026-07-22T15:18:54.848,3,3,3,0,0
86620.894222,2026-07-22T15:18:54.851,3,3,3,0,0
86620.896687,2026-07-22T15:18:54.853,3,3,3,0,0
86620.899166,2026-07-22T15:18:54.856,3,3,3,0,0
86620.901940,2026-07-22T15:18:54.858,3,3,3,0,0
86620.904715,2026-07-22T15:18:54.861,3,3,3,0,0
86620.907232,2026-07-22T15:18:54.864,3,3,3,0,0
86620.909668,2026-07-22T15:18:54.866,3,3,3,0,0
86620.912428,2026-07-22T15:18:54.869,3,3,3,0,0
86620.914837,2026-07-22T15:18:54.871,3,3,3,0,0
86620.917219,2026-07-22T15:18:54.874,3,3,3,0,0
86620.919683,2026-07-22T15:18:54.876,3,3,3,0,0
86620.922147,2026-07-22T15:18:54.879,3,3,3,0,0
86620.924732,2026-07-22T15:18:54.881,3,3,3,0,0
86620.927172,2026-07-22T15:18:54.884,3,3,3,0,0
86620.929755,2026-07-22T15:18:54.886,3,3,3,0,0
86620.932176,2026-07-22T15:18:54.889,3,3,3,0,0
86620.934591,2026-07-22T15:18:54.891,3,3,3,0,0
86620.937024,2026-07-22T15:18:54.893,3,3,3,0,0
86620.939805,2026-07-22T15:18:54.896,3,3,3,0,0
86620.942114,2026-07-22T15:18:54.899,3,3,3,0,0
86620.944279,2026-07-22T15:18:54.901,3,3,3,0,0
86620.946835,2026-07-22T15:18:54.903,3,3,3,0,0
86620.949353,2026-07-22T15:18:54.906,3,3,3,0,0
86620.951381,2026-07-22T15:18:54.908,3,3,3,0,0
86620.953889,2026-07-22T15:18:54.910,3,3,3,0,0
86620.955926,2026-07-22T15:18:54.912,3,3,3,0,0
86620.958481,2026-07-22T15:18:54.915,3,3,3,0,0
86620.961033,2026-07-22T15:18:54.918,3,3,3,0,0
86620.963478,2026-07-22T15:18:54.920,3,3,3,0,0
86620.965923,2026-07-22T15:18:54.922,3,3,3,0,0
86620.968341,2026-07-22T15:18:54.925,3,3,3,0,0
86620.970868,2026-07-22T15:18:54.927,3,3,3,0,0
86620.973373,2026-07-22T15:18:54.930,3,3,3,0,0
86620.975881,2026-07-22T15:18:54.932,3,3,3,0,0
86620.977906,2026-07-22T15:18:54.934,3,3,3,0,0
86620.980332,2026-07-22T15:18:54.937,3,3,3,0,0
86620.982809,2026-07-22T15:18:54.939,3,3,3,0,0
86620.984863,2026-07-22T15:18:54.941,3,3,3,0,0
86620.987365,2026-07-22T15:18:54.944,3,3,3,0,0
86620.989865,2026-07-22T15:18:54.946,3,3,3,0,0
86620.992356,2026-07-22T15:18:54.949,3,3,3,0,0
86620.994466,2026-07-22T15:18:54.951,3,3,3,0,0
86620.996954,2026-07-22T15:18:54.953,3,3,3,0,0
86620.999404,2026-07-22T15:18:54.956,3,3,3,0,0
86621.001507,2026-07-22T15:18:54.958,3,3,3,0,0
86621.004017,2026-07-22T15:18:54.960,3,3,3,0,0
86621.006732,2026-07-22T15:18:54.963,3,3,3,0,0
86621.009379,2026-07-22T15:18:54.966,3,3,3,0,0
86621.012001,2026-07-22T15:18:54.968,3,3,3,0,0
86621.014471,2026-07-22T15:18:54.971,3,3,3,0,0
86621.017004,2026-07-22T15:18:54.973,3,3,3,0,0
86621.019530,2026-07-22T15:18:54.976,3,3,3,0,0
86621.022170,2026-07-22T15:18:54.979,3,3,3,0,0
86621.024754,2026-07-22T15:18:54.981,3,3,3,0,0
86621.027169,2026-07-22T15:18:54.984,3,3,3,0,0
86621.029729,2026-07-22T15:18:54.986,3,3,3,0,0
86621.032540,2026-07-22T15:18:54.989,3,3,3,0,0
86621.035189,2026-07-22T15:18:54.992,3,3,3,0,0
86621.037745,2026-07-22T15:18:54.994,3,3,3,0,0
86621.040297,2026-07-22T15:18:54.997,3,3,3,0,0
86621.042875,2026-07-22T15:18:54.999,3,3,3,0,0
86621.045228,2026-07-22T15:18:55.002,3,3,3,0,0
86621.047921,2026-07-22T15:18:55.004,3,3,3,0,0
86621.050579,2026-07-22T15:18:55.007,3,3,3,0,0
86621.053175,2026-07-22T15:18:55.010,3,3,3,0,0
86621.055527,2026-07-22T15:18:55.012,3,3,3,0,0
86621.057706,2026-07-22T15:18:55.014,3,3,3,0,0
86621.060154,2026-07-22T15:18:55.017,3,3,3,0,0
86621.062614,2026-07-22T15:18:55.019,3,3,3,0,0
86621.065055,2026-07-22T15:18:55.022,3,3,3,0,0
86621.067511,2026-07-22T15:18:55.024,3,3,3,0,0
86621.070030,2026-07-22T15:18:55.027,3,3,3,0,0
86621.072541,2026-07-22T15:18:55.029,3,3,3,0,0
86621.075094,2026-07-22T15:18:55.032,3,3,3,0,0
86621.077578,2026-07-22T15:18:55.034,3,3,3,0,0
86621.080188,2026-07-22T15:18:55.037,3,3,3,0,0
86621.082667,2026-07-22T15:18:55.039,3,3,3,0,0
86621.085029,2026-07-22T15:18:55.041,3,3,3,0,0
86621.087557,2026-07-22T15:18:55.044,3,3,3,0,0
86621.090025,2026-07-22T15:18:55.047,3,3,3,0,0
86621.092494,2026-07-22T15:18:55.049,3,3,3,0,0
86621.095261,2026-07-22T15:18:55.052,3,3,3,0,0
86621.097983,2026-07-22T15:18:55.054,3,3,3,0,0
86621.100653,2026-07-22T15:18:55.057,3,3,3,0,0
86621.103072,2026-07-22T15:18:55.060,3,3,3,0,0
86621.105579,2026-07-22T15:18:55.062,3,3,3,0,0
86621.107921,2026-07-22T15:18:55.064,3,3,3,0,0
86621.110547,2026-07-22T15:18:55.067,3,3,3,0,0
86621.113259,2026-07-22T15:18:55.070,3,3,3,0,0
86621.115719,2026-07-22T15:18:55.072,3,3,3,0,0
86621.117767,2026-07-22T15:18:55.074,3,3,3,0,0
86621.120168,2026-07-22T15:18:55.077,3,3,3,0,0
86621.122685,2026-07-22T15:18:55.079,3,3,3,0,0
86621.124793,2026-07-22T15:18:55.081,3,3,3,0,0
86621.127364,2026-07-22T15:18:55.084,3,3,3,0,0
86621.129866,2026-07-22T15:18:55.086,3,3,3,0,0
86621.132508,2026-07-22T15:18:55.089,3,3,3,0,0
86621.135029,2026-07-22T15:18:55.092,3,3,3,0,0
86621.137714,2026-07-22T15:18:55.094,3,3,3,0,0
86621.140142,2026-07-22T15:18:55.097,3,3,3,0,0
86621.142686,2026-07-22T15:18:55.099,3,3,3,0,0
86621.145030,2026-07-22T15:18:55.101,3,3,3,0,0
86621.147522,2026-07-22T15:18:55.104,3,3,3,0,0
86621.149938,2026-07-22T15:18:55.106,3,3,3,0,0
86621.152439,2026-07-22T15:18:55.109,3,3,3,0,0
86621.154943,2026-07-22T15:18:55.111,3,3,3,0,0
86621.157462,2026-07-22T15:18:55.114,3,3,3,0,0
86621.159666,2026-07-22T15:18:55.116,3,3,3,0,0
86621.162295,2026-07-22T15:18:55.119,3,3,3,0,0
86621.164821,2026-07-22T15:18:55.121,3,3,3,0,0
86621.167207,2026-07-22T15:18:55.124,3,3,3,0,0
86621.169325,2026-07-22T15:18:55.126,3,3,3,0,0
86621.171809,2026-07-22T15:18:55.128,3,3,3,0,0
86621.173873,2026-07-22T15:18:55.130,3,3,3,0,0
86621.176472,2026-07-22T15:18:55.133,3,3,3,0,0
86621.178991,2026-07-22T15:18:55.135,3,3,3,0,0
86621.181714,2026-07-22T15:18:55.138,3,3,3,0,0
86621.184238,2026-07-22T15:18:55.141,3,3,3,0,0
86621.186767,2026-07-22T15:18:55.143,3,3,3,0,0
86621.189317,2026-07-22T15:18:55.146,3,3,3,0,0
86621.191363,2026-07-22T15:18:55.148,3,3,3,0,0
86621.194076,2026-07-22T15:18:55.151,3,3,3,0,0
86621.196598,2026-07-22T15:18:55.153,3,3,3,0,0
86621.199075,2026-07-22T15:18:55.156,3,3,3,0,0
86621.201608,2026-07-22T15:18:55.158,3,3,3,0,0
86621.204035,2026-07-22T15:18:55.161,3,3,3,0,0
86621.206734,2026-07-22T15:18:55.163,3,3,3,0,0
86621.209021,2026-07-22T15:18:55.165,3,3,3,0,0
86621.211804,2026-07-22T15:18:55.168,3,3,3,0,0
86621.214318,2026-07-22T15:18:55.171,3,3,3,0,0
86621.217089,2026-07-22T15:18:55.174,3,3,3,0,0
86621.219613,2026-07-22T15:18:55.176,3,3,3,0,0
86621.222371,2026-07-22T15:18:55.179,3,3,3,0,0
86621.224696,2026-07-22T15:18:55.181,3,3,3,0,0
86621.227163,2026-07-22T15:18:55.184,3,3,3,0,0
86621.229677,2026-07-22T15:18:55.186,3,3,3,0,0
86621.232335,2026-07-22T15:18:55.189,3,3,3,0,0
86621.234800,2026-07-22T15:18:55.191,3,3,3,0,0
86621.236887,2026-07-22T15:18:55.193,3,3,3,0,0
86621.239662,2026-07-22T15:18:55.196,3,3,3,0,0
86621.242162,2026-07-22T15:18:55.199,3,3,3,0,0
86621.244578,2026-07-22T15:18:55.201,3,3,3,0,0
86621.247086,2026-07-22T15:18:55.204,3,3,3,0,0
86621.249598,2026-07-22T15:18:55.206,3,3,3,0,0
86621.252122,2026-07-22T15:18:55.209,3,3,3,0,0
86621.254620,2026-07-22T15:18:55.211,3,3,3,0,0
86621.257128,2026-07-22T15:18:55.214,3,3,3,0,0
86621.259853,2026-07-22T15:18:55.216,3,3,3,0,0
86621.262329,2026-07-22T15:18:55.219,3,3,3,0,0
86621.264370,2026-07-22T15:18:55.221,3,3,3,0,0
86621.266849,2026-07-22T15:18:55.223,3,3,3,0,0
86621.269387,2026-07-22T15:18:55.226,3,3,3,0,0
86621.271439,2026-07-22T15:18:55.228,3,3,3,0,0
86621.273490,2026-07-22T15:18:55.230,3,3,3,0,0
86621.275507,2026-07-22T15:18:55.232,3,3,3,0,0
86621.277996,2026-07-22T15:18:55.234,3,3,3,0,0
86621.280060,2026-07-22T15:18:55.237,3,3,3,0,0
86621.282500,2026-07-22T15:18:55.239,3,3,3,0,0
86621.285022,2026-07-22T15:18:55.241,3,3,3,0,0
86621.287734,2026-07-22T15:18:55.244,3,3,3,0,0
86621.290159,2026-07-22T15:18:55.247,3,3,3,0,0
86621.292662,2026-07-22T15:18:55.249,3,3,3,0,0
86621.295161,2026-07-22T15:18:55.252,3,3,3,0,0
86621.297747,2026-07-22T15:18:55.254,3,3,3,0,0
86621.300240,2026-07-22T15:18:55.257,3,3,3,0,0
86621.302595,2026-07-22T15:18:55.259,3,3,3,0,0
86621.304619,2026-07-22T15:18:55.261,3,3,3,0,0
86621.307362,2026-07-22T15:18:55.264,3,3,3,0,0
86621.309476,2026-07-22T15:18:55.266,3,3,3,0,0
86621.312058,2026-07-22T15:18:55.269,3,3,3,0,0
86621.314112,2026-07-22T15:18:55.271,3,3,3,0,0
86621.316589,2026-07-22T15:18:55.273,3,3,3,0,0
86621.319122,2026-07-22T15:18:55.276,3,3,3,0,0
86621.321827,2026-07-22T15:18:55.278,3,3,3,0,0
86621.324342,2026-07-22T15:18:55.281,3,3,3,0,0
86621.326863,2026-07-22T15:18:55.283,3,3,3,0,0
86621.329387,2026-07-22T15:18:55.286,3,3,3,0,0
86621.331900,2026-07-22T15:18:55.288,3,3,3,0,0
86621.333930,2026-07-22T15:18:55.290,3,3,3,0,0
86621.336461,2026-07-22T15:18:55.293,3,3,3,0,0
86621.338967,2026-07-22T15:18:55.295,3,3,3,0,0
86621.340989,2026-07-22T15:18:55.297,3,3,3,0,0
86621.343444,2026-07-22T15:18:55.300,3,3,3,0,0
86621.345788,2026-07-22T15:18:55.302,3,3,3,0,0
86621.347814,2026-07-22T15:18:55.304,3,3,3,0,0
86621.350484,2026-07-22T15:18:55.307,3,3,3,0,0
86621.353003,2026-07-22T15:18:55.309,3,3,3,0,0
86621.355517,2026-07-22T15:18:55.312,3,3,3,0,0
86621.358037,2026-07-22T15:18:55.315,3,3,3,0,0
86621.360857,2026-07-22T15:18:55.317,3,3,3,0,0
86621.363416,2026-07-22T15:18:55.320,3,3,3,0,0
86621.365944,2026-07-22T15:18:55.322,3,3,3,0,0
86621.368346,2026-07-22T15:18:55.325,3,3,3,0,0
86621.370381,2026-07-22T15:18:55.327,3,3,3,0,0
86621.372895,2026-07-22T15:18:55.329,3,3,3,0,0
86621.375420,2026-07-22T15:18:55.332,3,3,3,0,0
86621.377530,2026-07-22T15:18:55.334,3,3,3,0,0
86621.380030,2026-07-22T15:18:55.337,3,3,3,0,0
86621.382664,2026-07-22T15:18:55.339,3,3,3,0,0
86621.385095,2026-07-22T15:18:55.342,3,3,3,0,0
86621.387131,2026-07-22T15:18:55.344,3,3,3,0,0
86621.389655,2026-07-22T15:18:55.346,3,3,3,0,0
86621.392172,2026-07-22T15:18:55.349,3,3,3,0,0
86621.394370,2026-07-22T15:18:55.351,3,3,3,0,0
86621.396402,2026-07-22T15:18:55.353,3,3,3,0,0
86621.398926,2026-07-22T15:18:55.355,3,3,3,0,0
86621.400952,2026-07-22T15:18:55.357,3,3,3,0,0
86621.403453,2026-07-22T15:18:55.360,3,3,3,0,0
86621.405971,2026-07-22T15:18:55.362,3,3,3,0,0
86621.408097,2026-07-22T15:18:55.365,3,3,3,0,0
86621.410452,2026-07-22T15:18:55.367,3,3,3,0,0
86621.412489,2026-07-22T15:18:55.369,3,3,3,0,0
86621.414517,2026-07-22T15:18:55.371,3,3,3,0,0
86621.416581,2026-07-22T15:18:55.373,3,3,3,0,0
86621.418627,2026-07-22T15:18:55.375,3,3,3,0,0
86621.420667,2026-07-22T15:18:55.377,3,3,3,0,0
86621.422728,2026-07-22T15:18:55.379,3,3,3,0,0
86621.424757,2026-07-22T15:18:55.381,3,3,3,0,0
86621.426814,2026-07-22T15:18:55.383,3,3,3,0,0
86621.428849,2026-07-22T15:18:55.385,3,3,3,0,0
86621.430885,2026-07-22T15:18:55.387,3,3,3,0,0
86621.432950,2026-07-22T15:18:55.389,3,3,3,0,0
86621.435453,2026-07-22T15:18:55.392,3,3,3,0,0
86621.438059,2026-07-22T15:18:55.394,54,0,3,0,10
86621.440534,2026-07-22T15:18:55.397,54,0,3,0,10
86621.443073,2026-07-22T15:18:55.400,54,0,3,0,10
86621.445083,2026-07-22T15:18:55.401,54,0,3,0,10
86621.447251,2026-07-22T15:18:55.403,54,0,3,0,10
86621.449640,2026-07-22T15:18:55.406,54,0,3,0,10
86621.452168,2026-07-22T15:18:55.409,54,0,3,0,10
86621.454685,2026-07-22T15:18:55.411,54,0,3,0,10
86621.457237,2026-07-22T15:18:55.414,54,0,3,0,10
86621.459766,2026-07-22T15:18:55.416,54,0,3,0,10
86621.462272,2026-07-22T15:18:55.419,54,0,3,0,10
86621.464791,2026-07-22T15:18:55.421,54,0,3,0,10
86621.467015,2026-07-22T15:18:55.423,54,0,3,0,10
86621.469065,2026-07-22T15:18:55.426,54,0,3,0,10
86621.471085,2026-07-22T15:18:55.428,54,0,3,0,10
86621.473172,2026-07-22T15:18:55.430,54,0,3,0,10
86621.475449,2026-07-22T15:18:55.432,54,0,3,0,10
86621.477531,2026-07-22T15:18:55.434,54,0,3,0,10
86621.479554,2026-07-22T15:18:55.436,54,0,3,0,10
86621.481587,2026-07-22T15:18:55.438,54,0,3,0,10
86621.484190,2026-07-22T15:18:55.441,54,0,3,0,10
86621.486240,2026-07-22T15:18:55.443,54,0,3,0,10
86621.488750,2026-07-22T15:18:55.445,54,0,3,0,10
86621.491403,2026-07-22T15:18:55.448,54,0,3,0,10
86621.493580,2026-07-22T15:18:55.450,54,0,3,0,10
86621.496091,2026-07-22T15:18:55.453,54,0,3,0,10
86621.498695,2026-07-22T15:18:55.455,54,0,3,0,10
86621.500816,2026-07-22T15:18:55.457,54,0,3,0,10
86621.503334,2026-07-22T15:18:55.460,54,0,3,0,10
86621.505852,2026-07-22T15:18:55.462,54,0,3,0,10
86621.507872,2026-07-22T15:18:55.464,54,0,3,0,10
86621.510382,2026-07-22T15:18:55.467,54,0,3,0,10
86621.512408,2026-07-22T15:18:55.469,54,0,3,0,10
86621.514436,2026-07-22T15:18:55.471,54,0,3,0,10
86621.516494,2026-07-22T15:18:55.473,54,0,3,0,10
86621.519017,2026-07-22T15:18:55.475,54,0,3,0,10
86621.521110,2026-07-22T15:18:55.478,54,0,3,0,10
86621.523353,2026-07-22T15:18:55.480,54,0,3,0,10
86621.525522,2026-07-22T15:18:55.482,54,0,3,0,10
86621.528041,2026-07-22T15:18:55.485,54,0,3,0,10
86621.530068,2026-07-22T15:18:55.487,54,0,3,0,10
86621.532136,2026-07-22T15:18:55.489,54,0,3,0,10
86621.534653,2026-07-22T15:18:55.491,54,0,3,0,10
86621.537171,2026-07-22T15:18:55.494,54,0,3,0,10
86621.539303,2026-07-22T15:18:55.496,54,0,3,0,10
86621.541995,2026-07-22T15:18:55.498,54,0,3,0,10
86621.544439,2026-07-22T15:18:55.500,54,0,3,0,10
86621.546511,2026-07-22T15:18:55.503,54,0,3,0,10
86621.548526,2026-07-22T15:18:55.505,54,0,3,0,10
86621.550564,2026-07-22T15:18:55.507,54,0,3,0,10
86621.552598,2026-07-22T15:18:55.509,54,0,3,0,10
86621.554624,2026-07-22T15:18:55.511,54,0,3,0,10
86621.556789,2026-07-22T15:18:55.513,54,0,3,0,10
86621.558812,2026-07-22T15:18:55.515,54,0,3,0,10
86621.560855,2026-07-22T15:18:55.517,54,0,3,0,10
86621.563363,2026-07-22T15:18:55.520,54,0,3,0,10
86621.565387,2026-07-22T15:18:55.522,54,0,3,0,10
86621.567501,2026-07-22T15:18:55.524,54,0,3,0,10
86621.570017,2026-07-22T15:18:55.526,54,0,3,0,10
86621.572047,2026-07-22T15:18:55.529,54,0,3,0,10
86621.574083,2026-07-22T15:18:55.531,54,0,3,0,10
86621.576621,2026-07-22T15:18:55.533,54,0,3,0,10
86621.579184,2026-07-22T15:18:55.536,54,0,3,0,10
86621.581684,2026-07-22T15:18:55.538,54,0,3,0,10
86621.583712,2026-07-22T15:18:55.540,54,0,3,0,10
86621.585747,2026-07-22T15:18:55.542,54,0,3,0,10
86621.588270,2026-07-22T15:18:55.545,54,0,3,0,10
86621.590516,2026-07-22T15:18:55.547,54,0,3,0,10
86621.592543,2026-07-22T15:18:55.549,54,0,3,0,10
86621.595054,2026-07-22T15:18:55.552,54,0,3,0,10
86621.597582,2026-07-22T15:18:55.554,54,0,3,0,10
86621.599982,2026-07-22T15:18:55.556,54,0,3,0,10
86621.602065,2026-07-22T15:18:55.559,54,0,3,0,10
86621.604560,2026-07-22T15:18:55.561,54,0,3,0,10
86621.606583,2026-07-22T15:18:55.563,54,0,3,0,10
86621.609101,2026-07-22T15:18:55.566,54,0,3,0,10
86621.611612,2026-07-22T15:18:55.568,54,0,3,0,10
86621.613888,2026-07-22T15:18:55.570,54,0,3,0,10
86621.615920,2026-07-22T15:18:55.572,54,0,3,0,10
86621.617958,2026-07-22T15:18:55.574,54,0,3,0,10
86621.620475,2026-07-22T15:18:55.577,54,0,3,0,10
86621.622999,2026-07-22T15:18:55.579,54,0,3,0,10
86621.625607,2026-07-22T15:18:55.582,54,0,3,0,10
86621.628036,2026-07-22T15:18:55.584,54,0,3,0,10
86621.630651,2026-07-22T15:18:55.587,54,0,3,0,10
86621.632908,2026-07-22T15:18:55.589,54,0,3,0,10
86621.634938,2026-07-22T15:18:55.591,54,0,3,0,10
86621.636969,2026-07-22T15:18:55.593,54,0,3,0,10
86621.639500,2026-07-22T15:18:55.596,54,0,3,0,10
86621.641849,2026-07-22T15:18:55.598,54,0,3,0,10
86621.644202,2026-07-22T15:18:55.600,54,0,3,0,10
86621.646365,2026-07-22T15:18:55.603,54,0,3,0,10
86621.648874,2026-07-22T15:18:55.605,54,0,3,0,10
86621.651376,2026-07-22T15:18:55.608,54,0,3,0,10
86621.653878,2026-07-22T15:18:55.610,54,0,3,0,10
86621.656278,2026-07-22T15:18:55.613,54,0,3,0,10
86621.658767,2026-07-22T15:18:55.615,54,0,3,0,10
86621.661274,2026-07-22T15:18:55.618,54,0,3,0,10
86621.663788,2026-07-22T15:18:55.620,54,0,3,0,10
86621.666295,2026-07-22T15:18:55.623,54,0,3,0,10
86621.668791,2026-07-22T15:18:55.625,54,0,3,0,10
86621.671335,2026-07-22T15:18:55.628,54,0,3,0,10
86621.673420,2026-07-22T15:18:55.630,54,0,3,0,10
86621.675578,2026-07-22T15:18:55.632,54,0,3,0,10
86621.677792,2026-07-22T15:18:55.634,54,0,3,0,10
86621.680138,2026-07-22T15:18:55.637,54,0,3,0,10
86621.682149,2026-07-22T15:18:55.639,54,0,3,0,8
86621.684548,2026-07-22T15:18:55.641,189,0,3,0,8
86621.686586,2026-07-22T15:18:55.643,189,0,3,0,8
86621.689099,2026-07-22T15:18:55.646,189,0,3,0,8
86621.691119,2026-07-22T15:18:55.648,189,0,3,0,8
86621.693147,2026-07-22T15:18:55.650,189,0,3,0,8
86621.695651,2026-07-22T15:18:55.652,189,0,3,0,8
86621.697680,2026-07-22T15:18:55.654,189,0,3,0,8
86621.699715,2026-07-22T15:18:55.656,189,0,3,0,8
86621.702530,2026-07-22T15:18:55.659,189,0,3,0,8
86621.704686,2026-07-22T15:18:55.661,189,0,3,0,8
86621.706722,2026-07-22T15:18:55.663,189,0,3,0,8
86621.709241,2026-07-22T15:18:55.666,189,0,3,0,8
86621.711276,2026-07-22T15:18:55.668,189,0,3,0,8
86621.713794,2026-07-22T15:18:55.670,189,0,3,0,8
86621.715937,2026-07-22T15:18:55.672,189,0,3,0,8
86621.718394,2026-07-22T15:18:55.675,189,0,3,0,8
86621.721226,2026-07-22T15:18:55.678,189,0,3,0,8
86621.723730,2026-07-22T15:18:55.680,189,0,3,0,8
86621.726240,2026-07-22T15:18:55.683,189,0,3,0,8
86621.728265,2026-07-22T15:18:55.685,189,0,3,0,8
86621.730294,2026-07-22T15:18:55.687,189,0,3,0,8
86621.732325,2026-07-22T15:18:55.689,189,0,3,0,8
86621.734831,2026-07-22T15:18:55.691,189,0,3,0,8
86621.737354,2026-07-22T15:18:55.694,189,0,3,0,8
86621.739672,2026-07-22T15:18:55.696,189,0,3,0,8
86621.742179,2026-07-22T15:18:55.699,189,0,3,0,8
86621.744199,2026-07-22T15:18:55.701,189,0,3,0,8
86621.746717,2026-07-22T15:18:55.703,189,0,3,0,8
86621.749242,2026-07-22T15:18:55.706,189,0,3,0,8
86621.751330,2026-07-22T15:18:55.708,189,0,3,0,8
86621.753393,2026-07-22T15:18:55.710,189,0,3,0,8
86621.755707,2026-07-22T15:18:55.712,189,0,3,0,8
86621.757735,2026-07-22T15:18:55.714,189,0,3,0,8
86621.759766,2026-07-22T15:18:55.716,189,0,3,0,8
86621.762287,2026-07-22T15:18:55.719,189,0,3,0,8
86621.764552,2026-07-22T15:18:55.721,189,0,3,0,8
86621.767059,2026-07-22T15:18:55.724,189,0,3,0,8
86621.769591,2026-07-22T15:18:55.726,189,0,3,0,8
86621.772192,2026-07-22T15:18:55.729,189,0,3,0,8
86621.774444,2026-07-22T15:18:55.731,189,0,3,0,8
86621.776686,2026-07-22T15:18:55.733,189,0,3,0,8
86621.778772,2026-07-22T15:18:55.735,189,0,3,0,8
86621.781032,2026-07-22T15:18:55.737,189,0,3,0,8
86621.783054,2026-07-22T15:18:55.740,189,0,3,0,8
86621.785107,2026-07-22T15:18:55.742,189,0,3,0,8
86621.787608,2026-07-22T15:18:55.744,189,0,3,0,8
86621.789624,2026-07-22T15:18:55.746,189,0,3,0,8
86621.791677,2026-07-22T15:18:55.748,189,0,3,0,8
86621.794521,2026-07-22T15:18:55.750,189,0,3,0,8
86621.796729,2026-07-22T15:18:55.753,189,0,3,0,8
86621.799261,2026-07-22T15:18:55.756,189,0,3,0,8
86621.801581,2026-07-22T15:18:55.758,189,0,3,0,8
86621.803620,2026-07-22T15:18:55.760,189,0,3,0,8
86621.806136,2026-07-22T15:18:55.763,189,0,3,0,8
86621.808195,2026-07-22T15:18:55.765,189,0,3,0,8
86621.810570,2026-07-22T15:18:55.767,189,0,3,0,8
86621.813076,2026-07-22T15:18:55.770,189,0,3,0,8
86621.815594,2026-07-22T15:18:55.772,189,0,3,0,8
86621.817628,2026-07-22T15:18:55.774,189,0,3,0,8
86621.819852,2026-07-22T15:18:55.776,189,0,3,0,8
86621.822358,2026-07-22T15:18:55.779,189,0,3,0,8
86621.824386,2026-07-22T15:18:55.781,189,0,3,0,8
86621.826916,2026-07-22T15:18:55.783,189,0,3,0,8
86621.829036,2026-07-22T15:18:55.786,189,0,3,0,8
86621.831546,2026-07-22T15:18:55.788,189,0,3,0,8
86621.833572,2026-07-22T15:18:55.790,189,0,3,0,8
86621.835599,2026-07-22T15:18:55.792,189,0,3,0,8
86621.837632,2026-07-22T15:18:55.794,189,0,3,0,8
86621.840159,2026-07-22T15:18:55.797,189,0,3,0,8
86621.842362,2026-07-22T15:18:55.799,189,0,3,0,8
86621.844505,2026-07-22T15:18:55.801,189,0,3,0,8
86621.846912,2026-07-22T15:18:55.803,189,0,3,0,8
86621.849426,2026-07-22T15:18:55.806,189,0,3,0,8
86621.851950,2026-07-22T15:18:55.808,189,0,3,0,8
86621.854468,2026-07-22T15:18:55.811,189,0,3,0,8
86621.856981,2026-07-22T15:18:55.813,189,0,3,0,8
86621.859629,2026-07-22T15:18:55.816,189,0,3,0,8
86621.862240,2026-07-22T15:18:55.819,189,0,3,0,8
86621.864537,2026-07-22T15:18:55.821,189,0,3,0,8
86621.866965,2026-07-22T15:18:55.823,189,0,3,0,8
86621.868993,2026-07-22T15:18:55.825,189,0,3,0,8
86621.871024,2026-07-22T15:18:55.828,189,0,3,0,8
86621.874061,2026-07-22T15:18:55.831,189,0,3,0,8
86621.876545,2026-07-22T15:18:55.833,189,0,3,0,8
86621.879081,2026-07-22T15:18:55.836,189,0,3,0,8
86621.881643,2026-07-22T15:18:55.838,189,0,3,0,8
86621.884223,2026-07-22T15:18:55.841,189,0,3,0,8
86621.886705,2026-07-22T15:18:55.843,189,0,3,0,8
86621.888740,2026-07-22T15:18:55.845,189,0,3,0,8
86621.890814,2026-07-22T15:18:55.847,189,0,3,0,8
86621.893338,2026-07-22T15:18:55.850,189,0,3,0,8
86621.895853,2026-07-22T15:18:55.852,189,0,3,0,8
86621.898253,2026-07-22T15:18:55.855,189,0,3,0,8
86621.900287,2026-07-22T15:18:55.857,189,0,3,0,8
86621.902318,2026-07-22T15:18:55.859,189,0,3,0,8
86621.904852,2026-07-22T15:18:55.861,189,0,3,0,8
86621.907596,2026-07-22T15:18:55.864,189,0,3,0,8
86621.909866,2026-07-22T15:18:55.866,189,0,3,0,8
86621.912423,2026-07-22T15:18:55.869,189,0,3,0,8
86621.914576,2026-07-22T15:18:55.871,189,0,3,0,8
86621.916618,2026-07-22T15:18:55.873,189,0,3,0,8
86621.919142,2026-07-22T15:18:55.876,189,0,3,0,8
86621.921249,2026-07-22T15:18:55.878,189,0,3,0,8
86621.923612,2026-07-22T15:18:55.880,189,0,3,0,8
86621.926146,2026-07-22T15:18:55.883,189,0,3,0,8
86621.928650,2026-07-22T15:18:55.885,249,3,3,0,0
86621.930679,2026-07-22T15:18:55.887,249,3,3,0,0
86621.933130,2026-07-22T15:18:55.890,249,3,3,0,0
86621.935678,2026-07-22T15:18:55.892,249,3,3,0,0
86621.937820,2026-07-22T15:18:55.894,249,3,3,0,0
86621.940354,2026-07-22T15:18:55.897,249,3,3,0,0
86621.942871,2026-07-22T15:18:55.899,249,3,3,0,0
86621.944941,2026-07-22T15:18:55.901,249,3,3,0,0
86621.947761,2026-07-22T15:18:55.904,249,3,3,0,0
86621.949856,2026-07-22T15:18:55.906,249,3,3,0,0
86621.952377,2026-07-22T15:18:55.909,249,3,3,0,0
86621.954437,2026-07-22T15:18:55.911,249,3,3,0,0
86621.956949,2026-07-22T15:18:55.913,249,3,3,0,0
86621.959468,2026-07-22T15:18:55.916,249,3,3,0,0
86621.962032,2026-07-22T15:18:55.918,249,3,3,0,0
86621.964498,2026-07-22T15:18:55.921,249,3,3,0,0
86621.966810,2026-07-22T15:18:55.923,249,3,3,0,0
86621.969426,2026-07-22T15:18:55.926,249,3,3,0,0
86621.971937,2026-07-22T15:18:55.928,249,3,3,0,0
86621.974458,2026-07-22T15:18:55.931,249,3,3,0,0
86621.976486,2026-07-22T15:18:55.933,249,3,3,0,0
86621.978976,2026-07-22T15:18:55.935,249,3,3,0,0
86621.981500,2026-07-22T15:18:55.938,249,3,3,0,0
86621.984149,2026-07-22T15:18:55.941,249,3,3,0,0
86621.986478,2026-07-22T15:18:55.943,249,3,3,0,0
86621.988512,2026-07-22T15:18:55.945,249,3,3,0,0
86621.991059,2026-07-22T15:18:55.947,249,3,3,0,0
86621.993561,2026-07-22T15:18:55.950,249,3,3,0,0
86621.995967,2026-07-22T15:18:55.952,249,3,3,0,0
86621.998237,2026-07-22T15:18:55.955,249,3,3,0,0
86622.000372,2026-07-22T15:18:55.957,249,3,3,0,0
86622.002786,2026-07-22T15:18:55.959,249,3,3,0,0
86622.004817,2026-07-22T15:18:55.961,249,3,3,0,0
86622.007292,2026-07-22T15:18:55.964,249,3,3,0,0
86622.009803,2026-07-22T15:18:55.966,249,3,3,0,0
86622.012366,2026-07-22T15:18:55.969,249,3,3,0,0
86622.014931,2026-07-22T15:18:55.971,249,3,3,0,0
86622.017348,2026-07-22T15:18:55.974,249,3,3,0,0
86622.020082,2026-07-22T15:18:55.977,249,3,3,0,0
86622.022620,2026-07-22T15:18:55.979,249,3,3,0,0
86622.025095,2026-07-22T15:18:55.982,249,3,3,0,0
86622.027613,2026-07-22T15:18:55.984,249,3,3,0,0
86622.030228,2026-07-22T15:18:55.987,249,3,3,0,0
86622.032736,2026-07-22T15:18:55.989,249,3,3,0,0
86622.035231,2026-07-22T15:18:55.992,249,3,3,0,0
86622.037753,2026-07-22T15:18:55.994,249,3,3,0,0
86622.040212,2026-07-22T15:18:55.997,249,3,3,0,0
86622.042709,2026-07-22T15:18:55.999,249,3,3,0,0
86622.045041,2026-07-22T15:18:56.002,249,3,3,0,0
86622.047541,2026-07-22T15:18:56.004,249,3,3,0,0
86622.050057,2026-07-22T15:18:56.007,249,3,3,0,0
86622.052240,2026-07-22T15:18:56.009,249,3,3,0,0
86622.054770,2026-07-22T15:18:56.011,249,3,3,0,0
86622.057020,2026-07-22T15:18:56.013,249,3,3,0,0
86622.059678,2026-07-22T15:18:56.016,249,3,3,0,0
86622.061808,2026-07-22T15:18:56.018,249,3,3,0,0
86622.064173,2026-07-22T15:18:56.021,249,3,3,0,0
86622.066690,2026-07-22T15:18:56.023,249,3,3,0,0
86622.069081,2026-07-22T15:18:56.026,249,3,3,0,0
86622.071602,2026-07-22T15:18:56.028,249,3,3,0,0
86622.074128,2026-07-22T15:18:56.031,249,3,3,0,0
86622.076222,2026-07-22T15:18:56.033,249,3,3,0,0
86622.078248,2026-07-22T15:18:56.035,249,3,3,0,0
86622.080763,2026-07-22T15:18:56.037,249,3,3,0,0
86622.082788,2026-07-22T15:18:56.039,249,3,3,0,0
86622.085224,2026-07-22T15:18:56.042,249,3,3,0,0
86622.087735,2026-07-22T15:18:56.044,249,3,3,0,0
86622.090256,2026-07-22T15:18:56.047,249,3,3,0,0
86622.092298,2026-07-22T15:18:56.049,249,3,3,0,0
86622.094828,2026-07-22T15:18:56.051,249,3,3,0,0
86622.097333,2026-07-22T15:18:56.054,249,3,3,0,0
86622.099355,2026-07-22T15:18:56.056,249,3,3,0,0
86622.101916,2026-07-22T15:18:56.058,249,3,3,0,0
86622.104411,2026-07-22T15:18:56.061,249,3,3,0,0
86622.106525,2026-07-22T15:18:56.063,249,3,3,0,0
86622.108661,2026-07-22T15:18:56.065,249,3,3,0,0
86622.111179,2026-07-22T15:18:56.068,249,3,3,0,0
86622.113190,2026-07-22T15:18:56.070,249,3,3,0,0
86622.115215,2026-07-22T15:18:56.072,249,3,3,0,0
86622.117242,2026-07-22T15:18:56.074,249,3,3,0,0
86622.119745,2026-07-22T15:18:56.076,249,3,3,0,0
86622.122262,2026-07-22T15:18:56.079,249,3,3,0,0
86622.124771,2026-07-22T15:18:56.081,249,3,3,0,0
86622.127301,2026-07-22T15:18:56.084,249,3,3,0,0
86622.129990,2026-07-22T15:18:56.086,249,3,3,0,0
86622.132473,2026-07-22T15:18:56.089,249,3,3,0,0
86622.134989,2026-07-22T15:18:56.091,249,3,3,0,0
86622.137484,2026-07-22T15:18:56.094,249,3,3,0,0
86622.139997,2026-07-22T15:18:56.096,249,3,3,0,0
86622.142524,2026-07-22T15:18:56.099,249,3,3,0,0
86622.145054,2026-07-22T15:18:56.102,249,3,3,0,0
86622.147562,2026-07-22T15:18:56.104,249,3,3,0,0
86622.149590,2026-07-22T15:18:56.106,249,3,3,0,0
86622.152363,2026-07-22T15:18:56.109,249,3,3,0,0
86622.154967,2026-07-22T15:18:56.111,249,3,3,0,0
86622.156992,2026-07-22T15:18:56.113,249,3,3,0,0
86622.159507,2026-07-22T15:18:56.116,249,3,3,0,0
86622.162026,2026-07-22T15:18:56.119,249,3,3,0,0
86622.164167,2026-07-22T15:18:56.121,249,3,3,0,0
86622.166689,2026-07-22T15:18:56.123,249,3,3,0,0
86622.169208,2026-07-22T15:18:56.126,249,3,3,0,0
86622.171979,2026-07-22T15:18:56.128,249,3,3,0,0
86622.174510,2026-07-22T15:18:56.131,249,3,3,0,0
86622.177180,2026-07-22T15:18:56.134,249,3,3,0,0
86622.179689,2026-07-22T15:18:56.136,249,3,3,0,0
86622.182194,2026-07-22T15:18:56.139,249,3,3,0,0
86622.184710,2026-07-22T15:18:56.141,249,3,3,0,0
86622.186792,2026-07-22T15:18:56.143,249,3,3,0,0
86622.189294,2026-07-22T15:18:56.146,249,3,3,0,0
86622.191505,2026-07-22T15:18:56.148,249,3,3,0,0
86622.194303,2026-07-22T15:18:56.151,249,3,3,0,0
86622.196512,2026-07-22T15:18:56.152,249,3,3,0,0
86622.198587,2026-07-22T15:18:56.155,249,3,3,0,0
86622.201112,2026-07-22T15:18:56.158,249,3,3,0,0
86622.203711,2026-07-22T15:18:56.160,249,3,3,0,0
86622.206303,2026-07-22T15:18:56.163,249,3,3,0,0
86622.208481,2026-07-22T15:18:56.165,249,3,3,0,0
86622.211006,2026-07-22T15:18:56.167,249,3,3,0,0
86622.213524,2026-07-22T15:18:56.170,249,3,3,0,0
86622.215540,2026-07-22T15:18:56.172,249,3,3,0,0
86622.218068,2026-07-22T15:18:56.175,249,3,3,0,0
86622.220723,2026-07-22T15:18:56.177,249,3,3,0,0
86622.223252,2026-07-22T15:18:56.180,249,3,3,0,0
86622.225283,2026-07-22T15:18:56.182,249,3,3,0,0
86622.227851,2026-07-22T15:18:56.184,249,3,3,0,0
86622.229886,2026-07-22T15:18:56.186,249,3,3,0,0
86622.232598,2026-07-22T15:18:56.189,249,3,3,0,0
86622.235080,2026-07-22T15:18:56.192,249,3,3,0,0
86622.237709,2026-07-22T15:18:56.194,249,3,3,0,0
86622.240331,2026-07-22T15:18:56.197,249,3,3,0,0
86622.242356,2026-07-22T15:18:56.199,249,3,3,0,0
86622.244394,2026-07-22T15:18:56.201,249,3,3,0,0
86622.246901,2026-07-22T15:18:56.203,249,3,3,0,0
86622.249408,2026-07-22T15:18:56.206,249,3,3,0,0
86622.251923,2026-07-22T15:18:56.208,249,3,3,0,0
86622.254694,2026-07-22T15:18:56.211,249,3,3,0,0
86622.257082,2026-07-22T15:18:56.214,249,3,3,0,0
86622.259612,2026-07-22T15:18:56.216,249,3,3,0,0
86622.262022,2026-07-22T15:18:56.219,249,3,3,0,0
86622.264073,2026-07-22T15:18:56.221,249,0,3,0,8
86622.266532,2026-07-22T15:18:56.223,213,0,3,0,8
86622.269043,2026-07-22T15:18:56.226,213,0,3,0,8
86622.271659,2026-07-22T15:18:56.228,213,0,3,0,8
86622.274181,2026-07-22T15:18:56.231,213,0,3,0,8
86622.276573,2026-07-22T15:18:56.233,213,0,3,0,8
86622.279149,2026-07-22T15:18:56.236,213,0,3,0,8
86622.281758,2026-07-22T15:18:56.238,213,0,3,0,8
86622.284292,2026-07-22T15:18:56.241,213,0,3,0,8
86622.286770,2026-07-22T15:18:56.243,213,0,3,0,8
86622.289190,2026-07-22T15:18:56.246,213,0,3,0,8
86622.291316,2026-07-22T15:18:56.248,213,0,3,0,8
86622.293925,2026-07-22T15:18:56.250,213,0,3,0,8
86622.296317,2026-07-22T15:18:56.253,213,0,3,0,8
86622.298720,2026-07-22T15:18:56.255,213,0,3,0,8
86622.301321,2026-07-22T15:18:56.258,213,0,3,0,8
86622.303820,2026-07-22T15:18:56.260,213,0,3,0,8
86622.306208,2026-07-22T15:18:56.263,213,0,3,0,8
86622.308876,2026-07-22T15:18:56.265,213,0,3,0,8
86622.311022,2026-07-22T15:18:56.267,213,0,3,0,8
86622.313398,2026-07-22T15:18:56.270,213,0,3,0,8
86622.316096,2026-07-22T15:18:56.273,213,0,3,0,8
86622.318727,2026-07-22T15:18:56.275,213,0,3,0,8
86622.321249,2026-07-22T15:18:56.278,213,0,3,0,8
86622.324066,2026-07-22T15:18:56.281,213,0,3,0,8
86622.326865,2026-07-22T15:18:56.283,213,0,3,0,8
86622.329542,2026-07-22T15:18:56.286,213,0,3,0,8
86622.332070,2026-07-22T15:18:56.289,213,0,3,0,8
86622.334589,2026-07-22T15:18:56.291,213,0,3,0,8
86622.337109,2026-07-22T15:18:56.294,213,0,3,0,8
86622.339631,2026-07-22T15:18:56.296,213,0,3,0,8
86622.342212,2026-07-22T15:18:56.299,213,0,3,0,8
86622.344497,2026-07-22T15:18:56.301,213,0,3,0,8
86622.347012,2026-07-22T15:18:56.303,213,0,3,0,8
86622.349651,2026-07-22T15:18:56.306,213,0,3,0,8
86622.352155,2026-07-22T15:18:56.309,213,0,3,0,8
86622.354866,2026-07-22T15:18:56.311,213,0,3,0,8
86622.357786,2026-07-22T15:18:56.314,213,0,3,0,8
86622.360068,2026-07-22T15:18:56.317,213,0,3,0,8
86622.362608,2026-07-22T15:18:56.319,213,0,3,0,8
86622.365058,2026-07-22T15:18:56.322,213,0,3,0,8
86622.367493,2026-07-22T15:18:56.324,213,0,3,0,8
86622.369974,2026-07-22T15:18:56.326,213,0,3,0,8
86622.372483,2026-07-22T15:18:56.329,213,0,3,0,8
86622.375004,2026-07-22T15:18:56.331,213,0,3,0,8
86622.377681,2026-07-22T15:18:56.334,213,0,3,0,8
86622.380238,2026-07-22T15:18:56.337,213,0,3,0,8
86622.382656,2026-07-22T15:18:56.339,213,0,3,0,8
86622.385037,2026-07-22T15:18:56.342,213,0,3,0,8
86622.387478,2026-07-22T15:18:56.344,213,0,3,0,8
86622.390071,2026-07-22T15:18:56.347,213,0,3,0,8
86622.392709,2026-07-22T15:18:56.349,213,0,3,0,8
86622.395499,2026-07-22T15:18:56.352,213,0,3,0,8
86622.397877,2026-07-22T15:18:56.354,213,0,3,0,8
86622.400473,2026-07-22T15:18:56.357,213,0,3,0,8
86622.403024,2026-07-22T15:18:56.360,213,0,3,0,8
86622.405860,2026-07-22T15:18:56.362,213,0,3,0,8
86622.408096,2026-07-22T15:18:56.365,213,0,3,0,8
86622.410669,2026-07-22T15:18:56.367,213,0,3,0,8
86622.413116,2026-07-22T15:18:56.370,213,0,3,0,8
86622.415629,2026-07-22T15:18:56.372,213,0,3,0,8
86622.418122,2026-07-22T15:18:56.375,213,0,3,0,8
86622.420644,2026-07-22T15:18:56.377,213,0,3,0,8
86622.423015,2026-07-22T15:18:56.379,213,0,3,0,8
86622.425072,2026-07-22T15:18:56.382,213,0,3,0,8
86622.427751,2026-07-22T15:18:56.384,213,0,3,0,8
86622.430265,2026-07-22T15:18:56.387,213,0,3,0,8
86622.432796,2026-07-22T15:18:56.389,213,0,3,0,8
86622.435225,2026-07-22T15:18:56.392,213,0,3,0,8
86622.437392,2026-07-22T15:18:56.394,213,0,3,0,8
86622.440030,2026-07-22T15:18:56.397,213,0,3,0,8
86622.442491,2026-07-22T15:18:56.399,213,0,3,0,8
86622.444716,2026-07-22T15:18:56.401,213,0,3,0,8
86622.447287,2026-07-22T15:18:56.404,213,0,3,0,8
86622.449888,2026-07-22T15:18:56.406,213,0,3,0,8
86622.452382,2026-07-22T15:18:56.409,213,0,3,0,8
86622.454811,2026-07-22T15:18:56.411,213,0,3,0,8
86622.457330,2026-07-22T15:18:56.414,213,0,3,0,8
86622.459398,2026-07-22T15:18:56.416,213,0,3,0,8
86622.461926,2026-07-22T15:18:56.418,213,0,3,0,8
86622.464318,2026-07-22T15:18:56.421,213,0,3,0,8
86622.466757,2026-07-22T15:18:56.423,213,0,3,0,8
86622.469167,2026-07-22T15:18:56.426,213,0,3,0,8
86622.471851,2026-07-22T15:18:56.428,213,0,3,0,8
86622.474338,2026-07-22T15:18:56.431,213,0,3,0,8
86622.476856,2026-07-22T15:18:56.433,213,0,3,0,8
86622.479319,2026-07-22T15:18:56.436,213,0,3,0,8
86622.481849,2026-07-22T15:18:56.438,213,0,3,0,8
86622.484474,2026-07-22T15:18:56.441,213,0,3,0,8
86622.486850,2026-07-22T15:18:56.443,213,0,3,0,8
86622.489329,2026-07-22T15:18:56.446,213,0,3,0,8
86622.491519,2026-07-22T15:18:56.448,213,0,3,0,8
86622.494222,2026-07-22T15:18:56.451,213,0,3,0,8
86622.496514,2026-07-22T15:18:56.453,213,0,3,0,8
86622.498594,2026-07-22T15:18:56.455,213,0,3,0,8
86622.500605,2026-07-22T15:18:56.457,213,0,3,0,8
86622.503057,2026-07-22T15:18:56.460,213,0,3,0,8
86622.505561,2026-07-22T15:18:56.462,213,0,3,0,8
86622.508289,2026-07-22T15:18:56.465,115,0,3,0,9
86622.510855,2026-07-22T15:18:56.467,115,0,3,0,9
86622.513381,2026-07-22T15:18:56.470,115,0,3,0,9
86622.515863,2026-07-22T15:18:56.472,115,0,3,0,9
86622.518361,2026-07-22T15:18:56.475,115,0,3,0,9
86622.521091,2026-07-22T15:18:56.478,115,0,3,0,9
86622.523702,2026-07-22T15:18:56.480,115,0,3,0,9
86622.526231,2026-07-22T15:18:56.483,115,0,3,0,9
86622.528707,2026-07-22T15:18:56.485,115,0,3,0,9
86622.531172,2026-07-22T15:18:56.488,115,0,3,0,9
86622.533569,2026-07-22T15:18:56.490,115,0,3,0,9
86622.536231,2026-07-22T15:18:56.493,115,0,3,0,9
86622.538755,2026-07-22T15:18:56.495,115,0,3,0,9
86622.541385,2026-07-22T15:18:56.498,115,0,3,0,9
86622.544084,2026-07-22T15:18:56.501,115,0,3,0,9
86622.546466,2026-07-22T15:18:56.503,115,0,3,0,9
86622.549223,2026-07-22T15:18:56.506,115,0,3,0,9
86622.551828,2026-07-22T15:18:56.508,115,0,3,0,9
86622.554502,2026-07-22T15:18:56.511,115,0,3,0,9
86622.557241,2026-07-22T15:18:56.514,115,0,3,0,9
86622.559749,2026-07-22T15:18:56.516,115,0,3,0,9
86622.562401,2026-07-22T15:18:56.519,115,0,3,0,9
86622.564942,2026-07-22T15:18:56.521,115,0,3,0,9
86622.567537,2026-07-22T15:18:56.524,115,0,3,0,9
86622.570187,2026-07-22T15:18:56.527,115,0,3,0,9
86622.572777,2026-07-22T15:18:56.529,115,0,3,0,9
86622.575306,2026-07-22T15:18:56.532,115,0,3,0,9
86622.577849,2026-07-22T15:18:56.534,115,0,3,0,9
86622.580344,2026-07-22T15:18:56.537,115,0,3,0,9
86622.582923,2026-07-22T15:18:56.539,115,0,3,0,9
86622.585528,2026-07-22T15:18:56.542,115,0,3,0,9
86622.588092,2026-07-22T15:18:56.545,115,0,3,0,9
86622.590686,2026-07-22T15:18:56.547,115,0,3,0,9
86622.593014,2026-07-22T15:18:56.549,115,0,3,0,9
86622.595078,2026-07-22T15:18:56.552,115,0,3,0,9
86622.597176,2026-07-22T15:18:56.554,115,0,3,0,9
86622.599602,2026-07-22T15:18:56.556,115,0,3,0,9
86622.601792,2026-07-22T15:18:56.558,115,0,3,0,9
86622.604535,2026-07-22T15:18:56.561,115,0,3,0,9
86622.607272,2026-07-22T15:18:56.564,115,0,3,0,9
86622.609348,2026-07-22T15:18:56.566,115,0,3,0,9
86622.612030,2026-07-22T15:18:56.569,115,0,3,0,9
86622.614626,2026-07-22T15:18:56.571,115,0,3,0,9
86622.617272,2026-07-22T15:18:56.574,115,0,3,0,9
86622.619837,2026-07-22T15:18:56.576,115,0,3,0,9
86622.621864,2026-07-22T15:18:56.578,115,0,3,0,9
86622.624544,2026-07-22T15:18:56.581,115,0,3,0,9
86622.627057,2026-07-22T15:18:56.584,115,0,3,0,9
86622.629525,2026-07-22T15:18:56.586,115,0,3,0,9
86622.631998,2026-07-22T15:18:56.588,115,0,3,0,9
86622.634464,2026-07-22T15:18:56.591,115,0,3,0,9
86622.636919,2026-07-22T15:18:56.593,115,0,3,0,9
86622.639332,2026-07-22T15:18:56.596,115,0,3,0,9
86622.641859,2026-07-22T15:18:56.598,115,0,3,0,9
86622.644304,2026-07-22T15:18:56.601,115,0,3,0,9
86622.646876,2026-07-22T15:18:56.603,115,0,3,0,9
86622.649502,2026-07-22T15:18:56.606,115,0,3,0,9
86622.652086,2026-07-22T15:18:56.609,115,0,3,0,9
86622.654649,2026-07-22T15:18:56.611,115,0,3,0,9
86622.657300,2026-07-22T15:18:56.614,115,0,3,0,9
86622.659998,2026-07-22T15:18:56.616,115,0,3,0,9
86622.662511,2026-07-22T15:18:56.619,115,0,3,0,9
86622.664963,2026-07-22T15:18:56.621,115,0,3,0,9
86622.667456,2026-07-22T15:18:56.624,115,0,3,0,9
86622.669897,2026-07-22T15:18:56.626,115,0,3,0,9
86622.672472,2026-07-22T15:18:56.629,115,0,3,0,9
86622.674968,2026-07-22T15:18:56.631,115,0,3,0,9
86622.677460,2026-07-22T15:18:56.634,115,0,3,0,9
86622.679891,2026-07-22T15:18:56.636,115,0,3,0,9
86622.682398,2026-07-22T15:18:56.639,115,0,3,0,9
86622.684914,2026-07-22T15:18:56.641,115,0,3,0,9
86622.687367,2026-07-22T15:18:56.644,115,0,3,0,9
86622.689733,2026-07-22T15:18:56.646,115,0,3,0,9
86622.691969,2026-07-22T15:18:56.648,115,0,3,0,9
86622.694503,2026-07-22T15:18:56.651,115,0,3,0,9
86622.697177,2026-07-22T15:18:56.653,115,0,3,0,9
86622.699499,2026-07-22T15:18:56.656,115,0,3,0,9
86622.701523,2026-07-22T15:18:56.658,115,0,3,0,9
86622.703598,2026-07-22T15:18:56.660,115,0,3,0,9
86622.706301,2026-07-22T15:18:56.663,115,0,3,0,9
86622.708834,2026-07-22T15:18:56.665,115,0,3,0,9
86622.711391,2026-07-22T15:18:56.668,115,0,3,0,9
86622.713872,2026-07-22T15:18:56.670,115,0,3,0,9
86622.716456,2026-07-22T15:18:56.673,115,0,3,0,9
86622.719057,2026-07-22T15:18:56.675,115,0,3,0,9
86622.721579,2026-07-22T15:18:56.678,115,0,3,0,9
86622.723605,2026-07-22T15:18:56.680,115,0,3,0,9
86622.726113,2026-07-22T15:18:56.683,115,0,3,0,9
86622.728141,2026-07-22T15:18:56.685,115,0,3,0,9
86622.730686,2026-07-22T15:18:56.687,115,0,3,0,9
86622.733227,2026-07-22T15:18:56.690,115,0,3,0,9
86622.735715,2026-07-22T15:18:56.692,115,0,3,0,9
86622.738401,2026-07-22T15:18:56.695,115,0,3,0,9
86622.740922,2026-07-22T15:18:56.697,115,0,3,0,9
86622.743284,2026-07-22T15:18:56.700,115,0,3,0,9
86622.745318,2026-07-22T15:18:56.701,115,0,3,0,9
86622.747823,2026-07-22T15:18:56.704,115,0,3,0,9
86622.750394,2026-07-22T15:18:56.707,115,0,3,0,9
86622.752849,2026-07-22T15:18:56.709,115,0,3,0,9
86622.755100,2026-07-22T15:18:56.712,21,0,3,0,9
86622.757704,2026-07-22T15:18:56.714,21,0,3,0,9
86622.760203,2026-07-22T15:18:56.717,21,0,3,0,9
86622.762683,2026-07-22T15:18:56.719,21,0,3,0,9
86622.765206,2026-07-22T15:18:56.722,21,0,3,0,9
86622.767684,2026-07-22T15:18:56.724,21,0,3,0,9
86622.769901,2026-07-22T15:18:56.726,21,0,3,0,9
86622.771952,2026-07-22T15:18:56.728,21,0,3,0,9
86622.774010,2026-07-22T15:18:56.730,21,0,3,0,9
86622.776042,2026-07-22T15:18:56.733,21,0,3,0,9
86622.778108,2026-07-22T15:18:56.735,21,0,3,0,9
86622.780164,2026-07-22T15:18:56.737,21,0,3,0,9
86622.782676,2026-07-22T15:18:56.739,21,0,3,0,9
86622.784731,2026-07-22T15:18:56.741,21,0,3,0,9
86622.786771,2026-07-22T15:18:56.743,21,0,3,0,9
86622.788833,2026-07-22T15:18:56.745,21,0,3,0,9
86622.791074,2026-07-22T15:18:56.747,21,0,3,0,9
86622.793426,2026-07-22T15:18:56.750,21,0,3,0,9
86622.795880,2026-07-22T15:18:56.752,21,0,3,0,9
86622.797957,2026-07-22T15:18:56.754,21,0,3,0,9
86622.800016,2026-07-22T15:18:56.756,21,0,3,0,9
86622.802075,2026-07-22T15:18:56.759,21,0,3,0,9
86622.804131,2026-07-22T15:18:56.761,21,0,3,0,9
86622.806158,2026-07-22T15:18:56.763,21,0,3,0,9
86622.808214,2026-07-22T15:18:56.765,21,0,3,0,9
86622.810902,2026-07-22T15:18:56.767,21,0,3,0,9
86622.813420,2026-07-22T15:18:56.770,21,0,3,0,9
86622.815906,2026-07-22T15:18:56.772,21,0,3,0,9
86622.818384,2026-07-22T15:18:56.775,21,0,3,0,9
86622.820821,2026-07-22T15:18:56.777,21,0,3,0,9
86622.823213,2026-07-22T15:18:56.780,21,0,3,0,9
86622.825877,2026-07-22T15:18:56.782,21,0,3,0,9
86622.828452,2026-07-22T15:18:56.785,21,0,3,0,9
86622.830871,2026-07-22T15:18:56.787,21,0,3,0,9
86622.833340,2026-07-22T15:18:56.790,21,0,3,0,9
86622.835818,2026-07-22T15:18:56.792,21,0,3,0,9
86622.838475,2026-07-22T15:18:56.795,21,0,3,0,9
86622.841215,2026-07-22T15:18:56.798,21,0,3,0,9
86622.843722,2026-07-22T15:18:56.800,21,0,3,0,9
86622.846042,2026-07-22T15:18:56.803,21,0,3,0,9
86622.848069,2026-07-22T15:18:56.805,21,0,3,0,9
86622.850686,2026-07-22T15:18:56.807,21,0,3,0,9
86622.853353,2026-07-22T15:18:56.810,21,0,3,0,9
86622.855924,2026-07-22T15:18:56.812,21,0,3,0,9
86622.858735,2026-07-22T15:18:56.815,21,0,3,0,9
86622.861178,2026-07-22T15:18:56.818,21,0,3,0,9
86622.863884,2026-07-22T15:18:56.820,21,0,3,0,9
86622.866398,2026-07-22T15:18:56.823,21,0,3,0,9
86622.868426,2026-07-22T15:18:56.825,21,0,3,0,9
86622.871029,2026-07-22T15:18:56.828,21,0,3,0,9
86622.873742,2026-07-22T15:18:56.830,21,0,3,0,9
86622.876254,2026-07-22T15:18:56.833,21,0,3,0,9
86622.878487,2026-07-22T15:18:56.835,21,0,3,0,9
86622.881132,2026-07-22T15:18:56.838,21,0,3,0,9
86622.883664,2026-07-22T15:18:56.840,21,0,3,0,9
86622.886062,2026-07-22T15:18:56.843,21,0,3,0,9
86622.888558,2026-07-22T15:18:56.845,21,0,3,0,9
86622.891347,2026-07-22T15:18:56.848,21,0,3,0,9
86622.893694,2026-07-22T15:18:56.850,21,0,3,0,9
86622.896550,2026-07-22T15:18:56.852,21,0,3,0,9
86622.898673,2026-07-22T15:18:56.855,21,0,3,0,9
86622.901421,2026-07-22T15:18:56.858,21,0,3,0,9
86622.904180,2026-07-22T15:18:56.861,21,0,3,0,9
86622.906231,2026-07-22T15:18:56.863,21,0,3,0,9
86622.908678,2026-07-22T15:18:56.865,21,0,3,0,9
86622.911288,2026-07-22T15:18:56.868,21,0,3,0,9
86622.914038,2026-07-22T15:18:56.871,21,0,3,0,9
86622.916528,2026-07-22T15:18:56.873,21,0,3,0,9
86622.919148,2026-07-22T15:18:56.876,21,0,3,0,9
86622.921763,2026-07-22T15:18:56.878,21,0,3,0,9
86622.924330,2026-07-22T15:18:56.881,21,0,3,0,9
86622.926823,2026-07-22T15:18:56.883,21,0,3,0,9
86622.929334,2026-07-22T15:18:56.886,21,0,3,0,9
86622.931832,2026-07-22T15:18:56.888,21,0,3,0,9
86622.934278,2026-07-22T15:18:56.891,21,0,3,0,9
86622.936789,2026-07-22T15:18:56.893,21,0,3,0,9
86622.939498,2026-07-22T15:18:56.896,21,0,3,0,9
86622.941858,2026-07-22T15:18:56.898,21,0,3,0,9
86622.944369,2026-07-22T15:18:56.901,21,0,3,0,9
86622.947063,2026-07-22T15:18:56.904,21,0,3,0,9
86622.949114,2026-07-22T15:18:56.906,21,0,3,0,9
86622.951328,2026-07-22T15:18:56.908,21,0,3,0,9
86622.953563,2026-07-22T15:18:56.910,21,0,3,0,9
86622.955603,2026-07-22T15:18:56.912,21,0,3,0,9
86622.957759,2026-07-22T15:18:56.914,21,0,3,0,9
86622.960365,2026-07-22T15:18:56.917,21,0,3,0,9
86622.962795,2026-07-22T15:18:56.919,21,0,3,0,9
86622.965248,2026-07-22T15:18:56.922,21,0,3,0,9
86622.967775,2026-07-22T15:18:56.924,21,0,3,0,9
86622.970323,2026-07-22T15:18:56.927,21,0,3,0,9
86622.972825,2026-07-22T15:18:56.929,21,0,3,0,9
86622.975346,2026-07-22T15:18:56.932,21,0,3,0,9
86622.977857,2026-07-22T15:18:56.934,21,0,3,0,9
86622.980295,2026-07-22T15:18:56.937,21,0,3,0,9
86622.982693,2026-07-22T15:18:56.939,21,0,3,0,9
86622.985058,2026-07-22T15:18:56.942,21,0,3,0,9
86622.987601,2026-07-22T15:18:56.944,21,0,3,0,9
86622.990089,2026-07-22T15:18:56.947,21,0,3,0,9
86622.992588,2026-07-22T15:18:56.949,21,0,3,0,9
86622.994721,2026-07-22T15:18:56.951,21,0,3,0,9
86622.997423,2026-07-22T15:18:56.954,21,0,3,0,9
86623.000066,2026-07-22T15:18:56.957,3,3,3,0,0
86623.002705,2026-07-22T15:18:56.959,3,3,3,0,0
86623.004971,2026-07-22T15:18:56.961,3,3,3,0,0
86623.007728,2026-07-22T15:18:56.964,3,3,3,0,0
86623.010098,2026-07-22T15:18:56.967,3,3,3,0,0
86623.012609,2026-07-22T15:18:56.969,3,3,3,0,0
86623.015103,2026-07-22T15:18:56.972,3,3,3,0,0
86623.017618,2026-07-22T15:18:56.974,3,3,3,0,0
86623.020124,2026-07-22T15:18:56.977,3,3,3,0,0
86623.022149,2026-07-22T15:18:56.979,3,3,3,0,0
86623.024883,2026-07-22T15:18:56.981,3,3,3,0,0
86623.027364,2026-07-22T15:18:56.984,3,3,3,0,0
86623.029849,2026-07-22T15:18:56.986,3,3,3,0,0
86623.032335,2026-07-22T15:18:56.989,3,3,3,0,0
86623.034781,2026-07-22T15:18:56.991,3,3,3,0,0
86623.037336,2026-07-22T15:18:56.994,3,3,3,0,0
86623.040013,2026-07-22T15:18:56.996,3,3,3,0,0
86623.042680,2026-07-22T15:18:56.999,3,3,3,0,0
86623.044987,2026-07-22T15:18:57.001,3,3,3,0,0
86623.047752,2026-07-22T15:18:57.004,3,3,3,0,0
86623.050076,2026-07-22T15:18:57.007,3,3,3,0,0
86623.052525,2026-07-22T15:18:57.009,3,3,3,0,0
86623.054574,2026-07-22T15:18:57.011,3,3,3,0,0
86623.056626,2026-07-22T15:18:57.013,3,3,3,0,0
86623.059016,2026-07-22T15:18:57.015,3,3,3,0,0
86623.061606,2026-07-22T15:18:57.018,3,3,3,0,0
86623.063665,2026-07-22T15:18:57.020,3,3,3,0,0
86623.065707,2026-07-22T15:18:57.022,3,3,3,0,0
86623.068192,2026-07-22T15:18:57.025,3,3,3,0,0
86623.070708,2026-07-22T15:18:57.027,3,3,3,0,0
86623.073231,2026-07-22T15:18:57.030,3,3,3,0,0
86623.075286,2026-07-22T15:18:57.032,3,3,3,0,0
86623.077832,2026-07-22T15:18:57.034,3,3,3,0,0
86623.080380,2026-07-22T15:18:57.037,3,3,3,0,0
86623.082892,2026-07-22T15:18:57.039,3,3,3,0,0
86623.085423,2026-07-22T15:18:57.042,3,3,3,0,0
86623.088060,2026-07-22T15:18:57.045,3,3,3,0,0
86623.090545,2026-07-22T15:18:57.047,3,3,3,0,0
86623.093110,2026-07-22T15:18:57.050,3,3,3,0,0
86623.095570,2026-07-22T15:18:57.052,3,3,3,0,0
86623.098010,2026-07-22T15:18:57.054,3,3,3,0,0
86623.100347,2026-07-22T15:18:57.057,3,3,3,0,0
86623.103105,2026-07-22T15:18:57.060,3,3,3,0,0
86623.105844,2026-07-22T15:18:57.062,3,3,3,0,0
86623.108212,2026-07-22T15:18:57.065,3,3,3,0,0
86623.111012,2026-07-22T15:18:57.067,3,3,3,0,0
86623.113494,2026-07-22T15:18:57.070,3,3,3,0,0
86623.116082,2026-07-22T15:18:57.073,3,3,3,0,0
86623.118532,2026-07-22T15:18:57.075,3,3,3,0,0
86623.121026,2026-07-22T15:18:57.077,3,3,3,0,0
86623.123610,2026-07-22T15:18:57.080,3,3,3,0,0
86623.126400,2026-07-22T15:18:57.083,3,3,3,0,0
86623.128937,2026-07-22T15:18:57.085,3,3,3,0,0
86623.131495,2026-07-22T15:18:57.088,3,3,3,0,0
86623.134147,2026-07-22T15:18:57.091,3,3,3,0,0
86623.136615,2026-07-22T15:18:57.093,3,3,3,0,0
86623.138991,2026-07-22T15:18:57.095,3,3,3,0,0
86623.141651,2026-07-22T15:18:57.098,3,3,3,0,0
86623.144039,2026-07-22T15:18:57.101,3,3,3,0,0
86623.146159,2026-07-22T15:18:57.103,3,3,3,0,0
86623.148727,2026-07-22T15:18:57.105,3,3,3,0,0
86623.151279,2026-07-22T15:18:57.108,3,3,3,0,0
86623.153908,2026-07-22T15:18:57.110,3,3,3,0,0
86623.156407,2026-07-22T15:18:57.113,3,3,3,0,0
86623.159175,2026-07-22T15:18:57.116,3,3,3,0,0
86623.161852,2026-07-22T15:18:57.118,3,3,3,0,0
86623.164430,2026-07-22T15:18:57.121,3,3,3,0,0
86623.166802,2026-07-22T15:18:57.123,3,3,3,0,0
86623.169184,2026-07-22T15:18:57.126,3,3,3,0,0
86623.171623,2026-07-22T15:18:57.128,3,3,3,0,0
86623.174155,2026-07-22T15:18:57.131,3,3,3,0,0
86623.176204,2026-07-22T15:18:57.133,3,3,3,0,0
86623.178818,2026-07-22T15:18:57.135,3,3,3,0,0
86623.181292,2026-07-22T15:18:57.138,3,3,3,0,0
86623.183776,2026-07-22T15:18:57.140,3,3,3,0,0
86623.186373,2026-07-22T15:18:57.143,3,3,3,0,0
86623.188838,2026-07-22T15:18:57.145,3,3,3,0,0
86623.191553,2026-07-22T15:18:57.148,3,3,3,0,0
86623.193767,2026-07-22T15:18:57.150,3,3,3,0,0
86623.196209,2026-07-22T15:18:57.153,3,3,3,0,0
86623.198777,2026-07-22T15:18:57.155,3,3,3,0,0
86623.201341,2026-07-22T15:18:57.158,3,3,3,0,0
86623.203850,2026-07-22T15:18:57.160,3,3,3,0,0
86623.206333,2026-07-22T15:18:57.163,3,3,3,0,0
86623.208688,2026-07-22T15:18:57.165,3,3,3,0,0
86623.211283,2026-07-22T15:18:57.168,3,3,3,0,0
86623.213877,2026-07-22T15:18:57.170,3,3,3,0,0
86623.216398,2026-07-22T15:18:57.173,3,3,3,0,0
86623.218826,2026-07-22T15:18:57.175,3,3,3,0,0
86623.221343,2026-07-22T15:18:57.178,3,3,3,0,0
86623.223880,2026-07-22T15:18:57.180,3,3,3,0,0
86623.226493,2026-07-22T15:18:57.183,3,3,3,0,0
86623.229008,2026-07-22T15:18:57.185,3,3,3,0,0
86623.231461,2026-07-22T15:18:57.188,3,3,3,0,0
86623.233924,2026-07-22T15:18:57.190,3,3,3,0,0
86623.236353,2026-07-22T15:18:57.193,3,3,3,0,0
86623.238821,2026-07-22T15:18:57.195,3,3,3,0,0
86623.240859,2026-07-22T15:18:57.197,3,3,3,0,0
86623.242913,2026-07-22T15:18:57.199,3,3,3,0,0
86623.245348,2026-07-22T15:18:57.202,3,3,3,0,0
86623.247400,2026-07-22T15:18:57.204,3,3,3,0,0
86623.249457,2026-07-22T15:18:57.206,3,3,3,0,0
86623.251489,2026-07-22T15:18:57.208,3,3,3,0,0
86623.253578,2026-07-22T15:18:57.210,3,3,3,0,0
86623.255653,2026-07-22T15:18:57.212,3,3,3,0,0
86623.257689,2026-07-22T15:18:57.214,3,3,3,0,0
86623.259724,2026-07-22T15:18:57.216,3,3,3,0,0
86623.261772,2026-07-22T15:18:57.218,3,3,3,0,0
86623.263826,2026-07-22T15:18:57.220,3,3,3,0,0
86623.265902,2026-07-22T15:18:57.222,3,3,3,0,0
86623.267943,2026-07-22T15:18:57.224,3,3,3,0,0
86623.270034,2026-07-22T15:18:57.227,3,3,3,0,0
86623.272068,2026-07-22T15:18:57.229,3,3,3,0,0
86623.274102,2026-07-22T15:18:57.231,3,3,3,0,0
86623.276159,2026-07-22T15:18:57.233,3,3,3,0,0
86623.278197,2026-07-22T15:18:57.235,3,3,3,0,0
86623.280688,2026-07-22T15:18:57.237,3,3,3,0,0
86623.283089,2026-07-22T15:18:57.240,3,3,3,0,0
86623.285568,2026-07-22T15:18:57.242,3,3,3,0,0
86623.288214,2026-07-22T15:18:57.245,3,3,3,0,0
86623.290648,2026-07-22T15:18:57.247,3,3,3,0,0
86623.293096,2026-07-22T15:18:57.250,3,3,3,0,0
86623.295638,2026-07-22T15:18:57.252,3,3,3,0,0
86623.297959,2026-07-22T15:18:57.254,3,3,3,0,0
86623.300486,2026-07-22T15:18:57.257,3,3,3,0,0
86623.303139,2026-07-22T15:18:57.260,3,3,3,0,0
86623.305733,2026-07-22T15:18:57.262,3,3,3,0,0
86623.308055,2026-07-22T15:18:57.265,3,3,3,0,0
86623.310713,2026-07-22T15:18:57.267,3,3,3,0,0
86623.313145,2026-07-22T15:18:57.270,3,3,3,0,0
86623.315636,2026-07-22T15:18:57.272,3,3,3,0,0
86623.318280,2026-07-22T15:18:57.275,3,3,3,0,0
86623.320773,2026-07-22T15:18:57.277,3,3,3,0,0
86623.323268,2026-07-22T15:18:57.280,3,3,3,0,0
86623.325775,2026-07-22T15:18:57.282,3,3,3,0,0
86623.328470,2026-07-22T15:18:57.285,3,3,3,0,0
86623.331046,2026-07-22T15:18:57.288,3,3,3,0,0
86623.333728,2026-07-22T15:18:57.290,3,3,3,0,0
86623.336254,2026-07-22T15:18:57.293,3,3,3,0,0
86623.338615,2026-07-22T15:18:57.295,3,3,3,0,0
86623.341133,2026-07-22T15:18:57.298,3,3,3,0,0
86623.343635,2026-07-22T15:18:57.300,3,3,3,0,0
86623.345931,2026-07-22T15:18:57.302,3,3,3,0,0
86623.347990,2026-07-22T15:18:57.304,3,3,3,0,0
86623.350505,2026-07-22T15:18:57.307,3,3,3,0,0
86623.353507,2026-07-22T15:18:57.310,3,3,3,0,0
86623.355631,2026-07-22T15:18:57.312,3,3,3,0,0
86623.357826,2026-07-22T15:18:57.314,3,3,3,0,0
86623.360067,2026-07-22T15:18:57.317,3,3,3,0,0
86623.362559,2026-07-22T15:18:57.319,3,3,3,0,0
86623.365184,2026-07-22T15:18:57.322,3,3,3,0,0
86623.367831,2026-07-22T15:18:57.324,3,3,3,0,0
86623.370296,2026-07-22T15:18:57.327,3,3,3,0,0
86623.372775,2026-07-22T15:18:57.329,3,3,3,0,0
86623.375305,2026-07-22T15:18:57.332,3,3,3,0,0
86623.377890,2026-07-22T15:18:57.334,3,3,3,0,0
86623.380415,2026-07-22T15:18:57.337,3,3,3,0,0
86623.382842,2026-07-22T15:18:57.339,3,3,3,0,0
86623.385310,2026-07-22T15:18:57.342,3,3,3,0,0
86623.387906,2026-07-22T15:18:57.344,3,3,3,0,0
86623.390543,2026-07-22T15:18:57.347,3,3,3,0,0
86623.392877,2026-07-22T15:18:57.349,3,3,3,0,0
86623.395233,2026-07-22T15:18:57.352,3,3,3,0,0
86623.397527,2026-07-22T15:18:57.354,3,3,3,0,0
86623.399595,2026-07-22T15:18:57.356,3,3,3,0,0
86623.402075,2026-07-22T15:18:57.359,3,3,3,0,0
86623.404693,2026-07-22T15:18:57.361,3,3,3,0,0
86623.407317,2026-07-22T15:18:57.364,3,3,3,0,0
86623.410062,2026-07-22T15:18:57.367,3,3,3,0,0
86623.412550,2026-07-22T15:18:57.369,3,3,3,0,0
86623.415207,2026-07-22T15:18:57.372,3,3,3,0,0
86623.417804,2026-07-22T15:18:57.374,3,3,3,0,0
86623.420515,2026-07-22T15:18:57.377,3,3,3,0,0
86623.423022,2026-07-22T15:18:57.379,3,3,3,0,0
86623.425588,2026-07-22T15:18:57.382,3,3,3,0,0
86623.428126,2026-07-22T15:18:57.385,3,3,3,0,0
86623.430594,2026-07-22T15:18:57.387,3,3,3,0,0
86623.433019,2026-07-22T15:18:57.389,3,3,3,0,0
86623.435454,2026-07-22T15:18:57.392,3,3,3,0,0
86623.438016,2026-07-22T15:18:57.394,3,3,3,0,0
86623.440530,2026-07-22T15:18:57.397,3,3,3,0,0
86623.443126,2026-07-22T15:18:57.400,3,3,3,0,0
86623.445671,2026-07-22T15:18:57.402,3,3,3,0,0
86623.448027,2026-07-22T15:18:57.404,3,3,3,0,0
86623.450747,2026-07-22T15:18:57.407,3,3,3,0,0
86623.453409,2026-07-22T15:18:57.410,3,3,3,0,0
86623.455905,2026-07-22T15:18:57.412,3,3,3,0,0
86623.458512,2026-07-22T15:18:57.415,3,3,3,0,0
86623.460933,2026-07-22T15:18:57.417,3,3,3,0,0
86623.463662,2026-07-22T15:18:57.420,3,3,3,0,0
86623.466104,2026-07-22T15:18:57.423,3,3,3,0,0
86623.468422,2026-07-22T15:18:57.425,3,3,3,0,0
86623.470864,2026-07-22T15:18:57.427,3,3,3,0,0
86623.473371,2026-07-22T15:18:57.430,3,3,3,0,0
86623.475408,2026-07-22T15:18:57.432,3,3,3,0,0
86623.477929,2026-07-22T15:18:57.434,3,3,3,0,0
86623.480481,2026-07-22T15:18:57.437,3,3,3,0,0
86623.483089,2026-07-22T15:18:57.440,3,3,3,0,0
86623.485570,2026-07-22T15:18:57.442,3,3,3,0,0
86623.488125,2026-07-22T15:18:57.445,3,3,3,0,0
86623.490629,2026-07-22T15:18:57.447,3,3,3,0,0
86623.493053,2026-07-22T15:18:57.450,3,3,3,0,0
86623.495683,2026-07-22T15:18:57.452,3,3,3,0,0
86623.498293,2026-07-22T15:18:57.455,3,3,3,0,0
86623.500842,2026-07-22T15:18:57.457,3,3,3,0,0
86623.503482,2026-07-22T15:18:57.460,3,3,3,0,0
86623.506068,2026-07-22T15:18:57.463,3,3,3,0,0
86623.508744,2026-07-22T15:18:57.465,3,3,3,0,0
86623.511517,2026-07-22T15:18:57.468,3,3,3,0,0
86623.514026,2026-07-22T15:18:57.471,3,3,3,0,0
86623.516539,2026-07-22T15:18:57.473,3,3,3,0,0
86623.519040,2026-07-22T15:18:57.476,3,3,3,0,0
86623.521619,2026-07-22T15:18:57.478,3,3,3,0,0
86623.524174,2026-07-22T15:18:57.481,3,3,3,0,0
86623.526701,2026-07-22T15:18:57.483,3,3,3,0,0
86623.529307,2026-07-22T15:18:57.486,3,3,3,0,0
86623.531328,2026-07-22T15:18:57.488,3,3,3,0,0
86623.533870,2026-07-22T15:18:57.490,3,3,3,0,0
86623.536025,2026-07-22T15:18:57.492,3,3,3,0,0
86623.538627,2026-07-22T15:18:57.495,3,3,3,0,0
86623.541134,2026-07-22T15:18:57.498,3,3,3,0,0
86623.543807,2026-07-22T15:18:57.500,3,3,3,0,0
86623.546275,2026-07-22T15:18:57.503,3,3,3,0,0
86623.548544,2026-07-22T15:18:57.505,3,3,3,0,0
86623.551178,2026-07-22T15:18:57.508,3,3,3,0,0
86623.553589,2026-07-22T15:18:57.510,3,3,3,0,0
86623.556280,2026-07-22T15:18:57.513,3,3,3,0,0
86623.558310,2026-07-22T15:18:57.515,3,3,3,0,0
86623.560321,2026-07-22T15:18:57.517,3,3,3,0,0
86623.562346,2026-07-22T15:18:57.519,3,3,3,0,0
86623.564849,2026-07-22T15:18:57.521,3,3,3,0,0
86623.567332,2026-07-22T15:18:57.524,3,3,3,0,0
86623.569867,2026-07-22T15:18:57.526,3,3,3,0,0
86623.572301,2026-07-22T15:18:57.529,3,3,3,0,0
86623.574331,2026-07-22T15:18:57.531,3,3,3,0,0
86623.576386,2026-07-22T15:18:57.533,3,3,3,0,0
86623.578839,2026-07-22T15:18:57.535,3,3,3,0,0
86623.580881,2026-07-22T15:18:57.537,3,3,3,0,0
86623.583308,2026-07-22T15:18:57.540,3,3,3,0,0
86623.585336,2026-07-22T15:18:57.542,3,3,3,0,0
86623.587826,2026-07-22T15:18:57.544,3,3,3,0,0
86623.590337,2026-07-22T15:18:57.547,3,3,3,0,0
86623.592878,2026-07-22T15:18:57.549,3,3,3,0,0
86623.595331,2026-07-22T15:18:57.552,3,3,3,0,0
86623.598106,2026-07-22T15:18:57.554,3,3,3,0,0
86623.600588,2026-07-22T15:18:57.557,3,3,3,0,0
86623.602687,2026-07-22T15:18:57.559,3,3,3,0,0
86623.605295,2026-07-22T15:18:57.562,3,3,3,0,0
86623.607833,2026-07-22T15:18:57.564,3,3,3,0,0
86623.610133,2026-07-22T15:18:57.567,3,3,3,0,0
86623.612564,2026-07-22T15:18:57.569,3,3,3,0,0
86623.615096,2026-07-22T15:18:57.572,3,3,3,0,0
86623.617420,2026-07-22T15:18:57.574,3,3,3,0,0
86623.619938,2026-07-22T15:18:57.576,3,3,3,0,0
86623.622690,2026-07-22T15:18:57.579,3,3,3,0,0
86623.625213,2026-07-22T15:18:57.582,3,3,3,0,0
86623.627603,2026-07-22T15:18:57.584,3,3,3,0,0
86623.630334,2026-07-22T15:18:57.587,3,3,3,0,0
86623.632428,2026-07-22T15:18:57.589,3,3,3,0,0
86623.635007,2026-07-22T15:18:57.591,3,3,3,0,0
86623.637050,2026-07-22T15:18:57.594,3,3,3,0,0
86623.639562,2026-07-22T15:18:57.596,3,3,3,0,0
86623.642093,2026-07-22T15:18:57.599,3,3,3,0,0
86623.644625,2026-07-22T15:18:57.601,3,3,3,0,0
86623.646985,2026-07-22T15:18:57.603,3,3,3,0,0
86623.649134,2026-07-22T15:18:57.606,3,3,3,0,0
86623.651297,2026-07-22T15:18:57.608,3,3,3,0,0
86623.653824,2026-07-22T15:18:57.610,3,3,3,0,0
86623.656320,2026-07-22T15:18:57.613,3,3,3,0,0
86623.658849,2026-07-22T15:18:57.615,3,3,3,0,0
86623.661343,2026-07-22T15:18:57.618,3,3,3,0,0
86623.663820,2026-07-22T15:18:57.620,3,3,3,0,0
86623.666322,2026-07-22T15:18:57.623,3,3,3,0,0
86623.668781,2026-07-22T15:18:57.625,3,3,3,0,0
86623.670808,2026-07-22T15:18:57.627,3,3,3,0,0
86623.673368,2026-07-22T15:18:57.630,3,3,3,0,0
86623.675406,2026-07-22T15:18:57.632,3,3,3,0,0
86623.678082,2026-07-22T15:18:57.635,3,3,3,0,0
86623.680615,2026-07-22T15:18:57.637,3,3,3,0,0
86623.683123,2026-07-22T15:18:57.640,3,3,3,0,0
86623.685626,2026-07-22T15:18:57.642,3,3,3,0,0
86623.688138,2026-07-22T15:18:57.645,3,3,3,0,0
86623.690608,2026-07-22T15:18:57.647,3,3,3,0,0
86623.693114,2026-07-22T15:18:57.650,3,3,3,0,0
86623.695134,2026-07-22T15:18:57.652,3,3,3,0,0
86623.697189,2026-07-22T15:18:57.653,3,3,3,0,0
86623.699661,2026-07-22T15:18:57.656,3,3,3,0,0
86623.701868,2026-07-22T15:18:57.658,3,3,3,0,0
86623.703909,2026-07-22T15:18:57.660,3,3,3,0,0
86623.705945,2026-07-22T15:18:57.662,3,3,3,0,0
86623.708666,2026-07-22T15:18:57.665,3,3,3,0,0
86623.711292,2026-07-22T15:18:57.668,3,3,3,0,0
86623.713834,2026-07-22T15:18:57.670,3,3,3,0,0
86623.716532,2026-07-22T15:18:57.673,3,3,3,0,0
86623.719135,2026-07-22T15:18:57.676,3,3,3,0,0
86623.721745,2026-07-22T15:18:57.678,3,3,3,0,0
86623.724462,2026-07-22T15:18:57.681,3,3,3,0,0
86623.726972,2026-07-22T15:18:57.683,3,3,3,0,0
86623.729636,2026-07-22T15:18:57.686,3,3,3,0,0
86623.731668,2026-07-22T15:18:57.688,3,3,3,0,0
86623.734119,2026-07-22T15:18:57.691,3,3,3,0,0
86623.736641,2026-07-22T15:18:57.693,3,3,3,0,0
86623.739095,2026-07-22T15:18:57.696,3,3,3,0,0
86623.741833,2026-07-22T15:18:57.698,3,3,3,0,0
86623.743853,2026-07-22T15:18:57.700,3,3,3,0,0
86623.746328,2026-07-22T15:18:57.703,3,3,3,0,0
86623.748791,2026-07-22T15:18:57.705,3,3,3,0,0
86623.751357,2026-07-22T15:18:57.708,3,3,3,0,0
86623.753869,2026-07-22T15:18:57.710,3,3,3,0,0
86623.756498,2026-07-22T15:18:57.713,3,3,3,0,0
86623.759100,2026-07-22T15:18:57.716,3,3,3,0,0
86623.761369,2026-07-22T15:18:57.718,3,3,3,0,0
86623.763449,2026-07-22T15:18:57.720,3,3,3,0,0
86623.765975,2026-07-22T15:18:57.722,3,3,3,0,0
86623.768524,2026-07-22T15:18:57.725,3,3,3,0,0
86623.771042,2026-07-22T15:18:57.728,3,3,3,0,0
86623.773588,2026-07-22T15:18:57.730,3,3,3,0,0
86623.776113,2026-07-22T15:18:57.733,3,3,3,0,0
86623.778623,2026-07-22T15:18:57.735,3,3,3,0,0
86623.781063,2026-07-22T15:18:57.738,3,3,3,0,0
86623.783090,2026-07-22T15:18:57.740,3,3,3,0,0
86623.785694,2026-07-22T15:18:57.742,3,3,3,0,0
86623.788207,2026-07-22T15:18:57.745,3,3,3,0,0
86623.790761,2026-07-22T15:18:57.747,3,3,3,0,0
86623.793291,2026-07-22T15:18:57.750,3,3,3,0,0
86623.795931,2026-07-22T15:18:57.752,3,3,3,0,0
86623.797973,2026-07-22T15:18:57.754,3,3,3,0,0
86623.800459,2026-07-22T15:18:57.757,3,3,3,0,0
86623.803090,2026-07-22T15:18:57.760,3,3,3,0,0
86623.805130,2026-07-22T15:18:57.762,3,3,3,0,0
86623.807619,2026-07-22T15:18:57.764,3,3,3,0,0
86623.810139,2026-07-22T15:18:57.767,3,3,3,0,0
86623.812585,2026-07-22T15:18:57.769,3,3,3,0,0
86623.815025,2026-07-22T15:18:57.771,3,3,3,0,0
86623.817547,2026-07-22T15:18:57.774,3,3,3,0,0
86623.820206,2026-07-22T15:18:57.777,3,3,3,0,0
86623.822741,2026-07-22T15:18:57.779,3,3,3,0,0
86623.825256,2026-07-22T15:18:57.782,67,0,3,0,12
86623.827792,2026-07-22T15:18:57.784,67,0,3,0,12
86623.830314,2026-07-22T15:18:57.787,67,0,3,0,12
86623.832752,2026-07-22T15:18:57.789,67,0,3,0,12
86623.835292,2026-07-22T15:18:57.792,67,0,3,0,12
86623.837933,2026-07-22T15:18:57.794,67,0,3,0,12
86623.840500,2026-07-22T15:18:57.797,67,0,3,0,12
86623.842541,2026-07-22T15:18:57.799,67,0,3,0,12
86623.845059,2026-07-22T15:18:57.802,67,0,3,0,12
86623.847581,2026-07-22T15:18:57.804,67,0,3,0,12
86623.850041,2026-07-22T15:18:57.807,67,0,3,0,12
86623.852556,2026-07-22T15:18:57.809,67,0,3,0,12
86623.854816,2026-07-22T15:18:57.811,67,0,3,0,12
86623.856846,2026-07-22T15:18:57.813,67,0,3,0,12
86623.859452,2026-07-22T15:18:57.816,67,0,3,0,12
86623.861788,2026-07-22T15:18:57.818,67,0,3,0,12
86623.863817,2026-07-22T15:18:57.820,67,0,3,0,12
86623.865889,2026-07-22T15:18:57.822,67,0,3,0,12
86623.868394,2026-07-22T15:18:57.825,67,0,3,0,12
86623.870899,2026-07-22T15:18:57.827,67,0,3,0,12
86623.872919,2026-07-22T15:18:57.829,67,0,3,0,12
86623.874941,2026-07-22T15:18:57.831,67,0,3,0,12
86623.876981,2026-07-22T15:18:57.833,67,0,3,0,12
86623.879514,2026-07-22T15:18:57.836,67,0,3,0,12
86623.881624,2026-07-22T15:18:57.838,67,0,3,0,12
86623.884221,2026-07-22T15:18:57.841,67,0,3,0,12
86623.886802,2026-07-22T15:18:57.843,67,0,3,0,12
86623.889605,2026-07-22T15:18:57.846,67,0,3,0,12
86623.892162,2026-07-22T15:18:57.849,67,0,3,0,12
86623.894948,2026-07-22T15:18:57.851,67,0,3,0,12
86623.897103,2026-07-22T15:18:57.853,67,0,3,0,12
86623.899310,2026-07-22T15:18:57.855,67,0,3,0,12
86623.901515,2026-07-22T15:18:57.858,67,0,3,0,12
86623.903808,2026-07-22T15:18:57.860,67,0,3,0,12
86623.906094,2026-07-22T15:18:57.863,67,0,3,0,12
86623.908900,2026-07-22T15:18:57.865,67,0,3,0,12
86623.911469,2026-07-22T15:18:57.868,67,0,3,0,12
86623.913890,2026-07-22T15:18:57.870,67,0,3,0,12
86623.916403,2026-07-22T15:18:57.873,67,0,3,0,12
86623.918437,2026-07-22T15:18:57.875,67,0,3,0,12
86623.920462,2026-07-22T15:18:57.877,67,0,3,0,12
86623.922516,2026-07-22T15:18:57.879,67,0,3,0,12
86623.924543,2026-07-22T15:18:57.881,67,0,3,0,12
86623.927078,2026-07-22T15:18:57.884,67,0,3,0,12
86623.929590,2026-07-22T15:18:57.886,67,0,3,0,12
86623.931862,2026-07-22T15:18:57.888,67,0,3,0,12
86623.933882,2026-07-22T15:18:57.890,67,0,3,0,12
86623.935913,2026-07-22T15:18:57.892,67,0,3,0,12
86623.937939,2026-07-22T15:18:57.894,67,0,3,0,12
86623.940460,2026-07-22T15:18:57.897,67,0,3,0,12
86623.942966,2026-07-22T15:18:57.899,67,0,3,0,12
86623.945007,2026-07-22T15:18:57.901,67,0,3,0,12
86623.947529,2026-07-22T15:18:57.904,67,0,3,0,12
86623.949594,2026-07-22T15:18:57.906,67,0,3,0,12
86623.952071,2026-07-22T15:18:57.909,67,0,3,0,12
86623.954305,2026-07-22T15:18:57.911,67,0,3,0,12
86623.956334,2026-07-22T15:18:57.913,67,0,3,0,12
86623.958480,2026-07-22T15:18:57.915,67,0,3,0,12
86623.960496,2026-07-22T15:18:57.917,67,0,3,0,12
86623.962528,2026-07-22T15:18:57.919,67,0,3,0,12
86623.965044,2026-07-22T15:18:57.922,67,0,3,0,12
86623.967077,2026-07-22T15:18:57.924,67,0,3,0,12
86623.969097,2026-07-22T15:18:57.926,67,0,3,0,12
86623.971608,2026-07-22T15:18:57.928,67,0,3,0,12
86623.973750,2026-07-22T15:18:57.930,67,0,3,0,12
86623.975782,2026-07-22T15:18:57.932,67,0,3,0,12
86623.977819,2026-07-22T15:18:57.934,67,0,3,0,12
86623.980341,2026-07-22T15:18:57.937,67,0,3,0,12
86623.982960,2026-07-22T15:18:57.939,67,0,3,0,12
86623.985047,2026-07-22T15:18:57.942,67,0,3,0,12
86623.987342,2026-07-22T15:18:57.944,67,0,3,0,12
86623.989468,2026-07-22T15:18:57.946,67,0,3,0,12
86623.991553,2026-07-22T15:18:57.948,67,0,3,0,12
86623.994072,2026-07-22T15:18:57.951,67,0,3,0,12
86623.996607,2026-07-22T15:18:57.953,67,0,3,0,12
86623.999120,2026-07-22T15:18:57.956,67,0,3,0,12
86624.001146,2026-07-22T15:18:57.958,67,0,3,0,12
86624.003179,2026-07-22T15:18:57.960,67,0,3,0,12
86624.005881,2026-07-22T15:18:57.962,67,0,3,0,12
86624.008148,2026-07-22T15:18:57.965,67,0,3,0,12
86624.010377,2026-07-22T15:18:57.967,67,0,3,0,12
86624.012956,2026-07-22T15:18:57.969,67,0,3,0,12
86624.015530,2026-07-22T15:18:57.972,67,0,3,0,12
86624.017553,2026-07-22T15:18:57.974,67,0,3,0,12
86624.019585,2026-07-22T15:18:57.976,67,0,3,0,12
86624.021623,2026-07-22T15:18:57.978,67,0,3,0,12
86624.023681,2026-07-22T15:18:57.980,67,0,3,0,12
86624.025750,2026-07-22T15:18:57.982,67,0,3,0,12
86624.027780,2026-07-22T15:18:57.984,67,0,3,0,12
86624.029819,2026-07-22T15:18:57.986,67,0,3,0,12
86624.031861,2026-07-22T15:18:57.988,67,0,3,0,12
86624.033913,2026-07-22T15:18:57.990,67,0,3,0,12
86624.035975,2026-07-22T15:18:57.992,67,0,3,0,12
86624.038158,2026-07-22T15:18:57.995,67,0,3,0,12
86624.040197,2026-07-22T15:18:57.997,67,0,3,0,12
86624.042707,2026-07-22T15:18:57.999,67,0,3,0,12
86624.045229,2026-07-22T15:18:58.002,67,0,3,0,12
86624.047293,2026-07-22T15:18:58.004,67,0,3,0,12
86624.049643,2026-07-22T15:18:58.005,67,0,3,0,12
86624.051822,2026-07-22T15:18:58.008,67,0,3,0,12
86624.053853,2026-07-22T15:18:58.010,67,0,3,0,12
86624.055885,2026-07-22T15:18:58.012,67,0,3,0,12
86624.058391,2026-07-22T15:18:58.015,67,0,3,0,12
86624.060929,2026-07-22T15:18:58.017,67,0,3,0,12
86624.063431,2026-07-22T15:18:58.020,67,0,3,0,12
86624.065945,2026-07-22T15:18:58.022,67,0,3,0,12
86624.068759,2026-07-22T15:18:58.025,237,0,3,0,12
86624.071282,2026-07-22T15:18:58.028,237,0,3,0,12
86624.073757,2026-07-22T15:18:58.030,237,0,3,0,12
86624.075814,2026-07-22T15:18:58.032,237,0,3,0,12
86624.078332,2026-07-22T15:18:58.035,237,0,3,0,12
86624.080860,2026-07-22T15:18:58.037,237,0,3,0,12
86624.083388,2026-07-22T15:18:58.040,237,0,3,0,12
86624.085507,2026-07-22T15:18:58.042,237,0,3,0,12
86624.087787,2026-07-22T15:18:58.044,237,0,3,0,12
86624.090299,2026-07-22T15:18:58.047,237,0,3,0,12
86624.092812,2026-07-22T15:18:58.049,237,0,3,0,12
86624.095316,2026-07-22T15:18:58.052,237,0,3,0,12
86624.097384,2026-07-22T15:18:58.054,237,0,3,0,12
86624.099582,2026-07-22T15:18:58.055,237,0,3,0,12
86624.101670,2026-07-22T15:18:58.058,237,0,3,0,12
86624.104175,2026-07-22T15:18:58.061,237,0,3,0,12
86624.106693,2026-07-22T15:18:58.063,237,0,3,0,12
86624.109187,2026-07-22T15:18:58.066,237,0,3,0,12
86624.111300,2026-07-22T15:18:58.068,237,0,3,0,12
86624.113705,2026-07-22T15:18:58.070,237,0,3,0,12
86624.116196,2026-07-22T15:18:58.073,237,0,3,0,12
86624.118709,2026-07-22T15:18:58.075,237,0,3,0,12
86624.120778,2026-07-22T15:18:58.077,237,0,3,0,12
86624.123263,2026-07-22T15:18:58.080,237,0,3,0,12
86624.125782,2026-07-22T15:18:58.082,237,0,3,0,12
86624.128297,2026-07-22T15:18:58.085,237,0,3,0,12
86624.130848,2026-07-22T15:18:58.087,237,0,3,0,12
86624.133350,2026-07-22T15:18:58.090,237,0,3,0,12
86624.135720,2026-07-22T15:18:58.092,237,0,3,0,12
86624.138243,2026-07-22T15:18:58.095,237,0,3,0,12
86624.140295,2026-07-22T15:18:58.097,237,0,3,0,12
86624.142577,2026-07-22T15:18:58.099,237,0,3,0,12
86624.144993,2026-07-22T15:18:58.101,237,0,3,0,12
86624.147515,2026-07-22T15:18:58.104,237,0,3,0,12
86624.149945,2026-07-22T15:18:58.106,237,0,3,0,12
86624.152467,2026-07-22T15:18:58.109,237,0,3,0,12
86624.154987,2026-07-22T15:18:58.111,237,0,3,0,12
86624.157490,2026-07-22T15:18:58.114,237,0,3,0,12
86624.160009,2026-07-22T15:18:58.116,237,0,3,0,12
86624.162041,2026-07-22T15:18:58.119,237,0,3,0,12
86624.164064,2026-07-22T15:18:58.121,237,0,3,0,12
86624.166095,2026-07-22T15:18:58.123,237,0,3,0,12
86624.168112,2026-07-22T15:18:58.125,237,0,3,0,12
86624.170628,2026-07-22T15:18:58.127,237,0,3,0,12
86624.173155,2026-07-22T15:18:58.130,237,0,3,0,12
86624.175252,2026-07-22T15:18:58.132,237,0,3,0,12
86624.177529,2026-07-22T15:18:58.134,237,0,3,0,12
86624.180091,2026-07-22T15:18:58.137,237,0,3,0,12
86624.182123,2026-07-22T15:18:58.139,237,0,3,0,12
86624.184163,2026-07-22T15:18:58.141,237,0,3,0,12
86624.186681,2026-07-22T15:18:58.143,237,0,3,0,12
86624.188699,2026-07-22T15:18:58.145,237,0,3,0,12
86624.190721,2026-07-22T15:18:58.147,237,0,3,0,12
86624.192797,2026-07-22T15:18:58.149,237,0,3,0,12
86624.194824,2026-07-22T15:18:58.151,237,0,3,0,12
86624.197346,2026-07-22T15:18:58.154,237,0,3,0,12
86624.199866,2026-07-22T15:18:58.156,237,0,3,0,12
86624.202381,2026-07-22T15:18:58.159,237,0,3,0,12
86624.205111,2026-07-22T15:18:58.162,237,0,3,0,12
86624.207296,2026-07-22T15:18:58.164,237,0,3,0,12
86624.209324,2026-07-22T15:18:58.166,237,0,3,0,12
86624.211841,2026-07-22T15:18:58.168,237,0,3,0,12
86624.213862,2026-07-22T15:18:58.170,237,0,3,0,12
86624.216419,2026-07-22T15:18:58.173,237,0,3,0,12
86624.218919,2026-07-22T15:18:58.175,237,0,3,0,12
86624.220955,2026-07-22T15:18:58.177,237,0,3,0,12
86624.222999,2026-07-22T15:18:58.179,237,0,3,0,12
86624.225525,2026-07-22T15:18:58.182,237,0,3,0,12
86624.228174,2026-07-22T15:18:58.185,237,0,3,0,12
86624.230772,2026-07-22T15:18:58.187,237,0,3,0,12
86624.233404,2026-07-22T15:18:58.190,237,0,3,0,12
86624.235427,2026-07-22T15:18:58.192,237,0,3,0,12
86624.237455,2026-07-22T15:18:58.194,237,0,3,0,12
86624.239525,2026-07-22T15:18:58.196,237,0,3,0,12
86624.242009,2026-07-22T15:18:58.198,237,0,3,0,12
86624.244529,2026-07-22T15:18:58.201,237,0,3,0,12
86624.246620,2026-07-22T15:18:58.203,237,0,3,0,12
86624.248872,2026-07-22T15:18:58.205,237,0,3,0,12
86624.251661,2026-07-22T15:18:58.208,237,0,3,0,12
86624.254301,2026-07-22T15:18:58.211,237,0,3,0,12
86624.256330,2026-07-22T15:18:58.213,237,0,3,0,12
86624.258364,2026-07-22T15:18:58.215,237,0,3,0,12
86624.260457,2026-07-22T15:18:58.217,237,0,3,0,12
86624.262505,2026-07-22T15:18:58.219,237,0,3,0,12
86624.265023,2026-07-22T15:18:58.221,237,0,3,0,12
86624.267549,2026-07-22T15:18:58.224,237,0,3,0,12
86624.270281,2026-07-22T15:18:58.227,237,0,3,0,12
86624.272741,2026-07-22T15:18:58.229,237,0,3,0,12
86624.275278,2026-07-22T15:18:58.232,237,0,3,0,12
86624.277816,2026-07-22T15:18:58.234,237,0,3,0,12
86624.280335,2026-07-22T15:18:58.237,237,0,3,0,12
86624.282444,2026-07-22T15:18:58.239,237,0,3,0,12
86624.284534,2026-07-22T15:18:58.241,237,0,3,0,12
86624.287071,2026-07-22T15:18:58.244,237,0,3,0,12
86624.289156,2026-07-22T15:18:58.246,237,0,3,0,12
86624.291190,2026-07-22T15:18:58.248,237,0,3,0,12
86624.293216,2026-07-22T15:18:58.250,237,0,3,0,12
86624.295721,2026-07-22T15:18:58.252,237,0,3,0,12
86624.297748,2026-07-22T15:18:58.254,237,0,3,0,12
86624.299801,2026-07-22T15:18:58.256,237,0,3,0,12
86624.302078,2026-07-22T15:18:58.258,237,0,3,0,12
86624.304323,2026-07-22T15:18:58.261,237,0,3,0,12
86624.306846,2026-07-22T15:18:58.263,237,0,3,0,12
86624.309346,2026-07-22T15:18:58.266,237,0,3,0,12
86624.311862,2026-07-22T15:18:58.268,237,0,3,0,12
86624.314858,2026-07-22T15:18:58.271,249,3,3,0,0
86624.317228,2026-07-22T15:18:58.274,249,3,3,0,0
86624.319753,2026-07-22T15:18:58.276,249,3,3,0,0
86624.322377,2026-07-22T15:18:58.279,249,3,3,0,0
86624.324934,2026-07-22T15:18:58.281,249,3,3,0,0
86624.327004,2026-07-22T15:18:58.283,249,3,3,0,0
86624.329538,2026-07-22T15:18:58.286,249,3,3,0,0
86624.332056,2026-07-22T15:18:58.289,249,3,3,0,0
86624.334081,2026-07-22T15:18:58.291,249,3,3,0,0
86624.336600,2026-07-22T15:18:58.293,249,3,3,0,0
86624.339031,2026-07-22T15:18:58.296,249,3,3,0,0
86624.341502,2026-07-22T15:18:58.298,249,3,3,0,0
86624.343922,2026-07-22T15:18:58.300,249,3,3,0,0
86624.346029,2026-07-22T15:18:58.302,249,3,3,0,0
86624.348547,2026-07-22T15:18:58.305,249,3,3,0,0
86624.350946,2026-07-22T15:18:58.307,249,3,3,0,0
86624.353451,2026-07-22T15:18:58.310,249,3,3,0,0
86624.355769,2026-07-22T15:18:58.312,249,3,3,0,0
86624.358296,2026-07-22T15:18:58.315,249,3,3,0,0
86624.360872,2026-07-22T15:18:58.317,249,3,3,0,0
86624.363509,2026-07-22T15:18:58.320,249,3,3,0,0
86624.365751,2026-07-22T15:18:58.322,249,3,3,0,0
86624.368184,2026-07-22T15:18:58.325,249,3,3,0,0
86624.370217,2026-07-22T15:18:58.327,249,3,3,0,0
86624.372628,2026-07-22T15:18:58.329,249,3,3,0,0
86624.375154,2026-07-22T15:18:58.332,249,3,3,0,0
86624.377760,2026-07-22T15:18:58.334,249,3,3,0,0
86624.380343,2026-07-22T15:18:58.337,249,3,3,0,0
86624.382844,2026-07-22T15:18:58.339,249,3,3,0,0
86624.385351,2026-07-22T15:18:58.342,249,3,3,0,0
86624.387895,2026-07-22T15:18:58.344,249,3,3,0,0
86624.390295,2026-07-22T15:18:58.347,249,3,3,0,0
86624.392321,2026-07-22T15:18:58.349,249,3,3,0,0
86624.394822,2026-07-22T15:18:58.351,249,3,3,0,0
86624.397352,2026-07-22T15:18:58.354,249,3,3,0,0
86624.400138,2026-07-22T15:18:58.357,249,3,3,0,0
86624.402261,2026-07-22T15:18:58.359,249,3,3,0,0
86624.404792,2026-07-22T15:18:58.361,249,3,3,0,0
86624.407283,2026-07-22T15:18:58.364,249,3,3,0,0
86624.409314,2026-07-22T15:18:58.366,249,3,3,0,0
86624.411783,2026-07-22T15:18:58.368,249,3,3,0,0
86624.414308,2026-07-22T15:18:58.371,249,3,3,0,0
86624.416714,2026-07-22T15:18:58.373,249,3,3,0,0
86624.419331,2026-07-22T15:18:58.376,249,3,3,0,0
86624.421407,2026-07-22T15:18:58.378,249,3,3,0,0
86624.423814,2026-07-22T15:18:58.380,249,3,3,0,0
86624.426346,2026-07-22T15:18:58.383,249,3,3,0,0
86624.428822,2026-07-22T15:18:58.385,249,3,3,0,0
86624.431342,2026-07-22T15:18:58.388,249,3,3,0,0
86624.434050,2026-07-22T15:18:58.391,249,3,3,0,0
86624.436647,2026-07-22T15:18:58.393,249,3,3,0,0
86624.439128,2026-07-22T15:18:58.396,249,3,3,0,0
86624.441462,2026-07-22T15:18:58.398,249,3,3,0,0
86624.444139,2026-07-22T15:18:58.401,249,3,3,0,0
86624.446667,2026-07-22T15:18:58.403,249,3,3,0,0
86624.448700,2026-07-22T15:18:58.405,249,3,3,0,0
86624.451096,2026-07-22T15:18:58.408,249,3,3,0,0
86624.453616,2026-07-22T15:18:58.410,249,3,3,0,0
86624.455657,2026-07-22T15:18:58.412,249,3,3,0,0
86624.457795,2026-07-22T15:18:58.414,249,3,3,0,0
86624.460229,2026-07-22T15:18:58.417,249,3,3,0,0
86624.462692,2026-07-22T15:18:58.419,249,3,3,0,0
86624.465225,2026-07-22T15:18:58.422,249,3,3,0,0
86624.467897,2026-07-22T15:18:58.424,249,3,3,0,0
86624.470434,2026-07-22T15:18:58.427,249,3,3,0,0
86624.472938,2026-07-22T15:18:58.429,249,3,3,0,0
86624.475422,2026-07-22T15:18:58.432,249,3,3,0,0
86624.478050,2026-07-22T15:18:58.435,249,3,3,0,0
86624.480498,2026-07-22T15:18:58.437,249,3,3,0,0
86624.482530,2026-07-22T15:18:58.439,249,3,3,0,0
86624.484926,2026-07-22T15:18:58.441,249,3,3,0,0
86624.487457,2026-07-22T15:18:58.444,249,3,3,0,0
86624.490092,2026-07-22T15:18:58.447,249,3,3,0,0
86624.492645,2026-07-22T15:18:58.449,249,3,3,0,0
86624.495145,2026-07-22T15:18:58.452,249,3,3,0,0
86624.497892,2026-07-22T15:18:58.454,249,3,3,0,0
86624.499933,2026-07-22T15:18:58.456,249,3,3,0,0
86624.503114,2026-07-22T15:18:58.459,249,3,3,0,0
86624.505453,2026-07-22T15:18:58.462,249,3,3,0,0
86624.507832,2026-07-22T15:18:58.464,249,3,3,0,0
86624.510364,2026-07-22T15:18:58.467,249,3,3,0,0
86624.512870,2026-07-22T15:18:58.469,249,3,3,0,0
86624.514893,2026-07-22T15:18:58.471,249,3,3,0,0
86624.517092,2026-07-22T15:18:58.474,249,3,3,0,0
86624.519648,2026-07-22T15:18:58.476,249,3,3,0,0
86624.522163,2026-07-22T15:18:58.479,249,3,3,0,0
86624.524667,2026-07-22T15:18:58.481,249,3,3,0,0
86624.526700,2026-07-22T15:18:58.483,249,3,3,0,0
86624.528721,2026-07-22T15:18:58.485,249,3,3,0,0
86624.531233,2026-07-22T15:18:58.488,249,3,3,0,0
86624.533262,2026-07-22T15:18:58.490,249,3,3,0,0
86624.535744,2026-07-22T15:18:58.492,249,3,3,0,0
86624.538270,2026-07-22T15:18:58.495,249,3,3,0,0
86624.540776,2026-07-22T15:18:58.497,249,3,3,0,0
86624.542803,2026-07-22T15:18:58.499,249,3,3,0,0
86624.545314,2026-07-22T15:18:58.502,249,3,3,0,0
86624.548099,2026-07-22T15:18:58.505,249,3,3,0,0
86624.550659,2026-07-22T15:18:58.507,249,3,3,0,0
86624.553107,2026-07-22T15:18:58.510,249,3,3,0,0
86624.555635,2026-07-22T15:18:58.512,249,3,3,0,0
86624.557916,2026-07-22T15:18:58.514,249,3,3,0,0
86624.560225,2026-07-22T15:18:58.517,249,3,3,0,0
86624.562673,2026-07-22T15:18:58.519,249,3,3,0,0
86624.565192,2026-07-22T15:18:58.522,249,3,3,0,0
86624.567626,2026-07-22T15:18:58.524,249,3,3,0,0
86624.570334,2026-07-22T15:18:58.527,249,3,3,0,0
86624.572406,2026-07-22T15:18:58.529,249,3,3,0,0
86624.574885,2026-07-22T15:18:58.531,249,3,3,0,0
86624.577397,2026-07-22T15:18:58.534,249,3,3,0,0
86624.580025,2026-07-22T15:18:58.536,249,3,3,0,0
86624.582529,2026-07-22T15:18:58.539,249,3,3,0,0
86624.585029,2026-07-22T15:18:58.541,249,3,3,0,0
86624.587539,2026-07-22T15:18:58.544,249,3,3,0,0
86624.590131,2026-07-22T15:18:58.547,249,3,3,0,0
86624.592631,2026-07-22T15:18:58.549,249,3,3,0,0
86624.595029,2026-07-22T15:18:58.552,249,3,3,0,0
86624.597491,2026-07-22T15:18:58.554,249,3,3,0,0
86624.599640,2026-07-22T15:18:58.556,249,3,3,0,0
86624.602120,2026-07-22T15:18:58.559,249,3,3,0,0
86624.604635,2026-07-22T15:18:58.561,249,3,3,0,0
86624.607408,2026-07-22T15:18:58.564,249,3,3,0,0
86624.609922,2026-07-22T15:18:58.566,249,3,3,0,0
86624.612398,2026-07-22T15:18:58.569,249,3,3,0,0
86624.614951,2026-07-22T15:18:58.571,249,3,3,0,0
86624.617084,2026-07-22T15:18:58.574,249,3,3,0,0
86624.619832,2026-07-22T15:18:58.576,249,3,3,0,0
86624.622343,2026-07-22T15:18:58.579,249,3,3,0,0
86624.625022,2026-07-22T15:18:58.581,249,3,3,0,0
86624.627541,2026-07-22T15:18:58.584,249,3,3,0,0
86624.629762,2026-07-22T15:18:58.586,249,3,3,0,0
86624.632266,2026-07-22T15:18:58.589,249,3,3,0,0
86624.634718,2026-07-22T15:18:58.591,249,3,3,0,0
86624.637102,2026-07-22T15:18:58.594,249,3,3,0,0
86624.639611,2026-07-22T15:18:58.596,249,3,3,0,0
86624.642113,2026-07-22T15:18:58.599,249,3,3,0,0
86624.644620,2026-07-22T15:18:58.601,249,3,3,0,0
86624.647004,2026-07-22T15:18:58.603,249,3,3,0,0
86624.649531,2026-07-22T15:18:58.606,249,3,3,0,0
86624.652042,2026-07-22T15:18:58.609,249,3,3,0,0
86624.654058,2026-07-22T15:18:58.611,249,3,3,0,0
86624.656687,2026-07-22T15:18:58.613,249,3,3,0,0
86624.659425,2026-07-22T15:18:58.616,249,3,3,0,0
86624.661579,2026-07-22T15:18:58.618,217,0,3,0,12
86624.664103,2026-07-22T15:18:58.621,217,0,3,0,12
86624.666136,2026-07-22T15:18:58.623,217,0,3,0,12
86624.668787,2026-07-22T15:18:58.625,217,0,3,0,12
86624.671225,2026-07-22T15:18:58.628,217,0,3,0,12
86624.673709,2026-07-22T15:18:58.630,217,0,3,0,12
86624.676238,2026-07-22T15:18:58.633,217,0,3,0,12
86624.678754,2026-07-22T15:18:58.635,217,0,3,0,12
86624.680888,2026-07-22T15:18:58.637,217,0,3,0,12
86624.683468,2026-07-22T15:18:58.640,217,0,3,0,12
86624.686141,2026-07-22T15:18:58.643,217,0,3,0,12
86624.688838,2026-07-22T15:18:58.645,217,0,3,0,12
86624.691562,2026-07-22T15:18:58.648,217,0,3,0,12
86624.694328,2026-07-22T15:18:58.651,217,0,3,0,12
86624.696912,2026-07-22T15:18:58.653,217,0,3,0,12
86624.699562,2026-07-22T15:18:58.656,217,0,3,0,12
86624.701904,2026-07-22T15:18:58.658,217,0,3,0,12
86624.704033,2026-07-22T15:18:58.661,217,0,3,0,12
86624.706564,2026-07-22T15:18:58.663,217,0,3,0,12
86624.708921,2026-07-22T15:18:58.665,217,0,3,0,12
86624.711454,2026-07-22T15:18:58.668,217,0,3,0,12
86624.713919,2026-07-22T15:18:58.670,217,0,3,0,12
86624.716390,2026-07-22T15:18:58.673,217,0,3,0,12
86624.719056,2026-07-22T15:18:58.676,217,0,3,0,12
86624.721103,2026-07-22T15:18:58.678,217,0,3,0,12
86624.723579,2026-07-22T15:18:58.680,217,0,3,0,12
86624.725963,2026-07-22T15:18:58.682,217,0,3,0,12
86624.728493,2026-07-22T15:18:58.685,217,0,3,0,12
86624.731004,2026-07-22T15:18:58.687,217,0,3,0,12
86624.733038,2026-07-22T15:18:58.690,217,0,3,0,12
86624.735481,2026-07-22T15:18:58.692,217,0,3,0,12
86624.738018,2026-07-22T15:18:58.694,217,0,3,0,12
86624.740509,2026-07-22T15:18:58.697,217,0,3,0,12
86624.743063,2026-07-22T15:18:58.700,217,0,3,0,12
86624.745634,2026-07-22T15:18:58.702,217,0,3,0,12
86624.748146,2026-07-22T15:18:58.705,217,0,3,0,12
86624.750626,2026-07-22T15:18:58.707,217,0,3,0,12
86624.752926,2026-07-22T15:18:58.709,217,0,3,0,12
86624.755729,2026-07-22T15:18:58.712,217,0,3,0,12
86624.758307,2026-07-22T15:18:58.715,217,0,3,0,12
86624.760858,2026-07-22T15:18:58.717,217,0,3,0,12
86624.763453,2026-07-22T15:18:58.720,217,0,3,0,12
86624.765656,2026-07-22T15:18:58.722,217,0,3,0,12
86624.768349,2026-07-22T15:18:58.725,217,0,3,0,12
86624.770379,2026-07-22T15:18:58.727,217,0,3,0,12
86624.772913,2026-07-22T15:18:58.729,217,0,3,0,12
86624.775332,2026-07-22T15:18:58.732,217,0,3,0,12
86624.777895,2026-07-22T15:18:58.734,217,0,3,0,12
86624.780491,2026-07-22T15:18:58.737,217,0,3,0,12
86624.783009,2026-07-22T15:18:58.739,217,0,3,0,12
86624.785714,2026-07-22T15:18:58.742,217,0,3,0,12
86624.788367,2026-07-22T15:18:58.745,217,0,3,0,12
86624.790875,2026-07-22T15:18:58.747,217,0,3,0,12
86624.793218,2026-07-22T15:18:58.750,217,0,3,0,12
86624.795843,2026-07-22T15:18:58.752,217,0,3,0,12
86624.798513,2026-07-22T15:18:58.755,217,0,3,0,12
86624.800789,2026-07-22T15:18:58.757,217,0,3,0,12
86624.803138,2026-07-22T15:18:58.760,217,0,3,0,12
86624.805620,2026-07-22T15:18:58.762,217,0,3,0,12
86624.807993,2026-07-22T15:18:58.764,217,0,3,0,12
86624.810501,2026-07-22T15:18:58.767,217,0,3,0,12
86624.812891,2026-07-22T15:18:58.769,217,0,3,0,12
86624.815612,2026-07-22T15:18:58.772,217,0,3,0,12
86624.817856,2026-07-22T15:18:58.774,217,0,3,0,12
86624.820333,2026-07-22T15:18:58.777,217,0,3,0,12
86624.823029,2026-07-22T15:18:58.779,217,0,3,0,12
86624.825739,2026-07-22T15:18:58.782,217,0,3,0,12
86624.828309,2026-07-22T15:18:58.785,217,0,3,0,12
86624.830823,2026-07-22T15:18:58.787,217,0,3,0,12
86624.833352,2026-07-22T15:18:58.790,217,0,3,0,12
86624.835835,2026-07-22T15:18:58.792,217,0,3,0,12
86624.838338,2026-07-22T15:18:58.795,217,0,3,0,12
86624.841083,2026-07-22T15:18:58.798,217,0,3,0,12
86624.843806,2026-07-22T15:18:58.800,217,0,3,0,12
86624.846283,2026-07-22T15:18:58.803,217,0,3,0,12
86624.848918,2026-07-22T15:18:58.805,217,0,3,0,12
86624.851400,2026-07-22T15:18:58.808,217,0,3,0,12
86624.853504,2026-07-22T15:18:58.810,217,0,3,0,12
86624.856117,2026-07-22T15:18:58.813,217,0,3,0,12
86624.858668,2026-07-22T15:18:58.815,217,0,3,0,12
86624.861266,2026-07-22T15:18:58.818,217,0,3,0,12
86624.863909,2026-07-22T15:18:58.820,217,0,3,0,12
86624.866712,2026-07-22T15:18:58.823,217,0,3,0,12
86624.869502,2026-07-22T15:18:58.826,217,0,3,0,12
86624.872005,2026-07-22T15:18:58.828,217,0,3,0,12
86624.874472,2026-07-22T15:18:58.831,217,0,3,0,12
86624.876977,2026-07-22T15:18:58.833,217,0,3,0,12
86624.879450,2026-07-22T15:18:58.836,217,0,3,0,12
86624.881953,2026-07-22T15:18:58.838,217,0,3,0,12
86624.884447,2026-07-22T15:18:58.841,217,0,3,0,12
86624.886903,2026-07-22T15:18:58.843,217,0,3,0,12
86624.889279,2026-07-22T15:18:58.846,217,0,3,0,12
86624.891782,2026-07-22T15:18:58.848,217,0,3,0,12
86624.893882,2026-07-22T15:18:58.850,217,0,3,0,12
86624.896583,2026-07-22T15:18:58.853,217,0,3,0,12
86624.899256,2026-07-22T15:18:58.856,217,0,3,0,12
86624.901616,2026-07-22T15:18:58.858,217,0,3,0,12
86624.904083,2026-07-22T15:18:58.861,217,0,3,0,12
86624.906393,2026-07-22T15:18:58.863,119,0,3,0,9
86624.909055,2026-07-22T15:18:58.866,119,0,3,0,9
86624.911687,2026-07-22T15:18:58.868,119,0,3,0,9
86624.914184,2026-07-22T15:18:58.871,119,0,3,0,9
86624.916656,2026-07-22T15:18:58.873,119,0,3,0,9
86624.919097,2026-07-22T15:18:58.876,119,0,3,0,9
86624.921792,2026-07-22T15:18:58.878,119,0,3,0,9
86624.924187,2026-07-22T15:18:58.881,119,0,3,0,9
86624.927008,2026-07-22T15:18:58.883,119,0,3,0,9
86624.929646,2026-07-22T15:18:58.886,119,0,3,0,9
86624.932087,2026-07-22T15:18:58.889,119,0,3,0,9
86624.934122,2026-07-22T15:18:58.891,119,0,3,0,9
86624.936143,2026-07-22T15:18:58.893,119,0,3,0,9
86624.938170,2026-07-22T15:18:58.895,119,0,3,0,9
86624.940691,2026-07-22T15:18:58.897,119,0,3,0,9
86624.943203,2026-07-22T15:18:58.900,119,0,3,0,9
86624.945813,2026-07-22T15:18:58.902,119,0,3,0,9
86624.948613,2026-07-22T15:18:58.905,119,0,3,0,9
86624.950984,2026-07-22T15:18:58.907,119,0,3,0,9
86624.953477,2026-07-22T15:18:58.910,119,0,3,0,9
86624.956000,2026-07-22T15:18:58.912,119,0,3,0,9
86624.958020,2026-07-22T15:18:58.915,119,0,3,0,9
86624.960513,2026-07-22T15:18:58.917,119,0,3,0,9
86624.963113,2026-07-22T15:18:58.920,119,0,3,0,9
86624.965714,2026-07-22T15:18:58.922,119,0,3,0,9
86624.968321,2026-07-22T15:18:58.925,119,0,3,0,9
86624.970818,2026-07-22T15:18:58.927,119,0,3,0,9
86624.973416,2026-07-22T15:18:58.930,119,0,3,0,9
86624.975460,2026-07-22T15:18:58.932,119,0,3,0,9
86624.978112,2026-07-22T15:18:58.935,119,0,3,0,9
86624.980685,2026-07-22T15:18:58.937,119,0,3,0,9
86624.983144,2026-07-22T15:18:58.940,119,0,3,0,9
86624.985825,2026-07-22T15:18:58.942,119,0,3,0,9
86624.988358,2026-07-22T15:18:58.945,119,0,3,0,9
86624.990896,2026-07-22T15:18:58.947,119,0,3,0,9
86624.993557,2026-07-22T15:18:58.950,119,0,3,0,9
86624.996076,2026-07-22T15:18:58.953,119,0,3,0,9
86624.998336,2026-07-22T15:18:58.955,119,0,3,0,9
86625.000822,2026-07-22T15:18:58.957,119,0,3,0,9
86625.003525,2026-07-22T15:18:58.960,119,0,3,0,9
86625.006176,2026-07-22T15:18:58.963,119,0,3,0,9
86625.008933,2026-07-22T15:18:58.965,119,0,3,0,9
86625.011598,2026-07-22T15:18:58.968,119,0,3,0,9
86625.014283,2026-07-22T15:18:58.971,119,0,3,0,9
86625.016314,2026-07-22T15:18:58.973,119,0,3,0,9
86625.018906,2026-07-22T15:18:58.975,119,0,3,0,9
86625.021373,2026-07-22T15:18:58.978,119,0,3,0,9
86625.024172,2026-07-22T15:18:58.981,119,0,3,0,9
86625.026678,2026-07-22T15:18:58.983,119,0,3,0,9
86625.029116,2026-07-22T15:18:58.986,119,0,3,0,9
86625.031643,2026-07-22T15:18:58.988,119,0,3,0,9
86625.034086,2026-07-22T15:18:58.991,119,0,3,0,9
86625.036610,2026-07-22T15:18:58.993,119,0,3,0,9
86625.039076,2026-07-22T15:18:58.996,119,0,3,0,9
86625.041567,2026-07-22T15:18:58.998,119,0,3,0,9
86625.044087,2026-07-22T15:18:59.001,119,0,3,0,9
86625.046476,2026-07-22T15:18:59.003,119,0,3,0,9
86625.048968,2026-07-22T15:18:59.005,119,0,3,0,9
86625.051466,2026-07-22T15:18:59.008,119,0,3,0,9
86625.054136,2026-07-22T15:18:59.011,119,0,3,0,9
86625.056742,2026-07-22T15:18:59.013,119,0,3,0,9
86625.059097,2026-07-22T15:18:59.016,119,0,3,0,9
86625.061638,2026-07-22T15:18:59.018,119,0,3,0,9
86625.064102,2026-07-22T15:18:59.021,119,0,3,0,9
86625.066468,2026-07-22T15:18:59.023,119,0,3,0,9
86625.068954,2026-07-22T15:18:59.025,119,0,3,0,9
86625.071436,2026-07-22T15:18:59.028,119,0,3,0,9
86625.073984,2026-07-22T15:18:59.030,119,0,3,0,9
86625.076515,2026-07-22T15:18:59.033,119,0,3,0,9
86625.078564,2026-07-22T15:18:59.035,119,0,3,0,9
86625.080576,2026-07-22T15:18:59.037,119,0,3,0,9
86625.082622,2026-07-22T15:18:59.039,119,0,3,0,9
86625.085128,2026-07-22T15:18:59.042,119,0,3,0,9
86625.087618,2026-07-22T15:18:59.044,119,0,3,0,9
86625.090079,2026-07-22T15:18:59.047,119,0,3,0,9
86625.092460,2026-07-22T15:18:59.049,119,0,3,0,9
86625.094921,2026-07-22T15:18:59.051,119,0,3,0,9
86625.097344,2026-07-22T15:18:59.054,119,0,3,0,9
86625.099859,2026-07-22T15:18:59.056,119,0,3,0,9
86625.101971,2026-07-22T15:18:59.058,119,0,3,0,9
86625.104709,2026-07-22T15:18:59.061,119,0,3,0,9
86625.107506,2026-07-22T15:18:59.064,119,0,3,0,9
86625.109661,2026-07-22T15:18:59.066,119,0,3,0,9
86625.112437,2026-07-22T15:18:59.069,119,0,3,0,9
86625.115167,2026-07-22T15:18:59.072,119,0,3,0,9
86625.117834,2026-07-22T15:18:59.074,119,0,3,0,9
86625.120370,2026-07-22T15:18:59.077,119,0,3,0,9
86625.122873,2026-07-22T15:18:59.079,119,0,3,0,9
86625.125316,2026-07-22T15:18:59.082,119,0,3,0,9
86625.127808,2026-07-22T15:18:59.084,119,0,3,0,9
86625.130359,2026-07-22T15:18:59.087,119,0,3,0,9
86625.132974,2026-07-22T15:18:59.089,119,0,3,0,9
86625.135440,2026-07-22T15:18:59.092,119,0,3,0,9
86625.137977,2026-07-22T15:18:59.094,119,0,3,0,9
86625.139991,2026-07-22T15:18:59.096,119,0,3,0,9
86625.142457,2026-07-22T15:18:59.099,119,0,3,0,9
86625.144934,2026-07-22T15:18:59.101,119,0,3,0,9
86625.147424,2026-07-22T15:18:59.104,119,0,3,0,9
86625.149984,2026-07-22T15:18:59.106,21,0,3,0,8
86625.152549,2026-07-22T15:18:59.109,21,0,3,0,8
86625.155271,2026-07-22T15:18:59.112,21,0,3,0,8
86625.157457,2026-07-22T15:18:59.114,21,0,3,0,8
86625.160085,2026-07-22T15:18:59.117,21,0,3,0,8
86625.162272,2026-07-22T15:18:59.119,21,0,3,0,8
86625.164917,2026-07-22T15:18:59.121,21,0,3,0,8
86625.167407,2026-07-22T15:18:59.124,21,0,3,0,8
86625.169972,2026-07-22T15:18:59.126,21,0,3,0,8
86625.172545,2026-07-22T15:18:59.129,21,0,3,0,8
86625.175068,2026-07-22T15:18:59.132,21,0,3,0,8
86625.177219,2026-07-22T15:18:59.134,21,0,3,0,8
86625.179969,2026-07-22T15:18:59.136,21,0,3,0,8
86625.182496,2026-07-22T15:18:59.139,21,0,3,0,8
86625.185086,2026-07-22T15:18:59.142,21,0,3,0,8
86625.187650,2026-07-22T15:18:59.144,21,0,3,0,8
86625.190138,2026-07-22T15:18:59.147,21,0,3,0,8
86625.192918,2026-07-22T15:18:59.149,21,0,3,0,8
86625.195225,2026-07-22T15:18:59.152,21,0,3,0,8
86625.197458,2026-07-22T15:18:59.154,21,0,3,0,8
86625.199624,2026-07-22T15:18:59.156,21,0,3,0,8
86625.202137,2026-07-22T15:18:59.159,21,0,3,0,8
86625.204883,2026-07-22T15:18:59.161,21,0,3,0,8
86625.207608,2026-07-22T15:18:59.164,21,0,3,0,8
86625.210012,2026-07-22T15:18:59.166,21,0,3,0,8
86625.212699,2026-07-22T15:18:59.169,21,0,3,0,8
86625.215076,2026-07-22T15:18:59.172,21,0,3,0,8
86625.217805,2026-07-22T15:18:59.174,21,0,3,0,8
86625.220389,2026-07-22T15:18:59.177,21,0,3,0,8
86625.222905,2026-07-22T15:18:59.179,21,0,3,0,8
86625.225638,2026-07-22T15:18:59.182,21,0,3,0,8
86625.228314,2026-07-22T15:18:59.185,21,0,3,0,8
86625.231126,2026-07-22T15:18:59.188,21,0,3,0,8
86625.233837,2026-07-22T15:18:59.190,21,0,3,0,8
86625.236536,2026-07-22T15:18:59.193,21,0,3,0,8
86625.239145,2026-07-22T15:18:59.196,21,0,3,0,8
86625.241767,2026-07-22T15:18:59.198,21,0,3,0,8
86625.244286,2026-07-22T15:18:59.201,21,0,3,0,8
86625.246848,2026-07-22T15:18:59.203,21,0,3,0,8
86625.249386,2026-07-22T15:18:59.206,21,0,3,0,8
86625.251878,2026-07-22T15:18:59.208,21,0,3,0,8
86625.254587,2026-07-22T15:18:59.211,21,0,3,0,8
86625.257081,2026-07-22T15:18:59.214,21,0,3,0,8
86625.259801,2026-07-22T15:18:59.216,21,0,3,0,8
86625.262292,2026-07-22T15:18:59.219,21,0,3,0,8
86625.264337,2026-07-22T15:18:59.221,21,0,3,0,8
86625.266866,2026-07-22T15:18:59.223,21,0,3,0,8
86625.269282,2026-07-22T15:18:59.226,21,0,3,0,8
86625.271815,2026-07-22T15:18:59.228,21,0,3,0,8
86625.274149,2026-07-22T15:18:59.231,21,0,3,0,8
86625.276185,2026-07-22T15:18:59.233,21,0,3,0,8
86625.278812,2026-07-22T15:18:59.235,21,0,3,0,8
86625.281346,2026-07-22T15:18:59.238,21,0,3,0,8
86625.283868,2026-07-22T15:18:59.240,21,0,3,0,8
86625.286650,2026-07-22T15:18:59.243,21,0,3,0,8
86625.289117,2026-07-22T15:18:59.246,21,0,3,0,8
86625.291659,2026-07-22T15:18:59.248,21,0,3,0,8
86625.294108,2026-07-22T15:18:59.251,21,0,3,0,8
86625.296610,2026-07-22T15:18:59.253,21,0,3,0,8
86625.299018,2026-07-22T15:18:59.255,21,0,3,0,8
86625.301501,2026-07-22T15:18:59.258,21,0,3,0,8
86625.303758,2026-07-22T15:18:59.260,21,0,3,0,8
86625.306266,2026-07-22T15:18:59.263,21,0,3,0,8
86625.308366,2026-07-22T15:18:59.265,21,0,3,0,8
86625.310824,2026-07-22T15:18:59.267,21,0,3,0,8
86625.313342,2026-07-22T15:18:59.270,21,0,3,0,8
86625.316138,2026-07-22T15:18:59.273,21,0,3,0,8
86625.318879,2026-07-22T15:18:59.275,21,0,3,0,8
86625.321420,2026-07-22T15:18:59.278,21,0,3,0,8
86625.323921,2026-07-22T15:18:59.280,21,0,3,0,8
86625.325950,2026-07-22T15:18:59.282,21,0,3,0,8
86625.328471,2026-07-22T15:18:59.285,21,0,3,0,8
86625.330480,2026-07-22T15:18:59.287,21,0,3,0,8
86625.332636,2026-07-22T15:18:59.289,21,0,3,0,8
86625.335240,2026-07-22T15:18:59.292,21,0,3,0,8
86625.337940,2026-07-22T15:18:59.294,21,0,3,0,8
86625.340600,2026-07-22T15:18:59.297,21,0,3,0,8
86625.343089,2026-07-22T15:18:59.300,21,0,3,0,8
86625.345604,2026-07-22T15:18:59.302,21,0,3,0,8
86625.348278,2026-07-22T15:18:59.305,21,0,3,0,8
86625.350774,2026-07-22T15:18:59.307,21,0,3,0,8
86625.353517,2026-07-22T15:18:59.309,21,0,3,0,8
86625.355721,2026-07-22T15:18:59.312,21,0,3,0,8
86625.358233,2026-07-22T15:18:59.315,21,0,3,0,8
86625.360256,2026-07-22T15:18:59.317,21,0,3,0,8
86625.362662,2026-07-22T15:18:59.319,21,0,3,0,8
86625.365125,2026-07-22T15:18:59.322,21,0,3,0,8
86625.367149,2026-07-22T15:18:59.324,21,0,3,0,8
86625.369640,2026-07-22T15:18:59.326,21,0,3,0,8
86625.372118,2026-07-22T15:18:59.329,21,0,3,0,8
86625.374584,2026-07-22T15:18:59.331,21,0,3,0,8
86625.376612,2026-07-22T15:18:59.333,21,0,3,0,8
86625.378974,2026-07-22T15:18:59.335,21,0,3,0,8
86625.381527,2026-07-22T15:18:59.338,21,0,3,0,8
86625.384058,2026-07-22T15:18:59.341,21,0,3,0,8
86625.386594,2026-07-22T15:18:59.343,21,0,3,0,8
86625.389099,2026-07-22T15:18:59.346,21,0,3,0,8
86625.391499,2026-07-22T15:18:59.348,21,0,3,0,8
86625.393974,2026-07-22T15:18:59.350,21,0,3,0,8
86625.396450,2026-07-22T15:18:59.353,3,3,3,0,0
86625.398971,2026-07-22T15:18:59.355,3,3,3,0,0
86625.401651,2026-07-22T15:18:59.358,3,3,3,0,0
86625.403831,2026-07-22T15:18:59.360,3,3,3,0,0
86625.406295,2026-07-22T15:18:59.363,3,3,3,0,0
86625.408320,2026-07-22T15:18:59.365,3,3,3,0,0
86625.410820,2026-07-22T15:18:59.367,3,3,3,0,0
86625.413299,2026-07-22T15:18:59.370,3,3,3,0,0
86625.415717,2026-07-22T15:18:59.372,3,3,3,0,0
86625.418413,2026-07-22T15:18:59.375,3,3,3,0,0
86625.420943,2026-07-22T15:18:59.377,3,3,3,0,0
86625.423418,2026-07-22T15:18:59.380,3,3,3,0,0
86625.425918,2026-07-22T15:18:59.382,3,3,3,0,0
86625.428483,2026-07-22T15:18:59.385,3,3,3,0,0
86625.431158,2026-07-22T15:18:59.388,3,3,3,0,0
86625.433812,2026-07-22T15:18:59.390,3,3,3,0,0
86625.436307,2026-07-22T15:18:59.393,3,3,3,0,0
86625.438527,2026-07-22T15:18:59.395,3,3,3,0,0
86625.440914,2026-07-22T15:18:59.397,3,3,3,0,0
86625.443341,2026-07-22T15:18:59.400,3,3,3,0,0
86625.445824,2026-07-22T15:18:59.402,3,3,3,0,0
86625.448355,2026-07-22T15:18:59.405,3,3,3,0,0
86625.451128,2026-07-22T15:18:59.408,3,3,3,0,0
86625.454183,2026-07-22T15:18:59.411,3,3,3,0,0
86625.456762,2026-07-22T15:18:59.413,3,3,3,0,0
86625.459247,2026-07-22T15:18:59.416,3,3,3,0,0
86625.461573,2026-07-22T15:18:59.418,3,3,3,0,0
86625.463596,2026-07-22T15:18:59.420,3,3,3,0,0
86625.466037,2026-07-22T15:18:59.423,3,3,3,0,0
86625.468461,2026-07-22T15:18:59.425,3,3,3,0,0
86625.471051,2026-07-22T15:18:59.428,3,3,3,0,0
86625.473602,2026-07-22T15:18:59.430,3,3,3,0,0
86625.476132,2026-07-22T15:18:59.433,3,3,3,0,0
86625.478520,2026-07-22T15:18:59.435,3,3,3,0,0
86625.480890,2026-07-22T15:18:59.437,3,3,3,0,0
86625.483649,2026-07-22T15:18:59.440,3,3,3,0,0
86625.486148,2026-07-22T15:18:59.443,3,3,3,0,0
86625.488867,2026-07-22T15:18:59.445,3,3,3,0,0
86625.491666,2026-07-22T15:18:59.448,3,3,3,0,0
86625.494198,2026-07-22T15:18:59.451,3,3,3,0,0
86625.496244,2026-07-22T15:18:59.453,3,3,3,0,0
86625.498316,2026-07-22T15:18:59.455,3,3,3,0,0
86625.500389,2026-07-22T15:18:59.457,3,3,3,0,0
86625.503150,2026-07-22T15:18:59.458,3,3,3,0,0
86625.505536,2026-07-22T15:18:59.462,3,3,3,0,0
86625.507614,2026-07-22T15:18:59.464,3,3,3,0,0
86625.509652,2026-07-22T15:18:59.466,3,3,3,0,0
86625.511715,2026-07-22T15:18:59.468,3,3,3,0,0
86625.514242,2026-07-22T15:18:59.471,3,3,3,0,0
86625.516283,2026-07-22T15:18:59.473,3,3,3,0,0
86625.518594,2026-07-22T15:18:59.475,3,3,3,0,0
86625.520655,2026-07-22T15:18:59.477,3,3,3,0,0
86625.522738,2026-07-22T15:18:59.479,3,3,3,0,0
86625.524778,2026-07-22T15:18:59.481,3,3,3,0,0
86625.526826,2026-07-22T15:18:59.483,3,3,3,0,0
86625.528866,2026-07-22T15:18:59.485,3,3,3,0,0
86625.530904,2026-07-22T15:18:59.487,3,3,3,0,0
86625.532956,2026-07-22T15:18:59.489,3,3,3,0,0
86625.535435,2026-07-22T15:18:59.492,3,3,3,0,0
86625.538151,2026-07-22T15:18:59.495,3,3,3,0,0
86625.540917,2026-07-22T15:18:59.497,3,3,3,0,0
86625.543655,2026-07-22T15:18:59.500,3,3,3,0,0
86625.546073,2026-07-22T15:18:59.503,3,3,3,0,0
86625.548652,2026-07-22T15:18:59.505,3,3,3,0,0
86625.551040,2026-07-22T15:18:59.508,3,3,3,0,0
86625.553501,2026-07-22T15:18:59.510,3,3,3,0,0
86625.556207,2026-07-22T15:18:59.513,3,3,3,0,0
86625.558727,2026-07-22T15:18:59.515,3,3,3,0,0
86625.561186,2026-07-22T15:18:59.518,3,3,3,0,0
86625.563736,2026-07-22T15:18:59.520,3,3,3,0,0
86625.566098,2026-07-22T15:18:59.523,3,3,3,0,0
86625.568642,2026-07-22T15:18:59.525,3,3,3,0,0
86625.571104,2026-07-22T15:18:59.528,3,3,3,0,0
86625.573581,2026-07-22T15:18:59.530,3,3,3,0,0
86625.576109,2026-07-22T15:18:59.533,3,3,3,0,0
86625.578494,2026-07-22T15:18:59.535,3,3,3,0,0
86625.580836,2026-07-22T15:18:59.537,3,3,3,0,0
86625.583276,2026-07-22T15:18:59.540,3,3,3,0,0
86625.585755,2026-07-22T15:18:59.542,3,3,3,0,0
86625.588281,2026-07-22T15:18:59.545,3,3,3,0,0
86625.590745,2026-07-22T15:18:59.547,3,3,3,0,0
86625.593165,2026-07-22T15:18:59.550,3,3,3,0,0
86625.595918,2026-07-22T15:18:59.552,3,3,3,0,0
86625.598315,2026-07-22T15:18:59.555,3,3,3,0,0
86625.600976,2026-07-22T15:18:59.557,3,3,3,0,0
86625.603085,2026-07-22T15:18:59.559,3,3,3,0,0
86625.605673,2026-07-22T15:18:59.562,3,3,3,0,0
86625.608460,2026-07-22T15:18:59.565,3,3,3,0,0
86625.610984,2026-07-22T15:18:59.567,3,3,3,0,0
86625.613511,2026-07-22T15:18:59.570,3,3,3,0,0
86625.615964,2026-07-22T15:18:59.572,3,3,3,0,0
86625.618404,2026-07-22T15:18:59.575,3,3,3,0,0
86625.621023,2026-07-22T15:18:59.577,3,3,3,0,0
86625.623636,2026-07-22T15:18:59.580,3,3,3,0,0
86625.626070,2026-07-22T15:18:59.583,3,3,3,0,0
86625.628502,2026-07-22T15:18:59.585,3,3,3,0,0
86625.631068,2026-07-22T15:18:59.588,3,3,3,0,0
86625.633607,2026-07-22T15:18:59.590,3,3,3,0,0
86625.636091,2026-07-22T15:18:59.593,3,3,3,0,0
86625.638649,2026-07-22T15:18:59.595,3,3,3,0,0
86625.641102,2026-07-22T15:18:59.598,3,3,3,0,0
86625.643582,2026-07-22T15:18:59.600,3,3,3,0,0
86625.645917,2026-07-22T15:18:59.602,3,3,3,0,0
86625.647933,2026-07-22T15:18:59.604,3,3,3,0,0
86625.650450,2026-07-22T15:18:59.607,3,3,3,0,0
86625.652969,2026-07-22T15:18:59.609,3,3,3,0,0
86625.655584,2026-07-22T15:18:59.612,3,3,3,0,0
86625.657630,2026-07-22T15:18:59.614,3,3,3,0,0
86625.660061,2026-07-22T15:18:59.617,3,3,3,0,0
86625.662631,2026-07-22T15:18:59.619,3,3,3,0,0
86625.665146,2026-07-22T15:18:59.622,3,3,3,0,0
86625.667508,2026-07-22T15:18:59.624,3,3,3,0,0
86625.670002,2026-07-22T15:18:59.626,3,3,3,0,0
86625.672467,2026-07-22T15:18:59.629,3,3,3,0,0
86625.674937,2026-07-22T15:18:59.631,3,3,3,0,0
86625.677351,2026-07-22T15:18:59.634,3,3,3,0,0
86625.679361,2026-07-22T15:18:59.636,3,3,3,0,0
86625.681410,2026-07-22T15:18:59.638,3,3,3,0,0
86625.684126,2026-07-22T15:18:59.641,3,3,3,0,0
86625.686619,2026-07-22T15:18:59.643,3,3,3,0,0
86625.689007,2026-07-22T15:18:59.645,3,3,3,0,0
86625.691542,2026-07-22T15:18:59.648,3,3,3,0,0
86625.694112,2026-07-22T15:18:59.651,3,3,3,0,0
86625.696774,2026-07-22T15:18:59.653,3,3,3,0,0
86625.699083,2026-07-22T15:18:59.656,3,3,3,0,0
86625.701525,2026-07-22T15:18:59.658,3,3,3,0,0
86625.703653,2026-07-22T15:18:59.660,3,3,3,0,0
86625.705971,2026-07-22T15:18:59.662,3,3,3,0,0
86625.708369,2026-07-22T15:18:59.665,3,3,3,0,0
86625.711114,2026-07-22T15:18:59.668,3,3,3,0,0
86625.713908,2026-07-22T15:18:59.670,3,3,3,0,0
86625.716342,2026-07-22T15:18:59.673,3,3,3,0,0
86625.718965,2026-07-22T15:18:59.675,3,3,3,0,0
86625.721592,2026-07-22T15:18:59.678,3,3,3,0,0
86625.724068,2026-07-22T15:18:59.681,3,3,3,0,0
86625.726579,2026-07-22T15:18:59.683,3,3,3,0,0
86625.728990,2026-07-22T15:18:59.685,3,3,3,0,0
86625.731622,2026-07-22T15:18:59.688,3,3,3,0,0
86625.734073,2026-07-22T15:18:59.691,3,3,3,0,0
86625.736589,2026-07-22T15:18:59.693,3,3,3,0,0
86625.738988,2026-07-22T15:18:59.695,3,3,3,0,0
86625.741604,2026-07-22T15:18:59.698,3,3,3,0,0
86625.744001,2026-07-22T15:18:59.700,3,3,3,0,0
86625.746483,2026-07-22T15:18:59.703,3,3,3,0,0
86625.748982,2026-07-22T15:18:59.705,3,3,3,0,0
86625.751580,2026-07-22T15:18:59.708,3,3,3,0,0
86625.753684,2026-07-22T15:18:59.710,3,3,3,0,0
86625.756452,2026-07-22T15:18:59.713,3,3,3,0,0
86625.759127,2026-07-22T15:18:59.716,3,3,3,0,0
86625.761388,2026-07-22T15:18:59.718,3,3,3,0,0
86625.763935,2026-07-22T15:18:59.720,3,3,3,0,0
86625.766647,2026-07-22T15:18:59.723,3,3,3,0,0
86625.769097,2026-07-22T15:18:59.726,3,3,3,0,0
86625.771550,2026-07-22T15:18:59.728,3,3,3,0,0
86625.773982,2026-07-22T15:18:59.730,3,3,3,0,0
86625.776507,2026-07-22T15:18:59.733,3,3,3,0,0
86625.779024,2026-07-22T15:18:59.735,3,3,3,0,0
86625.781045,2026-07-22T15:18:59.738,3,3,3,0,0
86625.783469,2026-07-22T15:18:59.740,3,3,3,0,0
86625.786009,2026-07-22T15:18:59.742,3,3,3,0,0
86625.788487,2026-07-22T15:18:59.745,3,3,3,0,0
86625.791112,2026-07-22T15:18:59.748,3,3,3,0,0
86625.793401,2026-07-22T15:18:59.750,3,3,3,0,0
86625.795902,2026-07-22T15:18:59.752,3,3,3,0,0
86625.798448,2026-07-22T15:18:59.755,3,3,3,0,0
86625.800930,2026-07-22T15:18:59.757,3,3,3,0,0
86625.803399,2026-07-22T15:18:59.760,3,3,3,0,0
86625.805584,2026-07-22T15:18:59.762,3,3,3,0,0
86625.807759,2026-07-22T15:18:59.764,3,3,3,0,0
86625.810499,2026-07-22T15:18:59.767,3,3,3,0,0
86625.813043,2026-07-22T15:18:59.770,3,3,3,0,0
86625.815566,2026-07-22T15:18:59.772,3,3,3,0,0
86625.818304,2026-07-22T15:18:59.775,3,3,3,0,0
86625.821119,2026-07-22T15:18:59.778,3,3,3,0,0
86625.823784,2026-07-22T15:18:59.780,3,3,3,0,0
86625.826456,2026-07-22T15:18:59.783,3,3,3,0,0
86625.829045,2026-07-22T15:18:59.786,3,3,3,0,0
86625.831725,2026-07-22T15:18:59.788,3,3,3,0,0
86625.834336,2026-07-22T15:18:59.791,3,3,3,0,0
86625.836928,2026-07-22T15:18:59.793,3,3,3,0,0
86625.839511,2026-07-22T15:18:59.796,3,3,3,0,0
86625.842125,2026-07-22T15:18:59.799,3,3,3,0,0
86625.844659,2026-07-22T15:18:59.801,3,3,3,0,0
86625.847257,2026-07-22T15:18:59.804,3,3,3,0,0
86625.849776,2026-07-22T15:18:59.806,3,3,3,0,0
86625.852546,2026-07-22T15:18:59.809,3,3,3,0,0
86625.855089,2026-07-22T15:18:59.812,3,3,3,0,0
86625.857254,2026-07-22T15:18:59.814,3,3,3,0,0
86625.859962,2026-07-22T15:18:59.816,3,3,3,0,0
86625.862629,2026-07-22T15:18:59.819,3,3,3,0,0
86625.865382,2026-07-22T15:18:59.822,3,3,3,0,0
86625.867780,2026-07-22T15:18:59.824,3,3,3,0,0
86625.870445,2026-07-22T15:18:59.827,3,3,3,0,0
86625.873203,2026-07-22T15:18:59.830,3,3,3,0,0
86625.875724,2026-07-22T15:18:59.832,3,3,3,0,0
86625.878177,2026-07-22T15:18:59.835,3,3,3,0,0
86625.880744,2026-07-22T15:18:59.837,3,3,3,0,0
86625.883363,2026-07-22T15:18:59.840,3,3,3,0,0
86625.886005,2026-07-22T15:18:59.842,3,3,3,0,0
86625.888376,2026-07-22T15:18:59.845,3,3,3,0,0
86625.890928,2026-07-22T15:18:59.847,3,3,3,0,0
86625.893597,2026-07-22T15:18:59.850,3,3,3,0,0
86625.896072,2026-07-22T15:18:59.853,3,3,3,0,0
86625.898502,2026-07-22T15:18:59.855,3,3,3,0,0
86625.901059,2026-07-22T15:18:59.857,3,3,3,0,0
86625.903629,2026-07-22T15:18:59.860,3,3,3,0,0
86625.906320,2026-07-22T15:18:59.863,3,3,3,0,0
86625.908835,2026-07-22T15:18:59.865,3,3,3,0,0
86625.911342,2026-07-22T15:18:59.868,3,3,3,0,0
86625.913620,2026-07-22T15:18:59.870,3,3,3,0,0
86625.916150,2026-07-22T15:18:59.873,3,3,3,0,0
86625.918745,2026-07-22T15:18:59.875,3,3,3,0,0
86625.921267,2026-07-22T15:18:59.878,3,3,3,0,0
86625.923376,2026-07-22T15:18:59.880,3,3,3,0,0
86625.925886,2026-07-22T15:18:59.882,3,3,3,0,0
86625.928371,2026-07-22T15:18:59.885,3,3,3,0,0
86625.930756,2026-07-22T15:18:59.887,3,3,3,0,0
86625.932783,2026-07-22T15:18:59.889,3,3,3,0,0
86625.935247,2026-07-22T15:18:59.892,3,3,3,0,0
86625.937287,2026-07-22T15:18:59.894,3,3,3,0,0
86625.939299,2026-07-22T15:18:59.896,3,3,3,0,0
86625.941322,2026-07-22T15:18:59.898,3,3,3,0,0
86625.943351,2026-07-22T15:18:59.900,3,3,3,0,0
86625.945937,2026-07-22T15:18:59.902,3,3,3,0,0
86625.948454,2026-07-22T15:18:59.905,3,3,3,0,0
86625.950974,2026-07-22T15:18:59.907,3,3,3,0,0
86625.953498,2026-07-22T15:18:59.910,3,3,3,0,0
86625.955833,2026-07-22T15:18:59.912,3,3,3,0,0
86625.958150,2026-07-22T15:18:59.915,3,3,3,0,0
86625.960181,2026-07-22T15:18:59.917,3,3,3,0,0
86625.962683,2026-07-22T15:18:59.919,3,3,3,0,0
86625.965171,2026-07-22T15:18:59.922,3,3,3,0,0
86625.967593,2026-07-22T15:18:59.924,3,3,3,0,0
86625.970108,2026-07-22T15:18:59.927,3,3,3,0,0
86625.972609,2026-07-22T15:18:59.929,3,3,3,0,0
86625.975041,2026-07-22T15:18:59.932,3,3,3,0,0
86625.977632,2026-07-22T15:18:59.934,3,3,3,0,0
86625.979984,2026-07-22T15:18:59.936,3,3,3,0,0
86625.982510,2026-07-22T15:18:59.939,3,3,3,0,0
86625.984532,2026-07-22T15:18:59.941,3,3,3,0,0
86625.987053,2026-07-22T15:18:59.944,3,3,3,0,0
86625.989637,2026-07-22T15:18:59.946,3,3,3,0,0
86625.992339,2026-07-22T15:18:59.949,3,3,3,0,0
86625.994426,2026-07-22T15:18:59.951,3,3,3,0,0
86625.996922,2026-07-22T15:18:59.953,3,3,3,0,0
86625.998960,2026-07-22T15:18:59.955,3,3,3,0,0
86626.001559,2026-07-22T15:18:59.958,3,3,3,0,0
86626.004089,2026-07-22T15:18:59.961,3,3,3,0,0
86626.006148,2026-07-22T15:18:59.963,3,3,3,0,0
86626.008811,2026-07-22T15:18:59.965,3,3,3,0,0
86626.011329,2026-07-22T15:18:59.968,3,3,3,0,0
86626.013403,2026-07-22T15:18:59.970,3,3,3,0,0
86626.015429,2026-07-22T15:18:59.972,3,3,3,0,0
86626.017929,2026-07-22T15:18:59.974,3,3,3,0,0
86626.019960,2026-07-22T15:18:59.976,3,3,3,0,0
86626.021990,2026-07-22T15:18:59.978,3,3,3,0,0
86626.024581,2026-07-22T15:18:59.981,3,3,3,0,0
86626.027095,2026-07-22T15:18:59.984,3,3,3,0,0
86626.029680,2026-07-22T15:18:59.986,3,3,3,0,0
86626.032203,2026-07-22T15:18:59.989,3,3,3,0,0
86626.034689,2026-07-22T15:18:59.991,3,3,3,0,0
86626.037096,2026-07-22T15:18:59.994,3,3,3,0,0
86626.039104,2026-07-22T15:18:59.996,3,3,3,0,0
86626.041514,2026-07-22T15:18:59.998,3,3,3,0,0
86626.043981,2026-07-22T15:19:00.000,3,3,3,0,0
86626.045992,2026-07-22T15:19:00.002,3,3,3,0,0
86626.048502,2026-07-22T15:19:00.005,3,3,3,0,0
86626.051027,2026-07-22T15:19:00.008,3,3,3,0,0
86626.053144,2026-07-22T15:19:00.010,3,3,3,0,0
86626.055481,2026-07-22T15:19:00.012,3,3,3,0,0
86626.057659,2026-07-22T15:19:00.014,3,3,3,0,0
86626.060409,2026-07-22T15:19:00.017,3,3,3,0,0
86626.062932,2026-07-22T15:19:00.019,3,3,3,0,0
86626.065127,2026-07-22T15:19:00.022,3,3,3,0,0
86626.067653,2026-07-22T15:19:00.024,3,3,3,0,0
86626.069994,2026-07-22T15:19:00.026,3,3,3,0,0
86626.072557,2026-07-22T15:19:00.029,3,3,3,0,0
86626.075200,2026-07-22T15:19:00.032,3,3,3,0,0
86626.077234,2026-07-22T15:19:00.034,3,3,3,0,0
86626.079269,2026-07-22T15:19:00.036,3,3,3,0,0
86626.081939,2026-07-22T15:19:00.038,3,3,3,0,0
86626.083972,2026-07-22T15:19:00.040,3,3,3,0,0
86626.086497,2026-07-22T15:19:00.043,3,3,3,0,0
86626.089016,2026-07-22T15:19:00.045,3,3,3,0,0
86626.091754,2026-07-22T15:19:00.048,3,3,3,0,0
86626.094475,2026-07-22T15:19:00.051,3,3,3,0,0
86626.097135,2026-07-22T15:19:00.054,3,3,3,0,0
86626.099790,2026-07-22T15:19:00.056,3,3,3,0,0
86626.101858,2026-07-22T15:19:00.058,3,3,3,0,0
86626.104585,2026-07-22T15:19:00.061,3,3,3,0,0
86626.106632,2026-07-22T15:19:00.063,3,3,3,0,0
86626.108916,2026-07-22T15:19:00.065,3,3,3,0,0
86626.111155,2026-07-22T15:19:00.068,3,3,3,0,0
86626.113223,2026-07-22T15:19:00.070,3,3,3,0,0
86626.115233,2026-07-22T15:19:00.072,3,3,3,0,0
86626.117499,2026-07-22T15:19:00.074,3,3,3,0,0
86626.120140,2026-07-22T15:19:00.077,3,3,3,0,0
86626.122639,2026-07-22T15:19:00.079,3,3,3,0,0
86626.125335,2026-07-22T15:19:00.082,3,3,3,0,0
86626.128038,2026-07-22T15:19:00.084,3,3,3,0,0
86626.130461,2026-07-22T15:19:00.087,3,3,3,0,0
86626.132946,2026-07-22T15:19:00.089,3,3,3,0,0
86626.134958,2026-07-22T15:19:00.091,3,3,3,0,0
86626.137421,2026-07-22T15:19:00.094,3,3,3,0,0
86626.139924,2026-07-22T15:19:00.096,3,3,3,0,0
86626.142419,2026-07-22T15:19:00.099,3,3,3,0,0
86626.144926,2026-07-22T15:19:00.101,3,3,3,0,0
86626.147391,2026-07-22T15:19:00.104,3,3,3,0,0
86626.149918,2026-07-22T15:19:00.106,3,3,3,0,0
86626.152106,2026-07-22T15:19:00.109,3,3,3,0,0
86626.154604,2026-07-22T15:19:00.111,3,3,3,0,0
86626.157119,2026-07-22T15:19:00.114,3,3,3,0,0
86626.159160,2026-07-22T15:19:00.116,3,3,3,0,0
86626.161665,2026-07-22T15:19:00.118,3,3,3,0,0
86626.164393,2026-07-22T15:19:00.121,3,3,3,0,0
86626.166923,2026-07-22T15:19:00.123,3,3,3,0,0
86626.169265,2026-07-22T15:19:00.126,3,3,3,0,0
86626.171694,2026-07-22T15:19:00.128,3,3,3,0,0
86626.174208,2026-07-22T15:19:00.131,3,3,3,0,0
86626.176704,2026-07-22T15:19:00.133,3,3,3,0,0
86626.179224,2026-07-22T15:19:00.136,3,3,3,0,0
86626.182026,2026-07-22T15:19:00.138,3,3,3,0,0
86626.184514,2026-07-22T15:19:00.141,3,3,3,0,0
86626.187227,2026-07-22T15:19:00.144,3,3,3,0,0
86626.189735,2026-07-22T15:19:00.146,3,3,3,0,0
86626.192101,2026-07-22T15:19:00.149,3,3,3,0,0
86626.194543,2026-07-22T15:19:00.151,3,3,3,0,0
86626.196552,2026-07-22T15:19:00.153,3,3,3,0,0
86626.199010,2026-07-22T15:19:00.155,3,3,3,0,0
86626.201047,2026-07-22T15:19:00.158,3,3,3,0,0
86626.203667,2026-07-22T15:19:00.160,3,3,3,0,0
86626.206571,2026-07-22T15:19:00.163,3,3,3,0,0
86626.208666,2026-07-22T15:19:00.165,3,3,3,0,0
86626.211295,2026-07-22T15:19:00.168,3,3,3,0,0
86626.213810,2026-07-22T15:19:00.170,3,3,3,0,0
86626.216421,2026-07-22T15:19:00.173,3,3,3,0,0
86626.218929,2026-07-22T15:19:00.175,3,3,3,0,0
86626.221456,2026-07-22T15:19:00.178,3,3,3,0,0
86626.223968,2026-07-22T15:19:00.180,67,0,3,0,12
86626.226040,2026-07-22T15:19:00.183,67,0,3,0,12
86626.228572,2026-07-22T15:19:00.185,67,0,3,0,12
86626.230666,2026-07-22T15:19:00.187,67,0,3,0,12
86626.233181,2026-07-22T15:19:00.190,67,0,3,0,12
86626.235677,2026-07-22T15:19:00.192,67,0,3,0,12
86626.238189,2026-07-22T15:19:00.195,67,0,3,0,12
86626.240688,2026-07-22T15:19:00.197,67,0,3,0,12
86626.243194,2026-07-22T15:19:00.200,67,0,3,0,12
86626.245461,2026-07-22T15:19:00.202,67,0,3,0,12
86626.247517,2026-07-22T15:19:00.204,67,0,3,0,12
86626.249551,2026-07-22T15:19:00.206,67,0,3,0,12
86626.252047,2026-07-22T15:19:00.209,67,0,3,0,12
86626.254066,2026-07-22T15:19:00.211,67,0,3,0,12
86626.256191,2026-07-22T15:19:00.213,67,0,3,0,12
86626.258620,2026-07-22T15:19:00.215,67,0,3,0,12
86626.261133,2026-07-22T15:19:00.218,67,0,3,0,12
86626.263650,2026-07-22T15:19:00.220,67,0,3,0,12
86626.266645,2026-07-22T15:19:00.223,67,0,3,0,12
86626.269175,2026-07-22T15:19:00.226,67,0,3,0,12
86626.271696,2026-07-22T15:19:00.228,67,0,3,0,12
86626.274209,2026-07-22T15:19:00.231,67,0,3,0,12
86626.276257,2026-07-22T15:19:00.233,67,0,3,0,12
86626.278816,2026-07-22T15:19:00.235,67,0,3,0,12
86626.281340,2026-07-22T15:19:00.238,67,0,3,0,12
86626.283856,2026-07-22T15:19:00.240,67,0,3,0,12
86626.285901,2026-07-22T15:19:00.242,67,0,3,0,12
86626.288427,2026-07-22T15:19:00.245,67,0,3,0,12
86626.290966,2026-07-22T15:19:00.247,67,0,3,0,12
86626.293021,2026-07-22T15:19:00.249,67,0,3,0,12
86626.295547,2026-07-22T15:19:00.252,67,0,3,0,12
86626.297960,2026-07-22T15:19:00.254,67,0,3,0,12
86626.299991,2026-07-22T15:19:00.256,67,0,3,0,12
86626.302521,2026-07-22T15:19:00.259,67,0,3,0,12
86626.304558,2026-07-22T15:19:00.261,67,0,3,0,12
86626.307195,2026-07-22T15:19:00.264,67,0,3,0,12
86626.309405,2026-07-22T15:19:00.266,67,0,3,0,12
86626.311438,2026-07-22T15:19:00.268,67,0,3,0,12
86626.313479,2026-07-22T15:19:00.270,67,0,3,0,12
86626.316007,2026-07-22T15:19:00.272,67,0,3,0,12
86626.318255,2026-07-22T15:19:00.275,67,0,3,0,12
86626.320285,2026-07-22T15:19:00.277,67,0,3,0,12
86626.322348,2026-07-22T15:19:00.279,67,0,3,0,12
86626.324850,2026-07-22T15:19:00.281,67,0,3,0,12
86626.327374,2026-07-22T15:19:00.284,67,0,3,0,12
86626.329414,2026-07-22T15:19:00.286,67,0,3,0,12
86626.331917,2026-07-22T15:19:00.288,67,0,3,0,12
86626.334436,2026-07-22T15:19:00.291,67,0,3,0,12
86626.336966,2026-07-22T15:19:00.293,67,0,3,0,12
86626.339449,2026-07-22T15:19:00.296,67,0,3,0,12
86626.341943,2026-07-22T15:19:00.298,67,0,3,0,12
86626.344461,2026-07-22T15:19:00.301,67,0,3,0,12
86626.346967,2026-07-22T15:19:00.303,67,0,3,0,12
86626.349470,2026-07-22T15:19:00.306,67,0,3,0,12
86626.351967,2026-07-22T15:19:00.308,67,0,3,0,12
86626.354000,2026-07-22T15:19:00.310,67,0,3,0,12
86626.356533,2026-07-22T15:19:00.313,67,0,3,0,12
86626.359275,2026-07-22T15:19:00.316,67,0,3,0,12
86626.362048,2026-07-22T15:19:00.319,67,0,3,0,12
86626.364577,2026-07-22T15:19:00.321,67,0,3,0,12
86626.367093,2026-07-22T15:19:00.324,67,0,3,0,12
86626.369109,2026-07-22T15:19:00.326,67,0,3,0,12
86626.371618,2026-07-22T15:19:00.328,67,0,3,0,12
86626.374127,2026-07-22T15:19:00.331,67,0,3,0,12
86626.376630,2026-07-22T15:19:00.333,67,0,3,0,12
86626.379149,2026-07-22T15:19:00.336,67,0,3,0,12
86626.381651,2026-07-22T15:19:00.338,67,0,3,0,12
86626.384157,2026-07-22T15:19:00.341,67,0,3,0,12
86626.386653,2026-07-22T15:19:00.343,67,0,3,0,12
86626.389168,2026-07-22T15:19:00.346,67,0,3,0,12
86626.391674,2026-07-22T15:19:00.348,67,0,3,0,12
86626.394180,2026-07-22T15:19:00.351,67,0,3,0,12
86626.396686,2026-07-22T15:19:00.353,67,0,3,0,12
86626.399233,2026-07-22T15:19:00.356,67,0,3,0,12
86626.401554,2026-07-22T15:19:00.358,67,0,3,0,12
86626.403663,2026-07-22T15:19:00.360,67,0,3,0,12
86626.405989,2026-07-22T15:19:00.362,67,0,3,0,12
86626.408020,2026-07-22T15:19:00.365,67,0,3,0,12
86626.410557,2026-07-22T15:19:00.367,67,0,3,0,12
86626.413362,2026-07-22T15:19:00.370,67,0,3,0,12
86626.415776,2026-07-22T15:19:00.372,67,0,3,0,12
86626.417960,2026-07-22T15:19:00.374,67,0,3,0,12
86626.419986,2026-07-22T15:19:00.376,67,0,3,0,12
86626.422019,2026-07-22T15:19:00.379,67,0,3,0,12
86626.424034,2026-07-22T15:19:00.381,67,0,3,0,12
86626.426058,2026-07-22T15:19:00.383,67,0,3,0,12
86626.428087,2026-07-22T15:19:00.385,67,0,3,0,12
86626.430160,2026-07-22T15:19:00.387,67,0,3,0,12
86626.432671,2026-07-22T15:19:00.389,67,0,3,0,12
86626.435186,2026-07-22T15:19:00.392,67,0,3,0,12
86626.437704,2026-07-22T15:19:00.394,67,0,3,0,12
86626.440229,2026-07-22T15:19:00.397,67,0,3,0,12
86626.442743,2026-07-22T15:19:00.399,67,0,3,0,12
86626.444793,2026-07-22T15:19:00.401,67,0,3,0,12
86626.446879,2026-07-22T15:19:00.403,67,0,3,0,12
86626.448910,2026-07-22T15:19:00.405,67,0,3,0,12
86626.450956,2026-07-22T15:19:00.407,67,0,3,0,12
86626.452971,2026-07-22T15:19:00.409,67,0,3,0,12
86626.455132,2026-07-22T15:19:00.412,67,0,3,0,12
86626.457189,2026-07-22T15:19:00.414,67,0,3,0,12
86626.459699,2026-07-22T15:19:00.416,67,0,3,0,12
86626.462233,2026-07-22T15:19:00.419,67,0,3,0,12
86626.464905,2026-07-22T15:19:00.421,67,0,3,0,12
86626.466922,2026-07-22T15:19:00.423,67,0,3,0,12
86626.469422,2026-07-22T15:19:00.426,237,0,3,0,12
86626.471453,2026-07-22T15:19:00.428,237,0,3,0,12
86626.473613,2026-07-22T15:19:00.430,237,0,3,0,12
86626.475749,2026-07-22T15:19:00.432,237,0,3,0,12
86626.477809,2026-07-22T15:19:00.434,237,0,3,0,12
86626.480316,2026-07-22T15:19:00.437,237,0,3,0,12
86626.482617,2026-07-22T15:19:00.439,237,0,3,0,12
86626.485129,2026-07-22T15:19:00.442,237,0,3,0,12
86626.487640,2026-07-22T15:19:00.444,237,0,3,0,12
86626.490145,2026-07-22T15:19:00.447,237,0,3,0,12
86626.492801,2026-07-22T15:19:00.449,237,0,3,0,12
86626.495187,2026-07-22T15:19:00.452,237,0,3,0,12
86626.497229,2026-07-22T15:19:00.454,237,0,3,0,12
86626.499743,2026-07-22T15:19:00.456,237,0,3,0,12
86626.501776,2026-07-22T15:19:00.458,237,0,3,0,12
86626.504002,2026-07-22T15:19:00.460,237,0,3,0,12
86626.506118,2026-07-22T15:19:00.463,237,0,3,0,12
86626.508163,2026-07-22T15:19:00.465,237,0,3,0,12
86626.510673,2026-07-22T15:19:00.467,237,0,3,0,12
86626.513188,2026-07-22T15:19:00.470,237,0,3,0,12
86626.515397,2026-07-22T15:19:00.472,237,0,3,0,12
86626.517670,2026-07-22T15:19:00.474,237,0,3,0,12
86626.520178,2026-07-22T15:19:00.477,237,0,3,0,12
86626.522743,2026-07-22T15:19:00.479,237,0,3,0,12
86626.524776,2026-07-22T15:19:00.481,237,0,3,0,12
86626.527295,2026-07-22T15:19:00.484,237,0,3,0,12
86626.529432,2026-07-22T15:19:00.486,237,0,3,0,12
86626.531673,2026-07-22T15:19:00.488,237,0,3,0,12
86626.533965,2026-07-22T15:19:00.490,237,0,3,0,12
86626.536473,2026-07-22T15:19:00.493,237,0,3,0,12
86626.538502,2026-07-22T15:19:00.495,237,0,3,0,12
86626.540577,2026-07-22T15:19:00.497,237,0,3,0,12
86626.543102,2026-07-22T15:19:00.500,237,0,3,0,12
86626.545199,2026-07-22T15:19:00.502,237,0,3,0,12
86626.547218,2026-07-22T15:19:00.504,237,0,3,0,12
86626.549786,2026-07-22T15:19:00.506,237,0,3,0,12
86626.552338,2026-07-22T15:19:00.509,237,0,3,0,12
86626.554381,2026-07-22T15:19:00.511,237,0,3,0,12
86626.556468,2026-07-22T15:19:00.513,237,0,3,0,12
86626.558507,2026-07-22T15:19:00.515,237,0,3,0,12
86626.560559,2026-07-22T15:19:00.517,237,0,3,0,12
86626.562630,2026-07-22T15:19:00.519,237,0,3,0,12
86626.565265,2026-07-22T15:19:00.522,237,0,3,0,12
86626.567406,2026-07-22T15:19:00.524,237,0,3,0,12
86626.569567,2026-07-22T15:19:00.526,237,0,3,0,12
86626.572046,2026-07-22T15:19:00.529,237,0,3,0,12
86626.574109,2026-07-22T15:19:00.531,237,0,3,0,12
86626.576150,2026-07-22T15:19:00.533,237,0,3,0,12
86626.578184,2026-07-22T15:19:00.535,237,0,3,0,12
86626.580345,2026-07-22T15:19:00.537,237,0,3,0,12
86626.582534,2026-07-22T15:19:00.539,237,0,3,0,12
86626.585130,2026-07-22T15:19:00.542,237,0,3,0,12
86626.587796,2026-07-22T15:19:00.544,237,0,3,0,12
86626.589820,2026-07-22T15:19:00.546,237,0,3,0,12
86626.591867,2026-07-22T15:19:00.548,237,0,3,0,12
86626.594374,2026-07-22T15:19:00.551,237,0,3,0,12
86626.596837,2026-07-22T15:19:00.553,237,0,3,0,12
86626.599417,2026-07-22T15:19:00.556,237,0,3,0,12
86626.602050,2026-07-22T15:19:00.559,237,0,3,0,12
86626.604145,2026-07-22T15:19:00.561,237,0,3,0,12
86626.606868,2026-07-22T15:19:00.563,237,0,3,0,12
86626.609206,2026-07-22T15:19:00.566,237,0,3,0,12
86626.611629,2026-07-22T15:19:00.568,237,0,3,0,12
86626.613658,2026-07-22T15:19:00.570,237,0,3,0,12
86626.616187,2026-07-22T15:19:00.573,237,0,3,0,12
86626.618275,2026-07-22T15:19:00.575,237,0,3,0,12
86626.620290,2026-07-22T15:19:00.577,237,0,3,0,12
86626.622332,2026-07-22T15:19:00.579,237,0,3,0,12
86626.624385,2026-07-22T15:19:00.581,237,0,3,0,12
86626.626414,2026-07-22T15:19:00.583,237,0,3,0,12
86626.628440,2026-07-22T15:19:00.585,237,0,3,0,12
86626.630783,2026-07-22T15:19:00.587,237,0,3,0,12
86626.633316,2026-07-22T15:19:00.590,237,0,3,0,12
86626.635690,2026-07-22T15:19:00.592,237,0,3,0,12
86626.638200,2026-07-22T15:19:00.595,237,0,3,0,12
86626.640707,2026-07-22T15:19:00.597,237,0,3,0,12
86626.643212,2026-07-22T15:19:00.600,237,0,3,0,12
86626.645720,2026-07-22T15:19:00.602,237,0,3,0,12
86626.648224,2026-07-22T15:19:00.605,237,0,3,0,12
86626.650366,2026-07-22T15:19:00.607,237,0,3,0,12
86626.652895,2026-07-22T15:19:00.609,237,0,3,0,12
86626.655399,2026-07-22T15:19:00.612,237,0,3,0,12
86626.657924,2026-07-22T15:19:00.614,237,0,3,0,12
86626.660337,2026-07-22T15:19:00.617,237,0,3,0,12
86626.663064,2026-07-22T15:19:00.620,237,0,3,0,12
86626.665319,2026-07-22T15:19:00.622,237,0,3,0,12
86626.667360,2026-07-22T15:19:00.624,237,0,3,0,12
86626.669878,2026-07-22T15:19:00.626,237,0,3,0,12
86626.672392,2026-07-22T15:19:00.629,237,0,3,0,12
86626.675140,2026-07-22T15:19:00.632,237,0,3,0,12
86626.677634,2026-07-22T15:19:00.634,237,0,3,0,12
86626.679697,2026-07-22T15:19:00.636,237,0,3,0,12
86626.682226,2026-07-22T15:19:00.639,237,0,3,0,12
86626.684743,2026-07-22T15:19:00.641,237,0,3,0,12
86626.686961,2026-07-22T15:19:00.643,237,0,3,0,12
86626.689472,2026-07-22T15:19:00.646,237,0,3,0,12
86626.691992,2026-07-22T15:19:00.648,237,0,3,0,12
86626.694115,2026-07-22T15:19:00.651,237,0,3,0,12
86626.696247,2026-07-22T15:19:00.653,237,0,3,0,12
86626.698277,2026-07-22T15:19:00.655,237,0,3,0,12
86626.700303,2026-07-22T15:19:00.657,237,0,3,0,12
86626.702317,2026-07-22T15:19:00.659,237,0,3,0,12
86626.704357,2026-07-22T15:19:00.661,237,0,3,0,12
86626.706998,2026-07-22T15:19:00.663,237,0,3,0,12
86626.709401,2026-07-22T15:19:00.666,237,0,3,0,12
86626.711912,2026-07-22T15:19:00.668,249,3,3,0,0
