t_meas_s,gPO,gOBJ,gCU,개구_gPO환산_mm,개구_레이저_mm,편차_mm,파지력_N
12.88,5.0,3.0,0.0,52.407,53.8088,1.4018,-0.264
12.89,5.0,3.0,0.0,52.407,53.8088,1.4018,-0.28
12.9,5.0,3.0,0.0,52.407,53.8088,1.4018,-0.377
12.91,5.0,3.0,0.0,52.407,53.8175,1.4105,-0.344
12.92,5.0,3.0,0.0,52.407,53.8088,1.4018,-0.425
12.93,5.0,3.0,0.0,52.407,53.7913,1.3843,-0.327
12.94,5.0,3.0,0.0,52.407,53.7913,1.3843,-0.297
12.95,5.0,3.0,0.0,52.407,53.8,1.393,-0.458
12.96,5.0,3.0,0.0,52.407,53.8,1.393,-0.296
12.97,5.0,3.0,0.0,52.407,53.8,1.393,-0.44
12.98,5.0,3.0,0.0,52.407,53.8,1.393,-0.326
12.99,5.0,3.0,0.0,52.407,53.8,1.393,-0.15
13.0,5.0,3.0,0.0,52.407,53.8,1.393,-0.409
13.01,5.0,3.0,0.0,52.407,53.8088,1.4018,-0.426
13.02,5.0,3.0,0.0,52.407,53.8,1.393,-0.183
13.03,5.0,3.0,0.0,52.407,53.8088,1.4018,-0.216
13.04,5.0,3.0,0.0,52.407,53.8,1.393,-0.473
13.05,5.0,3.0,0.0,52.407,53.8,1.393,-0.408
13.06,5.0,3.0,0.0,52.407,53.8,1.393,-0.296
13.07,5.0,3.0,0.0,52.407,53.8088,1.4018,-0.343
13.08,5.0,3.0,0.0,52.407,53.8088,1.4018,-0.425
13.09,5.0,3.0,0.0,52.407,53.8175,1.4105,-0.489
13.1,5.0,3.0,0.0,52.407,53.8088,1.4018,-0.57
13.11,5.0,3.0,0.0,52.407,53.8,1.393,-0.489
13.12,5.0,3.0,0.0,52.407,53.7913,1.3843,-0.329
13.13,5.0,3.0,0.0,52.407,53.8,1.393,-0.343
13.14,5.0,3.0,0.0,52.407,53.7913,1.3843,-0.344
13.15,5.0,3.0,0.0,52.407,53.8,1.393,-0.377
13.16,5.0,3.0,0.0,52.407,53.8088,1.4018,-0.394
13.17,5.0,3.0,0.0,52.407,53.8,1.393,-0.411
13.18,5.0,3.0,0.0,52.407,53.8088,1.4018,-0.522
13.19,5.0,3.0,0.0,52.407,53.8,1.393,-0.346
13.2,5.0,3.0,0.0,52.407,53.8088,1.4018,-0.426
13.21,5.0,3.0,0.0,52.407,53.8,1.393,-0.343
13.22,5.0,3.0,0.0,52.407,53.8,1.393,-0.313
13.23,5.0,3.0,0.0,52.407,53.8,1.393,-0.409
13.24,5.0,3.0,0.0,52.407,53.7913,1.3843,-0.408
13.25,5.0,3.0,0.0,52.407,53.8,1.393,-0.392
13.26,5.0,3.0,0.0,52.407,53.8088,1.4018,-0.265
13.27,5.0,3.0,0.0,52.407,53.8175,1.4105,-0.424
13.28,5.0,3.0,0.0,52.407,53.8088,1.4018,-0.377
13.29,5.0,3.0,0.0,52.407,53.8175,1.4105,-0.278
13.3,5.0,3.0,0.0,52.407,53.8088,1.4018,-0.328
13.31,5.0,3.0,0.0,52.407,53.8088,1.4018,-0.295
13.32,5.0,3.0,0.0,52.407,53.8,1.393,-0.537
13.33,5.0,3.0,0.0,52.407,53.7913,1.3843,-0.344
13.34,5.0,3.0,0.0,52.407,53.8088,1.4018,-0.393
13.35,5.0,3.0,0.0,52.407,53.8,1.393,-0.473
13.36,5.0,3.0,0.0,52.407,53.8,1.393,-0.377
13.37,5.0,3.0,0.0,52.407,53.8088,1.4018,-0.329
13.38,5.0,3.0,0.0,52.407,53.8088,1.4018,-0.28
13.39,5.0,3.0,0.0,52.407,53.8088,1.4018,-0.343
13.4,5.0,3.0,0.0,52.407,53.8,1.393,-0.231
13.41,5.0,3.0,0.0,52.407,53.8088,1.4018,-0.506
13.42,5.0,3.0,0.0,52.407,53.8088,1.4018,-0.312
13.43,5.0,3.0,0.0,52.407,53.8,1.393,-0.393
13.44,5.0,3.0,0.0,52.407,53.8,1.393,-0.376
13.45,5.0,3.0,0.0,52.407,53.8,1.393,-0.345
13.46,5.0,3.0,0.0,52.407,53.8,1.393,-0.297
13.47,5.0,3.0,0.0,52.407,53.8088,1.4018,-0.507
13.48,5.0,3.0,0.0,52.407,53.8088,1.4018,-0.409
13.49,5.0,3.0,0.0,52.407,53.8,1.393,-0.425
13.5,5.0,3.0,0.0,52.407,53.8088,1.4018,-0.246
13.51,5.0,3.0,0.0,52.407,53.8,1.393,-0.311
13.52,5.0,3.0,0.0,52.407,53.8088,1.4018,-0.44
13.53,5.0,3.0,0.0,52.407,53.8,1.393,-0.264
13.54,5.0,3.0,0.0,52.407,53.8,1.393,-0.49
13.55,5.0,3.0,0.0,52.407,53.7913,1.3843,-0.376
13.56,5.0,3.0,0.0,52.407,53.7913,1.3843,-0.506
13.57,5.0,3.0,0.0,52.407,53.8,1.393,-0.231
13.58,5.0,3.0,0.0,52.407,53.8,1.393,-0.328
13.59,235.0,0.0,15.0,2.635,53.765,51.13,-0.375
13.6,235.0,0.0,15.0,2.635,50.3688,47.7338,-0.262
13.61,235.0,0.0,15.0,2.635,42.6049,39.9699,-0.329
13.62,235.0,0.0,15.0,2.635,35.4886,32.8536,-0.409
13.63,235.0,0.0,15.0,2.635,28.0835,25.4485,-0.377
13.64,235.0,0.0,15.0,2.635,20.3808,17.7458,-0.44
13.65,235.0,0.0,15.0,2.635,13.5184,10.8834,-0.57
13.66,235.0,0.0,15.0,2.635,5.7632,3.1282,-0.276
13.67,235.0,0.0,15.0,2.635,2.6034,-0.0316,48.488
13.68,235.0,0.0,15.0,2.635,1.4655,-1.1695,84.103
13.69,235.0,0.0,15.0,2.635,1.448,-1.187,77.655
13.7,235.0,0.0,15.0,2.635,1.4304,-1.2046,82.09
13.71,235.0,0.0,15.0,2.635,1.4304,-1.2046,82.404
13.72,235.0,0.0,15.0,2.635,1.4392,-1.1958,81.35
13.73,235.0,0.0,15.0,2.635,1.4392,-1.1958,82.811
13.74,235.0,0.0,15.0,2.635,1.4392,-1.1958,81.737
13.75,235.0,0.0,15.0,2.635,1.4567,-1.1783,80.6
13.76,235.0,0.0,15.0,2.635,1.4655,-1.1695,81.523
13.77,235.0,0.0,15.0,2.635,1.4567,-1.1783,82.434
13.78,235.0,0.0,15.0,2.635,1.4567,-1.1783,82.793
13.79,235.0,0.0,15.0,2.635,1.4567,-1.1783,82.32
13.8,235.0,0.0,15.0,2.635,1.4655,-1.1695,81.459
13.81,235.0,0.0,15.0,2.635,1.4655,-1.1695,81.376
13.82,235.0,0.0,15.0,2.635,1.4742,-1.1608,82.433
13.83,235.0,0.0,15.0,2.635,1.4742,-1.1608,83.36
13.84,236.0,3.0,0.0,2.4186,1.4742,-0.9444,82.254
13.85,236.0,3.0,0.0,2.4186,1.4742,-0.9444,81.28
13.86,236.0,3.0,0.0,2.4186,1.483,-0.9356,82.106
13.87,236.0,3.0,0.0,2.4186,1.4742,-0.9444,82.854
13.88,236.0,3.0,0.0,2.4186,1.4742,-0.9444,82.677
13.89,236.0,3.0,0.0,2.4186,1.4742,-0.9444,82.14
13.9,236.0,3.0,0.0,2.4186,1.4742,-0.9444,81.994
13.91,236.0,3.0,0.0,2.4186,1.483,-0.9356,81.913
13.92,236.0,3.0,0.0,2.4186,1.4742,-0.9444,82.253
13.93,236.0,3.0,0.0,2.4186,1.4655,-0.9531,82.758
13.94,236.0,3.0,0.0,2.4186,1.4655,-0.9531,82.611
13.95,236.0,3.0,0.0,2.4186,1.4742,-0.9444,81.88
13.96,236.0,3.0,0.0,2.4186,1.4655,-0.9531,81.718
13.97,236.0,3.0,0.0,2.4186,1.4742,-0.9444,82.302
13.98,236.0,3.0,0.0,2.4186,1.4742,-0.9444,82.675
13.99,236.0,3.0,0.0,2.4186,1.4742,-0.9444,82.366
14.0,236.0,3.0,0.0,2.4186,1.4655,-0.9531,81.945
14.01,236.0,3.0,0.0,2.4186,1.4742,-0.9444,82.156
14.02,236.0,3.0,0.0,2.4186,1.4742,-0.9444,82.286
14.03,236.0,3.0,0.0,2.4186,1.4742,-0.9444,82.382
14.04,236.0,3.0,0.0,2.4186,1.4655,-0.9531,82.351
14.05,236.0,3.0,0.0,2.4186,1.4742,-0.9444,82.335
14.06,236.0,3.0,0.0,2.4186,1.483,-0.9356,82.075
14.07,236.0,3.0,0.0,2.4186,1.4742,-0.9444,82.186
14.08,236.0,3.0,0.0,2.4186,1.4742,-0.9444,82.528
14.09,236.0,3.0,0.0,2.4186,1.4742,-0.9444,82.467
14.1,236.0,3.0,0.0,2.4186,1.4742,-0.9444,81.913
14.11,236.0,3.0,0.0,2.4186,1.4742,-0.9444,81.879
14.12,236.0,3.0,0.0,2.4186,1.483,-0.9356,82.156
14.13,236.0,3.0,0.0,2.4186,1.483,-0.9356,82.692
14.14,236.0,3.0,0.0,2.4186,1.483,-0.9356,82.399
14.15,236.0,3.0,0.0,2.4186,1.4917,-0.9269,81.848
14.16,236.0,3.0,0.0,2.4186,1.483,-0.9356,82.319
14.17,236.0,3.0,0.0,2.4186,1.483,-0.9356,82.125
14.18,236.0,3.0,0.0,2.4186,1.483,-0.9356,82.205
14.19,236.0,3.0,0.0,2.4186,1.483,-0.9356,82.398
14.2,236.0,3.0,0.0,2.4186,1.4742,-0.9444,82.14
14.21,236.0,3.0,0.0,2.4186,1.483,-0.9356,82.059
14.22,236.0,3.0,0.0,2.4186,1.483,-0.9356,82.028
14.23,236.0,3.0,0.0,2.4186,1.483,-0.9356,82.235
14.24,236.0,3.0,0.0,2.4186,1.483,-0.9356,82.48
14.25,236.0,3.0,0.0,2.4186,1.483,-0.9356,82.368
14.26,236.0,3.0,0.0,2.4186,1.4742,-0.9444,81.994
14.27,236.0,3.0,0.0,2.4186,1.483,-0.9356,82.122
14.28,236.0,3.0,0.0,2.4186,1.483,-0.9356,82.399
14.29,236.0,3.0,0.0,2.4186,1.483,-0.9356,82.109
14.3,236.0,3.0,0.0,2.4186,1.4742,-0.9444,82.172
14.31,236.0,3.0,0.0,2.4186,1.4917,-0.9269,82.22
14.32,236.0,3.0,0.0,2.4186,1.4742,-0.9444,82.189
14.33,236.0,3.0,0.0,2.4186,1.483,-0.9356,82.092
14.34,236.0,3.0,0.0,2.4186,1.483,-0.9356,82.171
14.35,236.0,3.0,0.0,2.4186,1.483,-0.9356,82.011
14.36,236.0,3.0,0.0,2.4186,1.483,-0.9356,82.253
14.37,236.0,3.0,0.0,2.4186,1.483,-0.9356,82.221
14.38,236.0,3.0,0.0,2.4186,1.483,-0.9356,82.238
14.39,236.0,3.0,0.0,2.4186,1.4742,-0.9444,82.253
14.4,236.0,3.0,0.0,2.4186,1.4655,-0.9531,82.107
14.41,236.0,3.0,0.0,2.4186,1.4655,-0.9531,82.042
14.42,236.0,3.0,0.0,2.4186,1.4742,-0.9444,82.172
14.43,236.0,3.0,0.0,2.4186,1.4742,-0.9444,81.963
14.44,236.0,3.0,0.0,2.4186,1.4655,-0.9531,82.237
14.45,236.0,3.0,0.0,2.4186,1.4742,-0.9444,81.898
14.46,236.0,3.0,0.0,2.4186,1.4742,-0.9444,82.156
14.47,236.0,3.0,0.0,2.4186,1.4742,-0.9444,82.14
14.48,236.0,3.0,0.0,2.4186,1.4742,-0.9444,82.221
14.49,236.0,3.0,0.0,2.4186,1.4742,-0.9444,82.317
14.5,236.0,3.0,0.0,2.4186,1.4655,-0.9531,82.141
14.51,236.0,3.0,0.0,2.4186,1.4655,-0.9531,81.929
14.52,236.0,3.0,0.0,2.4186,1.4655,-0.9531,82.073
14.53,236.0,3.0,0.0,2.4186,1.4655,-0.9531,81.994
14.54,236.0,3.0,0.0,2.4186,1.4655,-0.9531,81.964
14.55,236.0,3.0,0.0,2.4186,1.4655,-0.9531,82.188
14.56,236.0,3.0,0.0,2.4186,1.4567,-0.9619,81.977
14.57,236.0,3.0,0.0,2.4186,1.4655,-0.9531,81.978
14.58,236.0,3.0,0.0,2.4186,1.4742,-0.9444,82.157
14.59,236.0,3.0,0.0,2.4186,1.4655,-0.9531,82.221
14.6,236.0,3.0,0.0,2.4186,1.4655,-0.9531,82.126
14.61,236.0,3.0,0.0,2.4186,1.4655,-0.9531,82.11
14.62,236.0,3.0,0.0,2.4186,1.4655,-0.9531,82.093
14.63,236.0,3.0,0.0,2.4186,1.4742,-0.9444,82.205
14.64,236.0,3.0,0.0,2.4186,1.4655,-0.9531,82.173
14.65,236.0,3.0,0.0,2.4186,1.4655,-0.9531,82.125
14.66,236.0,3.0,0.0,2.4186,1.4655,-0.9531,82.204
14.67,236.0,3.0,0.0,2.4186,1.4742,-0.9444,82.14
14.68,236.0,3.0,0.0,2.4186,1.4742,-0.9444,82.14
14.69,236.0,3.0,0.0,2.4186,1.4742,-0.9444,82.157
14.7,236.0,3.0,0.0,2.4186,1.4742,-0.9444,82.172
14.71,236.0,3.0,0.0,2.4186,1.4655,-0.9531,82.157
14.72,236.0,3.0,0.0,2.4186,1.4655,-0.9531,81.947
14.73,236.0,3.0,0.0,2.4186,1.4655,-0.9531,82.108
14.74,236.0,3.0,0.0,2.4186,1.4742,-0.9444,82.252
14.75,236.0,3.0,0.0,2.4186,1.4742,-0.9444,82.123
14.76,236.0,3.0,0.0,2.4186,1.4742,-0.9444,82.061
14.77,236.0,3.0,0.0,2.4186,1.483,-0.9356,82.045
14.78,236.0,3.0,0.0,2.4186,1.4742,-0.9444,82.028
14.79,236.0,3.0,0.0,2.4186,1.4742,-0.9444,82.139
14.8,236.0,3.0,0.0,2.4186,1.4742,-0.9444,82.303
14.81,236.0,3.0,0.0,2.4186,1.483,-0.9356,82.125
14.82,236.0,3.0,0.0,2.4186,1.483,-0.9356,82.059
14.83,236.0,3.0,0.0,2.4186,1.4742,-0.9444,82.141
14.84,236.0,3.0,0.0,2.4186,1.483,-0.9356,82.077
14.85,236.0,3.0,0.0,2.4186,1.483,-0.9356,82.189
14.86,236.0,3.0,0.0,2.4186,1.483,-0.9356,82.108
14.87,236.0,3.0,0.0,2.4186,1.483,-0.9356,82.14
14.88,236.0,3.0,0.0,2.4186,1.4742,-0.9444,82.125
14.89,236.0,3.0,0.0,2.4186,1.4742,-0.9444,81.931
14.9,236.0,3.0,0.0,2.4186,1.4742,-0.9444,82.01
14.91,236.0,3.0,0.0,2.4186,1.483,-0.9356,82.14
14.92,236.0,3.0,0.0,2.4186,1.4742,-0.9444,81.995
14.93,236.0,3.0,0.0,2.4186,1.4655,-0.9531,82.042
14.94,236.0,3.0,0.0,2.4186,1.4742,-0.9444,82.123
14.95,236.0,3.0,0.0,2.4186,1.483,-0.9356,82.027
14.96,236.0,3.0,0.0,2.4186,1.4655,-0.9531,82.09
14.97,236.0,3.0,0.0,2.4186,1.4742,-0.9444,82.173
14.98,236.0,3.0,0.0,2.4186,1.4655,-0.9531,82.35
14.99,236.0,3.0,0.0,2.4186,1.4742,-0.9444,82.188
15.0,236.0,3.0,0.0,2.4186,1.4655,-0.9531,82.107
15.01,236.0,3.0,0.0,2.4186,1.483,-0.9356,82.123
15.02,236.0,3.0,0.0,2.4186,1.4742,-0.9444,82.011
15.03,236.0,3.0,0.0,2.4186,1.4742,-0.9444,82.058
15.04,236.0,3.0,0.0,2.4186,1.4742,-0.9444,82.237
15.05,236.0,3.0,0.0,2.4186,1.4655,-0.9531,82.075
15.06,236.0,3.0,0.0,2.4186,1.483,-0.9356,82.01
15.07,236.0,3.0,0.0,2.4186,1.483,-0.9356,81.978
15.08,236.0,3.0,0.0,2.4186,1.483,-0.9356,82.059
15.09,236.0,3.0,0.0,2.4186,1.483,-0.9356,82.043
15.1,236.0,3.0,0.0,2.4186,1.483,-0.9356,81.98
15.11,236.0,3.0,0.0,2.4186,1.483,-0.9356,82.123
15.12,236.0,3.0,0.0,2.4186,1.483,-0.9356,81.963
15.13,236.0,3.0,0.0,2.4186,1.4742,-0.9444,81.976
15.14,236.0,3.0,0.0,2.4186,1.483,-0.9356,81.978
15.15,236.0,3.0,0.0,2.4186,1.483,-0.9356,81.867
15.16,236.0,3.0,0.0,2.4186,1.4742,-0.9444,82.238
15.17,236.0,3.0,0.0,2.4186,1.4655,-0.9531,81.963
15.18,236.0,3.0,0.0,2.4186,1.4742,-0.9444,81.898
15.19,236.0,3.0,0.0,2.4186,1.4742,-0.9444,81.882
15.2,236.0,3.0,0.0,2.4186,1.4742,-0.9444,81.867
15.21,236.0,3.0,0.0,2.4186,1.4742,-0.9444,82.123
15.22,236.0,3.0,0.0,2.4186,1.4742,-0.9444,82.059
15.23,236.0,3.0,0.0,2.4186,1.4742,-0.9444,81.851
15.24,236.0,3.0,0.0,2.4186,1.4742,-0.9444,81.864
15.25,236.0,3.0,0.0,2.4186,1.483,-0.9356,81.864
15.26,236.0,3.0,0.0,2.4186,1.4742,-0.9444,82.109
15.27,236.0,3.0,0.0,2.4186,1.4655,-0.9531,81.979
15.28,236.0,3.0,0.0,2.4186,1.4742,-0.9444,82.188
15.29,236.0,3.0,0.0,2.4186,1.483,-0.9356,82.009
15.3,236.0,3.0,0.0,2.4186,1.483,-0.9356,82.043
15.31,236.0,3.0,0.0,2.4186,1.483,-0.9356,81.994
15.32,236.0,3.0,0.0,2.4186,1.483,-0.9356,81.963
15.33,236.0,3.0,0.0,2.4186,1.4742,-0.9444,82.22
15.34,236.0,3.0,0.0,2.4186,1.483,-0.9356,82.027
15.35,236.0,3.0,0.0,2.4186,1.483,-0.9356,82.124
15.36,236.0,3.0,0.0,2.4186,1.4742,-0.9444,82.126
15.37,236.0,3.0,0.0,2.4186,1.4742,-0.9444,81.979
15.38,236.0,3.0,0.0,2.4186,1.4742,-0.9444,81.978
15.39,236.0,3.0,0.0,2.4186,1.4742,-0.9444,82.042
15.4,236.0,3.0,0.0,2.4186,1.4742,-0.9444,81.996
15.41,236.0,3.0,0.0,2.4186,1.4655,-0.9531,82.089
15.42,236.0,3.0,0.0,2.4186,1.4742,-0.9444,81.883
15.43,236.0,3.0,0.0,2.4186,1.4742,-0.9444,81.978
15.44,236.0,3.0,0.0,2.4186,1.4742,-0.9444,82.14
15.45,236.0,3.0,0.0,2.4186,1.4742,-0.9444,81.963
15.46,236.0,3.0,0.0,2.4186,1.4655,-0.9531,82.173
15.47,236.0,3.0,0.0,2.4186,1.4655,-0.9531,82.027
15.48,236.0,3.0,0.0,2.4186,1.4655,-0.9531,82.106
15.49,236.0,3.0,0.0,2.4186,1.4742,-0.9444,82.076
15.5,236.0,3.0,0.0,2.4186,1.4655,-0.9531,82.09
15.51,236.0,3.0,0.0,2.4186,1.4742,-0.9444,82.14
15.52,236.0,3.0,0.0,2.4186,1.4742,-0.9444,81.979
15.53,236.0,3.0,0.0,2.4186,1.4742,-0.9444,82.075
15.54,236.0,3.0,0.0,2.4186,1.483,-0.9356,81.992
15.55,236.0,3.0,0.0,2.4186,1.483,-0.9356,82.011
15.56,236.0,3.0,0.0,2.4186,1.483,-0.9356,82.058
15.57,236.0,3.0,0.0,2.4186,1.483,-0.9356,82.172
15.58,236.0,3.0,0.0,2.4186,1.483,-0.9356,82.043
15.59,236.0,3.0,0.0,2.4186,1.483,-0.9356,82.028
15.6,236.0,3.0,0.0,2.4186,1.483,-0.9356,82.026
15.61,236.0,3.0,0.0,2.4186,1.483,-0.9356,81.994
15.62,236.0,3.0,0.0,2.4186,1.4742,-0.9444,81.897
15.63,236.0,3.0,0.0,2.4186,1.4742,-0.9444,82.058
15.64,236.0,3.0,0.0,2.4186,1.483,-0.9356,82.106
15.65,236.0,3.0,0.0,2.4186,1.4742,-0.9444,81.963
15.66,236.0,3.0,0.0,2.4186,1.483,-0.9356,82.041
15.67,236.0,3.0,0.0,2.4186,1.4655,-0.9531,82.044
15.68,236.0,3.0,0.0,2.4186,1.483,-0.9356,82.011
15.69,236.0,3.0,0.0,2.4186,1.483,-0.9356,82.058
15.7,236.0,3.0,0.0,2.4186,1.483,-0.9356,82.029
15.71,236.0,3.0,0.0,2.4186,1.483,-0.9356,82.139
15.72,236.0,3.0,0.0,2.4186,1.4742,-0.9444,82.077
15.73,236.0,3.0,0.0,2.4186,1.4742,-0.9444,81.865
15.74,236.0,3.0,0.0,2.4186,1.4742,-0.9444,81.978
15.75,236.0,3.0,0.0,2.4186,1.4742,-0.9444,82.044
15.76,236.0,3.0,0.0,2.4186,1.483,-0.9356,82.058
15.77,236.0,3.0,0.0,2.4186,1.483,-0.9356,82.074
15.78,236.0,3.0,0.0,2.4186,1.4742,-0.9444,81.849
15.79,236.0,3.0,0.0,2.4186,1.483,-0.9356,82.009
15.8,236.0,3.0,0.0,2.4186,1.4742,-0.9444,82.011
15.81,236.0,3.0,0.0,2.4186,1.4742,-0.9444,82.058
15.82,236.0,3.0,0.0,2.4186,1.483,-0.9356,81.899
15.83,236.0,3.0,0.0,2.4186,1.4742,-0.9444,81.961
15.84,236.0,3.0,0.0,2.4186,1.4655,-0.9531,82.123
15.85,236.0,3.0,0.0,2.4186,1.483,-0.9356,81.946
15.86,236.0,3.0,0.0,2.4186,1.483,-0.9356,81.994
15.87,236.0,3.0,0.0,2.4186,1.4742,-0.9444,81.915
15.88,236.0,3.0,0.0,2.4186,1.4742,-0.9444,82.01
15.89,236.0,3.0,0.0,2.4186,1.483,-0.9356,81.948
15.9,236.0,3.0,0.0,2.4186,1.4742,-0.9444,82.01
15.91,236.0,3.0,0.0,2.4186,1.4655,-0.9531,82.042
15.92,236.0,3.0,0.0,2.4186,1.483,-0.9356,81.865
15.93,236.0,3.0,0.0,2.4186,1.483,-0.9356,81.978
15.94,236.0,3.0,0.0,2.4186,1.4742,-0.9444,81.963
15.95,236.0,3.0,0.0,2.4186,1.4742,-0.9444,82.026
15.96,236.0,3.0,0.0,2.4186,1.4742,-0.9444,82.06
15.97,236.0,3.0,0.0,2.4186,1.4742,-0.9444,81.979
15.98,236.0,3.0,0.0,2.4186,1.483,-0.9356,82.171
15.99,236.0,3.0,0.0,2.4186,1.4742,-0.9444,81.867
16.0,236.0,3.0,0.0,2.4186,1.4742,-0.9444,81.896
16.01,236.0,3.0,0.0,2.4186,1.4742,-0.9444,82.09
16.02,236.0,3.0,0.0,2.4186,1.4742,-0.9444,81.833
16.03,236.0,3.0,0.0,2.4186,1.4742,-0.9444,82.123
16.04,236.0,3.0,0.0,2.4186,1.483,-0.9356,82.027
16.05,236.0,3.0,0.0,2.4186,1.4742,-0.9444,81.914
16.06,236.0,3.0,0.0,2.4186,1.4742,-0.9444,82.091
16.07,236.0,3.0,0.0,2.4186,1.483,-0.9356,82.137
16.08,236.0,3.0,0.0,2.4186,1.483,-0.9356,81.899
16.09,236.0,3.0,0.0,2.4186,1.483,-0.9356,81.865
16.1,236.0,3.0,0.0,2.4186,1.483,-0.9356,81.833
16.11,236.0,3.0,0.0,2.4186,1.483,-0.9356,82.092
16.12,236.0,3.0,0.0,2.4186,1.483,-0.9356,82.093
16.13,236.0,3.0,0.0,2.4186,1.483,-0.9356,82.124
16.14,236.0,3.0,0.0,2.4186,1.4742,-0.9444,81.817
16.15,236.0,3.0,0.0,2.4186,1.483,-0.9356,81.897
16.16,236.0,3.0,0.0,2.4186,1.4742,-0.9444,81.817
16.17,236.0,3.0,0.0,2.4186,1.483,-0.9356,81.93
16.18,236.0,3.0,0.0,2.4186,1.4742,-0.9444,82.187
16.19,236.0,3.0,0.0,2.4186,1.483,-0.9356,82.125
16.2,236.0,3.0,0.0,2.4186,1.483,-0.9356,81.995
16.21,236.0,3.0,0.0,2.4186,1.483,-0.9356,81.817
16.22,236.0,3.0,0.0,2.4186,1.4655,-0.9531,81.688
16.23,236.0,3.0,0.0,2.4186,1.4655,-0.9531,81.88
16.24,236.0,3.0,0.0,2.4186,1.4742,-0.9444,81.882
16.25,236.0,3.0,0.0,2.4186,1.483,-0.9356,81.93
16.26,236.0,3.0,0.0,2.4186,1.483,-0.9356,81.898
16.27,236.0,3.0,0.0,2.4186,1.483,-0.9356,81.883
16.28,236.0,3.0,0.0,2.4186,1.483,-0.9356,82.058
16.29,236.0,3.0,0.0,2.4186,1.4742,-0.9444,82.06
16.3,236.0,3.0,0.0,2.4186,1.4742,-0.9444,82.027
16.31,236.0,3.0,0.0,2.4186,1.483,-0.9356,82.124
16.32,236.0,3.0,0.0,2.4186,1.4917,-0.9269,81.867
16.33,236.0,3.0,0.0,2.4186,1.483,-0.9356,81.994
16.34,236.0,3.0,0.0,2.4186,1.483,-0.9356,81.799
16.35,236.0,3.0,0.0,2.4186,1.483,-0.9356,81.945
16.36,236.0,3.0,0.0,2.4186,1.483,-0.9356,82.058
16.37,236.0,3.0,0.0,2.4186,1.483,-0.9356,81.929
16.38,236.0,3.0,0.0,2.4186,1.4742,-0.9444,81.866
16.39,236.0,3.0,0.0,2.4186,1.4742,-0.9444,81.864
16.4,236.0,3.0,0.0,2.4186,1.483,-0.9356,81.913
16.41,236.0,3.0,0.0,2.4186,1.483,-0.9356,81.865
16.42,236.0,3.0,0.0,2.4186,1.4742,-0.9444,81.834
16.43,236.0,3.0,0.0,2.4186,1.483,-0.9356,81.962
16.44,236.0,3.0,0.0,2.4186,1.4655,-0.9531,81.785
16.45,236.0,3.0,0.0,2.4186,1.4655,-0.9531,81.721
16.46,236.0,3.0,0.0,2.4186,1.4655,-0.9531,82.027
16.47,236.0,3.0,0.0,2.4186,1.4655,-0.9531,82.091
16.48,236.0,3.0,0.0,2.4186,1.4742,-0.9444,82.172
16.49,236.0,3.0,0.0,2.4186,1.4655,-0.9531,81.995
16.5,236.0,3.0,0.0,2.4186,1.4742,-0.9444,82.059
16.51,236.0,3.0,0.0,2.4186,1.4655,-0.9531,81.948
16.52,236.0,3.0,0.0,2.4186,1.4742,-0.9444,81.814
16.53,236.0,3.0,0.0,2.4186,1.4742,-0.9444,81.913
16.54,236.0,3.0,0.0,2.4186,1.4742,-0.9444,82.01
16.55,236.0,3.0,0.0,2.4186,1.4742,-0.9444,81.816
16.56,236.0,3.0,0.0,2.4186,1.483,-0.9356,82.092
16.57,236.0,3.0,0.0,2.4186,1.4655,-0.9531,81.965
16.58,236.0,3.0,0.0,2.4186,1.4655,-0.9531,81.721
16.59,236.0,3.0,0.0,2.4186,1.4655,-0.9531,81.914
16.6,236.0,3.0,0.0,2.4186,1.4742,-0.9444,81.849
16.61,236.0,3.0,0.0,2.4186,1.4742,-0.9444,81.848
16.62,236.0,3.0,0.0,2.4186,1.483,-0.9356,81.93
16.63,236.0,3.0,0.0,2.4186,1.4742,-0.9444,82.028
16.64,236.0,3.0,0.0,2.4186,1.4742,-0.9444,82.011
16.65,236.0,3.0,0.0,2.4186,1.483,-0.9356,81.851
16.66,236.0,3.0,0.0,2.4186,1.483,-0.9356,81.93
16.67,236.0,3.0,0.0,2.4186,1.483,-0.9356,81.817
16.68,236.0,3.0,0.0,2.4186,1.483,-0.9356,81.93
16.69,236.0,3.0,0.0,2.4186,1.4742,-0.9444,81.785
16.7,236.0,3.0,0.0,2.4186,1.483,-0.9356,82.01
16.71,236.0,3.0,0.0,2.4186,1.483,-0.9356,81.947
16.72,236.0,3.0,0.0,2.4186,1.4742,-0.9444,81.752
16.73,236.0,3.0,0.0,2.4186,1.4742,-0.9444,81.993
16.74,236.0,3.0,0.0,2.4186,1.4742,-0.9444,81.963
16.75,236.0,3.0,0.0,2.4186,1.4655,-0.9531,81.704
16.76,236.0,3.0,0.0,2.4186,1.483,-0.9356,81.914
16.77,236.0,3.0,0.0,2.4186,1.4742,-0.9444,82.042
16.78,236.0,3.0,0.0,2.4186,1.4742,-0.9444,81.882
16.79,236.0,3.0,0.0,2.4186,1.4655,-0.9531,82.107
16.8,236.0,3.0,0.0,2.4186,1.4742,-0.9444,82.059
16.81,236.0,3.0,0.0,2.4186,1.4742,-0.9444,81.914
16.82,236.0,3.0,0.0,2.4186,1.4742,-0.9444,81.882
16.83,236.0,3.0,0.0,2.4186,1.4742,-0.9444,81.944
16.84,236.0,3.0,0.0,2.4186,1.4742,-0.9444,82.042
16.85,236.0,3.0,0.0,2.4186,1.483,-0.9356,81.816
16.86,236.0,3.0,0.0,2.4186,1.483,-0.9356,81.945
16.87,236.0,3.0,0.0,2.4186,1.483,-0.9356,81.8
16.88,236.0,3.0,0.0,2.4186,1.4742,-0.9444,82.027
16.89,236.0,3.0,0.0,2.4186,1.4742,-0.9444,81.978
16.9,236.0,3.0,0.0,2.4186,1.483,-0.9356,81.834
16.91,236.0,3.0,0.0,2.4186,1.483,-0.9356,82.025
16.92,236.0,3.0,0.0,2.4186,1.483,-0.9356,81.929
16.93,236.0,3.0,0.0,2.4186,1.4742,-0.9444,82.01
16.94,236.0,3.0,0.0,2.4186,1.483,-0.9356,81.899
16.95,236.0,3.0,0.0,2.4186,1.4742,-0.9444,81.961
16.96,236.0,3.0,0.0,2.4186,1.483,-0.9356,81.916
16.97,236.0,3.0,0.0,2.4186,1.483,-0.9356,81.671
16.98,236.0,3.0,0.0,2.4186,1.483,-0.9356,82.041
16.99,236.0,3.0,0.0,2.4186,1.4742,-0.9444,82.121
17.0,236.0,3.0,0.0,2.4186,1.483,-0.9356,81.815
17.01,236.0,3.0,0.0,2.4186,1.483,-0.9356,82.124
17.02,236.0,3.0,0.0,2.4186,1.483,-0.9356,81.882
17.03,236.0,3.0,0.0,2.4186,1.483,-0.9356,81.898
17.04,236.0,3.0,0.0,2.4186,1.4742,-0.9444,82.076
17.05,236.0,3.0,0.0,2.4186,1.483,-0.9356,81.883
17.06,236.0,3.0,0.0,2.4186,1.4742,-0.9444,81.849
17.07,236.0,3.0,0.0,2.4186,1.483,-0.9356,81.914
17.08,236.0,3.0,0.0,2.4186,1.483,-0.9356,82.06
17.09,236.0,3.0,0.0,2.4186,1.483,-0.9356,81.979
17.1,236.0,3.0,0.0,2.4186,1.483,-0.9356,82.059
17.11,236.0,3.0,0.0,2.4186,1.4742,-0.9444,82.041
17.12,236.0,3.0,0.0,2.4186,1.483,-0.9356,81.914
17.13,236.0,3.0,0.0,2.4186,1.4742,-0.9444,82.091
17.14,236.0,3.0,0.0,2.4186,1.4742,-0.9444,82.058
17.15,236.0,3.0,0.0,2.4186,1.4742,-0.9444,81.995
17.16,236.0,3.0,0.0,2.4186,1.4742,-0.9444,82.138
17.17,236.0,3.0,0.0,2.4186,1.4742,-0.9444,81.931
17.18,236.0,3.0,0.0,2.4186,1.483,-0.9356,81.8
17.19,236.0,3.0,0.0,2.4186,1.483,-0.9356,81.832
17.2,236.0,3.0,0.0,2.4186,1.4742,-0.9444,82.059
17.21,236.0,3.0,0.0,2.4186,1.483,-0.9356,81.978
17.22,236.0,3.0,0.0,2.4186,1.483,-0.9356,82.011
17.23,236.0,3.0,0.0,2.4186,1.483,-0.9356,81.963
17.24,236.0,3.0,0.0,2.4186,1.4742,-0.9444,81.93
17.25,236.0,3.0,0.0,2.4186,1.4742,-0.9444,81.978
17.26,236.0,3.0,0.0,2.4186,1.483,-0.9356,81.961
17.27,236.0,3.0,0.0,2.4186,1.483,-0.9356,81.834
17.28,236.0,3.0,0.0,2.4186,1.4655,-0.9531,81.752
17.29,236.0,3.0,0.0,2.4186,1.4742,-0.9444,81.912
17.3,236.0,3.0,0.0,2.4186,1.483,-0.9356,81.834
17.31,236.0,3.0,0.0,2.4186,1.4742,-0.9444,81.897
17.32,236.0,3.0,0.0,2.4186,1.4742,-0.9444,81.801
17.33,236.0,3.0,0.0,2.4186,1.483,-0.9356,81.865
17.34,236.0,3.0,0.0,2.4186,1.4742,-0.9444,81.962
17.35,236.0,3.0,0.0,2.4186,1.4742,-0.9444,81.573
17.36,236.0,3.0,0.0,2.4186,1.4742,-0.9444,81.849
17.37,236.0,3.0,0.0,2.4186,1.483,-0.9356,81.834
17.38,236.0,3.0,0.0,2.4186,1.483,-0.9356,82.025
17.39,236.0,3.0,0.0,2.4186,1.4742,-0.9444,81.947
17.4,236.0,3.0,0.0,2.4186,1.4655,-0.9531,81.784
17.41,236.0,3.0,0.0,2.4186,1.4742,-0.9444,81.784
17.42,236.0,3.0,0.0,2.4186,1.4655,-0.9531,81.816
17.43,236.0,3.0,0.0,2.4186,1.483,-0.9356,82.041
17.44,236.0,3.0,0.0,2.4186,1.483,-0.9356,82.009
17.45,236.0,3.0,0.0,2.4186,1.4655,-0.9531,81.947
17.46,236.0,3.0,0.0,2.4186,1.483,-0.9356,81.915
17.47,236.0,3.0,0.0,2.4186,1.483,-0.9356,81.817
17.48,236.0,3.0,0.0,2.4186,1.483,-0.9356,82.042
17.49,236.0,3.0,0.0,2.4186,1.4742,-0.9444,81.768
17.5,236.0,3.0,0.0,2.4186,1.483,-0.9356,81.913
17.51,236.0,3.0,0.0,2.4186,1.4742,-0.9444,81.978
17.52,236.0,3.0,0.0,2.4186,1.483,-0.9356,81.833
17.53,236.0,3.0,0.0,2.4186,1.4742,-0.9444,81.996
17.54,236.0,3.0,0.0,2.4186,1.483,-0.9356,81.817
17.55,236.0,3.0,0.0,2.4186,1.4742,-0.9444,82.025
17.56,236.0,3.0,0.0,2.4186,1.4742,-0.9444,81.818
17.57,236.0,3.0,0.0,2.4186,1.4742,-0.9444,81.962
17.58,236.0,3.0,0.0,2.4186,1.4742,-0.9444,81.977
17.59,236.0,3.0,0.0,2.4186,1.483,-0.9356,81.994
17.6,236.0,3.0,0.0,2.4186,1.4742,-0.9444,81.896
17.61,236.0,3.0,0.0,2.4186,1.4742,-0.9444,81.881
17.62,236.0,3.0,0.0,2.4186,1.4742,-0.9444,82.009
17.63,236.0,3.0,0.0,2.4186,1.4742,-0.9444,82.041
17.64,236.0,3.0,0.0,2.4186,1.4742,-0.9444,82.058
17.65,236.0,3.0,0.0,2.4186,1.4742,-0.9444,82.027
17.66,236.0,3.0,0.0,2.4186,1.4742,-0.9444,81.849
17.67,236.0,3.0,0.0,2.4186,1.4742,-0.9444,81.818
17.68,236.0,3.0,0.0,2.4186,1.4742,-0.9444,81.737
17.69,236.0,3.0,0.0,2.4186,1.4742,-0.9444,81.914
17.7,236.0,3.0,0.0,2.4186,1.483,-0.9356,81.802
17.71,236.0,3.0,0.0,2.4186,1.4742,-0.9444,81.88
17.72,236.0,3.0,0.0,2.4186,1.483,-0.9356,81.767
17.73,236.0,3.0,0.0,2.4186,1.4742,-0.9444,81.898
17.74,236.0,3.0,0.0,2.4186,1.483,-0.9356,81.897
17.75,236.0,3.0,0.0,2.4186,1.4742,-0.9444,81.946
17.76,236.0,3.0,0.0,2.4186,1.483,-0.9356,81.801
17.77,236.0,3.0,0.0,2.4186,1.4742,-0.9444,81.639
17.78,236.0,3.0,0.0,2.4186,1.4742,-0.9444,82.027
17.79,236.0,3.0,0.0,2.4186,1.4742,-0.9444,81.995
17.8,236.0,3.0,0.0,2.4186,1.4742,-0.9444,81.786
17.81,236.0,3.0,0.0,2.4186,1.483,-0.9356,81.865
17.82,236.0,3.0,0.0,2.4186,1.4917,-0.9269,81.929
17.83,236.0,3.0,0.0,2.4186,1.4742,-0.9444,81.867
17.84,236.0,3.0,0.0,2.4186,1.483,-0.9356,82.219
17.85,236.0,3.0,0.0,2.4186,1.483,-0.9356,81.866
17.86,236.0,3.0,0.0,2.4186,1.483,-0.9356,81.866
17.87,236.0,3.0,0.0,2.4186,1.483,-0.9356,81.912
17.88,236.0,3.0,0.0,2.4186,1.483,-0.9356,81.899
17.89,236.0,3.0,0.0,2.4186,1.483,-0.9356,81.801
17.9,236.0,3.0,0.0,2.4186,1.483,-0.9356,81.815
17.91,236.0,3.0,0.0,2.4186,1.4742,-0.9444,81.848
17.92,236.0,3.0,0.0,2.4186,1.4742,-0.9444,81.769
17.93,236.0,3.0,0.0,2.4186,1.4742,-0.9444,81.864
17.94,236.0,3.0,0.0,2.4186,1.4742,-0.9444,82.012
17.95,236.0,3.0,0.0,2.4186,1.483,-0.9356,81.786
17.96,236.0,3.0,0.0,2.4186,1.4742,-0.9444,81.767
17.97,236.0,3.0,0.0,2.4186,1.483,-0.9356,82.187
17.98,236.0,3.0,0.0,2.4186,1.4742,-0.9444,81.977
17.99,236.0,3.0,0.0,2.4186,1.4742,-0.9444,81.898
18.0,236.0,3.0,0.0,2.4186,1.4742,-0.9444,81.914
18.01,236.0,3.0,0.0,2.4186,1.4742,-0.9444,82.058
18.02,236.0,3.0,0.0,2.4186,1.483,-0.9356,81.963
18.03,236.0,3.0,0.0,2.4186,1.4742,-0.9444,81.801
18.04,236.0,3.0,0.0,2.4186,1.483,-0.9356,81.994
18.05,236.0,3.0,0.0,2.4186,1.483,-0.9356,81.833
18.06,236.0,3.0,0.0,2.4186,1.483,-0.9356,81.819
18.07,236.0,3.0,0.0,2.4186,1.483,-0.9356,81.704
18.08,236.0,3.0,0.0,2.4186,1.4917,-0.9269,81.962
18.09,236.0,3.0,0.0,2.4186,1.4917,-0.9269,82.009
18.1,236.0,3.0,0.0,2.4186,1.483,-0.9356,81.785
18.11,236.0,3.0,0.0,2.4186,1.4742,-0.9444,81.816
18.12,236.0,3.0,0.0,2.4186,1.4742,-0.9444,81.786
18.13,236.0,3.0,0.0,2.4186,1.483,-0.9356,81.93
18.14,236.0,3.0,0.0,2.4186,1.4742,-0.9444,81.687
18.15,236.0,3.0,0.0,2.4186,1.483,-0.9356,81.88
18.16,236.0,3.0,0.0,2.4186,1.483,-0.9356,81.962
18.17,236.0,3.0,0.0,2.4186,1.483,-0.9356,81.994
18.18,236.0,3.0,0.0,2.4186,1.483,-0.9356,81.898
18.19,236.0,3.0,0.0,2.4186,1.483,-0.9356,81.833
18.2,236.0,3.0,0.0,2.4186,1.483,-0.9356,81.833
18.21,236.0,3.0,0.0,2.4186,1.483,-0.9356,81.819
18.22,236.0,3.0,0.0,2.4186,1.4742,-0.9444,81.849
18.23,236.0,3.0,0.0,2.4186,1.4917,-0.9269,82.09
18.24,236.0,3.0,0.0,2.4186,1.4917,-0.9269,81.834
18.25,236.0,3.0,0.0,2.4186,1.483,-0.9356,82.026
18.26,236.0,3.0,0.0,2.4186,1.483,-0.9356,81.817
18.27,236.0,3.0,0.0,2.4186,1.4742,-0.9444,81.864
18.28,236.0,3.0,0.0,2.4186,1.4742,-0.9444,81.929
18.29,236.0,3.0,0.0,2.4186,1.4742,-0.9444,82.028
18.3,236.0,3.0,0.0,2.4186,1.4742,-0.9444,81.848
18.31,236.0,3.0,0.0,2.4186,1.4742,-0.9444,82.075
18.32,236.0,3.0,0.0,2.4186,1.4742,-0.9444,81.768
18.33,236.0,3.0,0.0,2.4186,1.483,-0.9356,81.798
18.34,236.0,3.0,0.0,2.4186,1.483,-0.9356,81.705
18.35,236.0,3.0,0.0,2.4186,1.483,-0.9356,82.074
18.36,236.0,3.0,0.0,2.4186,1.483,-0.9356,82.09
18.37,236.0,3.0,0.0,2.4186,1.483,-0.9356,81.72
18.38,236.0,3.0,0.0,2.4186,1.483,-0.9356,82.01
18.39,236.0,3.0,0.0,2.4186,1.483,-0.9356,81.865
18.4,236.0,3.0,0.0,2.4186,1.483,-0.9356,81.85
18.41,236.0,3.0,0.0,2.4186,1.4742,-0.9444,81.833
18.42,236.0,3.0,0.0,2.4186,1.4742,-0.9444,81.88
18.43,236.0,3.0,0.0,2.4186,1.4742,-0.9444,82.14
18.44,236.0,3.0,0.0,2.4186,1.483,-0.9356,81.963
18.45,236.0,3.0,0.0,2.4186,1.483,-0.9356,81.849
18.46,236.0,3.0,0.0,2.4186,1.4655,-0.9531,81.737
18.47,236.0,3.0,0.0,2.4186,1.4742,-0.9444,82.057
18.48,236.0,3.0,0.0,2.4186,1.4655,-0.9531,81.931
18.49,236.0,3.0,0.0,2.4186,1.4655,-0.9531,81.833
18.5,236.0,3.0,0.0,2.4186,1.4655,-0.9531,81.818
18.51,236.0,3.0,0.0,2.4186,1.4742,-0.9444,81.801
18.52,236.0,3.0,0.0,2.4186,1.4742,-0.9444,81.88
18.53,236.0,3.0,0.0,2.4186,1.4742,-0.9444,81.786
18.54,236.0,3.0,0.0,2.4186,1.4742,-0.9444,81.928
18.55,236.0,3.0,0.0,2.4186,1.4742,-0.9444,81.768
18.56,236.0,3.0,0.0,2.4186,1.4742,-0.9444,81.898
18.57,236.0,3.0,0.0,2.4186,1.4655,-0.9531,81.784
18.58,236.0,3.0,0.0,2.4186,1.4742,-0.9444,81.914
18.59,236.0,3.0,0.0,2.4186,1.4655,-0.9531,81.883
18.6,236.0,3.0,0.0,2.4186,1.4742,-0.9444,81.719
18.61,236.0,3.0,0.0,2.4186,1.4742,-0.9444,81.896
18.62,236.0,3.0,0.0,2.4186,1.4655,-0.9531,81.688
18.63,236.0,3.0,0.0,2.4186,1.4742,-0.9444,81.896
18.64,236.0,3.0,0.0,2.4186,1.4742,-0.9444,81.801
18.65,236.0,3.0,0.0,2.4186,1.4742,-0.9444,81.753
18.66,236.0,3.0,0.0,2.4186,1.4742,-0.9444,81.946
18.67,236.0,3.0,0.0,2.4186,1.4742,-0.9444,81.88
18.68,236.0,3.0,0.0,2.4186,1.4742,-0.9444,81.962
18.69,236.0,3.0,0.0,2.4186,1.4742,-0.9444,81.929
18.7,236.0,3.0,0.0,2.4186,1.4742,-0.9444,81.944
18.71,236.0,3.0,0.0,2.4186,1.4742,-0.9444,81.882
18.72,236.0,3.0,0.0,2.4186,1.483,-0.9356,81.769
18.73,236.0,3.0,0.0,2.4186,1.483,-0.9356,82.057
18.74,236.0,3.0,0.0,2.4186,1.483,-0.9356,81.961
18.75,236.0,3.0,0.0,2.4186,1.483,-0.9356,81.833
18.76,236.0,3.0,0.0,2.4186,1.4742,-0.9444,81.88
18.77,236.0,3.0,0.0,2.4186,1.483,-0.9356,81.688
18.78,236.0,3.0,0.0,2.4186,1.483,-0.9356,81.928
18.79,236.0,3.0,0.0,2.4186,1.483,-0.9356,81.914
18.8,236.0,3.0,0.0,2.4186,1.483,-0.9356,81.72
18.81,236.0,3.0,0.0,2.4186,1.483,-0.9356,82.01
18.82,236.0,3.0,0.0,2.4186,1.483,-0.9356,81.737
18.83,236.0,3.0,0.0,2.4186,1.483,-0.9356,81.963
18.84,236.0,3.0,0.0,2.4186,1.4742,-0.9444,82.058
18.85,236.0,3.0,0.0,2.4186,1.483,-0.9356,81.769
18.86,236.0,3.0,0.0,2.4186,1.483,-0.9356,81.719
18.87,236.0,3.0,0.0,2.4186,1.4742,-0.9444,81.688
18.88,236.0,3.0,0.0,2.4186,1.483,-0.9356,81.929
18.89,236.0,3.0,0.0,2.4186,1.483,-0.9356,81.882
18.9,236.0,3.0,0.0,2.4186,1.483,-0.9356,81.848
18.91,236.0,3.0,0.0,2.4186,1.483,-0.9356,81.641
18.92,236.0,3.0,0.0,2.4186,1.4742,-0.9444,81.734
18.93,236.0,3.0,0.0,2.4186,1.483,-0.9356,81.735
18.94,236.0,3.0,0.0,2.4186,1.483,-0.9356,81.898
18.95,236.0,3.0,0.0,2.4186,1.4655,-0.9531,81.768
18.96,236.0,3.0,0.0,2.4186,1.4655,-0.9531,81.88
18.97,236.0,3.0,0.0,2.4186,1.4742,-0.9444,81.865
18.98,236.0,3.0,0.0,2.4186,1.483,-0.9356,81.898
18.99,236.0,3.0,0.0,2.4186,1.4742,-0.9444,81.995
19.0,236.0,3.0,0.0,2.4186,1.4742,-0.9444,81.833
19.01,236.0,3.0,0.0,2.4186,1.4742,-0.9444,81.882
19.02,236.0,3.0,0.0,2.4186,1.4742,-0.9444,81.928
19.03,236.0,3.0,0.0,2.4186,1.4655,-0.9531,82.075
19.04,236.0,3.0,0.0,2.4186,1.4742,-0.9444,81.962
19.05,236.0,3.0,0.0,2.4186,1.4655,-0.9531,81.817
19.06,236.0,3.0,0.0,2.4186,1.4742,-0.9444,82.059
19.07,236.0,3.0,0.0,2.4186,1.483,-0.9356,81.915
19.08,236.0,3.0,0.0,2.4186,1.483,-0.9356,82.091
19.09,236.0,3.0,0.0,2.4186,1.483,-0.9356,81.737
19.1,236.0,3.0,0.0,2.4186,1.4742,-0.9444,81.864
19.11,236.0,3.0,0.0,2.4186,1.4742,-0.9444,81.703
19.12,236.0,3.0,0.0,2.4186,1.4742,-0.9444,81.912
19.13,236.0,3.0,0.0,2.4186,1.483,-0.9356,81.818
19.14,236.0,3.0,0.0,2.4186,1.483,-0.9356,81.976
19.15,236.0,3.0,0.0,2.4186,1.4742,-0.9444,81.882
19.16,236.0,3.0,0.0,2.4186,1.4742,-0.9444,81.705
19.17,236.0,3.0,0.0,2.4186,1.483,-0.9356,81.862
19.18,236.0,3.0,0.0,2.4186,1.4742,-0.9444,81.897
19.19,236.0,3.0,0.0,2.4186,1.483,-0.9356,82.106
19.2,236.0,3.0,0.0,2.4186,1.483,-0.9356,82.026
19.21,236.0,3.0,0.0,2.4186,1.4742,-0.9444,82.059
19.22,236.0,3.0,0.0,2.4186,1.4917,-0.9269,81.768
19.23,236.0,3.0,0.0,2.4186,1.4742,-0.9444,81.703
19.24,236.0,3.0,0.0,2.4186,1.483,-0.9356,81.88
19.25,236.0,3.0,0.0,2.4186,1.4742,-0.9444,81.834
19.26,236.0,3.0,0.0,2.4186,1.483,-0.9356,81.865
19.27,236.0,3.0,0.0,2.4186,1.483,-0.9356,81.834
19.28,236.0,3.0,0.0,2.4186,1.483,-0.9356,81.736
19.29,236.0,3.0,0.0,2.4186,1.4742,-0.9444,81.929
19.3,236.0,3.0,0.0,2.4186,1.4742,-0.9444,81.802
19.31,236.0,3.0,0.0,2.4186,1.4742,-0.9444,81.96
19.32,236.0,3.0,0.0,2.4186,1.4742,-0.9444,81.802
19.33,236.0,3.0,0.0,2.4186,1.4742,-0.9444,82.06
19.34,236.0,3.0,0.0,2.4186,1.4742,-0.9444,81.688
19.35,236.0,3.0,0.0,2.4186,1.4742,-0.9444,81.609
19.36,236.0,3.0,0.0,2.4186,1.4742,-0.9444,81.799
19.37,236.0,3.0,0.0,2.4186,1.483,-0.9356,81.624
19.38,236.0,3.0,0.0,2.4186,1.4742,-0.9444,81.752
19.39,236.0,3.0,0.0,2.4186,1.4742,-0.9444,81.8
19.4,236.0,3.0,0.0,2.4186,1.483,-0.9356,81.894
19.41,236.0,3.0,0.0,2.4186,1.483,-0.9356,82.123
19.42,236.0,3.0,0.0,2.4186,1.483,-0.9356,81.753
19.43,236.0,3.0,0.0,2.4186,1.4742,-0.9444,81.735
19.44,236.0,3.0,0.0,2.4186,1.4742,-0.9444,81.88
19.45,236.0,3.0,0.0,2.4186,1.4742,-0.9444,81.72
19.46,236.0,3.0,0.0,2.4186,1.483,-0.9356,81.75
19.47,236.0,3.0,0.0,2.4186,1.483,-0.9356,81.784
19.48,236.0,3.0,0.0,2.4186,1.4742,-0.9444,81.961
19.49,236.0,3.0,0.0,2.4186,1.483,-0.9356,81.769
19.5,236.0,3.0,0.0,2.4186,1.4742,-0.9444,81.753
19.51,236.0,3.0,0.0,2.4186,1.4742,-0.9444,81.944
19.52,236.0,3.0,0.0,2.4186,1.4742,-0.9444,81.622
19.53,236.0,3.0,0.0,2.4186,1.4742,-0.9444,81.654
19.54,236.0,3.0,0.0,2.4186,1.4742,-0.9444,81.816
19.55,236.0,3.0,0.0,2.4186,1.4655,-0.9531,81.865
19.56,236.0,3.0,0.0,2.4186,1.483,-0.9356,81.85
19.57,236.0,3.0,0.0,2.4186,1.4742,-0.9444,81.623
19.58,236.0,3.0,0.0,2.4186,1.4655,-0.9531,81.85
19.59,236.0,3.0,0.0,2.4186,1.483,-0.9356,81.944
19.6,236.0,3.0,0.0,2.4186,1.483,-0.9356,81.865
19.61,236.0,3.0,0.0,2.4186,1.483,-0.9356,81.928
19.62,236.0,3.0,0.0,2.4186,1.4742,-0.9444,82.028
19.63,236.0,3.0,0.0,2.4186,1.4742,-0.9444,81.802
19.64,236.0,3.0,0.0,2.4186,1.4655,-0.9531,81.946
19.65,236.0,3.0,0.0,2.4186,1.4742,-0.9444,82.01
19.66,236.0,3.0,0.0,2.4186,1.483,-0.9356,81.993
19.67,236.0,3.0,0.0,2.4186,1.4742,-0.9444,81.784
19.68,236.0,3.0,0.0,2.4186,1.4742,-0.9444,82.059
19.69,236.0,3.0,0.0,2.4186,1.4742,-0.9444,81.851
19.7,236.0,3.0,0.0,2.4186,1.4742,-0.9444,81.623
19.71,236.0,3.0,0.0,2.4186,1.4742,-0.9444,81.781
19.72,236.0,3.0,0.0,2.4186,1.4917,-0.9269,81.928
19.73,236.0,3.0,0.0,2.4186,1.483,-0.9356,81.8
19.74,236.0,3.0,0.0,2.4186,1.483,-0.9356,81.8
19.75,236.0,3.0,0.0,2.4186,1.483,-0.9356,82.155
19.76,236.0,3.0,0.0,2.4186,1.4742,-0.9444,81.848
19.77,236.0,3.0,0.0,2.4186,1.483,-0.9356,81.752
19.78,236.0,3.0,0.0,2.4186,1.4742,-0.9444,81.799
19.79,236.0,3.0,0.0,2.4186,1.483,-0.9356,81.914
19.8,236.0,3.0,0.0,2.4186,1.4742,-0.9444,81.849
19.81,236.0,3.0,0.0,2.4186,1.4742,-0.9444,81.913
19.82,236.0,3.0,0.0,2.4186,1.4742,-0.9444,81.913
19.83,236.0,3.0,0.0,2.4186,1.4742,-0.9444,81.736
19.84,236.0,3.0,0.0,2.4186,1.483,-0.9356,81.768
19.85,236.0,3.0,0.0,2.4186,1.4742,-0.9444,81.897
19.86,236.0,3.0,0.0,2.4186,1.4742,-0.9444,81.817
19.87,236.0,3.0,0.0,2.4186,1.4655,-0.9531,81.914
19.88,236.0,3.0,0.0,2.4186,1.4742,-0.9444,81.688
19.89,236.0,3.0,0.0,2.4186,1.4742,-0.9444,81.879
19.9,236.0,3.0,0.0,2.4186,1.483,-0.9356,81.784
19.91,236.0,3.0,0.0,2.4186,1.4742,-0.9444,81.881
19.92,236.0,3.0,0.0,2.4186,1.483,-0.9356,81.945
19.93,236.0,3.0,0.0,2.4186,1.4742,-0.9444,81.785
19.94,236.0,3.0,0.0,2.4186,1.4742,-0.9444,81.865
19.95,236.0,3.0,0.0,2.4186,1.483,-0.9356,81.753
19.96,236.0,3.0,0.0,2.4186,1.4742,-0.9444,82.057
19.97,236.0,3.0,0.0,2.4186,1.4742,-0.9444,81.623
19.98,236.0,3.0,0.0,2.4186,1.483,-0.9356,81.93
19.99,236.0,3.0,0.0,2.4186,1.4742,-0.9444,81.783
20.0,236.0,3.0,0.0,2.4186,1.4742,-0.9444,81.946
20.01,236.0,3.0,0.0,2.4186,1.483,-0.9356,81.913
20.02,236.0,3.0,0.0,2.4186,1.4917,-0.9269,81.721
20.03,236.0,3.0,0.0,2.4186,1.483,-0.9356,81.897
20.04,236.0,3.0,0.0,2.4186,1.483,-0.9356,81.752
20.05,236.0,3.0,0.0,2.4186,1.483,-0.9356,81.623
20.06,236.0,3.0,0.0,2.4186,1.483,-0.9356,81.703
20.07,236.0,3.0,0.0,2.4186,1.483,-0.9356,81.701
20.08,236.0,3.0,0.0,2.4186,1.4917,-0.9269,81.8
20.09,236.0,3.0,0.0,2.4186,1.4742,-0.9444,81.718
20.1,236.0,3.0,0.0,2.4186,1.4742,-0.9444,81.848
20.11,236.0,3.0,0.0,2.4186,1.4655,-0.9531,82.106
20.12,236.0,3.0,0.0,2.4186,1.4742,-0.9444,82.01
20.13,236.0,3.0,0.0,2.4186,1.4742,-0.9444,81.687
20.14,236.0,3.0,0.0,2.4186,1.483,-0.9356,81.848
20.15,236.0,3.0,0.0,2.4186,1.483,-0.9356,81.785
20.16,236.0,3.0,0.0,2.4186,1.4742,-0.9444,81.832
20.17,236.0,3.0,0.0,2.4186,1.483,-0.9356,81.914
20.18,236.0,3.0,0.0,2.4186,1.483,-0.9356,81.866
20.19,236.0,3.0,0.0,2.4186,1.4742,-0.9444,81.849
20.2,236.0,3.0,0.0,2.4186,1.4742,-0.9444,81.946
20.21,236.0,3.0,0.0,2.4186,1.4742,-0.9444,81.994
20.22,236.0,3.0,0.0,2.4186,1.4742,-0.9444,81.914
20.23,236.0,3.0,0.0,2.4186,1.483,-0.9356,81.623
20.24,236.0,3.0,0.0,2.4186,1.4655,-0.9531,81.896
20.25,236.0,3.0,0.0,2.4186,1.4742,-0.9444,81.769
20.26,236.0,3.0,0.0,2.4186,1.4742,-0.9444,81.639
20.27,236.0,3.0,0.0,2.4186,1.4742,-0.9444,81.912
20.28,236.0,3.0,0.0,2.4186,1.4742,-0.9444,81.785
20.29,236.0,3.0,0.0,2.4186,1.483,-0.9356,81.911
20.3,236.0,3.0,0.0,2.4186,1.483,-0.9356,81.882
20.31,236.0,3.0,0.0,2.4186,1.483,-0.9356,81.928
20.32,236.0,3.0,0.0,2.4186,1.483,-0.9356,81.671
20.33,236.0,3.0,0.0,2.4186,1.483,-0.9356,81.671
20.34,236.0,3.0,0.0,2.4186,1.483,-0.9356,81.687
20.35,236.0,3.0,0.0,2.4186,1.483,-0.9356,81.8
20.36,236.0,3.0,0.0,2.4186,1.483,-0.9356,81.848
20.37,236.0,3.0,0.0,2.4186,1.4742,-0.9444,81.769
20.38,236.0,3.0,0.0,2.4186,1.4742,-0.9444,81.733
20.39,236.0,3.0,0.0,2.4186,1.4742,-0.9444,81.897
20.4,236.0,3.0,0.0,2.4186,1.4742,-0.9444,81.753
20.41,236.0,3.0,0.0,2.4186,1.4742,-0.9444,81.945
20.42,236.0,3.0,0.0,2.4186,1.4655,-0.9531,81.735
20.43,236.0,3.0,0.0,2.4186,1.4567,-0.9619,81.672
20.44,236.0,3.0,0.0,2.4186,1.4567,-0.9619,81.703
20.45,236.0,3.0,0.0,2.4186,1.4655,-0.9531,81.913
20.46,236.0,3.0,0.0,2.4186,1.4742,-0.9444,81.834
20.47,236.0,3.0,0.0,2.4186,1.4655,-0.9531,81.638
20.48,236.0,3.0,0.0,2.4186,1.4655,-0.9531,81.85
20.49,236.0,3.0,0.0,2.4186,1.4655,-0.9531,81.656
20.5,236.0,3.0,0.0,2.4186,1.4655,-0.9531,81.543
20.51,236.0,3.0,0.0,2.4186,1.4742,-0.9444,81.687
20.52,236.0,3.0,0.0,2.4186,1.4742,-0.9444,81.72
20.53,236.0,3.0,0.0,2.4186,1.4742,-0.9444,81.914
20.54,236.0,3.0,0.0,2.4186,1.4742,-0.9444,81.914
20.55,236.0,3.0,0.0,2.4186,1.4742,-0.9444,81.815
20.56,236.0,3.0,0.0,2.4186,1.483,-0.9356,81.768
20.57,236.0,3.0,0.0,2.4186,1.4742,-0.9444,81.897
20.58,236.0,3.0,0.0,2.4186,1.483,-0.9356,81.672
20.59,236.0,3.0,0.0,2.4186,1.4917,-0.9269,81.687
20.6,236.0,3.0,0.0,2.4186,1.4917,-0.9269,81.913
20.61,236.0,3.0,0.0,2.4186,1.4742,-0.9444,82.025
20.62,236.0,3.0,0.0,2.4186,1.4742,-0.9444,81.784
20.63,236.0,3.0,0.0,2.4186,1.483,-0.9356,81.849
20.64,236.0,3.0,0.0,2.4186,1.4742,-0.9444,81.769
20.65,236.0,3.0,0.0,2.4186,1.483,-0.9356,81.962
20.66,236.0,3.0,0.0,2.4186,1.483,-0.9356,81.704
20.67,236.0,3.0,0.0,2.4186,1.4742,-0.9444,81.655
20.68,236.0,3.0,0.0,2.4186,1.4742,-0.9444,81.897
20.69,236.0,3.0,0.0,2.4186,1.483,-0.9356,81.59
20.7,236.0,3.0,0.0,2.4186,1.4742,-0.9444,81.962
20.71,236.0,3.0,0.0,2.4186,1.483,-0.9356,82.01
20.72,236.0,3.0,0.0,2.4186,1.4917,-0.9269,81.866
20.73,236.0,3.0,0.0,2.4186,1.483,-0.9356,81.8
20.74,236.0,3.0,0.0,2.4186,1.483,-0.9356,81.849
20.75,236.0,3.0,0.0,2.4186,1.4742,-0.9444,81.751
20.76,236.0,3.0,0.0,2.4186,1.483,-0.9356,81.752
20.77,236.0,3.0,0.0,2.4186,1.483,-0.9356,81.849
20.78,236.0,3.0,0.0,2.4186,1.483,-0.9356,81.833
20.79,236.0,3.0,0.0,2.4186,1.4742,-0.9444,81.719
20.8,236.0,3.0,0.0,2.4186,1.483,-0.9356,81.928
20.81,236.0,3.0,0.0,2.4186,1.4742,-0.9444,82.009
20.82,236.0,3.0,0.0,2.4186,1.483,-0.9356,81.802
20.83,236.0,3.0,0.0,2.4186,1.483,-0.9356,81.93
20.84,236.0,3.0,0.0,2.4186,1.483,-0.9356,81.849
20.85,236.0,3.0,0.0,2.4186,1.483,-0.9356,81.639
20.86,236.0,3.0,0.0,2.4186,1.483,-0.9356,81.765
20.87,236.0,3.0,0.0,2.4186,1.4742,-0.9444,81.848
20.88,236.0,3.0,0.0,2.4186,1.483,-0.9356,81.961
20.89,236.0,3.0,0.0,2.4186,1.483,-0.9356,81.85
20.9,236.0,3.0,0.0,2.4186,1.483,-0.9356,81.672
20.91,236.0,3.0,0.0,2.4186,1.4917,-0.9269,81.848
20.92,236.0,3.0,0.0,2.4186,1.483,-0.9356,81.736
20.93,236.0,3.0,0.0,2.4186,1.483,-0.9356,81.93
20.94,236.0,3.0,0.0,2.4186,1.483,-0.9356,81.721
20.95,236.0,3.0,0.0,2.4186,1.4742,-0.9444,81.818
20.96,236.0,3.0,0.0,2.4186,1.483,-0.9356,81.928
20.97,236.0,3.0,0.0,2.4186,1.4742,-0.9444,81.607
20.98,236.0,3.0,0.0,2.4186,1.4742,-0.9444,81.962
20.99,236.0,3.0,0.0,2.4186,1.4742,-0.9444,81.864
21.0,236.0,3.0,0.0,2.4186,1.4655,-0.9531,82.057
21.01,236.0,3.0,0.0,2.4186,1.483,-0.9356,81.977
21.02,236.0,3.0,0.0,2.4186,1.483,-0.9356,81.866
21.03,236.0,3.0,0.0,2.4186,1.4917,-0.9269,81.913
21.04,236.0,3.0,0.0,2.4186,1.483,-0.9356,81.881
21.05,236.0,3.0,0.0,2.4186,1.4742,-0.9444,81.816
21.06,236.0,3.0,0.0,2.4186,1.4742,-0.9444,81.995
21.07,236.0,3.0,0.0,2.4186,1.483,-0.9356,81.817
21.08,236.0,3.0,0.0,2.4186,1.4742,-0.9444,81.833
21.09,236.0,3.0,0.0,2.4186,1.4655,-0.9531,81.768
21.1,236.0,3.0,0.0,2.4186,1.4655,-0.9531,81.816
21.11,236.0,3.0,0.0,2.4186,1.4655,-0.9531,81.912
21.12,236.0,3.0,0.0,2.4186,1.4655,-0.9531,81.751
21.13,236.0,3.0,0.0,2.4186,1.4655,-0.9531,81.93
21.14,236.0,3.0,0.0,2.4186,1.4655,-0.9531,81.993
21.15,236.0,3.0,0.0,2.4186,1.4655,-0.9531,81.866
21.16,236.0,3.0,0.0,2.4186,1.4655,-0.9531,81.784
21.17,236.0,3.0,0.0,2.4186,1.4655,-0.9531,81.59
21.18,236.0,3.0,0.0,2.4186,1.4742,-0.9444,81.768
21.19,236.0,3.0,0.0,2.4186,1.4742,-0.9444,81.689
21.2,236.0,3.0,0.0,2.4186,1.4742,-0.9444,81.8
21.21,236.0,3.0,0.0,2.4186,1.4742,-0.9444,81.896
21.22,236.0,3.0,0.0,2.4186,1.4742,-0.9444,81.672
21.23,236.0,3.0,0.0,2.4186,1.4742,-0.9444,81.946
21.24,236.0,3.0,0.0,2.4186,1.483,-0.9356,81.818
21.25,236.0,3.0,0.0,2.4186,1.483,-0.9356,81.882
21.26,236.0,3.0,0.0,2.4186,1.483,-0.9356,81.753
21.27,236.0,3.0,0.0,2.4186,1.4917,-0.9269,81.831
21.28,236.0,3.0,0.0,2.4186,1.4742,-0.9444,81.737
21.29,236.0,3.0,0.0,2.4186,1.483,-0.9356,81.831
21.3,236.0,3.0,0.0,2.4186,1.483,-0.9356,81.558
21.31,236.0,3.0,0.0,2.4186,1.483,-0.9356,81.914
21.32,236.0,3.0,0.0,2.4186,1.4655,-0.9531,81.672
21.33,236.0,3.0,0.0,2.4186,1.4655,-0.9531,81.864
21.34,236.0,3.0,0.0,2.4186,1.4655,-0.9531,81.897
21.35,236.0,3.0,0.0,2.4186,1.4742,-0.9444,81.767
21.36,236.0,3.0,0.0,2.4186,1.4742,-0.9444,81.816
21.37,236.0,3.0,0.0,2.4186,1.483,-0.9356,81.703
21.38,236.0,3.0,0.0,2.4186,1.4655,-0.9531,81.944
21.39,236.0,3.0,0.0,2.4186,1.4742,-0.9444,81.896
21.4,236.0,3.0,0.0,2.4186,1.4655,-0.9531,81.801
21.41,236.0,3.0,0.0,2.4186,1.483,-0.9356,81.944
21.42,236.0,3.0,0.0,2.4186,1.4742,-0.9444,81.751
21.43,236.0,3.0,0.0,2.4186,1.483,-0.9356,81.962
21.44,236.0,3.0,0.0,2.4186,1.4742,-0.9444,81.751
21.45,236.0,3.0,0.0,2.4186,1.483,-0.9356,81.849
21.46,236.0,3.0,0.0,2.4186,1.4742,-0.9444,81.783
21.47,236.0,3.0,0.0,2.4186,1.483,-0.9356,81.864
21.48,236.0,3.0,0.0,2.4186,1.4742,-0.9444,81.785
21.49,236.0,3.0,0.0,2.4186,1.483,-0.9356,81.815
21.5,236.0,3.0,0.0,2.4186,1.4742,-0.9444,81.833
21.51,236.0,3.0,0.0,2.4186,1.483,-0.9356,81.816
21.52,236.0,3.0,0.0,2.4186,1.483,-0.9356,81.672
21.53,236.0,3.0,0.0,2.4186,1.483,-0.9356,81.832
21.54,236.0,3.0,0.0,2.4186,1.4742,-0.9444,81.719
21.55,236.0,3.0,0.0,2.4186,1.4742,-0.9444,81.815
21.56,236.0,3.0,0.0,2.4186,1.4742,-0.9444,81.737
21.57,236.0,3.0,0.0,2.4186,1.4655,-0.9531,81.832
21.58,236.0,3.0,0.0,2.4186,1.4742,-0.9444,81.881
21.59,236.0,3.0,0.0,2.4186,1.483,-0.9356,81.832
21.6,236.0,3.0,0.0,2.4186,1.4742,-0.9444,81.719
21.61,236.0,3.0,0.0,2.4186,1.483,-0.9356,81.896
21.62,236.0,3.0,0.0,2.4186,1.4742,-0.9444,81.721
21.63,236.0,3.0,0.0,2.4186,1.4742,-0.9444,81.591
21.64,236.0,3.0,0.0,2.4186,1.483,-0.9356,81.862
21.65,236.0,3.0,0.0,2.4186,1.483,-0.9356,81.622
21.66,236.0,3.0,0.0,2.4186,1.4742,-0.9444,81.898
21.67,236.0,3.0,0.0,2.4186,1.4655,-0.9531,81.832
21.68,236.0,3.0,0.0,2.4186,1.4655,-0.9531,81.913
21.69,236.0,3.0,0.0,2.4186,1.483,-0.9356,81.785
21.7,236.0,3.0,0.0,2.4186,1.4655,-0.9531,81.671
21.71,236.0,3.0,0.0,2.4186,1.4655,-0.9531,81.735
21.72,236.0,3.0,0.0,2.4186,1.4742,-0.9444,81.928
21.73,236.0,3.0,0.0,2.4186,1.4655,-0.9531,81.929
21.74,236.0,3.0,0.0,2.4186,1.4655,-0.9531,81.72
21.75,236.0,3.0,0.0,2.4186,1.4655,-0.9531,81.88
21.76,236.0,3.0,0.0,2.4186,1.4655,-0.9531,81.799
21.77,236.0,3.0,0.0,2.4186,1.4655,-0.9531,81.622
21.78,236.0,3.0,0.0,2.4186,1.4742,-0.9444,81.768
21.79,236.0,3.0,0.0,2.4186,1.4742,-0.9444,81.752
21.8,236.0,3.0,0.0,2.4186,1.4742,-0.9444,81.703
21.81,236.0,3.0,0.0,2.4186,1.4742,-0.9444,81.976
21.82,236.0,3.0,0.0,2.4186,1.483,-0.9356,81.768
21.83,236.0,3.0,0.0,2.4186,1.483,-0.9356,81.815
21.84,236.0,3.0,0.0,2.4186,1.4917,-0.9269,81.961
21.85,236.0,3.0,0.0,2.4186,1.4917,-0.9269,81.736
21.86,236.0,3.0,0.0,2.4186,1.5005,-0.9181,81.96
21.87,236.0,3.0,0.0,2.4186,1.5005,-0.9181,81.767
21.88,236.0,3.0,0.0,2.4186,1.4917,-0.9269,81.849
21.89,236.0,3.0,0.0,2.4186,1.4917,-0.9269,81.801
21.9,236.0,3.0,0.0,2.4186,1.483,-0.9356,81.847
21.91,236.0,3.0,0.0,2.4186,1.4917,-0.9269,81.753
21.92,236.0,3.0,0.0,2.4186,1.4742,-0.9444,81.849
21.93,236.0,3.0,0.0,2.4186,1.4742,-0.9444,81.768
21.94,236.0,3.0,0.0,2.4186,1.4655,-0.9531,81.768
21.95,236.0,3.0,0.0,2.4186,1.4742,-0.9444,81.832
21.96,236.0,3.0,0.0,2.4186,1.4742,-0.9444,81.801
21.97,236.0,3.0,0.0,2.4186,1.483,-0.9356,81.88
21.98,236.0,3.0,0.0,2.4186,1.4742,-0.9444,81.945
21.99,236.0,3.0,0.0,2.4186,1.483,-0.9356,82.024
22.0,236.0,3.0,0.0,2.4186,1.483,-0.9356,81.881
22.01,236.0,3.0,0.0,2.4186,1.483,-0.9356,81.8
22.02,236.0,3.0,0.0,2.4186,1.483,-0.9356,81.911
22.03,236.0,3.0,0.0,2.4186,1.4917,-0.9269,81.687
22.04,236.0,3.0,0.0,2.4186,1.483,-0.9356,81.75
22.05,236.0,3.0,0.0,2.4186,1.483,-0.9356,81.814
22.06,236.0,3.0,0.0,2.4186,1.483,-0.9356,81.671
22.07,236.0,3.0,0.0,2.4186,1.4917,-0.9269,81.814
22.08,236.0,3.0,0.0,2.4186,1.483,-0.9356,81.72
22.09,236.0,3.0,0.0,2.4186,1.483,-0.9356,81.671
22.1,236.0,3.0,0.0,2.4186,1.4742,-0.9444,81.751
22.11,236.0,3.0,0.0,2.4186,1.4742,-0.9444,81.607
22.12,236.0,3.0,0.0,2.4186,1.4742,-0.9444,81.768
22.13,236.0,3.0,0.0,2.4186,1.483,-0.9356,81.913
22.14,236.0,3.0,0.0,2.4186,1.4742,-0.9444,81.802
22.15,236.0,3.0,0.0,2.4186,1.4742,-0.9444,81.816
22.16,236.0,3.0,0.0,2.4186,1.483,-0.9356,81.832
22.17,236.0,3.0,0.0,2.4186,1.4742,-0.9444,81.785
22.18,236.0,3.0,0.0,2.4186,1.483,-0.9356,81.816
22.19,236.0,3.0,0.0,2.4186,1.4917,-0.9269,81.88
22.2,236.0,3.0,0.0,2.4186,1.4917,-0.9269,81.753
22.21,236.0,3.0,0.0,2.4186,1.4917,-0.9269,81.832
22.22,236.0,3.0,0.0,2.4186,1.4917,-0.9269,81.962
22.23,236.0,3.0,0.0,2.4186,1.483,-0.9356,81.832
22.24,236.0,3.0,0.0,2.4186,1.483,-0.9356,81.801
22.25,236.0,3.0,0.0,2.4186,1.483,-0.9356,81.672
22.26,236.0,3.0,0.0,2.4186,1.483,-0.9356,81.672
22.27,236.0,3.0,0.0,2.4186,1.483,-0.9356,81.671
22.28,236.0,3.0,0.0,2.4186,1.483,-0.9356,81.831
22.29,236.0,3.0,0.0,2.4186,1.483,-0.9356,81.783
22.3,236.0,3.0,0.0,2.4186,1.483,-0.9356,81.768
22.31,236.0,3.0,0.0,2.4186,1.483,-0.9356,81.928
22.32,236.0,3.0,0.0,2.4186,1.4742,-0.9444,81.557
22.33,236.0,3.0,0.0,2.4186,1.4742,-0.9444,81.945
22.34,236.0,3.0,0.0,2.4186,1.4742,-0.9444,81.833
22.35,236.0,3.0,0.0,2.4186,1.4742,-0.9444,81.687
22.36,236.0,3.0,0.0,2.4186,1.4742,-0.9444,81.799
22.37,236.0,3.0,0.0,2.4186,1.4742,-0.9444,81.959
22.38,236.0,3.0,0.0,2.4186,1.4655,-0.9531,81.816
22.39,236.0,3.0,0.0,2.4186,1.4655,-0.9531,82.01
22.4,236.0,3.0,0.0,2.4186,1.4655,-0.9531,81.768
22.41,236.0,3.0,0.0,2.4186,1.4567,-0.9619,81.688
22.42,236.0,3.0,0.0,2.4186,1.4567,-0.9619,81.479
22.43,236.0,3.0,0.0,2.4186,1.4567,-0.9619,81.735
22.44,236.0,3.0,0.0,2.4186,1.4567,-0.9619,81.59
22.45,236.0,3.0,0.0,2.4186,1.4567,-0.9619,81.913
22.46,236.0,3.0,0.0,2.4186,1.4655,-0.9531,81.96
22.47,236.0,3.0,0.0,2.4186,1.4655,-0.9531,81.671
22.48,236.0,3.0,0.0,2.4186,1.4742,-0.9444,81.847
22.49,236.0,3.0,0.0,2.4186,1.4742,-0.9444,81.834
22.5,236.0,3.0,0.0,2.4186,1.4742,-0.9444,82.025
22.51,236.0,3.0,0.0,2.4186,1.483,-0.9356,81.737
22.52,236.0,3.0,0.0,2.4186,1.483,-0.9356,81.816
22.53,236.0,3.0,0.0,2.4186,1.483,-0.9356,81.96
22.54,236.0,3.0,0.0,2.4186,1.483,-0.9356,81.848
22.55,236.0,3.0,0.0,2.4186,1.483,-0.9356,81.847
22.56,236.0,3.0,0.0,2.4186,1.483,-0.9356,81.703
22.57,236.0,3.0,0.0,2.4186,1.4742,-0.9444,81.672
22.58,236.0,3.0,0.0,2.4186,1.4742,-0.9444,81.751
22.59,236.0,3.0,0.0,2.4186,1.4742,-0.9444,81.862
22.6,236.0,3.0,0.0,2.4186,1.4742,-0.9444,81.945
22.61,236.0,3.0,0.0,2.4186,1.4742,-0.9444,81.703
22.62,236.0,3.0,0.0,2.4186,1.483,-0.9356,81.734
22.63,236.0,3.0,0.0,2.4186,1.483,-0.9356,81.848
22.64,236.0,3.0,0.0,2.4186,1.4655,-0.9531,81.848
22.65,236.0,3.0,0.0,2.4186,1.483,-0.9356,81.704
22.66,236.0,3.0,0.0,2.4186,1.4655,-0.9531,81.718
22.67,236.0,3.0,0.0,2.4186,1.4655,-0.9531,81.54
22.68,236.0,3.0,0.0,2.4186,1.4655,-0.9531,81.655
22.69,236.0,3.0,0.0,2.4186,1.4567,-0.9619,81.799
22.7,236.0,3.0,0.0,2.4186,1.4655,-0.9531,81.977
22.71,236.0,3.0,0.0,2.4186,1.4655,-0.9531,81.834
22.72,236.0,3.0,0.0,2.4186,1.4742,-0.9444,81.848
22.73,236.0,3.0,0.0,2.4186,1.4655,-0.9531,81.72
22.74,236.0,3.0,0.0,2.4186,1.4742,-0.9444,81.735
22.75,236.0,3.0,0.0,2.4186,1.4742,-0.9444,81.766
22.76,236.0,3.0,0.0,2.4186,1.4742,-0.9444,81.703
22.77,236.0,3.0,0.0,2.4186,1.483,-0.9356,81.799
22.78,236.0,3.0,0.0,2.4186,1.4742,-0.9444,81.623
22.79,236.0,3.0,0.0,2.4186,1.4655,-0.9531,81.766
22.8,236.0,3.0,0.0,2.4186,1.483,-0.9356,81.72
22.81,236.0,3.0,0.0,2.4186,1.4742,-0.9444,81.718
22.82,236.0,3.0,0.0,2.4186,1.4742,-0.9444,81.912
22.83,236.0,3.0,0.0,2.4186,1.4742,-0.9444,81.913
22.84,236.0,3.0,0.0,2.4186,1.4742,-0.9444,81.816
22.85,236.0,3.0,0.0,2.4186,1.483,-0.9356,81.752
22.86,236.0,3.0,0.0,2.4186,1.4742,-0.9444,81.751
22.87,236.0,3.0,0.0,2.4186,1.483,-0.9356,81.766
22.88,236.0,3.0,0.0,2.4186,1.483,-0.9356,81.816
22.89,236.0,3.0,0.0,2.4186,1.483,-0.9356,81.943
22.9,236.0,3.0,0.0,2.4186,1.483,-0.9356,81.752
22.91,236.0,3.0,0.0,2.4186,1.4742,-0.9444,81.704
22.92,236.0,3.0,0.0,2.4186,1.483,-0.9356,81.96
22.93,236.0,3.0,0.0,2.4186,1.4742,-0.9444,81.882
22.94,236.0,3.0,0.0,2.4186,1.483,-0.9356,81.526
22.95,236.0,3.0,0.0,2.4186,1.4742,-0.9444,81.766
22.96,236.0,3.0,0.0,2.4186,1.4742,-0.9444,81.864
22.97,236.0,3.0,0.0,2.4186,1.483,-0.9356,81.721
22.98,236.0,3.0,0.0,2.4186,1.4742,-0.9444,81.702
22.99,236.0,3.0,0.0,2.4186,1.4742,-0.9444,81.816
23.0,236.0,3.0,0.0,2.4186,1.4742,-0.9444,81.8
23.01,236.0,3.0,0.0,2.4186,1.4742,-0.9444,81.832
23.02,236.0,3.0,0.0,2.4186,1.4742,-0.9444,81.622
23.03,236.0,3.0,0.0,2.4186,1.4742,-0.9444,81.816
23.04,236.0,3.0,0.0,2.4186,1.4742,-0.9444,81.928
23.05,236.0,3.0,0.0,2.4186,1.4655,-0.9531,81.881
23.06,236.0,3.0,0.0,2.4186,1.4655,-0.9531,81.769
23.07,236.0,3.0,0.0,2.4186,1.4742,-0.9444,81.638
23.08,236.0,3.0,0.0,2.4186,1.4742,-0.9444,81.669
23.09,236.0,3.0,0.0,2.4186,1.483,-0.9356,81.768
23.1,236.0,3.0,0.0,2.4186,1.4742,-0.9444,81.847
23.11,236.0,3.0,0.0,2.4186,1.4742,-0.9444,81.771
23.12,236.0,3.0,0.0,2.4186,1.4742,-0.9444,81.865
23.13,236.0,3.0,0.0,2.4186,1.483,-0.9356,81.833
23.14,236.0,3.0,0.0,2.4186,1.4742,-0.9444,81.461
23.15,236.0,3.0,0.0,2.4186,1.4742,-0.9444,81.832
23.16,236.0,3.0,0.0,2.4186,1.483,-0.9356,81.72
23.17,236.0,3.0,0.0,2.4186,1.483,-0.9356,81.624
23.18,236.0,3.0,0.0,2.4186,1.4742,-0.9444,81.832
23.19,236.0,3.0,0.0,2.4186,1.4742,-0.9444,81.769
23.2,236.0,3.0,0.0,2.4186,1.483,-0.9356,81.72
23.21,236.0,3.0,0.0,2.4186,1.483,-0.9356,81.718
23.22,236.0,3.0,0.0,2.4186,1.483,-0.9356,81.607
23.23,236.0,3.0,0.0,2.4186,1.483,-0.9356,81.767
23.24,236.0,3.0,0.0,2.4186,1.483,-0.9356,81.753
23.25,236.0,3.0,0.0,2.4186,1.4742,-0.9444,81.848
23.26,236.0,3.0,0.0,2.4186,1.483,-0.9356,81.88
23.27,236.0,3.0,0.0,2.4186,1.4742,-0.9444,81.785
23.28,236.0,3.0,0.0,2.4186,1.4742,-0.9444,81.622
23.29,236.0,3.0,0.0,2.4186,1.483,-0.9356,81.8
23.3,236.0,3.0,0.0,2.4186,1.4742,-0.9444,82.008
23.31,236.0,3.0,0.0,2.4186,1.4655,-0.9531,81.686
23.32,236.0,3.0,0.0,2.4186,1.4742,-0.9444,81.573
23.33,236.0,3.0,0.0,2.4186,1.4655,-0.9531,81.816
23.34,236.0,3.0,0.0,2.4186,1.4655,-0.9531,81.816
23.35,236.0,3.0,0.0,2.4186,1.4742,-0.9444,81.736
23.36,236.0,3.0,0.0,2.4186,1.4742,-0.9444,81.832
23.37,236.0,3.0,0.0,2.4186,1.483,-0.9356,81.751
23.38,236.0,3.0,0.0,2.4186,1.483,-0.9356,81.767
23.39,236.0,3.0,0.0,2.4186,1.483,-0.9356,81.88
23.4,236.0,3.0,0.0,2.4186,1.4742,-0.9444,81.719
23.41,236.0,3.0,0.0,2.4186,1.483,-0.9356,81.847
23.42,236.0,3.0,0.0,2.4186,1.4742,-0.9444,81.832
23.43,236.0,3.0,0.0,2.4186,1.4742,-0.9444,81.669
23.44,236.0,3.0,0.0,2.4186,1.483,-0.9356,81.717
23.45,236.0,3.0,0.0,2.4186,1.483,-0.9356,81.558
23.46,236.0,3.0,0.0,2.4186,1.4742,-0.9444,81.752
23.47,236.0,3.0,0.0,2.4186,1.4655,-0.9531,81.8
23.48,236.0,3.0,0.0,2.4186,1.4742,-0.9444,81.816
23.49,236.0,3.0,0.0,2.4186,1.4655,-0.9531,81.864
23.5,236.0,3.0,0.0,2.4186,1.4655,-0.9531,81.717
23.51,236.0,3.0,0.0,2.4186,1.4742,-0.9444,81.702
23.52,236.0,3.0,0.0,2.4186,1.4742,-0.9444,81.784
23.53,236.0,3.0,0.0,2.4186,1.4742,-0.9444,81.848
23.54,236.0,3.0,0.0,2.4186,1.4742,-0.9444,81.863
23.55,236.0,3.0,0.0,2.4186,1.4655,-0.9531,81.752
23.56,236.0,3.0,0.0,2.4186,1.4742,-0.9444,81.832
23.57,236.0,3.0,0.0,2.4186,1.483,-0.9356,81.993
23.58,236.0,3.0,0.0,2.4186,1.4655,-0.9531,81.719
23.59,236.0,3.0,0.0,2.4186,1.4742,-0.9444,81.913
23.6,236.0,3.0,0.0,2.4186,1.483,-0.9356,81.72
23.61,236.0,3.0,0.0,2.4186,1.4742,-0.9444,81.639
23.62,236.0,3.0,0.0,2.4186,1.4742,-0.9444,81.622
23.63,236.0,3.0,0.0,2.4186,1.483,-0.9356,81.766
23.64,236.0,3.0,0.0,2.4186,1.4742,-0.9444,81.848
23.65,236.0,3.0,0.0,2.4186,1.4742,-0.9444,81.848
23.66,236.0,3.0,0.0,2.4186,1.4742,-0.9444,81.786
23.67,236.0,3.0,0.0,2.4186,1.4742,-0.9444,81.607
23.68,236.0,3.0,0.0,2.4186,1.4742,-0.9444,81.849
23.69,236.0,3.0,0.0,2.4186,1.483,-0.9356,81.782
23.7,236.0,3.0,0.0,2.4186,1.483,-0.9356,81.622
23.71,236.0,3.0,0.0,2.4186,1.483,-0.9356,81.768
23.72,236.0,3.0,0.0,2.4186,1.4655,-0.9531,81.606
23.73,236.0,3.0,0.0,2.4186,1.483,-0.9356,81.945
23.74,236.0,3.0,0.0,2.4186,1.4655,-0.9531,81.671
23.75,236.0,3.0,0.0,2.4186,1.4742,-0.9444,81.814
23.76,236.0,3.0,0.0,2.4186,1.4742,-0.9444,81.785
23.77,236.0,3.0,0.0,2.4186,1.483,-0.9356,81.817
23.78,236.0,3.0,0.0,2.4186,1.4742,-0.9444,82.008
23.79,236.0,3.0,0.0,2.4186,1.4742,-0.9444,81.655
23.8,236.0,3.0,0.0,2.4186,1.4655,-0.9531,81.654
23.81,236.0,3.0,0.0,2.4186,1.4655,-0.9531,81.556
23.82,236.0,3.0,0.0,2.4186,1.4655,-0.9531,81.652
23.83,236.0,3.0,0.0,2.4186,1.4742,-0.9444,81.735
23.84,236.0,3.0,0.0,2.4186,1.4655,-0.9531,81.718
23.85,236.0,3.0,0.0,2.4186,1.4742,-0.9444,81.702
23.86,236.0,3.0,0.0,2.4186,1.4742,-0.9444,81.815
23.87,236.0,3.0,0.0,2.4186,1.4742,-0.9444,81.638
23.88,236.0,3.0,0.0,2.4186,1.483,-0.9356,81.735
23.89,236.0,3.0,0.0,2.4186,1.4742,-0.9444,81.912
23.9,236.0,3.0,0.0,2.4186,1.4742,-0.9444,81.703
23.91,236.0,3.0,0.0,2.4186,1.4742,-0.9444,81.639
23.92,236.0,3.0,0.0,2.4186,1.4742,-0.9444,81.686
23.93,236.0,3.0,0.0,2.4186,1.4655,-0.9531,81.735
23.94,236.0,3.0,0.0,2.4186,1.4742,-0.9444,81.719
23.95,236.0,3.0,0.0,2.4186,1.4742,-0.9444,81.655
23.96,236.0,3.0,0.0,2.4186,1.4742,-0.9444,81.574
23.97,236.0,3.0,0.0,2.4186,1.4655,-0.9531,81.573
23.98,236.0,3.0,0.0,2.4186,1.4742,-0.9444,81.846
23.99,236.0,3.0,0.0,2.4186,1.483,-0.9356,81.638
24.0,236.0,3.0,0.0,2.4186,1.4742,-0.9444,81.784
24.01,236.0,3.0,0.0,2.4186,1.4655,-0.9531,81.864
24.02,236.0,3.0,0.0,2.4186,1.4655,-0.9531,81.897
24.03,236.0,3.0,0.0,2.4186,1.4655,-0.9531,81.785
24.04,236.0,3.0,0.0,2.4186,1.4742,-0.9444,81.704
24.05,236.0,3.0,0.0,2.4186,1.4742,-0.9444,81.719
24.06,236.0,3.0,0.0,2.4186,1.483,-0.9356,81.945
24.07,236.0,3.0,0.0,2.4186,1.4742,-0.9444,81.832
24.08,236.0,3.0,0.0,2.4186,1.4655,-0.9531,81.703
24.09,236.0,3.0,0.0,2.4186,1.483,-0.9356,81.637
24.1,236.0,3.0,0.0,2.4186,1.4655,-0.9531,81.669
24.11,236.0,3.0,0.0,2.4186,1.4655,-0.9531,81.817
24.12,236.0,3.0,0.0,2.4186,1.4742,-0.9444,81.88
24.13,236.0,3.0,0.0,2.4186,1.4742,-0.9444,81.655
24.14,236.0,3.0,0.0,2.4186,1.4742,-0.9444,81.702
24.15,236.0,3.0,0.0,2.4186,1.4742,-0.9444,81.928
24.16,236.0,3.0,0.0,2.4186,1.483,-0.9356,81.671
24.17,236.0,3.0,0.0,2.4186,1.4742,-0.9444,81.606
24.18,236.0,3.0,0.0,2.4186,1.4917,-0.9269,79.763
24.19,22.0,0.0,12.0,48.7282,1.9906,-46.7376,0.839
24.2,22.0,0.0,12.0,48.7282,4.5115,-44.2167,-0.768
24.21,22.0,0.0,12.0,48.7282,11.6103,-37.1179,-1.248
24.22,22.0,0.0,12.0,48.7282,19.1116,-29.6166,-0.312
24.23,22.0,0.0,12.0,48.7282,26.1666,-22.5616,-0.832
24.24,22.0,0.0,12.0,48.7282,33.0378,-15.6904,-0.781
24.25,22.0,0.0,12.0,48.7282,41.3969,-7.3313,-0.57
24.26,22.0,0.0,12.0,48.7282,47.5241,-1.2041,-0.604
24.27,22.0,0.0,12.0,48.7282,53.5024,4.7742,-0.749
24.28,22.0,0.0,12.0,48.7282,53.6775,4.9493,-0.636
24.29,22.0,0.0,12.0,48.7282,53.8175,5.0893,-0.54
24.3,22.0,0.0,12.0,48.7282,53.8088,5.0806,-0.797
24.31,22.0,0.0,12.0,48.7282,53.8175,5.0893,-0.668
24.32,22.0,0.0,12.0,48.7282,53.8,5.0718,-0.555
24.33,22.0,0.0,12.0,48.7282,53.8175,5.0893,-0.541
24.34,22.0,0.0,12.0,48.7282,53.8263,5.0981,-0.668
24.35,22.0,0.0,12.0,48.7282,53.8613,5.1331,-0.637
24.36,22.0,0.0,12.0,48.7282,53.87,5.1418,-0.652
24.37,22.0,0.0,12.0,48.7282,53.8613,5.1331,-0.7
24.38,22.0,0.0,12.0,48.7282,53.8263,5.0981,-0.619
24.39,22.0,0.0,12.0,48.7282,53.8175,5.0893,-0.588
24.4,22.0,0.0,12.0,48.7282,53.835,5.1068,-0.571
24.41,22.0,0.0,12.0,48.7282,53.8438,5.1156,-0.651
24.42,22.0,0.0,12.0,48.7282,53.8263,5.0981,-0.765
24.43,22.0,0.0,4.0,48.7282,53.8175,5.0893,-0.457
24.44,5.0,3.0,0.0,52.407,53.8088,1.4018,-0.62
24.45,5.0,3.0,0.0,52.407,53.8525,1.4455,-0.635
24.46,5.0,3.0,0.0,52.407,53.87,1.463,-0.603
24.47,5.0,3.0,0.0,52.407,53.8788,1.4718,-0.652
24.48,5.0,3.0,0.0,52.407,53.8788,1.4718,-0.748
24.49,5.0,3.0,0.0,52.407,53.8438,1.4368,-0.457
24.5,5.0,3.0,0.0,52.407,53.8263,1.4193,-0.49
24.51,5.0,3.0,0.0,52.407,53.8175,1.4105,-0.409
24.52,5.0,3.0,0.0,52.407,53.8263,1.4193,-0.667
24.53,5.0,3.0,0.0,52.407,53.8263,1.4193,-0.668
24.54,5.0,3.0,0.0,52.407,53.8438,1.4368,-0.636
24.55,5.0,3.0,0.0,52.407,53.8438,1.4368,-0.602
24.56,5.0,3.0,0.0,52.407,53.87,1.463,-0.408
24.57,5.0,3.0,0.0,52.407,53.87,1.463,-0.521
24.58,5.0,3.0,0.0,52.407,53.8875,1.4805,-0.635
24.59,5.0,3.0,0.0,52.407,53.87,1.463,-0.41
24.6,5.0,3.0,0.0,52.407,53.8525,1.4455,-0.684
24.61,5.0,3.0,0.0,52.407,53.8263,1.4193,-0.344
24.62,5.0,3.0,0.0,52.407,53.8263,1.4193,-0.539
24.63,5.0,3.0,0.0,52.407,53.8263,1.4193,-0.651
24.64,5.0,3.0,0.0,52.407,53.8525,1.4455,-0.474
24.65,5.0,3.0,0.0,52.407,53.8613,1.4543,-0.57
24.66,5.0,3.0,0.0,52.407,53.87,1.463,-0.571
24.67,5.0,3.0,0.0,52.407,53.87,1.463,-0.506
24.68,5.0,3.0,0.0,52.407,53.8788,1.4718,-0.409
24.69,5.0,3.0,0.0,52.407,53.8875,1.4805,-0.619
24.7,5.0,3.0,0.0,52.407,53.8788,1.4718,-0.57
24.71,5.0,3.0,0.0,52.407,53.8525,1.4455,-0.603
24.72,5.0,3.0,0.0,52.407,53.835,1.428,-0.636
24.73,5.0,3.0,0.0,52.407,53.835,1.428,-0.424
24.74,5.0,3.0,0.0,52.407,53.8525,1.4455,-0.521
24.75,5.0,3.0,0.0,52.407,53.8788,1.4718,-0.474
24.76,5.0,3.0,0.0,52.407,53.8963,1.4893,-0.554
24.77,5.0,3.0,0.0,52.407,53.8963,1.4893,-0.571
24.78,5.0,3.0,0.0,52.407,53.8875,1.4805,-0.587
24.79,5.0,3.0,0.0,52.407,53.8875,1.4805,-0.539
24.8,5.0,3.0,0.0,52.407,53.8788,1.4718,-0.553
24.81,5.0,3.0,0.0,52.407,53.87,1.463,-0.539
24.82,5.0,3.0,0.0,52.407,53.8525,1.4455,-0.539
24.83,5.0,3.0,0.0,52.407,53.8438,1.4368,-0.603
24.84,5.0,3.0,0.0,52.407,53.8438,1.4368,-0.523
24.85,5.0,3.0,0.0,52.407,53.8613,1.4543,-0.57
24.86,5.0,3.0,0.0,52.407,53.87,1.463,-0.586
24.87,5.0,3.0,0.0,52.407,53.8875,1.4805,-0.44
24.88,5.0,3.0,0.0,52.407,53.8875,1.4805,-0.312
24.89,5.0,3.0,0.0,52.407,53.8788,1.4718,-0.587
24.9,5.0,3.0,0.0,52.407,53.87,1.463,-0.475
24.91,5.0,3.0,0.0,52.407,53.87,1.463,-0.62
24.92,5.0,3.0,0.0,52.407,53.8525,1.4455,-0.506
24.93,5.0,3.0,0.0,52.407,53.8438,1.4368,-0.489
24.94,5.0,3.0,0.0,52.407,53.8438,1.4368,-0.554
24.95,5.0,3.0,0.0,52.407,53.8438,1.4368,-0.635
24.96,5.0,3.0,0.0,52.407,53.8613,1.4543,-0.621
24.97,5.0,3.0,0.0,52.407,53.87,1.463,-0.377
24.98,5.0,3.0,0.0,52.407,53.8788,1.4718,-0.472
24.99,5.0,3.0,0.0,52.407,53.87,1.463,-0.345
25.0,5.0,3.0,0.0,52.407,53.87,1.463,-0.555
25.01,5.0,3.0,0.0,52.407,53.8613,1.4543,-0.603
25.02,5.0,3.0,0.0,52.407,53.8613,1.4543,-0.522
25.03,5.0,3.0,0.0,52.407,53.8613,1.4543,-0.505
25.04,5.0,3.0,0.0,52.407,53.8525,1.4455,-0.411
25.05,5.0,3.0,0.0,52.407,53.8613,1.4543,-0.44
25.06,5.0,3.0,0.0,52.407,53.8613,1.4543,-0.392
25.07,5.0,3.0,0.0,52.407,53.87,1.463,-0.569
25.08,5.0,3.0,0.0,52.407,53.8788,1.4718,-0.569
25.09,5.0,3.0,0.0,52.407,53.8788,1.4718,-0.57
25.1,5.0,3.0,0.0,52.407,53.8875,1.4805,-0.539
25.11,5.0,3.0,0.0,52.407,53.8788,1.4718,-0.491
25.12,5.0,3.0,0.0,52.407,53.87,1.463,-0.36
25.13,5.0,3.0,0.0,52.407,53.87,1.463,-0.684
25.14,5.0,3.0,0.0,52.407,53.8613,1.4543,-0.556
25.15,5.0,3.0,0.0,52.407,53.8613,1.4543,-0.636
25.16,5.0,3.0,0.0,52.407,53.8613,1.4543,-0.409
25.17,5.0,3.0,0.0,52.407,53.8613,1.4543,-0.441
25.18,5.0,3.0,0.0,52.407,53.8613,1.4543,-0.425
25.19,5.0,3.0,0.0,52.407,53.87,1.463,-0.506
25.2,5.0,3.0,0.0,52.407,53.87,1.463,-0.52
25.21,5.0,3.0,0.0,52.407,53.87,1.463,-0.329
25.22,5.0,3.0,0.0,52.407,53.87,1.463,-0.651
25.23,5.0,3.0,0.0,52.407,53.8613,1.4543,-0.491
25.24,5.0,3.0,0.0,52.407,53.87,1.463,-0.426
25.25,5.0,3.0,0.0,52.407,53.87,1.463,-0.7
25.26,217.0,0.0,12.0,6.5302,53.8525,47.3223,-0.587
25.27,217.0,0.0,12.0,6.5302,51.2266,44.6964,-0.732
25.28,217.0,0.0,12.0,6.5302,43.629,37.0988,-0.443
25.29,217.0,0.0,12.0,6.5302,36.574,30.0438,-0.635
25.3,217.0,0.0,12.0,6.5302,29.1426,22.6124,-0.475
25.31,217.0,0.0,12.0,6.5302,21.5887,15.0585,-0.442
25.32,217.0,0.0,12.0,6.5302,14.7526,8.2224,-0.586
25.33,217.0,0.0,12.0,6.5302,7.0149,0.4847,0.168
25.34,217.0,0.0,12.0,6.5302,2.7434,-3.7868,27.119
25.35,217.0,0.0,12.0,6.5302,1.5442,-4.986,81.942
25.36,217.0,0.0,12.0,6.5302,1.4392,-5.091,80.564
25.37,217.0,0.0,12.0,6.5302,1.4304,-5.0998,81.589
25.38,217.0,0.0,12.0,6.5302,1.4392,-5.091,80.501
25.39,217.0,0.0,12.0,6.5302,1.4392,-5.091,82.422
25.4,217.0,0.0,12.0,6.5302,1.4392,-5.091,83.267
25.41,217.0,0.0,12.0,6.5302,1.4392,-5.091,81.428
25.42,217.0,0.0,12.0,6.5302,1.4567,-5.0735,80.908
25.43,217.0,0.0,12.0,6.5302,1.4567,-5.0735,81.491
25.44,217.0,0.0,12.0,6.5302,1.4567,-5.0735,81.785
25.45,217.0,0.0,12.0,6.5302,1.4655,-5.0647,82.338
25.46,217.0,0.0,12.0,6.5302,1.4567,-5.0735,82.663
25.47,217.0,0.0,12.0,6.5302,1.4655,-5.0647,81.557
25.48,217.0,0.0,12.0,6.5302,1.4655,-5.0647,81.36
25.49,217.0,0.0,12.0,6.5302,1.4742,-5.056,82.319
25.5,217.0,0.0,12.0,6.5302,1.4742,-5.056,83.003
25.51,236.0,3.0,0.0,2.4186,1.4742,-0.9444,82.159
25.52,236.0,3.0,0.0,2.4186,1.483,-0.9356,81.214
25.53,236.0,3.0,0.0,2.4186,1.483,-0.9356,82.108
25.54,236.0,3.0,0.0,2.4186,1.4742,-0.9444,82.676
25.55,236.0,3.0,0.0,2.4186,1.4742,-0.9444,82.548
25.56,236.0,3.0,0.0,2.4186,1.483,-0.9356,82.335
25.57,236.0,3.0,0.0,2.4186,1.483,-0.9356,82.109
25.58,236.0,3.0,0.0,2.4186,1.4742,-0.9444,81.995
25.59,236.0,3.0,0.0,2.4186,1.4742,-0.9444,82.172
25.6,236.0,3.0,0.0,2.4186,1.4742,-0.9444,82.628
25.61,236.0,3.0,0.0,2.4186,1.4742,-0.9444,82.563
25.62,236.0,3.0,0.0,2.4186,1.4742,-0.9444,81.8
25.63,236.0,3.0,0.0,2.4186,1.4742,-0.9444,81.896
25.64,236.0,3.0,0.0,2.4186,1.4655,-0.9531,82.383
25.65,236.0,3.0,0.0,2.4186,1.4742,-0.9444,82.692
25.66,236.0,3.0,0.0,2.4186,1.4742,-0.9444,82.175
25.67,236.0,3.0,0.0,2.4186,1.4742,-0.9444,81.898
25.68,236.0,3.0,0.0,2.4186,1.483,-0.9356,82.107
25.69,236.0,3.0,0.0,2.4186,1.4742,-0.9444,82.205
25.7,236.0,3.0,0.0,2.4186,1.4655,-0.9531,82.399
25.71,236.0,3.0,0.0,2.4186,1.4655,-0.9531,82.367
25.72,236.0,3.0,0.0,2.4186,1.4742,-0.9444,82.156
25.73,236.0,3.0,0.0,2.4186,1.4742,-0.9444,82.22
25.74,236.0,3.0,0.0,2.4186,1.4742,-0.9444,82.01
25.75,236.0,3.0,0.0,2.4186,1.4655,-0.9531,82.221
25.76,236.0,3.0,0.0,2.4186,1.4655,-0.9531,82.432
25.77,236.0,3.0,0.0,2.4186,1.4655,-0.9531,82.091
25.78,236.0,3.0,0.0,2.4186,1.4742,-0.9444,81.947
25.79,236.0,3.0,0.0,2.4186,1.4742,-0.9444,82.139
25.8,236.0,3.0,0.0,2.4186,1.4655,-0.9531,82.302
25.81,236.0,3.0,0.0,2.4186,1.4655,-0.9531,82.158
25.82,236.0,3.0,0.0,2.4186,1.4655,-0.9531,81.847
25.83,236.0,3.0,0.0,2.4186,1.4742,-0.9444,82.14
25.84,236.0,3.0,0.0,2.4186,1.4655,-0.9531,82.334
25.85,236.0,3.0,0.0,2.4186,1.4655,-0.9531,82.124
25.86,236.0,3.0,0.0,2.4186,1.4655,-0.9531,82.22
25.87,236.0,3.0,0.0,2.4186,1.4655,-0.9531,81.963
25.88,236.0,3.0,0.0,2.4186,1.4655,-0.9531,82.058
25.89,236.0,3.0,0.0,2.4186,1.4742,-0.9444,82.285
25.9,236.0,3.0,0.0,2.4186,1.4655,-0.9531,82.189
25.91,236.0,3.0,0.0,2.4186,1.4655,-0.9531,82.205
25.92,236.0,3.0,0.0,2.4186,1.4655,-0.9531,81.866
25.93,236.0,3.0,0.0,2.4186,1.4567,-0.9619,81.878
25.94,236.0,3.0,0.0,2.4186,1.4655,-0.9531,82.123
25.95,236.0,3.0,0.0,2.4186,1.4655,-0.9531,82.173
25.96,236.0,3.0,0.0,2.4186,1.4742,-0.9444,82.204
25.97,236.0,3.0,0.0,2.4186,1.4655,-0.9531,81.897
25.98,236.0,3.0,0.0,2.4186,1.4655,-0.9531,81.961
25.99,236.0,3.0,0.0,2.4186,1.4742,-0.9444,81.978
26.0,236.0,3.0,0.0,2.4186,1.4655,-0.9531,81.995
26.01,236.0,3.0,0.0,2.4186,1.4655,-0.9531,82.109
26.02,236.0,3.0,0.0,2.4186,1.4742,-0.9444,81.994
26.03,236.0,3.0,0.0,2.4186,1.4655,-0.9531,82.075
26.04,236.0,3.0,0.0,2.4186,1.4655,-0.9531,82.139
26.05,236.0,3.0,0.0,2.4186,1.4742,-0.9444,82.14
26.06,236.0,3.0,0.0,2.4186,1.4655,-0.9531,82.189
26.07,236.0,3.0,0.0,2.4186,1.4655,-0.9531,82.125
26.08,236.0,3.0,0.0,2.4186,1.4567,-0.9619,81.947
26.09,236.0,3.0,0.0,2.4186,1.4567,-0.9619,82.042
26.1,236.0,3.0,0.0,2.4186,1.448,-0.9706,82.01
26.11,236.0,3.0,0.0,2.4186,1.4567,-0.9619,82.025
26.12,236.0,3.0,0.0,2.4186,1.4567,-0.9619,81.993
26.13,236.0,3.0,0.0,2.4186,1.4567,-0.9619,82.011
26.14,236.0,3.0,0.0,2.4186,1.4567,-0.9619,82.011
26.15,236.0,3.0,0.0,2.4186,1.448,-0.9706,82.026
26.16,236.0,3.0,0.0,2.4186,1.4655,-0.9531,82.155
26.17,236.0,3.0,0.0,2.4186,1.4655,-0.9531,82.125
26.18,236.0,3.0,0.0,2.4186,1.483,-0.9356,82.044
26.19,236.0,3.0,0.0,2.4186,1.483,-0.9356,82.107
26.2,236.0,3.0,0.0,2.4186,1.483,-0.9356,81.947
26.21,236.0,3.0,0.0,2.4186,1.483,-0.9356,82.172
26.22,236.0,3.0,0.0,2.4186,1.4742,-0.9444,82.042
26.23,236.0,3.0,0.0,2.4186,1.4742,-0.9444,81.978
26.24,236.0,3.0,0.0,2.4186,1.4917,-0.9269,82.236
26.25,236.0,3.0,0.0,2.4186,1.4917,-0.9269,82.091
26.26,236.0,3.0,0.0,2.4186,1.483,-0.9356,82.076
26.27,236.0,3.0,0.0,2.4186,1.4742,-0.9444,82.042
26.28,236.0,3.0,0.0,2.4186,1.4742,-0.9444,81.817
26.29,236.0,3.0,0.0,2.4186,1.4742,-0.9444,82.026
26.3,236.0,3.0,0.0,2.4186,1.4742,-0.9444,81.962
26.31,236.0,3.0,0.0,2.4186,1.4655,-0.9531,81.947
26.32,236.0,3.0,0.0,2.4186,1.4655,-0.9531,82.091
26.33,236.0,3.0,0.0,2.4186,1.4742,-0.9444,82.061
26.34,236.0,3.0,0.0,2.4186,1.483,-0.9356,82.108
26.35,236.0,3.0,0.0,2.4186,1.4742,-0.9444,82.027
26.36,236.0,3.0,0.0,2.4186,1.4655,-0.9531,82.22
26.37,236.0,3.0,0.0,2.4186,1.4742,-0.9444,82.011
26.38,236.0,3.0,0.0,2.4186,1.483,-0.9356,82.19
26.39,236.0,3.0,0.0,2.4186,1.4742,-0.9444,82.028
26.4,236.0,3.0,0.0,2.4186,1.4742,-0.9444,81.994
26.41,236.0,3.0,0.0,2.4186,1.483,-0.9356,81.994
26.42,236.0,3.0,0.0,2.4186,1.483,-0.9356,82.091
26.43,236.0,3.0,0.0,2.4186,1.4742,-0.9444,82.252
26.44,236.0,3.0,0.0,2.4186,1.483,-0.9356,82.108
26.45,236.0,3.0,0.0,2.4186,1.4655,-0.9531,81.994
26.46,236.0,3.0,0.0,2.4186,1.4655,-0.9531,82.123
26.47,236.0,3.0,0.0,2.4186,1.4655,-0.9531,81.978
26.48,236.0,3.0,0.0,2.4186,1.4655,-0.9531,82.205
26.49,236.0,3.0,0.0,2.4186,1.4655,-0.9531,82.268
26.5,236.0,3.0,0.0,2.4186,1.4655,-0.9531,81.962
26.51,236.0,3.0,0.0,2.4186,1.4742,-0.9444,82.091
26.52,236.0,3.0,0.0,2.4186,1.4742,-0.9444,81.93
26.53,236.0,3.0,0.0,2.4186,1.483,-0.9356,82.075
26.54,236.0,3.0,0.0,2.4186,1.483,-0.9356,81.98
26.55,236.0,3.0,0.0,2.4186,1.483,-0.9356,82.076
26.56,236.0,3.0,0.0,2.4186,1.4742,-0.9444,81.961
26.57,236.0,3.0,0.0,2.4186,1.4742,-0.9444,82.092
26.58,236.0,3.0,0.0,2.4186,1.483,-0.9356,81.995
26.59,236.0,3.0,0.0,2.4186,1.4742,-0.9444,82.008
26.6,236.0,3.0,0.0,2.4186,1.4742,-0.9444,82.09
26.61,236.0,3.0,0.0,2.4186,1.4742,-0.9444,82.124
26.62,236.0,3.0,0.0,2.4186,1.4655,-0.9531,82.108
26.63,236.0,3.0,0.0,2.4186,1.4742,-0.9444,82.058
26.64,236.0,3.0,0.0,2.4186,1.4742,-0.9444,82.043
26.65,236.0,3.0,0.0,2.4186,1.4655,-0.9531,81.996
26.66,236.0,3.0,0.0,2.4186,1.4742,-0.9444,82.042
26.67,236.0,3.0,0.0,2.4186,1.4655,-0.9531,82.173
26.68,236.0,3.0,0.0,2.4186,1.4655,-0.9531,82.125
26.69,236.0,3.0,0.0,2.4186,1.4655,-0.9531,81.897
26.7,236.0,3.0,0.0,2.4186,1.4655,-0.9531,81.944
26.71,236.0,3.0,0.0,2.4186,1.4655,-0.9531,82.139
26.72,236.0,3.0,0.0,2.4186,1.4655,-0.9531,81.913
26.73,236.0,3.0,0.0,2.4186,1.4655,-0.9531,82.204
26.74,236.0,3.0,0.0,2.4186,1.4567,-0.9619,82.092
26.75,236.0,3.0,0.0,2.4186,1.4655,-0.9531,82.092
26.76,236.0,3.0,0.0,2.4186,1.4655,-0.9531,82.025
26.77,236.0,3.0,0.0,2.4186,1.4742,-0.9444,81.897
26.78,236.0,3.0,0.0,2.4186,1.4742,-0.9444,82.125
26.79,236.0,3.0,0.0,2.4186,1.4742,-0.9444,82.011
26.8,236.0,3.0,0.0,2.4186,1.4742,-0.9444,82.058
26.81,236.0,3.0,0.0,2.4186,1.4742,-0.9444,82.172
26.82,236.0,3.0,0.0,2.4186,1.4742,-0.9444,81.864
26.83,236.0,3.0,0.0,2.4186,1.4655,-0.9531,82.043
26.84,236.0,3.0,0.0,2.4186,1.4655,-0.9531,82.044
26.85,236.0,3.0,0.0,2.4186,1.4742,-0.9444,81.995
26.86,236.0,3.0,0.0,2.4186,1.4742,-0.9444,81.995
26.87,236.0,3.0,0.0,2.4186,1.4742,-0.9444,81.914
26.88,236.0,3.0,0.0,2.4186,1.4742,-0.9444,82.06
26.89,236.0,3.0,0.0,2.4186,1.4655,-0.9531,81.978
26.9,236.0,3.0,0.0,2.4186,1.448,-0.9706,82.075
26.91,236.0,3.0,0.0,2.4186,1.4655,-0.9531,82.026
26.92,236.0,3.0,0.0,2.4186,1.4655,-0.9531,82.14
26.93,236.0,3.0,0.0,2.4186,1.4742,-0.9444,82.059
26.94,236.0,3.0,0.0,2.4186,1.4742,-0.9444,81.979
26.95,236.0,3.0,0.0,2.4186,1.4742,-0.9444,81.898
26.96,236.0,3.0,0.0,2.4186,1.4742,-0.9444,82.108
26.97,236.0,3.0,0.0,2.4186,1.4655,-0.9531,81.931
26.98,236.0,3.0,0.0,2.4186,1.4655,-0.9531,82.076
26.99,236.0,3.0,0.0,2.4186,1.4742,-0.9444,82.042
27.0,236.0,3.0,0.0,2.4186,1.483,-0.9356,82.042
27.01,236.0,3.0,0.0,2.4186,1.483,-0.9356,82.028
27.02,236.0,3.0,0.0,2.4186,1.4917,-0.9269,81.963
27.03,236.0,3.0,0.0,2.4186,1.4917,-0.9269,82.011
27.04,236.0,3.0,0.0,2.4186,1.483,-0.9356,82.14
27.05,236.0,3.0,0.0,2.4186,1.5005,-0.9181,82.043
27.06,236.0,3.0,0.0,2.4186,1.4917,-0.9269,81.962
27.07,236.0,3.0,0.0,2.4186,1.5005,-0.9181,81.913
27.08,236.0,3.0,0.0,2.4186,1.4917,-0.9269,82.139
27.09,236.0,3.0,0.0,2.4186,1.4742,-0.9444,82.22
27.1,236.0,3.0,0.0,2.4186,1.4742,-0.9444,82.251
27.11,236.0,3.0,0.0,2.4186,1.4655,-0.9531,82.044
27.12,236.0,3.0,0.0,2.4186,1.4567,-0.9619,81.913
27.13,236.0,3.0,0.0,2.4186,1.4742,-0.9444,81.994
27.14,236.0,3.0,0.0,2.4186,1.4742,-0.9444,82.042
27.15,236.0,3.0,0.0,2.4186,1.4655,-0.9531,82.059
27.16,236.0,3.0,0.0,2.4186,1.4742,-0.9444,82.028
27.17,236.0,3.0,0.0,2.4186,1.4655,-0.9531,82.027
27.18,236.0,3.0,0.0,2.4186,1.4655,-0.9531,81.963
27.19,236.0,3.0,0.0,2.4186,1.4655,-0.9531,82.075
27.2,236.0,3.0,0.0,2.4186,1.4742,-0.9444,81.897
27.21,236.0,3.0,0.0,2.4186,1.4742,-0.9444,82.156
27.22,236.0,3.0,0.0,2.4186,1.483,-0.9356,82.044
27.23,236.0,3.0,0.0,2.4186,1.4742,-0.9444,82.059
27.24,236.0,3.0,0.0,2.4186,1.4742,-0.9444,81.865
27.25,236.0,3.0,0.0,2.4186,1.483,-0.9356,81.963
27.26,236.0,3.0,0.0,2.4186,1.4742,-0.9444,81.962
27.27,236.0,3.0,0.0,2.4186,1.4742,-0.9444,81.802
27.28,236.0,3.0,0.0,2.4186,1.4742,-0.9444,81.978
27.29,236.0,3.0,0.0,2.4186,1.4742,-0.9444,81.994
27.3,236.0,3.0,0.0,2.4186,1.4742,-0.9444,82.027
27.31,236.0,3.0,0.0,2.4186,1.4742,-0.9444,81.931
27.32,236.0,3.0,0.0,2.4186,1.4742,-0.9444,81.962
27.33,236.0,3.0,0.0,2.4186,1.4655,-0.9531,82.044
27.34,236.0,3.0,0.0,2.4186,1.4655,-0.9531,82.075
27.35,236.0,3.0,0.0,2.4186,1.4655,-0.9531,82.028
27.36,236.0,3.0,0.0,2.4186,1.4655,-0.9531,81.962
27.37,236.0,3.0,0.0,2.4186,1.4655,-0.9531,81.961
27.38,236.0,3.0,0.0,2.4186,1.4655,-0.9531,82.043
27.39,236.0,3.0,0.0,2.4186,1.4655,-0.9531,82.01
27.4,236.0,3.0,0.0,2.4186,1.4655,-0.9531,82.06
27.41,236.0,3.0,0.0,2.4186,1.4655,-0.9531,82.075
27.42,236.0,3.0,0.0,2.4186,1.4655,-0.9531,81.946
27.43,236.0,3.0,0.0,2.4186,1.4742,-0.9444,82.14
27.44,236.0,3.0,0.0,2.4186,1.4655,-0.9531,82.075
27.45,236.0,3.0,0.0,2.4186,1.4655,-0.9531,81.947
27.46,236.0,3.0,0.0,2.4186,1.4655,-0.9531,81.962
27.47,236.0,3.0,0.0,2.4186,1.4655,-0.9531,81.932
27.48,236.0,3.0,0.0,2.4186,1.4655,-0.9531,81.946
27.49,236.0,3.0,0.0,2.4186,1.4655,-0.9531,81.849
27.5,236.0,3.0,0.0,2.4186,1.4655,-0.9531,81.881
27.51,236.0,3.0,0.0,2.4186,1.4655,-0.9531,81.898
27.52,236.0,3.0,0.0,2.4186,1.4655,-0.9531,81.978
27.53,236.0,3.0,0.0,2.4186,1.4655,-0.9531,81.816
27.54,236.0,3.0,0.0,2.4186,1.4655,-0.9531,81.93
27.55,236.0,3.0,0.0,2.4186,1.4655,-0.9531,81.946
27.56,236.0,3.0,0.0,2.4186,1.4655,-0.9531,82.188
27.57,236.0,3.0,0.0,2.4186,1.4655,-0.9531,81.915
27.58,236.0,3.0,0.0,2.4186,1.4655,-0.9531,81.994
27.59,236.0,3.0,0.0,2.4186,1.4655,-0.9531,82.027
27.6,236.0,3.0,0.0,2.4186,1.4655,-0.9531,81.915
27.61,236.0,3.0,0.0,2.4186,1.4655,-0.9531,82.012
27.62,236.0,3.0,0.0,2.4186,1.4655,-0.9531,81.833
27.63,236.0,3.0,0.0,2.4186,1.4655,-0.9531,82.092
27.64,236.0,3.0,0.0,2.4186,1.4567,-0.9619,82.012
27.65,236.0,3.0,0.0,2.4186,1.4655,-0.9531,81.931
27.66,236.0,3.0,0.0,2.4186,1.4567,-0.9619,81.93
27.67,236.0,3.0,0.0,2.4186,1.448,-0.9706,81.978
27.68,236.0,3.0,0.0,2.4186,1.448,-0.9706,81.882
27.69,236.0,3.0,0.0,2.4186,1.4567,-0.9619,81.977
27.7,236.0,3.0,0.0,2.4186,1.448,-0.9706,81.898
27.71,236.0,3.0,0.0,2.4186,1.4567,-0.9619,82.075
27.72,236.0,3.0,0.0,2.4186,1.4567,-0.9619,81.947
27.73,236.0,3.0,0.0,2.4186,1.4655,-0.9531,81.914
27.74,236.0,3.0,0.0,2.4186,1.4567,-0.9619,81.978
27.75,236.0,3.0,0.0,2.4186,1.4567,-0.9619,81.947
27.76,236.0,3.0,0.0,2.4186,1.4567,-0.9619,82.027
27.77,236.0,3.0,0.0,2.4186,1.4655,-0.9531,81.753
27.78,236.0,3.0,0.0,2.4186,1.4742,-0.9444,81.865
27.79,236.0,3.0,0.0,2.4186,1.4742,-0.9444,82.139
27.8,236.0,3.0,0.0,2.4186,1.4742,-0.9444,81.946
27.81,236.0,3.0,0.0,2.4186,1.4742,-0.9444,82.011
27.82,236.0,3.0,0.0,2.4186,1.4742,-0.9444,81.964
27.83,236.0,3.0,0.0,2.4186,1.4742,-0.9444,81.866
27.84,236.0,3.0,0.0,2.4186,1.483,-0.9356,82.009
27.85,236.0,3.0,0.0,2.4186,1.4742,-0.9444,81.931
27.86,236.0,3.0,0.0,2.4186,1.4742,-0.9444,81.995
27.87,236.0,3.0,0.0,2.4186,1.4742,-0.9444,81.817
27.88,236.0,3.0,0.0,2.4186,1.483,-0.9356,81.897
27.89,236.0,3.0,0.0,2.4186,1.4742,-0.9444,81.978
27.9,236.0,3.0,0.0,2.4186,1.483,-0.9356,81.98
27.91,236.0,3.0,0.0,2.4186,1.483,-0.9356,81.881
27.92,236.0,3.0,0.0,2.4186,1.4742,-0.9444,81.961
27.93,236.0,3.0,0.0,2.4186,1.4742,-0.9444,82.011
27.94,236.0,3.0,0.0,2.4186,1.483,-0.9356,82.01
27.95,236.0,3.0,0.0,2.4186,1.4655,-0.9531,81.963
27.96,236.0,3.0,0.0,2.4186,1.4742,-0.9444,81.962
27.97,236.0,3.0,0.0,2.4186,1.4655,-0.9531,81.72
27.98,236.0,3.0,0.0,2.4186,1.4742,-0.9444,81.945
27.99,236.0,3.0,0.0,2.4186,1.4742,-0.9444,81.978
28.0,236.0,3.0,0.0,2.4186,1.4742,-0.9444,81.865
28.01,236.0,3.0,0.0,2.4186,1.4742,-0.9444,81.994
28.02,236.0,3.0,0.0,2.4186,1.4655,-0.9531,81.817
28.03,236.0,3.0,0.0,2.4186,1.4655,-0.9531,81.801
28.04,236.0,3.0,0.0,2.4186,1.4655,-0.9531,82.011
28.05,236.0,3.0,0.0,2.4186,1.4655,-0.9531,81.962
28.06,236.0,3.0,0.0,2.4186,1.483,-0.9356,82.027
28.07,236.0,3.0,0.0,2.4186,1.4655,-0.9531,81.818
28.08,236.0,3.0,0.0,2.4186,1.4655,-0.9531,81.994
28.09,236.0,3.0,0.0,2.4186,1.4742,-0.9444,81.752
28.1,236.0,3.0,0.0,2.4186,1.4742,-0.9444,81.961
28.11,236.0,3.0,0.0,2.4186,1.4655,-0.9531,82.108
28.12,236.0,3.0,0.0,2.4186,1.4742,-0.9444,81.801
28.13,236.0,3.0,0.0,2.4186,1.4567,-0.9619,81.978
28.14,236.0,3.0,0.0,2.4186,1.4742,-0.9444,81.833
28.15,236.0,3.0,0.0,2.4186,1.4742,-0.9444,81.865
28.16,236.0,3.0,0.0,2.4186,1.4655,-0.9531,81.817
28.17,236.0,3.0,0.0,2.4186,1.4567,-0.9619,82.026
28.18,236.0,3.0,0.0,2.4186,1.4742,-0.9444,81.948
28.19,236.0,3.0,0.0,2.4186,1.4567,-0.9619,81.946
28.2,236.0,3.0,0.0,2.4186,1.4567,-0.9619,81.85
28.21,236.0,3.0,0.0,2.4186,1.4567,-0.9619,81.882
28.22,236.0,3.0,0.0,2.4186,1.4655,-0.9531,81.833
28.23,236.0,3.0,0.0,2.4186,1.4655,-0.9531,81.929
28.24,236.0,3.0,0.0,2.4186,1.4655,-0.9531,81.978
28.25,236.0,3.0,0.0,2.4186,1.4655,-0.9531,81.913
28.26,236.0,3.0,0.0,2.4186,1.4567,-0.9619,82.091
28.27,236.0,3.0,0.0,2.4186,1.4655,-0.9531,81.931
28.28,236.0,3.0,0.0,2.4186,1.4742,-0.9444,81.978
28.29,236.0,3.0,0.0,2.4186,1.4742,-0.9444,81.914
28.3,236.0,3.0,0.0,2.4186,1.4742,-0.9444,81.929
28.31,236.0,3.0,0.0,2.4186,1.4742,-0.9444,81.849
28.32,236.0,3.0,0.0,2.4186,1.4742,-0.9444,81.978
28.33,236.0,3.0,0.0,2.4186,1.4742,-0.9444,81.897
28.34,236.0,3.0,0.0,2.4186,1.4742,-0.9444,81.883
28.35,236.0,3.0,0.0,2.4186,1.4742,-0.9444,81.768
28.36,236.0,3.0,0.0,2.4186,1.4655,-0.9531,81.944
28.37,236.0,3.0,0.0,2.4186,1.4655,-0.9531,82.042
28.38,236.0,3.0,0.0,2.4186,1.4742,-0.9444,81.849
28.39,236.0,3.0,0.0,2.4186,1.4655,-0.9531,81.961
28.4,236.0,3.0,0.0,2.4186,1.4655,-0.9531,81.834
28.41,236.0,3.0,0.0,2.4186,1.4655,-0.9531,81.994
28.42,236.0,3.0,0.0,2.4186,1.4742,-0.9444,81.848
28.43,236.0,3.0,0.0,2.4186,1.4655,-0.9531,81.944
28.44,236.0,3.0,0.0,2.4186,1.4742,-0.9444,81.851
28.45,236.0,3.0,0.0,2.4186,1.4655,-0.9531,81.882
28.46,236.0,3.0,0.0,2.4186,1.4742,-0.9444,81.897
28.47,236.0,3.0,0.0,2.4186,1.4742,-0.9444,81.834
28.48,236.0,3.0,0.0,2.4186,1.4655,-0.9531,82.027
28.49,236.0,3.0,0.0,2.4186,1.4655,-0.9531,82.075
28.5,236.0,3.0,0.0,2.4186,1.4567,-0.9619,81.801
28.51,236.0,3.0,0.0,2.4186,1.4567,-0.9619,82.075
28.52,236.0,3.0,0.0,2.4186,1.4567,-0.9619,81.915
28.53,236.0,3.0,0.0,2.4186,1.4655,-0.9531,82.093
28.54,236.0,3.0,0.0,2.4186,1.4655,-0.9531,81.93
28.55,236.0,3.0,0.0,2.4186,1.4567,-0.9619,81.994
28.56,236.0,3.0,0.0,2.4186,1.4567,-0.9619,81.98
28.57,236.0,3.0,0.0,2.4186,1.4567,-0.9619,81.963
28.58,236.0,3.0,0.0,2.4186,1.4655,-0.9531,81.833
28.59,236.0,3.0,0.0,2.4186,1.4655,-0.9531,81.752
28.6,236.0,3.0,0.0,2.4186,1.4567,-0.9619,81.85
28.61,236.0,3.0,0.0,2.4186,1.4655,-0.9531,81.929
28.62,236.0,3.0,0.0,2.4186,1.4567,-0.9619,81.994
28.63,236.0,3.0,0.0,2.4186,1.4567,-0.9619,81.994
28.64,236.0,3.0,0.0,2.4186,1.4567,-0.9619,81.834
28.65,236.0,3.0,0.0,2.4186,1.4655,-0.9531,81.882
28.66,236.0,3.0,0.0,2.4186,1.4567,-0.9619,82.026
28.67,236.0,3.0,0.0,2.4186,1.4567,-0.9619,81.85
28.68,236.0,3.0,0.0,2.4186,1.4655,-0.9531,81.864
28.69,236.0,3.0,0.0,2.4186,1.4567,-0.9619,81.85
28.7,236.0,3.0,0.0,2.4186,1.4655,-0.9531,81.945
28.71,236.0,3.0,0.0,2.4186,1.4655,-0.9531,81.753
28.72,236.0,3.0,0.0,2.4186,1.4655,-0.9531,81.946
28.73,236.0,3.0,0.0,2.4186,1.4655,-0.9531,81.769
28.74,236.0,3.0,0.0,2.4186,1.4655,-0.9531,82.01
28.75,236.0,3.0,0.0,2.4186,1.4742,-0.9444,82.01
28.76,236.0,3.0,0.0,2.4186,1.4655,-0.9531,81.897
28.77,236.0,3.0,0.0,2.4186,1.4655,-0.9531,81.898
28.78,236.0,3.0,0.0,2.4186,1.4655,-0.9531,81.962
28.79,236.0,3.0,0.0,2.4186,1.4742,-0.9444,81.947
28.8,236.0,3.0,0.0,2.4186,1.4655,-0.9531,82.026
28.81,236.0,3.0,0.0,2.4186,1.4742,-0.9444,81.978
28.82,236.0,3.0,0.0,2.4186,1.483,-0.9356,81.897
28.83,236.0,3.0,0.0,2.4186,1.4742,-0.9444,81.946
28.84,236.0,3.0,0.0,2.4186,1.4742,-0.9444,81.961
28.85,236.0,3.0,0.0,2.4186,1.4742,-0.9444,81.72
28.86,236.0,3.0,0.0,2.4186,1.4742,-0.9444,82.044
28.87,236.0,3.0,0.0,2.4186,1.483,-0.9356,81.882
28.88,236.0,3.0,0.0,2.4186,1.4917,-0.9269,81.865
28.89,236.0,3.0,0.0,2.4186,1.4917,-0.9269,81.944
28.9,236.0,3.0,0.0,2.4186,1.4917,-0.9269,81.849
28.91,236.0,3.0,0.0,2.4186,1.4917,-0.9269,81.866
28.92,236.0,3.0,0.0,2.4186,1.4917,-0.9269,81.898
28.93,236.0,3.0,0.0,2.4186,1.483,-0.9356,81.817
28.94,236.0,3.0,0.0,2.4186,1.483,-0.9356,81.864
28.95,236.0,3.0,0.0,2.4186,1.4917,-0.9269,81.994
28.96,236.0,3.0,0.0,2.4186,1.483,-0.9356,81.995
28.97,236.0,3.0,0.0,2.4186,1.483,-0.9356,81.898
28.98,236.0,3.0,0.0,2.4186,1.483,-0.9356,82.092
28.99,236.0,3.0,0.0,2.4186,1.4742,-0.9444,81.865
29.0,236.0,3.0,0.0,2.4186,1.4742,-0.9444,81.945
29.01,236.0,3.0,0.0,2.4186,1.483,-0.9356,81.994
29.02,236.0,3.0,0.0,2.4186,1.483,-0.9356,81.882
29.03,236.0,3.0,0.0,2.4186,1.4742,-0.9444,81.946
29.04,236.0,3.0,0.0,2.4186,1.4742,-0.9444,81.946
29.05,236.0,3.0,0.0,2.4186,1.4655,-0.9531,81.833
29.06,236.0,3.0,0.0,2.4186,1.4655,-0.9531,82.123
29.07,236.0,3.0,0.0,2.4186,1.4567,-0.9619,81.963
29.08,236.0,3.0,0.0,2.4186,1.4655,-0.9531,81.947
29.09,236.0,3.0,0.0,2.4186,1.4655,-0.9531,82.042
29.1,236.0,3.0,0.0,2.4186,1.4655,-0.9531,81.98
29.11,236.0,3.0,0.0,2.4186,1.4655,-0.9531,81.978
29.12,236.0,3.0,0.0,2.4186,1.483,-0.9356,81.978
29.13,236.0,3.0,0.0,2.4186,1.483,-0.9356,81.915
29.14,236.0,3.0,0.0,2.4186,1.483,-0.9356,81.848
29.15,236.0,3.0,0.0,2.4186,1.4655,-0.9531,82.076
29.16,236.0,3.0,0.0,2.4186,1.4742,-0.9444,81.882
29.17,236.0,3.0,0.0,2.4186,1.4742,-0.9444,81.897
29.18,236.0,3.0,0.0,2.4186,1.4742,-0.9444,81.912
29.19,236.0,3.0,0.0,2.4186,1.4655,-0.9531,81.833
29.2,236.0,3.0,0.0,2.4186,1.4742,-0.9444,81.896
29.21,236.0,3.0,0.0,2.4186,1.4742,-0.9444,81.929
29.22,236.0,3.0,0.0,2.4186,1.4655,-0.9531,81.915
29.23,236.0,3.0,0.0,2.4186,1.483,-0.9356,81.898
29.24,236.0,3.0,0.0,2.4186,1.4655,-0.9531,81.914
29.25,236.0,3.0,0.0,2.4186,1.4742,-0.9444,81.849
29.26,236.0,3.0,0.0,2.4186,1.4655,-0.9531,81.962
29.27,236.0,3.0,0.0,2.4186,1.4655,-0.9531,81.833
29.28,236.0,3.0,0.0,2.4186,1.4742,-0.9444,81.802
29.29,236.0,3.0,0.0,2.4186,1.4655,-0.9531,82.042
29.3,236.0,3.0,0.0,2.4186,1.4655,-0.9531,81.735
29.31,236.0,3.0,0.0,2.4186,1.4655,-0.9531,81.849
29.32,236.0,3.0,0.0,2.4186,1.4655,-0.9531,81.897
29.33,236.0,3.0,0.0,2.4186,1.4655,-0.9531,81.736
29.34,236.0,3.0,0.0,2.4186,1.4655,-0.9531,82.108
29.35,236.0,3.0,0.0,2.4186,1.4655,-0.9531,81.914
29.36,236.0,3.0,0.0,2.4186,1.4655,-0.9531,82.012
29.37,236.0,3.0,0.0,2.4186,1.4655,-0.9531,81.801
29.38,236.0,3.0,0.0,2.4186,1.4655,-0.9531,81.767
29.39,236.0,3.0,0.0,2.4186,1.4742,-0.9444,81.815
29.4,236.0,3.0,0.0,2.4186,1.4742,-0.9444,81.785
29.41,236.0,3.0,0.0,2.4186,1.4655,-0.9531,82.044
29.42,236.0,3.0,0.0,2.4186,1.4655,-0.9531,82.028
29.43,236.0,3.0,0.0,2.4186,1.4742,-0.9444,81.98
29.44,236.0,3.0,0.0,2.4186,1.4655,-0.9531,81.866
29.45,236.0,3.0,0.0,2.4186,1.4742,-0.9444,81.993
29.46,236.0,3.0,0.0,2.4186,1.4655,-0.9531,81.947
29.47,236.0,3.0,0.0,2.4186,1.4655,-0.9531,81.8
29.48,236.0,3.0,0.0,2.4186,1.4655,-0.9531,81.962
29.49,236.0,3.0,0.0,2.4186,1.4655,-0.9531,81.735
29.5,236.0,3.0,0.0,2.4186,1.4655,-0.9531,81.67
29.51,236.0,3.0,0.0,2.4186,1.4742,-0.9444,81.816
29.52,236.0,3.0,0.0,2.4186,1.4742,-0.9444,82.092
29.53,236.0,3.0,0.0,2.4186,1.4742,-0.9444,81.737
29.54,236.0,3.0,0.0,2.4186,1.4742,-0.9444,82.027
29.55,236.0,3.0,0.0,2.4186,1.4655,-0.9531,82.027
29.56,236.0,3.0,0.0,2.4186,1.4655,-0.9531,81.962
29.57,236.0,3.0,0.0,2.4186,1.4655,-0.9531,81.769
29.58,236.0,3.0,0.0,2.4186,1.4655,-0.9531,81.914
29.59,236.0,3.0,0.0,2.4186,1.4742,-0.9444,81.929
29.6,236.0,3.0,0.0,2.4186,1.4567,-0.9619,81.866
29.61,236.0,3.0,0.0,2.4186,1.4655,-0.9531,81.946
29.62,236.0,3.0,0.0,2.4186,1.4655,-0.9531,81.882
29.63,236.0,3.0,0.0,2.4186,1.4655,-0.9531,81.961
29.64,236.0,3.0,0.0,2.4186,1.4567,-0.9619,81.93
29.65,236.0,3.0,0.0,2.4186,1.4655,-0.9531,81.865
29.66,236.0,3.0,0.0,2.4186,1.4655,-0.9531,82.009
29.67,236.0,3.0,0.0,2.4186,1.4655,-0.9531,81.832
29.68,236.0,3.0,0.0,2.4186,1.4567,-0.9619,81.897
29.69,236.0,3.0,0.0,2.4186,1.4567,-0.9619,81.817
29.7,236.0,3.0,0.0,2.4186,1.4567,-0.9619,81.8
29.71,236.0,3.0,0.0,2.4186,1.4567,-0.9619,81.945
29.72,236.0,3.0,0.0,2.4186,1.4567,-0.9619,81.882
29.73,236.0,3.0,0.0,2.4186,1.4567,-0.9619,81.93
29.74,236.0,3.0,0.0,2.4186,1.4655,-0.9531,81.945
29.75,236.0,3.0,0.0,2.4186,1.4742,-0.9444,81.834
29.76,236.0,3.0,0.0,2.4186,1.4742,-0.9444,82.092
29.77,236.0,3.0,0.0,2.4186,1.4655,-0.9531,81.622
29.78,236.0,3.0,0.0,2.4186,1.4655,-0.9531,82.043
29.79,236.0,3.0,0.0,2.4186,1.4742,-0.9444,81.785
29.8,236.0,3.0,0.0,2.4186,1.4742,-0.9444,81.898
29.81,236.0,3.0,0.0,2.4186,1.4742,-0.9444,81.995
29.82,236.0,3.0,0.0,2.4186,1.4655,-0.9531,81.93
29.83,236.0,3.0,0.0,2.4186,1.4655,-0.9531,81.785
29.84,236.0,3.0,0.0,2.4186,1.4655,-0.9531,81.865
29.85,236.0,3.0,0.0,2.4186,1.4655,-0.9531,81.833
29.86,236.0,3.0,0.0,2.4186,1.4742,-0.9444,81.929
29.87,236.0,3.0,0.0,2.4186,1.4742,-0.9444,81.946
29.88,236.0,3.0,0.0,2.4186,1.4655,-0.9531,81.931
29.89,236.0,3.0,0.0,2.4186,1.4655,-0.9531,81.88
29.9,236.0,3.0,0.0,2.4186,1.4655,-0.9531,81.816
29.91,236.0,3.0,0.0,2.4186,1.4655,-0.9531,81.978
29.92,236.0,3.0,0.0,2.4186,1.4655,-0.9531,81.816
29.93,236.0,3.0,0.0,2.4186,1.4655,-0.9531,81.848
29.94,236.0,3.0,0.0,2.4186,1.4655,-0.9531,81.785
29.95,236.0,3.0,0.0,2.4186,1.4655,-0.9531,81.865
29.96,236.0,3.0,0.0,2.4186,1.4567,-0.9619,81.929
29.97,236.0,3.0,0.0,2.4186,1.4567,-0.9619,81.93
29.98,236.0,3.0,0.0,2.4186,1.4742,-0.9444,81.945
29.99,236.0,3.0,0.0,2.4186,1.4655,-0.9531,81.881
30.0,236.0,3.0,0.0,2.4186,1.4742,-0.9444,81.834
30.01,236.0,3.0,0.0,2.4186,1.4742,-0.9444,81.897
30.02,236.0,3.0,0.0,2.4186,1.4655,-0.9531,81.882
30.03,236.0,3.0,0.0,2.4186,1.4742,-0.9444,81.897
30.04,236.0,3.0,0.0,2.4186,1.4655,-0.9531,81.945
30.05,236.0,3.0,0.0,2.4186,1.4742,-0.9444,81.962
30.06,236.0,3.0,0.0,2.4186,1.4655,-0.9531,81.914
30.07,236.0,3.0,0.0,2.4186,1.483,-0.9356,81.833
30.08,236.0,3.0,0.0,2.4186,1.483,-0.9356,81.67
30.09,236.0,3.0,0.0,2.4186,1.4917,-0.9269,81.962
30.1,236.0,3.0,0.0,2.4186,1.4742,-0.9444,81.898
30.11,236.0,3.0,0.0,2.4186,1.4655,-0.9531,81.85
30.12,236.0,3.0,0.0,2.4186,1.4742,-0.9444,82.043
30.13,236.0,3.0,0.0,2.4186,1.483,-0.9356,81.801
30.14,236.0,3.0,0.0,2.4186,1.483,-0.9356,81.735
30.15,236.0,3.0,0.0,2.4186,1.483,-0.9356,81.8
30.16,236.0,3.0,0.0,2.4186,1.4917,-0.9269,81.913
30.17,236.0,3.0,0.0,2.4186,1.483,-0.9356,81.899
30.18,236.0,3.0,0.0,2.4186,1.4742,-0.9444,81.832
30.19,236.0,3.0,0.0,2.4186,1.4742,-0.9444,81.864
30.2,236.0,3.0,0.0,2.4186,1.4742,-0.9444,81.833
30.21,236.0,3.0,0.0,2.4186,1.483,-0.9356,81.832
30.22,236.0,3.0,0.0,2.4186,1.4742,-0.9444,81.896
30.23,236.0,3.0,0.0,2.4186,1.4655,-0.9531,81.979
30.24,236.0,3.0,0.0,2.4186,1.4742,-0.9444,81.93
30.25,236.0,3.0,0.0,2.4186,1.4655,-0.9531,81.897
30.26,236.0,3.0,0.0,2.4186,1.4742,-0.9444,81.912
30.27,236.0,3.0,0.0,2.4186,1.4742,-0.9444,81.961
30.28,236.0,3.0,0.0,2.4186,1.483,-0.9356,81.898
30.29,236.0,3.0,0.0,2.4186,1.4742,-0.9444,81.898
30.3,236.0,3.0,0.0,2.4186,1.4567,-0.9619,81.898
30.31,236.0,3.0,0.0,2.4186,1.4655,-0.9531,81.978
30.32,236.0,3.0,0.0,2.4186,1.4742,-0.9444,81.849
30.33,236.0,3.0,0.0,2.4186,1.4655,-0.9531,81.963
30.34,236.0,3.0,0.0,2.4186,1.4742,-0.9444,81.688
30.35,236.0,3.0,0.0,2.4186,1.4742,-0.9444,81.785
30.36,236.0,3.0,0.0,2.4186,1.4742,-0.9444,81.995
30.37,236.0,3.0,0.0,2.4186,1.4742,-0.9444,81.881
30.38,236.0,3.0,0.0,2.4186,1.4742,-0.9444,81.751
30.39,236.0,3.0,0.0,2.4186,1.4655,-0.9531,81.93
30.4,236.0,3.0,0.0,2.4186,1.4655,-0.9531,81.834
30.41,236.0,3.0,0.0,2.4186,1.4655,-0.9531,81.882
30.42,236.0,3.0,0.0,2.4186,1.4655,-0.9531,81.851
30.43,236.0,3.0,0.0,2.4186,1.4742,-0.9444,81.913
30.44,236.0,3.0,0.0,2.4186,1.4655,-0.9531,81.816
30.45,236.0,3.0,0.0,2.4186,1.4742,-0.9444,81.881
30.46,236.0,3.0,0.0,2.4186,1.4742,-0.9444,81.655
30.47,236.0,3.0,0.0,2.4186,1.4655,-0.9531,81.847
30.48,236.0,3.0,0.0,2.4186,1.4655,-0.9531,81.848
30.49,236.0,3.0,0.0,2.4186,1.4567,-0.9619,81.962
30.5,236.0,3.0,0.0,2.4186,1.4567,-0.9619,81.883
30.51,236.0,3.0,0.0,2.4186,1.4567,-0.9619,81.93
30.52,236.0,3.0,0.0,2.4186,1.4567,-0.9619,81.801
30.53,236.0,3.0,0.0,2.4186,1.4567,-0.9619,81.962
30.54,236.0,3.0,0.0,2.4186,1.4567,-0.9619,81.866
30.55,236.0,3.0,0.0,2.4186,1.4567,-0.9619,81.833
30.56,236.0,3.0,0.0,2.4186,1.4655,-0.9531,81.897
30.57,236.0,3.0,0.0,2.4186,1.4742,-0.9444,81.784
30.58,236.0,3.0,0.0,2.4186,1.4742,-0.9444,81.995
30.59,236.0,3.0,0.0,2.4186,1.483,-0.9356,81.899
30.6,236.0,3.0,0.0,2.4186,1.483,-0.9356,81.785
30.61,236.0,3.0,0.0,2.4186,1.4917,-0.9269,81.752
30.62,236.0,3.0,0.0,2.4186,1.483,-0.9356,81.782
30.63,236.0,3.0,0.0,2.4186,1.4917,-0.9269,81.783
30.64,236.0,3.0,0.0,2.4186,1.4742,-0.9444,81.993
30.65,236.0,3.0,0.0,2.4186,1.483,-0.9356,81.913
30.66,236.0,3.0,0.0,2.4186,1.4742,-0.9444,81.93
30.67,236.0,3.0,0.0,2.4186,1.483,-0.9356,81.93
30.68,236.0,3.0,0.0,2.4186,1.483,-0.9356,81.883
30.69,236.0,3.0,0.0,2.4186,1.4742,-0.9444,81.818
30.7,236.0,3.0,0.0,2.4186,1.4742,-0.9444,81.785
30.71,236.0,3.0,0.0,2.4186,1.4742,-0.9444,81.832
30.72,236.0,3.0,0.0,2.4186,1.4742,-0.9444,81.801
30.73,236.0,3.0,0.0,2.4186,1.4742,-0.9444,81.897
30.74,236.0,3.0,0.0,2.4186,1.4655,-0.9531,81.945
30.75,236.0,3.0,0.0,2.4186,1.4655,-0.9531,81.72
30.76,236.0,3.0,0.0,2.4186,1.4742,-0.9444,81.912
30.77,236.0,3.0,0.0,2.4186,1.4742,-0.9444,81.883
30.78,236.0,3.0,0.0,2.4186,1.4742,-0.9444,81.897
30.79,236.0,3.0,0.0,2.4186,1.4655,-0.9531,81.736
30.8,236.0,3.0,0.0,2.4186,1.4742,-0.9444,81.655
30.81,236.0,3.0,0.0,2.4186,1.4655,-0.9531,81.864
30.82,236.0,3.0,0.0,2.4186,1.4742,-0.9444,81.768
30.83,236.0,3.0,0.0,2.4186,1.4742,-0.9444,81.897
30.84,236.0,3.0,0.0,2.4186,1.4742,-0.9444,81.866
30.85,236.0,3.0,0.0,2.4186,1.4655,-0.9531,81.817
30.86,236.0,3.0,0.0,2.4186,1.4655,-0.9531,81.785
30.87,236.0,3.0,0.0,2.4186,1.4655,-0.9531,81.8
30.88,236.0,3.0,0.0,2.4186,1.4655,-0.9531,81.85
30.89,236.0,3.0,0.0,2.4186,1.4655,-0.9531,81.914
30.9,236.0,3.0,0.0,2.4186,1.4655,-0.9531,81.783
30.91,236.0,3.0,0.0,2.4186,1.4655,-0.9531,81.8
30.92,236.0,3.0,0.0,2.4186,1.4655,-0.9531,81.753
30.93,236.0,3.0,0.0,2.4186,1.4655,-0.9531,81.865
30.94,236.0,3.0,0.0,2.4186,1.4655,-0.9531,81.929
30.95,236.0,3.0,0.0,2.4186,1.4655,-0.9531,81.978
30.96,236.0,3.0,0.0,2.4186,1.4655,-0.9531,82.14
30.97,236.0,3.0,0.0,2.4186,1.4655,-0.9531,81.979
30.98,236.0,3.0,0.0,2.4186,1.4655,-0.9531,81.801
30.99,236.0,3.0,0.0,2.4186,1.4655,-0.9531,81.8
31.0,236.0,3.0,0.0,2.4186,1.4655,-0.9531,81.769
31.01,236.0,3.0,0.0,2.4186,1.4655,-0.9531,81.945
31.02,236.0,3.0,0.0,2.4186,1.4655,-0.9531,81.882
31.03,236.0,3.0,0.0,2.4186,1.4655,-0.9531,81.895
31.04,236.0,3.0,0.0,2.4186,1.4742,-0.9444,81.768
31.05,236.0,3.0,0.0,2.4186,1.4655,-0.9531,81.768
31.06,236.0,3.0,0.0,2.4186,1.4742,-0.9444,81.979
31.07,236.0,3.0,0.0,2.4186,1.4742,-0.9444,81.817
31.08,236.0,3.0,0.0,2.4186,1.4742,-0.9444,81.703
31.09,236.0,3.0,0.0,2.4186,1.4742,-0.9444,81.75
31.1,236.0,3.0,0.0,2.4186,1.483,-0.9356,81.769
31.11,236.0,3.0,0.0,2.4186,1.4742,-0.9444,81.8
31.12,236.0,3.0,0.0,2.4186,1.4742,-0.9444,81.769
31.13,236.0,3.0,0.0,2.4186,1.4655,-0.9531,81.931
31.14,236.0,3.0,0.0,2.4186,1.4742,-0.9444,81.848
31.15,236.0,3.0,0.0,2.4186,1.4742,-0.9444,81.816
31.16,236.0,3.0,0.0,2.4186,1.4742,-0.9444,81.832
31.17,236.0,3.0,0.0,2.4186,1.4742,-0.9444,81.768
31.18,236.0,3.0,0.0,2.4186,1.4655,-0.9531,81.994
31.19,236.0,3.0,0.0,2.4186,1.4655,-0.9531,81.881
31.2,236.0,3.0,0.0,2.4186,1.4742,-0.9444,81.866
31.21,236.0,3.0,0.0,2.4186,1.4742,-0.9444,81.767
31.22,236.0,3.0,0.0,2.4186,1.4742,-0.9444,81.816
31.23,236.0,3.0,0.0,2.4186,1.4742,-0.9444,81.881
31.24,236.0,3.0,0.0,2.4186,1.483,-0.9356,81.833
31.25,236.0,3.0,0.0,2.4186,1.483,-0.9356,81.914
31.26,236.0,3.0,0.0,2.4186,1.483,-0.9356,81.834
31.27,236.0,3.0,0.0,2.4186,1.483,-0.9356,81.833
31.28,236.0,3.0,0.0,2.4186,1.4917,-0.9269,81.784
31.29,236.0,3.0,0.0,2.4186,1.4917,-0.9269,81.799
31.3,236.0,3.0,0.0,2.4186,1.483,-0.9356,81.801
31.31,236.0,3.0,0.0,2.4186,1.4917,-0.9269,81.962
31.32,236.0,3.0,0.0,2.4186,1.4917,-0.9269,81.899
31.33,236.0,3.0,0.0,2.4186,1.483,-0.9356,81.832
31.34,236.0,3.0,0.0,2.4186,1.4917,-0.9269,81.865
31.35,236.0,3.0,0.0,2.4186,1.4917,-0.9269,81.784
31.36,236.0,3.0,0.0,2.4186,1.483,-0.9356,81.994
31.37,236.0,3.0,0.0,2.4186,1.483,-0.9356,81.866
31.38,236.0,3.0,0.0,2.4186,1.4742,-0.9444,81.639
31.39,236.0,3.0,0.0,2.4186,1.483,-0.9356,81.832
31.4,236.0,3.0,0.0,2.4186,1.483,-0.9356,81.784
31.41,236.0,3.0,0.0,2.4186,1.4655,-0.9531,81.929
31.42,236.0,3.0,0.0,2.4186,1.4742,-0.9444,81.93
31.43,236.0,3.0,0.0,2.4186,1.4655,-0.9531,81.882
31.44,236.0,3.0,0.0,2.4186,1.4655,-0.9531,81.881
31.45,236.0,3.0,0.0,2.4186,1.4742,-0.9444,81.752
31.46,236.0,3.0,0.0,2.4186,1.4655,-0.9531,81.977
31.47,236.0,3.0,0.0,2.4186,1.483,-0.9356,81.769
31.48,236.0,3.0,0.0,2.4186,1.483,-0.9356,81.978
31.49,236.0,3.0,0.0,2.4186,1.4742,-0.9444,81.752
31.5,236.0,3.0,0.0,2.4186,1.4742,-0.9444,81.783
31.51,236.0,3.0,0.0,2.4186,1.4742,-0.9444,81.88
31.52,236.0,3.0,0.0,2.4186,1.4742,-0.9444,81.801
31.53,236.0,3.0,0.0,2.4186,1.4742,-0.9444,81.672
31.54,236.0,3.0,0.0,2.4186,1.4742,-0.9444,81.799
31.55,236.0,3.0,0.0,2.4186,1.4742,-0.9444,81.784
31.56,236.0,3.0,0.0,2.4186,1.4742,-0.9444,81.848
31.57,236.0,3.0,0.0,2.4186,1.483,-0.9356,81.801
31.58,236.0,3.0,0.0,2.4186,1.4742,-0.9444,81.752
31.59,236.0,3.0,0.0,2.4186,1.4742,-0.9444,81.735
31.6,236.0,3.0,0.0,2.4186,1.4742,-0.9444,81.88
31.61,236.0,3.0,0.0,2.4186,1.4742,-0.9444,81.865
31.62,236.0,3.0,0.0,2.4186,1.4742,-0.9444,81.8
31.63,236.0,3.0,0.0,2.4186,1.4742,-0.9444,81.848
31.64,236.0,3.0,0.0,2.4186,1.4742,-0.9444,81.671
31.65,236.0,3.0,0.0,2.4186,1.4742,-0.9444,81.686
31.66,236.0,3.0,0.0,2.4186,1.4742,-0.9444,81.896
31.67,236.0,3.0,0.0,2.4186,1.483,-0.9356,81.818
31.68,236.0,3.0,0.0,2.4186,1.4742,-0.9444,81.881
31.69,236.0,3.0,0.0,2.4186,1.4742,-0.9444,81.753
31.7,236.0,3.0,0.0,2.4186,1.483,-0.9356,81.737
31.71,236.0,3.0,0.0,2.4186,1.4742,-0.9444,81.785
31.72,236.0,3.0,0.0,2.4186,1.4742,-0.9444,81.785
31.73,236.0,3.0,0.0,2.4186,1.4742,-0.9444,81.88
31.74,236.0,3.0,0.0,2.4186,1.4917,-0.9269,82.026
31.75,236.0,3.0,0.0,2.4186,1.4742,-0.9444,81.768
31.76,236.0,3.0,0.0,2.4186,1.4742,-0.9444,81.59
31.77,236.0,3.0,0.0,2.4186,1.4742,-0.9444,81.687
31.78,236.0,3.0,0.0,2.4186,1.4742,-0.9444,81.767
31.79,236.0,3.0,0.0,2.4186,1.483,-0.9356,81.944
31.8,236.0,3.0,0.0,2.4186,1.483,-0.9356,81.785
31.81,236.0,3.0,0.0,2.4186,1.4742,-0.9444,81.672
31.82,236.0,3.0,0.0,2.4186,1.483,-0.9356,81.719
31.83,236.0,3.0,0.0,2.4186,1.4742,-0.9444,81.799
31.84,236.0,3.0,0.0,2.4186,1.4742,-0.9444,81.962
31.85,236.0,3.0,0.0,2.4186,1.483,-0.9356,81.801
31.86,236.0,3.0,0.0,2.4186,1.483,-0.9356,81.864
31.87,236.0,3.0,0.0,2.4186,1.4655,-0.9531,81.687
31.88,236.0,3.0,0.0,2.4186,1.4742,-0.9444,81.783
31.89,236.0,3.0,0.0,2.4186,1.4742,-0.9444,81.784
31.9,236.0,3.0,0.0,2.4186,1.4655,-0.9531,81.784
31.91,236.0,3.0,0.0,2.4186,1.4655,-0.9531,81.914
31.92,236.0,3.0,0.0,2.4186,1.4742,-0.9444,81.833
31.93,236.0,3.0,0.0,2.4186,1.483,-0.9356,81.751
31.94,236.0,3.0,0.0,2.4186,1.4742,-0.9444,81.768
31.95,236.0,3.0,0.0,2.4186,1.4742,-0.9444,81.655
31.96,236.0,3.0,0.0,2.4186,1.4742,-0.9444,81.8
31.97,236.0,3.0,0.0,2.4186,1.4742,-0.9444,81.816
31.98,236.0,3.0,0.0,2.4186,1.4742,-0.9444,81.72
31.99,236.0,3.0,0.0,2.4186,1.4742,-0.9444,81.994
32.0,236.0,3.0,0.0,2.4186,1.4742,-0.9444,81.784
32.01,236.0,3.0,0.0,2.4186,1.4742,-0.9444,81.865
32.02,236.0,3.0,0.0,2.4186,1.4742,-0.9444,81.85
32.03,236.0,3.0,0.0,2.4186,1.4742,-0.9444,81.818
32.04,236.0,3.0,0.0,2.4186,1.4742,-0.9444,81.801
32.05,236.0,3.0,0.0,2.4186,1.4655,-0.9531,81.832
32.06,236.0,3.0,0.0,2.4186,1.4742,-0.9444,81.832
32.07,236.0,3.0,0.0,2.4186,1.4742,-0.9444,81.639
32.08,236.0,3.0,0.0,2.4186,1.4655,-0.9531,81.865
32.09,236.0,3.0,0.0,2.4186,1.4655,-0.9531,81.914
32.1,236.0,3.0,0.0,2.4186,1.4742,-0.9444,81.721
32.11,236.0,3.0,0.0,2.4186,1.4655,-0.9531,81.897
32.12,236.0,3.0,0.0,2.4186,1.4655,-0.9531,81.929
32.13,236.0,3.0,0.0,2.4186,1.4655,-0.9531,81.768
32.14,236.0,3.0,0.0,2.4186,1.4655,-0.9531,81.914
32.15,236.0,3.0,0.0,2.4186,1.4567,-0.9619,81.833
32.16,236.0,3.0,0.0,2.4186,1.4567,-0.9619,81.752
32.17,236.0,3.0,0.0,2.4186,1.4567,-0.9619,81.897
32.18,236.0,3.0,0.0,2.4186,1.4567,-0.9619,81.849
32.19,236.0,3.0,0.0,2.4186,1.4567,-0.9619,81.801
32.2,236.0,3.0,0.0,2.4186,1.4567,-0.9619,81.816
32.21,236.0,3.0,0.0,2.4186,1.4567,-0.9619,81.897
32.22,236.0,3.0,0.0,2.4186,1.4655,-0.9531,81.736
32.23,236.0,3.0,0.0,2.4186,1.4567,-0.9619,81.704
32.24,236.0,3.0,0.0,2.4186,1.4567,-0.9619,81.734
32.25,236.0,3.0,0.0,2.4186,1.4567,-0.9619,81.832
32.26,236.0,3.0,0.0,2.4186,1.4567,-0.9619,81.929
32.27,236.0,3.0,0.0,2.4186,1.4567,-0.9619,81.898
32.28,236.0,3.0,0.0,2.4186,1.4655,-0.9531,81.833
32.29,236.0,3.0,0.0,2.4186,1.4655,-0.9531,81.638
32.3,236.0,3.0,0.0,2.4186,1.4655,-0.9531,81.59
32.31,236.0,3.0,0.0,2.4186,1.4655,-0.9531,81.913
32.32,236.0,3.0,0.0,2.4186,1.4655,-0.9531,81.801
32.33,236.0,3.0,0.0,2.4186,1.4655,-0.9531,81.737
32.34,236.0,3.0,0.0,2.4186,1.4655,-0.9531,81.896
32.35,236.0,3.0,0.0,2.4186,1.4742,-0.9444,81.801
32.36,236.0,3.0,0.0,2.4186,1.4742,-0.9444,81.962
32.37,236.0,3.0,0.0,2.4186,1.4655,-0.9531,81.85
32.38,236.0,3.0,0.0,2.4186,1.4655,-0.9531,81.736
32.39,236.0,3.0,0.0,2.4186,1.4742,-0.9444,81.961
32.4,236.0,3.0,0.0,2.4186,1.4742,-0.9444,81.931
32.41,236.0,3.0,0.0,2.4186,1.4742,-0.9444,81.817
32.42,236.0,3.0,0.0,2.4186,1.483,-0.9356,81.703
32.43,236.0,3.0,0.0,2.4186,1.483,-0.9356,81.832
32.44,236.0,3.0,0.0,2.4186,1.4742,-0.9444,81.881
32.45,236.0,3.0,0.0,2.4186,1.4917,-0.9269,81.833
32.46,236.0,3.0,0.0,2.4186,1.483,-0.9356,81.703
32.47,236.0,3.0,0.0,2.4186,1.4742,-0.9444,81.736
32.48,236.0,3.0,0.0,2.4186,1.483,-0.9356,81.639
32.49,236.0,3.0,0.0,2.4186,1.4742,-0.9444,81.848
32.5,236.0,3.0,0.0,2.4186,1.483,-0.9356,81.766
32.51,236.0,3.0,0.0,2.4186,1.4917,-0.9269,81.929
32.52,236.0,3.0,0.0,2.4186,1.483,-0.9356,81.849
32.53,236.0,3.0,0.0,2.4186,1.483,-0.9356,81.817
32.54,236.0,3.0,0.0,2.4186,1.483,-0.9356,81.639
32.55,236.0,3.0,0.0,2.4186,1.483,-0.9356,81.734
32.56,236.0,3.0,0.0,2.4186,1.483,-0.9356,81.995
32.57,236.0,3.0,0.0,2.4186,1.483,-0.9356,81.817
32.58,236.0,3.0,0.0,2.4186,1.483,-0.9356,81.881
32.59,236.0,3.0,0.0,2.4186,1.4742,-0.9444,81.881
32.6,236.0,3.0,0.0,2.4186,1.4742,-0.9444,81.769
32.61,236.0,3.0,0.0,2.4186,1.4742,-0.9444,81.768
32.62,236.0,3.0,0.0,2.4186,1.4655,-0.9531,81.783
32.63,236.0,3.0,0.0,2.4186,1.4655,-0.9531,81.784
32.64,236.0,3.0,0.0,2.4186,1.483,-0.9356,81.817
32.65,236.0,3.0,0.0,2.4186,1.483,-0.9356,81.768
32.66,236.0,3.0,0.0,2.4186,1.4742,-0.9444,81.816
32.67,236.0,3.0,0.0,2.4186,1.483,-0.9356,81.8
32.68,236.0,3.0,0.0,2.4186,1.4655,-0.9531,81.719
32.69,236.0,3.0,0.0,2.4186,1.483,-0.9356,81.75
32.7,236.0,3.0,0.0,2.4186,1.4655,-0.9531,81.785
32.71,236.0,3.0,0.0,2.4186,1.4742,-0.9444,81.752
32.72,236.0,3.0,0.0,2.4186,1.483,-0.9356,81.719
32.73,236.0,3.0,0.0,2.4186,1.4742,-0.9444,81.656
32.74,236.0,3.0,0.0,2.4186,1.4742,-0.9444,81.833
32.75,236.0,3.0,0.0,2.4186,1.483,-0.9356,81.849
32.76,236.0,3.0,0.0,2.4186,1.483,-0.9356,81.767
32.77,236.0,3.0,0.0,2.4186,1.4742,-0.9444,81.768
32.78,236.0,3.0,0.0,2.4186,1.483,-0.9356,81.654
32.79,236.0,3.0,0.0,2.4186,1.483,-0.9356,81.833
32.8,236.0,3.0,0.0,2.4186,1.483,-0.9356,81.849
32.81,236.0,3.0,0.0,2.4186,1.4742,-0.9444,81.978
32.82,236.0,3.0,0.0,2.4186,1.4742,-0.9444,81.85
32.83,236.0,3.0,0.0,2.4186,1.4742,-0.9444,81.767
32.84,236.0,3.0,0.0,2.4186,1.483,-0.9356,81.93
32.85,236.0,3.0,0.0,2.4186,1.4742,-0.9444,81.785
32.86,236.0,3.0,0.0,2.4186,1.483,-0.9356,81.801
32.87,236.0,3.0,0.0,2.4186,1.4742,-0.9444,81.786
32.88,236.0,3.0,0.0,2.4186,1.4742,-0.9444,81.799
32.89,236.0,3.0,0.0,2.4186,1.4742,-0.9444,81.784
32.9,236.0,3.0,0.0,2.4186,1.4655,-0.9531,81.832
32.91,236.0,3.0,0.0,2.4186,1.4742,-0.9444,81.96
32.92,236.0,3.0,0.0,2.4186,1.4742,-0.9444,81.785
32.93,236.0,3.0,0.0,2.4186,1.4742,-0.9444,81.719
32.94,236.0,3.0,0.0,2.4186,1.483,-0.9356,81.898
32.95,236.0,3.0,0.0,2.4186,1.4742,-0.9444,81.849
32.96,236.0,3.0,0.0,2.4186,1.483,-0.9356,81.767
32.97,236.0,3.0,0.0,2.4186,1.483,-0.9356,81.767
32.98,236.0,3.0,0.0,2.4186,1.4742,-0.9444,81.962
32.99,236.0,3.0,0.0,2.4186,1.4742,-0.9444,81.834
33.0,236.0,3.0,0.0,2.4186,1.483,-0.9356,81.818
33.01,236.0,3.0,0.0,2.4186,1.4655,-0.9531,81.816
33.02,236.0,3.0,0.0,2.4186,1.4742,-0.9444,81.638
33.03,236.0,3.0,0.0,2.4186,1.4742,-0.9444,81.751
33.04,236.0,3.0,0.0,2.4186,1.4742,-0.9444,81.898
33.05,236.0,3.0,0.0,2.4186,1.4742,-0.9444,81.914
33.06,236.0,3.0,0.0,2.4186,1.4655,-0.9531,81.914
33.07,236.0,3.0,0.0,2.4186,1.4742,-0.9444,81.817
33.08,236.0,3.0,0.0,2.4186,1.4742,-0.9444,81.864
33.09,236.0,3.0,0.0,2.4186,1.4655,-0.9531,81.768
33.1,236.0,3.0,0.0,2.4186,1.4655,-0.9531,81.768
33.11,236.0,3.0,0.0,2.4186,1.4742,-0.9444,81.913
33.12,236.0,3.0,0.0,2.4186,1.4655,-0.9531,81.72
33.13,236.0,3.0,0.0,2.4186,1.4742,-0.9444,81.766
33.14,236.0,3.0,0.0,2.4186,1.4742,-0.9444,81.88
33.15,236.0,3.0,0.0,2.4186,1.4742,-0.9444,81.753
33.16,236.0,3.0,0.0,2.4186,1.4655,-0.9531,81.865
33.17,236.0,3.0,0.0,2.4186,1.483,-0.9356,81.946
33.18,236.0,3.0,0.0,2.4186,1.483,-0.9356,81.899
33.19,236.0,3.0,0.0,2.4186,1.4742,-0.9444,81.865
33.2,236.0,3.0,0.0,2.4186,1.4742,-0.9444,81.752
33.21,236.0,3.0,0.0,2.4186,1.4742,-0.9444,81.654
33.22,236.0,3.0,0.0,2.4186,1.4742,-0.9444,81.849
33.23,236.0,3.0,0.0,2.4186,1.4742,-0.9444,81.865
33.24,236.0,3.0,0.0,2.4186,1.4655,-0.9531,81.85
33.25,236.0,3.0,0.0,2.4186,1.4742,-0.9444,81.753
33.26,236.0,3.0,0.0,2.4186,1.4655,-0.9531,81.962
33.27,236.0,3.0,0.0,2.4186,1.4742,-0.9444,81.833
33.28,236.0,3.0,0.0,2.4186,1.483,-0.9356,81.736
33.29,236.0,3.0,0.0,2.4186,1.4742,-0.9444,81.8
33.3,236.0,3.0,0.0,2.4186,1.4742,-0.9444,81.88
33.31,236.0,3.0,0.0,2.4186,1.4655,-0.9531,81.88
33.32,236.0,3.0,0.0,2.4186,1.4655,-0.9531,81.85
33.33,236.0,3.0,0.0,2.4186,1.4655,-0.9531,81.768
33.34,236.0,3.0,0.0,2.4186,1.4655,-0.9531,81.848
33.35,236.0,3.0,0.0,2.4186,1.4742,-0.9444,81.817
33.36,236.0,3.0,0.0,2.4186,1.4655,-0.9531,81.896
33.37,236.0,3.0,0.0,2.4186,1.4655,-0.9531,81.896
33.38,236.0,3.0,0.0,2.4186,1.4655,-0.9531,81.59
33.39,236.0,3.0,0.0,2.4186,1.4742,-0.9444,81.849
33.4,236.0,3.0,0.0,2.4186,1.4655,-0.9531,81.769
33.41,236.0,3.0,0.0,2.4186,1.4742,-0.9444,81.882
33.42,236.0,3.0,0.0,2.4186,1.4655,-0.9531,81.72
33.43,236.0,3.0,0.0,2.4186,1.4567,-0.9619,81.881
33.44,236.0,3.0,0.0,2.4186,1.4567,-0.9619,81.945
33.45,236.0,3.0,0.0,2.4186,1.4567,-0.9619,81.67
33.46,236.0,3.0,0.0,2.4186,1.4567,-0.9619,81.864
33.47,236.0,3.0,0.0,2.4186,1.4567,-0.9619,81.703
33.48,236.0,3.0,0.0,2.4186,1.4742,-0.9444,81.896
33.49,236.0,3.0,0.0,2.4186,1.4655,-0.9531,81.929
33.5,236.0,3.0,0.0,2.4186,1.4655,-0.9531,81.622
33.51,236.0,3.0,0.0,2.4186,1.4655,-0.9531,81.994
33.52,236.0,3.0,0.0,2.4186,1.4655,-0.9531,81.752
33.53,236.0,3.0,0.0,2.4186,1.4655,-0.9531,81.784
33.54,236.0,3.0,0.0,2.4186,1.4655,-0.9531,81.832
33.55,236.0,3.0,0.0,2.4186,1.4742,-0.9444,81.817
33.56,236.0,3.0,0.0,2.4186,1.4655,-0.9531,81.976
33.57,236.0,3.0,0.0,2.4186,1.4655,-0.9531,81.848
33.58,236.0,3.0,0.0,2.4186,1.4742,-0.9444,81.834
33.59,236.0,3.0,0.0,2.4186,1.4655,-0.9531,81.688
33.6,236.0,3.0,0.0,2.4186,1.4742,-0.9444,81.672
33.61,236.0,3.0,0.0,2.4186,1.4742,-0.9444,81.816
33.62,236.0,3.0,0.0,2.4186,1.483,-0.9356,81.977
33.63,236.0,3.0,0.0,2.4186,1.4742,-0.9444,81.654
33.64,236.0,3.0,0.0,2.4186,1.4742,-0.9444,81.766
33.65,236.0,3.0,0.0,2.4186,1.4742,-0.9444,81.72
33.66,236.0,3.0,0.0,2.4186,1.483,-0.9356,81.801
33.67,236.0,3.0,0.0,2.4186,1.483,-0.9356,81.833
33.68,236.0,3.0,0.0,2.4186,1.4917,-0.9269,81.865
33.69,236.0,3.0,0.0,2.4186,1.4917,-0.9269,81.622
33.7,236.0,3.0,0.0,2.4186,1.483,-0.9356,81.752
33.71,236.0,3.0,0.0,2.4186,1.4917,-0.9269,81.752
33.72,236.0,3.0,0.0,2.4186,1.483,-0.9356,81.672
33.73,236.0,3.0,0.0,2.4186,1.4917,-0.9269,81.638
33.74,236.0,3.0,0.0,2.4186,1.4742,-0.9444,81.799
33.75,236.0,3.0,0.0,2.4186,1.483,-0.9356,81.93
33.76,236.0,3.0,0.0,2.4186,1.4742,-0.9444,81.897
33.77,236.0,3.0,0.0,2.4186,1.4742,-0.9444,81.817
33.78,236.0,3.0,0.0,2.4186,1.4655,-0.9531,81.801
33.79,236.0,3.0,0.0,2.4186,1.4742,-0.9444,81.833
33.8,236.0,3.0,0.0,2.4186,1.4742,-0.9444,81.848
33.81,236.0,3.0,0.0,2.4186,1.4742,-0.9444,81.735
33.82,236.0,3.0,0.0,2.4186,1.4742,-0.9444,81.799
33.83,236.0,3.0,0.0,2.4186,1.4742,-0.9444,81.881
33.84,236.0,3.0,0.0,2.4186,1.4742,-0.9444,81.687
33.85,236.0,3.0,0.0,2.4186,1.4742,-0.9444,82.011
33.86,236.0,3.0,0.0,2.4186,1.4742,-0.9444,81.865
33.87,236.0,3.0,0.0,2.4186,1.4742,-0.9444,81.703
33.88,236.0,3.0,0.0,2.4186,1.4742,-0.9444,81.816
33.89,236.0,3.0,0.0,2.4186,1.4742,-0.9444,81.784
33.9,236.0,3.0,0.0,2.4186,1.4742,-0.9444,81.736
33.91,236.0,3.0,0.0,2.4186,1.4742,-0.9444,81.897
33.92,236.0,3.0,0.0,2.4186,1.4655,-0.9531,81.851
33.93,236.0,3.0,0.0,2.4186,1.4742,-0.9444,81.719
33.94,236.0,3.0,0.0,2.4186,1.4742,-0.9444,81.783
33.95,236.0,3.0,0.0,2.4186,1.4742,-0.9444,81.847
33.96,236.0,3.0,0.0,2.4186,1.4742,-0.9444,81.736
33.97,236.0,3.0,0.0,2.4186,1.4742,-0.9444,81.704
33.98,236.0,3.0,0.0,2.4186,1.4742,-0.9444,81.734
33.99,236.0,3.0,0.0,2.4186,1.4742,-0.9444,81.847
34.0,236.0,3.0,0.0,2.4186,1.4742,-0.9444,81.833
34.01,236.0,3.0,0.0,2.4186,1.4742,-0.9444,81.913
34.02,236.0,3.0,0.0,2.4186,1.4742,-0.9444,81.898
34.03,236.0,3.0,0.0,2.4186,1.4742,-0.9444,81.817
34.04,236.0,3.0,0.0,2.4186,1.483,-0.9356,81.639
34.05,236.0,3.0,0.0,2.4186,1.4742,-0.9444,81.801
34.06,236.0,3.0,0.0,2.4186,1.4742,-0.9444,81.848
34.07,236.0,3.0,0.0,2.4186,1.4742,-0.9444,81.686
34.08,236.0,3.0,0.0,2.4186,1.4742,-0.9444,81.816
34.09,236.0,3.0,0.0,2.4186,1.4742,-0.9444,81.831
34.1,236.0,3.0,0.0,2.4186,1.4742,-0.9444,81.704
34.11,236.0,3.0,0.0,2.4186,1.4742,-0.9444,81.638
34.12,236.0,3.0,0.0,2.4186,1.483,-0.9356,81.962
34.13,236.0,3.0,0.0,2.4186,1.483,-0.9356,81.849
34.14,236.0,3.0,0.0,2.4186,1.4742,-0.9444,81.864
34.15,236.0,3.0,0.0,2.4186,1.483,-0.9356,81.818
34.16,236.0,3.0,0.0,2.4186,1.483,-0.9356,81.8
34.17,236.0,3.0,0.0,2.4186,1.4742,-0.9444,81.864
34.18,236.0,3.0,0.0,2.4186,1.4742,-0.9444,81.655
34.19,236.0,3.0,0.0,2.4186,1.4742,-0.9444,82.075
34.2,236.0,3.0,0.0,2.4186,1.483,-0.9356,81.687
34.21,236.0,3.0,0.0,2.4186,1.4742,-0.9444,81.687
34.22,236.0,3.0,0.0,2.4186,1.4742,-0.9444,81.638
34.23,236.0,3.0,0.0,2.4186,1.4742,-0.9444,81.897
34.24,236.0,3.0,0.0,2.4186,1.483,-0.9356,81.849
34.25,236.0,3.0,0.0,2.4186,1.4742,-0.9444,81.995
34.26,236.0,3.0,0.0,2.4186,1.4742,-0.9444,81.817
34.27,236.0,3.0,0.0,2.4186,1.4742,-0.9444,81.994
34.28,236.0,3.0,0.0,2.4186,1.483,-0.9356,81.801
34.29,236.0,3.0,0.0,2.4186,1.483,-0.9356,81.753
34.3,236.0,3.0,0.0,2.4186,1.4742,-0.9444,81.768
34.31,236.0,3.0,0.0,2.4186,1.483,-0.9356,81.816
34.32,236.0,3.0,0.0,2.4186,1.4742,-0.9444,81.703
34.33,236.0,3.0,0.0,2.4186,1.4742,-0.9444,81.702
34.34,236.0,3.0,0.0,2.4186,1.4742,-0.9444,81.735
34.35,236.0,3.0,0.0,2.4186,1.4742,-0.9444,81.622
34.36,236.0,3.0,0.0,2.4186,1.4742,-0.9444,81.752
34.37,236.0,3.0,0.0,2.4186,1.4742,-0.9444,81.737
34.38,236.0,3.0,0.0,2.4186,1.4742,-0.9444,81.832
34.39,236.0,3.0,0.0,2.4186,1.4742,-0.9444,81.865
34.4,236.0,3.0,0.0,2.4186,1.4742,-0.9444,81.752
34.41,236.0,3.0,0.0,2.4186,1.4742,-0.9444,81.832
34.42,236.0,3.0,0.0,2.4186,1.4742,-0.9444,81.719
34.43,236.0,3.0,0.0,2.4186,1.483,-0.9356,81.817
34.44,236.0,3.0,0.0,2.4186,1.4742,-0.9444,81.783
34.45,236.0,3.0,0.0,2.4186,1.4742,-0.9444,81.994
34.46,236.0,3.0,0.0,2.4186,1.4742,-0.9444,81.833
34.47,236.0,3.0,0.0,2.4186,1.483,-0.9356,81.703
34.48,236.0,3.0,0.0,2.4186,1.4742,-0.9444,81.735
34.49,236.0,3.0,0.0,2.4186,1.4742,-0.9444,81.8
34.5,236.0,3.0,0.0,2.4186,1.4742,-0.9444,81.881
34.51,236.0,3.0,0.0,2.4186,1.4742,-0.9444,81.93
34.52,236.0,3.0,0.0,2.4186,1.4742,-0.9444,81.671
34.53,236.0,3.0,0.0,2.4186,1.4742,-0.9444,81.783
34.54,236.0,3.0,0.0,2.4186,1.4742,-0.9444,81.768
34.55,236.0,3.0,0.0,2.4186,1.4742,-0.9444,81.832
34.56,236.0,3.0,0.0,2.4186,1.4742,-0.9444,81.801
34.57,236.0,3.0,0.0,2.4186,1.4742,-0.9444,81.912
34.58,236.0,3.0,0.0,2.4186,1.4742,-0.9444,81.866
34.59,236.0,3.0,0.0,2.4186,1.4742,-0.9444,81.801
34.6,236.0,3.0,0.0,2.4186,1.4742,-0.9444,81.574
34.61,236.0,3.0,0.0,2.4186,1.4655,-0.9531,81.897
34.62,236.0,3.0,0.0,2.4186,1.4742,-0.9444,81.817
34.63,236.0,3.0,0.0,2.4186,1.4567,-0.9619,81.978
34.64,236.0,3.0,0.0,2.4186,1.4742,-0.9444,81.898
34.65,236.0,3.0,0.0,2.4186,1.4742,-0.9444,81.816
34.66,236.0,3.0,0.0,2.4186,1.4742,-0.9444,81.768
34.67,236.0,3.0,0.0,2.4186,1.4742,-0.9444,81.753
34.68,236.0,3.0,0.0,2.4186,1.4742,-0.9444,81.735
34.69,236.0,3.0,0.0,2.4186,1.4742,-0.9444,81.866
34.7,236.0,3.0,0.0,2.4186,1.4742,-0.9444,81.737
34.71,236.0,3.0,0.0,2.4186,1.4742,-0.9444,81.671
34.72,236.0,3.0,0.0,2.4186,1.483,-0.9356,81.832
34.73,236.0,3.0,0.0,2.4186,1.4742,-0.9444,81.929
34.74,236.0,3.0,0.0,2.4186,1.4742,-0.9444,81.784
34.75,236.0,3.0,0.0,2.4186,1.4655,-0.9531,81.752
34.76,236.0,3.0,0.0,2.4186,1.4742,-0.9444,81.93
34.77,236.0,3.0,0.0,2.4186,1.4742,-0.9444,81.898
34.78,236.0,3.0,0.0,2.4186,1.4742,-0.9444,81.736
34.79,236.0,3.0,0.0,2.4186,1.4742,-0.9444,81.945
34.8,236.0,3.0,0.0,2.4186,1.4742,-0.9444,81.915
34.81,236.0,3.0,0.0,2.4186,1.4742,-0.9444,81.768
34.82,236.0,3.0,0.0,2.4186,1.4742,-0.9444,81.881
34.83,236.0,3.0,0.0,2.4186,1.4655,-0.9531,81.833
34.84,236.0,3.0,0.0,2.4186,1.4742,-0.9444,81.847
34.85,236.0,3.0,0.0,2.4186,1.4742,-0.9444,81.833
34.86,236.0,3.0,0.0,2.4186,1.4655,-0.9531,81.752
34.87,236.0,3.0,0.0,2.4186,1.4742,-0.9444,81.783
34.88,236.0,3.0,0.0,2.4186,1.4742,-0.9444,81.897
34.89,236.0,3.0,0.0,2.4186,1.483,-0.9356,81.816
34.9,236.0,3.0,0.0,2.4186,1.4742,-0.9444,81.606
34.91,236.0,3.0,0.0,2.4186,1.4742,-0.9444,81.88
34.92,236.0,3.0,0.0,2.4186,1.4742,-0.9444,81.88
34.93,236.0,3.0,0.0,2.4186,1.4742,-0.9444,81.833
34.94,236.0,3.0,0.0,2.4186,1.4742,-0.9444,81.864
34.95,236.0,3.0,0.0,2.4186,1.4742,-0.9444,81.767
34.96,236.0,3.0,0.0,2.4186,1.4742,-0.9444,81.832
34.97,236.0,3.0,0.0,2.4186,1.4742,-0.9444,81.913
34.98,236.0,3.0,0.0,2.4186,1.4742,-0.9444,81.721
34.99,236.0,3.0,0.0,2.4186,1.4742,-0.9444,81.848
35.0,236.0,3.0,0.0,2.4186,1.4655,-0.9531,81.817
35.01,236.0,3.0,0.0,2.4186,1.4742,-0.9444,81.8
35.02,236.0,3.0,0.0,2.4186,1.4742,-0.9444,81.753
35.03,236.0,3.0,0.0,2.4186,1.4742,-0.9444,81.737
35.04,236.0,3.0,0.0,2.4186,1.4742,-0.9444,81.945
35.05,236.0,3.0,0.0,2.4186,1.4742,-0.9444,81.704
35.06,236.0,3.0,0.0,2.4186,1.4742,-0.9444,81.832
35.07,236.0,3.0,0.0,2.4186,1.4742,-0.9444,81.735
35.08,236.0,3.0,0.0,2.4186,1.4742,-0.9444,81.736
35.09,236.0,3.0,0.0,2.4186,1.4742,-0.9444,81.799
35.1,236.0,3.0,0.0,2.4186,1.4742,-0.9444,81.848
35.11,236.0,3.0,0.0,2.4186,1.4742,-0.9444,81.654
35.12,236.0,3.0,0.0,2.4186,1.4742,-0.9444,81.752
35.13,236.0,3.0,0.0,2.4186,1.4742,-0.9444,81.752
35.14,236.0,3.0,0.0,2.4186,1.4742,-0.9444,81.72
35.15,236.0,3.0,0.0,2.4186,1.4742,-0.9444,81.783
35.16,236.0,3.0,0.0,2.4186,1.4655,-0.9531,81.768
35.17,236.0,3.0,0.0,2.4186,1.4742,-0.9444,81.703
35.18,236.0,3.0,0.0,2.4186,1.4655,-0.9531,81.751
35.19,236.0,3.0,0.0,2.4186,1.4742,-0.9444,81.816
35.2,236.0,3.0,0.0,2.4186,1.4742,-0.9444,81.752
35.21,236.0,3.0,0.0,2.4186,1.4742,-0.9444,81.719
35.22,236.0,3.0,0.0,2.4186,1.4742,-0.9444,81.816
35.23,236.0,3.0,0.0,2.4186,1.4742,-0.9444,81.833
35.24,236.0,3.0,0.0,2.4186,1.4655,-0.9531,81.816
35.25,236.0,3.0,0.0,2.4186,1.4742,-0.9444,81.896
35.26,236.0,3.0,0.0,2.4186,1.4742,-0.9444,81.977
35.27,236.0,3.0,0.0,2.4186,1.4742,-0.9444,81.767
35.28,236.0,3.0,0.0,2.4186,1.4655,-0.9531,81.8
35.29,236.0,3.0,0.0,2.4186,1.4742,-0.9444,81.785
35.3,236.0,3.0,0.0,2.4186,1.4742,-0.9444,81.863
35.31,236.0,3.0,0.0,2.4186,1.4655,-0.9531,81.88
35.32,236.0,3.0,0.0,2.4186,1.4742,-0.9444,81.881
35.33,236.0,3.0,0.0,2.4186,1.4742,-0.9444,81.832
35.34,236.0,3.0,0.0,2.4186,1.4742,-0.9444,81.848
35.35,236.0,3.0,0.0,2.4186,1.4742,-0.9444,81.736
35.36,236.0,3.0,0.0,2.4186,1.4742,-0.9444,81.736
35.37,236.0,3.0,0.0,2.4186,1.483,-0.9356,81.8
35.38,236.0,3.0,0.0,2.4186,1.4742,-0.9444,81.994
35.39,236.0,3.0,0.0,2.4186,1.4655,-0.9531,81.849
35.4,236.0,3.0,0.0,2.4186,1.4742,-0.9444,81.769
35.41,236.0,3.0,0.0,2.4186,1.4742,-0.9444,81.816
35.42,236.0,3.0,0.0,2.4186,1.4655,-0.9531,81.832
35.43,236.0,3.0,0.0,2.4186,1.4655,-0.9531,81.864
35.44,236.0,3.0,0.0,2.4186,1.4655,-0.9531,81.881
35.45,236.0,3.0,0.0,2.4186,1.4742,-0.9444,81.753
35.46,236.0,3.0,0.0,2.4186,1.4742,-0.9444,81.896
35.47,236.0,3.0,0.0,2.4186,1.4742,-0.9444,81.897
35.48,236.0,3.0,0.0,2.4186,1.483,-0.9356,81.686
35.49,236.0,3.0,0.0,2.4186,1.4742,-0.9444,81.929
35.5,236.0,3.0,0.0,2.4186,1.4742,-0.9444,81.768
35.51,236.0,3.0,0.0,2.4186,1.4742,-0.9444,81.897
35.52,236.0,3.0,0.0,2.4186,1.4742,-0.9444,81.866
35.53,236.0,3.0,0.0,2.4186,1.4742,-0.9444,81.785
35.54,236.0,3.0,0.0,2.4186,1.4742,-0.9444,81.848
35.55,236.0,3.0,0.0,2.4186,1.4742,-0.9444,81.833
35.56,236.0,3.0,0.0,2.4186,1.4742,-0.9444,81.801
35.57,236.0,3.0,0.0,2.4186,1.4742,-0.9444,81.753
35.58,236.0,3.0,0.0,2.4186,1.4742,-0.9444,81.782
35.59,236.0,3.0,0.0,2.4186,1.4742,-0.9444,81.88
35.6,236.0,3.0,0.0,2.4186,1.4742,-0.9444,81.686
35.61,236.0,3.0,0.0,2.4186,1.483,-0.9356,81.816
35.62,236.0,3.0,0.0,2.4186,1.483,-0.9356,81.865
35.63,236.0,3.0,0.0,2.4186,1.4742,-0.9444,81.913
35.64,236.0,3.0,0.0,2.4186,1.4655,-0.9531,81.865
35.65,236.0,3.0,0.0,2.4186,1.4742,-0.9444,81.817
35.66,236.0,3.0,0.0,2.4186,1.4742,-0.9444,81.639
35.67,236.0,3.0,0.0,2.4186,1.4742,-0.9444,81.881
35.68,236.0,3.0,0.0,2.4186,1.4742,-0.9444,81.8
35.69,236.0,3.0,0.0,2.4186,1.483,-0.9356,81.912
35.7,236.0,3.0,0.0,2.4186,1.4742,-0.9444,81.8
35.71,236.0,3.0,0.0,2.4186,1.4742,-0.9444,81.848
35.72,236.0,3.0,0.0,2.4186,1.4655,-0.9531,81.801
35.73,236.0,3.0,0.0,2.4186,1.4742,-0.9444,81.719
35.74,236.0,3.0,0.0,2.4186,1.4655,-0.9531,81.88
35.75,236.0,3.0,0.0,2.4186,1.4742,-0.9444,81.751
35.76,236.0,3.0,0.0,2.4186,1.4655,-0.9531,81.928
35.77,236.0,3.0,0.0,2.4186,1.4655,-0.9531,81.752
35.78,236.0,3.0,0.0,2.4186,1.4742,-0.9444,81.75
35.79,236.0,3.0,0.0,2.4186,1.4742,-0.9444,81.751
35.8,236.0,3.0,0.0,2.4186,1.483,-0.9356,81.751
35.81,236.0,3.0,0.0,2.4186,1.4742,-0.9444,81.962
35.82,236.0,3.0,0.0,2.4186,1.483,-0.9356,81.947
35.83,236.0,3.0,0.0,2.4186,1.483,-0.9356,81.817
35.84,236.0,3.0,0.0,2.4186,1.483,-0.9356,81.43
35.85,236.0,3.0,0.0,2.4186,1.8331,-0.5855,0.649
35.86,8.0,0.0,6.0,51.7578,3.9601,-47.7977,0.269
35.87,8.0,0.0,6.0,51.7578,10.6737,-41.0841,-1.009
35.88,8.0,0.0,6.0,51.7578,18.2451,-33.5127,-1.023
35.89,8.0,0.0,6.0,51.7578,25.3088,-26.449,-0.217
35.9,8.0,0.0,6.0,51.7578,32.5038,-19.254,-1.025
35.91,8.0,0.0,6.0,51.7578,39.5238,-12.234,-0.7
35.92,8.0,0.0,6.0,51.7578,46.7538,-5.004,-0.716
35.93,8.0,0.0,6.0,51.7578,53.2311,1.4733,-0.588
35.94,8.0,0.0,6.0,51.7578,54.0188,2.261,-0.651
35.95,8.0,0.0,6.0,51.7578,54.1326,2.3748,-0.636
35.96,8.0,0.0,6.0,51.7578,54.1589,2.4011,-0.571
35.97,8.0,0.0,6.0,51.7578,54.1676,2.4098,-0.538
35.98,8.0,0.0,6.0,51.7578,54.1589,2.4011,-0.555
35.99,8.0,0.0,6.0,51.7578,54.1676,2.4098,-0.555
36.0,8.0,0.0,6.0,51.7578,54.1852,2.4274,-0.602
36.01,8.0,0.0,6.0,51.7578,54.1939,2.4361,-0.524
36.02,8.0,0.0,6.0,51.7578,54.1939,2.4361,-0.668
36.03,8.0,0.0,6.0,51.7578,54.1764,2.4186,-0.91
36.04,8.0,0.0,6.0,51.7578,54.1676,2.4098,-0.556
36.05,8.0,0.0,6.0,51.7578,54.1501,2.3923,-0.555
36.06,8.0,0.0,6.0,51.7578,54.1501,2.3923,-0.635
36.07,8.0,0.0,6.0,51.7578,54.1589,2.4011,-0.651
36.08,8.0,0.0,6.0,51.7578,54.1676,2.4098,-0.766
36.09,8.0,0.0,6.0,51.7578,54.1852,2.4274,-0.572
36.1,5.0,3.0,0.0,52.407,54.1764,1.7694,-0.619
36.11,5.0,3.0,0.0,52.407,54.1852,1.7782,-0.7
36.12,5.0,3.0,0.0,52.407,54.1939,1.7869,-0.49
36.13,5.0,3.0,0.0,52.407,54.2114,1.8044,-0.602
36.14,5.0,3.0,0.0,52.407,54.2027,1.7957,-0.54
36.15,5.0,3.0,0.0,52.407,54.1939,1.7869,-0.619
36.16,5.0,3.0,0.0,52.407,54.1501,1.7431,-0.65
36.17,5.0,3.0,0.0,52.407,54.1414,1.7344,-0.749
36.18,5.0,3.0,0.0,52.407,54.1589,1.7519,-0.619
36.19,5.0,3.0,0.0,52.407,54.1852,1.7782,-0.571
36.2,5.0,3.0,0.0,52.407,54.2027,1.7957,-0.668
36.21,5.0,3.0,0.0,52.407,54.1939,1.7869,-0.49
36.22,5.0,3.0,0.0,52.407,54.1852,1.7782,-0.62
36.23,5.0,3.0,0.0,52.407,54.1852,1.7782,-0.732
36.24,5.0,3.0,0.0,52.407,54.2027,1.7957,-0.635
36.25,5.0,3.0,0.0,52.407,54.2027,1.7957,-0.508
36.26,5.0,3.0,0.0,52.407,54.1852,1.7782,-0.539
36.27,5.0,3.0,0.0,52.407,54.1589,1.7519,-0.667
36.28,5.0,3.0,0.0,52.407,54.1414,1.7344,-0.733
36.29,5.0,3.0,0.0,52.407,54.1676,1.7606,-0.506
36.3,5.0,3.0,0.0,52.407,54.1939,1.7869,-0.571
36.31,5.0,3.0,0.0,52.407,54.2114,1.8044,-0.603
36.32,5.0,3.0,0.0,52.407,54.2027,1.7957,-0.669
36.33,5.0,3.0,0.0,52.407,54.1939,1.7869,-0.556
36.34,5.0,3.0,0.0,52.407,54.2027,1.7957,-0.604
36.35,5.0,3.0,0.0,52.407,54.2202,1.8132,-0.556
36.36,5.0,3.0,0.0,52.407,54.2114,1.8044,-0.538
36.37,5.0,3.0,0.0,52.407,54.1852,1.7782,-0.523
36.38,5.0,3.0,0.0,52.407,54.1589,1.7519,-0.684
36.39,5.0,3.0,0.0,52.407,54.1676,1.7606,-0.507
36.4,5.0,3.0,0.0,52.407,54.1852,1.7782,-0.476
36.41,5.0,3.0,0.0,52.407,54.2114,1.8044,-0.587
36.42,5.0,3.0,0.0,52.407,54.2114,1.8044,-0.491
36.43,5.0,3.0,0.0,52.407,54.1939,1.7869,-0.603
36.44,5.0,3.0,0.0,52.407,54.1939,1.7869,-0.587
36.45,5.0,3.0,0.0,52.407,54.2027,1.7957,-0.652
36.46,5.0,3.0,0.0,52.407,54.2114,1.8044,-0.444
36.47,5.0,3.0,0.0,52.407,54.2027,1.7957,-0.538
36.48,5.0,3.0,0.0,52.407,54.1852,1.7782,-0.604
36.49,5.0,3.0,0.0,52.407,54.1852,1.7782,-0.523
36.5,5.0,3.0,0.0,52.407,54.1852,1.7782,-0.684
36.51,5.0,3.0,0.0,52.407,54.1852,1.7782,-0.556
36.52,5.0,3.0,0.0,52.407,54.1939,1.7869,-0.538
36.53,5.0,3.0,0.0,52.407,54.2027,1.7957,-0.586
36.54,5.0,3.0,0.0,52.407,54.2027,1.7957,-0.556
36.55,5.0,3.0,0.0,52.407,54.2027,1.7957,-0.57
36.56,5.0,3.0,0.0,52.407,54.2027,1.7957,-0.652
36.57,5.0,3.0,0.0,52.407,54.2027,1.7957,-0.636
36.58,5.0,3.0,0.0,52.407,54.1939,1.7869,-0.556
36.59,5.0,3.0,0.0,52.407,54.1939,1.7869,-0.586
36.6,5.0,3.0,0.0,52.407,54.1852,1.7782,-0.54
36.61,5.0,3.0,0.0,52.407,54.1939,1.7869,-0.602
36.62,5.0,3.0,0.0,52.407,54.1939,1.7869,-0.619
36.63,5.0,3.0,0.0,52.407,54.2027,1.7957,-0.65
36.64,5.0,3.0,0.0,52.407,54.2027,1.7957,-0.571
36.65,5.0,3.0,0.0,52.407,54.2027,1.7957,-0.49
36.66,5.0,3.0,0.0,52.407,54.1939,1.7869,-0.441
36.67,5.0,3.0,0.0,52.407,54.1939,1.7869,-0.376
36.68,5.0,3.0,0.0,52.407,54.1939,1.7869,-0.602
36.69,5.0,3.0,0.0,52.407,54.2027,1.7957,-0.507
36.7,5.0,3.0,0.0,52.407,54.1852,1.7782,-0.506
36.71,5.0,3.0,0.0,52.407,54.1852,1.7782,-0.409
36.72,5.0,3.0,0.0,52.407,54.1852,1.7782,-0.41
36.73,5.0,3.0,0.0,52.407,54.1852,1.7782,-0.652
36.74,5.0,3.0,0.0,52.407,54.1939,1.7869,-0.556
36.75,5.0,3.0,0.0,52.407,54.2027,1.7957,-0.621
36.76,5.0,3.0,0.0,52.407,54.2027,1.7957,-0.556
36.77,5.0,3.0,0.0,52.407,54.2027,1.7957,-0.57
36.78,5.0,3.0,0.0,52.407,54.1939,1.7869,-0.425
36.79,5.0,3.0,0.0,52.407,54.2027,1.7957,-0.394
36.8,5.0,3.0,0.0,52.407,54.2114,1.8044,-0.457
36.81,5.0,3.0,0.0,52.407,54.1939,1.7869,-0.684
36.82,5.0,3.0,0.0,52.407,54.1939,1.7869,-0.522
36.83,5.0,3.0,0.0,52.407,54.1764,1.7694,-0.49
36.84,5.0,3.0,0.0,52.407,54.1764,1.7694,-0.458
36.85,5.0,3.0,0.0,52.407,54.1852,1.7782,-0.62
36.86,5.0,3.0,0.0,52.407,54.1939,1.7869,-0.587
36.87,5.0,3.0,0.0,52.407,54.2027,1.7957,-0.619
36.88,5.0,3.0,0.0,52.407,54.2114,1.8044,-0.684
36.89,5.0,3.0,0.0,52.407,54.2027,1.7957,-0.49
36.9,5.0,3.0,0.0,52.407,54.2027,1.7957,-0.522
36.91,5.0,3.0,0.0,52.407,54.2027,1.7957,-0.491
36.92,5.0,3.0,0.0,52.407,54.2027,1.7957,-0.523
36.93,236.0,0.0,15.0,2.4186,54.1414,51.7228,-0.62
36.94,236.0,0.0,15.0,2.4186,51.1653,48.7467,-0.41
36.95,236.0,0.0,15.0,2.4186,43.4189,41.0003,-0.537
36.96,236.0,0.0,15.0,2.4186,36.1976,33.779,-0.553
36.97,236.0,0.0,15.0,2.4186,29.0289,26.6103,-0.377
36.98,236.0,0.0,15.0,2.4186,21.6325,19.2139,-0.569
36.99,236.0,0.0,15.0,2.4186,14.4463,12.0277,-0.46
37.0,236.0,0.0,15.0,2.4186,6.8136,4.395,-0.238
37.01,236.0,0.0,15.0,2.4186,2.4546,0.036,48.587
37.02,236.0,0.0,15.0,2.4186,1.4217,-0.9969,84.053
37.03,236.0,0.0,15.0,2.4186,1.4392,-0.9794,78.14
37.04,236.0,0.0,15.0,2.4186,1.4392,-0.9794,82.74
37.05,236.0,0.0,15.0,2.4186,1.4392,-0.9794,82.58
37.06,236.0,0.0,15.0,2.4186,1.4392,-0.9794,81.445
37.07,236.0,0.0,15.0,2.4186,1.4392,-0.9794,83.085
37.08,236.0,0.0,15.0,2.4186,1.448,-0.9706,82.191
37.09,236.0,0.0,15.0,2.4186,1.4567,-0.9619,81.085
37.1,236.0,0.0,15.0,2.4186,1.4567,-0.9619,81.783
37.11,236.0,0.0,15.0,2.4186,1.448,-0.9706,82.531
37.12,236.0,0.0,15.0,2.4186,1.4567,-0.9619,82.905
37.13,236.0,0.0,15.0,2.4186,1.4567,-0.9619,82.661
37.14,236.0,0.0,15.0,2.4186,1.4655,-0.9531,82.123
37.15,236.0,0.0,15.0,2.4186,1.4655,-0.9531,81.604
37.16,236.0,0.0,15.0,2.4186,1.4655,-0.9531,82.659
37.17,236.0,2.0,5.0,2.4186,1.4567,-0.9619,83.47
37.18,236.0,3.0,0.0,2.4186,1.4655,-0.9531,82.642
37.19,236.0,3.0,0.0,2.4186,1.4655,-0.9531,81.731
37.2,236.0,3.0,0.0,2.4186,1.4742,-0.9444,82.431
37.21,236.0,3.0,0.0,2.4186,1.4742,-0.9444,83.114
37.22,236.0,3.0,0.0,2.4186,1.4655,-0.9531,82.839
37.23,236.0,3.0,0.0,2.4186,1.4655,-0.9531,82.318
37.24,236.0,3.0,0.0,2.4186,1.4742,-0.9444,82.221
37.25,236.0,3.0,0.0,2.4186,1.4742,-0.9444,82.333
37.26,236.0,3.0,0.0,2.4186,1.4742,-0.9444,82.334
37.27,236.0,3.0,0.0,2.4186,1.4742,-0.9444,83.047
37.28,236.0,3.0,0.0,2.4186,1.4655,-0.9531,82.821
37.29,236.0,3.0,0.0,2.4186,1.4742,-0.9444,82.286
37.3,236.0,3.0,0.0,2.4186,1.4742,-0.9444,82.17
37.31,236.0,3.0,0.0,2.4186,1.4742,-0.9444,82.886
37.32,236.0,3.0,0.0,2.4186,1.4742,-0.9444,82.918
37.33,236.0,3.0,0.0,2.4186,1.4567,-0.9619,82.463
37.34,236.0,3.0,0.0,2.4186,1.4742,-0.9444,82.334
37.35,236.0,3.0,0.0,2.4186,1.4742,-0.9444,82.269
37.36,236.0,3.0,0.0,2.4186,1.4742,-0.9444,82.706
37.37,236.0,3.0,0.0,2.4186,1.4655,-0.9531,82.737
37.38,236.0,3.0,0.0,2.4186,1.4742,-0.9444,82.691
37.39,236.0,3.0,0.0,2.4186,1.4655,-0.9531,82.577
37.4,236.0,3.0,0.0,2.4186,1.4742,-0.9444,82.381
37.41,236.0,3.0,0.0,2.4186,1.4742,-0.9444,82.334
37.42,236.0,3.0,0.0,2.4186,1.4655,-0.9531,82.787
37.43,236.0,3.0,0.0,2.4186,1.4742,-0.9444,82.74
37.44,236.0,3.0,0.0,2.4186,1.4655,-0.9531,82.496
37.45,236.0,3.0,0.0,2.4186,1.4742,-0.9444,82.301
37.46,236.0,3.0,0.0,2.4186,1.4742,-0.9444,82.463
37.47,236.0,3.0,0.0,2.4186,1.4742,-0.9444,82.74
37.48,236.0,3.0,0.0,2.4186,1.4655,-0.9531,82.48
37.49,236.0,3.0,0.0,2.4186,1.4742,-0.9444,82.35
37.5,236.0,3.0,0.0,2.4186,1.4742,-0.9444,82.334
37.51,236.0,3.0,0.0,2.4186,1.4742,-0.9444,82.706
37.52,236.0,3.0,0.0,2.4186,1.4742,-0.9444,82.496
37.53,236.0,3.0,0.0,2.4186,1.4742,-0.9444,82.399
37.54,236.0,3.0,0.0,2.4186,1.4742,-0.9444,82.511
37.55,236.0,3.0,0.0,2.4186,1.4742,-0.9444,82.398
37.56,236.0,3.0,0.0,2.4186,1.4742,-0.9444,82.463
37.57,236.0,3.0,0.0,2.4186,1.4655,-0.9531,82.674
37.58,236.0,3.0,0.0,2.4186,1.4655,-0.9531,82.61
37.59,236.0,3.0,0.0,2.4186,1.4742,-0.9444,82.595
37.6,236.0,3.0,0.0,2.4186,1.4655,-0.9531,82.172
37.61,236.0,3.0,0.0,2.4186,1.4742,-0.9444,82.382
37.62,236.0,3.0,0.0,2.4186,1.4742,-0.9444,82.691
37.63,236.0,3.0,0.0,2.4186,1.4655,-0.9531,82.545
37.64,236.0,3.0,0.0,2.4186,1.4742,-0.9444,82.463
37.65,236.0,3.0,0.0,2.4186,1.4742,-0.9444,82.448
37.66,236.0,3.0,0.0,2.4186,1.4742,-0.9444,82.512
37.67,236.0,3.0,0.0,2.4186,1.4742,-0.9444,82.432
37.68,236.0,3.0,0.0,2.4186,1.483,-0.9356,82.529
37.69,236.0,3.0,0.0,2.4186,1.4742,-0.9444,82.543
37.7,236.0,3.0,0.0,2.4186,1.4742,-0.9444,82.413
37.71,236.0,3.0,0.0,2.4186,1.4742,-0.9444,82.559
37.72,236.0,3.0,0.0,2.4186,1.4742,-0.9444,82.513
37.73,236.0,3.0,0.0,2.4186,1.4655,-0.9531,82.593
37.74,236.0,3.0,0.0,2.4186,1.4655,-0.9531,82.432
37.75,236.0,3.0,0.0,2.4186,1.4742,-0.9444,82.415
37.76,236.0,3.0,0.0,2.4186,1.4742,-0.9444,82.576
37.77,236.0,3.0,0.0,2.4186,1.4655,-0.9531,82.56
37.78,236.0,3.0,0.0,2.4186,1.4742,-0.9444,82.285
37.79,236.0,3.0,0.0,2.4186,1.4655,-0.9531,82.48
37.8,236.0,3.0,0.0,2.4186,1.4742,-0.9444,82.432
37.81,236.0,3.0,0.0,2.4186,1.4742,-0.9444,82.463
37.82,236.0,3.0,0.0,2.4186,1.4742,-0.9444,82.512
37.83,236.0,3.0,0.0,2.4186,1.4655,-0.9531,82.318
37.84,236.0,3.0,0.0,2.4186,1.4742,-0.9444,82.675
37.85,236.0,3.0,0.0,2.4186,1.483,-0.9356,82.285
37.86,236.0,3.0,0.0,2.4186,1.4742,-0.9444,82.495
37.87,236.0,3.0,0.0,2.4186,1.483,-0.9356,82.674
37.88,236.0,3.0,0.0,2.4186,1.483,-0.9356,82.561
37.89,236.0,3.0,0.0,2.4186,1.4742,-0.9444,82.48
37.9,236.0,3.0,0.0,2.4186,1.483,-0.9356,82.398
37.91,236.0,3.0,0.0,2.4186,1.483,-0.9356,82.527
37.92,236.0,3.0,0.0,2.4186,1.483,-0.9356,82.56
37.93,236.0,3.0,0.0,2.4186,1.483,-0.9356,82.528
37.94,236.0,3.0,0.0,2.4186,1.4742,-0.9444,82.496
37.95,236.0,3.0,0.0,2.4186,1.4742,-0.9444,82.431
37.96,236.0,3.0,0.0,2.4186,1.4655,-0.9531,82.528
37.97,236.0,3.0,0.0,2.4186,1.4742,-0.9444,82.399
37.98,236.0,3.0,0.0,2.4186,1.4742,-0.9444,82.398
37.99,236.0,3.0,0.0,2.4186,1.4655,-0.9531,82.413
38.0,236.0,3.0,0.0,2.4186,1.4742,-0.9444,82.398
38.01,236.0,3.0,0.0,2.4186,1.4655,-0.9531,82.399
38.02,236.0,3.0,0.0,2.4186,1.4655,-0.9531,82.496
38.03,236.0,3.0,0.0,2.4186,1.4655,-0.9531,82.545
38.04,236.0,3.0,0.0,2.4186,1.4567,-0.9619,82.497
38.05,236.0,3.0,0.0,2.4186,1.4655,-0.9531,82.4
38.06,236.0,3.0,0.0,2.4186,1.4655,-0.9531,82.479
38.07,236.0,3.0,0.0,2.4186,1.4655,-0.9531,82.51
38.08,236.0,3.0,0.0,2.4186,1.4567,-0.9619,82.544
38.09,236.0,3.0,0.0,2.4186,1.4567,-0.9619,82.545
38.1,236.0,3.0,0.0,2.4186,1.4567,-0.9619,82.335
38.11,236.0,3.0,0.0,2.4186,1.4655,-0.9531,82.495
38.12,236.0,3.0,0.0,2.4186,1.4655,-0.9531,82.366
38.13,236.0,3.0,0.0,2.4186,1.4655,-0.9531,82.285
38.14,236.0,3.0,0.0,2.4186,1.4655,-0.9531,82.284
38.15,236.0,3.0,0.0,2.4186,1.4742,-0.9444,82.528
38.16,236.0,3.0,0.0,2.4186,1.4742,-0.9444,82.592
38.17,236.0,3.0,0.0,2.4186,1.4742,-0.9444,82.35
38.18,236.0,3.0,0.0,2.4186,1.4742,-0.9444,82.382
38.19,236.0,3.0,0.0,2.4186,1.4742,-0.9444,82.383
38.2,236.0,3.0,0.0,2.4186,1.4655,-0.9531,82.463
38.21,236.0,3.0,0.0,2.4186,1.4655,-0.9531,82.333
38.22,236.0,3.0,0.0,2.4186,1.4655,-0.9531,82.543
38.23,236.0,3.0,0.0,2.4186,1.4655,-0.9531,82.593
38.24,236.0,3.0,0.0,2.4186,1.4655,-0.9531,82.351
38.25,236.0,3.0,0.0,2.4186,1.4655,-0.9531,82.22
38.26,236.0,3.0,0.0,2.4186,1.4742,-0.9444,82.35
38.27,236.0,3.0,0.0,2.4186,1.4655,-0.9531,82.334
38.28,236.0,3.0,0.0,2.4186,1.4742,-0.9444,82.303
38.29,236.0,3.0,0.0,2.4186,1.4742,-0.9444,82.398
38.3,236.0,3.0,0.0,2.4186,1.4742,-0.9444,82.253
38.31,236.0,3.0,0.0,2.4186,1.4742,-0.9444,82.269
38.32,236.0,3.0,0.0,2.4186,1.4742,-0.9444,82.463
38.33,236.0,3.0,0.0,2.4186,1.4655,-0.9531,82.496
38.34,236.0,3.0,0.0,2.4186,1.4655,-0.9531,82.544
38.35,236.0,3.0,0.0,2.4186,1.4742,-0.9444,82.383
38.36,236.0,3.0,0.0,2.4186,1.4742,-0.9444,82.495
38.37,236.0,3.0,0.0,2.4186,1.4742,-0.9444,82.382
38.38,236.0,3.0,0.0,2.4186,1.4655,-0.9531,82.413
38.39,236.0,3.0,0.0,2.4186,1.4742,-0.9444,82.592
38.4,236.0,3.0,0.0,2.4186,1.4742,-0.9444,82.481
38.41,236.0,3.0,0.0,2.4186,1.4742,-0.9444,82.351
38.42,236.0,3.0,0.0,2.4186,1.4742,-0.9444,82.35
38.43,236.0,3.0,0.0,2.4186,1.4742,-0.9444,82.48
38.44,236.0,3.0,0.0,2.4186,1.4742,-0.9444,82.559
38.45,236.0,3.0,0.0,2.4186,1.4742,-0.9444,82.416
38.46,236.0,3.0,0.0,2.4186,1.4655,-0.9531,82.351
38.47,236.0,3.0,0.0,2.4186,1.4742,-0.9444,82.463
38.48,236.0,3.0,0.0,2.4186,1.4742,-0.9444,82.43
38.49,236.0,3.0,0.0,2.4186,1.4742,-0.9444,82.334
38.5,236.0,3.0,0.0,2.4186,1.4655,-0.9531,82.302
38.51,236.0,3.0,0.0,2.4186,1.4742,-0.9444,82.333
38.52,236.0,3.0,0.0,2.4186,1.4742,-0.9444,82.559
38.53,236.0,3.0,0.0,2.4186,1.4742,-0.9444,82.608
38.54,236.0,3.0,0.0,2.4186,1.4742,-0.9444,82.415
38.55,236.0,3.0,0.0,2.4186,1.4742,-0.9444,82.43
38.56,236.0,3.0,0.0,2.4186,1.4655,-0.9531,82.269
38.57,236.0,3.0,0.0,2.4186,1.4742,-0.9444,82.447
38.58,236.0,3.0,0.0,2.4186,1.4655,-0.9531,82.399
38.59,236.0,3.0,0.0,2.4186,1.4655,-0.9531,82.414
38.6,236.0,3.0,0.0,2.4186,1.4655,-0.9531,82.478
38.61,236.0,3.0,0.0,2.4186,1.4655,-0.9531,82.334
38.62,236.0,3.0,0.0,2.4186,1.4567,-0.9619,82.447
38.63,236.0,3.0,0.0,2.4186,1.4655,-0.9531,82.318
38.64,236.0,3.0,0.0,2.4186,1.4655,-0.9531,82.302
38.65,236.0,3.0,0.0,2.4186,1.4655,-0.9531,82.285
38.66,236.0,3.0,0.0,2.4186,1.4655,-0.9531,82.253
38.67,236.0,3.0,0.0,2.4186,1.4655,-0.9531,82.365
38.68,236.0,3.0,0.0,2.4186,1.4655,-0.9531,82.35
38.69,236.0,3.0,0.0,2.4186,1.4655,-0.9531,82.463
38.7,236.0,3.0,0.0,2.4186,1.4655,-0.9531,82.416
38.71,236.0,3.0,0.0,2.4186,1.4655,-0.9531,82.35
38.72,236.0,3.0,0.0,2.4186,1.4655,-0.9531,82.253
38.73,236.0,3.0,0.0,2.4186,1.4742,-0.9444,82.349
38.74,236.0,3.0,0.0,2.4186,1.4655,-0.9531,82.285
38.75,236.0,3.0,0.0,2.4186,1.4655,-0.9531,82.317
38.76,236.0,3.0,0.0,2.4186,1.4742,-0.9444,82.431
38.77,236.0,3.0,0.0,2.4186,1.4655,-0.9531,82.334
38.78,236.0,3.0,0.0,2.4186,1.4655,-0.9531,82.48
38.79,236.0,3.0,0.0,2.4186,1.4742,-0.9444,82.431
38.8,236.0,3.0,0.0,2.4186,1.4742,-0.9444,82.318
38.81,236.0,3.0,0.0,2.4186,1.4742,-0.9444,82.594
38.82,236.0,3.0,0.0,2.4186,1.4655,-0.9531,82.415
38.83,236.0,3.0,0.0,2.4186,1.4567,-0.9619,82.446
38.84,236.0,3.0,0.0,2.4186,1.4742,-0.9444,82.269
38.85,236.0,3.0,0.0,2.4186,1.4655,-0.9531,82.188
38.86,236.0,3.0,0.0,2.4186,1.4742,-0.9444,82.511
38.87,236.0,3.0,0.0,2.4186,1.4742,-0.9444,82.301
38.88,236.0,3.0,0.0,2.4186,1.4655,-0.9531,82.464
38.89,236.0,3.0,0.0,2.4186,1.4742,-0.9444,82.334
38.9,236.0,3.0,0.0,2.4186,1.4655,-0.9531,82.349
38.91,236.0,3.0,0.0,2.4186,1.4655,-0.9531,82.269
38.92,236.0,3.0,0.0,2.4186,1.4742,-0.9444,82.317
38.93,236.0,3.0,0.0,2.4186,1.4742,-0.9444,82.252
38.94,236.0,3.0,0.0,2.4186,1.4655,-0.9531,82.366
38.95,236.0,3.0,0.0,2.4186,1.4742,-0.9444,82.269
38.96,236.0,3.0,0.0,2.4186,1.4742,-0.9444,82.43
38.97,236.0,3.0,0.0,2.4186,1.4742,-0.9444,82.415
38.98,236.0,3.0,0.0,2.4186,1.4655,-0.9531,82.367
38.99,236.0,3.0,0.0,2.4186,1.4655,-0.9531,82.269
39.0,236.0,3.0,0.0,2.4186,1.4742,-0.9444,82.578
39.01,236.0,3.0,0.0,2.4186,1.4742,-0.9444,82.285
39.02,236.0,3.0,0.0,2.4186,1.4655,-0.9531,82.414
39.03,236.0,3.0,0.0,2.4186,1.4742,-0.9444,82.366
39.04,236.0,3.0,0.0,2.4186,1.4742,-0.9444,82.35
39.05,236.0,3.0,0.0,2.4186,1.4742,-0.9444,82.431
39.06,236.0,3.0,0.0,2.4186,1.4742,-0.9444,82.542
39.07,236.0,3.0,0.0,2.4186,1.4742,-0.9444,82.416
39.08,236.0,3.0,0.0,2.4186,1.4655,-0.9531,82.284
39.09,236.0,3.0,0.0,2.4186,1.4655,-0.9531,82.349
39.1,236.0,3.0,0.0,2.4186,1.4655,-0.9531,82.239
39.11,236.0,3.0,0.0,2.4186,1.4742,-0.9444,82.399
39.12,236.0,3.0,0.0,2.4186,1.4742,-0.9444,82.351
39.13,236.0,3.0,0.0,2.4186,1.4655,-0.9531,82.365
39.14,236.0,3.0,0.0,2.4186,1.4655,-0.9531,82.236
39.15,236.0,3.0,0.0,2.4186,1.4655,-0.9531,82.431
39.16,236.0,3.0,0.0,2.4186,1.4567,-0.9619,82.301
39.17,236.0,3.0,0.0,2.4186,1.4567,-0.9619,82.35
39.18,236.0,3.0,0.0,2.4186,1.4655,-0.9531,82.365
39.19,236.0,3.0,0.0,2.4186,1.4742,-0.9444,82.366
39.2,236.0,3.0,0.0,2.4186,1.4742,-0.9444,82.318
39.21,236.0,3.0,0.0,2.4186,1.4655,-0.9531,82.382
39.22,236.0,3.0,0.0,2.4186,1.4742,-0.9444,82.334
39.23,236.0,3.0,0.0,2.4186,1.4742,-0.9444,82.285
39.24,236.0,3.0,0.0,2.4186,1.4742,-0.9444,82.431
39.25,236.0,3.0,0.0,2.4186,1.4742,-0.9444,82.269
39.26,236.0,3.0,0.0,2.4186,1.4742,-0.9444,82.285
39.27,236.0,3.0,0.0,2.4186,1.4742,-0.9444,82.479
39.28,236.0,3.0,0.0,2.4186,1.4742,-0.9444,82.268
39.29,236.0,3.0,0.0,2.4186,1.4742,-0.9444,82.269
39.3,236.0,3.0,0.0,2.4186,1.4655,-0.9531,82.382
39.31,236.0,3.0,0.0,2.4186,1.4742,-0.9444,82.414
39.32,236.0,3.0,0.0,2.4186,1.4742,-0.9444,82.301
39.33,236.0,3.0,0.0,2.4186,1.4742,-0.9444,82.349
39.34,236.0,3.0,0.0,2.4186,1.4655,-0.9531,82.334
39.35,236.0,3.0,0.0,2.4186,1.4655,-0.9531,82.189
39.36,236.0,3.0,0.0,2.4186,1.4742,-0.9444,82.188
39.37,236.0,3.0,0.0,2.4186,1.4742,-0.9444,82.3
39.38,236.0,3.0,0.0,2.4186,1.4655,-0.9531,82.286
39.39,236.0,3.0,0.0,2.4186,1.4655,-0.9531,82.462
39.4,236.0,3.0,0.0,2.4186,1.4655,-0.9531,82.462
39.41,236.0,3.0,0.0,2.4186,1.4655,-0.9531,82.301
39.42,236.0,3.0,0.0,2.4186,1.4742,-0.9444,82.204
39.43,236.0,3.0,0.0,2.4186,1.4655,-0.9531,82.513
39.44,236.0,3.0,0.0,2.4186,1.4742,-0.9444,82.497
39.45,236.0,3.0,0.0,2.4186,1.4655,-0.9531,82.253
39.46,236.0,3.0,0.0,2.4186,1.4655,-0.9531,82.495
39.47,236.0,3.0,0.0,2.4186,1.4655,-0.9531,82.399
39.48,236.0,3.0,0.0,2.4186,1.4655,-0.9531,82.448
39.49,236.0,3.0,0.0,2.4186,1.4742,-0.9444,82.383
39.5,236.0,3.0,0.0,2.4186,1.4742,-0.9444,82.56
39.51,236.0,3.0,0.0,2.4186,1.4742,-0.9444,82.318
39.52,236.0,3.0,0.0,2.4186,1.4742,-0.9444,82.461
39.53,236.0,3.0,0.0,2.4186,1.4655,-0.9531,82.318
39.54,236.0,3.0,0.0,2.4186,1.4655,-0.9531,82.156
39.55,236.0,3.0,0.0,2.4186,1.4742,-0.9444,82.397
39.56,236.0,3.0,0.0,2.4186,1.4655,-0.9531,82.56
39.57,236.0,3.0,0.0,2.4186,1.4655,-0.9531,82.431
39.58,236.0,3.0,0.0,2.4186,1.4742,-0.9444,82.189
39.59,236.0,3.0,0.0,2.4186,1.4655,-0.9531,82.366
39.6,236.0,3.0,0.0,2.4186,1.4655,-0.9531,82.254
39.61,236.0,3.0,0.0,2.4186,1.4655,-0.9531,82.479
39.62,236.0,3.0,0.0,2.4186,1.4742,-0.9444,82.35
39.63,236.0,3.0,0.0,2.4186,1.4742,-0.9444,82.317
39.64,236.0,3.0,0.0,2.4186,1.4742,-0.9444,82.463
39.65,236.0,3.0,0.0,2.4186,1.4655,-0.9531,82.253
39.66,236.0,3.0,0.0,2.4186,1.4567,-0.9619,82.317
39.67,236.0,3.0,0.0,2.4186,1.4655,-0.9531,82.303
39.68,236.0,3.0,0.0,2.4186,1.4742,-0.9444,82.316
39.69,236.0,3.0,0.0,2.4186,1.4742,-0.9444,82.51
39.7,236.0,3.0,0.0,2.4186,1.4742,-0.9444,82.205
39.71,236.0,3.0,0.0,2.4186,1.4655,-0.9531,82.43
39.72,236.0,3.0,0.0,2.4186,1.4655,-0.9531,82.415
39.73,236.0,3.0,0.0,2.4186,1.4742,-0.9444,82.414
39.74,236.0,3.0,0.0,2.4186,1.4655,-0.9531,82.399
39.75,236.0,3.0,0.0,2.4186,1.4655,-0.9531,82.334
39.76,236.0,3.0,0.0,2.4186,1.4742,-0.9444,82.446
39.77,236.0,3.0,0.0,2.4186,1.4655,-0.9531,82.269
39.78,236.0,3.0,0.0,2.4186,1.4655,-0.9531,82.349
39.79,236.0,3.0,0.0,2.4186,1.4655,-0.9531,82.494
39.8,236.0,3.0,0.0,2.4186,1.4655,-0.9531,82.269
39.81,236.0,3.0,0.0,2.4186,1.4655,-0.9531,82.203
39.82,236.0,3.0,0.0,2.4186,1.4655,-0.9531,82.203
39.83,236.0,3.0,0.0,2.4186,1.4567,-0.9619,82.269
39.84,236.0,3.0,0.0,2.4186,1.4655,-0.9531,82.431
39.85,236.0,3.0,0.0,2.4186,1.4567,-0.9619,82.255
39.86,236.0,3.0,0.0,2.4186,1.4655,-0.9531,82.269
39.87,236.0,3.0,0.0,2.4186,1.4655,-0.9531,82.22
39.88,236.0,3.0,0.0,2.4186,1.4655,-0.9531,82.317
39.89,236.0,3.0,0.0,2.4186,1.4567,-0.9619,82.366
39.9,236.0,3.0,0.0,2.4186,1.4567,-0.9619,82.398
39.91,236.0,3.0,0.0,2.4186,1.4655,-0.9531,82.527
39.92,236.0,3.0,0.0,2.4186,1.4655,-0.9531,82.398
39.93,236.0,3.0,0.0,2.4186,1.4655,-0.9531,82.253
39.94,236.0,3.0,0.0,2.4186,1.4655,-0.9531,82.284
39.95,236.0,3.0,0.0,2.4186,1.4655,-0.9531,82.252
39.96,236.0,3.0,0.0,2.4186,1.4567,-0.9619,82.398
39.97,236.0,3.0,0.0,2.4186,1.4655,-0.9531,82.414
39.98,236.0,3.0,0.0,2.4186,1.4655,-0.9531,82.334
39.99,236.0,3.0,0.0,2.4186,1.4655,-0.9531,82.429
40.0,236.0,3.0,0.0,2.4186,1.4655,-0.9531,82.172
40.01,236.0,3.0,0.0,2.4186,1.4655,-0.9531,82.397
40.02,236.0,3.0,0.0,2.4186,1.4655,-0.9531,82.317
40.03,236.0,3.0,0.0,2.4186,1.4742,-0.9444,82.334
40.04,236.0,3.0,0.0,2.4186,1.4655,-0.9531,82.592
40.05,236.0,3.0,0.0,2.4186,1.4655,-0.9531,82.059
40.06,236.0,3.0,0.0,2.4186,1.4742,-0.9444,82.091
40.07,236.0,3.0,0.0,2.4186,1.4655,-0.9531,82.236
40.08,236.0,3.0,0.0,2.4186,1.4655,-0.9531,82.236
40.09,236.0,3.0,0.0,2.4186,1.4655,-0.9531,82.463
40.1,236.0,3.0,0.0,2.4186,1.4655,-0.9531,82.285
40.11,236.0,3.0,0.0,2.4186,1.4742,-0.9444,82.316
40.12,236.0,3.0,0.0,2.4186,1.4742,-0.9444,82.302
40.13,236.0,3.0,0.0,2.4186,1.4742,-0.9444,82.205
40.14,236.0,3.0,0.0,2.4186,1.4742,-0.9444,82.542
40.15,236.0,3.0,0.0,2.4186,1.4655,-0.9531,82.287
40.16,236.0,3.0,0.0,2.4186,1.4655,-0.9531,82.35
40.17,236.0,3.0,0.0,2.4186,1.4742,-0.9444,82.285
40.18,236.0,3.0,0.0,2.4186,1.4742,-0.9444,82.205
40.19,236.0,3.0,0.0,2.4186,1.4742,-0.9444,82.348
40.2,236.0,3.0,0.0,2.4186,1.4655,-0.9531,82.253
40.21,236.0,3.0,0.0,2.4186,1.4655,-0.9531,82.155
40.22,236.0,3.0,0.0,2.4186,1.4742,-0.9444,82.414
40.23,236.0,3.0,0.0,2.4186,1.4742,-0.9444,82.141
40.24,236.0,3.0,0.0,2.4186,1.4742,-0.9444,82.365
40.25,236.0,3.0,0.0,2.4186,1.4655,-0.9531,82.22
40.26,236.0,3.0,0.0,2.4186,1.4655,-0.9531,82.415
40.27,236.0,3.0,0.0,2.4186,1.4567,-0.9619,82.366
40.28,236.0,3.0,0.0,2.4186,1.4742,-0.9444,82.415
40.29,236.0,3.0,0.0,2.4186,1.4742,-0.9444,82.284
40.3,236.0,3.0,0.0,2.4186,1.4655,-0.9531,82.284
40.31,236.0,3.0,0.0,2.4186,1.4742,-0.9444,82.205
40.32,236.0,3.0,0.0,2.4186,1.4742,-0.9444,82.317
40.33,236.0,3.0,0.0,2.4186,1.4742,-0.9444,82.366
40.34,236.0,3.0,0.0,2.4186,1.4742,-0.9444,82.366
40.35,236.0,3.0,0.0,2.4186,1.4655,-0.9531,82.286
40.36,236.0,3.0,0.0,2.4186,1.4655,-0.9531,82.413
40.37,236.0,3.0,0.0,2.4186,1.4742,-0.9444,82.253
40.38,236.0,3.0,0.0,2.4186,1.4655,-0.9531,82.3
40.39,236.0,3.0,0.0,2.4186,1.4655,-0.9531,82.317
40.4,236.0,3.0,0.0,2.4186,1.4655,-0.9531,82.334
40.41,236.0,3.0,0.0,2.4186,1.4655,-0.9531,82.415
40.42,236.0,3.0,0.0,2.4186,1.4655,-0.9531,82.414
40.43,236.0,3.0,0.0,2.4186,1.4742,-0.9444,82.204
40.44,236.0,3.0,0.0,2.4186,1.4742,-0.9444,82.219
40.45,236.0,3.0,0.0,2.4186,1.4655,-0.9531,82.317
40.46,236.0,3.0,0.0,2.4186,1.4655,-0.9531,82.383
40.47,236.0,3.0,0.0,2.4186,1.4655,-0.9531,82.253
40.48,236.0,3.0,0.0,2.4186,1.4655,-0.9531,82.268
40.49,236.0,3.0,0.0,2.4186,1.4742,-0.9444,82.268
40.5,236.0,3.0,0.0,2.4186,1.4655,-0.9531,82.187
40.51,236.0,3.0,0.0,2.4186,1.4655,-0.9531,82.285
40.52,236.0,3.0,0.0,2.4186,1.4655,-0.9531,82.365
40.53,236.0,3.0,0.0,2.4186,1.4655,-0.9531,82.366
40.54,236.0,3.0,0.0,2.4186,1.4655,-0.9531,82.204
40.55,236.0,3.0,0.0,2.4186,1.4655,-0.9531,82.267
40.56,236.0,3.0,0.0,2.4186,1.4655,-0.9531,82.381
40.57,236.0,3.0,0.0,2.4186,1.4655,-0.9531,82.157
40.58,236.0,3.0,0.0,2.4186,1.4655,-0.9531,82.479
40.59,236.0,3.0,0.0,2.4186,1.4655,-0.9531,82.432
40.6,236.0,3.0,0.0,2.4186,1.4655,-0.9531,82.107
40.61,236.0,3.0,0.0,2.4186,1.4655,-0.9531,82.252
40.62,236.0,3.0,0.0,2.4186,1.4567,-0.9619,82.35
40.63,236.0,3.0,0.0,2.4186,1.4655,-0.9531,82.318
40.64,236.0,3.0,0.0,2.4186,1.4655,-0.9531,82.463
40.65,236.0,3.0,0.0,2.4186,1.4567,-0.9619,82.399
40.66,236.0,3.0,0.0,2.4186,1.4567,-0.9619,82.429
40.67,236.0,3.0,0.0,2.4186,1.4655,-0.9531,82.318
40.68,236.0,3.0,0.0,2.4186,1.4655,-0.9531,82.207
40.69,236.0,3.0,0.0,2.4186,1.4655,-0.9531,82.35
40.7,236.0,3.0,0.0,2.4186,1.4567,-0.9619,82.334
40.71,236.0,3.0,0.0,2.4186,1.4655,-0.9531,82.365
40.72,236.0,3.0,0.0,2.4186,1.4655,-0.9531,82.318
40.73,236.0,3.0,0.0,2.4186,1.4655,-0.9531,82.157
40.74,236.0,3.0,0.0,2.4186,1.4567,-0.9619,82.398
40.75,236.0,3.0,0.0,2.4186,1.4742,-0.9444,82.301
40.76,236.0,3.0,0.0,2.4186,1.4655,-0.9531,82.286
40.77,236.0,3.0,0.0,2.4186,1.4567,-0.9619,82.382
40.78,236.0,3.0,0.0,2.4186,1.4567,-0.9619,82.335
40.79,236.0,3.0,0.0,2.4186,1.4655,-0.9531,82.302
40.8,236.0,3.0,0.0,2.4186,1.4742,-0.9444,82.479
40.81,236.0,3.0,0.0,2.4186,1.4742,-0.9444,82.205
40.82,236.0,3.0,0.0,2.4186,1.4655,-0.9531,82.35
40.83,236.0,3.0,0.0,2.4186,1.4655,-0.9531,82.157
40.84,236.0,3.0,0.0,2.4186,1.4655,-0.9531,82.301
40.85,236.0,3.0,0.0,2.4186,1.4655,-0.9531,82.366
40.86,236.0,3.0,0.0,2.4186,1.4655,-0.9531,82.414
40.87,236.0,3.0,0.0,2.4186,1.4655,-0.9531,82.269
40.88,236.0,3.0,0.0,2.4186,1.4655,-0.9531,82.203
40.89,236.0,3.0,0.0,2.4186,1.4567,-0.9619,82.35
40.9,236.0,3.0,0.0,2.4186,1.4655,-0.9531,82.189
40.91,236.0,3.0,0.0,2.4186,1.4655,-0.9531,82.253
40.92,236.0,3.0,0.0,2.4186,1.4655,-0.9531,82.3
40.93,236.0,3.0,0.0,2.4186,1.4742,-0.9444,82.269
40.94,236.0,3.0,0.0,2.4186,1.4655,-0.9531,82.284
40.95,236.0,3.0,0.0,2.4186,1.4655,-0.9531,82.253
40.96,236.0,3.0,0.0,2.4186,1.4567,-0.9619,82.205
40.97,236.0,3.0,0.0,2.4186,1.4655,-0.9531,82.333
40.98,236.0,3.0,0.0,2.4186,1.4655,-0.9531,82.205
40.99,236.0,3.0,0.0,2.4186,1.4567,-0.9619,82.188
41.0,236.0,3.0,0.0,2.4186,1.4567,-0.9619,82.301
41.01,236.0,3.0,0.0,2.4186,1.4567,-0.9619,82.332
41.02,236.0,3.0,0.0,2.4186,1.4567,-0.9619,82.252
41.03,236.0,3.0,0.0,2.4186,1.4567,-0.9619,82.238
41.04,236.0,3.0,0.0,2.4186,1.4655,-0.9531,82.253
41.05,236.0,3.0,0.0,2.4186,1.4567,-0.9619,82.107
41.06,236.0,3.0,0.0,2.4186,1.4742,-0.9444,82.399
41.07,236.0,3.0,0.0,2.4186,1.4742,-0.9444,82.253
41.08,236.0,3.0,0.0,2.4186,1.4655,-0.9531,82.317
41.09,236.0,3.0,0.0,2.4186,1.4742,-0.9444,82.269
41.1,236.0,3.0,0.0,2.4186,1.4655,-0.9531,82.173
41.11,236.0,3.0,0.0,2.4186,1.4742,-0.9444,82.22
41.12,236.0,3.0,0.0,2.4186,1.4742,-0.9444,82.398
41.13,236.0,3.0,0.0,2.4186,1.4742,-0.9444,82.269
41.14,236.0,3.0,0.0,2.4186,1.4742,-0.9444,82.333
41.15,236.0,3.0,0.0,2.4186,1.4655,-0.9531,82.318
41.16,236.0,3.0,0.0,2.4186,1.4655,-0.9531,82.22
41.17,236.0,3.0,0.0,2.4186,1.4655,-0.9531,82.285
41.18,236.0,3.0,0.0,2.4186,1.4655,-0.9531,82.334
41.19,236.0,3.0,0.0,2.4186,1.4655,-0.9531,82.204
41.2,236.0,3.0,0.0,2.4186,1.4655,-0.9531,82.495
41.21,236.0,3.0,0.0,2.4186,1.4655,-0.9531,82.285
41.22,236.0,3.0,0.0,2.4186,1.4655,-0.9531,82.333
41.23,236.0,3.0,0.0,2.4186,1.4655,-0.9531,82.091
41.24,236.0,3.0,0.0,2.4186,1.4742,-0.9444,82.284
41.25,236.0,3.0,0.0,2.4186,1.4742,-0.9444,82.255
41.26,236.0,3.0,0.0,2.4186,1.4742,-0.9444,82.35
41.27,236.0,3.0,0.0,2.4186,1.4742,-0.9444,82.414
41.28,236.0,3.0,0.0,2.4186,1.4742,-0.9444,82.302
41.29,236.0,3.0,0.0,2.4186,1.483,-0.9356,82.43
41.3,236.0,3.0,0.0,2.4186,1.4655,-0.9531,82.317
41.31,236.0,3.0,0.0,2.4186,1.4742,-0.9444,82.317
41.32,236.0,3.0,0.0,2.4186,1.4742,-0.9444,82.319
41.33,236.0,3.0,0.0,2.4186,1.4742,-0.9444,82.204
41.34,236.0,3.0,0.0,2.4186,1.4742,-0.9444,82.365
41.35,236.0,3.0,0.0,2.4186,1.4742,-0.9444,82.318
41.36,236.0,3.0,0.0,2.4186,1.4655,-0.9531,82.335
41.37,236.0,3.0,0.0,2.4186,1.4742,-0.9444,82.348
41.38,236.0,3.0,0.0,2.4186,1.4742,-0.9444,82.205
41.39,236.0,3.0,0.0,2.4186,1.4655,-0.9531,82.335
41.4,236.0,3.0,0.0,2.4186,1.4655,-0.9531,82.173
41.41,236.0,3.0,0.0,2.4186,1.4655,-0.9531,82.187
41.42,236.0,3.0,0.0,2.4186,1.4742,-0.9444,82.479
41.43,236.0,3.0,0.0,2.4186,1.4655,-0.9531,81.995
41.44,236.0,3.0,0.0,2.4186,1.4742,-0.9444,82.108
41.45,236.0,3.0,0.0,2.4186,1.4655,-0.9531,82.365
41.46,236.0,3.0,0.0,2.4186,1.4742,-0.9444,82.302
41.47,236.0,3.0,0.0,2.4186,1.4742,-0.9444,82.414
41.48,236.0,3.0,0.0,2.4186,1.4655,-0.9531,82.189
41.49,236.0,3.0,0.0,2.4186,1.4655,-0.9531,82.316
41.5,236.0,3.0,0.0,2.4186,1.4655,-0.9531,82.335
41.51,236.0,3.0,0.0,2.4186,1.4655,-0.9531,82.35
41.52,236.0,3.0,0.0,2.4186,1.4655,-0.9531,82.334
41.53,236.0,3.0,0.0,2.4186,1.4742,-0.9444,82.318
41.54,236.0,3.0,0.0,2.4186,1.4655,-0.9531,82.366
41.55,236.0,3.0,0.0,2.4186,1.4742,-0.9444,82.204
41.56,236.0,3.0,0.0,2.4186,1.4655,-0.9531,82.204
41.57,236.0,3.0,0.0,2.4186,1.4742,-0.9444,82.268
41.58,236.0,3.0,0.0,2.4186,1.4655,-0.9531,82.316
41.59,236.0,3.0,0.0,2.4186,1.4655,-0.9531,82.286
41.6,236.0,3.0,0.0,2.4186,1.4655,-0.9531,82.205
41.61,236.0,3.0,0.0,2.4186,1.4655,-0.9531,82.285
41.62,236.0,3.0,0.0,2.4186,1.4655,-0.9531,82.076
41.63,236.0,3.0,0.0,2.4186,1.4567,-0.9619,82.235
41.64,236.0,3.0,0.0,2.4186,1.4655,-0.9531,82.445
41.65,236.0,3.0,0.0,2.4186,1.4655,-0.9531,82.22
41.66,236.0,3.0,0.0,2.4186,1.4655,-0.9531,82.383
41.67,236.0,3.0,0.0,2.4186,1.4567,-0.9619,82.171
41.68,236.0,3.0,0.0,2.4186,1.4655,-0.9531,82.108
41.69,236.0,3.0,0.0,2.4186,1.4742,-0.9444,82.235
41.7,236.0,3.0,0.0,2.4186,1.4742,-0.9444,82.22
41.71,236.0,3.0,0.0,2.4186,1.4655,-0.9531,82.431
41.72,236.0,3.0,0.0,2.4186,1.4567,-0.9619,82.318
41.73,236.0,3.0,0.0,2.4186,1.4655,-0.9531,82.399
41.74,236.0,3.0,0.0,2.4186,1.4655,-0.9531,82.108
41.75,236.0,3.0,0.0,2.4186,1.4742,-0.9444,82.011
41.76,236.0,3.0,0.0,2.4186,1.4742,-0.9444,82.123
41.77,236.0,3.0,0.0,2.4186,1.4742,-0.9444,82.446
41.78,236.0,3.0,0.0,2.4186,1.4655,-0.9531,82.157
41.79,236.0,3.0,0.0,2.4186,1.4655,-0.9531,82.382
41.8,236.0,3.0,0.0,2.4186,1.4655,-0.9531,82.285
41.81,236.0,3.0,0.0,2.4186,1.4655,-0.9531,82.205
41.82,236.0,3.0,0.0,2.4186,1.4655,-0.9531,82.122
41.83,236.0,3.0,0.0,2.4186,1.4742,-0.9444,82.287
41.84,236.0,3.0,0.0,2.4186,1.4655,-0.9531,82.254
41.85,236.0,3.0,0.0,2.4186,1.4655,-0.9531,82.189
41.86,236.0,3.0,0.0,2.4186,1.4655,-0.9531,82.269
41.87,236.0,3.0,0.0,2.4186,1.4655,-0.9531,82.013
41.88,236.0,3.0,0.0,2.4186,1.4742,-0.9444,82.3
41.89,236.0,3.0,0.0,2.4186,1.4742,-0.9444,82.317
41.9,236.0,3.0,0.0,2.4186,1.4655,-0.9531,82.269
41.91,236.0,3.0,0.0,2.4186,1.4567,-0.9619,82.382
41.92,236.0,3.0,0.0,2.4186,1.4655,-0.9531,82.174
41.93,236.0,3.0,0.0,2.4186,1.4567,-0.9619,82.301
41.94,236.0,3.0,0.0,2.4186,1.4567,-0.9619,82.333
41.95,236.0,3.0,0.0,2.4186,1.4742,-0.9444,82.204
41.96,236.0,3.0,0.0,2.4186,1.4655,-0.9531,82.253
41.97,236.0,3.0,0.0,2.4186,1.4567,-0.9619,82.463
41.98,236.0,3.0,0.0,2.4186,1.4655,-0.9531,82.334
41.99,236.0,3.0,0.0,2.4186,1.4655,-0.9531,82.236
42.0,236.0,3.0,0.0,2.4186,1.4742,-0.9444,82.124
42.01,236.0,3.0,0.0,2.4186,1.4742,-0.9444,82.35
42.02,236.0,3.0,0.0,2.4186,1.4655,-0.9531,82.35
42.03,236.0,3.0,0.0,2.4186,1.4655,-0.9531,82.285
42.04,236.0,3.0,0.0,2.4186,1.4655,-0.9531,82.317
42.05,236.0,3.0,0.0,2.4186,1.4655,-0.9531,82.14
42.06,236.0,3.0,0.0,2.4186,1.4742,-0.9444,82.254
42.07,236.0,3.0,0.0,2.4186,1.4742,-0.9444,82.206
42.08,236.0,3.0,0.0,2.4186,1.4742,-0.9444,82.382
42.09,236.0,3.0,0.0,2.4186,1.4655,-0.9531,82.253
42.1,236.0,3.0,0.0,2.4186,1.4655,-0.9531,82.139
42.11,236.0,3.0,0.0,2.4186,1.4655,-0.9531,82.398
42.12,236.0,3.0,0.0,2.4186,1.4655,-0.9531,82.334
42.13,236.0,3.0,0.0,2.4186,1.4655,-0.9531,82.093
42.14,236.0,3.0,0.0,2.4186,1.4655,-0.9531,82.317
42.15,236.0,3.0,0.0,2.4186,1.4742,-0.9444,82.188
42.16,236.0,3.0,0.0,2.4186,1.4655,-0.9531,82.252
42.17,236.0,3.0,0.0,2.4186,1.4655,-0.9531,82.221
42.18,236.0,3.0,0.0,2.4186,1.4742,-0.9444,82.141
42.19,236.0,3.0,0.0,2.4186,1.4742,-0.9444,82.124
42.2,236.0,3.0,0.0,2.4186,1.483,-0.9356,82.123
42.21,236.0,3.0,0.0,2.4186,1.4742,-0.9444,82.077
42.22,236.0,3.0,0.0,2.4186,1.4655,-0.9531,82.301
42.23,236.0,3.0,0.0,2.4186,1.4655,-0.9531,82.22
42.24,236.0,3.0,0.0,2.4186,1.4742,-0.9444,82.268
42.25,236.0,3.0,0.0,2.4186,1.4655,-0.9531,82.237
42.26,236.0,3.0,0.0,2.4186,1.4742,-0.9444,82.189
42.27,236.0,3.0,0.0,2.4186,1.4742,-0.9444,82.333
42.28,236.0,3.0,0.0,2.4186,1.4655,-0.9531,82.237
42.29,236.0,3.0,0.0,2.4186,1.4742,-0.9444,82.22
42.3,236.0,3.0,0.0,2.4186,1.4742,-0.9444,82.173
42.31,236.0,3.0,0.0,2.4186,1.4742,-0.9444,82.238
42.32,236.0,3.0,0.0,2.4186,1.4655,-0.9531,82.172
42.33,236.0,3.0,0.0,2.4186,1.4742,-0.9444,82.333
42.34,236.0,3.0,0.0,2.4186,1.4742,-0.9444,82.269
42.35,236.0,3.0,0.0,2.4186,1.4655,-0.9531,82.073
42.36,236.0,3.0,0.0,2.4186,1.4742,-0.9444,82.382
42.37,236.0,3.0,0.0,2.4186,1.4655,-0.9531,82.318
42.38,236.0,3.0,0.0,2.4186,1.4742,-0.9444,82.269
42.39,236.0,3.0,0.0,2.4186,1.4655,-0.9531,82.333
42.4,236.0,3.0,0.0,2.4186,1.4655,-0.9531,82.334
42.41,236.0,3.0,0.0,2.4186,1.4742,-0.9444,82.139
42.42,236.0,3.0,0.0,2.4186,1.4655,-0.9531,82.316
42.43,236.0,3.0,0.0,2.4186,1.4655,-0.9531,82.027
42.44,236.0,3.0,0.0,2.4186,1.4655,-0.9531,82.251
42.45,236.0,3.0,0.0,2.4186,1.4655,-0.9531,82.333
42.46,236.0,3.0,0.0,2.4186,1.4655,-0.9531,82.318
42.47,236.0,3.0,0.0,2.4186,1.4567,-0.9619,82.448
42.48,236.0,3.0,0.0,2.4186,1.4655,-0.9531,82.203
42.49,236.0,3.0,0.0,2.4186,1.4655,-0.9531,82.189
42.5,236.0,3.0,0.0,2.4186,1.4655,-0.9531,82.284
42.51,236.0,3.0,0.0,2.4186,1.4742,-0.9444,82.317
42.52,236.0,3.0,0.0,2.4186,1.4655,-0.9531,82.301
42.53,236.0,3.0,0.0,2.4186,1.4655,-0.9531,82.205
42.54,236.0,3.0,0.0,2.4186,1.4655,-0.9531,82.189
42.55,236.0,3.0,0.0,2.4186,1.4655,-0.9531,82.284
42.56,236.0,3.0,0.0,2.4186,1.4655,-0.9531,82.284
42.57,236.0,3.0,0.0,2.4186,1.4655,-0.9531,82.431
42.58,236.0,3.0,0.0,2.4186,1.4655,-0.9531,82.27
42.59,236.0,3.0,0.0,2.4186,1.4655,-0.9531,82.349
42.6,236.0,3.0,0.0,2.4186,1.4655,-0.9531,82.076
42.61,236.0,3.0,0.0,2.4186,1.4655,-0.9531,82.48
42.62,236.0,3.0,0.0,2.4186,1.4567,-0.9619,82.382
42.63,236.0,3.0,0.0,2.4186,1.4655,-0.9531,82.189
42.64,236.0,3.0,0.0,2.4186,1.4655,-0.9531,82.301
42.65,236.0,3.0,0.0,2.4186,1.4567,-0.9619,82.172
42.66,236.0,3.0,0.0,2.4186,1.4567,-0.9619,82.189
42.67,236.0,3.0,0.0,2.4186,1.4567,-0.9619,82.22
42.68,236.0,3.0,0.0,2.4186,1.4655,-0.9531,82.205
42.69,236.0,3.0,0.0,2.4186,1.4567,-0.9619,82.366
42.7,236.0,3.0,0.0,2.4186,1.4567,-0.9619,82.253
42.71,236.0,3.0,0.0,2.4186,1.4567,-0.9619,82.284
42.72,236.0,3.0,0.0,2.4186,1.4567,-0.9619,82.253
42.73,236.0,3.0,0.0,2.4186,1.4655,-0.9531,82.237
42.74,236.0,3.0,0.0,2.4186,1.4567,-0.9619,82.125
42.75,236.0,3.0,0.0,2.4186,1.4655,-0.9531,82.317
42.76,236.0,3.0,0.0,2.4186,1.4655,-0.9531,82.125
42.77,236.0,3.0,0.0,2.4186,1.4567,-0.9619,82.14
42.78,236.0,3.0,0.0,2.4186,1.4655,-0.9531,82.333
42.79,236.0,3.0,0.0,2.4186,1.4567,-0.9619,82.302
42.8,236.0,3.0,0.0,2.4186,1.4567,-0.9619,82.221
42.81,236.0,3.0,0.0,2.4186,1.4742,-0.9444,82.382
42.82,236.0,3.0,0.0,2.4186,1.4655,-0.9531,82.302
42.83,236.0,3.0,0.0,2.4186,1.4655,-0.9531,82.236
42.84,236.0,3.0,0.0,2.4186,1.4567,-0.9619,82.252
42.85,236.0,3.0,0.0,2.4186,1.4567,-0.9619,82.188
42.86,236.0,3.0,0.0,2.4186,1.4567,-0.9619,82.141
42.87,236.0,3.0,0.0,2.4186,1.4567,-0.9619,82.204
42.88,236.0,3.0,0.0,2.4186,1.4655,-0.9531,82.058
42.89,236.0,3.0,0.0,2.4186,1.4655,-0.9531,82.316
42.9,236.0,3.0,0.0,2.4186,1.4655,-0.9531,82.171
42.91,236.0,3.0,0.0,2.4186,1.4655,-0.9531,82.14
42.92,236.0,3.0,0.0,2.4186,1.4567,-0.9619,82.285
42.93,236.0,3.0,0.0,2.4186,1.4742,-0.9444,82.221
42.94,236.0,3.0,0.0,2.4186,1.4655,-0.9531,82.493
42.95,236.0,3.0,0.0,2.4186,1.4655,-0.9531,82.221
42.96,236.0,3.0,0.0,2.4186,1.4655,-0.9531,82.026
42.97,236.0,3.0,0.0,2.4186,1.4742,-0.9444,82.397
42.98,236.0,3.0,0.0,2.4186,1.4742,-0.9444,82.302
42.99,236.0,3.0,0.0,2.4186,1.4742,-0.9444,82.286
43.0,236.0,3.0,0.0,2.4186,1.4742,-0.9444,82.075
43.01,236.0,3.0,0.0,2.4186,1.4742,-0.9444,82.268
43.02,236.0,3.0,0.0,2.4186,1.4742,-0.9444,82.285
43.03,236.0,3.0,0.0,2.4186,1.4742,-0.9444,82.333
43.04,236.0,3.0,0.0,2.4186,1.4742,-0.9444,82.285
43.05,236.0,3.0,0.0,2.4186,1.483,-0.9356,82.076
43.06,236.0,3.0,0.0,2.4186,1.483,-0.9356,82.204
43.07,236.0,3.0,0.0,2.4186,1.4742,-0.9444,82.156
43.08,236.0,3.0,0.0,2.4186,1.4742,-0.9444,82.253
43.09,236.0,3.0,0.0,2.4186,1.4742,-0.9444,82.349
43.1,236.0,3.0,0.0,2.4186,1.4742,-0.9444,82.286
43.11,236.0,3.0,0.0,2.4186,1.4742,-0.9444,82.398
43.12,236.0,3.0,0.0,2.4186,1.4655,-0.9531,82.269
43.13,236.0,3.0,0.0,2.4186,1.4742,-0.9444,82.381
43.14,236.0,3.0,0.0,2.4186,1.4742,-0.9444,82.318
43.15,236.0,3.0,0.0,2.4186,1.4742,-0.9444,82.057
43.16,236.0,3.0,0.0,2.4186,1.4655,-0.9531,82.221
43.17,236.0,3.0,0.0,2.4186,1.4742,-0.9444,82.204
43.18,236.0,3.0,0.0,2.4186,1.4655,-0.9531,82.204
43.19,236.0,3.0,0.0,2.4186,1.4742,-0.9444,82.447
43.2,236.0,3.0,0.0,2.4186,1.4655,-0.9531,81.979
43.21,236.0,3.0,0.0,2.4186,1.4655,-0.9531,82.026
43.22,236.0,3.0,0.0,2.4186,1.4567,-0.9619,82.22
43.23,236.0,3.0,0.0,2.4186,1.4567,-0.9619,82.142
43.24,236.0,3.0,0.0,2.4186,1.4567,-0.9619,82.333
43.25,236.0,3.0,0.0,2.4186,1.4567,-0.9619,82.302
43.26,236.0,3.0,0.0,2.4186,1.4567,-0.9619,82.06
43.27,236.0,3.0,0.0,2.4186,1.4567,-0.9619,82.219
43.28,236.0,3.0,0.0,2.4186,1.4567,-0.9619,82.19
43.29,236.0,3.0,0.0,2.4186,1.4567,-0.9619,82.302
43.3,236.0,3.0,0.0,2.4186,1.4567,-0.9619,82.124
43.31,236.0,3.0,0.0,2.4186,1.4567,-0.9619,82.316
43.32,236.0,3.0,0.0,2.4186,1.4655,-0.9531,82.204
43.33,236.0,3.0,0.0,2.4186,1.4655,-0.9531,82.059
43.34,236.0,3.0,0.0,2.4186,1.4655,-0.9531,82.268
43.35,236.0,3.0,0.0,2.4186,1.4655,-0.9531,82.205
43.36,236.0,3.0,0.0,2.4186,1.4655,-0.9531,82.236
43.37,236.0,3.0,0.0,2.4186,1.4655,-0.9531,82.029
43.38,236.0,3.0,0.0,2.4186,1.4655,-0.9531,82.301
43.39,236.0,3.0,0.0,2.4186,1.4742,-0.9444,82.237
43.4,236.0,3.0,0.0,2.4186,1.4655,-0.9531,82.188
43.41,236.0,3.0,0.0,2.4186,1.4655,-0.9531,82.22
43.42,236.0,3.0,0.0,2.4186,1.4655,-0.9531,82.205
43.43,236.0,3.0,0.0,2.4186,1.4655,-0.9531,82.22
43.44,236.0,3.0,0.0,2.4186,1.4655,-0.9531,82.235
43.45,236.0,3.0,0.0,2.4186,1.4742,-0.9444,82.042
43.46,236.0,3.0,0.0,2.4186,1.4742,-0.9444,82.106
43.47,236.0,3.0,0.0,2.4186,1.4655,-0.9531,82.219
43.48,236.0,3.0,0.0,2.4186,1.4655,-0.9531,82.268
43.49,236.0,3.0,0.0,2.4186,1.4655,-0.9531,82.092
43.5,236.0,3.0,0.0,2.4186,1.4655,-0.9531,82.172
43.51,236.0,3.0,0.0,2.4186,1.4742,-0.9444,82.366
43.52,236.0,3.0,0.0,2.4186,1.4655,-0.9531,82.237
43.53,236.0,3.0,0.0,2.4186,1.4655,-0.9531,82.301
43.54,236.0,3.0,0.0,2.4186,1.4655,-0.9531,82.253
43.55,236.0,3.0,0.0,2.4186,1.4655,-0.9531,82.09
43.56,236.0,3.0,0.0,2.4186,1.4655,-0.9531,82.317
43.57,236.0,3.0,0.0,2.4186,1.4742,-0.9444,82.221
43.58,236.0,3.0,0.0,2.4186,1.4742,-0.9444,82.237
43.59,236.0,3.0,0.0,2.4186,1.4742,-0.9444,82.495
43.6,236.0,3.0,0.0,2.4186,1.4742,-0.9444,82.076
43.61,236.0,3.0,0.0,2.4186,1.4655,-0.9531,82.366
43.62,236.0,3.0,0.0,2.4186,1.4567,-0.9619,82.141
43.63,236.0,3.0,0.0,2.4186,1.4567,-0.9619,82.171
43.64,236.0,3.0,0.0,2.4186,1.4567,-0.9619,82.251
43.65,236.0,3.0,0.0,2.4186,1.4567,-0.9619,82.091
43.66,236.0,3.0,0.0,2.4186,1.448,-0.9706,82.205
43.67,236.0,3.0,0.0,2.4186,1.448,-0.9706,82.157
43.68,236.0,3.0,0.0,2.4186,1.4655,-0.9531,82.317
43.69,236.0,3.0,0.0,2.4186,1.4567,-0.9619,82.445
43.7,236.0,3.0,0.0,2.4186,1.4655,-0.9531,82.172
43.71,236.0,3.0,0.0,2.4186,1.4655,-0.9531,82.268
43.72,236.0,3.0,0.0,2.4186,1.4655,-0.9531,82.285
43.73,236.0,3.0,0.0,2.4186,1.4567,-0.9619,82.269
43.74,236.0,3.0,0.0,2.4186,1.4567,-0.9619,82.333
43.75,236.0,3.0,0.0,2.4186,1.4567,-0.9619,82.059
43.76,236.0,3.0,0.0,2.4186,1.4567,-0.9619,82.333
43.77,236.0,3.0,0.0,2.4186,1.4567,-0.9619,82.269
43.78,236.0,3.0,0.0,2.4186,1.4567,-0.9619,82.317
43.79,236.0,3.0,0.0,2.4186,1.4655,-0.9531,82.174
43.8,236.0,3.0,0.0,2.4186,1.4655,-0.9531,82.236
43.81,236.0,3.0,0.0,2.4186,1.4655,-0.9531,82.221
43.82,236.0,3.0,0.0,2.4186,1.4655,-0.9531,82.125
43.83,236.0,3.0,0.0,2.4186,1.4655,-0.9531,82.3
43.84,236.0,3.0,0.0,2.4186,1.4655,-0.9531,82.316
43.85,236.0,3.0,0.0,2.4186,1.4655,-0.9531,82.237
43.86,236.0,3.0,0.0,2.4186,1.4567,-0.9619,82.188
43.87,236.0,3.0,0.0,2.4186,1.4655,-0.9531,82.107
43.88,236.0,3.0,0.0,2.4186,1.4655,-0.9531,81.996
43.89,236.0,3.0,0.0,2.4186,1.4655,-0.9531,82.236
43.9,236.0,3.0,0.0,2.4186,1.4655,-0.9531,82.173
43.91,236.0,3.0,0.0,2.4186,1.4655,-0.9531,82.027
43.92,236.0,3.0,0.0,2.4186,1.4742,-0.9444,82.285
43.93,236.0,3.0,0.0,2.4186,1.4742,-0.9444,82.236
43.94,236.0,3.0,0.0,2.4186,1.4742,-0.9444,82.221
43.95,236.0,3.0,0.0,2.4186,1.4742,-0.9444,82.124
43.96,236.0,3.0,0.0,2.4186,1.4742,-0.9444,82.026
43.97,236.0,3.0,0.0,2.4186,1.4742,-0.9444,82.413
43.98,236.0,3.0,0.0,2.4186,1.4742,-0.9444,82.269
43.99,236.0,3.0,0.0,2.4186,1.4742,-0.9444,82.317
44.0,236.0,3.0,0.0,2.4186,1.4742,-0.9444,82.22
44.01,236.0,3.0,0.0,2.4186,1.4742,-0.9444,82.365
44.02,236.0,3.0,0.0,2.4186,1.4742,-0.9444,82.236
44.03,236.0,3.0,0.0,2.4186,1.4742,-0.9444,82.174
44.04,236.0,3.0,0.0,2.4186,1.4742,-0.9444,82.252
44.05,236.0,3.0,0.0,2.4186,1.483,-0.9356,82.059
44.06,236.0,3.0,0.0,2.4186,1.4742,-0.9444,82.139
44.07,236.0,3.0,0.0,2.4186,1.483,-0.9356,82.204
44.08,236.0,3.0,0.0,2.4186,1.4742,-0.9444,82.09
44.09,236.0,3.0,0.0,2.4186,1.4742,-0.9444,82.349
44.1,236.0,3.0,0.0,2.4186,1.4655,-0.9531,82.06
44.11,236.0,3.0,0.0,2.4186,1.4567,-0.9619,82.235
44.12,236.0,3.0,0.0,2.4186,1.4567,-0.9619,82.22
44.13,236.0,3.0,0.0,2.4186,1.4655,-0.9531,82.22
44.14,236.0,3.0,0.0,2.4186,1.4655,-0.9531,82.22
44.15,236.0,3.0,0.0,2.4186,1.4742,-0.9444,82.253
44.16,236.0,3.0,0.0,2.4186,1.4655,-0.9531,82.157
44.17,236.0,3.0,0.0,2.4186,1.4655,-0.9531,81.946
44.18,236.0,3.0,0.0,2.4186,1.4655,-0.9531,82.285
44.19,236.0,3.0,0.0,2.4186,1.4742,-0.9444,82.35
44.2,236.0,3.0,0.0,2.4186,1.4742,-0.9444,82.141
44.21,236.0,3.0,0.0,2.4186,1.483,-0.9356,82.365
44.22,236.0,3.0,0.0,2.4186,1.4742,-0.9444,82.22
44.23,236.0,3.0,0.0,2.4186,1.4742,-0.9444,82.204
44.24,236.0,3.0,0.0,2.4186,1.4742,-0.9444,82.284
44.25,236.0,3.0,0.0,2.4186,1.4655,-0.9531,82.139
44.26,236.0,3.0,0.0,2.4186,1.4655,-0.9531,82.22
44.27,236.0,3.0,0.0,2.4186,1.4655,-0.9531,82.349
44.28,236.0,3.0,0.0,2.4186,1.4655,-0.9531,82.14
44.29,236.0,3.0,0.0,2.4186,1.4655,-0.9531,82.333
44.3,236.0,3.0,0.0,2.4186,1.4655,-0.9531,82.106
44.31,236.0,3.0,0.0,2.4186,1.4742,-0.9444,82.252
44.32,236.0,3.0,0.0,2.4186,1.4655,-0.9531,82.366
44.33,236.0,3.0,0.0,2.4186,1.4655,-0.9531,82.01
44.34,236.0,3.0,0.0,2.4186,1.4742,-0.9444,82.188
44.35,236.0,3.0,0.0,2.4186,1.4655,-0.9531,82.236
44.36,236.0,3.0,0.0,2.4186,1.4655,-0.9531,82.141
44.37,236.0,3.0,0.0,2.4186,1.4655,-0.9531,82.124
44.38,236.0,3.0,0.0,2.4186,1.4742,-0.9444,82.155
44.39,236.0,3.0,0.0,2.4186,1.4655,-0.9531,82.317
44.4,236.0,3.0,0.0,2.4186,1.4655,-0.9531,82.107
44.41,236.0,3.0,0.0,2.4186,1.4655,-0.9531,82.189
44.42,236.0,3.0,0.0,2.4186,1.4655,-0.9531,82.156
44.43,236.0,3.0,0.0,2.4186,1.4655,-0.9531,82.139
44.44,236.0,3.0,0.0,2.4186,1.4655,-0.9531,82.188
44.45,236.0,3.0,0.0,2.4186,1.4655,-0.9531,82.156
44.46,236.0,3.0,0.0,2.4186,1.4655,-0.9531,82.156
44.47,236.0,3.0,0.0,2.4186,1.4567,-0.9619,82.141
44.48,236.0,3.0,0.0,2.4186,1.4567,-0.9619,82.075
44.49,236.0,3.0,0.0,2.4186,1.4567,-0.9619,82.317
44.5,236.0,3.0,0.0,2.4186,1.4655,-0.9531,82.27
44.51,236.0,3.0,0.0,2.4186,1.4655,-0.9531,82.059
44.52,236.0,3.0,0.0,2.4186,1.4567,-0.9619,82.22
44.53,236.0,3.0,0.0,2.4186,1.4655,-0.9531,82.108
44.54,236.0,3.0,0.0,2.4186,1.4567,-0.9619,82.22
44.55,236.0,3.0,0.0,2.4186,1.4567,-0.9619,82.107
44.56,236.0,3.0,0.0,2.4186,1.4567,-0.9619,82.251
44.57,236.0,3.0,0.0,2.4186,1.4655,-0.9531,82.382
44.58,236.0,3.0,0.0,2.4186,1.4655,-0.9531,82.237
44.59,236.0,3.0,0.0,2.4186,1.4655,-0.9531,82.3
44.6,236.0,3.0,0.0,2.4186,1.4655,-0.9531,82.222
44.61,236.0,3.0,0.0,2.4186,1.4655,-0.9531,82.141
44.62,236.0,3.0,0.0,2.4186,1.4567,-0.9619,82.22
44.63,236.0,3.0,0.0,2.4186,1.4655,-0.9531,82.318
44.64,236.0,3.0,0.0,2.4186,1.4742,-0.9444,82.253
44.65,236.0,3.0,0.0,2.4186,1.4655,-0.9531,82.173
44.66,236.0,3.0,0.0,2.4186,1.4655,-0.9531,82.012
44.67,236.0,3.0,0.0,2.4186,1.4655,-0.9531,82.268
44.68,236.0,3.0,0.0,2.4186,1.4655,-0.9531,82.254
44.69,236.0,3.0,0.0,2.4186,1.4742,-0.9444,82.317
44.7,236.0,3.0,0.0,2.4186,1.4655,-0.9531,81.93
44.71,236.0,3.0,0.0,2.4186,1.4655,-0.9531,82.09
44.72,236.0,3.0,0.0,2.4186,1.4655,-0.9531,82.251
44.73,236.0,3.0,0.0,2.4186,1.4655,-0.9531,82.236
44.74,236.0,3.0,0.0,2.4186,1.4655,-0.9531,82.496
44.75,236.0,3.0,0.0,2.4186,1.4655,-0.9531,81.995
44.76,236.0,3.0,0.0,2.4186,1.4655,-0.9531,82.188
44.77,236.0,3.0,0.0,2.4186,1.4655,-0.9531,82.156
44.78,236.0,3.0,0.0,2.4186,1.4655,-0.9531,82.091
44.79,236.0,3.0,0.0,2.4186,1.4567,-0.9619,82.139
44.8,236.0,3.0,0.0,2.4186,1.4655,-0.9531,82.253
44.81,236.0,3.0,0.0,2.4186,1.4567,-0.9619,82.139
44.82,236.0,3.0,0.0,2.4186,1.448,-0.9706,82.268
44.83,236.0,3.0,0.0,2.4186,1.448,-0.9706,82.236
44.84,236.0,3.0,0.0,2.4186,1.4655,-0.9531,82.059
44.85,236.0,3.0,0.0,2.4186,1.448,-0.9706,82.398
44.86,236.0,3.0,0.0,2.4186,1.4655,-0.9531,82.252
44.87,236.0,3.0,0.0,2.4186,1.448,-0.9706,82.349
44.88,236.0,3.0,0.0,2.4186,1.4567,-0.9619,82.172
44.89,236.0,3.0,0.0,2.4186,1.4567,-0.9619,82.268
44.9,236.0,3.0,0.0,2.4186,1.4567,-0.9619,82.155
44.91,236.0,3.0,0.0,2.4186,1.4567,-0.9619,82.186
44.92,236.0,3.0,0.0,2.4186,1.4567,-0.9619,82.301
44.93,236.0,3.0,0.0,2.4186,1.4567,-0.9619,82.075
44.94,236.0,3.0,0.0,2.4186,1.4567,-0.9619,82.35
44.95,236.0,3.0,0.0,2.4186,1.4567,-0.9619,82.14
44.96,236.0,3.0,0.0,2.4186,1.4567,-0.9619,82.316
44.97,236.0,3.0,0.0,2.4186,1.4567,-0.9619,82.108
44.98,236.0,3.0,0.0,2.4186,1.4567,-0.9619,82.22
44.99,236.0,3.0,0.0,2.4186,1.4567,-0.9619,82.285
45.0,236.0,3.0,0.0,2.4186,1.448,-0.9706,82.221
45.01,236.0,3.0,0.0,2.4186,1.4567,-0.9619,82.268
45.02,236.0,3.0,0.0,2.4186,1.4567,-0.9619,82.139
45.03,236.0,3.0,0.0,2.4186,1.448,-0.9706,82.139
45.04,236.0,3.0,0.0,2.4186,1.4567,-0.9619,82.077
45.05,236.0,3.0,0.0,2.4186,1.4567,-0.9619,82.205
45.06,236.0,3.0,0.0,2.4186,1.4567,-0.9619,82.317
45.07,236.0,3.0,0.0,2.4186,1.4567,-0.9619,82.107
45.08,236.0,3.0,0.0,2.4186,1.4567,-0.9619,82.364
45.09,236.0,3.0,0.0,2.4186,1.448,-0.9706,82.366
45.1,236.0,3.0,0.0,2.4186,1.448,-0.9706,82.188
45.11,236.0,3.0,0.0,2.4186,1.4567,-0.9619,82.236
45.12,236.0,3.0,0.0,2.4186,1.4567,-0.9619,82.141
45.13,236.0,3.0,0.0,2.4186,1.4567,-0.9619,82.043
45.14,236.0,3.0,0.0,2.4186,1.4655,-0.9531,82.219
45.15,236.0,3.0,0.0,2.4186,1.4567,-0.9619,82.349
45.16,236.0,3.0,0.0,2.4186,1.4655,-0.9531,82.35
45.17,236.0,3.0,0.0,2.4186,1.4655,-0.9531,82.302
45.18,236.0,3.0,0.0,2.4186,1.4567,-0.9619,82.221
45.19,236.0,3.0,0.0,2.4186,1.4567,-0.9619,82.22
45.2,236.0,3.0,0.0,2.4186,1.4655,-0.9531,82.268
45.21,236.0,3.0,0.0,2.4186,1.4655,-0.9531,82.204
45.22,236.0,3.0,0.0,2.4186,1.4655,-0.9531,82.173
45.23,236.0,3.0,0.0,2.4186,1.4742,-0.9444,81.98
45.24,236.0,3.0,0.0,2.4186,1.4742,-0.9444,82.301
45.25,236.0,3.0,0.0,2.4186,1.483,-0.9356,82.156
45.26,236.0,3.0,0.0,2.4186,1.483,-0.9356,82.011
45.27,236.0,3.0,0.0,2.4186,1.483,-0.9356,82.156
45.28,236.0,3.0,0.0,2.4186,1.483,-0.9356,81.995
45.29,236.0,3.0,0.0,2.4186,1.483,-0.9356,82.22
45.3,236.0,3.0,0.0,2.4186,1.483,-0.9356,82.109
45.31,236.0,3.0,0.0,2.4186,1.483,-0.9356,82.091
45.32,236.0,3.0,0.0,2.4186,1.483,-0.9356,82.156
45.33,236.0,3.0,0.0,2.4186,1.483,-0.9356,81.995
45.34,236.0,3.0,0.0,2.4186,1.4742,-0.9444,82.382
45.35,236.0,3.0,0.0,2.4186,1.4742,-0.9444,82.318
45.36,236.0,3.0,0.0,2.4186,1.4742,-0.9444,82.318
45.37,236.0,3.0,0.0,2.4186,1.4742,-0.9444,82.222
45.38,236.0,3.0,0.0,2.4186,1.4742,-0.9444,81.993
45.39,236.0,3.0,0.0,2.4186,1.4742,-0.9444,82.187
45.4,236.0,3.0,0.0,2.4186,1.4655,-0.9531,81.993
45.41,236.0,3.0,0.0,2.4186,1.4742,-0.9444,82.203
45.42,236.0,3.0,0.0,2.4186,1.4742,-0.9444,82.317
45.43,236.0,3.0,0.0,2.4186,1.4742,-0.9444,82.124
45.44,236.0,3.0,0.0,2.4186,1.4742,-0.9444,82.395
45.45,236.0,3.0,0.0,2.4186,1.4742,-0.9444,82.236
45.46,236.0,3.0,0.0,2.4186,1.4742,-0.9444,82.156
45.47,236.0,3.0,0.0,2.4186,1.4742,-0.9444,82.188
45.48,236.0,3.0,0.0,2.4186,1.4742,-0.9444,82.155
45.49,236.0,3.0,0.0,2.4186,1.4567,-0.9619,82.155
45.5,236.0,3.0,0.0,2.4186,1.4742,-0.9444,81.946
45.51,236.0,3.0,0.0,2.4186,1.4742,-0.9444,82.09
45.52,236.0,3.0,0.0,2.4186,1.4655,-0.9531,82.219
45.53,236.0,3.0,0.0,2.4186,1.4655,-0.9531,82.173
45.54,236.0,3.0,0.0,2.4186,1.4655,-0.9531,82.332
45.55,236.0,3.0,0.0,2.4186,1.4742,-0.9444,82.252
45.56,236.0,3.0,0.0,2.4186,1.4655,-0.9531,82.027
45.57,236.0,3.0,0.0,2.4186,1.4655,-0.9531,82.301
45.58,236.0,3.0,0.0,2.4186,1.4567,-0.9619,82.139
45.59,236.0,3.0,0.0,2.4186,1.4742,-0.9444,82.349
45.6,236.0,3.0,0.0,2.4186,1.4742,-0.9444,82.156
45.61,236.0,3.0,0.0,2.4186,1.4567,-0.9619,82.398
45.62,236.0,3.0,0.0,2.4186,1.4567,-0.9619,82.334
45.63,236.0,3.0,0.0,2.4186,1.4655,-0.9531,82.122
45.64,236.0,3.0,0.0,2.4186,1.4655,-0.9531,82.138
45.65,236.0,3.0,0.0,2.4186,1.4655,-0.9531,82.316
45.66,236.0,3.0,0.0,2.4186,1.4567,-0.9619,82.301
45.67,236.0,3.0,0.0,2.4186,1.4655,-0.9531,82.317
45.68,236.0,3.0,0.0,2.4186,1.4742,-0.9444,82.187
45.69,236.0,3.0,0.0,2.4186,1.4655,-0.9531,82.301
45.7,236.0,3.0,0.0,2.4186,1.4742,-0.9444,82.06
45.71,236.0,3.0,0.0,2.4186,1.4742,-0.9444,82.107
45.72,236.0,3.0,0.0,2.4186,1.4742,-0.9444,82.381
45.73,236.0,3.0,0.0,2.4186,1.4742,-0.9444,82.173
45.74,236.0,3.0,0.0,2.4186,1.4742,-0.9444,82.171
45.75,236.0,3.0,0.0,2.4186,1.4742,-0.9444,82.17
45.76,236.0,3.0,0.0,2.4186,1.4742,-0.9444,82.219
45.77,236.0,3.0,0.0,2.4186,1.4655,-0.9531,82.173
45.78,236.0,3.0,0.0,2.4186,1.4742,-0.9444,82.22
45.79,236.0,3.0,0.0,2.4186,1.4655,-0.9531,82.157
45.8,236.0,3.0,0.0,2.4186,1.4655,-0.9531,82.317
45.81,236.0,3.0,0.0,2.4186,1.4742,-0.9444,82.269
45.82,236.0,3.0,0.0,2.4186,1.4742,-0.9444,82.188
45.83,236.0,3.0,0.0,2.4186,1.4742,-0.9444,82.01
45.84,236.0,3.0,0.0,2.4186,1.4742,-0.9444,82.269
45.85,236.0,3.0,0.0,2.4186,1.4742,-0.9444,82.204
45.86,236.0,3.0,0.0,2.4186,1.4742,-0.9444,82.252
45.87,236.0,3.0,0.0,2.4186,1.483,-0.9356,82.236
45.88,236.0,3.0,0.0,2.4186,1.4742,-0.9444,82.09
45.89,236.0,3.0,0.0,2.4186,1.4742,-0.9444,82.139
45.9,236.0,3.0,0.0,2.4186,1.483,-0.9356,82.284
45.91,236.0,3.0,0.0,2.4186,1.4742,-0.9444,82.221
45.92,236.0,3.0,0.0,2.4186,1.483,-0.9356,82.22
45.93,236.0,3.0,0.0,2.4186,1.4655,-0.9531,82.268
45.94,236.0,3.0,0.0,2.4186,1.4655,-0.9531,82.285
45.95,236.0,3.0,0.0,2.4186,1.4655,-0.9531,82.157
45.96,236.0,3.0,0.0,2.4186,1.4742,-0.9444,82.252
45.97,236.0,3.0,0.0,2.4186,1.4742,-0.9444,82.157
45.98,236.0,3.0,0.0,2.4186,1.4655,-0.9531,82.235
45.99,236.0,3.0,0.0,2.4186,1.4742,-0.9444,82.236
46.0,236.0,3.0,0.0,2.4186,1.4655,-0.9531,82.092
46.01,236.0,3.0,0.0,2.4186,1.4655,-0.9531,82.123
46.02,236.0,3.0,0.0,2.4186,1.4742,-0.9444,82.123
46.03,236.0,3.0,0.0,2.4186,1.4742,-0.9444,82.252
46.04,236.0,3.0,0.0,2.4186,1.4742,-0.9444,82.252
46.05,236.0,3.0,0.0,2.4186,1.4742,-0.9444,82.252
46.06,236.0,3.0,0.0,2.4186,1.4655,-0.9531,82.268
46.07,236.0,3.0,0.0,2.4186,1.4742,-0.9444,82.284
46.08,236.0,3.0,0.0,2.4186,1.4655,-0.9531,82.253
46.09,236.0,3.0,0.0,2.4186,1.4742,-0.9444,82.268
46.1,236.0,3.0,0.0,2.4186,1.4742,-0.9444,81.962
46.11,236.0,3.0,0.0,2.4186,1.4567,-0.9619,82.219
46.12,236.0,3.0,0.0,2.4186,1.4655,-0.9531,82.268
46.13,236.0,3.0,0.0,2.4186,1.4655,-0.9531,82.092
46.14,236.0,3.0,0.0,2.4186,1.4655,-0.9531,82.122
46.15,236.0,3.0,0.0,2.4186,1.4742,-0.9444,82.172
46.16,236.0,3.0,0.0,2.4186,1.4655,-0.9531,82.138
46.17,236.0,3.0,0.0,2.4186,1.4655,-0.9531,82.252
46.18,236.0,3.0,0.0,2.4186,1.4655,-0.9531,82.107
46.19,236.0,3.0,0.0,2.4186,1.4742,-0.9444,82.155
46.2,236.0,3.0,0.0,2.4186,1.4655,-0.9531,82.156
46.21,236.0,3.0,0.0,2.4186,1.4655,-0.9531,82.204
46.22,236.0,3.0,0.0,2.4186,1.4655,-0.9531,82.333
46.23,236.0,3.0,0.0,2.4186,1.4655,-0.9531,81.946
46.24,236.0,3.0,0.0,2.4186,1.4655,-0.9531,82.219
46.25,236.0,3.0,0.0,2.4186,1.4567,-0.9619,82.22
46.26,236.0,3.0,0.0,2.4186,1.4655,-0.9531,82.093
46.27,236.0,3.0,0.0,2.4186,1.4567,-0.9619,82.252
46.28,236.0,3.0,0.0,2.4186,1.4655,-0.9531,82.22
46.29,236.0,3.0,0.0,2.4186,1.448,-0.9706,82.414
46.3,236.0,3.0,0.0,2.4186,1.4655,-0.9531,82.205
46.31,236.0,3.0,0.0,2.4186,1.4655,-0.9531,82.172
46.32,236.0,3.0,0.0,2.4186,1.4567,-0.9619,82.334
46.33,236.0,3.0,0.0,2.4186,1.4655,-0.9531,82.269
46.34,236.0,3.0,0.0,2.4186,1.4742,-0.9444,82.171
46.35,236.0,3.0,0.0,2.4186,1.4655,-0.9531,82.059
46.36,236.0,3.0,0.0,2.4186,1.4655,-0.9531,82.188
46.37,236.0,3.0,0.0,2.4186,1.4655,-0.9531,82.235
46.38,236.0,3.0,0.0,2.4186,1.4742,-0.9444,82.189
46.39,236.0,3.0,0.0,2.4186,1.4655,-0.9531,82.301
46.4,236.0,3.0,0.0,2.4186,1.4742,-0.9444,82.123
46.41,236.0,3.0,0.0,2.4186,1.4742,-0.9444,82.204
46.42,236.0,3.0,0.0,2.4186,1.4742,-0.9444,82.156
46.43,236.0,3.0,0.0,2.4186,1.4742,-0.9444,82.14
46.44,236.0,3.0,0.0,2.4186,1.4742,-0.9444,82.301
46.45,236.0,3.0,0.0,2.4186,1.483,-0.9356,82.222
46.46,236.0,3.0,0.0,2.4186,1.4742,-0.9444,82.284
46.47,236.0,3.0,0.0,2.4186,1.483,-0.9356,82.173
46.48,236.0,3.0,0.0,2.4186,1.483,-0.9356,82.284
46.49,236.0,3.0,0.0,2.4186,1.483,-0.9356,82.237
46.5,236.0,3.0,0.0,2.4186,1.4742,-0.9444,82.284
46.51,236.0,3.0,0.0,2.4186,1.483,-0.9356,82.3
46.52,236.0,3.0,0.0,2.4186,1.4742,-0.9444,82.106
46.53,236.0,3.0,0.0,2.4186,1.4742,-0.9444,82.025
46.54,236.0,3.0,0.0,2.4186,1.4742,-0.9444,82.333
46.55,236.0,3.0,0.0,2.4186,1.4742,-0.9444,82.108
46.56,236.0,3.0,0.0,2.4186,1.4742,-0.9444,82.203
46.57,236.0,3.0,0.0,2.4186,1.483,-0.9356,82.333
46.58,236.0,3.0,0.0,2.4186,1.4742,-0.9444,82.01
46.59,236.0,3.0,0.0,2.4186,1.4567,-0.9619,82.074
46.6,236.0,3.0,0.0,2.4186,1.4655,-0.9531,82.154
46.61,236.0,3.0,0.0,2.4186,1.4655,-0.9531,82.141
46.62,236.0,3.0,0.0,2.4186,1.4742,-0.9444,82.171
46.63,236.0,3.0,0.0,2.4186,1.4655,-0.9531,82.252
46.64,236.0,3.0,0.0,2.4186,1.4742,-0.9444,82.108
46.65,236.0,3.0,0.0,2.4186,1.4742,-0.9444,81.947
46.66,236.0,3.0,0.0,2.4186,1.4742,-0.9444,82.236
46.67,236.0,3.0,0.0,2.4186,1.4655,-0.9531,82.251
46.68,236.0,3.0,0.0,2.4186,1.4742,-0.9444,82.141
46.69,236.0,3.0,0.0,2.4186,1.4655,-0.9531,82.268
46.7,236.0,3.0,0.0,2.4186,1.4655,-0.9531,82.237
46.71,236.0,3.0,0.0,2.4186,1.4655,-0.9531,82.139
46.72,236.0,3.0,0.0,2.4186,1.4655,-0.9531,82.154
46.73,236.0,3.0,0.0,2.4186,1.4567,-0.9619,82.204
46.74,236.0,3.0,0.0,2.4186,1.4655,-0.9531,82.301
46.75,236.0,3.0,0.0,2.4186,1.4655,-0.9531,82.236
46.76,236.0,3.0,0.0,2.4186,1.4567,-0.9619,82.316
46.77,236.0,3.0,0.0,2.4186,1.4742,-0.9444,82.3
46.78,236.0,3.0,0.0,2.4186,1.4655,-0.9531,82.22
46.79,236.0,3.0,0.0,2.4186,1.4742,-0.9444,82.236
46.8,236.0,3.0,0.0,2.4186,1.4655,-0.9531,82.333
46.81,236.0,3.0,0.0,2.4186,1.4567,-0.9619,82.108
46.82,236.0,3.0,0.0,2.4186,1.4567,-0.9619,82.187
46.83,236.0,3.0,0.0,2.4186,1.4742,-0.9444,82.091
46.84,236.0,3.0,0.0,2.4186,1.4742,-0.9444,82.317
46.85,236.0,3.0,0.0,2.4186,1.4742,-0.9444,82.22
46.86,236.0,3.0,0.0,2.4186,1.4655,-0.9531,82.141
46.87,236.0,3.0,0.0,2.4186,1.4655,-0.9531,82.268
46.88,236.0,3.0,0.0,2.4186,1.4655,-0.9531,82.221
46.89,236.0,3.0,0.0,2.4186,1.4742,-0.9444,82.236
46.9,236.0,3.0,0.0,2.4186,1.4742,-0.9444,81.929
46.91,236.0,3.0,0.0,2.4186,1.4742,-0.9444,82.106
46.92,236.0,3.0,0.0,2.4186,1.4655,-0.9531,82.17
46.93,236.0,3.0,0.0,2.4186,1.4655,-0.9531,82.349
46.94,236.0,3.0,0.0,2.4186,1.4655,-0.9531,82.107
46.95,236.0,3.0,0.0,2.4186,1.4655,-0.9531,82.123
46.96,236.0,3.0,0.0,2.4186,1.4655,-0.9531,82.236
46.97,236.0,3.0,0.0,2.4186,1.4567,-0.9619,82.22
46.98,236.0,3.0,0.0,2.4186,1.4655,-0.9531,82.171
46.99,236.0,3.0,0.0,2.4186,1.4567,-0.9619,82.3
47.0,236.0,3.0,0.0,2.4186,1.4567,-0.9619,82.188
47.01,236.0,3.0,0.0,2.4186,1.4655,-0.9531,82.06
47.02,236.0,3.0,0.0,2.4186,1.4655,-0.9531,82.154
47.03,236.0,3.0,0.0,2.4186,1.4655,-0.9531,82.219
47.04,236.0,3.0,0.0,2.4186,1.4742,-0.9444,82.301
47.05,236.0,3.0,0.0,2.4186,1.4567,-0.9619,82.301
47.06,236.0,3.0,0.0,2.4186,1.4567,-0.9619,82.156
47.07,236.0,3.0,0.0,2.4186,1.4567,-0.9619,82.252
47.08,236.0,3.0,0.0,2.4186,1.4567,-0.9619,81.961
47.09,236.0,3.0,0.0,2.4186,1.4655,-0.9531,82.203
47.1,236.0,3.0,0.0,2.4186,1.4567,-0.9619,82.284
47.11,236.0,3.0,0.0,2.4186,1.4655,-0.9531,82.333
47.12,236.0,3.0,0.0,2.4186,1.4567,-0.9619,82.221
47.13,236.0,3.0,0.0,2.4186,1.4567,-0.9619,82.124
47.14,236.0,3.0,0.0,2.4186,1.4655,-0.9531,82.139
47.15,236.0,3.0,0.0,2.4186,1.4567,-0.9619,82.171
47.16,236.0,3.0,0.0,2.4186,1.4655,-0.9531,82.203
47.17,236.0,3.0,0.0,2.4186,1.4567,-0.9619,82.268
47.18,236.0,3.0,0.0,2.4186,1.4655,-0.9531,82.171
47.19,236.0,3.0,0.0,2.4186,1.4567,-0.9619,82.139
47.2,236.0,3.0,0.0,2.4186,1.4655,-0.9531,82.139
47.21,236.0,3.0,0.0,2.4186,1.4655,-0.9531,82.186
47.22,236.0,3.0,0.0,2.4186,1.4655,-0.9531,82.43
47.23,236.0,3.0,0.0,2.4186,1.4655,-0.9531,82.092
47.24,236.0,3.0,0.0,2.4186,1.4655,-0.9531,82.317
47.25,236.0,3.0,0.0,2.4186,1.4742,-0.9444,82.205
47.26,236.0,3.0,0.0,2.4186,1.4742,-0.9444,82.235
47.27,236.0,3.0,0.0,2.4186,1.4655,-0.9531,82.236
47.28,236.0,3.0,0.0,2.4186,1.4655,-0.9531,82.155
47.29,236.0,3.0,0.0,2.4186,1.4655,-0.9531,82.186
47.3,236.0,3.0,0.0,2.4186,1.4655,-0.9531,82.187
47.31,236.0,3.0,0.0,2.4186,1.4742,-0.9444,82.156
47.32,236.0,3.0,0.0,2.4186,1.4655,-0.9531,82.139
47.33,236.0,3.0,0.0,2.4186,1.4655,-0.9531,82.154
47.34,236.0,3.0,0.0,2.4186,1.4655,-0.9531,82.204
47.35,236.0,3.0,0.0,2.4186,1.4655,-0.9531,82.14
47.36,236.0,3.0,0.0,2.4186,1.4655,-0.9531,82.35
47.37,236.0,3.0,0.0,2.4186,1.4655,-0.9531,82.382
47.38,236.0,3.0,0.0,2.4186,1.4655,-0.9531,82.155
47.39,236.0,3.0,0.0,2.4186,1.4655,-0.9531,82.108
47.4,236.0,3.0,0.0,2.4186,1.4655,-0.9531,82.156
47.41,236.0,3.0,0.0,2.4186,1.4655,-0.9531,82.253
47.42,236.0,3.0,0.0,2.4186,1.4742,-0.9444,82.171
47.43,236.0,3.0,0.0,2.4186,1.4655,-0.9531,82.188
47.44,236.0,3.0,0.0,2.4186,1.4742,-0.9444,82.236
47.45,236.0,3.0,0.0,2.4186,1.4742,-0.9444,81.913
47.46,236.0,3.0,0.0,2.4186,1.4742,-0.9444,82.252
47.47,236.0,3.0,0.0,2.4186,1.4742,-0.9444,82.268
47.48,236.0,3.0,0.0,2.4186,1.483,-0.9356,82.268
47.49,236.0,3.0,0.0,2.4186,1.483,-0.9356,82.205
47.5,236.0,3.0,0.0,2.4186,1.4655,-0.9531,82.092
47.51,236.0,3.0,0.0,2.4186,1.4742,-0.9444,82.154
47.52,236.0,3.0,0.0,2.4186,1.518,-0.9006,65.963
47.53,19.0,0.0,6.0,49.3774,3.0673,-46.3101,-1.101
47.54,19.0,0.0,6.0,49.3774,7.9515,-41.4259,-1.056
47.55,19.0,0.0,6.0,49.3774,15.4003,-33.9771,-0.168
47.56,19.0,0.0,6.0,49.3774,22.5078,-26.8696,-1.22
47.57,19.0,0.0,6.0,49.3774,29.8254,-19.552,-0.83
47.58,19.0,0.0,6.0,49.3774,37.1867,-12.1907,-0.604
47.59,19.0,0.0,6.0,49.3774,44.2767,-5.1007,-0.733
47.6,19.0,0.0,6.0,49.3774,51.7693,2.3919,-0.813
47.61,19.0,0.0,6.0,49.3774,54.3777,5.0003,-0.637
47.62,19.0,0.0,6.0,49.3774,54.3427,4.9653,-0.652
47.63,19.0,0.0,6.0,49.3774,54.404,5.0266,-0.878
47.64,19.0,0.0,6.0,49.3774,54.369,4.9916,-0.734
47.65,19.0,0.0,6.0,49.3774,54.404,5.0266,-0.637
47.66,19.0,0.0,6.0,49.3774,54.3865,5.0091,-0.814
47.67,19.0,0.0,6.0,49.3774,54.404,5.0266,-0.572
47.68,19.0,0.0,6.0,49.3774,54.4215,5.0441,-0.62
47.69,19.0,0.0,6.0,49.3774,54.4302,5.0528,-0.636
47.7,19.0,0.0,6.0,49.3774,54.4302,5.0528,-0.684
47.71,19.0,0.0,6.0,49.3774,54.4127,5.0353,-0.781
47.72,19.0,0.0,6.0,49.3774,54.3952,5.0178,-0.635
47.73,19.0,0.0,6.0,49.3774,54.404,5.0266,-0.699
47.74,19.0,0.0,6.0,49.3774,54.4127,5.0353,-0.685
47.75,19.0,0.0,6.0,49.3774,54.404,5.0266,-0.781
47.76,19.0,0.0,6.0,49.3774,54.4302,5.0528,-0.637
47.77,5.0,3.0,0.0,52.407,54.404,1.997,-0.716
47.78,5.0,3.0,0.0,52.407,54.4127,2.0057,-0.797
47.79,5.0,3.0,0.0,52.407,54.4215,2.0145,-0.717
47.8,5.0,3.0,0.0,52.407,54.4477,2.0407,-0.604
47.81,5.0,3.0,0.0,52.407,54.4477,2.0407,-0.684
47.82,5.0,3.0,0.0,52.407,54.439,2.032,-0.699
47.83,5.0,3.0,0.0,52.407,54.4215,2.0145,-0.603
47.84,5.0,3.0,0.0,52.407,54.404,1.997,-0.667
47.85,5.0,3.0,0.0,52.407,54.404,1.997,-0.765
47.86,5.0,3.0,0.0,52.407,54.4302,2.0232,-0.765
47.87,5.0,3.0,0.0,52.407,54.439,2.032,-0.751
47.88,5.0,3.0,0.0,52.407,54.439,2.032,-0.701
47.89,5.0,3.0,0.0,52.407,54.4302,2.0232,-0.426
47.9,5.0,3.0,0.0,52.407,54.439,2.032,-0.54
47.91,5.0,3.0,0.0,52.407,54.439,2.032,-0.634
47.92,5.0,3.0,0.0,52.407,54.4477,2.0407,-0.539
47.93,5.0,3.0,0.0,52.407,54.439,2.032,-0.699
47.94,5.0,3.0,0.0,52.407,54.4127,2.0057,-0.652
47.95,5.0,3.0,0.0,52.407,54.4127,2.0057,-0.572
47.96,5.0,3.0,0.0,52.407,54.404,1.997,-0.555
47.97,5.0,3.0,0.0,52.407,54.4302,2.0232,-0.603
47.98,5.0,3.0,0.0,52.407,54.439,2.032,-0.846
47.99,5.0,3.0,0.0,52.407,54.439,2.032,-0.524
48.0,5.0,3.0,0.0,52.407,54.439,2.032,-0.586
48.01,5.0,3.0,0.0,52.407,54.439,2.032,-0.651
48.02,5.0,3.0,0.0,52.407,54.439,2.032,-0.49
48.03,5.0,3.0,0.0,52.407,54.4477,2.0407,-0.683
48.04,5.0,3.0,0.0,52.407,54.439,2.032,-0.637
48.05,5.0,3.0,0.0,52.407,54.4127,2.0057,-0.621
48.06,5.0,3.0,0.0,52.407,54.4127,2.0057,-0.78
48.07,5.0,3.0,0.0,52.407,54.404,1.997,-0.636
48.08,5.0,3.0,0.0,52.407,54.4302,2.0232,-0.411
48.09,5.0,3.0,0.0,52.407,54.439,2.032,-0.537
48.1,5.0,3.0,0.0,52.407,54.439,2.032,-0.684
48.11,5.0,3.0,0.0,52.407,54.439,2.032,-0.587
48.12,5.0,3.0,0.0,52.407,54.4302,2.0232,-0.683
48.13,5.0,3.0,0.0,52.407,54.4302,2.0232,-0.588
48.14,5.0,3.0,0.0,52.407,54.4215,2.0145,-0.522
48.15,5.0,3.0,0.0,52.407,54.4215,2.0145,-0.571
48.16,5.0,3.0,0.0,52.407,54.4127,2.0057,-0.619
48.17,5.0,3.0,0.0,52.407,54.4215,2.0145,-0.554
48.18,5.0,3.0,0.0,52.407,54.4215,2.0145,-0.458
48.19,5.0,3.0,0.0,52.407,54.4302,2.0232,-0.571
48.2,5.0,3.0,0.0,52.407,54.439,2.032,-0.555
48.21,5.0,3.0,0.0,52.407,54.4302,2.0232,-0.538
48.22,5.0,3.0,0.0,52.407,54.439,2.032,-0.603
48.23,5.0,3.0,0.0,52.407,54.4302,2.0232,-0.572
48.24,5.0,3.0,0.0,52.407,54.439,2.032,-0.458
48.25,5.0,3.0,0.0,52.407,54.4215,2.0145,-0.619
48.26,5.0,3.0,0.0,52.407,54.4215,2.0145,-0.524
48.27,5.0,3.0,0.0,52.407,54.4302,2.0232,-0.602
48.28,5.0,3.0,0.0,52.407,54.4302,2.0232,-0.426
48.29,5.0,3.0,0.0,52.407,54.439,2.032,-0.555
48.3,5.0,3.0,0.0,52.407,54.439,2.032,-0.635
48.31,5.0,3.0,0.0,52.407,54.439,2.032,-0.539
48.32,5.0,3.0,0.0,52.407,54.4477,2.0407,-0.475
48.33,5.0,3.0,0.0,52.407,54.439,2.032,-0.587
48.34,5.0,3.0,0.0,52.407,54.439,2.032,-0.555
48.35,5.0,3.0,0.0,52.407,54.4477,2.0407,-0.602
48.36,5.0,3.0,0.0,52.407,54.439,2.032,-0.636
48.37,5.0,3.0,0.0,52.407,54.439,2.032,-0.556
48.38,5.0,3.0,0.0,52.407,54.439,2.032,-0.635
48.39,5.0,3.0,0.0,52.407,54.4477,2.0407,-0.475
48.4,5.0,3.0,0.0,52.407,54.4477,2.0407,-0.604
48.41,5.0,3.0,0.0,52.407,54.4477,2.0407,-0.572
48.42,5.0,3.0,0.0,52.407,54.4477,2.0407,-0.619
48.43,5.0,3.0,0.0,52.407,54.4565,2.0495,-0.619
48.44,5.0,3.0,0.0,52.407,54.439,2.032,-0.667
48.45,5.0,3.0,0.0,52.407,54.4302,2.0232,-0.538
48.46,5.0,3.0,0.0,52.407,54.439,2.032,-0.653
48.47,5.0,3.0,0.0,52.407,54.439,2.032,-0.588
48.48,5.0,3.0,0.0,52.407,54.439,2.032,-0.555
48.49,5.0,3.0,0.0,52.407,54.439,2.032,-0.393
48.5,5.0,3.0,0.0,52.407,54.4477,2.0407,-0.604
48.51,5.0,3.0,0.0,52.407,54.439,2.032,-0.603
48.52,5.0,3.0,0.0,52.407,54.4477,2.0407,-0.571
48.53,5.0,3.0,0.0,52.407,54.4477,2.0407,-0.507
48.54,5.0,3.0,0.0,52.407,54.439,2.032,-0.459
48.55,5.0,3.0,0.0,52.407,54.4302,2.0232,-0.571
48.56,5.0,3.0,0.0,52.407,54.4302,2.0232,-0.683
48.57,5.0,3.0,0.0,52.407,54.4302,2.0232,-0.748
48.58,5.0,3.0,0.0,52.407,54.439,2.032,-0.541
48.59,5.0,3.0,0.0,52.407,54.4215,2.0145,-0.41
48.6,240.0,0.0,30.0,1.553,53.4324,51.8794,-0.505
48.61,240.0,0.0,30.0,1.553,47.6641,46.1111,-0.426
48.62,240.0,0.0,30.0,1.553,41.2219,39.6689,-0.523
48.63,240.0,0.0,30.0,1.553,34.0881,32.5351,-0.538
48.64,240.0,0.0,30.0,1.553,26.683,25.13,-0.442
48.65,240.0,0.0,30.0,1.553,19.6543,18.1013,-0.734
48.66,240.0,0.0,30.0,1.553,12.2317,10.6787,-0.62
48.67,240.0,0.0,30.0,1.553,4.7128,3.1598,3.423
48.68,240.0,0.0,30.0,1.553,1.8769,0.3239,96.386
48.69,240.0,0.0,30.0,1.553,1.0978,-0.4552,113.344
48.7,240.0,0.0,30.0,1.553,1.1066,-0.4464,107.338
48.71,240.0,0.0,30.0,1.553,1.1153,-0.4377,108.348
48.72,240.0,0.0,30.0,1.553,1.1153,-0.4377,111.81
48.73,240.0,0.0,30.0,1.553,1.1153,-0.4377,111.096
48.74,240.0,0.0,30.0,1.553,1.1153,-0.4377,110.137
48.75,240.0,0.0,30.0,1.553,1.1153,-0.4377,110.426
48.76,240.0,0.0,30.0,1.553,1.1153,-0.4377,110.133
48.77,240.0,0.0,30.0,1.553,1.1153,-0.4377,110.164
48.78,240.0,0.0,30.0,1.553,1.1153,-0.4377,111.855
48.79,240.0,0.0,30.0,1.553,1.1066,-0.4464,111.904
48.8,240.0,0.0,30.0,1.553,1.1066,-0.4464,110.376
48.81,240.0,0.0,30.0,1.553,1.0978,-0.4552,110.13
48.82,240.0,0.0,30.0,1.553,1.1066,-0.4464,110.911
48.83,240.0,0.0,30.0,1.553,1.1066,-0.4464,111.773
48.84,240.0,3.0,0.0,1.553,1.1066,-0.4464,111.53
48.85,240.0,3.0,0.0,1.553,1.1153,-0.4377,110.667
48.86,240.0,3.0,0.0,1.553,1.1153,-0.4377,110.423
48.87,240.0,3.0,0.0,1.553,1.1153,-0.4377,111.121
48.88,240.0,3.0,0.0,1.553,1.1153,-0.4377,111.674
48.89,240.0,3.0,0.0,1.553,1.1153,-0.4377,111.612
48.9,240.0,3.0,0.0,1.553,1.1153,-0.4377,110.96
48.91,240.0,3.0,0.0,1.553,1.1066,-0.4464,110.667
48.92,240.0,3.0,0.0,1.553,1.1066,-0.4464,110.91
48.93,240.0,3.0,0.0,1.553,1.1066,-0.4464,111.237
48.94,240.0,3.0,0.0,1.553,1.1153,-0.4377,111.609
48.95,240.0,3.0,0.0,1.553,1.1153,-0.4377,111.22
48.96,240.0,3.0,0.0,1.553,1.1153,-0.4377,110.732
48.97,240.0,3.0,0.0,1.553,1.1153,-0.4377,111.056
48.98,240.0,3.0,0.0,1.553,1.1153,-0.4377,111.559
48.99,240.0,3.0,0.0,1.553,1.1241,-0.4289,111.511
49.0,240.0,3.0,0.0,1.553,1.1153,-0.4377,110.894
49.01,240.0,3.0,0.0,1.553,1.1241,-0.4289,110.957
49.02,240.0,3.0,0.0,1.553,1.1153,-0.4377,111.138
49.03,240.0,3.0,0.0,1.553,1.1153,-0.4377,111.106
49.04,240.0,3.0,0.0,1.553,1.1241,-0.4289,111.477
49.05,240.0,3.0,0.0,1.553,1.1153,-0.4377,111.235
49.06,240.0,3.0,0.0,1.553,1.1153,-0.4377,111.007
49.07,240.0,3.0,0.0,1.553,1.1153,-0.4377,110.878
49.08,240.0,3.0,0.0,1.553,1.1153,-0.4377,111.266
49.09,240.0,3.0,0.0,1.553,1.1241,-0.4289,111.688
49.1,240.0,3.0,0.0,1.553,1.1241,-0.4289,111.252
49.11,240.0,3.0,0.0,1.553,1.1153,-0.4377,110.747
49.12,240.0,3.0,0.0,1.553,1.1153,-0.4377,111.005
49.13,240.0,3.0,0.0,1.553,1.1153,-0.4377,111.301
49.14,240.0,3.0,0.0,1.553,1.1241,-0.4289,111.429
49.15,240.0,3.0,0.0,1.553,1.1153,-0.4377,110.911
49.16,240.0,3.0,0.0,1.553,1.1153,-0.4377,110.878
49.17,240.0,3.0,0.0,1.553,1.1153,-0.4377,111.105
49.18,240.0,3.0,0.0,1.553,1.1153,-0.4377,111.3
49.19,240.0,3.0,0.0,1.553,1.1153,-0.4377,110.992
49.2,240.0,3.0,0.0,1.553,1.1241,-0.4289,110.96
49.21,240.0,3.0,0.0,1.553,1.1241,-0.4289,111.024
49.22,240.0,3.0,0.0,1.553,1.1153,-0.4377,111.024
49.23,240.0,3.0,0.0,1.553,1.1153,-0.4377,110.944
49.24,240.0,3.0,0.0,1.553,1.1241,-0.4289,111.362
49.25,240.0,3.0,0.0,1.553,1.1153,-0.4377,111.235
49.26,240.0,3.0,0.0,1.553,1.1241,-0.4289,110.878
49.27,240.0,3.0,0.0,1.553,1.1066,-0.4464,110.959
49.28,240.0,3.0,0.0,1.553,1.1153,-0.4377,111.088
49.29,240.0,3.0,0.0,1.553,1.1153,-0.4377,111.284
49.3,240.0,3.0,0.0,1.553,1.1241,-0.4289,110.846
49.31,240.0,3.0,0.0,1.553,1.1153,-0.4377,110.91
49.32,240.0,3.0,0.0,1.553,1.1241,-0.4289,110.991
49.33,240.0,3.0,0.0,1.553,1.1241,-0.4289,111.04
49.34,240.0,3.0,0.0,1.553,1.1241,-0.4289,111.057
49.35,240.0,3.0,0.0,1.553,1.1241,-0.4289,110.977
49.36,240.0,3.0,0.0,1.553,1.1241,-0.4289,110.927
49.37,240.0,3.0,0.0,1.553,1.1241,-0.4289,110.975
49.38,240.0,3.0,0.0,1.553,1.1241,-0.4289,110.959
49.39,240.0,3.0,0.0,1.553,1.1153,-0.4377,111.024
49.4,240.0,3.0,0.0,1.553,1.1241,-0.4289,111.169
49.41,240.0,3.0,0.0,1.553,1.1241,-0.4289,110.846
49.42,240.0,3.0,0.0,1.553,1.1241,-0.4289,111.023
49.43,240.0,3.0,0.0,1.553,1.1328,-0.4202,110.944
49.44,240.0,3.0,0.0,1.553,1.1241,-0.4289,111.04
49.45,240.0,3.0,0.0,1.553,1.1241,-0.4289,110.977
49.46,240.0,3.0,0.0,1.553,1.1328,-0.4202,110.895
49.47,240.0,3.0,0.0,1.553,1.1328,-0.4202,110.927
49.48,240.0,3.0,0.0,1.553,1.1328,-0.4202,110.895
49.49,240.0,3.0,0.0,1.553,1.1328,-0.4202,111.185
49.5,240.0,3.0,0.0,1.553,1.1328,-0.4202,110.911
49.51,240.0,3.0,0.0,1.553,1.1328,-0.4202,110.992
49.52,240.0,3.0,0.0,1.553,1.1328,-0.4202,110.863
49.53,240.0,3.0,0.0,1.553,1.1328,-0.4202,111.024
49.54,240.0,3.0,0.0,1.553,1.1328,-0.4202,111.009
49.55,240.0,3.0,0.0,1.553,1.1241,-0.4289,110.767
49.56,240.0,3.0,0.0,1.553,1.1241,-0.4289,110.845
49.57,240.0,3.0,0.0,1.553,1.1328,-0.4202,111.04
49.58,240.0,3.0,0.0,1.553,1.1328,-0.4202,110.927
49.59,240.0,3.0,0.0,1.553,1.1328,-0.4202,111.024
49.6,240.0,3.0,0.0,1.553,1.1241,-0.4289,110.863
49.61,240.0,3.0,0.0,1.553,1.1328,-0.4202,110.846
49.62,240.0,3.0,0.0,1.553,1.1328,-0.4202,111.088
49.63,240.0,3.0,0.0,1.553,1.1328,-0.4202,111.026
49.64,240.0,3.0,0.0,1.553,1.1328,-0.4202,110.976
49.65,240.0,3.0,0.0,1.553,1.1328,-0.4202,110.992
49.66,240.0,3.0,0.0,1.553,1.1328,-0.4202,110.83
49.67,240.0,3.0,0.0,1.553,1.1153,-0.4377,110.83
49.68,240.0,3.0,0.0,1.553,1.1328,-0.4202,110.861
49.69,240.0,3.0,0.0,1.553,1.1328,-0.4202,110.943
49.7,240.0,3.0,0.0,1.553,1.1328,-0.4202,110.879
49.71,240.0,3.0,0.0,1.553,1.1153,-0.4377,110.667
49.72,240.0,3.0,0.0,1.553,1.1241,-0.4289,110.894
49.73,240.0,3.0,0.0,1.553,1.1241,-0.4289,110.863
49.74,240.0,3.0,0.0,1.553,1.1153,-0.4377,110.894
49.75,240.0,3.0,0.0,1.553,1.1241,-0.4289,110.895
49.76,240.0,3.0,0.0,1.553,1.1241,-0.4289,110.943
49.77,240.0,3.0,0.0,1.553,1.1241,-0.4289,110.928
49.78,240.0,3.0,0.0,1.553,1.1241,-0.4289,110.782
49.79,240.0,3.0,0.0,1.553,1.1241,-0.4289,110.942
49.8,240.0,3.0,0.0,1.553,1.1153,-0.4377,110.863
49.81,240.0,3.0,0.0,1.553,1.1153,-0.4377,110.927
49.82,240.0,3.0,0.0,1.553,1.1241,-0.4289,110.879
49.83,240.0,3.0,0.0,1.553,1.1328,-0.4202,110.83
49.84,240.0,3.0,0.0,1.553,1.1241,-0.4289,110.862
49.85,240.0,3.0,0.0,1.553,1.1241,-0.4289,110.717
49.86,240.0,3.0,0.0,1.553,1.1241,-0.4289,110.749
49.87,240.0,3.0,0.0,1.553,1.1241,-0.4289,110.878
49.88,240.0,3.0,0.0,1.553,1.1241,-0.4289,110.894
49.89,240.0,3.0,0.0,1.553,1.1153,-0.4377,110.96
49.9,240.0,3.0,0.0,1.553,1.1328,-0.4202,110.797
49.91,240.0,3.0,0.0,1.553,1.1241,-0.4289,110.957
49.92,240.0,3.0,0.0,1.553,1.1153,-0.4377,110.895
49.93,240.0,3.0,0.0,1.553,1.1241,-0.4289,110.879
49.94,240.0,3.0,0.0,1.553,1.1328,-0.4202,111.025
49.95,240.0,3.0,0.0,1.553,1.1328,-0.4202,110.879
49.96,240.0,3.0,0.0,1.553,1.1241,-0.4289,110.765
49.97,240.0,3.0,0.0,1.553,1.1328,-0.4202,110.812
49.98,240.0,3.0,0.0,1.553,1.1328,-0.4202,110.877
49.99,240.0,3.0,0.0,1.553,1.1241,-0.4289,110.975
50.0,240.0,3.0,0.0,1.553,1.1241,-0.4289,110.895
50.01,240.0,3.0,0.0,1.553,1.1328,-0.4202,111.089
50.02,240.0,3.0,0.0,1.553,1.1328,-0.4202,110.96
50.03,240.0,3.0,0.0,1.553,1.1241,-0.4289,110.668
50.04,240.0,3.0,0.0,1.553,1.1241,-0.4289,110.845
50.05,240.0,3.0,0.0,1.553,1.1241,-0.4289,110.846
50.06,240.0,3.0,0.0,1.553,1.1328,-0.4202,110.846
50.07,240.0,3.0,0.0,1.553,1.1328,-0.4202,110.878
50.08,240.0,3.0,0.0,1.553,1.1241,-0.4289,110.781
50.09,240.0,3.0,0.0,1.553,1.1241,-0.4289,110.878
50.1,240.0,3.0,0.0,1.553,1.1328,-0.4202,110.781
50.11,240.0,3.0,0.0,1.553,1.1328,-0.4202,110.829
50.12,240.0,3.0,0.0,1.553,1.1416,-0.4114,110.894
50.13,240.0,3.0,0.0,1.553,1.1241,-0.4289,110.814
50.14,240.0,3.0,0.0,1.553,1.1328,-0.4202,110.846
50.15,240.0,3.0,0.0,1.553,1.1328,-0.4202,110.814
50.16,240.0,3.0,0.0,1.553,1.1241,-0.4289,110.862
50.17,240.0,3.0,0.0,1.553,1.1241,-0.4289,110.798
50.18,240.0,3.0,0.0,1.553,1.1328,-0.4202,110.91
50.19,240.0,3.0,0.0,1.553,1.1241,-0.4289,110.814
50.2,240.0,3.0,0.0,1.553,1.1241,-0.4289,110.797
50.21,240.0,3.0,0.0,1.553,1.1241,-0.4289,110.765
50.22,240.0,3.0,0.0,1.553,1.1241,-0.4289,110.975
50.23,240.0,3.0,0.0,1.553,1.1241,-0.4289,110.847
50.24,240.0,3.0,0.0,1.553,1.1153,-0.4377,110.879
50.25,240.0,3.0,0.0,1.553,1.1241,-0.4289,110.83
50.26,240.0,3.0,0.0,1.553,1.1241,-0.4289,110.717
50.27,240.0,3.0,0.0,1.553,1.1153,-0.4377,110.796
50.28,240.0,3.0,0.0,1.553,1.1153,-0.4377,110.83
50.29,240.0,3.0,0.0,1.553,1.1153,-0.4377,110.83
50.3,240.0,3.0,0.0,1.553,1.1153,-0.4377,110.862
50.31,240.0,3.0,0.0,1.553,1.1241,-0.4289,110.702
50.32,240.0,3.0,0.0,1.553,1.1241,-0.4289,110.781
50.33,240.0,3.0,0.0,1.553,1.1241,-0.4289,110.862
50.34,240.0,3.0,0.0,1.553,1.1241,-0.4289,110.927
50.35,240.0,3.0,0.0,1.553,1.1153,-0.4377,110.782
50.36,240.0,3.0,0.0,1.553,1.1241,-0.4289,110.894
50.37,240.0,3.0,0.0,1.553,1.1241,-0.4289,110.799
50.38,240.0,3.0,0.0,1.553,1.1241,-0.4289,110.846
50.39,240.0,3.0,0.0,1.553,1.1241,-0.4289,110.7
50.4,240.0,3.0,0.0,1.553,1.1241,-0.4289,110.846
50.41,240.0,3.0,0.0,1.553,1.1241,-0.4289,110.893
50.42,240.0,3.0,0.0,1.553,1.1328,-0.4202,110.831
50.43,240.0,3.0,0.0,1.553,1.1328,-0.4202,110.733
50.44,240.0,3.0,0.0,1.553,1.1328,-0.4202,110.749
50.45,240.0,3.0,0.0,1.553,1.1328,-0.4202,110.717
50.46,240.0,3.0,0.0,1.553,1.1328,-0.4202,110.829
50.47,240.0,3.0,0.0,1.553,1.1241,-0.4289,110.798
50.48,240.0,3.0,0.0,1.553,1.1328,-0.4202,110.942
50.49,240.0,3.0,0.0,1.553,1.1153,-0.4377,110.781
50.5,240.0,3.0,0.0,1.553,1.1241,-0.4289,110.798
50.51,240.0,3.0,0.0,1.553,1.1241,-0.4289,110.621
50.52,240.0,3.0,0.0,1.553,1.1241,-0.4289,110.78
50.53,240.0,3.0,0.0,1.553,1.1153,-0.4377,110.862
50.54,240.0,3.0,0.0,1.553,1.1153,-0.4377,110.878
50.55,240.0,3.0,0.0,1.553,1.1153,-0.4377,110.749
50.56,240.0,3.0,0.0,1.553,1.1153,-0.4377,110.684
50.57,240.0,3.0,0.0,1.553,1.1153,-0.4377,110.878
50.58,240.0,3.0,0.0,1.553,1.1153,-0.4377,110.701
50.59,240.0,3.0,0.0,1.553,1.1153,-0.4377,110.909
50.6,240.0,3.0,0.0,1.553,1.1153,-0.4377,110.814
50.61,240.0,3.0,0.0,1.553,1.1241,-0.4289,110.766
50.62,240.0,3.0,0.0,1.553,1.1066,-0.4464,110.829
50.63,240.0,3.0,0.0,1.553,1.1153,-0.4377,110.799
50.64,240.0,3.0,0.0,1.553,1.1241,-0.4289,110.861
50.65,240.0,3.0,0.0,1.553,1.1066,-0.4464,110.733
50.66,240.0,3.0,0.0,1.553,1.1153,-0.4377,110.797
50.67,240.0,3.0,0.0,1.553,1.1153,-0.4377,110.943
50.68,240.0,3.0,0.0,1.553,1.1241,-0.4289,110.912
50.69,240.0,3.0,0.0,1.553,1.1241,-0.4289,110.894
50.7,240.0,3.0,0.0,1.553,1.1241,-0.4289,110.879
50.71,240.0,3.0,0.0,1.553,1.1241,-0.4289,110.814
50.72,240.0,3.0,0.0,1.553,1.1328,-0.4202,110.797
50.73,240.0,3.0,0.0,1.553,1.1241,-0.4289,110.781
50.74,240.0,3.0,0.0,1.553,1.1416,-0.4114,110.991
50.75,240.0,3.0,0.0,1.553,1.1416,-0.4114,110.797
50.76,240.0,3.0,0.0,1.553,1.1416,-0.4114,110.813
50.77,240.0,3.0,0.0,1.553,1.1328,-0.4202,110.846
50.78,240.0,3.0,0.0,1.553,1.1241,-0.4289,110.717
50.79,240.0,3.0,0.0,1.553,1.1241,-0.4289,110.829
50.8,240.0,3.0,0.0,1.553,1.1153,-0.4377,110.782
50.81,240.0,3.0,0.0,1.553,1.1153,-0.4377,110.717
50.82,240.0,3.0,0.0,1.553,1.1153,-0.4377,110.812
50.83,240.0,3.0,0.0,1.553,1.1241,-0.4289,110.749
50.84,240.0,3.0,0.0,1.553,1.1153,-0.4377,110.846
50.85,240.0,3.0,0.0,1.553,1.1241,-0.4289,110.749
50.86,240.0,3.0,0.0,1.553,1.1153,-0.4377,110.878
50.87,240.0,3.0,0.0,1.553,1.1153,-0.4377,110.733
50.88,240.0,3.0,0.0,1.553,1.1066,-0.4464,110.748
50.89,240.0,3.0,0.0,1.553,1.0978,-0.4552,110.829
50.9,240.0,3.0,0.0,1.553,1.1066,-0.4464,110.7
50.91,240.0,3.0,0.0,1.553,1.0978,-0.4552,110.814
50.92,240.0,3.0,0.0,1.553,1.0978,-0.4552,110.991
50.93,240.0,3.0,0.0,1.553,1.0978,-0.4552,110.75
50.94,240.0,3.0,0.0,1.553,1.0978,-0.4552,110.846
50.95,240.0,3.0,0.0,1.553,1.0978,-0.4552,110.813
50.96,240.0,3.0,0.0,1.553,1.1066,-0.4464,110.782
50.97,240.0,3.0,0.0,1.553,1.1066,-0.4464,110.749
50.98,240.0,3.0,0.0,1.553,1.1153,-0.4377,110.878
50.99,240.0,3.0,0.0,1.553,1.0978,-0.4552,110.847
51.0,240.0,3.0,0.0,1.553,1.1153,-0.4377,110.83
51.01,240.0,3.0,0.0,1.553,1.1066,-0.4464,110.635
51.02,240.0,3.0,0.0,1.553,1.1153,-0.4377,110.863
51.03,240.0,3.0,0.0,1.553,1.1066,-0.4464,110.621
51.04,240.0,3.0,0.0,1.553,1.1066,-0.4464,110.797
51.05,240.0,3.0,0.0,1.553,1.0978,-0.4552,110.782
51.06,240.0,3.0,0.0,1.553,1.0978,-0.4552,110.83
51.07,240.0,3.0,0.0,1.553,1.1066,-0.4464,110.83
51.08,240.0,3.0,0.0,1.553,1.1066,-0.4464,110.781
51.09,240.0,3.0,0.0,1.553,1.0891,-0.4639,110.797
51.1,240.0,3.0,0.0,1.553,1.0891,-0.4639,110.653
51.11,240.0,3.0,0.0,1.553,1.0891,-0.4639,110.766
51.12,240.0,3.0,0.0,1.553,1.1066,-0.4464,110.992
51.13,240.0,3.0,0.0,1.553,1.1066,-0.4464,110.781
51.14,240.0,3.0,0.0,1.553,1.1153,-0.4377,110.895
51.15,240.0,3.0,0.0,1.553,1.1066,-0.4464,110.571
51.16,240.0,3.0,0.0,1.553,1.1153,-0.4377,110.684
51.17,240.0,3.0,0.0,1.553,1.1153,-0.4377,110.669
51.18,240.0,3.0,0.0,1.553,1.1153,-0.4377,110.602
51.19,240.0,3.0,0.0,1.553,1.1153,-0.4377,110.716
51.2,240.0,3.0,0.0,1.553,1.1153,-0.4377,110.846
51.21,240.0,3.0,0.0,1.553,1.1153,-0.4377,110.716
51.22,240.0,3.0,0.0,1.553,1.1153,-0.4377,110.764
51.23,240.0,3.0,0.0,1.553,1.1153,-0.4377,110.668
51.24,240.0,3.0,0.0,1.553,1.1241,-0.4289,110.748
51.25,240.0,3.0,0.0,1.553,1.1328,-0.4202,110.781
51.26,240.0,3.0,0.0,1.553,1.1241,-0.4289,110.781
51.27,240.0,3.0,0.0,1.553,1.1328,-0.4202,110.781
51.28,240.0,3.0,0.0,1.553,1.1328,-0.4202,110.765
51.29,240.0,3.0,0.0,1.553,1.1241,-0.4289,110.75
51.3,240.0,3.0,0.0,1.553,1.1241,-0.4289,111.057
51.31,240.0,3.0,0.0,1.553,1.1153,-0.4377,110.588
51.32,240.0,3.0,0.0,1.553,1.1153,-0.4377,110.894
51.33,240.0,3.0,0.0,1.553,1.1153,-0.4377,110.668
51.34,240.0,3.0,0.0,1.553,1.1153,-0.4377,110.829
51.35,240.0,3.0,0.0,1.553,1.1153,-0.4377,110.603
51.36,240.0,3.0,0.0,1.553,1.1153,-0.4377,110.716
51.37,240.0,3.0,0.0,1.553,1.1153,-0.4377,110.861
51.38,240.0,3.0,0.0,1.553,1.1153,-0.4377,110.732
51.39,240.0,3.0,0.0,1.553,1.1241,-0.4289,110.747
51.4,240.0,3.0,0.0,1.553,1.1153,-0.4377,110.734
51.41,240.0,3.0,0.0,1.553,1.1241,-0.4289,110.637
51.42,240.0,3.0,0.0,1.553,1.1241,-0.4289,110.636
51.43,240.0,3.0,0.0,1.553,1.1241,-0.4289,110.78
51.44,240.0,3.0,0.0,1.553,1.1153,-0.4377,110.797
51.45,240.0,3.0,0.0,1.553,1.1066,-0.4464,110.845
51.46,240.0,3.0,0.0,1.553,1.1066,-0.4464,110.814
51.47,240.0,3.0,0.0,1.553,1.1066,-0.4464,110.813
51.48,240.0,3.0,0.0,1.553,1.1153,-0.4377,110.667
51.49,240.0,3.0,0.0,1.553,1.1153,-0.4377,110.683
51.5,240.0,3.0,0.0,1.553,1.1066,-0.4464,110.764
51.51,240.0,3.0,0.0,1.553,1.1153,-0.4377,110.797
51.52,240.0,3.0,0.0,1.553,1.1066,-0.4464,110.766
51.53,240.0,3.0,0.0,1.553,1.1241,-0.4289,110.668
51.54,240.0,3.0,0.0,1.553,1.1066,-0.4464,110.764
51.55,240.0,3.0,0.0,1.553,1.1066,-0.4464,110.781
51.56,240.0,3.0,0.0,1.553,1.1241,-0.4289,110.765
51.57,240.0,3.0,0.0,1.553,1.1241,-0.4289,110.862
51.58,240.0,3.0,0.0,1.553,1.1153,-0.4377,110.749
51.59,240.0,3.0,0.0,1.553,1.1241,-0.4289,110.685
51.6,240.0,3.0,0.0,1.553,1.1153,-0.4377,110.62
51.61,240.0,3.0,0.0,1.553,1.1153,-0.4377,110.635
51.62,240.0,3.0,0.0,1.553,1.1153,-0.4377,110.764
51.63,240.0,3.0,0.0,1.553,1.1066,-0.4464,110.733
51.64,240.0,3.0,0.0,1.553,1.1241,-0.4289,110.829
51.65,240.0,3.0,0.0,1.553,1.1066,-0.4464,110.619
51.66,240.0,3.0,0.0,1.553,1.1153,-0.4377,110.604
51.67,240.0,3.0,0.0,1.553,1.1066,-0.4464,110.877
51.68,240.0,3.0,0.0,1.553,1.1153,-0.4377,110.653
51.69,240.0,3.0,0.0,1.553,1.1066,-0.4464,110.652
51.7,240.0,3.0,0.0,1.553,1.1153,-0.4377,110.667
51.71,240.0,3.0,0.0,1.553,1.0978,-0.4552,110.637
51.72,240.0,3.0,0.0,1.553,1.1066,-0.4464,110.747
51.73,240.0,3.0,0.0,1.553,1.1066,-0.4464,110.684
51.74,240.0,3.0,0.0,1.553,1.1066,-0.4464,110.829
51.75,240.0,3.0,0.0,1.553,1.1153,-0.4377,110.717
51.76,240.0,3.0,0.0,1.553,1.1153,-0.4377,110.765
51.77,240.0,3.0,0.0,1.553,1.1066,-0.4464,110.635
51.78,240.0,3.0,0.0,1.553,1.1066,-0.4464,110.683
51.79,240.0,3.0,0.0,1.553,1.1066,-0.4464,110.684
51.8,240.0,3.0,0.0,1.553,1.1066,-0.4464,110.716
51.81,240.0,3.0,0.0,1.553,1.1066,-0.4464,110.797
51.82,240.0,3.0,0.0,1.553,1.1066,-0.4464,110.862
51.83,240.0,3.0,0.0,1.553,1.1066,-0.4464,110.618
51.84,240.0,3.0,0.0,1.553,1.1153,-0.4377,110.682
51.85,240.0,3.0,0.0,1.553,1.1066,-0.4464,110.731
51.86,240.0,3.0,0.0,1.553,1.1066,-0.4464,110.684
51.87,240.0,3.0,0.0,1.553,1.1153,-0.4377,110.764
51.88,240.0,3.0,0.0,1.553,1.1153,-0.4377,110.814
51.89,240.0,3.0,0.0,1.553,1.1153,-0.4377,110.701
51.9,240.0,3.0,0.0,1.553,1.1153,-0.4377,110.603
51.91,240.0,3.0,0.0,1.553,1.1153,-0.4377,110.603
51.92,240.0,3.0,0.0,1.553,1.1241,-0.4289,110.731
51.93,240.0,3.0,0.0,1.553,1.1241,-0.4289,110.846
51.94,240.0,3.0,0.0,1.553,1.1241,-0.4289,110.717
51.95,240.0,3.0,0.0,1.553,1.1241,-0.4289,110.556
51.96,240.0,3.0,0.0,1.553,1.1241,-0.4289,110.699
51.97,240.0,3.0,0.0,1.553,1.1241,-0.4289,110.764
51.98,240.0,3.0,0.0,1.553,1.1241,-0.4289,110.667
51.99,240.0,3.0,0.0,1.553,1.1241,-0.4289,110.764
52.0,240.0,3.0,0.0,1.553,1.1241,-0.4289,110.733
52.01,240.0,3.0,0.0,1.553,1.1328,-0.4202,110.685
52.02,240.0,3.0,0.0,1.553,1.1241,-0.4289,110.619
52.03,240.0,3.0,0.0,1.553,1.1241,-0.4289,110.587
52.04,240.0,3.0,0.0,1.553,1.1241,-0.4289,110.731
52.05,240.0,3.0,0.0,1.553,1.1241,-0.4289,110.732
52.06,240.0,3.0,0.0,1.553,1.1328,-0.4202,110.635
52.07,240.0,3.0,0.0,1.553,1.1241,-0.4289,110.715
52.08,240.0,3.0,0.0,1.553,1.1328,-0.4202,110.667
52.09,240.0,3.0,0.0,1.553,1.1241,-0.4289,110.652
52.1,240.0,3.0,0.0,1.553,1.1241,-0.4289,110.699
52.11,240.0,3.0,0.0,1.553,1.1153,-0.4377,110.715
52.12,240.0,3.0,0.0,1.553,1.1153,-0.4377,110.781
52.13,240.0,3.0,0.0,1.553,1.1153,-0.4377,110.637
52.14,240.0,3.0,0.0,1.553,1.1153,-0.4377,110.636
52.15,240.0,3.0,0.0,1.553,1.1153,-0.4377,110.621
52.16,240.0,3.0,0.0,1.553,1.1153,-0.4377,110.619
52.17,240.0,3.0,0.0,1.553,1.1153,-0.4377,110.634
52.18,240.0,3.0,0.0,1.553,1.1153,-0.4377,110.603
52.19,240.0,3.0,0.0,1.553,1.1153,-0.4377,110.796
52.2,240.0,3.0,0.0,1.553,1.1241,-0.4289,110.796
52.21,240.0,3.0,0.0,1.553,1.1241,-0.4289,110.588
52.22,240.0,3.0,0.0,1.553,1.1241,-0.4289,110.651
52.23,240.0,3.0,0.0,1.553,1.1328,-0.4202,110.683
52.24,240.0,3.0,0.0,1.553,1.1241,-0.4289,110.878
52.25,240.0,3.0,0.0,1.553,1.1328,-0.4202,110.878
52.26,240.0,3.0,0.0,1.553,1.1328,-0.4202,110.733
52.27,240.0,3.0,0.0,1.553,1.1328,-0.4202,110.587
52.28,240.0,3.0,0.0,1.553,1.1328,-0.4202,110.571
52.29,240.0,3.0,0.0,1.553,1.1328,-0.4202,110.749
52.3,240.0,3.0,0.0,1.553,1.1241,-0.4289,110.829
52.31,240.0,3.0,0.0,1.553,1.1241,-0.4289,110.684
52.32,240.0,3.0,0.0,1.553,1.1241,-0.4289,110.78
52.33,240.0,3.0,0.0,1.553,1.1241,-0.4289,110.7
52.34,240.0,3.0,0.0,1.553,1.1241,-0.4289,110.748
52.35,240.0,3.0,0.0,1.553,1.1241,-0.4289,110.637
52.36,240.0,3.0,0.0,1.553,1.1241,-0.4289,110.765
52.37,240.0,3.0,0.0,1.553,1.1153,-0.4377,110.733
52.38,240.0,3.0,0.0,1.553,1.1153,-0.4377,110.457
52.39,240.0,3.0,0.0,1.553,1.1241,-0.4289,110.667
52.4,240.0,3.0,0.0,1.553,1.1153,-0.4377,110.684
52.41,240.0,3.0,0.0,1.553,1.1153,-0.4377,110.653
52.42,240.0,3.0,0.0,1.553,1.1153,-0.4377,110.668
52.43,240.0,3.0,0.0,1.553,1.1153,-0.4377,110.651
52.44,240.0,3.0,0.0,1.553,1.1153,-0.4377,110.635
52.45,240.0,3.0,0.0,1.553,1.1153,-0.4377,110.748
52.46,240.0,3.0,0.0,1.553,1.1241,-0.4289,110.637
52.47,240.0,3.0,0.0,1.553,1.1241,-0.4289,110.716
52.48,240.0,3.0,0.0,1.553,1.1241,-0.4289,110.556
52.49,240.0,3.0,0.0,1.553,1.1153,-0.4377,110.683
52.5,240.0,3.0,0.0,1.553,1.1153,-0.4377,110.715
52.51,240.0,3.0,0.0,1.553,1.1328,-0.4202,110.652
52.52,240.0,3.0,0.0,1.553,1.1153,-0.4377,110.813
52.53,240.0,3.0,0.0,1.553,1.1241,-0.4289,110.813
52.54,240.0,3.0,0.0,1.553,1.1153,-0.4377,110.749
52.55,240.0,3.0,0.0,1.553,1.1153,-0.4377,110.637
52.56,240.0,3.0,0.0,1.553,1.1241,-0.4289,110.716
52.57,240.0,3.0,0.0,1.553,1.1241,-0.4289,110.717
52.58,240.0,3.0,0.0,1.553,1.1328,-0.4202,110.731
52.59,240.0,3.0,0.0,1.553,1.1328,-0.4202,110.668
52.6,240.0,3.0,0.0,1.553,1.1241,-0.4289,110.651
52.61,240.0,3.0,0.0,1.553,1.1153,-0.4377,110.604
52.62,240.0,3.0,0.0,1.553,1.1153,-0.4377,110.797
52.63,240.0,3.0,0.0,1.553,1.1241,-0.4289,110.781
52.64,240.0,3.0,0.0,1.553,1.1241,-0.4289,110.895
52.65,240.0,3.0,0.0,1.553,1.1241,-0.4289,110.781
52.66,240.0,3.0,0.0,1.553,1.1066,-0.4464,110.733
52.67,240.0,3.0,0.0,1.553,1.1153,-0.4377,110.7
52.68,240.0,3.0,0.0,1.553,1.1153,-0.4377,110.7
52.69,240.0,3.0,0.0,1.553,1.1066,-0.4464,110.749
52.7,240.0,3.0,0.0,1.553,1.1153,-0.4377,110.764
52.71,240.0,3.0,0.0,1.553,1.1241,-0.4289,110.684
52.72,240.0,3.0,0.0,1.553,1.1066,-0.4464,110.62
52.73,240.0,3.0,0.0,1.553,1.1153,-0.4377,110.683
52.74,240.0,3.0,0.0,1.553,1.1241,-0.4289,110.619
52.75,240.0,3.0,0.0,1.553,1.1153,-0.4377,110.7
52.76,240.0,3.0,0.0,1.553,1.1153,-0.4377,110.684
52.77,240.0,3.0,0.0,1.553,1.1241,-0.4289,110.748
52.78,240.0,3.0,0.0,1.553,1.1328,-0.4202,110.812
52.79,240.0,3.0,0.0,1.553,1.1153,-0.4377,110.813
52.8,240.0,3.0,0.0,1.553,1.1241,-0.4289,110.603
52.81,240.0,3.0,0.0,1.553,1.1241,-0.4289,110.603
52.82,240.0,3.0,0.0,1.553,1.1153,-0.4377,110.715
52.83,240.0,3.0,0.0,1.553,1.1066,-0.4464,110.716
52.84,240.0,3.0,0.0,1.553,1.1241,-0.4289,110.797
52.85,240.0,3.0,0.0,1.553,1.1153,-0.4377,110.812
52.86,240.0,3.0,0.0,1.553,1.1241,-0.4289,110.554
52.87,240.0,3.0,0.0,1.553,1.1066,-0.4464,110.586
52.88,240.0,3.0,0.0,1.553,1.1153,-0.4377,110.651
52.89,240.0,3.0,0.0,1.553,1.1241,-0.4289,110.716
52.9,240.0,3.0,0.0,1.553,1.1241,-0.4289,110.732
52.91,240.0,3.0,0.0,1.553,1.1241,-0.4289,110.797
52.92,240.0,3.0,0.0,1.553,1.1241,-0.4289,110.636
52.93,240.0,3.0,0.0,1.553,1.1066,-0.4464,110.699
52.94,240.0,3.0,0.0,1.553,1.1241,-0.4289,110.684
52.95,240.0,3.0,0.0,1.553,1.1153,-0.4377,110.716
52.96,240.0,3.0,0.0,1.553,1.1241,-0.4289,110.604
52.97,240.0,3.0,0.0,1.553,1.1153,-0.4377,110.765
52.98,240.0,3.0,0.0,1.553,1.1241,-0.4289,110.604
52.99,240.0,3.0,0.0,1.553,1.1153,-0.4377,110.78
53.0,240.0,3.0,0.0,1.553,1.1153,-0.4377,110.684
53.01,240.0,3.0,0.0,1.553,1.1241,-0.4289,110.796
53.02,240.0,3.0,0.0,1.553,1.1241,-0.4289,110.669
53.03,240.0,3.0,0.0,1.553,1.1241,-0.4289,110.829
53.04,240.0,3.0,0.0,1.553,1.1153,-0.4377,110.684
53.05,240.0,3.0,0.0,1.553,1.1241,-0.4289,110.668
53.06,240.0,3.0,0.0,1.553,1.1153,-0.4377,110.458
53.07,240.0,3.0,0.0,1.553,1.1153,-0.4377,110.586
53.08,240.0,3.0,0.0,1.553,1.1241,-0.4289,110.65
53.09,240.0,3.0,0.0,1.553,1.1153,-0.4377,110.797
53.1,240.0,3.0,0.0,1.553,1.1241,-0.4289,110.765
53.11,240.0,3.0,0.0,1.553,1.1153,-0.4377,110.619
53.12,240.0,3.0,0.0,1.553,1.1241,-0.4289,110.651
53.13,240.0,3.0,0.0,1.553,1.1241,-0.4289,110.539
53.14,240.0,3.0,0.0,1.553,1.1241,-0.4289,110.748
53.15,240.0,3.0,0.0,1.553,1.1241,-0.4289,110.764
53.16,240.0,3.0,0.0,1.553,1.1241,-0.4289,110.636
53.17,240.0,3.0,0.0,1.553,1.1241,-0.4289,110.667
53.18,240.0,3.0,0.0,1.553,1.1153,-0.4377,110.636
53.19,240.0,3.0,0.0,1.553,1.1153,-0.4377,110.682
53.2,240.0,3.0,0.0,1.553,1.1241,-0.4289,110.781
53.21,240.0,3.0,0.0,1.553,1.1241,-0.4289,110.781
53.22,240.0,3.0,0.0,1.553,1.1153,-0.4377,110.732
53.23,240.0,3.0,0.0,1.553,1.1241,-0.4289,110.603
53.24,240.0,3.0,0.0,1.553,1.1241,-0.4289,110.715
53.25,240.0,3.0,0.0,1.553,1.1153,-0.4377,110.732
53.26,240.0,3.0,0.0,1.553,1.1241,-0.4289,110.637
53.27,240.0,3.0,0.0,1.553,1.1153,-0.4377,110.814
53.28,240.0,3.0,0.0,1.553,1.1153,-0.4377,110.571
53.29,240.0,3.0,0.0,1.553,1.1153,-0.4377,110.699
53.3,240.0,3.0,0.0,1.553,1.1066,-0.4464,110.603
53.31,240.0,3.0,0.0,1.553,1.1153,-0.4377,110.812
53.32,240.0,3.0,0.0,1.553,1.1153,-0.4377,110.748
53.33,240.0,3.0,0.0,1.553,1.1153,-0.4377,110.636
53.34,240.0,3.0,0.0,1.553,1.1153,-0.4377,110.732
53.35,240.0,3.0,0.0,1.553,1.1153,-0.4377,110.699
53.36,240.0,3.0,0.0,1.553,1.1153,-0.4377,110.635
53.37,240.0,3.0,0.0,1.553,1.1153,-0.4377,110.812
53.38,240.0,3.0,0.0,1.553,1.1153,-0.4377,110.733
53.39,240.0,3.0,0.0,1.553,1.1153,-0.4377,110.765
53.4,240.0,3.0,0.0,1.553,1.1153,-0.4377,110.716
53.41,240.0,3.0,0.0,1.553,1.1153,-0.4377,110.668
53.42,240.0,3.0,0.0,1.553,1.1153,-0.4377,110.571
53.43,240.0,3.0,0.0,1.553,1.1153,-0.4377,110.602
53.44,240.0,3.0,0.0,1.553,1.1153,-0.4377,110.797
53.45,240.0,3.0,0.0,1.553,1.1153,-0.4377,110.734
53.46,240.0,3.0,0.0,1.553,1.1153,-0.4377,110.684
53.47,240.0,3.0,0.0,1.553,1.1153,-0.4377,110.683
53.48,240.0,3.0,0.0,1.553,1.1241,-0.4289,110.652
53.49,240.0,3.0,0.0,1.553,1.1153,-0.4377,110.652
53.5,240.0,3.0,0.0,1.553,1.1153,-0.4377,110.619
53.51,240.0,3.0,0.0,1.553,1.1153,-0.4377,110.733
53.52,240.0,3.0,0.0,1.553,1.1153,-0.4377,110.748
53.53,240.0,3.0,0.0,1.553,1.1241,-0.4289,110.652
53.54,240.0,3.0,0.0,1.553,1.1153,-0.4377,110.684
53.55,240.0,3.0,0.0,1.553,1.1241,-0.4289,110.603
53.56,240.0,3.0,0.0,1.553,1.1153,-0.4377,110.764
53.57,240.0,3.0,0.0,1.553,1.1153,-0.4377,110.716
53.58,240.0,3.0,0.0,1.553,1.1153,-0.4377,110.667
53.59,240.0,3.0,0.0,1.553,1.1153,-0.4377,110.619
53.6,240.0,3.0,0.0,1.553,1.1153,-0.4377,110.556
53.61,240.0,3.0,0.0,1.553,1.1153,-0.4377,110.667
53.62,240.0,3.0,0.0,1.553,1.1066,-0.4464,110.668
53.63,240.0,3.0,0.0,1.553,1.1066,-0.4464,110.668
53.64,240.0,3.0,0.0,1.553,1.1153,-0.4377,110.796
53.65,240.0,3.0,0.0,1.553,1.1153,-0.4377,110.554
53.66,240.0,3.0,0.0,1.553,1.1153,-0.4377,110.554
53.67,240.0,3.0,0.0,1.553,1.1153,-0.4377,110.586
53.68,240.0,3.0,0.0,1.553,1.1066,-0.4464,110.829
53.69,240.0,3.0,0.0,1.553,1.1066,-0.4464,110.653
53.7,240.0,3.0,0.0,1.553,1.1241,-0.4289,110.715
53.71,240.0,3.0,0.0,1.553,1.1153,-0.4377,110.684
53.72,240.0,3.0,0.0,1.553,1.1241,-0.4289,110.684
53.73,240.0,3.0,0.0,1.553,1.1241,-0.4289,110.699
53.74,240.0,3.0,0.0,1.553,1.1241,-0.4289,110.716
53.75,240.0,3.0,0.0,1.553,1.1241,-0.4289,110.62
53.76,240.0,3.0,0.0,1.553,1.1328,-0.4202,110.683
53.77,240.0,3.0,0.0,1.553,1.1328,-0.4202,110.683
53.78,240.0,3.0,0.0,1.553,1.1328,-0.4202,110.571
53.79,240.0,3.0,0.0,1.553,1.1241,-0.4289,110.603
53.8,240.0,3.0,0.0,1.553,1.1241,-0.4289,110.7
53.81,240.0,3.0,0.0,1.553,1.1328,-0.4202,110.651
53.82,240.0,3.0,0.0,1.553,1.1241,-0.4289,110.731
53.83,240.0,3.0,0.0,1.553,1.1241,-0.4289,110.764
53.84,240.0,3.0,0.0,1.553,1.1241,-0.4289,110.668
53.85,240.0,3.0,0.0,1.553,1.1153,-0.4377,110.715
53.86,240.0,3.0,0.0,1.553,1.1241,-0.4289,110.669
53.87,240.0,3.0,0.0,1.553,1.1241,-0.4289,110.732
53.88,240.0,3.0,0.0,1.553,1.1241,-0.4289,110.619
53.89,240.0,3.0,0.0,1.553,1.1241,-0.4289,110.764
53.9,240.0,3.0,0.0,1.553,1.1153,-0.4377,110.716
53.91,240.0,3.0,0.0,1.553,1.1153,-0.4377,110.571
53.92,240.0,3.0,0.0,1.553,1.1066,-0.4464,110.699
53.93,240.0,3.0,0.0,1.553,1.1153,-0.4377,110.605
53.94,240.0,3.0,0.0,1.553,1.1153,-0.4377,110.572
53.95,240.0,3.0,0.0,1.553,1.1066,-0.4464,110.635
53.96,240.0,3.0,0.0,1.553,1.1241,-0.4289,110.539
53.97,240.0,3.0,0.0,1.553,1.1066,-0.4464,110.619
53.98,240.0,3.0,0.0,1.553,1.1153,-0.4377,110.765
53.99,240.0,3.0,0.0,1.553,1.1153,-0.4377,110.733
54.0,240.0,3.0,0.0,1.553,1.1153,-0.4377,110.795
54.01,240.0,3.0,0.0,1.553,1.1241,-0.4289,110.782
54.02,240.0,3.0,0.0,1.553,1.1153,-0.4377,110.684
54.03,240.0,3.0,0.0,1.553,1.1153,-0.4377,110.521
54.04,240.0,3.0,0.0,1.553,1.1241,-0.4289,110.7
54.05,240.0,3.0,0.0,1.553,1.1241,-0.4289,110.685
54.06,240.0,3.0,0.0,1.553,1.1241,-0.4289,110.652
54.07,240.0,3.0,0.0,1.553,1.1241,-0.4289,110.764
54.08,240.0,3.0,0.0,1.553,1.1241,-0.4289,110.538
54.09,240.0,3.0,0.0,1.553,1.1241,-0.4289,110.634
54.1,240.0,3.0,0.0,1.553,1.1241,-0.4289,110.732
54.11,240.0,3.0,0.0,1.553,1.1241,-0.4289,110.732
54.12,240.0,3.0,0.0,1.553,1.1153,-0.4377,110.813
54.13,240.0,3.0,0.0,1.553,1.1153,-0.4377,110.652
54.14,240.0,3.0,0.0,1.553,1.1153,-0.4377,110.668
54.15,240.0,3.0,0.0,1.553,1.1153,-0.4377,110.668
54.16,240.0,3.0,0.0,1.553,1.1066,-0.4464,110.683
54.17,240.0,3.0,0.0,1.553,1.1066,-0.4464,110.571
54.18,240.0,3.0,0.0,1.553,1.0978,-0.4552,110.666
54.19,240.0,3.0,0.0,1.553,1.1066,-0.4464,110.7
54.2,240.0,3.0,0.0,1.553,1.1153,-0.4377,110.505
54.21,240.0,3.0,0.0,1.553,1.1153,-0.4377,110.765
54.22,240.0,3.0,0.0,1.553,1.1153,-0.4377,110.829
54.23,240.0,3.0,0.0,1.553,1.1153,-0.4377,110.685
54.24,240.0,3.0,0.0,1.553,1.1153,-0.4377,110.669
54.25,240.0,3.0,0.0,1.553,1.1241,-0.4289,110.764
54.26,240.0,3.0,0.0,1.553,1.1241,-0.4289,110.425
54.27,240.0,3.0,0.0,1.553,1.1241,-0.4289,110.78
54.28,240.0,3.0,0.0,1.553,1.1153,-0.4377,110.669
54.29,240.0,3.0,0.0,1.553,1.1241,-0.4289,110.747
54.3,240.0,3.0,0.0,1.553,1.1241,-0.4289,110.7
54.31,240.0,3.0,0.0,1.553,1.1241,-0.4289,110.587
54.32,240.0,3.0,0.0,1.553,1.1241,-0.4289,110.878
54.33,240.0,3.0,0.0,1.553,1.1241,-0.4289,110.684
54.34,240.0,3.0,0.0,1.553,1.1153,-0.4377,110.829
54.35,240.0,3.0,0.0,1.553,1.1153,-0.4377,110.733
54.36,240.0,3.0,0.0,1.553,1.1241,-0.4289,110.587
54.37,240.0,3.0,0.0,1.553,1.1153,-0.4377,110.813
54.38,240.0,3.0,0.0,1.553,1.1153,-0.4377,110.669
54.39,240.0,3.0,0.0,1.553,1.1066,-0.4464,110.652
54.4,240.0,3.0,0.0,1.553,1.1153,-0.4377,110.764
54.41,240.0,3.0,0.0,1.553,1.1153,-0.4377,110.717
54.42,240.0,3.0,0.0,1.553,1.1066,-0.4464,110.733
54.43,240.0,3.0,0.0,1.553,1.1066,-0.4464,110.603
54.44,240.0,3.0,0.0,1.553,1.1153,-0.4377,110.747
54.45,240.0,3.0,0.0,1.553,1.1153,-0.4377,110.636
54.46,240.0,3.0,0.0,1.553,1.1153,-0.4377,110.572
54.47,240.0,3.0,0.0,1.553,1.1153,-0.4377,110.748
54.48,240.0,3.0,0.0,1.553,1.1153,-0.4377,110.7
54.49,240.0,3.0,0.0,1.553,1.1153,-0.4377,110.684
54.5,240.0,3.0,0.0,1.553,1.1153,-0.4377,110.587
54.51,240.0,3.0,0.0,1.553,1.1241,-0.4289,110.522
54.52,240.0,3.0,0.0,1.553,1.1241,-0.4289,110.603
54.53,240.0,3.0,0.0,1.553,1.1153,-0.4377,110.651
54.54,240.0,3.0,0.0,1.553,1.1153,-0.4377,110.716
54.55,240.0,3.0,0.0,1.553,1.1153,-0.4377,110.619
54.56,240.0,3.0,0.0,1.553,1.1241,-0.4289,110.764
54.57,240.0,3.0,0.0,1.553,1.1153,-0.4377,110.587
54.58,240.0,3.0,0.0,1.553,1.1241,-0.4289,110.572
54.59,240.0,3.0,0.0,1.553,1.1241,-0.4289,110.716
54.6,240.0,3.0,0.0,1.553,1.1241,-0.4289,110.571
54.61,240.0,3.0,0.0,1.553,1.1241,-0.4289,110.635
54.62,240.0,3.0,0.0,1.553,1.1241,-0.4289,110.684
54.63,240.0,3.0,0.0,1.553,1.1241,-0.4289,110.619
54.64,240.0,3.0,0.0,1.553,1.1241,-0.4289,110.618
54.65,240.0,3.0,0.0,1.553,1.1241,-0.4289,110.651
54.66,240.0,3.0,0.0,1.553,1.1153,-0.4377,110.603
54.67,240.0,3.0,0.0,1.553,1.1241,-0.4289,110.829
54.68,240.0,3.0,0.0,1.553,1.1153,-0.4377,110.603
54.69,240.0,3.0,0.0,1.553,1.1153,-0.4377,110.716
54.7,240.0,3.0,0.0,1.553,1.1153,-0.4377,110.7
54.71,240.0,3.0,0.0,1.553,1.1153,-0.4377,110.701
54.72,240.0,3.0,0.0,1.553,1.1153,-0.4377,110.7
54.73,240.0,3.0,0.0,1.553,1.0978,-0.4552,110.587
54.74,240.0,3.0,0.0,1.553,1.1066,-0.4464,110.586
54.75,240.0,3.0,0.0,1.553,1.1066,-0.4464,110.65
54.76,240.0,3.0,0.0,1.553,1.1066,-0.4464,110.732
54.77,240.0,3.0,0.0,1.553,1.1153,-0.4377,110.748
54.78,240.0,3.0,0.0,1.553,1.1153,-0.4377,110.716
54.79,240.0,3.0,0.0,1.553,1.1241,-0.4289,110.78
54.8,240.0,3.0,0.0,1.553,1.1241,-0.4289,110.474
54.81,240.0,3.0,0.0,1.553,1.1241,-0.4289,110.618
54.82,240.0,3.0,0.0,1.553,1.1241,-0.4289,110.715
54.83,240.0,3.0,0.0,1.553,1.1241,-0.4289,110.588
54.84,240.0,3.0,0.0,1.553,1.1241,-0.4289,110.764
54.85,240.0,3.0,0.0,1.553,1.1241,-0.4289,110.651
54.86,240.0,3.0,0.0,1.553,1.1241,-0.4289,110.668
54.87,240.0,3.0,0.0,1.553,1.1241,-0.4289,110.634
54.88,240.0,3.0,0.0,1.553,1.1241,-0.4289,110.587
54.89,240.0,3.0,0.0,1.553,1.1153,-0.4377,110.813
54.9,240.0,3.0,0.0,1.553,1.1241,-0.4289,110.813
54.91,240.0,3.0,0.0,1.553,1.1153,-0.4377,110.667
54.92,240.0,3.0,0.0,1.553,1.1153,-0.4377,110.522
54.93,240.0,3.0,0.0,1.553,1.1066,-0.4464,110.49
54.94,240.0,3.0,0.0,1.553,1.1066,-0.4464,110.601
54.95,240.0,3.0,0.0,1.553,1.1066,-0.4464,110.732
54.96,240.0,3.0,0.0,1.553,1.1153,-0.4377,110.717
54.97,240.0,3.0,0.0,1.553,1.1066,-0.4464,110.764
54.98,240.0,3.0,0.0,1.553,1.1153,-0.4377,110.571
54.99,240.0,3.0,0.0,1.553,1.1153,-0.4377,110.522
55.0,240.0,3.0,0.0,1.553,1.1241,-0.4289,110.715
55.01,240.0,3.0,0.0,1.553,1.1153,-0.4377,110.651
55.02,240.0,3.0,0.0,1.553,1.1241,-0.4289,110.667
55.03,240.0,3.0,0.0,1.553,1.1153,-0.4377,110.604
55.04,240.0,3.0,0.0,1.553,1.1241,-0.4289,110.555
55.05,240.0,3.0,0.0,1.553,1.1153,-0.4377,110.571
55.06,240.0,3.0,0.0,1.553,1.1241,-0.4289,110.602
55.07,240.0,3.0,0.0,1.553,1.1241,-0.4289,110.65
55.08,240.0,3.0,0.0,1.553,1.1241,-0.4289,110.651
55.09,240.0,3.0,0.0,1.553,1.1153,-0.4377,110.747
55.1,240.0,3.0,0.0,1.553,1.1241,-0.4289,110.667
55.11,240.0,3.0,0.0,1.553,1.1153,-0.4377,110.539
55.12,240.0,3.0,0.0,1.553,1.1153,-0.4377,110.555
55.13,240.0,3.0,0.0,1.553,1.1153,-0.4377,110.442
55.14,240.0,3.0,0.0,1.553,1.1153,-0.4377,110.667
55.15,240.0,3.0,0.0,1.553,1.1153,-0.4377,110.603
55.16,240.0,3.0,0.0,1.553,1.1153,-0.4377,110.764
55.17,240.0,3.0,0.0,1.553,1.1153,-0.4377,110.7
55.18,240.0,3.0,0.0,1.553,1.1241,-0.4289,110.521
55.19,240.0,3.0,0.0,1.553,1.1153,-0.4377,110.781
55.2,240.0,3.0,0.0,1.553,1.1241,-0.4289,110.668
55.21,240.0,3.0,0.0,1.553,1.1153,-0.4377,110.635
55.22,240.0,3.0,0.0,1.553,1.1153,-0.4377,110.634
55.23,240.0,3.0,0.0,1.553,1.1153,-0.4377,110.571
55.24,240.0,3.0,0.0,1.553,1.1153,-0.4377,110.731
55.25,240.0,3.0,0.0,1.553,1.1153,-0.4377,110.829
55.26,240.0,3.0,0.0,1.553,1.1153,-0.4377,110.619
55.27,240.0,3.0,0.0,1.553,1.1241,-0.4289,110.683
55.28,240.0,3.0,0.0,1.553,1.1241,-0.4289,110.538
55.29,240.0,3.0,0.0,1.553,1.1241,-0.4289,110.57
55.3,240.0,3.0,0.0,1.553,1.1153,-0.4377,110.537
55.31,240.0,3.0,0.0,1.553,1.1241,-0.4289,110.619
55.32,240.0,3.0,0.0,1.553,1.1153,-0.4377,110.813
55.33,240.0,3.0,0.0,1.553,1.1153,-0.4377,110.555
55.34,240.0,3.0,0.0,1.553,1.1153,-0.4377,110.667
55.35,240.0,3.0,0.0,1.553,1.1153,-0.4377,110.667
55.36,240.0,3.0,0.0,1.553,1.1153,-0.4377,110.62
55.37,240.0,3.0,0.0,1.553,1.1066,-0.4464,110.62
55.38,240.0,3.0,0.0,1.553,1.1153,-0.4377,110.716
55.39,240.0,3.0,0.0,1.553,1.1153,-0.4377,110.701
55.4,240.0,3.0,0.0,1.553,1.1241,-0.4289,110.748
55.41,240.0,3.0,0.0,1.553,1.1241,-0.4289,110.586
55.42,240.0,3.0,0.0,1.553,1.1241,-0.4289,110.715
55.43,240.0,3.0,0.0,1.553,1.1241,-0.4289,110.602
55.44,240.0,3.0,0.0,1.553,1.1241,-0.4289,110.732
55.45,240.0,3.0,0.0,1.553,1.1241,-0.4289,110.62
55.46,240.0,3.0,0.0,1.553,1.1241,-0.4289,110.555
55.47,240.0,3.0,0.0,1.553,1.1241,-0.4289,110.651
55.48,240.0,3.0,0.0,1.553,1.1241,-0.4289,110.619
55.49,240.0,3.0,0.0,1.553,1.1241,-0.4289,110.604
55.5,240.0,3.0,0.0,1.553,1.1241,-0.4289,110.716
55.51,240.0,3.0,0.0,1.553,1.1153,-0.4377,110.587
55.52,240.0,3.0,0.0,1.553,1.1153,-0.4377,110.732
55.53,240.0,3.0,0.0,1.553,1.1153,-0.4377,110.683
55.54,240.0,3.0,0.0,1.553,1.1153,-0.4377,110.539
55.55,240.0,3.0,0.0,1.553,1.1241,-0.4289,110.586
55.56,240.0,3.0,0.0,1.553,1.1153,-0.4377,110.619
55.57,240.0,3.0,0.0,1.553,1.1153,-0.4377,110.667
55.58,240.0,3.0,0.0,1.553,1.1066,-0.4464,110.668
55.59,240.0,3.0,0.0,1.553,1.1241,-0.4289,110.619
55.6,240.0,3.0,0.0,1.553,1.1153,-0.4377,110.634
55.61,240.0,3.0,0.0,1.553,1.1153,-0.4377,110.634
55.62,240.0,3.0,0.0,1.553,1.1241,-0.4289,110.587
55.63,240.0,3.0,0.0,1.553,1.1153,-0.4377,110.797
55.64,240.0,3.0,0.0,1.553,1.1066,-0.4464,110.507
55.65,240.0,3.0,0.0,1.553,1.1153,-0.4377,110.618
55.66,240.0,3.0,0.0,1.553,1.1153,-0.4377,110.684
55.67,240.0,3.0,0.0,1.553,1.1153,-0.4377,110.781
55.68,240.0,3.0,0.0,1.553,1.1241,-0.4289,110.683
55.69,240.0,3.0,0.0,1.553,1.1153,-0.4377,110.635
55.7,240.0,3.0,0.0,1.553,1.1066,-0.4464,110.603
55.71,240.0,3.0,0.0,1.553,1.1153,-0.4377,110.506
55.72,240.0,3.0,0.0,1.553,1.1153,-0.4377,110.65
55.73,240.0,3.0,0.0,1.553,1.1066,-0.4464,110.651
55.74,240.0,3.0,0.0,1.553,1.1153,-0.4377,110.701
55.75,240.0,3.0,0.0,1.553,1.1153,-0.4377,110.635
55.76,240.0,3.0,0.0,1.553,1.1153,-0.4377,110.603
55.77,240.0,3.0,0.0,1.553,1.1153,-0.4377,110.635
55.78,240.0,3.0,0.0,1.553,1.1153,-0.4377,110.522
55.79,240.0,3.0,0.0,1.553,1.1153,-0.4377,110.683
55.8,240.0,3.0,0.0,1.553,1.1153,-0.4377,110.652
55.81,240.0,3.0,0.0,1.553,1.1153,-0.4377,110.605
55.82,240.0,3.0,0.0,1.553,1.1153,-0.4377,110.684
55.83,240.0,3.0,0.0,1.553,1.1153,-0.4377,110.587
55.84,240.0,3.0,0.0,1.553,1.1153,-0.4377,110.554
55.85,240.0,3.0,0.0,1.553,1.1153,-0.4377,110.683
55.86,240.0,3.0,0.0,1.553,1.1153,-0.4377,110.619
55.87,240.0,3.0,0.0,1.553,1.1153,-0.4377,110.603
55.88,240.0,3.0,0.0,1.553,1.1153,-0.4377,110.635
55.89,240.0,3.0,0.0,1.553,1.1153,-0.4377,110.667
55.9,240.0,3.0,0.0,1.553,1.1153,-0.4377,110.572
55.91,240.0,3.0,0.0,1.553,1.1153,-0.4377,110.586
55.92,240.0,3.0,0.0,1.553,1.1153,-0.4377,110.634
55.93,240.0,3.0,0.0,1.553,1.1153,-0.4377,110.555
55.94,240.0,3.0,0.0,1.553,1.1153,-0.4377,110.683
55.95,240.0,3.0,0.0,1.553,1.1153,-0.4377,110.635
55.96,240.0,3.0,0.0,1.553,1.1066,-0.4464,110.571
55.97,240.0,3.0,0.0,1.553,1.1153,-0.4377,110.635
55.98,240.0,3.0,0.0,1.553,1.1241,-0.4289,110.604
55.99,240.0,3.0,0.0,1.553,1.1241,-0.4289,110.748
56.0,240.0,3.0,0.0,1.553,1.1153,-0.4377,110.603
56.01,240.0,3.0,0.0,1.553,1.1241,-0.4289,110.457
56.02,240.0,3.0,0.0,1.553,1.1241,-0.4289,110.619
56.03,240.0,3.0,0.0,1.553,1.1241,-0.4289,110.571
56.04,240.0,3.0,0.0,1.553,1.1241,-0.4289,110.523
56.05,240.0,3.0,0.0,1.553,1.1241,-0.4289,110.731
56.06,240.0,3.0,0.0,1.553,1.1241,-0.4289,110.635
56.07,240.0,3.0,0.0,1.553,1.1241,-0.4289,110.539
56.08,240.0,3.0,0.0,1.553,1.1153,-0.4377,110.505
56.09,240.0,3.0,0.0,1.553,1.1241,-0.4289,110.683
56.1,240.0,3.0,0.0,1.553,1.1153,-0.4377,110.588
56.11,240.0,3.0,0.0,1.553,1.1153,-0.4377,110.635
56.12,240.0,3.0,0.0,1.553,1.1066,-0.4464,110.667
56.13,240.0,3.0,0.0,1.553,1.1153,-0.4377,110.457
56.14,240.0,3.0,0.0,1.553,1.1153,-0.4377,110.668
56.15,240.0,3.0,0.0,1.553,1.1066,-0.4464,110.555
56.16,240.0,3.0,0.0,1.553,1.1066,-0.4464,110.619
56.17,240.0,3.0,0.0,1.553,1.1153,-0.4377,110.603
56.18,240.0,3.0,0.0,1.553,1.1066,-0.4464,110.506
56.19,240.0,3.0,0.0,1.553,1.1066,-0.4464,110.588
56.2,240.0,3.0,0.0,1.553,1.1066,-0.4464,110.618
56.21,240.0,3.0,0.0,1.553,1.1066,-0.4464,110.539
56.22,240.0,3.0,0.0,1.553,1.1066,-0.4464,110.619
56.23,240.0,3.0,0.0,1.553,1.1066,-0.4464,110.604
56.24,240.0,3.0,0.0,1.553,1.1066,-0.4464,110.7
56.25,240.0,3.0,0.0,1.553,1.1066,-0.4464,110.618
56.26,240.0,3.0,0.0,1.553,1.0978,-0.4552,110.538
56.27,240.0,3.0,0.0,1.553,1.0978,-0.4552,110.797
56.28,240.0,3.0,0.0,1.553,1.0978,-0.4552,110.619
56.29,240.0,3.0,0.0,1.553,1.0978,-0.4552,110.587
56.3,240.0,3.0,0.0,1.553,1.0978,-0.4552,110.651
56.31,240.0,3.0,0.0,1.553,1.1066,-0.4464,110.538
56.32,240.0,3.0,0.0,1.553,1.1066,-0.4464,110.684
56.33,240.0,3.0,0.0,1.553,1.1066,-0.4464,110.699
56.34,240.0,3.0,0.0,1.553,1.1066,-0.4464,110.653
56.35,240.0,3.0,0.0,1.553,1.1153,-0.4377,110.667
56.36,240.0,3.0,0.0,1.553,1.1153,-0.4377,110.554
56.37,240.0,3.0,0.0,1.553,1.1241,-0.4289,110.635
56.38,240.0,3.0,0.0,1.553,1.1241,-0.4289,110.604
56.39,240.0,3.0,0.0,1.553,1.1241,-0.4289,110.682
56.4,240.0,3.0,0.0,1.553,1.1241,-0.4289,110.699
56.41,240.0,3.0,0.0,1.553,1.1241,-0.4289,110.554
56.42,240.0,3.0,0.0,1.553,1.1241,-0.4289,110.602
56.43,240.0,3.0,0.0,1.553,1.1241,-0.4289,110.539
56.44,240.0,3.0,0.0,1.553,1.1241,-0.4289,110.635
56.45,240.0,3.0,0.0,1.553,1.1241,-0.4289,110.602
56.46,240.0,3.0,0.0,1.553,1.1328,-0.4202,110.602
56.47,240.0,3.0,0.0,1.553,1.1328,-0.4202,110.796
56.48,240.0,3.0,0.0,1.553,1.1328,-0.4202,110.603
56.49,240.0,3.0,0.0,1.553,1.1328,-0.4202,110.618
56.5,240.0,3.0,0.0,1.553,1.1328,-0.4202,110.506
56.51,240.0,3.0,0.0,1.553,1.1328,-0.4202,110.683
56.52,240.0,3.0,0.0,1.553,1.1328,-0.4202,110.651
56.53,240.0,3.0,0.0,1.553,1.1328,-0.4202,110.748
56.54,240.0,3.0,0.0,1.553,1.1328,-0.4202,110.636
56.55,240.0,3.0,0.0,1.553,1.1328,-0.4202,110.571
56.56,240.0,3.0,0.0,1.553,1.1241,-0.4289,110.506
56.57,240.0,3.0,0.0,1.553,1.1241,-0.4289,110.441
56.58,240.0,3.0,0.0,1.553,1.1328,-0.4202,110.586
56.59,240.0,3.0,0.0,1.553,1.1241,-0.4289,110.636
56.6,240.0,3.0,0.0,1.553,1.1241,-0.4289,110.862
56.61,240.0,3.0,0.0,1.553,1.1153,-0.4377,110.57
56.62,240.0,3.0,0.0,1.553,1.1153,-0.4377,110.682
56.63,240.0,3.0,0.0,1.553,1.1153,-0.4377,110.587
56.64,240.0,3.0,0.0,1.553,1.1066,-0.4464,110.781
56.65,240.0,3.0,0.0,1.553,1.1153,-0.4377,110.571
56.66,240.0,3.0,0.0,1.553,1.1066,-0.4464,110.748
56.67,240.0,3.0,0.0,1.553,1.1153,-0.4377,110.684
56.68,240.0,3.0,0.0,1.553,1.1153,-0.4377,110.652
56.69,240.0,3.0,0.0,1.553,1.1241,-0.4289,110.555
56.7,240.0,3.0,0.0,1.553,1.1328,-0.4202,110.618
56.71,240.0,3.0,0.0,1.553,1.1241,-0.4289,110.523
56.72,240.0,3.0,0.0,1.553,1.1241,-0.4289,110.78
56.73,240.0,3.0,0.0,1.553,1.1153,-0.4377,110.491
56.74,240.0,3.0,0.0,1.553,1.1153,-0.4377,110.619
56.75,240.0,3.0,0.0,1.553,1.1066,-0.4464,110.619
56.76,240.0,3.0,0.0,1.553,1.1241,-0.4289,110.634
56.77,240.0,3.0,0.0,1.553,1.1241,-0.4289,110.764
56.78,240.0,3.0,0.0,1.553,1.1241,-0.4289,110.653
56.79,240.0,3.0,0.0,1.553,1.1241,-0.4289,110.668
56.8,240.0,3.0,0.0,1.553,1.1153,-0.4377,110.652
56.81,240.0,3.0,0.0,1.553,1.0978,-0.4552,110.507
56.82,240.0,3.0,0.0,1.553,1.1066,-0.4464,110.682
56.83,240.0,3.0,0.0,1.553,1.1153,-0.4377,110.555
56.84,240.0,3.0,0.0,1.553,1.1153,-0.4377,110.619
56.85,240.0,3.0,0.0,1.553,1.1153,-0.4377,110.651
56.86,240.0,3.0,0.0,1.553,1.1153,-0.4377,110.555
56.87,240.0,3.0,0.0,1.553,1.1066,-0.4464,110.442
56.88,240.0,3.0,0.0,1.553,1.1153,-0.4377,110.522
56.89,240.0,3.0,0.0,1.553,1.1066,-0.4464,110.522
56.9,240.0,3.0,0.0,1.553,1.1153,-0.4377,110.619
56.91,240.0,3.0,0.0,1.553,1.1153,-0.4377,110.651
56.92,240.0,3.0,0.0,1.553,1.1066,-0.4464,110.635
56.93,240.0,3.0,0.0,1.553,1.1066,-0.4464,110.392
56.94,240.0,3.0,0.0,1.553,1.0978,-0.4552,110.554
56.95,240.0,3.0,0.0,1.553,1.1066,-0.4464,110.49
56.96,240.0,3.0,0.0,1.553,1.1066,-0.4464,110.458
56.97,240.0,3.0,0.0,1.553,1.1066,-0.4464,110.716
56.98,240.0,3.0,0.0,1.553,1.1066,-0.4464,110.506
56.99,240.0,3.0,0.0,1.553,1.1066,-0.4464,110.651
57.0,240.0,3.0,0.0,1.553,1.1153,-0.4377,110.619
57.01,240.0,3.0,0.0,1.553,1.1066,-0.4464,110.524
57.02,240.0,3.0,0.0,1.553,1.1241,-0.4289,110.634
57.03,240.0,3.0,0.0,1.553,1.1153,-0.4377,110.668
57.04,240.0,3.0,0.0,1.553,1.1153,-0.4377,110.555
57.05,240.0,3.0,0.0,1.553,1.1066,-0.4464,110.683
57.06,240.0,3.0,0.0,1.553,1.1153,-0.4377,110.441
57.07,240.0,3.0,0.0,1.553,1.1153,-0.4377,110.651
57.08,240.0,3.0,0.0,1.553,1.1153,-0.4377,110.603
57.09,240.0,3.0,0.0,1.553,1.1241,-0.4289,110.668
57.1,240.0,3.0,0.0,1.553,1.1241,-0.4289,110.555
57.11,240.0,3.0,0.0,1.553,1.1153,-0.4377,110.602
57.12,240.0,3.0,0.0,1.553,1.1153,-0.4377,110.474
57.13,240.0,3.0,0.0,1.553,1.1153,-0.4377,110.427
57.14,240.0,3.0,0.0,1.553,1.1153,-0.4377,110.634
57.15,240.0,3.0,0.0,1.553,1.1066,-0.4464,110.571
57.16,240.0,3.0,0.0,1.553,1.1153,-0.4377,110.619
57.17,240.0,3.0,0.0,1.553,1.1153,-0.4377,110.603
57.18,240.0,3.0,0.0,1.553,1.1066,-0.4464,110.682
57.19,240.0,3.0,0.0,1.553,1.1153,-0.4377,110.619
57.2,240.0,3.0,0.0,1.553,1.1153,-0.4377,110.731
57.21,240.0,3.0,0.0,1.553,1.1066,-0.4464,110.62
57.22,240.0,3.0,0.0,1.553,1.1066,-0.4464,110.54
57.23,240.0,3.0,0.0,1.553,1.1066,-0.4464,110.604
57.24,240.0,3.0,0.0,1.553,1.1066,-0.4464,110.49
57.25,240.0,3.0,0.0,1.553,1.1066,-0.4464,110.458
57.26,240.0,3.0,0.0,1.553,1.1153,-0.4377,110.698
57.27,240.0,3.0,0.0,1.553,1.1153,-0.4377,110.667
57.28,240.0,3.0,0.0,1.553,1.1153,-0.4377,110.716
57.29,240.0,3.0,0.0,1.553,1.1153,-0.4377,110.669
57.3,240.0,3.0,0.0,1.553,1.1153,-0.4377,110.635
57.31,240.0,3.0,0.0,1.553,1.1153,-0.4377,110.586
57.32,240.0,3.0,0.0,1.553,1.1066,-0.4464,110.57
57.33,240.0,3.0,0.0,1.553,1.1153,-0.4377,110.635
57.34,240.0,3.0,0.0,1.553,1.1153,-0.4377,110.587
57.35,240.0,3.0,0.0,1.553,1.1153,-0.4377,110.602
57.36,240.0,3.0,0.0,1.553,1.1153,-0.4377,110.523
57.37,240.0,3.0,0.0,1.553,1.1153,-0.4377,110.618
57.38,240.0,3.0,0.0,1.553,1.1153,-0.4377,110.571
57.39,240.0,3.0,0.0,1.553,1.1153,-0.4377,110.618
57.4,240.0,3.0,0.0,1.553,1.1153,-0.4377,110.636
57.41,240.0,3.0,0.0,1.553,1.1153,-0.4377,110.475
57.42,240.0,3.0,0.0,1.553,1.1153,-0.4377,110.521
57.43,240.0,3.0,0.0,1.553,1.1241,-0.4289,110.473
57.44,240.0,3.0,0.0,1.553,1.1241,-0.4289,110.603
57.45,240.0,3.0,0.0,1.553,1.1153,-0.4377,110.523
57.46,240.0,3.0,0.0,1.553,1.1153,-0.4377,110.554
57.47,240.0,3.0,0.0,1.553,1.1241,-0.4289,110.618
57.48,240.0,3.0,0.0,1.553,1.1328,-0.4202,110.555
57.49,240.0,3.0,0.0,1.553,1.1241,-0.4289,110.602
57.5,240.0,3.0,0.0,1.553,1.1153,-0.4377,110.715
57.51,240.0,3.0,0.0,1.553,1.1241,-0.4289,110.587
57.52,240.0,3.0,0.0,1.553,1.1153,-0.4377,110.619
57.53,240.0,3.0,0.0,1.553,1.1153,-0.4377,110.555
57.54,240.0,3.0,0.0,1.553,1.1153,-0.4377,110.458
57.55,240.0,3.0,0.0,1.553,1.1153,-0.4377,110.699
57.56,240.0,3.0,0.0,1.553,1.1241,-0.4289,110.263
57.57,240.0,3.0,0.0,1.553,1.1153,-0.4377,110.537
57.58,240.0,3.0,0.0,1.553,1.1153,-0.4377,110.618
57.59,240.0,3.0,0.0,1.553,1.1153,-0.4377,110.634
57.6,240.0,3.0,0.0,1.553,1.1241,-0.4289,110.634
57.61,240.0,3.0,0.0,1.553,1.1153,-0.4377,110.587
57.62,240.0,3.0,0.0,1.553,1.1241,-0.4289,110.587
57.63,240.0,3.0,0.0,1.553,1.1153,-0.4377,110.571
57.64,240.0,3.0,0.0,1.553,1.1153,-0.4377,110.57
57.65,240.0,3.0,0.0,1.553,1.1153,-0.4377,110.507
57.66,240.0,3.0,0.0,1.553,1.1153,-0.4377,110.505
57.67,240.0,3.0,0.0,1.553,1.1153,-0.4377,110.473
57.68,240.0,3.0,0.0,1.553,1.1153,-0.4377,110.459
57.69,240.0,3.0,0.0,1.553,1.1153,-0.4377,110.619
57.7,240.0,3.0,0.0,1.553,1.1153,-0.4377,110.699
57.71,240.0,3.0,0.0,1.553,1.1153,-0.4377,110.604
57.72,240.0,3.0,0.0,1.553,1.1153,-0.4377,110.603
57.73,240.0,3.0,0.0,1.553,1.1153,-0.4377,110.522
57.74,240.0,3.0,0.0,1.553,1.1153,-0.4377,110.554
57.75,240.0,3.0,0.0,1.553,1.1066,-0.4464,110.523
57.76,240.0,3.0,0.0,1.553,1.1066,-0.4464,110.522
57.77,240.0,3.0,0.0,1.553,1.1153,-0.4377,110.554
57.78,240.0,3.0,0.0,1.553,1.1066,-0.4464,110.602
57.79,240.0,3.0,0.0,1.553,1.1153,-0.4377,110.523
57.8,240.0,3.0,0.0,1.553,1.1066,-0.4464,110.507
57.81,240.0,3.0,0.0,1.553,1.1153,-0.4377,110.554
57.82,240.0,3.0,0.0,1.553,1.1153,-0.4377,110.587
57.83,240.0,3.0,0.0,1.553,1.1153,-0.4377,110.505
57.84,240.0,3.0,0.0,1.553,1.1153,-0.4377,110.521
57.85,240.0,3.0,0.0,1.553,1.1153,-0.4377,110.602
57.86,240.0,3.0,0.0,1.553,1.1153,-0.4377,110.49
57.87,240.0,3.0,0.0,1.553,1.1066,-0.4464,110.586
57.88,240.0,3.0,0.0,1.553,1.0978,-0.4552,110.457
57.89,240.0,3.0,0.0,1.553,1.1066,-0.4464,110.586
57.9,240.0,3.0,0.0,1.553,1.1066,-0.4464,110.651
57.91,240.0,3.0,0.0,1.553,1.1153,-0.4377,110.521
57.92,240.0,3.0,0.0,1.553,1.1241,-0.4289,110.618
57.93,240.0,3.0,0.0,1.553,1.1153,-0.4377,110.539
57.94,240.0,3.0,0.0,1.553,1.1066,-0.4464,110.553
57.95,240.0,3.0,0.0,1.553,1.1066,-0.4464,110.683
57.96,240.0,3.0,0.0,1.553,1.1153,-0.4377,110.554
57.97,240.0,3.0,0.0,1.553,1.1241,-0.4289,110.619
57.98,240.0,3.0,0.0,1.553,1.1241,-0.4289,110.587
57.99,240.0,3.0,0.0,1.553,1.1241,-0.4289,110.505
58.0,240.0,3.0,0.0,1.553,1.1241,-0.4289,110.554
58.01,240.0,3.0,0.0,1.553,1.1153,-0.4377,110.667
58.02,240.0,3.0,0.0,1.553,1.1241,-0.4289,110.49
58.03,240.0,3.0,0.0,1.553,1.1241,-0.4289,110.521
58.04,240.0,3.0,0.0,1.553,1.1241,-0.4289,110.618
58.05,240.0,3.0,0.0,1.553,1.1241,-0.4289,110.538
58.06,240.0,3.0,0.0,1.553,1.1241,-0.4289,110.7
58.07,240.0,3.0,0.0,1.553,1.1241,-0.4289,110.538
58.08,240.0,3.0,0.0,1.553,1.1153,-0.4377,110.523
58.09,240.0,3.0,0.0,1.553,1.1153,-0.4377,110.537
58.1,240.0,3.0,0.0,1.553,1.1153,-0.4377,110.44
58.11,240.0,3.0,0.0,1.553,1.1153,-0.4377,110.569
58.12,240.0,3.0,0.0,1.553,1.1241,-0.4289,110.65
58.13,240.0,3.0,0.0,1.553,1.1153,-0.4377,110.474
58.14,240.0,3.0,0.0,1.553,1.1241,-0.4289,110.602
58.15,240.0,3.0,0.0,1.553,1.1241,-0.4289,110.554
58.16,240.0,3.0,0.0,1.553,1.1241,-0.4289,110.49
58.17,240.0,3.0,0.0,1.553,1.1241,-0.4289,110.537
58.18,240.0,3.0,0.0,1.553,1.1153,-0.4377,110.507
58.19,240.0,3.0,0.0,1.553,1.1241,-0.4289,110.41
58.2,240.0,3.0,0.0,1.553,1.1241,-0.4289,110.521
58.21,240.0,3.0,0.0,1.553,1.1241,-0.4289,110.522
58.22,240.0,3.0,0.0,1.553,1.1241,-0.4289,110.537
58.23,240.0,3.0,0.0,1.553,1.1153,-0.4377,110.634
58.24,240.0,3.0,0.0,1.553,1.1153,-0.4377,110.603
58.25,240.0,3.0,0.0,1.553,1.1066,-0.4464,110.538
58.26,240.0,3.0,0.0,1.553,1.1066,-0.4464,110.505
58.27,240.0,3.0,0.0,1.553,1.1153,-0.4377,110.618
58.28,240.0,3.0,0.0,1.553,1.1066,-0.4464,110.521
58.29,240.0,3.0,0.0,1.553,1.1153,-0.4377,110.634
58.3,240.0,3.0,0.0,1.553,1.1153,-0.4377,110.603
58.31,240.0,3.0,0.0,1.553,1.1153,-0.4377,110.571
58.32,240.0,3.0,0.0,1.553,1.1153,-0.4377,110.522
58.33,240.0,3.0,0.0,1.553,1.1153,-0.4377,110.506
58.34,240.0,3.0,0.0,1.553,1.1153,-0.4377,110.715
58.35,240.0,3.0,0.0,1.553,1.1153,-0.4377,110.571
58.36,240.0,3.0,0.0,1.553,1.1153,-0.4377,110.458
58.37,240.0,3.0,0.0,1.553,1.1153,-0.4377,110.505
58.38,240.0,3.0,0.0,1.553,1.1153,-0.4377,110.506
58.39,240.0,3.0,0.0,1.553,1.1153,-0.4377,110.506
58.4,240.0,3.0,0.0,1.553,1.1241,-0.4289,110.602
58.41,240.0,3.0,0.0,1.553,1.1153,-0.4377,110.65
58.42,240.0,3.0,0.0,1.553,1.1153,-0.4377,110.555
58.43,240.0,3.0,0.0,1.553,1.1153,-0.4377,110.65
58.44,240.0,3.0,0.0,1.553,1.1241,-0.4289,110.553
58.45,240.0,3.0,0.0,1.553,1.1241,-0.4289,110.57
58.46,240.0,3.0,0.0,1.553,1.1153,-0.4377,110.504
58.47,240.0,3.0,0.0,1.553,1.1241,-0.4289,110.699
58.48,240.0,3.0,0.0,1.553,1.1241,-0.4289,110.588
58.49,240.0,3.0,0.0,1.553,1.1241,-0.4289,110.618
58.5,240.0,3.0,0.0,1.553,1.1241,-0.4289,110.667
58.51,240.0,3.0,0.0,1.553,1.1241,-0.4289,110.474
58.52,240.0,3.0,0.0,1.553,1.1241,-0.4289,110.585
58.53,240.0,3.0,0.0,1.553,1.1328,-0.4202,110.572
58.54,240.0,3.0,0.0,1.553,1.1241,-0.4289,110.572
58.55,240.0,3.0,0.0,1.553,1.1153,-0.4377,110.571
58.56,240.0,3.0,0.0,1.553,1.1241,-0.4289,110.586
58.57,240.0,3.0,0.0,1.553,1.1328,-0.4202,110.539
58.58,240.0,3.0,0.0,1.553,1.1153,-0.4377,110.634
58.59,240.0,3.0,0.0,1.553,1.1153,-0.4377,110.667
58.6,240.0,3.0,0.0,1.553,1.1153,-0.4377,110.62
58.61,240.0,3.0,0.0,1.553,1.1153,-0.4377,110.508
58.62,240.0,3.0,0.0,1.553,1.1241,-0.4289,110.65
58.63,240.0,3.0,0.0,1.553,1.1241,-0.4289,110.457
58.64,240.0,3.0,0.0,1.553,1.1241,-0.4289,110.552
58.65,240.0,3.0,0.0,1.553,1.1153,-0.4377,110.666
58.66,240.0,3.0,0.0,1.553,1.1153,-0.4377,110.651
58.67,240.0,3.0,0.0,1.553,1.1153,-0.4377,110.588
58.68,240.0,3.0,0.0,1.553,1.1241,-0.4289,110.425
58.69,240.0,3.0,0.0,1.553,1.1153,-0.4377,110.618
58.7,240.0,3.0,0.0,1.553,1.1241,-0.4289,110.554
58.71,240.0,3.0,0.0,1.553,1.1066,-0.4464,110.65
58.72,240.0,3.0,0.0,1.553,1.1066,-0.4464,110.571
58.73,240.0,3.0,0.0,1.553,1.1066,-0.4464,110.666
58.74,240.0,3.0,0.0,1.553,1.0891,-0.4639,110.587
58.75,240.0,3.0,0.0,1.553,1.0978,-0.4552,110.571
58.76,240.0,3.0,0.0,1.553,1.0978,-0.4552,110.505
58.77,240.0,3.0,0.0,1.553,1.0978,-0.4552,110.618
58.78,240.0,3.0,0.0,1.553,1.0978,-0.4552,110.554
58.79,240.0,3.0,0.0,1.553,1.0978,-0.4552,110.619
58.8,240.0,3.0,0.0,1.553,1.0978,-0.4552,110.65
58.81,240.0,3.0,0.0,1.553,1.0978,-0.4552,110.619
58.82,240.0,3.0,0.0,1.553,1.0978,-0.4552,110.57
58.83,240.0,3.0,0.0,1.553,1.0978,-0.4552,110.506
58.84,240.0,3.0,0.0,1.553,1.1066,-0.4464,110.569
58.85,240.0,3.0,0.0,1.553,1.1153,-0.4377,110.522
58.86,240.0,3.0,0.0,1.553,1.1066,-0.4464,110.522
58.87,240.0,3.0,0.0,1.553,1.1066,-0.4464,110.538
58.88,240.0,3.0,0.0,1.553,1.1153,-0.4377,110.441
58.89,240.0,3.0,0.0,1.553,1.1153,-0.4377,110.441
58.9,240.0,3.0,0.0,1.553,1.1153,-0.4377,110.442
58.91,240.0,3.0,0.0,1.553,1.1153,-0.4377,110.602
58.92,240.0,3.0,0.0,1.553,1.1153,-0.4377,110.506
58.93,240.0,3.0,0.0,1.553,1.1066,-0.4464,110.441
58.94,240.0,3.0,0.0,1.553,1.1153,-0.4377,110.619
58.95,240.0,3.0,0.0,1.553,1.1153,-0.4377,110.555
58.96,240.0,3.0,0.0,1.553,1.1066,-0.4464,110.49
58.97,240.0,3.0,0.0,1.553,1.1066,-0.4464,110.618
58.98,240.0,3.0,0.0,1.553,1.1066,-0.4464,110.554
58.99,240.0,3.0,0.0,1.553,1.1066,-0.4464,110.554
59.0,240.0,3.0,0.0,1.553,1.1066,-0.4464,110.506
59.01,240.0,3.0,0.0,1.553,1.1066,-0.4464,110.473
59.02,240.0,3.0,0.0,1.553,1.1066,-0.4464,110.555
59.03,240.0,3.0,0.0,1.553,1.1153,-0.4377,110.651
59.04,240.0,3.0,0.0,1.553,1.1153,-0.4377,110.619
59.05,240.0,3.0,0.0,1.553,1.1241,-0.4289,110.538
59.06,240.0,3.0,0.0,1.553,1.1153,-0.4377,110.474
59.07,240.0,3.0,0.0,1.553,1.1241,-0.4289,110.457
59.08,240.0,3.0,0.0,1.553,1.1241,-0.4289,110.474
59.09,240.0,3.0,0.0,1.553,1.1241,-0.4289,110.584
59.1,240.0,3.0,0.0,1.553,1.1241,-0.4289,110.554
59.11,240.0,3.0,0.0,1.553,1.1241,-0.4289,110.569
59.12,240.0,3.0,0.0,1.553,1.1241,-0.4289,110.538
59.13,240.0,3.0,0.0,1.553,1.1328,-0.4202,110.393
59.14,240.0,3.0,0.0,1.553,1.1241,-0.4289,110.571
59.15,240.0,3.0,0.0,1.553,1.1241,-0.4289,110.555
59.16,240.0,3.0,0.0,1.553,1.1241,-0.4289,110.489
59.17,240.0,3.0,0.0,1.553,1.1153,-0.4377,110.506
59.18,240.0,3.0,0.0,1.553,1.1153,-0.4377,110.28
59.19,240.0,3.0,0.0,1.553,1.1328,-0.4202,106.659
59.2,25.0,0.0,11.0,48.079,1.7806,-46.2984,0.273
59.21,25.0,0.0,11.0,48.079,4.0564,-44.0226,-0.135
59.22,25.0,0.0,11.0,48.079,10.4286,-37.6504,-1.396
59.23,25.0,0.0,11.0,48.079,17.9037,-30.1753,-0.717
59.24,25.0,0.0,11.0,48.079,24.9937,-23.0853,-0.558
59.25,25.0,0.0,11.0,48.079,31.9349,-16.1441,-1.089
59.26,25.0,0.0,11.0,48.079,38.9986,-9.0804,-0.846
59.27,25.0,0.0,11.0,48.079,45.966,-2.113,-0.653
59.28,25.0,0.0,11.0,48.079,52.7059,4.6269,-0.798
59.29,25.0,0.0,11.0,48.079,53.835,5.756,-0.862
59.3,25.0,0.0,11.0,48.079,54.0364,5.9574,-0.848
59.31,25.0,0.0,11.0,48.079,54.0626,5.9836,-0.686
59.32,25.0,0.0,11.0,48.079,54.0451,5.9661,-0.652
59.33,25.0,0.0,11.0,48.079,54.0539,5.9749,-0.798
59.34,25.0,0.0,11.0,48.079,54.0539,5.9749,-0.766
59.35,25.0,0.0,11.0,48.079,54.0889,6.0099,-0.797
59.36,25.0,0.0,11.0,48.079,54.0976,6.0186,-0.782
59.37,25.0,0.0,11.0,48.079,54.0976,6.0186,-0.717
59.38,25.0,0.0,11.0,48.079,54.0976,6.0186,-0.621
59.39,25.0,0.0,11.0,48.079,54.0714,5.9924,-0.748
59.4,25.0,0.0,11.0,48.079,54.0539,5.9749,-0.669
59.41,25.0,0.0,11.0,48.079,54.0626,5.9836,-0.798
59.42,25.0,0.0,11.0,48.079,54.0626,5.9836,-0.685
59.43,25.0,0.0,11.0,48.079,54.0626,5.9836,-0.814
59.44,11.7,2.0,3.7,50.9643,54.0626,3.0983,-0.636
59.45,5.0,3.0,0.0,52.407,54.0364,1.6294,-0.796
59.46,5.0,3.0,0.0,52.407,54.0801,1.6731,-0.652
59.47,5.0,3.0,0.0,52.407,54.0889,1.6819,-0.732
59.48,5.0,3.0,0.0,52.407,54.1064,1.6994,-0.701
59.49,5.0,3.0,0.0,52.407,54.1064,1.6994,-0.652
59.5,5.0,3.0,0.0,52.407,54.0714,1.6644,-0.684
59.51,5.0,3.0,0.0,52.407,54.0364,1.6294,-0.587
59.52,5.0,3.0,0.0,52.407,54.0364,1.6294,-0.587
59.53,5.0,3.0,0.0,52.407,54.0451,1.6381,-0.748
59.54,5.0,3.0,0.0,52.407,54.0626,1.6556,-0.829
59.55,5.0,3.0,0.0,52.407,54.0714,1.6644,-0.717
59.56,5.0,3.0,0.0,52.407,54.0801,1.6731,-0.62
59.57,5.0,3.0,0.0,52.407,54.0801,1.6731,-0.732
59.58,5.0,3.0,0.0,52.407,54.0889,1.6819,-0.7
59.59,5.0,3.0,0.0,52.407,54.0976,1.6906,-0.813
59.6,5.0,3.0,0.0,52.407,54.0976,1.6906,-0.588
59.61,5.0,3.0,0.0,52.407,54.0714,1.6644,-0.732
59.62,5.0,3.0,0.0,52.407,54.0451,1.6381,-0.571
59.63,5.0,3.0,0.0,52.407,54.0451,1.6381,-0.765
59.64,5.0,3.0,0.0,52.407,54.0539,1.6469,-0.83
59.65,5.0,3.0,0.0,52.407,54.0801,1.6731,-0.684
59.66,5.0,3.0,0.0,52.407,54.0889,1.6819,-0.733
59.67,5.0,3.0,0.0,52.407,54.0889,1.6819,-0.523
59.68,5.0,3.0,0.0,52.407,54.0889,1.6819,-0.652
59.69,5.0,3.0,0.0,52.407,54.0889,1.6819,-0.572
59.7,5.0,3.0,0.0,52.407,54.1064,1.6994,-0.667
59.71,5.0,3.0,0.0,52.407,54.0976,1.6906,-0.668
59.72,5.0,3.0,0.0,52.407,54.0801,1.6731,-0.636
59.73,5.0,3.0,0.0,52.407,54.0626,1.6556,-0.798
59.74,5.0,3.0,0.0,52.407,54.0714,1.6644,-0.588
59.75,5.0,3.0,0.0,52.407,54.0801,1.6731,-0.555
59.76,5.0,3.0,0.0,52.407,54.1064,1.6994,-0.619
59.77,5.0,3.0,0.0,52.407,54.1151,1.7081,-0.522
59.78,5.0,3.0,0.0,52.407,54.1064,1.6994,-0.635
59.79,5.0,3.0,0.0,52.407,54.0976,1.6906,-0.67
59.8,5.0,3.0,0.0,52.407,54.1064,1.6994,-0.716
59.81,5.0,3.0,0.0,52.407,54.1151,1.7081,-0.781
59.82,5.0,3.0,0.0,52.407,54.1064,1.6994,-0.619
59.83,5.0,3.0,0.0,52.407,54.0976,1.6906,-0.651
59.84,5.0,3.0,0.0,52.407,54.0801,1.6731,-0.426
59.85,5.0,3.0,0.0,52.407,54.0801,1.6731,-0.619
59.86,5.0,3.0,0.0,52.407,54.0976,1.6906,-0.651
59.87,5.0,3.0,0.0,52.407,54.1151,1.7081,-0.507
59.88,5.0,3.0,0.0,52.407,54.1151,1.7081,-0.732
59.89,5.0,3.0,0.0,52.407,54.1151,1.7081,-0.717
59.9,5.0,3.0,0.0,52.407,54.1064,1.6994,-0.605
59.91,5.0,3.0,0.0,52.407,54.0976,1.6906,-0.684
59.92,5.0,3.0,0.0,52.407,54.0976,1.6906,-0.684
59.93,5.0,3.0,0.0,52.407,54.0889,1.6819,-0.731
59.94,5.0,3.0,0.0,52.407,54.0889,1.6819,-0.603
59.95,5.0,3.0,0.0,52.407,54.0714,1.6644,-0.524
59.96,5.0,3.0,0.0,52.407,54.0889,1.6819,-0.603
59.97,5.0,3.0,0.0,52.407,54.0889,1.6819,-0.651
59.98,5.0,3.0,0.0,52.407,54.0889,1.6819,-0.54
59.99,5.0,3.0,0.0,52.407,54.0976,1.6906,-0.57
60.0,5.0,3.0,0.0,52.407,54.0889,1.6819,-0.539
60.01,5.0,3.0,0.0,52.407,54.0889,1.6819,-0.602
60.02,5.0,3.0,0.0,52.407,54.0889,1.6819,-0.587
60.03,5.0,3.0,0.0,52.407,54.0801,1.6731,-0.669
60.04,5.0,3.0,0.0,52.407,54.0801,1.6731,-0.668
60.05,5.0,3.0,0.0,52.407,54.0714,1.6644,-0.556
60.06,5.0,3.0,0.0,52.407,54.0714,1.6644,-0.731
60.07,5.0,3.0,0.0,52.407,54.0801,1.6731,-0.458
60.08,5.0,3.0,0.0,52.407,54.0801,1.6731,-0.586
60.09,5.0,3.0,0.0,52.407,54.0976,1.6906,-0.62
60.1,5.0,3.0,0.0,52.407,54.0976,1.6906,-0.571
60.11,5.0,3.0,0.0,52.407,54.1064,1.6994,-0.57
60.12,5.0,3.0,0.0,52.407,54.0976,1.6906,-0.554
60.13,5.0,3.0,0.0,52.407,54.1064,1.6994,-0.619
60.14,5.0,3.0,0.0,52.407,54.1064,1.6994,-0.556
60.15,5.0,3.0,0.0,52.407,54.1064,1.6994,-0.781
60.16,5.0,3.0,0.0,52.407,54.1151,1.7081,-0.701
60.17,5.0,3.0,0.0,52.407,54.1064,1.6994,-0.474
60.18,5.0,3.0,0.0,52.407,54.1064,1.6994,-0.618
60.19,5.0,3.0,0.0,52.407,54.0976,1.6906,-0.554
60.2,5.0,3.0,0.0,52.407,54.1064,1.6994,-0.554
60.21,5.0,3.0,0.0,52.407,54.1239,1.7169,-0.634
60.22,5.0,3.0,0.0,52.407,54.1151,1.7081,-0.683
60.23,5.0,3.0,0.0,52.407,54.1064,1.6994,-0.636
60.24,5.0,3.0,0.0,52.407,54.1064,1.6994,-0.49
60.25,5.0,3.0,0.0,52.407,54.1064,1.6994,-0.537
60.26,5.0,3.0,0.0,52.407,54.0889,1.6819,-0.764
60.27,239.0,0.0,30.0,1.7694,53.7125,51.9431,-0.701
60.28,239.0,0.0,30.0,1.7694,48.1543,46.3849,-0.669
60.29,239.0,0.0,30.0,1.7694,40.9243,39.1549,-0.571
60.3,239.0,0.0,30.0,1.7694,33.3529,31.5835,-0.522
60.31,239.0,0.0,30.0,1.7694,26.2104,24.441,-0.476
60.32,239.0,0.0,30.0,1.7694,19.1379,17.3685,-0.602
60.33,239.0,0.0,30.0,1.7694,11.4702,9.7008,-0.572
60.34,239.0,0.0,30.0,1.7694,4.4765,2.7071,2.552
60.35,239.0,0.0,30.0,1.7694,2.2357,0.4663,74.281
60.36,239.0,0.0,30.0,1.7694,1.1504,-0.619,110.48
60.37,239.0,0.0,30.0,1.7694,1.1241,-0.6453,104.439
60.38,239.0,0.0,30.0,1.7694,1.1504,-0.619,108.535
60.39,239.0,0.0,30.0,1.7694,1.1328,-0.6366,109.561
60.4,239.0,0.0,30.0,1.7694,1.1504,-0.619,108.215
60.41,239.0,0.0,30.0,1.7694,1.1416,-0.6278,109.497
60.42,239.0,0.0,30.0,1.7694,1.1328,-0.6366,108.569
60.43,239.0,0.0,30.0,1.7694,1.1328,-0.6366,107.495
60.44,239.0,0.0,30.0,1.7694,1.1416,-0.6278,108.225
60.45,239.0,0.0,30.0,1.7694,1.1328,-0.6366,109.412
60.46,239.0,0.0,30.0,1.7694,1.1416,-0.6278,109.738
60.47,239.0,0.0,30.0,1.7694,1.1416,-0.6278,109.201
60.48,239.0,0.0,30.0,1.7694,1.1328,-0.6366,108.403
60.49,239.0,0.0,30.0,1.7694,1.1328,-0.6366,108.371
60.5,239.0,0.0,30.0,1.7694,1.1504,-0.619,109.428
60.51,239.7,2.0,10.0,1.6251,1.1504,-0.4748,110.159
60.52,240.0,3.0,0.0,1.553,1.1416,-0.4114,109.2
60.53,240.0,3.0,0.0,1.553,1.1504,-0.4026,108.369
60.54,240.0,3.0,0.0,1.553,1.1504,-0.4026,109.101
60.55,240.0,3.0,0.0,1.553,1.1504,-0.4026,109.994
60.56,240.0,3.0,0.0,1.553,1.1504,-0.4026,109.704
60.57,240.0,3.0,0.0,1.553,1.1591,-0.3939,109.086
60.58,240.0,3.0,0.0,1.553,1.1591,-0.3939,108.956
60.59,240.0,3.0,0.0,1.553,1.1504,-0.4026,108.923
60.6,240.0,3.0,0.0,1.553,1.1591,-0.3939,109.216
60.61,240.0,3.0,0.0,1.553,1.1591,-0.3939,109.719
60.62,240.0,3.0,0.0,1.553,1.1591,-0.3939,109.67
60.63,240.0,3.0,0.0,1.553,1.1591,-0.3939,108.808
60.64,240.0,3.0,0.0,1.553,1.1591,-0.3939,108.807
60.65,240.0,3.0,0.0,1.553,1.1591,-0.3939,109.54
60.66,240.0,3.0,0.0,1.553,1.1591,-0.3939,109.589
60.67,240.0,3.0,0.0,1.553,1.1504,-0.4026,109.135
60.68,240.0,3.0,0.0,1.553,1.1591,-0.3939,109.083
60.69,240.0,3.0,0.0,1.553,1.1591,-0.3939,109.215
60.7,240.0,3.0,0.0,1.553,1.1591,-0.3939,109.505
60.71,240.0,3.0,0.0,1.553,1.1504,-0.4026,109.391
60.72,240.0,3.0,0.0,1.553,1.1591,-0.3939,109.457
60.73,240.0,3.0,0.0,1.553,1.1504,-0.4026,109.166
60.74,240.0,3.0,0.0,1.553,1.1591,-0.3939,108.954
60.75,240.0,3.0,0.0,1.553,1.1416,-0.4114,109.148
60.76,240.0,3.0,0.0,1.553,1.1504,-0.4026,109.587
60.77,240.0,3.0,0.0,1.553,1.1504,-0.4026,109.588
60.78,240.0,3.0,0.0,1.553,1.1416,-0.4114,108.987
60.79,240.0,3.0,0.0,1.553,1.1504,-0.4026,108.856
60.8,240.0,3.0,0.0,1.553,1.1416,-0.4114,109.44
60.81,240.0,3.0,0.0,1.553,1.1416,-0.4114,109.523
60.82,240.0,3.0,0.0,1.553,1.1504,-0.4026,109.151
60.83,240.0,3.0,0.0,1.553,1.1504,-0.4026,108.889
60.84,240.0,3.0,0.0,1.553,1.1504,-0.4026,109.085
60.85,240.0,3.0,0.0,1.553,1.1591,-0.3939,109.442
60.86,240.0,3.0,0.0,1.553,1.1504,-0.4026,109.231
60.87,240.0,3.0,0.0,1.553,1.1591,-0.3939,109.278
60.88,240.0,3.0,0.0,1.553,1.1591,-0.3939,109.2
60.89,240.0,3.0,0.0,1.553,1.1679,-0.3851,109.149
60.9,240.0,3.0,0.0,1.553,1.1679,-0.3851,109.101
60.91,240.0,3.0,0.0,1.553,1.1591,-0.3939,109.197
60.92,240.0,3.0,0.0,1.553,1.1591,-0.3939,109.539
60.93,240.0,3.0,0.0,1.553,1.1591,-0.3939,109.165
60.94,240.0,3.0,0.0,1.553,1.1591,-0.3939,109.069
60.95,240.0,3.0,0.0,1.553,1.1591,-0.3939,109.068
60.96,240.0,3.0,0.0,1.553,1.1591,-0.3939,109.441
60.97,240.0,3.0,0.0,1.553,1.1591,-0.3939,109.2
60.98,240.0,3.0,0.0,1.553,1.1591,-0.3939,108.987
60.99,240.0,3.0,0.0,1.553,1.1591,-0.3939,108.89
61.0,240.0,3.0,0.0,1.553,1.1591,-0.3939,109.342
61.01,240.0,3.0,0.0,1.553,1.1591,-0.3939,109.133
61.02,240.0,3.0,0.0,1.553,1.1679,-0.3851,109.247
61.03,240.0,3.0,0.0,1.553,1.1504,-0.4026,109.215
61.04,240.0,3.0,0.0,1.553,1.1504,-0.4026,109.118
61.05,240.0,3.0,0.0,1.553,1.1504,-0.4026,109.148
61.06,240.0,3.0,0.0,1.553,1.1591,-0.3939,109.118
61.07,240.0,3.0,0.0,1.553,1.1416,-0.4114,109.311
61.08,240.0,3.0,0.0,1.553,1.1504,-0.4026,109.133
61.09,240.0,3.0,0.0,1.553,1.1416,-0.4114,109.004
61.1,240.0,3.0,0.0,1.553,1.1504,-0.4026,109.295
61.11,240.0,3.0,0.0,1.553,1.1504,-0.4026,109.069
61.12,240.0,3.0,0.0,1.553,1.1504,-0.4026,109.117
61.13,240.0,3.0,0.0,1.553,1.1504,-0.4026,109.037
61.14,240.0,3.0,0.0,1.553,1.1416,-0.4114,109.149
61.15,240.0,3.0,0.0,1.553,1.1504,-0.4026,109.136
61.16,240.0,3.0,0.0,1.553,1.1504,-0.4026,108.989
61.17,240.0,3.0,0.0,1.553,1.1504,-0.4026,109.085
61.18,240.0,3.0,0.0,1.553,1.1416,-0.4114,109.116
61.19,240.0,3.0,0.0,1.553,1.1504,-0.4026,109.086
61.2,240.0,3.0,0.0,1.553,1.1504,-0.4026,108.971
61.21,240.0,3.0,0.0,1.553,1.1504,-0.4026,109.23
61.22,240.0,3.0,0.0,1.553,1.1504,-0.4026,109.199
61.23,240.0,3.0,0.0,1.553,1.1416,-0.4114,108.94
61.24,240.0,3.0,0.0,1.553,1.1504,-0.4026,108.956
61.25,240.0,3.0,0.0,1.553,1.1504,-0.4026,109.229
61.26,240.0,3.0,0.0,1.553,1.1416,-0.4114,109.101
61.27,240.0,3.0,0.0,1.553,1.1416,-0.4114,109.116
61.28,240.0,3.0,0.0,1.553,1.1416,-0.4114,109.133
61.29,240.0,3.0,0.0,1.553,1.1416,-0.4114,109.118
61.3,240.0,3.0,0.0,1.553,1.1416,-0.4114,109.213
61.31,240.0,3.0,0.0,1.553,1.1504,-0.4026,109.15
61.32,240.0,3.0,0.0,1.553,1.1504,-0.4026,109.005
61.33,240.0,3.0,0.0,1.553,1.1504,-0.4026,108.956
61.34,240.0,3.0,0.0,1.553,1.1591,-0.3939,109.084
61.35,240.0,3.0,0.0,1.553,1.1504,-0.4026,109.069
61.36,240.0,3.0,0.0,1.553,1.1504,-0.4026,109.213
61.37,240.0,3.0,0.0,1.553,1.1504,-0.4026,109.085
61.38,240.0,3.0,0.0,1.553,1.1591,-0.3939,108.973
61.39,240.0,3.0,0.0,1.553,1.1591,-0.3939,108.955
61.4,240.0,3.0,0.0,1.553,1.1504,-0.4026,109.054
61.41,240.0,3.0,0.0,1.553,1.1504,-0.4026,109.053
61.42,240.0,3.0,0.0,1.553,1.1679,-0.3851,109.215
61.43,240.0,3.0,0.0,1.553,1.1591,-0.3939,109.02
61.44,240.0,3.0,0.0,1.553,1.1591,-0.3939,108.972
61.45,240.0,3.0,0.0,1.553,1.1679,-0.3851,109.133
61.46,240.0,3.0,0.0,1.553,1.1591,-0.3939,109.134
61.47,240.0,3.0,0.0,1.553,1.1591,-0.3939,109.086
61.48,240.0,3.0,0.0,1.553,1.1591,-0.3939,109.116
61.49,240.0,3.0,0.0,1.553,1.1591,-0.3939,108.973
61.5,240.0,3.0,0.0,1.553,1.1504,-0.4026,109.164
61.51,240.0,3.0,0.0,1.553,1.1416,-0.4114,109.005
61.52,240.0,3.0,0.0,1.553,1.1591,-0.3939,109.101
61.53,240.0,3.0,0.0,1.553,1.1504,-0.4026,109.053
61.54,240.0,3.0,0.0,1.553,1.1504,-0.4026,109.052
61.55,240.0,3.0,0.0,1.553,1.1504,-0.4026,109.182
61.56,240.0,3.0,0.0,1.553,1.1504,-0.4026,109.198
61.57,240.0,3.0,0.0,1.553,1.1504,-0.4026,109.15
61.58,240.0,3.0,0.0,1.553,1.1504,-0.4026,108.988
61.59,240.0,3.0,0.0,1.553,1.1504,-0.4026,109.052
61.6,240.0,3.0,0.0,1.553,1.1504,-0.4026,109.164
61.61,240.0,3.0,0.0,1.553,1.1504,-0.4026,109.069
61.62,240.0,3.0,0.0,1.553,1.1416,-0.4114,109.149
61.63,240.0,3.0,0.0,1.553,1.1504,-0.4026,109.118
61.64,240.0,3.0,0.0,1.553,1.1504,-0.4026,109.071
61.65,240.0,3.0,0.0,1.553,1.1416,-0.4114,108.924
61.66,240.0,3.0,0.0,1.553,1.1591,-0.3939,109.1
61.67,240.0,3.0,0.0,1.553,1.1504,-0.4026,109.23
61.68,240.0,3.0,0.0,1.553,1.1591,-0.3939,109.005
61.69,240.0,3.0,0.0,1.553,1.1591,-0.3939,109.004
61.7,240.0,3.0,0.0,1.553,1.1504,-0.4026,109.133
61.71,240.0,3.0,0.0,1.553,1.1416,-0.4114,109.118
61.72,240.0,3.0,0.0,1.553,1.1416,-0.4114,109.037
61.73,240.0,3.0,0.0,1.553,1.1504,-0.4026,109.051
61.74,240.0,3.0,0.0,1.553,1.1416,-0.4114,109.117
61.75,240.0,3.0,0.0,1.553,1.1416,-0.4114,109.022
61.76,240.0,3.0,0.0,1.553,1.1416,-0.4114,109.035
61.77,240.0,3.0,0.0,1.553,1.1416,-0.4114,109.068
61.78,240.0,3.0,0.0,1.553,1.1416,-0.4114,109.036
61.79,240.0,3.0,0.0,1.553,1.1416,-0.4114,108.956
61.8,240.0,3.0,0.0,1.553,1.1416,-0.4114,108.956
61.81,240.0,3.0,0.0,1.553,1.1416,-0.4114,109.115
61.82,240.0,3.0,0.0,1.553,1.1504,-0.4026,109.086
61.83,240.0,3.0,0.0,1.553,1.1504,-0.4026,109.116
61.84,240.0,3.0,0.0,1.553,1.1504,-0.4026,109.021
61.85,240.0,3.0,0.0,1.553,1.1504,-0.4026,109.166
61.86,240.0,3.0,0.0,1.553,1.1504,-0.4026,109.004
61.87,240.0,3.0,0.0,1.553,1.1504,-0.4026,109.052
61.88,240.0,3.0,0.0,1.553,1.1504,-0.4026,108.989
61.89,240.0,3.0,0.0,1.553,1.1504,-0.4026,109.054
61.9,240.0,3.0,0.0,1.553,1.1504,-0.4026,108.924
61.91,240.0,3.0,0.0,1.553,1.1504,-0.4026,108.955
61.92,240.0,3.0,0.0,1.553,1.1504,-0.4026,109.181
61.93,240.0,3.0,0.0,1.553,1.1504,-0.4026,109.134
61.94,240.0,3.0,0.0,1.553,1.1504,-0.4026,109.053
61.95,240.0,3.0,0.0,1.553,1.1504,-0.4026,109.1
61.96,240.0,3.0,0.0,1.553,1.1504,-0.4026,109.071
61.97,240.0,3.0,0.0,1.553,1.1504,-0.4026,108.908
61.98,240.0,3.0,0.0,1.553,1.1504,-0.4026,109.116
61.99,240.0,3.0,0.0,1.553,1.1504,-0.4026,109.022
62.0,240.0,3.0,0.0,1.553,1.1504,-0.4026,108.989
62.01,240.0,3.0,0.0,1.553,1.1504,-0.4026,109.052
62.02,240.0,3.0,0.0,1.553,1.1504,-0.4026,109.005
62.03,240.0,3.0,0.0,1.553,1.1504,-0.4026,109.019
62.04,240.0,3.0,0.0,1.553,1.1504,-0.4026,109.005
62.05,240.0,3.0,0.0,1.553,1.1504,-0.4026,109.005
62.06,240.0,3.0,0.0,1.553,1.1504,-0.4026,109.132
62.07,240.0,3.0,0.0,1.553,1.1504,-0.4026,109.149
62.08,240.0,3.0,0.0,1.553,1.1504,-0.4026,109.037
62.09,240.0,3.0,0.0,1.553,1.1504,-0.4026,108.972
62.1,240.0,3.0,0.0,1.553,1.1416,-0.4114,109.069
62.11,240.0,3.0,0.0,1.553,1.1504,-0.4026,109.118
62.12,240.0,3.0,0.0,1.553,1.1504,-0.4026,109.101
62.13,240.0,3.0,0.0,1.553,1.1504,-0.4026,109.02
62.14,240.0,3.0,0.0,1.553,1.1504,-0.4026,108.972
62.15,240.0,3.0,0.0,1.553,1.1504,-0.4026,109.133
62.16,240.0,3.0,0.0,1.553,1.1504,-0.4026,108.924
62.17,240.0,3.0,0.0,1.553,1.1504,-0.4026,108.972
62.18,240.0,3.0,0.0,1.553,1.1504,-0.4026,109.116
62.19,240.0,3.0,0.0,1.553,1.1504,-0.4026,109.18
62.2,240.0,3.0,0.0,1.553,1.1504,-0.4026,109.149
62.21,240.0,3.0,0.0,1.553,1.1504,-0.4026,109.101
62.22,240.0,3.0,0.0,1.553,1.1591,-0.3939,108.795
62.23,240.0,3.0,0.0,1.553,1.1591,-0.3939,109.052
62.24,240.0,3.0,0.0,1.553,1.1504,-0.4026,109.1
62.25,240.0,3.0,0.0,1.553,1.1504,-0.4026,109.246
62.26,240.0,3.0,0.0,1.553,1.1504,-0.4026,109.085
62.27,240.0,3.0,0.0,1.553,1.1591,-0.3939,109.085
62.28,240.0,3.0,0.0,1.553,1.1504,-0.4026,109.07
62.29,240.0,3.0,0.0,1.553,1.1504,-0.4026,109.085
62.3,240.0,3.0,0.0,1.553,1.1504,-0.4026,109.199
62.31,240.0,3.0,0.0,1.553,1.1504,-0.4026,108.794
62.32,240.0,3.0,0.0,1.553,1.1504,-0.4026,109.148
62.33,240.0,3.0,0.0,1.553,1.1504,-0.4026,108.778
62.34,240.0,3.0,0.0,1.553,1.1504,-0.4026,109.084
62.35,240.0,3.0,0.0,1.553,1.1504,-0.4026,109.165
62.36,240.0,3.0,0.0,1.553,1.1504,-0.4026,108.794
62.37,240.0,3.0,0.0,1.553,1.1504,-0.4026,109.084
62.38,240.0,3.0,0.0,1.553,1.1504,-0.4026,108.908
62.39,240.0,3.0,0.0,1.553,1.1504,-0.4026,109.019
62.4,240.0,3.0,0.0,1.553,1.1504,-0.4026,109.05
62.41,240.0,3.0,0.0,1.553,1.1504,-0.4026,108.974
62.42,240.0,3.0,0.0,1.553,1.1591,-0.3939,109.053
62.43,240.0,3.0,0.0,1.553,1.1591,-0.3939,109.119
62.44,240.0,3.0,0.0,1.553,1.1679,-0.3851,109.005
62.45,240.0,3.0,0.0,1.553,1.1591,-0.3939,109.035
62.46,240.0,3.0,0.0,1.553,1.1679,-0.3851,108.81
62.47,240.0,3.0,0.0,1.553,1.1679,-0.3851,109.182
62.48,240.0,3.0,0.0,1.553,1.1679,-0.3851,108.971
62.49,240.0,3.0,0.0,1.553,1.1591,-0.3939,109.102
62.5,240.0,3.0,0.0,1.553,1.1591,-0.3939,108.989
62.51,240.0,3.0,0.0,1.553,1.1591,-0.3939,108.94
62.52,240.0,3.0,0.0,1.553,1.1591,-0.3939,108.876
62.53,240.0,3.0,0.0,1.553,1.1591,-0.3939,109.083
62.54,240.0,3.0,0.0,1.553,1.1591,-0.3939,109.197
62.55,240.0,3.0,0.0,1.553,1.1504,-0.4026,109.166
62.56,240.0,3.0,0.0,1.553,1.1504,-0.4026,108.941
62.57,240.0,3.0,0.0,1.553,1.1416,-0.4114,108.729
62.58,240.0,3.0,0.0,1.553,1.1504,-0.4026,108.986
62.59,240.0,3.0,0.0,1.553,1.1416,-0.4114,108.891
62.6,240.0,3.0,0.0,1.553,1.1416,-0.4114,109.002
62.61,240.0,3.0,0.0,1.553,1.1504,-0.4026,108.988
62.62,240.0,3.0,0.0,1.553,1.1591,-0.3939,109.101
62.63,240.0,3.0,0.0,1.553,1.1591,-0.3939,108.923
62.64,240.0,3.0,0.0,1.553,1.1591,-0.3939,108.892
62.65,240.0,3.0,0.0,1.553,1.1591,-0.3939,109.052
62.66,240.0,3.0,0.0,1.553,1.1504,-0.4026,109.133
62.67,240.0,3.0,0.0,1.553,1.1416,-0.4114,109.15
62.68,240.0,3.0,0.0,1.553,1.1328,-0.4202,108.892
62.69,240.0,3.0,0.0,1.553,1.1504,-0.4026,108.923
62.7,240.0,3.0,0.0,1.553,1.1416,-0.4114,109.035
62.71,240.0,3.0,0.0,1.553,1.1416,-0.4114,109.051
62.72,240.0,3.0,0.0,1.553,1.1504,-0.4026,109.052
62.73,240.0,3.0,0.0,1.553,1.1504,-0.4026,109.02
62.74,240.0,3.0,0.0,1.553,1.1504,-0.4026,109.085
62.75,240.0,3.0,0.0,1.553,1.1504,-0.4026,109.037
62.76,240.0,3.0,0.0,1.553,1.1504,-0.4026,108.857
62.77,240.0,3.0,0.0,1.553,1.1504,-0.4026,108.988
62.78,240.0,3.0,0.0,1.553,1.1504,-0.4026,109.02
62.79,240.0,3.0,0.0,1.553,1.1504,-0.4026,109.053
62.8,240.0,3.0,0.0,1.553,1.1416,-0.4114,109.116
62.81,240.0,3.0,0.0,1.553,1.1504,-0.4026,108.94
62.82,240.0,3.0,0.0,1.553,1.1416,-0.4114,108.923
62.83,240.0,3.0,0.0,1.553,1.1504,-0.4026,109.1
62.84,240.0,3.0,0.0,1.553,1.1504,-0.4026,108.972
62.85,240.0,3.0,0.0,1.553,1.1504,-0.4026,109.149
62.86,240.0,3.0,0.0,1.553,1.1504,-0.4026,108.989
62.87,240.0,3.0,0.0,1.553,1.1504,-0.4026,109.084
62.88,240.0,3.0,0.0,1.553,1.1416,-0.4114,108.827
62.89,240.0,3.0,0.0,1.553,1.1504,-0.4026,108.97
62.9,240.0,3.0,0.0,1.553,1.1504,-0.4026,109.035
62.91,240.0,3.0,0.0,1.553,1.1504,-0.4026,108.892
62.92,240.0,3.0,0.0,1.553,1.1504,-0.4026,109.068
62.93,240.0,3.0,0.0,1.553,1.1504,-0.4026,108.86
62.94,240.0,3.0,0.0,1.553,1.1504,-0.4026,109.068
62.95,240.0,3.0,0.0,1.553,1.1504,-0.4026,108.972
62.96,240.0,3.0,0.0,1.553,1.1504,-0.4026,109.1
62.97,240.0,3.0,0.0,1.553,1.1504,-0.4026,109.102
62.98,240.0,3.0,0.0,1.553,1.1504,-0.4026,109.101
62.99,240.0,3.0,0.0,1.553,1.1591,-0.3939,108.956
63.0,240.0,3.0,0.0,1.553,1.1504,-0.4026,108.844
63.01,240.0,3.0,0.0,1.553,1.1504,-0.4026,108.907
63.02,240.0,3.0,0.0,1.553,1.1416,-0.4114,109.003
63.03,240.0,3.0,0.0,1.553,1.1504,-0.4026,108.957
63.04,240.0,3.0,0.0,1.553,1.1504,-0.4026,108.972
63.05,240.0,3.0,0.0,1.553,1.1504,-0.4026,108.923
63.06,240.0,3.0,0.0,1.553,1.1504,-0.4026,109.052
63.07,240.0,3.0,0.0,1.553,1.1504,-0.4026,109.037
63.08,240.0,3.0,0.0,1.553,1.1416,-0.4114,108.939
63.09,240.0,3.0,0.0,1.553,1.1504,-0.4026,108.955
63.1,240.0,3.0,0.0,1.553,1.1504,-0.4026,109.084
63.11,240.0,3.0,0.0,1.553,1.1504,-0.4026,108.939
63.12,240.0,3.0,0.0,1.553,1.1504,-0.4026,108.924
63.13,240.0,3.0,0.0,1.553,1.1504,-0.4026,108.924
63.14,240.0,3.0,0.0,1.553,1.1504,-0.4026,109.036
63.15,240.0,3.0,0.0,1.553,1.1504,-0.4026,108.956
63.16,240.0,3.0,0.0,1.553,1.1504,-0.4026,108.956
63.17,240.0,3.0,0.0,1.553,1.1504,-0.4026,108.955
63.18,240.0,3.0,0.0,1.553,1.1504,-0.4026,108.874
63.19,240.0,3.0,0.0,1.553,1.1504,-0.4026,108.954
63.2,240.0,3.0,0.0,1.553,1.1504,-0.4026,108.97
63.21,240.0,3.0,0.0,1.553,1.1504,-0.4026,108.924
63.22,240.0,3.0,0.0,1.553,1.1504,-0.4026,109.102
63.23,240.0,3.0,0.0,1.553,1.1328,-0.4202,108.892
63.24,240.0,3.0,0.0,1.553,1.1504,-0.4026,108.97
63.25,240.0,3.0,0.0,1.553,1.1504,-0.4026,109.019
63.26,240.0,3.0,0.0,1.553,1.1416,-0.4114,108.954
63.27,240.0,3.0,0.0,1.553,1.1504,-0.4026,109.035
63.28,240.0,3.0,0.0,1.553,1.1504,-0.4026,108.973
63.29,240.0,3.0,0.0,1.553,1.1591,-0.3939,108.844
63.3,240.0,3.0,0.0,1.553,1.1504,-0.4026,109.102
63.31,240.0,3.0,0.0,1.553,1.1504,-0.4026,108.907
63.32,240.0,3.0,0.0,1.553,1.1416,-0.4114,109.132
63.33,240.0,3.0,0.0,1.553,1.1416,-0.4114,108.989
63.34,240.0,3.0,0.0,1.553,1.1416,-0.4114,108.972
63.35,240.0,3.0,0.0,1.553,1.1416,-0.4114,109.052
63.36,240.0,3.0,0.0,1.553,1.1504,-0.4026,108.989
63.37,240.0,3.0,0.0,1.553,1.1416,-0.4114,108.826
63.38,240.0,3.0,0.0,1.553,1.1416,-0.4114,109.085
63.39,240.0,3.0,0.0,1.553,1.1504,-0.4026,109.054
63.4,240.0,3.0,0.0,1.553,1.1591,-0.3939,109.053
63.41,240.0,3.0,0.0,1.553,1.1504,-0.4026,108.892
63.42,240.0,3.0,0.0,1.553,1.1591,-0.3939,108.842
63.43,240.0,3.0,0.0,1.553,1.1504,-0.4026,108.858
63.44,240.0,3.0,0.0,1.553,1.1591,-0.3939,108.874
63.45,240.0,3.0,0.0,1.553,1.1504,-0.4026,109.003
63.46,240.0,3.0,0.0,1.553,1.1679,-0.3851,108.94
63.47,240.0,3.0,0.0,1.553,1.1504,-0.4026,109.068
63.48,240.0,3.0,0.0,1.553,1.1504,-0.4026,108.826
63.49,240.0,3.0,0.0,1.553,1.1591,-0.3939,108.889
63.5,240.0,3.0,0.0,1.553,1.1504,-0.4026,108.874
63.51,240.0,3.0,0.0,1.553,1.1504,-0.4026,109.084
63.52,240.0,3.0,0.0,1.553,1.1504,-0.4026,109.021
63.53,240.0,3.0,0.0,1.553,1.1504,-0.4026,109.035
63.54,240.0,3.0,0.0,1.553,1.1416,-0.4114,109.004
63.55,240.0,3.0,0.0,1.553,1.1504,-0.4026,109.036
63.56,240.0,3.0,0.0,1.553,1.1504,-0.4026,109.005
63.57,240.0,3.0,0.0,1.553,1.1504,-0.4026,109.02
63.58,240.0,3.0,0.0,1.553,1.1504,-0.4026,109.228
63.59,240.0,3.0,0.0,1.553,1.1416,-0.4114,108.988
63.6,240.0,3.0,0.0,1.553,1.1416,-0.4114,108.973
63.61,240.0,3.0,0.0,1.553,1.1416,-0.4114,108.794
63.62,240.0,3.0,0.0,1.553,1.1416,-0.4114,108.842
63.63,240.0,3.0,0.0,1.553,1.1416,-0.4114,108.971
63.64,240.0,3.0,0.0,1.553,1.1504,-0.4026,109.1
63.65,240.0,3.0,0.0,1.553,1.1504,-0.4026,109.149
63.66,240.0,3.0,0.0,1.553,1.1504,-0.4026,108.826
63.67,240.0,3.0,0.0,1.553,1.1416,-0.4114,108.971
63.68,240.0,3.0,0.0,1.553,1.1504,-0.4026,109.036
63.69,240.0,3.0,0.0,1.553,1.1504,-0.4026,108.941
63.7,240.0,3.0,0.0,1.553,1.1504,-0.4026,108.843
63.71,240.0,3.0,0.0,1.553,1.1504,-0.4026,108.939
63.72,240.0,3.0,0.0,1.553,1.1504,-0.4026,108.954
63.73,240.0,3.0,0.0,1.553,1.1504,-0.4026,109.004
63.74,240.0,3.0,0.0,1.553,1.1416,-0.4114,108.973
63.75,240.0,3.0,0.0,1.553,1.1416,-0.4114,109.02
63.76,240.0,3.0,0.0,1.553,1.1416,-0.4114,109.036
63.77,240.0,3.0,0.0,1.553,1.1416,-0.4114,109.101
63.78,240.0,3.0,0.0,1.553,1.1504,-0.4026,108.858
63.79,240.0,3.0,0.0,1.553,1.1504,-0.4026,109.019
63.8,240.0,3.0,0.0,1.553,1.1504,-0.4026,109.068
63.81,240.0,3.0,0.0,1.553,1.1504,-0.4026,108.94
63.82,240.0,3.0,0.0,1.553,1.1504,-0.4026,109.085
63.83,240.0,3.0,0.0,1.553,1.1504,-0.4026,109.053
63.84,240.0,3.0,0.0,1.553,1.1591,-0.3939,108.973
63.85,240.0,3.0,0.0,1.553,1.1504,-0.4026,109.065
63.86,240.0,3.0,0.0,1.553,1.1591,-0.3939,108.891
63.87,240.0,3.0,0.0,1.553,1.1504,-0.4026,108.989
63.88,240.0,3.0,0.0,1.553,1.1504,-0.4026,109.1
63.89,240.0,3.0,0.0,1.553,1.1504,-0.4026,108.875
63.9,240.0,3.0,0.0,1.553,1.1591,-0.3939,108.988
63.91,240.0,3.0,0.0,1.553,1.1504,-0.4026,108.907
63.92,240.0,3.0,0.0,1.553,1.1416,-0.4114,109.068
63.93,240.0,3.0,0.0,1.553,1.1504,-0.4026,108.892
63.94,240.0,3.0,0.0,1.553,1.1504,-0.4026,108.971
63.95,240.0,3.0,0.0,1.553,1.1416,-0.4114,109.117
63.96,240.0,3.0,0.0,1.553,1.1504,-0.4026,108.924
63.97,240.0,3.0,0.0,1.553,1.1504,-0.4026,109.035
63.98,240.0,3.0,0.0,1.553,1.1504,-0.4026,108.971
63.99,240.0,3.0,0.0,1.553,1.1504,-0.4026,108.892
64.0,240.0,3.0,0.0,1.553,1.1591,-0.3939,108.956
64.01,240.0,3.0,0.0,1.553,1.1591,-0.3939,108.972
64.02,240.0,3.0,0.0,1.553,1.1591,-0.3939,108.988
64.03,240.0,3.0,0.0,1.553,1.1504,-0.4026,108.971
64.04,240.0,3.0,0.0,1.553,1.1504,-0.4026,109.019
64.05,240.0,3.0,0.0,1.553,1.1416,-0.4114,108.971
64.06,240.0,3.0,0.0,1.553,1.1416,-0.4114,109.02
64.07,240.0,3.0,0.0,1.553,1.1504,-0.4026,109.1
64.08,240.0,3.0,0.0,1.553,1.1328,-0.4202,109.116
64.09,240.0,3.0,0.0,1.553,1.1416,-0.4114,108.842
64.1,240.0,3.0,0.0,1.553,1.1328,-0.4202,109.068
64.11,240.0,3.0,0.0,1.553,1.1328,-0.4202,108.908
64.12,240.0,3.0,0.0,1.553,1.1328,-0.4202,109.068
64.13,240.0,3.0,0.0,1.553,1.1416,-0.4114,109.037
64.14,240.0,3.0,0.0,1.553,1.1504,-0.4026,108.73
64.15,240.0,3.0,0.0,1.553,1.1504,-0.4026,108.858
64.16,240.0,3.0,0.0,1.553,1.1504,-0.4026,108.938
64.17,240.0,3.0,0.0,1.553,1.1504,-0.4026,109.069
64.18,240.0,3.0,0.0,1.553,1.1504,-0.4026,109.005
64.19,240.0,3.0,0.0,1.553,1.1504,-0.4026,108.908
64.2,240.0,3.0,0.0,1.553,1.1504,-0.4026,108.988
64.21,240.0,3.0,0.0,1.553,1.1504,-0.4026,108.89
64.22,240.0,3.0,0.0,1.553,1.1591,-0.3939,108.955
64.23,240.0,3.0,0.0,1.553,1.1504,-0.4026,109.1
64.24,240.0,3.0,0.0,1.553,1.1504,-0.4026,108.907
64.25,240.0,3.0,0.0,1.553,1.1504,-0.4026,109.02
64.26,240.0,3.0,0.0,1.553,1.1504,-0.4026,109.02
64.27,240.0,3.0,0.0,1.553,1.1504,-0.4026,109.02
64.28,240.0,3.0,0.0,1.553,1.1504,-0.4026,108.874
64.29,240.0,3.0,0.0,1.553,1.1416,-0.4114,108.954
64.3,240.0,3.0,0.0,1.553,1.1416,-0.4114,109.036
64.31,240.0,3.0,0.0,1.553,1.1416,-0.4114,108.843
64.32,240.0,3.0,0.0,1.553,1.1416,-0.4114,108.972
64.33,240.0,3.0,0.0,1.553,1.1504,-0.4026,108.956
64.34,240.0,3.0,0.0,1.553,1.1416,-0.4114,108.714
64.35,240.0,3.0,0.0,1.553,1.1504,-0.4026,108.907
64.36,240.0,3.0,0.0,1.553,1.1416,-0.4114,109.052
64.37,240.0,3.0,0.0,1.553,1.1416,-0.4114,109.085
64.38,240.0,3.0,0.0,1.553,1.1416,-0.4114,108.892
64.39,240.0,3.0,0.0,1.553,1.1504,-0.4026,109.068
64.4,240.0,3.0,0.0,1.553,1.1504,-0.4026,108.81
64.41,240.0,3.0,0.0,1.553,1.1504,-0.4026,108.89
64.42,240.0,3.0,0.0,1.553,1.1504,-0.4026,109.02
64.43,240.0,3.0,0.0,1.553,1.1504,-0.4026,109.036
64.44,240.0,3.0,0.0,1.553,1.1504,-0.4026,109.052
64.45,240.0,3.0,0.0,1.553,1.1504,-0.4026,108.94
64.46,240.0,3.0,0.0,1.553,1.1504,-0.4026,108.939
64.47,240.0,3.0,0.0,1.553,1.1504,-0.4026,109.035
64.48,240.0,3.0,0.0,1.553,1.1504,-0.4026,109.02
64.49,240.0,3.0,0.0,1.553,1.1504,-0.4026,109.02
64.5,240.0,3.0,0.0,1.553,1.1504,-0.4026,108.909
64.51,240.0,3.0,0.0,1.553,1.1504,-0.4026,108.907
64.52,240.0,3.0,0.0,1.553,1.1504,-0.4026,108.892
64.53,240.0,3.0,0.0,1.553,1.1504,-0.4026,108.923
64.54,240.0,3.0,0.0,1.553,1.1504,-0.4026,108.972
64.55,240.0,3.0,0.0,1.553,1.1504,-0.4026,108.812
64.56,240.0,3.0,0.0,1.553,1.1504,-0.4026,109.132
64.57,240.0,3.0,0.0,1.553,1.1328,-0.4202,109.005
64.58,240.0,3.0,0.0,1.553,1.1504,-0.4026,109.02
64.59,240.0,3.0,0.0,1.553,1.1504,-0.4026,108.906
64.6,240.0,3.0,0.0,1.553,1.1504,-0.4026,108.972
64.61,240.0,3.0,0.0,1.553,1.1416,-0.4114,109.085
64.62,240.0,3.0,0.0,1.553,1.1504,-0.4026,109.005
64.63,240.0,3.0,0.0,1.553,1.1504,-0.4026,109.036
64.64,240.0,3.0,0.0,1.553,1.1591,-0.3939,108.924
64.65,240.0,3.0,0.0,1.553,1.1504,-0.4026,108.908
64.66,240.0,3.0,0.0,1.553,1.1504,-0.4026,108.874
64.67,240.0,3.0,0.0,1.553,1.1416,-0.4114,109.005
64.68,240.0,3.0,0.0,1.553,1.1504,-0.4026,108.94
64.69,240.0,3.0,0.0,1.553,1.1591,-0.3939,108.876
64.7,240.0,3.0,0.0,1.553,1.1504,-0.4026,108.876
64.71,240.0,3.0,0.0,1.553,1.1591,-0.3939,108.81
64.72,240.0,3.0,0.0,1.553,1.1591,-0.3939,108.891
64.73,240.0,3.0,0.0,1.553,1.1504,-0.4026,108.971
64.74,240.0,3.0,0.0,1.553,1.1591,-0.3939,109.003
64.75,240.0,3.0,0.0,1.553,1.1504,-0.4026,108.924
64.76,240.0,3.0,0.0,1.553,1.1416,-0.4114,108.794
64.77,240.0,3.0,0.0,1.553,1.1504,-0.4026,109.084
64.78,240.0,3.0,0.0,1.553,1.1504,-0.4026,108.891
64.79,240.0,3.0,0.0,1.553,1.1416,-0.4114,108.939
64.8,240.0,3.0,0.0,1.553,1.1416,-0.4114,108.923
64.81,240.0,3.0,0.0,1.553,1.1416,-0.4114,108.843
64.82,240.0,3.0,0.0,1.553,1.1416,-0.4114,108.987
64.83,240.0,3.0,0.0,1.553,1.1416,-0.4114,109.051
64.84,240.0,3.0,0.0,1.553,1.1416,-0.4114,108.858
64.85,240.0,3.0,0.0,1.553,1.1416,-0.4114,108.97
64.86,240.0,3.0,0.0,1.553,1.1416,-0.4114,108.795
64.87,240.0,3.0,0.0,1.553,1.1328,-0.4202,108.988
64.88,240.0,3.0,0.0,1.553,1.1416,-0.4114,108.955
64.89,240.0,3.0,0.0,1.553,1.1416,-0.4114,108.907
64.9,240.0,3.0,0.0,1.553,1.1504,-0.4026,108.858
64.91,240.0,3.0,0.0,1.553,1.1504,-0.4026,108.906
64.92,240.0,3.0,0.0,1.553,1.1416,-0.4114,109.068
64.93,240.0,3.0,0.0,1.553,1.1504,-0.4026,108.973
64.94,240.0,3.0,0.0,1.553,1.1328,-0.4202,108.617
64.95,240.0,3.0,0.0,1.553,1.1504,-0.4026,108.939
64.96,240.0,3.0,0.0,1.553,1.1504,-0.4026,108.972
64.97,240.0,3.0,0.0,1.553,1.1504,-0.4026,108.94
64.98,240.0,3.0,0.0,1.553,1.1504,-0.4026,108.94
64.99,240.0,3.0,0.0,1.553,1.1504,-0.4026,109.004
65.0,240.0,3.0,0.0,1.553,1.1504,-0.4026,108.875
65.01,240.0,3.0,0.0,1.553,1.1416,-0.4114,108.971
65.02,240.0,3.0,0.0,1.553,1.1504,-0.4026,108.907
65.03,240.0,3.0,0.0,1.553,1.1504,-0.4026,109.084
65.04,240.0,3.0,0.0,1.553,1.1504,-0.4026,108.956
65.05,240.0,3.0,0.0,1.553,1.1504,-0.4026,109.02
65.06,240.0,3.0,0.0,1.553,1.1416,-0.4114,108.732
65.07,240.0,3.0,0.0,1.553,1.1416,-0.4114,108.972
65.08,240.0,3.0,0.0,1.553,1.1416,-0.4114,108.794
65.09,240.0,3.0,0.0,1.553,1.1416,-0.4114,108.923
65.1,240.0,3.0,0.0,1.553,1.1416,-0.4114,109.067
65.11,240.0,3.0,0.0,1.553,1.1416,-0.4114,109.02
65.12,240.0,3.0,0.0,1.553,1.1328,-0.4202,108.827
65.13,240.0,3.0,0.0,1.553,1.1416,-0.4114,108.826
65.14,240.0,3.0,0.0,1.553,1.1328,-0.4202,108.826
65.15,240.0,3.0,0.0,1.553,1.1416,-0.4114,108.858
65.16,240.0,3.0,0.0,1.553,1.1416,-0.4114,108.939
65.17,240.0,3.0,0.0,1.553,1.1416,-0.4114,108.876
65.18,240.0,3.0,0.0,1.553,1.1416,-0.4114,109.067
65.19,240.0,3.0,0.0,1.553,1.1328,-0.4202,108.697
65.2,240.0,3.0,0.0,1.553,1.1328,-0.4202,109.052
65.21,240.0,3.0,0.0,1.553,1.1328,-0.4202,108.972
65.22,240.0,3.0,0.0,1.553,1.1328,-0.4202,108.908
65.23,240.0,3.0,0.0,1.553,1.1416,-0.4114,108.892
65.24,240.0,3.0,0.0,1.553,1.1416,-0.4114,108.937
65.25,240.0,3.0,0.0,1.553,1.1416,-0.4114,108.924
65.26,240.0,3.0,0.0,1.553,1.1416,-0.4114,108.907
65.27,240.0,3.0,0.0,1.553,1.1416,-0.4114,108.988
65.28,240.0,3.0,0.0,1.553,1.1504,-0.4026,108.811
65.29,240.0,3.0,0.0,1.553,1.1591,-0.3939,108.841
65.3,240.0,3.0,0.0,1.553,1.1504,-0.4026,108.923
65.31,240.0,3.0,0.0,1.553,1.1591,-0.3939,109.003
65.32,240.0,3.0,0.0,1.553,1.1416,-0.4114,108.972
65.33,240.0,3.0,0.0,1.553,1.1504,-0.4026,109.1
65.34,240.0,3.0,0.0,1.553,1.1504,-0.4026,108.827
65.35,240.0,3.0,0.0,1.553,1.1504,-0.4026,108.971
65.36,240.0,3.0,0.0,1.553,1.1504,-0.4026,108.777
65.37,240.0,3.0,0.0,1.553,1.1504,-0.4026,108.891
65.38,240.0,3.0,0.0,1.553,1.1504,-0.4026,109.099
65.39,240.0,3.0,0.0,1.553,1.1504,-0.4026,108.956
65.4,240.0,3.0,0.0,1.553,1.1504,-0.4026,108.94
65.41,240.0,3.0,0.0,1.553,1.1416,-0.4114,108.859
65.42,240.0,3.0,0.0,1.553,1.1504,-0.4026,108.956
65.43,240.0,3.0,0.0,1.553,1.1591,-0.3939,109.084
65.44,240.0,3.0,0.0,1.553,1.1504,-0.4026,108.827
65.45,240.0,3.0,0.0,1.553,1.1504,-0.4026,109.02
65.46,240.0,3.0,0.0,1.553,1.1504,-0.4026,108.891
65.47,240.0,3.0,0.0,1.553,1.1504,-0.4026,108.924
65.48,240.0,3.0,0.0,1.553,1.1504,-0.4026,108.923
65.49,240.0,3.0,0.0,1.553,1.1416,-0.4114,108.923
65.5,240.0,3.0,0.0,1.553,1.1328,-0.4202,108.81
65.51,240.0,3.0,0.0,1.553,1.1416,-0.4114,108.795
65.52,240.0,3.0,0.0,1.553,1.1416,-0.4114,108.891
65.53,240.0,3.0,0.0,1.553,1.1504,-0.4026,108.985
65.54,240.0,3.0,0.0,1.553,1.1328,-0.4202,108.842
65.55,240.0,3.0,0.0,1.553,1.1328,-0.4202,108.874
65.56,240.0,3.0,0.0,1.553,1.1416,-0.4114,108.906
65.57,240.0,3.0,0.0,1.553,1.1416,-0.4114,108.86
65.58,240.0,3.0,0.0,1.553,1.1416,-0.4114,108.746
65.59,240.0,3.0,0.0,1.553,1.1504,-0.4026,108.809
65.6,240.0,3.0,0.0,1.553,1.1504,-0.4026,108.94
65.61,240.0,3.0,0.0,1.553,1.1416,-0.4114,108.842
65.62,240.0,3.0,0.0,1.553,1.1591,-0.3939,109.068
65.63,240.0,3.0,0.0,1.553,1.1591,-0.3939,109.068
65.64,240.0,3.0,0.0,1.553,1.1591,-0.3939,108.972
65.65,240.0,3.0,0.0,1.553,1.1591,-0.3939,108.745
65.66,240.0,3.0,0.0,1.553,1.1591,-0.3939,108.939
65.67,240.0,3.0,0.0,1.553,1.1591,-0.3939,108.73
65.68,240.0,3.0,0.0,1.553,1.1591,-0.3939,108.809
65.69,240.0,3.0,0.0,1.553,1.1504,-0.4026,109.004
65.7,240.0,3.0,0.0,1.553,1.1416,-0.4114,108.844
65.71,240.0,3.0,0.0,1.553,1.1504,-0.4026,108.81
65.72,240.0,3.0,0.0,1.553,1.1504,-0.4026,108.842
65.73,240.0,3.0,0.0,1.553,1.1504,-0.4026,108.746
65.74,240.0,3.0,0.0,1.553,1.1504,-0.4026,108.858
65.75,240.0,3.0,0.0,1.553,1.1416,-0.4114,108.939
65.76,240.0,3.0,0.0,1.553,1.1504,-0.4026,109.005
65.77,240.0,3.0,0.0,1.553,1.1504,-0.4026,108.925
65.78,240.0,3.0,0.0,1.553,1.1504,-0.4026,108.891
65.79,240.0,3.0,0.0,1.553,1.1504,-0.4026,108.843
65.8,240.0,3.0,0.0,1.553,1.1504,-0.4026,109.003
65.81,240.0,3.0,0.0,1.553,1.1416,-0.4114,109.036
65.82,240.0,3.0,0.0,1.553,1.1504,-0.4026,109.051
65.83,240.0,3.0,0.0,1.553,1.1504,-0.4026,109.068
65.84,240.0,3.0,0.0,1.553,1.1504,-0.4026,108.746
65.85,240.0,3.0,0.0,1.553,1.1504,-0.4026,108.762
65.86,240.0,3.0,0.0,1.553,1.1504,-0.4026,108.698
65.87,240.0,3.0,0.0,1.553,1.1416,-0.4114,108.923
65.88,240.0,3.0,0.0,1.553,1.1504,-0.4026,108.987
65.89,240.0,3.0,0.0,1.553,1.1416,-0.4114,108.956
65.9,240.0,3.0,0.0,1.553,1.1504,-0.4026,109.005
65.91,240.0,3.0,0.0,1.553,1.1416,-0.4114,108.809
65.92,240.0,3.0,0.0,1.553,1.1416,-0.4114,108.746
65.93,240.0,3.0,0.0,1.553,1.1328,-0.4202,108.907
65.94,240.0,3.0,0.0,1.553,1.1328,-0.4202,109.036
65.95,240.0,3.0,0.0,1.553,1.1416,-0.4114,108.892
65.96,240.0,3.0,0.0,1.553,1.1328,-0.4202,108.826
65.97,240.0,3.0,0.0,1.553,1.1328,-0.4202,109.034
65.98,240.0,3.0,0.0,1.553,1.1416,-0.4114,108.892
65.99,240.0,3.0,0.0,1.553,1.1416,-0.4114,108.827
66.0,240.0,3.0,0.0,1.553,1.1328,-0.4202,108.906
66.01,240.0,3.0,0.0,1.553,1.1416,-0.4114,108.907
66.02,240.0,3.0,0.0,1.553,1.1328,-0.4202,108.892
66.03,240.0,3.0,0.0,1.553,1.1416,-0.4114,108.954
66.04,240.0,3.0,0.0,1.553,1.1416,-0.4114,108.778
66.05,240.0,3.0,0.0,1.553,1.1416,-0.4114,109.005
66.06,240.0,3.0,0.0,1.553,1.1416,-0.4114,108.827
66.07,240.0,3.0,0.0,1.553,1.1416,-0.4114,109.085
66.08,240.0,3.0,0.0,1.553,1.1416,-0.4114,108.874
66.09,240.0,3.0,0.0,1.553,1.1504,-0.4026,108.924
66.1,240.0,3.0,0.0,1.553,1.1504,-0.4026,109.019
66.11,240.0,3.0,0.0,1.553,1.1504,-0.4026,108.811
66.12,240.0,3.0,0.0,1.553,1.1504,-0.4026,108.795
66.13,240.0,3.0,0.0,1.553,1.1504,-0.4026,108.939
66.14,240.0,3.0,0.0,1.553,1.1416,-0.4114,108.94
66.15,240.0,3.0,0.0,1.553,1.1504,-0.4026,109.02
66.16,240.0,3.0,0.0,1.553,1.1504,-0.4026,108.826
66.17,240.0,3.0,0.0,1.553,1.1504,-0.4026,108.988
66.18,240.0,3.0,0.0,1.553,1.1504,-0.4026,109.035
66.19,240.0,3.0,0.0,1.553,1.1416,-0.4114,108.924
66.2,240.0,3.0,0.0,1.553,1.1504,-0.4026,108.956
66.21,240.0,3.0,0.0,1.553,1.1504,-0.4026,108.713
66.22,240.0,3.0,0.0,1.553,1.1591,-0.3939,109.035
66.23,240.0,3.0,0.0,1.553,1.1504,-0.4026,108.892
66.24,240.0,3.0,0.0,1.553,1.1504,-0.4026,108.922
66.25,240.0,3.0,0.0,1.553,1.1504,-0.4026,108.892
66.26,240.0,3.0,0.0,1.553,1.1504,-0.4026,108.81
66.27,240.0,3.0,0.0,1.553,1.1504,-0.4026,108.81
66.28,240.0,3.0,0.0,1.553,1.1416,-0.4114,108.875
66.29,240.0,3.0,0.0,1.553,1.1504,-0.4026,108.827
66.3,240.0,3.0,0.0,1.553,1.1504,-0.4026,108.906
66.31,240.0,3.0,0.0,1.553,1.1504,-0.4026,108.907
66.32,240.0,3.0,0.0,1.553,1.1504,-0.4026,108.892
66.33,240.0,3.0,0.0,1.553,1.1504,-0.4026,108.81
66.34,240.0,3.0,0.0,1.553,1.1504,-0.4026,108.825
66.35,240.0,3.0,0.0,1.553,1.1504,-0.4026,108.971
66.36,240.0,3.0,0.0,1.553,1.1416,-0.4114,108.987
66.37,240.0,3.0,0.0,1.553,1.1504,-0.4026,108.971
66.38,240.0,3.0,0.0,1.553,1.1416,-0.4114,108.891
66.39,240.0,3.0,0.0,1.553,1.1416,-0.4114,108.924
66.4,240.0,3.0,0.0,1.553,1.1416,-0.4114,108.987
66.41,240.0,3.0,0.0,1.553,1.1416,-0.4114,108.81
66.42,240.0,3.0,0.0,1.553,1.1416,-0.4114,108.874
66.43,240.0,3.0,0.0,1.553,1.1416,-0.4114,108.859
66.44,240.0,3.0,0.0,1.553,1.1416,-0.4114,108.907
66.45,240.0,3.0,0.0,1.553,1.1504,-0.4026,108.924
66.46,240.0,3.0,0.0,1.553,1.1504,-0.4026,108.809
66.47,240.0,3.0,0.0,1.553,1.1504,-0.4026,108.858
66.48,240.0,3.0,0.0,1.553,1.1504,-0.4026,108.97
66.49,240.0,3.0,0.0,1.553,1.1504,-0.4026,108.844
66.5,240.0,3.0,0.0,1.553,1.1504,-0.4026,108.972
66.51,240.0,3.0,0.0,1.553,1.1504,-0.4026,108.842
66.52,240.0,3.0,0.0,1.553,1.1504,-0.4026,108.731
66.53,240.0,3.0,0.0,1.553,1.1504,-0.4026,108.859
66.54,240.0,3.0,0.0,1.553,1.1504,-0.4026,108.698
66.55,240.0,3.0,0.0,1.553,1.1504,-0.4026,108.923
66.56,240.0,3.0,0.0,1.553,1.1504,-0.4026,108.907
66.57,240.0,3.0,0.0,1.553,1.1504,-0.4026,108.746
66.58,240.0,3.0,0.0,1.553,1.1504,-0.4026,108.842
66.59,240.0,3.0,0.0,1.553,1.1591,-0.3939,108.842
66.6,240.0,3.0,0.0,1.553,1.1504,-0.4026,108.94
66.61,240.0,3.0,0.0,1.553,1.1591,-0.3939,108.956
66.62,240.0,3.0,0.0,1.553,1.1504,-0.4026,108.859
66.63,240.0,3.0,0.0,1.553,1.1416,-0.4114,108.745
66.64,240.0,3.0,0.0,1.553,1.1504,-0.4026,108.858
66.65,240.0,3.0,0.0,1.553,1.1504,-0.4026,108.923
66.66,240.0,3.0,0.0,1.553,1.1416,-0.4114,108.827
66.67,240.0,3.0,0.0,1.553,1.1591,-0.3939,109.035
66.68,240.0,3.0,0.0,1.553,1.1416,-0.4114,108.892
66.69,240.0,3.0,0.0,1.553,1.1504,-0.4026,108.905
66.7,240.0,3.0,0.0,1.553,1.1504,-0.4026,108.907
66.71,240.0,3.0,0.0,1.553,1.1504,-0.4026,108.665
66.72,240.0,3.0,0.0,1.553,1.1591,-0.3939,108.989
66.73,240.0,3.0,0.0,1.553,1.1504,-0.4026,108.826
66.74,240.0,3.0,0.0,1.553,1.1504,-0.4026,108.891
66.75,240.0,3.0,0.0,1.553,1.1504,-0.4026,108.971
66.76,240.0,3.0,0.0,1.553,1.1591,-0.3939,108.859
66.77,240.0,3.0,0.0,1.553,1.1504,-0.4026,108.874
66.78,240.0,3.0,0.0,1.553,1.1504,-0.4026,109.052
66.79,240.0,3.0,0.0,1.553,1.1591,-0.3939,109.004
66.8,240.0,3.0,0.0,1.553,1.1591,-0.3939,108.842
66.81,240.0,3.0,0.0,1.553,1.1591,-0.3939,108.778
66.82,240.0,3.0,0.0,1.553,1.1504,-0.4026,108.729
66.83,240.0,3.0,0.0,1.553,1.1504,-0.4026,108.728
66.84,240.0,3.0,0.0,1.553,1.1504,-0.4026,108.905
66.85,240.0,3.0,0.0,1.553,1.1591,-0.3939,108.778
66.86,240.0,3.0,0.0,1.553,1.1591,-0.3939,108.763
66.87,240.0,3.0,0.0,1.553,1.1504,-0.4026,108.908
66.88,240.0,3.0,0.0,1.553,1.1591,-0.3939,108.954
66.89,240.0,3.0,0.0,1.553,1.1591,-0.3939,108.795
66.9,240.0,3.0,0.0,1.553,1.1591,-0.3939,108.908
66.91,240.0,3.0,0.0,1.553,1.1591,-0.3939,108.891
66.92,240.0,3.0,0.0,1.553,1.1591,-0.3939,108.762
66.93,240.0,3.0,0.0,1.553,1.1504,-0.4026,109.002
66.94,240.0,3.0,0.0,1.553,1.1504,-0.4026,108.971
66.95,240.0,3.0,0.0,1.553,1.1416,-0.4114,108.826
66.96,240.0,3.0,0.0,1.553,1.1504,-0.4026,108.874
66.97,240.0,3.0,0.0,1.553,1.1504,-0.4026,108.891
66.98,240.0,3.0,0.0,1.553,1.1504,-0.4026,108.827
66.99,240.0,3.0,0.0,1.553,1.1416,-0.4114,108.81
67.0,240.0,3.0,0.0,1.553,1.1504,-0.4026,108.873
67.01,240.0,3.0,0.0,1.553,1.1504,-0.4026,108.859
67.02,240.0,3.0,0.0,1.553,1.1591,-0.3939,109.068
67.03,240.0,3.0,0.0,1.553,1.1504,-0.4026,108.94
67.04,240.0,3.0,0.0,1.553,1.1504,-0.4026,108.681
67.05,240.0,3.0,0.0,1.553,1.1504,-0.4026,108.923
67.06,240.0,3.0,0.0,1.553,1.1504,-0.4026,108.777
67.07,240.0,3.0,0.0,1.553,1.1591,-0.3939,108.875
67.08,240.0,3.0,0.0,1.553,1.1504,-0.4026,108.842
67.09,240.0,3.0,0.0,1.553,1.1504,-0.4026,108.986
67.1,240.0,3.0,0.0,1.553,1.1504,-0.4026,108.842
67.11,240.0,3.0,0.0,1.553,1.1416,-0.4114,108.843
67.12,240.0,3.0,0.0,1.553,1.1504,-0.4026,108.794
67.13,240.0,3.0,0.0,1.553,1.1504,-0.4026,109.034
67.14,240.0,3.0,0.0,1.553,1.1416,-0.4114,108.908
67.15,240.0,3.0,0.0,1.553,1.1591,-0.3939,108.954
67.16,240.0,3.0,0.0,1.553,1.1504,-0.4026,108.615
67.17,240.0,3.0,0.0,1.553,1.1591,-0.3939,109.004
67.18,240.0,3.0,0.0,1.553,1.1591,-0.3939,108.73
67.19,240.0,3.0,0.0,1.553,1.1504,-0.4026,108.601
67.2,240.0,3.0,0.0,1.553,1.1504,-0.4026,108.907
67.21,240.0,3.0,0.0,1.553,1.1504,-0.4026,108.794
67.22,240.0,3.0,0.0,1.553,1.1591,-0.3939,108.891
67.23,240.0,3.0,0.0,1.553,1.1591,-0.3939,108.906
67.24,240.0,3.0,0.0,1.553,1.1591,-0.3939,108.795
67.25,240.0,3.0,0.0,1.553,1.1504,-0.4026,108.988
67.26,240.0,3.0,0.0,1.553,1.1591,-0.3939,108.891
67.27,240.0,3.0,0.0,1.553,1.1591,-0.3939,109.004
67.28,240.0,3.0,0.0,1.553,1.1591,-0.3939,109.051
67.29,240.0,3.0,0.0,1.553,1.1591,-0.3939,108.714
67.3,240.0,3.0,0.0,1.553,1.1416,-0.4114,108.89
67.31,240.0,3.0,0.0,1.553,1.1504,-0.4026,108.843
67.32,240.0,3.0,0.0,1.553,1.1504,-0.4026,108.761
67.33,240.0,3.0,0.0,1.553,1.1504,-0.4026,108.971
67.34,240.0,3.0,0.0,1.553,1.1591,-0.3939,108.826
67.35,240.0,3.0,0.0,1.553,1.1591,-0.3939,109.002
67.36,240.0,3.0,0.0,1.553,1.1591,-0.3939,108.778
67.37,240.0,3.0,0.0,1.553,1.1416,-0.4114,108.794
67.38,240.0,3.0,0.0,1.553,1.1416,-0.4114,108.939
67.39,240.0,3.0,0.0,1.553,1.1504,-0.4026,108.954
67.4,240.0,3.0,0.0,1.553,1.1504,-0.4026,108.794
67.41,240.0,3.0,0.0,1.553,1.1504,-0.4026,108.858
67.42,240.0,3.0,0.0,1.553,1.1504,-0.4026,108.81
67.43,240.0,3.0,0.0,1.553,1.1504,-0.4026,108.923
67.44,240.0,3.0,0.0,1.553,1.1416,-0.4114,108.826
67.45,240.0,3.0,0.0,1.553,1.1504,-0.4026,108.874
67.46,240.0,3.0,0.0,1.553,1.1591,-0.3939,108.972
67.47,240.0,3.0,0.0,1.553,1.1591,-0.3939,108.939
67.48,240.0,3.0,0.0,1.553,1.1591,-0.3939,108.81
67.49,240.0,3.0,0.0,1.553,1.1591,-0.3939,108.922
67.5,240.0,3.0,0.0,1.553,1.1504,-0.4026,109.034
67.51,240.0,3.0,0.0,1.553,1.1504,-0.4026,109.052
67.52,240.0,3.0,0.0,1.553,1.1416,-0.4114,108.956
67.53,240.0,3.0,0.0,1.553,1.1591,-0.3939,108.94
67.54,240.0,3.0,0.0,1.553,1.1591,-0.3939,108.843
67.55,240.0,3.0,0.0,1.553,1.1591,-0.3939,108.81
67.56,240.0,3.0,0.0,1.553,1.1591,-0.3939,108.891
67.57,240.0,3.0,0.0,1.553,1.1504,-0.4026,108.876
67.58,240.0,3.0,0.0,1.553,1.1591,-0.3939,108.827
67.59,240.0,3.0,0.0,1.553,1.1416,-0.4114,108.842
67.6,240.0,3.0,0.0,1.553,1.1591,-0.3939,108.89
67.61,240.0,3.0,0.0,1.553,1.1504,-0.4026,108.826
67.62,240.0,3.0,0.0,1.553,1.1416,-0.4114,108.81
67.63,240.0,3.0,0.0,1.553,1.1416,-0.4114,108.794
67.64,240.0,3.0,0.0,1.553,1.1416,-0.4114,108.924
67.65,240.0,3.0,0.0,1.553,1.1504,-0.4026,108.924
67.66,240.0,3.0,0.0,1.553,1.1504,-0.4026,108.811
67.67,240.0,3.0,0.0,1.553,1.1328,-0.4202,108.842
67.68,240.0,3.0,0.0,1.553,1.1416,-0.4114,108.842
67.69,240.0,3.0,0.0,1.553,1.1416,-0.4114,108.842
67.7,240.0,3.0,0.0,1.553,1.1416,-0.4114,108.923
67.71,240.0,3.0,0.0,1.553,1.1416,-0.4114,108.81
67.72,240.0,3.0,0.0,1.553,1.1416,-0.4114,108.874
67.73,240.0,3.0,0.0,1.553,1.1416,-0.4114,108.89
67.74,240.0,3.0,0.0,1.553,1.1416,-0.4114,108.906
67.75,240.0,3.0,0.0,1.553,1.1328,-0.4202,108.954
67.76,240.0,3.0,0.0,1.553,1.1416,-0.4114,108.715
67.77,240.0,3.0,0.0,1.553,1.1328,-0.4202,108.955
67.78,240.0,3.0,0.0,1.553,1.1416,-0.4114,108.876
67.79,240.0,3.0,0.0,1.553,1.1416,-0.4114,108.955
67.8,240.0,3.0,0.0,1.553,1.1416,-0.4114,108.891
67.81,240.0,3.0,0.0,1.553,1.1504,-0.4026,108.81
67.82,240.0,3.0,0.0,1.553,1.1504,-0.4026,108.825
67.83,240.0,3.0,0.0,1.553,1.1416,-0.4114,108.972
67.84,240.0,3.0,0.0,1.553,1.1416,-0.4114,108.826
67.85,240.0,3.0,0.0,1.553,1.1416,-0.4114,108.906
67.86,240.0,3.0,0.0,1.553,1.1416,-0.4114,108.746
67.87,240.0,3.0,0.0,1.553,1.1504,-0.4026,108.826
67.88,240.0,3.0,0.0,1.553,1.1504,-0.4026,108.955
67.89,240.0,3.0,0.0,1.553,1.1504,-0.4026,108.761
67.9,240.0,3.0,0.0,1.553,1.1504,-0.4026,108.875
67.91,240.0,3.0,0.0,1.553,1.1416,-0.4114,108.811
67.92,240.0,3.0,0.0,1.553,1.1416,-0.4114,108.858
67.93,240.0,3.0,0.0,1.553,1.1504,-0.4026,108.938
67.94,240.0,3.0,0.0,1.553,1.1504,-0.4026,108.778
67.95,240.0,3.0,0.0,1.553,1.1416,-0.4114,108.729
67.96,240.0,3.0,0.0,1.553,1.1416,-0.4114,108.809
67.97,240.0,3.0,0.0,1.553,1.1416,-0.4114,108.729
67.98,240.0,3.0,0.0,1.553,1.1504,-0.4026,108.811
67.99,240.0,3.0,0.0,1.553,1.1416,-0.4114,108.891
68.0,240.0,3.0,0.0,1.553,1.1416,-0.4114,108.939
68.01,240.0,3.0,0.0,1.553,1.1504,-0.4026,108.712
68.02,240.0,3.0,0.0,1.553,1.1504,-0.4026,108.858
68.03,240.0,3.0,0.0,1.553,1.1504,-0.4026,108.826
68.04,240.0,3.0,0.0,1.553,1.1504,-0.4026,108.826
68.05,240.0,3.0,0.0,1.553,1.1504,-0.4026,108.923
68.06,240.0,3.0,0.0,1.553,1.1504,-0.4026,108.825
68.07,240.0,3.0,0.0,1.553,1.1504,-0.4026,109.002
68.08,240.0,3.0,0.0,1.553,1.1504,-0.4026,108.923
68.09,240.0,3.0,0.0,1.553,1.1591,-0.3939,108.811
68.1,240.0,3.0,0.0,1.553,1.1591,-0.3939,108.714
68.11,240.0,3.0,0.0,1.553,1.1591,-0.3939,108.906
68.12,240.0,3.0,0.0,1.553,1.1591,-0.3939,108.892
68.13,240.0,3.0,0.0,1.553,1.1591,-0.3939,108.956
68.14,240.0,3.0,0.0,1.553,1.1591,-0.3939,108.907
68.15,240.0,3.0,0.0,1.553,1.1504,-0.4026,108.715
68.16,240.0,3.0,0.0,1.553,1.1591,-0.3939,108.939
68.17,240.0,3.0,0.0,1.553,1.1504,-0.4026,108.745
68.18,240.0,3.0,0.0,1.553,1.1591,-0.3939,108.923
68.19,240.0,3.0,0.0,1.553,1.1504,-0.4026,108.859
68.2,240.0,3.0,0.0,1.553,1.1504,-0.4026,108.809
68.21,240.0,3.0,0.0,1.553,1.1591,-0.3939,108.923
68.22,240.0,3.0,0.0,1.553,1.1416,-0.4114,108.793
68.23,240.0,3.0,0.0,1.553,1.1504,-0.4026,108.922
68.24,240.0,3.0,0.0,1.553,1.1591,-0.3939,108.875
68.25,240.0,3.0,0.0,1.553,1.1504,-0.4026,108.988
68.26,240.0,3.0,0.0,1.553,1.1504,-0.4026,108.874
68.27,240.0,3.0,0.0,1.553,1.1504,-0.4026,108.827
68.28,240.0,3.0,0.0,1.553,1.1504,-0.4026,108.891
68.29,240.0,3.0,0.0,1.553,1.1504,-0.4026,108.954
68.3,240.0,3.0,0.0,1.553,1.1504,-0.4026,108.908
68.31,240.0,3.0,0.0,1.553,1.1416,-0.4114,108.81
68.32,240.0,3.0,0.0,1.553,1.1504,-0.4026,108.842
68.33,240.0,3.0,0.0,1.553,1.1416,-0.4114,108.923
68.34,240.0,3.0,0.0,1.553,1.1416,-0.4114,108.875
68.35,240.0,3.0,0.0,1.553,1.1504,-0.4026,109.004
68.36,240.0,3.0,0.0,1.553,1.1416,-0.4114,108.826
68.37,240.0,3.0,0.0,1.553,1.1416,-0.4114,108.923
68.38,240.0,3.0,0.0,1.553,1.1504,-0.4026,108.955
68.39,240.0,3.0,0.0,1.553,1.1416,-0.4114,108.956
68.4,240.0,3.0,0.0,1.553,1.1504,-0.4026,108.939
68.41,240.0,3.0,0.0,1.553,1.1504,-0.4026,108.939
68.42,240.0,3.0,0.0,1.553,1.1504,-0.4026,108.778
68.43,240.0,3.0,0.0,1.553,1.1416,-0.4114,109.036
68.44,240.0,3.0,0.0,1.553,1.1416,-0.4114,108.858
68.45,240.0,3.0,0.0,1.553,1.1416,-0.4114,108.954
68.46,240.0,3.0,0.0,1.553,1.1504,-0.4026,108.858
68.47,240.0,3.0,0.0,1.553,1.1416,-0.4114,108.827
68.48,240.0,3.0,0.0,1.553,1.1416,-0.4114,108.988
68.49,240.0,3.0,0.0,1.553,1.1504,-0.4026,108.876
68.5,240.0,3.0,0.0,1.553,1.1504,-0.4026,108.826
68.51,240.0,3.0,0.0,1.553,1.1591,-0.3939,108.794
68.52,240.0,3.0,0.0,1.553,1.1504,-0.4026,108.729
68.53,240.0,3.0,0.0,1.553,1.1416,-0.4114,108.857
68.54,240.0,3.0,0.0,1.553,1.1416,-0.4114,108.858
68.55,240.0,3.0,0.0,1.553,1.1416,-0.4114,109.02
68.56,240.0,3.0,0.0,1.553,1.1504,-0.4026,108.956
68.57,240.0,3.0,0.0,1.553,1.1591,-0.3939,108.971
68.58,240.0,3.0,0.0,1.553,1.1591,-0.3939,108.874
68.59,240.0,3.0,0.0,1.553,1.1591,-0.3939,108.89
68.6,240.0,3.0,0.0,1.553,1.1591,-0.3939,109.019
68.61,240.0,3.0,0.0,1.553,1.1591,-0.3939,108.923
68.62,240.0,3.0,0.0,1.553,1.1504,-0.4026,108.94
68.63,240.0,3.0,0.0,1.553,1.1416,-0.4114,108.843
68.64,240.0,3.0,0.0,1.553,1.1591,-0.3939,108.714
68.65,240.0,3.0,0.0,1.553,1.1416,-0.4114,109.051
68.66,240.0,3.0,0.0,1.553,1.1504,-0.4026,108.842
68.67,240.0,3.0,0.0,1.553,1.1504,-0.4026,108.858
68.68,240.0,3.0,0.0,1.553,1.1591,-0.3939,108.843
68.69,240.0,3.0,0.0,1.553,1.1504,-0.4026,108.842
68.7,240.0,3.0,0.0,1.553,1.1504,-0.4026,108.875
68.71,240.0,3.0,0.0,1.553,1.1504,-0.4026,109.019
68.72,240.0,3.0,0.0,1.553,1.1504,-0.4026,108.972
68.73,240.0,3.0,0.0,1.553,1.1591,-0.3939,108.988
68.74,240.0,3.0,0.0,1.553,1.1504,-0.4026,108.794
68.75,240.0,3.0,0.0,1.553,1.1416,-0.4114,109.004
68.76,240.0,3.0,0.0,1.553,1.1504,-0.4026,108.696
68.77,240.0,3.0,0.0,1.553,1.1504,-0.4026,108.842
68.78,240.0,3.0,0.0,1.553,1.1504,-0.4026,109.052
68.79,240.0,3.0,0.0,1.553,1.1504,-0.4026,109.067
68.8,240.0,3.0,0.0,1.553,1.1504,-0.4026,108.923
68.81,240.0,3.0,0.0,1.553,1.1504,-0.4026,108.907
68.82,240.0,3.0,0.0,1.553,1.1504,-0.4026,108.955
68.83,240.0,3.0,0.0,1.553,1.1504,-0.4026,108.892
68.84,240.0,3.0,0.0,1.553,1.1416,-0.4114,108.874
68.85,240.0,3.0,0.0,1.553,1.1416,-0.4114,108.778
68.86,240.0,3.0,0.0,1.553,1.1416,-0.4114,108.922
68.87,240.0,3.0,0.0,1.553,1.1504,-0.4026,108.939
68.88,240.0,3.0,0.0,1.553,1.1416,-0.4114,108.923
68.89,240.0,3.0,0.0,1.553,1.1504,-0.4026,108.827
68.9,240.0,3.0,0.0,1.553,1.1504,-0.4026,109.101
68.91,240.0,3.0,0.0,1.553,1.1504,-0.4026,108.68
68.92,240.0,3.0,0.0,1.553,1.1416,-0.4114,108.889
68.93,240.0,3.0,0.0,1.553,1.1504,-0.4026,109.004
68.94,240.0,3.0,0.0,1.553,1.1416,-0.4114,108.955
68.95,240.0,3.0,0.0,1.553,1.1504,-0.4026,108.939
68.96,240.0,3.0,0.0,1.553,1.1504,-0.4026,108.794
68.97,240.0,3.0,0.0,1.553,1.1504,-0.4026,108.81
68.98,240.0,3.0,0.0,1.553,1.1416,-0.4114,108.842
68.99,240.0,3.0,0.0,1.553,1.1416,-0.4114,108.889
69.0,240.0,3.0,0.0,1.553,1.1591,-0.3939,108.891
69.01,240.0,3.0,0.0,1.553,1.1591,-0.3939,108.876
69.02,240.0,3.0,0.0,1.553,1.1504,-0.4026,109.053
69.03,240.0,3.0,0.0,1.553,1.1591,-0.3939,108.957
69.04,240.0,3.0,0.0,1.553,1.1591,-0.3939,108.939
69.05,240.0,3.0,0.0,1.553,1.1679,-0.3851,108.826
69.06,240.0,3.0,0.0,1.553,1.1504,-0.4026,108.841
69.07,240.0,3.0,0.0,1.553,1.1591,-0.3939,108.826
69.08,240.0,3.0,0.0,1.553,1.1591,-0.3939,108.956
69.09,240.0,3.0,0.0,1.553,1.1591,-0.3939,108.907
69.1,240.0,3.0,0.0,1.553,1.1591,-0.3939,108.923
69.11,240.0,3.0,0.0,1.553,1.1591,-0.3939,108.843
69.12,240.0,3.0,0.0,1.553,1.1504,-0.4026,108.826
69.13,240.0,3.0,0.0,1.553,1.1504,-0.4026,108.954
69.14,240.0,3.0,0.0,1.553,1.1504,-0.4026,108.778
69.15,240.0,3.0,0.0,1.553,1.1416,-0.4114,108.891
69.16,240.0,3.0,0.0,1.553,1.1504,-0.4026,108.953
69.17,240.0,3.0,0.0,1.553,1.1504,-0.4026,108.986
69.18,240.0,3.0,0.0,1.553,1.1416,-0.4114,108.858
69.19,240.0,3.0,0.0,1.553,1.1416,-0.4114,108.827
69.2,240.0,3.0,0.0,1.553,1.1416,-0.4114,109.084
69.21,240.0,3.0,0.0,1.553,1.1416,-0.4114,109.004
69.22,240.0,3.0,0.0,1.553,1.1416,-0.4114,108.778
69.23,240.0,3.0,0.0,1.553,1.1328,-0.4202,108.907
69.24,240.0,3.0,0.0,1.553,1.1328,-0.4202,108.745
69.25,240.0,3.0,0.0,1.553,1.1416,-0.4114,108.923
69.26,240.0,3.0,0.0,1.553,1.1416,-0.4114,108.923
69.27,240.0,3.0,0.0,1.553,1.1328,-0.4202,108.843
69.28,240.0,3.0,0.0,1.553,1.1328,-0.4202,108.811
69.29,240.0,3.0,0.0,1.553,1.1504,-0.4026,108.648
69.3,240.0,3.0,0.0,1.553,1.1416,-0.4114,108.906
69.31,240.0,3.0,0.0,1.553,1.1416,-0.4114,108.745
69.32,240.0,3.0,0.0,1.553,1.1416,-0.4114,108.89
69.33,240.0,3.0,0.0,1.553,1.1504,-0.4026,109.115
69.34,240.0,3.0,0.0,1.553,1.1504,-0.4026,108.907
69.35,240.0,3.0,0.0,1.553,1.1504,-0.4026,108.664
69.36,240.0,3.0,0.0,1.553,1.1416,-0.4114,108.761
69.37,240.0,3.0,0.0,1.553,1.1504,-0.4026,108.841
69.38,240.0,3.0,0.0,1.553,1.1504,-0.4026,108.955
69.39,240.0,3.0,0.0,1.553,1.1504,-0.4026,108.874
69.4,240.0,3.0,0.0,1.553,1.1504,-0.4026,109.035
69.41,240.0,3.0,0.0,1.553,1.1504,-0.4026,108.794
69.42,240.0,3.0,0.0,1.553,1.1504,-0.4026,108.761
69.43,240.0,3.0,0.0,1.553,1.1504,-0.4026,108.76
69.44,240.0,3.0,0.0,1.553,1.1504,-0.4026,108.826
69.45,240.0,3.0,0.0,1.553,1.1504,-0.4026,109.05
69.46,240.0,3.0,0.0,1.553,1.1328,-0.4202,108.955
69.47,240.0,3.0,0.0,1.553,1.1416,-0.4114,108.826
69.48,240.0,3.0,0.0,1.553,1.1504,-0.4026,108.746
69.49,240.0,3.0,0.0,1.553,1.1504,-0.4026,108.873
69.5,240.0,3.0,0.0,1.553,1.1591,-0.3939,109.069
69.51,240.0,3.0,0.0,1.553,1.1504,-0.4026,109.053
69.52,240.0,3.0,0.0,1.553,1.1591,-0.3939,108.908
69.53,240.0,3.0,0.0,1.553,1.1504,-0.4026,108.97
69.54,240.0,3.0,0.0,1.553,1.1504,-0.4026,108.615
69.55,240.0,3.0,0.0,1.553,1.1504,-0.4026,108.875
69.56,240.0,3.0,0.0,1.553,1.1504,-0.4026,108.875
69.57,240.0,3.0,0.0,1.553,1.1504,-0.4026,108.778
69.58,240.0,3.0,0.0,1.553,1.1416,-0.4114,108.922
69.59,240.0,3.0,0.0,1.553,1.1504,-0.4026,108.841
69.6,240.0,3.0,0.0,1.553,1.1504,-0.4026,109.034
69.61,240.0,3.0,0.0,1.553,1.1504,-0.4026,108.908
69.62,240.0,3.0,0.0,1.553,1.1504,-0.4026,108.892
69.63,240.0,3.0,0.0,1.553,1.1504,-0.4026,108.971
69.64,240.0,3.0,0.0,1.553,1.1504,-0.4026,108.972
69.65,240.0,3.0,0.0,1.553,1.1504,-0.4026,108.954
69.66,240.0,3.0,0.0,1.553,1.1504,-0.4026,108.729
69.67,240.0,3.0,0.0,1.553,1.1416,-0.4114,108.873
69.68,240.0,3.0,0.0,1.553,1.1504,-0.4026,108.906
69.69,240.0,3.0,0.0,1.553,1.1504,-0.4026,109.002
69.7,240.0,3.0,0.0,1.553,1.1504,-0.4026,109.004
69.71,240.0,3.0,0.0,1.553,1.1591,-0.3939,108.859
69.72,240.0,3.0,0.0,1.553,1.1591,-0.3939,108.921
69.73,240.0,3.0,0.0,1.553,1.1591,-0.3939,108.825
69.74,240.0,3.0,0.0,1.553,1.1504,-0.4026,108.81
69.75,240.0,3.0,0.0,1.553,1.1504,-0.4026,108.97
69.76,240.0,3.0,0.0,1.553,1.1591,-0.3939,108.94
69.77,240.0,3.0,0.0,1.553,1.1591,-0.3939,108.908
69.78,240.0,3.0,0.0,1.553,1.1504,-0.4026,108.81
69.79,240.0,3.0,0.0,1.553,1.1504,-0.4026,108.777
69.8,240.0,3.0,0.0,1.553,1.1416,-0.4114,108.954
69.81,240.0,3.0,0.0,1.553,1.1504,-0.4026,108.924
69.82,240.0,3.0,0.0,1.553,1.1591,-0.3939,108.843
69.83,240.0,3.0,0.0,1.553,1.1504,-0.4026,108.972
69.84,240.0,3.0,0.0,1.553,1.1504,-0.4026,108.681
69.85,240.0,3.0,0.0,1.553,1.1504,-0.4026,108.841
69.86,240.0,3.0,0.0,1.553,1.1504,-0.4026,108.938
69.87,240.0,3.0,0.0,1.553,1.1591,-0.3939,108.875
69.88,240.0,3.0,0.0,1.553,1.1504,-0.4026,108.907
69.89,240.0,3.0,0.0,1.553,1.1591,-0.3939,108.713
69.9,240.0,3.0,0.0,1.553,1.1591,-0.3939,109.051
69.91,240.0,3.0,0.0,1.553,1.1591,-0.3939,108.875
69.92,240.0,3.0,0.0,1.553,1.1591,-0.3939,108.954
69.93,240.0,3.0,0.0,1.553,1.1591,-0.3939,108.842
69.94,240.0,3.0,0.0,1.553,1.1504,-0.4026,108.811
69.95,240.0,3.0,0.0,1.553,1.1504,-0.4026,108.778
69.96,240.0,3.0,0.0,1.553,1.1504,-0.4026,108.842
69.97,240.0,3.0,0.0,1.553,1.1591,-0.3939,108.921
69.98,240.0,3.0,0.0,1.553,1.1416,-0.4114,108.729
69.99,240.0,3.0,0.0,1.553,1.1504,-0.4026,108.89
70.0,240.0,3.0,0.0,1.553,1.1416,-0.4114,109.1
70.01,240.0,3.0,0.0,1.553,1.1504,-0.4026,108.922
70.02,240.0,3.0,0.0,1.553,1.1504,-0.4026,108.923
70.03,240.0,3.0,0.0,1.553,1.1504,-0.4026,108.859
70.04,240.0,3.0,0.0,1.553,1.1591,-0.3939,108.922
70.05,240.0,3.0,0.0,1.553,1.1504,-0.4026,108.892
70.06,240.0,3.0,0.0,1.553,1.1504,-0.4026,108.81
70.07,240.0,3.0,0.0,1.553,1.1416,-0.4114,108.794
70.08,240.0,3.0,0.0,1.553,1.1504,-0.4026,108.794
70.09,240.0,3.0,0.0,1.553,1.1416,-0.4114,108.713
70.1,240.0,3.0,0.0,1.553,1.1416,-0.4114,108.938
70.11,240.0,3.0,0.0,1.553,1.1416,-0.4114,108.859
70.12,240.0,3.0,0.0,1.553,1.1416,-0.4114,108.956
70.13,240.0,3.0,0.0,1.553,1.1416,-0.4114,108.826
70.14,240.0,3.0,0.0,1.553,1.1416,-0.4114,108.745
70.15,240.0,3.0,0.0,1.553,1.1504,-0.4026,108.874
70.16,240.0,3.0,0.0,1.553,1.1504,-0.4026,108.842
70.17,240.0,3.0,0.0,1.553,1.1416,-0.4114,108.809
70.18,240.0,3.0,0.0,1.553,1.1416,-0.4114,109.003
70.19,240.0,3.0,0.0,1.553,1.1416,-0.4114,108.697
70.2,240.0,3.0,0.0,1.553,1.1416,-0.4114,108.955
70.21,240.0,3.0,0.0,1.553,1.1416,-0.4114,108.874
70.22,240.0,3.0,0.0,1.553,1.1504,-0.4026,109.02
70.23,240.0,3.0,0.0,1.553,1.1416,-0.4114,108.971
70.24,240.0,3.0,0.0,1.553,1.1416,-0.4114,108.778
70.25,240.0,3.0,0.0,1.553,1.1504,-0.4026,108.793
70.26,240.0,3.0,0.0,1.553,1.1504,-0.4026,108.762
70.27,240.0,3.0,0.0,1.553,1.1504,-0.4026,108.905
70.28,240.0,3.0,0.0,1.553,1.1504,-0.4026,108.891
70.29,240.0,3.0,0.0,1.553,1.1504,-0.4026,108.907
70.3,240.0,3.0,0.0,1.553,1.1416,-0.4114,108.778
70.31,240.0,3.0,0.0,1.553,1.1504,-0.4026,108.826
70.32,240.0,3.0,0.0,1.553,1.1504,-0.4026,108.923
70.33,240.0,3.0,0.0,1.553,1.1504,-0.4026,108.955
70.34,240.0,3.0,0.0,1.553,1.1504,-0.4026,108.81
70.35,240.0,3.0,0.0,1.553,1.1504,-0.4026,108.938
70.36,240.0,3.0,0.0,1.553,1.1504,-0.4026,108.826
70.37,240.0,3.0,0.0,1.553,1.1328,-0.4202,108.841
70.38,240.0,3.0,0.0,1.553,1.1416,-0.4114,108.842
70.39,240.0,3.0,0.0,1.553,1.1504,-0.4026,108.808
70.4,240.0,3.0,0.0,1.553,1.1416,-0.4114,108.794
70.41,240.0,3.0,0.0,1.553,1.1504,-0.4026,108.922
70.42,240.0,3.0,0.0,1.553,1.1416,-0.4114,108.924
70.43,240.0,3.0,0.0,1.553,1.1504,-0.4026,108.778
70.44,240.0,3.0,0.0,1.553,1.1416,-0.4114,108.793
70.45,240.0,3.0,0.0,1.553,1.1416,-0.4114,108.825
70.46,240.0,3.0,0.0,1.553,1.1504,-0.4026,108.954
70.47,240.0,3.0,0.0,1.553,1.1416,-0.4114,108.826
70.48,240.0,3.0,0.0,1.553,1.1416,-0.4114,108.94
70.49,240.0,3.0,0.0,1.553,1.1504,-0.4026,108.778
70.5,240.0,3.0,0.0,1.553,1.1416,-0.4114,108.873
70.51,240.0,3.0,0.0,1.553,1.1328,-0.4202,108.778
70.52,240.0,3.0,0.0,1.553,1.1591,-0.3939,108.809
70.53,240.0,3.0,0.0,1.553,1.1416,-0.4114,108.746
70.54,240.0,3.0,0.0,1.553,1.1416,-0.4114,108.761
70.55,240.0,3.0,0.0,1.553,1.1416,-0.4114,108.921
70.56,240.0,3.0,0.0,1.553,1.1416,-0.4114,108.664
70.57,240.0,3.0,0.0,1.553,1.1416,-0.4114,108.76
70.58,240.0,3.0,0.0,1.553,1.1504,-0.4026,109.02
70.59,240.0,3.0,0.0,1.553,1.1504,-0.4026,108.875
70.6,240.0,3.0,0.0,1.553,1.1504,-0.4026,108.907
70.61,240.0,3.0,0.0,1.553,1.1504,-0.4026,108.875
70.62,240.0,3.0,0.0,1.553,1.1504,-0.4026,108.81
70.63,240.0,3.0,0.0,1.553,1.1504,-0.4026,108.762
70.64,240.0,3.0,0.0,1.553,1.1504,-0.4026,108.874
70.65,240.0,3.0,0.0,1.553,1.1504,-0.4026,108.891
70.66,240.0,3.0,0.0,1.553,1.1591,-0.3939,108.81
70.67,240.0,3.0,0.0,1.553,1.1504,-0.4026,108.955
70.68,240.0,3.0,0.0,1.553,1.1591,-0.3939,108.907
70.69,240.0,3.0,0.0,1.553,1.1504,-0.4026,108.906
70.7,240.0,3.0,0.0,1.553,1.1504,-0.4026,108.938
70.71,240.0,3.0,0.0,1.553,1.1504,-0.4026,108.97
70.72,240.0,3.0,0.0,1.553,1.1504,-0.4026,108.939
70.73,240.0,3.0,0.0,1.553,1.1504,-0.4026,108.955
70.74,240.0,3.0,0.0,1.553,1.1504,-0.4026,108.778
70.75,240.0,3.0,0.0,1.553,1.1591,-0.3939,108.89
70.76,240.0,3.0,0.0,1.553,1.1504,-0.4026,108.81
70.77,240.0,3.0,0.0,1.553,1.1504,-0.4026,108.906
70.78,240.0,3.0,0.0,1.553,1.1504,-0.4026,108.972
70.79,240.0,3.0,0.0,1.553,1.1591,-0.3939,108.875
70.8,240.0,3.0,0.0,1.553,1.1416,-0.4114,108.648
70.81,240.0,3.0,0.0,1.553,1.1416,-0.4114,108.728
70.82,240.0,3.0,0.0,1.553,1.1504,-0.4026,108.874
70.83,240.0,3.0,0.0,1.553,1.1416,-0.4114,108.875
70.84,240.0,3.0,0.0,1.553,1.1416,-0.4114,108.987
70.85,240.0,3.0,0.0,1.553,1.1504,-0.4026,109.051
70.86,240.0,3.0,0.0,1.553,1.1591,-0.3939,105.17
70.87,28.0,0.0,11.0,47.4298,2.4108,-45.019,1.109
70.88,28.0,0.0,11.0,47.4298,5.2205,-42.2093,-1.248
70.89,28.0,0.0,11.0,47.4298,12.3193,-35.1105,-1.395
70.9,28.0,0.0,11.0,47.4298,19.2167,-28.2131,-0.12
70.91,28.0,0.0,11.0,47.4298,26.3067,-21.1231,-0.992
70.92,28.0,0.0,11.0,47.4298,33.2653,-14.1645,-1.088
70.93,28.0,0.0,11.0,47.4298,40.0315,-7.3983,-0.652
70.94,28.0,0.0,11.0,47.4298,47.7341,0.3043,-0.879
70.95,28.0,0.0,11.0,47.4298,53.3449,5.9151,-0.893
70.96,28.0,0.0,11.0,47.4298,53.6425,6.2127,-0.766
70.97,28.0,0.0,11.0,47.4298,53.8,6.3702,-0.654
70.98,28.0,0.0,11.0,47.4298,53.8,6.3702,-0.7
70.99,28.0,0.0,11.0,47.4298,53.8,6.3702,-0.895
71.0,28.0,0.0,11.0,47.4298,53.7825,6.3527,-0.782
71.01,28.0,0.0,11.0,47.4298,53.7913,6.3615,-0.685
71.02,28.0,0.0,11.0,47.4298,53.8,6.3702,-0.781
71.03,28.0,0.0,11.0,47.4298,53.8438,6.414,-0.75
71.04,28.0,0.0,11.0,47.4298,53.8525,6.4227,-0.701
71.05,28.0,0.0,11.0,47.4298,53.8613,6.4315,-0.686
71.06,28.0,0.0,11.0,47.4298,53.835,6.4052,-0.716
71.07,28.0,0.0,11.0,47.4298,53.8,6.3702,-0.748
71.08,28.0,0.0,11.0,47.4298,53.8175,6.3877,-0.652
71.09,28.0,0.0,11.0,47.4298,53.8263,6.3965,-0.83
71.1,28.0,0.0,11.0,47.4298,53.8263,6.3965,-0.783
71.11,16.5,1.5,5.5,49.9184,53.8,3.8816,-0.684
71.12,5.0,3.0,0.0,52.407,53.7825,1.3755,-0.684
71.13,5.0,3.0,0.0,52.407,53.8263,1.4193,-0.62
71.14,5.0,3.0,0.0,52.407,53.8438,1.4368,-0.715
71.15,5.0,3.0,0.0,52.407,53.8613,1.4543,-0.523
71.16,5.0,3.0,0.0,52.407,53.8525,1.4455,-0.781
71.17,5.0,3.0,0.0,52.407,53.8175,1.4105,-0.75
71.18,5.0,3.0,0.0,52.407,53.7825,1.3755,-0.572
71.19,5.0,3.0,0.0,52.407,53.7913,1.3843,-0.651
71.2,5.0,3.0,0.0,52.407,53.8088,1.4018,-0.683
71.21,5.0,3.0,0.0,52.407,53.8175,1.4105,-0.732
71.22,5.0,3.0,0.0,52.407,53.8263,1.4193,-0.701
71.23,5.0,3.0,0.0,52.407,53.8263,1.4193,-0.605
71.24,5.0,3.0,0.0,52.407,53.8263,1.4193,-0.733
71.25,5.0,3.0,0.0,52.407,53.835,1.428,-0.653
71.26,5.0,3.0,0.0,52.407,53.8438,1.4368,-0.652
71.27,5.0,3.0,0.0,52.407,53.835,1.428,-0.7
71.28,5.0,3.0,0.0,52.407,53.8,1.393,-0.781
71.29,5.0,3.0,0.0,52.407,53.8,1.393,-0.75
71.3,5.0,3.0,0.0,52.407,53.7913,1.3843,-0.604
71.31,5.0,3.0,0.0,52.407,53.8,1.393,-0.65
71.32,5.0,3.0,0.0,52.407,53.8088,1.4018,-0.651
71.33,5.0,3.0,0.0,52.407,53.8175,1.4105,-0.667
71.34,5.0,3.0,0.0,52.407,53.8263,1.4193,-0.635
71.35,5.0,3.0,0.0,52.407,53.8175,1.4105,-0.587
71.36,5.0,3.0,0.0,52.407,53.8438,1.4368,-0.603
71.37,5.0,3.0,0.0,52.407,53.8263,1.4193,-0.765
71.38,5.0,3.0,0.0,52.407,53.8263,1.4193,-0.539
71.39,5.0,3.0,0.0,52.407,53.8175,1.4105,-0.62
71.4,5.0,3.0,0.0,52.407,53.7913,1.3843,-0.587
71.41,5.0,3.0,0.0,52.407,53.8,1.393,-0.701
71.42,5.0,3.0,0.0,52.407,53.8175,1.4105,-0.862
71.43,5.0,3.0,0.0,52.407,53.8263,1.4193,-0.733
71.44,5.0,3.0,0.0,52.407,53.8438,1.4368,-0.701
71.45,5.0,3.0,0.0,52.407,53.835,1.428,-0.571
71.46,5.0,3.0,0.0,52.407,53.835,1.428,-0.652
71.47,5.0,3.0,0.0,52.407,53.835,1.428,-0.667
71.48,5.0,3.0,0.0,52.407,53.8263,1.4193,-0.636
71.49,5.0,3.0,0.0,52.407,53.8263,1.4193,-0.604
71.5,5.0,3.0,0.0,52.407,53.8175,1.4105,-0.522
71.51,5.0,3.0,0.0,52.407,53.8175,1.4105,-0.539
71.52,5.0,3.0,0.0,52.407,53.8088,1.4018,-0.651
71.53,5.0,3.0,0.0,52.407,53.8175,1.4105,-0.523
71.54,5.0,3.0,0.0,52.407,53.8263,1.4193,-0.667
71.55,5.0,3.0,0.0,52.407,53.8438,1.4368,-0.491
71.56,5.0,3.0,0.0,52.407,53.835,1.428,-0.539
71.57,5.0,3.0,0.0,52.407,53.835,1.428,-0.603
71.58,5.0,3.0,0.0,52.407,53.8263,1.4193,-0.619
71.59,5.0,3.0,0.0,52.407,53.8175,1.4105,-0.798
71.6,5.0,3.0,0.0,52.407,53.8088,1.4018,-0.652
71.61,5.0,3.0,0.0,52.407,53.8088,1.4018,-0.62
71.62,5.0,3.0,0.0,52.407,53.8175,1.4105,-0.523
71.63,5.0,3.0,0.0,52.407,53.8175,1.4105,-0.537
71.64,5.0,3.0,0.0,52.407,53.8263,1.4193,-0.667
71.65,5.0,3.0,0.0,52.407,53.8438,1.4368,-0.748
71.66,5.0,3.0,0.0,52.407,53.8438,1.4368,-0.668
71.67,5.0,3.0,0.0,52.407,53.8438,1.4368,-0.62
71.68,5.0,3.0,0.0,52.407,53.835,1.428,-0.556
71.69,5.0,3.0,0.0,52.407,53.835,1.428,-0.603
71.7,5.0,3.0,0.0,52.407,53.835,1.428,-0.508
71.71,5.0,3.0,0.0,52.407,53.8438,1.4368,-0.587
71.72,5.0,3.0,0.0,52.407,53.8263,1.4193,-0.781
71.73,5.0,3.0,0.0,52.407,53.8263,1.4193,-0.571
71.74,5.0,3.0,0.0,52.407,53.8175,1.4105,-0.651
71.75,5.0,3.0,0.0,52.407,53.8175,1.4105,-0.473
71.76,5.0,3.0,0.0,52.407,53.8263,1.4193,-0.571
71.77,5.0,3.0,0.0,52.407,53.8263,1.4193,-0.636
71.78,5.0,3.0,0.0,52.407,53.8263,1.4193,-0.427
71.79,5.0,3.0,0.0,52.407,53.8263,1.4193,-0.797
71.8,5.0,3.0,0.0,52.407,53.8175,1.4105,-0.49
71.81,5.0,3.0,0.0,52.407,53.8263,1.4193,-0.554
71.82,5.0,3.0,0.0,52.407,53.8263,1.4193,-0.54
71.83,5.0,3.0,0.0,52.407,53.8175,1.4105,-0.667
71.84,5.0,3.0,0.0,52.407,53.8088,1.4018,-0.621
71.85,5.0,3.0,0.0,52.407,53.8088,1.4018,-0.571
71.86,5.0,3.0,0.0,52.407,53.8175,1.4105,-0.684
71.87,5.0,3.0,0.0,52.407,53.8263,1.4193,-0.523
71.88,5.0,3.0,0.0,52.407,53.8438,1.4368,-0.635
71.89,5.0,3.0,0.0,52.407,53.8525,1.4455,-0.748
71.9,5.0,3.0,0.0,52.407,53.8438,1.4368,-0.54
71.91,5.0,3.0,0.0,52.407,53.8438,1.4368,-0.603
71.92,5.0,3.0,0.0,52.407,53.835,1.428,-0.7
71.93,5.0,3.0,0.0,52.407,53.835,1.428,-0.571
71.94,240.0,0.0,30.0,1.553,53.4411,51.8881,-0.634
71.95,240.0,0.0,30.0,1.553,47.8829,46.3299,-0.651
71.96,240.0,0.0,30.0,1.553,40.6529,39.0999,-0.668
71.97,240.0,0.0,30.0,1.553,33.2741,31.7211,-0.619
71.98,240.0,0.0,30.0,1.553,25.9215,24.3685,-0.619
71.99,240.0,0.0,30.0,1.553,18.814,17.261,-0.474
72.0,240.0,0.0,30.0,1.553,11.1376,9.5846,-0.489
72.01,240.0,0.0,30.0,1.553,4.354,2.801,0.106
72.02,240.0,0.0,30.0,1.553,2.1832,0.6302,85.065
72.03,240.0,0.0,30.0,1.553,1.1328,-0.4202,111.839
72.04,240.0,0.0,30.0,1.553,1.1241,-0.4289,105.817
72.05,240.0,0.0,30.0,1.553,1.1241,-0.4289,108.386
72.06,240.0,0.0,30.0,1.553,1.1328,-0.4202,110.337
72.07,240.0,0.0,30.0,1.553,1.1328,-0.4202,109.397
72.08,240.0,0.0,30.0,1.553,1.1328,-0.4202,109.688
72.09,240.0,0.0,30.0,1.553,1.1241,-0.4289,109.215
72.1,240.0,0.0,30.0,1.553,1.1328,-0.4202,108.55
72.11,240.0,0.0,30.0,1.553,1.1328,-0.4202,109.114
72.12,240.0,0.0,30.0,1.553,1.1153,-0.4377,110.368
72.13,240.0,0.0,30.0,1.553,1.1153,-0.4377,110.629
72.14,240.0,0.0,30.0,1.553,1.1241,-0.4289,109.523
72.15,240.0,0.0,30.0,1.553,1.1328,-0.4202,109.178
72.16,240.0,0.0,30.0,1.553,1.1328,-0.4202,109.616
72.17,240.0,0.0,30.0,1.553,1.1328,-0.4202,110.561
72.18,240.0,3.0,0.0,1.553,1.1504,-0.4026,110.823
72.19,240.0,3.0,0.0,1.553,1.1416,-0.4114,109.863
72.2,240.0,3.0,0.0,1.553,1.1416,-0.4114,109.195
72.21,240.0,3.0,0.0,1.553,1.1504,-0.4026,109.941
72.22,240.0,3.0,0.0,1.553,1.1504,-0.4026,110.642
72.23,240.0,3.0,0.0,1.553,1.1504,-0.4026,110.656
72.24,240.0,3.0,0.0,1.553,1.1504,-0.4026,109.879
72.25,240.0,3.0,0.0,1.553,1.1504,-0.4026,109.781
72.26,240.0,3.0,0.0,1.553,1.1504,-0.4026,109.812
72.27,240.0,3.0,0.0,1.553,1.1416,-0.4114,110.025
72.28,240.0,3.0,0.0,1.553,1.1504,-0.4026,110.722
72.29,240.0,3.0,0.0,1.553,1.1416,-0.4114,110.285
72.3,240.0,3.0,0.0,1.553,1.1416,-0.4114,109.746
72.31,240.0,3.0,0.0,1.553,1.1416,-0.4114,109.713
72.32,240.0,3.0,0.0,1.553,1.1416,-0.4114,110.397
72.33,240.0,3.0,0.0,1.553,1.1504,-0.4026,110.494
72.34,240.0,3.0,0.0,1.553,1.1504,-0.4026,109.975
72.35,240.0,3.0,0.0,1.553,1.1504,-0.4026,109.957
72.36,240.0,3.0,0.0,1.553,1.1504,-0.4026,110.12
72.37,240.0,3.0,0.0,1.553,1.1504,-0.4026,110.12
72.38,240.0,3.0,0.0,1.553,1.1504,-0.4026,110.216
72.39,240.0,3.0,0.0,1.553,1.1504,-0.4026,110.105
72.4,240.0,3.0,0.0,1.553,1.1504,-0.4026,110.104
72.41,240.0,3.0,0.0,1.553,1.1504,-0.4026,109.876
72.42,240.0,3.0,0.0,1.553,1.1504,-0.4026,110.006
72.43,240.0,3.0,0.0,1.553,1.1504,-0.4026,110.444
72.44,240.0,3.0,0.0,1.553,1.1504,-0.4026,110.251
72.45,240.0,3.0,0.0,1.553,1.1504,-0.4026,109.796
72.46,240.0,3.0,0.0,1.553,1.1416,-0.4114,109.729
72.47,240.0,3.0,0.0,1.553,1.1416,-0.4114,110.315
72.48,240.0,3.0,0.0,1.553,1.1504,-0.4026,110.509
72.49,240.0,3.0,0.0,1.553,1.1504,-0.4026,110.072
72.5,240.0,3.0,0.0,1.553,1.1504,-0.4026,109.844
72.51,240.0,3.0,0.0,1.553,1.1416,-0.4114,110.118
72.52,240.0,3.0,0.0,1.553,1.1504,-0.4026,110.217
72.53,240.0,3.0,0.0,1.553,1.1591,-0.3939,110.056
72.54,240.0,3.0,0.0,1.553,1.1504,-0.4026,109.927
72.55,240.0,3.0,0.0,1.553,1.1504,-0.4026,109.974
72.56,240.0,3.0,0.0,1.553,1.1504,-0.4026,109.926
72.57,240.0,3.0,0.0,1.553,1.1591,-0.3939,109.956
72.58,240.0,3.0,0.0,1.553,1.1504,-0.4026,110.024
72.59,240.0,3.0,0.0,1.553,1.1504,-0.4026,110.17
72.6,240.0,3.0,0.0,1.553,1.1591,-0.3939,109.943
72.61,240.0,3.0,0.0,1.553,1.1504,-0.4026,109.844
72.62,240.0,3.0,0.0,1.553,1.1504,-0.4026,110.022
72.63,240.0,3.0,0.0,1.553,1.1504,-0.4026,110.169
72.64,240.0,3.0,0.0,1.553,1.1504,-0.4026,110.024
72.65,240.0,3.0,0.0,1.553,1.1504,-0.4026,110.054
72.66,240.0,3.0,0.0,1.553,1.1504,-0.4026,110.056
72.67,240.0,3.0,0.0,1.553,1.1504,-0.4026,109.976
72.68,240.0,3.0,0.0,1.553,1.1504,-0.4026,110.07
72.69,240.0,3.0,0.0,1.553,1.1416,-0.4114,109.975
72.7,240.0,3.0,0.0,1.553,1.1504,-0.4026,110.07
72.71,240.0,3.0,0.0,1.553,1.1504,-0.4026,109.973
72.72,240.0,3.0,0.0,1.553,1.1504,-0.4026,109.878
72.73,240.0,3.0,0.0,1.553,1.1504,-0.4026,110.024
72.74,240.0,3.0,0.0,1.553,1.1416,-0.4114,109.943
72.75,240.0,3.0,0.0,1.553,1.1416,-0.4114,109.829
72.76,240.0,3.0,0.0,1.553,1.1416,-0.4114,109.86
72.77,240.0,3.0,0.0,1.553,1.1504,-0.4026,110.072
72.78,240.0,3.0,0.0,1.553,1.1416,-0.4114,109.991
72.79,240.0,3.0,0.0,1.553,1.1416,-0.4114,109.861
72.8,240.0,3.0,0.0,1.553,1.1416,-0.4114,109.989
72.81,240.0,3.0,0.0,1.553,1.1504,-0.4026,109.943
72.82,240.0,3.0,0.0,1.553,1.1504,-0.4026,109.975
72.83,240.0,3.0,0.0,1.553,1.1504,-0.4026,110.087
72.84,240.0,3.0,0.0,1.553,1.1504,-0.4026,110.008
72.85,240.0,3.0,0.0,1.553,1.1504,-0.4026,109.991
72.86,240.0,3.0,0.0,1.553,1.1504,-0.4026,109.861
72.87,240.0,3.0,0.0,1.553,1.1504,-0.4026,109.829
72.88,240.0,3.0,0.0,1.553,1.1504,-0.4026,110.12
72.89,240.0,3.0,0.0,1.553,1.1504,-0.4026,110.088
72.9,240.0,3.0,0.0,1.553,1.1416,-0.4114,110.007
72.91,240.0,3.0,0.0,1.553,1.1504,-0.4026,109.909
72.92,240.0,3.0,0.0,1.553,1.1591,-0.3939,109.765
72.93,240.0,3.0,0.0,1.553,1.1504,-0.4026,110.039
72.94,240.0,3.0,0.0,1.553,1.1504,-0.4026,109.814
72.95,240.0,3.0,0.0,1.553,1.1416,-0.4114,109.813
72.96,240.0,3.0,0.0,1.553,1.1416,-0.4114,109.846
72.97,240.0,3.0,0.0,1.553,1.1416,-0.4114,109.893
72.98,240.0,3.0,0.0,1.553,1.1328,-0.4202,109.846
72.99,240.0,3.0,0.0,1.553,1.1241,-0.4289,109.764
73.0,240.0,3.0,0.0,1.553,1.1241,-0.4289,109.941
73.01,240.0,3.0,0.0,1.553,1.1328,-0.4202,109.958
73.02,240.0,3.0,0.0,1.553,1.1328,-0.4202,109.926
73.03,240.0,3.0,0.0,1.553,1.1504,-0.4026,109.974
73.04,240.0,3.0,0.0,1.553,1.1328,-0.4202,109.781
73.05,240.0,3.0,0.0,1.553,1.1416,-0.4114,109.958
73.06,240.0,3.0,0.0,1.553,1.1416,-0.4114,109.828
73.07,240.0,3.0,0.0,1.553,1.1416,-0.4114,109.893
73.08,240.0,3.0,0.0,1.553,1.1416,-0.4114,110.006
73.09,240.0,3.0,0.0,1.553,1.1416,-0.4114,109.846
73.1,240.0,3.0,0.0,1.553,1.1504,-0.4026,109.83
73.11,240.0,3.0,0.0,1.553,1.1416,-0.4114,109.942
73.12,240.0,3.0,0.0,1.553,1.1416,-0.4114,109.943
73.13,240.0,3.0,0.0,1.553,1.1504,-0.4026,109.959
73.14,240.0,3.0,0.0,1.553,1.1504,-0.4026,109.878
73.15,240.0,3.0,0.0,1.553,1.1416,-0.4114,109.892
73.16,240.0,3.0,0.0,1.553,1.1416,-0.4114,109.829
73.17,240.0,3.0,0.0,1.553,1.1416,-0.4114,109.813
73.18,240.0,3.0,0.0,1.553,1.1328,-0.4202,109.96
73.19,240.0,3.0,0.0,1.553,1.1328,-0.4202,109.798
73.2,240.0,3.0,0.0,1.553,1.1328,-0.4202,109.942
73.21,240.0,3.0,0.0,1.553,1.1416,-0.4114,109.926
73.22,240.0,3.0,0.0,1.553,1.1504,-0.4026,109.846
73.23,240.0,3.0,0.0,1.553,1.1504,-0.4026,109.942
73.24,240.0,3.0,0.0,1.553,1.1504,-0.4026,109.766
73.25,240.0,3.0,0.0,1.553,1.1504,-0.4026,109.844
73.26,240.0,3.0,0.0,1.553,1.1504,-0.4026,109.765
73.27,240.0,3.0,0.0,1.553,1.1504,-0.4026,109.845
73.28,240.0,3.0,0.0,1.553,1.1591,-0.3939,109.925
73.29,240.0,3.0,0.0,1.553,1.1591,-0.3939,109.926
73.3,240.0,3.0,0.0,1.553,1.1504,-0.4026,110.054
73.31,240.0,3.0,0.0,1.553,1.1504,-0.4026,109.877
73.32,240.0,3.0,0.0,1.553,1.1504,-0.4026,109.668
73.33,240.0,3.0,0.0,1.553,1.1416,-0.4114,109.894
73.34,240.0,3.0,0.0,1.553,1.1416,-0.4114,109.845
73.35,240.0,3.0,0.0,1.553,1.1416,-0.4114,109.876
73.36,240.0,3.0,0.0,1.553,1.1416,-0.4114,109.893
73.37,240.0,3.0,0.0,1.553,1.1416,-0.4114,109.942
73.38,240.0,3.0,0.0,1.553,1.1416,-0.4114,109.7
73.39,240.0,3.0,0.0,1.553,1.1416,-0.4114,109.78
73.4,240.0,3.0,0.0,1.553,1.1416,-0.4114,109.925
73.41,240.0,3.0,0.0,1.553,1.1504,-0.4026,109.911
73.42,240.0,3.0,0.0,1.553,1.1416,-0.4114,109.829
73.43,240.0,3.0,0.0,1.553,1.1416,-0.4114,109.813
73.44,240.0,3.0,0.0,1.553,1.1416,-0.4114,109.812
73.45,240.0,3.0,0.0,1.553,1.1416,-0.4114,109.926
73.46,240.0,3.0,0.0,1.553,1.1416,-0.4114,109.909
73.47,240.0,3.0,0.0,1.553,1.1504,-0.4026,109.829
73.48,240.0,3.0,0.0,1.553,1.1504,-0.4026,109.829
73.49,240.0,3.0,0.0,1.553,1.1591,-0.3939,109.814
73.5,240.0,3.0,0.0,1.553,1.1591,-0.3939,109.862
73.51,240.0,3.0,0.0,1.553,1.1591,-0.3939,109.91
73.52,240.0,3.0,0.0,1.553,1.1591,-0.3939,109.782
73.53,240.0,3.0,0.0,1.553,1.1679,-0.3851,109.91
73.54,240.0,3.0,0.0,1.553,1.1591,-0.3939,109.813
73.55,240.0,3.0,0.0,1.553,1.1504,-0.4026,109.781
73.56,240.0,3.0,0.0,1.553,1.1504,-0.4026,109.765
73.57,240.0,3.0,0.0,1.553,1.1504,-0.4026,109.862
73.58,240.0,3.0,0.0,1.553,1.1504,-0.4026,109.91
73.59,240.0,3.0,0.0,1.553,1.1416,-0.4114,109.797
73.6,240.0,3.0,0.0,1.553,1.1416,-0.4114,109.749
73.61,240.0,3.0,0.0,1.553,1.1416,-0.4114,109.91
73.62,240.0,3.0,0.0,1.553,1.1328,-0.4202,109.781
73.63,240.0,3.0,0.0,1.553,1.1328,-0.4202,109.717
73.64,240.0,3.0,0.0,1.553,1.1416,-0.4114,109.764
73.65,240.0,3.0,0.0,1.553,1.1416,-0.4114,109.861
73.66,240.0,3.0,0.0,1.553,1.1416,-0.4114,109.861
73.67,240.0,3.0,0.0,1.553,1.1416,-0.4114,109.62
73.68,240.0,3.0,0.0,1.553,1.1416,-0.4114,109.942
73.69,240.0,3.0,0.0,1.553,1.1328,-0.4202,109.78
73.7,240.0,3.0,0.0,1.553,1.1328,-0.4202,109.829
73.71,240.0,3.0,0.0,1.553,1.1328,-0.4202,109.798
73.72,240.0,3.0,0.0,1.553,1.1416,-0.4114,109.716
73.73,240.0,3.0,0.0,1.553,1.1416,-0.4114,109.78
73.74,240.0,3.0,0.0,1.553,1.1416,-0.4114,109.749
73.75,240.0,3.0,0.0,1.553,1.1416,-0.4114,109.893
73.76,240.0,3.0,0.0,1.553,1.1328,-0.4202,109.701
73.77,240.0,3.0,0.0,1.553,1.1328,-0.4202,109.845
73.78,240.0,3.0,0.0,1.553,1.1416,-0.4114,109.957
73.79,240.0,3.0,0.0,1.553,1.1328,-0.4202,109.893
73.8,240.0,3.0,0.0,1.553,1.1328,-0.4202,109.781
73.81,240.0,3.0,0.0,1.553,1.1328,-0.4202,109.99
73.82,240.0,3.0,0.0,1.553,1.1416,-0.4114,109.748
73.83,240.0,3.0,0.0,1.553,1.1416,-0.4114,109.845
73.84,240.0,3.0,0.0,1.553,1.1416,-0.4114,109.846
73.85,240.0,3.0,0.0,1.553,1.1416,-0.4114,109.846
73.86,240.0,3.0,0.0,1.553,1.1416,-0.4114,109.878
73.87,240.0,3.0,0.0,1.553,1.1416,-0.4114,109.926
73.88,240.0,3.0,0.0,1.553,1.1416,-0.4114,110.022
73.89,240.0,3.0,0.0,1.553,1.1504,-0.4026,109.635
73.9,240.0,3.0,0.0,1.553,1.1416,-0.4114,109.878
73.91,240.0,3.0,0.0,1.553,1.1416,-0.4114,109.782
73.92,240.0,3.0,0.0,1.553,1.1416,-0.4114,109.7
73.93,240.0,3.0,0.0,1.553,1.1504,-0.4026,109.909
73.94,240.0,3.0,0.0,1.553,1.1504,-0.4026,109.796
73.95,240.0,3.0,0.0,1.553,1.1504,-0.4026,109.749
73.96,240.0,3.0,0.0,1.553,1.1416,-0.4114,109.91
73.97,240.0,3.0,0.0,1.553,1.1416,-0.4114,109.862
73.98,240.0,3.0,0.0,1.553,1.1416,-0.4114,109.942
73.99,240.0,3.0,0.0,1.553,1.1416,-0.4114,109.797
74.0,240.0,3.0,0.0,1.553,1.1416,-0.4114,109.861
74.01,240.0,3.0,0.0,1.553,1.1416,-0.4114,109.91
74.02,240.0,3.0,0.0,1.553,1.1416,-0.4114,109.668
74.03,240.0,3.0,0.0,1.553,1.1416,-0.4114,109.893
74.04,240.0,3.0,0.0,1.553,1.1416,-0.4114,109.667
74.05,240.0,3.0,0.0,1.553,1.1416,-0.4114,109.78
74.06,240.0,3.0,0.0,1.553,1.1416,-0.4114,109.749
74.07,240.0,3.0,0.0,1.553,1.1416,-0.4114,109.828
74.08,240.0,3.0,0.0,1.553,1.1504,-0.4026,109.956
74.09,240.0,3.0,0.0,1.553,1.1504,-0.4026,109.959
74.1,240.0,3.0,0.0,1.553,1.1416,-0.4114,109.815
74.11,240.0,3.0,0.0,1.553,1.1416,-0.4114,109.765
74.12,240.0,3.0,0.0,1.553,1.1416,-0.4114,109.667
74.13,240.0,3.0,0.0,1.553,1.1416,-0.4114,109.893
74.14,240.0,3.0,0.0,1.553,1.1416,-0.4114,109.781
74.15,240.0,3.0,0.0,1.553,1.1416,-0.4114,109.814
74.16,240.0,3.0,0.0,1.553,1.1416,-0.4114,109.86
74.17,240.0,3.0,0.0,1.553,1.1416,-0.4114,109.846
74.18,240.0,3.0,0.0,1.553,1.1416,-0.4114,109.813
74.19,240.0,3.0,0.0,1.553,1.1416,-0.4114,109.731
74.2,240.0,3.0,0.0,1.553,1.1504,-0.4026,109.764
74.21,240.0,3.0,0.0,1.553,1.1416,-0.4114,109.763
74.22,240.0,3.0,0.0,1.553,1.1416,-0.4114,109.764
74.23,240.0,3.0,0.0,1.553,1.1416,-0.4114,109.812
74.24,240.0,3.0,0.0,1.553,1.1416,-0.4114,109.733
74.25,240.0,3.0,0.0,1.553,1.1328,-0.4202,109.764
74.26,240.0,3.0,0.0,1.553,1.1328,-0.4202,109.701
74.27,240.0,3.0,0.0,1.553,1.1328,-0.4202,109.652
74.28,240.0,3.0,0.0,1.553,1.1416,-0.4114,109.975
74.29,240.0,3.0,0.0,1.553,1.1416,-0.4114,109.798
74.3,240.0,3.0,0.0,1.553,1.1328,-0.4202,109.814
74.31,240.0,3.0,0.0,1.553,1.1328,-0.4202,109.685
74.32,240.0,3.0,0.0,1.553,1.1416,-0.4114,109.797
74.33,240.0,3.0,0.0,1.553,1.1328,-0.4202,109.877
74.34,240.0,3.0,0.0,1.553,1.1416,-0.4114,109.797
74.35,240.0,3.0,0.0,1.553,1.1416,-0.4114,109.909
74.36,240.0,3.0,0.0,1.553,1.1416,-0.4114,109.668
74.37,240.0,3.0,0.0,1.553,1.1416,-0.4114,109.683
74.38,240.0,3.0,0.0,1.553,1.1416,-0.4114,109.811
74.39,240.0,3.0,0.0,1.553,1.1416,-0.4114,109.733
74.4,240.0,3.0,0.0,1.553,1.1416,-0.4114,109.91
74.41,240.0,3.0,0.0,1.553,1.1504,-0.4026,109.83
74.42,240.0,3.0,0.0,1.553,1.1504,-0.4026,109.717
74.43,240.0,3.0,0.0,1.553,1.1504,-0.4026,109.861
74.44,240.0,3.0,0.0,1.553,1.1416,-0.4114,109.62
74.45,240.0,3.0,0.0,1.553,1.1504,-0.4026,109.828
74.46,240.0,3.0,0.0,1.553,1.1416,-0.4114,109.861
74.47,240.0,3.0,0.0,1.553,1.1504,-0.4026,109.893
74.48,240.0,3.0,0.0,1.553,1.1416,-0.4114,109.846
74.49,240.0,3.0,0.0,1.553,1.1504,-0.4026,109.749
74.5,240.0,3.0,0.0,1.553,1.1504,-0.4026,109.717
74.51,240.0,3.0,0.0,1.553,1.1328,-0.4202,109.765
74.52,240.0,3.0,0.0,1.553,1.1416,-0.4114,109.813
74.53,240.0,3.0,0.0,1.553,1.1416,-0.4114,109.91
74.54,240.0,3.0,0.0,1.553,1.1504,-0.4026,109.829
74.55,240.0,3.0,0.0,1.553,1.1504,-0.4026,109.765
74.56,240.0,3.0,0.0,1.553,1.1416,-0.4114,109.828
74.57,240.0,3.0,0.0,1.553,1.1416,-0.4114,109.717
74.58,240.0,3.0,0.0,1.553,1.1504,-0.4026,109.844
74.59,240.0,3.0,0.0,1.553,1.1504,-0.4026,109.7
74.6,240.0,3.0,0.0,1.553,1.1504,-0.4026,109.894
74.61,240.0,3.0,0.0,1.553,1.1416,-0.4114,109.797
74.62,240.0,3.0,0.0,1.553,1.1416,-0.4114,109.651
74.63,240.0,3.0,0.0,1.553,1.1416,-0.4114,109.958
74.64,240.0,3.0,0.0,1.553,1.1416,-0.4114,109.75
74.65,240.0,3.0,0.0,1.553,1.1328,-0.4202,109.796
74.66,240.0,3.0,0.0,1.553,1.1416,-0.4114,109.926
74.67,240.0,3.0,0.0,1.553,1.1328,-0.4202,109.99
74.68,240.0,3.0,0.0,1.553,1.1328,-0.4202,109.732
74.69,240.0,3.0,0.0,1.553,1.1416,-0.4114,109.635
74.7,240.0,3.0,0.0,1.553,1.1328,-0.4202,109.878
74.71,240.0,3.0,0.0,1.553,1.1416,-0.4114,109.797
74.72,240.0,3.0,0.0,1.553,1.1416,-0.4114,109.829
74.73,240.0,3.0,0.0,1.553,1.1416,-0.4114,109.877
74.74,240.0,3.0,0.0,1.553,1.1328,-0.4202,109.603
74.75,240.0,3.0,0.0,1.553,1.1328,-0.4202,109.812
74.76,240.0,3.0,0.0,1.553,1.1328,-0.4202,109.716
74.77,240.0,3.0,0.0,1.553,1.1416,-0.4114,109.732
74.78,240.0,3.0,0.0,1.553,1.1416,-0.4114,109.796
74.79,240.0,3.0,0.0,1.553,1.1328,-0.4202,109.764
74.8,240.0,3.0,0.0,1.553,1.1328,-0.4202,109.813
74.81,240.0,3.0,0.0,1.553,1.1416,-0.4114,109.828
74.82,240.0,3.0,0.0,1.553,1.1328,-0.4202,109.634
74.83,240.0,3.0,0.0,1.553,1.1416,-0.4114,109.829
74.84,240.0,3.0,0.0,1.553,1.1504,-0.4026,109.733
74.85,240.0,3.0,0.0,1.553,1.1416,-0.4114,109.7
74.86,240.0,3.0,0.0,1.553,1.1416,-0.4114,109.796
74.87,240.0,3.0,0.0,1.553,1.1328,-0.4202,109.748
74.88,240.0,3.0,0.0,1.553,1.1416,-0.4114,109.781
74.89,240.0,3.0,0.0,1.553,1.1416,-0.4114,109.845
74.9,240.0,3.0,0.0,1.553,1.1416,-0.4114,109.927
74.91,240.0,3.0,0.0,1.553,1.1504,-0.4026,109.652
74.92,240.0,3.0,0.0,1.553,1.1504,-0.4026,109.797
74.93,240.0,3.0,0.0,1.553,1.1504,-0.4026,109.748
74.94,240.0,3.0,0.0,1.553,1.1504,-0.4026,109.716
74.95,240.0,3.0,0.0,1.553,1.1416,-0.4114,109.749
74.96,240.0,3.0,0.0,1.553,1.1504,-0.4026,109.781
74.97,240.0,3.0,0.0,1.553,1.1416,-0.4114,109.7
74.98,240.0,3.0,0.0,1.553,1.1416,-0.4114,109.811
74.99,240.0,3.0,0.0,1.553,1.1416,-0.4114,109.781
75.0,240.0,3.0,0.0,1.553,1.1416,-0.4114,109.78
75.01,240.0,3.0,0.0,1.553,1.1416,-0.4114,109.701
75.02,240.0,3.0,0.0,1.553,1.1416,-0.4114,109.716
75.03,240.0,3.0,0.0,1.553,1.1416,-0.4114,109.83
75.04,240.0,3.0,0.0,1.553,1.1416,-0.4114,109.715
75.05,240.0,3.0,0.0,1.553,1.1416,-0.4114,109.716
75.06,240.0,3.0,0.0,1.553,1.1416,-0.4114,109.86
75.07,240.0,3.0,0.0,1.553,1.1416,-0.4114,109.781
75.08,240.0,3.0,0.0,1.553,1.1416,-0.4114,109.894
75.09,240.0,3.0,0.0,1.553,1.1504,-0.4026,109.716
75.1,240.0,3.0,0.0,1.553,1.1504,-0.4026,109.829
75.11,240.0,3.0,0.0,1.553,1.1504,-0.4026,109.78
75.12,240.0,3.0,0.0,1.553,1.1591,-0.3939,109.683
75.13,240.0,3.0,0.0,1.553,1.1504,-0.4026,109.781
75.14,240.0,3.0,0.0,1.553,1.1591,-0.3939,109.733
75.15,240.0,3.0,0.0,1.553,1.1504,-0.4026,109.748
75.16,240.0,3.0,0.0,1.553,1.1416,-0.4114,109.764
75.17,240.0,3.0,0.0,1.553,1.1416,-0.4114,109.619
75.18,240.0,3.0,0.0,1.553,1.1416,-0.4114,109.827
75.19,240.0,3.0,0.0,1.553,1.1504,-0.4026,109.668
75.2,240.0,3.0,0.0,1.553,1.1416,-0.4114,109.684
75.21,240.0,3.0,0.0,1.553,1.1504,-0.4026,109.619
75.22,240.0,3.0,0.0,1.553,1.1591,-0.3939,109.554
75.23,240.0,3.0,0.0,1.553,1.1591,-0.3939,109.731
75.24,240.0,3.0,0.0,1.553,1.1504,-0.4026,109.732
75.25,240.0,3.0,0.0,1.553,1.1504,-0.4026,109.78
75.26,240.0,3.0,0.0,1.553,1.1504,-0.4026,109.878
75.27,240.0,3.0,0.0,1.553,1.1504,-0.4026,109.651
75.28,240.0,3.0,0.0,1.553,1.1504,-0.4026,109.651
75.29,240.0,3.0,0.0,1.553,1.1416,-0.4114,109.764
75.3,240.0,3.0,0.0,1.553,1.1416,-0.4114,109.749
75.31,240.0,3.0,0.0,1.553,1.1504,-0.4026,109.732
75.32,240.0,3.0,0.0,1.553,1.1416,-0.4114,109.828
75.33,240.0,3.0,0.0,1.553,1.1328,-0.4202,109.892
75.34,240.0,3.0,0.0,1.553,1.1416,-0.4114,109.603
75.35,240.0,3.0,0.0,1.553,1.1416,-0.4114,109.765
75.36,240.0,3.0,0.0,1.553,1.1416,-0.4114,109.877
75.37,240.0,3.0,0.0,1.553,1.1416,-0.4114,109.619
75.38,240.0,3.0,0.0,1.553,1.1416,-0.4114,109.958
75.39,240.0,3.0,0.0,1.553,1.1416,-0.4114,109.7
75.4,240.0,3.0,0.0,1.553,1.1328,-0.4202,109.586
75.41,240.0,3.0,0.0,1.553,1.1416,-0.4114,109.795
75.42,240.0,3.0,0.0,1.553,1.1416,-0.4114,109.701
75.43,240.0,3.0,0.0,1.553,1.1416,-0.4114,109.716
75.44,240.0,3.0,0.0,1.553,1.1416,-0.4114,109.748
75.45,240.0,3.0,0.0,1.553,1.1416,-0.4114,109.732
75.46,240.0,3.0,0.0,1.553,1.1328,-0.4202,109.86
75.47,240.0,3.0,0.0,1.553,1.1416,-0.4114,109.571
75.48,240.0,3.0,0.0,1.553,1.1416,-0.4114,109.683
75.49,240.0,3.0,0.0,1.553,1.1416,-0.4114,109.812
75.5,240.0,3.0,0.0,1.553,1.1416,-0.4114,109.781
75.51,240.0,3.0,0.0,1.553,1.1416,-0.4114,109.75
75.52,240.0,3.0,0.0,1.553,1.1328,-0.4202,109.733
75.53,240.0,3.0,0.0,1.553,1.1416,-0.4114,109.813
75.54,240.0,3.0,0.0,1.553,1.1416,-0.4114,109.764
75.55,240.0,3.0,0.0,1.553,1.1416,-0.4114,109.844
75.56,240.0,3.0,0.0,1.553,1.1416,-0.4114,109.765
75.57,240.0,3.0,0.0,1.553,1.1416,-0.4114,109.893
75.58,240.0,3.0,0.0,1.553,1.1416,-0.4114,109.797
75.59,240.0,3.0,0.0,1.553,1.1328,-0.4202,109.748
75.6,240.0,3.0,0.0,1.553,1.1504,-0.4026,109.812
75.61,240.0,3.0,0.0,1.553,1.1416,-0.4114,109.717
75.62,240.0,3.0,0.0,1.553,1.1504,-0.4026,109.684
75.63,240.0,3.0,0.0,1.553,1.1416,-0.4114,109.732
75.64,240.0,3.0,0.0,1.553,1.1504,-0.4026,109.636
75.65,240.0,3.0,0.0,1.553,1.1504,-0.4026,109.7
75.66,240.0,3.0,0.0,1.553,1.1591,-0.3939,109.7
75.67,240.0,3.0,0.0,1.553,1.1504,-0.4026,109.78
75.68,240.0,3.0,0.0,1.553,1.1504,-0.4026,109.748
75.69,240.0,3.0,0.0,1.553,1.1416,-0.4114,109.78
75.7,240.0,3.0,0.0,1.553,1.1416,-0.4114,109.733
75.71,240.0,3.0,0.0,1.553,1.1416,-0.4114,109.747
75.72,240.0,3.0,0.0,1.553,1.1416,-0.4114,109.636
75.73,240.0,3.0,0.0,1.553,1.1416,-0.4114,109.748
75.74,240.0,3.0,0.0,1.553,1.1416,-0.4114,109.636
75.75,240.0,3.0,0.0,1.553,1.1416,-0.4114,109.845
75.76,240.0,3.0,0.0,1.553,1.1328,-0.4202,109.652
75.77,240.0,3.0,0.0,1.553,1.1328,-0.4202,109.763
75.78,240.0,3.0,0.0,1.553,1.1328,-0.4202,109.828
75.79,240.0,3.0,0.0,1.553,1.1328,-0.4202,109.765
75.8,240.0,3.0,0.0,1.553,1.1328,-0.4202,109.716
75.81,240.0,3.0,0.0,1.553,1.1328,-0.4202,109.797
75.82,240.0,3.0,0.0,1.553,1.1328,-0.4202,109.652
75.83,240.0,3.0,0.0,1.553,1.1328,-0.4202,109.878
75.84,240.0,3.0,0.0,1.553,1.1416,-0.4114,109.749
75.85,240.0,3.0,0.0,1.553,1.1416,-0.4114,109.684
75.86,240.0,3.0,0.0,1.553,1.1416,-0.4114,109.7
75.87,240.0,3.0,0.0,1.553,1.1416,-0.4114,109.7
75.88,240.0,3.0,0.0,1.553,1.1416,-0.4114,109.731
75.89,240.0,3.0,0.0,1.553,1.1416,-0.4114,109.652
75.9,240.0,3.0,0.0,1.553,1.1504,-0.4026,109.666
75.91,240.0,3.0,0.0,1.553,1.1504,-0.4026,109.666
75.92,240.0,3.0,0.0,1.553,1.1504,-0.4026,109.684
75.93,240.0,3.0,0.0,1.553,1.1504,-0.4026,109.878
75.94,240.0,3.0,0.0,1.553,1.1416,-0.4114,109.668
75.95,240.0,3.0,0.0,1.553,1.1591,-0.3939,109.62
75.96,240.0,3.0,0.0,1.553,1.1591,-0.3939,109.57
75.97,240.0,3.0,0.0,1.553,1.1591,-0.3939,109.651
75.98,240.0,3.0,0.0,1.553,1.1591,-0.3939,109.765
75.99,240.0,3.0,0.0,1.553,1.1416,-0.4114,109.7
76.0,240.0,3.0,0.0,1.553,1.1591,-0.3939,109.652
76.01,240.0,3.0,0.0,1.553,1.1504,-0.4026,109.651
76.02,240.0,3.0,0.0,1.553,1.1416,-0.4114,109.65
76.03,240.0,3.0,0.0,1.553,1.1416,-0.4114,109.732
76.04,240.0,3.0,0.0,1.553,1.1416,-0.4114,109.668
76.05,240.0,3.0,0.0,1.553,1.1416,-0.4114,109.83
76.06,240.0,3.0,0.0,1.553,1.1416,-0.4114,109.732
76.07,240.0,3.0,0.0,1.553,1.1328,-0.4202,109.732
76.08,240.0,3.0,0.0,1.553,1.1416,-0.4114,109.652
76.09,240.0,3.0,0.0,1.553,1.1416,-0.4114,109.683
76.1,240.0,3.0,0.0,1.553,1.1416,-0.4114,109.732
76.11,240.0,3.0,0.0,1.553,1.1328,-0.4202,109.796
76.12,240.0,3.0,0.0,1.553,1.1416,-0.4114,109.7
76.13,240.0,3.0,0.0,1.553,1.1328,-0.4202,109.7
76.14,240.0,3.0,0.0,1.553,1.1416,-0.4114,109.651
76.15,240.0,3.0,0.0,1.553,1.1416,-0.4114,109.667
76.16,240.0,3.0,0.0,1.553,1.1416,-0.4114,109.893
76.17,240.0,3.0,0.0,1.553,1.1416,-0.4114,109.878
76.18,240.0,3.0,0.0,1.553,1.1504,-0.4026,109.847
76.19,240.0,3.0,0.0,1.553,1.1504,-0.4026,109.635
76.2,240.0,3.0,0.0,1.553,1.1504,-0.4026,109.554
76.21,240.0,3.0,0.0,1.553,1.1504,-0.4026,109.7
76.22,240.0,3.0,0.0,1.553,1.1504,-0.4026,109.586
76.23,240.0,3.0,0.0,1.553,1.1504,-0.4026,109.876
76.24,240.0,3.0,0.0,1.553,1.1504,-0.4026,109.782
76.25,240.0,3.0,0.0,1.553,1.1504,-0.4026,109.668
76.26,240.0,3.0,0.0,1.553,1.1504,-0.4026,109.715
76.27,240.0,3.0,0.0,1.553,1.1504,-0.4026,109.635
76.28,240.0,3.0,0.0,1.553,1.1504,-0.4026,109.749
76.29,240.0,3.0,0.0,1.553,1.1591,-0.3939,109.78
76.3,240.0,3.0,0.0,1.553,1.1504,-0.4026,109.684
76.31,240.0,3.0,0.0,1.553,1.1591,-0.3939,109.812
76.32,240.0,3.0,0.0,1.553,1.1591,-0.3939,109.651
76.33,240.0,3.0,0.0,1.553,1.1504,-0.4026,109.845
76.34,240.0,3.0,0.0,1.553,1.1504,-0.4026,109.765
76.35,240.0,3.0,0.0,1.553,1.1591,-0.3939,109.765
76.36,240.0,3.0,0.0,1.553,1.1504,-0.4026,109.749
76.37,240.0,3.0,0.0,1.553,1.1591,-0.3939,109.716
76.38,240.0,3.0,0.0,1.553,1.1591,-0.3939,109.829
76.39,240.0,3.0,0.0,1.553,1.1591,-0.3939,109.537
76.4,240.0,3.0,0.0,1.553,1.1504,-0.4026,109.781
76.41,240.0,3.0,0.0,1.553,1.1416,-0.4114,109.635
76.42,240.0,3.0,0.0,1.553,1.1416,-0.4114,109.732
76.43,240.0,3.0,0.0,1.553,1.1416,-0.4114,109.764
76.44,240.0,3.0,0.0,1.553,1.1416,-0.4114,109.796
76.45,240.0,3.0,0.0,1.553,1.1416,-0.4114,109.716
76.46,240.0,3.0,0.0,1.553,1.1416,-0.4114,109.701
76.47,240.0,3.0,0.0,1.553,1.1416,-0.4114,109.715
76.48,240.0,3.0,0.0,1.553,1.1416,-0.4114,109.716
76.49,240.0,3.0,0.0,1.553,1.1416,-0.4114,109.781
76.5,240.0,3.0,0.0,1.553,1.1416,-0.4114,109.586
76.51,240.0,3.0,0.0,1.553,1.1416,-0.4114,109.716
76.52,240.0,3.0,0.0,1.553,1.1416,-0.4114,109.764
76.53,240.0,3.0,0.0,1.553,1.1416,-0.4114,109.795
76.54,240.0,3.0,0.0,1.553,1.1416,-0.4114,109.684
76.55,240.0,3.0,0.0,1.553,1.1504,-0.4026,109.764
76.56,240.0,3.0,0.0,1.553,1.1416,-0.4114,109.699
76.57,240.0,3.0,0.0,1.553,1.1504,-0.4026,109.715
76.58,240.0,3.0,0.0,1.553,1.1416,-0.4114,109.764
76.59,240.0,3.0,0.0,1.553,1.1416,-0.4114,109.489
76.6,240.0,3.0,0.0,1.553,1.1416,-0.4114,109.716
76.61,240.0,3.0,0.0,1.553,1.1416,-0.4114,109.715
76.62,240.0,3.0,0.0,1.553,1.1416,-0.4114,109.716
76.63,240.0,3.0,0.0,1.553,1.1416,-0.4114,109.798
76.64,240.0,3.0,0.0,1.553,1.1416,-0.4114,109.7
76.65,240.0,3.0,0.0,1.553,1.1504,-0.4026,109.603
76.66,240.0,3.0,0.0,1.553,1.1504,-0.4026,109.813
76.67,240.0,3.0,0.0,1.553,1.1504,-0.4026,109.538
76.68,240.0,3.0,0.0,1.553,1.1504,-0.4026,109.828
76.69,240.0,3.0,0.0,1.553,1.1504,-0.4026,109.506
76.7,240.0,3.0,0.0,1.553,1.1591,-0.3939,109.733
76.71,240.0,3.0,0.0,1.553,1.1591,-0.3939,109.668
76.72,240.0,3.0,0.0,1.553,1.1504,-0.4026,109.699
76.73,240.0,3.0,0.0,1.553,1.1416,-0.4114,109.668
76.74,240.0,3.0,0.0,1.553,1.1504,-0.4026,109.619
76.75,240.0,3.0,0.0,1.553,1.1416,-0.4114,109.765
76.76,240.0,3.0,0.0,1.553,1.1504,-0.4026,109.652
76.77,240.0,3.0,0.0,1.553,1.1504,-0.4026,109.698
76.78,240.0,3.0,0.0,1.553,1.1591,-0.3939,109.764
76.79,240.0,3.0,0.0,1.553,1.1416,-0.4114,109.811
76.8,240.0,3.0,0.0,1.553,1.1416,-0.4114,109.667
76.81,240.0,3.0,0.0,1.553,1.1416,-0.4114,109.684
76.82,240.0,3.0,0.0,1.553,1.1504,-0.4026,109.618
76.83,240.0,3.0,0.0,1.553,1.1504,-0.4026,109.846
76.84,240.0,3.0,0.0,1.553,1.1591,-0.3939,109.7
76.85,240.0,3.0,0.0,1.553,1.1504,-0.4026,109.714
76.86,240.0,3.0,0.0,1.553,1.1504,-0.4026,109.685
76.87,240.0,3.0,0.0,1.553,1.1416,-0.4114,109.554
76.88,240.0,3.0,0.0,1.553,1.1416,-0.4114,109.554
76.89,240.0,3.0,0.0,1.553,1.1416,-0.4114,109.78
76.9,240.0,3.0,0.0,1.553,1.1416,-0.4114,109.766
76.91,240.0,3.0,0.0,1.553,1.1416,-0.4114,109.78
76.92,240.0,3.0,0.0,1.553,1.1504,-0.4026,109.522
76.93,240.0,3.0,0.0,1.553,1.1504,-0.4026,109.716
76.94,240.0,3.0,0.0,1.553,1.1416,-0.4114,109.57
76.95,240.0,3.0,0.0,1.553,1.1504,-0.4026,109.716
76.96,240.0,3.0,0.0,1.553,1.1416,-0.4114,109.716
76.97,240.0,3.0,0.0,1.553,1.1416,-0.4114,109.715
76.98,240.0,3.0,0.0,1.553,1.1416,-0.4114,109.635
76.99,240.0,3.0,0.0,1.553,1.1416,-0.4114,109.522
77.0,240.0,3.0,0.0,1.553,1.1416,-0.4114,109.65
77.01,240.0,3.0,0.0,1.553,1.1416,-0.4114,109.732
77.02,240.0,3.0,0.0,1.553,1.1504,-0.4026,109.732
77.03,240.0,3.0,0.0,1.553,1.1504,-0.4026,109.684
77.04,240.0,3.0,0.0,1.553,1.1416,-0.4114,109.748
77.05,240.0,3.0,0.0,1.553,1.1504,-0.4026,109.796
77.06,240.0,3.0,0.0,1.553,1.1416,-0.4114,109.716
77.07,240.0,3.0,0.0,1.553,1.1504,-0.4026,109.65
77.08,240.0,3.0,0.0,1.553,1.1504,-0.4026,109.57
77.09,240.0,3.0,0.0,1.553,1.1504,-0.4026,109.731
77.1,240.0,3.0,0.0,1.553,1.1504,-0.4026,109.684
77.11,240.0,3.0,0.0,1.553,1.1504,-0.4026,109.667
77.12,240.0,3.0,0.0,1.553,1.1591,-0.3939,109.651
77.13,240.0,3.0,0.0,1.553,1.1591,-0.3939,109.765
77.14,240.0,3.0,0.0,1.553,1.1591,-0.3939,109.701
77.15,240.0,3.0,0.0,1.553,1.1591,-0.3939,109.861
77.16,240.0,3.0,0.0,1.553,1.1591,-0.3939,109.717
77.17,240.0,3.0,0.0,1.553,1.1504,-0.4026,109.554
77.18,240.0,3.0,0.0,1.553,1.1504,-0.4026,109.716
77.19,240.0,3.0,0.0,1.553,1.1416,-0.4114,109.764
77.2,240.0,3.0,0.0,1.553,1.1504,-0.4026,109.765
77.21,240.0,3.0,0.0,1.553,1.1504,-0.4026,109.828
77.22,240.0,3.0,0.0,1.553,1.1504,-0.4026,109.684
77.23,240.0,3.0,0.0,1.553,1.1504,-0.4026,109.732
77.24,240.0,3.0,0.0,1.553,1.1504,-0.4026,109.828
77.25,240.0,3.0,0.0,1.553,1.1416,-0.4114,109.652
77.26,240.0,3.0,0.0,1.553,1.1416,-0.4114,109.715
77.27,240.0,3.0,0.0,1.553,1.1416,-0.4114,109.652
77.28,240.0,3.0,0.0,1.553,1.1416,-0.4114,109.829
77.29,240.0,3.0,0.0,1.553,1.1416,-0.4114,109.669
77.3,240.0,3.0,0.0,1.553,1.1416,-0.4114,109.748
77.31,240.0,3.0,0.0,1.553,1.1416,-0.4114,109.829
77.32,240.0,3.0,0.0,1.553,1.1416,-0.4114,109.701
77.33,240.0,3.0,0.0,1.553,1.1416,-0.4114,109.7
77.34,240.0,3.0,0.0,1.553,1.1416,-0.4114,109.65
77.35,240.0,3.0,0.0,1.553,1.1416,-0.4114,109.602
77.36,240.0,3.0,0.0,1.553,1.1416,-0.4114,109.781
77.37,240.0,3.0,0.0,1.553,1.1416,-0.4114,109.684
77.38,240.0,3.0,0.0,1.553,1.1416,-0.4114,109.78
77.39,240.0,3.0,0.0,1.553,1.1504,-0.4026,109.652
77.4,240.0,3.0,0.0,1.553,1.1416,-0.4114,109.587
77.41,240.0,3.0,0.0,1.553,1.1416,-0.4114,109.732
77.42,240.0,3.0,0.0,1.553,1.1416,-0.4114,109.683
77.43,240.0,3.0,0.0,1.553,1.1504,-0.4026,109.78
77.44,240.0,3.0,0.0,1.553,1.1504,-0.4026,109.766
77.45,240.0,3.0,0.0,1.553,1.1416,-0.4114,109.7
77.46,240.0,3.0,0.0,1.553,1.1328,-0.4202,109.652
77.47,240.0,3.0,0.0,1.553,1.1416,-0.4114,109.538
77.48,240.0,3.0,0.0,1.553,1.1504,-0.4026,109.763
77.49,240.0,3.0,0.0,1.553,1.1416,-0.4114,109.603
77.5,240.0,3.0,0.0,1.553,1.1416,-0.4114,109.748
77.51,240.0,3.0,0.0,1.553,1.1416,-0.4114,109.78
77.52,240.0,3.0,0.0,1.553,1.1416,-0.4114,109.684
77.53,240.0,3.0,0.0,1.553,1.1416,-0.4114,109.684
77.54,240.0,3.0,0.0,1.553,1.1416,-0.4114,109.652
77.55,240.0,3.0,0.0,1.553,1.1416,-0.4114,109.78
77.56,240.0,3.0,0.0,1.553,1.1416,-0.4114,109.797
77.57,240.0,3.0,0.0,1.553,1.1416,-0.4114,109.699
77.58,240.0,3.0,0.0,1.553,1.1328,-0.4202,109.715
77.59,240.0,3.0,0.0,1.553,1.1416,-0.4114,109.7
77.6,240.0,3.0,0.0,1.553,1.1416,-0.4114,109.635
77.61,240.0,3.0,0.0,1.553,1.1328,-0.4202,109.698
77.62,240.0,3.0,0.0,1.553,1.1416,-0.4114,109.635
77.63,240.0,3.0,0.0,1.553,1.1416,-0.4114,109.764
77.64,240.0,3.0,0.0,1.553,1.1416,-0.4114,109.683
77.65,240.0,3.0,0.0,1.553,1.1416,-0.4114,109.764
77.66,240.0,3.0,0.0,1.553,1.1416,-0.4114,109.684
77.67,240.0,3.0,0.0,1.553,1.1504,-0.4026,109.844
77.68,240.0,3.0,0.0,1.553,1.1504,-0.4026,109.845
77.69,240.0,3.0,0.0,1.553,1.1416,-0.4114,109.716
77.7,240.0,3.0,0.0,1.553,1.1504,-0.4026,109.652
77.71,240.0,3.0,0.0,1.553,1.1328,-0.4202,109.619
77.72,240.0,3.0,0.0,1.553,1.1416,-0.4114,109.619
77.73,240.0,3.0,0.0,1.553,1.1416,-0.4114,109.812
77.74,240.0,3.0,0.0,1.553,1.1416,-0.4114,109.684
77.75,240.0,3.0,0.0,1.553,1.1416,-0.4114,109.732
77.76,240.0,3.0,0.0,1.553,1.1416,-0.4114,109.636
77.77,240.0,3.0,0.0,1.553,1.1416,-0.4114,109.683
77.78,240.0,3.0,0.0,1.553,1.1416,-0.4114,109.779
77.79,240.0,3.0,0.0,1.553,1.1416,-0.4114,109.716
77.8,240.0,3.0,0.0,1.553,1.1416,-0.4114,109.701
77.81,240.0,3.0,0.0,1.553,1.1416,-0.4114,109.763
77.82,240.0,3.0,0.0,1.553,1.1416,-0.4114,109.586
77.83,240.0,3.0,0.0,1.553,1.1416,-0.4114,109.602
77.84,240.0,3.0,0.0,1.553,1.1416,-0.4114,109.699
77.85,240.0,3.0,0.0,1.553,1.1504,-0.4026,109.699
77.86,240.0,3.0,0.0,1.553,1.1416,-0.4114,109.684
77.87,240.0,3.0,0.0,1.553,1.1504,-0.4026,109.603
77.88,240.0,3.0,0.0,1.553,1.1416,-0.4114,109.813
77.89,240.0,3.0,0.0,1.553,1.1416,-0.4114,109.635
77.9,240.0,3.0,0.0,1.553,1.1416,-0.4114,109.65
77.91,240.0,3.0,0.0,1.553,1.1328,-0.4202,109.716
77.92,240.0,3.0,0.0,1.553,1.1416,-0.4114,109.668
77.93,240.0,3.0,0.0,1.553,1.1416,-0.4114,109.893
77.94,240.0,3.0,0.0,1.553,1.1416,-0.4114,109.797
77.95,240.0,3.0,0.0,1.553,1.1416,-0.4114,109.796
77.96,240.0,3.0,0.0,1.553,1.1416,-0.4114,109.684
77.97,240.0,3.0,0.0,1.553,1.1416,-0.4114,109.669
77.98,240.0,3.0,0.0,1.553,1.1416,-0.4114,109.732
77.99,240.0,3.0,0.0,1.553,1.1416,-0.4114,109.781
78.0,240.0,3.0,0.0,1.553,1.1504,-0.4026,109.587
78.01,240.0,3.0,0.0,1.553,1.1416,-0.4114,109.732
78.02,240.0,3.0,0.0,1.553,1.1328,-0.4202,109.748
78.03,240.0,3.0,0.0,1.553,1.1328,-0.4202,109.732
78.04,240.0,3.0,0.0,1.553,1.1416,-0.4114,109.876
78.05,240.0,3.0,0.0,1.553,1.1504,-0.4026,109.749
78.06,240.0,3.0,0.0,1.553,1.1416,-0.4114,109.765
78.07,240.0,3.0,0.0,1.553,1.1416,-0.4114,109.651
78.08,240.0,3.0,0.0,1.553,1.1416,-0.4114,109.651
78.09,240.0,3.0,0.0,1.553,1.1328,-0.4202,109.731
78.1,240.0,3.0,0.0,1.553,1.1328,-0.4202,109.684
78.11,240.0,3.0,0.0,1.553,1.1504,-0.4026,109.684
78.12,240.0,3.0,0.0,1.553,1.1416,-0.4114,109.635
78.13,240.0,3.0,0.0,1.553,1.1504,-0.4026,109.747
78.14,240.0,3.0,0.0,1.553,1.1504,-0.4026,109.636
78.15,240.0,3.0,0.0,1.553,1.1416,-0.4114,109.586
78.16,240.0,3.0,0.0,1.553,1.1416,-0.4114,109.78
78.17,240.0,3.0,0.0,1.553,1.1416,-0.4114,109.667
78.18,240.0,3.0,0.0,1.553,1.1416,-0.4114,109.748
78.19,240.0,3.0,0.0,1.553,1.1416,-0.4114,109.7
78.2,240.0,3.0,0.0,1.553,1.1416,-0.4114,109.652
78.21,240.0,3.0,0.0,1.553,1.1328,-0.4202,109.683
78.22,240.0,3.0,0.0,1.553,1.1328,-0.4202,109.619
78.23,240.0,3.0,0.0,1.553,1.1328,-0.4202,109.732
78.24,240.0,3.0,0.0,1.553,1.1416,-0.4114,109.748
78.25,240.0,3.0,0.0,1.553,1.1504,-0.4026,109.636
78.26,240.0,3.0,0.0,1.553,1.1416,-0.4114,109.763
78.27,240.0,3.0,0.0,1.553,1.1416,-0.4114,109.635
78.28,240.0,3.0,0.0,1.553,1.1416,-0.4114,109.618
78.29,240.0,3.0,0.0,1.553,1.1328,-0.4202,109.699
78.3,240.0,3.0,0.0,1.553,1.1328,-0.4202,109.7
78.31,240.0,3.0,0.0,1.553,1.1416,-0.4114,109.652
78.32,240.0,3.0,0.0,1.553,1.1328,-0.4202,109.57
78.33,240.0,3.0,0.0,1.553,1.1328,-0.4202,109.682
78.34,240.0,3.0,0.0,1.553,1.1328,-0.4202,109.843
78.35,240.0,3.0,0.0,1.553,1.1328,-0.4202,109.716
78.36,240.0,3.0,0.0,1.553,1.1241,-0.4289,109.812
78.37,240.0,3.0,0.0,1.553,1.1328,-0.4202,109.652
78.38,240.0,3.0,0.0,1.553,1.1328,-0.4202,109.57
78.39,240.0,3.0,0.0,1.553,1.1328,-0.4202,109.585
78.4,240.0,3.0,0.0,1.553,1.1328,-0.4202,109.634
78.41,240.0,3.0,0.0,1.553,1.1416,-0.4114,109.683
78.42,240.0,3.0,0.0,1.553,1.1416,-0.4114,109.668
78.43,240.0,3.0,0.0,1.553,1.1416,-0.4114,109.635
78.44,240.0,3.0,0.0,1.553,1.1416,-0.4114,109.666
78.45,240.0,3.0,0.0,1.553,1.1416,-0.4114,109.651
78.46,240.0,3.0,0.0,1.553,1.1416,-0.4114,109.746
78.47,240.0,3.0,0.0,1.553,1.1416,-0.4114,109.522
78.48,240.0,3.0,0.0,1.553,1.1328,-0.4202,109.619
78.49,240.0,3.0,0.0,1.553,1.1416,-0.4114,109.665
78.5,240.0,3.0,0.0,1.553,1.1416,-0.4114,109.716
78.51,240.0,3.0,0.0,1.553,1.1416,-0.4114,109.618
78.52,240.0,3.0,0.0,1.553,1.1416,-0.4114,109.586
78.53,240.0,3.0,0.0,1.553,1.1416,-0.4114,109.828
78.54,240.0,3.0,0.0,1.553,1.1416,-0.4114,109.732
78.55,240.0,3.0,0.0,1.553,1.1504,-0.4026,109.748
78.56,240.0,3.0,0.0,1.553,1.1504,-0.4026,109.7
78.57,240.0,3.0,0.0,1.553,1.1416,-0.4114,109.668
78.58,240.0,3.0,0.0,1.553,1.1416,-0.4114,109.732
78.59,240.0,3.0,0.0,1.553,1.1328,-0.4202,109.732
78.6,240.0,3.0,0.0,1.553,1.1416,-0.4114,109.716
78.61,240.0,3.0,0.0,1.553,1.1328,-0.4202,109.732
78.62,240.0,3.0,0.0,1.553,1.1416,-0.4114,109.7
78.63,240.0,3.0,0.0,1.553,1.1328,-0.4202,109.683
78.64,240.0,3.0,0.0,1.553,1.1328,-0.4202,109.538
78.65,240.0,3.0,0.0,1.553,1.1328,-0.4202,109.699
78.66,240.0,3.0,0.0,1.553,1.1416,-0.4114,109.828
78.67,240.0,3.0,0.0,1.553,1.1416,-0.4114,109.7
78.68,240.0,3.0,0.0,1.553,1.1416,-0.4114,109.748
78.69,240.0,3.0,0.0,1.553,1.1416,-0.4114,109.716
78.7,240.0,3.0,0.0,1.553,1.1416,-0.4114,109.747
78.71,240.0,3.0,0.0,1.553,1.1416,-0.4114,109.635
78.72,240.0,3.0,0.0,1.553,1.1416,-0.4114,109.748
78.73,240.0,3.0,0.0,1.553,1.1416,-0.4114,109.732
78.74,240.0,3.0,0.0,1.553,1.1416,-0.4114,109.763
78.75,240.0,3.0,0.0,1.553,1.1504,-0.4026,109.733
78.76,240.0,3.0,0.0,1.553,1.1416,-0.4114,109.732
78.77,240.0,3.0,0.0,1.553,1.1416,-0.4114,109.716
78.78,240.0,3.0,0.0,1.553,1.1416,-0.4114,109.652
78.79,240.0,3.0,0.0,1.553,1.1328,-0.4202,109.7
78.8,240.0,3.0,0.0,1.553,1.1328,-0.4202,109.731
78.81,240.0,3.0,0.0,1.553,1.1328,-0.4202,109.893
78.82,240.0,3.0,0.0,1.553,1.1328,-0.4202,109.715
78.83,240.0,3.0,0.0,1.553,1.1328,-0.4202,109.747
78.84,240.0,3.0,0.0,1.553,1.1328,-0.4202,109.667
78.85,240.0,3.0,0.0,1.553,1.1328,-0.4202,109.618
78.86,240.0,3.0,0.0,1.553,1.1328,-0.4202,109.716
78.87,240.0,3.0,0.0,1.553,1.1416,-0.4114,109.7
78.88,240.0,3.0,0.0,1.553,1.1328,-0.4202,109.764
78.89,240.0,3.0,0.0,1.553,1.1328,-0.4202,109.765
78.9,240.0,3.0,0.0,1.553,1.1241,-0.4289,109.684
78.91,240.0,3.0,0.0,1.553,1.1328,-0.4202,109.732
78.92,240.0,3.0,0.0,1.553,1.1241,-0.4289,109.764
78.93,240.0,3.0,0.0,1.553,1.1328,-0.4202,109.732
78.94,240.0,3.0,0.0,1.553,1.1328,-0.4202,109.747
78.95,240.0,3.0,0.0,1.553,1.1241,-0.4289,109.748
78.96,240.0,3.0,0.0,1.553,1.1241,-0.4289,109.717
78.97,240.0,3.0,0.0,1.553,1.1241,-0.4289,109.603
78.98,240.0,3.0,0.0,1.553,1.1241,-0.4289,109.78
78.99,240.0,3.0,0.0,1.553,1.1241,-0.4289,109.587
79.0,240.0,3.0,0.0,1.553,1.1328,-0.4202,109.731
79.01,240.0,3.0,0.0,1.553,1.1241,-0.4289,109.684
79.02,240.0,3.0,0.0,1.553,1.1328,-0.4202,109.732
79.03,240.0,3.0,0.0,1.553,1.1241,-0.4289,109.732
79.04,240.0,3.0,0.0,1.553,1.1241,-0.4289,109.716
79.05,240.0,3.0,0.0,1.553,1.1328,-0.4202,109.746
79.06,240.0,3.0,0.0,1.553,1.1328,-0.4202,109.811
79.07,240.0,3.0,0.0,1.553,1.1328,-0.4202,109.797
79.08,240.0,3.0,0.0,1.553,1.1416,-0.4114,109.749
79.09,240.0,3.0,0.0,1.553,1.1416,-0.4114,109.635
79.1,240.0,3.0,0.0,1.553,1.1416,-0.4114,109.505
79.11,240.0,3.0,0.0,1.553,1.1416,-0.4114,109.651
79.12,240.0,3.0,0.0,1.553,1.1416,-0.4114,109.587
79.13,240.0,3.0,0.0,1.553,1.1416,-0.4114,109.698
79.14,240.0,3.0,0.0,1.553,1.1328,-0.4202,109.682
79.15,240.0,3.0,0.0,1.553,1.1416,-0.4114,109.714
79.16,240.0,3.0,0.0,1.553,1.1416,-0.4114,109.732
79.17,240.0,3.0,0.0,1.553,1.1416,-0.4114,109.668
79.18,240.0,3.0,0.0,1.553,1.1504,-0.4026,109.731
79.19,240.0,3.0,0.0,1.553,1.1504,-0.4026,109.603
79.2,240.0,3.0,0.0,1.553,1.1416,-0.4114,109.619
79.21,240.0,3.0,0.0,1.553,1.1416,-0.4114,109.796
79.22,240.0,3.0,0.0,1.553,1.1504,-0.4026,109.669
79.23,240.0,3.0,0.0,1.553,1.1504,-0.4026,109.698
79.24,240.0,3.0,0.0,1.553,1.1504,-0.4026,109.667
79.25,240.0,3.0,0.0,1.553,1.1416,-0.4114,109.731
79.26,240.0,3.0,0.0,1.553,1.1416,-0.4114,109.795
79.27,240.0,3.0,0.0,1.553,1.1416,-0.4114,109.684
79.28,240.0,3.0,0.0,1.553,1.1416,-0.4114,109.812
79.29,240.0,3.0,0.0,1.553,1.1504,-0.4026,109.749
79.3,240.0,3.0,0.0,1.553,1.1591,-0.3939,109.7
79.31,240.0,3.0,0.0,1.553,1.1504,-0.4026,109.684
79.32,240.0,3.0,0.0,1.553,1.1591,-0.3939,109.683
79.33,240.0,3.0,0.0,1.553,1.1416,-0.4114,109.668
79.34,240.0,3.0,0.0,1.553,1.1416,-0.4114,109.731
79.35,240.0,3.0,0.0,1.553,1.1416,-0.4114,109.747
79.36,240.0,3.0,0.0,1.553,1.1416,-0.4114,109.652
79.37,240.0,3.0,0.0,1.553,1.1416,-0.4114,109.716
79.38,240.0,3.0,0.0,1.553,1.1504,-0.4026,109.669
79.39,240.0,3.0,0.0,1.553,1.1504,-0.4026,109.618
79.4,240.0,3.0,0.0,1.553,1.1504,-0.4026,109.602
79.41,240.0,3.0,0.0,1.553,1.1504,-0.4026,109.699
79.42,240.0,3.0,0.0,1.553,1.1504,-0.4026,109.587
79.43,240.0,3.0,0.0,1.553,1.1504,-0.4026,109.634
79.44,240.0,3.0,0.0,1.553,1.1504,-0.4026,109.65
79.45,240.0,3.0,0.0,1.553,1.1504,-0.4026,109.522
79.46,240.0,3.0,0.0,1.553,1.1416,-0.4114,109.845
79.47,240.0,3.0,0.0,1.553,1.1504,-0.4026,109.698
79.48,240.0,3.0,0.0,1.553,1.1416,-0.4114,109.57
79.49,240.0,3.0,0.0,1.553,1.1416,-0.4114,109.619
79.5,240.0,3.0,0.0,1.553,1.1416,-0.4114,109.682
79.51,240.0,3.0,0.0,1.553,1.1416,-0.4114,109.651
79.52,240.0,3.0,0.0,1.553,1.1504,-0.4026,109.603
79.53,240.0,3.0,0.0,1.553,1.1416,-0.4114,109.843
79.54,240.0,3.0,0.0,1.553,1.1416,-0.4114,109.618
79.55,240.0,3.0,0.0,1.553,1.1416,-0.4114,109.603
79.56,240.0,3.0,0.0,1.553,1.1504,-0.4026,109.731
79.57,240.0,3.0,0.0,1.553,1.1328,-0.4202,109.732
79.58,240.0,3.0,0.0,1.553,1.1328,-0.4202,109.652
79.59,240.0,3.0,0.0,1.553,1.1328,-0.4202,109.635
79.6,240.0,3.0,0.0,1.553,1.1328,-0.4202,109.682
79.61,240.0,3.0,0.0,1.553,1.1328,-0.4202,109.602
79.62,240.0,3.0,0.0,1.553,1.1241,-0.4289,109.587
79.63,240.0,3.0,0.0,1.553,1.1328,-0.4202,109.781
79.64,240.0,3.0,0.0,1.553,1.1241,-0.4289,109.619
79.65,240.0,3.0,0.0,1.553,1.1241,-0.4289,109.732
79.66,240.0,3.0,0.0,1.553,1.1241,-0.4289,109.603
79.67,240.0,3.0,0.0,1.553,1.1241,-0.4289,109.763
79.68,240.0,3.0,0.0,1.553,1.1241,-0.4289,109.733
79.69,240.0,3.0,0.0,1.553,1.1328,-0.4202,109.619
79.7,240.0,3.0,0.0,1.553,1.1328,-0.4202,109.715
79.71,240.0,3.0,0.0,1.553,1.1328,-0.4202,109.716
79.72,240.0,3.0,0.0,1.553,1.1328,-0.4202,109.489
79.73,240.0,3.0,0.0,1.553,1.1416,-0.4114,109.618
79.74,240.0,3.0,0.0,1.553,1.1416,-0.4114,109.796
79.75,240.0,3.0,0.0,1.553,1.1416,-0.4114,109.701
79.76,240.0,3.0,0.0,1.553,1.1416,-0.4114,109.748
79.77,240.0,3.0,0.0,1.553,1.1504,-0.4026,109.634
79.78,240.0,3.0,0.0,1.553,1.1416,-0.4114,109.65
79.79,240.0,3.0,0.0,1.553,1.1416,-0.4114,109.747
79.8,240.0,3.0,0.0,1.553,1.1591,-0.3939,109.764
79.81,240.0,3.0,0.0,1.553,1.1591,-0.3939,109.701
79.82,240.0,3.0,0.0,1.553,1.1591,-0.3939,109.652
79.83,240.0,3.0,0.0,1.553,1.1591,-0.3939,109.763
79.84,240.0,3.0,0.0,1.553,1.1504,-0.4026,109.699
79.85,240.0,3.0,0.0,1.553,1.1591,-0.3939,109.698
79.86,240.0,3.0,0.0,1.553,1.1504,-0.4026,109.683
79.87,240.0,3.0,0.0,1.553,1.1591,-0.3939,109.62
79.88,240.0,3.0,0.0,1.553,1.1416,-0.4114,109.699
79.89,240.0,3.0,0.0,1.553,1.1504,-0.4026,109.716
79.9,240.0,3.0,0.0,1.553,1.1416,-0.4114,109.473
79.91,240.0,3.0,0.0,1.553,1.1416,-0.4114,109.683
79.92,240.0,3.0,0.0,1.553,1.1416,-0.4114,109.699
79.93,240.0,3.0,0.0,1.553,1.1328,-0.4202,109.715
79.94,240.0,3.0,0.0,1.553,1.1241,-0.4289,109.716
79.95,240.0,3.0,0.0,1.553,1.1328,-0.4202,109.7
79.96,240.0,3.0,0.0,1.553,1.1241,-0.4289,109.652
79.97,240.0,3.0,0.0,1.553,1.1241,-0.4289,109.554
79.98,240.0,3.0,0.0,1.553,1.1241,-0.4289,109.651
79.99,240.0,3.0,0.0,1.553,1.1241,-0.4289,109.732
80.0,240.0,3.0,0.0,1.553,1.1241,-0.4289,109.763
80.01,240.0,3.0,0.0,1.553,1.1328,-0.4202,109.812
80.02,240.0,3.0,0.0,1.553,1.1241,-0.4289,109.571
80.03,240.0,3.0,0.0,1.553,1.1241,-0.4289,109.666
80.04,240.0,3.0,0.0,1.553,1.1241,-0.4289,109.715
80.05,240.0,3.0,0.0,1.553,1.1241,-0.4289,109.619
80.06,240.0,3.0,0.0,1.553,1.1328,-0.4202,109.86
80.07,240.0,3.0,0.0,1.553,1.1328,-0.4202,109.49
80.08,240.0,3.0,0.0,1.553,1.1416,-0.4114,109.553
80.09,240.0,3.0,0.0,1.553,1.1328,-0.4202,109.65
80.1,240.0,3.0,0.0,1.553,1.1328,-0.4202,109.716
80.11,240.0,3.0,0.0,1.553,1.1328,-0.4202,109.78
80.12,240.0,3.0,0.0,1.553,1.1416,-0.4114,109.716
80.13,240.0,3.0,0.0,1.553,1.1328,-0.4202,109.779
80.14,240.0,3.0,0.0,1.553,1.1328,-0.4202,109.828
80.15,240.0,3.0,0.0,1.553,1.1328,-0.4202,109.668
80.16,240.0,3.0,0.0,1.553,1.1328,-0.4202,109.521
80.17,240.0,3.0,0.0,1.553,1.1416,-0.4114,109.764
80.18,240.0,3.0,0.0,1.553,1.1416,-0.4114,109.765
80.19,240.0,3.0,0.0,1.553,1.1416,-0.4114,109.65
80.2,240.0,3.0,0.0,1.553,1.1416,-0.4114,109.521
80.21,240.0,3.0,0.0,1.553,1.1504,-0.4026,109.65
80.22,240.0,3.0,0.0,1.553,1.1416,-0.4114,109.651
80.23,240.0,3.0,0.0,1.553,1.1328,-0.4202,109.796
80.24,240.0,3.0,0.0,1.553,1.1328,-0.4202,109.539
80.25,240.0,3.0,0.0,1.553,1.1416,-0.4114,109.716
80.26,240.0,3.0,0.0,1.553,1.1416,-0.4114,109.844
80.27,240.0,3.0,0.0,1.553,1.1504,-0.4026,109.636
80.28,240.0,3.0,0.0,1.553,1.1416,-0.4114,109.649
80.29,240.0,3.0,0.0,1.553,1.1416,-0.4114,109.619
80.3,240.0,3.0,0.0,1.553,1.1416,-0.4114,109.603
80.31,240.0,3.0,0.0,1.553,1.1416,-0.4114,109.78
80.32,240.0,3.0,0.0,1.553,1.1416,-0.4114,109.553
80.33,240.0,3.0,0.0,1.553,1.1416,-0.4114,109.698
80.34,240.0,3.0,0.0,1.553,1.1416,-0.4114,109.619
80.35,240.0,3.0,0.0,1.553,1.1416,-0.4114,109.537
80.36,240.0,3.0,0.0,1.553,1.1416,-0.4114,109.683
80.37,240.0,3.0,0.0,1.553,1.1504,-0.4026,109.652
80.38,240.0,3.0,0.0,1.553,1.1416,-0.4114,109.829
80.39,240.0,3.0,0.0,1.553,1.1416,-0.4114,109.683
80.4,240.0,3.0,0.0,1.553,1.1416,-0.4114,109.521
80.41,240.0,3.0,0.0,1.553,1.1504,-0.4026,109.73
80.42,240.0,3.0,0.0,1.553,1.1416,-0.4114,109.701
80.43,240.0,3.0,0.0,1.553,1.1416,-0.4114,109.748
80.44,240.0,3.0,0.0,1.553,1.1504,-0.4026,109.684
80.45,240.0,3.0,0.0,1.553,1.1416,-0.4114,109.683
80.46,240.0,3.0,0.0,1.553,1.1416,-0.4114,109.651
80.47,240.0,3.0,0.0,1.553,1.1416,-0.4114,109.62
80.48,240.0,3.0,0.0,1.553,1.1416,-0.4114,109.7
80.49,240.0,3.0,0.0,1.553,1.1416,-0.4114,109.635
80.5,240.0,3.0,0.0,1.553,1.1416,-0.4114,109.65
80.51,240.0,3.0,0.0,1.553,1.1328,-0.4202,109.699
80.52,240.0,3.0,0.0,1.553,1.1328,-0.4202,109.651
80.53,240.0,3.0,0.0,1.553,1.1328,-0.4202,109.763
80.54,240.0,3.0,0.0,1.553,1.1328,-0.4202,109.684
80.55,240.0,3.0,0.0,1.553,1.1328,-0.4202,109.652
80.56,240.0,3.0,0.0,1.553,1.1328,-0.4202,109.716
80.57,240.0,3.0,0.0,1.553,1.1328,-0.4202,109.57
80.58,240.0,3.0,0.0,1.553,1.1241,-0.4289,109.649
80.59,240.0,3.0,0.0,1.553,1.1328,-0.4202,109.699
80.6,240.0,3.0,0.0,1.553,1.1328,-0.4202,109.794
80.61,240.0,3.0,0.0,1.553,1.1328,-0.4202,109.7
80.62,240.0,3.0,0.0,1.553,1.1328,-0.4202,109.685
80.63,240.0,3.0,0.0,1.553,1.1328,-0.4202,109.748
80.64,240.0,3.0,0.0,1.553,1.1328,-0.4202,109.651
80.65,240.0,3.0,0.0,1.553,1.1328,-0.4202,109.587
80.66,240.0,3.0,0.0,1.553,1.1328,-0.4202,109.649
80.67,240.0,3.0,0.0,1.553,1.1328,-0.4202,109.571
80.68,240.0,3.0,0.0,1.553,1.1328,-0.4202,109.813
80.69,240.0,3.0,0.0,1.553,1.1416,-0.4114,109.636
80.7,240.0,3.0,0.0,1.553,1.1328,-0.4202,109.748
80.71,240.0,3.0,0.0,1.553,1.1504,-0.4026,109.732
80.72,240.0,3.0,0.0,1.553,1.1504,-0.4026,109.587
80.73,240.0,3.0,0.0,1.553,1.1328,-0.4202,109.715
80.74,240.0,3.0,0.0,1.553,1.1416,-0.4114,109.668
80.75,240.0,3.0,0.0,1.553,1.1504,-0.4026,109.667
80.76,240.0,3.0,0.0,1.553,1.1504,-0.4026,109.634
80.77,240.0,3.0,0.0,1.553,1.1416,-0.4114,109.716
80.78,240.0,3.0,0.0,1.553,1.1416,-0.4114,109.762
80.79,240.0,3.0,0.0,1.553,1.1416,-0.4114,109.7
80.8,240.0,3.0,0.0,1.553,1.1416,-0.4114,109.7
80.81,240.0,3.0,0.0,1.553,1.1416,-0.4114,109.78
80.82,240.0,3.0,0.0,1.553,1.1504,-0.4026,109.522
80.83,240.0,3.0,0.0,1.553,1.1416,-0.4114,109.617
80.84,240.0,3.0,0.0,1.553,1.1416,-0.4114,109.649
80.85,240.0,3.0,0.0,1.553,1.1416,-0.4114,109.731
80.86,240.0,3.0,0.0,1.553,1.1416,-0.4114,109.684
80.87,240.0,3.0,0.0,1.553,1.1416,-0.4114,109.603
80.88,240.0,3.0,0.0,1.553,1.1416,-0.4114,109.7
80.89,240.0,3.0,0.0,1.553,1.1416,-0.4114,109.683
80.9,240.0,3.0,0.0,1.553,1.1416,-0.4114,109.539
80.91,240.0,3.0,0.0,1.553,1.1416,-0.4114,109.682
80.92,240.0,3.0,0.0,1.553,1.1416,-0.4114,109.635
80.93,240.0,3.0,0.0,1.553,1.1416,-0.4114,109.78
80.94,240.0,3.0,0.0,1.553,1.1416,-0.4114,109.78
80.95,240.0,3.0,0.0,1.553,1.1416,-0.4114,109.619
80.96,240.0,3.0,0.0,1.553,1.1416,-0.4114,109.699
80.97,240.0,3.0,0.0,1.553,1.1504,-0.4026,109.57
80.98,240.0,3.0,0.0,1.553,1.1416,-0.4114,109.78
80.99,240.0,3.0,0.0,1.553,1.1416,-0.4114,109.683
81.0,240.0,3.0,0.0,1.553,1.1416,-0.4114,109.699
81.01,240.0,3.0,0.0,1.553,1.1416,-0.4114,109.748
81.02,240.0,3.0,0.0,1.553,1.1416,-0.4114,109.571
81.03,240.0,3.0,0.0,1.553,1.1416,-0.4114,109.634
81.04,240.0,3.0,0.0,1.553,1.1416,-0.4114,109.812
81.05,240.0,3.0,0.0,1.553,1.1416,-0.4114,109.537
81.06,240.0,3.0,0.0,1.553,1.1416,-0.4114,109.732
81.07,240.0,3.0,0.0,1.553,1.1416,-0.4114,109.619
81.08,240.0,3.0,0.0,1.553,1.1416,-0.4114,109.44
81.09,240.0,3.0,0.0,1.553,1.1416,-0.4114,109.779
81.1,240.0,3.0,0.0,1.553,1.1416,-0.4114,109.684
81.11,240.0,3.0,0.0,1.553,1.1328,-0.4202,109.844
81.12,240.0,3.0,0.0,1.553,1.1328,-0.4202,109.652
81.13,240.0,3.0,0.0,1.553,1.1416,-0.4114,109.619
81.14,240.0,3.0,0.0,1.553,1.1416,-0.4114,109.554
81.15,240.0,3.0,0.0,1.553,1.1328,-0.4202,109.715
81.16,240.0,3.0,0.0,1.553,1.1328,-0.4202,109.716
81.17,240.0,3.0,0.0,1.553,1.1328,-0.4202,109.57
81.18,240.0,3.0,0.0,1.553,1.1416,-0.4114,109.618
81.19,240.0,3.0,0.0,1.553,1.1328,-0.4202,109.699
81.2,240.0,3.0,0.0,1.553,1.1328,-0.4202,109.62
81.21,240.0,3.0,0.0,1.553,1.1328,-0.4202,109.845
81.22,240.0,3.0,0.0,1.553,1.1416,-0.4114,109.635
81.23,240.0,3.0,0.0,1.553,1.1416,-0.4114,109.699
81.24,240.0,3.0,0.0,1.553,1.1416,-0.4114,109.683
81.25,240.0,3.0,0.0,1.553,1.1416,-0.4114,109.505
81.26,240.0,3.0,0.0,1.553,1.1416,-0.4114,109.731
81.27,240.0,3.0,0.0,1.553,1.1416,-0.4114,109.57
81.28,240.0,3.0,0.0,1.553,1.1416,-0.4114,109.554
81.29,240.0,3.0,0.0,1.553,1.1416,-0.4114,109.683
81.3,240.0,3.0,0.0,1.553,1.1416,-0.4114,109.505
81.31,240.0,3.0,0.0,1.553,1.1504,-0.4026,109.714
81.32,240.0,3.0,0.0,1.553,1.1504,-0.4026,109.666
81.33,240.0,3.0,0.0,1.553,1.1504,-0.4026,109.763
81.34,240.0,3.0,0.0,1.553,1.1416,-0.4114,109.635
81.35,240.0,3.0,0.0,1.553,1.1504,-0.4026,109.666
81.36,240.0,3.0,0.0,1.553,1.1416,-0.4114,109.506
81.37,240.0,3.0,0.0,1.553,1.1504,-0.4026,109.649
81.38,240.0,3.0,0.0,1.553,1.1504,-0.4026,109.683
81.39,240.0,3.0,0.0,1.553,1.1504,-0.4026,109.747
81.4,240.0,3.0,0.0,1.553,1.1416,-0.4114,109.78
81.41,240.0,3.0,0.0,1.553,1.1504,-0.4026,109.733
81.42,240.0,3.0,0.0,1.553,1.1504,-0.4026,109.521
81.43,240.0,3.0,0.0,1.553,1.1416,-0.4114,109.569
81.44,240.0,3.0,0.0,1.553,1.1504,-0.4026,109.715
81.45,240.0,3.0,0.0,1.553,1.1328,-0.4202,109.651
81.46,240.0,3.0,0.0,1.553,1.1504,-0.4026,109.699
81.47,240.0,3.0,0.0,1.553,1.1504,-0.4026,109.57
81.48,240.0,3.0,0.0,1.553,1.1416,-0.4114,109.65
81.49,240.0,3.0,0.0,1.553,1.1416,-0.4114,109.763
81.5,240.0,3.0,0.0,1.553,1.1416,-0.4114,109.489
81.51,240.0,3.0,0.0,1.553,1.1416,-0.4114,109.601
81.52,240.0,3.0,0.0,1.553,1.1416,-0.4114,109.635
81.53,240.0,3.0,0.0,1.553,1.1416,-0.4114,109.506
81.54,240.0,3.0,0.0,1.553,1.1328,-0.4202,109.651
81.55,240.0,3.0,0.0,1.553,1.1504,-0.4026,109.505
81.56,240.0,3.0,0.0,1.553,1.1328,-0.4202,109.7
81.57,240.0,3.0,0.0,1.553,1.1328,-0.4202,109.602
81.58,240.0,3.0,0.0,1.553,1.1416,-0.4114,109.505
81.59,240.0,3.0,0.0,1.553,1.1328,-0.4202,109.553
81.6,240.0,3.0,0.0,1.553,1.1416,-0.4114,109.539
81.61,240.0,3.0,0.0,1.553,1.1416,-0.4114,109.618
81.62,240.0,3.0,0.0,1.553,1.1416,-0.4114,109.57
81.63,240.0,3.0,0.0,1.553,1.1504,-0.4026,109.57
81.64,240.0,3.0,0.0,1.553,1.1416,-0.4114,109.747
81.65,240.0,3.0,0.0,1.553,1.1504,-0.4026,109.587
81.66,240.0,3.0,0.0,1.553,1.1416,-0.4114,109.731
81.67,240.0,3.0,0.0,1.553,1.1416,-0.4114,109.651
81.68,240.0,3.0,0.0,1.553,1.1504,-0.4026,109.571
81.69,240.0,3.0,0.0,1.553,1.1416,-0.4114,109.474
81.7,240.0,3.0,0.0,1.553,1.1504,-0.4026,109.617
81.71,240.0,3.0,0.0,1.553,1.1416,-0.4114,109.635
81.72,240.0,3.0,0.0,1.553,1.1416,-0.4114,109.505
81.73,240.0,3.0,0.0,1.553,1.1416,-0.4114,109.57
81.74,240.0,3.0,0.0,1.553,1.1416,-0.4114,109.601
81.75,240.0,3.0,0.0,1.553,1.1416,-0.4114,109.522
81.76,240.0,3.0,0.0,1.553,1.1416,-0.4114,109.747
81.77,240.0,3.0,0.0,1.553,1.1328,-0.4202,109.521
81.78,240.0,3.0,0.0,1.553,1.1328,-0.4202,109.651
81.79,240.0,3.0,0.0,1.553,1.1328,-0.4202,109.489
81.8,240.0,3.0,0.0,1.553,1.1416,-0.4114,109.602
81.81,240.0,3.0,0.0,1.553,1.1416,-0.4114,109.715
81.82,240.0,3.0,0.0,1.553,1.1416,-0.4114,109.763
81.83,240.0,3.0,0.0,1.553,1.1416,-0.4114,109.636
81.84,240.0,3.0,0.0,1.553,1.1504,-0.4026,109.715
81.85,240.0,3.0,0.0,1.553,1.1416,-0.4114,109.457
81.86,240.0,3.0,0.0,1.553,1.1416,-0.4114,109.619
81.87,240.0,3.0,0.0,1.553,1.1504,-0.4026,109.57
81.88,240.0,3.0,0.0,1.553,1.1416,-0.4114,109.585
81.89,240.0,3.0,0.0,1.553,1.1416,-0.4114,109.732
81.9,240.0,3.0,0.0,1.553,1.1504,-0.4026,109.715
81.91,240.0,3.0,0.0,1.553,1.1416,-0.4114,109.603
81.92,240.0,3.0,0.0,1.553,1.1328,-0.4202,109.65
81.93,240.0,3.0,0.0,1.553,1.1416,-0.4114,109.505
81.94,240.0,3.0,0.0,1.553,1.1416,-0.4114,109.635
81.95,240.0,3.0,0.0,1.553,1.1328,-0.4202,109.603
81.96,240.0,3.0,0.0,1.553,1.1328,-0.4202,109.667
81.97,240.0,3.0,0.0,1.553,1.1328,-0.4202,109.714
81.98,240.0,3.0,0.0,1.553,1.1416,-0.4114,109.537
81.99,240.0,3.0,0.0,1.553,1.1328,-0.4202,109.731
82.0,240.0,3.0,0.0,1.553,1.1416,-0.4114,109.715
82.01,240.0,3.0,0.0,1.553,1.1416,-0.4114,109.651
82.02,240.0,3.0,0.0,1.553,1.1416,-0.4114,109.587
82.03,240.0,3.0,0.0,1.553,1.1328,-0.4202,109.65
82.04,240.0,3.0,0.0,1.553,1.1328,-0.4202,109.634
82.05,240.0,3.0,0.0,1.553,1.1328,-0.4202,109.489
82.06,240.0,3.0,0.0,1.553,1.1416,-0.4114,109.843
82.07,240.0,3.0,0.0,1.553,1.1416,-0.4114,109.57
82.08,240.0,3.0,0.0,1.553,1.1416,-0.4114,109.684
82.09,240.0,3.0,0.0,1.553,1.1328,-0.4202,109.619
82.1,240.0,3.0,0.0,1.553,1.1328,-0.4202,109.618
82.11,240.0,3.0,0.0,1.553,1.1416,-0.4114,109.651
82.12,240.0,3.0,0.0,1.553,1.1416,-0.4114,109.603
82.13,240.0,3.0,0.0,1.553,1.1328,-0.4202,109.684
82.14,240.0,3.0,0.0,1.553,1.1328,-0.4202,109.732
82.15,240.0,3.0,0.0,1.553,1.1328,-0.4202,109.571
82.16,240.0,3.0,0.0,1.553,1.1328,-0.4202,109.585
82.17,240.0,3.0,0.0,1.553,1.1416,-0.4114,109.473
82.18,240.0,3.0,0.0,1.553,1.1504,-0.4026,109.65
82.19,240.0,3.0,0.0,1.553,1.1328,-0.4202,109.747
82.2,240.0,3.0,0.0,1.553,1.1416,-0.4114,109.602
82.21,240.0,3.0,0.0,1.553,1.1504,-0.4026,109.619
82.22,240.0,3.0,0.0,1.553,1.1416,-0.4114,109.554
82.23,240.0,3.0,0.0,1.553,1.1504,-0.4026,109.666
82.24,240.0,3.0,0.0,1.553,1.1504,-0.4026,109.636
82.25,240.0,3.0,0.0,1.553,1.1504,-0.4026,109.732
82.26,240.0,3.0,0.0,1.553,1.1416,-0.4114,109.701
82.27,240.0,3.0,0.0,1.553,1.1591,-0.3939,109.651
82.28,240.0,3.0,0.0,1.553,1.1504,-0.4026,109.762
82.29,240.0,3.0,0.0,1.553,1.1504,-0.4026,109.587
82.3,240.0,3.0,0.0,1.553,1.1504,-0.4026,109.554
82.31,240.0,3.0,0.0,1.553,1.1504,-0.4026,109.73
82.32,240.0,3.0,0.0,1.553,1.1504,-0.4026,109.699
82.33,240.0,3.0,0.0,1.553,1.1504,-0.4026,109.731
82.34,240.0,3.0,0.0,1.553,1.1504,-0.4026,109.747
82.35,240.0,3.0,0.0,1.553,1.1504,-0.4026,109.634
82.36,240.0,3.0,0.0,1.553,1.1504,-0.4026,109.634
82.37,240.0,3.0,0.0,1.553,1.1504,-0.4026,109.715
82.38,240.0,3.0,0.0,1.553,1.1416,-0.4114,109.652
82.39,240.0,3.0,0.0,1.553,1.1504,-0.4026,109.699
82.4,240.0,3.0,0.0,1.553,1.1504,-0.4026,109.651
82.41,240.0,3.0,0.0,1.553,1.1504,-0.4026,109.65
82.42,240.0,3.0,0.0,1.553,1.1416,-0.4114,109.569
82.43,240.0,3.0,0.0,1.553,1.1328,-0.4202,109.684
82.44,240.0,3.0,0.0,1.553,1.1416,-0.4114,109.554
82.45,240.0,3.0,0.0,1.553,1.1504,-0.4026,109.796
82.46,240.0,3.0,0.0,1.553,1.1416,-0.4114,109.652
82.47,240.0,3.0,0.0,1.553,1.1328,-0.4202,109.538
82.48,240.0,3.0,0.0,1.553,1.1328,-0.4202,109.505
82.49,240.0,3.0,0.0,1.553,1.1328,-0.4202,109.683
82.5,240.0,3.0,0.0,1.553,1.1328,-0.4202,109.698
82.51,240.0,3.0,0.0,1.553,1.1328,-0.4202,109.796
82.52,240.0,3.0,0.0,1.553,1.1328,-0.4202,109.62
82.53,124.0,1.5,3.0,26.6554,1.1941,-25.4613,55.043
82.54,8.0,0.0,6.0,51.7578,2.971,-48.7868,-2.074
82.55,8.0,0.0,6.0,51.7578,6.8486,-44.9092,-0.864
82.56,8.0,0.0,6.0,51.7578,14.0436,-37.7142,-0.363
82.57,8.0,0.0,6.0,51.7578,21.0373,-30.7205,-1.236
82.58,8.0,0.0,6.0,51.7578,28.2148,-23.543,-0.749
82.59,8.0,0.0,6.0,51.7578,35.4011,-16.3567,-0.702
82.6,8.0,0.0,6.0,51.7578,42.4823,-9.2755,-1.057
82.61,8.0,0.0,6.0,51.7578,49.8874,-1.8704,-0.798
82.62,8.0,0.0,6.0,51.7578,53.9138,2.156,-0.751
82.63,8.0,0.0,6.0,51.7578,54.1064,2.3486,-0.732
82.64,8.0,0.0,6.0,51.7578,54.2114,2.4536,-0.798
82.65,8.0,0.0,6.0,51.7578,54.2202,2.4624,-0.863
82.66,8.0,0.0,6.0,51.7578,54.2027,2.4449,-0.863
82.67,8.0,0.0,6.0,51.7578,54.2027,2.4449,-0.83
82.68,8.0,0.0,6.0,51.7578,54.2027,2.4449,-0.733
82.69,8.0,0.0,6.0,51.7578,54.2289,2.4711,-0.83
82.7,8.0,0.0,6.0,51.7578,54.2552,2.4974,-0.799
82.71,8.0,0.0,6.0,51.7578,54.2377,2.4799,-0.814
82.72,8.0,0.0,6.0,51.7578,54.2202,2.4624,-0.733
82.73,8.0,0.0,6.0,51.7578,54.2114,2.4536,-0.701
82.74,8.0,0.0,6.0,51.7578,54.2114,2.4536,-0.685
82.75,8.0,0.0,6.0,51.7578,54.2114,2.4536,-0.669
82.76,8.0,0.0,6.0,51.7578,54.2027,2.4449,-0.605
82.77,8.0,0.0,6.0,51.7578,54.2114,2.4536,-0.78
82.78,5.0,3.0,0.0,52.407,54.1939,1.7869,-0.83
82.79,5.0,3.0,0.0,52.407,54.2114,1.8044,-0.75
82.8,5.0,3.0,0.0,52.407,54.2289,1.8219,-0.685
82.81,5.0,3.0,0.0,52.407,54.2552,1.8482,-0.603
82.82,5.0,3.0,0.0,52.407,54.2639,1.8569,-0.83
82.83,5.0,3.0,0.0,52.407,54.2552,1.8482,-0.83
82.84,5.0,3.0,0.0,52.407,54.2114,1.8044,-0.765
82.85,5.0,3.0,0.0,52.407,54.1852,1.7782,-0.67
82.86,5.0,3.0,0.0,52.407,54.1852,1.7782,-0.635
82.87,5.0,3.0,0.0,52.407,54.2027,1.7957,-0.829
82.88,5.0,3.0,0.0,52.407,54.2202,1.8132,-0.668
82.89,5.0,3.0,0.0,52.407,54.2289,1.8219,-0.7
82.9,5.0,3.0,0.0,52.407,54.2202,1.8132,-0.7
82.91,5.0,3.0,0.0,52.407,54.2202,1.8132,-0.605
82.92,5.0,3.0,0.0,52.407,54.2289,1.8219,-0.668
82.93,5.0,3.0,0.0,52.407,54.2464,1.8394,-0.733
82.94,5.0,3.0,0.0,52.407,54.2377,1.8307,-0.701
82.95,5.0,3.0,0.0,52.407,54.2114,1.8044,-0.798
82.96,5.0,3.0,0.0,52.407,54.1939,1.7869,-0.62
82.97,5.0,3.0,0.0,52.407,54.1939,1.7869,-0.716
82.98,5.0,3.0,0.0,52.407,54.2114,1.8044,-0.749
82.99,5.0,3.0,0.0,52.407,54.2377,1.8307,-0.668
83.0,5.0,3.0,0.0,52.407,54.2377,1.8307,-0.683
83.01,5.0,3.0,0.0,52.407,54.2289,1.8219,-0.748
83.02,5.0,3.0,0.0,52.407,54.2377,1.8307,-0.766
83.03,5.0,3.0,0.0,52.407,54.2464,1.8394,-0.669
83.04,5.0,3.0,0.0,52.407,54.2464,1.8394,-0.62
83.05,5.0,3.0,0.0,52.407,54.2377,1.8307,-0.829
83.06,5.0,3.0,0.0,52.407,54.2202,1.8132,-0.733
83.07,5.0,3.0,0.0,52.407,54.1939,1.7869,-0.732
83.08,5.0,3.0,0.0,52.407,54.2114,1.8044,-0.668
83.09,5.0,3.0,0.0,52.407,54.2289,1.8219,-0.652
83.1,5.0,3.0,0.0,52.407,54.2377,1.8307,-0.732
83.11,5.0,3.0,0.0,52.407,54.2464,1.8394,-0.554
83.12,5.0,3.0,0.0,52.407,54.2464,1.8394,-0.604
83.13,5.0,3.0,0.0,52.407,54.2377,1.8307,-0.667
83.14,5.0,3.0,0.0,52.407,54.2464,1.8394,-0.604
83.15,5.0,3.0,0.0,52.407,54.2552,1.8482,-0.588
83.16,5.0,3.0,0.0,52.407,54.2377,1.8307,-0.797
83.17,5.0,3.0,0.0,52.407,54.2289,1.8219,-0.652
83.18,5.0,3.0,0.0,52.407,54.2202,1.8132,-0.637
83.19,5.0,3.0,0.0,52.407,54.2202,1.8132,-0.667
83.2,5.0,3.0,0.0,52.407,54.2377,1.8307,-0.684
83.21,5.0,3.0,0.0,52.407,54.2464,1.8394,-0.699
83.22,5.0,3.0,0.0,52.407,54.2552,1.8482,-0.491
83.23,5.0,3.0,0.0,52.407,54.2639,1.8569,-0.587
83.24,5.0,3.0,0.0,52.407,54.2552,1.8482,-0.618
83.25,5.0,3.0,0.0,52.407,54.2552,1.8482,-0.798
83.26,5.0,3.0,0.0,52.407,54.2464,1.8394,-0.701
83.27,5.0,3.0,0.0,52.407,54.2377,1.8307,-0.749
83.28,5.0,3.0,0.0,52.407,54.2289,1.8219,-0.636
83.29,5.0,3.0,0.0,52.407,54.2289,1.8219,-0.539
83.3,5.0,3.0,0.0,52.407,54.2289,1.8219,-0.554
83.31,5.0,3.0,0.0,52.407,54.2289,1.8219,-0.62
83.32,5.0,3.0,0.0,52.407,54.2377,1.8307,-0.845
83.33,5.0,3.0,0.0,52.407,54.2464,1.8394,-0.846
83.34,5.0,3.0,0.0,52.407,54.2377,1.8307,-0.538
83.35,5.0,3.0,0.0,52.407,54.2377,1.8307,-0.539
83.36,5.0,3.0,0.0,52.407,54.2377,1.8307,-0.539
83.37,5.0,3.0,0.0,52.407,54.2289,1.8219,-0.893
83.38,5.0,3.0,0.0,52.407,54.2202,1.8132,-0.766
83.39,5.0,3.0,0.0,52.407,54.2114,1.8044,-0.588
83.4,5.0,3.0,0.0,52.407,54.2202,1.8132,-0.684
83.41,5.0,3.0,0.0,52.407,54.2202,1.8132,-0.586
83.42,5.0,3.0,0.0,52.407,54.2377,1.8307,-0.683
83.43,5.0,3.0,0.0,52.407,54.2377,1.8307,-0.684
83.44,5.0,3.0,0.0,52.407,54.2464,1.8394,-0.572
83.45,5.0,3.0,0.0,52.407,54.2377,1.8307,-0.765
83.46,5.0,3.0,0.0,52.407,54.2377,1.8307,-0.668
83.47,5.0,3.0,0.0,52.407,54.2377,1.8307,-0.651
83.48,5.0,3.0,0.0,52.407,54.2377,1.8307,-0.604
83.49,5.0,3.0,0.0,52.407,54.2377,1.8307,-0.603
83.5,5.0,3.0,0.0,52.407,54.2377,1.8307,-0.636
83.51,5.0,3.0,0.0,52.407,54.2289,1.8219,-0.667
83.52,5.0,3.0,0.0,52.407,54.2114,1.8044,-0.7
83.53,5.0,3.0,0.0,52.407,54.2289,1.8219,-0.668
83.54,5.0,3.0,0.0,52.407,54.2377,1.8307,-0.604
83.55,5.0,3.0,0.0,52.407,54.2464,1.8394,-0.684
83.56,5.0,3.0,0.0,52.407,54.2552,1.8482,-0.636
83.57,5.0,3.0,0.0,52.407,54.2464,1.8394,-0.7
83.58,5.0,3.0,0.0,52.407,54.2464,1.8394,-0.523
83.59,5.0,3.0,0.0,52.407,54.2464,1.8394,-0.651
83.6,5.0,3.0,0.0,52.407,54.2289,1.8219,-0.636
83.61,241.0,0.0,46.0,1.3366,52.6359,51.2993,-0.651
83.62,241.0,0.0,46.0,1.3366,46.001,44.6644,-0.651
83.63,241.0,0.0,46.0,1.3366,39.0599,37.7233,-0.651
83.64,241.0,0.0,46.0,1.3366,31.7423,30.4057,-0.523
83.65,241.0,0.0,46.0,1.3366,24.3547,23.0181,-0.537
83.66,241.0,0.0,46.0,1.3366,16.9146,15.578,-0.473
83.67,241.0,0.0,46.0,1.3366,9.6496,8.313,-0.474
83.68,241.0,0.0,46.0,1.3366,3.3124,1.9758,1.995
83.69,241.0,0.0,46.0,1.3366,1.8156,0.479,103.153
83.7,241.0,0.0,46.0,1.3366,0.9665,-0.3701,128.919
83.71,241.0,0.0,46.0,1.3366,0.9403,-0.3963,123.497
83.72,241.0,0.0,46.0,1.3366,0.9578,-0.3788,123.697
83.73,241.0,0.0,46.0,1.3366,0.949,-0.3876,127.337
83.74,241.0,0.0,46.0,1.3366,0.9665,-0.3701,127.323
83.75,241.0,0.0,46.0,1.3366,0.9665,-0.3701,126.247
83.76,241.0,0.0,46.0,1.3366,0.9665,-0.3701,126.293
83.77,241.0,0.0,46.0,1.3366,0.9665,-0.3701,125.854
83.78,241.0,0.0,46.0,1.3366,0.9665,-0.3701,125.983
83.79,241.0,0.0,46.0,1.3366,0.9753,-0.3613,127.691
83.8,241.0,0.0,46.0,1.3366,0.984,-0.3526,128.098
83.81,241.0,0.0,46.0,1.3366,0.984,-0.3526,126.617
83.82,241.0,0.0,46.0,1.3366,0.984,-0.3526,125.625
83.83,241.0,0.0,46.0,1.3366,0.984,-0.3526,126.615
83.84,241.0,0.0,46.0,1.3366,0.9928,-0.3438,128.031
83.85,242.0,3.0,0.0,1.1202,1.0015,-0.1187,127.788
83.86,242.0,3.0,0.0,1.1202,0.9928,-0.1274,126.892
83.87,242.0,3.0,0.0,1.1202,0.9753,-0.1449,126.436
83.88,242.0,3.0,0.0,1.1202,0.9753,-0.1449,126.925
83.89,242.0,3.0,0.0,1.1202,0.9928,-0.1274,127.817
83.9,242.0,3.0,0.0,1.1202,0.984,-0.1362,127.771
83.91,242.0,3.0,0.0,1.1202,0.984,-0.1362,126.99
83.92,242.0,3.0,0.0,1.1202,0.9753,-0.1449,126.681
83.93,242.0,3.0,0.0,1.1202,0.9753,-0.1449,126.712
83.94,242.0,3.0,0.0,1.1202,0.9753,-0.1449,127.443
83.95,242.0,3.0,0.0,1.1202,0.9928,-0.1274,127.834
83.96,242.0,3.0,0.0,1.1202,0.984,-0.1362,127.444
83.97,242.0,3.0,0.0,1.1202,0.984,-0.1362,126.872
83.98,242.0,3.0,0.0,1.1202,0.9753,-0.1449,126.889
83.99,242.0,3.0,0.0,1.1202,0.9753,-0.1449,127.493
84.0,242.0,3.0,0.0,1.1202,0.984,-0.1362,127.59
84.01,242.0,3.0,0.0,1.1202,0.984,-0.1362,127.086
84.02,242.0,3.0,0.0,1.1202,0.9753,-0.1449,126.939
84.03,242.0,3.0,0.0,1.1202,0.9753,-0.1449,127.134
84.04,242.0,3.0,0.0,1.1202,0.9753,-0.1449,127.41
84.05,242.0,3.0,0.0,1.1202,0.984,-0.1362,127.152
84.06,242.0,3.0,0.0,1.1202,0.9753,-0.1449,127.136
84.07,242.0,3.0,0.0,1.1202,0.9753,-0.1449,127.055
84.08,242.0,3.0,0.0,1.1202,0.9753,-0.1449,126.988
84.09,242.0,3.0,0.0,1.1202,0.9753,-0.1449,127.134
84.1,242.0,3.0,0.0,1.1202,0.9753,-0.1449,127.556
84.11,242.0,3.0,0.0,1.1202,0.9753,-0.1449,127.508
84.12,242.0,3.0,0.0,1.1202,0.9753,-0.1449,126.696
84.13,242.0,3.0,0.0,1.1202,0.9753,-0.1449,126.728
84.14,242.0,3.0,0.0,1.1202,0.9753,-0.1449,127.346
84.15,242.0,3.0,0.0,1.1202,0.9753,-0.1449,127.542
84.16,242.0,3.0,0.0,1.1202,0.9753,-0.1449,127.199
84.17,242.0,3.0,0.0,1.1202,0.9753,-0.1449,126.794
84.18,242.0,3.0,0.0,1.1202,0.9753,-0.1449,126.925
84.19,242.0,3.0,0.0,1.1202,0.984,-0.1362,127.377
84.2,242.0,3.0,0.0,1.1202,0.9753,-0.1449,127.249
84.21,242.0,3.0,0.0,1.1202,0.9753,-0.1449,127.087
84.22,242.0,3.0,0.0,1.1202,0.9753,-0.1449,127.135
84.23,242.0,3.0,0.0,1.1202,0.9753,-0.1449,126.941
84.24,242.0,3.0,0.0,1.1202,0.9753,-0.1449,126.892
84.25,242.0,3.0,0.0,1.1202,0.984,-0.1362,127.119
84.26,242.0,3.0,0.0,1.1202,0.9753,-0.1449,127.233
84.27,242.0,3.0,0.0,1.1202,0.984,-0.1362,126.876
84.28,242.0,3.0,0.0,1.1202,0.984,-0.1362,126.875
84.29,242.0,3.0,0.0,1.1202,0.9753,-0.1449,127.247
84.3,242.0,3.0,0.0,1.1202,0.9753,-0.1449,127.248
84.31,242.0,3.0,0.0,1.1202,0.984,-0.1362,127.151
84.32,242.0,3.0,0.0,1.1202,0.984,-0.1362,127.069
84.33,242.0,3.0,0.0,1.1202,0.9753,-0.1449,126.924
84.34,242.0,3.0,0.0,1.1202,0.984,-0.1362,127.134
84.35,242.0,3.0,0.0,1.1202,0.984,-0.1362,127.15
84.36,242.0,3.0,0.0,1.1202,0.984,-0.1362,127.246
84.37,242.0,3.0,0.0,1.1202,0.984,-0.1362,126.957
84.38,242.0,3.0,0.0,1.1202,0.984,-0.1362,126.828
84.39,242.0,3.0,0.0,1.1202,0.984,-0.1362,126.972
84.4,242.0,3.0,0.0,1.1202,0.984,-0.1362,127.054
84.41,242.0,3.0,0.0,1.1202,0.984,-0.1362,127.07
84.42,242.0,3.0,0.0,1.1202,0.984,-0.1362,126.907
84.43,242.0,3.0,0.0,1.1202,0.984,-0.1362,126.956
84.44,242.0,3.0,0.0,1.1202,0.984,-0.1362,127.199
84.45,242.0,3.0,0.0,1.1202,0.9753,-0.1449,127.136
84.46,242.0,3.0,0.0,1.1202,0.984,-0.1362,126.924
84.47,242.0,3.0,0.0,1.1202,0.984,-0.1362,126.956
84.48,242.0,3.0,0.0,1.1202,0.9753,-0.1449,126.859
84.49,242.0,3.0,0.0,1.1202,0.984,-0.1362,127.07
84.5,242.0,3.0,0.0,1.1202,0.984,-0.1362,127.022
84.51,242.0,3.0,0.0,1.1202,0.9753,-0.1449,127.265
84.52,242.0,3.0,0.0,1.1202,0.984,-0.1362,126.941
84.53,242.0,3.0,0.0,1.1202,0.984,-0.1362,127.069
84.54,242.0,3.0,0.0,1.1202,0.984,-0.1362,126.859
84.55,242.0,3.0,0.0,1.1202,0.984,-0.1362,126.908
84.56,242.0,3.0,0.0,1.1202,0.984,-0.1362,127.199
84.57,242.0,3.0,0.0,1.1202,0.984,-0.1362,127.039
84.58,242.0,3.0,0.0,1.1202,0.9928,-0.1274,126.989
84.59,242.0,3.0,0.0,1.1202,0.9928,-0.1274,127.101
84.6,242.0,3.0,0.0,1.1202,0.984,-0.1362,126.877
84.61,242.0,3.0,0.0,1.1202,0.984,-0.1362,127.038
84.62,242.0,3.0,0.0,1.1202,0.9928,-0.1274,126.908
84.63,242.0,3.0,0.0,1.1202,0.9928,-0.1274,126.94
84.64,242.0,3.0,0.0,1.1202,0.984,-0.1362,127.038
84.65,242.0,3.0,0.0,1.1202,0.9928,-0.1274,126.94
84.66,242.0,3.0,0.0,1.1202,0.984,-0.1362,127.07
84.67,242.0,3.0,0.0,1.1202,0.984,-0.1362,127.054
84.68,242.0,3.0,0.0,1.1202,0.984,-0.1362,127.069
84.69,242.0,3.0,0.0,1.1202,0.9928,-0.1274,127.006
84.7,242.0,3.0,0.0,1.1202,0.984,-0.1362,126.877
84.71,242.0,3.0,0.0,1.1202,0.984,-0.1362,127.102
84.72,242.0,3.0,0.0,1.1202,0.9753,-0.1449,126.94
84.73,242.0,3.0,0.0,1.1202,0.9753,-0.1449,126.94
84.74,242.0,3.0,0.0,1.1202,0.9753,-0.1449,127.07
84.75,242.0,3.0,0.0,1.1202,0.9753,-0.1449,126.99
84.76,242.0,3.0,0.0,1.1202,0.9753,-0.1449,127.216
84.77,242.0,3.0,0.0,1.1202,0.9753,-0.1449,126.99
84.78,242.0,3.0,0.0,1.1202,0.9753,-0.1449,126.892
84.79,242.0,3.0,0.0,1.1202,0.9665,-0.1537,126.939
84.8,242.0,3.0,0.0,1.1202,0.9753,-0.1449,126.876
84.81,242.0,3.0,0.0,1.1202,0.9753,-0.1449,126.926
84.82,242.0,3.0,0.0,1.1202,0.9753,-0.1449,127.102
84.83,242.0,3.0,0.0,1.1202,0.984,-0.1362,126.893
84.84,242.0,3.0,0.0,1.1202,0.9665,-0.1537,126.941
84.85,242.0,3.0,0.0,1.1202,0.9753,-0.1449,127.038
84.86,242.0,3.0,0.0,1.1202,0.9665,-0.1537,127.103
84.87,242.0,3.0,0.0,1.1202,0.9665,-0.1537,126.892
84.88,242.0,3.0,0.0,1.1202,0.9665,-0.1537,127.003
84.89,242.0,3.0,0.0,1.1202,0.9753,-0.1449,126.926
84.9,242.0,3.0,0.0,1.1202,0.9753,-0.1449,126.812
84.91,242.0,3.0,0.0,1.1202,0.9753,-0.1449,126.875
84.92,242.0,3.0,0.0,1.1202,0.9753,-0.1449,126.892
84.93,242.0,3.0,0.0,1.1202,0.9753,-0.1449,126.779
84.94,242.0,3.0,0.0,1.1202,0.9753,-0.1449,127.005
84.95,242.0,3.0,0.0,1.1202,0.9753,-0.1449,126.875
84.96,242.0,3.0,0.0,1.1202,0.9665,-0.1537,126.875
84.97,242.0,3.0,0.0,1.1202,0.9753,-0.1449,126.892
84.98,242.0,3.0,0.0,1.1202,0.9753,-0.1449,126.907
84.99,242.0,3.0,0.0,1.1202,0.9753,-0.1449,126.923
85.0,242.0,3.0,0.0,1.1202,0.9665,-0.1537,127.005
85.01,242.0,3.0,0.0,1.1202,0.9665,-0.1537,127.021
85.02,242.0,3.0,0.0,1.1202,0.9753,-0.1449,126.86
85.03,242.0,3.0,0.0,1.1202,0.9753,-0.1449,126.875
85.04,242.0,3.0,0.0,1.1202,0.9753,-0.1449,126.989
85.05,242.0,3.0,0.0,1.1202,0.9753,-0.1449,126.812
85.06,242.0,3.0,0.0,1.1202,0.9753,-0.1449,126.859
85.07,242.0,3.0,0.0,1.1202,0.9753,-0.1449,126.827
85.08,242.0,3.0,0.0,1.1202,0.9753,-0.1449,126.957
85.09,242.0,3.0,0.0,1.1202,0.9753,-0.1449,126.86
85.1,242.0,3.0,0.0,1.1202,0.9753,-0.1449,126.956
85.11,242.0,3.0,0.0,1.1202,0.9753,-0.1449,126.892
85.12,242.0,3.0,0.0,1.1202,0.9753,-0.1449,127.005
85.13,242.0,3.0,0.0,1.1202,0.984,-0.1362,126.973
85.14,242.0,3.0,0.0,1.1202,0.9753,-0.1449,126.876
85.15,242.0,3.0,0.0,1.1202,0.9753,-0.1449,126.794
85.16,242.0,3.0,0.0,1.1202,0.9753,-0.1449,126.811
85.17,242.0,3.0,0.0,1.1202,0.984,-0.1362,126.988
85.18,242.0,3.0,0.0,1.1202,0.9753,-0.1449,126.909
85.19,242.0,3.0,0.0,1.1202,0.984,-0.1362,127.036
85.2,242.0,3.0,0.0,1.1202,0.9753,-0.1449,126.892
85.21,242.0,3.0,0.0,1.1202,0.984,-0.1362,127.021
85.22,242.0,3.0,0.0,1.1202,0.984,-0.1362,126.812
85.23,242.0,3.0,0.0,1.1202,0.9665,-0.1537,126.827
85.24,242.0,3.0,0.0,1.1202,0.9665,-0.1537,126.907
85.25,242.0,3.0,0.0,1.1202,0.9753,-0.1449,126.861
85.26,242.0,3.0,0.0,1.1202,0.9753,-0.1449,126.971
85.27,242.0,3.0,0.0,1.1202,0.9665,-0.1537,127.038
85.28,242.0,3.0,0.0,1.1202,0.9665,-0.1537,126.86
85.29,242.0,3.0,0.0,1.1202,0.9665,-0.1537,126.891
85.3,242.0,3.0,0.0,1.1202,0.9578,-0.1624,126.731
85.31,242.0,3.0,0.0,1.1202,0.9665,-0.1537,126.909
85.32,242.0,3.0,0.0,1.1202,0.9665,-0.1537,126.73
85.33,242.0,3.0,0.0,1.1202,0.9665,-0.1537,126.989
85.34,242.0,3.0,0.0,1.1202,0.9665,-0.1537,126.957
85.35,242.0,3.0,0.0,1.1202,0.9753,-0.1449,126.86
85.36,242.0,3.0,0.0,1.1202,0.9665,-0.1537,127.054
85.37,242.0,3.0,0.0,1.1202,0.9665,-0.1537,126.877
85.38,242.0,3.0,0.0,1.1202,0.9665,-0.1537,126.844
85.39,242.0,3.0,0.0,1.1202,0.9665,-0.1537,126.973
85.4,242.0,3.0,0.0,1.1202,0.9665,-0.1537,127.101
85.41,242.0,3.0,0.0,1.1202,0.9665,-0.1537,126.94
85.42,242.0,3.0,0.0,1.1202,0.9753,-0.1449,126.877
85.43,242.0,3.0,0.0,1.1202,0.9753,-0.1449,126.907
85.44,242.0,3.0,0.0,1.1202,0.9665,-0.1537,126.893
85.45,242.0,3.0,0.0,1.1202,0.9753,-0.1449,126.778
85.46,242.0,3.0,0.0,1.1202,0.9665,-0.1537,126.907
85.47,242.0,3.0,0.0,1.1202,0.9753,-0.1449,127.037
85.48,242.0,3.0,0.0,1.1202,0.9753,-0.1449,126.942
85.49,242.0,3.0,0.0,1.1202,0.9753,-0.1449,126.893
85.5,242.0,3.0,0.0,1.1202,0.9753,-0.1449,126.892
85.51,242.0,3.0,0.0,1.1202,0.9753,-0.1449,126.956
85.52,242.0,3.0,0.0,1.1202,0.9753,-0.1449,126.973
85.53,242.0,3.0,0.0,1.1202,0.9753,-0.1449,126.892
85.54,242.0,3.0,0.0,1.1202,0.9753,-0.1449,126.956
85.55,242.0,3.0,0.0,1.1202,0.9753,-0.1449,126.764
85.56,242.0,3.0,0.0,1.1202,0.9753,-0.1449,126.793
85.57,242.0,3.0,0.0,1.1202,0.9753,-0.1449,126.907
85.58,242.0,3.0,0.0,1.1202,0.9753,-0.1449,126.908
85.59,242.0,3.0,0.0,1.1202,0.9753,-0.1449,126.94
85.6,242.0,3.0,0.0,1.1202,0.9753,-0.1449,126.926
85.61,242.0,3.0,0.0,1.1202,0.9753,-0.1449,126.989
85.62,242.0,3.0,0.0,1.1202,0.9753,-0.1449,126.699
85.63,242.0,3.0,0.0,1.1202,0.9753,-0.1449,126.875
85.64,242.0,3.0,0.0,1.1202,0.9753,-0.1449,126.844
85.65,242.0,3.0,0.0,1.1202,0.9753,-0.1449,126.956
85.66,242.0,3.0,0.0,1.1202,0.9753,-0.1449,127.036
85.67,242.0,3.0,0.0,1.1202,0.9665,-0.1537,126.697
85.68,242.0,3.0,0.0,1.1202,0.9753,-0.1449,126.941
85.69,242.0,3.0,0.0,1.1202,0.9753,-0.1449,126.86
85.7,242.0,3.0,0.0,1.1202,0.9753,-0.1449,126.972
85.71,242.0,3.0,0.0,1.1202,0.9753,-0.1449,126.892
85.72,242.0,3.0,0.0,1.1202,0.9753,-0.1449,126.844
85.73,242.0,3.0,0.0,1.1202,0.9753,-0.1449,126.795
85.74,242.0,3.0,0.0,1.1202,0.9753,-0.1449,126.989
85.75,242.0,3.0,0.0,1.1202,0.9753,-0.1449,126.779
85.76,242.0,3.0,0.0,1.1202,0.9753,-0.1449,126.923
85.77,242.0,3.0,0.0,1.1202,0.9665,-0.1537,126.845
85.78,242.0,3.0,0.0,1.1202,0.9753,-0.1449,126.956
85.79,242.0,3.0,0.0,1.1202,0.9753,-0.1449,126.988
85.8,242.0,3.0,0.0,1.1202,0.9753,-0.1449,126.665
85.81,242.0,3.0,0.0,1.1202,0.9753,-0.1449,126.891
85.82,242.0,3.0,0.0,1.1202,0.9753,-0.1449,126.972
85.83,242.0,3.0,0.0,1.1202,0.9753,-0.1449,126.781
85.84,242.0,3.0,0.0,1.1202,0.9753,-0.1449,126.877
85.85,242.0,3.0,0.0,1.1202,0.9753,-0.1449,126.891
85.86,242.0,3.0,0.0,1.1202,0.9753,-0.1449,126.941
85.87,242.0,3.0,0.0,1.1202,0.9753,-0.1449,126.972
85.88,242.0,3.0,0.0,1.1202,0.9753,-0.1449,127.038
85.89,242.0,3.0,0.0,1.1202,0.9753,-0.1449,126.925
85.9,242.0,3.0,0.0,1.1202,0.9753,-0.1449,126.811
85.91,242.0,3.0,0.0,1.1202,0.9753,-0.1449,126.875
85.92,242.0,3.0,0.0,1.1202,0.9665,-0.1537,126.973
85.93,242.0,3.0,0.0,1.1202,0.9753,-0.1449,126.666
85.94,242.0,3.0,0.0,1.1202,0.9665,-0.1537,126.941
85.95,242.0,3.0,0.0,1.1202,0.9753,-0.1449,126.796
85.96,242.0,3.0,0.0,1.1202,0.9665,-0.1537,126.941
85.97,242.0,3.0,0.0,1.1202,0.9665,-0.1537,126.78
85.98,242.0,3.0,0.0,1.1202,0.9753,-0.1449,126.891
85.99,242.0,3.0,0.0,1.1202,0.9753,-0.1449,126.747
86.0,242.0,3.0,0.0,1.1202,0.9753,-0.1449,126.747
86.01,242.0,3.0,0.0,1.1202,0.9753,-0.1449,126.827
86.02,242.0,3.0,0.0,1.1202,0.9665,-0.1537,126.988
86.03,242.0,3.0,0.0,1.1202,0.9753,-0.1449,126.989
86.04,242.0,3.0,0.0,1.1202,0.9665,-0.1537,126.762
86.05,242.0,3.0,0.0,1.1202,0.9753,-0.1449,126.827
86.06,242.0,3.0,0.0,1.1202,0.9665,-0.1537,126.875
86.07,242.0,3.0,0.0,1.1202,0.9665,-0.1537,127.07
86.08,242.0,3.0,0.0,1.1202,0.9665,-0.1537,126.78
86.09,242.0,3.0,0.0,1.1202,0.9753,-0.1449,126.827
86.1,242.0,3.0,0.0,1.1202,0.9753,-0.1449,126.651
86.11,242.0,3.0,0.0,1.1202,0.9665,-0.1537,126.891
86.12,242.0,3.0,0.0,1.1202,0.9753,-0.1449,126.939
86.13,242.0,3.0,0.0,1.1202,0.9665,-0.1537,126.844
86.14,242.0,3.0,0.0,1.1202,0.9753,-0.1449,126.907
86.15,242.0,3.0,0.0,1.1202,0.9665,-0.1537,126.843
86.16,242.0,3.0,0.0,1.1202,0.984,-0.1362,126.925
86.17,242.0,3.0,0.0,1.1202,0.9753,-0.1449,126.877
86.18,242.0,3.0,0.0,1.1202,0.9665,-0.1537,126.811
86.19,242.0,3.0,0.0,1.1202,0.9753,-0.1449,126.892
86.2,242.0,3.0,0.0,1.1202,0.9753,-0.1449,126.907
86.21,242.0,3.0,0.0,1.1202,0.9753,-0.1449,126.989
86.22,242.0,3.0,0.0,1.1202,0.9753,-0.1449,126.829
86.23,242.0,3.0,0.0,1.1202,0.9753,-0.1449,126.763
86.24,242.0,3.0,0.0,1.1202,0.9753,-0.1449,126.939
86.25,242.0,3.0,0.0,1.1202,0.9753,-0.1449,126.746
86.26,242.0,3.0,0.0,1.1202,0.9753,-0.1449,126.891
86.27,242.0,3.0,0.0,1.1202,0.9753,-0.1449,126.907
86.28,242.0,3.0,0.0,1.1202,0.9753,-0.1449,126.763
86.29,242.0,3.0,0.0,1.1202,0.9753,-0.1449,126.842
86.3,242.0,3.0,0.0,1.1202,0.9753,-0.1449,126.682
86.31,242.0,3.0,0.0,1.1202,0.9665,-0.1537,126.973
86.32,242.0,3.0,0.0,1.1202,0.9665,-0.1537,126.892
86.33,242.0,3.0,0.0,1.1202,0.9753,-0.1449,126.747
86.34,242.0,3.0,0.0,1.1202,0.9753,-0.1449,126.762
86.35,242.0,3.0,0.0,1.1202,0.9665,-0.1537,126.794
86.36,242.0,3.0,0.0,1.1202,0.9665,-0.1537,126.924
86.37,242.0,3.0,0.0,1.1202,0.9665,-0.1537,126.634
86.38,242.0,3.0,0.0,1.1202,0.9665,-0.1537,126.81
86.39,242.0,3.0,0.0,1.1202,0.9753,-0.1449,126.925
86.4,242.0,3.0,0.0,1.1202,0.9665,-0.1537,126.795
86.41,242.0,3.0,0.0,1.1202,0.9665,-0.1537,126.859
86.42,242.0,3.0,0.0,1.1202,0.9665,-0.1537,126.794
86.43,242.0,3.0,0.0,1.1202,0.9753,-0.1449,126.827
86.44,242.0,3.0,0.0,1.1202,0.9753,-0.1449,126.876
86.45,242.0,3.0,0.0,1.1202,0.9665,-0.1537,126.763
86.46,242.0,3.0,0.0,1.1202,0.9753,-0.1449,126.859
86.47,242.0,3.0,0.0,1.1202,0.9665,-0.1537,126.874
86.48,242.0,3.0,0.0,1.1202,0.9665,-0.1537,126.859
86.49,242.0,3.0,0.0,1.1202,0.9665,-0.1537,126.747
86.5,242.0,3.0,0.0,1.1202,0.9665,-0.1537,126.779
86.51,242.0,3.0,0.0,1.1202,0.9665,-0.1537,126.843
86.52,242.0,3.0,0.0,1.1202,0.9753,-0.1449,126.94
86.53,242.0,3.0,0.0,1.1202,0.9753,-0.1449,126.715
86.54,242.0,3.0,0.0,1.1202,0.9665,-0.1537,126.73
86.55,242.0,3.0,0.0,1.1202,0.9753,-0.1449,126.762
86.56,242.0,3.0,0.0,1.1202,0.9753,-0.1449,126.828
86.57,242.0,3.0,0.0,1.1202,0.9665,-0.1537,126.925
86.58,242.0,3.0,0.0,1.1202,0.9753,-0.1449,126.794
86.59,242.0,3.0,0.0,1.1202,0.9753,-0.1449,126.812
86.6,242.0,3.0,0.0,1.1202,0.9753,-0.1449,126.763
86.61,242.0,3.0,0.0,1.1202,0.9753,-0.1449,126.908
86.62,242.0,3.0,0.0,1.1202,0.9753,-0.1449,126.843
86.63,242.0,3.0,0.0,1.1202,0.9665,-0.1537,126.858
86.64,242.0,3.0,0.0,1.1202,0.984,-0.1362,126.924
86.65,242.0,3.0,0.0,1.1202,0.9665,-0.1537,126.908
86.66,242.0,3.0,0.0,1.1202,0.9665,-0.1537,126.73
86.67,242.0,3.0,0.0,1.1202,0.9665,-0.1537,126.729
86.68,242.0,3.0,0.0,1.1202,0.9665,-0.1537,126.972
86.69,242.0,3.0,0.0,1.1202,0.9753,-0.1449,126.876
86.7,242.0,3.0,0.0,1.1202,0.9665,-0.1537,126.861
86.71,242.0,3.0,0.0,1.1202,0.9665,-0.1537,126.715
86.72,242.0,3.0,0.0,1.1202,0.9753,-0.1449,126.778
86.73,242.0,3.0,0.0,1.1202,0.9665,-0.1537,126.747
86.74,242.0,3.0,0.0,1.1202,0.9665,-0.1537,126.633
86.75,242.0,3.0,0.0,1.1202,0.9665,-0.1537,126.778
86.76,242.0,3.0,0.0,1.1202,0.9753,-0.1449,126.843
86.77,242.0,3.0,0.0,1.1202,0.9753,-0.1449,126.715
86.78,242.0,3.0,0.0,1.1202,0.9665,-0.1537,126.777
86.79,242.0,3.0,0.0,1.1202,0.9753,-0.1449,126.907
86.8,242.0,3.0,0.0,1.1202,0.9753,-0.1449,126.827
86.81,242.0,3.0,0.0,1.1202,0.9753,-0.1449,126.875
86.82,242.0,3.0,0.0,1.1202,0.9753,-0.1449,126.747
86.83,242.0,3.0,0.0,1.1202,0.9753,-0.1449,126.925
86.84,242.0,3.0,0.0,1.1202,0.9753,-0.1449,126.875
86.85,242.0,3.0,0.0,1.1202,0.9753,-0.1449,126.779
86.86,242.0,3.0,0.0,1.1202,0.9753,-0.1449,126.891
86.87,242.0,3.0,0.0,1.1202,0.9753,-0.1449,126.747
86.88,242.0,3.0,0.0,1.1202,0.9753,-0.1449,126.747
86.89,242.0,3.0,0.0,1.1202,0.9753,-0.1449,126.906
86.9,242.0,3.0,0.0,1.1202,0.9753,-0.1449,126.634
86.91,242.0,3.0,0.0,1.1202,0.984,-0.1362,126.648
86.92,242.0,3.0,0.0,1.1202,0.9753,-0.1449,126.842
86.93,242.0,3.0,0.0,1.1202,0.984,-0.1362,126.794
86.94,242.0,3.0,0.0,1.1202,0.984,-0.1362,126.683
86.95,242.0,3.0,0.0,1.1202,0.984,-0.1362,126.744
86.96,242.0,3.0,0.0,1.1202,0.9753,-0.1449,126.745
86.97,242.0,3.0,0.0,1.1202,0.984,-0.1362,126.762
86.98,242.0,3.0,0.0,1.1202,0.984,-0.1362,126.94
86.99,242.0,3.0,0.0,1.1202,0.984,-0.1362,126.698
87.0,242.0,3.0,0.0,1.1202,0.984,-0.1362,126.651
87.01,242.0,3.0,0.0,1.1202,0.9753,-0.1449,126.811
87.02,242.0,3.0,0.0,1.1202,0.9753,-0.1449,126.746
87.03,242.0,3.0,0.0,1.1202,0.984,-0.1362,126.843
87.04,242.0,3.0,0.0,1.1202,0.984,-0.1362,126.906
87.05,242.0,3.0,0.0,1.1202,0.9753,-0.1449,126.747
87.06,242.0,3.0,0.0,1.1202,0.984,-0.1362,126.923
87.07,242.0,3.0,0.0,1.1202,0.9665,-0.1537,126.811
87.08,242.0,3.0,0.0,1.1202,0.9753,-0.1449,126.827
87.09,242.0,3.0,0.0,1.1202,0.9753,-0.1449,126.699
87.1,242.0,3.0,0.0,1.1202,0.9753,-0.1449,126.81
87.11,242.0,3.0,0.0,1.1202,0.9753,-0.1449,126.796
87.12,242.0,3.0,0.0,1.1202,0.9753,-0.1449,126.747
87.13,242.0,3.0,0.0,1.1202,0.9753,-0.1449,126.842
87.14,242.0,3.0,0.0,1.1202,0.9753,-0.1449,126.875
87.15,242.0,3.0,0.0,1.1202,0.9665,-0.1537,126.826
87.16,242.0,3.0,0.0,1.1202,0.9753,-0.1449,126.796
87.17,242.0,3.0,0.0,1.1202,0.984,-0.1362,126.762
87.18,242.0,3.0,0.0,1.1202,0.9753,-0.1449,126.698
87.19,242.0,3.0,0.0,1.1202,0.9753,-0.1449,126.698
87.2,242.0,3.0,0.0,1.1202,0.984,-0.1362,126.667
87.21,242.0,3.0,0.0,1.1202,0.9753,-0.1449,126.827
87.22,242.0,3.0,0.0,1.1202,0.9753,-0.1449,126.699
87.23,242.0,3.0,0.0,1.1202,0.9753,-0.1449,126.746
87.24,242.0,3.0,0.0,1.1202,0.9753,-0.1449,126.779
87.25,242.0,3.0,0.0,1.1202,0.9753,-0.1449,126.794
87.26,242.0,3.0,0.0,1.1202,0.9665,-0.1537,126.618
87.27,242.0,3.0,0.0,1.1202,0.9753,-0.1449,126.81
87.28,242.0,3.0,0.0,1.1202,0.9753,-0.1449,126.667
87.29,242.0,3.0,0.0,1.1202,0.9665,-0.1537,126.762
87.3,242.0,3.0,0.0,1.1202,0.984,-0.1362,126.825
87.31,242.0,3.0,0.0,1.1202,0.9753,-0.1449,126.876
87.32,242.0,3.0,0.0,1.1202,0.984,-0.1362,126.697
87.33,242.0,3.0,0.0,1.1202,0.9753,-0.1449,126.617
87.34,242.0,3.0,0.0,1.1202,0.9753,-0.1449,126.811
87.35,242.0,3.0,0.0,1.1202,0.9753,-0.1449,126.554
87.36,242.0,3.0,0.0,1.1202,0.984,-0.1362,126.844
87.37,242.0,3.0,0.0,1.1202,0.984,-0.1362,126.763
87.38,242.0,3.0,0.0,1.1202,0.984,-0.1362,126.826
87.39,242.0,3.0,0.0,1.1202,0.984,-0.1362,126.617
87.4,242.0,3.0,0.0,1.1202,0.984,-0.1362,126.616
87.41,242.0,3.0,0.0,1.1202,0.984,-0.1362,126.81
87.42,242.0,3.0,0.0,1.1202,0.984,-0.1362,126.939
87.43,242.0,3.0,0.0,1.1202,0.984,-0.1362,126.635
87.44,242.0,3.0,0.0,1.1202,0.984,-0.1362,126.891
87.45,242.0,3.0,0.0,1.1202,0.984,-0.1362,126.843
87.46,242.0,3.0,0.0,1.1202,0.9753,-0.1449,126.763
87.47,242.0,3.0,0.0,1.1202,0.9753,-0.1449,126.715
87.48,242.0,3.0,0.0,1.1202,0.9753,-0.1449,126.94
87.49,242.0,3.0,0.0,1.1202,0.984,-0.1362,126.829
87.5,242.0,3.0,0.0,1.1202,0.984,-0.1362,126.683
87.51,242.0,3.0,0.0,1.1202,0.984,-0.1362,126.666
87.52,242.0,3.0,0.0,1.1202,0.984,-0.1362,126.745
87.53,242.0,3.0,0.0,1.1202,0.9753,-0.1449,126.891
87.54,242.0,3.0,0.0,1.1202,0.9753,-0.1449,126.715
87.55,242.0,3.0,0.0,1.1202,0.9753,-0.1449,126.826
87.56,242.0,3.0,0.0,1.1202,0.9753,-0.1449,126.923
87.57,242.0,3.0,0.0,1.1202,0.984,-0.1362,126.763
87.58,242.0,3.0,0.0,1.1202,0.9753,-0.1449,126.858
87.59,242.0,3.0,0.0,1.1202,0.984,-0.1362,126.907
87.6,242.0,3.0,0.0,1.1202,0.984,-0.1362,126.618
87.61,242.0,3.0,0.0,1.1202,0.984,-0.1362,126.892
87.62,242.0,3.0,0.0,1.1202,0.984,-0.1362,126.683
87.63,242.0,3.0,0.0,1.1202,0.9753,-0.1449,126.729
87.64,242.0,3.0,0.0,1.1202,0.984,-0.1362,126.843
87.65,242.0,3.0,0.0,1.1202,0.9753,-0.1449,126.795
87.66,242.0,3.0,0.0,1.1202,0.9753,-0.1449,126.876
87.67,242.0,3.0,0.0,1.1202,0.984,-0.1362,126.665
87.68,242.0,3.0,0.0,1.1202,0.984,-0.1362,126.649
87.69,242.0,3.0,0.0,1.1202,0.9753,-0.1449,126.714
87.7,242.0,3.0,0.0,1.1202,0.984,-0.1362,126.714
87.71,242.0,3.0,0.0,1.1202,0.9753,-0.1449,126.875
87.72,242.0,3.0,0.0,1.1202,0.984,-0.1362,126.923
87.73,242.0,3.0,0.0,1.1202,0.984,-0.1362,126.812
87.74,242.0,3.0,0.0,1.1202,0.9753,-0.1449,126.683
87.75,242.0,3.0,0.0,1.1202,0.984,-0.1362,126.587
87.76,242.0,3.0,0.0,1.1202,0.984,-0.1362,126.809
87.77,242.0,3.0,0.0,1.1202,0.9753,-0.1449,126.843
87.78,242.0,3.0,0.0,1.1202,0.9753,-0.1449,126.715
87.79,242.0,3.0,0.0,1.1202,0.9753,-0.1449,126.875
87.8,242.0,3.0,0.0,1.1202,0.9753,-0.1449,126.583
87.81,242.0,3.0,0.0,1.1202,0.9753,-0.1449,126.696
87.82,242.0,3.0,0.0,1.1202,0.9753,-0.1449,126.713
87.83,242.0,3.0,0.0,1.1202,0.9753,-0.1449,126.859
87.84,242.0,3.0,0.0,1.1202,0.9753,-0.1449,126.811
87.85,242.0,3.0,0.0,1.1202,0.9753,-0.1449,126.762
87.86,242.0,3.0,0.0,1.1202,0.9753,-0.1449,126.779
87.87,242.0,3.0,0.0,1.1202,0.984,-0.1362,126.618
87.88,242.0,3.0,0.0,1.1202,0.9753,-0.1449,126.649
87.89,242.0,3.0,0.0,1.1202,0.9753,-0.1449,126.907
87.9,242.0,3.0,0.0,1.1202,0.9753,-0.1449,126.875
87.91,242.0,3.0,0.0,1.1202,0.9753,-0.1449,126.763
87.92,242.0,3.0,0.0,1.1202,0.9753,-0.1449,126.552
87.93,242.0,3.0,0.0,1.1202,0.9753,-0.1449,126.698
87.94,242.0,3.0,0.0,1.1202,0.9753,-0.1449,126.666
87.95,242.0,3.0,0.0,1.1202,0.9753,-0.1449,126.714
87.96,242.0,3.0,0.0,1.1202,0.9753,-0.1449,126.666
87.97,242.0,3.0,0.0,1.1202,0.9753,-0.1449,126.86
87.98,242.0,3.0,0.0,1.1202,0.9753,-0.1449,126.634
87.99,242.0,3.0,0.0,1.1202,0.9753,-0.1449,126.793
88.0,242.0,3.0,0.0,1.1202,0.9753,-0.1449,126.715
88.01,242.0,3.0,0.0,1.1202,0.9753,-0.1449,126.667
88.02,242.0,3.0,0.0,1.1202,0.9753,-0.1449,126.746
88.03,242.0,3.0,0.0,1.1202,0.9753,-0.1449,126.811
88.04,242.0,3.0,0.0,1.1202,0.984,-0.1362,126.923
88.05,242.0,3.0,0.0,1.1202,0.9753,-0.1449,126.649
88.06,242.0,3.0,0.0,1.1202,0.9753,-0.1449,126.73
88.07,242.0,3.0,0.0,1.1202,0.9753,-0.1449,126.778
88.08,242.0,3.0,0.0,1.1202,0.9753,-0.1449,126.683
88.09,242.0,3.0,0.0,1.1202,0.9753,-0.1449,126.939
88.1,242.0,3.0,0.0,1.1202,0.9753,-0.1449,126.553
88.11,242.0,3.0,0.0,1.1202,0.9753,-0.1449,126.778
88.12,242.0,3.0,0.0,1.1202,0.9753,-0.1449,126.858
88.13,242.0,3.0,0.0,1.1202,0.9753,-0.1449,126.552
88.14,242.0,3.0,0.0,1.1202,0.9665,-0.1537,126.811
88.15,242.0,3.0,0.0,1.1202,0.9753,-0.1449,126.683
88.16,242.0,3.0,0.0,1.1202,0.9665,-0.1537,126.778
88.17,242.0,3.0,0.0,1.1202,0.9753,-0.1449,126.858
88.18,242.0,3.0,0.0,1.1202,0.9753,-0.1449,126.52
88.19,242.0,3.0,0.0,1.1202,0.9665,-0.1537,126.891
88.2,242.0,3.0,0.0,1.1202,0.9665,-0.1537,126.715
88.21,242.0,3.0,0.0,1.1202,0.9753,-0.1449,126.747
88.22,242.0,3.0,0.0,1.1202,0.9753,-0.1449,126.844
88.23,242.0,3.0,0.0,1.1202,0.9753,-0.1449,126.762
88.24,242.0,3.0,0.0,1.1202,0.9753,-0.1449,126.666
88.25,242.0,3.0,0.0,1.1202,0.9753,-0.1449,126.777
88.26,242.0,3.0,0.0,1.1202,0.9753,-0.1449,126.683
88.27,242.0,3.0,0.0,1.1202,0.9753,-0.1449,126.602
88.28,242.0,3.0,0.0,1.1202,0.9753,-0.1449,126.876
88.29,242.0,3.0,0.0,1.1202,0.9753,-0.1449,126.73
88.3,242.0,3.0,0.0,1.1202,0.9928,-0.1274,126.809
88.31,242.0,3.0,0.0,1.1202,0.9753,-0.1449,126.667
88.32,242.0,3.0,0.0,1.1202,0.9753,-0.1449,126.666
88.33,242.0,3.0,0.0,1.1202,0.9753,-0.1449,126.714
88.34,242.0,3.0,0.0,1.1202,0.984,-0.1362,126.763
88.35,242.0,3.0,0.0,1.1202,0.9753,-0.1449,126.763
88.36,242.0,3.0,0.0,1.1202,0.9753,-0.1449,126.617
88.37,242.0,3.0,0.0,1.1202,0.984,-0.1362,126.779
88.38,242.0,3.0,0.0,1.1202,0.9753,-0.1449,126.682
88.39,242.0,3.0,0.0,1.1202,0.984,-0.1362,126.714
88.4,242.0,3.0,0.0,1.1202,0.984,-0.1362,126.859
88.41,242.0,3.0,0.0,1.1202,0.9753,-0.1449,126.682
88.42,242.0,3.0,0.0,1.1202,0.984,-0.1362,126.569
88.43,242.0,3.0,0.0,1.1202,0.984,-0.1362,126.615
88.44,242.0,3.0,0.0,1.1202,0.984,-0.1362,126.971
88.45,242.0,3.0,0.0,1.1202,0.984,-0.1362,126.729
88.46,242.0,3.0,0.0,1.1202,0.9928,-0.1274,126.779
88.47,242.0,3.0,0.0,1.1202,0.984,-0.1362,126.747
88.48,242.0,3.0,0.0,1.1202,0.984,-0.1362,126.778
88.49,242.0,3.0,0.0,1.1202,0.984,-0.1362,126.714
88.5,242.0,3.0,0.0,1.1202,0.984,-0.1362,126.795
88.51,242.0,3.0,0.0,1.1202,0.9928,-0.1274,126.842
88.52,242.0,3.0,0.0,1.1202,0.9928,-0.1274,126.748
88.53,242.0,3.0,0.0,1.1202,0.9928,-0.1274,126.699
88.54,242.0,3.0,0.0,1.1202,0.9928,-0.1274,126.874
88.55,242.0,3.0,0.0,1.1202,0.9928,-0.1274,126.601
88.56,242.0,3.0,0.0,1.1202,0.984,-0.1362,126.728
88.57,242.0,3.0,0.0,1.1202,0.9928,-0.1274,126.891
88.58,242.0,3.0,0.0,1.1202,0.984,-0.1362,126.714
88.59,242.0,3.0,0.0,1.1202,0.9928,-0.1274,126.763
88.6,242.0,3.0,0.0,1.1202,0.984,-0.1362,126.68
88.61,242.0,3.0,0.0,1.1202,0.984,-0.1362,126.859
88.62,242.0,3.0,0.0,1.1202,0.984,-0.1362,126.682
88.63,242.0,3.0,0.0,1.1202,0.984,-0.1362,126.747
88.64,242.0,3.0,0.0,1.1202,0.984,-0.1362,126.762
88.65,242.0,3.0,0.0,1.1202,0.984,-0.1362,126.65
88.66,242.0,3.0,0.0,1.1202,0.984,-0.1362,126.76
88.67,242.0,3.0,0.0,1.1202,0.984,-0.1362,126.777
88.68,242.0,3.0,0.0,1.1202,0.984,-0.1362,126.698
88.69,242.0,3.0,0.0,1.1202,0.984,-0.1362,126.876
88.7,242.0,3.0,0.0,1.1202,0.984,-0.1362,126.745
88.71,242.0,3.0,0.0,1.1202,0.984,-0.1362,126.713
88.72,242.0,3.0,0.0,1.1202,0.9753,-0.1449,126.762
88.73,242.0,3.0,0.0,1.1202,0.9753,-0.1449,126.698
88.74,242.0,3.0,0.0,1.1202,0.9753,-0.1449,126.618
88.75,242.0,3.0,0.0,1.1202,0.9753,-0.1449,126.842
88.76,242.0,3.0,0.0,1.1202,0.9753,-0.1449,126.858
88.77,242.0,3.0,0.0,1.1202,0.9753,-0.1449,126.683
88.78,242.0,3.0,0.0,1.1202,0.9665,-0.1537,126.697
88.79,242.0,3.0,0.0,1.1202,0.9753,-0.1449,126.713
88.8,242.0,3.0,0.0,1.1202,0.9753,-0.1449,126.587
88.81,242.0,3.0,0.0,1.1202,0.9753,-0.1449,126.73
88.82,242.0,3.0,0.0,1.1202,0.9753,-0.1449,126.907
88.83,242.0,3.0,0.0,1.1202,0.9753,-0.1449,126.649
88.84,242.0,3.0,0.0,1.1202,0.9753,-0.1449,126.794
88.85,242.0,3.0,0.0,1.1202,0.9753,-0.1449,126.585
88.86,242.0,3.0,0.0,1.1202,0.984,-0.1362,126.778
88.87,242.0,3.0,0.0,1.1202,0.984,-0.1362,126.665
88.88,242.0,3.0,0.0,1.1202,0.9753,-0.1449,126.603
88.89,242.0,3.0,0.0,1.1202,0.9753,-0.1449,126.569
88.9,242.0,3.0,0.0,1.1202,0.9753,-0.1449,126.858
88.91,242.0,3.0,0.0,1.1202,0.9753,-0.1449,126.729
88.92,242.0,3.0,0.0,1.1202,0.9753,-0.1449,126.65
88.93,242.0,3.0,0.0,1.1202,0.9753,-0.1449,126.553
88.94,242.0,3.0,0.0,1.1202,0.9753,-0.1449,126.729
88.95,242.0,3.0,0.0,1.1202,0.9753,-0.1449,126.619
88.96,242.0,3.0,0.0,1.1202,0.9753,-0.1449,126.876
88.97,242.0,3.0,0.0,1.1202,0.984,-0.1362,126.731
88.98,242.0,3.0,0.0,1.1202,0.9753,-0.1449,126.714
88.99,242.0,3.0,0.0,1.1202,0.9753,-0.1449,126.683
89.0,242.0,3.0,0.0,1.1202,0.9753,-0.1449,126.65
89.01,242.0,3.0,0.0,1.1202,0.9753,-0.1449,126.73
89.02,242.0,3.0,0.0,1.1202,0.9665,-0.1537,126.81
89.03,242.0,3.0,0.0,1.1202,0.9665,-0.1537,126.665
89.04,242.0,3.0,0.0,1.1202,0.9665,-0.1537,126.793
89.05,242.0,3.0,0.0,1.1202,0.9665,-0.1537,126.73
89.06,242.0,3.0,0.0,1.1202,0.9665,-0.1537,126.601
89.07,242.0,3.0,0.0,1.1202,0.9665,-0.1537,126.618
89.08,242.0,3.0,0.0,1.1202,0.9665,-0.1537,126.585
89.09,242.0,3.0,0.0,1.1202,0.9665,-0.1537,126.794
89.1,242.0,3.0,0.0,1.1202,0.9665,-0.1537,126.746
89.11,242.0,3.0,0.0,1.1202,0.9665,-0.1537,126.858
89.12,242.0,3.0,0.0,1.1202,0.9665,-0.1537,126.698
89.13,242.0,3.0,0.0,1.1202,0.9665,-0.1537,126.666
89.14,242.0,3.0,0.0,1.1202,0.9665,-0.1537,126.649
89.15,242.0,3.0,0.0,1.1202,0.9665,-0.1537,126.537
89.16,242.0,3.0,0.0,1.1202,0.9753,-0.1449,126.761
89.17,242.0,3.0,0.0,1.1202,0.9753,-0.1449,126.6
89.18,242.0,3.0,0.0,1.1202,0.9753,-0.1449,126.682
89.19,242.0,3.0,0.0,1.1202,0.9753,-0.1449,126.698
89.2,242.0,3.0,0.0,1.1202,0.9753,-0.1449,126.503
89.21,242.0,3.0,0.0,1.1202,0.9753,-0.1449,126.681
89.22,242.0,3.0,0.0,1.1202,0.9753,-0.1449,126.745
89.23,242.0,3.0,0.0,1.1202,0.984,-0.1362,126.778
89.24,242.0,3.0,0.0,1.1202,0.9753,-0.1449,126.81
89.25,242.0,3.0,0.0,1.1202,0.9753,-0.1449,126.665
89.26,242.0,3.0,0.0,1.1202,0.9753,-0.1449,126.634
89.27,242.0,3.0,0.0,1.1202,0.9753,-0.1449,126.646
89.28,242.0,3.0,0.0,1.1202,0.9753,-0.1449,126.647
89.29,242.0,3.0,0.0,1.1202,0.984,-0.1362,126.81
89.3,242.0,3.0,0.0,1.1202,0.9753,-0.1449,126.778
89.31,242.0,3.0,0.0,1.1202,0.9753,-0.1449,126.778
89.32,242.0,3.0,0.0,1.1202,0.9753,-0.1449,126.65
89.33,242.0,3.0,0.0,1.1202,0.9753,-0.1449,126.73
89.34,242.0,3.0,0.0,1.1202,0.9753,-0.1449,126.617
89.35,242.0,3.0,0.0,1.1202,0.9753,-0.1449,126.746
89.36,242.0,3.0,0.0,1.1202,0.9753,-0.1449,126.778
89.37,242.0,3.0,0.0,1.1202,0.9753,-0.1449,126.651
89.38,242.0,3.0,0.0,1.1202,0.9665,-0.1537,126.519
89.39,242.0,3.0,0.0,1.1202,0.9665,-0.1537,126.634
89.4,242.0,3.0,0.0,1.1202,0.9665,-0.1537,126.57
89.41,242.0,3.0,0.0,1.1202,0.9665,-0.1537,126.618
89.42,242.0,3.0,0.0,1.1202,0.9665,-0.1537,126.617
89.43,242.0,3.0,0.0,1.1202,0.9665,-0.1537,126.665
89.44,242.0,3.0,0.0,1.1202,0.9665,-0.1537,126.713
89.45,242.0,3.0,0.0,1.1202,0.9665,-0.1537,126.568
89.46,242.0,3.0,0.0,1.1202,0.9665,-0.1537,126.697
89.47,242.0,3.0,0.0,1.1202,0.9665,-0.1537,126.651
89.48,242.0,3.0,0.0,1.1202,0.9753,-0.1449,126.602
89.49,242.0,3.0,0.0,1.1202,0.9665,-0.1537,126.73
89.5,242.0,3.0,0.0,1.1202,0.9665,-0.1537,126.665
89.51,242.0,3.0,0.0,1.1202,0.9665,-0.1537,126.618
89.52,242.0,3.0,0.0,1.1202,0.9753,-0.1449,126.76
89.53,242.0,3.0,0.0,1.1202,0.9753,-0.1449,126.681
89.54,242.0,3.0,0.0,1.1202,0.9753,-0.1449,126.745
89.55,242.0,3.0,0.0,1.1202,0.9753,-0.1449,126.777
89.56,242.0,3.0,0.0,1.1202,0.9753,-0.1449,126.713
89.57,242.0,3.0,0.0,1.1202,0.9753,-0.1449,126.681
89.58,242.0,3.0,0.0,1.1202,0.9665,-0.1537,126.553
89.59,242.0,3.0,0.0,1.1202,0.9753,-0.1449,126.666
89.6,242.0,3.0,0.0,1.1202,0.9665,-0.1537,126.681
89.61,242.0,3.0,0.0,1.1202,0.9753,-0.1449,126.651
89.62,242.0,3.0,0.0,1.1202,0.9665,-0.1537,126.827
89.63,242.0,3.0,0.0,1.1202,0.9665,-0.1537,126.777
89.64,242.0,3.0,0.0,1.1202,0.9753,-0.1449,126.714
89.65,242.0,3.0,0.0,1.1202,0.9665,-0.1537,126.667
89.66,242.0,3.0,0.0,1.1202,0.9753,-0.1449,126.522
89.67,242.0,3.0,0.0,1.1202,0.9753,-0.1449,126.618
89.68,242.0,3.0,0.0,1.1202,0.9753,-0.1449,126.648
89.69,242.0,3.0,0.0,1.1202,0.9753,-0.1449,126.891
89.7,242.0,3.0,0.0,1.1202,0.9753,-0.1449,126.747
89.71,242.0,3.0,0.0,1.1202,0.984,-0.1362,126.747
89.72,242.0,3.0,0.0,1.1202,0.984,-0.1362,126.682
89.73,242.0,3.0,0.0,1.1202,0.984,-0.1362,126.634
89.74,242.0,3.0,0.0,1.1202,0.9753,-0.1449,126.891
89.75,242.0,3.0,0.0,1.1202,0.9928,-0.1274,126.505
89.76,242.0,3.0,0.0,1.1202,0.984,-0.1362,126.666
89.77,242.0,3.0,0.0,1.1202,0.9753,-0.1449,126.826
89.78,242.0,3.0,0.0,1.1202,0.984,-0.1362,126.778
89.79,242.0,3.0,0.0,1.1202,0.984,-0.1362,126.763
89.8,242.0,3.0,0.0,1.1202,0.984,-0.1362,126.713
89.81,242.0,3.0,0.0,1.1202,0.9928,-0.1274,126.617
89.82,242.0,3.0,0.0,1.1202,0.984,-0.1362,126.777
89.83,242.0,3.0,0.0,1.1202,0.9928,-0.1274,126.73
89.84,242.0,3.0,0.0,1.1202,0.984,-0.1362,126.956
89.85,242.0,3.0,0.0,1.1202,0.984,-0.1362,126.554
89.86,242.0,3.0,0.0,1.1202,0.984,-0.1362,126.584
89.87,242.0,3.0,0.0,1.1202,0.984,-0.1362,126.569
89.88,242.0,3.0,0.0,1.1202,0.984,-0.1362,126.52
89.89,242.0,3.0,0.0,1.1202,0.984,-0.1362,126.858
89.9,242.0,3.0,0.0,1.1202,0.9753,-0.1449,126.682
89.91,242.0,3.0,0.0,1.1202,0.9753,-0.1449,126.586
89.92,242.0,3.0,0.0,1.1202,0.9753,-0.1449,126.601
89.93,242.0,3.0,0.0,1.1202,0.9665,-0.1537,126.648
89.94,242.0,3.0,0.0,1.1202,0.9753,-0.1449,126.601
89.95,242.0,3.0,0.0,1.1202,0.9753,-0.1449,126.632
89.96,242.0,3.0,0.0,1.1202,0.9753,-0.1449,126.73
89.97,242.0,3.0,0.0,1.1202,0.9753,-0.1449,126.635
89.98,242.0,3.0,0.0,1.1202,0.9665,-0.1537,126.746
89.99,242.0,3.0,0.0,1.1202,0.9665,-0.1537,126.713
90.0,242.0,3.0,0.0,1.1202,0.9665,-0.1537,126.504
90.01,242.0,3.0,0.0,1.1202,0.9753,-0.1449,126.73
90.02,242.0,3.0,0.0,1.1202,0.9665,-0.1537,126.777
90.03,242.0,3.0,0.0,1.1202,0.9665,-0.1537,126.681
90.04,242.0,3.0,0.0,1.1202,0.9665,-0.1537,126.762
90.05,242.0,3.0,0.0,1.1202,0.9578,-0.1624,126.697
90.06,242.0,3.0,0.0,1.1202,0.9665,-0.1537,126.585
90.07,242.0,3.0,0.0,1.1202,0.9665,-0.1537,126.6
90.08,242.0,3.0,0.0,1.1202,0.9665,-0.1537,126.746
90.09,242.0,3.0,0.0,1.1202,0.9665,-0.1537,126.908
90.1,242.0,3.0,0.0,1.1202,0.9665,-0.1537,126.681
90.11,242.0,3.0,0.0,1.1202,0.9665,-0.1537,126.553
90.12,242.0,3.0,0.0,1.1202,0.9665,-0.1537,126.666
90.13,242.0,3.0,0.0,1.1202,0.9665,-0.1537,126.585
90.14,242.0,3.0,0.0,1.1202,0.9665,-0.1537,126.633
90.15,242.0,3.0,0.0,1.1202,0.9665,-0.1537,126.809
90.16,242.0,3.0,0.0,1.1202,0.9665,-0.1537,126.713
90.17,242.0,3.0,0.0,1.1202,0.9665,-0.1537,126.745
90.18,242.0,3.0,0.0,1.1202,0.9665,-0.1537,126.602
90.19,242.0,3.0,0.0,1.1202,0.9665,-0.1537,126.585
90.2,242.0,3.0,0.0,1.1202,0.9753,-0.1449,126.52
90.21,242.0,3.0,0.0,1.1202,0.9665,-0.1537,126.778
90.22,242.0,3.0,0.0,1.1202,0.9665,-0.1537,126.65
90.23,242.0,3.0,0.0,1.1202,0.9665,-0.1537,126.681
90.24,242.0,3.0,0.0,1.1202,0.9665,-0.1537,126.681
90.25,242.0,3.0,0.0,1.1202,0.9665,-0.1537,126.618
90.26,242.0,3.0,0.0,1.1202,0.9665,-0.1537,126.778
90.27,242.0,3.0,0.0,1.1202,0.9665,-0.1537,126.827
90.28,242.0,3.0,0.0,1.1202,0.9753,-0.1449,126.747
90.29,242.0,3.0,0.0,1.1202,0.9665,-0.1537,126.682
90.3,242.0,3.0,0.0,1.1202,0.9665,-0.1537,126.713
90.31,242.0,3.0,0.0,1.1202,0.9753,-0.1449,126.567
90.32,242.0,3.0,0.0,1.1202,0.9753,-0.1449,126.568
90.33,242.0,3.0,0.0,1.1202,0.9578,-0.1624,126.665
90.34,242.0,3.0,0.0,1.1202,0.9578,-0.1624,126.601
90.35,242.0,3.0,0.0,1.1202,0.9665,-0.1537,126.6
90.36,242.0,3.0,0.0,1.1202,0.9665,-0.1537,126.551
90.37,242.0,3.0,0.0,1.1202,0.9665,-0.1537,126.697
90.38,242.0,3.0,0.0,1.1202,0.9578,-0.1624,126.601
90.39,242.0,3.0,0.0,1.1202,0.9753,-0.1449,126.57
90.4,242.0,3.0,0.0,1.1202,0.9578,-0.1624,126.795
90.41,242.0,3.0,0.0,1.1202,0.9753,-0.1449,126.794
90.42,242.0,3.0,0.0,1.1202,0.9665,-0.1537,126.632
90.43,242.0,3.0,0.0,1.1202,0.9753,-0.1449,126.633
90.44,242.0,3.0,0.0,1.1202,0.9753,-0.1449,126.68
90.45,242.0,3.0,0.0,1.1202,0.9578,-0.1624,126.553
90.46,242.0,3.0,0.0,1.1202,0.9753,-0.1449,126.762
90.47,242.0,3.0,0.0,1.1202,0.9753,-0.1449,126.682
90.48,242.0,3.0,0.0,1.1202,0.9753,-0.1449,126.698
90.49,242.0,3.0,0.0,1.1202,0.9753,-0.1449,126.537
90.5,242.0,3.0,0.0,1.1202,0.9753,-0.1449,126.537
90.51,242.0,3.0,0.0,1.1202,0.9753,-0.1449,126.778
90.52,242.0,3.0,0.0,1.1202,0.9753,-0.1449,126.617
90.53,242.0,3.0,0.0,1.1202,0.9753,-0.1449,126.665
90.54,242.0,3.0,0.0,1.1202,0.9753,-0.1449,126.777
90.55,242.0,3.0,0.0,1.1202,0.9753,-0.1449,126.616
90.56,242.0,3.0,0.0,1.1202,0.9753,-0.1449,126.681
90.57,242.0,3.0,0.0,1.1202,0.9665,-0.1537,126.697
90.58,242.0,3.0,0.0,1.1202,0.9753,-0.1449,126.65
90.59,242.0,3.0,0.0,1.1202,0.9665,-0.1537,126.714
90.6,242.0,3.0,0.0,1.1202,0.9753,-0.1449,126.617
90.61,242.0,3.0,0.0,1.1202,0.9753,-0.1449,126.665
90.62,242.0,3.0,0.0,1.1202,0.9753,-0.1449,126.615
90.63,242.0,3.0,0.0,1.1202,0.9753,-0.1449,126.57
90.64,242.0,3.0,0.0,1.1202,0.984,-0.1362,126.665
90.65,242.0,3.0,0.0,1.1202,0.9753,-0.1449,126.633
90.66,242.0,3.0,0.0,1.1202,0.9753,-0.1449,126.505
90.67,242.0,3.0,0.0,1.1202,0.9753,-0.1449,126.713
90.68,242.0,3.0,0.0,1.1202,0.9753,-0.1449,126.553
90.69,242.0,3.0,0.0,1.1202,0.9753,-0.1449,126.633
90.7,242.0,3.0,0.0,1.1202,0.984,-0.1362,126.68
90.71,242.0,3.0,0.0,1.1202,0.9753,-0.1449,126.681
90.72,242.0,3.0,0.0,1.1202,0.9753,-0.1449,126.617
90.73,242.0,3.0,0.0,1.1202,0.9753,-0.1449,126.616
90.74,242.0,3.0,0.0,1.1202,0.9753,-0.1449,126.649
90.75,242.0,3.0,0.0,1.1202,0.9753,-0.1449,126.73
90.76,242.0,3.0,0.0,1.1202,0.984,-0.1362,126.715
90.77,242.0,3.0,0.0,1.1202,0.9753,-0.1449,126.729
90.78,242.0,3.0,0.0,1.1202,0.984,-0.1362,126.649
90.79,242.0,3.0,0.0,1.1202,0.984,-0.1362,126.665
90.8,242.0,3.0,0.0,1.1202,0.9753,-0.1449,126.425
90.81,242.0,3.0,0.0,1.1202,0.9753,-0.1449,126.665
90.82,242.0,3.0,0.0,1.1202,0.9753,-0.1449,126.711
90.83,242.0,3.0,0.0,1.1202,0.984,-0.1362,126.697
90.84,242.0,3.0,0.0,1.1202,0.984,-0.1362,126.809
90.85,242.0,3.0,0.0,1.1202,0.9753,-0.1449,126.392
90.86,242.0,3.0,0.0,1.1202,0.9753,-0.1449,126.618
90.87,242.0,3.0,0.0,1.1202,0.984,-0.1362,126.585
90.88,242.0,3.0,0.0,1.1202,0.9753,-0.1449,126.681
90.89,242.0,3.0,0.0,1.1202,0.9753,-0.1449,126.697
90.9,242.0,3.0,0.0,1.1202,0.984,-0.1362,126.682
90.91,242.0,3.0,0.0,1.1202,0.9753,-0.1449,126.762
90.92,242.0,3.0,0.0,1.1202,0.9753,-0.1449,126.553
90.93,242.0,3.0,0.0,1.1202,0.984,-0.1362,126.794
90.94,242.0,3.0,0.0,1.1202,0.9753,-0.1449,126.602
90.95,242.0,3.0,0.0,1.1202,0.984,-0.1362,126.553
90.96,242.0,3.0,0.0,1.1202,0.984,-0.1362,126.617
90.97,242.0,3.0,0.0,1.1202,0.9753,-0.1449,126.762
90.98,242.0,3.0,0.0,1.1202,0.9753,-0.1449,126.617
90.99,242.0,3.0,0.0,1.1202,0.984,-0.1362,126.554
91.0,242.0,3.0,0.0,1.1202,0.9665,-0.1537,126.568
91.01,242.0,3.0,0.0,1.1202,0.9753,-0.1449,126.599
91.02,242.0,3.0,0.0,1.1202,0.9753,-0.1449,126.632
91.03,242.0,3.0,0.0,1.1202,0.9753,-0.1449,126.632
91.04,242.0,3.0,0.0,1.1202,0.984,-0.1362,126.649
91.05,242.0,3.0,0.0,1.1202,0.984,-0.1362,126.713
91.06,242.0,3.0,0.0,1.1202,0.984,-0.1362,126.635
91.07,242.0,3.0,0.0,1.1202,0.9753,-0.1449,126.424
91.08,242.0,3.0,0.0,1.1202,0.9753,-0.1449,126.601
91.09,242.0,3.0,0.0,1.1202,0.9665,-0.1537,126.793
91.1,242.0,3.0,0.0,1.1202,0.9753,-0.1449,126.697
91.11,242.0,3.0,0.0,1.1202,0.9665,-0.1537,126.682
91.12,242.0,3.0,0.0,1.1202,0.984,-0.1362,126.682
91.13,242.0,3.0,0.0,1.1202,0.9753,-0.1449,126.537
91.14,242.0,3.0,0.0,1.1202,0.9753,-0.1449,126.795
91.15,242.0,3.0,0.0,1.1202,0.984,-0.1362,126.699
91.16,242.0,3.0,0.0,1.1202,0.984,-0.1362,126.664
91.17,242.0,3.0,0.0,1.1202,0.9753,-0.1449,126.682
91.18,242.0,3.0,0.0,1.1202,0.9753,-0.1449,126.473
91.19,242.0,3.0,0.0,1.1202,0.9753,-0.1449,126.535
91.2,242.0,3.0,0.0,1.1202,0.984,-0.1362,126.666
91.21,242.0,3.0,0.0,1.1202,0.984,-0.1362,126.522
91.22,242.0,3.0,0.0,1.1202,0.984,-0.1362,126.682
91.23,242.0,3.0,0.0,1.1202,0.9928,-0.1274,126.713
91.24,242.0,3.0,0.0,1.1202,0.9753,-0.1449,126.828
91.25,242.0,3.0,0.0,1.1202,0.9753,-0.1449,126.715
91.26,242.0,3.0,0.0,1.1202,0.9753,-0.1449,126.617
91.27,242.0,3.0,0.0,1.1202,0.9753,-0.1449,126.712
91.28,242.0,3.0,0.0,1.1202,0.9753,-0.1449,126.858
91.29,242.0,3.0,0.0,1.1202,0.984,-0.1362,126.698
91.3,242.0,3.0,0.0,1.1202,0.984,-0.1362,126.666
91.31,242.0,3.0,0.0,1.1202,0.984,-0.1362,126.681
91.32,242.0,3.0,0.0,1.1202,0.984,-0.1362,126.65
91.33,242.0,3.0,0.0,1.1202,0.984,-0.1362,126.632
91.34,242.0,3.0,0.0,1.1202,0.9753,-0.1449,126.569
91.35,242.0,3.0,0.0,1.1202,0.9753,-0.1449,126.553
91.36,242.0,3.0,0.0,1.1202,0.9753,-0.1449,126.744
91.37,242.0,3.0,0.0,1.1202,0.984,-0.1362,126.907
91.38,242.0,3.0,0.0,1.1202,0.9928,-0.1274,126.602
91.39,242.0,3.0,0.0,1.1202,0.984,-0.1362,126.665
91.4,242.0,3.0,0.0,1.1202,0.984,-0.1362,126.65
91.41,242.0,3.0,0.0,1.1202,0.984,-0.1362,126.746
91.42,242.0,3.0,0.0,1.1202,0.984,-0.1362,126.778
91.43,242.0,3.0,0.0,1.1202,0.984,-0.1362,126.731
91.44,242.0,3.0,0.0,1.1202,0.984,-0.1362,126.681
91.45,242.0,3.0,0.0,1.1202,0.984,-0.1362,126.537
91.46,242.0,3.0,0.0,1.1202,0.9753,-0.1449,126.761
91.47,242.0,3.0,0.0,1.1202,0.9753,-0.1449,126.729
91.48,242.0,3.0,0.0,1.1202,0.9665,-0.1537,126.715
91.49,242.0,3.0,0.0,1.1202,0.9753,-0.1449,126.713
91.5,242.0,3.0,0.0,1.1202,0.9753,-0.1449,126.633
91.51,242.0,3.0,0.0,1.1202,0.9665,-0.1537,126.696
91.52,242.0,3.0,0.0,1.1202,0.9665,-0.1537,126.569
91.53,242.0,3.0,0.0,1.1202,0.9753,-0.1449,126.518
91.54,242.0,3.0,0.0,1.1202,0.9665,-0.1537,126.713
91.55,242.0,3.0,0.0,1.1202,0.9753,-0.1449,126.698
91.56,242.0,3.0,0.0,1.1202,0.9665,-0.1537,126.665
91.57,242.0,3.0,0.0,1.1202,0.9753,-0.1449,126.745
91.58,242.0,3.0,0.0,1.1202,0.9753,-0.1449,126.408
91.59,242.0,3.0,0.0,1.1202,0.9665,-0.1537,126.714
91.6,242.0,3.0,0.0,1.1202,0.9665,-0.1537,126.617
91.61,242.0,3.0,0.0,1.1202,0.9665,-0.1537,126.633
91.62,242.0,3.0,0.0,1.1202,0.9753,-0.1449,126.665
91.63,242.0,3.0,0.0,1.1202,0.9665,-0.1537,126.633
91.64,242.0,3.0,0.0,1.1202,0.9665,-0.1537,126.714
91.65,242.0,3.0,0.0,1.1202,0.9665,-0.1537,126.601
91.66,242.0,3.0,0.0,1.1202,0.9578,-0.1624,126.618
91.67,242.0,3.0,0.0,1.1202,0.9665,-0.1537,126.666
91.68,242.0,3.0,0.0,1.1202,0.9665,-0.1537,126.666
91.69,242.0,3.0,0.0,1.1202,0.9753,-0.1449,126.745
91.7,242.0,3.0,0.0,1.1202,0.9753,-0.1449,126.633
91.71,242.0,3.0,0.0,1.1202,0.984,-0.1362,126.633
91.72,242.0,3.0,0.0,1.1202,0.984,-0.1362,126.584
91.73,242.0,3.0,0.0,1.1202,0.984,-0.1362,126.537
91.74,242.0,3.0,0.0,1.1202,0.9928,-0.1274,126.601
91.75,242.0,3.0,0.0,1.1202,0.9753,-0.1449,126.714
91.76,242.0,3.0,0.0,1.1202,0.9753,-0.1449,126.503
91.77,242.0,3.0,0.0,1.1202,0.984,-0.1362,126.681
91.78,242.0,3.0,0.0,1.1202,0.9753,-0.1449,126.601
91.79,242.0,3.0,0.0,1.1202,0.984,-0.1362,126.665
91.8,242.0,3.0,0.0,1.1202,0.984,-0.1362,126.472
91.81,242.0,3.0,0.0,1.1202,0.9928,-0.1274,126.567
91.82,242.0,3.0,0.0,1.1202,0.9753,-0.1449,126.728
91.83,242.0,3.0,0.0,1.1202,0.984,-0.1362,126.666
91.84,242.0,3.0,0.0,1.1202,0.9753,-0.1449,126.81
91.85,242.0,3.0,0.0,1.1202,0.9753,-0.1449,126.553
91.86,242.0,3.0,0.0,1.1202,0.9753,-0.1449,126.682
91.87,242.0,3.0,0.0,1.1202,0.9753,-0.1449,126.649
91.88,242.0,3.0,0.0,1.1202,0.984,-0.1362,126.616
91.89,242.0,3.0,0.0,1.1202,0.9665,-0.1537,126.728
91.9,242.0,3.0,0.0,1.1202,0.9753,-0.1449,126.664
91.91,242.0,3.0,0.0,1.1202,0.9753,-0.1449,126.664
91.92,242.0,3.0,0.0,1.1202,0.9665,-0.1537,126.73
91.93,242.0,3.0,0.0,1.1202,0.9753,-0.1449,126.603
91.94,242.0,3.0,0.0,1.1202,0.9665,-0.1537,126.809
91.95,242.0,3.0,0.0,1.1202,0.9665,-0.1537,126.584
91.96,242.0,3.0,0.0,1.1202,0.984,-0.1362,126.696
91.97,242.0,3.0,0.0,1.1202,0.984,-0.1362,126.762
91.98,242.0,3.0,0.0,1.1202,1.0015,-0.1187,126.488
91.99,242.0,3.0,0.0,1.1202,0.9928,-0.1274,126.696
92.0,242.0,3.0,0.0,1.1202,0.9928,-0.1274,126.793
92.01,242.0,3.0,0.0,1.1202,0.984,-0.1362,126.681
92.02,242.0,3.0,0.0,1.1202,0.984,-0.1362,126.713
92.03,242.0,3.0,0.0,1.1202,0.984,-0.1362,126.519
92.04,242.0,3.0,0.0,1.1202,0.984,-0.1362,126.747
92.05,242.0,3.0,0.0,1.1202,0.9753,-0.1449,126.65
92.06,242.0,3.0,0.0,1.1202,0.9753,-0.1449,126.681
92.07,242.0,3.0,0.0,1.1202,0.9753,-0.1449,126.697
92.08,242.0,3.0,0.0,1.1202,0.9753,-0.1449,126.537
92.09,242.0,3.0,0.0,1.1202,0.9753,-0.1449,126.616
92.1,242.0,3.0,0.0,1.1202,0.9753,-0.1449,126.681
92.11,242.0,3.0,0.0,1.1202,0.9753,-0.1449,126.649
92.12,242.0,3.0,0.0,1.1202,0.9753,-0.1449,126.681
92.13,242.0,3.0,0.0,1.1202,0.9753,-0.1449,126.569
92.14,242.0,3.0,0.0,1.1202,0.9753,-0.1449,126.697
92.15,242.0,3.0,0.0,1.1202,0.9665,-0.1537,126.632
92.16,242.0,3.0,0.0,1.1202,0.9665,-0.1537,126.536
92.17,242.0,3.0,0.0,1.1202,0.9665,-0.1537,126.714
92.18,242.0,3.0,0.0,1.1202,0.9665,-0.1537,126.651
92.19,242.0,3.0,0.0,1.1202,0.9665,-0.1537,126.651
92.2,242.0,3.0,0.0,1.1202,0.9665,-0.1537,126.729
92.21,242.0,3.0,0.0,1.1202,0.9665,-0.1537,126.537
92.22,242.0,3.0,0.0,1.1202,0.9665,-0.1537,126.696
92.23,242.0,3.0,0.0,1.1202,0.9753,-0.1449,126.729
92.24,242.0,3.0,0.0,1.1202,0.9753,-0.1449,126.778
92.25,242.0,3.0,0.0,1.1202,0.9753,-0.1449,126.681
92.26,242.0,3.0,0.0,1.1202,0.9753,-0.1449,126.585
92.27,242.0,3.0,0.0,1.1202,0.9753,-0.1449,126.696
92.28,242.0,3.0,0.0,1.1202,0.9753,-0.1449,126.696
92.29,242.0,3.0,0.0,1.1202,0.9753,-0.1449,126.746
92.3,242.0,3.0,0.0,1.1202,0.9753,-0.1449,126.761
92.31,242.0,3.0,0.0,1.1202,0.9753,-0.1449,126.617
92.32,242.0,3.0,0.0,1.1202,0.9665,-0.1537,126.583
92.33,242.0,3.0,0.0,1.1202,0.9665,-0.1537,126.648
92.34,242.0,3.0,0.0,1.1202,0.9665,-0.1537,126.553
92.35,242.0,3.0,0.0,1.1202,0.9665,-0.1537,126.6
92.36,242.0,3.0,0.0,1.1202,0.9665,-0.1537,126.537
92.37,242.0,3.0,0.0,1.1202,0.9665,-0.1537,126.631
92.38,242.0,3.0,0.0,1.1202,0.9578,-0.1624,126.616
92.39,242.0,3.0,0.0,1.1202,0.9665,-0.1537,126.552
92.4,242.0,3.0,0.0,1.1202,0.9665,-0.1537,126.6
92.41,242.0,3.0,0.0,1.1202,0.9665,-0.1537,126.569
92.42,242.0,3.0,0.0,1.1202,0.9665,-0.1537,126.665
92.43,242.0,3.0,0.0,1.1202,0.9665,-0.1537,126.681
92.44,242.0,3.0,0.0,1.1202,0.9665,-0.1537,126.632
92.45,242.0,3.0,0.0,1.1202,0.9665,-0.1537,126.585
92.46,242.0,3.0,0.0,1.1202,0.9753,-0.1449,126.519
92.47,242.0,3.0,0.0,1.1202,0.9665,-0.1537,126.729
92.48,242.0,3.0,0.0,1.1202,0.9665,-0.1537,126.585
92.49,242.0,3.0,0.0,1.1202,0.984,-0.1362,126.761
92.5,242.0,3.0,0.0,1.1202,0.984,-0.1362,126.633
92.51,242.0,3.0,0.0,1.1202,0.9665,-0.1537,126.617
92.52,242.0,3.0,0.0,1.1202,0.9753,-0.1449,126.713
92.53,242.0,3.0,0.0,1.1202,0.9753,-0.1449,126.617
92.54,242.0,3.0,0.0,1.1202,0.9753,-0.1449,126.826
92.55,242.0,3.0,0.0,1.1202,0.984,-0.1362,126.649
92.56,242.0,3.0,0.0,1.1202,0.9753,-0.1449,126.537
92.57,242.0,3.0,0.0,1.1202,0.984,-0.1362,126.615
92.58,242.0,3.0,0.0,1.1202,0.984,-0.1362,126.504
92.59,242.0,3.0,0.0,1.1202,0.984,-0.1362,126.616
92.6,242.0,3.0,0.0,1.1202,0.9753,-0.1449,126.712
92.61,242.0,3.0,0.0,1.1202,0.9753,-0.1449,126.665
92.62,242.0,3.0,0.0,1.1202,0.984,-0.1362,126.793
92.63,242.0,3.0,0.0,1.1202,0.984,-0.1362,126.65
92.64,242.0,3.0,0.0,1.1202,0.984,-0.1362,126.713
92.65,242.0,3.0,0.0,1.1202,0.984,-0.1362,126.65
92.66,242.0,3.0,0.0,1.1202,0.984,-0.1362,126.634
92.67,242.0,3.0,0.0,1.1202,0.9753,-0.1449,126.794
92.68,242.0,3.0,0.0,1.1202,0.9753,-0.1449,126.585
92.69,242.0,3.0,0.0,1.1202,0.9753,-0.1449,126.599
92.7,242.0,3.0,0.0,1.1202,0.9753,-0.1449,126.729
92.71,242.0,3.0,0.0,1.1202,0.9753,-0.1449,126.617
92.72,242.0,3.0,0.0,1.1202,0.984,-0.1362,126.714
92.73,242.0,3.0,0.0,1.1202,0.984,-0.1362,126.569
92.74,242.0,3.0,0.0,1.1202,0.984,-0.1362,126.665
92.75,242.0,3.0,0.0,1.1202,0.9753,-0.1449,126.617
92.76,242.0,3.0,0.0,1.1202,0.984,-0.1362,126.472
92.77,242.0,3.0,0.0,1.1202,0.984,-0.1362,126.68
92.78,242.0,3.0,0.0,1.1202,0.984,-0.1362,126.65
92.79,242.0,3.0,0.0,1.1202,0.9753,-0.1449,126.714
92.8,242.0,3.0,0.0,1.1202,0.984,-0.1362,126.664
92.81,242.0,3.0,0.0,1.1202,0.984,-0.1362,126.664
92.82,242.0,3.0,0.0,1.1202,0.9753,-0.1449,126.616
92.83,242.0,3.0,0.0,1.1202,0.9753,-0.1449,126.601
92.84,242.0,3.0,0.0,1.1202,0.984,-0.1362,126.6
92.85,242.0,3.0,0.0,1.1202,0.9753,-0.1449,126.731
92.86,242.0,3.0,0.0,1.1202,0.9753,-0.1449,126.505
92.87,242.0,3.0,0.0,1.1202,0.984,-0.1362,126.682
92.88,242.0,3.0,0.0,1.1202,0.9753,-0.1449,126.761
92.89,242.0,3.0,0.0,1.1202,0.984,-0.1362,126.504
92.9,242.0,3.0,0.0,1.1202,0.9665,-0.1537,126.68
92.91,242.0,3.0,0.0,1.1202,0.9665,-0.1537,126.618
92.92,242.0,3.0,0.0,1.1202,0.9665,-0.1537,126.648
92.93,242.0,3.0,0.0,1.1202,0.9665,-0.1537,126.601
92.94,242.0,3.0,0.0,1.1202,0.9753,-0.1449,126.744
92.95,242.0,3.0,0.0,1.1202,0.9665,-0.1537,126.568
92.96,242.0,3.0,0.0,1.1202,0.9753,-0.1449,126.874
92.97,242.0,3.0,0.0,1.1202,0.9753,-0.1449,126.827
92.98,242.0,3.0,0.0,1.1202,0.9665,-0.1537,126.602
92.99,242.0,3.0,0.0,1.1202,0.9665,-0.1537,126.52
93.0,242.0,3.0,0.0,1.1202,0.984,-0.1362,126.599
93.01,242.0,3.0,0.0,1.1202,0.9665,-0.1537,126.552
93.02,242.0,3.0,0.0,1.1202,0.984,-0.1362,126.73
93.03,242.0,3.0,0.0,1.1202,0.9753,-0.1449,126.666
93.04,242.0,3.0,0.0,1.1202,0.9665,-0.1537,126.65
93.05,242.0,3.0,0.0,1.1202,0.9665,-0.1537,126.407
93.06,242.0,3.0,0.0,1.1202,0.9665,-0.1537,126.713
93.07,242.0,3.0,0.0,1.1202,0.9665,-0.1537,126.553
93.08,242.0,3.0,0.0,1.1202,0.9753,-0.1449,126.456
93.09,242.0,3.0,0.0,1.1202,0.9753,-0.1449,126.583
93.1,242.0,3.0,0.0,1.1202,0.9753,-0.1449,126.536
93.11,242.0,3.0,0.0,1.1202,0.9753,-0.1449,126.552
93.12,242.0,3.0,0.0,1.1202,0.9753,-0.1449,126.697
93.13,242.0,3.0,0.0,1.1202,0.9753,-0.1449,126.553
93.14,242.0,3.0,0.0,1.1202,0.9665,-0.1537,126.696
93.15,242.0,3.0,0.0,1.1202,0.9753,-0.1449,126.728
93.16,242.0,3.0,0.0,1.1202,0.9753,-0.1449,126.617
93.17,242.0,3.0,0.0,1.1202,0.9753,-0.1449,126.648
93.18,242.0,3.0,0.0,1.1202,0.9753,-0.1449,126.488
93.19,242.0,3.0,0.0,1.1202,0.9753,-0.1449,126.745
93.2,242.0,3.0,0.0,1.1202,0.9753,-0.1449,126.761
93.21,242.0,3.0,0.0,1.1202,0.9753,-0.1449,126.697
93.22,242.0,3.0,0.0,1.1202,0.984,-0.1362,126.665
93.23,242.0,3.0,0.0,1.1202,0.9753,-0.1449,126.794
93.24,242.0,3.0,0.0,1.1202,0.9753,-0.1449,126.455
93.25,242.0,3.0,0.0,1.1202,0.9753,-0.1449,126.664
93.26,242.0,3.0,0.0,1.1202,0.9753,-0.1449,126.536
93.27,242.0,3.0,0.0,1.1202,0.9753,-0.1449,126.649
93.28,242.0,3.0,0.0,1.1202,0.984,-0.1362,126.68
93.29,242.0,3.0,0.0,1.1202,0.9753,-0.1449,126.761
93.3,242.0,3.0,0.0,1.1202,0.9753,-0.1449,126.714
93.31,242.0,3.0,0.0,1.1202,0.9753,-0.1449,126.617
93.32,242.0,3.0,0.0,1.1202,0.984,-0.1362,126.76
93.33,242.0,3.0,0.0,1.1202,0.9753,-0.1449,126.553
93.34,242.0,3.0,0.0,1.1202,0.9753,-0.1449,126.601
93.35,242.0,3.0,0.0,1.1202,0.9753,-0.1449,126.695
93.36,242.0,3.0,0.0,1.1202,0.9753,-0.1449,126.521
93.37,242.0,3.0,0.0,1.1202,0.9753,-0.1449,126.616
93.38,242.0,3.0,0.0,1.1202,0.9753,-0.1449,126.713
93.39,242.0,3.0,0.0,1.1202,0.9665,-0.1537,126.7
93.4,242.0,3.0,0.0,1.1202,0.9753,-0.1449,126.633
93.41,242.0,3.0,0.0,1.1202,0.9753,-0.1449,126.68
93.42,242.0,3.0,0.0,1.1202,0.9753,-0.1449,126.665
93.43,242.0,3.0,0.0,1.1202,0.9665,-0.1537,126.633
93.44,242.0,3.0,0.0,1.1202,0.9665,-0.1537,126.601
93.45,242.0,3.0,0.0,1.1202,0.9753,-0.1449,126.761
93.46,242.0,3.0,0.0,1.1202,0.9753,-0.1449,126.698
93.47,242.0,3.0,0.0,1.1202,0.9753,-0.1449,126.537
93.48,242.0,3.0,0.0,1.1202,0.9665,-0.1537,126.519
93.49,242.0,3.0,0.0,1.1202,0.9753,-0.1449,126.664
93.5,242.0,3.0,0.0,1.1202,0.9753,-0.1449,126.585
93.51,242.0,3.0,0.0,1.1202,0.9753,-0.1449,126.584
93.52,242.0,3.0,0.0,1.1202,0.9753,-0.1449,126.746
93.53,242.0,3.0,0.0,1.1202,0.9753,-0.1449,126.569
93.54,242.0,3.0,0.0,1.1202,0.9753,-0.1449,126.68
93.55,242.0,3.0,0.0,1.1202,0.984,-0.1362,126.6
93.56,242.0,3.0,0.0,1.1202,0.9665,-0.1537,126.553
93.57,242.0,3.0,0.0,1.1202,0.9665,-0.1537,126.729
93.58,242.0,3.0,0.0,1.1202,0.9753,-0.1449,126.617
93.59,242.0,3.0,0.0,1.1202,0.9753,-0.1449,126.584
93.6,242.0,3.0,0.0,1.1202,0.9753,-0.1449,126.568
93.61,242.0,3.0,0.0,1.1202,0.9753,-0.1449,126.599
93.62,242.0,3.0,0.0,1.1202,0.9753,-0.1449,126.746
93.63,242.0,3.0,0.0,1.1202,0.984,-0.1362,126.762
93.64,242.0,3.0,0.0,1.1202,0.9753,-0.1449,126.569
93.65,242.0,3.0,0.0,1.1202,0.9665,-0.1537,126.52
93.66,242.0,3.0,0.0,1.1202,0.9753,-0.1449,126.52
93.67,242.0,3.0,0.0,1.1202,0.9753,-0.1449,126.521
93.68,242.0,3.0,0.0,1.1202,0.984,-0.1362,126.632
93.69,242.0,3.0,0.0,1.1202,0.984,-0.1362,126.536
93.7,242.0,3.0,0.0,1.1202,0.984,-0.1362,126.777
93.71,242.0,3.0,0.0,1.1202,0.984,-0.1362,126.456
93.72,242.0,3.0,0.0,1.1202,0.984,-0.1362,126.631
93.73,242.0,3.0,0.0,1.1202,0.9753,-0.1449,126.519
93.74,242.0,3.0,0.0,1.1202,0.9753,-0.1449,126.648
93.75,242.0,3.0,0.0,1.1202,0.9753,-0.1449,126.697
93.76,242.0,3.0,0.0,1.1202,0.9753,-0.1449,126.681
93.77,242.0,3.0,0.0,1.1202,0.9753,-0.1449,126.57
93.78,242.0,3.0,0.0,1.1202,0.9753,-0.1449,126.422
93.79,242.0,3.0,0.0,1.1202,0.984,-0.1362,126.696
93.8,242.0,3.0,0.0,1.1202,0.984,-0.1362,126.584
93.81,242.0,3.0,0.0,1.1202,0.9665,-0.1537,126.521
93.82,242.0,3.0,0.0,1.1202,0.984,-0.1362,126.697
93.83,242.0,3.0,0.0,1.1202,0.9753,-0.1449,126.569
93.84,242.0,3.0,0.0,1.1202,0.984,-0.1362,126.811
93.85,242.0,3.0,0.0,1.1202,0.984,-0.1362,126.634
93.86,242.0,3.0,0.0,1.1202,0.984,-0.1362,126.681
93.87,242.0,3.0,0.0,1.1202,0.984,-0.1362,126.681
93.88,242.0,3.0,0.0,1.1202,0.984,-0.1362,126.585
93.89,242.0,3.0,0.0,1.1202,0.984,-0.1362,126.616
93.9,242.0,3.0,0.0,1.1202,0.9753,-0.1449,126.679
93.91,242.0,3.0,0.0,1.1202,0.984,-0.1362,126.681
93.92,242.0,3.0,0.0,1.1202,0.9753,-0.1449,126.729
93.93,242.0,3.0,0.0,1.1202,0.9753,-0.1449,126.634
93.94,242.0,3.0,0.0,1.1202,0.9753,-0.1449,126.712
93.95,242.0,3.0,0.0,1.1202,0.984,-0.1362,126.633
93.96,242.0,3.0,0.0,1.1202,0.9665,-0.1537,126.649
93.97,242.0,3.0,0.0,1.1202,0.9753,-0.1449,126.601
93.98,242.0,3.0,0.0,1.1202,0.9665,-0.1537,126.44
93.99,242.0,3.0,0.0,1.1202,0.9753,-0.1449,126.729
94.0,242.0,3.0,0.0,1.1202,0.9753,-0.1449,126.602
94.01,242.0,3.0,0.0,1.1202,0.9753,-0.1449,126.617
94.02,242.0,3.0,0.0,1.1202,0.9753,-0.1449,126.647
94.03,242.0,3.0,0.0,1.1202,0.9753,-0.1449,126.47
94.04,242.0,3.0,0.0,1.1202,0.984,-0.1362,126.52
94.05,242.0,3.0,0.0,1.1202,0.9665,-0.1537,126.503
94.06,242.0,3.0,0.0,1.1202,0.984,-0.1362,126.568
94.07,242.0,3.0,0.0,1.1202,0.9753,-0.1449,126.778
94.08,242.0,3.0,0.0,1.1202,0.984,-0.1362,126.585
94.09,242.0,3.0,0.0,1.1202,0.984,-0.1362,126.745
94.1,242.0,3.0,0.0,1.1202,0.9753,-0.1449,126.632
94.11,242.0,3.0,0.0,1.1202,0.9665,-0.1537,126.585
94.12,242.0,3.0,0.0,1.1202,0.984,-0.1362,126.617
94.13,242.0,3.0,0.0,1.1202,0.984,-0.1362,126.698
94.14,242.0,3.0,0.0,1.1202,0.984,-0.1362,126.6
94.15,242.0,3.0,0.0,1.1202,0.9753,-0.1449,126.569
94.16,242.0,3.0,0.0,1.1202,0.9753,-0.1449,126.666
94.17,242.0,3.0,0.0,1.1202,0.984,-0.1362,126.666
94.18,242.0,3.0,0.0,1.1202,0.984,-0.1362,126.666
94.19,242.0,3.0,0.0,1.1202,0.984,-0.1362,126.618
94.2,242.0,3.0,0.0,1.1202,0.984,-0.1362,123.107
94.21,24.0,0.0,10.0,48.2954,1.9294,-46.366,0.093
94.22,24.0,0.0,10.0,48.2954,4.1176,-44.1778,-0.265
94.23,24.0,0.0,10.0,48.2954,10.5862,-37.7092,-1.46
94.24,24.0,0.0,10.0,48.2954,17.7899,-30.5055,-0.684
94.25,24.0,0.0,10.0,48.2954,24.9587,-23.3367,-0.507
94.26,24.0,0.0,10.0,48.2954,32.0924,-16.203,-1.072
94.27,24.0,0.0,10.0,48.2954,39.1824,-9.113,-0.798
94.28,24.0,0.0,10.0,48.2954,46.0623,-2.2331,-0.798
94.29,24.0,0.0,10.0,48.2954,52.7409,4.4455,-0.798
94.3,24.0,0.0,10.0,48.2954,53.7212,5.4258,-0.877
94.31,24.0,0.0,10.0,48.2954,53.8613,5.5659,-0.717
94.32,24.0,0.0,10.0,48.2954,53.87,5.5746,-0.716
94.33,24.0,0.0,10.0,48.2954,53.8525,5.5571,-0.958
94.34,24.0,0.0,10.0,48.2954,53.8525,5.5571,-0.636
94.35,24.0,0.0,10.0,48.2954,53.8525,5.5571,-0.749
94.36,24.0,0.0,10.0,48.2954,53.87,5.5746,-0.685
94.37,24.0,0.0,10.0,48.2954,53.9051,5.6097,-0.781
94.38,24.0,0.0,10.0,48.2954,53.9401,5.6447,-0.765
94.39,24.0,0.0,10.0,48.2954,53.9313,5.6359,-0.554
94.4,24.0,0.0,10.0,48.2954,53.9051,5.6097,-0.813
94.41,24.0,0.0,10.0,48.2954,53.87,5.5746,-0.685
94.42,24.0,0.0,10.0,48.2954,53.8875,5.5921,-0.668
94.43,24.0,0.0,10.0,48.2954,53.87,5.5746,-0.781
94.44,24.0,0.0,10.0,48.2954,53.87,5.5746,-0.636
94.45,17.7,1.0,0.0,49.6659,53.87,4.2041,-0.781
94.46,5.0,3.0,0.0,52.407,53.8613,1.4543,-0.684
94.47,5.0,3.0,0.0,52.407,53.8963,1.4893,-0.603
94.48,5.0,3.0,0.0,52.407,53.9226,1.5156,-0.588
94.49,5.0,3.0,0.0,52.407,53.9313,1.5243,-0.602
94.5,5.0,3.0,0.0,52.407,53.9401,1.5331,-0.635
94.51,5.0,3.0,0.0,52.407,53.9051,1.4981,-0.764
94.52,5.0,3.0,0.0,52.407,53.8525,1.4455,-0.587
94.53,5.0,3.0,0.0,52.407,53.8525,1.4455,-0.7
94.54,5.0,3.0,0.0,52.407,53.8613,1.4543,-0.749
94.55,5.0,3.0,0.0,52.407,53.87,1.463,-0.748
94.56,5.0,3.0,0.0,52.407,53.8963,1.4893,-0.587
94.57,5.0,3.0,0.0,52.407,53.9051,1.4981,-0.764
94.58,5.0,3.0,0.0,52.407,53.9313,1.5243,-0.765
94.59,5.0,3.0,0.0,52.407,53.9313,1.5243,-0.651
94.6,5.0,3.0,0.0,52.407,53.9313,1.5243,-0.667
94.61,5.0,3.0,0.0,52.407,53.9226,1.5156,-0.588
94.62,5.0,3.0,0.0,52.407,53.9051,1.4981,-0.554
94.63,5.0,3.0,0.0,52.407,53.8788,1.4718,-0.618
94.64,5.0,3.0,0.0,52.407,53.87,1.463,-0.65
94.65,5.0,3.0,0.0,52.407,53.8788,1.4718,-0.65
94.66,5.0,3.0,0.0,52.407,53.8963,1.4893,-0.651
94.67,5.0,3.0,0.0,52.407,53.9138,1.5068,-0.506
94.68,5.0,3.0,0.0,52.407,53.9226,1.5156,-0.731
94.69,5.0,3.0,0.0,52.407,53.9226,1.5156,-0.619
94.7,5.0,3.0,0.0,52.407,53.9313,1.5243,-0.667
94.71,5.0,3.0,0.0,52.407,53.9226,1.5156,-0.652
94.72,5.0,3.0,0.0,52.407,53.9138,1.5068,-0.57
94.73,5.0,3.0,0.0,52.407,53.9051,1.4981,-0.569
94.74,5.0,3.0,0.0,52.407,53.8788,1.4718,-0.57
94.75,5.0,3.0,0.0,52.407,53.8613,1.4543,-0.458
94.76,5.0,3.0,0.0,52.407,53.8963,1.4893,-0.619
94.77,5.0,3.0,0.0,52.407,53.9226,1.5156,-0.634
94.78,5.0,3.0,0.0,52.407,53.9313,1.5243,-0.587
94.79,5.0,3.0,0.0,52.407,53.9226,1.5156,-0.554
94.8,5.0,3.0,0.0,52.407,53.9226,1.5156,-0.602
94.81,5.0,3.0,0.0,52.407,53.9138,1.5068,-0.715
94.82,5.0,3.0,0.0,52.407,53.9138,1.5068,-0.635
94.83,5.0,3.0,0.0,52.407,53.9138,1.5068,-0.49
94.84,5.0,3.0,0.0,52.407,53.8963,1.4893,-0.569
94.85,5.0,3.0,0.0,52.407,53.8875,1.4805,-0.682
94.86,5.0,3.0,0.0,52.407,53.8963,1.4893,-0.538
94.87,5.0,3.0,0.0,52.407,53.8963,1.4893,-0.537
94.88,5.0,3.0,0.0,52.407,53.9138,1.5068,-0.715
94.89,5.0,3.0,0.0,52.407,53.9226,1.5156,-0.587
94.9,5.0,3.0,0.0,52.407,53.9226,1.5156,-0.57
94.91,5.0,3.0,0.0,52.407,53.9138,1.5068,-0.505
94.92,5.0,3.0,0.0,52.407,53.9051,1.4981,-0.344
94.93,5.0,3.0,0.0,52.407,53.9051,1.4981,-0.602
94.94,5.0,3.0,0.0,52.407,53.9051,1.4981,-0.554
94.95,5.0,3.0,0.0,52.407,53.9051,1.4981,-0.667
94.96,5.0,3.0,0.0,52.407,53.9051,1.4981,-0.556
94.97,5.0,3.0,0.0,52.407,53.9051,1.4981,-0.489
94.98,5.0,3.0,0.0,52.407,53.8963,1.4893,-0.619
94.99,5.0,3.0,0.0,52.407,53.9138,1.5068,-0.424
95.0,5.0,3.0,0.0,52.407,53.9138,1.5068,-0.749
95.01,5.0,3.0,0.0,52.407,53.9051,1.4981,-0.523
95.02,5.0,3.0,0.0,52.407,53.9051,1.4981,-0.506
95.03,5.0,3.0,0.0,52.407,53.9051,1.4981,-0.618
95.04,5.0,3.0,0.0,52.407,53.9051,1.4981,-0.538
95.05,5.0,3.0,0.0,52.407,53.9138,1.5068,-0.666
95.06,5.0,3.0,0.0,52.407,53.9138,1.5068,-0.603
95.07,5.0,3.0,0.0,52.407,53.9051,1.4981,-0.442
95.08,5.0,3.0,0.0,52.407,53.9138,1.5068,-0.489
95.09,5.0,3.0,0.0,52.407,53.9138,1.5068,-0.586
95.1,5.0,3.0,0.0,52.407,53.9138,1.5068,-0.505
95.11,5.0,3.0,0.0,52.407,53.9226,1.5156,-0.683
95.12,5.0,3.0,0.0,52.407,53.9051,1.4981,-0.652
95.13,5.0,3.0,0.0,52.407,53.9051,1.4981,-0.667
95.14,5.0,3.0,0.0,52.407,53.9051,1.4981,-0.57
95.15,5.0,3.0,0.0,52.407,53.9226,1.5156,-0.392
95.16,5.0,3.0,0.0,52.407,53.9226,1.5156,-0.456
95.17,5.0,3.0,0.0,52.407,53.9226,1.5156,-0.521
95.18,5.0,3.0,0.0,52.407,53.9226,1.5156,-0.634
95.19,5.0,3.0,0.0,52.407,53.9138,1.5068,-0.538
95.2,5.0,3.0,0.0,52.407,53.9051,1.4981,-0.618
95.21,5.0,3.0,0.0,52.407,53.9138,1.5068,-0.587
95.22,5.0,3.0,0.0,52.407,53.9138,1.5068,-0.586
95.23,5.0,3.0,0.0,52.407,53.9138,1.5068,-0.667
95.24,5.0,3.0,0.0,52.407,53.9138,1.5068,-0.635
95.25,5.0,3.0,0.0,52.407,53.9138,1.5068,-0.716
95.26,5.0,3.0,0.0,52.407,53.9226,1.5156,-0.554
95.27,5.0,3.0,0.0,52.407,53.9138,1.5068,-0.424
95.28,221.0,0.0,12.0,5.6646,53.8088,48.1442,-0.683
95.29,221.0,0.0,12.0,5.6646,49.546,43.8814,-0.668
95.3,221.0,0.0,12.0,5.6646,42.4998,36.8352,-0.7
95.31,221.0,0.0,12.0,5.6646,34.9547,29.2901,-0.587
95.32,221.0,0.0,12.0,5.6646,27.7246,22.06,-0.635
95.33,221.0,0.0,12.0,5.6646,20.6347,14.9701,-0.586
95.34,221.0,0.0,12.0,5.6646,13.1596,7.495,-0.602
95.35,221.0,0.0,12.0,5.6646,5.7019,0.0373,-0.566
95.36,221.0,0.0,12.0,5.6646,2.4896,-3.175,63.678
95.37,221.0,0.0,12.0,5.6646,1.1066,-4.558,127.396
95.38,221.0,0.0,12.0,5.6646,0.9665,-4.6981,122.264
95.39,221.0,0.0,12.0,5.6646,0.949,-4.7156,126.212
95.4,221.0,0.0,12.0,5.6646,0.949,-4.7156,126.895
95.41,221.0,0.0,12.0,5.6646,0.9665,-4.6981,126.447
95.42,221.0,0.0,12.0,5.6646,0.9665,-4.6981,127.825
95.43,221.0,0.0,12.0,5.6646,0.9665,-4.6981,126.248
95.44,221.0,0.0,12.0,5.6646,0.9753,-4.6893,125.222
95.45,221.0,0.0,12.0,5.6646,0.9753,-4.6893,126.033
95.46,221.0,0.0,12.0,5.6646,0.9753,-4.6893,127.042
95.47,221.0,0.0,12.0,5.6646,0.984,-4.6806,127.839
95.48,221.0,0.0,12.0,5.6646,0.984,-4.6806,127.303
95.49,221.0,0.0,12.0,5.6646,0.9753,-4.6893,126.098
95.5,221.0,0.0,12.0,5.6646,0.9665,-4.6981,125.869
95.51,221.0,0.0,12.0,5.6646,0.9753,-4.6893,127.283
95.52,221.0,0.0,12.0,5.6646,0.984,-4.6806,128.471
95.53,242.0,3.0,0.0,1.1202,0.9753,-0.1449,127.332
95.54,242.0,3.0,0.0,1.1202,0.9753,-0.1449,126.128
95.55,242.0,3.0,0.0,1.1202,0.9753,-0.1449,126.923
95.56,242.0,3.0,0.0,1.1202,0.9665,-0.1537,127.673
95.57,242.0,3.0,0.0,1.1202,0.9753,-0.1449,127.738
95.58,242.0,3.0,0.0,1.1202,0.9753,-0.1449,127.202
95.59,242.0,3.0,0.0,1.1202,0.9753,-0.1449,127.104
95.6,242.0,3.0,0.0,1.1202,0.9665,-0.1537,126.811
95.61,242.0,3.0,0.0,1.1202,0.9753,-0.1449,127.086
95.62,242.0,3.0,0.0,1.1202,0.9753,-0.1449,127.769
95.63,242.0,3.0,0.0,1.1202,0.9753,-0.1449,127.415
95.64,242.0,3.0,0.0,1.1202,0.9753,-0.1449,126.761
95.65,242.0,3.0,0.0,1.1202,0.9753,-0.1449,126.631
95.66,242.0,3.0,0.0,1.1202,0.9753,-0.1449,127.217
95.67,242.0,3.0,0.0,1.1202,0.984,-0.1362,127.801
95.68,242.0,3.0,0.0,1.1202,0.984,-0.1362,127.185
95.69,242.0,3.0,0.0,1.1202,0.9753,-0.1449,126.843
95.7,242.0,3.0,0.0,1.1202,0.984,-0.1362,126.956
95.71,242.0,3.0,0.0,1.1202,0.984,-0.1362,127.152
95.72,242.0,3.0,0.0,1.1202,0.984,-0.1362,127.233
95.73,242.0,3.0,0.0,1.1202,0.9753,-0.1449,127.329
95.74,242.0,3.0,0.0,1.1202,0.984,-0.1362,127.184
95.75,242.0,3.0,0.0,1.1202,0.9753,-0.1449,126.876
95.76,242.0,3.0,0.0,1.1202,0.9753,-0.1449,126.811
95.77,242.0,3.0,0.0,1.1202,0.984,-0.1362,127.411
95.78,242.0,3.0,0.0,1.1202,0.984,-0.1362,127.429
95.79,242.0,3.0,0.0,1.1202,0.9928,-0.1274,127.005
95.8,242.0,3.0,0.0,1.1202,0.984,-0.1362,126.697
95.81,242.0,3.0,0.0,1.1202,0.9753,-0.1449,127.183
95.82,242.0,3.0,0.0,1.1202,0.984,-0.1362,127.607
95.83,242.0,3.0,0.0,1.1202,0.984,-0.1362,127.218
95.84,242.0,3.0,0.0,1.1202,0.9753,-0.1449,126.908
95.85,242.0,3.0,0.0,1.1202,0.9753,-0.1449,126.988
95.86,242.0,3.0,0.0,1.1202,0.9753,-0.1449,127.12
95.87,242.0,3.0,0.0,1.1202,0.9753,-0.1449,127.151
95.88,242.0,3.0,0.0,1.1202,0.9753,-0.1449,126.99
95.89,242.0,3.0,0.0,1.1202,0.9753,-0.1449,127.168
95.9,242.0,3.0,0.0,1.1202,0.9753,-0.1449,126.975
95.91,242.0,3.0,0.0,1.1202,0.9753,-0.1449,126.892
95.92,242.0,3.0,0.0,1.1202,0.9753,-0.1449,127.282
95.93,242.0,3.0,0.0,1.1202,0.9753,-0.1449,127.185
95.94,242.0,3.0,0.0,1.1202,0.984,-0.1362,127.103
95.95,242.0,3.0,0.0,1.1202,0.9753,-0.1449,126.893
95.96,242.0,3.0,0.0,1.1202,0.9753,-0.1449,126.957
95.97,242.0,3.0,0.0,1.1202,0.9753,-0.1449,127.185
95.98,242.0,3.0,0.0,1.1202,0.9753,-0.1449,126.99
95.99,242.0,3.0,0.0,1.1202,0.9753,-0.1449,126.828
96.0,242.0,3.0,0.0,1.1202,0.9753,-0.1449,126.988
96.01,242.0,3.0,0.0,1.1202,0.9753,-0.1449,127.151
96.02,242.0,3.0,0.0,1.1202,0.9665,-0.1537,127.282
96.03,242.0,3.0,0.0,1.1202,0.9665,-0.1537,126.942
96.04,242.0,3.0,0.0,1.1202,0.9753,-0.1449,127.007
96.05,242.0,3.0,0.0,1.1202,0.9753,-0.1449,126.894
96.06,242.0,3.0,0.0,1.1202,0.9753,-0.1449,126.829
96.07,242.0,3.0,0.0,1.1202,0.9665,-0.1537,127.216
96.08,242.0,3.0,0.0,1.1202,0.9753,-0.1449,127.105
96.09,242.0,3.0,0.0,1.1202,0.9753,-0.1449,126.909
96.1,242.0,3.0,0.0,1.1202,0.9665,-0.1537,126.908
96.11,242.0,3.0,0.0,1.1202,0.9753,-0.1449,126.844
96.12,242.0,3.0,0.0,1.1202,0.9753,-0.1449,127.184
96.13,242.0,3.0,0.0,1.1202,0.9753,-0.1449,126.991
96.14,242.0,3.0,0.0,1.1202,0.9665,-0.1537,126.844
96.15,242.0,3.0,0.0,1.1202,0.9665,-0.1537,126.925
96.16,242.0,3.0,0.0,1.1202,0.9753,-0.1449,126.862
96.17,242.0,3.0,0.0,1.1202,0.9753,-0.1449,127.006
96.18,242.0,3.0,0.0,1.1202,0.9665,-0.1537,126.99
96.19,242.0,3.0,0.0,1.1202,0.9665,-0.1537,127.102
96.2,242.0,3.0,0.0,1.1202,0.9753,-0.1449,127.135
96.21,242.0,3.0,0.0,1.1202,0.9753,-0.1449,126.811
96.22,242.0,3.0,0.0,1.1202,0.9753,-0.1449,127.022
96.23,242.0,3.0,0.0,1.1202,0.984,-0.1362,127.022
96.24,242.0,3.0,0.0,1.1202,0.9753,-0.1449,126.959
96.25,242.0,3.0,0.0,1.1202,0.9753,-0.1449,126.908
96.26,242.0,3.0,0.0,1.1202,0.9753,-0.1449,126.923
96.27,242.0,3.0,0.0,1.1202,0.984,-0.1362,127.086
96.28,242.0,3.0,0.0,1.1202,0.9753,-0.1449,127.119
96.29,242.0,3.0,0.0,1.1202,0.9753,-0.1449,126.892
96.3,242.0,3.0,0.0,1.1202,0.9753,-0.1449,126.989
96.31,242.0,3.0,0.0,1.1202,0.984,-0.1362,127.071
96.32,242.0,3.0,0.0,1.1202,0.9753,-0.1449,126.959
96.33,242.0,3.0,0.0,1.1202,0.9753,-0.1449,126.908
96.34,242.0,3.0,0.0,1.1202,0.9753,-0.1449,126.908
96.35,242.0,3.0,0.0,1.1202,0.9753,-0.1449,126.86
96.36,242.0,3.0,0.0,1.1202,0.984,-0.1362,126.957
96.37,242.0,3.0,0.0,1.1202,0.9753,-0.1449,126.926
96.38,242.0,3.0,0.0,1.1202,0.9753,-0.1449,126.973
96.39,242.0,3.0,0.0,1.1202,0.984,-0.1362,127.087
96.4,242.0,3.0,0.0,1.1202,0.9753,-0.1449,126.843
96.41,242.0,3.0,0.0,1.1202,0.9753,-0.1449,126.875
96.42,242.0,3.0,0.0,1.1202,0.9753,-0.1449,127.2
96.43,242.0,3.0,0.0,1.1202,0.9753,-0.1449,126.911
96.44,242.0,3.0,0.0,1.1202,0.9753,-0.1449,126.957
96.45,242.0,3.0,0.0,1.1202,0.9753,-0.1449,126.86
96.46,242.0,3.0,0.0,1.1202,0.9753,-0.1449,126.925
96.47,242.0,3.0,0.0,1.1202,0.9753,-0.1449,126.926
96.48,242.0,3.0,0.0,1.1202,0.9665,-0.1537,127.022
96.49,242.0,3.0,0.0,1.1202,0.9753,-0.1449,127.022
96.5,242.0,3.0,0.0,1.1202,0.9665,-0.1537,126.894
96.51,242.0,3.0,0.0,1.1202,0.9665,-0.1537,126.749
96.52,242.0,3.0,0.0,1.1202,0.9665,-0.1537,127.006
96.53,242.0,3.0,0.0,1.1202,0.9665,-0.1537,126.942
96.54,242.0,3.0,0.0,1.1202,0.9753,-0.1449,126.99
96.55,242.0,3.0,0.0,1.1202,0.9753,-0.1449,127.021
96.56,242.0,3.0,0.0,1.1202,0.9753,-0.1449,126.862
96.57,242.0,3.0,0.0,1.1202,0.9753,-0.1449,127.023
96.58,242.0,3.0,0.0,1.1202,0.984,-0.1362,126.782
96.59,242.0,3.0,0.0,1.1202,0.9753,-0.1449,126.924
96.6,242.0,3.0,0.0,1.1202,0.9753,-0.1449,127.022
96.61,242.0,3.0,0.0,1.1202,0.9753,-0.1449,126.846
96.62,242.0,3.0,0.0,1.1202,0.9753,-0.1449,126.893
96.63,242.0,3.0,0.0,1.1202,0.9753,-0.1449,126.861
96.64,242.0,3.0,0.0,1.1202,0.9753,-0.1449,126.94
96.65,242.0,3.0,0.0,1.1202,0.984,-0.1362,126.94
96.66,242.0,3.0,0.0,1.1202,0.9753,-0.1449,126.893
96.67,242.0,3.0,0.0,1.1202,0.984,-0.1362,126.99
96.68,242.0,3.0,0.0,1.1202,0.984,-0.1362,126.91
96.69,242.0,3.0,0.0,1.1202,0.984,-0.1362,126.846
96.7,242.0,3.0,0.0,1.1202,0.9753,-0.1449,126.828
96.71,242.0,3.0,0.0,1.1202,0.9753,-0.1449,126.956
96.72,242.0,3.0,0.0,1.1202,0.9753,-0.1449,126.91
96.73,242.0,3.0,0.0,1.1202,0.984,-0.1362,126.86
96.74,242.0,3.0,0.0,1.1202,0.9753,-0.1449,126.957
96.75,242.0,3.0,0.0,1.1202,0.9753,-0.1449,126.909
96.76,242.0,3.0,0.0,1.1202,0.9753,-0.1449,126.796
96.77,242.0,3.0,0.0,1.1202,0.9753,-0.1449,126.875
96.78,242.0,3.0,0.0,1.1202,0.9665,-0.1537,126.862
96.79,242.0,3.0,0.0,1.1202,0.9665,-0.1537,126.908
96.8,242.0,3.0,0.0,1.1202,0.9665,-0.1537,126.973
96.81,242.0,3.0,0.0,1.1202,0.9665,-0.1537,126.927
96.82,242.0,3.0,0.0,1.1202,0.9665,-0.1537,126.91
96.83,242.0,3.0,0.0,1.1202,0.9665,-0.1537,126.829
96.84,242.0,3.0,0.0,1.1202,0.9665,-0.1537,126.86
96.85,242.0,3.0,0.0,1.1202,0.9753,-0.1449,126.86
96.86,242.0,3.0,0.0,1.1202,0.9665,-0.1537,126.99
96.87,242.0,3.0,0.0,1.1202,0.9753,-0.1449,127.054
96.88,242.0,3.0,0.0,1.1202,0.9665,-0.1537,126.828
96.89,242.0,3.0,0.0,1.1202,0.9753,-0.1449,126.909
96.9,242.0,3.0,0.0,1.1202,0.9753,-0.1449,126.941
96.91,242.0,3.0,0.0,1.1202,0.9753,-0.1449,126.877
96.92,242.0,3.0,0.0,1.1202,0.984,-0.1362,126.86
96.93,242.0,3.0,0.0,1.1202,0.984,-0.1362,126.926
96.94,242.0,3.0,0.0,1.1202,0.9928,-0.1274,127.038
96.95,242.0,3.0,0.0,1.1202,0.984,-0.1362,127.054
96.96,242.0,3.0,0.0,1.1202,0.984,-0.1362,126.779
96.97,242.0,3.0,0.0,1.1202,0.9928,-0.1274,126.828
96.98,242.0,3.0,0.0,1.1202,0.9928,-0.1274,126.861
96.99,242.0,3.0,0.0,1.1202,0.9753,-0.1449,126.942
97.0,242.0,3.0,0.0,1.1202,0.984,-0.1362,126.989
97.01,242.0,3.0,0.0,1.1202,0.984,-0.1362,126.794
97.02,242.0,3.0,0.0,1.1202,0.9753,-0.1449,126.957
97.03,242.0,3.0,0.0,1.1202,0.9753,-0.1449,126.715
97.04,242.0,3.0,0.0,1.1202,0.9753,-0.1449,126.762
97.05,242.0,3.0,0.0,1.1202,0.9753,-0.1449,126.876
97.06,242.0,3.0,0.0,1.1202,0.9753,-0.1449,126.891
97.07,242.0,3.0,0.0,1.1202,0.984,-0.1362,126.892
97.08,242.0,3.0,0.0,1.1202,0.9753,-0.1449,126.924
97.09,242.0,3.0,0.0,1.1202,0.9665,-0.1537,126.973
97.1,242.0,3.0,0.0,1.1202,0.9753,-0.1449,126.894
97.11,242.0,3.0,0.0,1.1202,0.9665,-0.1537,126.83
97.12,242.0,3.0,0.0,1.1202,0.9753,-0.1449,126.956
97.13,242.0,3.0,0.0,1.1202,0.9753,-0.1449,126.957
97.14,242.0,3.0,0.0,1.1202,0.9753,-0.1449,126.81
97.15,242.0,3.0,0.0,1.1202,0.9665,-0.1537,126.747
97.16,242.0,3.0,0.0,1.1202,0.9753,-0.1449,126.957
97.17,242.0,3.0,0.0,1.1202,0.9753,-0.1449,126.894
97.18,242.0,3.0,0.0,1.1202,0.9665,-0.1537,126.748
97.19,242.0,3.0,0.0,1.1202,0.9753,-0.1449,126.973
97.2,242.0,3.0,0.0,1.1202,0.9753,-0.1449,126.845
97.21,242.0,3.0,0.0,1.1202,0.9753,-0.1449,126.843
97.22,242.0,3.0,0.0,1.1202,0.9753,-0.1449,126.909
97.23,242.0,3.0,0.0,1.1202,0.9753,-0.1449,126.988
97.24,242.0,3.0,0.0,1.1202,0.9753,-0.1449,126.957
97.25,242.0,3.0,0.0,1.1202,0.9753,-0.1449,127.005
97.26,242.0,3.0,0.0,1.1202,0.984,-0.1362,126.747
97.27,242.0,3.0,0.0,1.1202,0.984,-0.1362,126.893
97.28,242.0,3.0,0.0,1.1202,0.9753,-0.1449,126.828
97.29,242.0,3.0,0.0,1.1202,0.984,-0.1362,126.844
97.3,242.0,3.0,0.0,1.1202,0.9753,-0.1449,126.924
97.31,242.0,3.0,0.0,1.1202,0.984,-0.1362,126.78
97.32,242.0,3.0,0.0,1.1202,0.9753,-0.1449,126.795
97.33,242.0,3.0,0.0,1.1202,0.9753,-0.1449,126.925
97.34,242.0,3.0,0.0,1.1202,0.9665,-0.1537,126.797
97.35,242.0,3.0,0.0,1.1202,0.9665,-0.1537,126.844
97.36,242.0,3.0,0.0,1.1202,0.9753,-0.1449,126.941
97.37,242.0,3.0,0.0,1.1202,0.9753,-0.1449,126.894
97.38,242.0,3.0,0.0,1.1202,0.9753,-0.1449,126.844
97.39,242.0,3.0,0.0,1.1202,0.9753,-0.1449,126.875
97.4,242.0,3.0,0.0,1.1202,0.9753,-0.1449,126.862
97.41,242.0,3.0,0.0,1.1202,0.9753,-0.1449,126.924
97.42,242.0,3.0,0.0,1.1202,0.984,-0.1362,126.779
97.43,242.0,3.0,0.0,1.1202,0.984,-0.1362,126.877
97.44,242.0,3.0,0.0,1.1202,0.9928,-0.1274,126.877
97.45,242.0,3.0,0.0,1.1202,0.984,-0.1362,126.796
97.46,242.0,3.0,0.0,1.1202,0.984,-0.1362,126.81
97.47,242.0,3.0,0.0,1.1202,0.9753,-0.1449,126.972
97.48,242.0,3.0,0.0,1.1202,0.984,-0.1362,126.764
97.49,242.0,3.0,0.0,1.1202,0.984,-0.1362,126.941
97.5,242.0,3.0,0.0,1.1202,0.9928,-0.1274,126.877
97.51,242.0,3.0,0.0,1.1202,0.984,-0.1362,126.845
97.52,242.0,3.0,0.0,1.1202,0.9753,-0.1449,126.796
97.53,242.0,3.0,0.0,1.1202,0.984,-0.1362,126.827
97.54,242.0,3.0,0.0,1.1202,0.9753,-0.1449,126.86
97.55,242.0,3.0,0.0,1.1202,0.9753,-0.1449,126.763
97.56,242.0,3.0,0.0,1.1202,0.984,-0.1362,126.893
97.57,242.0,3.0,0.0,1.1202,0.984,-0.1362,126.894
97.58,242.0,3.0,0.0,1.1202,0.984,-0.1362,126.877
97.59,242.0,3.0,0.0,1.1202,0.984,-0.1362,126.796
97.6,242.0,3.0,0.0,1.1202,0.984,-0.1362,126.812
97.61,242.0,3.0,0.0,1.1202,0.984,-0.1362,126.876
97.62,242.0,3.0,0.0,1.1202,0.984,-0.1362,126.925
97.63,242.0,3.0,0.0,1.1202,0.984,-0.1362,126.83
97.64,242.0,3.0,0.0,1.1202,0.984,-0.1362,126.811
97.65,242.0,3.0,0.0,1.1202,0.9753,-0.1449,126.748
97.66,242.0,3.0,0.0,1.1202,0.984,-0.1362,126.812
97.67,242.0,3.0,0.0,1.1202,0.9753,-0.1449,126.892
97.68,242.0,3.0,0.0,1.1202,0.9665,-0.1537,126.797
97.69,242.0,3.0,0.0,1.1202,0.9665,-0.1537,126.812
97.7,242.0,3.0,0.0,1.1202,0.9665,-0.1537,126.812
97.71,242.0,3.0,0.0,1.1202,0.9665,-0.1537,126.78
97.72,242.0,3.0,0.0,1.1202,0.9753,-0.1449,126.941
97.73,242.0,3.0,0.0,1.1202,0.9665,-0.1537,126.828
97.74,242.0,3.0,0.0,1.1202,0.9665,-0.1537,126.843
97.75,242.0,3.0,0.0,1.1202,0.9665,-0.1537,126.78
97.76,242.0,3.0,0.0,1.1202,0.9665,-0.1537,126.894
97.77,242.0,3.0,0.0,1.1202,0.9665,-0.1537,126.908
97.78,242.0,3.0,0.0,1.1202,0.9753,-0.1449,126.699
97.79,242.0,3.0,0.0,1.1202,0.9665,-0.1537,126.795
97.8,242.0,3.0,0.0,1.1202,0.9753,-0.1449,126.844
97.81,242.0,3.0,0.0,1.1202,0.9753,-0.1449,126.682
97.82,242.0,3.0,0.0,1.1202,0.9753,-0.1449,126.892
97.83,242.0,3.0,0.0,1.1202,0.9753,-0.1449,126.716
97.84,242.0,3.0,0.0,1.1202,0.9753,-0.1449,126.748
97.85,242.0,3.0,0.0,1.1202,0.984,-0.1362,126.859
97.86,242.0,3.0,0.0,1.1202,0.984,-0.1362,126.891
97.87,242.0,3.0,0.0,1.1202,0.984,-0.1362,127.054
97.88,242.0,3.0,0.0,1.1202,0.984,-0.1362,126.861
97.89,242.0,3.0,0.0,1.1202,0.984,-0.1362,126.845
97.9,242.0,3.0,0.0,1.1202,0.9753,-0.1449,126.86
97.91,242.0,3.0,0.0,1.1202,0.984,-0.1362,126.748
97.92,242.0,3.0,0.0,1.1202,0.984,-0.1362,126.892
97.93,242.0,3.0,0.0,1.1202,0.984,-0.1362,126.877
97.94,242.0,3.0,0.0,1.1202,0.9753,-0.1449,126.924
97.95,242.0,3.0,0.0,1.1202,0.9753,-0.1449,126.861
97.96,242.0,3.0,0.0,1.1202,0.984,-0.1362,126.78
97.97,242.0,3.0,0.0,1.1202,0.984,-0.1362,126.891
97.98,242.0,3.0,0.0,1.1202,0.9753,-0.1449,126.78
97.99,242.0,3.0,0.0,1.1202,0.9665,-0.1537,126.78
98.0,242.0,3.0,0.0,1.1202,0.9753,-0.1449,126.94
98.01,242.0,3.0,0.0,1.1202,0.9753,-0.1449,126.763
98.02,242.0,3.0,0.0,1.1202,0.9753,-0.1449,126.892
98.03,242.0,3.0,0.0,1.1202,0.9753,-0.1449,126.731
98.04,242.0,3.0,0.0,1.1202,0.9753,-0.1449,126.844
98.05,242.0,3.0,0.0,1.1202,0.9753,-0.1449,126.875
98.06,242.0,3.0,0.0,1.1202,0.9753,-0.1449,126.749
98.07,242.0,3.0,0.0,1.1202,0.9753,-0.1449,126.844
98.08,242.0,3.0,0.0,1.1202,0.9753,-0.1449,126.875
98.09,242.0,3.0,0.0,1.1202,0.9753,-0.1449,126.796
98.1,242.0,3.0,0.0,1.1202,0.984,-0.1362,126.7
98.11,242.0,3.0,0.0,1.1202,0.984,-0.1362,126.828
98.12,242.0,3.0,0.0,1.1202,0.9753,-0.1449,126.924
98.13,242.0,3.0,0.0,1.1202,0.9665,-0.1537,126.843
98.14,242.0,3.0,0.0,1.1202,0.9753,-0.1449,126.957
98.15,242.0,3.0,0.0,1.1202,0.9753,-0.1449,126.862
98.16,242.0,3.0,0.0,1.1202,0.9753,-0.1449,126.652
98.17,242.0,3.0,0.0,1.1202,0.9665,-0.1537,126.762
98.18,242.0,3.0,0.0,1.1202,0.9753,-0.1449,126.861
98.19,242.0,3.0,0.0,1.1202,0.9665,-0.1537,126.892
98.2,242.0,3.0,0.0,1.1202,0.9753,-0.1449,126.941
98.21,242.0,3.0,0.0,1.1202,0.9753,-0.1449,126.892
98.22,242.0,3.0,0.0,1.1202,0.9753,-0.1449,126.893
98.23,242.0,3.0,0.0,1.1202,0.984,-0.1362,126.748
98.24,242.0,3.0,0.0,1.1202,0.984,-0.1362,126.779
98.25,242.0,3.0,0.0,1.1202,0.9753,-0.1449,126.86
98.26,242.0,3.0,0.0,1.1202,0.9753,-0.1449,126.828
98.27,242.0,3.0,0.0,1.1202,0.9753,-0.1449,126.94
98.28,242.0,3.0,0.0,1.1202,0.9753,-0.1449,126.635
98.29,242.0,3.0,0.0,1.1202,0.9753,-0.1449,126.779
98.3,242.0,3.0,0.0,1.1202,0.9753,-0.1449,126.859
98.31,242.0,3.0,0.0,1.1202,0.9753,-0.1449,126.844
98.32,242.0,3.0,0.0,1.1202,0.9753,-0.1449,126.876
98.33,242.0,3.0,0.0,1.1202,0.9753,-0.1449,127.006
98.34,242.0,3.0,0.0,1.1202,0.9753,-0.1449,126.86
98.35,242.0,3.0,0.0,1.1202,0.9753,-0.1449,126.795
98.36,242.0,3.0,0.0,1.1202,0.9753,-0.1449,126.635
98.37,242.0,3.0,0.0,1.1202,0.9753,-0.1449,126.828
98.38,242.0,3.0,0.0,1.1202,0.9753,-0.1449,126.844
98.39,242.0,3.0,0.0,1.1202,0.9753,-0.1449,126.877
98.4,242.0,3.0,0.0,1.1202,0.9753,-0.1449,126.684
98.41,242.0,3.0,0.0,1.1202,0.9753,-0.1449,126.683
98.42,242.0,3.0,0.0,1.1202,0.9753,-0.1449,126.763
98.43,242.0,3.0,0.0,1.1202,0.984,-0.1362,126.844
98.44,242.0,3.0,0.0,1.1202,0.9753,-0.1449,126.731
98.45,242.0,3.0,0.0,1.1202,0.9753,-0.1449,126.909
98.46,242.0,3.0,0.0,1.1202,0.9753,-0.1449,126.633
98.47,242.0,3.0,0.0,1.1202,0.9753,-0.1449,126.843
98.48,242.0,3.0,0.0,1.1202,0.9753,-0.1449,126.683
98.49,242.0,3.0,0.0,1.1202,0.9665,-0.1537,126.78
98.5,242.0,3.0,0.0,1.1202,0.9753,-0.1449,126.78
98.51,242.0,3.0,0.0,1.1202,0.9753,-0.1449,126.811
98.52,242.0,3.0,0.0,1.1202,0.9665,-0.1537,126.747
98.53,242.0,3.0,0.0,1.1202,0.9665,-0.1537,126.746
98.54,242.0,3.0,0.0,1.1202,0.9665,-0.1537,126.715
98.55,242.0,3.0,0.0,1.1202,0.9665,-0.1537,126.891
98.56,242.0,3.0,0.0,1.1202,0.9665,-0.1537,126.83
98.57,242.0,3.0,0.0,1.1202,0.9665,-0.1537,126.908
98.58,242.0,3.0,0.0,1.1202,0.9665,-0.1537,126.797
98.59,242.0,3.0,0.0,1.1202,0.9665,-0.1537,126.748
98.6,242.0,3.0,0.0,1.1202,0.9665,-0.1537,126.778
98.61,242.0,3.0,0.0,1.1202,0.9753,-0.1449,126.796
98.62,242.0,3.0,0.0,1.1202,0.9665,-0.1537,126.797
98.63,242.0,3.0,0.0,1.1202,0.9665,-0.1537,126.635
98.64,242.0,3.0,0.0,1.1202,0.9753,-0.1449,126.86
98.65,242.0,3.0,0.0,1.1202,0.9665,-0.1537,126.875
98.66,242.0,3.0,0.0,1.1202,0.9753,-0.1449,126.649
98.67,242.0,3.0,0.0,1.1202,0.9753,-0.1449,126.923
98.68,242.0,3.0,0.0,1.1202,0.9753,-0.1449,126.845
98.69,242.0,3.0,0.0,1.1202,0.9753,-0.1449,126.909
98.7,242.0,3.0,0.0,1.1202,0.984,-0.1362,126.733
98.71,242.0,3.0,0.0,1.1202,0.9753,-0.1449,126.699
98.72,242.0,3.0,0.0,1.1202,0.9753,-0.1449,126.876
98.73,242.0,3.0,0.0,1.1202,0.9753,-0.1449,126.747
98.74,242.0,3.0,0.0,1.1202,0.9753,-0.1449,126.794
98.75,242.0,3.0,0.0,1.1202,0.9753,-0.1449,126.845
98.76,242.0,3.0,0.0,1.1202,0.9753,-0.1449,126.748
98.77,242.0,3.0,0.0,1.1202,0.9665,-0.1537,126.877
98.78,242.0,3.0,0.0,1.1202,0.9753,-0.1449,126.829
98.79,242.0,3.0,0.0,1.1202,0.984,-0.1362,126.78
98.8,242.0,3.0,0.0,1.1202,0.9753,-0.1449,126.78
98.81,242.0,3.0,0.0,1.1202,0.9753,-0.1449,126.749
98.82,242.0,3.0,0.0,1.1202,0.9753,-0.1449,126.684
98.83,242.0,3.0,0.0,1.1202,0.984,-0.1362,126.714
98.84,242.0,3.0,0.0,1.1202,0.984,-0.1362,126.86
98.85,242.0,3.0,0.0,1.1202,0.9928,-0.1274,126.828
98.86,242.0,3.0,0.0,1.1202,0.9928,-0.1274,126.892
98.87,242.0,3.0,0.0,1.1202,0.984,-0.1362,126.957
98.88,242.0,3.0,0.0,1.1202,0.9753,-0.1449,126.732
98.89,242.0,3.0,0.0,1.1202,0.9753,-0.1449,126.684
98.9,242.0,3.0,0.0,1.1202,0.984,-0.1362,126.779
98.91,242.0,3.0,0.0,1.1202,0.9753,-0.1449,126.746
98.92,242.0,3.0,0.0,1.1202,0.984,-0.1362,127.038
98.93,242.0,3.0,0.0,1.1202,0.984,-0.1362,126.813
98.94,242.0,3.0,0.0,1.1202,0.984,-0.1362,126.765
98.95,242.0,3.0,0.0,1.1202,0.984,-0.1362,126.716
98.96,242.0,3.0,0.0,1.1202,0.984,-0.1362,126.747
98.97,242.0,3.0,0.0,1.1202,0.9753,-0.1449,126.651
98.98,242.0,3.0,0.0,1.1202,0.9665,-0.1537,126.716
98.99,242.0,3.0,0.0,1.1202,0.9665,-0.1537,126.795
99.0,242.0,3.0,0.0,1.1202,0.9665,-0.1537,126.796
99.01,242.0,3.0,0.0,1.1202,0.9753,-0.1449,126.667
99.02,242.0,3.0,0.0,1.1202,0.9753,-0.1449,126.828
99.03,242.0,3.0,0.0,1.1202,0.9753,-0.1449,126.764
99.04,242.0,3.0,0.0,1.1202,0.9753,-0.1449,126.86
99.05,242.0,3.0,0.0,1.1202,0.9665,-0.1537,126.795
99.06,242.0,3.0,0.0,1.1202,0.9753,-0.1449,126.715
99.07,242.0,3.0,0.0,1.1202,0.9665,-0.1537,126.909
99.08,242.0,3.0,0.0,1.1202,0.9665,-0.1537,126.828
99.09,242.0,3.0,0.0,1.1202,0.9665,-0.1537,126.78
99.1,242.0,3.0,0.0,1.1202,0.9665,-0.1537,126.715
99.11,242.0,3.0,0.0,1.1202,0.9665,-0.1537,126.684
99.12,242.0,3.0,0.0,1.1202,0.9665,-0.1537,126.876
99.13,242.0,3.0,0.0,1.1202,0.9753,-0.1449,126.829
99.14,242.0,3.0,0.0,1.1202,0.9753,-0.1449,126.716
99.15,242.0,3.0,0.0,1.1202,0.9753,-0.1449,126.747
99.16,242.0,3.0,0.0,1.1202,0.9753,-0.1449,126.618
99.17,242.0,3.0,0.0,1.1202,0.9753,-0.1449,126.698
99.18,242.0,3.0,0.0,1.1202,0.9753,-0.1449,126.73
99.19,242.0,3.0,0.0,1.1202,0.9753,-0.1449,126.796
99.2,242.0,3.0,0.0,1.1202,0.9753,-0.1449,126.745
99.21,242.0,3.0,0.0,1.1202,0.9753,-0.1449,126.746
99.22,242.0,3.0,0.0,1.1202,0.9665,-0.1537,126.747
99.23,242.0,3.0,0.0,1.1202,0.9753,-0.1449,126.667
99.24,242.0,3.0,0.0,1.1202,0.9753,-0.1449,126.746
99.25,242.0,3.0,0.0,1.1202,0.9665,-0.1537,126.827
99.26,242.0,3.0,0.0,1.1202,0.9753,-0.1449,126.778
99.27,242.0,3.0,0.0,1.1202,0.984,-0.1362,126.827
99.28,242.0,3.0,0.0,1.1202,0.9753,-0.1449,126.731
99.29,242.0,3.0,0.0,1.1202,0.9753,-0.1449,126.813
99.3,242.0,3.0,0.0,1.1202,0.9665,-0.1537,126.763
99.31,242.0,3.0,0.0,1.1202,0.9753,-0.1449,126.698
99.32,242.0,3.0,0.0,1.1202,0.9753,-0.1449,126.858
99.33,242.0,3.0,0.0,1.1202,0.9753,-0.1449,126.666
99.34,242.0,3.0,0.0,1.1202,0.9753,-0.1449,126.812
99.35,242.0,3.0,0.0,1.1202,0.9753,-0.1449,126.828
99.36,242.0,3.0,0.0,1.1202,0.9753,-0.1449,126.797
99.37,242.0,3.0,0.0,1.1202,0.9753,-0.1449,126.876
99.38,242.0,3.0,0.0,1.1202,0.9665,-0.1537,126.714
99.39,242.0,3.0,0.0,1.1202,0.984,-0.1362,126.698
99.4,242.0,3.0,0.0,1.1202,0.984,-0.1362,126.763
99.41,242.0,3.0,0.0,1.1202,0.9753,-0.1449,126.748
99.42,242.0,3.0,0.0,1.1202,0.9753,-0.1449,126.795
99.43,242.0,3.0,0.0,1.1202,0.9665,-0.1537,126.732
99.44,242.0,3.0,0.0,1.1202,0.9753,-0.1449,126.618
99.45,242.0,3.0,0.0,1.1202,0.9753,-0.1449,126.698
99.46,242.0,3.0,0.0,1.1202,0.984,-0.1362,126.859
99.47,242.0,3.0,0.0,1.1202,0.9753,-0.1449,126.797
99.48,242.0,3.0,0.0,1.1202,0.9753,-0.1449,126.715
99.49,242.0,3.0,0.0,1.1202,0.9753,-0.1449,126.668
99.5,242.0,3.0,0.0,1.1202,0.9665,-0.1537,126.828
99.51,242.0,3.0,0.0,1.1202,0.9753,-0.1449,126.812
99.52,242.0,3.0,0.0,1.1202,0.9753,-0.1449,126.827
99.53,242.0,3.0,0.0,1.1202,0.984,-0.1362,126.779
99.54,242.0,3.0,0.0,1.1202,0.984,-0.1362,126.716
99.55,242.0,3.0,0.0,1.1202,0.984,-0.1362,126.78
99.56,242.0,3.0,0.0,1.1202,0.9753,-0.1449,126.699
99.57,242.0,3.0,0.0,1.1202,0.9753,-0.1449,126.699
99.58,242.0,3.0,0.0,1.1202,0.9665,-0.1537,126.635
99.59,242.0,3.0,0.0,1.1202,0.9753,-0.1449,126.795
99.6,242.0,3.0,0.0,1.1202,0.9665,-0.1537,126.731
99.61,242.0,3.0,0.0,1.1202,0.9753,-0.1449,126.762
99.62,242.0,3.0,0.0,1.1202,0.9753,-0.1449,126.65
99.63,242.0,3.0,0.0,1.1202,0.9753,-0.1449,126.698
99.64,242.0,3.0,0.0,1.1202,0.9665,-0.1537,126.861
99.65,242.0,3.0,0.0,1.1202,0.984,-0.1362,126.861
99.66,242.0,3.0,0.0,1.1202,0.9753,-0.1449,126.668
99.67,242.0,3.0,0.0,1.1202,0.9753,-0.1449,126.876
99.68,242.0,3.0,0.0,1.1202,0.9665,-0.1537,126.667
99.69,242.0,3.0,0.0,1.1202,0.9753,-0.1449,126.73
99.7,242.0,3.0,0.0,1.1202,0.9753,-0.1449,126.683
99.71,242.0,3.0,0.0,1.1202,0.9753,-0.1449,126.747
99.72,242.0,3.0,0.0,1.1202,0.9753,-0.1449,126.842
99.73,242.0,3.0,0.0,1.1202,0.9753,-0.1449,126.763
99.74,242.0,3.0,0.0,1.1202,0.9753,-0.1449,126.748
99.75,242.0,3.0,0.0,1.1202,0.9665,-0.1537,126.666
99.76,242.0,3.0,0.0,1.1202,0.9665,-0.1537,126.666
99.77,242.0,3.0,0.0,1.1202,0.9665,-0.1537,126.812
99.78,242.0,3.0,0.0,1.1202,0.9753,-0.1449,126.844
99.79,242.0,3.0,0.0,1.1202,0.9753,-0.1449,126.763
99.8,242.0,3.0,0.0,1.1202,0.9753,-0.1449,126.667
99.81,242.0,3.0,0.0,1.1202,0.9753,-0.1449,126.795
99.82,242.0,3.0,0.0,1.1202,0.9753,-0.1449,126.795
99.83,242.0,3.0,0.0,1.1202,0.9753,-0.1449,126.764
99.84,242.0,3.0,0.0,1.1202,0.984,-0.1362,126.619
99.85,242.0,3.0,0.0,1.1202,0.984,-0.1362,126.907
99.86,242.0,3.0,0.0,1.1202,0.9753,-0.1449,126.779
99.87,242.0,3.0,0.0,1.1202,0.9753,-0.1449,126.827
99.88,242.0,3.0,0.0,1.1202,0.984,-0.1362,126.796
99.89,242.0,3.0,0.0,1.1202,0.9753,-0.1449,126.909
99.9,242.0,3.0,0.0,1.1202,0.9753,-0.1449,126.797
99.91,242.0,3.0,0.0,1.1202,0.9665,-0.1537,126.732
99.92,242.0,3.0,0.0,1.1202,0.9753,-0.1449,126.699
99.93,242.0,3.0,0.0,1.1202,0.9753,-0.1449,126.746
99.94,242.0,3.0,0.0,1.1202,0.9665,-0.1537,126.78
99.95,242.0,3.0,0.0,1.1202,0.9665,-0.1537,126.828
99.96,242.0,3.0,0.0,1.1202,0.9753,-0.1449,126.813
99.97,242.0,3.0,0.0,1.1202,0.9665,-0.1537,126.828
99.98,242.0,3.0,0.0,1.1202,0.9753,-0.1449,126.699
99.99,242.0,3.0,0.0,1.1202,0.9665,-0.1537,126.731
100.0,242.0,3.0,0.0,1.1202,0.9753,-0.1449,126.666
100.01,242.0,3.0,0.0,1.1202,0.984,-0.1362,126.778
100.02,242.0,3.0,0.0,1.1202,0.9753,-0.1449,126.826
100.03,242.0,3.0,0.0,1.1202,0.984,-0.1362,126.732
100.04,242.0,3.0,0.0,1.1202,0.984,-0.1362,126.618
100.05,242.0,3.0,0.0,1.1202,0.984,-0.1362,126.714
100.06,242.0,3.0,0.0,1.1202,0.9753,-0.1449,126.682
100.07,242.0,3.0,0.0,1.1202,0.9753,-0.1449,126.892
100.08,242.0,3.0,0.0,1.1202,0.984,-0.1362,126.78
100.09,242.0,3.0,0.0,1.1202,0.984,-0.1362,126.813
100.1,242.0,3.0,0.0,1.1202,0.984,-0.1362,126.747
100.11,242.0,3.0,0.0,1.1202,0.9753,-0.1449,126.682
100.12,242.0,3.0,0.0,1.1202,0.984,-0.1362,126.697
100.13,242.0,3.0,0.0,1.1202,0.9753,-0.1449,126.731
100.14,242.0,3.0,0.0,1.1202,0.984,-0.1362,126.877
100.15,242.0,3.0,0.0,1.1202,0.984,-0.1362,126.846
100.16,242.0,3.0,0.0,1.1202,0.9665,-0.1537,126.845
100.17,242.0,3.0,0.0,1.1202,0.9665,-0.1537,126.681
100.18,242.0,3.0,0.0,1.1202,0.9665,-0.1537,126.746
100.19,242.0,3.0,0.0,1.1202,0.9753,-0.1449,126.666
100.2,242.0,3.0,0.0,1.1202,0.9665,-0.1537,126.973
100.21,242.0,3.0,0.0,1.1202,0.9665,-0.1537,126.649
100.22,242.0,3.0,0.0,1.1202,0.9753,-0.1449,126.747
100.23,242.0,3.0,0.0,1.1202,0.9753,-0.1449,126.569
100.24,242.0,3.0,0.0,1.1202,0.9753,-0.1449,126.583
100.25,242.0,3.0,0.0,1.1202,0.9665,-0.1537,126.876
100.26,242.0,3.0,0.0,1.1202,0.9665,-0.1537,126.747
100.27,242.0,3.0,0.0,1.1202,0.9753,-0.1449,126.699
100.28,242.0,3.0,0.0,1.1202,0.9753,-0.1449,126.667
100.29,242.0,3.0,0.0,1.1202,0.9753,-0.1449,126.698
100.3,242.0,3.0,0.0,1.1202,0.984,-0.1362,126.65
100.31,242.0,3.0,0.0,1.1202,0.9753,-0.1449,126.763
100.32,242.0,3.0,0.0,1.1202,0.9753,-0.1449,126.716
100.33,242.0,3.0,0.0,1.1202,0.984,-0.1362,126.73
100.34,242.0,3.0,0.0,1.1202,0.9753,-0.1449,126.827
100.35,242.0,3.0,0.0,1.1202,0.9753,-0.1449,126.619
100.36,242.0,3.0,0.0,1.1202,0.9753,-0.1449,126.828
100.37,242.0,3.0,0.0,1.1202,0.9753,-0.1449,126.812
100.38,242.0,3.0,0.0,1.1202,0.9665,-0.1537,126.747
100.39,242.0,3.0,0.0,1.1202,0.9753,-0.1449,126.844
100.4,242.0,3.0,0.0,1.1202,0.9753,-0.1449,126.875
100.41,242.0,3.0,0.0,1.1202,0.9753,-0.1449,126.634
100.42,242.0,3.0,0.0,1.1202,0.984,-0.1362,126.681
100.43,242.0,3.0,0.0,1.1202,0.9753,-0.1449,126.65
100.44,242.0,3.0,0.0,1.1202,0.984,-0.1362,126.78
100.45,242.0,3.0,0.0,1.1202,0.9753,-0.1449,126.78
100.46,242.0,3.0,0.0,1.1202,0.9665,-0.1537,126.794
100.47,242.0,3.0,0.0,1.1202,0.9753,-0.1449,126.811
100.48,242.0,3.0,0.0,1.1202,0.984,-0.1362,126.585
100.49,242.0,3.0,0.0,1.1202,0.9753,-0.1449,126.876
100.5,242.0,3.0,0.0,1.1202,0.9753,-0.1449,126.845
100.51,242.0,3.0,0.0,1.1202,0.984,-0.1362,126.731
100.52,242.0,3.0,0.0,1.1202,0.984,-0.1362,126.73
100.53,242.0,3.0,0.0,1.1202,0.984,-0.1362,126.699
100.54,242.0,3.0,0.0,1.1202,0.984,-0.1362,126.747
100.55,242.0,3.0,0.0,1.1202,0.9753,-0.1449,126.779
100.56,242.0,3.0,0.0,1.1202,0.9753,-0.1449,126.731
100.57,242.0,3.0,0.0,1.1202,0.9665,-0.1537,126.78
100.58,242.0,3.0,0.0,1.1202,0.9753,-0.1449,126.795
100.59,242.0,3.0,0.0,1.1202,0.9753,-0.1449,126.795
100.6,242.0,3.0,0.0,1.1202,0.984,-0.1362,126.843
100.61,242.0,3.0,0.0,1.1202,0.984,-0.1362,126.765
100.62,242.0,3.0,0.0,1.1202,0.9753,-0.1449,126.844
100.63,242.0,3.0,0.0,1.1202,0.9753,-0.1449,126.844
100.64,242.0,3.0,0.0,1.1202,0.9753,-0.1449,126.797
100.65,242.0,3.0,0.0,1.1202,0.9753,-0.1449,126.795
100.66,242.0,3.0,0.0,1.1202,0.9665,-0.1537,126.634
100.67,242.0,3.0,0.0,1.1202,0.9753,-0.1449,126.619
100.68,242.0,3.0,0.0,1.1202,0.9665,-0.1537,126.78
100.69,242.0,3.0,0.0,1.1202,0.9753,-0.1449,126.861
100.7,242.0,3.0,0.0,1.1202,0.9753,-0.1449,126.846
100.71,242.0,3.0,0.0,1.1202,0.9665,-0.1537,126.635
100.72,242.0,3.0,0.0,1.1202,0.9753,-0.1449,126.697
100.73,242.0,3.0,0.0,1.1202,0.9753,-0.1449,126.649
100.74,242.0,3.0,0.0,1.1202,0.9753,-0.1449,126.666
100.75,242.0,3.0,0.0,1.1202,0.9753,-0.1449,126.764
100.76,242.0,3.0,0.0,1.1202,0.984,-0.1362,126.796
100.77,242.0,3.0,0.0,1.1202,0.9753,-0.1449,126.779
100.78,242.0,3.0,0.0,1.1202,0.9753,-0.1449,126.778
100.79,242.0,3.0,0.0,1.1202,0.9753,-0.1449,126.553
100.8,242.0,3.0,0.0,1.1202,0.9753,-0.1449,126.795
100.81,242.0,3.0,0.0,1.1202,0.9753,-0.1449,126.861
100.82,242.0,3.0,0.0,1.1202,0.9753,-0.1449,126.764
100.83,242.0,3.0,0.0,1.1202,0.9753,-0.1449,126.763
100.84,242.0,3.0,0.0,1.1202,0.9753,-0.1449,126.777
100.85,242.0,3.0,0.0,1.1202,0.9753,-0.1449,126.666
100.86,242.0,3.0,0.0,1.1202,0.9753,-0.1449,126.714
100.87,242.0,3.0,0.0,1.1202,0.9753,-0.1449,126.812
100.88,242.0,3.0,0.0,1.1202,0.9753,-0.1449,126.844
100.89,242.0,3.0,0.0,1.1202,0.9753,-0.1449,126.78
100.9,242.0,3.0,0.0,1.1202,0.984,-0.1362,126.826
100.91,242.0,3.0,0.0,1.1202,0.9753,-0.1449,126.731
100.92,242.0,3.0,0.0,1.1202,0.9753,-0.1449,126.65
100.93,242.0,3.0,0.0,1.1202,0.9665,-0.1537,126.765
100.94,242.0,3.0,0.0,1.1202,0.9753,-0.1449,126.795
100.95,242.0,3.0,0.0,1.1202,0.9753,-0.1449,126.668
100.96,242.0,3.0,0.0,1.1202,0.9665,-0.1537,126.569
100.97,242.0,3.0,0.0,1.1202,0.9753,-0.1449,126.714
100.98,242.0,3.0,0.0,1.1202,0.984,-0.1362,126.811
100.99,242.0,3.0,0.0,1.1202,0.9753,-0.1449,126.651
101.0,242.0,3.0,0.0,1.1202,0.9753,-0.1449,126.697
101.01,242.0,3.0,0.0,1.1202,0.984,-0.1362,126.668
101.02,242.0,3.0,0.0,1.1202,0.9753,-0.1449,126.762
101.03,242.0,3.0,0.0,1.1202,0.984,-0.1362,126.811
101.04,242.0,3.0,0.0,1.1202,0.9753,-0.1449,126.617
101.05,242.0,3.0,0.0,1.1202,0.984,-0.1362,126.859
101.06,242.0,3.0,0.0,1.1202,0.984,-0.1362,126.667
101.07,242.0,3.0,0.0,1.1202,0.9753,-0.1449,126.715
101.08,242.0,3.0,0.0,1.1202,0.9753,-0.1449,126.796
101.09,242.0,3.0,0.0,1.1202,0.9753,-0.1449,126.699
101.1,242.0,3.0,0.0,1.1202,0.9665,-0.1537,126.925
101.11,242.0,3.0,0.0,1.1202,0.9753,-0.1449,126.748
101.12,242.0,3.0,0.0,1.1202,0.9753,-0.1449,126.844
101.13,242.0,3.0,0.0,1.1202,0.9753,-0.1449,126.796
101.14,242.0,3.0,0.0,1.1202,0.9753,-0.1449,126.618
101.15,242.0,3.0,0.0,1.1202,0.9753,-0.1449,126.731
101.16,242.0,3.0,0.0,1.1202,0.9665,-0.1537,126.601
101.17,242.0,3.0,0.0,1.1202,0.9665,-0.1537,126.779
101.18,242.0,3.0,0.0,1.1202,0.9753,-0.1449,126.715
101.19,242.0,3.0,0.0,1.1202,0.9665,-0.1537,126.682
101.2,242.0,3.0,0.0,1.1202,0.9753,-0.1449,126.683
101.21,242.0,3.0,0.0,1.1202,0.9665,-0.1537,126.667
101.22,242.0,3.0,0.0,1.1202,0.9753,-0.1449,126.763
101.23,242.0,3.0,0.0,1.1202,0.9753,-0.1449,126.747
101.24,242.0,3.0,0.0,1.1202,0.9753,-0.1449,126.763
101.25,242.0,3.0,0.0,1.1202,0.9753,-0.1449,126.716
101.26,242.0,3.0,0.0,1.1202,0.9753,-0.1449,126.715
101.27,242.0,3.0,0.0,1.1202,0.9665,-0.1537,126.731
101.28,242.0,3.0,0.0,1.1202,0.9753,-0.1449,126.699
101.29,242.0,3.0,0.0,1.1202,0.9753,-0.1449,126.908
101.3,242.0,3.0,0.0,1.1202,0.9753,-0.1449,126.811
101.31,242.0,3.0,0.0,1.1202,0.9753,-0.1449,126.796
101.32,242.0,3.0,0.0,1.1202,0.9665,-0.1537,126.811
101.33,242.0,3.0,0.0,1.1202,0.9665,-0.1537,126.795
101.34,242.0,3.0,0.0,1.1202,0.9665,-0.1537,126.635
101.35,242.0,3.0,0.0,1.1202,0.9753,-0.1449,126.65
101.36,242.0,3.0,0.0,1.1202,0.9665,-0.1537,126.763
101.37,242.0,3.0,0.0,1.1202,0.9665,-0.1537,126.764
101.38,242.0,3.0,0.0,1.1202,0.9753,-0.1449,126.747
101.39,242.0,3.0,0.0,1.1202,0.9753,-0.1449,126.667
101.4,242.0,3.0,0.0,1.1202,0.9753,-0.1449,126.698
101.41,242.0,3.0,0.0,1.1202,0.9665,-0.1537,126.667
101.42,242.0,3.0,0.0,1.1202,0.9665,-0.1537,126.65
101.43,242.0,3.0,0.0,1.1202,0.9753,-0.1449,126.713
101.44,242.0,3.0,0.0,1.1202,0.9753,-0.1449,126.811
101.45,242.0,3.0,0.0,1.1202,0.9753,-0.1449,126.7
101.46,242.0,3.0,0.0,1.1202,0.9753,-0.1449,126.618
101.47,242.0,3.0,0.0,1.1202,0.9665,-0.1537,126.86
101.48,242.0,3.0,0.0,1.1202,0.9753,-0.1449,126.828
101.49,242.0,3.0,0.0,1.1202,0.9753,-0.1449,126.925
101.5,242.0,3.0,0.0,1.1202,0.9753,-0.1449,126.732
101.51,242.0,3.0,0.0,1.1202,0.9753,-0.1449,126.747
101.52,242.0,3.0,0.0,1.1202,0.9753,-0.1449,126.683
101.53,242.0,3.0,0.0,1.1202,0.9753,-0.1449,126.649
101.54,242.0,3.0,0.0,1.1202,0.9753,-0.1449,126.81
101.55,242.0,3.0,0.0,1.1202,0.9665,-0.1537,126.826
101.56,242.0,3.0,0.0,1.1202,0.984,-0.1362,126.699
101.57,242.0,3.0,0.0,1.1202,0.9665,-0.1537,126.684
101.58,242.0,3.0,0.0,1.1202,0.9665,-0.1537,126.762
101.59,242.0,3.0,0.0,1.1202,0.9753,-0.1449,126.844
101.6,242.0,3.0,0.0,1.1202,0.9665,-0.1537,126.747
101.61,242.0,3.0,0.0,1.1202,0.9578,-0.1624,126.747
101.62,242.0,3.0,0.0,1.1202,0.9665,-0.1537,126.683
101.63,242.0,3.0,0.0,1.1202,0.9753,-0.1449,126.651
101.64,242.0,3.0,0.0,1.1202,0.9665,-0.1537,126.682
101.65,242.0,3.0,0.0,1.1202,0.9665,-0.1537,126.794
101.66,242.0,3.0,0.0,1.1202,0.9665,-0.1537,126.907
101.67,242.0,3.0,0.0,1.1202,0.9665,-0.1537,126.908
101.68,242.0,3.0,0.0,1.1202,0.9753,-0.1449,126.732
101.69,242.0,3.0,0.0,1.1202,0.9578,-0.1624,126.634
101.7,242.0,3.0,0.0,1.1202,0.9665,-0.1537,126.699
101.71,242.0,3.0,0.0,1.1202,0.9578,-0.1624,126.698
101.72,242.0,3.0,0.0,1.1202,0.9665,-0.1537,126.877
101.73,242.0,3.0,0.0,1.1202,0.9665,-0.1537,126.812
101.74,242.0,3.0,0.0,1.1202,0.9753,-0.1449,126.731
101.75,242.0,3.0,0.0,1.1202,0.9753,-0.1449,126.763
101.76,242.0,3.0,0.0,1.1202,0.9753,-0.1449,126.7
101.77,242.0,3.0,0.0,1.1202,0.9753,-0.1449,126.877
101.78,242.0,3.0,0.0,1.1202,0.9753,-0.1449,126.94
101.79,242.0,3.0,0.0,1.1202,0.984,-0.1362,126.601
101.8,242.0,3.0,0.0,1.1202,0.984,-0.1362,126.698
101.81,242.0,3.0,0.0,1.1202,0.9753,-0.1449,126.778
101.82,242.0,3.0,0.0,1.1202,0.9753,-0.1449,126.651
101.83,242.0,3.0,0.0,1.1202,0.984,-0.1362,126.796
101.84,242.0,3.0,0.0,1.1202,0.9753,-0.1449,126.715
101.85,242.0,3.0,0.0,1.1202,0.9753,-0.1449,126.909
101.86,242.0,3.0,0.0,1.1202,0.9753,-0.1449,126.618
101.87,242.0,3.0,0.0,1.1202,0.9753,-0.1449,126.73
101.88,242.0,3.0,0.0,1.1202,0.9753,-0.1449,126.778
101.89,242.0,3.0,0.0,1.1202,0.9753,-0.1449,126.7
101.9,242.0,3.0,0.0,1.1202,0.9753,-0.1449,126.828
101.91,242.0,3.0,0.0,1.1202,0.984,-0.1362,126.619
101.92,242.0,3.0,0.0,1.1202,0.9753,-0.1449,126.682
101.93,242.0,3.0,0.0,1.1202,0.9753,-0.1449,126.651
101.94,242.0,3.0,0.0,1.1202,0.9753,-0.1449,126.65
101.95,242.0,3.0,0.0,1.1202,0.9753,-0.1449,126.845
101.96,242.0,3.0,0.0,1.1202,0.984,-0.1362,126.829
101.97,242.0,3.0,0.0,1.1202,0.9753,-0.1449,126.859
101.98,242.0,3.0,0.0,1.1202,0.9753,-0.1449,126.748
101.99,242.0,3.0,0.0,1.1202,0.984,-0.1362,126.762
102.0,242.0,3.0,0.0,1.1202,0.984,-0.1362,126.826
102.01,242.0,3.0,0.0,1.1202,0.9753,-0.1449,126.682
102.02,242.0,3.0,0.0,1.1202,0.9753,-0.1449,126.748
102.03,242.0,3.0,0.0,1.1202,0.984,-0.1362,126.65
102.04,242.0,3.0,0.0,1.1202,0.984,-0.1362,126.762
102.05,242.0,3.0,0.0,1.1202,0.9928,-0.1274,126.682
102.06,242.0,3.0,0.0,1.1202,0.984,-0.1362,126.73
102.07,242.0,3.0,0.0,1.1202,0.9928,-0.1274,126.699
102.08,242.0,3.0,0.0,1.1202,0.984,-0.1362,126.699
102.09,242.0,3.0,0.0,1.1202,0.984,-0.1362,126.828
102.1,242.0,3.0,0.0,1.1202,0.9928,-0.1274,126.684
102.11,242.0,3.0,0.0,1.1202,0.984,-0.1362,126.73
102.12,242.0,3.0,0.0,1.1202,0.9753,-0.1449,126.747
102.13,242.0,3.0,0.0,1.1202,0.9753,-0.1449,126.715
102.14,242.0,3.0,0.0,1.1202,0.9753,-0.1449,126.714
102.15,242.0,3.0,0.0,1.1202,0.9753,-0.1449,126.763
102.16,242.0,3.0,0.0,1.1202,0.9665,-0.1537,126.683
102.17,242.0,3.0,0.0,1.1202,0.9578,-0.1624,126.73
102.18,242.0,3.0,0.0,1.1202,0.9578,-0.1624,126.682
102.19,242.0,3.0,0.0,1.1202,0.9578,-0.1624,126.779
102.2,242.0,3.0,0.0,1.1202,0.9578,-0.1624,126.764
102.21,242.0,3.0,0.0,1.1202,0.9578,-0.1624,126.684
102.22,242.0,3.0,0.0,1.1202,0.949,-0.1712,126.668
102.23,242.0,3.0,0.0,1.1202,0.949,-0.1712,126.746
102.24,242.0,3.0,0.0,1.1202,0.9578,-0.1624,126.794
102.25,242.0,3.0,0.0,1.1202,0.9578,-0.1624,126.652
102.26,242.0,3.0,0.0,1.1202,0.9578,-0.1624,126.763
102.27,242.0,3.0,0.0,1.1202,0.9578,-0.1624,126.78
102.28,242.0,3.0,0.0,1.1202,0.9578,-0.1624,126.57
102.29,242.0,3.0,0.0,1.1202,0.9665,-0.1537,126.634
102.3,242.0,3.0,0.0,1.1202,0.9578,-0.1624,126.73
102.31,242.0,3.0,0.0,1.1202,0.9665,-0.1537,126.778
102.32,242.0,3.0,0.0,1.1202,0.9753,-0.1449,126.716
102.33,242.0,3.0,0.0,1.1202,0.9753,-0.1449,126.762
102.34,242.0,3.0,0.0,1.1202,0.9578,-0.1624,126.749
102.35,242.0,3.0,0.0,1.1202,0.9753,-0.1449,126.587
102.36,242.0,3.0,0.0,1.1202,0.9665,-0.1537,126.617
102.37,242.0,3.0,0.0,1.1202,0.9753,-0.1449,126.795
102.38,242.0,3.0,0.0,1.1202,0.9753,-0.1449,126.731
102.39,242.0,3.0,0.0,1.1202,0.9753,-0.1449,126.812
102.4,242.0,3.0,0.0,1.1202,0.9753,-0.1449,126.812
102.41,242.0,3.0,0.0,1.1202,0.9665,-0.1537,126.65
102.42,242.0,3.0,0.0,1.1202,0.9753,-0.1449,126.571
102.43,242.0,3.0,0.0,1.1202,0.9753,-0.1449,126.649
102.44,242.0,3.0,0.0,1.1202,0.9753,-0.1449,126.682
102.45,242.0,3.0,0.0,1.1202,0.9665,-0.1537,126.795
102.46,242.0,3.0,0.0,1.1202,0.9578,-0.1624,126.858
102.47,242.0,3.0,0.0,1.1202,0.9753,-0.1449,126.651
102.48,242.0,3.0,0.0,1.1202,0.9665,-0.1537,126.746
102.49,242.0,3.0,0.0,1.1202,0.9665,-0.1537,126.699
102.5,242.0,3.0,0.0,1.1202,0.9665,-0.1537,126.683
102.51,242.0,3.0,0.0,1.1202,0.9665,-0.1537,126.811
102.52,242.0,3.0,0.0,1.1202,0.9665,-0.1537,126.844
102.53,242.0,3.0,0.0,1.1202,0.9665,-0.1537,126.781
102.54,242.0,3.0,0.0,1.1202,0.9665,-0.1537,126.634
102.55,242.0,3.0,0.0,1.1202,0.9665,-0.1537,126.618
102.56,242.0,3.0,0.0,1.1202,0.9665,-0.1537,126.601
102.57,242.0,3.0,0.0,1.1202,0.9665,-0.1537,126.859
102.58,242.0,3.0,0.0,1.1202,0.9578,-0.1624,126.763
102.59,242.0,3.0,0.0,1.1202,0.9665,-0.1537,126.683
102.6,242.0,3.0,0.0,1.1202,0.9753,-0.1449,126.65
102.61,242.0,3.0,0.0,1.1202,0.9753,-0.1449,126.537
102.62,242.0,3.0,0.0,1.1202,0.9753,-0.1449,126.795
102.63,242.0,3.0,0.0,1.1202,0.984,-0.1362,126.715
102.64,242.0,3.0,0.0,1.1202,0.984,-0.1362,126.699
102.65,242.0,3.0,0.0,1.1202,0.9928,-0.1274,126.651
102.66,242.0,3.0,0.0,1.1202,0.9928,-0.1274,126.586
102.67,242.0,3.0,0.0,1.1202,0.984,-0.1362,126.633
102.68,242.0,3.0,0.0,1.1202,0.9753,-0.1449,126.763
102.69,242.0,3.0,0.0,1.1202,0.9665,-0.1537,126.732
102.7,242.0,3.0,0.0,1.1202,0.9753,-0.1449,126.778
102.71,242.0,3.0,0.0,1.1202,0.9753,-0.1449,126.764
102.72,242.0,3.0,0.0,1.1202,0.9753,-0.1449,126.778
102.73,242.0,3.0,0.0,1.1202,0.984,-0.1362,126.617
102.74,242.0,3.0,0.0,1.1202,1.0015,-0.1187,126.585
102.75,242.0,3.0,0.0,1.1202,1.0103,-0.1099,126.78
102.76,242.0,3.0,0.0,1.1202,1.0015,-0.1187,126.619
102.77,242.0,3.0,0.0,1.1202,0.9928,-0.1274,126.747
102.78,242.0,3.0,0.0,1.1202,0.984,-0.1362,126.795
102.79,242.0,3.0,0.0,1.1202,0.9928,-0.1274,126.587
102.8,242.0,3.0,0.0,1.1202,0.984,-0.1362,126.586
102.81,242.0,3.0,0.0,1.1202,0.984,-0.1362,126.522
102.82,242.0,3.0,0.0,1.1202,0.984,-0.1362,126.65
102.83,242.0,3.0,0.0,1.1202,0.9753,-0.1449,126.681
102.84,242.0,3.0,0.0,1.1202,0.984,-0.1362,126.763
102.85,242.0,3.0,0.0,1.1202,0.9753,-0.1449,126.619
102.86,242.0,3.0,0.0,1.1202,0.984,-0.1362,126.505
102.87,242.0,3.0,0.0,1.1202,0.9928,-0.1274,126.829
102.88,242.0,3.0,0.0,1.1202,0.984,-0.1362,126.764
102.89,242.0,3.0,0.0,1.1202,0.984,-0.1362,126.682
102.9,242.0,3.0,0.0,1.1202,0.9753,-0.1449,126.779
102.91,242.0,3.0,0.0,1.1202,0.9753,-0.1449,126.699
102.92,242.0,3.0,0.0,1.1202,0.9578,-0.1624,126.601
102.93,242.0,3.0,0.0,1.1202,0.9578,-0.1624,126.731
102.94,242.0,3.0,0.0,1.1202,0.9578,-0.1624,126.715
102.95,242.0,3.0,0.0,1.1202,0.9578,-0.1624,126.779
102.96,242.0,3.0,0.0,1.1202,0.9578,-0.1624,126.716
102.97,242.0,3.0,0.0,1.1202,0.9665,-0.1537,126.762
102.98,242.0,3.0,0.0,1.1202,0.9753,-0.1449,126.762
102.99,242.0,3.0,0.0,1.1202,0.9753,-0.1449,126.748
103.0,242.0,3.0,0.0,1.1202,0.984,-0.1362,126.877
103.01,242.0,3.0,0.0,1.1202,0.9753,-0.1449,126.682
103.02,242.0,3.0,0.0,1.1202,0.984,-0.1362,126.78
103.03,242.0,3.0,0.0,1.1202,0.9928,-0.1274,126.73
103.04,242.0,3.0,0.0,1.1202,0.9928,-0.1274,126.553
103.05,242.0,3.0,0.0,1.1202,0.9928,-0.1274,126.779
103.06,242.0,3.0,0.0,1.1202,0.9928,-0.1274,126.666
103.07,242.0,3.0,0.0,1.1202,1.0015,-0.1187,126.714
103.08,242.0,3.0,0.0,1.1202,0.9928,-0.1274,126.65
103.09,242.0,3.0,0.0,1.1202,0.9928,-0.1274,126.73
103.1,242.0,3.0,0.0,1.1202,0.9928,-0.1274,126.603
103.11,242.0,3.0,0.0,1.1202,0.9928,-0.1274,126.649
103.12,242.0,3.0,0.0,1.1202,0.9928,-0.1274,126.86
103.13,242.0,3.0,0.0,1.1202,0.984,-0.1362,126.781
103.14,242.0,3.0,0.0,1.1202,0.984,-0.1362,126.683
103.15,242.0,3.0,0.0,1.1202,0.9753,-0.1449,126.763
103.16,242.0,3.0,0.0,1.1202,0.984,-0.1362,126.538
103.17,242.0,3.0,0.0,1.1202,0.984,-0.1362,126.665
103.18,242.0,3.0,0.0,1.1202,0.984,-0.1362,126.762
103.19,242.0,3.0,0.0,1.1202,0.984,-0.1362,126.602
103.2,242.0,3.0,0.0,1.1202,0.9753,-0.1449,126.763
103.21,242.0,3.0,0.0,1.1202,0.9753,-0.1449,126.618
103.22,242.0,3.0,0.0,1.1202,0.9753,-0.1449,126.795
103.23,242.0,3.0,0.0,1.1202,0.9753,-0.1449,126.716
103.24,242.0,3.0,0.0,1.1202,0.9753,-0.1449,126.635
103.25,242.0,3.0,0.0,1.1202,0.9753,-0.1449,126.811
103.26,242.0,3.0,0.0,1.1202,0.9753,-0.1449,126.746
103.27,242.0,3.0,0.0,1.1202,0.9753,-0.1449,126.698
103.28,242.0,3.0,0.0,1.1202,0.9753,-0.1449,126.698
103.29,242.0,3.0,0.0,1.1202,0.9753,-0.1449,126.683
103.3,242.0,3.0,0.0,1.1202,0.9753,-0.1449,126.811
103.31,242.0,3.0,0.0,1.1202,0.9753,-0.1449,126.764
103.32,242.0,3.0,0.0,1.1202,0.9665,-0.1537,126.699
103.33,242.0,3.0,0.0,1.1202,0.9753,-0.1449,126.666
103.34,242.0,3.0,0.0,1.1202,0.9753,-0.1449,126.586
103.35,242.0,3.0,0.0,1.1202,0.9753,-0.1449,126.73
103.36,242.0,3.0,0.0,1.1202,0.984,-0.1362,126.665
103.37,242.0,3.0,0.0,1.1202,0.9753,-0.1449,126.747
103.38,242.0,3.0,0.0,1.1202,0.984,-0.1362,126.667
103.39,242.0,3.0,0.0,1.1202,0.9753,-0.1449,126.569
103.4,242.0,3.0,0.0,1.1202,0.984,-0.1362,126.699
103.41,242.0,3.0,0.0,1.1202,0.9753,-0.1449,126.714
103.42,242.0,3.0,0.0,1.1202,0.9665,-0.1537,126.635
103.43,242.0,3.0,0.0,1.1202,0.9753,-0.1449,126.649
103.44,242.0,3.0,0.0,1.1202,0.9753,-0.1449,126.505
103.45,242.0,3.0,0.0,1.1202,0.9665,-0.1537,126.763
103.46,242.0,3.0,0.0,1.1202,0.9753,-0.1449,126.651
103.47,242.0,3.0,0.0,1.1202,0.9665,-0.1537,126.57
103.48,242.0,3.0,0.0,1.1202,0.9753,-0.1449,126.698
103.49,242.0,3.0,0.0,1.1202,0.9753,-0.1449,126.652
103.5,242.0,3.0,0.0,1.1202,0.9753,-0.1449,126.666
103.51,242.0,3.0,0.0,1.1202,0.9753,-0.1449,126.619
103.52,242.0,3.0,0.0,1.1202,0.9753,-0.1449,126.795
103.53,242.0,3.0,0.0,1.1202,0.9665,-0.1537,126.748
103.54,242.0,3.0,0.0,1.1202,0.9753,-0.1449,126.602
103.55,242.0,3.0,0.0,1.1202,0.9753,-0.1449,126.763
103.56,242.0,3.0,0.0,1.1202,0.9753,-0.1449,126.7
103.57,242.0,3.0,0.0,1.1202,0.9753,-0.1449,126.941
103.58,242.0,3.0,0.0,1.1202,0.9665,-0.1537,126.683
103.59,242.0,3.0,0.0,1.1202,0.9753,-0.1449,126.618
103.6,242.0,3.0,0.0,1.1202,0.9753,-0.1449,126.715
103.61,242.0,3.0,0.0,1.1202,0.9753,-0.1449,126.666
103.62,242.0,3.0,0.0,1.1202,0.9753,-0.1449,126.603
103.63,242.0,3.0,0.0,1.1202,0.9753,-0.1449,126.746
103.64,242.0,3.0,0.0,1.1202,0.9665,-0.1537,126.747
103.65,242.0,3.0,0.0,1.1202,0.9665,-0.1537,126.667
103.66,242.0,3.0,0.0,1.1202,0.9665,-0.1537,126.714
103.67,242.0,3.0,0.0,1.1202,0.9665,-0.1537,126.73
103.68,242.0,3.0,0.0,1.1202,0.9665,-0.1537,126.665
103.69,242.0,3.0,0.0,1.1202,0.9753,-0.1449,126.681
103.7,242.0,3.0,0.0,1.1202,0.9753,-0.1449,126.747
103.71,242.0,3.0,0.0,1.1202,0.9665,-0.1537,126.698
103.72,242.0,3.0,0.0,1.1202,0.9753,-0.1449,126.682
103.73,242.0,3.0,0.0,1.1202,0.9753,-0.1449,126.729
103.74,242.0,3.0,0.0,1.1202,0.9753,-0.1449,126.682
103.75,242.0,3.0,0.0,1.1202,0.9753,-0.1449,126.876
103.76,242.0,3.0,0.0,1.1202,0.9753,-0.1449,126.603
103.77,242.0,3.0,0.0,1.1202,0.9753,-0.1449,126.73
103.78,242.0,3.0,0.0,1.1202,0.9753,-0.1449,126.634
103.79,242.0,3.0,0.0,1.1202,0.9753,-0.1449,126.714
103.8,242.0,3.0,0.0,1.1202,0.9753,-0.1449,126.651
103.81,242.0,3.0,0.0,1.1202,0.9753,-0.1449,126.554
103.82,242.0,3.0,0.0,1.1202,0.984,-0.1362,126.682
103.83,242.0,3.0,0.0,1.1202,0.9753,-0.1449,126.746
103.84,242.0,3.0,0.0,1.1202,0.9928,-0.1274,126.666
103.85,242.0,3.0,0.0,1.1202,0.9753,-0.1449,126.714
103.86,242.0,3.0,0.0,1.1202,0.984,-0.1362,126.683
103.87,242.0,3.0,0.0,1.1202,0.984,-0.1362,126.764
103.88,242.0,3.0,0.0,1.1202,0.984,-0.1362,126.602
103.89,242.0,3.0,0.0,1.1202,0.984,-0.1362,126.779
103.9,242.0,3.0,0.0,1.1202,0.984,-0.1362,126.601
103.91,242.0,3.0,0.0,1.1202,0.984,-0.1362,126.632
103.92,242.0,3.0,0.0,1.1202,0.984,-0.1362,126.698
103.93,242.0,3.0,0.0,1.1202,0.9753,-0.1449,126.699
103.94,242.0,3.0,0.0,1.1202,0.9665,-0.1537,126.651
103.95,242.0,3.0,0.0,1.1202,0.9753,-0.1449,126.666
103.96,242.0,3.0,0.0,1.1202,0.9753,-0.1449,126.618
103.97,242.0,3.0,0.0,1.1202,0.9753,-0.1449,126.746
103.98,242.0,3.0,0.0,1.1202,0.9753,-0.1449,126.827
103.99,242.0,3.0,0.0,1.1202,0.9753,-0.1449,126.748
104.0,242.0,3.0,0.0,1.1202,0.9753,-0.1449,126.569
104.01,242.0,3.0,0.0,1.1202,0.9753,-0.1449,126.52
104.02,242.0,3.0,0.0,1.1202,0.9753,-0.1449,126.698
104.03,242.0,3.0,0.0,1.1202,0.9753,-0.1449,126.811
104.04,242.0,3.0,0.0,1.1202,0.9753,-0.1449,126.489
104.05,242.0,3.0,0.0,1.1202,0.9753,-0.1449,126.763
104.06,242.0,3.0,0.0,1.1202,0.9753,-0.1449,126.731
104.07,242.0,3.0,0.0,1.1202,0.9753,-0.1449,126.78
104.08,242.0,3.0,0.0,1.1202,0.9753,-0.1449,126.634
104.09,242.0,3.0,0.0,1.1202,0.984,-0.1362,126.618
104.1,242.0,3.0,0.0,1.1202,0.9753,-0.1449,126.683
104.11,242.0,3.0,0.0,1.1202,0.9753,-0.1449,126.571
104.12,242.0,3.0,0.0,1.1202,0.9753,-0.1449,126.812
104.13,242.0,3.0,0.0,1.1202,0.9753,-0.1449,126.651
104.14,242.0,3.0,0.0,1.1202,0.984,-0.1362,126.633
104.15,242.0,3.0,0.0,1.1202,0.9753,-0.1449,126.681
104.16,242.0,3.0,0.0,1.1202,0.9753,-0.1449,126.602
104.17,242.0,3.0,0.0,1.1202,0.9665,-0.1537,126.844
104.18,242.0,3.0,0.0,1.1202,0.9753,-0.1449,126.828
104.19,242.0,3.0,0.0,1.1202,0.9753,-0.1449,126.667
104.2,242.0,3.0,0.0,1.1202,0.984,-0.1362,126.665
104.21,242.0,3.0,0.0,1.1202,0.984,-0.1362,126.585
104.22,242.0,3.0,0.0,1.1202,0.9665,-0.1537,126.586
104.23,242.0,3.0,0.0,1.1202,0.9665,-0.1537,126.779
104.24,242.0,3.0,0.0,1.1202,0.9753,-0.1449,126.715
104.25,242.0,3.0,0.0,1.1202,0.9753,-0.1449,126.667
104.26,242.0,3.0,0.0,1.1202,0.9753,-0.1449,126.714
104.27,242.0,3.0,0.0,1.1202,0.9753,-0.1449,126.795
104.28,242.0,3.0,0.0,1.1202,0.9753,-0.1449,126.587
104.29,242.0,3.0,0.0,1.1202,0.9753,-0.1449,126.617
104.3,242.0,3.0,0.0,1.1202,0.9753,-0.1449,126.813
104.31,242.0,3.0,0.0,1.1202,0.984,-0.1362,126.456
104.32,242.0,3.0,0.0,1.1202,0.9928,-0.1274,126.73
104.33,242.0,3.0,0.0,1.1202,0.9928,-0.1274,126.684
104.34,242.0,3.0,0.0,1.1202,0.984,-0.1362,126.812
104.35,242.0,3.0,0.0,1.1202,0.984,-0.1362,126.651
104.36,242.0,3.0,0.0,1.1202,0.984,-0.1362,126.812
104.37,242.0,3.0,0.0,1.1202,0.984,-0.1362,126.698
104.38,242.0,3.0,0.0,1.1202,0.984,-0.1362,126.57
104.39,242.0,3.0,0.0,1.1202,0.984,-0.1362,126.6
104.4,242.0,3.0,0.0,1.1202,0.9928,-0.1274,126.634
104.41,242.0,3.0,0.0,1.1202,0.984,-0.1362,126.651
104.42,242.0,3.0,0.0,1.1202,0.9753,-0.1449,126.635
104.43,242.0,3.0,0.0,1.1202,0.9665,-0.1537,126.681
104.44,242.0,3.0,0.0,1.1202,0.9665,-0.1537,126.667
104.45,242.0,3.0,0.0,1.1202,0.9665,-0.1537,126.633
104.46,242.0,3.0,0.0,1.1202,0.9665,-0.1537,126.649
104.47,242.0,3.0,0.0,1.1202,0.9753,-0.1449,126.845
104.48,242.0,3.0,0.0,1.1202,0.9753,-0.1449,126.716
104.49,242.0,3.0,0.0,1.1202,0.9753,-0.1449,126.489
104.5,242.0,3.0,0.0,1.1202,0.9753,-0.1449,126.697
104.51,242.0,3.0,0.0,1.1202,0.984,-0.1362,126.698
104.52,242.0,3.0,0.0,1.1202,0.984,-0.1362,126.778
104.53,242.0,3.0,0.0,1.1202,0.9753,-0.1449,126.748
104.54,242.0,3.0,0.0,1.1202,0.9753,-0.1449,126.538
104.55,242.0,3.0,0.0,1.1202,0.9753,-0.1449,126.618
104.56,242.0,3.0,0.0,1.1202,0.984,-0.1362,126.44
104.57,242.0,3.0,0.0,1.1202,0.9753,-0.1449,126.714
104.58,242.0,3.0,0.0,1.1202,0.984,-0.1362,126.65
104.59,242.0,3.0,0.0,1.1202,0.984,-0.1362,126.715
104.6,242.0,3.0,0.0,1.1202,0.984,-0.1362,126.7
104.61,242.0,3.0,0.0,1.1202,0.984,-0.1362,126.651
104.62,242.0,3.0,0.0,1.1202,0.984,-0.1362,126.697
104.63,242.0,3.0,0.0,1.1202,0.984,-0.1362,126.746
104.64,242.0,3.0,0.0,1.1202,0.9753,-0.1449,126.587
104.65,242.0,3.0,0.0,1.1202,0.9753,-0.1449,126.746
104.66,242.0,3.0,0.0,1.1202,0.9753,-0.1449,126.699
104.67,242.0,3.0,0.0,1.1202,0.9753,-0.1449,126.699
104.68,242.0,3.0,0.0,1.1202,0.9753,-0.1449,126.441
104.69,242.0,3.0,0.0,1.1202,0.9753,-0.1449,126.536
104.7,242.0,3.0,0.0,1.1202,0.9753,-0.1449,126.667
104.71,242.0,3.0,0.0,1.1202,0.9665,-0.1537,126.828
104.72,242.0,3.0,0.0,1.1202,0.9665,-0.1537,126.746
104.73,242.0,3.0,0.0,1.1202,0.9665,-0.1537,126.586
104.74,242.0,3.0,0.0,1.1202,0.9578,-0.1624,126.648
104.75,242.0,3.0,0.0,1.1202,0.9753,-0.1449,126.634
104.76,242.0,3.0,0.0,1.1202,0.9578,-0.1624,126.618
104.77,242.0,3.0,0.0,1.1202,0.9665,-0.1537,126.682
104.78,242.0,3.0,0.0,1.1202,0.9753,-0.1449,126.778
104.79,242.0,3.0,0.0,1.1202,0.9753,-0.1449,126.7
104.8,242.0,3.0,0.0,1.1202,0.9753,-0.1449,126.587
104.81,242.0,3.0,0.0,1.1202,0.9753,-0.1449,126.391
104.82,242.0,3.0,0.0,1.1202,0.9753,-0.1449,126.65
104.83,242.0,3.0,0.0,1.1202,0.9753,-0.1449,126.795
104.84,242.0,3.0,0.0,1.1202,0.9753,-0.1449,126.715
104.85,242.0,3.0,0.0,1.1202,0.9753,-0.1449,126.842
104.86,242.0,3.0,0.0,1.1202,0.9753,-0.1449,126.682
104.87,242.0,3.0,0.0,1.1202,0.9753,-0.1449,126.62
104.88,242.0,3.0,0.0,1.1202,0.9753,-0.1449,126.554
104.89,242.0,3.0,0.0,1.1202,0.9753,-0.1449,126.649
104.9,242.0,3.0,0.0,1.1202,0.9753,-0.1449,126.828
104.91,242.0,3.0,0.0,1.1202,0.9665,-0.1537,126.684
104.92,242.0,3.0,0.0,1.1202,0.9665,-0.1537,126.44
104.93,242.0,3.0,0.0,1.1202,0.9665,-0.1537,126.534
104.94,242.0,3.0,0.0,1.1202,0.9665,-0.1537,126.634
104.95,242.0,3.0,0.0,1.1202,0.9665,-0.1537,126.715
104.96,242.0,3.0,0.0,1.1202,0.9665,-0.1537,126.699
104.97,242.0,3.0,0.0,1.1202,0.984,-0.1362,126.683
104.98,242.0,3.0,0.0,1.1202,0.9665,-0.1537,126.779
104.99,242.0,3.0,0.0,1.1202,0.9753,-0.1449,126.634
105.0,242.0,3.0,0.0,1.1202,0.9753,-0.1449,126.406
105.01,242.0,3.0,0.0,1.1202,0.9753,-0.1449,126.585
105.02,242.0,3.0,0.0,1.1202,0.9753,-0.1449,126.65
105.03,242.0,3.0,0.0,1.1202,0.9665,-0.1537,126.794
105.04,242.0,3.0,0.0,1.1202,0.9665,-0.1537,126.681
105.05,242.0,3.0,0.0,1.1202,0.9665,-0.1537,126.731
105.06,242.0,3.0,0.0,1.1202,0.9665,-0.1537,126.634
105.07,242.0,3.0,0.0,1.1202,0.9753,-0.1449,126.424
105.08,242.0,3.0,0.0,1.1202,0.9753,-0.1449,126.683
105.09,242.0,3.0,0.0,1.1202,0.9753,-0.1449,126.763
105.1,242.0,3.0,0.0,1.1202,0.984,-0.1362,126.715
105.11,242.0,3.0,0.0,1.1202,0.9753,-0.1449,126.617
105.12,242.0,3.0,0.0,1.1202,0.9753,-0.1449,126.601
105.13,242.0,3.0,0.0,1.1202,0.9753,-0.1449,126.666
105.14,242.0,3.0,0.0,1.1202,0.9753,-0.1449,126.714
105.15,242.0,3.0,0.0,1.1202,0.9753,-0.1449,126.685
105.16,242.0,3.0,0.0,1.1202,0.984,-0.1362,126.683
105.17,242.0,3.0,0.0,1.1202,0.9753,-0.1449,126.714
105.18,242.0,3.0,0.0,1.1202,0.984,-0.1362,126.729
105.19,242.0,3.0,0.0,1.1202,0.9753,-0.1449,126.601
105.2,242.0,3.0,0.0,1.1202,0.9928,-0.1274,126.667
105.21,242.0,3.0,0.0,1.1202,0.984,-0.1362,126.651
105.22,242.0,3.0,0.0,1.1202,0.9928,-0.1274,126.651
105.23,242.0,3.0,0.0,1.1202,0.9928,-0.1274,126.569
105.24,242.0,3.0,0.0,1.1202,0.984,-0.1362,126.649
105.25,242.0,3.0,0.0,1.1202,0.984,-0.1362,126.665
105.26,242.0,3.0,0.0,1.1202,0.984,-0.1362,126.745
105.27,242.0,3.0,0.0,1.1202,0.984,-0.1362,126.62
105.28,242.0,3.0,0.0,1.1202,0.984,-0.1362,126.795
105.29,242.0,3.0,0.0,1.1202,0.984,-0.1362,126.555
105.3,242.0,3.0,0.0,1.1202,0.984,-0.1362,126.794
105.31,242.0,3.0,0.0,1.1202,0.984,-0.1362,126.698
105.32,242.0,3.0,0.0,1.1202,0.984,-0.1362,126.715
105.33,242.0,3.0,0.0,1.1202,0.984,-0.1362,126.636
105.34,242.0,3.0,0.0,1.1202,0.9665,-0.1537,126.537
105.35,242.0,3.0,0.0,1.1202,0.9753,-0.1449,126.666
105.36,242.0,3.0,0.0,1.1202,0.9753,-0.1449,126.553
105.37,242.0,3.0,0.0,1.1202,0.9753,-0.1449,126.583
105.38,242.0,3.0,0.0,1.1202,0.9753,-0.1449,126.714
105.39,242.0,3.0,0.0,1.1202,0.9753,-0.1449,126.553
105.4,242.0,3.0,0.0,1.1202,0.9753,-0.1449,126.731
105.41,242.0,3.0,0.0,1.1202,0.9753,-0.1449,126.553
105.42,242.0,3.0,0.0,1.1202,0.9665,-0.1537,126.714
105.43,242.0,3.0,0.0,1.1202,0.9665,-0.1537,126.649
105.44,242.0,3.0,0.0,1.1202,0.9665,-0.1537,126.714
105.45,242.0,3.0,0.0,1.1202,0.9753,-0.1449,126.778
105.46,242.0,3.0,0.0,1.1202,0.9665,-0.1537,126.86
105.47,242.0,3.0,0.0,1.1202,0.9665,-0.1537,126.78
105.48,242.0,3.0,0.0,1.1202,0.9665,-0.1537,126.521
105.49,242.0,3.0,0.0,1.1202,0.9665,-0.1537,126.681
105.5,242.0,3.0,0.0,1.1202,0.9665,-0.1537,126.843
105.51,242.0,3.0,0.0,1.1202,0.9753,-0.1449,126.619
105.52,242.0,3.0,0.0,1.1202,0.9665,-0.1537,126.65
105.53,242.0,3.0,0.0,1.1202,0.9753,-0.1449,126.619
105.54,242.0,3.0,0.0,1.1202,0.9753,-0.1449,126.539
105.55,242.0,3.0,0.0,1.1202,0.9753,-0.1449,126.633
105.56,242.0,3.0,0.0,1.1202,0.9753,-0.1449,126.681
105.57,242.0,3.0,0.0,1.1202,0.9753,-0.1449,126.763
105.58,242.0,3.0,0.0,1.1202,0.9753,-0.1449,126.748
105.59,242.0,3.0,0.0,1.1202,0.9753,-0.1449,126.618
105.6,242.0,3.0,0.0,1.1202,0.9665,-0.1537,126.521
105.61,242.0,3.0,0.0,1.1202,0.9665,-0.1537,126.553
105.62,242.0,3.0,0.0,1.1202,0.9753,-0.1449,126.553
105.63,242.0,3.0,0.0,1.1202,0.9753,-0.1449,126.681
105.64,242.0,3.0,0.0,1.1202,0.9753,-0.1449,126.554
105.65,242.0,3.0,0.0,1.1202,0.9753,-0.1449,126.778
105.66,242.0,3.0,0.0,1.1202,0.9665,-0.1537,126.602
105.67,242.0,3.0,0.0,1.1202,0.9665,-0.1537,126.617
105.68,242.0,3.0,0.0,1.1202,0.9753,-0.1449,126.587
105.69,242.0,3.0,0.0,1.1202,0.9753,-0.1449,126.618
105.7,242.0,3.0,0.0,1.1202,0.9753,-0.1449,126.842
105.71,242.0,3.0,0.0,1.1202,0.9665,-0.1537,126.585
105.72,242.0,3.0,0.0,1.1202,0.9665,-0.1537,126.682
105.73,242.0,3.0,0.0,1.1202,0.9753,-0.1449,126.522
105.74,242.0,3.0,0.0,1.1202,0.9753,-0.1449,126.457
105.75,242.0,3.0,0.0,1.1202,0.9665,-0.1537,126.811
105.76,242.0,3.0,0.0,1.1202,0.9753,-0.1449,126.635
105.77,242.0,3.0,0.0,1.1202,0.9665,-0.1537,126.649
105.78,242.0,3.0,0.0,1.1202,0.9665,-0.1537,126.73
105.79,242.0,3.0,0.0,1.1202,0.9665,-0.1537,126.778
105.8,242.0,3.0,0.0,1.1202,0.9753,-0.1449,126.585
105.81,242.0,3.0,0.0,1.1202,0.9753,-0.1449,126.616
105.82,242.0,3.0,0.0,1.1202,0.9753,-0.1449,126.539
105.83,242.0,3.0,0.0,1.1202,0.9753,-0.1449,126.618
105.84,242.0,3.0,0.0,1.1202,0.984,-0.1362,126.441
105.85,242.0,3.0,0.0,1.1202,0.9753,-0.1449,126.909
105.86,242.0,3.0,0.0,1.1202,0.9753,-0.1449,126.601
105.87,242.0,3.0,0.0,1.1202,1.2116,0.0914,21.638
105.88,9.0,0.0,6.0,51.5414,3.1373,-48.4041,-1.169
105.89,9.0,0.0,6.0,51.5414,7.8464,-43.695,-0.346
105.9,9.0,0.0,6.0,51.5414,14.9539,-36.5875,-1.267
105.91,9.0,0.0,6.0,51.5414,21.65,-29.8914,-1.072
105.92,9.0,0.0,6.0,51.5414,28.4249,-23.1165,-0.749
105.93,9.0,0.0,6.0,51.5414,35.5849,-15.9565,-1.089
105.94,9.0,0.0,6.0,51.5414,42.7624,-8.779,-0.992
105.95,9.0,0.0,6.0,51.5414,50.3338,-1.2076,-0.684
105.96,9.0,0.0,6.0,51.5414,53.5549,2.0135,-0.748
105.97,9.0,0.0,6.0,51.5414,53.7125,2.1711,-0.878
105.98,9.0,0.0,6.0,51.5414,53.7387,2.1973,-0.701
105.99,9.0,0.0,6.0,51.5414,53.7125,2.1711,-0.716
106.0,9.0,0.0,6.0,51.5414,53.7212,2.1798,-0.861
106.01,9.0,0.0,6.0,51.5414,53.7037,2.1623,-0.861
106.02,9.0,0.0,6.0,51.5414,53.7475,2.2061,-0.862
106.03,9.0,0.0,6.0,51.5414,53.7475,2.2061,-0.83
106.04,9.0,0.0,6.0,51.5414,53.7738,2.2324,-0.75
106.05,9.0,0.0,6.0,51.5414,53.7825,2.2411,-0.829
106.06,9.0,0.0,6.0,51.5414,53.765,2.2236,-0.765
106.07,9.0,0.0,6.0,51.5414,53.7387,2.1973,-0.909
106.08,9.0,0.0,6.0,51.5414,53.7212,2.1798,-0.83
106.09,9.0,0.0,6.0,51.5414,53.7387,2.1973,-0.911
106.1,9.0,0.0,6.0,51.5414,53.7387,2.1973,-0.685
106.11,7.7,1.0,4.0,51.8299,53.7387,1.9088,-0.813
106.12,5.0,3.0,0.0,52.407,53.7125,1.3055,-0.862
106.13,5.0,3.0,0.0,52.407,53.7563,1.3493,-0.781
106.14,5.0,3.0,0.0,52.407,53.7738,1.3668,-0.861
106.15,5.0,3.0,0.0,52.407,53.765,1.358,-0.877
106.16,5.0,3.0,0.0,52.407,53.7738,1.3668,-0.717
106.17,5.0,3.0,0.0,52.407,53.7563,1.3493,-0.701
106.18,5.0,3.0,0.0,52.407,53.7212,1.3142,-0.668
106.19,5.0,3.0,0.0,52.407,53.7037,1.2967,-0.829
106.2,5.0,3.0,0.0,52.407,53.7212,1.3142,-0.636
106.21,5.0,3.0,0.0,52.407,53.73,1.323,-0.812
106.22,5.0,3.0,0.0,52.407,53.7387,1.3317,-0.734
106.23,5.0,3.0,0.0,52.407,53.7387,1.3317,-0.861
106.24,5.0,3.0,0.0,52.407,53.7475,1.3405,-0.619
106.25,5.0,3.0,0.0,52.407,53.765,1.358,-0.634
106.26,5.0,3.0,0.0,52.407,53.765,1.358,-0.732
106.27,5.0,3.0,0.0,52.407,53.765,1.358,-0.844
106.28,5.0,3.0,0.0,52.407,53.7387,1.3317,-0.668
106.29,5.0,3.0,0.0,52.407,53.73,1.323,-0.619
106.3,5.0,3.0,0.0,52.407,53.7212,1.3142,-0.586
106.31,5.0,3.0,0.0,52.407,53.73,1.323,-0.682
106.32,5.0,3.0,0.0,52.407,53.7387,1.3317,-0.49
106.33,5.0,3.0,0.0,52.407,53.7475,1.3405,-0.699
106.34,5.0,3.0,0.0,52.407,53.7387,1.3317,-0.764
106.35,5.0,3.0,0.0,52.407,53.7475,1.3405,-0.668
106.36,5.0,3.0,0.0,52.407,53.7563,1.3493,-0.538
106.37,5.0,3.0,0.0,52.407,53.7563,1.3493,-0.601
106.38,5.0,3.0,0.0,52.407,53.7563,1.3493,-0.572
106.39,5.0,3.0,0.0,52.407,53.7387,1.3317,-0.618
106.4,5.0,3.0,0.0,52.407,53.73,1.323,-0.829
106.41,5.0,3.0,0.0,52.407,53.7125,1.3055,-0.766
106.42,5.0,3.0,0.0,52.407,53.73,1.323,-0.683
106.43,5.0,3.0,0.0,52.407,53.7387,1.3317,-0.668
106.44,5.0,3.0,0.0,52.407,53.7563,1.3493,-0.747
106.45,5.0,3.0,0.0,52.407,53.7563,1.3493,-0.571
106.46,5.0,3.0,0.0,52.407,53.7475,1.3405,-0.7
106.47,5.0,3.0,0.0,52.407,53.7387,1.3317,-0.91
106.48,5.0,3.0,0.0,52.407,53.7475,1.3405,-0.619
106.49,5.0,3.0,0.0,52.407,53.7475,1.3405,-0.634
106.5,5.0,3.0,0.0,52.407,53.7387,1.3317,-0.78
106.51,5.0,3.0,0.0,52.407,53.7387,1.3317,-0.733
106.52,5.0,3.0,0.0,52.407,53.73,1.323,-0.554
106.53,5.0,3.0,0.0,52.407,53.73,1.323,-0.715
106.54,5.0,3.0,0.0,52.407,53.7387,1.3317,-0.747
106.55,5.0,3.0,0.0,52.407,53.7475,1.3405,-0.57
106.56,5.0,3.0,0.0,52.407,53.7563,1.3493,-0.698
106.57,5.0,3.0,0.0,52.407,53.7475,1.3405,-0.797
106.58,5.0,3.0,0.0,52.407,53.7563,1.3493,-0.507
106.59,5.0,3.0,0.0,52.407,53.7475,1.3405,-0.7
106.6,5.0,3.0,0.0,52.407,53.7563,1.3493,-0.602
106.61,5.0,3.0,0.0,52.407,53.765,1.358,-0.57
106.62,5.0,3.0,0.0,52.407,53.7563,1.3493,-0.778
106.63,5.0,3.0,0.0,52.407,53.7563,1.3493,-0.652
106.64,5.0,3.0,0.0,52.407,53.7563,1.3493,-0.651
106.65,5.0,3.0,0.0,52.407,53.7563,1.3493,-0.475
106.66,5.0,3.0,0.0,52.407,53.7563,1.3493,-0.57
106.67,5.0,3.0,0.0,52.407,53.765,1.358,-0.634
106.68,5.0,3.0,0.0,52.407,53.7563,1.3493,-0.522
106.69,5.0,3.0,0.0,52.407,53.765,1.358,-0.65
106.7,5.0,3.0,0.0,52.407,53.765,1.358,-0.538
106.71,5.0,3.0,0.0,52.407,53.7738,1.3668,-0.474
106.72,5.0,3.0,0.0,52.407,53.765,1.358,-0.473
106.73,5.0,3.0,0.0,52.407,53.7563,1.3493,-0.602
106.74,5.0,3.0,0.0,52.407,53.7563,1.3493,-0.441
106.75,5.0,3.0,0.0,52.407,53.7475,1.3405,-0.537
106.76,5.0,3.0,0.0,52.407,53.7475,1.3405,-0.667
106.77,5.0,3.0,0.0,52.407,53.7563,1.3493,-0.637
106.78,5.0,3.0,0.0,52.407,53.7387,1.3317,-0.749
106.79,5.0,3.0,0.0,52.407,53.7475,1.3405,-0.441
106.8,5.0,3.0,0.0,52.407,53.7475,1.3405,-0.635
106.81,5.0,3.0,0.0,52.407,53.7563,1.3493,-0.603
106.82,5.0,3.0,0.0,52.407,53.7563,1.3493,-0.684
106.83,5.0,3.0,0.0,52.407,53.7563,1.3493,-0.537
106.84,5.0,3.0,0.0,52.407,53.7387,1.3317,-0.586
106.85,5.0,3.0,0.0,52.407,53.7387,1.3317,-0.764
106.86,5.0,3.0,0.0,52.407,53.73,1.323,-0.586
106.87,5.0,3.0,0.0,52.407,53.7387,1.3317,-0.764
106.88,5.0,3.0,0.0,52.407,53.7387,1.3317,-0.587
106.89,5.0,3.0,0.0,52.407,53.7475,1.3405,-0.781
106.9,5.0,3.0,0.0,52.407,53.7563,1.3493,-0.457
106.91,5.0,3.0,0.0,52.407,53.7563,1.3493,-0.473
106.92,5.0,3.0,0.0,52.407,53.7563,1.3493,-0.634
106.93,5.0,3.0,0.0,52.407,53.765,1.358,-0.684
106.94,5.0,3.0,0.0,52.407,53.7563,1.3493,-0.571
106.95,241.0,0.0,46.0,1.3366,53.5724,52.2358,-0.602
106.96,241.0,0.0,46.0,1.3366,48.9683,47.6317,-0.49
106.97,241.0,0.0,46.0,1.3366,41.9659,40.6293,-0.49
106.98,241.0,0.0,46.0,1.3366,34.6658,33.3292,-0.666
106.99,241.0,0.0,46.0,1.3366,27.252,25.9154,-0.554
107.0,241.0,0.0,46.0,1.3366,19.9344,18.5978,-0.618
107.01,241.0,0.0,46.0,1.3366,12.7657,11.4291,-0.57
107.02,241.0,0.0,46.0,1.3366,5.1943,3.8577,1.745
107.03,241.0,0.0,46.0,1.3366,2.4283,1.0917,72.543
107.04,241.0,0.0,46.0,1.3366,1.0716,-0.265,126.928
107.05,241.0,0.0,46.0,1.3366,0.984,-0.3526,121.407
107.06,241.0,0.0,46.0,1.3366,0.9578,-0.3788,125.062
107.07,241.0,0.0,46.0,1.3366,0.9578,-0.3788,126.139
107.08,241.0,0.0,46.0,1.3366,0.9753,-0.3613,125.492
107.09,241.0,0.0,46.0,1.3366,0.9753,-0.3613,126.577
107.1,241.0,0.0,46.0,1.3366,0.984,-0.3526,125.438
107.11,241.0,0.0,46.0,1.3366,0.984,-0.3526,124.348
107.12,241.0,0.0,46.0,1.3366,0.984,-0.3526,125.126
107.13,241.0,0.0,46.0,1.3366,0.9753,-0.3613,126.282
107.14,241.0,0.0,46.0,1.3366,0.984,-0.3526,126.674
107.15,241.0,0.0,46.0,1.3366,0.9928,-0.3438,126.412
107.16,241.0,0.0,46.0,1.3366,0.9753,-0.3613,125.289
107.17,241.0,0.0,46.0,1.3366,0.984,-0.3526,125.014
107.18,241.0,0.0,46.0,1.3366,0.984,-0.3526,126.426
107.19,242.0,3.0,0.0,1.1202,0.9928,-0.1274,127.435
107.2,242.0,3.0,0.0,1.1202,0.984,-0.1362,126.36
107.21,242.0,3.0,0.0,1.1202,0.984,-0.1362,125.127
107.22,242.0,3.0,0.0,1.1202,0.9928,-0.1274,126.05
107.23,242.0,3.0,0.0,1.1202,0.984,-0.1362,127.124
107.24,242.0,3.0,0.0,1.1202,0.984,-0.1362,126.734
107.25,242.0,3.0,0.0,1.1202,0.9928,-0.1274,126.344
107.26,242.0,3.0,0.0,1.1202,0.984,-0.1362,126.182
107.27,242.0,3.0,0.0,1.1202,0.984,-0.1362,125.971
107.28,242.0,3.0,0.0,1.1202,0.984,-0.1362,126.326
107.29,242.0,3.0,0.0,1.1202,0.984,-0.1362,126.88
107.3,242.0,3.0,0.0,1.1202,0.9928,-0.1274,126.799
107.31,242.0,3.0,0.0,1.1202,0.9928,-0.1274,125.872
107.32,242.0,3.0,0.0,1.1202,0.984,-0.1362,125.951
107.33,242.0,3.0,0.0,1.1202,0.984,-0.1362,126.618
107.34,242.0,3.0,0.0,1.1202,0.9928,-0.1274,126.896
107.35,242.0,3.0,0.0,1.1202,0.9928,-0.1274,126.489
107.36,242.0,3.0,0.0,1.1202,0.984,-0.1362,126.083
107.37,242.0,3.0,0.0,1.1202,0.984,-0.1362,126.164
107.38,242.0,3.0,0.0,1.1202,0.984,-0.1362,126.44
107.39,242.0,3.0,0.0,1.1202,0.984,-0.1362,126.425
107.4,242.0,3.0,0.0,1.1202,0.9753,-0.1449,126.521
107.41,242.0,3.0,0.0,1.1202,0.984,-0.1362,126.326
107.42,242.0,3.0,0.0,1.1202,0.984,-0.1362,125.985
107.43,242.0,3.0,0.0,1.1202,0.984,-0.1362,126.098
107.44,242.0,3.0,0.0,1.1202,0.984,-0.1362,126.618
107.45,242.0,3.0,0.0,1.1202,0.984,-0.1362,126.668
107.46,242.0,3.0,0.0,1.1202,0.984,-0.1362,126.019
107.47,242.0,3.0,0.0,1.1202,0.9753,-0.1449,125.969
107.48,242.0,3.0,0.0,1.1202,0.984,-0.1362,126.438
107.49,242.0,3.0,0.0,1.1202,0.9928,-0.1274,126.782
107.5,242.0,3.0,0.0,1.1202,0.984,-0.1362,126.344
107.51,242.0,3.0,0.0,1.1202,0.984,-0.1362,125.873
107.52,242.0,3.0,0.0,1.1202,0.9928,-0.1274,126.18
107.53,242.0,3.0,0.0,1.1202,0.984,-0.1362,126.424
107.54,242.0,3.0,0.0,1.1202,0.9928,-0.1274,126.229
107.55,242.0,3.0,0.0,1.1202,0.984,-0.1362,126.228
107.56,242.0,3.0,0.0,1.1202,0.984,-0.1362,126.245
107.57,242.0,3.0,0.0,1.1202,0.9928,-0.1274,126.245
107.58,242.0,3.0,0.0,1.1202,0.984,-0.1362,126.149
107.59,242.0,3.0,0.0,1.1202,0.984,-0.1362,126.229
107.6,242.0,3.0,0.0,1.1202,0.984,-0.1362,126.522
107.61,242.0,3.0,0.0,1.1202,0.9928,-0.1274,126.246
107.62,242.0,3.0,0.0,1.1202,0.9928,-0.1274,125.906
107.63,242.0,3.0,0.0,1.1202,0.984,-0.1362,126.244
107.64,242.0,3.0,0.0,1.1202,0.9928,-0.1274,126.555
107.65,242.0,3.0,0.0,1.1202,0.984,-0.1362,126.473
107.66,242.0,3.0,0.0,1.1202,0.984,-0.1362,126.115
107.67,242.0,3.0,0.0,1.1202,0.984,-0.1362,125.938
107.68,242.0,3.0,0.0,1.1202,0.984,-0.1362,126.229
107.69,242.0,3.0,0.0,1.1202,0.9928,-0.1274,126.15
107.7,242.0,3.0,0.0,1.1202,0.9928,-0.1274,126.456
107.71,242.0,3.0,0.0,1.1202,0.9753,-0.1449,126.392
107.72,242.0,3.0,0.0,1.1202,0.984,-0.1362,126.1
107.73,242.0,3.0,0.0,1.1202,0.984,-0.1362,126.163
107.74,242.0,3.0,0.0,1.1202,0.9753,-0.1449,126.165
107.75,242.0,3.0,0.0,1.1202,0.984,-0.1362,126.262
107.76,242.0,3.0,0.0,1.1202,0.9753,-0.1449,126.133
107.77,242.0,3.0,0.0,1.1202,0.9928,-0.1274,125.938
107.78,242.0,3.0,0.0,1.1202,0.984,-0.1362,126.164
107.79,242.0,3.0,0.0,1.1202,0.984,-0.1362,126.262
107.8,242.0,3.0,0.0,1.1202,0.984,-0.1362,126.198
107.81,242.0,3.0,0.0,1.1202,0.9928,-0.1274,126.005
107.82,242.0,3.0,0.0,1.1202,0.984,-0.1362,126.132
107.83,242.0,3.0,0.0,1.1202,0.984,-0.1362,126.246
107.84,242.0,3.0,0.0,1.1202,0.9928,-0.1274,126.002
107.85,242.0,3.0,0.0,1.1202,0.9928,-0.1274,126.212
107.86,242.0,3.0,0.0,1.1202,0.9928,-0.1274,126.183
107.87,242.0,3.0,0.0,1.1202,0.9928,-0.1274,126.052
107.88,242.0,3.0,0.0,1.1202,0.984,-0.1362,126.004
107.89,242.0,3.0,0.0,1.1202,0.984,-0.1362,126.149
107.9,242.0,3.0,0.0,1.1202,0.9928,-0.1274,126.31
107.91,242.0,3.0,0.0,1.1202,0.9928,-0.1274,126.1
107.92,242.0,3.0,0.0,1.1202,0.984,-0.1362,125.971
107.93,242.0,3.0,0.0,1.1202,0.9928,-0.1274,126.052
107.94,242.0,3.0,0.0,1.1202,0.9928,-0.1274,126.246
107.95,242.0,3.0,0.0,1.1202,0.9928,-0.1274,126.424
107.96,242.0,3.0,0.0,1.1202,0.984,-0.1362,125.954
107.97,242.0,3.0,0.0,1.1202,0.984,-0.1362,125.986
107.98,242.0,3.0,0.0,1.1202,0.9928,-0.1274,126.293
107.99,242.0,3.0,0.0,1.1202,0.984,-0.1362,126.149
108.0,242.0,3.0,0.0,1.1202,0.9928,-0.1274,126.135
108.01,242.0,3.0,0.0,1.1202,0.984,-0.1362,126.053
108.02,242.0,3.0,0.0,1.1202,0.984,-0.1362,125.795
108.03,242.0,3.0,0.0,1.1202,0.9665,-0.1537,126.132
108.04,242.0,3.0,0.0,1.1202,0.9665,-0.1537,126.053
108.05,242.0,3.0,0.0,1.1202,0.9753,-0.1449,126.181
108.06,242.0,3.0,0.0,1.1202,0.9753,-0.1449,126.165
108.07,242.0,3.0,0.0,1.1202,0.984,-0.1362,125.922
108.08,242.0,3.0,0.0,1.1202,0.9753,-0.1449,126.018
108.09,242.0,3.0,0.0,1.1202,0.9753,-0.1449,125.938
108.1,242.0,3.0,0.0,1.1202,0.9753,-0.1449,126.069
108.11,242.0,3.0,0.0,1.1202,0.9753,-0.1449,126.035
108.12,242.0,3.0,0.0,1.1202,0.984,-0.1362,125.956
108.13,242.0,3.0,0.0,1.1202,0.984,-0.1362,126.164
108.14,242.0,3.0,0.0,1.1202,0.984,-0.1362,125.989
108.15,242.0,3.0,0.0,1.1202,0.984,-0.1362,125.988
108.16,242.0,3.0,0.0,1.1202,0.984,-0.1362,126.067
108.17,242.0,3.0,0.0,1.1202,0.9753,-0.1449,126.004
108.18,242.0,3.0,0.0,1.1202,0.984,-0.1362,126.294
108.19,242.0,3.0,0.0,1.1202,0.9753,-0.1449,125.955
108.2,242.0,3.0,0.0,1.1202,0.9753,-0.1449,126.1
108.21,242.0,3.0,0.0,1.1202,0.984,-0.1362,125.972
108.22,242.0,3.0,0.0,1.1202,0.9753,-0.1449,125.986
108.23,242.0,3.0,0.0,1.1202,0.9753,-0.1449,126.131
108.24,242.0,3.0,0.0,1.1202,0.9753,-0.1449,125.923
108.25,242.0,3.0,0.0,1.1202,0.984,-0.1362,126.181
108.26,242.0,3.0,0.0,1.1202,0.9753,-0.1449,126.019
108.27,242.0,3.0,0.0,1.1202,0.984,-0.1362,125.987
108.28,242.0,3.0,0.0,1.1202,0.9928,-0.1274,126.052
108.29,242.0,3.0,0.0,1.1202,0.984,-0.1362,126.067
108.3,242.0,3.0,0.0,1.1202,0.984,-0.1362,126.083
108.31,242.0,3.0,0.0,1.1202,0.984,-0.1362,126.229
108.32,242.0,3.0,0.0,1.1202,0.9928,-0.1274,125.892
108.33,242.0,3.0,0.0,1.1202,0.9928,-0.1274,125.891
108.34,242.0,3.0,0.0,1.1202,0.9928,-0.1274,125.988
108.35,242.0,3.0,0.0,1.1202,0.9928,-0.1274,126.034
108.36,242.0,3.0,0.0,1.1202,0.984,-0.1362,126.101
108.37,242.0,3.0,0.0,1.1202,1.0015,-0.1187,126.053
108.38,242.0,3.0,0.0,1.1202,0.9928,-0.1274,126.004
108.39,242.0,3.0,0.0,1.1202,0.9928,-0.1274,125.924
108.4,242.0,3.0,0.0,1.1202,0.9928,-0.1274,126.084
108.41,242.0,3.0,0.0,1.1202,0.9928,-0.1274,125.939
108.42,242.0,3.0,0.0,1.1202,0.9928,-0.1274,126.099
108.43,242.0,3.0,0.0,1.1202,0.9928,-0.1274,126.196
108.44,242.0,3.0,0.0,1.1202,0.9928,-0.1274,126.002
108.45,242.0,3.0,0.0,1.1202,0.984,-0.1362,125.906
108.46,242.0,3.0,0.0,1.1202,0.984,-0.1362,126.052
108.47,242.0,3.0,0.0,1.1202,0.9753,-0.1449,126.132
108.48,242.0,3.0,0.0,1.1202,0.984,-0.1362,126.117
108.49,242.0,3.0,0.0,1.1202,0.984,-0.1362,126.036
108.5,242.0,3.0,0.0,1.1202,0.984,-0.1362,126.212
108.51,242.0,3.0,0.0,1.1202,0.9753,-0.1449,126.18
108.52,242.0,3.0,0.0,1.1202,0.984,-0.1362,125.922
108.53,242.0,3.0,0.0,1.1202,0.984,-0.1362,125.971
108.54,242.0,3.0,0.0,1.1202,0.984,-0.1362,125.939
108.55,242.0,3.0,0.0,1.1202,0.984,-0.1362,126.132
108.56,242.0,3.0,0.0,1.1202,0.984,-0.1362,125.906
108.57,242.0,3.0,0.0,1.1202,0.984,-0.1362,125.938
108.58,242.0,3.0,0.0,1.1202,0.984,-0.1362,126.035
108.59,242.0,3.0,0.0,1.1202,0.984,-0.1362,126.036
108.6,242.0,3.0,0.0,1.1202,0.984,-0.1362,126.133
108.61,242.0,3.0,0.0,1.1202,0.984,-0.1362,126.005
108.62,242.0,3.0,0.0,1.1202,0.984,-0.1362,125.891
108.63,242.0,3.0,0.0,1.1202,0.984,-0.1362,126.083
108.64,242.0,3.0,0.0,1.1202,0.984,-0.1362,125.971
108.65,242.0,3.0,0.0,1.1202,0.984,-0.1362,126.051
108.66,242.0,3.0,0.0,1.1202,0.9928,-0.1274,126.213
108.67,242.0,3.0,0.0,1.1202,0.984,-0.1362,125.956
108.68,242.0,3.0,0.0,1.1202,0.984,-0.1362,126.101
108.69,242.0,3.0,0.0,1.1202,0.9928,-0.1274,126.245
108.7,242.0,3.0,0.0,1.1202,0.984,-0.1362,125.987
108.71,242.0,3.0,0.0,1.1202,0.984,-0.1362,125.891
108.72,242.0,3.0,0.0,1.1202,0.984,-0.1362,125.987
108.73,242.0,3.0,0.0,1.1202,0.9753,-0.1449,126.213
108.74,242.0,3.0,0.0,1.1202,0.984,-0.1362,125.987
108.75,242.0,3.0,0.0,1.1202,0.9753,-0.1449,125.973
108.76,242.0,3.0,0.0,1.1202,0.984,-0.1362,126.002
108.77,242.0,3.0,0.0,1.1202,0.984,-0.1362,126.084
108.78,242.0,3.0,0.0,1.1202,0.9753,-0.1449,126.084
108.79,242.0,3.0,0.0,1.1202,0.984,-0.1362,126.005
108.8,242.0,3.0,0.0,1.1202,0.984,-0.1362,126.181
108.81,242.0,3.0,0.0,1.1202,0.9928,-0.1274,125.971
108.82,242.0,3.0,0.0,1.1202,0.9928,-0.1274,126.018
108.83,242.0,3.0,0.0,1.1202,0.984,-0.1362,126.098
108.84,242.0,3.0,0.0,1.1202,0.984,-0.1362,126.085
108.85,242.0,3.0,0.0,1.1202,0.984,-0.1362,126.021
108.86,242.0,3.0,0.0,1.1202,0.984,-0.1362,126.132
108.87,242.0,3.0,0.0,1.1202,0.9753,-0.1449,126.052
108.88,242.0,3.0,0.0,1.1202,0.9753,-0.1449,125.971
108.89,242.0,3.0,0.0,1.1202,0.984,-0.1362,126.083
108.9,242.0,3.0,0.0,1.1202,0.984,-0.1362,125.971
108.91,242.0,3.0,0.0,1.1202,0.9753,-0.1449,126.051
108.92,242.0,3.0,0.0,1.1202,0.9753,-0.1449,125.939
108.93,242.0,3.0,0.0,1.1202,0.9753,-0.1449,126.115
108.94,242.0,3.0,0.0,1.1202,0.984,-0.1362,125.89
108.95,242.0,3.0,0.0,1.1202,0.9753,-0.1449,126.019
108.96,242.0,3.0,0.0,1.1202,0.984,-0.1362,126.196
108.97,242.0,3.0,0.0,1.1202,0.9753,-0.1449,125.987
108.98,242.0,3.0,0.0,1.1202,0.984,-0.1362,126.148
108.99,242.0,3.0,0.0,1.1202,0.984,-0.1362,126.069
109.0,242.0,3.0,0.0,1.1202,0.9753,-0.1449,125.971
109.01,242.0,3.0,0.0,1.1202,0.984,-0.1362,125.874
109.02,242.0,3.0,0.0,1.1202,0.9753,-0.1449,126.051
109.03,242.0,3.0,0.0,1.1202,0.9928,-0.1274,126.101
109.04,242.0,3.0,0.0,1.1202,0.984,-0.1362,125.987
109.05,242.0,3.0,0.0,1.1202,0.984,-0.1362,126.002
109.06,242.0,3.0,0.0,1.1202,0.9928,-0.1274,125.908
109.07,242.0,3.0,0.0,1.1202,0.984,-0.1362,125.81
109.08,242.0,3.0,0.0,1.1202,0.984,-0.1362,125.97
109.09,242.0,3.0,0.0,1.1202,0.9928,-0.1274,125.924
109.1,242.0,3.0,0.0,1.1202,0.9928,-0.1274,126.133
109.11,242.0,3.0,0.0,1.1202,0.9928,-0.1274,126.117
109.12,242.0,3.0,0.0,1.1202,0.984,-0.1362,125.891
109.13,242.0,3.0,0.0,1.1202,0.9928,-0.1274,125.969
109.14,242.0,3.0,0.0,1.1202,0.9928,-0.1274,125.924
109.15,242.0,3.0,0.0,1.1202,1.0015,-0.1187,125.988
109.16,242.0,3.0,0.0,1.1202,0.984,-0.1362,126.066
109.17,242.0,3.0,0.0,1.1202,0.9928,-0.1274,126.131
109.18,242.0,3.0,0.0,1.1202,0.9928,-0.1274,126.005
109.19,242.0,3.0,0.0,1.1202,0.984,-0.1362,125.858
109.2,242.0,3.0,0.0,1.1202,0.984,-0.1362,125.809
109.21,242.0,3.0,0.0,1.1202,0.984,-0.1362,125.956
109.22,242.0,3.0,0.0,1.1202,0.984,-0.1362,126.035
109.23,242.0,3.0,0.0,1.1202,0.984,-0.1362,126.18
109.24,242.0,3.0,0.0,1.1202,0.9753,-0.1449,125.876
109.25,242.0,3.0,0.0,1.1202,0.9753,-0.1449,125.938
109.26,242.0,3.0,0.0,1.1202,0.984,-0.1362,125.971
109.27,242.0,3.0,0.0,1.1202,0.9753,-0.1449,125.843
109.28,242.0,3.0,0.0,1.1202,0.9753,-0.1449,126.002
109.29,242.0,3.0,0.0,1.1202,0.9753,-0.1449,126.036
109.3,242.0,3.0,0.0,1.1202,0.9753,-0.1449,125.956
109.31,242.0,3.0,0.0,1.1202,0.9665,-0.1537,125.986
109.32,242.0,3.0,0.0,1.1202,0.9665,-0.1537,125.986
109.33,242.0,3.0,0.0,1.1202,0.9753,-0.1449,125.941
109.34,242.0,3.0,0.0,1.1202,0.9753,-0.1449,125.955
109.35,242.0,3.0,0.0,1.1202,0.984,-0.1362,125.825
109.36,242.0,3.0,0.0,1.1202,0.9753,-0.1449,126.05
109.37,242.0,3.0,0.0,1.1202,0.9753,-0.1449,125.971
109.38,242.0,3.0,0.0,1.1202,0.984,-0.1362,125.956
109.39,242.0,3.0,0.0,1.1202,0.984,-0.1362,125.875
109.4,242.0,3.0,0.0,1.1202,0.984,-0.1362,125.938
109.41,242.0,3.0,0.0,1.1202,0.9928,-0.1274,126.002
109.42,242.0,3.0,0.0,1.1202,0.9753,-0.1449,125.907
109.43,242.0,3.0,0.0,1.1202,0.9928,-0.1274,125.969
109.44,242.0,3.0,0.0,1.1202,0.984,-0.1362,126.003
109.45,242.0,3.0,0.0,1.1202,0.984,-0.1362,125.907
109.46,242.0,3.0,0.0,1.1202,0.984,-0.1362,126.05
109.47,242.0,3.0,0.0,1.1202,0.984,-0.1362,125.924
109.48,242.0,3.0,0.0,1.1202,0.984,-0.1362,126.116
109.49,242.0,3.0,0.0,1.1202,0.984,-0.1362,125.924
109.5,242.0,3.0,0.0,1.1202,0.9753,-0.1449,125.907
109.51,242.0,3.0,0.0,1.1202,0.984,-0.1362,126.164
109.52,242.0,3.0,0.0,1.1202,0.9753,-0.1449,125.971
109.53,242.0,3.0,0.0,1.1202,0.984,-0.1362,125.971
109.54,242.0,3.0,0.0,1.1202,0.9753,-0.1449,125.923
109.55,242.0,3.0,0.0,1.1202,0.9753,-0.1449,126.052
109.56,242.0,3.0,0.0,1.1202,0.9753,-0.1449,125.987
109.57,242.0,3.0,0.0,1.1202,0.984,-0.1362,126.003
109.58,242.0,3.0,0.0,1.1202,0.9753,-0.1449,125.987
109.59,242.0,3.0,0.0,1.1202,0.9753,-0.1449,125.94
109.6,242.0,3.0,0.0,1.1202,0.9753,-0.1449,126.117
109.61,242.0,3.0,0.0,1.1202,0.984,-0.1362,126.067
109.62,242.0,3.0,0.0,1.1202,0.984,-0.1362,125.891
109.63,242.0,3.0,0.0,1.1202,0.9753,-0.1449,126.115
109.64,242.0,3.0,0.0,1.1202,0.984,-0.1362,125.906
109.65,242.0,3.0,0.0,1.1202,0.9753,-0.1449,125.987
109.66,242.0,3.0,0.0,1.1202,0.9753,-0.1449,125.972
109.67,242.0,3.0,0.0,1.1202,0.9753,-0.1449,125.859
109.68,242.0,3.0,0.0,1.1202,0.9753,-0.1449,126.083
109.69,242.0,3.0,0.0,1.1202,0.984,-0.1362,125.907
109.7,242.0,3.0,0.0,1.1202,0.9753,-0.1449,126.018
109.71,242.0,3.0,0.0,1.1202,0.9753,-0.1449,125.844
109.72,242.0,3.0,0.0,1.1202,0.9753,-0.1449,126.02
109.73,242.0,3.0,0.0,1.1202,0.9753,-0.1449,125.94
109.74,242.0,3.0,0.0,1.1202,0.9753,-0.1449,125.762
109.75,242.0,3.0,0.0,1.1202,0.9753,-0.1449,125.986
109.76,242.0,3.0,0.0,1.1202,0.984,-0.1362,125.89
109.77,242.0,3.0,0.0,1.1202,0.984,-0.1362,126.034
109.78,242.0,3.0,0.0,1.1202,0.984,-0.1362,125.955
109.79,242.0,3.0,0.0,1.1202,0.984,-0.1362,126.019
109.8,242.0,3.0,0.0,1.1202,0.984,-0.1362,125.955
109.81,242.0,3.0,0.0,1.1202,0.9753,-0.1449,125.631
109.82,242.0,3.0,0.0,1.1202,0.984,-0.1362,125.97
109.83,242.0,3.0,0.0,1.1202,0.9665,-0.1537,125.953
109.84,242.0,3.0,0.0,1.1202,0.9665,-0.1537,126.115
109.85,242.0,3.0,0.0,1.1202,0.9753,-0.1449,126.051
109.86,242.0,3.0,0.0,1.1202,0.984,-0.1362,125.956
109.87,242.0,3.0,0.0,1.1202,0.984,-0.1362,125.875
109.88,242.0,3.0,0.0,1.1202,0.984,-0.1362,125.921
109.89,242.0,3.0,0.0,1.1202,0.984,-0.1362,125.938
109.9,242.0,3.0,0.0,1.1202,0.9753,-0.1449,125.889
109.91,242.0,3.0,0.0,1.1202,0.984,-0.1362,126.098
109.92,242.0,3.0,0.0,1.1202,0.9753,-0.1449,125.889
109.93,242.0,3.0,0.0,1.1202,0.984,-0.1362,125.954
109.94,242.0,3.0,0.0,1.1202,0.9928,-0.1274,125.986
109.95,242.0,3.0,0.0,1.1202,0.9928,-0.1274,126.099
109.96,242.0,3.0,0.0,1.1202,0.9928,-0.1274,125.955
109.97,242.0,3.0,0.0,1.1202,0.9928,-0.1274,125.891
109.98,242.0,3.0,0.0,1.1202,0.9928,-0.1274,126.034
109.99,242.0,3.0,0.0,1.1202,1.0015,-0.1187,125.858
110.0,242.0,3.0,0.0,1.1202,1.0015,-0.1187,125.97
110.01,242.0,3.0,0.0,1.1202,0.9928,-0.1274,125.906
110.02,242.0,3.0,0.0,1.1202,0.984,-0.1362,125.906
110.03,242.0,3.0,0.0,1.1202,0.9928,-0.1274,125.955
110.04,242.0,3.0,0.0,1.1202,0.984,-0.1362,126.132
110.05,242.0,3.0,0.0,1.1202,0.984,-0.1362,125.922
110.06,242.0,3.0,0.0,1.1202,0.984,-0.1362,126.05
110.07,242.0,3.0,0.0,1.1202,0.984,-0.1362,125.987
110.08,242.0,3.0,0.0,1.1202,0.984,-0.1362,125.94
110.09,242.0,3.0,0.0,1.1202,0.984,-0.1362,126.035
110.1,242.0,3.0,0.0,1.1202,0.984,-0.1362,125.841
110.11,242.0,3.0,0.0,1.1202,0.984,-0.1362,125.954
110.12,242.0,3.0,0.0,1.1202,0.984,-0.1362,125.859
110.13,242.0,3.0,0.0,1.1202,0.9928,-0.1274,126.068
110.14,242.0,3.0,0.0,1.1202,0.984,-0.1362,125.972
110.15,242.0,3.0,0.0,1.1202,0.984,-0.1362,126.068
110.16,242.0,3.0,0.0,1.1202,0.984,-0.1362,126.099
110.17,242.0,3.0,0.0,1.1202,0.984,-0.1362,125.921
110.18,242.0,3.0,0.0,1.1202,0.9753,-0.1449,125.986
110.19,242.0,3.0,0.0,1.1202,0.9928,-0.1274,125.954
110.2,242.0,3.0,0.0,1.1202,0.984,-0.1362,126.067
110.21,242.0,3.0,0.0,1.1202,0.9753,-0.1449,126.051
110.22,242.0,3.0,0.0,1.1202,0.9753,-0.1449,125.873
110.23,242.0,3.0,0.0,1.1202,0.9753,-0.1449,126.001
110.24,242.0,3.0,0.0,1.1202,0.9753,-0.1449,125.923
110.25,242.0,3.0,0.0,1.1202,0.984,-0.1362,125.986
110.26,242.0,3.0,0.0,1.1202,0.9665,-0.1537,125.841
110.27,242.0,3.0,0.0,1.1202,0.984,-0.1362,125.921
110.28,242.0,3.0,0.0,1.1202,0.984,-0.1362,125.761
110.29,242.0,3.0,0.0,1.1202,0.9665,-0.1537,125.939
110.3,242.0,3.0,0.0,1.1202,0.9753,-0.1449,126.001
110.31,242.0,3.0,0.0,1.1202,0.9753,-0.1449,125.938
110.32,242.0,3.0,0.0,1.1202,0.9753,-0.1449,125.923
110.33,242.0,3.0,0.0,1.1202,0.984,-0.1362,126.246
110.34,242.0,3.0,0.0,1.1202,0.984,-0.1362,125.843
110.35,242.0,3.0,0.0,1.1202,0.984,-0.1362,125.985
110.36,242.0,3.0,0.0,1.1202,0.9753,-0.1449,125.939
110.37,242.0,3.0,0.0,1.1202,0.9665,-0.1537,125.954
110.38,242.0,3.0,0.0,1.1202,0.984,-0.1362,126.05
110.39,242.0,3.0,0.0,1.1202,0.9753,-0.1449,125.874
110.4,242.0,3.0,0.0,1.1202,0.9753,-0.1449,126.019
110.41,242.0,3.0,0.0,1.1202,0.984,-0.1362,125.986
110.42,242.0,3.0,0.0,1.1202,0.9753,-0.1449,126.035
110.43,242.0,3.0,0.0,1.1202,0.9753,-0.1449,126.036
110.44,242.0,3.0,0.0,1.1202,0.9753,-0.1449,125.873
110.45,242.0,3.0,0.0,1.1202,0.984,-0.1362,126.148
110.46,242.0,3.0,0.0,1.1202,0.984,-0.1362,125.905
110.47,242.0,3.0,0.0,1.1202,0.984,-0.1362,125.843
110.48,242.0,3.0,0.0,1.1202,0.984,-0.1362,126.115
110.49,242.0,3.0,0.0,1.1202,0.984,-0.1362,126.1
110.5,242.0,3.0,0.0,1.1202,0.984,-0.1362,126.115
110.51,242.0,3.0,0.0,1.1202,0.9928,-0.1274,125.891
110.52,242.0,3.0,0.0,1.1202,0.984,-0.1362,125.874
110.53,242.0,3.0,0.0,1.1202,0.984,-0.1362,126.131
110.54,242.0,3.0,0.0,1.1202,0.984,-0.1362,125.906
110.55,242.0,3.0,0.0,1.1202,0.9753,-0.1449,125.938
110.56,242.0,3.0,0.0,1.1202,0.984,-0.1362,126.164
110.57,242.0,3.0,0.0,1.1202,0.984,-0.1362,125.924
110.58,242.0,3.0,0.0,1.1202,0.9753,-0.1449,125.889
110.59,242.0,3.0,0.0,1.1202,0.984,-0.1362,125.71
110.6,242.0,3.0,0.0,1.1202,0.9753,-0.1449,125.888
110.61,242.0,3.0,0.0,1.1202,0.9753,-0.1449,125.906
110.62,242.0,3.0,0.0,1.1202,0.984,-0.1362,126.035
110.63,242.0,3.0,0.0,1.1202,0.9753,-0.1449,125.986
110.64,242.0,3.0,0.0,1.1202,0.984,-0.1362,126.0
110.65,242.0,3.0,0.0,1.1202,0.9753,-0.1449,125.875
110.66,242.0,3.0,0.0,1.1202,0.9753,-0.1449,125.889
110.67,242.0,3.0,0.0,1.1202,0.9753,-0.1449,126.018
110.68,242.0,3.0,0.0,1.1202,0.9753,-0.1449,125.989
110.69,242.0,3.0,0.0,1.1202,0.9753,-0.1449,125.94
110.7,242.0,3.0,0.0,1.1202,0.9753,-0.1449,125.729
110.71,242.0,3.0,0.0,1.1202,0.984,-0.1362,125.969
110.72,242.0,3.0,0.0,1.1202,0.984,-0.1362,125.97
110.73,242.0,3.0,0.0,1.1202,0.984,-0.1362,125.906
110.74,242.0,3.0,0.0,1.1202,0.984,-0.1362,125.892
110.75,242.0,3.0,0.0,1.1202,0.984,-0.1362,126.05
110.76,242.0,3.0,0.0,1.1202,0.9928,-0.1274,126.052
110.77,242.0,3.0,0.0,1.1202,0.984,-0.1362,125.809
110.78,242.0,3.0,0.0,1.1202,0.984,-0.1362,125.809
110.79,242.0,3.0,0.0,1.1202,0.984,-0.1362,125.777
110.8,242.0,3.0,0.0,1.1202,0.984,-0.1362,126.018
110.81,242.0,3.0,0.0,1.1202,0.9928,-0.1274,126.115
110.82,242.0,3.0,0.0,1.1202,0.984,-0.1362,126.053
110.83,242.0,3.0,0.0,1.1202,0.984,-0.1362,125.955
110.84,242.0,3.0,0.0,1.1202,0.9928,-0.1274,125.856
110.85,242.0,3.0,0.0,1.1202,0.984,-0.1362,125.857
110.86,242.0,3.0,0.0,1.1202,0.984,-0.1362,126.132
110.87,242.0,3.0,0.0,1.1202,0.984,-0.1362,125.891
110.88,242.0,3.0,0.0,1.1202,0.984,-0.1362,125.858
110.89,242.0,3.0,0.0,1.1202,0.9928,-0.1274,125.76
110.9,242.0,3.0,0.0,1.1202,0.9753,-0.1449,125.906
110.91,242.0,3.0,0.0,1.1202,0.9928,-0.1274,126.052
110.92,242.0,3.0,0.0,1.1202,0.984,-0.1362,125.908
110.93,242.0,3.0,0.0,1.1202,0.9928,-0.1274,125.86
110.94,242.0,3.0,0.0,1.1202,0.9753,-0.1449,125.955
110.95,242.0,3.0,0.0,1.1202,0.9753,-0.1449,125.842
110.96,242.0,3.0,0.0,1.1202,0.9753,-0.1449,126.051
110.97,242.0,3.0,0.0,1.1202,0.9753,-0.1449,125.987
110.98,242.0,3.0,0.0,1.1202,0.9753,-0.1449,126.003
110.99,242.0,3.0,0.0,1.1202,0.9753,-0.1449,125.891
111.0,242.0,3.0,0.0,1.1202,0.9753,-0.1449,125.986
111.01,242.0,3.0,0.0,1.1202,0.9753,-0.1449,125.889
111.02,242.0,3.0,0.0,1.1202,0.984,-0.1362,125.647
111.03,242.0,3.0,0.0,1.1202,0.984,-0.1362,125.952
111.04,242.0,3.0,0.0,1.1202,0.9928,-0.1274,125.906
111.05,242.0,3.0,0.0,1.1202,0.9753,-0.1449,126.067
111.06,242.0,3.0,0.0,1.1202,0.984,-0.1362,125.906
111.07,242.0,3.0,0.0,1.1202,0.984,-0.1362,125.936
111.08,242.0,3.0,0.0,1.1202,0.984,-0.1362,126.033
111.09,242.0,3.0,0.0,1.1202,0.984,-0.1362,125.874
111.1,242.0,3.0,0.0,1.1202,0.984,-0.1362,125.826
111.11,242.0,3.0,0.0,1.1202,0.9753,-0.1449,125.97
111.12,242.0,3.0,0.0,1.1202,0.984,-0.1362,125.941
111.13,242.0,3.0,0.0,1.1202,0.984,-0.1362,126.066
111.14,242.0,3.0,0.0,1.1202,0.984,-0.1362,125.778
111.15,242.0,3.0,0.0,1.1202,0.984,-0.1362,125.889
111.16,242.0,3.0,0.0,1.1202,0.984,-0.1362,125.889
111.17,242.0,3.0,0.0,1.1202,0.9753,-0.1449,125.826
111.18,242.0,3.0,0.0,1.1202,0.984,-0.1362,125.921
111.19,242.0,3.0,0.0,1.1202,0.9753,-0.1449,125.858
111.2,242.0,3.0,0.0,1.1202,0.9928,-0.1274,125.761
111.21,242.0,3.0,0.0,1.1202,0.9928,-0.1274,125.938
111.22,242.0,3.0,0.0,1.1202,0.984,-0.1362,125.857
111.23,242.0,3.0,0.0,1.1202,0.9928,-0.1274,126.163
111.24,242.0,3.0,0.0,1.1202,0.9753,-0.1449,125.922
111.25,242.0,3.0,0.0,1.1202,0.9753,-0.1449,125.97
111.26,242.0,3.0,0.0,1.1202,0.9753,-0.1449,126.019
111.27,242.0,3.0,0.0,1.1202,0.984,-0.1362,125.811
111.28,242.0,3.0,0.0,1.1202,0.9928,-0.1274,126.052
111.29,242.0,3.0,0.0,1.1202,0.9753,-0.1449,125.922
111.3,242.0,3.0,0.0,1.1202,0.984,-0.1362,126.036
111.31,242.0,3.0,0.0,1.1202,0.9753,-0.1449,125.906
111.32,242.0,3.0,0.0,1.1202,0.9753,-0.1449,125.841
111.33,242.0,3.0,0.0,1.1202,0.9753,-0.1449,125.872
111.34,242.0,3.0,0.0,1.1202,0.984,-0.1362,125.937
111.35,242.0,3.0,0.0,1.1202,0.984,-0.1362,125.826
111.36,242.0,3.0,0.0,1.1202,0.984,-0.1362,125.825
111.37,242.0,3.0,0.0,1.1202,0.984,-0.1362,126.099
111.38,242.0,3.0,0.0,1.1202,0.984,-0.1362,125.955
111.39,242.0,3.0,0.0,1.1202,0.9928,-0.1274,125.76
111.4,242.0,3.0,0.0,1.1202,0.984,-0.1362,125.712
111.41,242.0,3.0,0.0,1.1202,0.9928,-0.1274,126.019
111.42,242.0,3.0,0.0,1.1202,0.9928,-0.1274,125.923
111.43,242.0,3.0,0.0,1.1202,0.984,-0.1362,125.938
111.44,242.0,3.0,0.0,1.1202,0.984,-0.1362,125.889
111.45,242.0,3.0,0.0,1.1202,0.984,-0.1362,125.762
111.46,242.0,3.0,0.0,1.1202,0.984,-0.1362,125.73
111.47,242.0,3.0,0.0,1.1202,0.984,-0.1362,126.101
111.48,242.0,3.0,0.0,1.1202,0.9753,-0.1449,125.923
111.49,242.0,3.0,0.0,1.1202,0.984,-0.1362,125.955
111.5,242.0,3.0,0.0,1.1202,0.9753,-0.1449,125.956
111.51,242.0,3.0,0.0,1.1202,0.984,-0.1362,125.89
111.52,242.0,3.0,0.0,1.1202,0.9753,-0.1449,125.795
111.53,242.0,3.0,0.0,1.1202,0.984,-0.1362,125.986
111.54,242.0,3.0,0.0,1.1202,0.984,-0.1362,125.841
111.55,242.0,3.0,0.0,1.1202,0.984,-0.1362,125.874
111.56,242.0,3.0,0.0,1.1202,0.984,-0.1362,126.002
111.57,242.0,3.0,0.0,1.1202,0.984,-0.1362,125.745
111.58,242.0,3.0,0.0,1.1202,0.984,-0.1362,125.89
111.59,242.0,3.0,0.0,1.1202,0.9928,-0.1274,125.987
111.6,242.0,3.0,0.0,1.1202,0.9928,-0.1274,125.811
111.61,242.0,3.0,0.0,1.1202,0.9928,-0.1274,125.842
111.62,242.0,3.0,0.0,1.1202,0.9928,-0.1274,125.81
111.63,242.0,3.0,0.0,1.1202,0.9928,-0.1274,125.856
111.64,242.0,3.0,0.0,1.1202,0.984,-0.1362,125.953
111.65,242.0,3.0,0.0,1.1202,0.984,-0.1362,125.858
111.66,242.0,3.0,0.0,1.1202,0.9928,-0.1274,125.811
111.67,242.0,3.0,0.0,1.1202,0.9928,-0.1274,125.905
111.68,242.0,3.0,0.0,1.1202,0.9928,-0.1274,126.066
111.69,242.0,3.0,0.0,1.1202,0.9928,-0.1274,125.889
111.7,242.0,3.0,0.0,1.1202,0.9753,-0.1449,126.002
111.71,242.0,3.0,0.0,1.1202,0.984,-0.1362,125.874
111.72,242.0,3.0,0.0,1.1202,0.984,-0.1362,125.681
111.73,242.0,3.0,0.0,1.1202,0.9928,-0.1274,125.954
111.74,242.0,3.0,0.0,1.1202,0.984,-0.1362,125.794
111.75,242.0,3.0,0.0,1.1202,0.9753,-0.1449,125.857
111.76,242.0,3.0,0.0,1.1202,0.9753,-0.1449,125.874
111.77,242.0,3.0,0.0,1.1202,0.9753,-0.1449,125.906
111.78,242.0,3.0,0.0,1.1202,0.984,-0.1362,126.052
111.79,242.0,3.0,0.0,1.1202,0.984,-0.1362,125.939
111.8,242.0,3.0,0.0,1.1202,0.9753,-0.1449,126.019
111.81,242.0,3.0,0.0,1.1202,0.9753,-0.1449,125.777
111.82,242.0,3.0,0.0,1.1202,0.9753,-0.1449,125.889
111.83,242.0,3.0,0.0,1.1202,0.9753,-0.1449,126.034
111.84,242.0,3.0,0.0,1.1202,0.9753,-0.1449,125.986
111.85,242.0,3.0,0.0,1.1202,0.9753,-0.1449,125.892
111.86,242.0,3.0,0.0,1.1202,0.9753,-0.1449,126.068
111.87,242.0,3.0,0.0,1.1202,0.9753,-0.1449,125.779
111.88,242.0,3.0,0.0,1.1202,0.9753,-0.1449,125.745
111.89,242.0,3.0,0.0,1.1202,0.9753,-0.1449,125.97
111.9,242.0,3.0,0.0,1.1202,0.9665,-0.1537,125.906
111.91,242.0,3.0,0.0,1.1202,0.9665,-0.1537,126.083
111.92,242.0,3.0,0.0,1.1202,0.9665,-0.1537,125.988
111.93,242.0,3.0,0.0,1.1202,0.9665,-0.1537,125.81
111.94,242.0,3.0,0.0,1.1202,0.9665,-0.1537,125.841
111.95,242.0,3.0,0.0,1.1202,0.9665,-0.1537,125.841
111.96,242.0,3.0,0.0,1.1202,0.9753,-0.1449,125.889
111.97,242.0,3.0,0.0,1.1202,0.9665,-0.1537,125.986
111.98,242.0,3.0,0.0,1.1202,0.9753,-0.1449,126.001
111.99,242.0,3.0,0.0,1.1202,0.984,-0.1362,125.89
112.0,242.0,3.0,0.0,1.1202,0.984,-0.1362,125.922
112.01,242.0,3.0,0.0,1.1202,0.9928,-0.1274,125.794
112.02,242.0,3.0,0.0,1.1202,0.9928,-0.1274,126.002
112.03,242.0,3.0,0.0,1.1202,0.9928,-0.1274,126.035
112.04,242.0,3.0,0.0,1.1202,0.9928,-0.1274,125.826
112.05,242.0,3.0,0.0,1.1202,0.9928,-0.1274,125.954
112.06,242.0,3.0,0.0,1.1202,0.9928,-0.1274,125.874
112.07,242.0,3.0,0.0,1.1202,0.9928,-0.1274,125.81
112.08,242.0,3.0,0.0,1.1202,0.9928,-0.1274,125.921
112.09,242.0,3.0,0.0,1.1202,0.9928,-0.1274,125.954
112.1,242.0,3.0,0.0,1.1202,0.984,-0.1362,125.954
112.11,242.0,3.0,0.0,1.1202,0.984,-0.1362,125.987
112.12,242.0,3.0,0.0,1.1202,0.984,-0.1362,125.825
112.13,242.0,3.0,0.0,1.1202,0.984,-0.1362,125.778
112.14,242.0,3.0,0.0,1.1202,0.9928,-0.1274,125.778
112.15,242.0,3.0,0.0,1.1202,0.9928,-0.1274,125.857
112.16,242.0,3.0,0.0,1.1202,0.9928,-0.1274,125.843
112.17,242.0,3.0,0.0,1.1202,0.9928,-0.1274,125.857
112.18,242.0,3.0,0.0,1.1202,0.9928,-0.1274,125.92
112.19,242.0,3.0,0.0,1.1202,0.9928,-0.1274,125.89
112.2,242.0,3.0,0.0,1.1202,0.984,-0.1362,125.987
112.21,242.0,3.0,0.0,1.1202,0.9753,-0.1449,125.923
112.22,242.0,3.0,0.0,1.1202,0.9928,-0.1274,125.89
112.23,242.0,3.0,0.0,1.1202,0.984,-0.1362,125.873
112.24,242.0,3.0,0.0,1.1202,0.9753,-0.1449,125.904
112.25,242.0,3.0,0.0,1.1202,0.9753,-0.1449,125.857
112.26,242.0,3.0,0.0,1.1202,0.9753,-0.1449,125.827
112.27,242.0,3.0,0.0,1.1202,0.984,-0.1362,125.826
112.28,242.0,3.0,0.0,1.1202,0.984,-0.1362,126.132
112.29,242.0,3.0,0.0,1.1202,0.9753,-0.1449,125.939
112.3,242.0,3.0,0.0,1.1202,0.9753,-0.1449,125.954
112.31,242.0,3.0,0.0,1.1202,0.9753,-0.1449,125.81
112.32,242.0,3.0,0.0,1.1202,0.9753,-0.1449,125.809
112.33,242.0,3.0,0.0,1.1202,0.9753,-0.1449,125.842
112.34,242.0,3.0,0.0,1.1202,0.9753,-0.1449,125.647
112.35,242.0,3.0,0.0,1.1202,0.9753,-0.1449,125.84
112.36,242.0,3.0,0.0,1.1202,0.9753,-0.1449,125.904
112.37,242.0,3.0,0.0,1.1202,0.984,-0.1362,125.938
112.38,242.0,3.0,0.0,1.1202,0.9753,-0.1449,125.875
112.39,242.0,3.0,0.0,1.1202,0.9753,-0.1449,125.729
112.4,242.0,3.0,0.0,1.1202,0.984,-0.1362,125.888
112.41,242.0,3.0,0.0,1.1202,0.984,-0.1362,126.018
112.42,242.0,3.0,0.0,1.1202,0.984,-0.1362,125.922
112.43,242.0,3.0,0.0,1.1202,0.984,-0.1362,125.873
112.44,242.0,3.0,0.0,1.1202,0.984,-0.1362,125.809
112.45,242.0,3.0,0.0,1.1202,0.9753,-0.1449,125.906
112.46,242.0,3.0,0.0,1.1202,0.9753,-0.1449,125.954
112.47,242.0,3.0,0.0,1.1202,0.9753,-0.1449,125.907
112.48,242.0,3.0,0.0,1.1202,0.984,-0.1362,125.825
112.49,242.0,3.0,0.0,1.1202,0.984,-0.1362,125.954
112.5,242.0,3.0,0.0,1.1202,0.984,-0.1362,126.083
112.51,242.0,3.0,0.0,1.1202,0.984,-0.1362,126.003
112.52,242.0,3.0,0.0,1.1202,0.984,-0.1362,125.81
112.53,242.0,3.0,0.0,1.1202,0.984,-0.1362,125.969
112.54,242.0,3.0,0.0,1.1202,0.984,-0.1362,125.89
112.55,242.0,3.0,0.0,1.1202,0.984,-0.1362,125.809
112.56,242.0,3.0,0.0,1.1202,0.984,-0.1362,125.969
112.57,242.0,3.0,0.0,1.1202,0.984,-0.1362,125.89
112.58,242.0,3.0,0.0,1.1202,0.984,-0.1362,125.875
112.59,242.0,3.0,0.0,1.1202,0.984,-0.1362,125.858
112.6,242.0,3.0,0.0,1.1202,0.9928,-0.1274,125.873
112.61,242.0,3.0,0.0,1.1202,0.984,-0.1362,125.793
112.62,242.0,3.0,0.0,1.1202,0.984,-0.1362,125.922
112.63,242.0,3.0,0.0,1.1202,0.984,-0.1362,125.954
112.64,242.0,3.0,0.0,1.1202,0.984,-0.1362,125.986
112.65,242.0,3.0,0.0,1.1202,0.9928,-0.1274,125.825
112.66,242.0,3.0,0.0,1.1202,0.9928,-0.1274,125.811
112.67,242.0,3.0,0.0,1.1202,0.9928,-0.1274,125.872
112.68,242.0,3.0,0.0,1.1202,0.984,-0.1362,125.842
112.69,242.0,3.0,0.0,1.1202,0.984,-0.1362,126.083
112.7,242.0,3.0,0.0,1.1202,0.984,-0.1362,125.841
112.71,242.0,3.0,0.0,1.1202,0.984,-0.1362,125.905
112.72,242.0,3.0,0.0,1.1202,0.984,-0.1362,125.794
112.73,242.0,3.0,0.0,1.1202,0.984,-0.1362,126.003
112.74,242.0,3.0,0.0,1.1202,0.984,-0.1362,125.953
112.75,242.0,3.0,0.0,1.1202,0.984,-0.1362,125.857
112.76,242.0,3.0,0.0,1.1202,0.9753,-0.1449,125.954
112.77,242.0,3.0,0.0,1.1202,0.9753,-0.1449,125.746
112.78,242.0,3.0,0.0,1.1202,0.984,-0.1362,125.809
112.79,242.0,3.0,0.0,1.1202,0.9753,-0.1449,125.761
112.8,242.0,3.0,0.0,1.1202,0.9753,-0.1449,125.729
112.81,242.0,3.0,0.0,1.1202,0.9753,-0.1449,125.97
112.82,242.0,3.0,0.0,1.1202,0.9753,-0.1449,125.81
112.83,242.0,3.0,0.0,1.1202,0.984,-0.1362,125.857
112.84,242.0,3.0,0.0,1.1202,0.984,-0.1362,125.873
112.85,242.0,3.0,0.0,1.1202,0.9753,-0.1449,125.888
112.86,242.0,3.0,0.0,1.1202,0.984,-0.1362,125.777
112.87,242.0,3.0,0.0,1.1202,0.9753,-0.1449,125.761
112.88,242.0,3.0,0.0,1.1202,0.984,-0.1362,126.083
112.89,242.0,3.0,0.0,1.1202,0.9753,-0.1449,125.986
112.9,242.0,3.0,0.0,1.1202,0.9753,-0.1449,125.842
112.91,242.0,3.0,0.0,1.1202,0.9753,-0.1449,125.794
112.92,242.0,3.0,0.0,1.1202,0.984,-0.1362,126.002
112.93,242.0,3.0,0.0,1.1202,0.9753,-0.1449,126.15
112.94,242.0,3.0,0.0,1.1202,0.984,-0.1362,125.698
112.95,242.0,3.0,0.0,1.1202,0.984,-0.1362,125.792
112.96,242.0,3.0,0.0,1.1202,0.984,-0.1362,125.713
112.97,242.0,3.0,0.0,1.1202,0.984,-0.1362,125.776
112.98,242.0,3.0,0.0,1.1202,0.984,-0.1362,125.953
112.99,242.0,3.0,0.0,1.1202,0.984,-0.1362,125.841
113.0,242.0,3.0,0.0,1.1202,0.984,-0.1362,126.003
113.01,242.0,3.0,0.0,1.1202,0.984,-0.1362,125.923
113.02,242.0,3.0,0.0,1.1202,0.9928,-0.1274,125.889
113.03,242.0,3.0,0.0,1.1202,0.984,-0.1362,125.76
113.04,242.0,3.0,0.0,1.1202,0.984,-0.1362,125.664
113.05,242.0,3.0,0.0,1.1202,0.984,-0.1362,125.874
113.06,242.0,3.0,0.0,1.1202,0.9928,-0.1274,126.131
113.07,242.0,3.0,0.0,1.1202,0.9753,-0.1449,125.891
113.08,242.0,3.0,0.0,1.1202,0.984,-0.1362,126.002
113.09,242.0,3.0,0.0,1.1202,0.9928,-0.1274,125.922
113.1,242.0,3.0,0.0,1.1202,0.9928,-0.1274,125.873
113.11,242.0,3.0,0.0,1.1202,0.9928,-0.1274,125.937
113.12,242.0,3.0,0.0,1.1202,0.984,-0.1362,125.81
113.13,242.0,3.0,0.0,1.1202,0.9928,-0.1274,125.776
113.14,242.0,3.0,0.0,1.1202,0.9928,-0.1274,125.872
113.15,242.0,3.0,0.0,1.1202,0.9928,-0.1274,125.874
113.16,242.0,3.0,0.0,1.1202,1.0015,-0.1187,125.954
113.17,242.0,3.0,0.0,1.1202,0.9928,-0.1274,125.889
113.18,242.0,3.0,0.0,1.1202,0.9928,-0.1274,125.938
113.19,242.0,3.0,0.0,1.1202,1.0015,-0.1187,125.681
113.2,242.0,3.0,0.0,1.1202,0.9928,-0.1274,125.939
113.21,242.0,3.0,0.0,1.1202,0.9928,-0.1274,125.712
113.22,242.0,3.0,0.0,1.1202,0.9928,-0.1274,125.743
113.23,242.0,3.0,0.0,1.1202,0.9928,-0.1274,125.986
113.24,242.0,3.0,0.0,1.1202,0.9928,-0.1274,125.94
113.25,242.0,3.0,0.0,1.1202,0.9928,-0.1274,125.906
113.26,242.0,3.0,0.0,1.1202,0.9928,-0.1274,125.874
113.27,242.0,3.0,0.0,1.1202,0.9928,-0.1274,125.777
113.28,242.0,3.0,0.0,1.1202,0.9928,-0.1274,125.697
113.29,242.0,3.0,0.0,1.1202,0.9928,-0.1274,125.81
113.3,242.0,3.0,0.0,1.1202,0.9928,-0.1274,125.905
113.31,242.0,3.0,0.0,1.1202,0.9928,-0.1274,126.05
113.32,242.0,3.0,0.0,1.1202,0.9928,-0.1274,125.922
113.33,242.0,3.0,0.0,1.1202,0.984,-0.1362,125.937
113.34,242.0,3.0,0.0,1.1202,0.9928,-0.1274,125.777
113.35,242.0,3.0,0.0,1.1202,0.9928,-0.1274,125.76
113.36,242.0,3.0,0.0,1.1202,0.984,-0.1362,126.033
113.37,242.0,3.0,0.0,1.1202,0.9928,-0.1274,125.987
113.38,242.0,3.0,0.0,1.1202,0.9928,-0.1274,125.89
113.39,242.0,3.0,0.0,1.1202,0.9928,-0.1274,125.841
113.4,242.0,3.0,0.0,1.1202,0.984,-0.1362,125.76
113.41,242.0,3.0,0.0,1.1202,0.9928,-0.1274,125.729
113.42,242.0,3.0,0.0,1.1202,0.984,-0.1362,125.743
113.43,242.0,3.0,0.0,1.1202,0.9928,-0.1274,125.905
113.44,242.0,3.0,0.0,1.1202,0.984,-0.1362,125.841
113.45,242.0,3.0,0.0,1.1202,0.984,-0.1362,125.795
113.46,242.0,3.0,0.0,1.1202,0.984,-0.1362,125.746
113.47,242.0,3.0,0.0,1.1202,0.9753,-0.1449,125.808
113.48,242.0,3.0,0.0,1.1202,0.984,-0.1362,125.922
113.49,242.0,3.0,0.0,1.1202,0.984,-0.1362,125.746
113.5,242.0,3.0,0.0,1.1202,0.984,-0.1362,126.066
113.51,242.0,3.0,0.0,1.1202,0.984,-0.1362,125.859
113.52,242.0,3.0,0.0,1.1202,0.984,-0.1362,125.729
113.53,242.0,3.0,0.0,1.1202,0.984,-0.1362,125.793
113.54,242.0,3.0,0.0,1.1202,0.984,-0.1362,125.698
113.55,242.0,3.0,0.0,1.1202,0.984,-0.1362,126.018
113.56,242.0,3.0,0.0,1.1202,0.9753,-0.1449,125.955
113.57,242.0,3.0,0.0,1.1202,0.984,-0.1362,125.907
113.58,242.0,3.0,0.0,1.1202,0.9928,-0.1274,125.938
113.59,242.0,3.0,0.0,1.1202,0.984,-0.1362,125.633
113.6,242.0,3.0,0.0,1.1202,0.9928,-0.1274,125.842
113.61,242.0,3.0,0.0,1.1202,0.9753,-0.1449,126.003
113.62,242.0,3.0,0.0,1.1202,0.9753,-0.1449,125.81
113.63,242.0,3.0,0.0,1.1202,0.984,-0.1362,125.922
113.64,242.0,3.0,0.0,1.1202,0.9928,-0.1274,125.856
113.65,242.0,3.0,0.0,1.1202,0.984,-0.1362,125.744
113.66,242.0,3.0,0.0,1.1202,0.984,-0.1362,125.889
113.67,242.0,3.0,0.0,1.1202,0.984,-0.1362,125.729
113.68,242.0,3.0,0.0,1.1202,0.9753,-0.1449,126.018
113.69,242.0,3.0,0.0,1.1202,0.984,-0.1362,125.778
113.7,242.0,3.0,0.0,1.1202,0.984,-0.1362,125.777
113.71,242.0,3.0,0.0,1.1202,0.9928,-0.1274,125.842
113.72,242.0,3.0,0.0,1.1202,0.984,-0.1362,125.825
113.73,242.0,3.0,0.0,1.1202,0.984,-0.1362,125.873
113.74,242.0,3.0,0.0,1.1202,0.9928,-0.1274,125.714
113.75,242.0,3.0,0.0,1.1202,0.984,-0.1362,125.907
113.76,242.0,3.0,0.0,1.1202,0.984,-0.1362,126.018
113.77,242.0,3.0,0.0,1.1202,0.984,-0.1362,125.761
113.78,242.0,3.0,0.0,1.1202,0.984,-0.1362,125.808
113.79,242.0,3.0,0.0,1.1202,0.984,-0.1362,125.778
113.8,242.0,3.0,0.0,1.1202,0.984,-0.1362,125.81
113.81,242.0,3.0,0.0,1.1202,0.984,-0.1362,125.794
113.82,242.0,3.0,0.0,1.1202,0.984,-0.1362,125.809
113.83,242.0,3.0,0.0,1.1202,0.984,-0.1362,126.034
113.84,242.0,3.0,0.0,1.1202,0.984,-0.1362,125.857
113.85,242.0,3.0,0.0,1.1202,0.9753,-0.1449,125.987
113.86,242.0,3.0,0.0,1.1202,0.984,-0.1362,126.019
113.87,242.0,3.0,0.0,1.1202,0.984,-0.1362,126.051
113.88,242.0,3.0,0.0,1.1202,0.984,-0.1362,126.035
113.89,242.0,3.0,0.0,1.1202,0.984,-0.1362,125.793
113.9,242.0,3.0,0.0,1.1202,0.984,-0.1362,125.888
113.91,242.0,3.0,0.0,1.1202,0.984,-0.1362,125.874
113.92,242.0,3.0,0.0,1.1202,1.0015,-0.1187,125.889
113.93,242.0,3.0,0.0,1.1202,0.984,-0.1362,125.875
113.94,242.0,3.0,0.0,1.1202,0.984,-0.1362,125.761
113.95,242.0,3.0,0.0,1.1202,1.0015,-0.1187,125.856
113.96,242.0,3.0,0.0,1.1202,0.9928,-0.1274,126.001
113.97,242.0,3.0,0.0,1.1202,0.9928,-0.1274,125.809
113.98,242.0,3.0,0.0,1.1202,0.9928,-0.1274,126.066
113.99,242.0,3.0,0.0,1.1202,0.9928,-0.1274,125.857
114.0,242.0,3.0,0.0,1.1202,0.984,-0.1362,125.793
114.01,242.0,3.0,0.0,1.1202,0.9928,-0.1274,125.89
114.02,242.0,3.0,0.0,1.1202,0.984,-0.1362,125.953
114.03,242.0,3.0,0.0,1.1202,0.984,-0.1362,125.922
114.04,242.0,3.0,0.0,1.1202,0.984,-0.1362,125.906
114.05,242.0,3.0,0.0,1.1202,0.984,-0.1362,126.18
114.06,242.0,3.0,0.0,1.1202,0.9753,-0.1449,125.872
114.07,242.0,3.0,0.0,1.1202,0.9753,-0.1449,125.954
114.08,242.0,3.0,0.0,1.1202,0.984,-0.1362,125.681
114.09,242.0,3.0,0.0,1.1202,0.9753,-0.1449,125.84
114.1,242.0,3.0,0.0,1.1202,0.9753,-0.1449,125.762
114.11,242.0,3.0,0.0,1.1202,0.9665,-0.1537,125.891
114.12,242.0,3.0,0.0,1.1202,0.9665,-0.1537,125.874
114.13,242.0,3.0,0.0,1.1202,0.9665,-0.1537,125.743
114.14,242.0,3.0,0.0,1.1202,0.9753,-0.1449,125.761
114.15,242.0,3.0,0.0,1.1202,0.9753,-0.1449,125.824
114.16,242.0,3.0,0.0,1.1202,0.9753,-0.1449,125.889
114.17,242.0,3.0,0.0,1.1202,0.9753,-0.1449,125.922
114.18,242.0,3.0,0.0,1.1202,0.9753,-0.1449,125.922
114.19,242.0,3.0,0.0,1.1202,0.9753,-0.1449,125.779
114.2,242.0,3.0,0.0,1.1202,0.9753,-0.1449,125.777
114.21,242.0,3.0,0.0,1.1202,0.984,-0.1362,125.954
114.22,242.0,3.0,0.0,1.1202,0.9753,-0.1449,125.922
114.23,242.0,3.0,0.0,1.1202,0.9753,-0.1449,125.842
114.24,242.0,3.0,0.0,1.1202,0.9665,-0.1537,125.986
114.25,242.0,3.0,0.0,1.1202,0.9665,-0.1537,125.875
114.26,242.0,3.0,0.0,1.1202,0.9665,-0.1537,125.729
114.27,242.0,3.0,0.0,1.1202,0.9665,-0.1537,125.954
114.28,242.0,3.0,0.0,1.1202,0.9665,-0.1537,125.842
114.29,242.0,3.0,0.0,1.1202,0.9665,-0.1537,125.858
114.3,242.0,3.0,0.0,1.1202,0.9665,-0.1537,125.795
114.31,242.0,3.0,0.0,1.1202,0.9665,-0.1537,125.646
114.32,242.0,3.0,0.0,1.1202,0.9753,-0.1449,125.777
114.33,242.0,3.0,0.0,1.1202,0.9753,-0.1449,125.84
114.34,242.0,3.0,0.0,1.1202,0.9753,-0.1449,125.761
114.35,242.0,3.0,0.0,1.1202,0.9753,-0.1449,125.887
114.36,242.0,3.0,0.0,1.1202,0.9753,-0.1449,125.759
114.37,242.0,3.0,0.0,1.1202,0.9753,-0.1449,125.663
114.38,242.0,3.0,0.0,1.1202,0.9753,-0.1449,125.76
114.39,242.0,3.0,0.0,1.1202,0.984,-0.1362,125.808
114.4,242.0,3.0,0.0,1.1202,0.984,-0.1362,125.746
114.41,242.0,3.0,0.0,1.1202,0.9753,-0.1449,125.776
114.42,242.0,3.0,0.0,1.1202,0.984,-0.1362,125.921
114.43,242.0,3.0,0.0,1.1202,0.9753,-0.1449,125.986
114.44,242.0,3.0,0.0,1.1202,0.9665,-0.1537,125.857
114.45,242.0,3.0,0.0,1.1202,0.9665,-0.1537,125.761
114.46,242.0,3.0,0.0,1.1202,0.9665,-0.1537,125.841
114.47,242.0,3.0,0.0,1.1202,0.9665,-0.1537,125.793
114.48,242.0,3.0,0.0,1.1202,0.9665,-0.1537,125.97
114.49,242.0,3.0,0.0,1.1202,0.9665,-0.1537,125.777
114.5,242.0,3.0,0.0,1.1202,0.9578,-0.1624,125.938
114.51,242.0,3.0,0.0,1.1202,0.9578,-0.1624,125.938
114.52,242.0,3.0,0.0,1.1202,0.9578,-0.1624,125.859
114.53,242.0,3.0,0.0,1.1202,0.9665,-0.1537,125.89
114.54,242.0,3.0,0.0,1.1202,0.9578,-0.1624,125.874
114.55,242.0,3.0,0.0,1.1202,0.9753,-0.1449,125.825
114.56,242.0,3.0,0.0,1.1202,0.9753,-0.1449,125.728
114.57,242.0,3.0,0.0,1.1202,0.9753,-0.1449,125.743
114.58,242.0,3.0,0.0,1.1202,0.984,-0.1362,125.873
114.59,242.0,3.0,0.0,1.1202,0.984,-0.1362,125.778
114.6,242.0,3.0,0.0,1.1202,0.9753,-0.1449,125.954
114.61,242.0,3.0,0.0,1.1202,0.984,-0.1362,125.824
114.62,242.0,3.0,0.0,1.1202,0.984,-0.1362,125.648
114.63,242.0,3.0,0.0,1.1202,0.9928,-0.1274,125.857
114.64,242.0,3.0,0.0,1.1202,0.9928,-0.1274,125.986
114.65,242.0,3.0,0.0,1.1202,0.9928,-0.1274,125.809
114.66,242.0,3.0,0.0,1.1202,1.0015,-0.1187,125.856
114.67,242.0,3.0,0.0,1.1202,0.9928,-0.1274,125.713
114.68,242.0,3.0,0.0,1.1202,1.0015,-0.1187,125.906
114.69,242.0,3.0,0.0,1.1202,0.9928,-0.1274,125.745
114.7,242.0,3.0,0.0,1.1202,1.0015,-0.1187,125.744
114.71,242.0,3.0,0.0,1.1202,1.0015,-0.1187,125.921
114.72,242.0,3.0,0.0,1.1202,1.0015,-0.1187,125.891
114.73,242.0,3.0,0.0,1.1202,0.9928,-0.1274,125.922
114.74,242.0,3.0,0.0,1.1202,1.0015,-0.1187,125.842
114.75,242.0,3.0,0.0,1.1202,0.9928,-0.1274,125.826
114.76,242.0,3.0,0.0,1.1202,0.9928,-0.1274,125.986
114.77,242.0,3.0,0.0,1.1202,0.9928,-0.1274,125.938
114.78,242.0,3.0,0.0,1.1202,0.9928,-0.1274,125.858
114.79,242.0,3.0,0.0,1.1202,0.9928,-0.1274,125.759
114.8,242.0,3.0,0.0,1.1202,0.9928,-0.1274,125.824
114.81,242.0,3.0,0.0,1.1202,0.984,-0.1362,125.631
114.82,242.0,3.0,0.0,1.1202,0.9928,-0.1274,125.759
114.83,242.0,3.0,0.0,1.1202,0.9928,-0.1274,125.939
114.84,242.0,3.0,0.0,1.1202,0.984,-0.1362,125.923
114.85,242.0,3.0,0.0,1.1202,0.9928,-0.1274,125.825
114.86,242.0,3.0,0.0,1.1202,0.9753,-0.1449,125.872
114.87,242.0,3.0,0.0,1.1202,0.9753,-0.1449,125.888
114.88,242.0,3.0,0.0,1.1202,0.9753,-0.1449,125.954
114.89,242.0,3.0,0.0,1.1202,0.984,-0.1362,125.794
114.9,242.0,3.0,0.0,1.1202,0.984,-0.1362,125.872
114.91,242.0,3.0,0.0,1.1202,0.9928,-0.1274,125.969
114.92,242.0,3.0,0.0,1.1202,0.9928,-0.1274,125.761
114.93,242.0,3.0,0.0,1.1202,0.9928,-0.1274,125.81
114.94,242.0,3.0,0.0,1.1202,0.984,-0.1362,125.68
114.95,242.0,3.0,0.0,1.1202,0.9928,-0.1274,125.792
114.96,242.0,3.0,0.0,1.1202,0.9928,-0.1274,125.744
114.97,242.0,3.0,0.0,1.1202,1.0015,-0.1187,125.664
114.98,242.0,3.0,0.0,1.1202,0.9928,-0.1274,125.952
114.99,242.0,3.0,0.0,1.1202,0.9928,-0.1274,125.874
115.0,242.0,3.0,0.0,1.1202,0.9928,-0.1274,125.888
115.01,242.0,3.0,0.0,1.1202,0.9928,-0.1274,125.826
115.02,242.0,3.0,0.0,1.1202,0.9928,-0.1274,125.856
115.03,242.0,3.0,0.0,1.1202,0.984,-0.1362,125.938
115.04,242.0,3.0,0.0,1.1202,0.984,-0.1362,125.777
115.05,242.0,3.0,0.0,1.1202,0.9928,-0.1274,125.856
115.06,242.0,3.0,0.0,1.1202,0.9928,-0.1274,125.695
115.07,242.0,3.0,0.0,1.1202,0.984,-0.1362,125.697
115.08,242.0,3.0,0.0,1.1202,0.984,-0.1362,125.842
115.09,242.0,3.0,0.0,1.1202,0.984,-0.1362,125.874
115.1,242.0,3.0,0.0,1.1202,0.984,-0.1362,125.728
115.11,242.0,3.0,0.0,1.1202,0.984,-0.1362,125.873
115.12,242.0,3.0,0.0,1.1202,0.984,-0.1362,125.904
115.13,242.0,3.0,0.0,1.1202,0.984,-0.1362,125.891
115.14,242.0,3.0,0.0,1.1202,0.984,-0.1362,125.777
115.15,242.0,3.0,0.0,1.1202,0.984,-0.1362,125.826
115.16,242.0,3.0,0.0,1.1202,0.9928,-0.1274,125.954
115.17,242.0,3.0,0.0,1.1202,0.9928,-0.1274,125.761
115.18,242.0,3.0,0.0,1.1202,0.9928,-0.1274,125.921
115.19,242.0,3.0,0.0,1.1202,0.984,-0.1362,125.841
115.2,242.0,3.0,0.0,1.1202,0.9928,-0.1274,125.761
115.21,242.0,3.0,0.0,1.1202,0.9928,-0.1274,125.889
115.22,242.0,3.0,0.0,1.1202,0.9928,-0.1274,125.584
115.23,242.0,3.0,0.0,1.1202,0.984,-0.1362,125.938
115.24,242.0,3.0,0.0,1.1202,0.9753,-0.1449,125.92
115.25,242.0,3.0,0.0,1.1202,0.9928,-0.1274,125.842
115.26,242.0,3.0,0.0,1.1202,0.984,-0.1362,125.97
115.27,242.0,3.0,0.0,1.1202,0.984,-0.1362,125.697
115.28,242.0,3.0,0.0,1.1202,0.9753,-0.1449,125.616
115.29,242.0,3.0,0.0,1.1202,0.9753,-0.1449,125.776
115.3,242.0,3.0,0.0,1.1202,0.984,-0.1362,125.97
115.31,242.0,3.0,0.0,1.1202,0.984,-0.1362,125.985
115.32,242.0,3.0,0.0,1.1202,0.984,-0.1362,125.794
115.33,242.0,3.0,0.0,1.1202,0.984,-0.1362,126.068
115.34,242.0,3.0,0.0,1.1202,0.9753,-0.1449,125.697
115.35,242.0,3.0,0.0,1.1202,0.9753,-0.1449,125.696
115.36,242.0,3.0,0.0,1.1202,0.9928,-0.1274,125.728
115.37,242.0,3.0,0.0,1.1202,0.9753,-0.1449,125.776
115.38,242.0,3.0,0.0,1.1202,0.9753,-0.1449,125.97
115.39,242.0,3.0,0.0,1.1202,0.9753,-0.1449,125.905
115.4,242.0,3.0,0.0,1.1202,0.9753,-0.1449,125.971
115.41,242.0,3.0,0.0,1.1202,0.984,-0.1362,126.003
115.42,242.0,3.0,0.0,1.1202,0.984,-0.1362,125.793
115.43,242.0,3.0,0.0,1.1202,0.9928,-0.1274,125.889
115.44,242.0,3.0,0.0,1.1202,0.9928,-0.1274,125.809
115.45,242.0,3.0,0.0,1.1202,0.984,-0.1362,125.697
115.46,242.0,3.0,0.0,1.1202,0.9928,-0.1274,126.034
115.47,242.0,3.0,0.0,1.1202,0.9928,-0.1274,125.777
115.48,242.0,3.0,0.0,1.1202,0.9928,-0.1274,125.872
115.49,242.0,3.0,0.0,1.1202,0.9928,-0.1274,125.825
115.5,242.0,3.0,0.0,1.1202,0.984,-0.1362,125.776
115.51,242.0,3.0,0.0,1.1202,0.984,-0.1362,125.906
115.52,242.0,3.0,0.0,1.1202,0.9753,-0.1449,125.808
115.53,242.0,3.0,0.0,1.1202,0.984,-0.1362,125.777
115.54,242.0,3.0,0.0,1.1202,0.9753,-0.1449,125.792
115.55,242.0,3.0,0.0,1.1202,0.984,-0.1362,125.633
115.56,242.0,3.0,0.0,1.1202,0.9665,-0.1537,125.921
115.57,242.0,3.0,0.0,1.1202,0.9753,-0.1449,125.938
115.58,242.0,3.0,0.0,1.1202,0.9753,-0.1449,125.955
115.59,242.0,3.0,0.0,1.1202,0.9753,-0.1449,125.809
115.6,242.0,3.0,0.0,1.1202,0.9753,-0.1449,125.68
115.61,242.0,3.0,0.0,1.1202,0.984,-0.1362,125.647
115.62,242.0,3.0,0.0,1.1202,0.9928,-0.1274,125.663
115.63,242.0,3.0,0.0,1.1202,0.984,-0.1362,125.938
115.64,242.0,3.0,0.0,1.1202,0.984,-0.1362,125.906
115.65,242.0,3.0,0.0,1.1202,0.984,-0.1362,125.875
115.66,242.0,3.0,0.0,1.1202,0.9928,-0.1274,125.632
115.67,242.0,3.0,0.0,1.1202,0.9928,-0.1274,125.677
115.68,242.0,3.0,0.0,1.1202,0.9928,-0.1274,125.906
115.69,242.0,3.0,0.0,1.1202,0.9753,-0.1449,125.842
115.7,242.0,3.0,0.0,1.1202,0.9753,-0.1449,125.743
115.71,242.0,3.0,0.0,1.1202,0.984,-0.1362,125.841
115.72,242.0,3.0,0.0,1.1202,0.984,-0.1362,125.777
115.73,242.0,3.0,0.0,1.1202,0.984,-0.1362,125.824
115.74,242.0,3.0,0.0,1.1202,0.984,-0.1362,125.648
115.75,242.0,3.0,0.0,1.1202,0.984,-0.1362,125.907
115.76,242.0,3.0,0.0,1.1202,0.984,-0.1362,125.873
115.77,242.0,3.0,0.0,1.1202,0.984,-0.1362,125.729
115.78,242.0,3.0,0.0,1.1202,0.984,-0.1362,125.792
115.79,242.0,3.0,0.0,1.1202,0.984,-0.1362,125.729
115.8,242.0,3.0,0.0,1.1202,0.984,-0.1362,125.826
115.81,242.0,3.0,0.0,1.1202,0.984,-0.1362,125.81
115.82,242.0,3.0,0.0,1.1202,0.984,-0.1362,125.841
115.83,242.0,3.0,0.0,1.1202,0.9928,-0.1274,125.971
115.84,242.0,3.0,0.0,1.1202,0.984,-0.1362,125.712
115.85,242.0,3.0,0.0,1.1202,0.984,-0.1362,125.807
115.86,242.0,3.0,0.0,1.1202,1.0015,-0.1187,125.759
115.87,242.0,3.0,0.0,1.1202,0.9928,-0.1274,125.793
115.88,242.0,3.0,0.0,1.1202,0.9928,-0.1274,125.986
115.89,242.0,3.0,0.0,1.1202,0.9928,-0.1274,125.777
115.9,242.0,3.0,0.0,1.1202,0.9928,-0.1274,125.793
115.91,242.0,3.0,0.0,1.1202,0.9928,-0.1274,125.679
115.92,242.0,3.0,0.0,1.1202,0.984,-0.1362,125.808
115.93,242.0,3.0,0.0,1.1202,0.984,-0.1362,125.905
115.94,242.0,3.0,0.0,1.1202,0.9753,-0.1449,125.664
115.95,242.0,3.0,0.0,1.1202,0.9753,-0.1449,125.809
115.96,242.0,3.0,0.0,1.1202,0.984,-0.1362,125.92
115.97,242.0,3.0,0.0,1.1202,0.984,-0.1362,125.68
115.98,242.0,3.0,0.0,1.1202,0.984,-0.1362,125.808
115.99,242.0,3.0,0.0,1.1202,0.9753,-0.1449,125.777
116.0,242.0,3.0,0.0,1.1202,0.9753,-0.1449,125.84
116.01,242.0,3.0,0.0,1.1202,0.984,-0.1362,125.761
116.02,242.0,3.0,0.0,1.1202,0.984,-0.1362,125.986
116.03,242.0,3.0,0.0,1.1202,0.9753,-0.1449,125.891
116.04,242.0,3.0,0.0,1.1202,0.9753,-0.1449,125.874
116.05,242.0,3.0,0.0,1.1202,0.9753,-0.1449,125.873
116.06,242.0,3.0,0.0,1.1202,0.984,-0.1362,125.842
116.07,242.0,3.0,0.0,1.1202,0.984,-0.1362,125.809
116.08,242.0,3.0,0.0,1.1202,0.984,-0.1362,125.63
116.09,242.0,3.0,0.0,1.1202,0.9928,-0.1274,125.663
116.1,242.0,3.0,0.0,1.1202,0.9928,-0.1274,125.808
116.11,242.0,3.0,0.0,1.1202,0.9928,-0.1274,125.921
116.12,242.0,3.0,0.0,1.1202,0.9928,-0.1274,125.68
116.13,242.0,3.0,0.0,1.1202,0.984,-0.1362,126.003
116.14,242.0,3.0,0.0,1.1202,0.984,-0.1362,125.745
116.15,242.0,3.0,0.0,1.1202,0.984,-0.1362,125.759
116.16,242.0,3.0,0.0,1.1202,0.984,-0.1362,125.808
116.17,242.0,3.0,0.0,1.1202,0.9928,-0.1274,125.793
116.18,242.0,3.0,0.0,1.1202,0.9928,-0.1274,126.019
116.19,242.0,3.0,0.0,1.1202,0.984,-0.1362,125.81
116.2,242.0,3.0,0.0,1.1202,0.984,-0.1362,125.779
116.21,242.0,3.0,0.0,1.1202,0.984,-0.1362,125.793
116.22,242.0,3.0,0.0,1.1202,0.984,-0.1362,125.745
116.23,242.0,3.0,0.0,1.1202,0.984,-0.1362,125.856
116.24,242.0,3.0,0.0,1.1202,0.984,-0.1362,125.631
116.25,242.0,3.0,0.0,1.1202,0.9753,-0.1449,125.858
116.26,242.0,3.0,0.0,1.1202,0.9753,-0.1449,125.762
116.27,242.0,3.0,0.0,1.1202,0.984,-0.1362,125.872
116.28,242.0,3.0,0.0,1.1202,0.9928,-0.1274,125.761
116.29,242.0,3.0,0.0,1.1202,0.9928,-0.1274,125.954
116.3,242.0,3.0,0.0,1.1202,0.9928,-0.1274,125.841
116.31,242.0,3.0,0.0,1.1202,0.9928,-0.1274,125.84
116.32,242.0,3.0,0.0,1.1202,0.984,-0.1362,125.743
116.33,242.0,3.0,0.0,1.1202,0.984,-0.1362,125.824
116.34,242.0,3.0,0.0,1.1202,0.9753,-0.1449,125.794
116.35,242.0,3.0,0.0,1.1202,0.984,-0.1362,125.761
116.36,242.0,3.0,0.0,1.1202,0.984,-0.1362,125.824
116.37,242.0,3.0,0.0,1.1202,0.9753,-0.1449,125.761
116.38,242.0,3.0,0.0,1.1202,0.984,-0.1362,125.858
116.39,242.0,3.0,0.0,1.1202,0.9753,-0.1449,125.518
116.4,242.0,3.0,0.0,1.1202,0.984,-0.1362,125.775
116.41,242.0,3.0,0.0,1.1202,0.9753,-0.1449,125.616
116.42,242.0,3.0,0.0,1.1202,0.984,-0.1362,125.84
116.43,242.0,3.0,0.0,1.1202,0.9753,-0.1449,125.841
116.44,242.0,3.0,0.0,1.1202,0.984,-0.1362,125.857
116.45,242.0,3.0,0.0,1.1202,0.9928,-0.1274,125.857
116.46,242.0,3.0,0.0,1.1202,0.9928,-0.1274,125.856
116.47,242.0,3.0,0.0,1.1202,0.984,-0.1362,125.713
116.48,242.0,3.0,0.0,1.1202,0.9753,-0.1449,125.84
116.49,242.0,3.0,0.0,1.1202,0.9753,-0.1449,125.761
116.5,242.0,3.0,0.0,1.1202,0.984,-0.1362,125.809
116.51,242.0,3.0,0.0,1.1202,0.9753,-0.1449,125.871
116.52,242.0,3.0,0.0,1.1202,0.984,-0.1362,125.872
116.53,242.0,3.0,0.0,1.1202,0.9928,-0.1274,125.776
116.54,242.0,3.0,0.0,1.1202,0.9928,-0.1274,125.889
116.55,242.0,3.0,0.0,1.1202,0.9753,-0.1449,125.827
116.56,242.0,3.0,0.0,1.1202,0.9928,-0.1274,125.793
116.57,242.0,3.0,0.0,1.1202,0.984,-0.1362,125.761
116.58,242.0,3.0,0.0,1.1202,0.9928,-0.1274,125.839
116.59,242.0,3.0,0.0,1.1202,0.9928,-0.1274,125.713
116.6,242.0,3.0,0.0,1.1202,0.9928,-0.1274,125.84
116.61,242.0,3.0,0.0,1.1202,0.9928,-0.1274,125.695
116.62,242.0,3.0,0.0,1.1202,0.9928,-0.1274,125.76
116.63,242.0,3.0,0.0,1.1202,0.9928,-0.1274,125.986
116.64,242.0,3.0,0.0,1.1202,0.984,-0.1362,125.81
116.65,242.0,3.0,0.0,1.1202,0.9928,-0.1274,125.921
116.66,242.0,3.0,0.0,1.1202,0.984,-0.1362,125.825
116.67,242.0,3.0,0.0,1.1202,0.984,-0.1362,125.664
116.68,242.0,3.0,0.0,1.1202,0.9928,-0.1274,125.826
116.69,242.0,3.0,0.0,1.1202,0.9928,-0.1274,125.712
116.7,242.0,3.0,0.0,1.1202,0.9928,-0.1274,125.808
116.71,242.0,3.0,0.0,1.1202,0.9928,-0.1274,125.839
116.72,242.0,3.0,0.0,1.1202,0.984,-0.1362,125.921
116.73,242.0,3.0,0.0,1.1202,0.984,-0.1362,125.873
116.74,242.0,3.0,0.0,1.1202,0.9928,-0.1274,125.761
116.75,242.0,3.0,0.0,1.1202,0.984,-0.1362,125.872
116.76,242.0,3.0,0.0,1.1202,0.9753,-0.1449,125.825
116.77,242.0,3.0,0.0,1.1202,0.9753,-0.1449,125.648
116.78,242.0,3.0,0.0,1.1202,0.984,-0.1362,125.952
116.79,242.0,3.0,0.0,1.1202,0.984,-0.1362,125.76
116.8,242.0,3.0,0.0,1.1202,0.984,-0.1362,125.987
116.81,242.0,3.0,0.0,1.1202,0.984,-0.1362,125.762
116.82,242.0,3.0,0.0,1.1202,0.984,-0.1362,125.856
116.83,242.0,3.0,0.0,1.1202,0.9928,-0.1274,125.826
116.84,242.0,3.0,0.0,1.1202,0.9928,-0.1274,125.856
116.85,242.0,3.0,0.0,1.1202,0.984,-0.1362,125.97
116.86,242.0,3.0,0.0,1.1202,0.984,-0.1362,125.923
116.87,242.0,3.0,0.0,1.1202,0.984,-0.1362,125.841
116.88,242.0,3.0,0.0,1.1202,0.9753,-0.1449,125.856
116.89,242.0,3.0,0.0,1.1202,0.9753,-0.1449,125.615
116.9,242.0,3.0,0.0,1.1202,0.984,-0.1362,125.645
116.91,242.0,3.0,0.0,1.1202,0.9753,-0.1449,125.841
116.92,242.0,3.0,0.0,1.1202,0.984,-0.1362,125.793
116.93,242.0,3.0,0.0,1.1202,0.984,-0.1362,125.84
116.94,242.0,3.0,0.0,1.1202,0.984,-0.1362,125.679
116.95,242.0,3.0,0.0,1.1202,0.984,-0.1362,125.891
116.96,242.0,3.0,0.0,1.1202,0.9753,-0.1449,125.777
116.97,242.0,3.0,0.0,1.1202,0.9928,-0.1274,125.905
116.98,242.0,3.0,0.0,1.1202,0.984,-0.1362,125.954
116.99,242.0,3.0,0.0,1.1202,0.9753,-0.1449,125.824
117.0,242.0,3.0,0.0,1.1202,0.984,-0.1362,125.89
117.01,242.0,3.0,0.0,1.1202,0.9928,-0.1274,125.712
117.02,242.0,3.0,0.0,1.1202,0.9928,-0.1274,125.792
117.03,242.0,3.0,0.0,1.1202,0.984,-0.1362,125.825
117.04,242.0,3.0,0.0,1.1202,0.984,-0.1362,125.696
117.05,242.0,3.0,0.0,1.1202,0.984,-0.1362,125.856
117.06,242.0,3.0,0.0,1.1202,0.984,-0.1362,125.775
117.07,242.0,3.0,0.0,1.1202,0.984,-0.1362,125.648
117.08,242.0,3.0,0.0,1.1202,0.9928,-0.1274,125.873
117.09,242.0,3.0,0.0,1.1202,0.984,-0.1362,125.843
117.1,242.0,3.0,0.0,1.1202,0.984,-0.1362,125.567
117.11,242.0,3.0,0.0,1.1202,0.984,-0.1362,125.857
117.12,242.0,3.0,0.0,1.1202,0.984,-0.1362,125.728
117.13,242.0,3.0,0.0,1.1202,0.984,-0.1362,125.808
117.14,242.0,3.0,0.0,1.1202,0.9928,-0.1274,125.745
117.15,242.0,3.0,0.0,1.1202,0.9928,-0.1274,125.728
117.16,242.0,3.0,0.0,1.1202,0.9928,-0.1274,125.825
117.17,242.0,3.0,0.0,1.1202,0.9928,-0.1274,125.874
117.18,242.0,3.0,0.0,1.1202,0.9928,-0.1274,125.89
117.19,242.0,3.0,0.0,1.1202,0.9928,-0.1274,125.777
117.2,242.0,3.0,0.0,1.1202,0.9928,-0.1274,125.791
117.21,242.0,3.0,0.0,1.1202,0.984,-0.1362,125.906
117.22,242.0,3.0,0.0,1.1202,0.984,-0.1362,125.906
117.23,242.0,3.0,0.0,1.1202,0.9928,-0.1274,125.907
117.24,242.0,3.0,0.0,1.1202,0.984,-0.1362,125.663
117.25,242.0,3.0,0.0,1.1202,0.984,-0.1362,125.841
117.26,242.0,3.0,0.0,1.1202,0.984,-0.1362,125.872
117.27,242.0,3.0,0.0,1.1202,0.9928,-0.1274,125.922
117.28,242.0,3.0,0.0,1.1202,0.9928,-0.1274,125.825
117.29,242.0,3.0,0.0,1.1202,0.9928,-0.1274,125.648
117.3,242.0,3.0,0.0,1.1202,0.984,-0.1362,125.872
117.31,242.0,3.0,0.0,1.1202,0.9928,-0.1274,125.793
117.32,242.0,3.0,0.0,1.1202,0.984,-0.1362,125.775
117.33,242.0,3.0,0.0,1.1202,0.984,-0.1362,125.921
117.34,242.0,3.0,0.0,1.1202,0.984,-0.1362,125.844
117.35,242.0,3.0,0.0,1.1202,0.9753,-0.1449,125.841
117.36,242.0,3.0,0.0,1.1202,0.9753,-0.1449,125.857
117.37,242.0,3.0,0.0,1.1202,0.9753,-0.1449,125.583
117.38,242.0,3.0,0.0,1.1202,0.9753,-0.1449,125.711
117.39,242.0,3.0,0.0,1.1202,0.984,-0.1362,125.808
117.4,242.0,3.0,0.0,1.1202,0.9753,-0.1449,125.778
117.41,242.0,3.0,0.0,1.1202,0.9928,-0.1274,125.84
117.42,242.0,3.0,0.0,1.1202,0.984,-0.1362,125.646
117.43,242.0,3.0,0.0,1.1202,0.984,-0.1362,125.889
117.44,242.0,3.0,0.0,1.1202,0.9753,-0.1449,125.744
117.45,242.0,3.0,0.0,1.1202,0.9753,-0.1449,125.778
117.46,242.0,3.0,0.0,1.1202,0.9665,-0.1537,125.76
117.47,242.0,3.0,0.0,1.1202,0.9753,-0.1449,125.873
117.48,242.0,3.0,0.0,1.1202,0.9753,-0.1449,125.954
117.49,242.0,3.0,0.0,1.1202,0.9753,-0.1449,125.695
117.5,242.0,3.0,0.0,1.1202,0.984,-0.1362,125.808
117.51,242.0,3.0,0.0,1.1202,0.984,-0.1362,125.922
117.52,242.0,3.0,0.0,1.1202,0.984,-0.1362,125.875
117.53,242.0,3.0,0.0,1.1202,0.984,-0.1362,125.922
117.54,8.0,0.0,6.0,51.7578,1.2116,-50.5462,33.681
117.55,8.0,0.0,6.0,51.7578,3.1023,-48.6555,-1.541
117.56,8.0,0.0,6.0,51.7578,7.9515,-43.8063,-0.474
117.57,8.0,0.0,6.0,51.7578,15.1728,-36.585,-1.073
117.58,8.0,0.0,6.0,51.7578,22.3153,-29.4425,-1.04
117.59,8.0,0.0,6.0,51.7578,29.2039,-22.5539,-0.556
117.6,8.0,0.0,6.0,51.7578,36.1976,-15.5602,-1.072
117.61,8.0,0.0,6.0,51.7578,43.2176,-8.5402,-0.927
117.62,8.0,0.0,6.0,51.7578,50.5351,-1.2227,-0.733
117.63,8.0,0.0,6.0,51.7578,53.6425,1.8847,-0.912
117.64,8.0,0.0,6.0,51.7578,53.7913,2.0335,-0.91
117.65,8.0,0.0,6.0,51.7578,53.8525,2.0947,-0.83
117.66,8.0,0.0,6.0,51.7578,53.8525,2.0947,-0.668
117.67,8.0,0.0,6.0,51.7578,53.87,2.1122,-0.86
117.68,8.0,0.0,6.0,51.7578,53.8613,2.1035,-0.685
117.69,8.0,0.0,6.0,51.7578,53.87,2.1122,-0.798
117.7,8.0,0.0,6.0,51.7578,53.8963,2.1385,-0.894
117.71,8.0,0.0,6.0,51.7578,53.9138,2.156,-0.587
117.72,8.0,0.0,6.0,51.7578,53.9226,2.1648,-0.861
117.73,8.0,0.0,6.0,51.7578,53.9051,2.1473,-0.83
117.74,8.0,0.0,6.0,51.7578,53.8875,2.1297,-0.75
117.75,8.0,0.0,6.0,51.7578,53.87,2.1122,-0.893
117.76,8.0,0.0,6.0,51.7578,53.8963,2.1385,-0.715
117.77,8.0,0.0,6.0,51.7578,53.8788,2.121,-0.862
117.78,8.0,0.0,6.0,51.7578,53.8875,2.1297,-0.734
117.79,5.0,3.0,0.0,52.407,53.8525,1.4455,-0.878
117.8,5.0,3.0,0.0,52.407,53.87,1.463,-0.782
117.81,5.0,3.0,0.0,52.407,53.8963,1.4893,-0.489
117.82,5.0,3.0,0.0,52.407,53.9226,1.5156,-0.779
117.83,5.0,3.0,0.0,52.407,53.9313,1.5243,-0.634
117.84,5.0,3.0,0.0,52.407,53.9051,1.4981,-0.862
117.85,5.0,3.0,0.0,52.407,53.8613,1.4543,-0.75
117.86,5.0,3.0,0.0,52.407,53.8525,1.4455,-0.652
117.87,5.0,3.0,0.0,52.407,53.8525,1.4455,-0.716
117.88,5.0,3.0,0.0,52.407,53.8788,1.4718,-0.813
117.89,5.0,3.0,0.0,52.407,53.9051,1.4981,-0.701
117.9,5.0,3.0,0.0,52.407,53.9051,1.4981,-0.652
117.91,5.0,3.0,0.0,52.407,53.9051,1.4981,-0.846
117.92,5.0,3.0,0.0,52.407,53.9226,1.5156,-0.7
117.93,5.0,3.0,0.0,52.407,53.9138,1.5068,-0.83
117.94,5.0,3.0,0.0,52.407,53.9138,1.5068,-0.75
117.95,5.0,3.0,0.0,52.407,53.9138,1.5068,-0.652
117.96,5.0,3.0,0.0,52.407,53.8788,1.4718,-0.586
117.97,5.0,3.0,0.0,52.407,53.8788,1.4718,-0.731
117.98,5.0,3.0,0.0,52.407,53.8788,1.4718,-0.652
117.99,5.0,3.0,0.0,52.407,53.8963,1.4893,-0.636
118.0,5.0,3.0,0.0,52.407,53.9051,1.4981,-0.732
118.01,5.0,3.0,0.0,52.407,53.8963,1.4893,-0.488
118.02,5.0,3.0,0.0,52.407,53.9051,1.4981,-0.649
118.03,5.0,3.0,0.0,52.407,53.9138,1.5068,-0.7
118.04,5.0,3.0,0.0,52.407,53.9138,1.5068,-0.716
118.05,5.0,3.0,0.0,52.407,53.9138,1.5068,-0.731
118.06,5.0,3.0,0.0,52.407,53.9051,1.4981,-0.619
118.07,5.0,3.0,0.0,52.407,53.8875,1.4805,-0.7
118.08,5.0,3.0,0.0,52.407,53.8788,1.4718,-0.763
118.09,5.0,3.0,0.0,52.407,53.8875,1.4805,-0.828
118.1,5.0,3.0,0.0,52.407,53.9051,1.4981,-0.619
118.11,5.0,3.0,0.0,52.407,53.9138,1.5068,-0.667
118.12,5.0,3.0,0.0,52.407,53.9138,1.5068,-0.667
118.13,5.0,3.0,0.0,52.407,53.8963,1.4893,-0.456
118.14,5.0,3.0,0.0,52.407,53.8875,1.4805,-0.602
118.15,5.0,3.0,0.0,52.407,53.8963,1.4893,-0.65
118.16,5.0,3.0,0.0,52.407,53.8963,1.4893,-0.554
118.17,5.0,3.0,0.0,52.407,53.8963,1.4893,-0.716
118.18,5.0,3.0,0.0,52.407,53.8875,1.4805,-0.57
118.19,5.0,3.0,0.0,52.407,53.8788,1.4718,-0.651
118.2,5.0,3.0,0.0,52.407,53.8875,1.4805,-0.571
118.21,5.0,3.0,0.0,52.407,53.8875,1.4805,-0.522
118.22,5.0,3.0,0.0,52.407,53.9051,1.4981,-0.618
118.23,5.0,3.0,0.0,52.407,53.9138,1.5068,-0.54
118.24,5.0,3.0,0.0,52.407,53.9138,1.5068,-0.813
118.25,5.0,3.0,0.0,52.407,53.9138,1.5068,-0.618
118.26,5.0,3.0,0.0,52.407,53.9138,1.5068,-0.633
118.27,5.0,3.0,0.0,52.407,53.9138,1.5068,-0.83
118.28,5.0,3.0,0.0,52.407,53.9138,1.5068,-0.733
118.29,5.0,3.0,0.0,52.407,53.8963,1.4893,-0.619
118.3,5.0,3.0,0.0,52.407,53.8963,1.4893,-0.682
118.31,5.0,3.0,0.0,52.407,53.8963,1.4893,-0.604
118.32,5.0,3.0,0.0,52.407,53.9051,1.4981,-0.634
118.33,5.0,3.0,0.0,52.407,53.9051,1.4981,-0.539
118.34,5.0,3.0,0.0,52.407,53.8963,1.4893,-0.651
118.35,5.0,3.0,0.0,52.407,53.8963,1.4893,-0.603
118.36,5.0,3.0,0.0,52.407,53.9051,1.4981,-0.489
118.37,5.0,3.0,0.0,52.407,53.9051,1.4981,-0.553
118.38,5.0,3.0,0.0,52.407,53.8963,1.4893,-0.699
118.39,5.0,3.0,0.0,52.407,53.9051,1.4981,-0.522
118.4,5.0,3.0,0.0,52.407,53.8875,1.4805,-0.684
118.41,5.0,3.0,0.0,52.407,53.8788,1.4718,-0.699
118.42,5.0,3.0,0.0,52.407,53.8788,1.4718,-0.764
118.43,5.0,3.0,0.0,52.407,53.8875,1.4805,-0.586
118.44,5.0,3.0,0.0,52.407,53.8963,1.4893,-0.602
118.45,5.0,3.0,0.0,52.407,53.8963,1.4893,-0.57
118.46,5.0,3.0,0.0,52.407,53.9051,1.4981,-0.489
118.47,5.0,3.0,0.0,52.407,53.9051,1.4981,-0.57
118.48,5.0,3.0,0.0,52.407,53.8963,1.4893,-0.683
118.49,5.0,3.0,0.0,52.407,53.9138,1.5068,-0.537
118.5,5.0,3.0,0.0,52.407,53.9051,1.4981,-0.732
118.51,5.0,3.0,0.0,52.407,53.8963,1.4893,-0.538
118.52,5.0,3.0,0.0,52.407,53.8963,1.4893,-0.667
118.53,5.0,3.0,0.0,52.407,53.8963,1.4893,-0.635
118.54,5.0,3.0,0.0,52.407,53.8963,1.4893,-0.732
118.55,5.0,3.0,0.0,52.407,53.9051,1.4981,-0.587
118.56,5.0,3.0,0.0,52.407,53.9051,1.4981,-0.618
118.57,5.0,3.0,0.0,52.407,53.9051,1.4981,-0.764
118.58,5.0,3.0,0.0,52.407,53.8963,1.4893,-0.572
118.59,5.0,3.0,0.0,52.407,53.8963,1.4893,-0.62
118.6,5.0,3.0,0.0,52.407,53.8875,1.4805,-0.699
118.61,5.0,3.0,0.0,52.407,53.8875,1.4805,-0.539
118.62,222.0,0.0,10.0,5.4482,53.8788,48.4306,-0.682
118.63,222.0,0.0,10.0,5.4482,50.929,45.4808,-0.604
118.64,222.0,0.0,10.0,5.4482,43.8916,38.4434,-0.699
118.65,222.0,0.0,10.0,5.4482,36.644,31.1958,-0.619
118.66,222.0,0.0,10.0,5.4482,29.3527,23.9045,-0.602
118.67,222.0,0.0,10.0,5.4482,22.2015,16.7533,-0.472
118.68,222.0,0.0,10.0,5.4482,14.56,9.1118,-0.488
118.69,222.0,0.0,10.0,5.4482,7.33,1.8818,-0.191
118.7,222.0,0.0,10.0,5.4482,2.7697,-2.6785,36.818
118.71,222.0,0.0,10.0,5.4482,1.3254,-4.1228,127.793
118.72,222.0,0.0,10.0,5.4482,0.879,-4.5692,132.973
118.73,222.0,0.0,10.0,5.4482,0.8527,-4.5955,134.504
118.74,222.0,0.0,10.0,5.4482,0.8615,-4.5867,134.106
118.75,222.0,0.0,10.0,5.4482,0.879,-4.5692,136.378
118.76,222.0,0.0,10.0,5.4482,0.8878,-4.5604,137.449
118.77,222.0,0.0,10.0,5.4482,0.879,-4.5692,135.24
118.78,222.0,0.0,10.0,5.4482,0.8965,-4.5517,134.701
118.79,222.0,0.0,10.0,5.4482,0.8965,-4.5517,135.107
118.8,222.0,0.0,10.0,5.4482,0.8965,-4.5517,135.53
118.81,222.0,0.0,10.0,5.4482,0.9053,-4.5429,136.8
118.82,222.0,0.0,10.0,5.4482,0.914,-4.5342,136.653
118.83,222.0,0.0,10.0,5.4482,0.914,-4.5342,135.334
118.84,222.0,0.0,10.0,5.4482,0.9053,-4.5429,134.602
118.85,222.0,0.0,10.0,5.4482,0.914,-4.5342,136.113
118.86,222.0,0.0,10.0,5.4482,0.914,-4.5342,137.61
118.87,244.0,3.0,0.0,0.6874,0.9315,0.2441,136.649
118.88,244.0,3.0,0.0,0.6874,0.9228,0.2354,135.395
118.89,244.0,3.0,0.0,0.6874,0.914,0.2266,135.705
118.9,244.0,3.0,0.0,0.6874,0.9228,0.2354,136.469
118.91,244.0,3.0,0.0,0.6874,0.9315,0.2441,136.811
118.92,244.0,3.0,0.0,0.6874,0.9315,0.2441,136.68
118.93,244.0,3.0,0.0,0.6874,0.9228,0.2354,136.064
118.94,244.0,3.0,0.0,0.6874,0.9228,0.2354,135.737
118.95,244.0,3.0,0.0,0.6874,0.9228,0.2354,136.062
118.96,244.0,3.0,0.0,0.6874,0.9228,0.2354,136.664
118.97,244.0,3.0,0.0,0.6874,0.9315,0.2441,136.697
118.98,244.0,3.0,0.0,0.6874,0.9315,0.2441,136.225
118.99,244.0,3.0,0.0,0.6874,0.9228,0.2354,135.51
119.0,244.0,3.0,0.0,0.6874,0.9315,0.2441,136.24
119.01,244.0,3.0,0.0,0.6874,0.9315,0.2441,136.842
119.02,244.0,3.0,0.0,0.6874,0.9315,0.2441,136.503
119.03,244.0,3.0,0.0,0.6874,0.9315,0.2441,135.932
119.04,244.0,3.0,0.0,0.6874,0.9315,0.2441,135.996
119.05,244.0,3.0,0.0,0.6874,0.9228,0.2354,136.306
119.06,244.0,3.0,0.0,0.6874,0.9315,0.2441,136.581
119.07,244.0,3.0,0.0,0.6874,0.9315,0.2441,136.42
119.08,244.0,3.0,0.0,0.6874,0.9228,0.2354,136.21
119.09,244.0,3.0,0.0,0.6874,0.9315,0.2441,136.047
119.1,244.0,3.0,0.0,0.6874,0.9228,0.2354,135.9
119.11,244.0,3.0,0.0,0.6874,0.9315,0.2441,136.55
119.12,244.0,3.0,0.0,0.6874,0.9315,0.2441,136.712
119.13,244.0,3.0,0.0,0.6874,0.9315,0.2441,136.29
119.14,244.0,3.0,0.0,0.6874,0.9228,0.2354,135.818
119.15,244.0,3.0,0.0,0.6874,0.9228,0.2354,135.949
119.16,244.0,3.0,0.0,0.6874,0.9315,0.2441,136.404
119.17,244.0,3.0,0.0,0.6874,0.9228,0.2354,136.242
119.18,244.0,3.0,0.0,0.6874,0.9315,0.2441,135.851
119.19,244.0,3.0,0.0,0.6874,0.914,0.2266,135.931
119.2,244.0,3.0,0.0,0.6874,0.914,0.2266,136.176
119.21,244.0,3.0,0.0,0.6874,0.914,0.2266,136.274
119.22,244.0,3.0,0.0,0.6874,0.914,0.2266,136.031
119.23,244.0,3.0,0.0,0.6874,0.9228,0.2354,136.225
119.24,244.0,3.0,0.0,0.6874,0.9228,0.2354,136.079
119.25,244.0,3.0,0.0,0.6874,0.9315,0.2441,136.063
119.26,244.0,3.0,0.0,0.6874,0.9228,0.2354,136.225
119.27,244.0,3.0,0.0,0.6874,0.9315,0.2441,136.468
119.28,244.0,3.0,0.0,0.6874,0.9315,0.2441,136.372
119.29,244.0,3.0,0.0,0.6874,0.9228,0.2354,135.706
119.3,244.0,3.0,0.0,0.6874,0.9315,0.2441,135.949
119.31,244.0,3.0,0.0,0.6874,0.9315,0.2441,136.37
119.32,244.0,3.0,0.0,0.6874,0.9228,0.2354,136.291
119.33,244.0,3.0,0.0,0.6874,0.9315,0.2441,136.145
119.34,244.0,3.0,0.0,0.6874,0.9228,0.2354,135.884
119.35,244.0,3.0,0.0,0.6874,0.9228,0.2354,136.079
119.36,244.0,3.0,0.0,0.6874,0.9228,0.2354,136.095
119.37,244.0,3.0,0.0,0.6874,0.9228,0.2354,136.143
119.38,244.0,3.0,0.0,0.6874,0.914,0.2266,136.128
119.39,244.0,3.0,0.0,0.6874,0.9228,0.2354,136.225
119.4,244.0,3.0,0.0,0.6874,0.914,0.2266,135.997
119.41,244.0,3.0,0.0,0.6874,0.9228,0.2354,136.127
119.42,244.0,3.0,0.0,0.6874,0.9228,0.2354,136.114
119.43,244.0,3.0,0.0,0.6874,0.9228,0.2354,136.176
119.44,244.0,3.0,0.0,0.6874,0.9228,0.2354,135.933
119.45,244.0,3.0,0.0,0.6874,0.914,0.2266,136.029
119.46,244.0,3.0,0.0,0.6874,0.9228,0.2354,136.209
119.47,244.0,3.0,0.0,0.6874,0.9228,0.2354,136.225
119.48,244.0,3.0,0.0,0.6874,0.9228,0.2354,136.08
119.49,244.0,3.0,0.0,0.6874,0.914,0.2266,136.064
119.5,244.0,3.0,0.0,0.6874,0.9228,0.2354,136.128
119.51,244.0,3.0,0.0,0.6874,0.9228,0.2354,136.096
119.52,244.0,3.0,0.0,0.6874,0.9315,0.2441,136.08
119.53,244.0,3.0,0.0,0.6874,0.9315,0.2441,136.272
119.54,244.0,3.0,0.0,0.6874,0.9315,0.2441,135.933
119.55,244.0,3.0,0.0,0.6874,0.9228,0.2354,136.015
119.56,244.0,3.0,0.0,0.6874,0.9228,0.2354,136.031
119.57,244.0,3.0,0.0,0.6874,0.9228,0.2354,136.176
119.58,244.0,3.0,0.0,0.6874,0.9228,0.2354,136.208
119.59,244.0,3.0,0.0,0.6874,0.914,0.2266,136.014
119.6,244.0,3.0,0.0,0.6874,0.914,0.2266,136.047
119.61,244.0,3.0,0.0,0.6874,0.9228,0.2354,136.127
119.62,244.0,3.0,0.0,0.6874,0.9228,0.2354,136.096
119.63,244.0,3.0,0.0,0.6874,0.9228,0.2354,136.159
119.64,244.0,3.0,0.0,0.6874,0.9228,0.2354,135.966
119.65,244.0,3.0,0.0,0.6874,0.9228,0.2354,136.064
119.66,244.0,3.0,0.0,0.6874,0.9228,0.2354,136.144
119.67,244.0,3.0,0.0,0.6874,0.914,0.2266,136.046
119.68,244.0,3.0,0.0,0.6874,0.914,0.2266,136.095
119.69,244.0,3.0,0.0,0.6874,0.914,0.2266,136.08
119.7,244.0,3.0,0.0,0.6874,0.914,0.2266,136.015
119.71,244.0,3.0,0.0,0.6874,0.914,0.2266,136.143
119.72,244.0,3.0,0.0,0.6874,0.914,0.2266,136.113
119.73,244.0,3.0,0.0,0.6874,0.9228,0.2354,136.29
119.74,244.0,3.0,0.0,0.6874,0.914,0.2266,135.966
119.75,244.0,3.0,0.0,0.6874,0.9228,0.2354,135.885
119.76,244.0,3.0,0.0,0.6874,0.9315,0.2441,136.047
119.77,244.0,3.0,0.0,0.6874,0.9228,0.2354,136.032
119.78,244.0,3.0,0.0,0.6874,0.9315,0.2441,136.111
119.79,244.0,3.0,0.0,0.6874,0.9228,0.2354,136.014
119.8,244.0,3.0,0.0,0.6874,0.9228,0.2354,135.998
119.81,244.0,3.0,0.0,0.6874,0.9228,0.2354,136.111
119.82,244.0,3.0,0.0,0.6874,0.9228,0.2354,136.015
119.83,244.0,3.0,0.0,0.6874,0.914,0.2266,136.161
119.84,244.0,3.0,0.0,0.6874,0.914,0.2266,136.129
119.85,244.0,3.0,0.0,0.6874,0.9315,0.2441,135.966
119.86,244.0,3.0,0.0,0.6874,0.9315,0.2441,135.981
119.87,244.0,3.0,0.0,0.6874,0.9315,0.2441,136.03
119.88,244.0,3.0,0.0,0.6874,0.9315,0.2441,135.95
119.89,244.0,3.0,0.0,0.6874,0.9228,0.2354,135.95
119.9,244.0,3.0,0.0,0.6874,0.9315,0.2441,136.029
119.91,244.0,3.0,0.0,0.6874,0.9315,0.2441,136.094
119.92,244.0,3.0,0.0,0.6874,0.9228,0.2354,136.047
119.93,244.0,3.0,0.0,0.6874,0.9228,0.2354,135.982
119.94,244.0,3.0,0.0,0.6874,0.9228,0.2354,136.078
119.95,244.0,3.0,0.0,0.6874,0.9228,0.2354,136.016
119.96,244.0,3.0,0.0,0.6874,0.9228,0.2354,136.014
119.97,244.0,3.0,0.0,0.6874,0.9315,0.2441,135.967
119.98,244.0,3.0,0.0,0.6874,0.9228,0.2354,136.127
119.99,244.0,3.0,0.0,0.6874,0.9228,0.2354,136.015
120.0,244.0,3.0,0.0,0.6874,0.9228,0.2354,136.047
120.01,244.0,3.0,0.0,0.6874,0.9228,0.2354,135.885
120.02,244.0,3.0,0.0,0.6874,0.914,0.2266,135.951
120.03,244.0,3.0,0.0,0.6874,0.9228,0.2354,136.095
120.04,244.0,3.0,0.0,0.6874,0.9228,0.2354,135.918
120.05,244.0,3.0,0.0,0.6874,0.9228,0.2354,136.063
120.06,244.0,3.0,0.0,0.6874,0.9228,0.2354,136.031
120.07,244.0,3.0,0.0,0.6874,0.9228,0.2354,136.047
120.08,244.0,3.0,0.0,0.6874,0.9228,0.2354,135.917
120.09,244.0,3.0,0.0,0.6874,0.9228,0.2354,136.176
120.1,244.0,3.0,0.0,0.6874,0.9228,0.2354,136.0
120.11,244.0,3.0,0.0,0.6874,0.9228,0.2354,136.078
120.12,244.0,3.0,0.0,0.6874,0.9228,0.2354,135.934
120.13,244.0,3.0,0.0,0.6874,0.9228,0.2354,135.902
120.14,244.0,3.0,0.0,0.6874,0.9228,0.2354,136.16
120.15,244.0,3.0,0.0,0.6874,0.914,0.2266,135.853
120.16,244.0,3.0,0.0,0.6874,0.914,0.2266,136.015
120.17,244.0,3.0,0.0,0.6874,0.9228,0.2354,135.805
120.18,244.0,3.0,0.0,0.6874,0.914,0.2266,136.047
120.19,244.0,3.0,0.0,0.6874,0.9228,0.2354,135.932
120.2,244.0,3.0,0.0,0.6874,0.9228,0.2354,135.95
120.21,244.0,3.0,0.0,0.6874,0.914,0.2266,136.046
120.22,244.0,3.0,0.0,0.6874,0.914,0.2266,135.935
120.23,244.0,3.0,0.0,0.6874,0.914,0.2266,135.901
120.24,244.0,3.0,0.0,0.6874,0.9228,0.2354,135.901
120.25,244.0,3.0,0.0,0.6874,0.914,0.2266,135.949
120.26,244.0,3.0,0.0,0.6874,0.914,0.2266,136.145
120.27,244.0,3.0,0.0,0.6874,0.914,0.2266,135.982
120.28,244.0,3.0,0.0,0.6874,0.9228,0.2354,135.901
120.29,244.0,3.0,0.0,0.6874,0.9228,0.2354,135.932
120.3,244.0,3.0,0.0,0.6874,0.9228,0.2354,135.982
120.31,244.0,3.0,0.0,0.6874,0.914,0.2266,136.031
120.32,244.0,3.0,0.0,0.6874,0.914,0.2266,136.112
120.33,244.0,3.0,0.0,0.6874,0.9228,0.2354,135.934
120.34,244.0,3.0,0.0,0.6874,0.9228,0.2354,135.965
120.35,244.0,3.0,0.0,0.6874,0.9228,0.2354,135.871
120.36,244.0,3.0,0.0,0.6874,0.9228,0.2354,135.803
120.37,244.0,3.0,0.0,0.6874,0.9228,0.2354,135.851
120.38,244.0,3.0,0.0,0.6874,0.9228,0.2354,136.047
120.39,244.0,3.0,0.0,0.6874,0.9228,0.2354,135.917
120.4,244.0,3.0,0.0,0.6874,0.9228,0.2354,135.885
120.41,244.0,3.0,0.0,0.6874,0.914,0.2266,135.965
120.42,244.0,3.0,0.0,0.6874,0.914,0.2266,135.886
120.43,244.0,3.0,0.0,0.6874,0.9228,0.2354,136.079
120.44,244.0,3.0,0.0,0.6874,0.914,0.2266,135.998
120.45,244.0,3.0,0.0,0.6874,0.9053,0.2179,135.949
120.46,244.0,3.0,0.0,0.6874,0.9053,0.2179,136.063
120.47,244.0,3.0,0.0,0.6874,0.9053,0.2179,135.837
120.48,244.0,3.0,0.0,0.6874,0.914,0.2266,136.029
120.49,244.0,3.0,0.0,0.6874,0.914,0.2266,135.853
120.5,244.0,3.0,0.0,0.6874,0.9228,0.2354,135.868
120.51,244.0,3.0,0.0,0.6874,0.9315,0.2441,135.934
120.52,244.0,3.0,0.0,0.6874,0.9315,0.2441,136.03
120.53,244.0,3.0,0.0,0.6874,0.9315,0.2441,135.95
120.54,244.0,3.0,0.0,0.6874,0.9315,0.2441,135.949
120.55,244.0,3.0,0.0,0.6874,0.914,0.2266,135.868
120.56,244.0,3.0,0.0,0.6874,0.914,0.2266,135.837
120.57,244.0,3.0,0.0,0.6874,0.9228,0.2354,135.951
120.58,244.0,3.0,0.0,0.6874,0.9228,0.2354,135.966
120.59,244.0,3.0,0.0,0.6874,0.914,0.2266,135.966
120.6,244.0,3.0,0.0,0.6874,0.9228,0.2354,135.935
120.61,244.0,3.0,0.0,0.6874,0.9228,0.2354,135.821
120.62,244.0,3.0,0.0,0.6874,0.9228,0.2354,135.821
120.63,244.0,3.0,0.0,0.6874,0.9228,0.2354,135.95
120.64,244.0,3.0,0.0,0.6874,0.9228,0.2354,135.95
120.65,244.0,3.0,0.0,0.6874,0.9228,0.2354,135.903
120.66,244.0,3.0,0.0,0.6874,0.9315,0.2441,135.788
120.67,244.0,3.0,0.0,0.6874,0.9315,0.2441,135.836
120.68,244.0,3.0,0.0,0.6874,0.9315,0.2441,135.917
120.69,244.0,3.0,0.0,0.6874,0.9315,0.2441,135.965
120.7,244.0,3.0,0.0,0.6874,0.9315,0.2441,135.917
120.71,244.0,3.0,0.0,0.6874,0.9315,0.2441,135.885
120.72,244.0,3.0,0.0,0.6874,0.9315,0.2441,135.755
120.73,244.0,3.0,0.0,0.6874,0.9315,0.2441,136.095
120.74,244.0,3.0,0.0,0.6874,0.9315,0.2441,135.966
120.75,244.0,3.0,0.0,0.6874,0.9228,0.2354,135.79
120.76,244.0,3.0,0.0,0.6874,0.9228,0.2354,135.998
120.77,244.0,3.0,0.0,0.6874,0.9228,0.2354,135.854
120.78,244.0,3.0,0.0,0.6874,0.914,0.2266,135.692
120.79,244.0,3.0,0.0,0.6874,0.9228,0.2354,135.868
120.8,244.0,3.0,0.0,0.6874,0.914,0.2266,135.821
120.81,244.0,3.0,0.0,0.6874,0.914,0.2266,135.853
120.82,244.0,3.0,0.0,0.6874,0.9228,0.2354,135.838
120.83,244.0,3.0,0.0,0.6874,0.9228,0.2354,136.03
120.84,244.0,3.0,0.0,0.6874,0.914,0.2266,135.935
120.85,244.0,3.0,0.0,0.6874,0.914,0.2266,135.901
120.86,244.0,3.0,0.0,0.6874,0.914,0.2266,135.965
120.87,244.0,3.0,0.0,0.6874,0.914,0.2266,135.787
120.88,244.0,3.0,0.0,0.6874,0.914,0.2266,135.821
120.89,244.0,3.0,0.0,0.6874,0.914,0.2266,135.789
120.9,244.0,3.0,0.0,0.6874,0.914,0.2266,135.837
120.91,244.0,3.0,0.0,0.6874,0.914,0.2266,135.982
120.92,244.0,3.0,0.0,0.6874,0.914,0.2266,135.74
120.93,244.0,3.0,0.0,0.6874,0.9228,0.2354,135.755
120.94,244.0,3.0,0.0,0.6874,0.9228,0.2354,136.079
120.95,244.0,3.0,0.0,0.6874,0.9228,0.2354,135.853
120.96,244.0,3.0,0.0,0.6874,0.9228,0.2354,135.95
120.97,244.0,3.0,0.0,0.6874,0.9228,0.2354,135.788
120.98,244.0,3.0,0.0,0.6874,0.9315,0.2441,135.918
120.99,244.0,3.0,0.0,0.6874,0.9228,0.2354,135.853
121.0,244.0,3.0,0.0,0.6874,0.9228,0.2354,135.837
121.01,244.0,3.0,0.0,0.6874,0.9228,0.2354,135.9
121.02,244.0,3.0,0.0,0.6874,0.914,0.2266,135.839
121.03,244.0,3.0,0.0,0.6874,0.9228,0.2354,135.868
121.04,244.0,3.0,0.0,0.6874,0.9228,0.2354,135.821
121.05,244.0,3.0,0.0,0.6874,0.914,0.2266,135.869
121.06,244.0,3.0,0.0,0.6874,0.9228,0.2354,135.9
121.07,244.0,3.0,0.0,0.6874,0.914,0.2266,135.886
121.08,244.0,3.0,0.0,0.6874,0.9228,0.2354,135.949
121.09,244.0,3.0,0.0,0.6874,0.9228,0.2354,135.901
121.1,244.0,3.0,0.0,0.6874,0.9228,0.2354,135.821
121.11,244.0,3.0,0.0,0.6874,0.9228,0.2354,135.789
121.12,244.0,3.0,0.0,0.6874,0.9228,0.2354,135.803
121.13,244.0,3.0,0.0,0.6874,0.9228,0.2354,135.852
121.14,244.0,3.0,0.0,0.6874,0.9228,0.2354,135.9
121.15,244.0,3.0,0.0,0.6874,0.9228,0.2354,135.933
121.16,244.0,3.0,0.0,0.6874,0.9228,0.2354,135.772
121.17,244.0,3.0,0.0,0.6874,0.9228,0.2354,135.643
121.18,244.0,3.0,0.0,0.6874,0.9315,0.2441,135.901
121.19,244.0,3.0,0.0,0.6874,0.9228,0.2354,135.932
121.2,244.0,3.0,0.0,0.6874,0.9228,0.2354,135.837
121.21,244.0,3.0,0.0,0.6874,0.9228,0.2354,135.949
121.22,244.0,3.0,0.0,0.6874,0.9228,0.2354,135.741
121.23,244.0,3.0,0.0,0.6874,0.9228,0.2354,135.805
121.24,244.0,3.0,0.0,0.6874,0.9228,0.2354,135.836
121.25,244.0,3.0,0.0,0.6874,0.914,0.2266,135.853
121.26,244.0,3.0,0.0,0.6874,0.914,0.2266,135.884
121.27,244.0,3.0,0.0,0.6874,0.914,0.2266,135.837
121.28,244.0,3.0,0.0,0.6874,0.9228,0.2354,135.883
121.29,244.0,3.0,0.0,0.6874,0.9228,0.2354,135.804
121.3,244.0,3.0,0.0,0.6874,0.914,0.2266,135.774
121.31,244.0,3.0,0.0,0.6874,0.9228,0.2354,135.739
121.32,244.0,3.0,0.0,0.6874,0.9228,0.2354,135.692
121.33,244.0,3.0,0.0,0.6874,0.9228,0.2354,135.884
121.34,244.0,3.0,0.0,0.6874,0.914,0.2266,136.045
121.35,244.0,3.0,0.0,0.6874,0.9228,0.2354,135.853
121.36,244.0,3.0,0.0,0.6874,0.9228,0.2354,135.805
121.37,244.0,3.0,0.0,0.6874,0.9228,0.2354,135.755
121.38,244.0,3.0,0.0,0.6874,0.9228,0.2354,135.981
121.39,244.0,3.0,0.0,0.6874,0.914,0.2266,135.691
121.4,244.0,3.0,0.0,0.6874,0.914,0.2266,135.786
121.41,244.0,3.0,0.0,0.6874,0.914,0.2266,135.916
121.42,244.0,3.0,0.0,0.6874,0.9228,0.2354,135.773
121.43,244.0,3.0,0.0,0.6874,0.9228,0.2354,135.772
121.44,244.0,3.0,0.0,0.6874,0.914,0.2266,135.724
121.45,244.0,3.0,0.0,0.6874,0.914,0.2266,135.723
121.46,244.0,3.0,0.0,0.6874,0.914,0.2266,135.949
121.47,244.0,3.0,0.0,0.6874,0.914,0.2266,135.803
121.48,244.0,3.0,0.0,0.6874,0.914,0.2266,135.723
121.49,244.0,3.0,0.0,0.6874,0.914,0.2266,135.884
121.5,244.0,3.0,0.0,0.6874,0.9228,0.2354,135.788
121.51,244.0,3.0,0.0,0.6874,0.914,0.2266,135.9
121.52,244.0,3.0,0.0,0.6874,0.9228,0.2354,135.853
121.53,244.0,3.0,0.0,0.6874,0.914,0.2266,135.998
121.54,244.0,3.0,0.0,0.6874,0.914,0.2266,135.918
121.55,244.0,3.0,0.0,0.6874,0.914,0.2266,135.983
121.56,244.0,3.0,0.0,0.6874,0.914,0.2266,135.643
121.57,244.0,3.0,0.0,0.6874,0.914,0.2266,135.577
121.58,244.0,3.0,0.0,0.6874,0.9228,0.2354,135.916
121.59,244.0,3.0,0.0,0.6874,0.9228,0.2354,135.948
121.6,244.0,3.0,0.0,0.6874,0.9228,0.2354,135.772
121.61,244.0,3.0,0.0,0.6874,0.9228,0.2354,135.981
121.62,244.0,3.0,0.0,0.6874,0.9228,0.2354,135.724
121.63,244.0,3.0,0.0,0.6874,0.9228,0.2354,135.788
121.64,244.0,3.0,0.0,0.6874,0.9228,0.2354,135.773
121.65,244.0,3.0,0.0,0.6874,0.9315,0.2441,135.868
121.66,244.0,3.0,0.0,0.6874,0.9228,0.2354,135.932
121.67,244.0,3.0,0.0,0.6874,0.9315,0.2441,135.853
121.68,244.0,3.0,0.0,0.6874,0.9228,0.2354,135.74
121.69,244.0,3.0,0.0,0.6874,0.9228,0.2354,135.659
121.7,244.0,3.0,0.0,0.6874,0.9053,0.2179,135.82
121.71,244.0,3.0,0.0,0.6874,0.9228,0.2354,135.885
121.72,244.0,3.0,0.0,0.6874,0.9228,0.2354,135.885
121.73,244.0,3.0,0.0,0.6874,0.9228,0.2354,135.869
121.74,244.0,3.0,0.0,0.6874,0.9228,0.2354,135.674
121.75,244.0,3.0,0.0,0.6874,0.9228,0.2354,135.739
121.76,244.0,3.0,0.0,0.6874,0.9228,0.2354,135.756
121.77,244.0,3.0,0.0,0.6874,0.9228,0.2354,135.869
121.78,244.0,3.0,0.0,0.6874,0.914,0.2266,135.902
121.79,244.0,3.0,0.0,0.6874,0.9228,0.2354,135.933
121.8,244.0,3.0,0.0,0.6874,0.914,0.2266,135.967
121.81,244.0,3.0,0.0,0.6874,0.914,0.2266,135.819
121.82,244.0,3.0,0.0,0.6874,0.914,0.2266,135.691
121.83,244.0,3.0,0.0,0.6874,0.9228,0.2354,135.901
121.84,244.0,3.0,0.0,0.6874,0.9228,0.2354,135.902
121.85,244.0,3.0,0.0,0.6874,0.9228,0.2354,135.723
121.86,244.0,3.0,0.0,0.6874,0.914,0.2266,135.851
121.87,244.0,3.0,0.0,0.6874,0.914,0.2266,135.723
121.88,244.0,3.0,0.0,0.6874,0.914,0.2266,135.836
121.89,244.0,3.0,0.0,0.6874,0.914,0.2266,135.916
121.9,244.0,3.0,0.0,0.6874,0.9228,0.2354,135.805
121.91,244.0,3.0,0.0,0.6874,0.914,0.2266,135.933
121.92,244.0,3.0,0.0,0.6874,0.914,0.2266,135.741
121.93,244.0,3.0,0.0,0.6874,0.914,0.2266,135.868
121.94,244.0,3.0,0.0,0.6874,0.9228,0.2354,135.787
121.95,244.0,3.0,0.0,0.6874,0.9228,0.2354,135.723
121.96,244.0,3.0,0.0,0.6874,0.9228,0.2354,135.933
121.97,244.0,3.0,0.0,0.6874,0.9228,0.2354,135.838
121.98,244.0,3.0,0.0,0.6874,0.9228,0.2354,135.756
121.99,244.0,3.0,0.0,0.6874,0.9228,0.2354,135.674
122.0,244.0,3.0,0.0,0.6874,0.914,0.2266,135.626
122.01,244.0,3.0,0.0,0.6874,0.914,0.2266,135.722
122.02,244.0,3.0,0.0,0.6874,0.9228,0.2354,135.917
122.03,244.0,3.0,0.0,0.6874,0.9228,0.2354,135.805
122.04,244.0,3.0,0.0,0.6874,0.9228,0.2354,135.643
122.05,244.0,3.0,0.0,0.6874,0.914,0.2266,135.755
122.06,244.0,3.0,0.0,0.6874,0.9228,0.2354,135.804
122.07,244.0,3.0,0.0,0.6874,0.9228,0.2354,135.658
122.08,244.0,3.0,0.0,0.6874,0.914,0.2266,135.82
122.09,244.0,3.0,0.0,0.6874,0.9228,0.2354,135.835
122.1,244.0,3.0,0.0,0.6874,0.9228,0.2354,135.852
122.11,244.0,3.0,0.0,0.6874,0.9053,0.2179,135.851
122.12,244.0,3.0,0.0,0.6874,0.914,0.2266,135.708
122.13,244.0,3.0,0.0,0.6874,0.9228,0.2354,135.965
122.14,244.0,3.0,0.0,0.6874,0.9228,0.2354,135.982
122.15,244.0,3.0,0.0,0.6874,0.9228,0.2354,135.772
122.16,244.0,3.0,0.0,0.6874,0.914,0.2266,135.902
122.17,244.0,3.0,0.0,0.6874,0.9228,0.2354,135.626
122.18,244.0,3.0,0.0,0.6874,0.914,0.2266,135.802
122.19,244.0,3.0,0.0,0.6874,0.914,0.2266,135.691
122.2,244.0,3.0,0.0,0.6874,0.9228,0.2354,135.852
122.21,244.0,3.0,0.0,0.6874,0.9228,0.2354,135.916
122.22,244.0,3.0,0.0,0.6874,0.9228,0.2354,135.854
122.23,244.0,3.0,0.0,0.6874,0.9228,0.2354,135.723
122.24,244.0,3.0,0.0,0.6874,0.9228,0.2354,135.788
122.25,244.0,3.0,0.0,0.6874,0.914,0.2266,135.934
122.26,244.0,3.0,0.0,0.6874,0.9228,0.2354,135.805
122.27,244.0,3.0,0.0,0.6874,0.9228,0.2354,135.773
122.28,244.0,3.0,0.0,0.6874,0.9228,0.2354,135.659
122.29,244.0,3.0,0.0,0.6874,0.9228,0.2354,135.738
122.3,244.0,3.0,0.0,0.6874,0.9228,0.2354,135.674
122.31,244.0,3.0,0.0,0.6874,0.914,0.2266,135.835
122.32,244.0,3.0,0.0,0.6874,0.9228,0.2354,135.853
122.33,244.0,3.0,0.0,0.6874,0.9053,0.2179,135.723
122.34,244.0,3.0,0.0,0.6874,0.914,0.2266,135.836
122.35,244.0,3.0,0.0,0.6874,0.914,0.2266,135.739
122.36,244.0,3.0,0.0,0.6874,0.914,0.2266,135.787
122.37,244.0,3.0,0.0,0.6874,0.914,0.2266,135.74
122.38,244.0,3.0,0.0,0.6874,0.9053,0.2179,135.868
122.39,244.0,3.0,0.0,0.6874,0.9228,0.2354,135.788
122.4,244.0,3.0,0.0,0.6874,0.9228,0.2354,135.771
122.41,244.0,3.0,0.0,0.6874,0.9228,0.2354,135.869
122.42,244.0,3.0,0.0,0.6874,0.9228,0.2354,135.642
122.43,244.0,3.0,0.0,0.6874,0.9228,0.2354,135.868
122.44,244.0,3.0,0.0,0.6874,0.9228,0.2354,135.821
122.45,244.0,3.0,0.0,0.6874,0.9228,0.2354,135.724
122.46,244.0,3.0,0.0,0.6874,0.9228,0.2354,135.788
122.47,244.0,3.0,0.0,0.6874,0.914,0.2266,135.658
122.48,244.0,3.0,0.0,0.6874,0.9228,0.2354,135.74
122.49,244.0,3.0,0.0,0.6874,0.9228,0.2354,136.015
122.5,244.0,3.0,0.0,0.6874,0.9053,0.2179,135.836
122.51,244.0,3.0,0.0,0.6874,0.9053,0.2179,135.934
122.52,244.0,3.0,0.0,0.6874,0.9228,0.2354,135.625
122.53,244.0,3.0,0.0,0.6874,0.914,0.2266,135.836
122.54,244.0,3.0,0.0,0.6874,0.9053,0.2179,135.641
122.55,244.0,3.0,0.0,0.6874,0.914,0.2266,135.674
122.56,244.0,3.0,0.0,0.6874,0.914,0.2266,135.771
122.57,244.0,3.0,0.0,0.6874,0.9053,0.2179,135.836
122.58,244.0,3.0,0.0,0.6874,0.914,0.2266,135.884
122.59,244.0,3.0,0.0,0.6874,0.9228,0.2354,135.82
122.6,244.0,3.0,0.0,0.6874,0.914,0.2266,135.611
122.61,244.0,3.0,0.0,0.6874,0.9228,0.2354,135.853
122.62,244.0,3.0,0.0,0.6874,0.9228,0.2354,135.789
122.63,244.0,3.0,0.0,0.6874,0.9228,0.2354,135.724
122.64,244.0,3.0,0.0,0.6874,0.9228,0.2354,135.836
122.65,244.0,3.0,0.0,0.6874,0.9228,0.2354,135.869
122.66,244.0,3.0,0.0,0.6874,0.9228,0.2354,135.837
122.67,244.0,3.0,0.0,0.6874,0.914,0.2266,135.708
122.68,244.0,3.0,0.0,0.6874,0.914,0.2266,135.82
122.69,244.0,3.0,0.0,0.6874,0.914,0.2266,135.772
122.7,244.0,3.0,0.0,0.6874,0.914,0.2266,135.836
122.71,244.0,3.0,0.0,0.6874,0.914,0.2266,135.674
122.72,244.0,3.0,0.0,0.6874,0.9228,0.2354,135.707
122.73,244.0,3.0,0.0,0.6874,0.9228,0.2354,135.9
122.74,244.0,3.0,0.0,0.6874,0.914,0.2266,135.966
122.75,244.0,3.0,0.0,0.6874,0.9228,0.2354,135.869
122.76,244.0,3.0,0.0,0.6874,0.914,0.2266,135.739
122.77,244.0,3.0,0.0,0.6874,0.9228,0.2354,135.594
122.78,244.0,3.0,0.0,0.6874,0.9315,0.2441,135.917
122.79,244.0,3.0,0.0,0.6874,0.9228,0.2354,135.853
122.8,244.0,3.0,0.0,0.6874,0.9315,0.2441,135.79
122.81,244.0,3.0,0.0,0.6874,0.9228,0.2354,135.787
122.82,244.0,3.0,0.0,0.6874,0.9315,0.2441,135.757
122.83,244.0,3.0,0.0,0.6874,0.9228,0.2354,135.675
122.84,244.0,3.0,0.0,0.6874,0.9228,0.2354,135.74
122.85,244.0,3.0,0.0,0.6874,0.9228,0.2354,135.756
122.86,244.0,3.0,0.0,0.6874,0.9228,0.2354,135.917
122.87,244.0,3.0,0.0,0.6874,0.9228,0.2354,135.74
122.88,244.0,3.0,0.0,0.6874,0.9315,0.2441,135.788
122.89,244.0,3.0,0.0,0.6874,0.9228,0.2354,135.594
122.9,244.0,3.0,0.0,0.6874,0.9228,0.2354,135.772
122.91,244.0,3.0,0.0,0.6874,0.914,0.2266,135.967
122.92,244.0,3.0,0.0,0.6874,0.9228,0.2354,135.819
122.93,244.0,3.0,0.0,0.6874,0.9228,0.2354,135.805
122.94,244.0,3.0,0.0,0.6874,0.9228,0.2354,135.804
122.95,244.0,3.0,0.0,0.6874,0.914,0.2266,135.627
122.96,244.0,3.0,0.0,0.6874,0.9228,0.2354,135.852
122.97,244.0,3.0,0.0,0.6874,0.9228,0.2354,135.739
122.98,244.0,3.0,0.0,0.6874,0.9228,0.2354,135.788
122.99,244.0,3.0,0.0,0.6874,0.9228,0.2354,135.899
123.0,244.0,3.0,0.0,0.6874,0.914,0.2266,135.723
123.01,244.0,3.0,0.0,0.6874,0.914,0.2266,135.836
123.02,244.0,3.0,0.0,0.6874,0.9228,0.2354,135.724
123.03,244.0,3.0,0.0,0.6874,0.9228,0.2354,135.706
123.04,244.0,3.0,0.0,0.6874,0.914,0.2266,135.804
123.05,244.0,3.0,0.0,0.6874,0.914,0.2266,135.836
123.06,244.0,3.0,0.0,0.6874,0.914,0.2266,135.836
123.07,244.0,3.0,0.0,0.6874,0.914,0.2266,135.675
123.08,244.0,3.0,0.0,0.6874,0.914,0.2266,135.834
123.09,244.0,3.0,0.0,0.6874,0.914,0.2266,135.901
123.1,244.0,3.0,0.0,0.6874,0.9228,0.2354,135.789
123.11,244.0,3.0,0.0,0.6874,0.9228,0.2354,135.788
123.12,244.0,3.0,0.0,0.6874,0.9228,0.2354,135.69
123.13,244.0,3.0,0.0,0.6874,0.914,0.2266,135.706
123.14,244.0,3.0,0.0,0.6874,0.914,0.2266,135.691
123.15,244.0,3.0,0.0,0.6874,0.9228,0.2354,135.981
123.16,244.0,3.0,0.0,0.6874,0.9228,0.2354,135.725
123.17,244.0,3.0,0.0,0.6874,0.914,0.2266,135.755
123.18,244.0,3.0,0.0,0.6874,0.9228,0.2354,135.787
123.19,244.0,3.0,0.0,0.6874,0.9228,0.2354,135.609
123.2,244.0,3.0,0.0,0.6874,0.9228,0.2354,135.577
123.21,244.0,3.0,0.0,0.6874,0.914,0.2266,135.754
123.22,244.0,3.0,0.0,0.6874,0.9228,0.2354,135.754
123.23,244.0,3.0,0.0,0.6874,0.9228,0.2354,135.74
123.24,244.0,3.0,0.0,0.6874,0.9315,0.2441,135.708
123.25,244.0,3.0,0.0,0.6874,0.9228,0.2354,135.594
123.26,244.0,3.0,0.0,0.6874,0.9228,0.2354,135.658
123.27,244.0,3.0,0.0,0.6874,0.9228,0.2354,135.69
123.28,244.0,3.0,0.0,0.6874,0.9228,0.2354,135.755
123.29,244.0,3.0,0.0,0.6874,0.9315,0.2441,135.869
123.3,244.0,3.0,0.0,0.6874,0.9228,0.2354,135.578
123.31,244.0,3.0,0.0,0.6874,0.9228,0.2354,135.771
123.32,244.0,3.0,0.0,0.6874,0.9228,0.2354,135.724
123.33,244.0,3.0,0.0,0.6874,0.9228,0.2354,135.82
123.34,244.0,3.0,0.0,0.6874,0.9228,0.2354,135.675
123.35,244.0,3.0,0.0,0.6874,0.9228,0.2354,135.77
123.36,244.0,3.0,0.0,0.6874,0.9315,0.2441,135.691
123.37,244.0,3.0,0.0,0.6874,0.9228,0.2354,135.563
123.38,244.0,3.0,0.0,0.6874,0.9315,0.2441,135.642
123.39,244.0,3.0,0.0,0.6874,0.914,0.2266,135.706
123.4,244.0,3.0,0.0,0.6874,0.9228,0.2354,135.852
123.41,244.0,3.0,0.0,0.6874,0.9228,0.2354,135.837
123.42,244.0,3.0,0.0,0.6874,0.9228,0.2354,135.414
123.43,244.0,3.0,0.0,0.6874,0.9228,0.2354,135.771
123.44,244.0,3.0,0.0,0.6874,0.914,0.2266,135.674
123.45,244.0,3.0,0.0,0.6874,0.914,0.2266,135.561
123.46,244.0,3.0,0.0,0.6874,0.914,0.2266,135.917
123.47,244.0,3.0,0.0,0.6874,0.914,0.2266,135.773
123.48,244.0,3.0,0.0,0.6874,0.9053,0.2179,135.74
123.49,244.0,3.0,0.0,0.6874,0.9228,0.2354,135.61
123.5,244.0,3.0,0.0,0.6874,0.9228,0.2354,135.641
123.51,244.0,3.0,0.0,0.6874,0.914,0.2266,135.771
123.52,244.0,3.0,0.0,0.6874,0.9228,0.2354,135.804
123.53,244.0,3.0,0.0,0.6874,0.914,0.2266,135.852
123.54,244.0,3.0,0.0,0.6874,0.9228,0.2354,135.723
123.55,244.0,3.0,0.0,0.6874,0.9228,0.2354,135.594
123.56,244.0,3.0,0.0,0.6874,0.9228,0.2354,135.578
123.57,244.0,3.0,0.0,0.6874,0.9228,0.2354,135.82
123.58,244.0,3.0,0.0,0.6874,0.9228,0.2354,135.757
123.59,244.0,3.0,0.0,0.6874,0.9228,0.2354,135.82
123.6,244.0,3.0,0.0,0.6874,0.9228,0.2354,135.674
123.61,244.0,3.0,0.0,0.6874,0.9228,0.2354,135.738
123.62,244.0,3.0,0.0,0.6874,0.9228,0.2354,135.595
123.63,244.0,3.0,0.0,0.6874,0.9228,0.2354,135.787
123.64,244.0,3.0,0.0,0.6874,0.9228,0.2354,135.836
123.65,244.0,3.0,0.0,0.6874,0.9228,0.2354,135.707
123.66,244.0,3.0,0.0,0.6874,0.9228,0.2354,135.836
123.67,244.0,3.0,0.0,0.6874,0.9228,0.2354,135.755
123.68,244.0,3.0,0.0,0.6874,0.9228,0.2354,135.707
123.69,244.0,3.0,0.0,0.6874,0.914,0.2266,135.754
123.7,244.0,3.0,0.0,0.6874,0.9228,0.2354,135.707
123.71,244.0,3.0,0.0,0.6874,0.9228,0.2354,135.611
123.72,244.0,3.0,0.0,0.6874,0.9228,0.2354,135.69
123.73,244.0,3.0,0.0,0.6874,0.9228,0.2354,135.755
123.74,244.0,3.0,0.0,0.6874,0.9228,0.2354,135.723
123.75,244.0,3.0,0.0,0.6874,0.9228,0.2354,135.723
123.76,244.0,3.0,0.0,0.6874,0.9315,0.2441,135.821
123.77,244.0,3.0,0.0,0.6874,0.9315,0.2441,135.74
123.78,244.0,3.0,0.0,0.6874,0.9228,0.2354,135.725
123.79,244.0,3.0,0.0,0.6874,0.914,0.2266,135.738
123.8,244.0,3.0,0.0,0.6874,0.914,0.2266,135.803
123.81,244.0,3.0,0.0,0.6874,0.914,0.2266,135.82
123.82,244.0,3.0,0.0,0.6874,0.914,0.2266,135.805
123.83,244.0,3.0,0.0,0.6874,0.914,0.2266,135.805
123.84,244.0,3.0,0.0,0.6874,0.9053,0.2179,135.789
123.85,244.0,3.0,0.0,0.6874,0.9053,0.2179,135.755
123.86,244.0,3.0,0.0,0.6874,0.9053,0.2179,135.804
123.87,244.0,3.0,0.0,0.6874,0.8965,0.2091,135.756
123.88,244.0,3.0,0.0,0.6874,0.9053,0.2179,135.819
123.89,244.0,3.0,0.0,0.6874,0.9053,0.2179,135.691
123.9,244.0,3.0,0.0,0.6874,0.914,0.2266,135.612
123.91,244.0,3.0,0.0,0.6874,0.9053,0.2179,135.675
123.92,244.0,3.0,0.0,0.6874,0.9053,0.2179,135.595
123.93,244.0,3.0,0.0,0.6874,0.914,0.2266,135.641
123.94,244.0,3.0,0.0,0.6874,0.9053,0.2179,135.755
123.95,244.0,3.0,0.0,0.6874,0.914,0.2266,135.788
123.96,244.0,3.0,0.0,0.6874,0.914,0.2266,135.788
123.97,244.0,3.0,0.0,0.6874,0.9053,0.2179,135.756
123.98,244.0,3.0,0.0,0.6874,0.914,0.2266,135.611
123.99,244.0,3.0,0.0,0.6874,0.914,0.2266,135.706
124.0,244.0,3.0,0.0,0.6874,0.9053,0.2179,135.819
124.01,244.0,3.0,0.0,0.6874,0.914,0.2266,135.9
124.02,244.0,3.0,0.0,0.6874,0.9228,0.2354,135.674
124.03,244.0,3.0,0.0,0.6874,0.914,0.2266,135.611
124.04,244.0,3.0,0.0,0.6874,0.9053,0.2179,135.497
124.05,244.0,3.0,0.0,0.6874,0.914,0.2266,135.659
124.06,244.0,3.0,0.0,0.6874,0.914,0.2266,135.738
124.07,244.0,3.0,0.0,0.6874,0.914,0.2266,135.739
124.08,244.0,3.0,0.0,0.6874,0.9228,0.2354,135.739
124.09,244.0,3.0,0.0,0.6874,0.914,0.2266,135.868
124.1,244.0,3.0,0.0,0.6874,0.914,0.2266,135.74
124.11,244.0,3.0,0.0,0.6874,0.914,0.2266,135.723
124.12,244.0,3.0,0.0,0.6874,0.914,0.2266,135.869
124.13,244.0,3.0,0.0,0.6874,0.914,0.2266,135.674
124.14,244.0,3.0,0.0,0.6874,0.914,0.2266,135.804
124.15,244.0,3.0,0.0,0.6874,0.914,0.2266,135.594
124.16,244.0,3.0,0.0,0.6874,0.914,0.2266,135.69
124.17,244.0,3.0,0.0,0.6874,0.914,0.2266,135.755
124.18,244.0,3.0,0.0,0.6874,0.914,0.2266,135.562
124.19,244.0,3.0,0.0,0.6874,0.914,0.2266,135.739
124.2,244.0,3.0,0.0,0.6874,0.914,0.2266,135.884
124.21,244.0,3.0,0.0,0.6874,0.914,0.2266,135.675
124.22,244.0,3.0,0.0,0.6874,0.914,0.2266,135.837
124.23,244.0,3.0,0.0,0.6874,0.914,0.2266,135.643
124.24,244.0,3.0,0.0,0.6874,0.9053,0.2179,135.642
124.25,244.0,3.0,0.0,0.6874,0.914,0.2266,135.658
124.26,244.0,3.0,0.0,0.6874,0.9053,0.2179,135.771
124.27,244.0,3.0,0.0,0.6874,0.9053,0.2179,135.594
124.28,244.0,3.0,0.0,0.6874,0.914,0.2266,135.754
124.29,244.0,3.0,0.0,0.6874,0.914,0.2266,135.803
124.3,244.0,3.0,0.0,0.6874,0.914,0.2266,135.757
124.31,244.0,3.0,0.0,0.6874,0.9053,0.2179,135.82
124.32,244.0,3.0,0.0,0.6874,0.9228,0.2354,135.676
124.33,244.0,3.0,0.0,0.6874,0.9228,0.2354,135.657
124.34,244.0,3.0,0.0,0.6874,0.9228,0.2354,135.836
124.35,244.0,3.0,0.0,0.6874,0.9228,0.2354,135.804
124.36,244.0,3.0,0.0,0.6874,0.914,0.2266,135.691
124.37,244.0,3.0,0.0,0.6874,0.9228,0.2354,135.771
124.38,244.0,3.0,0.0,0.6874,0.914,0.2266,135.772
124.39,244.0,3.0,0.0,0.6874,0.9228,0.2354,135.659
124.4,244.0,3.0,0.0,0.6874,0.9315,0.2441,135.819
124.41,244.0,3.0,0.0,0.6874,0.9228,0.2354,135.706
124.42,244.0,3.0,0.0,0.6874,0.9315,0.2441,135.675
124.43,244.0,3.0,0.0,0.6874,0.9315,0.2441,135.787
124.44,244.0,3.0,0.0,0.6874,0.9228,0.2354,135.804
124.45,244.0,3.0,0.0,0.6874,0.9228,0.2354,135.659
124.46,244.0,3.0,0.0,0.6874,0.9228,0.2354,135.852
124.47,244.0,3.0,0.0,0.6874,0.9315,0.2441,135.627
124.48,244.0,3.0,0.0,0.6874,0.9228,0.2354,135.675
124.49,244.0,3.0,0.0,0.6874,0.914,0.2266,135.771
124.5,244.0,3.0,0.0,0.6874,0.9228,0.2354,135.676
124.51,244.0,3.0,0.0,0.6874,0.9228,0.2354,135.739
124.52,244.0,3.0,0.0,0.6874,0.9228,0.2354,135.642
124.53,244.0,3.0,0.0,0.6874,0.914,0.2266,135.755
124.54,244.0,3.0,0.0,0.6874,0.914,0.2266,135.691
124.55,244.0,3.0,0.0,0.6874,0.914,0.2266,135.61
124.56,244.0,3.0,0.0,0.6874,0.914,0.2266,135.869
124.57,244.0,3.0,0.0,0.6874,0.914,0.2266,135.659
124.58,244.0,3.0,0.0,0.6874,0.914,0.2266,135.642
124.59,244.0,3.0,0.0,0.6874,0.9053,0.2179,135.853
124.6,244.0,3.0,0.0,0.6874,0.9053,0.2179,135.773
124.61,244.0,3.0,0.0,0.6874,0.9053,0.2179,135.819
124.62,244.0,3.0,0.0,0.6874,0.914,0.2266,135.805
124.63,244.0,3.0,0.0,0.6874,0.9053,0.2179,135.771
124.64,244.0,3.0,0.0,0.6874,0.9053,0.2179,135.691
124.65,244.0,3.0,0.0,0.6874,0.914,0.2266,135.643
124.66,244.0,3.0,0.0,0.6874,0.9053,0.2179,135.626
124.67,244.0,3.0,0.0,0.6874,0.914,0.2266,135.595
124.68,244.0,3.0,0.0,0.6874,0.9053,0.2179,135.594
124.69,244.0,3.0,0.0,0.6874,0.914,0.2266,135.641
124.7,244.0,3.0,0.0,0.6874,0.9053,0.2179,135.577
124.71,244.0,3.0,0.0,0.6874,0.914,0.2266,135.625
124.72,244.0,3.0,0.0,0.6874,0.914,0.2266,135.739
124.73,244.0,3.0,0.0,0.6874,0.9228,0.2354,135.772
124.74,244.0,3.0,0.0,0.6874,0.914,0.2266,135.513
124.75,244.0,3.0,0.0,0.6874,0.9053,0.2179,135.804
124.76,244.0,3.0,0.0,0.6874,0.9053,0.2179,135.77
124.77,244.0,3.0,0.0,0.6874,0.914,0.2266,135.528
124.78,244.0,3.0,0.0,0.6874,0.914,0.2266,135.803
124.79,244.0,3.0,0.0,0.6874,0.914,0.2266,135.674
124.8,244.0,3.0,0.0,0.6874,0.914,0.2266,135.836
124.81,244.0,3.0,0.0,0.6874,0.9228,0.2354,135.803
124.82,244.0,3.0,0.0,0.6874,0.914,0.2266,135.74
124.83,244.0,3.0,0.0,0.6874,0.914,0.2266,135.676
124.84,244.0,3.0,0.0,0.6874,0.914,0.2266,135.659
124.85,244.0,3.0,0.0,0.6874,0.914,0.2266,135.738
124.86,244.0,3.0,0.0,0.6874,0.9228,0.2354,135.933
124.87,244.0,3.0,0.0,0.6874,0.914,0.2266,135.626
124.88,244.0,3.0,0.0,0.6874,0.914,0.2266,135.787
124.89,244.0,3.0,0.0,0.6874,0.9228,0.2354,135.739
124.9,244.0,3.0,0.0,0.6874,0.9228,0.2354,135.691
124.91,244.0,3.0,0.0,0.6874,0.9228,0.2354,135.69
124.92,244.0,3.0,0.0,0.6874,0.9228,0.2354,135.868
124.93,244.0,3.0,0.0,0.6874,0.9228,0.2354,135.724
124.94,244.0,3.0,0.0,0.6874,0.914,0.2266,135.544
124.95,244.0,3.0,0.0,0.6874,0.914,0.2266,135.544
124.96,244.0,3.0,0.0,0.6874,0.9053,0.2179,135.738
124.97,244.0,3.0,0.0,0.6874,0.914,0.2266,135.709
124.98,244.0,3.0,0.0,0.6874,0.914,0.2266,135.723
124.99,244.0,3.0,0.0,0.6874,0.914,0.2266,135.707
125.0,244.0,3.0,0.0,0.6874,0.914,0.2266,135.449
125.01,244.0,3.0,0.0,0.6874,0.9053,0.2179,135.835
125.02,244.0,3.0,0.0,0.6874,0.914,0.2266,135.724
125.03,244.0,3.0,0.0,0.6874,0.914,0.2266,135.675
125.04,244.0,3.0,0.0,0.6874,0.9228,0.2354,135.706
125.05,244.0,3.0,0.0,0.6874,0.9228,0.2354,135.659
125.06,244.0,3.0,0.0,0.6874,0.9228,0.2354,135.739
125.07,244.0,3.0,0.0,0.6874,0.914,0.2266,135.723
125.08,244.0,3.0,0.0,0.6874,0.9228,0.2354,135.659
125.09,244.0,3.0,0.0,0.6874,0.9228,0.2354,135.708
125.1,244.0,3.0,0.0,0.6874,0.9228,0.2354,135.611
125.11,244.0,3.0,0.0,0.6874,0.9228,0.2354,135.69
125.12,244.0,3.0,0.0,0.6874,0.9315,0.2441,135.561
125.13,244.0,3.0,0.0,0.6874,0.9228,0.2354,135.545
125.14,244.0,3.0,0.0,0.6874,0.9315,0.2441,135.675
125.15,244.0,3.0,0.0,0.6874,0.9228,0.2354,135.755
125.16,244.0,3.0,0.0,0.6874,0.914,0.2266,135.9
125.17,244.0,3.0,0.0,0.6874,0.914,0.2266,135.725
125.18,244.0,3.0,0.0,0.6874,0.914,0.2266,135.627
125.19,244.0,3.0,0.0,0.6874,0.914,0.2266,135.739
125.2,244.0,3.0,0.0,0.6874,0.9228,0.2354,135.562
125.21,244.0,3.0,0.0,0.6874,0.914,0.2266,135.707
125.22,244.0,3.0,0.0,0.6874,0.9228,0.2354,135.771
125.23,244.0,3.0,0.0,0.6874,0.914,0.2266,135.708
125.24,244.0,3.0,0.0,0.6874,0.914,0.2266,135.771
125.25,244.0,3.0,0.0,0.6874,0.914,0.2266,135.448
125.26,244.0,3.0,0.0,0.6874,0.9053,0.2179,135.659
125.27,244.0,3.0,0.0,0.6874,0.914,0.2266,135.771
125.28,244.0,3.0,0.0,0.6874,0.914,0.2266,135.802
125.29,244.0,3.0,0.0,0.6874,0.914,0.2266,135.755
125.3,244.0,3.0,0.0,0.6874,0.9228,0.2354,135.755
125.31,244.0,3.0,0.0,0.6874,0.9315,0.2441,135.577
125.32,244.0,3.0,0.0,0.6874,0.9315,0.2441,135.706
125.33,244.0,3.0,0.0,0.6874,0.9228,0.2354,135.659
125.34,244.0,3.0,0.0,0.6874,0.9228,0.2354,135.674
125.35,244.0,3.0,0.0,0.6874,0.914,0.2266,135.609
125.36,244.0,3.0,0.0,0.6874,0.914,0.2266,135.804
125.37,244.0,3.0,0.0,0.6874,0.9053,0.2179,135.529
125.38,244.0,3.0,0.0,0.6874,0.9053,0.2179,135.481
125.39,244.0,3.0,0.0,0.6874,0.8965,0.2091,135.627
125.4,244.0,3.0,0.0,0.6874,0.8965,0.2091,135.578
125.41,244.0,3.0,0.0,0.6874,0.8878,0.2004,135.722
125.42,244.0,3.0,0.0,0.6874,0.8878,0.2004,135.56
125.43,244.0,3.0,0.0,0.6874,0.8878,0.2004,135.818
125.44,244.0,3.0,0.0,0.6874,0.8703,0.1829,135.74
125.45,244.0,3.0,0.0,0.6874,0.879,0.1916,135.528
125.46,244.0,3.0,0.0,0.6874,0.8878,0.2004,135.721
125.47,244.0,3.0,0.0,0.6874,0.8965,0.2091,135.626
125.48,244.0,3.0,0.0,0.6874,0.8965,0.2091,135.611
125.49,244.0,3.0,0.0,0.6874,0.8965,0.2091,135.835
125.5,244.0,3.0,0.0,0.6874,0.9053,0.2179,135.658
125.51,244.0,3.0,0.0,0.6874,0.8965,0.2091,135.675
125.52,244.0,3.0,0.0,0.6874,0.9053,0.2179,135.707
125.53,244.0,3.0,0.0,0.6874,0.9053,0.2179,135.53
125.54,244.0,3.0,0.0,0.6874,0.9053,0.2179,135.594
125.55,244.0,3.0,0.0,0.6874,0.9053,0.2179,135.561
125.56,244.0,3.0,0.0,0.6874,0.914,0.2266,135.626
125.57,244.0,3.0,0.0,0.6874,0.914,0.2266,135.707
125.58,244.0,3.0,0.0,0.6874,0.914,0.2266,135.594
125.59,244.0,3.0,0.0,0.6874,0.914,0.2266,135.658
125.6,244.0,3.0,0.0,0.6874,0.914,0.2266,135.642
125.61,244.0,3.0,0.0,0.6874,0.914,0.2266,135.658
125.62,244.0,3.0,0.0,0.6874,0.9053,0.2179,135.676
125.63,244.0,3.0,0.0,0.6874,0.914,0.2266,135.675
125.64,244.0,3.0,0.0,0.6874,0.9228,0.2354,135.723
125.65,244.0,3.0,0.0,0.6874,0.9053,0.2179,135.755
125.66,244.0,3.0,0.0,0.6874,0.914,0.2266,135.771
125.67,244.0,3.0,0.0,0.6874,0.914,0.2266,135.659
125.68,244.0,3.0,0.0,0.6874,0.9053,0.2179,135.738
125.69,244.0,3.0,0.0,0.6874,0.914,0.2266,135.691
125.7,244.0,3.0,0.0,0.6874,0.914,0.2266,135.723
125.71,244.0,3.0,0.0,0.6874,0.914,0.2266,135.659
125.72,244.0,3.0,0.0,0.6874,0.914,0.2266,135.706
125.73,244.0,3.0,0.0,0.6874,0.914,0.2266,135.706
125.74,244.0,3.0,0.0,0.6874,0.914,0.2266,135.754
125.75,244.0,3.0,0.0,0.6874,0.914,0.2266,135.626
125.76,244.0,3.0,0.0,0.6874,0.914,0.2266,135.787
125.77,244.0,3.0,0.0,0.6874,0.914,0.2266,135.625
125.78,244.0,3.0,0.0,0.6874,0.914,0.2266,135.707
125.79,244.0,3.0,0.0,0.6874,0.914,0.2266,135.593
125.8,244.0,3.0,0.0,0.6874,0.914,0.2266,135.626
125.81,244.0,3.0,0.0,0.6874,0.914,0.2266,135.755
125.82,244.0,3.0,0.0,0.6874,0.914,0.2266,135.578
125.83,244.0,3.0,0.0,0.6874,0.9053,0.2179,135.724
125.84,244.0,3.0,0.0,0.6874,0.9053,0.2179,135.673
125.85,244.0,3.0,0.0,0.6874,0.9053,0.2179,135.643
125.86,244.0,3.0,0.0,0.6874,0.9053,0.2179,135.689
125.87,244.0,3.0,0.0,0.6874,0.8965,0.2091,135.658
125.88,244.0,3.0,0.0,0.6874,0.8965,0.2091,135.643
125.89,244.0,3.0,0.0,0.6874,0.8965,0.2091,135.674
125.9,244.0,3.0,0.0,0.6874,0.8965,0.2091,135.675
125.91,244.0,3.0,0.0,0.6874,0.9053,0.2179,135.595
125.92,244.0,3.0,0.0,0.6874,0.9053,0.2179,135.624
125.93,244.0,3.0,0.0,0.6874,0.9053,0.2179,135.66
125.94,244.0,3.0,0.0,0.6874,0.9053,0.2179,135.82
125.95,244.0,3.0,0.0,0.6874,0.9053,0.2179,135.675
125.96,244.0,3.0,0.0,0.6874,0.914,0.2266,135.788
125.97,244.0,3.0,0.0,0.6874,0.914,0.2266,135.513
125.98,244.0,3.0,0.0,0.6874,0.9053,0.2179,135.61
125.99,244.0,3.0,0.0,0.6874,0.9053,0.2179,135.61
126.0,244.0,3.0,0.0,0.6874,0.9053,0.2179,135.674
126.01,244.0,3.0,0.0,0.6874,0.9053,0.2179,135.77
126.02,244.0,3.0,0.0,0.6874,0.9053,0.2179,135.691
126.03,244.0,3.0,0.0,0.6874,0.9053,0.2179,135.755
126.04,244.0,3.0,0.0,0.6874,0.914,0.2266,135.725
126.05,244.0,3.0,0.0,0.6874,0.914,0.2266,135.611
126.06,244.0,3.0,0.0,0.6874,0.9053,0.2179,135.594
126.07,244.0,3.0,0.0,0.6874,0.9053,0.2179,135.609
126.08,244.0,3.0,0.0,0.6874,0.914,0.2266,135.64
126.09,244.0,3.0,0.0,0.6874,0.9053,0.2179,135.771
126.1,244.0,3.0,0.0,0.6874,0.9228,0.2354,135.61
126.11,244.0,3.0,0.0,0.6874,0.9228,0.2354,135.659
126.12,244.0,3.0,0.0,0.6874,0.914,0.2266,135.482
126.13,244.0,3.0,0.0,0.6874,0.9228,0.2354,135.576
126.14,244.0,3.0,0.0,0.6874,0.914,0.2266,135.723
126.15,244.0,3.0,0.0,0.6874,0.9228,0.2354,135.737
126.16,244.0,3.0,0.0,0.6874,0.9228,0.2354,135.723
126.17,244.0,3.0,0.0,0.6874,0.9228,0.2354,135.885
126.18,244.0,3.0,0.0,0.6874,0.9228,0.2354,135.658
126.19,244.0,3.0,0.0,0.6874,0.9228,0.2354,135.804
126.2,244.0,3.0,0.0,0.6874,0.9228,0.2354,135.611
126.21,244.0,3.0,0.0,0.6874,0.914,0.2266,135.803
126.22,244.0,3.0,0.0,0.6874,0.9228,0.2354,135.818
126.23,244.0,3.0,0.0,0.6874,0.9228,0.2354,135.659
126.24,244.0,3.0,0.0,0.6874,0.9228,0.2354,135.772
126.25,244.0,3.0,0.0,0.6874,0.914,0.2266,135.595
126.26,244.0,3.0,0.0,0.6874,0.9053,0.2179,135.853
126.27,244.0,3.0,0.0,0.6874,0.914,0.2266,135.805
126.28,244.0,3.0,0.0,0.6874,0.914,0.2266,135.69
126.29,244.0,3.0,0.0,0.6874,0.9228,0.2354,135.867
126.3,244.0,3.0,0.0,0.6874,0.914,0.2266,135.642
126.31,244.0,3.0,0.0,0.6874,0.914,0.2266,135.852
126.32,244.0,3.0,0.0,0.6874,0.914,0.2266,135.74
126.33,244.0,3.0,0.0,0.6874,0.914,0.2266,135.659
126.34,244.0,3.0,0.0,0.6874,0.9228,0.2354,135.69
126.35,244.0,3.0,0.0,0.6874,0.9228,0.2354,135.659
126.36,244.0,3.0,0.0,0.6874,0.9228,0.2354,135.722
126.37,244.0,3.0,0.0,0.6874,0.914,0.2266,135.819
126.38,244.0,3.0,0.0,0.6874,0.914,0.2266,135.498
126.39,244.0,3.0,0.0,0.6874,0.914,0.2266,135.69
126.4,244.0,3.0,0.0,0.6874,0.914,0.2266,135.578
126.41,244.0,3.0,0.0,0.6874,0.914,0.2266,135.674
126.42,244.0,3.0,0.0,0.6874,0.914,0.2266,135.658
126.43,244.0,3.0,0.0,0.6874,0.914,0.2266,135.851
126.44,244.0,3.0,0.0,0.6874,0.9228,0.2354,135.708
126.45,244.0,3.0,0.0,0.6874,0.914,0.2266,135.788
126.46,244.0,3.0,0.0,0.6874,0.9053,0.2179,135.82
126.47,244.0,3.0,0.0,0.6874,0.9053,0.2179,135.708
126.48,244.0,3.0,0.0,0.6874,0.914,0.2266,135.723
126.49,244.0,3.0,0.0,0.6874,0.914,0.2266,135.756
126.5,244.0,3.0,0.0,0.6874,0.9053,0.2179,135.738
126.51,244.0,3.0,0.0,0.6874,0.8965,0.2091,135.691
126.52,244.0,3.0,0.0,0.6874,0.9053,0.2179,135.707
126.53,244.0,3.0,0.0,0.6874,0.8965,0.2091,135.626
126.54,244.0,3.0,0.0,0.6874,0.914,0.2266,135.724
126.55,244.0,3.0,0.0,0.6874,0.9053,0.2179,135.836
126.56,244.0,3.0,0.0,0.6874,0.9053,0.2179,135.578
126.57,244.0,3.0,0.0,0.6874,0.9053,0.2179,135.723
126.58,244.0,3.0,0.0,0.6874,0.9053,0.2179,135.723
126.59,244.0,3.0,0.0,0.6874,0.914,0.2266,135.771
126.6,244.0,3.0,0.0,0.6874,0.914,0.2266,135.74
126.61,244.0,3.0,0.0,0.6874,0.914,0.2266,135.916
126.62,244.0,3.0,0.0,0.6874,0.9053,0.2179,135.661
126.63,244.0,3.0,0.0,0.6874,0.914,0.2266,135.66
126.64,244.0,3.0,0.0,0.6874,0.914,0.2266,135.754
126.65,244.0,3.0,0.0,0.6874,0.914,0.2266,135.708
126.66,244.0,3.0,0.0,0.6874,0.914,0.2266,135.658
126.67,244.0,3.0,0.0,0.6874,0.9228,0.2354,135.643
126.68,244.0,3.0,0.0,0.6874,0.9228,0.2354,135.674
126.69,244.0,3.0,0.0,0.6874,0.9228,0.2354,135.755
126.7,244.0,3.0,0.0,0.6874,0.9228,0.2354,135.659
126.71,244.0,3.0,0.0,0.6874,0.914,0.2266,135.69
126.72,244.0,3.0,0.0,0.6874,0.9228,0.2354,135.722
126.73,244.0,3.0,0.0,0.6874,0.914,0.2266,135.693
126.74,244.0,3.0,0.0,0.6874,0.914,0.2266,135.771
126.75,244.0,3.0,0.0,0.6874,0.9228,0.2354,135.625
126.76,244.0,3.0,0.0,0.6874,0.9315,0.2441,135.674
126.77,244.0,3.0,0.0,0.6874,0.9228,0.2354,135.738
126.78,244.0,3.0,0.0,0.6874,0.9228,0.2354,135.723
126.79,244.0,3.0,0.0,0.6874,0.9315,0.2441,135.675
126.8,244.0,3.0,0.0,0.6874,0.9228,0.2354,135.611
126.81,244.0,3.0,0.0,0.6874,0.9315,0.2441,135.658
126.82,244.0,3.0,0.0,0.6874,0.9228,0.2354,135.899
126.83,244.0,3.0,0.0,0.6874,0.9228,0.2354,135.609
126.84,244.0,3.0,0.0,0.6874,0.9315,0.2441,135.672
126.85,244.0,3.0,0.0,0.6874,0.9228,0.2354,135.498
126.86,244.0,3.0,0.0,0.6874,0.9228,0.2354,135.852
126.87,244.0,3.0,0.0,0.6874,0.9228,0.2354,135.658
126.88,244.0,3.0,0.0,0.6874,0.9228,0.2354,135.626
126.89,244.0,3.0,0.0,0.6874,0.9228,0.2354,135.834
126.9,244.0,3.0,0.0,0.6874,0.914,0.2266,135.643
126.91,244.0,3.0,0.0,0.6874,0.914,0.2266,135.933
126.92,244.0,3.0,0.0,0.6874,0.914,0.2266,135.642
126.93,244.0,3.0,0.0,0.6874,0.914,0.2266,135.722
126.94,244.0,3.0,0.0,0.6874,0.914,0.2266,135.676
126.95,244.0,3.0,0.0,0.6874,0.9053,0.2179,135.561
126.96,244.0,3.0,0.0,0.6874,0.9053,0.2179,135.803
126.97,244.0,3.0,0.0,0.6874,0.9053,0.2179,135.836
126.98,244.0,3.0,0.0,0.6874,0.9053,0.2179,135.643
126.99,244.0,3.0,0.0,0.6874,0.914,0.2266,135.74
127.0,244.0,3.0,0.0,0.6874,0.8965,0.2091,135.61
127.01,244.0,3.0,0.0,0.6874,0.8965,0.2091,135.706
127.02,244.0,3.0,0.0,0.6874,0.9053,0.2179,135.722
127.03,244.0,3.0,0.0,0.6874,0.9053,0.2179,135.805
127.04,244.0,3.0,0.0,0.6874,0.8965,0.2091,135.757
127.05,244.0,3.0,0.0,0.6874,0.8965,0.2091,135.645
127.06,244.0,3.0,0.0,0.6874,0.9053,0.2179,135.642
127.07,244.0,3.0,0.0,0.6874,0.9053,0.2179,135.657
127.08,244.0,3.0,0.0,0.6874,0.914,0.2266,135.674
127.09,244.0,3.0,0.0,0.6874,0.914,0.2266,135.884
127.1,244.0,3.0,0.0,0.6874,0.9053,0.2179,135.626
127.11,244.0,3.0,0.0,0.6874,0.9053,0.2179,135.723
127.12,244.0,3.0,0.0,0.6874,0.9053,0.2179,135.594
127.13,244.0,3.0,0.0,0.6874,0.9053,0.2179,135.626
127.14,244.0,3.0,0.0,0.6874,0.914,0.2266,135.707
127.15,244.0,3.0,0.0,0.6874,0.9053,0.2179,135.611
127.16,244.0,3.0,0.0,0.6874,0.9053,0.2179,135.754
127.17,244.0,3.0,0.0,0.6874,0.914,0.2266,135.529
127.18,244.0,3.0,0.0,0.6874,0.914,0.2266,135.643
127.19,244.0,3.0,0.0,0.6874,0.914,0.2266,135.805
127.2,244.0,3.0,0.0,0.6874,0.9053,0.2179,135.561
127.21,244.0,3.0,0.0,0.6874,0.914,0.2266,135.658
127.22,244.0,3.0,0.0,0.6874,0.914,0.2266,135.722
127.23,244.0,3.0,0.0,0.6874,0.9053,0.2179,135.803
127.24,244.0,3.0,0.0,0.6874,0.9053,0.2179,135.738
127.25,244.0,3.0,0.0,0.6874,0.914,0.2266,135.659
127.26,244.0,3.0,0.0,0.6874,0.914,0.2266,135.691
127.27,244.0,3.0,0.0,0.6874,0.914,0.2266,135.756
127.28,244.0,3.0,0.0,0.6874,0.914,0.2266,135.74
127.29,244.0,3.0,0.0,0.6874,0.9228,0.2354,135.819
127.3,244.0,3.0,0.0,0.6874,0.9228,0.2354,135.643
127.31,244.0,3.0,0.0,0.6874,0.914,0.2266,135.803
127.32,244.0,3.0,0.0,0.6874,0.914,0.2266,135.547
127.33,244.0,3.0,0.0,0.6874,0.914,0.2266,135.61
127.34,244.0,3.0,0.0,0.6874,0.914,0.2266,135.624
127.35,244.0,3.0,0.0,0.6874,0.9228,0.2354,135.481
127.36,244.0,3.0,0.0,0.6874,0.914,0.2266,135.609
127.37,244.0,3.0,0.0,0.6874,0.914,0.2266,135.675
127.38,244.0,3.0,0.0,0.6874,0.914,0.2266,135.497
127.39,244.0,3.0,0.0,0.6874,0.914,0.2266,135.69
127.4,244.0,3.0,0.0,0.6874,0.914,0.2266,135.546
127.41,244.0,3.0,0.0,0.6874,0.914,0.2266,135.69
127.42,244.0,3.0,0.0,0.6874,0.914,0.2266,135.771
127.43,244.0,3.0,0.0,0.6874,0.914,0.2266,135.706
127.44,244.0,3.0,0.0,0.6874,0.914,0.2266,135.722
127.45,244.0,3.0,0.0,0.6874,0.914,0.2266,135.658
127.46,244.0,3.0,0.0,0.6874,0.914,0.2266,135.708
127.47,244.0,3.0,0.0,0.6874,0.914,0.2266,135.642
127.48,244.0,3.0,0.0,0.6874,0.9228,0.2354,135.626
127.49,244.0,3.0,0.0,0.6874,0.9228,0.2354,135.626
127.5,244.0,3.0,0.0,0.6874,0.9228,0.2354,135.786
127.51,244.0,3.0,0.0,0.6874,0.9228,0.2354,135.723
127.52,244.0,3.0,0.0,0.6874,0.914,0.2266,135.48
127.53,244.0,3.0,0.0,0.6874,0.914,0.2266,135.496
127.54,244.0,3.0,0.0,0.6874,0.914,0.2266,135.674
127.55,244.0,3.0,0.0,0.6874,0.914,0.2266,135.787
127.56,244.0,3.0,0.0,0.6874,0.914,0.2266,135.739
127.57,244.0,3.0,0.0,0.6874,0.914,0.2266,135.788
127.58,244.0,3.0,0.0,0.6874,0.914,0.2266,135.788
127.59,244.0,3.0,0.0,0.6874,0.9228,0.2354,135.658
127.6,244.0,3.0,0.0,0.6874,0.914,0.2266,135.706
127.61,244.0,3.0,0.0,0.6874,0.9228,0.2354,135.933
127.62,244.0,3.0,0.0,0.6874,0.9228,0.2354,135.786
127.63,244.0,3.0,0.0,0.6874,0.914,0.2266,135.594
127.64,244.0,3.0,0.0,0.6874,0.914,0.2266,135.658
127.65,244.0,3.0,0.0,0.6874,0.9228,0.2354,135.594
127.66,244.0,3.0,0.0,0.6874,0.9228,0.2354,135.609
127.67,244.0,3.0,0.0,0.6874,0.914,0.2266,135.691
127.68,244.0,3.0,0.0,0.6874,0.914,0.2266,135.787
127.69,244.0,3.0,0.0,0.6874,0.914,0.2266,135.706
127.7,244.0,3.0,0.0,0.6874,0.9228,0.2354,135.738
127.71,244.0,3.0,0.0,0.6874,0.9228,0.2354,135.577
127.72,244.0,3.0,0.0,0.6874,0.914,0.2266,135.673
127.73,244.0,3.0,0.0,0.6874,0.9228,0.2354,135.643
127.74,244.0,3.0,0.0,0.6874,0.9228,0.2354,135.642
127.75,244.0,3.0,0.0,0.6874,0.9228,0.2354,135.642
127.76,244.0,3.0,0.0,0.6874,0.9228,0.2354,135.611
127.77,244.0,3.0,0.0,0.6874,0.9228,0.2354,135.771
127.78,244.0,3.0,0.0,0.6874,0.914,0.2266,135.707
127.79,244.0,3.0,0.0,0.6874,0.9228,0.2354,135.644
127.8,244.0,3.0,0.0,0.6874,0.914,0.2266,135.579
127.81,244.0,3.0,0.0,0.6874,0.9228,0.2354,135.851
127.82,244.0,3.0,0.0,0.6874,0.9228,0.2354,135.641
127.83,244.0,3.0,0.0,0.6874,0.914,0.2266,135.626
127.84,244.0,3.0,0.0,0.6874,0.914,0.2266,135.642
127.85,244.0,3.0,0.0,0.6874,0.914,0.2266,135.753
127.86,244.0,3.0,0.0,0.6874,0.914,0.2266,135.691
127.87,244.0,3.0,0.0,0.6874,0.914,0.2266,135.755
127.88,244.0,3.0,0.0,0.6874,0.9053,0.2179,135.611
127.89,244.0,3.0,0.0,0.6874,0.9228,0.2354,135.61
127.9,244.0,3.0,0.0,0.6874,0.914,0.2266,135.69
127.91,244.0,3.0,0.0,0.6874,0.9228,0.2354,135.756
127.92,244.0,3.0,0.0,0.6874,0.914,0.2266,135.643
127.93,244.0,3.0,0.0,0.6874,0.914,0.2266,135.497
127.94,244.0,3.0,0.0,0.6874,0.914,0.2266,135.755
127.95,244.0,3.0,0.0,0.6874,0.914,0.2266,135.61
127.96,244.0,3.0,0.0,0.6874,0.9053,0.2179,135.738
127.97,244.0,3.0,0.0,0.6874,0.914,0.2266,135.642
127.98,244.0,3.0,0.0,0.6874,0.914,0.2266,135.835
127.99,244.0,3.0,0.0,0.6874,0.914,0.2266,135.885
128.0,244.0,3.0,0.0,0.6874,0.914,0.2266,135.594
128.01,244.0,3.0,0.0,0.6874,0.914,0.2266,135.642
128.02,244.0,3.0,0.0,0.6874,0.9053,0.2179,135.544
128.03,244.0,3.0,0.0,0.6874,0.914,0.2266,135.626
128.04,244.0,3.0,0.0,0.6874,0.9053,0.2179,135.884
128.05,244.0,3.0,0.0,0.6874,0.914,0.2266,135.724
128.06,244.0,3.0,0.0,0.6874,0.914,0.2266,135.772
128.07,244.0,3.0,0.0,0.6874,0.914,0.2266,135.543
128.08,244.0,3.0,0.0,0.6874,0.9228,0.2354,135.575
128.09,244.0,3.0,0.0,0.6874,0.914,0.2266,135.674
128.1,244.0,3.0,0.0,0.6874,0.914,0.2266,135.529
128.11,244.0,3.0,0.0,0.6874,0.914,0.2266,135.722
128.12,244.0,3.0,0.0,0.6874,0.914,0.2266,135.723
128.13,244.0,3.0,0.0,0.6874,0.914,0.2266,135.738
128.14,244.0,3.0,0.0,0.6874,0.914,0.2266,135.674
128.15,244.0,3.0,0.0,0.6874,0.914,0.2266,135.786
128.16,244.0,3.0,0.0,0.6874,0.914,0.2266,135.803
128.17,244.0,3.0,0.0,0.6874,0.914,0.2266,135.901
128.18,244.0,3.0,0.0,0.6874,0.914,0.2266,135.886
128.19,244.0,3.0,0.0,0.6874,0.914,0.2266,135.724
128.2,244.0,3.0,0.0,0.6874,0.914,0.2266,135.463
128.21,244.0,3.0,0.0,0.6874,0.9228,0.2354,135.641
128.22,244.0,3.0,0.0,0.6874,0.914,0.2266,135.738
128.23,244.0,3.0,0.0,0.6874,0.914,0.2266,135.659
128.24,244.0,3.0,0.0,0.6874,0.914,0.2266,135.722
128.25,244.0,3.0,0.0,0.6874,0.914,0.2266,135.593
128.26,244.0,3.0,0.0,0.6874,0.914,0.2266,135.69
128.27,244.0,3.0,0.0,0.6874,0.9315,0.2441,135.723
128.28,244.0,3.0,0.0,0.6874,0.9228,0.2354,135.627
128.29,244.0,3.0,0.0,0.6874,0.9228,0.2354,135.836
128.3,244.0,3.0,0.0,0.6874,0.9228,0.2354,135.641
128.31,244.0,3.0,0.0,0.6874,0.914,0.2266,135.738
128.32,244.0,3.0,0.0,0.6874,0.9228,0.2354,135.626
128.33,244.0,3.0,0.0,0.6874,0.9315,0.2441,135.561
128.34,244.0,3.0,0.0,0.6874,0.9315,0.2441,135.689
128.35,244.0,3.0,0.0,0.6874,0.9315,0.2441,135.755
128.36,244.0,3.0,0.0,0.6874,0.9315,0.2441,135.689
128.37,244.0,3.0,0.0,0.6874,0.9315,0.2441,135.609
128.38,244.0,3.0,0.0,0.6874,0.9315,0.2441,135.496
128.39,244.0,3.0,0.0,0.6874,0.9315,0.2441,135.721
128.4,244.0,3.0,0.0,0.6874,0.9315,0.2441,135.788
128.41,244.0,3.0,0.0,0.6874,0.9315,0.2441,135.755
128.42,244.0,3.0,0.0,0.6874,0.9315,0.2441,135.674
128.43,244.0,3.0,0.0,0.6874,0.9315,0.2441,135.706
128.44,244.0,3.0,0.0,0.6874,0.9315,0.2441,135.674
128.45,244.0,3.0,0.0,0.6874,0.9315,0.2441,135.61
128.46,244.0,3.0,0.0,0.6874,0.9315,0.2441,135.577
128.47,244.0,3.0,0.0,0.6874,0.9315,0.2441,135.739
128.48,244.0,3.0,0.0,0.6874,0.9315,0.2441,135.755
128.49,244.0,3.0,0.0,0.6874,0.9315,0.2441,135.756
128.5,244.0,3.0,0.0,0.6874,0.9315,0.2441,135.643
128.51,244.0,3.0,0.0,0.6874,0.9315,0.2441,135.723
128.52,244.0,3.0,0.0,0.6874,0.9228,0.2354,135.692
128.53,244.0,3.0,0.0,0.6874,0.9315,0.2441,135.627
128.54,244.0,3.0,0.0,0.6874,0.9228,0.2354,135.819
128.55,244.0,3.0,0.0,0.6874,0.9228,0.2354,135.674
128.56,244.0,3.0,0.0,0.6874,0.9228,0.2354,135.835
128.57,244.0,3.0,0.0,0.6874,0.9228,0.2354,135.771
128.58,244.0,3.0,0.0,0.6874,0.9228,0.2354,135.786
128.59,244.0,3.0,0.0,0.6874,0.9053,0.2179,135.691
128.6,244.0,3.0,0.0,0.6874,0.914,0.2266,135.368
128.61,244.0,3.0,0.0,0.6874,0.914,0.2266,135.577
128.62,244.0,3.0,0.0,0.6874,0.914,0.2266,135.497
128.63,244.0,3.0,0.0,0.6874,0.914,0.2266,135.674
128.64,244.0,3.0,0.0,0.6874,0.914,0.2266,135.627
128.65,244.0,3.0,0.0,0.6874,0.914,0.2266,135.722
128.66,244.0,3.0,0.0,0.6874,0.9053,0.2179,135.755
128.67,244.0,3.0,0.0,0.6874,0.9228,0.2354,135.692
128.68,244.0,3.0,0.0,0.6874,0.914,0.2266,135.563
128.69,244.0,3.0,0.0,0.6874,0.914,0.2266,135.641
128.7,244.0,3.0,0.0,0.6874,0.9228,0.2354,135.595
128.71,244.0,3.0,0.0,0.6874,0.9228,0.2354,135.609
128.72,244.0,3.0,0.0,0.6874,0.9228,0.2354,135.771
128.73,244.0,3.0,0.0,0.6874,0.914,0.2266,135.579
128.74,244.0,3.0,0.0,0.6874,0.914,0.2266,135.609
128.75,244.0,3.0,0.0,0.6874,0.9228,0.2354,135.722
128.76,244.0,3.0,0.0,0.6874,0.9053,0.2179,135.755
128.77,244.0,3.0,0.0,0.6874,0.914,0.2266,135.448
128.78,244.0,3.0,0.0,0.6874,0.9228,0.2354,135.609
128.79,244.0,3.0,0.0,0.6874,0.9228,0.2354,135.657
128.8,244.0,3.0,0.0,0.6874,0.9053,0.2179,135.61
128.81,244.0,3.0,0.0,0.6874,0.914,0.2266,135.595
128.82,244.0,3.0,0.0,0.6874,0.914,0.2266,135.69
128.83,244.0,3.0,0.0,0.6874,0.9053,0.2179,135.706
128.84,244.0,3.0,0.0,0.6874,0.9053,0.2179,135.545
128.85,244.0,3.0,0.0,0.6874,0.9053,0.2179,135.722
128.86,244.0,3.0,0.0,0.6874,0.914,0.2266,135.738
128.87,244.0,3.0,0.0,0.6874,0.9053,0.2179,135.513
128.88,244.0,3.0,0.0,0.6874,0.9053,0.2179,135.561
128.89,244.0,3.0,0.0,0.6874,0.9053,0.2179,135.722
128.9,244.0,3.0,0.0,0.6874,0.914,0.2266,135.545
128.91,244.0,3.0,0.0,0.6874,0.914,0.2266,135.48
128.92,244.0,3.0,0.0,0.6874,0.9228,0.2354,135.641
128.93,244.0,3.0,0.0,0.6874,0.9228,0.2354,135.595
128.94,244.0,3.0,0.0,0.6874,0.914,0.2266,135.818
128.95,244.0,3.0,0.0,0.6874,0.914,0.2266,135.772
128.96,244.0,3.0,0.0,0.6874,0.914,0.2266,135.853
128.97,244.0,3.0,0.0,0.6874,0.914,0.2266,135.722
128.98,244.0,3.0,0.0,0.6874,0.914,0.2266,135.868
128.99,244.0,3.0,0.0,0.6874,0.914,0.2266,135.693
129.0,244.0,3.0,0.0,0.6874,0.914,0.2266,135.659
129.01,244.0,3.0,0.0,0.6874,0.9228,0.2354,135.627
129.02,244.0,3.0,0.0,0.6874,0.9228,0.2354,135.53
129.03,244.0,3.0,0.0,0.6874,0.914,0.2266,135.658
129.04,244.0,3.0,0.0,0.6874,0.914,0.2266,135.689
129.05,244.0,3.0,0.0,0.6874,0.914,0.2266,135.964
129.06,244.0,3.0,0.0,0.6874,0.9228,0.2354,135.707
129.07,244.0,3.0,0.0,0.6874,0.9228,0.2354,135.433
129.08,244.0,3.0,0.0,0.6874,0.914,0.2266,135.804
129.09,244.0,3.0,0.0,0.6874,0.9053,0.2179,135.544
129.1,244.0,3.0,0.0,0.6874,0.914,0.2266,135.674
129.11,244.0,3.0,0.0,0.6874,0.9228,0.2354,135.787
129.12,244.0,3.0,0.0,0.6874,0.914,0.2266,135.723
129.13,244.0,3.0,0.0,0.6874,0.914,0.2266,135.788
129.14,244.0,3.0,0.0,0.6874,0.9053,0.2179,135.739
129.15,244.0,3.0,0.0,0.6874,0.914,0.2266,135.611
129.16,244.0,3.0,0.0,0.6874,0.9053,0.2179,135.835
129.17,244.0,3.0,0.0,0.6874,0.914,0.2266,135.69
129.18,244.0,3.0,0.0,0.6874,0.9053,0.2179,135.644
129.19,244.0,3.0,0.0,0.6874,0.914,0.2266,135.626
129.2,244.0,3.0,0.0,0.6874,0.9228,0.2354,135.433
129.21,9.0,0.0,6.0,51.5414,1.3692,-50.1722,29.58
129.22,9.0,0.0,6.0,51.5414,3.2161,-48.3253,-1.671
129.23,9.0,0.0,6.0,51.5414,8.4329,-43.1085,-0.263
129.24,9.0,0.0,6.0,51.5414,15.803,-35.7384,-0.879
129.25,9.0,0.0,6.0,51.5414,22.9017,-28.6397,-1.151
129.26,9.0,0.0,6.0,51.5414,29.8691,-21.6723,-0.507
129.27,9.0,0.0,6.0,51.5414,37.0029,-14.5385,-1.17
129.28,9.0,0.0,6.0,51.5414,44.1541,-7.3873,-0.862
129.29,9.0,0.0,6.0,51.5414,51.1303,-0.4111,-0.733
129.3,9.0,0.0,6.0,51.5414,53.7475,2.2061,-0.748
129.31,9.0,0.0,6.0,51.5414,53.8963,2.3549,-0.748
129.32,9.0,0.0,6.0,51.5414,53.9401,2.3987,-0.734
129.33,9.0,0.0,6.0,51.5414,53.9751,2.4337,-0.7
129.34,9.0,0.0,6.0,51.5414,53.9576,2.4162,-0.781
129.35,9.0,0.0,6.0,51.5414,53.9313,2.3899,-0.733
129.36,9.0,0.0,6.0,51.5414,53.9576,2.4162,-0.781
129.37,9.0,0.0,6.0,51.5414,53.9838,2.4424,-0.846
129.38,9.0,0.0,6.0,51.5414,53.9838,2.4424,-0.668
129.39,9.0,0.0,6.0,51.5414,54.0013,2.4599,-0.668
129.4,9.0,0.0,6.0,51.5414,53.9838,2.4424,-0.846
129.41,9.0,0.0,6.0,51.5414,53.9576,2.4162,-0.715
129.42,9.0,0.0,6.0,51.5414,53.9576,2.4162,-0.763
129.43,9.0,0.0,6.0,51.5414,53.9663,2.4249,-0.7
129.44,9.0,0.0,6.0,51.5414,53.9576,2.4162,-0.636
129.45,9.0,0.0,6.0,51.5414,53.9576,2.4162,-0.862
129.46,5.0,3.0,0.0,52.407,53.9401,1.5331,-0.782
129.47,5.0,3.0,0.0,52.407,53.9576,1.5506,-0.667
129.48,5.0,3.0,0.0,52.407,53.9926,1.5856,-0.667
129.49,5.0,3.0,0.0,52.407,54.0101,1.6031,-0.554
129.5,5.0,3.0,0.0,52.407,54.0101,1.6031,-0.667
129.51,5.0,3.0,0.0,52.407,53.9926,1.5856,-0.603
129.52,5.0,3.0,0.0,52.407,53.9576,1.5506,-0.634
129.53,5.0,3.0,0.0,52.407,53.9401,1.5331,-0.651
129.54,5.0,3.0,0.0,52.407,53.9488,1.5418,-0.619
129.55,5.0,3.0,0.0,52.407,53.9576,1.5506,-0.764
129.56,5.0,3.0,0.0,52.407,53.9751,1.5681,-0.554
129.57,5.0,3.0,0.0,52.407,53.9838,1.5768,-0.585
129.58,5.0,3.0,0.0,52.407,53.9926,1.5856,-0.813
129.59,5.0,3.0,0.0,52.407,54.0101,1.6031,-0.57
129.6,5.0,3.0,0.0,52.407,54.0101,1.6031,-0.634
129.61,5.0,3.0,0.0,52.407,54.0101,1.6031,-0.666
129.62,5.0,3.0,0.0,52.407,54.0013,1.5943,-0.765
129.63,5.0,3.0,0.0,52.407,53.9663,1.5593,-0.734
129.64,5.0,3.0,0.0,52.407,53.9576,1.5506,-0.505
129.65,5.0,3.0,0.0,52.407,53.9488,1.5418,-0.618
129.66,5.0,3.0,0.0,52.407,53.9751,1.5681,-0.522
129.67,5.0,3.0,0.0,52.407,53.9926,1.5856,-0.747
129.68,5.0,3.0,0.0,52.407,53.9926,1.5856,-0.845
129.69,5.0,3.0,0.0,52.407,54.0101,1.6031,-0.651
129.7,5.0,3.0,0.0,52.407,54.0101,1.6031,-0.619
129.71,5.0,3.0,0.0,52.407,54.0101,1.6031,-0.458
129.72,5.0,3.0,0.0,52.407,54.0013,1.5943,-0.618
129.73,5.0,3.0,0.0,52.407,53.9926,1.5856,-0.634
129.74,5.0,3.0,0.0,52.407,53.9576,1.5506,-0.78
129.75,5.0,3.0,0.0,52.407,53.9576,1.5506,-0.698
129.76,5.0,3.0,0.0,52.407,53.9663,1.5593,-0.651
129.77,5.0,3.0,0.0,52.407,53.9926,1.5856,-0.587
129.78,5.0,3.0,0.0,52.407,54.0276,1.6206,-0.571
129.79,5.0,3.0,0.0,52.407,54.0188,1.6118,-0.667
129.8,5.0,3.0,0.0,52.407,54.0101,1.6031,-0.667
129.81,5.0,3.0,0.0,52.407,54.0101,1.6031,-0.651
129.82,5.0,3.0,0.0,52.407,54.0013,1.5943,-0.829
129.83,5.0,3.0,0.0,52.407,54.0013,1.5943,-0.457
129.84,5.0,3.0,0.0,52.407,53.9838,1.5768,-0.553
129.85,5.0,3.0,0.0,52.407,53.9838,1.5768,-0.538
129.86,5.0,3.0,0.0,52.407,53.9838,1.5768,-0.473
129.87,5.0,3.0,0.0,52.407,53.9838,1.5768,-0.618
129.88,5.0,3.0,0.0,52.407,54.0101,1.6031,-0.65
129.89,5.0,3.0,0.0,52.407,54.0188,1.6118,-0.554
129.9,5.0,3.0,0.0,52.407,54.0276,1.6206,-0.683
129.91,5.0,3.0,0.0,52.407,54.0276,1.6206,-0.474
129.92,5.0,3.0,0.0,52.407,54.0101,1.6031,-0.618
129.93,5.0,3.0,0.0,52.407,53.9926,1.5856,-0.683
129.94,5.0,3.0,0.0,52.407,54.0013,1.5943,-0.538
129.95,5.0,3.0,0.0,52.407,53.9926,1.5856,-0.569
129.96,5.0,3.0,0.0,52.407,53.9926,1.5856,-0.649
129.97,5.0,3.0,0.0,52.407,54.0101,1.6031,-0.586
129.98,5.0,3.0,0.0,52.407,54.0188,1.6118,-0.716
129.99,5.0,3.0,0.0,52.407,54.0188,1.6118,-0.263
130.0,5.0,3.0,0.0,52.407,54.0188,1.6118,-0.409
130.01,5.0,3.0,0.0,52.407,54.0188,1.6118,-0.601
130.02,5.0,3.0,0.0,52.407,54.0101,1.6031,-0.472
130.03,5.0,3.0,0.0,52.407,54.0101,1.6031,-0.651
130.04,5.0,3.0,0.0,52.407,53.9926,1.5856,-0.57
130.05,5.0,3.0,0.0,52.407,54.0013,1.5943,-0.633
130.06,5.0,3.0,0.0,52.407,54.0013,1.5943,-0.619
130.07,5.0,3.0,0.0,52.407,54.0101,1.6031,-0.456
130.08,5.0,3.0,0.0,52.407,54.0101,1.6031,-0.391
130.09,5.0,3.0,0.0,52.407,54.0101,1.6031,-0.698
130.1,5.0,3.0,0.0,52.407,54.0276,1.6206,-0.745
130.11,5.0,3.0,0.0,52.407,54.0101,1.6031,-0.57
130.12,5.0,3.0,0.0,52.407,54.0101,1.6031,-0.7
130.13,5.0,3.0,0.0,52.407,54.0013,1.5943,-0.488
130.14,5.0,3.0,0.0,52.407,54.0013,1.5943,-0.52
130.15,5.0,3.0,0.0,52.407,54.0013,1.5943,-0.698
130.16,5.0,3.0,0.0,52.407,54.0101,1.6031,-0.505
130.17,5.0,3.0,0.0,52.407,54.0101,1.6031,-0.521
130.18,5.0,3.0,0.0,52.407,54.0101,1.6031,-0.585
130.19,5.0,3.0,0.0,52.407,54.0013,1.5943,-0.472
130.2,5.0,3.0,0.0,52.407,54.0013,1.5943,-0.472
130.21,5.0,3.0,0.0,52.407,53.9926,1.5856,-0.667
130.22,5.0,3.0,0.0,52.407,54.0101,1.6031,-0.667
130.23,5.0,3.0,0.0,52.407,54.0013,1.5943,-0.667
130.24,5.0,3.0,0.0,52.407,54.0013,1.5943,-0.473
130.25,5.0,3.0,0.0,52.407,53.9838,1.5768,-0.536
130.26,5.0,3.0,0.0,52.407,53.9926,1.5856,-0.681
130.27,5.0,3.0,0.0,52.407,54.0013,1.5943,-0.62
130.28,5.0,3.0,0.0,52.407,53.9926,1.5856,-0.505
130.29,123.5,1.5,30.5,26.7636,51.2616,24.498,-0.52
130.3,242.0,0.0,61.0,1.1202,44.0404,42.9202,-0.554
130.31,242.0,0.0,61.0,1.1202,36.8628,35.7426,-0.408
130.32,242.0,0.0,61.0,1.1202,29.8166,28.6964,-0.667
130.33,242.0,0.0,61.0,1.1202,22.6479,21.5277,-0.602
130.34,242.0,0.0,61.0,1.1202,15.0677,13.9475,-0.456
130.35,242.0,0.0,61.0,1.1202,7.5313,6.4111,-0.263
130.36,242.0,0.0,61.0,1.1202,2.8484,1.7282,24.779
130.37,242.0,0.0,61.0,1.1202,1.4129,0.2927,122.099
130.38,242.0,0.0,61.0,1.1202,0.8878,-0.2324,134.599
130.39,242.0,0.0,61.0,1.1202,0.844,-0.2762,134.099
130.4,242.0,0.0,61.0,1.1202,0.844,-0.2762,133.127
130.41,242.0,0.0,61.0,1.1202,0.8615,-0.2587,136.784
130.42,242.0,0.0,61.0,1.1202,0.8703,-0.2499,137.791
130.43,242.0,0.0,61.0,1.1202,0.879,-0.2412,135.176
130.44,242.0,0.0,61.0,1.1202,0.8878,-0.2324,135.236
130.45,242.0,0.0,61.0,1.1202,0.8878,-0.2324,135.383
130.46,242.0,0.0,61.0,1.1202,0.8878,-0.2324,135.479
130.47,242.0,0.0,61.0,1.1202,0.8965,-0.2237,137.106
130.48,242.0,0.0,61.0,1.1202,0.914,-0.2062,137.333
130.49,242.0,0.0,61.0,1.1202,0.9053,-0.2149,135.4
130.5,242.0,0.0,61.0,1.1202,0.9053,-0.2149,134.618
130.51,242.0,0.0,61.0,1.1202,0.9053,-0.2149,136.111
130.52,242.0,0.0,61.0,1.1202,0.914,-0.2062,137.771
130.53,242.0,0.0,61.0,1.1202,0.914,-0.2062,136.715
130.54,244.0,3.0,0.0,0.6874,0.914,0.2266,135.639
130.55,244.0,3.0,0.0,0.6874,0.9053,0.2179,135.737
130.56,244.0,3.0,0.0,0.6874,0.914,0.2266,136.583
130.57,244.0,3.0,0.0,0.6874,0.9228,0.2354,137.07
130.58,244.0,3.0,0.0,0.6874,0.9228,0.2354,137.005
130.59,244.0,3.0,0.0,0.6874,0.914,0.2266,136.469
130.6,244.0,3.0,0.0,0.6874,0.914,0.2266,136.158
130.61,244.0,3.0,0.0,0.6874,0.914,0.2266,136.079
130.62,244.0,3.0,0.0,0.6874,0.914,0.2266,137.085
130.63,244.0,3.0,0.0,0.6874,0.9228,0.2354,137.329
130.64,244.0,3.0,0.0,0.6874,0.9228,0.2354,136.339
130.65,244.0,3.0,0.0,0.6874,0.9053,0.2179,135.963
130.66,244.0,3.0,0.0,0.6874,0.914,0.2266,136.386
130.67,244.0,3.0,0.0,0.6874,0.914,0.2266,136.94
130.68,244.0,3.0,0.0,0.6874,0.9228,0.2354,136.778
130.69,244.0,3.0,0.0,0.6874,0.914,0.2266,136.387
130.7,244.0,3.0,0.0,0.6874,0.914,0.2266,136.142
130.71,244.0,3.0,0.0,0.6874,0.914,0.2266,136.501
130.72,244.0,3.0,0.0,0.6874,0.914,0.2266,136.613
130.73,244.0,3.0,0.0,0.6874,0.9228,0.2354,136.71
130.74,244.0,3.0,0.0,0.6874,0.9228,0.2354,136.649
130.75,244.0,3.0,0.0,0.6874,0.9228,0.2354,136.322
130.76,244.0,3.0,0.0,0.6874,0.914,0.2266,136.111
130.77,244.0,3.0,0.0,0.6874,0.9228,0.2354,136.581
130.78,244.0,3.0,0.0,0.6874,0.914,0.2266,136.875
130.79,244.0,3.0,0.0,0.6874,0.9315,0.2441,136.582
130.8,244.0,3.0,0.0,0.6874,0.914,0.2266,135.996
130.81,244.0,3.0,0.0,0.6874,0.9053,0.2179,136.143
130.82,244.0,3.0,0.0,0.6874,0.914,0.2266,136.956
130.83,244.0,3.0,0.0,0.6874,0.9228,0.2354,136.713
130.84,244.0,3.0,0.0,0.6874,0.9228,0.2354,136.209
130.85,244.0,3.0,0.0,0.6874,0.914,0.2266,136.369
130.86,244.0,3.0,0.0,0.6874,0.9053,0.2179,136.518
130.87,244.0,3.0,0.0,0.6874,0.9228,0.2354,136.631
130.88,244.0,3.0,0.0,0.6874,0.9228,0.2354,136.324
130.89,244.0,3.0,0.0,0.6874,0.9228,0.2354,136.355
130.9,244.0,3.0,0.0,0.6874,0.9228,0.2354,136.34
130.91,244.0,3.0,0.0,0.6874,0.914,0.2266,136.436
130.92,244.0,3.0,0.0,0.6874,0.914,0.2266,136.305
130.93,244.0,3.0,0.0,0.6874,0.9315,0.2441,136.729
130.94,244.0,3.0,0.0,0.6874,0.9228,0.2354,136.713
130.95,244.0,3.0,0.0,0.6874,0.9228,0.2354,136.014
130.96,244.0,3.0,0.0,0.6874,0.9228,0.2354,136.143
130.97,244.0,3.0,0.0,0.6874,0.9228,0.2354,136.598
130.98,244.0,3.0,0.0,0.6874,0.9228,0.2354,136.615
130.99,244.0,3.0,0.0,0.6874,0.9228,0.2354,136.339
131.0,244.0,3.0,0.0,0.6874,0.9315,0.2441,136.145
131.01,244.0,3.0,0.0,0.6874,0.9315,0.2441,136.306
131.02,244.0,3.0,0.0,0.6874,0.9315,0.2441,136.386
131.03,244.0,3.0,0.0,0.6874,0.9228,0.2354,136.402
131.04,244.0,3.0,0.0,0.6874,0.9228,0.2354,136.485
131.05,244.0,3.0,0.0,0.6874,0.9315,0.2441,136.193
131.06,244.0,3.0,0.0,0.6874,0.9228,0.2354,136.404
131.07,244.0,3.0,0.0,0.6874,0.9228,0.2354,136.258
131.08,244.0,3.0,0.0,0.6874,0.9315,0.2441,136.371
131.09,244.0,3.0,0.0,0.6874,0.9403,0.2529,136.403
131.1,244.0,3.0,0.0,0.6874,0.9315,0.2441,136.29
131.11,244.0,3.0,0.0,0.6874,0.9228,0.2354,136.355
131.12,244.0,3.0,0.0,0.6874,0.9315,0.2441,136.37
131.13,244.0,3.0,0.0,0.6874,0.9403,0.2529,136.338
131.14,244.0,3.0,0.0,0.6874,0.9315,0.2441,136.225
131.15,244.0,3.0,0.0,0.6874,0.9228,0.2354,136.241
131.16,244.0,3.0,0.0,0.6874,0.9315,0.2441,136.402
131.17,244.0,3.0,0.0,0.6874,0.9228,0.2354,136.467
131.18,244.0,3.0,0.0,0.6874,0.9315,0.2441,136.275
131.19,244.0,3.0,0.0,0.6874,0.9228,0.2354,136.453
131.2,244.0,3.0,0.0,0.6874,0.9228,0.2354,136.209
131.21,244.0,3.0,0.0,0.6874,0.9228,0.2354,136.225
131.22,244.0,3.0,0.0,0.6874,0.9228,0.2354,136.226
131.23,244.0,3.0,0.0,0.6874,0.9228,0.2354,136.388
131.24,244.0,3.0,0.0,0.6874,0.9315,0.2441,136.436
131.25,244.0,3.0,0.0,0.6874,0.9228,0.2354,136.21
131.26,244.0,3.0,0.0,0.6874,0.9228,0.2354,136.015
131.27,244.0,3.0,0.0,0.6874,0.9315,0.2441,136.306
131.28,244.0,3.0,0.0,0.6874,0.9228,0.2354,136.371
131.29,244.0,3.0,0.0,0.6874,0.9228,0.2354,136.404
131.3,244.0,3.0,0.0,0.6874,0.9315,0.2441,136.112
131.31,244.0,3.0,0.0,0.6874,0.9228,0.2354,136.356
131.32,244.0,3.0,0.0,0.6874,0.9228,0.2354,136.325
131.33,244.0,3.0,0.0,0.6874,0.9228,0.2354,136.096
131.34,244.0,3.0,0.0,0.6874,0.9228,0.2354,136.111
131.35,244.0,3.0,0.0,0.6874,0.9228,0.2354,136.193
131.36,244.0,3.0,0.0,0.6874,0.9315,0.2441,136.241
131.37,244.0,3.0,0.0,0.6874,0.914,0.2266,136.257
131.38,244.0,3.0,0.0,0.6874,0.9228,0.2354,136.42
131.39,244.0,3.0,0.0,0.6874,0.914,0.2266,136.307
131.4,244.0,3.0,0.0,0.6874,0.9228,0.2354,136.144
131.41,244.0,3.0,0.0,0.6874,0.9228,0.2354,136.129
131.42,244.0,3.0,0.0,0.6874,0.9228,0.2354,136.355
131.43,244.0,3.0,0.0,0.6874,0.914,0.2266,136.307
131.44,244.0,3.0,0.0,0.6874,0.914,0.2266,136.307
131.45,244.0,3.0,0.0,0.6874,0.914,0.2266,136.177
131.46,244.0,3.0,0.0,0.6874,0.914,0.2266,136.257
131.47,244.0,3.0,0.0,0.6874,0.914,0.2266,136.243
131.48,244.0,3.0,0.0,0.6874,0.914,0.2266,136.242
131.49,244.0,3.0,0.0,0.6874,0.914,0.2266,136.178
131.5,244.0,3.0,0.0,0.6874,0.914,0.2266,136.258
131.51,244.0,3.0,0.0,0.6874,0.914,0.2266,136.387
131.52,244.0,3.0,0.0,0.6874,0.914,0.2266,136.194
131.53,244.0,3.0,0.0,0.6874,0.914,0.2266,136.194
131.54,244.0,3.0,0.0,0.6874,0.914,0.2266,136.241
131.55,244.0,3.0,0.0,0.6874,0.9053,0.2179,136.193
131.56,244.0,3.0,0.0,0.6874,0.914,0.2266,136.209
131.57,244.0,3.0,0.0,0.6874,0.9053,0.2179,136.144
131.58,244.0,3.0,0.0,0.6874,0.9053,0.2179,136.434
131.59,244.0,3.0,0.0,0.6874,0.914,0.2266,136.209
131.6,244.0,3.0,0.0,0.6874,0.914,0.2266,136.242
131.61,244.0,3.0,0.0,0.6874,0.9053,0.2179,136.162
131.62,244.0,3.0,0.0,0.6874,0.9053,0.2179,136.306
131.63,244.0,3.0,0.0,0.6874,0.9053,0.2179,136.274
131.64,244.0,3.0,0.0,0.6874,0.9053,0.2179,136.338
131.65,244.0,3.0,0.0,0.6874,0.9053,0.2179,136.194
131.66,244.0,3.0,0.0,0.6874,0.9053,0.2179,136.079
131.67,244.0,3.0,0.0,0.6874,0.9053,0.2179,135.966
131.68,244.0,3.0,0.0,0.6874,0.9053,0.2179,136.307
131.69,244.0,3.0,0.0,0.6874,0.9053,0.2179,136.257
131.7,244.0,3.0,0.0,0.6874,0.9053,0.2179,136.242
131.71,244.0,3.0,0.0,0.6874,0.9053,0.2179,136.177
131.72,244.0,3.0,0.0,0.6874,0.8965,0.2091,136.193
131.73,244.0,3.0,0.0,0.6874,0.8965,0.2091,136.047
131.74,244.0,3.0,0.0,0.6874,0.8965,0.2091,136.291
131.75,244.0,3.0,0.0,0.6874,0.9053,0.2179,136.096
131.76,244.0,3.0,0.0,0.6874,0.9053,0.2179,136.258
131.77,244.0,3.0,0.0,0.6874,0.9053,0.2179,136.306
131.78,244.0,3.0,0.0,0.6874,0.9053,0.2179,136.015
131.79,244.0,3.0,0.0,0.6874,0.914,0.2266,136.242
131.8,244.0,3.0,0.0,0.6874,0.9053,0.2179,136.145
131.81,244.0,3.0,0.0,0.6874,0.914,0.2266,136.162
131.82,244.0,3.0,0.0,0.6874,0.9053,0.2179,136.323
131.83,244.0,3.0,0.0,0.6874,0.914,0.2266,136.161
131.84,244.0,3.0,0.0,0.6874,0.9053,0.2179,136.193
131.85,244.0,3.0,0.0,0.6874,0.914,0.2266,136.257
131.86,244.0,3.0,0.0,0.6874,0.914,0.2266,136.16
131.87,244.0,3.0,0.0,0.6874,0.9228,0.2354,136.177
131.88,244.0,3.0,0.0,0.6874,0.914,0.2266,136.161
131.89,244.0,3.0,0.0,0.6874,0.914,0.2266,136.259
131.9,244.0,3.0,0.0,0.6874,0.9228,0.2354,136.096
131.91,244.0,3.0,0.0,0.6874,0.914,0.2266,136.176
131.92,244.0,3.0,0.0,0.6874,0.914,0.2266,136.112
131.93,244.0,3.0,0.0,0.6874,0.914,0.2266,136.127
131.94,244.0,3.0,0.0,0.6874,0.914,0.2266,136.225
131.95,244.0,3.0,0.0,0.6874,0.9228,0.2354,136.194
131.96,244.0,3.0,0.0,0.6874,0.914,0.2266,136.274
131.97,244.0,3.0,0.0,0.6874,0.914,0.2266,136.241
131.98,244.0,3.0,0.0,0.6874,0.9053,0.2179,136.064
131.99,244.0,3.0,0.0,0.6874,0.914,0.2266,136.225
132.0,244.0,3.0,0.0,0.6874,0.9228,0.2354,136.112
132.01,244.0,3.0,0.0,0.6874,0.9228,0.2354,136.322
132.02,244.0,3.0,0.0,0.6874,0.9228,0.2354,136.258
132.03,244.0,3.0,0.0,0.6874,0.9228,0.2354,136.241
132.04,244.0,3.0,0.0,0.6874,0.914,0.2266,136.226
132.05,244.0,3.0,0.0,0.6874,0.9228,0.2354,136.177
132.06,244.0,3.0,0.0,0.6874,0.9228,0.2354,136.258
132.07,244.0,3.0,0.0,0.6874,0.9315,0.2441,136.273
132.08,244.0,3.0,0.0,0.6874,0.9228,0.2354,136.226
132.09,244.0,3.0,0.0,0.6874,0.9315,0.2441,136.047
132.1,244.0,3.0,0.0,0.6874,0.9315,0.2441,136.127
132.11,244.0,3.0,0.0,0.6874,0.9315,0.2441,136.274
132.12,244.0,3.0,0.0,0.6874,0.9315,0.2441,136.177
132.13,244.0,3.0,0.0,0.6874,0.9315,0.2441,136.08
132.14,244.0,3.0,0.0,0.6874,0.9228,0.2354,136.209
132.15,244.0,3.0,0.0,0.6874,0.9315,0.2441,136.064
132.16,244.0,3.0,0.0,0.6874,0.9228,0.2354,136.339
132.17,244.0,3.0,0.0,0.6874,0.9228,0.2354,136.177
132.18,244.0,3.0,0.0,0.6874,0.9228,0.2354,135.984
132.19,244.0,3.0,0.0,0.6874,0.9228,0.2354,136.29
132.2,244.0,3.0,0.0,0.6874,0.9228,0.2354,136.047
132.21,244.0,3.0,0.0,0.6874,0.9228,0.2354,136.064
132.22,244.0,3.0,0.0,0.6874,0.9228,0.2354,136.305
132.23,244.0,3.0,0.0,0.6874,0.9228,0.2354,136.096
132.24,244.0,3.0,0.0,0.6874,0.9228,0.2354,136.322
132.25,244.0,3.0,0.0,0.6874,0.9228,0.2354,136.225
132.26,244.0,3.0,0.0,0.6874,0.9228,0.2354,136.144
132.27,244.0,3.0,0.0,0.6874,0.9228,0.2354,136.144
132.28,244.0,3.0,0.0,0.6874,0.9228,0.2354,136.016
132.29,244.0,3.0,0.0,0.6874,0.9228,0.2354,136.159
132.3,244.0,3.0,0.0,0.6874,0.9228,0.2354,136.176
132.31,244.0,3.0,0.0,0.6874,0.9228,0.2354,136.097
132.32,244.0,3.0,0.0,0.6874,0.9228,0.2354,136.08
132.33,244.0,3.0,0.0,0.6874,0.9228,0.2354,136.064
132.34,244.0,3.0,0.0,0.6874,0.9228,0.2354,136.16
132.35,244.0,3.0,0.0,0.6874,0.9228,0.2354,135.951
132.36,244.0,3.0,0.0,0.6874,0.9228,0.2354,136.192
132.37,244.0,3.0,0.0,0.6874,0.914,0.2266,136.192
132.38,244.0,3.0,0.0,0.6874,0.914,0.2266,136.177
132.39,244.0,3.0,0.0,0.6874,0.9228,0.2354,136.225
132.4,244.0,3.0,0.0,0.6874,0.914,0.2266,136.08
132.41,244.0,3.0,0.0,0.6874,0.914,0.2266,136.08
132.42,244.0,3.0,0.0,0.6874,0.9228,0.2354,136.127
132.43,244.0,3.0,0.0,0.6874,0.914,0.2266,136.097
132.44,244.0,3.0,0.0,0.6874,0.9228,0.2354,136.372
132.45,244.0,3.0,0.0,0.6874,0.914,0.2266,136.08
132.46,244.0,3.0,0.0,0.6874,0.914,0.2266,136.063
132.47,244.0,3.0,0.0,0.6874,0.9228,0.2354,136.208
132.48,244.0,3.0,0.0,0.6874,0.914,0.2266,135.999
132.49,244.0,3.0,0.0,0.6874,0.914,0.2266,136.014
132.5,244.0,3.0,0.0,0.6874,0.9228,0.2354,136.031
132.51,244.0,3.0,0.0,0.6874,0.914,0.2266,136.208
132.52,244.0,3.0,0.0,0.6874,0.914,0.2266,136.112
132.53,244.0,3.0,0.0,0.6874,0.914,0.2266,136.225
132.54,244.0,3.0,0.0,0.6874,0.914,0.2266,136.098
132.55,244.0,3.0,0.0,0.6874,0.914,0.2266,136.176
132.56,244.0,3.0,0.0,0.6874,0.914,0.2266,136.097
132.57,244.0,3.0,0.0,0.6874,0.9053,0.2179,136.176
132.58,244.0,3.0,0.0,0.6874,0.9053,0.2179,136.208
132.59,244.0,3.0,0.0,0.6874,0.914,0.2266,136.225
132.6,244.0,3.0,0.0,0.6874,0.914,0.2266,136.048
132.61,244.0,3.0,0.0,0.6874,0.9228,0.2354,136.193
132.62,244.0,3.0,0.0,0.6874,0.9053,0.2179,136.241
132.63,244.0,3.0,0.0,0.6874,0.914,0.2266,135.984
132.64,244.0,3.0,0.0,0.6874,0.914,0.2266,136.339
132.65,244.0,3.0,0.0,0.6874,0.914,0.2266,136.128
132.66,244.0,3.0,0.0,0.6874,0.914,0.2266,136.16
132.67,244.0,3.0,0.0,0.6874,0.914,0.2266,136.16
132.68,244.0,3.0,0.0,0.6874,0.914,0.2266,136.129
132.69,244.0,3.0,0.0,0.6874,0.914,0.2266,136.129
132.7,244.0,3.0,0.0,0.6874,0.914,0.2266,136.16
132.71,244.0,3.0,0.0,0.6874,0.914,0.2266,136.079
132.72,244.0,3.0,0.0,0.6874,0.914,0.2266,136.339
132.73,244.0,3.0,0.0,0.6874,0.914,0.2266,136.096
132.74,244.0,3.0,0.0,0.6874,0.9228,0.2354,136.306
132.75,244.0,3.0,0.0,0.6874,0.9228,0.2354,135.997
132.76,244.0,3.0,0.0,0.6874,0.914,0.2266,136.16
132.77,244.0,3.0,0.0,0.6874,0.9228,0.2354,136.112
132.78,244.0,3.0,0.0,0.6874,0.9228,0.2354,136.064
132.79,244.0,3.0,0.0,0.6874,0.9228,0.2354,136.306
132.8,244.0,3.0,0.0,0.6874,0.9228,0.2354,136.13
132.81,244.0,3.0,0.0,0.6874,0.914,0.2266,136.144
132.82,244.0,3.0,0.0,0.6874,0.9228,0.2354,136.129
132.83,244.0,3.0,0.0,0.6874,0.914,0.2266,136.064
132.84,244.0,3.0,0.0,0.6874,0.9228,0.2354,136.225
132.85,244.0,3.0,0.0,0.6874,0.914,0.2266,136.096
132.86,244.0,3.0,0.0,0.6874,0.9228,0.2354,136.096
132.87,244.0,3.0,0.0,0.6874,0.914,0.2266,136.177
132.88,244.0,3.0,0.0,0.6874,0.9228,0.2354,136.033
132.89,244.0,3.0,0.0,0.6874,0.9228,0.2354,135.999
132.9,244.0,3.0,0.0,0.6874,0.9228,0.2354,136.128
132.91,244.0,3.0,0.0,0.6874,0.9228,0.2354,136.048
132.92,244.0,3.0,0.0,0.6874,0.9315,0.2441,136.128
132.93,244.0,3.0,0.0,0.6874,0.9228,0.2354,136.176
132.94,244.0,3.0,0.0,0.6874,0.9228,0.2354,136.161
132.95,244.0,3.0,0.0,0.6874,0.9228,0.2354,136.145
132.96,244.0,3.0,0.0,0.6874,0.9228,0.2354,136.048
132.97,244.0,3.0,0.0,0.6874,0.9228,0.2354,136.127
132.98,244.0,3.0,0.0,0.6874,0.9315,0.2441,136.096
132.99,244.0,3.0,0.0,0.6874,0.9228,0.2354,136.047
133.0,244.0,3.0,0.0,0.6874,0.9315,0.2441,136.063
133.01,244.0,3.0,0.0,0.6874,0.9228,0.2354,136.064
133.02,244.0,3.0,0.0,0.6874,0.9315,0.2441,135.968
133.03,244.0,3.0,0.0,0.6874,0.9315,0.2441,136.031
133.04,244.0,3.0,0.0,0.6874,0.9228,0.2354,136.063
133.05,244.0,3.0,0.0,0.6874,0.9228,0.2354,136.063
133.06,244.0,3.0,0.0,0.6874,0.9228,0.2354,136.224
133.07,244.0,3.0,0.0,0.6874,0.9228,0.2354,136.112
133.08,244.0,3.0,0.0,0.6874,0.9228,0.2354,136.081
133.09,244.0,3.0,0.0,0.6874,0.9228,0.2354,135.919
133.1,244.0,3.0,0.0,0.6874,0.9228,0.2354,136.046
133.11,244.0,3.0,0.0,0.6874,0.914,0.2266,136.08
133.12,244.0,3.0,0.0,0.6874,0.914,0.2266,136.129
133.13,244.0,3.0,0.0,0.6874,0.914,0.2266,136.176
133.14,244.0,3.0,0.0,0.6874,0.914,0.2266,136.208
133.15,244.0,3.0,0.0,0.6874,0.9228,0.2354,135.999
133.16,244.0,3.0,0.0,0.6874,0.9228,0.2354,136.048
133.17,244.0,3.0,0.0,0.6874,0.9315,0.2441,136.145
133.18,244.0,3.0,0.0,0.6874,0.914,0.2266,136.112
133.19,244.0,3.0,0.0,0.6874,0.9228,0.2354,136.159
133.2,244.0,3.0,0.0,0.6874,0.9228,0.2354,136.031
133.21,244.0,3.0,0.0,0.6874,0.9228,0.2354,136.208
133.22,244.0,3.0,0.0,0.6874,0.9228,0.2354,136.144
133.23,244.0,3.0,0.0,0.6874,0.9315,0.2441,135.918
133.24,244.0,3.0,0.0,0.6874,0.9228,0.2354,135.95
133.25,244.0,3.0,0.0,0.6874,0.9228,0.2354,136.047
133.26,244.0,3.0,0.0,0.6874,0.9228,0.2354,136.161
133.27,244.0,3.0,0.0,0.6874,0.9315,0.2441,136.161
133.28,244.0,3.0,0.0,0.6874,0.9228,0.2354,136.05
133.29,244.0,3.0,0.0,0.6874,0.9315,0.2441,135.967
133.3,244.0,3.0,0.0,0.6874,0.9228,0.2354,135.95
133.31,244.0,3.0,0.0,0.6874,0.9228,0.2354,135.933
133.32,244.0,3.0,0.0,0.6874,0.9228,0.2354,136.193
133.33,244.0,3.0,0.0,0.6874,0.9315,0.2441,136.015
133.34,244.0,3.0,0.0,0.6874,0.9228,0.2354,136.095
133.35,244.0,3.0,0.0,0.6874,0.9228,0.2354,136.014
133.36,244.0,3.0,0.0,0.6874,0.9228,0.2354,136.176
133.37,244.0,3.0,0.0,0.6874,0.9315,0.2441,136.064
133.38,244.0,3.0,0.0,0.6874,0.9315,0.2441,136.095
133.39,244.0,3.0,0.0,0.6874,0.9228,0.2354,136.16
133.4,244.0,3.0,0.0,0.6874,0.9315,0.2441,136.16
133.41,244.0,3.0,0.0,0.6874,0.9228,0.2354,136.064
133.42,244.0,3.0,0.0,0.6874,0.9315,0.2441,135.95
133.43,244.0,3.0,0.0,0.6874,0.9315,0.2441,135.999
133.44,244.0,3.0,0.0,0.6874,0.9315,0.2441,135.984
133.45,244.0,3.0,0.0,0.6874,0.9315,0.2441,136.128
133.46,244.0,3.0,0.0,0.6874,0.9315,0.2441,136.112
133.47,244.0,3.0,0.0,0.6874,0.9315,0.2441,136.031
133.48,244.0,3.0,0.0,0.6874,0.9315,0.2441,135.917
133.49,244.0,3.0,0.0,0.6874,0.9315,0.2441,136.031
133.5,244.0,3.0,0.0,0.6874,0.9315,0.2441,136.16
133.51,244.0,3.0,0.0,0.6874,0.9315,0.2441,136.096
133.52,244.0,3.0,0.0,0.6874,0.9315,0.2441,136.176
133.53,244.0,3.0,0.0,0.6874,0.9315,0.2441,136.112
133.54,244.0,3.0,0.0,0.6874,0.9228,0.2354,135.967
133.55,244.0,3.0,0.0,0.6874,0.9315,0.2441,136.144
133.56,244.0,3.0,0.0,0.6874,0.9315,0.2441,136.129
133.57,244.0,3.0,0.0,0.6874,0.9315,0.2441,136.144
133.58,244.0,3.0,0.0,0.6874,0.9315,0.2441,136.016
133.59,244.0,3.0,0.0,0.6874,0.9315,0.2441,136.127
133.6,244.0,3.0,0.0,0.6874,0.9315,0.2441,135.901
133.61,244.0,3.0,0.0,0.6874,0.9315,0.2441,136.16
133.62,244.0,3.0,0.0,0.6874,0.9315,0.2441,136.192
133.63,244.0,3.0,0.0,0.6874,0.9315,0.2441,136.097
133.64,244.0,3.0,0.0,0.6874,0.9315,0.2441,136.16
133.65,244.0,3.0,0.0,0.6874,0.9315,0.2441,136.08
133.66,244.0,3.0,0.0,0.6874,0.914,0.2266,135.966
133.67,244.0,3.0,0.0,0.6874,0.9228,0.2354,136.192
133.68,244.0,3.0,0.0,0.6874,0.9228,0.2354,136.081
133.69,244.0,3.0,0.0,0.6874,0.914,0.2266,136.113
133.7,244.0,3.0,0.0,0.6874,0.9228,0.2354,136.049
133.71,244.0,3.0,0.0,0.6874,0.9228,0.2354,135.952
133.72,244.0,3.0,0.0,0.6874,0.9228,0.2354,136.095
133.73,244.0,3.0,0.0,0.6874,0.9228,0.2354,136.031
133.74,244.0,3.0,0.0,0.6874,0.9315,0.2441,136.16
133.75,244.0,3.0,0.0,0.6874,0.9315,0.2441,135.968
133.76,244.0,3.0,0.0,0.6874,0.9315,0.2441,136.047
133.77,244.0,3.0,0.0,0.6874,0.9315,0.2441,136.112
133.78,244.0,3.0,0.0,0.6874,0.9315,0.2441,136.033
133.79,244.0,3.0,0.0,0.6874,0.9315,0.2441,136.111
133.8,244.0,3.0,0.0,0.6874,0.9315,0.2441,136.063
133.81,244.0,3.0,0.0,0.6874,0.9315,0.2441,136.0
133.82,244.0,3.0,0.0,0.6874,0.9315,0.2441,136.047
133.83,244.0,3.0,0.0,0.6874,0.9315,0.2441,136.128
133.84,244.0,3.0,0.0,0.6874,0.9315,0.2441,136.015
133.85,244.0,3.0,0.0,0.6874,0.9315,0.2441,136.176
133.86,244.0,3.0,0.0,0.6874,0.9315,0.2441,136.339
133.87,244.0,3.0,0.0,0.6874,0.9315,0.2441,136.194
133.88,244.0,3.0,0.0,0.6874,0.9315,0.2441,136.128
133.89,244.0,3.0,0.0,0.6874,0.9315,0.2441,135.951
133.9,244.0,3.0,0.0,0.6874,0.9315,0.2441,135.966
133.91,244.0,3.0,0.0,0.6874,0.9315,0.2441,136.047
133.92,244.0,3.0,0.0,0.6874,0.9315,0.2441,135.95
133.93,244.0,3.0,0.0,0.6874,0.9315,0.2441,136.03
133.94,244.0,3.0,0.0,0.6874,0.9315,0.2441,136.144
133.95,244.0,3.0,0.0,0.6874,0.9315,0.2441,135.95
133.96,244.0,3.0,0.0,0.6874,0.9403,0.2529,136.015
133.97,244.0,3.0,0.0,0.6874,0.9403,0.2529,135.999
133.98,244.0,3.0,0.0,0.6874,0.9228,0.2354,135.984
133.99,244.0,3.0,0.0,0.6874,0.9403,0.2529,136.257
134.0,244.0,3.0,0.0,0.6874,0.9315,0.2441,136.274
134.01,244.0,3.0,0.0,0.6874,0.9228,0.2354,136.129
134.02,244.0,3.0,0.0,0.6874,0.9315,0.2441,136.143
134.03,244.0,3.0,0.0,0.6874,0.9228,0.2354,135.917
134.04,244.0,3.0,0.0,0.6874,0.9228,0.2354,135.999
134.05,244.0,3.0,0.0,0.6874,0.9315,0.2441,136.046
134.06,244.0,3.0,0.0,0.6874,0.9403,0.2529,136.256
134.07,244.0,3.0,0.0,0.6874,0.9315,0.2441,136.079
134.08,244.0,3.0,0.0,0.6874,0.9315,0.2441,136.209
134.09,244.0,3.0,0.0,0.6874,0.9315,0.2441,135.999
134.1,244.0,3.0,0.0,0.6874,0.9315,0.2441,135.983
134.11,244.0,3.0,0.0,0.6874,0.9315,0.2441,136.127
134.12,244.0,3.0,0.0,0.6874,0.9315,0.2441,136.128
134.13,244.0,3.0,0.0,0.6874,0.9315,0.2441,136.063
134.14,244.0,3.0,0.0,0.6874,0.9228,0.2354,136.111
134.15,244.0,3.0,0.0,0.6874,0.9315,0.2441,135.933
134.16,244.0,3.0,0.0,0.6874,0.9315,0.2441,135.982
134.17,244.0,3.0,0.0,0.6874,0.9228,0.2354,136.062
134.18,244.0,3.0,0.0,0.6874,0.9315,0.2441,136.192
134.19,244.0,3.0,0.0,0.6874,0.9228,0.2354,136.031
134.2,244.0,3.0,0.0,0.6874,0.9315,0.2441,136.031
134.21,244.0,3.0,0.0,0.6874,0.9228,0.2354,136.031
134.22,244.0,3.0,0.0,0.6874,0.9228,0.2354,136.03
134.23,244.0,3.0,0.0,0.6874,0.9228,0.2354,136.032
134.24,244.0,3.0,0.0,0.6874,0.9228,0.2354,136.112
134.25,244.0,3.0,0.0,0.6874,0.9228,0.2354,135.772
134.26,244.0,3.0,0.0,0.6874,0.9228,0.2354,135.983
134.27,244.0,3.0,0.0,0.6874,0.9228,0.2354,135.997
134.28,244.0,3.0,0.0,0.6874,0.9315,0.2441,136.031
134.29,244.0,3.0,0.0,0.6874,0.9315,0.2441,136.306
134.3,244.0,3.0,0.0,0.6874,0.9228,0.2354,135.966
134.31,244.0,3.0,0.0,0.6874,0.914,0.2266,136.289
134.32,244.0,3.0,0.0,0.6874,0.9315,0.2441,136.079
134.33,244.0,3.0,0.0,0.6874,0.9315,0.2441,136.031
134.34,244.0,3.0,0.0,0.6874,0.9228,0.2354,136.144
134.35,244.0,3.0,0.0,0.6874,0.9228,0.2354,136.0
134.36,244.0,3.0,0.0,0.6874,0.9315,0.2441,136.127
134.37,244.0,3.0,0.0,0.6874,0.9315,0.2441,135.836
134.38,244.0,3.0,0.0,0.6874,0.9228,0.2354,136.192
134.39,244.0,3.0,0.0,0.6874,0.9228,0.2354,136.014
134.4,244.0,3.0,0.0,0.6874,0.9228,0.2354,135.919
134.41,244.0,3.0,0.0,0.6874,0.9228,0.2354,136.0
134.42,244.0,3.0,0.0,0.6874,0.9228,0.2354,136.0
134.43,244.0,3.0,0.0,0.6874,0.9228,0.2354,135.95
134.44,244.0,3.0,0.0,0.6874,0.9228,0.2354,136.16
134.45,244.0,3.0,0.0,0.6874,0.9228,0.2354,135.967
134.46,244.0,3.0,0.0,0.6874,0.914,0.2266,135.87
134.47,244.0,3.0,0.0,0.6874,0.9228,0.2354,136.208
134.48,244.0,3.0,0.0,0.6874,0.9228,0.2354,136.209
134.49,244.0,3.0,0.0,0.6874,0.9228,0.2354,135.983
134.5,244.0,3.0,0.0,0.6874,0.9053,0.2179,135.95
134.51,244.0,3.0,0.0,0.6874,0.9053,0.2179,136.078
134.52,244.0,3.0,0.0,0.6874,0.9053,0.2179,136.047
134.53,244.0,3.0,0.0,0.6874,0.914,0.2266,136.111
134.54,244.0,3.0,0.0,0.6874,0.9053,0.2179,135.966
134.55,244.0,3.0,0.0,0.6874,0.9053,0.2179,136.015
134.56,244.0,3.0,0.0,0.6874,0.914,0.2266,135.999
134.57,244.0,3.0,0.0,0.6874,0.914,0.2266,136.208
134.58,244.0,3.0,0.0,0.6874,0.914,0.2266,136.016
134.59,244.0,3.0,0.0,0.6874,0.914,0.2266,136.16
134.6,244.0,3.0,0.0,0.6874,0.914,0.2266,136.094
134.61,244.0,3.0,0.0,0.6874,0.914,0.2266,135.951
134.62,244.0,3.0,0.0,0.6874,0.914,0.2266,136.013
134.63,244.0,3.0,0.0,0.6874,0.914,0.2266,135.901
134.64,244.0,3.0,0.0,0.6874,0.914,0.2266,135.966
134.65,244.0,3.0,0.0,0.6874,0.914,0.2266,136.192
134.66,244.0,3.0,0.0,0.6874,0.914,0.2266,136.047
134.67,244.0,3.0,0.0,0.6874,0.9228,0.2354,135.949
134.68,244.0,3.0,0.0,0.6874,0.9228,0.2354,135.871
134.69,244.0,3.0,0.0,0.6874,0.914,0.2266,136.128
134.7,244.0,3.0,0.0,0.6874,0.9053,0.2179,135.982
134.71,244.0,3.0,0.0,0.6874,0.9228,0.2354,136.03
134.72,244.0,3.0,0.0,0.6874,0.914,0.2266,136.063
134.73,244.0,3.0,0.0,0.6874,0.914,0.2266,136.111
134.74,244.0,3.0,0.0,0.6874,0.914,0.2266,136.193
134.75,244.0,3.0,0.0,0.6874,0.914,0.2266,135.934
134.76,244.0,3.0,0.0,0.6874,0.9053,0.2179,135.999
134.77,244.0,3.0,0.0,0.6874,0.914,0.2266,136.111
134.78,244.0,3.0,0.0,0.6874,0.9053,0.2179,135.869
134.79,244.0,3.0,0.0,0.6874,0.9053,0.2179,136.128
134.8,244.0,3.0,0.0,0.6874,0.9053,0.2179,135.966
134.81,244.0,3.0,0.0,0.6874,0.9053,0.2179,136.145
134.82,244.0,3.0,0.0,0.6874,0.9053,0.2179,136.0
134.83,244.0,3.0,0.0,0.6874,0.9053,0.2179,135.999
134.84,244.0,3.0,0.0,0.6874,0.9053,0.2179,135.965
134.85,244.0,3.0,0.0,0.6874,0.914,0.2266,136.015
134.86,244.0,3.0,0.0,0.6874,0.914,0.2266,136.062
134.87,244.0,3.0,0.0,0.6874,0.914,0.2266,136.014
134.88,244.0,3.0,0.0,0.6874,0.914,0.2266,136.112
134.89,244.0,3.0,0.0,0.6874,0.9053,0.2179,135.984
134.9,244.0,3.0,0.0,0.6874,0.9053,0.2179,136.046
134.91,244.0,3.0,0.0,0.6874,0.9053,0.2179,135.949
134.92,244.0,3.0,0.0,0.6874,0.9053,0.2179,135.95
134.93,244.0,3.0,0.0,0.6874,0.914,0.2266,135.982
134.94,244.0,3.0,0.0,0.6874,0.9053,0.2179,135.983
134.95,244.0,3.0,0.0,0.6874,0.9053,0.2179,136.046
134.96,244.0,3.0,0.0,0.6874,0.9053,0.2179,135.967
134.97,244.0,3.0,0.0,0.6874,0.9053,0.2179,135.982
134.98,244.0,3.0,0.0,0.6874,0.8965,0.2091,135.836
134.99,244.0,3.0,0.0,0.6874,0.9053,0.2179,135.933
135.0,244.0,3.0,0.0,0.6874,0.9053,0.2179,136.063
135.01,244.0,3.0,0.0,0.6874,0.9053,0.2179,136.049
135.02,244.0,3.0,0.0,0.6874,0.8965,0.2091,136.015
135.03,244.0,3.0,0.0,0.6874,0.9053,0.2179,135.949
135.04,244.0,3.0,0.0,0.6874,0.9053,0.2179,136.095
135.05,244.0,3.0,0.0,0.6874,0.9053,0.2179,136.014
135.06,244.0,3.0,0.0,0.6874,0.9053,0.2179,135.966
135.07,244.0,3.0,0.0,0.6874,0.9053,0.2179,135.919
135.08,244.0,3.0,0.0,0.6874,0.9053,0.2179,135.999
135.09,244.0,3.0,0.0,0.6874,0.9053,0.2179,135.933
135.1,244.0,3.0,0.0,0.6874,0.9053,0.2179,135.901
135.11,244.0,3.0,0.0,0.6874,0.9053,0.2179,135.868
135.12,244.0,3.0,0.0,0.6874,0.9053,0.2179,135.998
135.13,244.0,3.0,0.0,0.6874,0.9053,0.2179,136.063
135.14,244.0,3.0,0.0,0.6874,0.9053,0.2179,136.064
135.15,244.0,3.0,0.0,0.6874,0.9053,0.2179,136.015
135.16,244.0,3.0,0.0,0.6874,0.9053,0.2179,136.079
135.17,244.0,3.0,0.0,0.6874,0.9053,0.2179,135.869
135.18,244.0,3.0,0.0,0.6874,0.8965,0.2091,136.094
135.19,244.0,3.0,0.0,0.6874,0.9053,0.2179,136.112
135.2,244.0,3.0,0.0,0.6874,0.8965,0.2091,136.047
135.21,244.0,3.0,0.0,0.6874,0.9053,0.2179,135.757
135.22,244.0,3.0,0.0,0.6874,0.8965,0.2091,135.805
135.23,244.0,3.0,0.0,0.6874,0.8965,0.2091,135.916
135.24,244.0,3.0,0.0,0.6874,0.8965,0.2091,136.127
135.25,244.0,3.0,0.0,0.6874,0.9053,0.2179,136.096
135.26,244.0,3.0,0.0,0.6874,0.9053,0.2179,136.096
135.27,244.0,3.0,0.0,0.6874,0.9053,0.2179,136.144
135.28,244.0,3.0,0.0,0.6874,0.914,0.2266,136.128
135.29,244.0,3.0,0.0,0.6874,0.9053,0.2179,136.176
135.3,244.0,3.0,0.0,0.6874,0.9053,0.2179,135.916
135.31,244.0,3.0,0.0,0.6874,0.914,0.2266,135.983
135.32,244.0,3.0,0.0,0.6874,0.9053,0.2179,136.144
135.33,244.0,3.0,0.0,0.6874,0.914,0.2266,136.079
135.34,244.0,3.0,0.0,0.6874,0.914,0.2266,136.111
135.35,244.0,3.0,0.0,0.6874,0.914,0.2266,135.95
135.36,244.0,3.0,0.0,0.6874,0.914,0.2266,135.982
135.37,244.0,3.0,0.0,0.6874,0.914,0.2266,135.967
135.38,244.0,3.0,0.0,0.6874,0.914,0.2266,136.144
135.39,244.0,3.0,0.0,0.6874,0.914,0.2266,136.112
135.4,244.0,3.0,0.0,0.6874,0.914,0.2266,136.048
135.41,244.0,3.0,0.0,0.6874,0.914,0.2266,135.981
135.42,244.0,3.0,0.0,0.6874,0.914,0.2266,135.886
135.43,244.0,3.0,0.0,0.6874,0.9053,0.2179,135.967
135.44,244.0,3.0,0.0,0.6874,0.9053,0.2179,136.095
135.45,244.0,3.0,0.0,0.6874,0.9053,0.2179,135.984
135.46,244.0,3.0,0.0,0.6874,0.914,0.2266,136.062
135.47,244.0,3.0,0.0,0.6874,0.914,0.2266,135.981
135.48,244.0,3.0,0.0,0.6874,0.914,0.2266,135.869
135.49,244.0,3.0,0.0,0.6874,0.914,0.2266,136.127
135.5,244.0,3.0,0.0,0.6874,0.914,0.2266,135.984
135.51,244.0,3.0,0.0,0.6874,0.914,0.2266,135.984
135.52,244.0,3.0,0.0,0.6874,0.914,0.2266,136.015
135.53,244.0,3.0,0.0,0.6874,0.914,0.2266,136.03
135.54,244.0,3.0,0.0,0.6874,0.914,0.2266,136.095
135.55,244.0,3.0,0.0,0.6874,0.914,0.2266,136.031
135.56,244.0,3.0,0.0,0.6874,0.9053,0.2179,135.966
135.57,244.0,3.0,0.0,0.6874,0.914,0.2266,135.918
135.58,244.0,3.0,0.0,0.6874,0.914,0.2266,136.078
135.59,244.0,3.0,0.0,0.6874,0.914,0.2266,136.031
135.6,244.0,3.0,0.0,0.6874,0.914,0.2266,136.095
135.61,244.0,3.0,0.0,0.6874,0.914,0.2266,135.984
135.62,244.0,3.0,0.0,0.6874,0.914,0.2266,135.997
135.63,244.0,3.0,0.0,0.6874,0.914,0.2266,136.031
135.64,244.0,3.0,0.0,0.6874,0.914,0.2266,135.788
135.65,244.0,3.0,0.0,0.6874,0.914,0.2266,136.127
135.66,244.0,3.0,0.0,0.6874,0.914,0.2266,136.112
135.67,244.0,3.0,0.0,0.6874,0.914,0.2266,135.933
135.68,244.0,3.0,0.0,0.6874,0.914,0.2266,136.047
135.69,244.0,3.0,0.0,0.6874,0.914,0.2266,135.949
135.7,244.0,3.0,0.0,0.6874,0.914,0.2266,135.919
135.71,244.0,3.0,0.0,0.6874,0.914,0.2266,135.95
135.72,244.0,3.0,0.0,0.6874,0.9228,0.2354,136.144
135.73,244.0,3.0,0.0,0.6874,0.914,0.2266,136.112
135.74,244.0,3.0,0.0,0.6874,0.914,0.2266,136.015
135.75,244.0,3.0,0.0,0.6874,0.914,0.2266,135.918
135.76,244.0,3.0,0.0,0.6874,0.914,0.2266,135.966
135.77,244.0,3.0,0.0,0.6874,0.914,0.2266,135.965
135.78,244.0,3.0,0.0,0.6874,0.914,0.2266,136.047
135.79,244.0,3.0,0.0,0.6874,0.914,0.2266,136.046
135.8,244.0,3.0,0.0,0.6874,0.914,0.2266,135.967
135.81,244.0,3.0,0.0,0.6874,0.914,0.2266,136.046
135.82,244.0,3.0,0.0,0.6874,0.914,0.2266,135.983
135.83,244.0,3.0,0.0,0.6874,0.9053,0.2179,135.66
135.84,244.0,3.0,0.0,0.6874,0.914,0.2266,136.192
135.85,244.0,3.0,0.0,0.6874,0.914,0.2266,136.063
135.86,244.0,3.0,0.0,0.6874,0.914,0.2266,135.836
135.87,244.0,3.0,0.0,0.6874,0.9053,0.2179,136.176
135.88,244.0,3.0,0.0,0.6874,0.914,0.2266,135.918
135.89,244.0,3.0,0.0,0.6874,0.914,0.2266,136.03
135.9,244.0,3.0,0.0,0.6874,0.914,0.2266,136.016
135.91,244.0,3.0,0.0,0.6874,0.914,0.2266,136.111
135.92,244.0,3.0,0.0,0.6874,0.914,0.2266,135.935
135.93,244.0,3.0,0.0,0.6874,0.914,0.2266,135.757
135.94,244.0,3.0,0.0,0.6874,0.914,0.2266,136.078
135.95,244.0,3.0,0.0,0.6874,0.914,0.2266,135.837
135.96,244.0,3.0,0.0,0.6874,0.9053,0.2179,135.999
135.97,244.0,3.0,0.0,0.6874,0.914,0.2266,135.966
135.98,244.0,3.0,0.0,0.6874,0.914,0.2266,135.981
135.99,244.0,3.0,0.0,0.6874,0.9053,0.2179,135.837
136.0,244.0,3.0,0.0,0.6874,0.914,0.2266,135.95
136.01,244.0,3.0,0.0,0.6874,0.914,0.2266,136.03
136.02,244.0,3.0,0.0,0.6874,0.914,0.2266,135.983
136.03,244.0,3.0,0.0,0.6874,0.914,0.2266,135.934
136.04,244.0,3.0,0.0,0.6874,0.914,0.2266,136.013
136.05,244.0,3.0,0.0,0.6874,0.914,0.2266,136.047
136.06,244.0,3.0,0.0,0.6874,0.9228,0.2354,135.901
136.07,244.0,3.0,0.0,0.6874,0.9228,0.2354,135.981
136.08,244.0,3.0,0.0,0.6874,0.914,0.2266,135.999
136.09,244.0,3.0,0.0,0.6874,0.914,0.2266,136.015
136.1,244.0,3.0,0.0,0.6874,0.9228,0.2354,135.982
136.11,244.0,3.0,0.0,0.6874,0.914,0.2266,136.078
136.12,244.0,3.0,0.0,0.6874,0.914,0.2266,136.048
136.13,244.0,3.0,0.0,0.6874,0.914,0.2266,135.981
136.14,244.0,3.0,0.0,0.6874,0.914,0.2266,136.048
136.15,244.0,3.0,0.0,0.6874,0.914,0.2266,135.804
136.16,244.0,3.0,0.0,0.6874,0.914,0.2266,135.836
136.17,244.0,3.0,0.0,0.6874,0.914,0.2266,135.95
136.18,244.0,3.0,0.0,0.6874,0.9228,0.2354,135.821
136.19,244.0,3.0,0.0,0.6874,0.9228,0.2354,136.161
136.2,244.0,3.0,0.0,0.6874,0.914,0.2266,135.888
136.21,244.0,3.0,0.0,0.6874,0.9228,0.2354,135.965
136.22,244.0,3.0,0.0,0.6874,0.914,0.2266,135.966
136.23,244.0,3.0,0.0,0.6874,0.914,0.2266,135.983
136.24,244.0,3.0,0.0,0.6874,0.9228,0.2354,136.078
136.25,244.0,3.0,0.0,0.6874,0.9228,0.2354,135.984
136.26,244.0,3.0,0.0,0.6874,0.914,0.2266,136.062
136.27,244.0,3.0,0.0,0.6874,0.914,0.2266,135.999
136.28,244.0,3.0,0.0,0.6874,0.914,0.2266,135.933
136.29,244.0,3.0,0.0,0.6874,0.914,0.2266,135.965
136.3,244.0,3.0,0.0,0.6874,0.9228,0.2354,135.998
136.31,244.0,3.0,0.0,0.6874,0.9228,0.2354,135.837
136.32,244.0,3.0,0.0,0.6874,0.9228,0.2354,136.045
136.33,244.0,3.0,0.0,0.6874,0.9315,0.2441,135.855
136.34,244.0,3.0,0.0,0.6874,0.9228,0.2354,136.047
136.35,244.0,3.0,0.0,0.6874,0.9228,0.2354,135.999
136.36,244.0,3.0,0.0,0.6874,0.9228,0.2354,135.918
136.37,244.0,3.0,0.0,0.6874,0.9315,0.2441,135.903
136.38,244.0,3.0,0.0,0.6874,0.9315,0.2441,135.999
136.39,244.0,3.0,0.0,0.6874,0.9315,0.2441,136.031
136.4,244.0,3.0,0.0,0.6874,0.9315,0.2441,135.983
136.41,244.0,3.0,0.0,0.6874,0.9403,0.2529,135.739
136.42,244.0,3.0,0.0,0.6874,0.9403,0.2529,136.031
136.43,244.0,3.0,0.0,0.6874,0.9403,0.2529,135.869
136.44,244.0,3.0,0.0,0.6874,0.9403,0.2529,136.062
136.45,244.0,3.0,0.0,0.6874,0.9315,0.2441,135.918
136.46,244.0,3.0,0.0,0.6874,0.9403,0.2529,136.127
136.47,244.0,3.0,0.0,0.6874,0.9403,0.2529,135.917
136.48,244.0,3.0,0.0,0.6874,0.9315,0.2441,135.966
136.49,244.0,3.0,0.0,0.6874,0.9403,0.2529,135.918
136.5,244.0,3.0,0.0,0.6874,0.9315,0.2441,135.902
136.51,244.0,3.0,0.0,0.6874,0.9315,0.2441,136.046
136.52,244.0,3.0,0.0,0.6874,0.9403,0.2529,136.127
136.53,244.0,3.0,0.0,0.6874,0.9315,0.2441,135.967
136.54,244.0,3.0,0.0,0.6874,0.9315,0.2441,135.771
136.55,244.0,3.0,0.0,0.6874,0.9315,0.2441,135.984
136.56,244.0,3.0,0.0,0.6874,0.9315,0.2441,135.951
136.57,244.0,3.0,0.0,0.6874,0.9403,0.2529,136.079
136.58,244.0,3.0,0.0,0.6874,0.9315,0.2441,135.95
136.59,244.0,3.0,0.0,0.6874,0.9228,0.2354,136.111
136.6,244.0,3.0,0.0,0.6874,0.9315,0.2441,136.031
136.61,244.0,3.0,0.0,0.6874,0.9315,0.2441,135.918
136.62,244.0,3.0,0.0,0.6874,0.9315,0.2441,135.919
136.63,244.0,3.0,0.0,0.6874,0.9228,0.2354,135.903
136.64,244.0,3.0,0.0,0.6874,0.9315,0.2441,135.917
136.65,244.0,3.0,0.0,0.6874,0.9315,0.2441,135.853
136.66,244.0,3.0,0.0,0.6874,0.9228,0.2354,135.9
136.67,244.0,3.0,0.0,0.6874,0.9228,0.2354,136.046
136.68,244.0,3.0,0.0,0.6874,0.9228,0.2354,135.854
136.69,244.0,3.0,0.0,0.6874,0.9228,0.2354,135.998
136.7,244.0,3.0,0.0,0.6874,0.914,0.2266,136.063
136.71,244.0,3.0,0.0,0.6874,0.9228,0.2354,135.806
136.72,244.0,3.0,0.0,0.6874,0.9228,0.2354,136.176
136.73,244.0,3.0,0.0,0.6874,0.9228,0.2354,135.967
136.74,244.0,3.0,0.0,0.6874,0.9315,0.2441,136.209
136.75,244.0,3.0,0.0,0.6874,0.914,0.2266,135.983
136.76,244.0,3.0,0.0,0.6874,0.9315,0.2441,135.983
136.77,244.0,3.0,0.0,0.6874,0.9228,0.2354,135.952
136.78,244.0,3.0,0.0,0.6874,0.9228,0.2354,135.886
136.79,244.0,3.0,0.0,0.6874,0.914,0.2266,135.934
136.8,244.0,3.0,0.0,0.6874,0.9228,0.2354,136.079
136.81,244.0,3.0,0.0,0.6874,0.9315,0.2441,135.901
136.82,244.0,3.0,0.0,0.6874,0.914,0.2266,136.096
136.83,244.0,3.0,0.0,0.6874,0.914,0.2266,135.869
136.84,244.0,3.0,0.0,0.6874,0.9228,0.2354,136.046
136.85,244.0,3.0,0.0,0.6874,0.9315,0.2441,135.773
136.86,244.0,3.0,0.0,0.6874,0.9228,0.2354,135.998
136.87,244.0,3.0,0.0,0.6874,0.9228,0.2354,135.949
136.88,244.0,3.0,0.0,0.6874,0.9315,0.2441,136.095
136.89,244.0,3.0,0.0,0.6874,0.9315,0.2441,136.175
136.9,244.0,3.0,0.0,0.6874,0.9315,0.2441,136.08
136.91,244.0,3.0,0.0,0.6874,0.9403,0.2529,135.966
136.92,244.0,3.0,0.0,0.6874,0.9315,0.2441,136.322
136.93,244.0,3.0,0.0,0.6874,0.9315,0.2441,135.998
136.94,244.0,3.0,0.0,0.6874,0.9315,0.2441,136.16
136.95,244.0,3.0,0.0,0.6874,0.9315,0.2441,135.981
136.96,244.0,3.0,0.0,0.6874,0.9315,0.2441,135.903
136.97,244.0,3.0,0.0,0.6874,0.9315,0.2441,135.917
136.98,244.0,3.0,0.0,0.6874,0.9403,0.2529,135.87
136.99,244.0,3.0,0.0,0.6874,0.9315,0.2441,136.127
137.0,244.0,3.0,0.0,0.6874,0.9228,0.2354,136.046
137.01,244.0,3.0,0.0,0.6874,0.9403,0.2529,135.998
137.02,244.0,3.0,0.0,0.6874,0.9403,0.2529,135.999
137.03,244.0,3.0,0.0,0.6874,0.9315,0.2441,135.885
137.04,244.0,3.0,0.0,0.6874,0.9315,0.2441,136.16
137.05,244.0,3.0,0.0,0.6874,0.9228,0.2354,135.787
137.06,244.0,3.0,0.0,0.6874,0.9228,0.2354,135.85
137.07,244.0,3.0,0.0,0.6874,0.9228,0.2354,136.078
137.08,244.0,3.0,0.0,0.6874,0.9315,0.2441,136.127
137.09,244.0,3.0,0.0,0.6874,0.9228,0.2354,135.758
137.1,244.0,3.0,0.0,0.6874,0.9315,0.2441,135.918
137.11,244.0,3.0,0.0,0.6874,0.9315,0.2441,135.934
137.12,244.0,3.0,0.0,0.6874,0.9228,0.2354,136.111
137.13,244.0,3.0,0.0,0.6874,0.9315,0.2441,135.981
137.14,244.0,3.0,0.0,0.6874,0.9315,0.2441,136.046
137.15,244.0,3.0,0.0,0.6874,0.9315,0.2441,135.968
137.16,244.0,3.0,0.0,0.6874,0.9315,0.2441,136.031
137.17,244.0,3.0,0.0,0.6874,0.9228,0.2354,136.03
137.18,244.0,3.0,0.0,0.6874,0.9315,0.2441,136.015
137.19,244.0,3.0,0.0,0.6874,0.9315,0.2441,136.03
137.2,244.0,3.0,0.0,0.6874,0.9228,0.2354,136.015
137.21,244.0,3.0,0.0,0.6874,0.9315,0.2441,135.967
137.22,244.0,3.0,0.0,0.6874,0.9315,0.2441,135.92
137.23,244.0,3.0,0.0,0.6874,0.9228,0.2354,135.951
137.24,244.0,3.0,0.0,0.6874,0.9228,0.2354,136.192
137.25,244.0,3.0,0.0,0.6874,0.9228,0.2354,135.982
137.26,244.0,3.0,0.0,0.6874,0.9228,0.2354,135.885
137.27,244.0,3.0,0.0,0.6874,0.9315,0.2441,136.029
137.28,244.0,3.0,0.0,0.6874,0.914,0.2266,135.934
137.29,244.0,3.0,0.0,0.6874,0.9228,0.2354,136.079
137.3,244.0,3.0,0.0,0.6874,0.9228,0.2354,135.935
137.31,244.0,3.0,0.0,0.6874,0.9315,0.2441,135.789
137.32,244.0,3.0,0.0,0.6874,0.9315,0.2441,135.9
137.33,244.0,3.0,0.0,0.6874,0.914,0.2266,136.03
137.34,244.0,3.0,0.0,0.6874,0.9228,0.2354,136.127
137.35,244.0,3.0,0.0,0.6874,0.9315,0.2441,135.901
137.36,244.0,3.0,0.0,0.6874,0.9228,0.2354,135.918
137.37,244.0,3.0,0.0,0.6874,0.9228,0.2354,135.933
137.38,244.0,3.0,0.0,0.6874,0.9228,0.2354,135.965
137.39,244.0,3.0,0.0,0.6874,0.914,0.2266,135.934
137.4,244.0,3.0,0.0,0.6874,0.9228,0.2354,136.045
137.41,244.0,3.0,0.0,0.6874,0.9315,0.2441,136.175
137.42,244.0,3.0,0.0,0.6874,0.9228,0.2354,135.95
137.43,244.0,3.0,0.0,0.6874,0.9228,0.2354,135.901
137.44,244.0,3.0,0.0,0.6874,0.9228,0.2354,136.046
137.45,244.0,3.0,0.0,0.6874,0.914,0.2266,135.933
137.46,244.0,3.0,0.0,0.6874,0.914,0.2266,135.902
137.47,244.0,3.0,0.0,0.6874,0.914,0.2266,136.191
137.48,244.0,3.0,0.0,0.6874,0.9228,0.2354,136.001
137.49,244.0,3.0,0.0,0.6874,0.9228,0.2354,136.0
137.5,244.0,3.0,0.0,0.6874,0.9228,0.2354,135.87
137.51,244.0,3.0,0.0,0.6874,0.9228,0.2354,135.95
137.52,244.0,3.0,0.0,0.6874,0.9228,0.2354,136.062
137.53,244.0,3.0,0.0,0.6874,0.9315,0.2441,136.031
137.54,244.0,3.0,0.0,0.6874,0.9228,0.2354,136.143
137.55,244.0,3.0,0.0,0.6874,0.9228,0.2354,135.918
137.56,244.0,3.0,0.0,0.6874,0.9228,0.2354,135.998
137.57,244.0,3.0,0.0,0.6874,0.9228,0.2354,135.853
137.58,244.0,3.0,0.0,0.6874,0.9228,0.2354,135.997
137.59,244.0,3.0,0.0,0.6874,0.9228,0.2354,135.918
137.6,244.0,3.0,0.0,0.6874,0.9228,0.2354,136.225
137.61,244.0,3.0,0.0,0.6874,0.9315,0.2441,135.918
137.62,244.0,3.0,0.0,0.6874,0.9228,0.2354,135.918
137.63,244.0,3.0,0.0,0.6874,0.9228,0.2354,135.998
137.64,244.0,3.0,0.0,0.6874,0.9228,0.2354,135.967
137.65,244.0,3.0,0.0,0.6874,0.9228,0.2354,136.015
137.66,244.0,3.0,0.0,0.6874,0.9228,0.2354,135.853
137.67,244.0,3.0,0.0,0.6874,0.9228,0.2354,135.981
137.68,244.0,3.0,0.0,0.6874,0.9315,0.2441,135.837
137.69,244.0,3.0,0.0,0.6874,0.9315,0.2441,135.95
137.7,244.0,3.0,0.0,0.6874,0.9403,0.2529,135.838
137.71,244.0,3.0,0.0,0.6874,0.9315,0.2441,135.836
137.72,244.0,3.0,0.0,0.6874,0.9228,0.2354,136.062
137.73,244.0,3.0,0.0,0.6874,0.9228,0.2354,136.03
137.74,244.0,3.0,0.0,0.6874,0.9228,0.2354,136.16
137.75,244.0,3.0,0.0,0.6874,0.9228,0.2354,135.901
137.76,244.0,3.0,0.0,0.6874,0.9228,0.2354,135.95
137.77,244.0,3.0,0.0,0.6874,0.9228,0.2354,136.031
137.78,244.0,3.0,0.0,0.6874,0.914,0.2266,136.079
137.79,244.0,3.0,0.0,0.6874,0.914,0.2266,135.982
137.8,244.0,3.0,0.0,0.6874,0.914,0.2266,135.966
137.81,244.0,3.0,0.0,0.6874,0.9228,0.2354,136.03
137.82,244.0,3.0,0.0,0.6874,0.914,0.2266,135.998
137.83,244.0,3.0,0.0,0.6874,0.9228,0.2354,135.967
137.84,244.0,3.0,0.0,0.6874,0.9228,0.2354,136.096
137.85,244.0,3.0,0.0,0.6874,0.9228,0.2354,135.884
137.86,244.0,3.0,0.0,0.6874,0.914,0.2266,135.916
137.87,244.0,3.0,0.0,0.6874,0.9228,0.2354,135.932
137.88,244.0,3.0,0.0,0.6874,0.914,0.2266,136.013
137.89,244.0,3.0,0.0,0.6874,0.914,0.2266,136.015
137.9,244.0,3.0,0.0,0.6874,0.9228,0.2354,135.853
137.91,244.0,3.0,0.0,0.6874,0.914,0.2266,135.837
137.92,244.0,3.0,0.0,0.6874,0.9228,0.2354,135.774
137.93,244.0,3.0,0.0,0.6874,0.914,0.2266,135.982
137.94,244.0,3.0,0.0,0.6874,0.914,0.2266,136.095
137.95,244.0,3.0,0.0,0.6874,0.914,0.2266,135.934
137.96,244.0,3.0,0.0,0.6874,0.914,0.2266,135.965
137.97,244.0,3.0,0.0,0.6874,0.9228,0.2354,136.013
137.98,244.0,3.0,0.0,0.6874,0.9053,0.2179,135.934
137.99,244.0,3.0,0.0,0.6874,0.914,0.2266,135.981
138.0,244.0,3.0,0.0,0.6874,0.914,0.2266,135.837
138.01,244.0,3.0,0.0,0.6874,0.914,0.2266,136.015
138.02,244.0,3.0,0.0,0.6874,0.914,0.2266,135.951
138.03,244.0,3.0,0.0,0.6874,0.9228,0.2354,135.949
138.04,244.0,3.0,0.0,0.6874,0.914,0.2266,135.853
138.05,244.0,3.0,0.0,0.6874,0.914,0.2266,136.029
138.06,244.0,3.0,0.0,0.6874,0.9228,0.2354,135.885
138.07,244.0,3.0,0.0,0.6874,0.9228,0.2354,135.948
138.08,244.0,3.0,0.0,0.6874,0.914,0.2266,135.902
138.09,244.0,3.0,0.0,0.6874,0.914,0.2266,135.999
138.1,244.0,3.0,0.0,0.6874,0.9053,0.2179,135.887
138.11,244.0,3.0,0.0,0.6874,0.914,0.2266,135.758
138.12,244.0,3.0,0.0,0.6874,0.9228,0.2354,135.916
138.13,244.0,3.0,0.0,0.6874,0.9228,0.2354,135.981
138.14,244.0,3.0,0.0,0.6874,0.9228,0.2354,135.997
138.15,244.0,3.0,0.0,0.6874,0.914,0.2266,135.917
138.16,244.0,3.0,0.0,0.6874,0.914,0.2266,136.063
138.17,244.0,3.0,0.0,0.6874,0.9228,0.2354,135.901
138.18,244.0,3.0,0.0,0.6874,0.9228,0.2354,135.901
138.19,244.0,3.0,0.0,0.6874,0.9228,0.2354,136.144
138.2,244.0,3.0,0.0,0.6874,0.9228,0.2354,136.063
138.21,244.0,3.0,0.0,0.6874,0.914,0.2266,135.902
138.22,244.0,3.0,0.0,0.6874,0.914,0.2266,135.998
138.23,244.0,3.0,0.0,0.6874,0.914,0.2266,135.854
138.24,244.0,3.0,0.0,0.6874,0.9228,0.2354,135.967
138.25,244.0,3.0,0.0,0.6874,0.9228,0.2354,135.87
138.26,244.0,3.0,0.0,0.6874,0.914,0.2266,135.964
138.27,244.0,3.0,0.0,0.6874,0.914,0.2266,136.079
138.28,244.0,3.0,0.0,0.6874,0.914,0.2266,135.821
138.29,244.0,3.0,0.0,0.6874,0.9053,0.2179,136.045
138.3,244.0,3.0,0.0,0.6874,0.914,0.2266,135.95
138.31,244.0,3.0,0.0,0.6874,0.914,0.2266,135.983
138.32,244.0,3.0,0.0,0.6874,0.914,0.2266,135.853
138.33,244.0,3.0,0.0,0.6874,0.914,0.2266,136.029
138.34,244.0,3.0,0.0,0.6874,0.9053,0.2179,136.062
138.35,244.0,3.0,0.0,0.6874,0.9053,0.2179,135.95
138.36,244.0,3.0,0.0,0.6874,0.914,0.2266,135.933
138.37,244.0,3.0,0.0,0.6874,0.9228,0.2354,135.965
138.38,244.0,3.0,0.0,0.6874,0.914,0.2266,135.982
138.39,244.0,3.0,0.0,0.6874,0.9053,0.2179,135.871
138.4,244.0,3.0,0.0,0.6874,0.914,0.2266,136.013
138.41,244.0,3.0,0.0,0.6874,0.914,0.2266,135.902
138.42,244.0,3.0,0.0,0.6874,0.914,0.2266,136.045
138.43,244.0,3.0,0.0,0.6874,0.914,0.2266,135.805
138.44,244.0,3.0,0.0,0.6874,0.9228,0.2354,136.013
138.45,244.0,3.0,0.0,0.6874,0.9228,0.2354,135.755
138.46,244.0,3.0,0.0,0.6874,0.9228,0.2354,136.015
138.47,244.0,3.0,0.0,0.6874,0.9228,0.2354,135.966
138.48,244.0,3.0,0.0,0.6874,0.9228,0.2354,135.934
138.49,244.0,3.0,0.0,0.6874,0.9228,0.2354,136.062
138.5,244.0,3.0,0.0,0.6874,0.914,0.2266,135.789
138.51,244.0,3.0,0.0,0.6874,0.9228,0.2354,135.933
138.52,244.0,3.0,0.0,0.6874,0.914,0.2266,135.933
138.53,244.0,3.0,0.0,0.6874,0.9228,0.2354,135.949
138.54,244.0,3.0,0.0,0.6874,0.914,0.2266,136.159
138.55,244.0,3.0,0.0,0.6874,0.9228,0.2354,135.965
138.56,244.0,3.0,0.0,0.6874,0.9228,0.2354,135.87
138.57,244.0,3.0,0.0,0.6874,0.914,0.2266,135.918
138.58,244.0,3.0,0.0,0.6874,0.914,0.2266,135.806
138.59,244.0,3.0,0.0,0.6874,0.9228,0.2354,135.949
138.6,244.0,3.0,0.0,0.6874,0.9228,0.2354,135.966
138.61,244.0,3.0,0.0,0.6874,0.9228,0.2354,136.031
138.62,244.0,3.0,0.0,0.6874,0.9228,0.2354,135.999
138.63,244.0,3.0,0.0,0.6874,0.9228,0.2354,135.901
138.64,244.0,3.0,0.0,0.6874,0.9228,0.2354,135.917
138.65,244.0,3.0,0.0,0.6874,0.9228,0.2354,135.933
138.66,244.0,3.0,0.0,0.6874,0.9228,0.2354,135.935
138.67,244.0,3.0,0.0,0.6874,0.9228,0.2354,135.949
138.68,244.0,3.0,0.0,0.6874,0.9228,0.2354,135.98
138.69,244.0,3.0,0.0,0.6874,0.9228,0.2354,136.078
138.7,244.0,3.0,0.0,0.6874,0.9228,0.2354,135.789
138.71,244.0,3.0,0.0,0.6874,0.9228,0.2354,135.964
138.72,244.0,3.0,0.0,0.6874,0.9228,0.2354,135.853
138.73,244.0,3.0,0.0,0.6874,0.9315,0.2441,136.062
138.74,244.0,3.0,0.0,0.6874,0.9315,0.2441,136.014
138.75,244.0,3.0,0.0,0.6874,0.9228,0.2354,135.869
138.76,244.0,3.0,0.0,0.6874,0.9315,0.2441,136.03
138.77,244.0,3.0,0.0,0.6874,0.9315,0.2441,135.934
138.78,244.0,3.0,0.0,0.6874,0.9315,0.2441,136.047
138.79,244.0,3.0,0.0,0.6874,0.9315,0.2441,136.046
138.8,244.0,3.0,0.0,0.6874,0.9315,0.2441,135.935
138.81,244.0,3.0,0.0,0.6874,0.9315,0.2441,135.821
138.82,244.0,3.0,0.0,0.6874,0.9315,0.2441,135.965
138.83,244.0,3.0,0.0,0.6874,0.9315,0.2441,135.853
138.84,244.0,3.0,0.0,0.6874,0.9315,0.2441,135.869
138.85,244.0,3.0,0.0,0.6874,0.9315,0.2441,135.821
138.86,244.0,3.0,0.0,0.6874,0.9315,0.2441,135.999
138.87,244.0,3.0,0.0,0.6874,0.9228,0.2354,135.965
138.88,244.0,3.0,0.0,0.6874,0.9315,0.2441,135.917
138.89,244.0,3.0,0.0,0.6874,0.9315,0.2441,136.112
138.9,244.0,3.0,0.0,0.6874,0.9315,0.2441,135.821
138.91,244.0,3.0,0.0,0.6874,0.9315,0.2441,136.045
138.92,244.0,3.0,0.0,0.6874,0.9228,0.2354,136.063
138.93,244.0,3.0,0.0,0.6874,0.9315,0.2441,135.771
138.94,244.0,3.0,0.0,0.6874,0.9315,0.2441,135.981
138.95,244.0,3.0,0.0,0.6874,0.9228,0.2354,135.982
138.96,244.0,3.0,0.0,0.6874,0.914,0.2266,135.981
138.97,244.0,3.0,0.0,0.6874,0.9228,0.2354,135.949
138.98,244.0,3.0,0.0,0.6874,0.914,0.2266,135.579
138.99,244.0,3.0,0.0,0.6874,0.9315,0.2441,136.063
139.0,244.0,3.0,0.0,0.6874,0.9228,0.2354,135.935
139.01,244.0,3.0,0.0,0.6874,0.9228,0.2354,136.111
139.02,244.0,3.0,0.0,0.6874,0.914,0.2266,136.176
139.03,244.0,3.0,0.0,0.6874,0.9315,0.2441,136.016
139.04,244.0,3.0,0.0,0.6874,0.9228,0.2354,135.918
139.05,244.0,3.0,0.0,0.6874,0.9315,0.2441,135.836
139.06,244.0,3.0,0.0,0.6874,0.9228,0.2354,135.964
139.07,244.0,3.0,0.0,0.6874,0.9228,0.2354,135.965
139.08,244.0,3.0,0.0,0.6874,0.9315,0.2441,135.998
139.09,244.0,3.0,0.0,0.6874,0.9228,0.2354,136.127
139.1,244.0,3.0,0.0,0.6874,0.9315,0.2441,136.016
139.11,244.0,3.0,0.0,0.6874,0.9228,0.2354,136.016
139.12,244.0,3.0,0.0,0.6874,0.9228,0.2354,135.966
139.13,244.0,3.0,0.0,0.6874,0.9228,0.2354,135.949
139.14,244.0,3.0,0.0,0.6874,0.9228,0.2354,135.916
139.15,244.0,3.0,0.0,0.6874,0.9228,0.2354,136.029
139.16,244.0,3.0,0.0,0.6874,0.9228,0.2354,136.046
139.17,244.0,3.0,0.0,0.6874,0.9228,0.2354,135.918
139.18,244.0,3.0,0.0,0.6874,0.9228,0.2354,135.918
139.19,244.0,3.0,0.0,0.6874,0.9228,0.2354,135.965
139.2,244.0,3.0,0.0,0.6874,0.9228,0.2354,135.95
139.21,244.0,3.0,0.0,0.6874,0.9228,0.2354,135.901
139.22,244.0,3.0,0.0,0.6874,0.9228,0.2354,136.013
139.23,244.0,3.0,0.0,0.6874,0.9228,0.2354,135.966
139.24,244.0,3.0,0.0,0.6874,0.9228,0.2354,135.997
139.25,244.0,3.0,0.0,0.6874,0.9228,0.2354,135.803
139.26,244.0,3.0,0.0,0.6874,0.914,0.2266,135.853
139.27,244.0,3.0,0.0,0.6874,0.914,0.2266,135.886
139.28,244.0,3.0,0.0,0.6874,0.914,0.2266,135.918
139.29,244.0,3.0,0.0,0.6874,0.914,0.2266,135.804
139.3,244.0,3.0,0.0,0.6874,0.914,0.2266,135.983
139.31,244.0,3.0,0.0,0.6874,0.914,0.2266,135.772
139.32,244.0,3.0,0.0,0.6874,0.9053,0.2179,135.918
139.33,244.0,3.0,0.0,0.6874,0.9053,0.2179,135.919
139.34,244.0,3.0,0.0,0.6874,0.914,0.2266,135.933
139.35,244.0,3.0,0.0,0.6874,0.9053,0.2179,135.964
139.36,244.0,3.0,0.0,0.6874,0.914,0.2266,135.837
139.37,244.0,3.0,0.0,0.6874,0.9053,0.2179,135.917
139.38,244.0,3.0,0.0,0.6874,0.9053,0.2179,135.966
139.39,244.0,3.0,0.0,0.6874,0.9053,0.2179,135.821
139.4,244.0,3.0,0.0,0.6874,0.9053,0.2179,135.948
139.41,244.0,3.0,0.0,0.6874,0.914,0.2266,135.82
139.42,244.0,3.0,0.0,0.6874,0.914,0.2266,135.9
139.43,244.0,3.0,0.0,0.6874,0.9053,0.2179,135.722
139.44,244.0,3.0,0.0,0.6874,0.9053,0.2179,135.998
139.45,244.0,3.0,0.0,0.6874,0.914,0.2266,135.853
139.46,244.0,3.0,0.0,0.6874,0.914,0.2266,135.916
139.47,244.0,3.0,0.0,0.6874,0.914,0.2266,136.047
139.48,244.0,3.0,0.0,0.6874,0.914,0.2266,136.014
139.49,244.0,3.0,0.0,0.6874,0.914,0.2266,136.045
139.5,244.0,3.0,0.0,0.6874,0.914,0.2266,135.935
139.51,244.0,3.0,0.0,0.6874,0.914,0.2266,136.013
139.52,244.0,3.0,0.0,0.6874,0.914,0.2266,136.016
139.53,244.0,3.0,0.0,0.6874,0.9053,0.2179,135.868
139.54,244.0,3.0,0.0,0.6874,0.9053,0.2179,135.964
139.55,244.0,3.0,0.0,0.6874,0.9053,0.2179,135.997
139.56,244.0,3.0,0.0,0.6874,0.9053,0.2179,135.788
139.57,244.0,3.0,0.0,0.6874,0.9053,0.2179,135.9
139.58,244.0,3.0,0.0,0.6874,0.9053,0.2179,135.998
139.59,244.0,3.0,0.0,0.6874,0.914,0.2266,136.029
139.6,244.0,3.0,0.0,0.6874,0.914,0.2266,135.837
139.61,244.0,3.0,0.0,0.6874,0.914,0.2266,135.836
139.62,244.0,3.0,0.0,0.6874,0.9228,0.2354,135.821
139.63,244.0,3.0,0.0,0.6874,0.914,0.2266,135.804
139.64,244.0,3.0,0.0,0.6874,0.914,0.2266,136.031
139.65,244.0,3.0,0.0,0.6874,0.9228,0.2354,135.966
139.66,244.0,3.0,0.0,0.6874,0.914,0.2266,135.756
139.67,244.0,3.0,0.0,0.6874,0.914,0.2266,136.159
139.68,244.0,3.0,0.0,0.6874,0.914,0.2266,135.967
139.69,244.0,3.0,0.0,0.6874,0.9228,0.2354,136.013
139.7,244.0,3.0,0.0,0.6874,0.914,0.2266,136.062
139.71,244.0,3.0,0.0,0.6874,0.914,0.2266,135.968
139.72,244.0,3.0,0.0,0.6874,0.914,0.2266,136.079
139.73,244.0,3.0,0.0,0.6874,0.914,0.2266,135.951
139.74,244.0,3.0,0.0,0.6874,0.9228,0.2354,136.129
139.75,244.0,3.0,0.0,0.6874,0.9228,0.2354,135.981
139.76,244.0,3.0,0.0,0.6874,0.914,0.2266,135.902
139.77,244.0,3.0,0.0,0.6874,0.914,0.2266,135.949
139.78,244.0,3.0,0.0,0.6874,0.914,0.2266,135.886
139.79,244.0,3.0,0.0,0.6874,0.9228,0.2354,136.014
139.8,244.0,3.0,0.0,0.6874,0.9228,0.2354,135.87
139.81,244.0,3.0,0.0,0.6874,0.914,0.2266,135.853
139.82,244.0,3.0,0.0,0.6874,0.9228,0.2354,135.917
139.83,244.0,3.0,0.0,0.6874,0.9228,0.2354,135.932
139.84,244.0,3.0,0.0,0.6874,0.9228,0.2354,135.997
139.85,244.0,3.0,0.0,0.6874,0.9228,0.2354,135.788
139.86,244.0,3.0,0.0,0.6874,0.9228,0.2354,135.868
139.87,244.0,3.0,0.0,0.6874,0.9228,0.2354,135.948
139.88,244.0,3.0,0.0,0.6874,0.914,0.2266,135.773
139.89,244.0,3.0,0.0,0.6874,0.9228,0.2354,136.063
139.9,244.0,3.0,0.0,0.6874,0.9228,0.2354,135.967
139.91,244.0,3.0,0.0,0.6874,0.9228,0.2354,135.852
139.92,244.0,3.0,0.0,0.6874,0.9228,0.2354,136.08
139.93,244.0,3.0,0.0,0.6874,0.9228,0.2354,136.0
139.94,244.0,3.0,0.0,0.6874,0.9228,0.2354,135.918
139.95,244.0,3.0,0.0,0.6874,0.914,0.2266,135.916
139.96,244.0,3.0,0.0,0.6874,0.9228,0.2354,135.885
139.97,244.0,3.0,0.0,0.6874,0.9228,0.2354,136.013
139.98,244.0,3.0,0.0,0.6874,0.9228,0.2354,135.952
139.99,244.0,3.0,0.0,0.6874,0.9228,0.2354,135.981
140.0,244.0,3.0,0.0,0.6874,0.9228,0.2354,136.208
140.01,244.0,3.0,0.0,0.6874,0.914,0.2266,136.016
140.02,244.0,3.0,0.0,0.6874,0.914,0.2266,135.884
140.03,244.0,3.0,0.0,0.6874,0.9228,0.2354,135.999
140.04,244.0,3.0,0.0,0.6874,0.914,0.2266,135.95
140.05,244.0,3.0,0.0,0.6874,0.9228,0.2354,135.966
140.06,244.0,3.0,0.0,0.6874,0.914,0.2266,135.838
140.07,244.0,3.0,0.0,0.6874,0.914,0.2266,135.772
140.08,244.0,3.0,0.0,0.6874,0.914,0.2266,135.867
140.09,244.0,3.0,0.0,0.6874,0.9228,0.2354,136.046
140.1,244.0,3.0,0.0,0.6874,0.9228,0.2354,135.95
140.11,244.0,3.0,0.0,0.6874,0.9228,0.2354,135.917
140.12,244.0,3.0,0.0,0.6874,0.9228,0.2354,136.111
140.13,244.0,3.0,0.0,0.6874,0.9228,0.2354,135.92
140.14,244.0,3.0,0.0,0.6874,0.914,0.2266,135.885
140.15,244.0,3.0,0.0,0.6874,0.9228,0.2354,135.981
140.16,244.0,3.0,0.0,0.6874,0.9228,0.2354,135.998
140.17,244.0,3.0,0.0,0.6874,0.9228,0.2354,136.079
140.18,244.0,3.0,0.0,0.6874,0.9228,0.2354,135.74
140.19,244.0,3.0,0.0,0.6874,0.914,0.2266,135.95
140.2,244.0,3.0,0.0,0.6874,0.9228,0.2354,135.853
140.21,244.0,3.0,0.0,0.6874,0.9228,0.2354,135.837
140.22,244.0,3.0,0.0,0.6874,0.9228,0.2354,135.917
140.23,244.0,3.0,0.0,0.6874,0.9228,0.2354,135.949
140.24,244.0,3.0,0.0,0.6874,0.914,0.2266,135.964
140.25,244.0,3.0,0.0,0.6874,0.9228,0.2354,135.98
140.26,244.0,3.0,0.0,0.6874,0.914,0.2266,135.772
140.27,244.0,3.0,0.0,0.6874,0.9228,0.2354,135.916
140.28,244.0,3.0,0.0,0.6874,0.9228,0.2354,135.95
140.29,244.0,3.0,0.0,0.6874,0.9228,0.2354,136.047
140.3,244.0,3.0,0.0,0.6874,0.9228,0.2354,135.723
140.31,244.0,3.0,0.0,0.6874,0.9228,0.2354,135.917
140.32,244.0,3.0,0.0,0.6874,0.9228,0.2354,135.998
140.33,244.0,3.0,0.0,0.6874,0.9228,0.2354,135.853
140.34,244.0,3.0,0.0,0.6874,0.9228,0.2354,136.111
140.35,244.0,3.0,0.0,0.6874,0.9228,0.2354,136.063
140.36,244.0,3.0,0.0,0.6874,0.9228,0.2354,135.949
140.37,244.0,3.0,0.0,0.6874,0.914,0.2266,135.803
140.38,244.0,3.0,0.0,0.6874,0.914,0.2266,135.867
140.39,244.0,3.0,0.0,0.6874,0.9228,0.2354,135.997
140.4,244.0,3.0,0.0,0.6874,0.9228,0.2354,135.999
140.41,244.0,3.0,0.0,0.6874,0.9228,0.2354,135.901
140.42,244.0,3.0,0.0,0.6874,0.9228,0.2354,135.981
140.43,244.0,3.0,0.0,0.6874,0.9228,0.2354,135.916
140.44,244.0,3.0,0.0,0.6874,0.9228,0.2354,135.997
140.45,244.0,3.0,0.0,0.6874,0.9315,0.2441,135.904
140.46,244.0,3.0,0.0,0.6874,0.9228,0.2354,136.031
140.47,244.0,3.0,0.0,0.6874,0.9403,0.2529,135.999
140.48,244.0,3.0,0.0,0.6874,0.9315,0.2441,136.013
140.49,244.0,3.0,0.0,0.6874,0.9315,0.2441,135.771
140.5,244.0,3.0,0.0,0.6874,0.9228,0.2354,135.852
140.51,244.0,3.0,0.0,0.6874,0.9315,0.2441,135.821
140.52,244.0,3.0,0.0,0.6874,0.9228,0.2354,136.029
140.53,244.0,3.0,0.0,0.6874,0.9228,0.2354,135.887
140.54,244.0,3.0,0.0,0.6874,0.9228,0.2354,135.917
140.55,244.0,3.0,0.0,0.6874,0.9228,0.2354,135.836
140.56,244.0,3.0,0.0,0.6874,0.914,0.2266,135.851
140.57,244.0,3.0,0.0,0.6874,0.9228,0.2354,136.03
140.58,244.0,3.0,0.0,0.6874,0.9228,0.2354,135.95
140.59,244.0,3.0,0.0,0.6874,0.9228,0.2354,135.95
140.6,244.0,3.0,0.0,0.6874,0.9228,0.2354,135.789
140.61,244.0,3.0,0.0,0.6874,0.9228,0.2354,136.046
140.62,244.0,3.0,0.0,0.6874,0.914,0.2266,135.917
140.63,244.0,3.0,0.0,0.6874,0.9228,0.2354,135.789
140.64,244.0,3.0,0.0,0.6874,0.9228,0.2354,135.965
140.65,244.0,3.0,0.0,0.6874,0.9228,0.2354,135.755
140.66,244.0,3.0,0.0,0.6874,0.9228,0.2354,135.95
140.67,244.0,3.0,0.0,0.6874,0.9228,0.2354,135.966
140.68,244.0,3.0,0.0,0.6874,0.914,0.2266,135.902
140.69,244.0,3.0,0.0,0.6874,0.914,0.2266,135.948
140.7,244.0,3.0,0.0,0.6874,0.914,0.2266,135.982
140.71,244.0,3.0,0.0,0.6874,0.914,0.2266,135.9
140.72,244.0,3.0,0.0,0.6874,0.914,0.2266,135.967
140.73,244.0,3.0,0.0,0.6874,0.914,0.2266,135.981
140.74,244.0,3.0,0.0,0.6874,0.914,0.2266,135.95
140.75,244.0,3.0,0.0,0.6874,0.9228,0.2354,135.852
140.76,244.0,3.0,0.0,0.6874,0.914,0.2266,136.078
140.77,244.0,3.0,0.0,0.6874,0.914,0.2266,135.919
140.78,244.0,3.0,0.0,0.6874,0.9228,0.2354,135.966
140.79,244.0,3.0,0.0,0.6874,0.914,0.2266,135.919
140.8,244.0,3.0,0.0,0.6874,0.914,0.2266,135.869
140.81,244.0,3.0,0.0,0.6874,0.9228,0.2354,135.739
140.82,244.0,3.0,0.0,0.6874,0.9228,0.2354,135.902
140.83,244.0,3.0,0.0,0.6874,0.9228,0.2354,135.982
140.84,244.0,3.0,0.0,0.6874,0.9228,0.2354,135.901
140.85,244.0,3.0,0.0,0.6874,0.914,0.2266,135.87
140.86,244.0,3.0,0.0,0.6874,0.9228,0.2354,135.918
140.87,244.0,3.0,0.0,0.6874,0.9228,0.2354,135.983
140.88,244.0,3.0,0.0,0.6874,0.9228,0.2354,128.574
140.89,27.0,0.0,10.0,47.6462,1.5355,-46.1107,5.998
140.9,27.0,0.0,10.0,47.6462,3.4874,-44.1588,-0.184
140.91,27.0,0.0,10.0,47.6462,9.3257,-38.3205,-1.202
140.92,27.0,0.0,10.0,47.6462,16.1969,-31.4493,-1.232
140.93,27.0,0.0,10.0,47.6462,23.0243,-24.6219,-0.685
140.94,27.0,0.0,10.0,47.6462,30.0004,-17.6458,-0.943
140.95,27.0,0.0,10.0,47.6462,36.9154,-10.7308,-0.956
140.96,27.0,0.0,10.0,47.6462,44.4693,-3.1769,-0.928
140.97,27.0,0.0,10.0,47.6462,51.7693,4.1231,-0.717
140.98,27.0,0.0,10.0,47.6462,53.4937,5.8475,-0.926
140.99,27.0,0.0,10.0,47.6462,53.625,5.9788,-0.7
141.0,27.0,0.0,10.0,47.6462,53.6425,5.9963,-0.829
141.01,27.0,0.0,10.0,47.6462,53.6687,6.0225,-0.845
141.02,27.0,0.0,10.0,47.6462,53.6512,6.005,-0.814
141.03,27.0,0.0,10.0,47.6462,53.66,6.0138,-0.895
141.04,27.0,0.0,10.0,47.6462,53.66,6.0138,-0.813
141.05,27.0,0.0,10.0,47.6462,53.6862,6.04,-0.685
141.06,27.0,0.0,10.0,47.6462,53.7212,6.075,-0.991
141.07,27.0,0.0,10.0,47.6462,53.7212,6.075,-0.587
141.08,27.0,0.0,10.0,47.6462,53.7037,6.0575,-0.731
141.09,27.0,0.0,10.0,47.6462,53.66,6.0138,-0.846
141.1,27.0,0.0,10.0,47.6462,53.6775,6.0313,-0.717
141.11,27.0,0.0,10.0,47.6462,53.695,6.0488,-0.652
141.12,27.0,0.0,10.0,47.6462,53.695,6.0488,-0.716
141.13,5.0,3.0,0.0,52.407,53.6862,1.2792,-0.781
141.14,5.0,3.0,0.0,52.407,53.66,1.253,-0.701
141.15,5.0,3.0,0.0,52.407,53.6862,1.2792,-0.765
141.16,5.0,3.0,0.0,52.407,53.7212,1.3142,-0.75
141.17,5.0,3.0,0.0,52.407,53.7212,1.3142,-0.717
141.18,5.0,3.0,0.0,52.407,53.7212,1.3142,-0.538
141.19,5.0,3.0,0.0,52.407,53.695,1.288,-0.699
141.2,5.0,3.0,0.0,52.407,53.6687,1.2617,-0.747
141.21,5.0,3.0,0.0,52.407,53.66,1.253,-0.781
141.22,5.0,3.0,0.0,52.407,53.6687,1.2617,-0.797
141.23,5.0,3.0,0.0,52.407,53.6775,1.2705,-0.717
141.24,5.0,3.0,0.0,52.407,53.695,1.288,-0.829
141.25,5.0,3.0,0.0,52.407,53.695,1.288,-0.717
141.26,5.0,3.0,0.0,52.407,53.7125,1.3055,-0.635
141.27,5.0,3.0,0.0,52.407,53.7212,1.3142,-0.65
141.28,5.0,3.0,0.0,52.407,53.7125,1.3055,-0.716
141.29,5.0,3.0,0.0,52.407,53.695,1.288,-0.538
141.3,5.0,3.0,0.0,52.407,53.6862,1.2792,-0.667
141.31,5.0,3.0,0.0,52.407,53.6775,1.2705,-0.652
141.32,5.0,3.0,0.0,52.407,53.6862,1.2792,-0.749
141.33,5.0,3.0,0.0,52.407,53.6862,1.2792,-0.619
141.34,5.0,3.0,0.0,52.407,53.695,1.288,-0.666
141.35,5.0,3.0,0.0,52.407,53.695,1.288,-0.666
141.36,5.0,3.0,0.0,52.407,53.7037,1.2967,-0.587
141.37,5.0,3.0,0.0,52.407,53.7125,1.3055,-0.698
141.38,5.0,3.0,0.0,52.407,53.7125,1.3055,-0.683
141.39,5.0,3.0,0.0,52.407,53.7125,1.3055,-0.765
141.4,5.0,3.0,0.0,52.407,53.695,1.288,-0.812
141.41,5.0,3.0,0.0,52.407,53.695,1.288,-0.667
141.42,5.0,3.0,0.0,52.407,53.6775,1.2705,-0.604
141.43,5.0,3.0,0.0,52.407,53.6775,1.2705,-0.747
141.44,5.0,3.0,0.0,52.407,53.6862,1.2792,-0.668
141.45,5.0,3.0,0.0,52.407,53.7037,1.2967,-0.636
141.46,5.0,3.0,0.0,52.407,53.7037,1.2967,-0.828
141.47,5.0,3.0,0.0,52.407,53.695,1.288,-0.587
141.48,5.0,3.0,0.0,52.407,53.695,1.288,-0.65
141.49,5.0,3.0,0.0,52.407,53.6862,1.2792,-0.65
141.5,5.0,3.0,0.0,52.407,53.6862,1.2792,-0.65
141.51,5.0,3.0,0.0,52.407,53.6862,1.2792,-0.667
141.52,5.0,3.0,0.0,52.407,53.6862,1.2792,-0.716
141.53,5.0,3.0,0.0,52.407,53.6775,1.2705,-0.716
141.54,5.0,3.0,0.0,52.407,53.6775,1.2705,-0.635
141.55,5.0,3.0,0.0,52.407,53.6862,1.2792,-0.748
141.56,5.0,3.0,0.0,52.407,53.6862,1.2792,-0.57
141.57,5.0,3.0,0.0,52.407,53.7037,1.2967,-0.554
141.58,5.0,3.0,0.0,52.407,53.7037,1.2967,-0.797
141.59,5.0,3.0,0.0,52.407,53.6862,1.2792,-0.554
141.6,5.0,3.0,0.0,52.407,53.6862,1.2792,-0.569
141.61,5.0,3.0,0.0,52.407,53.6862,1.2792,-0.601
141.62,5.0,3.0,0.0,52.407,53.695,1.288,-0.716
141.63,5.0,3.0,0.0,52.407,53.695,1.288,-0.554
141.64,5.0,3.0,0.0,52.407,53.695,1.288,-0.619
141.65,5.0,3.0,0.0,52.407,53.695,1.288,-0.554
141.66,5.0,3.0,0.0,52.407,53.695,1.288,-0.569
141.67,5.0,3.0,0.0,52.407,53.695,1.288,-0.538
141.68,5.0,3.0,0.0,52.407,53.7037,1.2967,-0.569
141.69,5.0,3.0,0.0,52.407,53.7037,1.2967,-0.441
141.7,5.0,3.0,0.0,52.407,53.695,1.288,-0.602
141.71,5.0,3.0,0.0,52.407,53.695,1.288,-0.587
141.72,5.0,3.0,0.0,52.407,53.7037,1.2967,-0.521
141.73,5.0,3.0,0.0,52.407,53.695,1.288,-0.618
141.74,5.0,3.0,0.0,52.407,53.695,1.288,-0.7
141.75,5.0,3.0,0.0,52.407,53.695,1.288,-0.668
141.76,5.0,3.0,0.0,52.407,53.695,1.288,-0.699
141.77,5.0,3.0,0.0,52.407,53.695,1.288,-0.667
141.78,5.0,3.0,0.0,52.407,53.7037,1.2967,-0.636
141.79,5.0,3.0,0.0,52.407,53.7037,1.2967,-0.667
141.8,5.0,3.0,0.0,52.407,53.7037,1.2967,-0.49
141.81,5.0,3.0,0.0,52.407,53.7037,1.2967,-0.635
141.82,5.0,3.0,0.0,52.407,53.7037,1.2967,-0.587
141.83,5.0,3.0,0.0,52.407,53.7037,1.2967,-0.523
141.84,5.0,3.0,0.0,52.407,53.7125,1.3055,-0.424
141.85,5.0,3.0,0.0,52.407,53.7037,1.2967,-0.504
141.86,5.0,3.0,0.0,52.407,53.7037,1.2967,-0.715
141.87,5.0,3.0,0.0,52.407,53.7037,1.2967,-0.457
141.88,5.0,3.0,0.0,52.407,53.7037,1.2967,-0.813
141.89,5.0,3.0,0.0,52.407,53.7037,1.2967,-0.619
141.9,5.0,3.0,0.0,52.407,53.7125,1.3055,-0.44
141.91,5.0,3.0,0.0,52.407,53.7125,1.3055,-0.634
141.92,5.0,3.0,0.0,52.407,53.7037,1.2967,-0.602
141.93,5.0,3.0,0.0,52.407,53.7125,1.3055,-0.505
141.94,5.0,3.0,0.0,52.407,53.7037,1.2967,-0.635
141.95,5.0,3.0,0.0,52.407,53.7037,1.2967,-0.554
141.96,241.0,0.0,49.0,1.3366,52.4433,51.1067,-0.618
141.97,241.0,0.0,49.0,1.3366,46.1411,44.8045,-0.41
141.98,241.0,0.0,49.0,1.3366,39.2174,37.8808,-0.699
141.99,241.0,0.0,49.0,1.3366,32.0049,30.6683,-0.619
142.0,241.0,0.0,49.0,1.3366,24.5298,23.1932,-0.651
142.01,241.0,0.0,49.0,1.3366,17.1772,15.8406,-0.635
142.02,241.0,0.0,49.0,1.3366,9.9559,8.6193,-0.586
142.03,241.0,0.0,49.0,1.3366,3.3736,2.037,0.433
142.04,241.0,0.0,49.0,1.3366,1.8856,0.549,92.531
142.05,241.0,0.0,49.0,1.3366,0.9228,-0.4138,137.522
142.06,241.0,0.0,49.0,1.3366,0.8703,-0.4663,132.637
142.07,241.0,0.0,49.0,1.3366,0.8703,-0.4663,133.969
142.08,241.0,0.0,49.0,1.3366,0.879,-0.4576,136.702
142.09,241.0,0.0,49.0,1.3366,0.8878,-0.4488,136.752
142.1,241.0,0.0,49.0,1.3366,0.8965,-0.4401,136.28
142.11,241.0,0.0,49.0,1.3366,0.8965,-0.4401,135.789
142.12,241.0,0.0,49.0,1.3366,0.914,-0.4226,135.252
142.13,241.0,0.0,49.0,1.3366,0.914,-0.4226,135.301
142.14,241.0,0.0,49.0,1.3366,0.9228,-0.4138,137.154
142.15,241.0,0.0,49.0,1.3366,0.9315,-0.4051,137.724
142.16,241.0,0.0,49.0,1.3366,0.9315,-0.4051,136.275
142.17,241.0,0.0,49.0,1.3366,0.9315,-0.4051,135.364
142.18,241.0,0.0,49.0,1.3366,0.9228,-0.4138,135.884
142.19,241.0,0.0,49.0,1.3366,0.9315,-0.4051,137.396
142.2,244.0,3.0,0.0,0.6874,0.9403,0.2529,137.527
142.21,244.0,3.0,0.0,0.6874,0.9403,0.2529,136.517
142.22,244.0,3.0,0.0,0.6874,0.9228,0.2354,136.013
142.23,244.0,3.0,0.0,0.6874,0.9315,0.2441,136.565
142.24,244.0,3.0,0.0,0.6874,0.9315,0.2441,137.28
142.25,244.0,3.0,0.0,0.6874,0.9403,0.2529,137.441
142.26,244.0,3.0,0.0,0.6874,0.9315,0.2441,136.775
142.27,244.0,3.0,0.0,0.6874,0.9228,0.2354,136.452
142.28,244.0,3.0,0.0,0.6874,0.9228,0.2354,136.354
142.29,244.0,3.0,0.0,0.6874,0.9228,0.2354,136.986
142.3,244.0,3.0,0.0,0.6874,0.9403,0.2529,137.328
142.31,244.0,3.0,0.0,0.6874,0.9315,0.2441,137.102
142.32,244.0,3.0,0.0,0.6874,0.9315,0.2441,136.385
142.33,244.0,3.0,0.0,0.6874,0.9228,0.2354,136.4
142.34,244.0,3.0,0.0,0.6874,0.9315,0.2441,137.23
142.35,244.0,3.0,0.0,0.6874,0.9403,0.2529,137.231
142.36,244.0,3.0,0.0,0.6874,0.9403,0.2529,136.677
142.37,244.0,3.0,0.0,0.6874,0.9315,0.2441,136.693
142.38,244.0,3.0,0.0,0.6874,0.9403,0.2529,136.774
142.39,244.0,3.0,0.0,0.6874,0.9403,0.2529,136.905
142.4,244.0,3.0,0.0,0.6874,0.9315,0.2441,137.05
142.41,244.0,3.0,0.0,0.6874,0.9315,0.2441,136.859
142.42,244.0,3.0,0.0,0.6874,0.9403,0.2529,136.712
142.43,244.0,3.0,0.0,0.6874,0.9315,0.2441,136.58
142.44,244.0,3.0,0.0,0.6874,0.9315,0.2441,136.725
142.45,244.0,3.0,0.0,0.6874,0.9315,0.2441,137.149
142.46,244.0,3.0,0.0,0.6874,0.9315,0.2441,137.037
142.47,244.0,3.0,0.0,0.6874,0.9315,0.2441,136.45
142.48,244.0,3.0,0.0,0.6874,0.9315,0.2441,136.417
142.49,244.0,3.0,0.0,0.6874,0.9315,0.2441,136.889
142.5,244.0,3.0,0.0,0.6874,0.9228,0.2354,137.442
142.51,244.0,3.0,0.0,0.6874,0.9315,0.2441,136.5
142.52,244.0,3.0,0.0,0.6874,0.914,0.2266,136.45
142.53,244.0,3.0,0.0,0.6874,0.9228,0.2354,136.647
142.54,244.0,3.0,0.0,0.6874,0.914,0.2266,136.874
142.55,244.0,3.0,0.0,0.6874,0.914,0.2266,136.759
142.56,244.0,3.0,0.0,0.6874,0.9228,0.2354,136.631
142.57,244.0,3.0,0.0,0.6874,0.9228,0.2354,136.711
142.58,244.0,3.0,0.0,0.6874,0.914,0.2266,136.582
142.59,244.0,3.0,0.0,0.6874,0.9228,0.2354,136.582
142.6,244.0,3.0,0.0,0.6874,0.9228,0.2354,136.807
142.61,244.0,3.0,0.0,0.6874,0.9228,0.2354,136.955
142.62,244.0,3.0,0.0,0.6874,0.9228,0.2354,136.679
142.63,244.0,3.0,0.0,0.6874,0.9228,0.2354,136.452
142.64,244.0,3.0,0.0,0.6874,0.9228,0.2354,136.759
142.65,244.0,3.0,0.0,0.6874,0.9228,0.2354,136.924
142.66,244.0,3.0,0.0,0.6874,0.9228,0.2354,136.68
142.67,244.0,3.0,0.0,0.6874,0.9228,0.2354,136.678
142.68,244.0,3.0,0.0,0.6874,0.9228,0.2354,136.582
142.69,244.0,3.0,0.0,0.6874,0.9228,0.2354,136.598
142.7,244.0,3.0,0.0,0.6874,0.9228,0.2354,136.873
142.71,244.0,3.0,0.0,0.6874,0.9315,0.2441,136.793
142.72,244.0,3.0,0.0,0.6874,0.9315,0.2441,136.791
142.73,244.0,3.0,0.0,0.6874,0.9228,0.2354,136.485
142.74,244.0,3.0,0.0,0.6874,0.9228,0.2354,136.549
142.75,244.0,3.0,0.0,0.6874,0.9228,0.2354,136.728
142.76,244.0,3.0,0.0,0.6874,0.9228,0.2354,136.632
142.77,244.0,3.0,0.0,0.6874,0.9228,0.2354,136.565
142.78,244.0,3.0,0.0,0.6874,0.9315,0.2441,136.419
142.79,244.0,3.0,0.0,0.6874,0.9228,0.2354,136.79
142.8,244.0,3.0,0.0,0.6874,0.9228,0.2354,136.713
142.81,244.0,3.0,0.0,0.6874,0.9228,0.2354,136.566
142.82,244.0,3.0,0.0,0.6874,0.9228,0.2354,136.518
142.83,244.0,3.0,0.0,0.6874,0.914,0.2266,136.435
142.84,244.0,3.0,0.0,0.6874,0.9228,0.2354,136.807
142.85,244.0,3.0,0.0,0.6874,0.914,0.2266,136.533
142.86,244.0,3.0,0.0,0.6874,0.9228,0.2354,136.549
142.87,244.0,3.0,0.0,0.6874,0.9228,0.2354,136.565
142.88,244.0,3.0,0.0,0.6874,0.914,0.2266,136.551
142.89,244.0,3.0,0.0,0.6874,0.914,0.2266,136.501
142.9,244.0,3.0,0.0,0.6874,0.914,0.2266,136.63
142.91,244.0,3.0,0.0,0.6874,0.9228,0.2354,136.695
142.92,244.0,3.0,0.0,0.6874,0.9228,0.2354,136.647
142.93,244.0,3.0,0.0,0.6874,0.9315,0.2441,136.29
142.94,244.0,3.0,0.0,0.6874,0.9228,0.2354,136.502
142.95,244.0,3.0,0.0,0.6874,0.9228,0.2354,136.615
142.96,244.0,3.0,0.0,0.6874,0.9228,0.2354,136.614
142.97,244.0,3.0,0.0,0.6874,0.9228,0.2354,136.532
142.98,244.0,3.0,0.0,0.6874,0.9228,0.2354,136.55
142.99,244.0,3.0,0.0,0.6874,0.9228,0.2354,136.777
143.0,244.0,3.0,0.0,0.6874,0.9228,0.2354,136.469
143.01,244.0,3.0,0.0,0.6874,0.9228,0.2354,136.581
143.02,244.0,3.0,0.0,0.6874,0.9228,0.2354,136.582
143.03,244.0,3.0,0.0,0.6874,0.9228,0.2354,136.339
143.04,244.0,3.0,0.0,0.6874,0.9228,0.2354,136.564
143.05,244.0,3.0,0.0,0.6874,0.9315,0.2441,136.533
143.06,244.0,3.0,0.0,0.6874,0.9315,0.2441,136.679
143.07,244.0,3.0,0.0,0.6874,0.9315,0.2441,136.421
143.08,244.0,3.0,0.0,0.6874,0.9228,0.2354,136.435
143.09,244.0,3.0,0.0,0.6874,0.9228,0.2354,136.693
143.1,244.0,3.0,0.0,0.6874,0.9315,0.2441,136.759
143.11,244.0,3.0,0.0,0.6874,0.9315,0.2441,136.598
143.12,244.0,3.0,0.0,0.6874,0.9228,0.2354,136.566
143.13,244.0,3.0,0.0,0.6874,0.9315,0.2441,136.371
143.14,244.0,3.0,0.0,0.6874,0.9315,0.2441,136.451
143.15,244.0,3.0,0.0,0.6874,0.9315,0.2441,136.549
143.16,244.0,3.0,0.0,0.6874,0.9315,0.2441,136.5
143.17,244.0,3.0,0.0,0.6874,0.9315,0.2441,136.596
143.18,244.0,3.0,0.0,0.6874,0.9403,0.2529,136.533
143.19,244.0,3.0,0.0,0.6874,0.9228,0.2354,136.548
143.2,244.0,3.0,0.0,0.6874,0.9228,0.2354,136.502
143.21,244.0,3.0,0.0,0.6874,0.9315,0.2441,136.567
143.22,244.0,3.0,0.0,0.6874,0.9315,0.2441,136.614
143.23,244.0,3.0,0.0,0.6874,0.9315,0.2441,136.404
143.24,244.0,3.0,0.0,0.6874,0.9315,0.2441,136.582
143.25,244.0,3.0,0.0,0.6874,0.9315,0.2441,136.661
143.26,244.0,3.0,0.0,0.6874,0.9315,0.2441,136.55
143.27,244.0,3.0,0.0,0.6874,0.9315,0.2441,136.55
143.28,244.0,3.0,0.0,0.6874,0.9315,0.2441,136.566
143.29,244.0,3.0,0.0,0.6874,0.9315,0.2441,136.549
143.3,244.0,3.0,0.0,0.6874,0.9315,0.2441,136.566
143.31,244.0,3.0,0.0,0.6874,0.9315,0.2441,136.419
143.32,244.0,3.0,0.0,0.6874,0.9228,0.2354,136.548
143.33,244.0,3.0,0.0,0.6874,0.9315,0.2441,136.323
143.34,244.0,3.0,0.0,0.6874,0.9228,0.2354,136.435
143.35,244.0,3.0,0.0,0.6874,0.9228,0.2354,136.501
143.36,244.0,3.0,0.0,0.6874,0.9228,0.2354,136.663
143.37,244.0,3.0,0.0,0.6874,0.9315,0.2441,136.565
143.38,244.0,3.0,0.0,0.6874,0.9315,0.2441,136.45
143.39,244.0,3.0,0.0,0.6874,0.9228,0.2354,136.613
143.4,244.0,3.0,0.0,0.6874,0.9228,0.2354,136.534
143.41,244.0,3.0,0.0,0.6874,0.9228,0.2354,136.422
143.42,244.0,3.0,0.0,0.6874,0.9228,0.2354,136.339
143.43,244.0,3.0,0.0,0.6874,0.9228,0.2354,136.484
143.44,244.0,3.0,0.0,0.6874,0.9228,0.2354,136.356
143.45,244.0,3.0,0.0,0.6874,0.9228,0.2354,136.533
143.46,244.0,3.0,0.0,0.6874,0.9228,0.2354,136.405
143.47,244.0,3.0,0.0,0.6874,0.9228,0.2354,136.42
143.48,244.0,3.0,0.0,0.6874,0.914,0.2266,136.389
143.49,244.0,3.0,0.0,0.6874,0.9228,0.2354,136.485
143.5,244.0,3.0,0.0,0.6874,0.9228,0.2354,136.516
143.51,244.0,3.0,0.0,0.6874,0.9228,0.2354,136.421
143.52,244.0,3.0,0.0,0.6874,0.9228,0.2354,136.582
143.53,244.0,3.0,0.0,0.6874,0.9228,0.2354,136.454
143.54,244.0,3.0,0.0,0.6874,0.914,0.2266,136.502
143.55,244.0,3.0,0.0,0.6874,0.914,0.2266,136.453
143.56,244.0,3.0,0.0,0.6874,0.9228,0.2354,136.372
143.57,244.0,3.0,0.0,0.6874,0.914,0.2266,136.483
143.58,244.0,3.0,0.0,0.6874,0.9228,0.2354,136.436
143.59,244.0,3.0,0.0,0.6874,0.9228,0.2354,136.645
143.6,244.0,3.0,0.0,0.6874,0.9228,0.2354,136.42
143.61,244.0,3.0,0.0,0.6874,0.9228,0.2354,136.451
143.62,244.0,3.0,0.0,0.6874,0.914,0.2266,136.418
143.63,244.0,3.0,0.0,0.6874,0.914,0.2266,136.42
143.64,244.0,3.0,0.0,0.6874,0.9228,0.2354,136.531
143.65,244.0,3.0,0.0,0.6874,0.914,0.2266,136.502
143.66,244.0,3.0,0.0,0.6874,0.914,0.2266,136.471
143.67,244.0,3.0,0.0,0.6874,0.914,0.2266,136.419
143.68,244.0,3.0,0.0,0.6874,0.914,0.2266,136.291
143.69,244.0,3.0,0.0,0.6874,0.9228,0.2354,136.339
143.7,244.0,3.0,0.0,0.6874,0.914,0.2266,136.727
143.71,244.0,3.0,0.0,0.6874,0.914,0.2266,136.388
143.72,244.0,3.0,0.0,0.6874,0.914,0.2266,136.419
143.73,244.0,3.0,0.0,0.6874,0.914,0.2266,136.389
143.74,244.0,3.0,0.0,0.6874,0.914,0.2266,136.451
143.75,244.0,3.0,0.0,0.6874,0.914,0.2266,136.29
143.76,244.0,3.0,0.0,0.6874,0.9228,0.2354,136.565
143.77,244.0,3.0,0.0,0.6874,0.9228,0.2354,136.727
143.78,244.0,3.0,0.0,0.6874,0.914,0.2266,136.615
143.79,244.0,3.0,0.0,0.6874,0.914,0.2266,136.517
143.8,244.0,3.0,0.0,0.6874,0.914,0.2266,136.533
143.81,244.0,3.0,0.0,0.6874,0.914,0.2266,136.485
143.82,244.0,3.0,0.0,0.6874,0.914,0.2266,136.388
143.83,244.0,3.0,0.0,0.6874,0.9228,0.2354,136.275
143.84,244.0,3.0,0.0,0.6874,0.9228,0.2354,136.549
143.85,244.0,3.0,0.0,0.6874,0.9228,0.2354,136.485
143.86,244.0,3.0,0.0,0.6874,0.9228,0.2354,136.388
143.87,244.0,3.0,0.0,0.6874,0.9228,0.2354,136.484
143.88,244.0,3.0,0.0,0.6874,0.9228,0.2354,136.291
143.89,244.0,3.0,0.0,0.6874,0.9228,0.2354,136.452
143.9,244.0,3.0,0.0,0.6874,0.9315,0.2441,136.485
143.91,244.0,3.0,0.0,0.6874,0.9315,0.2441,136.305
143.92,244.0,3.0,0.0,0.6874,0.9228,0.2354,136.485
143.93,244.0,3.0,0.0,0.6874,0.9228,0.2354,136.356
143.94,244.0,3.0,0.0,0.6874,0.9228,0.2354,136.564
143.95,244.0,3.0,0.0,0.6874,0.9315,0.2441,136.421
143.96,244.0,3.0,0.0,0.6874,0.9228,0.2354,136.435
143.97,244.0,3.0,0.0,0.6874,0.9315,0.2441,136.436
143.98,244.0,3.0,0.0,0.6874,0.9228,0.2354,136.468
143.99,244.0,3.0,0.0,0.6874,0.9228,0.2354,136.533
144.0,244.0,3.0,0.0,0.6874,0.9315,0.2441,136.517
144.01,244.0,3.0,0.0,0.6874,0.9228,0.2354,136.452
144.02,244.0,3.0,0.0,0.6874,0.9228,0.2354,136.5
144.03,244.0,3.0,0.0,0.6874,0.9228,0.2354,136.42
144.04,244.0,3.0,0.0,0.6874,0.914,0.2266,136.37
144.05,244.0,3.0,0.0,0.6874,0.9315,0.2441,136.499
144.06,244.0,3.0,0.0,0.6874,0.9228,0.2354,136.534
144.07,244.0,3.0,0.0,0.6874,0.9228,0.2354,136.485
144.08,244.0,3.0,0.0,0.6874,0.9228,0.2354,136.34
144.09,244.0,3.0,0.0,0.6874,0.9228,0.2354,136.45
144.1,244.0,3.0,0.0,0.6874,0.9228,0.2354,136.259
144.11,244.0,3.0,0.0,0.6874,0.914,0.2266,136.418
144.12,244.0,3.0,0.0,0.6874,0.9228,0.2354,136.404
144.13,244.0,3.0,0.0,0.6874,0.914,0.2266,136.243
144.14,244.0,3.0,0.0,0.6874,0.9228,0.2354,136.322
144.15,244.0,3.0,0.0,0.6874,0.9228,0.2354,136.42
144.16,244.0,3.0,0.0,0.6874,0.914,0.2266,136.34
144.17,244.0,3.0,0.0,0.6874,0.9228,0.2354,136.467
144.18,244.0,3.0,0.0,0.6874,0.9228,0.2354,136.468
144.19,244.0,3.0,0.0,0.6874,0.9228,0.2354,136.437
144.2,244.0,3.0,0.0,0.6874,0.9228,0.2354,136.451
144.21,244.0,3.0,0.0,0.6874,0.914,0.2266,136.581
144.22,244.0,3.0,0.0,0.6874,0.9053,0.2179,136.486
144.23,244.0,3.0,0.0,0.6874,0.914,0.2266,136.42
144.24,244.0,3.0,0.0,0.6874,0.914,0.2266,136.63
144.25,244.0,3.0,0.0,0.6874,0.9228,0.2354,136.419
144.26,244.0,3.0,0.0,0.6874,0.9228,0.2354,136.453
144.27,244.0,3.0,0.0,0.6874,0.914,0.2266,136.34
144.28,244.0,3.0,0.0,0.6874,0.914,0.2266,136.259
144.29,244.0,3.0,0.0,0.6874,0.914,0.2266,136.5
144.3,244.0,3.0,0.0,0.6874,0.9228,0.2354,136.34
144.31,244.0,3.0,0.0,0.6874,0.914,0.2266,136.419
144.32,244.0,3.0,0.0,0.6874,0.9228,0.2354,136.371
144.33,244.0,3.0,0.0,0.6874,0.9228,0.2354,136.356
144.34,244.0,3.0,0.0,0.6874,0.9228,0.2354,136.436
144.35,244.0,3.0,0.0,0.6874,0.914,0.2266,136.291
144.36,244.0,3.0,0.0,0.6874,0.914,0.2266,136.42
144.37,244.0,3.0,0.0,0.6874,0.9228,0.2354,136.63
144.38,244.0,3.0,0.0,0.6874,0.914,0.2266,136.502
144.39,244.0,3.0,0.0,0.6874,0.9228,0.2354,136.372
144.4,244.0,3.0,0.0,0.6874,0.9315,0.2441,136.307
144.41,244.0,3.0,0.0,0.6874,0.9315,0.2441,136.322
144.42,244.0,3.0,0.0,0.6874,0.9228,0.2354,136.55
144.43,244.0,3.0,0.0,0.6874,0.9315,0.2441,136.42
144.44,244.0,3.0,0.0,0.6874,0.9315,0.2441,136.581
144.45,244.0,3.0,0.0,0.6874,0.9315,0.2441,136.371
144.46,244.0,3.0,0.0,0.6874,0.9228,0.2354,136.386
144.47,244.0,3.0,0.0,0.6874,0.9228,0.2354,136.451
144.48,244.0,3.0,0.0,0.6874,0.9228,0.2354,136.274
144.49,244.0,3.0,0.0,0.6874,0.9315,0.2441,136.469
144.5,244.0,3.0,0.0,0.6874,0.9228,0.2354,136.307
144.51,244.0,3.0,0.0,0.6874,0.9315,0.2441,136.242
144.52,244.0,3.0,0.0,0.6874,0.9315,0.2441,136.468
144.53,244.0,3.0,0.0,0.6874,0.9228,0.2354,136.356
144.54,244.0,3.0,0.0,0.6874,0.9315,0.2441,136.372
144.55,244.0,3.0,0.0,0.6874,0.9315,0.2441,136.372
144.56,244.0,3.0,0.0,0.6874,0.9315,0.2441,136.372
144.57,244.0,3.0,0.0,0.6874,0.9315,0.2441,136.453
144.58,244.0,3.0,0.0,0.6874,0.9315,0.2441,136.468
144.59,244.0,3.0,0.0,0.6874,0.9315,0.2441,136.5
144.6,244.0,3.0,0.0,0.6874,0.9315,0.2441,136.453
144.61,244.0,3.0,0.0,0.6874,0.9315,0.2441,136.453
144.62,244.0,3.0,0.0,0.6874,0.9315,0.2441,136.421
144.63,244.0,3.0,0.0,0.6874,0.9315,0.2441,136.323
144.64,244.0,3.0,0.0,0.6874,0.9315,0.2441,136.451
144.65,244.0,3.0,0.0,0.6874,0.9315,0.2441,136.389
144.66,244.0,3.0,0.0,0.6874,0.9315,0.2441,136.403
144.67,244.0,3.0,0.0,0.6874,0.9315,0.2441,136.55
144.68,244.0,3.0,0.0,0.6874,0.914,0.2266,136.421
144.69,244.0,3.0,0.0,0.6874,0.9228,0.2354,136.34
144.7,244.0,3.0,0.0,0.6874,0.9228,0.2354,136.307
144.71,244.0,3.0,0.0,0.6874,0.9228,0.2354,136.469
144.72,244.0,3.0,0.0,0.6874,0.9228,0.2354,136.421
144.73,244.0,3.0,0.0,0.6874,0.9228,0.2354,136.533
144.74,244.0,3.0,0.0,0.6874,0.914,0.2266,136.405
144.75,244.0,3.0,0.0,0.6874,0.9315,0.2441,136.226
144.76,244.0,3.0,0.0,0.6874,0.9315,0.2441,136.484
144.77,244.0,3.0,0.0,0.6874,0.9315,0.2441,136.485
144.78,244.0,3.0,0.0,0.6874,0.9315,0.2441,136.323
144.79,244.0,3.0,0.0,0.6874,0.9315,0.2441,136.615
144.8,244.0,3.0,0.0,0.6874,0.9228,0.2354,136.404
144.81,244.0,3.0,0.0,0.6874,0.9228,0.2354,136.371
144.82,244.0,3.0,0.0,0.6874,0.9228,0.2354,136.614
144.83,244.0,3.0,0.0,0.6874,0.9228,0.2354,136.225
144.84,244.0,3.0,0.0,0.6874,0.9228,0.2354,136.419
144.85,244.0,3.0,0.0,0.6874,0.9228,0.2354,136.484
144.86,244.0,3.0,0.0,0.6874,0.9228,0.2354,136.339
144.87,244.0,3.0,0.0,0.6874,0.9228,0.2354,136.355
144.88,244.0,3.0,0.0,0.6874,0.9228,0.2354,136.339
144.89,244.0,3.0,0.0,0.6874,0.9228,0.2354,136.452
144.9,244.0,3.0,0.0,0.6874,0.9228,0.2354,136.467
144.91,244.0,3.0,0.0,0.6874,0.9228,0.2354,136.323
144.92,244.0,3.0,0.0,0.6874,0.9228,0.2354,136.533
144.93,244.0,3.0,0.0,0.6874,0.914,0.2266,136.42
144.94,244.0,3.0,0.0,0.6874,0.9228,0.2354,136.419
144.95,244.0,3.0,0.0,0.6874,0.9228,0.2354,136.452
144.96,244.0,3.0,0.0,0.6874,0.9228,0.2354,136.388
144.97,244.0,3.0,0.0,0.6874,0.9228,0.2354,136.517
144.98,244.0,3.0,0.0,0.6874,0.9315,0.2441,136.356
144.99,244.0,3.0,0.0,0.6874,0.9315,0.2441,136.484
145.0,244.0,3.0,0.0,0.6874,0.9315,0.2441,136.194
145.01,244.0,3.0,0.0,0.6874,0.9228,0.2354,136.306
145.02,244.0,3.0,0.0,0.6874,0.9228,0.2354,136.45
145.03,244.0,3.0,0.0,0.6874,0.9228,0.2354,136.467
145.04,244.0,3.0,0.0,0.6874,0.9228,0.2354,136.357
145.05,244.0,3.0,0.0,0.6874,0.914,0.2266,136.242
145.06,244.0,3.0,0.0,0.6874,0.9228,0.2354,136.339
145.07,244.0,3.0,0.0,0.6874,0.914,0.2266,136.356
145.08,244.0,3.0,0.0,0.6874,0.914,0.2266,136.436
145.09,244.0,3.0,0.0,0.6874,0.914,0.2266,136.372
145.1,244.0,3.0,0.0,0.6874,0.914,0.2266,136.34
145.11,244.0,3.0,0.0,0.6874,0.914,0.2266,136.435
145.12,244.0,3.0,0.0,0.6874,0.914,0.2266,136.517
145.13,244.0,3.0,0.0,0.6874,0.914,0.2266,136.437
145.14,244.0,3.0,0.0,0.6874,0.9228,0.2354,136.275
145.15,244.0,3.0,0.0,0.6874,0.914,0.2266,136.452
145.16,244.0,3.0,0.0,0.6874,0.914,0.2266,136.371
145.17,244.0,3.0,0.0,0.6874,0.914,0.2266,136.289
145.18,244.0,3.0,0.0,0.6874,0.914,0.2266,136.355
145.19,244.0,3.0,0.0,0.6874,0.914,0.2266,136.356
145.2,244.0,3.0,0.0,0.6874,0.914,0.2266,136.275
145.21,244.0,3.0,0.0,0.6874,0.914,0.2266,136.338
145.22,244.0,3.0,0.0,0.6874,0.9053,0.2179,136.324
145.23,244.0,3.0,0.0,0.6874,0.914,0.2266,136.259
145.24,244.0,3.0,0.0,0.6874,0.914,0.2266,136.339
145.25,244.0,3.0,0.0,0.6874,0.914,0.2266,136.387
145.26,244.0,3.0,0.0,0.6874,0.9228,0.2354,136.275
145.27,244.0,3.0,0.0,0.6874,0.914,0.2266,136.387
145.28,244.0,3.0,0.0,0.6874,0.9228,0.2354,136.323
145.29,244.0,3.0,0.0,0.6874,0.914,0.2266,136.483
145.3,244.0,3.0,0.0,0.6874,0.9228,0.2354,136.34
145.31,244.0,3.0,0.0,0.6874,0.9228,0.2354,136.451
145.32,244.0,3.0,0.0,0.6874,0.9228,0.2354,136.466
145.33,244.0,3.0,0.0,0.6874,0.9228,0.2354,136.209
145.34,244.0,3.0,0.0,0.6874,0.9228,0.2354,136.437
145.35,244.0,3.0,0.0,0.6874,0.9228,0.2354,136.291
145.36,244.0,3.0,0.0,0.6874,0.9228,0.2354,136.5
145.37,244.0,3.0,0.0,0.6874,0.9315,0.2441,136.549
145.38,244.0,3.0,0.0,0.6874,0.9228,0.2354,136.421
145.39,244.0,3.0,0.0,0.6874,0.9315,0.2441,136.403
145.4,244.0,3.0,0.0,0.6874,0.9228,0.2354,136.34
145.41,244.0,3.0,0.0,0.6874,0.9228,0.2354,136.274
145.42,244.0,3.0,0.0,0.6874,0.9228,0.2354,136.323
145.43,244.0,3.0,0.0,0.6874,0.9228,0.2354,136.339
145.44,244.0,3.0,0.0,0.6874,0.9228,0.2354,136.324
145.45,244.0,3.0,0.0,0.6874,0.9315,0.2441,136.485
145.46,244.0,3.0,0.0,0.6874,0.9228,0.2354,136.387
145.47,244.0,3.0,0.0,0.6874,0.9228,0.2354,136.371
145.48,244.0,3.0,0.0,0.6874,0.9228,0.2354,136.21
145.49,244.0,3.0,0.0,0.6874,0.9228,0.2354,136.566
145.5,244.0,3.0,0.0,0.6874,0.914,0.2266,136.355
145.51,244.0,3.0,0.0,0.6874,0.9228,0.2354,136.242
145.52,244.0,3.0,0.0,0.6874,0.914,0.2266,136.436
145.53,244.0,3.0,0.0,0.6874,0.914,0.2266,136.258
145.54,244.0,3.0,0.0,0.6874,0.9228,0.2354,136.291
145.55,244.0,3.0,0.0,0.6874,0.9228,0.2354,136.372
145.56,244.0,3.0,0.0,0.6874,0.9315,0.2441,136.388
145.57,244.0,3.0,0.0,0.6874,0.9315,0.2441,136.419
145.58,244.0,3.0,0.0,0.6874,0.9228,0.2354,136.291
145.59,244.0,3.0,0.0,0.6874,0.9228,0.2354,136.435
145.6,244.0,3.0,0.0,0.6874,0.9228,0.2354,136.209
145.61,244.0,3.0,0.0,0.6874,0.914,0.2266,136.355
145.62,244.0,3.0,0.0,0.6874,0.914,0.2266,136.387
145.63,244.0,3.0,0.0,0.6874,0.914,0.2266,136.21
145.64,244.0,3.0,0.0,0.6874,0.914,0.2266,136.402
145.65,244.0,3.0,0.0,0.6874,0.9228,0.2354,136.451
145.66,244.0,3.0,0.0,0.6874,0.9228,0.2354,136.275
145.67,244.0,3.0,0.0,0.6874,0.9228,0.2354,136.582
145.68,244.0,3.0,0.0,0.6874,0.9228,0.2354,136.307
145.69,244.0,3.0,0.0,0.6874,0.9315,0.2441,136.469
145.7,244.0,3.0,0.0,0.6874,0.9315,0.2441,136.371
145.71,244.0,3.0,0.0,0.6874,0.9315,0.2441,136.177
145.72,244.0,3.0,0.0,0.6874,0.9315,0.2441,136.42
145.73,244.0,3.0,0.0,0.6874,0.9315,0.2441,136.389
145.74,244.0,3.0,0.0,0.6874,0.9228,0.2354,136.468
145.75,244.0,3.0,0.0,0.6874,0.9315,0.2441,136.242
145.76,244.0,3.0,0.0,0.6874,0.9228,0.2354,136.209
145.77,244.0,3.0,0.0,0.6874,0.9228,0.2354,136.24
145.78,244.0,3.0,0.0,0.6874,0.9315,0.2441,136.339
145.79,244.0,3.0,0.0,0.6874,0.9315,0.2441,136.419
145.8,244.0,3.0,0.0,0.6874,0.9315,0.2441,136.453
145.81,244.0,3.0,0.0,0.6874,0.9315,0.2441,136.453
145.82,244.0,3.0,0.0,0.6874,0.9315,0.2441,136.388
145.83,244.0,3.0,0.0,0.6874,0.9315,0.2441,136.372
145.84,244.0,3.0,0.0,0.6874,0.9315,0.2441,136.307
145.85,244.0,3.0,0.0,0.6874,0.9228,0.2354,136.322
145.86,244.0,3.0,0.0,0.6874,0.9228,0.2354,136.483
145.87,244.0,3.0,0.0,0.6874,0.9315,0.2441,136.372
145.88,244.0,3.0,0.0,0.6874,0.9228,0.2354,136.307
145.89,244.0,3.0,0.0,0.6874,0.9228,0.2354,136.291
145.9,244.0,3.0,0.0,0.6874,0.9228,0.2354,136.42
145.91,244.0,3.0,0.0,0.6874,0.9228,0.2354,136.258
145.92,244.0,3.0,0.0,0.6874,0.9228,0.2354,136.452
145.93,244.0,3.0,0.0,0.6874,0.9228,0.2354,136.145
145.94,244.0,3.0,0.0,0.6874,0.914,0.2266,136.452
145.95,244.0,3.0,0.0,0.6874,0.9228,0.2354,136.437
145.96,244.0,3.0,0.0,0.6874,0.9228,0.2354,136.177
145.97,244.0,3.0,0.0,0.6874,0.9228,0.2354,136.338
145.98,244.0,3.0,0.0,0.6874,0.9315,0.2441,136.42
145.99,244.0,3.0,0.0,0.6874,0.9228,0.2354,136.435
146.0,244.0,3.0,0.0,0.6874,0.9228,0.2354,136.387
146.01,244.0,3.0,0.0,0.6874,0.9228,0.2354,136.242
146.02,244.0,3.0,0.0,0.6874,0.9315,0.2441,136.242
146.03,244.0,3.0,0.0,0.6874,0.9228,0.2354,136.306
146.04,244.0,3.0,0.0,0.6874,0.9228,0.2354,136.42
146.05,244.0,3.0,0.0,0.6874,0.9315,0.2441,136.323
146.06,244.0,3.0,0.0,0.6874,0.9228,0.2354,136.403
146.07,244.0,3.0,0.0,0.6874,0.9228,0.2354,136.323
146.08,244.0,3.0,0.0,0.6874,0.9315,0.2441,136.258
146.09,244.0,3.0,0.0,0.6874,0.9228,0.2354,136.404
146.1,244.0,3.0,0.0,0.6874,0.9228,0.2354,136.404
146.11,244.0,3.0,0.0,0.6874,0.9228,0.2354,136.241
146.12,244.0,3.0,0.0,0.6874,0.9228,0.2354,136.353
146.13,244.0,3.0,0.0,0.6874,0.914,0.2266,136.259
146.14,244.0,3.0,0.0,0.6874,0.9315,0.2441,136.468
146.15,244.0,3.0,0.0,0.6874,0.9228,0.2354,136.275
146.16,244.0,3.0,0.0,0.6874,0.9228,0.2354,136.243
146.17,244.0,3.0,0.0,0.6874,0.9228,0.2354,136.517
146.18,244.0,3.0,0.0,0.6874,0.914,0.2266,136.419
146.19,244.0,3.0,0.0,0.6874,0.914,0.2266,136.29
146.2,244.0,3.0,0.0,0.6874,0.9315,0.2441,136.437
146.21,244.0,3.0,0.0,0.6874,0.914,0.2266,136.389
146.22,244.0,3.0,0.0,0.6874,0.9315,0.2441,136.517
146.23,244.0,3.0,0.0,0.6874,0.9228,0.2354,136.291
146.24,244.0,3.0,0.0,0.6874,0.9228,0.2354,136.565
146.25,244.0,3.0,0.0,0.6874,0.9315,0.2441,136.274
146.26,244.0,3.0,0.0,0.6874,0.9228,0.2354,136.306
146.27,244.0,3.0,0.0,0.6874,0.9228,0.2354,136.469
146.28,244.0,3.0,0.0,0.6874,0.9228,0.2354,136.307
146.29,244.0,3.0,0.0,0.6874,0.9228,0.2354,136.323
146.3,244.0,3.0,0.0,0.6874,0.9315,0.2441,136.436
146.31,244.0,3.0,0.0,0.6874,0.9315,0.2441,136.226
146.32,244.0,3.0,0.0,0.6874,0.9228,0.2354,136.37
146.33,244.0,3.0,0.0,0.6874,0.9228,0.2354,136.355
146.34,244.0,3.0,0.0,0.6874,0.9228,0.2354,136.437
146.35,244.0,3.0,0.0,0.6874,0.9228,0.2354,136.291
146.36,244.0,3.0,0.0,0.6874,0.9228,0.2354,136.275
146.37,244.0,3.0,0.0,0.6874,0.9228,0.2354,136.419
146.38,244.0,3.0,0.0,0.6874,0.914,0.2266,136.258
146.39,244.0,3.0,0.0,0.6874,0.9228,0.2354,136.419
146.4,244.0,3.0,0.0,0.6874,0.9315,0.2441,136.388
146.41,244.0,3.0,0.0,0.6874,0.9315,0.2441,136.243
146.42,244.0,3.0,0.0,0.6874,0.9315,0.2441,136.338
146.43,244.0,3.0,0.0,0.6874,0.9315,0.2441,136.338
146.44,244.0,3.0,0.0,0.6874,0.914,0.2266,136.307
146.45,244.0,3.0,0.0,0.6874,0.9315,0.2441,136.386
146.46,244.0,3.0,0.0,0.6874,0.9228,0.2354,136.243
146.47,244.0,3.0,0.0,0.6874,0.9228,0.2354,136.484
146.48,244.0,3.0,0.0,0.6874,0.9228,0.2354,136.373
146.49,244.0,3.0,0.0,0.6874,0.9228,0.2354,136.274
146.5,244.0,3.0,0.0,0.6874,0.9315,0.2441,136.274
146.51,244.0,3.0,0.0,0.6874,0.9315,0.2441,136.161
146.52,244.0,3.0,0.0,0.6874,0.9315,0.2441,136.322
146.53,244.0,3.0,0.0,0.6874,0.9228,0.2354,136.112
146.54,244.0,3.0,0.0,0.6874,0.9228,0.2354,136.435
146.55,244.0,3.0,0.0,0.6874,0.9315,0.2441,136.242
146.56,244.0,3.0,0.0,0.6874,0.9228,0.2354,136.21
146.57,244.0,3.0,0.0,0.6874,0.9228,0.2354,136.273
146.58,244.0,3.0,0.0,0.6874,0.9228,0.2354,136.29
146.59,244.0,3.0,0.0,0.6874,0.9228,0.2354,136.467
146.6,244.0,3.0,0.0,0.6874,0.9228,0.2354,136.275
146.61,244.0,3.0,0.0,0.6874,0.9228,0.2354,136.29
146.62,244.0,3.0,0.0,0.6874,0.9228,0.2354,136.339
146.63,244.0,3.0,0.0,0.6874,0.9228,0.2354,136.258
146.64,244.0,3.0,0.0,0.6874,0.9315,0.2441,136.419
146.65,244.0,3.0,0.0,0.6874,0.9228,0.2354,136.484
146.66,244.0,3.0,0.0,0.6874,0.9315,0.2441,136.291
146.67,244.0,3.0,0.0,0.6874,0.9228,0.2354,136.241
146.68,244.0,3.0,0.0,0.6874,0.914,0.2266,136.322
146.69,244.0,3.0,0.0,0.6874,0.9228,0.2354,136.469
146.7,244.0,3.0,0.0,0.6874,0.914,0.2266,136.469
146.71,244.0,3.0,0.0,0.6874,0.9315,0.2441,136.209
146.72,244.0,3.0,0.0,0.6874,0.9228,0.2354,136.339
146.73,244.0,3.0,0.0,0.6874,0.914,0.2266,136.387
146.74,244.0,3.0,0.0,0.6874,0.914,0.2266,136.516
146.75,244.0,3.0,0.0,0.6874,0.9315,0.2441,136.453
146.76,244.0,3.0,0.0,0.6874,0.9228,0.2354,136.178
146.77,244.0,3.0,0.0,0.6874,0.9228,0.2354,136.371
146.78,244.0,3.0,0.0,0.6874,0.9315,0.2441,136.307
146.79,244.0,3.0,0.0,0.6874,0.9315,0.2441,136.386
146.8,244.0,3.0,0.0,0.6874,0.9228,0.2354,136.243
146.81,244.0,3.0,0.0,0.6874,0.9228,0.2354,136.29
146.82,244.0,3.0,0.0,0.6874,0.9315,0.2441,136.323
146.83,244.0,3.0,0.0,0.6874,0.9315,0.2441,136.371
146.84,244.0,3.0,0.0,0.6874,0.9228,0.2354,136.274
146.85,244.0,3.0,0.0,0.6874,0.9228,0.2354,136.403
146.86,244.0,3.0,0.0,0.6874,0.9315,0.2441,136.355
146.87,244.0,3.0,0.0,0.6874,0.9228,0.2354,136.501
146.88,244.0,3.0,0.0,0.6874,0.9228,0.2354,136.209
146.89,244.0,3.0,0.0,0.6874,0.9315,0.2441,136.241
146.9,244.0,3.0,0.0,0.6874,0.9228,0.2354,136.226
146.91,244.0,3.0,0.0,0.6874,0.9228,0.2354,136.307
146.92,244.0,3.0,0.0,0.6874,0.9228,0.2354,136.499
146.93,244.0,3.0,0.0,0.6874,0.9228,0.2354,136.306
146.94,244.0,3.0,0.0,0.6874,0.9228,0.2354,136.291
146.95,244.0,3.0,0.0,0.6874,0.9228,0.2354,136.259
146.96,244.0,3.0,0.0,0.6874,0.9228,0.2354,136.272
146.97,244.0,3.0,0.0,0.6874,0.9228,0.2354,136.467
146.98,244.0,3.0,0.0,0.6874,0.9228,0.2354,136.306
146.99,244.0,3.0,0.0,0.6874,0.9228,0.2354,136.518
147.0,244.0,3.0,0.0,0.6874,0.9228,0.2354,136.259
147.01,244.0,3.0,0.0,0.6874,0.9228,0.2354,136.242
147.02,244.0,3.0,0.0,0.6874,0.914,0.2266,136.386
147.03,244.0,3.0,0.0,0.6874,0.9228,0.2354,136.145
147.04,244.0,3.0,0.0,0.6874,0.9228,0.2354,136.258
147.05,244.0,3.0,0.0,0.6874,0.9228,0.2354,136.338
147.06,244.0,3.0,0.0,0.6874,0.9228,0.2354,136.339
147.07,244.0,3.0,0.0,0.6874,0.914,0.2266,136.258
147.08,244.0,3.0,0.0,0.6874,0.914,0.2266,136.21
147.09,244.0,3.0,0.0,0.6874,0.9053,0.2179,136.257
147.1,244.0,3.0,0.0,0.6874,0.914,0.2266,136.338
147.11,244.0,3.0,0.0,0.6874,0.9315,0.2441,136.371
147.12,244.0,3.0,0.0,0.6874,0.9228,0.2354,136.291
147.13,244.0,3.0,0.0,0.6874,0.9228,0.2354,136.08
147.14,244.0,3.0,0.0,0.6874,0.9228,0.2354,136.29
147.15,244.0,3.0,0.0,0.6874,0.914,0.2266,136.306
147.16,244.0,3.0,0.0,0.6874,0.9228,0.2354,136.337
147.17,244.0,3.0,0.0,0.6874,0.9228,0.2354,136.275
147.18,244.0,3.0,0.0,0.6874,0.9228,0.2354,136.258
147.19,244.0,3.0,0.0,0.6874,0.9228,0.2354,136.37
147.2,244.0,3.0,0.0,0.6874,0.914,0.2266,136.386
147.21,244.0,3.0,0.0,0.6874,0.9228,0.2354,136.372
147.22,244.0,3.0,0.0,0.6874,0.9315,0.2441,136.177
147.23,244.0,3.0,0.0,0.6874,0.9228,0.2354,136.192
147.24,244.0,3.0,0.0,0.6874,0.9315,0.2441,136.323
147.25,244.0,3.0,0.0,0.6874,0.9228,0.2354,136.209
147.26,244.0,3.0,0.0,0.6874,0.9228,0.2354,136.225
147.27,244.0,3.0,0.0,0.6874,0.9228,0.2354,136.338
147.28,244.0,3.0,0.0,0.6874,0.9315,0.2441,136.275
147.29,244.0,3.0,0.0,0.6874,0.9228,0.2354,136.354
147.3,244.0,3.0,0.0,0.6874,0.9228,0.2354,136.453
147.31,244.0,3.0,0.0,0.6874,0.9315,0.2441,136.209
147.32,244.0,3.0,0.0,0.6874,0.914,0.2266,136.517
147.33,244.0,3.0,0.0,0.6874,0.914,0.2266,136.274
147.34,244.0,3.0,0.0,0.6874,0.914,0.2266,136.258
147.35,244.0,3.0,0.0,0.6874,0.914,0.2266,136.467
147.36,244.0,3.0,0.0,0.6874,0.914,0.2266,136.372
147.37,244.0,3.0,0.0,0.6874,0.914,0.2266,136.307
147.38,244.0,3.0,0.0,0.6874,0.914,0.2266,136.274
147.39,244.0,3.0,0.0,0.6874,0.914,0.2266,136.323
147.4,244.0,3.0,0.0,0.6874,0.914,0.2266,136.225
147.41,244.0,3.0,0.0,0.6874,0.914,0.2266,136.258
147.42,244.0,3.0,0.0,0.6874,0.9228,0.2354,136.387
147.43,244.0,3.0,0.0,0.6874,0.9228,0.2354,136.258
147.44,244.0,3.0,0.0,0.6874,0.9228,0.2354,136.322
147.45,244.0,3.0,0.0,0.6874,0.9228,0.2354,136.322
147.46,244.0,3.0,0.0,0.6874,0.914,0.2266,136.291
147.47,244.0,3.0,0.0,0.6874,0.9228,0.2354,136.37
147.48,244.0,3.0,0.0,0.6874,0.9228,0.2354,136.016
147.49,244.0,3.0,0.0,0.6874,0.9228,0.2354,136.274
147.5,244.0,3.0,0.0,0.6874,0.914,0.2266,136.353
147.51,244.0,3.0,0.0,0.6874,0.914,0.2266,136.323
147.52,244.0,3.0,0.0,0.6874,0.914,0.2266,136.323
147.53,244.0,3.0,0.0,0.6874,0.914,0.2266,136.354
147.54,244.0,3.0,0.0,0.6874,0.9228,0.2354,136.355
147.55,244.0,3.0,0.0,0.6874,0.9228,0.2354,136.307
147.56,244.0,3.0,0.0,0.6874,0.9228,0.2354,136.21
147.57,244.0,3.0,0.0,0.6874,0.914,0.2266,136.419
147.58,244.0,3.0,0.0,0.6874,0.9228,0.2354,136.259
147.59,244.0,3.0,0.0,0.6874,0.9228,0.2354,136.322
147.6,244.0,3.0,0.0,0.6874,0.9228,0.2354,136.37
147.61,244.0,3.0,0.0,0.6874,0.9228,0.2354,136.274
147.62,244.0,3.0,0.0,0.6874,0.9228,0.2354,136.193
147.63,244.0,3.0,0.0,0.6874,0.9228,0.2354,136.112
147.64,244.0,3.0,0.0,0.6874,0.9315,0.2441,136.289
147.65,244.0,3.0,0.0,0.6874,0.9053,0.2179,136.323
147.66,244.0,3.0,0.0,0.6874,0.9228,0.2354,136.386
147.67,244.0,3.0,0.0,0.6874,0.9228,0.2354,136.324
147.68,244.0,3.0,0.0,0.6874,0.914,0.2266,136.096
147.69,244.0,3.0,0.0,0.6874,0.9228,0.2354,136.419
147.7,244.0,3.0,0.0,0.6874,0.9228,0.2354,136.177
147.71,244.0,3.0,0.0,0.6874,0.9228,0.2354,136.339
147.72,244.0,3.0,0.0,0.6874,0.9228,0.2354,136.323
147.73,244.0,3.0,0.0,0.6874,0.9228,0.2354,136.258
147.74,244.0,3.0,0.0,0.6874,0.9315,0.2441,136.145
147.75,244.0,3.0,0.0,0.6874,0.914,0.2266,136.193
147.76,244.0,3.0,0.0,0.6874,0.914,0.2266,136.274
147.77,244.0,3.0,0.0,0.6874,0.914,0.2266,136.226
147.78,244.0,3.0,0.0,0.6874,0.914,0.2266,136.274
147.79,244.0,3.0,0.0,0.6874,0.9228,0.2354,136.418
147.8,244.0,3.0,0.0,0.6874,0.9315,0.2441,136.323
147.81,244.0,3.0,0.0,0.6874,0.9228,0.2354,136.308
147.82,244.0,3.0,0.0,0.6874,0.9228,0.2354,136.435
147.83,244.0,3.0,0.0,0.6874,0.9053,0.2179,136.145
147.84,244.0,3.0,0.0,0.6874,0.9228,0.2354,136.193
147.85,244.0,3.0,0.0,0.6874,0.9228,0.2354,136.112
147.86,244.0,3.0,0.0,0.6874,0.9228,0.2354,136.338
147.87,244.0,3.0,0.0,0.6874,0.9228,0.2354,136.242
147.88,244.0,3.0,0.0,0.6874,0.9228,0.2354,136.371
147.89,244.0,3.0,0.0,0.6874,0.9315,0.2441,136.372
147.9,244.0,3.0,0.0,0.6874,0.9315,0.2441,136.259
147.91,244.0,3.0,0.0,0.6874,0.9228,0.2354,136.096
147.92,244.0,3.0,0.0,0.6874,0.9315,0.2441,136.306
147.93,244.0,3.0,0.0,0.6874,0.9315,0.2441,136.275
147.94,244.0,3.0,0.0,0.6874,0.9315,0.2441,136.388
147.95,244.0,3.0,0.0,0.6874,0.9315,0.2441,136.226
147.96,244.0,3.0,0.0,0.6874,0.9403,0.2529,136.21
147.97,244.0,3.0,0.0,0.6874,0.9315,0.2441,136.322
147.98,244.0,3.0,0.0,0.6874,0.9315,0.2441,136.322
147.99,244.0,3.0,0.0,0.6874,0.9315,0.2441,136.437
148.0,244.0,3.0,0.0,0.6874,0.9403,0.2529,136.421
148.01,244.0,3.0,0.0,0.6874,0.9315,0.2441,136.177
148.02,244.0,3.0,0.0,0.6874,0.9403,0.2529,136.339
148.03,244.0,3.0,0.0,0.6874,0.9315,0.2441,136.291
148.04,244.0,3.0,0.0,0.6874,0.9403,0.2529,136.338
148.05,244.0,3.0,0.0,0.6874,0.9315,0.2441,136.259
148.06,244.0,3.0,0.0,0.6874,0.9403,0.2529,136.16
148.07,244.0,3.0,0.0,0.6874,0.9315,0.2441,136.242
148.08,244.0,3.0,0.0,0.6874,0.9403,0.2529,136.274
148.09,244.0,3.0,0.0,0.6874,0.9403,0.2529,136.258
148.1,244.0,3.0,0.0,0.6874,0.9315,0.2441,136.177
148.11,244.0,3.0,0.0,0.6874,0.9228,0.2354,136.434
148.12,244.0,3.0,0.0,0.6874,0.9315,0.2441,136.452
148.13,244.0,3.0,0.0,0.6874,0.9228,0.2354,136.419
148.14,244.0,3.0,0.0,0.6874,0.914,0.2266,136.128
148.15,244.0,3.0,0.0,0.6874,0.9053,0.2179,136.048
148.16,244.0,3.0,0.0,0.6874,0.9053,0.2179,136.176
148.17,244.0,3.0,0.0,0.6874,0.914,0.2266,136.354
148.18,244.0,3.0,0.0,0.6874,0.914,0.2266,136.258
148.19,244.0,3.0,0.0,0.6874,0.9053,0.2179,136.306
148.2,244.0,3.0,0.0,0.6874,0.9053,0.2179,136.451
148.21,244.0,3.0,0.0,0.6874,0.9053,0.2179,136.209
148.22,244.0,3.0,0.0,0.6874,0.914,0.2266,136.274
148.23,244.0,3.0,0.0,0.6874,0.914,0.2266,136.21
148.24,244.0,3.0,0.0,0.6874,0.9315,0.2441,136.42
148.25,244.0,3.0,0.0,0.6874,0.9228,0.2354,136.372
148.26,244.0,3.0,0.0,0.6874,0.9228,0.2354,136.387
148.27,244.0,3.0,0.0,0.6874,0.9228,0.2354,136.274
148.28,244.0,3.0,0.0,0.6874,0.9315,0.2441,136.194
148.29,244.0,3.0,0.0,0.6874,0.9228,0.2354,136.307
148.3,244.0,3.0,0.0,0.6874,0.9228,0.2354,136.437
148.31,244.0,3.0,0.0,0.6874,0.9228,0.2354,136.275
148.32,244.0,3.0,0.0,0.6874,0.9228,0.2354,136.402
148.33,244.0,3.0,0.0,0.6874,0.9228,0.2354,136.193
148.34,244.0,3.0,0.0,0.6874,0.9228,0.2354,136.386
148.35,244.0,3.0,0.0,0.6874,0.9228,0.2354,136.225
148.36,244.0,3.0,0.0,0.6874,0.9228,0.2354,136.321
148.37,244.0,3.0,0.0,0.6874,0.9228,0.2354,136.372
148.38,244.0,3.0,0.0,0.6874,0.9228,0.2354,136.031
148.39,244.0,3.0,0.0,0.6874,0.9315,0.2441,136.192
148.4,244.0,3.0,0.0,0.6874,0.9403,0.2529,136.209
148.41,244.0,3.0,0.0,0.6874,0.9315,0.2441,136.08
148.42,244.0,3.0,0.0,0.6874,0.9315,0.2441,136.241
148.43,244.0,3.0,0.0,0.6874,0.9228,0.2354,136.21
148.44,244.0,3.0,0.0,0.6874,0.9228,0.2354,136.225
148.45,244.0,3.0,0.0,0.6874,0.914,0.2266,136.29
148.46,244.0,3.0,0.0,0.6874,0.9053,0.2179,136.353
148.47,244.0,3.0,0.0,0.6874,0.9053,0.2179,136.307
148.48,244.0,3.0,0.0,0.6874,0.914,0.2266,136.403
148.49,244.0,3.0,0.0,0.6874,0.9053,0.2179,136.242
148.5,244.0,3.0,0.0,0.6874,0.9228,0.2354,136.371
148.51,244.0,3.0,0.0,0.6874,0.9228,0.2354,136.275
148.52,244.0,3.0,0.0,0.6874,0.9228,0.2354,136.226
148.53,244.0,3.0,0.0,0.6874,0.9228,0.2354,136.338
148.54,244.0,3.0,0.0,0.6874,0.9315,0.2441,136.193
148.55,244.0,3.0,0.0,0.6874,0.9228,0.2354,136.355
148.56,244.0,3.0,0.0,0.6874,0.9228,0.2354,136.404
148.57,244.0,3.0,0.0,0.6874,0.9228,0.2354,136.452
148.58,244.0,3.0,0.0,0.6874,0.914,0.2266,136.339
148.59,244.0,3.0,0.0,0.6874,0.914,0.2266,136.193
148.6,244.0,3.0,0.0,0.6874,0.914,0.2266,136.451
148.61,244.0,3.0,0.0,0.6874,0.9228,0.2354,136.242
148.62,244.0,3.0,0.0,0.6874,0.9228,0.2354,136.274
148.63,244.0,3.0,0.0,0.6874,0.9228,0.2354,136.305
148.64,244.0,3.0,0.0,0.6874,0.9315,0.2441,136.322
148.65,244.0,3.0,0.0,0.6874,0.9228,0.2354,136.371
148.66,244.0,3.0,0.0,0.6874,0.9228,0.2354,136.258
148.67,244.0,3.0,0.0,0.6874,0.9228,0.2354,136.258
148.68,244.0,3.0,0.0,0.6874,0.9228,0.2354,136.322
148.69,244.0,3.0,0.0,0.6874,0.9228,0.2354,136.274
148.7,244.0,3.0,0.0,0.6874,0.9228,0.2354,136.274
148.71,244.0,3.0,0.0,0.6874,0.9228,0.2354,136.112
148.72,244.0,3.0,0.0,0.6874,0.9228,0.2354,136.176
148.73,244.0,3.0,0.0,0.6874,0.9228,0.2354,136.305
148.74,244.0,3.0,0.0,0.6874,0.914,0.2266,136.37
148.75,244.0,3.0,0.0,0.6874,0.914,0.2266,136.209
148.76,244.0,3.0,0.0,0.6874,0.9053,0.2179,136.209
148.77,244.0,3.0,0.0,0.6874,0.9228,0.2354,136.144
148.78,244.0,3.0,0.0,0.6874,0.9228,0.2354,136.225
148.79,244.0,3.0,0.0,0.6874,0.9228,0.2354,136.321
148.8,244.0,3.0,0.0,0.6874,0.914,0.2266,136.209
148.81,244.0,3.0,0.0,0.6874,0.9228,0.2354,136.241
148.82,244.0,3.0,0.0,0.6874,0.914,0.2266,136.322
148.83,244.0,3.0,0.0,0.6874,0.914,0.2266,136.29
148.84,244.0,3.0,0.0,0.6874,0.9228,0.2354,136.419
148.85,244.0,3.0,0.0,0.6874,0.9228,0.2354,136.275
148.86,244.0,3.0,0.0,0.6874,0.9228,0.2354,136.321
148.87,244.0,3.0,0.0,0.6874,0.9228,0.2354,136.371
148.88,244.0,3.0,0.0,0.6874,0.9228,0.2354,136.144
148.89,244.0,3.0,0.0,0.6874,0.9315,0.2441,136.226
148.9,244.0,3.0,0.0,0.6874,0.9228,0.2354,136.29
148.91,244.0,3.0,0.0,0.6874,0.9228,0.2354,136.242
148.92,244.0,3.0,0.0,0.6874,0.9228,0.2354,136.403
148.93,244.0,3.0,0.0,0.6874,0.9228,0.2354,136.209
148.94,244.0,3.0,0.0,0.6874,0.9228,0.2354,136.387
148.95,244.0,3.0,0.0,0.6874,0.9228,0.2354,136.308
148.96,244.0,3.0,0.0,0.6874,0.9228,0.2354,136.195
148.97,244.0,3.0,0.0,0.6874,0.9228,0.2354,136.29
148.98,244.0,3.0,0.0,0.6874,0.9228,0.2354,136.386
148.99,244.0,3.0,0.0,0.6874,0.9315,0.2441,136.339
149.0,244.0,3.0,0.0,0.6874,0.9228,0.2354,136.435
149.01,244.0,3.0,0.0,0.6874,0.9228,0.2354,136.485
149.02,244.0,3.0,0.0,0.6874,0.9228,0.2354,136.355
149.03,244.0,3.0,0.0,0.6874,0.9228,0.2354,136.209
149.04,244.0,3.0,0.0,0.6874,0.9315,0.2441,136.128
149.05,244.0,3.0,0.0,0.6874,0.9315,0.2441,136.193
149.06,244.0,3.0,0.0,0.6874,0.9228,0.2354,136.354
149.07,244.0,3.0,0.0,0.6874,0.9228,0.2354,136.339
149.08,244.0,3.0,0.0,0.6874,0.9228,0.2354,136.387
149.09,244.0,3.0,0.0,0.6874,0.9403,0.2529,136.226
149.1,244.0,3.0,0.0,0.6874,0.9315,0.2441,136.241
149.11,244.0,3.0,0.0,0.6874,0.9315,0.2441,136.256
149.12,244.0,3.0,0.0,0.6874,0.9228,0.2354,136.273
149.13,244.0,3.0,0.0,0.6874,0.914,0.2266,136.193
149.14,244.0,3.0,0.0,0.6874,0.9228,0.2354,136.305
149.15,244.0,3.0,0.0,0.6874,0.914,0.2266,136.419
149.16,244.0,3.0,0.0,0.6874,0.914,0.2266,136.291
149.17,244.0,3.0,0.0,0.6874,0.914,0.2266,136.322
149.18,244.0,3.0,0.0,0.6874,0.9228,0.2354,136.128
149.19,244.0,3.0,0.0,0.6874,0.9228,0.2354,136.257
149.2,244.0,3.0,0.0,0.6874,0.914,0.2266,136.306
149.21,244.0,3.0,0.0,0.6874,0.9053,0.2179,136.388
149.22,244.0,3.0,0.0,0.6874,0.9053,0.2179,136.145
149.23,244.0,3.0,0.0,0.6874,0.9053,0.2179,136.209
149.24,244.0,3.0,0.0,0.6874,0.9053,0.2179,136.112
149.25,244.0,3.0,0.0,0.6874,0.914,0.2266,136.322
149.26,244.0,3.0,0.0,0.6874,0.914,0.2266,136.307
149.27,244.0,3.0,0.0,0.6874,0.914,0.2266,136.338
149.28,244.0,3.0,0.0,0.6874,0.9053,0.2179,136.177
149.29,244.0,3.0,0.0,0.6874,0.9228,0.2354,136.193
149.3,244.0,3.0,0.0,0.6874,0.9228,0.2354,136.112
149.31,244.0,3.0,0.0,0.6874,0.914,0.2266,136.193
149.32,244.0,3.0,0.0,0.6874,0.914,0.2266,136.42
149.33,244.0,3.0,0.0,0.6874,0.914,0.2266,136.34
149.34,244.0,3.0,0.0,0.6874,0.914,0.2266,136.259
149.35,244.0,3.0,0.0,0.6874,0.9228,0.2354,136.225
149.36,244.0,3.0,0.0,0.6874,0.9228,0.2354,136.209
149.37,244.0,3.0,0.0,0.6874,0.9228,0.2354,136.273
149.38,244.0,3.0,0.0,0.6874,0.9315,0.2441,136.194
149.39,244.0,3.0,0.0,0.6874,0.9228,0.2354,136.306
149.4,244.0,3.0,0.0,0.6874,0.914,0.2266,136.256
149.41,244.0,3.0,0.0,0.6874,0.9315,0.2441,136.241
149.42,244.0,3.0,0.0,0.6874,0.9228,0.2354,136.21
149.43,244.0,3.0,0.0,0.6874,0.9228,0.2354,136.242
149.44,244.0,3.0,0.0,0.6874,0.9228,0.2354,136.242
149.45,244.0,3.0,0.0,0.6874,0.9228,0.2354,136.435
149.46,244.0,3.0,0.0,0.6874,0.9315,0.2441,136.257
149.47,244.0,3.0,0.0,0.6874,0.9228,0.2354,136.323
149.48,244.0,3.0,0.0,0.6874,0.9228,0.2354,136.063
149.49,244.0,3.0,0.0,0.6874,0.914,0.2266,136.258
149.5,244.0,3.0,0.0,0.6874,0.914,0.2266,136.339
149.51,244.0,3.0,0.0,0.6874,0.914,0.2266,136.275
149.52,244.0,3.0,0.0,0.6874,0.914,0.2266,136.419
149.53,244.0,3.0,0.0,0.6874,0.914,0.2266,136.177
149.54,244.0,3.0,0.0,0.6874,0.914,0.2266,136.16
149.55,244.0,3.0,0.0,0.6874,0.9228,0.2354,136.225
149.56,244.0,3.0,0.0,0.6874,0.9228,0.2354,136.241
149.57,244.0,3.0,0.0,0.6874,0.9228,0.2354,136.42
149.58,244.0,3.0,0.0,0.6874,0.9228,0.2354,136.177
149.59,244.0,3.0,0.0,0.6874,0.9228,0.2354,136.24
149.6,244.0,3.0,0.0,0.6874,0.9228,0.2354,136.257
149.61,244.0,3.0,0.0,0.6874,0.9228,0.2354,136.145
149.62,244.0,3.0,0.0,0.6874,0.9228,0.2354,136.241
149.63,244.0,3.0,0.0,0.6874,0.9228,0.2354,136.42
149.64,244.0,3.0,0.0,0.6874,0.9315,0.2441,136.307
149.65,244.0,3.0,0.0,0.6874,0.9315,0.2441,136.21
149.66,244.0,3.0,0.0,0.6874,0.9315,0.2441,136.242
149.67,244.0,3.0,0.0,0.6874,0.9315,0.2441,136.226
149.68,244.0,3.0,0.0,0.6874,0.9315,0.2441,136.241
149.69,244.0,3.0,0.0,0.6874,0.9315,0.2441,136.242
149.7,244.0,3.0,0.0,0.6874,0.9315,0.2441,136.161
149.71,244.0,3.0,0.0,0.6874,0.9228,0.2354,136.273
149.72,244.0,3.0,0.0,0.6874,0.9228,0.2354,136.305
149.73,244.0,3.0,0.0,0.6874,0.9228,0.2354,136.241
149.74,244.0,3.0,0.0,0.6874,0.9228,0.2354,136.194
149.75,244.0,3.0,0.0,0.6874,0.9228,0.2354,136.194
149.76,244.0,3.0,0.0,0.6874,0.9228,0.2354,136.161
149.77,244.0,3.0,0.0,0.6874,0.9315,0.2441,136.387
149.78,244.0,3.0,0.0,0.6874,0.9403,0.2529,136.225
149.79,244.0,3.0,0.0,0.6874,0.9315,0.2441,136.177
149.8,244.0,3.0,0.0,0.6874,0.9315,0.2441,136.29
149.81,244.0,3.0,0.0,0.6874,0.9228,0.2354,136.177
149.82,244.0,3.0,0.0,0.6874,0.914,0.2266,136.129
149.83,244.0,3.0,0.0,0.6874,0.9228,0.2354,136.29
149.84,244.0,3.0,0.0,0.6874,0.9228,0.2354,136.129
149.85,244.0,3.0,0.0,0.6874,0.914,0.2266,136.175
149.86,244.0,3.0,0.0,0.6874,0.9228,0.2354,136.241
149.87,244.0,3.0,0.0,0.6874,0.914,0.2266,136.387
149.88,244.0,3.0,0.0,0.6874,0.9315,0.2441,136.079
149.89,244.0,3.0,0.0,0.6874,0.914,0.2266,136.08
149.9,244.0,3.0,0.0,0.6874,0.914,0.2266,136.29
149.91,244.0,3.0,0.0,0.6874,0.914,0.2266,136.275
149.92,244.0,3.0,0.0,0.6874,0.914,0.2266,136.338
149.93,244.0,3.0,0.0,0.6874,0.914,0.2266,136.338
149.94,244.0,3.0,0.0,0.6874,0.914,0.2266,136.226
149.95,244.0,3.0,0.0,0.6874,0.9228,0.2354,136.241
149.96,244.0,3.0,0.0,0.6874,0.9228,0.2354,136.226
149.97,244.0,3.0,0.0,0.6874,0.9228,0.2354,136.339
149.98,244.0,3.0,0.0,0.6874,0.9228,0.2354,136.291
149.99,244.0,3.0,0.0,0.6874,0.914,0.2266,136.29
150.0,244.0,3.0,0.0,0.6874,0.9228,0.2354,136.468
150.01,244.0,3.0,0.0,0.6874,0.914,0.2266,136.177
150.02,244.0,3.0,0.0,0.6874,0.914,0.2266,136.225
150.03,244.0,3.0,0.0,0.6874,0.914,0.2266,135.967
150.04,244.0,3.0,0.0,0.6874,0.9228,0.2354,136.323
150.05,244.0,3.0,0.0,0.6874,0.914,0.2266,136.371
150.06,244.0,3.0,0.0,0.6874,0.914,0.2266,136.243
150.07,244.0,3.0,0.0,0.6874,0.9315,0.2441,136.178
150.08,244.0,3.0,0.0,0.6874,0.914,0.2266,136.192
150.09,244.0,3.0,0.0,0.6874,0.9228,0.2354,136.128
150.1,244.0,3.0,0.0,0.6874,0.9228,0.2354,136.063
150.11,244.0,3.0,0.0,0.6874,0.9228,0.2354,136.194
150.12,244.0,3.0,0.0,0.6874,0.914,0.2266,136.387
150.13,244.0,3.0,0.0,0.6874,0.9315,0.2441,136.291
150.14,244.0,3.0,0.0,0.6874,0.9228,0.2354,136.226
150.15,244.0,3.0,0.0,0.6874,0.9228,0.2354,136.209
150.16,244.0,3.0,0.0,0.6874,0.9228,0.2354,136.112
150.17,244.0,3.0,0.0,0.6874,0.9228,0.2354,136.16
150.18,244.0,3.0,0.0,0.6874,0.9228,0.2354,136.176
150.19,244.0,3.0,0.0,0.6874,0.914,0.2266,136.306
150.2,244.0,3.0,0.0,0.6874,0.9315,0.2441,136.275
150.21,244.0,3.0,0.0,0.6874,0.9315,0.2441,136.177
150.22,244.0,3.0,0.0,0.6874,0.9315,0.2441,136.306
150.23,244.0,3.0,0.0,0.6874,0.9315,0.2441,136.307
150.24,244.0,3.0,0.0,0.6874,0.9228,0.2354,136.226
150.25,244.0,3.0,0.0,0.6874,0.914,0.2266,136.178
150.26,244.0,3.0,0.0,0.6874,0.914,0.2266,136.161
150.27,244.0,3.0,0.0,0.6874,0.9228,0.2354,136.483
150.28,244.0,3.0,0.0,0.6874,0.9228,0.2354,136.275
150.29,244.0,3.0,0.0,0.6874,0.914,0.2266,136.29
150.3,244.0,3.0,0.0,0.6874,0.914,0.2266,136.226
150.31,244.0,3.0,0.0,0.6874,0.914,0.2266,136.241
150.32,244.0,3.0,0.0,0.6874,0.914,0.2266,136.274
150.33,244.0,3.0,0.0,0.6874,0.914,0.2266,136.29
150.34,244.0,3.0,0.0,0.6874,0.9228,0.2354,136.275
150.35,244.0,3.0,0.0,0.6874,0.914,0.2266,136.338
150.36,244.0,3.0,0.0,0.6874,0.914,0.2266,136.242
150.37,244.0,3.0,0.0,0.6874,0.9228,0.2354,136.161
150.38,244.0,3.0,0.0,0.6874,0.914,0.2266,136.306
150.39,244.0,3.0,0.0,0.6874,0.914,0.2266,136.178
150.4,244.0,3.0,0.0,0.6874,0.9228,0.2354,136.257
150.41,244.0,3.0,0.0,0.6874,0.9228,0.2354,136.242
150.42,244.0,3.0,0.0,0.6874,0.9315,0.2441,136.306
150.43,244.0,3.0,0.0,0.6874,0.9315,0.2441,136.242
150.44,244.0,3.0,0.0,0.6874,0.9315,0.2441,136.322
150.45,244.0,3.0,0.0,0.6874,0.9228,0.2354,136.226
150.46,244.0,3.0,0.0,0.6874,0.9315,0.2441,136.306
150.47,244.0,3.0,0.0,0.6874,0.914,0.2266,136.291
150.48,244.0,3.0,0.0,0.6874,0.9228,0.2354,136.209
150.49,244.0,3.0,0.0,0.6874,0.9315,0.2441,136.177
150.5,244.0,3.0,0.0,0.6874,0.9228,0.2354,136.387
150.51,244.0,3.0,0.0,0.6874,0.9228,0.2354,136.128
150.52,244.0,3.0,0.0,0.6874,0.9228,0.2354,136.29
150.53,244.0,3.0,0.0,0.6874,0.9228,0.2354,136.339
150.54,244.0,3.0,0.0,0.6874,0.9228,0.2354,136.323
150.55,244.0,3.0,0.0,0.6874,0.9228,0.2354,136.226
150.56,244.0,3.0,0.0,0.6874,0.9228,0.2354,136.194
150.57,244.0,3.0,0.0,0.6874,0.9228,0.2354,136.306
150.58,244.0,3.0,0.0,0.6874,0.9228,0.2354,136.388
150.59,244.0,3.0,0.0,0.6874,0.9228,0.2354,136.226
150.6,244.0,3.0,0.0,0.6874,0.9228,0.2354,136.177
150.61,244.0,3.0,0.0,0.6874,0.9315,0.2441,136.112
150.62,244.0,3.0,0.0,0.6874,0.9403,0.2529,136.176
150.63,244.0,3.0,0.0,0.6874,0.9228,0.2354,136.274
150.64,244.0,3.0,0.0,0.6874,0.9228,0.2354,136.339
150.65,244.0,3.0,0.0,0.6874,0.9228,0.2354,136.274
150.66,244.0,3.0,0.0,0.6874,0.9228,0.2354,136.144
150.67,244.0,3.0,0.0,0.6874,0.9228,0.2354,136.241
150.68,244.0,3.0,0.0,0.6874,0.9228,0.2354,136.161
150.69,244.0,3.0,0.0,0.6874,0.9228,0.2354,136.273
150.7,244.0,3.0,0.0,0.6874,0.914,0.2266,136.179
150.71,244.0,3.0,0.0,0.6874,0.9228,0.2354,136.241
150.72,244.0,3.0,0.0,0.6874,0.914,0.2266,136.144
150.73,244.0,3.0,0.0,0.6874,0.914,0.2266,136.192
150.74,244.0,3.0,0.0,0.6874,0.914,0.2266,136.177
150.75,244.0,3.0,0.0,0.6874,0.9228,0.2354,136.227
150.76,244.0,3.0,0.0,0.6874,0.914,0.2266,136.273
150.77,244.0,3.0,0.0,0.6874,0.9228,0.2354,136.194
150.78,244.0,3.0,0.0,0.6874,0.914,0.2266,136.065
150.79,244.0,3.0,0.0,0.6874,0.9228,0.2354,136.143
150.8,244.0,3.0,0.0,0.6874,0.9228,0.2354,136.129
150.81,244.0,3.0,0.0,0.6874,0.9228,0.2354,136.242
150.82,244.0,3.0,0.0,0.6874,0.914,0.2266,136.306
150.83,244.0,3.0,0.0,0.6874,0.914,0.2266,136.226
150.84,244.0,3.0,0.0,0.6874,0.9228,0.2354,136.241
150.85,244.0,3.0,0.0,0.6874,0.914,0.2266,136.242
150.86,244.0,3.0,0.0,0.6874,0.914,0.2266,136.112
150.87,244.0,3.0,0.0,0.6874,0.9228,0.2354,136.353
150.88,244.0,3.0,0.0,0.6874,0.914,0.2266,136.193
150.89,244.0,3.0,0.0,0.6874,0.9228,0.2354,136.372
150.9,244.0,3.0,0.0,0.6874,0.9228,0.2354,136.211
150.91,244.0,3.0,0.0,0.6874,0.9228,0.2354,136.179
150.92,244.0,3.0,0.0,0.6874,0.9228,0.2354,136.29
150.93,244.0,3.0,0.0,0.6874,0.9315,0.2441,136.177
150.94,244.0,3.0,0.0,0.6874,0.9315,0.2441,136.355
150.95,244.0,3.0,0.0,0.6874,0.9228,0.2354,136.387
150.96,244.0,3.0,0.0,0.6874,0.9315,0.2441,136.193
150.97,244.0,3.0,0.0,0.6874,0.9228,0.2354,136.241
150.98,244.0,3.0,0.0,0.6874,0.9228,0.2354,136.177
150.99,244.0,3.0,0.0,0.6874,0.9228,0.2354,136.129
151.0,244.0,3.0,0.0,0.6874,0.9315,0.2441,136.208
151.01,244.0,3.0,0.0,0.6874,0.9228,0.2354,136.177
151.02,244.0,3.0,0.0,0.6874,0.9228,0.2354,136.323
151.03,244.0,3.0,0.0,0.6874,0.9228,0.2354,136.112
151.04,244.0,3.0,0.0,0.6874,0.9228,0.2354,136.337
151.05,244.0,3.0,0.0,0.6874,0.9228,0.2354,136.178
151.06,244.0,3.0,0.0,0.6874,0.9228,0.2354,136.257
151.07,244.0,3.0,0.0,0.6874,0.914,0.2266,136.306
151.08,244.0,3.0,0.0,0.6874,0.9315,0.2441,136.275
151.09,244.0,3.0,0.0,0.6874,0.914,0.2266,136.21
151.1,244.0,3.0,0.0,0.6874,0.9228,0.2354,136.177
151.11,244.0,3.0,0.0,0.6874,0.9228,0.2354,136.307
151.12,244.0,3.0,0.0,0.6874,0.914,0.2266,136.338
151.13,244.0,3.0,0.0,0.6874,0.9228,0.2354,136.291
151.14,244.0,3.0,0.0,0.6874,0.914,0.2266,136.128
151.15,244.0,3.0,0.0,0.6874,0.914,0.2266,136.192
151.16,244.0,3.0,0.0,0.6874,0.914,0.2266,136.177
151.17,244.0,3.0,0.0,0.6874,0.914,0.2266,136.29
151.18,244.0,3.0,0.0,0.6874,0.914,0.2266,136.322
151.19,244.0,3.0,0.0,0.6874,0.914,0.2266,136.339
151.2,244.0,3.0,0.0,0.6874,0.914,0.2266,136.275
151.21,244.0,3.0,0.0,0.6874,0.9228,0.2354,136.274
151.22,244.0,3.0,0.0,0.6874,0.9228,0.2354,136.193
151.23,244.0,3.0,0.0,0.6874,0.9228,0.2354,136.209
151.24,244.0,3.0,0.0,0.6874,0.914,0.2266,136.242
151.25,244.0,3.0,0.0,0.6874,0.9228,0.2354,136.258
151.26,244.0,3.0,0.0,0.6874,0.9228,0.2354,136.128
151.27,244.0,3.0,0.0,0.6874,0.9228,0.2354,136.258
151.28,244.0,3.0,0.0,0.6874,0.914,0.2266,136.079
151.29,244.0,3.0,0.0,0.6874,0.9228,0.2354,136.241
151.3,244.0,3.0,0.0,0.6874,0.9228,0.2354,136.258
151.31,244.0,3.0,0.0,0.6874,0.9228,0.2354,136.259
151.32,244.0,3.0,0.0,0.6874,0.9228,0.2354,136.29
151.33,244.0,3.0,0.0,0.6874,0.9228,0.2354,136.145
151.34,244.0,3.0,0.0,0.6874,0.914,0.2266,136.16
151.35,244.0,3.0,0.0,0.6874,0.9315,0.2441,136.113
151.36,244.0,3.0,0.0,0.6874,0.9315,0.2441,136.209
151.37,244.0,3.0,0.0,0.6874,0.9315,0.2441,136.322
151.38,244.0,3.0,0.0,0.6874,0.9315,0.2441,136.193
151.39,244.0,3.0,0.0,0.6874,0.9315,0.2441,136.241
151.4,244.0,3.0,0.0,0.6874,0.9228,0.2354,136.194
151.41,244.0,3.0,0.0,0.6874,0.9228,0.2354,136.355
151.42,244.0,3.0,0.0,0.6874,0.9315,0.2441,136.308
151.43,244.0,3.0,0.0,0.6874,0.9228,0.2354,136.225
151.44,244.0,3.0,0.0,0.6874,0.9315,0.2441,136.209
151.45,244.0,3.0,0.0,0.6874,0.9228,0.2354,136.242
151.46,244.0,3.0,0.0,0.6874,0.9315,0.2441,136.209
151.47,244.0,3.0,0.0,0.6874,0.9228,0.2354,136.225
151.48,244.0,3.0,0.0,0.6874,0.9228,0.2354,136.485
151.49,244.0,3.0,0.0,0.6874,0.9315,0.2441,136.291
151.5,244.0,3.0,0.0,0.6874,0.9228,0.2354,136.243
151.51,244.0,3.0,0.0,0.6874,0.914,0.2266,136.112
151.52,244.0,3.0,0.0,0.6874,0.914,0.2266,136.355
151.53,244.0,3.0,0.0,0.6874,0.9228,0.2354,136.242
151.54,244.0,3.0,0.0,0.6874,0.914,0.2266,136.274
151.55,244.0,3.0,0.0,0.6874,0.9228,0.2354,136.21
151.56,244.0,3.0,0.0,0.6874,0.914,0.2266,136.225
151.57,244.0,3.0,0.0,0.6874,0.9228,0.2354,136.242
151.58,244.0,3.0,0.0,0.6874,0.9228,0.2354,136.113
151.59,244.0,3.0,0.0,0.6874,0.9228,0.2354,136.161
151.6,244.0,3.0,0.0,0.6874,0.9228,0.2354,136.466
151.61,244.0,3.0,0.0,0.6874,0.9228,0.2354,136.176
151.62,244.0,3.0,0.0,0.6874,0.9228,0.2354,136.371
151.63,244.0,3.0,0.0,0.6874,0.9228,0.2354,136.161
151.64,244.0,3.0,0.0,0.6874,0.9228,0.2354,136.241
151.65,244.0,3.0,0.0,0.6874,0.9228,0.2354,136.29
151.66,244.0,3.0,0.0,0.6874,0.9228,0.2354,136.194
151.67,244.0,3.0,0.0,0.6874,0.9315,0.2441,136.289
151.68,244.0,3.0,0.0,0.6874,0.9228,0.2354,136.161
151.69,244.0,3.0,0.0,0.6874,0.9228,0.2354,136.355
151.7,244.0,3.0,0.0,0.6874,0.9228,0.2354,136.16
151.71,244.0,3.0,0.0,0.6874,0.9228,0.2354,136.209
151.72,244.0,3.0,0.0,0.6874,0.9228,0.2354,136.257
151.73,244.0,3.0,0.0,0.6874,0.9228,0.2354,136.243
151.74,244.0,3.0,0.0,0.6874,0.9228,0.2354,136.242
151.75,244.0,3.0,0.0,0.6874,0.9228,0.2354,136.355
151.76,244.0,3.0,0.0,0.6874,0.9315,0.2441,136.128
151.77,244.0,3.0,0.0,0.6874,0.9228,0.2354,136.192
151.78,244.0,3.0,0.0,0.6874,0.914,0.2266,136.306
151.79,244.0,3.0,0.0,0.6874,0.914,0.2266,136.177
151.8,244.0,3.0,0.0,0.6874,0.914,0.2266,136.224
151.81,244.0,3.0,0.0,0.6874,0.914,0.2266,136.241
151.82,244.0,3.0,0.0,0.6874,0.914,0.2266,136.323
151.83,244.0,3.0,0.0,0.6874,0.914,0.2266,136.339
151.84,244.0,3.0,0.0,0.6874,0.9228,0.2354,136.387
151.85,244.0,3.0,0.0,0.6874,0.914,0.2266,136.274
151.86,244.0,3.0,0.0,0.6874,0.9315,0.2441,136.128
151.87,244.0,3.0,0.0,0.6874,0.9315,0.2441,136.256
151.88,244.0,3.0,0.0,0.6874,0.9228,0.2354,136.258
151.89,244.0,3.0,0.0,0.6874,0.9228,0.2354,136.306
151.9,244.0,3.0,0.0,0.6874,0.9315,0.2441,136.323
151.91,244.0,3.0,0.0,0.6874,0.9228,0.2354,136.209
151.92,244.0,3.0,0.0,0.6874,0.9228,0.2354,136.209
151.93,244.0,3.0,0.0,0.6874,0.9228,0.2354,136.08
151.94,244.0,3.0,0.0,0.6874,0.9228,0.2354,136.339
151.95,244.0,3.0,0.0,0.6874,0.9228,0.2354,136.307
151.96,244.0,3.0,0.0,0.6874,0.9228,0.2354,136.096
151.97,244.0,3.0,0.0,0.6874,0.914,0.2266,136.387
151.98,244.0,3.0,0.0,0.6874,0.9228,0.2354,136.21
151.99,244.0,3.0,0.0,0.6874,0.9228,0.2354,136.193
152.0,244.0,3.0,0.0,0.6874,0.9228,0.2354,136.225
152.01,244.0,3.0,0.0,0.6874,0.9228,0.2354,136.272
152.02,244.0,3.0,0.0,0.6874,0.9228,0.2354,136.226
152.03,244.0,3.0,0.0,0.6874,0.914,0.2266,136.209
152.04,244.0,3.0,0.0,0.6874,0.9228,0.2354,136.112
152.05,244.0,3.0,0.0,0.6874,0.9228,0.2354,136.257
152.06,244.0,3.0,0.0,0.6874,0.9228,0.2354,136.242
152.07,244.0,3.0,0.0,0.6874,0.9228,0.2354,136.339
152.08,244.0,3.0,0.0,0.6874,0.9228,0.2354,136.339
152.09,244.0,3.0,0.0,0.6874,0.9228,0.2354,136.354
152.1,244.0,3.0,0.0,0.6874,0.9228,0.2354,136.242
152.11,244.0,3.0,0.0,0.6874,0.9228,0.2354,136.129
152.12,244.0,3.0,0.0,0.6874,0.9228,0.2354,136.29
152.13,244.0,3.0,0.0,0.6874,0.9228,0.2354,136.242
152.14,244.0,3.0,0.0,0.6874,0.9315,0.2441,136.242
152.15,244.0,3.0,0.0,0.6874,0.9228,0.2354,136.37
152.16,244.0,3.0,0.0,0.6874,0.9315,0.2441,136.16
152.17,244.0,3.0,0.0,0.6874,0.9228,0.2354,136.128
152.18,244.0,3.0,0.0,0.6874,0.9228,0.2354,136.176
152.19,244.0,3.0,0.0,0.6874,0.9228,0.2354,136.257
152.2,244.0,3.0,0.0,0.6874,0.9228,0.2354,136.08
152.21,244.0,3.0,0.0,0.6874,0.9228,0.2354,136.225
152.22,244.0,3.0,0.0,0.6874,0.9228,0.2354,136.258
152.23,244.0,3.0,0.0,0.6874,0.9228,0.2354,136.21
152.24,244.0,3.0,0.0,0.6874,0.9228,0.2354,136.225
152.25,244.0,3.0,0.0,0.6874,0.9228,0.2354,136.29
152.26,244.0,3.0,0.0,0.6874,0.9228,0.2354,136.258
152.27,244.0,3.0,0.0,0.6874,0.9228,0.2354,136.386
152.28,244.0,3.0,0.0,0.6874,0.9315,0.2441,136.096
152.29,244.0,3.0,0.0,0.6874,0.9315,0.2441,136.288
152.3,244.0,3.0,0.0,0.6874,0.9315,0.2441,136.145
152.31,244.0,3.0,0.0,0.6874,0.9315,0.2441,136.372
152.32,244.0,3.0,0.0,0.6874,0.9228,0.2354,136.307
152.33,244.0,3.0,0.0,0.6874,0.9228,0.2354,136.048
152.34,244.0,3.0,0.0,0.6874,0.9315,0.2441,136.111
152.35,244.0,3.0,0.0,0.6874,0.9228,0.2354,136.144
152.36,244.0,3.0,0.0,0.6874,0.9228,0.2354,136.208
152.37,244.0,3.0,0.0,0.6874,0.9315,0.2441,136.339
152.38,244.0,3.0,0.0,0.6874,0.9315,0.2441,136.259
152.39,244.0,3.0,0.0,0.6874,0.9315,0.2441,136.146
152.4,244.0,3.0,0.0,0.6874,0.9315,0.2441,136.418
152.41,244.0,3.0,0.0,0.6874,0.9228,0.2354,136.08
152.42,244.0,3.0,0.0,0.6874,0.9228,0.2354,136.355
152.43,244.0,3.0,0.0,0.6874,0.914,0.2266,136.193
152.44,244.0,3.0,0.0,0.6874,0.9228,0.2354,136.242
152.45,244.0,3.0,0.0,0.6874,0.9315,0.2441,136.258
152.46,244.0,3.0,0.0,0.6874,0.914,0.2266,136.177
152.47,244.0,3.0,0.0,0.6874,0.9315,0.2441,136.096
152.48,244.0,3.0,0.0,0.6874,0.9228,0.2354,136.209
152.49,244.0,3.0,0.0,0.6874,0.9228,0.2354,136.145
152.5,244.0,3.0,0.0,0.6874,0.9228,0.2354,136.209
152.51,244.0,3.0,0.0,0.6874,0.9228,0.2354,136.063
152.52,244.0,3.0,0.0,0.6874,0.9228,0.2354,136.338
152.53,244.0,3.0,0.0,0.6874,0.9228,0.2354,136.193
152.54,244.0,3.0,0.0,0.6874,0.9228,0.2354,136.337
152.55,165.7,2.0,6.0,17.6387,1.0191,-16.6197,94.008
152.56,9.0,0.0,6.0,51.5414,2.7784,-48.763,0.113
152.57,9.0,0.0,6.0,51.5414,6.4109,-45.1305,-1.476
152.58,9.0,0.0,6.0,51.5414,13.5447,-37.9967,-0.733
152.59,9.0,0.0,6.0,51.5414,20.4246,-31.1168,-0.961
152.6,9.0,0.0,6.0,51.5414,27.2782,-24.2632,-1.135
152.61,9.0,0.0,6.0,51.5414,34.0969,-17.4445,-0.782
152.62,9.0,0.0,6.0,51.5414,41.3269,-10.2145,-0.846
152.63,9.0,0.0,6.0,51.5414,48.8633,-2.6781,-1.007
152.64,9.0,0.0,6.0,51.5414,53.4849,1.9435,-0.862
152.65,9.0,0.0,6.0,51.5414,53.6512,2.1098,-0.733
152.66,9.0,0.0,6.0,51.5414,53.765,2.2236,-1.022
152.67,9.0,0.0,6.0,51.5414,53.765,2.2236,-0.766
152.68,9.0,0.0,6.0,51.5414,53.7563,2.2149,-0.862
152.69,9.0,0.0,6.0,51.5414,53.7563,2.2149,-0.91
152.7,9.0,0.0,6.0,51.5414,53.7563,2.2149,-0.83
152.71,9.0,0.0,6.0,51.5414,53.7825,2.2411,-0.942
152.72,9.0,0.0,6.0,51.5414,53.8088,2.2674,-0.717
152.73,9.0,0.0,6.0,51.5414,53.835,2.2936,-0.78
152.74,9.0,0.0,6.0,51.5414,53.8175,2.2761,-0.829
152.75,9.0,0.0,6.0,51.5414,53.8,2.2586,-0.733
152.76,9.0,0.0,6.0,51.5414,53.7563,2.2149,-0.861
152.77,9.0,0.0,6.0,51.5414,53.7825,2.2411,-0.684
152.78,9.0,0.0,6.0,51.5414,53.7913,2.2499,-0.845
152.79,9.0,0.0,6.0,51.5414,53.7825,2.2411,-0.619
152.8,5.0,3.0,0.0,52.407,53.7563,1.3493,-0.796
152.81,5.0,3.0,0.0,52.407,53.7563,1.3493,-0.911
152.82,5.0,3.0,0.0,52.407,53.8088,1.4018,-0.733
152.83,5.0,3.0,0.0,52.407,53.8175,1.4105,-0.797
152.84,5.0,3.0,0.0,52.407,53.835,1.428,-0.91
152.85,5.0,3.0,0.0,52.407,53.8088,1.4018,-0.683
152.86,5.0,3.0,0.0,52.407,53.7738,1.3668,-0.651
152.87,5.0,3.0,0.0,52.407,53.7563,1.3493,-0.636
152.88,5.0,3.0,0.0,52.407,53.765,1.358,-0.878
152.89,5.0,3.0,0.0,52.407,53.7738,1.3668,-0.733
152.9,5.0,3.0,0.0,52.407,53.7913,1.3843,-0.83
152.91,5.0,3.0,0.0,52.407,53.7913,1.3843,-0.651
152.92,5.0,3.0,0.0,52.407,53.8088,1.4018,-0.619
152.93,5.0,3.0,0.0,52.407,53.8263,1.4193,-0.748
152.94,5.0,3.0,0.0,52.407,53.835,1.428,-0.765
152.95,5.0,3.0,0.0,52.407,53.8263,1.4193,-0.749
152.96,5.0,3.0,0.0,52.407,53.8175,1.4105,-0.846
152.97,5.0,3.0,0.0,52.407,53.7825,1.3755,-0.733
152.98,5.0,3.0,0.0,52.407,53.7738,1.3668,-0.795
152.99,5.0,3.0,0.0,52.407,53.7825,1.3755,-0.701
153.0,5.0,3.0,0.0,52.407,53.7913,1.3843,-0.7
153.01,5.0,3.0,0.0,52.407,53.7913,1.3843,-0.747
153.02,5.0,3.0,0.0,52.407,53.8,1.393,-0.57
153.03,5.0,3.0,0.0,52.407,53.8088,1.4018,-0.78
153.04,5.0,3.0,0.0,52.407,53.8088,1.4018,-0.828
153.05,5.0,3.0,0.0,52.407,53.8175,1.4105,-0.798
153.06,5.0,3.0,0.0,52.407,53.8175,1.4105,-0.86
153.07,5.0,3.0,0.0,52.407,53.8,1.393,-0.782
153.08,5.0,3.0,0.0,52.407,53.7913,1.3843,-0.651
153.09,5.0,3.0,0.0,52.407,53.7825,1.3755,-0.57
153.1,5.0,3.0,0.0,52.407,53.7738,1.3668,-0.684
153.11,5.0,3.0,0.0,52.407,53.8,1.393,-0.651
153.12,5.0,3.0,0.0,52.407,53.8088,1.4018,-0.666
153.13,5.0,3.0,0.0,52.407,53.8175,1.4105,-0.717
153.14,5.0,3.0,0.0,52.407,53.8175,1.4105,-0.749
153.15,5.0,3.0,0.0,52.407,53.8,1.393,-0.603
153.16,5.0,3.0,0.0,52.407,53.8,1.393,-0.538
153.17,5.0,3.0,0.0,52.407,53.8,1.393,-0.699
153.18,5.0,3.0,0.0,52.407,53.7913,1.3843,-0.619
153.19,5.0,3.0,0.0,52.407,53.7913,1.3843,-0.878
153.2,5.0,3.0,0.0,52.407,53.7825,1.3755,-0.683
153.21,5.0,3.0,0.0,52.407,53.7738,1.3668,-0.862
153.22,5.0,3.0,0.0,52.407,53.7825,1.3755,-0.425
153.23,5.0,3.0,0.0,52.407,53.8,1.393,-0.651
153.24,5.0,3.0,0.0,52.407,53.8088,1.4018,-0.765
153.25,5.0,3.0,0.0,52.407,53.8088,1.4018,-0.732
153.26,5.0,3.0,0.0,52.407,53.8,1.393,-0.619
153.27,5.0,3.0,0.0,52.407,53.7913,1.3843,-0.587
153.28,5.0,3.0,0.0,52.407,53.8,1.393,-0.521
153.29,5.0,3.0,0.0,52.407,53.7913,1.3843,-0.715
153.3,5.0,3.0,0.0,52.407,53.7913,1.3843,-0.586
153.31,5.0,3.0,0.0,52.407,53.7913,1.3843,-0.715
153.32,5.0,3.0,0.0,52.407,53.8,1.393,-0.699
153.33,5.0,3.0,0.0,52.407,53.7913,1.3843,-0.603
153.34,5.0,3.0,0.0,52.407,53.8088,1.4018,-0.586
153.35,5.0,3.0,0.0,52.407,53.8,1.393,-0.49
153.36,5.0,3.0,0.0,52.407,53.8088,1.4018,-0.716
153.37,5.0,3.0,0.0,52.407,53.8088,1.4018,-0.749
153.38,5.0,3.0,0.0,52.407,53.8,1.393,-0.619
153.39,5.0,3.0,0.0,52.407,53.8088,1.4018,-0.57
153.4,5.0,3.0,0.0,52.407,53.8,1.393,-0.523
153.41,5.0,3.0,0.0,52.407,53.8088,1.4018,-0.666
153.42,5.0,3.0,0.0,52.407,53.8,1.393,-0.652
153.43,5.0,3.0,0.0,52.407,53.8088,1.4018,-0.716
153.44,5.0,3.0,0.0,52.407,53.8088,1.4018,-0.699
153.45,5.0,3.0,0.0,52.407,53.8,1.393,-0.506
153.46,5.0,3.0,0.0,52.407,53.7913,1.3843,-0.732
153.47,5.0,3.0,0.0,52.407,53.8,1.393,-0.7
153.48,5.0,3.0,0.0,52.407,53.8,1.393,-0.619
153.49,5.0,3.0,0.0,52.407,53.8,1.393,-0.651
153.5,5.0,3.0,0.0,52.407,53.8088,1.4018,-0.587
153.51,5.0,3.0,0.0,52.407,53.8175,1.4105,-0.57
153.52,5.0,3.0,0.0,52.407,53.8088,1.4018,-0.426
153.53,5.0,3.0,0.0,52.407,53.8,1.393,-0.585
153.54,5.0,3.0,0.0,52.407,53.7913,1.3843,-0.522
153.55,5.0,3.0,0.0,52.407,53.7913,1.3843,-0.506
153.56,5.0,3.0,0.0,52.407,53.8,1.393,-0.65
153.57,5.0,3.0,0.0,52.407,53.8,1.393,-0.57
153.58,5.0,3.0,0.0,52.407,53.8088,1.4018,-0.618
153.59,5.0,3.0,0.0,52.407,53.8088,1.4018,-0.684
153.6,5.0,3.0,0.0,52.407,53.8175,1.4105,-0.474
153.61,5.0,3.0,0.0,52.407,53.8088,1.4018,-0.619
153.62,5.0,3.0,0.0,52.407,53.8088,1.4018,-0.603
153.63,241.0,0.0,48.0,1.3366,53.1523,51.8157,-0.602
153.64,241.0,0.0,48.0,1.3366,47.4015,46.0649,-0.667
153.65,241.0,0.0,48.0,1.3366,40.2853,38.9487,-0.682
153.66,241.0,0.0,48.0,1.3366,33.064,31.7274,-0.683
153.67,241.0,0.0,48.0,1.3366,25.8602,24.5236,-0.425
153.68,241.0,0.0,48.0,1.3366,18.2363,16.8997,-0.667
153.69,241.0,0.0,48.0,1.3366,11.3914,10.0548,-0.651
153.7,241.0,0.0,48.0,1.3366,4.2402,2.9036,0.569
153.71,241.0,0.0,48.0,1.3366,2.1482,0.8116,83.111
153.72,241.0,0.0,48.0,1.3366,0.949,-0.3876,145.288
153.73,241.0,0.0,48.0,1.3366,0.774,-0.5626,142.031
153.74,241.0,0.0,48.0,1.3366,0.7652,-0.5714,143.573
153.75,241.0,0.0,48.0,1.3366,0.7565,-0.5801,146.469
153.76,241.0,0.0,48.0,1.3366,0.7827,-0.5539,146.133
153.77,241.0,0.0,48.0,1.3366,0.7827,-0.5539,146.292
153.78,241.0,0.0,48.0,1.3366,0.7915,-0.5451,145.479
153.79,241.0,0.0,48.0,1.3366,0.7827,-0.5539,144.552
153.8,241.0,0.0,48.0,1.3366,0.8002,-0.5364,145.02
153.81,241.0,0.0,48.0,1.3366,0.8002,-0.5364,146.841
153.82,241.0,0.0,48.0,1.3366,0.8002,-0.5364,147.492
153.83,241.0,0.0,48.0,1.3366,0.809,-0.5276,146.353
153.84,241.0,0.0,48.0,1.3366,0.8265,-0.5101,144.955
153.85,241.0,0.0,48.0,1.3366,0.844,-0.4926,145.7
153.86,241.0,0.0,48.0,1.3366,0.844,-0.4926,146.873
153.87,243.7,2.0,16.0,0.7595,0.8352,0.0757,147.653
153.88,245.0,3.0,0.0,0.471,0.844,0.373,146.692
153.89,245.0,3.0,0.0,0.471,0.844,0.373,145.538
153.9,245.0,3.0,0.0,0.471,0.8527,0.3817,146.188
153.91,245.0,3.0,0.0,0.471,0.8527,0.3817,147.049
153.92,245.0,3.0,0.0,0.471,0.844,0.373,147.342
153.93,245.0,3.0,0.0,0.471,0.844,0.373,146.693
153.94,245.0,3.0,0.0,0.471,0.8527,0.3817,146.205
153.95,245.0,3.0,0.0,0.471,0.8527,0.3817,146.107
153.96,245.0,3.0,0.0,0.471,0.8527,0.3817,146.319
153.97,245.0,3.0,0.0,0.471,0.8527,0.3817,147.131
153.98,245.0,3.0,0.0,0.471,0.8615,0.3905,146.985
153.99,245.0,3.0,0.0,0.471,0.8615,0.3905,146.301
154.0,245.0,3.0,0.0,0.471,0.8615,0.3905,146.074
154.01,245.0,3.0,0.0,0.471,0.8703,0.3993,146.789
154.02,245.0,3.0,0.0,0.471,0.879,0.408,147.032
154.03,245.0,3.0,0.0,0.471,0.879,0.408,146.546
154.04,245.0,3.0,0.0,0.471,0.8965,0.4255,146.284
154.05,245.0,3.0,0.0,0.471,0.879,0.408,146.237
154.06,245.0,3.0,0.0,0.471,0.8878,0.4168,146.382
154.07,245.0,3.0,0.0,0.471,0.8878,0.4168,146.803
154.08,245.0,3.0,0.0,0.471,0.879,0.408,146.74
154.09,245.0,3.0,0.0,0.471,0.8878,0.4168,146.4
154.1,245.0,3.0,0.0,0.471,0.879,0.408,146.188
154.11,245.0,3.0,0.0,0.471,0.8703,0.3993,146.043
154.12,245.0,3.0,0.0,0.471,0.879,0.408,146.724
154.13,245.0,3.0,0.0,0.471,0.8703,0.3993,146.886
154.14,245.0,3.0,0.0,0.471,0.8615,0.3905,146.091
154.15,245.0,3.0,0.0,0.471,0.8703,0.3993,145.96
154.16,245.0,3.0,0.0,0.471,0.8703,0.3993,146.691
154.17,245.0,3.0,0.0,0.471,0.8615,0.3905,146.985
154.18,245.0,3.0,0.0,0.471,0.8527,0.3817,146.612
154.19,245.0,3.0,0.0,0.471,0.8527,0.3817,146.172
154.2,245.0,3.0,0.0,0.471,0.8527,0.3817,146.285
154.21,245.0,3.0,0.0,0.471,0.8615,0.3905,146.788
154.22,245.0,3.0,0.0,0.471,0.8527,0.3817,146.415
154.23,245.0,3.0,0.0,0.471,0.8527,0.3817,146.239
154.24,245.0,3.0,0.0,0.471,0.8615,0.3905,146.48
154.25,245.0,3.0,0.0,0.471,0.8615,0.3905,146.448
154.26,245.0,3.0,0.0,0.471,0.8615,0.3905,146.205
154.27,245.0,3.0,0.0,0.471,0.8527,0.3817,146.577
154.28,245.0,3.0,0.0,0.471,0.8527,0.3817,146.772
154.29,245.0,3.0,0.0,0.471,0.8527,0.3817,146.416
154.3,245.0,3.0,0.0,0.471,0.8527,0.3817,146.155
154.31,245.0,3.0,0.0,0.471,0.8527,0.3817,146.189
154.32,245.0,3.0,0.0,0.471,0.8527,0.3817,146.788
154.33,245.0,3.0,0.0,0.471,0.8615,0.3905,146.53
154.34,245.0,3.0,0.0,0.471,0.8527,0.3817,146.334
154.35,245.0,3.0,0.0,0.471,0.8527,0.3817,146.366
154.36,245.0,3.0,0.0,0.471,0.8615,0.3905,146.398
154.37,245.0,3.0,0.0,0.471,0.8527,0.3817,146.385
154.38,245.0,3.0,0.0,0.471,0.8527,0.3817,146.432
154.39,245.0,3.0,0.0,0.471,0.8527,0.3817,146.399
154.4,245.0,3.0,0.0,0.471,0.844,0.373,146.318
154.41,245.0,3.0,0.0,0.471,0.844,0.373,146.237
154.42,245.0,3.0,0.0,0.471,0.844,0.373,146.478
154.43,245.0,3.0,0.0,0.471,0.8527,0.3817,146.465
154.44,245.0,3.0,0.0,0.471,0.8527,0.3817,146.431
154.45,245.0,3.0,0.0,0.471,0.844,0.373,146.221
154.46,245.0,3.0,0.0,0.471,0.844,0.373,146.237
154.47,245.0,3.0,0.0,0.471,0.8527,0.3817,146.609
154.48,245.0,3.0,0.0,0.471,0.8527,0.3817,146.448
154.49,245.0,3.0,0.0,0.471,0.8527,0.3817,146.157
154.5,245.0,3.0,0.0,0.471,0.8527,0.3817,146.285
154.51,245.0,3.0,0.0,0.471,0.8527,0.3817,146.189
154.52,245.0,3.0,0.0,0.471,0.8527,0.3817,146.383
154.53,245.0,3.0,0.0,0.471,0.844,0.373,146.351
154.54,245.0,3.0,0.0,0.471,0.8527,0.3817,146.545
154.55,245.0,3.0,0.0,0.471,0.8527,0.3817,146.367
154.56,245.0,3.0,0.0,0.471,0.8527,0.3817,146.092
154.57,245.0,3.0,0.0,0.471,0.8527,0.3817,146.287
154.58,245.0,3.0,0.0,0.471,0.8527,0.3817,146.53
154.59,245.0,3.0,0.0,0.471,0.8527,0.3817,146.497
154.6,245.0,3.0,0.0,0.471,0.8615,0.3905,146.222
154.61,245.0,3.0,0.0,0.471,0.8527,0.3817,146.334
154.62,245.0,3.0,0.0,0.471,0.8615,0.3905,146.365
154.63,245.0,3.0,0.0,0.471,0.8615,0.3905,146.27
154.64,245.0,3.0,0.0,0.471,0.8615,0.3905,146.221
154.65,245.0,3.0,0.0,0.471,0.8615,0.3905,146.303
154.66,245.0,3.0,0.0,0.471,0.8527,0.3817,146.367
154.67,245.0,3.0,0.0,0.471,0.8615,0.3905,146.32
154.68,245.0,3.0,0.0,0.471,0.8615,0.3905,146.157
154.69,245.0,3.0,0.0,0.471,0.8527,0.3817,146.334
154.7,245.0,3.0,0.0,0.471,0.8527,0.3817,146.399
154.71,245.0,3.0,0.0,0.471,0.8527,0.3817,146.157
154.72,245.0,3.0,0.0,0.471,0.8615,0.3905,146.383
154.73,245.0,3.0,0.0,0.471,0.8527,0.3817,146.48
154.74,245.0,3.0,0.0,0.471,0.8527,0.3817,146.319
154.75,245.0,3.0,0.0,0.471,0.8527,0.3817,146.27
154.76,245.0,3.0,0.0,0.471,0.8615,0.3905,146.221
154.77,245.0,3.0,0.0,0.471,0.8527,0.3817,146.48
154.78,245.0,3.0,0.0,0.471,0.844,0.373,146.465
154.79,245.0,3.0,0.0,0.471,0.8527,0.3817,146.287
154.8,245.0,3.0,0.0,0.471,0.844,0.373,146.189
154.81,245.0,3.0,0.0,0.471,0.8527,0.3817,146.204
154.82,245.0,3.0,0.0,0.471,0.844,0.373,146.351
154.83,245.0,3.0,0.0,0.471,0.844,0.373,146.286
154.84,245.0,3.0,0.0,0.471,0.844,0.373,146.271
154.85,245.0,3.0,0.0,0.471,0.8527,0.3817,146.27
154.86,245.0,3.0,0.0,0.471,0.844,0.373,146.043
154.87,245.0,3.0,0.0,0.471,0.8527,0.3817,146.412
154.88,245.0,3.0,0.0,0.471,0.8527,0.3817,146.303
154.89,245.0,3.0,0.0,0.471,0.844,0.373,146.271
154.9,245.0,3.0,0.0,0.471,0.8527,0.3817,146.255
154.91,245.0,3.0,0.0,0.471,0.8527,0.3817,146.206
154.92,245.0,3.0,0.0,0.471,0.844,0.373,146.383
154.93,245.0,3.0,0.0,0.471,0.8527,0.3817,146.238
154.94,245.0,3.0,0.0,0.471,0.844,0.373,146.238
154.95,245.0,3.0,0.0,0.471,0.844,0.373,146.253
154.96,245.0,3.0,0.0,0.471,0.844,0.373,146.141
154.97,245.0,3.0,0.0,0.471,0.844,0.373,146.268
154.98,245.0,3.0,0.0,0.471,0.844,0.373,146.221
154.99,245.0,3.0,0.0,0.471,0.844,0.373,146.108
155.0,245.0,3.0,0.0,0.471,0.8527,0.3817,146.108
155.01,245.0,3.0,0.0,0.471,0.8527,0.3817,146.156
155.02,245.0,3.0,0.0,0.471,0.844,0.373,146.367
155.03,245.0,3.0,0.0,0.471,0.8527,0.3817,146.254
155.04,245.0,3.0,0.0,0.471,0.8527,0.3817,146.317
155.05,245.0,3.0,0.0,0.471,0.8527,0.3817,146.318
155.06,245.0,3.0,0.0,0.471,0.8615,0.3905,146.223
155.07,245.0,3.0,0.0,0.471,0.8615,0.3905,146.383
155.08,245.0,3.0,0.0,0.471,0.8615,0.3905,146.432
155.09,245.0,3.0,0.0,0.471,0.8615,0.3905,146.172
155.1,245.0,3.0,0.0,0.471,0.8615,0.3905,146.221
155.11,245.0,3.0,0.0,0.471,0.8615,0.3905,146.19
155.12,245.0,3.0,0.0,0.471,0.8615,0.3905,146.286
155.13,245.0,3.0,0.0,0.471,0.8615,0.3905,146.141
155.14,245.0,3.0,0.0,0.471,0.8527,0.3817,146.318
155.15,245.0,3.0,0.0,0.471,0.8615,0.3905,146.319
155.16,245.0,3.0,0.0,0.471,0.8527,0.3817,146.14
155.17,245.0,3.0,0.0,0.471,0.8527,0.3817,146.35
155.18,245.0,3.0,0.0,0.471,0.8527,0.3817,146.253
155.19,245.0,3.0,0.0,0.471,0.8527,0.3817,146.27
155.2,245.0,3.0,0.0,0.471,0.844,0.373,146.206
155.21,245.0,3.0,0.0,0.471,0.844,0.373,146.141
155.22,245.0,3.0,0.0,0.471,0.844,0.373,146.238
155.23,245.0,3.0,0.0,0.471,0.844,0.373,146.285
155.24,245.0,3.0,0.0,0.471,0.844,0.373,146.19
155.25,245.0,3.0,0.0,0.471,0.8527,0.3817,146.14
155.26,245.0,3.0,0.0,0.471,0.8527,0.3817,146.237
155.27,245.0,3.0,0.0,0.471,0.844,0.373,146.221
155.28,245.0,3.0,0.0,0.471,0.8527,0.3817,146.205
155.29,245.0,3.0,0.0,0.471,0.844,0.373,146.141
155.3,245.0,3.0,0.0,0.471,0.8527,0.3817,146.059
155.31,245.0,3.0,0.0,0.471,0.844,0.373,146.125
155.32,245.0,3.0,0.0,0.471,0.844,0.373,146.284
155.33,245.0,3.0,0.0,0.471,0.844,0.373,146.383
155.34,245.0,3.0,0.0,0.471,0.844,0.373,146.253
155.35,245.0,3.0,0.0,0.471,0.844,0.373,146.141
155.36,245.0,3.0,0.0,0.471,0.8352,0.3642,146.205
155.37,245.0,3.0,0.0,0.471,0.8527,0.3817,146.173
155.38,245.0,3.0,0.0,0.471,0.844,0.373,146.254
155.39,245.0,3.0,0.0,0.471,0.844,0.373,146.239
155.4,245.0,3.0,0.0,0.471,0.8527,0.3817,146.284
155.41,245.0,3.0,0.0,0.471,0.8527,0.3817,146.124
155.42,245.0,3.0,0.0,0.471,0.8527,0.3817,146.124
155.43,245.0,3.0,0.0,0.471,0.8527,0.3817,146.22
155.44,245.0,3.0,0.0,0.471,0.8527,0.3817,146.173
155.45,245.0,3.0,0.0,0.471,0.8527,0.3817,146.269
155.46,245.0,3.0,0.0,0.471,0.8527,0.3817,146.254
155.47,245.0,3.0,0.0,0.471,0.8527,0.3817,146.368
155.48,245.0,3.0,0.0,0.471,0.844,0.373,146.221
155.49,245.0,3.0,0.0,0.471,0.844,0.373,146.27
155.5,245.0,3.0,0.0,0.471,0.8527,0.3817,146.189
155.51,245.0,3.0,0.0,0.471,0.8527,0.3817,146.125
155.52,245.0,3.0,0.0,0.471,0.8527,0.3817,146.319
155.53,245.0,3.0,0.0,0.471,0.8527,0.3817,146.173
155.54,245.0,3.0,0.0,0.471,0.8527,0.3817,146.172
155.55,245.0,3.0,0.0,0.471,0.8527,0.3817,146.253
155.56,245.0,3.0,0.0,0.471,0.8527,0.3817,146.092
155.57,245.0,3.0,0.0,0.471,0.8527,0.3817,146.156
155.58,245.0,3.0,0.0,0.471,0.8527,0.3817,146.141
155.59,245.0,3.0,0.0,0.471,0.8527,0.3817,146.205
155.6,245.0,3.0,0.0,0.471,0.8527,0.3817,146.269
155.61,245.0,3.0,0.0,0.471,0.8527,0.3817,146.269
155.62,245.0,3.0,0.0,0.471,0.8527,0.3817,146.19
155.63,245.0,3.0,0.0,0.471,0.8615,0.3905,146.125
155.64,245.0,3.0,0.0,0.471,0.8527,0.3817,146.156
155.65,245.0,3.0,0.0,0.471,0.8527,0.3817,146.253
155.66,245.0,3.0,0.0,0.471,0.8527,0.3817,146.108
155.67,245.0,3.0,0.0,0.471,0.8615,0.3905,146.188
155.68,245.0,3.0,0.0,0.471,0.8527,0.3817,146.092
155.69,245.0,3.0,0.0,0.471,0.8527,0.3817,146.252
155.7,245.0,3.0,0.0,0.471,0.8615,0.3905,146.285
155.71,245.0,3.0,0.0,0.471,0.8527,0.3817,146.239
155.72,245.0,3.0,0.0,0.471,0.8615,0.3905,146.268
155.73,245.0,3.0,0.0,0.471,0.8527,0.3817,146.141
155.74,245.0,3.0,0.0,0.471,0.8527,0.3817,146.125
155.75,245.0,3.0,0.0,0.471,0.8527,0.3817,146.155
155.76,245.0,3.0,0.0,0.471,0.8527,0.3817,146.319
155.77,245.0,3.0,0.0,0.471,0.8527,0.3817,146.044
155.78,245.0,3.0,0.0,0.471,0.8615,0.3905,146.286
155.79,245.0,3.0,0.0,0.471,0.8527,0.3817,146.27
155.8,245.0,3.0,0.0,0.471,0.8527,0.3817,146.157
155.81,245.0,3.0,0.0,0.471,0.8527,0.3817,146.091
155.82,245.0,3.0,0.0,0.471,0.8615,0.3905,146.107
155.83,245.0,3.0,0.0,0.471,0.8615,0.3905,145.947
155.84,245.0,3.0,0.0,0.471,0.8527,0.3817,146.075
155.85,245.0,3.0,0.0,0.471,0.8527,0.3817,146.253
155.86,245.0,3.0,0.0,0.471,0.8615,0.3905,146.043
155.87,245.0,3.0,0.0,0.471,0.8615,0.3905,146.075
155.88,245.0,3.0,0.0,0.471,0.8615,0.3905,146.156
155.89,245.0,3.0,0.0,0.471,0.8527,0.3817,146.22
155.9,245.0,3.0,0.0,0.471,0.8615,0.3905,146.253
155.91,245.0,3.0,0.0,0.471,0.8615,0.3905,146.092
155.92,245.0,3.0,0.0,0.471,0.8615,0.3905,146.317
155.93,245.0,3.0,0.0,0.471,0.8615,0.3905,146.124
155.94,245.0,3.0,0.0,0.471,0.8527,0.3817,145.993
155.95,245.0,3.0,0.0,0.471,0.8615,0.3905,146.285
155.96,245.0,3.0,0.0,0.471,0.8615,0.3905,146.076
155.97,245.0,3.0,0.0,0.471,0.8615,0.3905,146.188
155.98,245.0,3.0,0.0,0.471,0.8615,0.3905,146.075
155.99,245.0,3.0,0.0,0.471,0.8615,0.3905,146.123
156.0,245.0,3.0,0.0,0.471,0.8615,0.3905,146.124
156.01,245.0,3.0,0.0,0.471,0.8615,0.3905,146.221
156.02,245.0,3.0,0.0,0.471,0.8615,0.3905,146.285
156.03,245.0,3.0,0.0,0.471,0.8615,0.3905,146.27
156.04,245.0,3.0,0.0,0.471,0.8527,0.3817,146.126
156.05,245.0,3.0,0.0,0.471,0.8703,0.3993,146.205
156.06,245.0,3.0,0.0,0.471,0.8703,0.3993,145.962
156.07,245.0,3.0,0.0,0.471,0.8703,0.3993,146.253
156.08,245.0,3.0,0.0,0.471,0.8703,0.3993,146.221
156.09,245.0,3.0,0.0,0.471,0.8703,0.3993,146.173
156.1,245.0,3.0,0.0,0.471,0.8615,0.3905,146.141
156.11,245.0,3.0,0.0,0.471,0.8703,0.3993,146.094
156.12,245.0,3.0,0.0,0.471,0.8527,0.3817,146.14
156.13,245.0,3.0,0.0,0.471,0.8703,0.3993,145.979
156.14,245.0,3.0,0.0,0.471,0.8703,0.3993,146.108
156.15,245.0,3.0,0.0,0.471,0.8615,0.3905,146.077
156.16,245.0,3.0,0.0,0.471,0.8703,0.3993,146.045
156.17,245.0,3.0,0.0,0.471,0.8703,0.3993,146.123
156.18,245.0,3.0,0.0,0.471,0.8615,0.3905,145.947
156.19,245.0,3.0,0.0,0.471,0.8615,0.3905,146.123
156.2,245.0,3.0,0.0,0.471,0.8527,0.3817,146.447
156.21,245.0,3.0,0.0,0.471,0.8615,0.3905,146.206
156.22,245.0,3.0,0.0,0.471,0.8527,0.3817,146.092
156.23,245.0,3.0,0.0,0.471,0.8527,0.3817,146.028
156.24,245.0,3.0,0.0,0.471,0.8527,0.3817,146.042
156.25,245.0,3.0,0.0,0.471,0.8527,0.3817,146.189
156.26,245.0,3.0,0.0,0.471,0.8527,0.3817,146.092
156.27,245.0,3.0,0.0,0.471,0.8615,0.3905,146.123
156.28,245.0,3.0,0.0,0.471,0.8527,0.3817,146.14
156.29,245.0,3.0,0.0,0.471,0.8527,0.3817,146.108
156.3,245.0,3.0,0.0,0.471,0.844,0.373,146.076
156.31,245.0,3.0,0.0,0.471,0.844,0.373,145.962
156.32,245.0,3.0,0.0,0.471,0.8527,0.3817,146.058
156.33,245.0,3.0,0.0,0.471,0.8615,0.3905,146.333
156.34,245.0,3.0,0.0,0.471,0.8527,0.3817,146.076
156.35,245.0,3.0,0.0,0.471,0.8527,0.3817,146.399
156.36,245.0,3.0,0.0,0.471,0.8527,0.3817,145.962
156.37,245.0,3.0,0.0,0.471,0.8527,0.3817,146.14
156.38,245.0,3.0,0.0,0.471,0.8615,0.3905,146.285
156.39,245.0,3.0,0.0,0.471,0.8615,0.3905,146.19
156.4,245.0,3.0,0.0,0.471,0.8615,0.3905,146.173
156.41,245.0,3.0,0.0,0.471,0.8615,0.3905,146.027
156.42,245.0,3.0,0.0,0.471,0.8615,0.3905,146.172
156.43,245.0,3.0,0.0,0.471,0.8615,0.3905,146.123
156.44,245.0,3.0,0.0,0.471,0.8527,0.3817,146.092
156.45,245.0,3.0,0.0,0.471,0.8527,0.3817,146.188
156.46,245.0,3.0,0.0,0.471,0.844,0.373,146.076
156.47,245.0,3.0,0.0,0.471,0.8615,0.3905,146.172
156.48,245.0,3.0,0.0,0.471,0.8527,0.3817,146.205
156.49,245.0,3.0,0.0,0.471,0.844,0.373,145.962
156.5,245.0,3.0,0.0,0.471,0.8615,0.3905,146.204
156.51,245.0,3.0,0.0,0.471,0.844,0.373,146.043
156.52,245.0,3.0,0.0,0.471,0.8527,0.3817,146.043
156.53,245.0,3.0,0.0,0.471,0.8615,0.3905,146.124
156.54,245.0,3.0,0.0,0.471,0.844,0.373,146.092
156.55,245.0,3.0,0.0,0.471,0.8527,0.3817,145.978
156.56,245.0,3.0,0.0,0.471,0.8527,0.3817,146.156
156.57,245.0,3.0,0.0,0.471,0.8527,0.3817,146.237
156.58,245.0,3.0,0.0,0.471,0.8527,0.3817,146.076
156.59,245.0,3.0,0.0,0.471,0.8527,0.3817,146.14
156.6,245.0,3.0,0.0,0.471,0.8527,0.3817,146.012
156.61,245.0,3.0,0.0,0.471,0.8615,0.3905,145.978
156.62,245.0,3.0,0.0,0.471,0.8527,0.3817,146.074
156.63,245.0,3.0,0.0,0.471,0.8527,0.3817,146.011
156.64,245.0,3.0,0.0,0.471,0.8615,0.3905,146.091
156.65,245.0,3.0,0.0,0.471,0.8527,0.3817,146.092
156.66,245.0,3.0,0.0,0.471,0.8615,0.3905,146.011
156.67,245.0,3.0,0.0,0.471,0.8615,0.3905,146.172
156.68,245.0,3.0,0.0,0.471,0.8527,0.3817,146.204
156.69,245.0,3.0,0.0,0.471,0.8615,0.3905,146.093
156.7,245.0,3.0,0.0,0.471,0.8615,0.3905,146.189
156.71,245.0,3.0,0.0,0.471,0.8615,0.3905,146.092
156.72,245.0,3.0,0.0,0.471,0.8615,0.3905,146.156
156.73,245.0,3.0,0.0,0.471,0.8527,0.3817,145.994
156.74,245.0,3.0,0.0,0.471,0.8615,0.3905,146.091
156.75,245.0,3.0,0.0,0.471,0.8615,0.3905,146.188
156.76,245.0,3.0,0.0,0.471,0.8527,0.3817,146.076
156.77,245.0,3.0,0.0,0.471,0.8527,0.3817,146.059
156.78,245.0,3.0,0.0,0.471,0.8527,0.3817,146.091
156.79,245.0,3.0,0.0,0.471,0.8527,0.3817,146.156
156.8,245.0,3.0,0.0,0.471,0.8527,0.3817,146.092
156.81,245.0,3.0,0.0,0.471,0.844,0.373,146.188
156.82,245.0,3.0,0.0,0.471,0.844,0.373,145.995
156.83,245.0,3.0,0.0,0.471,0.844,0.373,145.898
156.84,245.0,3.0,0.0,0.471,0.8352,0.3642,146.236
156.85,245.0,3.0,0.0,0.471,0.8352,0.3642,146.076
156.86,245.0,3.0,0.0,0.471,0.8352,0.3642,146.076
156.87,245.0,3.0,0.0,0.471,0.8265,0.3555,146.188
156.88,245.0,3.0,0.0,0.471,0.8352,0.3642,146.092
156.89,245.0,3.0,0.0,0.471,0.8265,0.3555,146.027
156.9,245.0,3.0,0.0,0.471,0.8265,0.3555,146.156
156.91,245.0,3.0,0.0,0.471,0.8352,0.3642,145.978
156.92,245.0,3.0,0.0,0.471,0.8352,0.3642,146.188
156.93,245.0,3.0,0.0,0.471,0.844,0.373,146.107
156.94,245.0,3.0,0.0,0.471,0.8352,0.3642,146.043
156.95,245.0,3.0,0.0,0.471,0.8352,0.3642,146.172
156.96,245.0,3.0,0.0,0.471,0.8352,0.3642,146.044
156.97,245.0,3.0,0.0,0.471,0.8352,0.3642,146.091
156.98,245.0,3.0,0.0,0.471,0.8352,0.3642,146.188
156.99,245.0,3.0,0.0,0.471,0.8352,0.3642,146.205
157.0,245.0,3.0,0.0,0.471,0.8352,0.3642,146.285
157.01,245.0,3.0,0.0,0.471,0.8352,0.3642,145.979
157.02,245.0,3.0,0.0,0.471,0.8352,0.3642,146.203
157.03,245.0,3.0,0.0,0.471,0.844,0.373,146.075
157.04,245.0,3.0,0.0,0.471,0.844,0.373,146.044
157.05,245.0,3.0,0.0,0.471,0.844,0.373,146.366
157.06,245.0,3.0,0.0,0.471,0.844,0.373,146.076
157.07,245.0,3.0,0.0,0.471,0.844,0.373,146.156
157.08,245.0,3.0,0.0,0.471,0.844,0.373,145.947
157.09,245.0,3.0,0.0,0.471,0.844,0.373,145.898
157.1,245.0,3.0,0.0,0.471,0.844,0.373,145.978
157.11,245.0,3.0,0.0,0.471,0.844,0.373,146.108
157.12,245.0,3.0,0.0,0.471,0.8527,0.3817,146.06
157.13,245.0,3.0,0.0,0.471,0.844,0.373,146.075
157.14,245.0,3.0,0.0,0.471,0.844,0.373,146.14
157.15,245.0,3.0,0.0,0.471,0.844,0.373,146.06
157.16,245.0,3.0,0.0,0.471,0.844,0.373,146.075
157.17,245.0,3.0,0.0,0.471,0.844,0.373,146.027
157.18,245.0,3.0,0.0,0.471,0.8527,0.3817,146.204
157.19,245.0,3.0,0.0,0.471,0.844,0.373,145.913
157.2,245.0,3.0,0.0,0.471,0.844,0.373,146.107
157.21,245.0,3.0,0.0,0.471,0.844,0.373,146.043
157.22,245.0,3.0,0.0,0.471,0.844,0.373,146.076
157.23,245.0,3.0,0.0,0.471,0.844,0.373,146.318
157.24,245.0,3.0,0.0,0.471,0.844,0.373,145.979
157.25,245.0,3.0,0.0,0.471,0.844,0.373,146.074
157.26,245.0,3.0,0.0,0.471,0.8527,0.3817,145.881
157.27,245.0,3.0,0.0,0.471,0.8527,0.3817,146.107
157.28,245.0,3.0,0.0,0.471,0.8527,0.3817,146.139
157.29,245.0,3.0,0.0,0.471,0.8527,0.3817,146.044
157.3,245.0,3.0,0.0,0.471,0.8527,0.3817,146.059
157.31,245.0,3.0,0.0,0.471,0.8527,0.3817,146.187
157.32,245.0,3.0,0.0,0.471,0.8615,0.3905,146.043
157.33,245.0,3.0,0.0,0.471,0.8527,0.3817,146.043
157.34,245.0,3.0,0.0,0.471,0.8527,0.3817,145.897
157.35,245.0,3.0,0.0,0.471,0.8527,0.3817,146.205
157.36,245.0,3.0,0.0,0.471,0.8527,0.3817,146.14
157.37,245.0,3.0,0.0,0.471,0.8527,0.3817,145.962
157.38,245.0,3.0,0.0,0.471,0.8527,0.3817,146.042
157.39,245.0,3.0,0.0,0.471,0.8527,0.3817,145.963
157.4,245.0,3.0,0.0,0.471,0.8527,0.3817,146.269
157.41,245.0,3.0,0.0,0.471,0.8527,0.3817,145.98
157.42,245.0,3.0,0.0,0.471,0.8527,0.3817,146.155
157.43,245.0,3.0,0.0,0.471,0.8527,0.3817,146.027
157.44,245.0,3.0,0.0,0.471,0.8527,0.3817,145.996
157.45,245.0,3.0,0.0,0.471,0.8527,0.3817,146.123
157.46,245.0,3.0,0.0,0.471,0.8527,0.3817,145.978
157.47,245.0,3.0,0.0,0.471,0.8527,0.3817,146.075
157.48,245.0,3.0,0.0,0.471,0.8527,0.3817,146.237
157.49,245.0,3.0,0.0,0.471,0.8527,0.3817,146.124
157.5,245.0,3.0,0.0,0.471,0.8527,0.3817,146.043
157.51,245.0,3.0,0.0,0.471,0.8615,0.3905,145.963
157.52,245.0,3.0,0.0,0.471,0.8527,0.3817,146.026
157.53,245.0,3.0,0.0,0.471,0.8615,0.3905,146.026
157.54,245.0,3.0,0.0,0.471,0.8615,0.3905,146.172
157.55,245.0,3.0,0.0,0.471,0.8527,0.3817,145.978
157.56,245.0,3.0,0.0,0.471,0.8527,0.3817,145.898
157.57,245.0,3.0,0.0,0.471,0.8527,0.3817,145.945
157.58,245.0,3.0,0.0,0.471,0.8615,0.3905,146.22
157.59,245.0,3.0,0.0,0.471,0.8527,0.3817,145.945
157.6,245.0,3.0,0.0,0.471,0.8615,0.3905,145.961
157.61,245.0,3.0,0.0,0.471,0.8527,0.3817,145.736
157.62,245.0,3.0,0.0,0.471,0.844,0.373,145.993
157.63,245.0,3.0,0.0,0.471,0.844,0.373,146.042
157.64,245.0,3.0,0.0,0.471,0.8527,0.3817,146.156
157.65,245.0,3.0,0.0,0.471,0.8527,0.3817,146.205
157.66,245.0,3.0,0.0,0.471,0.8615,0.3905,146.076
157.67,245.0,3.0,0.0,0.471,0.844,0.373,146.043
157.68,245.0,3.0,0.0,0.471,0.844,0.373,145.898
157.69,245.0,3.0,0.0,0.471,0.844,0.373,145.865
157.7,245.0,3.0,0.0,0.471,0.8527,0.3817,146.204
157.71,245.0,3.0,0.0,0.471,0.8527,0.3817,146.011
157.72,245.0,3.0,0.0,0.471,0.8527,0.3817,146.059
157.73,245.0,3.0,0.0,0.471,0.844,0.373,146.074
157.74,245.0,3.0,0.0,0.471,0.844,0.373,145.882
157.75,245.0,3.0,0.0,0.471,0.844,0.373,145.928
157.76,245.0,3.0,0.0,0.471,0.8527,0.3817,145.881
157.77,245.0,3.0,0.0,0.471,0.844,0.373,146.156
157.78,245.0,3.0,0.0,0.471,0.844,0.373,146.043
157.79,245.0,3.0,0.0,0.471,0.8527,0.3817,146.012
157.8,245.0,3.0,0.0,0.471,0.844,0.373,145.995
157.81,245.0,3.0,0.0,0.471,0.8527,0.3817,146.042
157.82,245.0,3.0,0.0,0.471,0.8527,0.3817,145.946
157.83,245.0,3.0,0.0,0.471,0.8527,0.3817,146.091
157.84,245.0,3.0,0.0,0.471,0.844,0.373,146.107
157.85,245.0,3.0,0.0,0.471,0.8527,0.3817,146.108
157.86,245.0,3.0,0.0,0.471,0.8527,0.3817,146.027
157.87,245.0,3.0,0.0,0.471,0.844,0.373,146.058
157.88,245.0,3.0,0.0,0.471,0.844,0.373,146.124
157.89,245.0,3.0,0.0,0.471,0.8527,0.3817,145.979
157.9,245.0,3.0,0.0,0.471,0.8527,0.3817,146.124
157.91,245.0,3.0,0.0,0.471,0.8527,0.3817,146.075
157.92,245.0,3.0,0.0,0.471,0.8527,0.3817,145.914
157.93,245.0,3.0,0.0,0.471,0.8527,0.3817,145.881
157.94,245.0,3.0,0.0,0.471,0.8527,0.3817,145.945
157.95,245.0,3.0,0.0,0.471,0.8527,0.3817,146.026
157.96,245.0,3.0,0.0,0.471,0.844,0.373,146.026
157.97,245.0,3.0,0.0,0.471,0.844,0.373,145.946
157.98,245.0,3.0,0.0,0.471,0.8527,0.3817,145.85
157.99,245.0,3.0,0.0,0.471,0.844,0.373,146.009
158.0,245.0,3.0,0.0,0.471,0.844,0.373,146.059
158.01,245.0,3.0,0.0,0.471,0.8527,0.3817,145.946
158.02,245.0,3.0,0.0,0.471,0.8527,0.3817,146.026
158.03,245.0,3.0,0.0,0.471,0.8527,0.3817,146.156
158.04,245.0,3.0,0.0,0.471,0.844,0.373,145.929
158.05,245.0,3.0,0.0,0.471,0.8527,0.3817,146.172
158.06,245.0,3.0,0.0,0.471,0.844,0.373,145.898
158.07,245.0,3.0,0.0,0.471,0.8527,0.3817,145.85
158.08,245.0,3.0,0.0,0.471,0.8615,0.3905,145.929
158.09,245.0,3.0,0.0,0.471,0.8527,0.3817,146.026
158.1,245.0,3.0,0.0,0.471,0.8527,0.3817,146.058
158.11,245.0,3.0,0.0,0.471,0.8527,0.3817,146.059
158.12,245.0,3.0,0.0,0.471,0.8527,0.3817,146.059
158.13,245.0,3.0,0.0,0.471,0.844,0.373,146.156
158.14,245.0,3.0,0.0,0.471,0.8527,0.3817,146.045
158.15,245.0,3.0,0.0,0.471,0.8615,0.3905,146.171
158.16,245.0,3.0,0.0,0.471,0.8615,0.3905,145.929
158.17,245.0,3.0,0.0,0.471,0.8527,0.3817,146.027
158.18,245.0,3.0,0.0,0.471,0.8527,0.3817,145.994
158.19,245.0,3.0,0.0,0.471,0.8527,0.3817,145.896
158.2,245.0,3.0,0.0,0.471,0.844,0.373,146.01
158.21,245.0,3.0,0.0,0.471,0.8527,0.3817,145.946
158.22,245.0,3.0,0.0,0.471,0.844,0.373,146.075
158.23,245.0,3.0,0.0,0.471,0.8527,0.3817,146.091
158.24,245.0,3.0,0.0,0.471,0.8352,0.3642,146.092
158.25,245.0,3.0,0.0,0.471,0.844,0.373,145.994
158.26,245.0,3.0,0.0,0.471,0.8527,0.3817,146.108
158.27,245.0,3.0,0.0,0.471,0.8527,0.3817,145.996
158.28,245.0,3.0,0.0,0.471,0.8527,0.3817,145.946
158.29,245.0,3.0,0.0,0.471,0.844,0.373,145.993
158.3,245.0,3.0,0.0,0.471,0.844,0.373,146.139
158.31,245.0,3.0,0.0,0.471,0.844,0.373,145.978
158.32,245.0,3.0,0.0,0.471,0.844,0.373,146.074
158.33,245.0,3.0,0.0,0.471,0.844,0.373,145.947
158.34,245.0,3.0,0.0,0.471,0.844,0.373,145.801
158.35,245.0,3.0,0.0,0.471,0.844,0.373,146.074
158.36,245.0,3.0,0.0,0.471,0.844,0.373,146.123
158.37,245.0,3.0,0.0,0.471,0.844,0.373,145.993
158.38,245.0,3.0,0.0,0.471,0.8352,0.3642,146.075
158.39,245.0,3.0,0.0,0.471,0.844,0.373,145.995
158.4,245.0,3.0,0.0,0.471,0.8352,0.3642,146.01
158.41,245.0,3.0,0.0,0.471,0.844,0.373,145.914
158.42,245.0,3.0,0.0,0.471,0.844,0.373,146.188
158.43,245.0,3.0,0.0,0.471,0.844,0.373,146.141
158.44,245.0,3.0,0.0,0.471,0.8527,0.3817,146.092
158.45,245.0,3.0,0.0,0.471,0.8527,0.3817,146.076
158.46,245.0,3.0,0.0,0.471,0.844,0.373,145.945
158.47,245.0,3.0,0.0,0.471,0.844,0.373,146.043
158.48,245.0,3.0,0.0,0.471,0.8527,0.3817,146.027
158.49,245.0,3.0,0.0,0.471,0.844,0.373,146.122
158.5,245.0,3.0,0.0,0.471,0.8527,0.3817,146.188
158.51,245.0,3.0,0.0,0.471,0.8615,0.3905,145.866
158.52,245.0,3.0,0.0,0.471,0.8527,0.3817,145.962
158.53,245.0,3.0,0.0,0.471,0.8527,0.3817,146.026
158.54,245.0,3.0,0.0,0.471,0.8527,0.3817,146.091
158.55,245.0,3.0,0.0,0.471,0.8527,0.3817,145.962
158.56,245.0,3.0,0.0,0.471,0.8615,0.3905,145.929
158.57,245.0,3.0,0.0,0.471,0.8527,0.3817,145.882
158.58,245.0,3.0,0.0,0.471,0.8527,0.3817,145.993
158.59,245.0,3.0,0.0,0.471,0.8615,0.3905,145.93
158.6,245.0,3.0,0.0,0.471,0.8615,0.3905,146.107
158.61,245.0,3.0,0.0,0.471,0.8615,0.3905,145.881
158.62,245.0,3.0,0.0,0.471,0.8615,0.3905,145.962
158.63,245.0,3.0,0.0,0.471,0.8615,0.3905,145.897
158.64,245.0,3.0,0.0,0.471,0.8615,0.3905,145.931
158.65,245.0,3.0,0.0,0.471,0.8615,0.3905,146.189
158.66,245.0,3.0,0.0,0.471,0.8615,0.3905,145.979
158.67,245.0,3.0,0.0,0.471,0.8527,0.3817,146.075
158.68,245.0,3.0,0.0,0.471,0.8527,0.3817,146.06
158.69,245.0,3.0,0.0,0.471,0.8527,0.3817,146.043
158.7,245.0,3.0,0.0,0.471,0.8527,0.3817,145.882
158.71,245.0,3.0,0.0,0.471,0.8527,0.3817,145.834
158.72,245.0,3.0,0.0,0.471,0.8527,0.3817,145.945
158.73,245.0,3.0,0.0,0.471,0.8527,0.3817,146.026
158.74,245.0,3.0,0.0,0.471,0.8527,0.3817,146.139
158.75,245.0,3.0,0.0,0.471,0.8615,0.3905,146.026
158.76,245.0,3.0,0.0,0.471,0.8615,0.3905,145.945
158.77,245.0,3.0,0.0,0.471,0.8527,0.3817,145.832
158.78,245.0,3.0,0.0,0.471,0.8615,0.3905,146.01
158.79,245.0,3.0,0.0,0.471,0.8615,0.3905,146.025
158.8,245.0,3.0,0.0,0.471,0.8527,0.3817,146.108
158.81,245.0,3.0,0.0,0.471,0.8615,0.3905,145.881
158.82,245.0,3.0,0.0,0.471,0.8615,0.3905,145.993
158.83,245.0,3.0,0.0,0.471,0.8615,0.3905,145.93
158.84,245.0,3.0,0.0,0.471,0.8615,0.3905,145.897
158.85,245.0,3.0,0.0,0.471,0.8615,0.3905,146.091
158.86,245.0,3.0,0.0,0.471,0.8527,0.3817,145.882
158.87,245.0,3.0,0.0,0.471,0.8615,0.3905,145.816
158.88,245.0,3.0,0.0,0.471,0.8527,0.3817,146.042
158.89,245.0,3.0,0.0,0.471,0.8615,0.3905,145.866
158.9,245.0,3.0,0.0,0.471,0.8615,0.3905,146.107
158.91,245.0,3.0,0.0,0.471,0.8527,0.3817,146.011
158.92,245.0,3.0,0.0,0.471,0.8615,0.3905,145.915
158.93,245.0,3.0,0.0,0.471,0.8527,0.3817,145.816
158.94,245.0,3.0,0.0,0.471,0.8615,0.3905,145.961
158.95,245.0,3.0,0.0,0.471,0.8615,0.3905,146.01
158.96,245.0,3.0,0.0,0.471,0.8615,0.3905,146.105
158.97,245.0,3.0,0.0,0.471,0.8527,0.3817,146.059
158.98,245.0,3.0,0.0,0.471,0.8527,0.3817,146.028
158.99,245.0,3.0,0.0,0.471,0.844,0.373,145.897
159.0,245.0,3.0,0.0,0.471,0.8527,0.3817,146.107
159.01,245.0,3.0,0.0,0.471,0.8527,0.3817,145.945
159.02,245.0,3.0,0.0,0.471,0.844,0.373,146.009
159.03,245.0,3.0,0.0,0.471,0.8615,0.3905,145.962
159.04,245.0,3.0,0.0,0.471,0.844,0.373,146.026
159.05,245.0,3.0,0.0,0.471,0.8615,0.3905,145.963
159.06,245.0,3.0,0.0,0.471,0.8527,0.3817,145.849
159.07,245.0,3.0,0.0,0.471,0.844,0.373,145.913
159.08,245.0,3.0,0.0,0.471,0.8527,0.3817,146.042
159.09,245.0,3.0,0.0,0.471,0.8527,0.3817,145.946
159.1,245.0,3.0,0.0,0.471,0.8527,0.3817,146.107
159.11,245.0,3.0,0.0,0.471,0.8527,0.3817,145.961
159.12,245.0,3.0,0.0,0.471,0.844,0.373,146.009
159.13,245.0,3.0,0.0,0.471,0.8527,0.3817,145.866
159.14,245.0,3.0,0.0,0.471,0.844,0.373,146.091
159.15,245.0,3.0,0.0,0.471,0.844,0.373,145.995
159.16,245.0,3.0,0.0,0.471,0.844,0.373,145.898
159.17,245.0,3.0,0.0,0.471,0.844,0.373,145.817
159.18,245.0,3.0,0.0,0.471,0.844,0.373,146.042
159.19,245.0,3.0,0.0,0.471,0.844,0.373,146.027
159.2,245.0,3.0,0.0,0.471,0.8527,0.3817,146.026
159.21,245.0,3.0,0.0,0.471,0.844,0.373,145.816
159.22,245.0,3.0,0.0,0.471,0.8527,0.3817,145.962
159.23,245.0,3.0,0.0,0.471,0.8527,0.3817,145.948
159.24,245.0,3.0,0.0,0.471,0.8527,0.3817,145.897
159.25,245.0,3.0,0.0,0.471,0.844,0.373,146.091
159.26,245.0,3.0,0.0,0.471,0.8615,0.3905,145.929
159.27,245.0,3.0,0.0,0.471,0.8615,0.3905,146.042
159.28,245.0,3.0,0.0,0.471,0.8615,0.3905,146.058
159.29,245.0,3.0,0.0,0.471,0.8527,0.3817,145.913
159.3,245.0,3.0,0.0,0.471,0.8615,0.3905,145.929
159.31,245.0,3.0,0.0,0.471,0.8527,0.3817,145.866
159.32,245.0,3.0,0.0,0.471,0.8527,0.3817,145.961
159.33,245.0,3.0,0.0,0.471,0.8527,0.3817,145.962
159.34,245.0,3.0,0.0,0.471,0.8527,0.3817,145.929
159.35,245.0,3.0,0.0,0.471,0.8527,0.3817,145.993
159.36,245.0,3.0,0.0,0.471,0.8527,0.3817,145.979
159.37,245.0,3.0,0.0,0.471,0.8527,0.3817,146.14
159.38,245.0,3.0,0.0,0.471,0.8527,0.3817,146.044
159.39,245.0,3.0,0.0,0.471,0.8615,0.3905,146.075
159.4,245.0,3.0,0.0,0.471,0.8615,0.3905,146.091
159.41,245.0,3.0,0.0,0.471,0.8615,0.3905,145.913
159.42,245.0,3.0,0.0,0.471,0.8527,0.3817,146.008
159.43,245.0,3.0,0.0,0.471,0.8527,0.3817,145.945
159.44,245.0,3.0,0.0,0.471,0.8615,0.3905,145.882
159.45,245.0,3.0,0.0,0.471,0.8615,0.3905,146.011
159.46,245.0,3.0,0.0,0.471,0.8527,0.3817,145.994
159.47,245.0,3.0,0.0,0.471,0.8615,0.3905,146.09
159.48,245.0,3.0,0.0,0.471,0.8527,0.3817,146.027
159.49,245.0,3.0,0.0,0.471,0.8615,0.3905,145.93
159.5,245.0,3.0,0.0,0.471,0.8615,0.3905,146.059
159.51,245.0,3.0,0.0,0.471,0.8527,0.3817,145.832
159.52,245.0,3.0,0.0,0.471,0.8527,0.3817,145.945
159.53,245.0,3.0,0.0,0.471,0.8615,0.3905,146.204
159.54,245.0,3.0,0.0,0.471,0.8527,0.3817,146.01
159.55,245.0,3.0,0.0,0.471,0.8527,0.3817,145.898
159.56,245.0,3.0,0.0,0.471,0.8703,0.3993,145.896
159.57,245.0,3.0,0.0,0.471,0.8527,0.3817,146.058
159.58,245.0,3.0,0.0,0.471,0.8615,0.3905,146.091
159.59,245.0,3.0,0.0,0.471,0.8615,0.3905,145.947
159.6,245.0,3.0,0.0,0.471,0.8527,0.3817,145.961
159.61,245.0,3.0,0.0,0.471,0.8527,0.3817,145.994
159.62,245.0,3.0,0.0,0.471,0.8527,0.3817,146.042
159.63,245.0,3.0,0.0,0.471,0.8527,0.3817,145.93
159.64,245.0,3.0,0.0,0.471,0.8615,0.3905,145.996
159.65,245.0,3.0,0.0,0.471,0.8615,0.3905,145.769
159.66,245.0,3.0,0.0,0.471,0.8615,0.3905,145.848
159.67,245.0,3.0,0.0,0.471,0.8703,0.3993,146.058
159.68,245.0,3.0,0.0,0.471,0.8615,0.3905,145.978
159.69,245.0,3.0,0.0,0.471,0.8527,0.3817,145.962
159.7,245.0,3.0,0.0,0.471,0.8615,0.3905,146.026
159.71,245.0,3.0,0.0,0.471,0.8615,0.3905,145.881
159.72,245.0,3.0,0.0,0.471,0.844,0.373,145.914
159.73,245.0,3.0,0.0,0.471,0.8527,0.3817,146.091
159.74,245.0,3.0,0.0,0.471,0.8527,0.3817,146.012
159.75,245.0,3.0,0.0,0.471,0.8527,0.3817,146.026
159.76,245.0,3.0,0.0,0.471,0.844,0.373,145.93
159.77,245.0,3.0,0.0,0.471,0.8527,0.3817,146.025
159.78,245.0,3.0,0.0,0.471,0.8527,0.3817,145.864
159.79,245.0,3.0,0.0,0.471,0.8527,0.3817,145.962
159.8,245.0,3.0,0.0,0.471,0.8527,0.3817,145.946
159.81,245.0,3.0,0.0,0.471,0.8527,0.3817,145.946
159.82,245.0,3.0,0.0,0.471,0.8527,0.3817,146.025
159.83,245.0,3.0,0.0,0.471,0.8527,0.3817,146.092
159.84,245.0,3.0,0.0,0.471,0.8527,0.3817,145.833
159.85,245.0,3.0,0.0,0.471,0.8615,0.3905,146.091
159.86,245.0,3.0,0.0,0.471,0.8527,0.3817,146.01
159.87,245.0,3.0,0.0,0.471,0.8527,0.3817,145.85
159.88,245.0,3.0,0.0,0.471,0.8527,0.3817,146.074
159.89,245.0,3.0,0.0,0.471,0.8527,0.3817,145.801
159.9,245.0,3.0,0.0,0.471,0.844,0.373,146.172
159.91,245.0,3.0,0.0,0.471,0.844,0.373,145.881
159.92,245.0,3.0,0.0,0.471,0.8527,0.3817,145.96
159.93,245.0,3.0,0.0,0.471,0.8527,0.3817,145.962
159.94,245.0,3.0,0.0,0.471,0.844,0.373,145.865
159.95,245.0,3.0,0.0,0.471,0.8527,0.3817,145.816
159.96,245.0,3.0,0.0,0.471,0.8527,0.3817,146.026
159.97,245.0,3.0,0.0,0.471,0.8527,0.3817,145.945
159.98,245.0,3.0,0.0,0.471,0.8527,0.3817,145.931
159.99,245.0,3.0,0.0,0.471,0.844,0.373,146.074
160.0,245.0,3.0,0.0,0.471,0.8527,0.3817,145.914
160.01,245.0,3.0,0.0,0.471,0.844,0.373,145.898
160.02,245.0,3.0,0.0,0.471,0.8527,0.3817,145.785
160.03,245.0,3.0,0.0,0.471,0.844,0.373,145.978
160.04,245.0,3.0,0.0,0.471,0.8615,0.3905,145.913
160.05,245.0,3.0,0.0,0.471,0.844,0.373,146.075
160.06,245.0,3.0,0.0,0.471,0.8527,0.3817,145.914
160.07,245.0,3.0,0.0,0.471,0.8527,0.3817,145.93
160.08,245.0,3.0,0.0,0.471,0.844,0.373,146.027
160.09,245.0,3.0,0.0,0.471,0.8527,0.3817,145.881
160.1,245.0,3.0,0.0,0.471,0.8527,0.3817,146.026
160.11,245.0,3.0,0.0,0.471,0.8527,0.3817,145.881
160.12,245.0,3.0,0.0,0.471,0.8527,0.3817,146.011
160.13,245.0,3.0,0.0,0.471,0.8527,0.3817,145.897
160.14,245.0,3.0,0.0,0.471,0.844,0.373,145.928
160.15,245.0,3.0,0.0,0.471,0.844,0.373,145.928
160.16,245.0,3.0,0.0,0.471,0.8527,0.3817,145.85
160.17,245.0,3.0,0.0,0.471,0.8527,0.3817,146.124
160.18,245.0,3.0,0.0,0.471,0.8527,0.3817,146.027
160.19,245.0,3.0,0.0,0.471,0.844,0.373,146.074
160.2,245.0,3.0,0.0,0.471,0.844,0.373,145.865
160.21,245.0,3.0,0.0,0.471,0.8527,0.3817,145.816
160.22,245.0,3.0,0.0,0.471,0.8527,0.3817,145.93
160.23,245.0,3.0,0.0,0.471,0.8527,0.3817,145.978
160.24,245.0,3.0,0.0,0.471,0.8527,0.3817,145.867
160.25,245.0,3.0,0.0,0.471,0.8527,0.3817,146.141
160.26,245.0,3.0,0.0,0.471,0.8615,0.3905,145.896
160.27,245.0,3.0,0.0,0.471,0.844,0.373,145.961
160.28,245.0,3.0,0.0,0.471,0.8615,0.3905,145.899
160.29,245.0,3.0,0.0,0.471,0.8615,0.3905,146.011
160.3,245.0,3.0,0.0,0.471,0.8527,0.3817,146.01
160.31,245.0,3.0,0.0,0.471,0.8615,0.3905,145.978
160.32,245.0,3.0,0.0,0.471,0.8527,0.3817,145.962
160.33,245.0,3.0,0.0,0.471,0.8527,0.3817,145.945
160.34,245.0,3.0,0.0,0.471,0.8527,0.3817,145.993
160.35,245.0,3.0,0.0,0.471,0.8527,0.3817,146.058
160.36,245.0,3.0,0.0,0.471,0.8527,0.3817,145.963
160.37,245.0,3.0,0.0,0.471,0.8615,0.3905,146.011
160.38,245.0,3.0,0.0,0.471,0.8527,0.3817,145.913
160.39,245.0,3.0,0.0,0.471,0.8527,0.3817,146.042
160.4,245.0,3.0,0.0,0.471,0.8615,0.3905,145.88
160.41,245.0,3.0,0.0,0.471,0.8615,0.3905,145.897
160.42,245.0,3.0,0.0,0.471,0.8527,0.3817,145.993
160.43,245.0,3.0,0.0,0.471,0.8527,0.3817,146.108
160.44,245.0,3.0,0.0,0.471,0.8615,0.3905,145.881
160.45,245.0,3.0,0.0,0.471,0.8527,0.3817,145.911
160.46,245.0,3.0,0.0,0.471,0.8615,0.3905,145.977
160.47,245.0,3.0,0.0,0.471,0.8615,0.3905,145.899
160.48,245.0,3.0,0.0,0.471,0.8615,0.3905,146.058
160.49,245.0,3.0,0.0,0.471,0.8527,0.3817,145.915
160.5,245.0,3.0,0.0,0.471,0.8527,0.3817,145.864
160.51,245.0,3.0,0.0,0.471,0.8527,0.3817,145.897
160.52,245.0,3.0,0.0,0.471,0.8615,0.3905,145.978
160.53,245.0,3.0,0.0,0.471,0.8527,0.3817,145.962
160.54,245.0,3.0,0.0,0.471,0.8615,0.3905,145.993
160.55,245.0,3.0,0.0,0.471,0.8527,0.3817,145.979
160.56,245.0,3.0,0.0,0.471,0.8527,0.3817,145.866
160.57,245.0,3.0,0.0,0.471,0.8527,0.3817,145.88
160.58,245.0,3.0,0.0,0.471,0.844,0.373,145.978
160.59,245.0,3.0,0.0,0.471,0.844,0.373,145.897
160.6,245.0,3.0,0.0,0.471,0.8527,0.3817,145.946
160.61,245.0,3.0,0.0,0.471,0.8527,0.3817,145.848
160.62,245.0,3.0,0.0,0.471,0.8615,0.3905,145.833
160.63,245.0,3.0,0.0,0.471,0.8615,0.3905,146.059
160.64,245.0,3.0,0.0,0.471,0.8527,0.3817,145.994
160.65,245.0,3.0,0.0,0.471,0.8615,0.3905,146.025
160.66,245.0,3.0,0.0,0.471,0.8615,0.3905,146.011
160.67,245.0,3.0,0.0,0.471,0.8615,0.3905,146.026
160.68,245.0,3.0,0.0,0.471,0.8615,0.3905,145.913
160.69,245.0,3.0,0.0,0.471,0.8615,0.3905,145.913
160.7,245.0,3.0,0.0,0.471,0.8615,0.3905,145.994
160.71,245.0,3.0,0.0,0.471,0.8615,0.3905,145.898
160.72,245.0,3.0,0.0,0.471,0.8615,0.3905,146.009
160.73,245.0,3.0,0.0,0.471,0.8615,0.3905,145.995
160.74,245.0,3.0,0.0,0.471,0.8615,0.3905,145.768
160.75,245.0,3.0,0.0,0.471,0.8615,0.3905,145.962
160.76,245.0,3.0,0.0,0.471,0.8615,0.3905,145.946
160.77,245.0,3.0,0.0,0.471,0.8615,0.3905,145.93
160.78,245.0,3.0,0.0,0.471,0.8615,0.3905,146.058
160.79,245.0,3.0,0.0,0.471,0.8615,0.3905,145.995
160.8,245.0,3.0,0.0,0.471,0.8615,0.3905,146.074
160.81,245.0,3.0,0.0,0.471,0.8615,0.3905,146.026
160.82,245.0,3.0,0.0,0.471,0.8615,0.3905,145.882
160.83,245.0,3.0,0.0,0.471,0.8615,0.3905,145.962
160.84,245.0,3.0,0.0,0.471,0.8615,0.3905,145.945
160.85,245.0,3.0,0.0,0.471,0.8527,0.3817,146.042
160.86,245.0,3.0,0.0,0.471,0.8615,0.3905,145.898
160.87,245.0,3.0,0.0,0.471,0.8527,0.3817,146.237
160.88,245.0,3.0,0.0,0.471,0.8615,0.3905,145.898
160.89,245.0,3.0,0.0,0.471,0.8615,0.3905,145.769
160.9,245.0,3.0,0.0,0.471,0.8615,0.3905,145.864
160.91,245.0,3.0,0.0,0.471,0.8527,0.3817,145.96
160.92,245.0,3.0,0.0,0.471,0.844,0.373,146.108
160.93,245.0,3.0,0.0,0.471,0.8527,0.3817,145.833
160.94,245.0,3.0,0.0,0.471,0.8527,0.3817,146.01
160.95,245.0,3.0,0.0,0.471,0.8527,0.3817,146.075
160.96,245.0,3.0,0.0,0.471,0.8527,0.3817,145.914
160.97,245.0,3.0,0.0,0.471,0.8527,0.3817,145.898
160.98,245.0,3.0,0.0,0.471,0.8615,0.3905,145.944
160.99,245.0,3.0,0.0,0.471,0.8615,0.3905,145.945
161.0,245.0,3.0,0.0,0.471,0.8527,0.3817,145.785
161.01,245.0,3.0,0.0,0.471,0.844,0.373,145.896
161.02,245.0,3.0,0.0,0.471,0.844,0.373,145.913
161.03,245.0,3.0,0.0,0.471,0.844,0.373,145.929
161.04,245.0,3.0,0.0,0.471,0.8615,0.3905,145.881
161.05,245.0,3.0,0.0,0.471,0.8527,0.3817,145.977
161.06,245.0,3.0,0.0,0.471,0.8527,0.3817,145.766
161.07,245.0,3.0,0.0,0.471,0.844,0.373,146.092
161.08,245.0,3.0,0.0,0.471,0.844,0.373,146.01
161.09,245.0,3.0,0.0,0.471,0.844,0.373,145.832
161.1,245.0,3.0,0.0,0.471,0.8527,0.3817,145.977
161.11,245.0,3.0,0.0,0.471,0.844,0.373,145.898
161.12,245.0,3.0,0.0,0.471,0.844,0.373,145.994
161.13,245.0,3.0,0.0,0.471,0.8527,0.3817,145.914
161.14,245.0,3.0,0.0,0.471,0.844,0.373,145.848
161.15,245.0,3.0,0.0,0.471,0.844,0.373,145.896
161.16,245.0,3.0,0.0,0.471,0.844,0.373,145.864
161.17,245.0,3.0,0.0,0.471,0.844,0.373,145.913
161.18,245.0,3.0,0.0,0.471,0.8527,0.3817,146.059
161.19,245.0,3.0,0.0,0.471,0.8527,0.3817,145.898
161.2,245.0,3.0,0.0,0.471,0.8527,0.3817,146.026
161.21,245.0,3.0,0.0,0.471,0.8527,0.3817,145.93
161.22,245.0,3.0,0.0,0.471,0.8527,0.3817,145.961
161.23,245.0,3.0,0.0,0.471,0.8527,0.3817,145.881
161.24,245.0,3.0,0.0,0.471,0.844,0.373,145.896
161.25,245.0,3.0,0.0,0.471,0.844,0.373,146.026
161.26,245.0,3.0,0.0,0.471,0.844,0.373,145.946
161.27,245.0,3.0,0.0,0.471,0.844,0.373,145.865
161.28,245.0,3.0,0.0,0.471,0.844,0.373,145.977
161.29,245.0,3.0,0.0,0.471,0.844,0.373,145.929
161.3,245.0,3.0,0.0,0.471,0.844,0.373,146.091
161.31,245.0,3.0,0.0,0.471,0.8527,0.3817,145.962
161.32,245.0,3.0,0.0,0.471,0.844,0.373,145.914
161.33,245.0,3.0,0.0,0.471,0.844,0.373,146.042
161.34,245.0,3.0,0.0,0.471,0.844,0.373,145.914
161.35,245.0,3.0,0.0,0.471,0.844,0.373,145.994
161.36,245.0,3.0,0.0,0.471,0.844,0.373,146.059
161.37,245.0,3.0,0.0,0.471,0.844,0.373,146.091
161.38,245.0,3.0,0.0,0.471,0.844,0.373,146.076
161.39,245.0,3.0,0.0,0.471,0.844,0.373,145.832
161.4,245.0,3.0,0.0,0.471,0.844,0.373,145.865
161.41,245.0,3.0,0.0,0.471,0.8527,0.3817,145.85
161.42,245.0,3.0,0.0,0.471,0.8527,0.3817,145.818
161.43,245.0,3.0,0.0,0.471,0.8527,0.3817,145.977
161.44,245.0,3.0,0.0,0.471,0.8527,0.3817,145.882
161.45,245.0,3.0,0.0,0.471,0.844,0.373,145.993
161.46,245.0,3.0,0.0,0.471,0.8527,0.3817,145.688
161.47,245.0,3.0,0.0,0.471,0.8527,0.3817,145.979
161.48,245.0,3.0,0.0,0.471,0.8527,0.3817,145.768
161.49,245.0,3.0,0.0,0.471,0.8527,0.3817,146.075
161.5,245.0,3.0,0.0,0.471,0.844,0.373,146.14
161.51,245.0,3.0,0.0,0.471,0.844,0.373,145.88
161.52,245.0,3.0,0.0,0.471,0.8527,0.3817,145.88
161.53,245.0,3.0,0.0,0.471,0.8527,0.3817,145.978
161.54,245.0,3.0,0.0,0.471,0.844,0.373,145.946
161.55,245.0,3.0,0.0,0.471,0.8527,0.3817,145.85
161.56,245.0,3.0,0.0,0.471,0.844,0.373,145.897
161.57,245.0,3.0,0.0,0.471,0.844,0.373,146.042
161.58,245.0,3.0,0.0,0.471,0.8527,0.3817,145.994
161.59,245.0,3.0,0.0,0.471,0.844,0.373,145.898
161.6,245.0,3.0,0.0,0.471,0.8527,0.3817,145.816
161.61,245.0,3.0,0.0,0.471,0.844,0.373,145.947
161.62,245.0,3.0,0.0,0.471,0.844,0.373,145.978
161.63,245.0,3.0,0.0,0.471,0.8527,0.3817,145.898
161.64,245.0,3.0,0.0,0.471,0.8527,0.3817,145.848
161.65,245.0,3.0,0.0,0.471,0.844,0.373,145.977
161.66,245.0,3.0,0.0,0.471,0.8527,0.3817,145.962
161.67,245.0,3.0,0.0,0.471,0.8527,0.3817,145.898
161.68,245.0,3.0,0.0,0.471,0.8615,0.3905,145.977
161.69,245.0,3.0,0.0,0.471,0.8527,0.3817,145.816
161.7,245.0,3.0,0.0,0.471,0.8527,0.3817,146.057
161.71,245.0,3.0,0.0,0.471,0.8615,0.3905,145.897
161.72,245.0,3.0,0.0,0.471,0.8527,0.3817,145.85
161.73,245.0,3.0,0.0,0.471,0.844,0.373,145.993
161.74,245.0,3.0,0.0,0.471,0.8615,0.3905,145.866
161.75,245.0,3.0,0.0,0.471,0.8615,0.3905,145.993
161.76,245.0,3.0,0.0,0.471,0.8527,0.3817,145.849
161.77,245.0,3.0,0.0,0.471,0.8527,0.3817,145.896
161.78,245.0,3.0,0.0,0.471,0.8527,0.3817,145.912
161.79,245.0,3.0,0.0,0.471,0.8527,0.3817,145.945
161.8,245.0,3.0,0.0,0.471,0.8527,0.3817,145.978
161.81,245.0,3.0,0.0,0.471,0.8527,0.3817,146.024
161.82,245.0,3.0,0.0,0.471,0.8527,0.3817,145.8
161.83,245.0,3.0,0.0,0.471,0.8527,0.3817,146.01
161.84,245.0,3.0,0.0,0.471,0.8527,0.3817,145.962
161.85,245.0,3.0,0.0,0.471,0.8527,0.3817,145.818
161.86,245.0,3.0,0.0,0.471,0.8527,0.3817,146.042
161.87,245.0,3.0,0.0,0.471,0.8527,0.3817,145.995
161.88,245.0,3.0,0.0,0.471,0.8527,0.3817,145.881
161.89,245.0,3.0,0.0,0.471,0.8527,0.3817,145.961
161.9,245.0,3.0,0.0,0.471,0.8527,0.3817,145.962
161.91,245.0,3.0,0.0,0.471,0.8527,0.3817,145.816
161.92,245.0,3.0,0.0,0.471,0.8527,0.3817,146.011
161.93,245.0,3.0,0.0,0.471,0.8527,0.3817,145.833
161.94,245.0,3.0,0.0,0.471,0.8527,0.3817,145.895
161.95,245.0,3.0,0.0,0.471,0.8527,0.3817,145.913
161.96,245.0,3.0,0.0,0.471,0.844,0.373,145.88
161.97,245.0,3.0,0.0,0.471,0.844,0.373,146.043
161.98,245.0,3.0,0.0,0.471,0.844,0.373,145.866
161.99,245.0,3.0,0.0,0.471,0.844,0.373,145.928
162.0,245.0,3.0,0.0,0.471,0.844,0.373,145.784
162.01,245.0,3.0,0.0,0.471,0.8527,0.3817,146.058
162.02,245.0,3.0,0.0,0.471,0.844,0.373,145.978
162.03,245.0,3.0,0.0,0.471,0.844,0.373,145.978
162.04,245.0,3.0,0.0,0.471,0.8527,0.3817,145.849
162.05,245.0,3.0,0.0,0.471,0.8527,0.3817,146.026
162.06,245.0,3.0,0.0,0.471,0.8527,0.3817,145.864
162.07,245.0,3.0,0.0,0.471,0.8527,0.3817,145.977
162.08,245.0,3.0,0.0,0.471,0.8615,0.3905,145.913
162.09,245.0,3.0,0.0,0.471,0.8527,0.3817,145.85
162.1,245.0,3.0,0.0,0.471,0.8615,0.3905,145.929
162.11,245.0,3.0,0.0,0.471,0.8615,0.3905,145.961
162.12,245.0,3.0,0.0,0.471,0.8615,0.3905,145.818
162.13,245.0,3.0,0.0,0.471,0.8615,0.3905,145.945
162.14,245.0,3.0,0.0,0.471,0.8527,0.3817,145.898
162.15,245.0,3.0,0.0,0.471,0.8527,0.3817,146.075
162.16,245.0,3.0,0.0,0.471,0.8527,0.3817,146.043
162.17,245.0,3.0,0.0,0.471,0.8615,0.3905,145.962
162.18,245.0,3.0,0.0,0.471,0.8615,0.3905,145.848
162.19,245.0,3.0,0.0,0.471,0.8615,0.3905,146.009
162.2,245.0,3.0,0.0,0.471,0.8615,0.3905,145.978
162.21,245.0,3.0,0.0,0.471,0.8527,0.3817,145.832
162.22,245.0,3.0,0.0,0.471,0.8615,0.3905,145.848
162.23,245.0,3.0,0.0,0.471,0.8615,0.3905,145.995
162.24,245.0,3.0,0.0,0.471,0.8527,0.3817,145.945
162.25,245.0,3.0,0.0,0.471,0.8527,0.3817,145.947
162.26,245.0,3.0,0.0,0.471,0.844,0.373,145.801
162.27,245.0,3.0,0.0,0.471,0.8615,0.3905,145.913
162.28,245.0,3.0,0.0,0.471,0.8527,0.3817,145.977
162.29,245.0,3.0,0.0,0.471,0.8527,0.3817,145.849
162.3,245.0,3.0,0.0,0.471,0.8615,0.3905,145.913
162.31,245.0,3.0,0.0,0.471,0.8527,0.3817,145.882
162.32,245.0,3.0,0.0,0.471,0.844,0.373,146.09
162.33,245.0,3.0,0.0,0.471,0.844,0.373,146.043
162.34,245.0,3.0,0.0,0.471,0.844,0.373,145.946
162.35,245.0,3.0,0.0,0.471,0.8615,0.3905,145.977
162.36,245.0,3.0,0.0,0.471,0.8527,0.3817,145.897
162.37,245.0,3.0,0.0,0.471,0.844,0.373,145.865
162.38,245.0,3.0,0.0,0.471,0.8527,0.3817,146.009
162.39,245.0,3.0,0.0,0.471,0.8527,0.3817,145.93
162.4,245.0,3.0,0.0,0.471,0.8527,0.3817,145.898
162.41,245.0,3.0,0.0,0.471,0.844,0.373,145.737
162.42,245.0,3.0,0.0,0.471,0.8527,0.3817,145.961
162.43,245.0,3.0,0.0,0.471,0.8527,0.3817,145.897
162.44,245.0,3.0,0.0,0.471,0.844,0.373,145.881
162.45,245.0,3.0,0.0,0.471,0.844,0.373,145.977
162.46,245.0,3.0,0.0,0.471,0.8527,0.3817,145.978
162.47,245.0,3.0,0.0,0.471,0.844,0.373,145.864
162.48,245.0,3.0,0.0,0.471,0.844,0.373,145.8
162.49,245.0,3.0,0.0,0.471,0.8527,0.3817,145.896
162.5,245.0,3.0,0.0,0.471,0.844,0.373,145.849
162.51,245.0,3.0,0.0,0.471,0.844,0.373,145.784
162.52,245.0,3.0,0.0,0.471,0.8527,0.3817,145.72
162.53,245.0,3.0,0.0,0.471,0.844,0.373,145.961
162.54,245.0,3.0,0.0,0.471,0.844,0.373,145.88
162.55,245.0,3.0,0.0,0.471,0.8527,0.3817,145.944
162.56,245.0,3.0,0.0,0.471,0.8352,0.3642,145.817
162.57,245.0,3.0,0.0,0.471,0.8527,0.3817,145.898
162.58,245.0,3.0,0.0,0.471,0.844,0.373,146.042
162.59,245.0,3.0,0.0,0.471,0.844,0.373,145.882
162.6,245.0,3.0,0.0,0.471,0.844,0.373,145.881
162.61,245.0,3.0,0.0,0.471,0.844,0.373,145.912
162.62,245.0,3.0,0.0,0.471,0.8527,0.3817,145.8
162.63,245.0,3.0,0.0,0.471,0.8527,0.3817,145.961
162.64,245.0,3.0,0.0,0.471,0.8527,0.3817,145.866
162.65,245.0,3.0,0.0,0.471,0.8352,0.3642,145.88
162.66,245.0,3.0,0.0,0.471,0.8527,0.3817,145.944
162.67,245.0,3.0,0.0,0.471,0.8527,0.3817,145.866
162.68,245.0,3.0,0.0,0.471,0.8527,0.3817,145.944
162.69,245.0,3.0,0.0,0.471,0.8527,0.3817,146.058
162.7,245.0,3.0,0.0,0.471,0.844,0.373,146.059
162.71,245.0,3.0,0.0,0.471,0.844,0.373,145.85
162.72,245.0,3.0,0.0,0.471,0.844,0.373,145.85
162.73,245.0,3.0,0.0,0.471,0.8527,0.3817,145.912
162.74,245.0,3.0,0.0,0.471,0.8527,0.3817,145.801
162.75,245.0,3.0,0.0,0.471,0.844,0.373,146.156
162.76,245.0,3.0,0.0,0.471,0.8527,0.3817,145.801
162.77,245.0,3.0,0.0,0.471,0.8527,0.3817,145.896
162.78,245.0,3.0,0.0,0.471,0.8527,0.3817,145.88
162.79,245.0,3.0,0.0,0.471,0.844,0.373,145.832
162.8,245.0,3.0,0.0,0.471,0.8615,0.3905,145.896
162.81,245.0,3.0,0.0,0.471,0.844,0.373,145.881
162.82,245.0,3.0,0.0,0.471,0.8527,0.3817,145.96
162.83,245.0,3.0,0.0,0.471,0.8527,0.3817,145.848
162.84,245.0,3.0,0.0,0.471,0.8527,0.3817,145.752
162.85,245.0,3.0,0.0,0.471,0.8527,0.3817,145.848
162.86,245.0,3.0,0.0,0.471,0.8527,0.3817,145.848
162.87,245.0,3.0,0.0,0.471,0.8527,0.3817,145.895
162.88,245.0,3.0,0.0,0.471,0.8527,0.3817,145.961
162.89,245.0,3.0,0.0,0.471,0.8527,0.3817,145.784
162.9,245.0,3.0,0.0,0.471,0.844,0.373,145.767
162.91,245.0,3.0,0.0,0.471,0.8527,0.3817,145.831
162.92,245.0,3.0,0.0,0.471,0.8527,0.3817,145.929
162.93,245.0,3.0,0.0,0.471,0.8527,0.3817,145.945
162.94,245.0,3.0,0.0,0.471,0.8527,0.3817,146.075
162.95,245.0,3.0,0.0,0.471,0.844,0.373,146.01
162.96,245.0,3.0,0.0,0.471,0.844,0.373,145.687
162.97,245.0,3.0,0.0,0.471,0.8527,0.3817,145.719
162.98,245.0,3.0,0.0,0.471,0.8527,0.3817,145.993
162.99,245.0,3.0,0.0,0.471,0.8527,0.3817,145.914
163.0,245.0,3.0,0.0,0.471,0.8527,0.3817,145.897
163.01,245.0,3.0,0.0,0.471,0.844,0.373,145.817
163.02,245.0,3.0,0.0,0.471,0.8527,0.3817,145.977
163.03,245.0,3.0,0.0,0.471,0.8615,0.3905,145.848
163.04,245.0,3.0,0.0,0.471,0.8527,0.3817,145.977
163.05,245.0,3.0,0.0,0.471,0.8527,0.3817,145.88
163.06,245.0,3.0,0.0,0.471,0.8527,0.3817,145.928
163.07,245.0,3.0,0.0,0.471,0.8527,0.3817,145.993
163.08,245.0,3.0,0.0,0.471,0.8527,0.3817,145.881
163.09,245.0,3.0,0.0,0.471,0.8527,0.3817,145.832
163.1,245.0,3.0,0.0,0.471,0.844,0.373,145.977
163.11,245.0,3.0,0.0,0.471,0.8527,0.3817,145.832
163.12,245.0,3.0,0.0,0.471,0.8527,0.3817,146.026
163.13,245.0,3.0,0.0,0.471,0.8527,0.3817,145.849
163.14,245.0,3.0,0.0,0.471,0.8527,0.3817,145.977
163.15,245.0,3.0,0.0,0.471,0.8527,0.3817,145.929
163.16,245.0,3.0,0.0,0.471,0.8527,0.3817,145.833
163.17,245.0,3.0,0.0,0.471,0.8527,0.3817,145.914
163.18,245.0,3.0,0.0,0.471,0.8527,0.3817,145.929
163.19,245.0,3.0,0.0,0.471,0.8527,0.3817,145.88
163.2,245.0,3.0,0.0,0.471,0.8615,0.3905,145.912
163.21,245.0,3.0,0.0,0.471,0.8527,0.3817,145.831
163.22,245.0,3.0,0.0,0.471,0.8615,0.3905,145.928
163.23,245.0,3.0,0.0,0.471,0.8703,0.3993,145.898
163.24,245.0,3.0,0.0,0.471,0.8615,0.3905,145.913
163.25,245.0,3.0,0.0,0.471,0.8703,0.3993,145.961
163.26,245.0,3.0,0.0,0.471,0.8615,0.3905,145.848
163.27,245.0,3.0,0.0,0.471,0.8615,0.3905,145.702
163.28,245.0,3.0,0.0,0.471,0.8615,0.3905,145.896
163.29,245.0,3.0,0.0,0.471,0.8615,0.3905,145.832
163.3,245.0,3.0,0.0,0.471,0.8615,0.3905,145.818
163.31,245.0,3.0,0.0,0.471,0.8527,0.3817,145.912
163.32,245.0,3.0,0.0,0.471,0.8527,0.3817,145.688
163.33,245.0,3.0,0.0,0.471,0.8527,0.3817,145.944
163.34,245.0,3.0,0.0,0.471,0.844,0.373,145.801
163.35,245.0,3.0,0.0,0.471,0.8527,0.3817,146.042
163.36,245.0,3.0,0.0,0.471,0.8615,0.3905,145.867
163.37,245.0,3.0,0.0,0.471,0.8615,0.3905,145.866
163.38,245.0,3.0,0.0,0.471,0.8615,0.3905,145.88
163.39,245.0,3.0,0.0,0.471,0.8703,0.3993,145.783
163.4,245.0,3.0,0.0,0.471,0.8615,0.3905,145.944
163.41,245.0,3.0,0.0,0.471,0.8703,0.3993,145.897
163.42,245.0,3.0,0.0,0.471,0.8615,0.3905,145.929
163.43,245.0,3.0,0.0,0.471,0.8615,0.3905,145.784
163.44,245.0,3.0,0.0,0.471,0.8615,0.3905,145.83
163.45,245.0,3.0,0.0,0.471,0.8615,0.3905,145.977
163.46,245.0,3.0,0.0,0.471,0.8527,0.3817,145.913
163.47,245.0,3.0,0.0,0.471,0.8615,0.3905,145.865
163.48,245.0,3.0,0.0,0.471,0.8527,0.3817,145.8
163.49,245.0,3.0,0.0,0.471,0.8615,0.3905,145.769
163.5,245.0,3.0,0.0,0.471,0.8527,0.3817,145.977
163.51,245.0,3.0,0.0,0.471,0.8615,0.3905,145.767
163.52,245.0,3.0,0.0,0.471,0.8703,0.3993,146.026
163.53,245.0,3.0,0.0,0.471,0.8703,0.3993,145.929
163.54,245.0,3.0,0.0,0.471,0.8615,0.3905,145.832
163.55,245.0,3.0,0.0,0.471,0.8615,0.3905,145.978
163.56,245.0,3.0,0.0,0.471,0.8615,0.3905,145.769
163.57,245.0,3.0,0.0,0.471,0.8615,0.3905,145.912
163.58,245.0,3.0,0.0,0.471,0.8615,0.3905,145.881
163.59,245.0,3.0,0.0,0.471,0.8615,0.3905,145.88
163.6,245.0,3.0,0.0,0.471,0.8527,0.3817,145.961
163.61,245.0,3.0,0.0,0.471,0.8615,0.3905,145.864
163.62,245.0,3.0,0.0,0.471,0.8615,0.3905,145.993
163.63,245.0,3.0,0.0,0.471,0.8527,0.3817,145.832
163.64,245.0,3.0,0.0,0.471,0.8527,0.3817,145.801
163.65,245.0,3.0,0.0,0.471,0.8527,0.3817,145.928
163.66,245.0,3.0,0.0,0.471,0.8615,0.3905,145.85
163.67,245.0,3.0,0.0,0.471,0.8527,0.3817,145.863
163.68,245.0,3.0,0.0,0.471,0.8527,0.3817,145.785
163.69,245.0,3.0,0.0,0.471,0.8527,0.3817,145.816
163.7,245.0,3.0,0.0,0.471,0.8527,0.3817,145.849
163.71,245.0,3.0,0.0,0.471,0.8615,0.3905,145.961
163.72,245.0,3.0,0.0,0.471,0.8615,0.3905,145.767
163.73,245.0,3.0,0.0,0.471,0.8615,0.3905,145.961
163.74,245.0,3.0,0.0,0.471,0.8615,0.3905,146.009
163.75,245.0,3.0,0.0,0.471,0.8615,0.3905,146.01
163.76,245.0,3.0,0.0,0.471,0.8615,0.3905,145.849
163.77,245.0,3.0,0.0,0.471,0.8527,0.3817,145.879
163.78,245.0,3.0,0.0,0.471,0.8527,0.3817,145.865
163.79,245.0,3.0,0.0,0.471,0.8615,0.3905,145.865
163.8,245.0,3.0,0.0,0.471,0.8615,0.3905,145.929
163.81,245.0,3.0,0.0,0.471,0.8527,0.3817,145.799
163.82,245.0,3.0,0.0,0.471,0.8527,0.3817,145.865
163.83,245.0,3.0,0.0,0.471,0.8615,0.3905,145.913
163.84,245.0,3.0,0.0,0.471,0.8527,0.3817,145.913
163.85,245.0,3.0,0.0,0.471,0.844,0.373,146.058
163.86,245.0,3.0,0.0,0.471,0.8527,0.3817,145.882
163.87,245.0,3.0,0.0,0.471,0.8527,0.3817,145.976
163.88,245.0,3.0,0.0,0.471,0.8527,0.3817,146.01
163.89,245.0,3.0,0.0,0.471,0.8527,0.3817,145.93
163.9,245.0,3.0,0.0,0.471,0.8527,0.3817,145.93
163.91,245.0,3.0,0.0,0.471,0.8527,0.3817,145.945
163.92,245.0,3.0,0.0,0.471,0.8527,0.3817,145.881
163.93,245.0,3.0,0.0,0.471,0.8615,0.3905,145.799
163.94,245.0,3.0,0.0,0.471,0.8615,0.3905,145.832
163.95,245.0,3.0,0.0,0.471,0.8615,0.3905,146.075
163.96,245.0,3.0,0.0,0.471,0.8615,0.3905,145.963
163.97,245.0,3.0,0.0,0.471,0.8615,0.3905,145.882
163.98,245.0,3.0,0.0,0.471,0.8615,0.3905,145.767
163.99,245.0,3.0,0.0,0.471,0.844,0.373,145.994
164.0,245.0,3.0,0.0,0.471,0.8527,0.3817,145.896
164.01,245.0,3.0,0.0,0.471,0.8615,0.3905,145.785
164.02,245.0,3.0,0.0,0.471,0.8615,0.3905,145.783
164.03,245.0,3.0,0.0,0.471,0.844,0.373,145.783
164.04,245.0,3.0,0.0,0.471,0.8527,0.3817,145.879
164.05,245.0,3.0,0.0,0.471,0.8527,0.3817,145.96
164.06,245.0,3.0,0.0,0.471,0.8703,0.3993,145.865
164.07,245.0,3.0,0.0,0.471,0.8615,0.3905,145.881
164.08,245.0,3.0,0.0,0.471,0.8703,0.3993,145.977
164.09,245.0,3.0,0.0,0.471,0.8527,0.3817,145.705
164.1,245.0,3.0,0.0,0.471,0.8615,0.3905,145.817
164.11,245.0,3.0,0.0,0.471,0.8615,0.3905,145.832
164.12,245.0,3.0,0.0,0.471,0.8615,0.3905,145.88
164.13,245.0,3.0,0.0,0.471,0.8615,0.3905,146.091
164.14,245.0,3.0,0.0,0.471,0.8615,0.3905,146.043
164.15,245.0,3.0,0.0,0.471,0.8615,0.3905,145.785
164.16,245.0,3.0,0.0,0.471,0.8615,0.3905,145.88
164.17,245.0,3.0,0.0,0.471,0.8527,0.3817,145.768
164.18,245.0,3.0,0.0,0.471,0.8527,0.3817,145.912
164.19,245.0,3.0,0.0,0.471,0.844,0.373,145.816
164.2,245.0,3.0,0.0,0.471,0.844,0.373,145.929
164.21,245.0,3.0,0.0,0.471,0.8527,0.3817,145.785
164.22,245.0,3.0,0.0,0.471,0.8703,0.3993,132.48
164.23,27.0,0.0,10.0,47.6462,2.1307,-45.5155,0.935
164.24,27.0,0.0,10.0,47.6462,4.5728,-43.0734,-1.171
164.25,27.0,0.0,10.0,47.6462,11.3302,-36.316,-1.151
164.26,27.0,0.0,10.0,47.6462,18.0438,-29.6024,-0.635
164.27,27.0,0.0,10.0,47.6462,24.8711,-22.7751,-1.121
164.28,27.0,0.0,10.0,47.6462,32.0487,-15.5975,-1.022
164.29,27.0,0.0,10.0,47.6462,39.0161,-8.6301,-0.814
164.3,27.0,0.0,10.0,47.6462,46.5525,-1.0937,-0.829
164.31,27.0,0.0,10.0,47.6462,53.0035,5.3573,-0.78
164.32,27.0,0.0,10.0,47.6462,53.6162,5.97,-0.717
164.33,27.0,0.0,10.0,47.6462,53.765,6.1188,-0.844
164.34,27.0,0.0,10.0,47.6462,53.7563,6.1101,-0.957
164.35,27.0,0.0,10.0,47.6462,53.7563,6.1101,-0.829
164.36,27.0,0.0,10.0,47.6462,53.7563,6.1101,-0.716
164.37,27.0,0.0,10.0,47.6462,53.7475,6.1013,-0.746
164.38,27.0,0.0,10.0,47.6462,53.7825,6.1363,-0.763
164.39,27.0,0.0,10.0,47.6462,53.8175,6.1713,-0.7
164.4,27.0,0.0,10.0,47.6462,53.8438,6.1976,-0.683
164.41,27.0,0.0,10.0,47.6462,53.8525,6.2063,-0.747
164.42,27.0,0.0,10.0,47.6462,53.8263,6.1801,-0.571
164.43,27.0,0.0,10.0,47.6462,53.7738,6.1276,-0.666
164.44,27.0,0.0,10.0,47.6462,53.8,6.1538,-0.778
164.45,27.0,0.0,10.0,47.6462,53.7913,6.1451,-0.714
164.46,27.0,0.0,10.0,47.6462,53.7913,6.1451,-0.732
164.47,5.0,3.0,0.0,52.407,53.765,1.358,-0.716
164.48,5.0,3.0,0.0,52.407,53.7563,1.3493,-0.618
164.49,5.0,3.0,0.0,52.407,53.8,1.393,-0.812
164.5,5.0,3.0,0.0,52.407,53.835,1.428,-0.749
164.51,5.0,3.0,0.0,52.407,53.8525,1.4455,-0.7
164.52,5.0,3.0,0.0,52.407,53.8438,1.4368,-0.908
164.53,5.0,3.0,0.0,52.407,53.7913,1.3843,-0.685
164.54,5.0,3.0,0.0,52.407,53.7738,1.3668,-0.586
164.55,5.0,3.0,0.0,52.407,53.7738,1.3668,-0.618
164.56,5.0,3.0,0.0,52.407,53.7738,1.3668,-0.73
164.57,5.0,3.0,0.0,52.407,53.7913,1.3843,-0.795
164.58,5.0,3.0,0.0,52.407,53.7825,1.3755,-0.603
164.59,5.0,3.0,0.0,52.407,53.7913,1.3843,-0.698
164.6,5.0,3.0,0.0,52.407,53.8175,1.4105,-0.635
164.61,5.0,3.0,0.0,52.407,53.835,1.428,-0.65
164.62,5.0,3.0,0.0,52.407,53.8438,1.4368,-0.587
164.63,5.0,3.0,0.0,52.407,53.8175,1.4105,-0.586
164.64,5.0,3.0,0.0,52.407,53.8,1.393,-0.765
164.65,5.0,3.0,0.0,52.407,53.7913,1.3843,-0.666
164.66,5.0,3.0,0.0,52.407,53.7825,1.3755,-0.748
164.67,5.0,3.0,0.0,52.407,53.7913,1.3843,-0.473
164.68,5.0,3.0,0.0,52.407,53.8,1.393,-0.601
164.69,5.0,3.0,0.0,52.407,53.8,1.393,-0.682
164.7,5.0,3.0,0.0,52.407,53.8175,1.4105,-0.554
164.71,5.0,3.0,0.0,52.407,53.8263,1.4193,-0.746
164.72,5.0,3.0,0.0,52.407,53.8263,1.4193,-0.635
164.73,5.0,3.0,0.0,52.407,53.8263,1.4193,-0.634
164.74,5.0,3.0,0.0,52.407,53.8175,1.4105,-0.619
164.75,5.0,3.0,0.0,52.407,53.8,1.393,-0.424
164.76,5.0,3.0,0.0,52.407,53.7825,1.3755,-0.586
164.77,5.0,3.0,0.0,52.407,53.7825,1.3755,-0.731
164.78,5.0,3.0,0.0,52.407,53.7913,1.3843,-0.634
164.79,5.0,3.0,0.0,52.407,53.8088,1.4018,-0.747
164.8,5.0,3.0,0.0,52.407,53.8088,1.4018,-0.473
164.81,5.0,3.0,0.0,52.407,53.8175,1.4105,-0.666
164.82,5.0,3.0,0.0,52.407,53.8175,1.4105,-0.636
164.83,5.0,3.0,0.0,52.407,53.8088,1.4018,-0.602
164.84,5.0,3.0,0.0,52.407,53.8175,1.4105,-0.667
164.85,5.0,3.0,0.0,52.407,53.8175,1.4105,-0.602
164.86,5.0,3.0,0.0,52.407,53.8088,1.4018,-0.714
164.87,5.0,3.0,0.0,52.407,53.8,1.393,-0.827
164.88,5.0,3.0,0.0,52.407,53.7913,1.3843,-0.537
164.89,5.0,3.0,0.0,52.407,53.8088,1.4018,-0.521
164.9,5.0,3.0,0.0,52.407,53.8175,1.4105,-0.537
164.91,5.0,3.0,0.0,52.407,53.8263,1.4193,-0.795
164.92,5.0,3.0,0.0,52.407,53.8263,1.4193,-0.489
164.93,5.0,3.0,0.0,52.407,53.8175,1.4105,-0.569
164.94,5.0,3.0,0.0,52.407,53.8263,1.4193,-0.585
164.95,5.0,3.0,0.0,52.407,53.8263,1.4193,-0.714
164.96,5.0,3.0,0.0,52.407,53.8263,1.4193,-0.521
164.97,5.0,3.0,0.0,52.407,53.8088,1.4018,-0.763
164.98,5.0,3.0,0.0,52.407,53.8,1.393,-0.57
164.99,5.0,3.0,0.0,52.407,53.8,1.393,-0.649
165.0,5.0,3.0,0.0,52.407,53.8175,1.4105,-0.649
165.01,5.0,3.0,0.0,52.407,53.8175,1.4105,-0.587
165.02,5.0,3.0,0.0,52.407,53.8175,1.4105,-0.616
165.03,5.0,3.0,0.0,52.407,53.8175,1.4105,-0.505
165.04,5.0,3.0,0.0,52.407,53.8263,1.4193,-0.553
165.05,5.0,3.0,0.0,52.407,53.8175,1.4105,-0.602
165.06,5.0,3.0,0.0,52.407,53.8088,1.4018,-0.778
165.07,5.0,3.0,0.0,52.407,53.8,1.393,-0.635
165.08,5.0,3.0,0.0,52.407,53.8,1.393,-0.505
165.09,5.0,3.0,0.0,52.407,53.7913,1.3843,-0.65
165.1,5.0,3.0,0.0,52.407,53.7913,1.3843,-0.537
165.11,5.0,3.0,0.0,52.407,53.8,1.393,-0.699
165.12,5.0,3.0,0.0,52.407,53.8088,1.4018,-0.699
165.13,5.0,3.0,0.0,52.407,53.8,1.393,-0.714
165.14,5.0,3.0,0.0,52.407,53.8088,1.4018,-0.521
165.15,5.0,3.0,0.0,52.407,53.8,1.393,-0.44
165.16,5.0,3.0,0.0,52.407,53.8088,1.4018,-0.634
165.17,5.0,3.0,0.0,52.407,53.8088,1.4018,-0.521
165.18,5.0,3.0,0.0,52.407,53.8088,1.4018,-0.553
165.19,5.0,3.0,0.0,52.407,53.8,1.393,-0.584
165.2,5.0,3.0,0.0,52.407,53.7913,1.3843,-0.521
165.21,5.0,3.0,0.0,52.407,53.7913,1.3843,-0.601
165.22,5.0,3.0,0.0,52.407,53.8088,1.4018,-0.44
165.23,5.0,3.0,0.0,52.407,53.8088,1.4018,-0.552
165.24,5.0,3.0,0.0,52.407,53.8088,1.4018,-0.715
165.25,5.0,3.0,0.0,52.407,53.8088,1.4018,-0.603
165.26,5.0,3.0,0.0,52.407,53.8088,1.4018,-0.359
165.27,5.0,3.0,0.0,52.407,53.8088,1.4018,-0.471
165.28,5.0,3.0,0.0,52.407,53.8,1.393,-0.618
165.29,5.0,3.0,0.0,52.407,53.8,1.393,-0.57
165.3,5.0,3.0,0.0,52.407,52.0407,-0.3663,-0.617
165.31,240.0,0.0,36.0,1.553,45.257,43.704,-0.682
165.32,240.0,0.0,36.0,1.553,38.0445,36.4915,-0.44
165.33,240.0,0.0,36.0,1.553,31.0858,29.5328,-0.634
165.34,240.0,0.0,36.0,1.553,23.8908,22.3378,-0.619
165.35,240.0,0.0,36.0,1.553,16.1969,14.6439,-0.473
165.36,240.0,0.0,36.0,1.553,8.783,7.23,-0.667
165.37,240.0,0.0,36.0,1.553,3.1723,1.6193,6.463
165.38,240.0,0.0,36.0,1.553,1.6668,0.1138,107.889
165.39,240.0,0.0,36.0,1.553,0.8703,-0.6827,146.348
165.4,240.0,0.0,36.0,1.553,0.7652,-0.7878,144.127
165.41,240.0,0.0,36.0,1.553,0.7652,-0.7878,143.154
165.42,240.0,0.0,36.0,1.553,0.774,-0.779,146.567
165.43,240.0,0.0,36.0,1.553,0.7827,-0.7703,147.121
165.44,240.0,0.0,36.0,1.553,0.7915,-0.7615,146.227
165.45,240.0,0.0,36.0,1.553,0.7827,-0.7703,145.948
165.46,240.0,0.0,36.0,1.553,0.7827,-0.7703,145.234
165.47,240.0,0.0,36.0,1.553,0.8002,-0.7528,145.521
165.48,240.0,0.0,36.0,1.553,0.809,-0.744,147.425
165.49,240.0,0.0,36.0,1.553,0.8002,-0.7528,148.043
165.5,240.0,0.0,36.0,1.553,0.809,-0.744,146.498
165.51,240.0,0.0,36.0,1.553,0.8177,-0.7353,145.294
165.52,240.0,0.0,36.0,1.553,0.8265,-0.7265,146.202
165.53,240.0,0.0,36.0,1.553,0.8352,-0.7178,147.829
165.54,245.0,3.0,0.0,0.471,0.8265,0.3555,147.83
165.55,245.0,3.0,0.0,0.471,0.844,0.373,146.805
165.56,245.0,3.0,0.0,0.471,0.8527,0.3817,146.105
165.57,245.0,3.0,0.0,0.471,0.8615,0.3905,146.657
165.58,245.0,3.0,0.0,0.471,0.8615,0.3905,147.47
165.59,245.0,3.0,0.0,0.471,0.8615,0.3905,147.697
165.6,245.0,3.0,0.0,0.471,0.8615,0.3905,147.065
165.61,245.0,3.0,0.0,0.471,0.8615,0.3905,146.544
165.62,245.0,3.0,0.0,0.471,0.8615,0.3905,146.51
165.63,245.0,3.0,0.0,0.471,0.844,0.373,147.176
165.64,245.0,3.0,0.0,0.471,0.8527,0.3817,147.583
165.65,245.0,3.0,0.0,0.471,0.8527,0.3817,147.26
165.66,245.0,3.0,0.0,0.471,0.8615,0.3905,146.51
165.67,245.0,3.0,0.0,0.471,0.8527,0.3817,146.558
165.68,245.0,3.0,0.0,0.471,0.8527,0.3817,147.112
165.69,245.0,3.0,0.0,0.471,0.8527,0.3817,147.518
165.7,245.0,3.0,0.0,0.471,0.8527,0.3817,146.999
165.71,245.0,3.0,0.0,0.471,0.8615,0.3905,146.69
165.72,245.0,3.0,0.0,0.471,0.8615,0.3905,146.772
165.73,245.0,3.0,0.0,0.471,0.8615,0.3905,146.998
165.74,245.0,3.0,0.0,0.471,0.8615,0.3905,146.934
165.75,245.0,3.0,0.0,0.471,0.8527,0.3817,146.998
165.76,245.0,3.0,0.0,0.471,0.8615,0.3905,146.983
165.77,245.0,3.0,0.0,0.471,0.8615,0.3905,146.625
165.78,245.0,3.0,0.0,0.471,0.8615,0.3905,146.754
165.79,245.0,3.0,0.0,0.471,0.8527,0.3817,147.29
165.8,245.0,3.0,0.0,0.471,0.8527,0.3817,147.371
165.81,245.0,3.0,0.0,0.471,0.8615,0.3905,146.608
165.82,245.0,3.0,0.0,0.471,0.8527,0.3817,146.415
165.83,245.0,3.0,0.0,0.471,0.8527,0.3817,147.112
165.84,245.0,3.0,0.0,0.471,0.8527,0.3817,147.194
165.85,245.0,3.0,0.0,0.471,0.8527,0.3817,146.625
165.86,245.0,3.0,0.0,0.471,0.8527,0.3817,146.478
165.87,245.0,3.0,0.0,0.471,0.844,0.373,146.835
165.88,245.0,3.0,0.0,0.471,0.844,0.373,147.112
165.89,245.0,3.0,0.0,0.471,0.844,0.373,146.95
165.9,245.0,3.0,0.0,0.471,0.844,0.373,146.819
165.91,245.0,3.0,0.0,0.471,0.8527,0.3817,146.819
165.92,245.0,3.0,0.0,0.471,0.8527,0.3817,146.641
165.93,245.0,3.0,0.0,0.471,0.844,0.373,146.737
165.94,245.0,3.0,0.0,0.471,0.844,0.373,146.869
165.95,245.0,3.0,0.0,0.471,0.8527,0.3817,147.112
165.96,245.0,3.0,0.0,0.471,0.8527,0.3817,146.804
165.97,245.0,3.0,0.0,0.471,0.844,0.373,146.528
165.98,245.0,3.0,0.0,0.471,0.8527,0.3817,146.753
165.99,245.0,3.0,0.0,0.471,0.8527,0.3817,147.063
166.0,245.0,3.0,0.0,0.471,0.8527,0.3817,146.967
166.01,245.0,3.0,0.0,0.471,0.8527,0.3817,146.641
166.02,245.0,3.0,0.0,0.471,0.8527,0.3817,146.689
166.03,245.0,3.0,0.0,0.471,0.8527,0.3817,146.771
166.04,245.0,3.0,0.0,0.471,0.8527,0.3817,146.708
166.05,245.0,3.0,0.0,0.471,0.8527,0.3817,146.949
166.06,245.0,3.0,0.0,0.471,0.8527,0.3817,146.869
166.07,245.0,3.0,0.0,0.471,0.8615,0.3905,146.642
166.08,245.0,3.0,0.0,0.471,0.8527,0.3817,146.642
166.09,245.0,3.0,0.0,0.471,0.8615,0.3905,146.723
166.1,245.0,3.0,0.0,0.471,0.8527,0.3817,147.015
166.11,245.0,3.0,0.0,0.471,0.8527,0.3817,146.61
166.12,245.0,3.0,0.0,0.471,0.8527,0.3817,146.576
166.13,245.0,3.0,0.0,0.471,0.8527,0.3817,146.982
166.14,245.0,3.0,0.0,0.471,0.8527,0.3817,146.886
166.15,245.0,3.0,0.0,0.471,0.844,0.373,146.755
166.16,245.0,3.0,0.0,0.471,0.844,0.373,146.658
166.17,245.0,3.0,0.0,0.471,0.8527,0.3817,146.69
166.18,245.0,3.0,0.0,0.471,0.844,0.373,146.787
166.19,245.0,3.0,0.0,0.471,0.8527,0.3817,146.835
166.2,245.0,3.0,0.0,0.471,0.844,0.373,146.901
166.21,245.0,3.0,0.0,0.471,0.8352,0.3642,146.707
166.22,245.0,3.0,0.0,0.471,0.844,0.373,146.673
166.23,245.0,3.0,0.0,0.471,0.8352,0.3642,146.689
166.24,245.0,3.0,0.0,0.471,0.844,0.373,146.772
166.25,245.0,3.0,0.0,0.471,0.844,0.373,146.965
166.26,245.0,3.0,0.0,0.471,0.844,0.373,146.706
166.27,245.0,3.0,0.0,0.471,0.844,0.373,146.448
166.28,245.0,3.0,0.0,0.471,0.844,0.373,146.625
166.29,245.0,3.0,0.0,0.471,0.844,0.373,146.836
166.3,245.0,3.0,0.0,0.471,0.8352,0.3642,146.851
166.31,245.0,3.0,0.0,0.471,0.844,0.373,146.529
166.32,245.0,3.0,0.0,0.471,0.844,0.373,146.707
166.33,245.0,3.0,0.0,0.471,0.844,0.373,146.739
166.34,245.0,3.0,0.0,0.471,0.8352,0.3642,146.481
166.35,245.0,3.0,0.0,0.471,0.844,0.373,146.705
166.36,245.0,3.0,0.0,0.471,0.844,0.373,146.82
166.37,245.0,3.0,0.0,0.471,0.844,0.373,146.739
166.38,245.0,3.0,0.0,0.471,0.8527,0.3817,146.577
166.39,245.0,3.0,0.0,0.471,0.844,0.373,146.641
166.4,245.0,3.0,0.0,0.471,0.844,0.373,146.852
166.41,245.0,3.0,0.0,0.471,0.844,0.373,146.707
166.42,245.0,3.0,0.0,0.471,0.844,0.373,146.609
166.43,245.0,3.0,0.0,0.471,0.8527,0.3817,146.641
166.44,245.0,3.0,0.0,0.471,0.8527,0.3817,146.756
166.45,245.0,3.0,0.0,0.471,0.8527,0.3817,146.723
166.46,245.0,3.0,0.0,0.471,0.8527,0.3817,146.56
166.47,245.0,3.0,0.0,0.471,0.8615,0.3905,146.754
166.48,245.0,3.0,0.0,0.471,0.844,0.373,146.626
166.49,245.0,3.0,0.0,0.471,0.844,0.373,146.658
166.5,245.0,3.0,0.0,0.471,0.844,0.373,146.755
166.51,245.0,3.0,0.0,0.471,0.8527,0.3817,146.69
166.52,245.0,3.0,0.0,0.471,0.8527,0.3817,146.642
166.53,245.0,3.0,0.0,0.471,0.8527,0.3817,146.706
166.54,245.0,3.0,0.0,0.471,0.8527,0.3817,146.69
166.55,245.0,3.0,0.0,0.471,0.844,0.373,146.835
166.56,245.0,3.0,0.0,0.471,0.8527,0.3817,146.706
166.57,245.0,3.0,0.0,0.471,0.8527,0.3817,146.496
166.58,245.0,3.0,0.0,0.471,0.8527,0.3817,146.77
166.59,245.0,3.0,0.0,0.471,0.844,0.373,146.642
166.6,245.0,3.0,0.0,0.471,0.8527,0.3817,146.803
166.61,245.0,3.0,0.0,0.471,0.8527,0.3817,146.723
166.62,245.0,3.0,0.0,0.471,0.8615,0.3905,146.691
166.63,245.0,3.0,0.0,0.471,0.8527,0.3817,146.692
166.64,245.0,3.0,0.0,0.471,0.8527,0.3817,146.675
166.65,245.0,3.0,0.0,0.471,0.8527,0.3817,146.787
166.66,245.0,3.0,0.0,0.471,0.8527,0.3817,146.692
166.67,245.0,3.0,0.0,0.471,0.8527,0.3817,146.609
166.68,245.0,3.0,0.0,0.471,0.8527,0.3817,146.69
166.69,245.0,3.0,0.0,0.471,0.8527,0.3817,146.563
166.7,245.0,3.0,0.0,0.471,0.844,0.373,146.593
166.71,245.0,3.0,0.0,0.471,0.844,0.373,146.707
166.72,245.0,3.0,0.0,0.471,0.8527,0.3817,146.723
166.73,245.0,3.0,0.0,0.471,0.8527,0.3817,146.691
166.74,245.0,3.0,0.0,0.471,0.844,0.373,146.643
166.75,245.0,3.0,0.0,0.471,0.8527,0.3817,146.69
166.76,245.0,3.0,0.0,0.471,0.8527,0.3817,146.61
166.77,245.0,3.0,0.0,0.471,0.844,0.373,146.705
166.78,245.0,3.0,0.0,0.471,0.844,0.373,146.723
166.79,245.0,3.0,0.0,0.471,0.8527,0.3817,146.594
166.8,245.0,3.0,0.0,0.471,0.844,0.373,146.772
166.81,245.0,3.0,0.0,0.471,0.8352,0.3642,146.61
166.82,245.0,3.0,0.0,0.471,0.844,0.373,146.593
166.83,245.0,3.0,0.0,0.471,0.844,0.373,146.611
166.84,245.0,3.0,0.0,0.471,0.844,0.373,146.721
166.85,245.0,3.0,0.0,0.471,0.844,0.373,146.675
166.86,245.0,3.0,0.0,0.471,0.844,0.373,146.642
166.87,245.0,3.0,0.0,0.471,0.844,0.373,146.625
166.88,245.0,3.0,0.0,0.471,0.844,0.373,146.61
166.89,245.0,3.0,0.0,0.471,0.8615,0.3905,146.658
166.9,245.0,3.0,0.0,0.471,0.844,0.373,146.689
166.91,245.0,3.0,0.0,0.471,0.8527,0.3817,146.706
166.92,245.0,3.0,0.0,0.471,0.8527,0.3817,146.691
166.93,245.0,3.0,0.0,0.471,0.844,0.373,146.641
166.94,245.0,3.0,0.0,0.471,0.8527,0.3817,146.497
166.95,245.0,3.0,0.0,0.471,0.8527,0.3817,146.722
166.96,245.0,3.0,0.0,0.471,0.8527,0.3817,146.772
166.97,245.0,3.0,0.0,0.471,0.8527,0.3817,146.691
166.98,245.0,3.0,0.0,0.471,0.8615,0.3905,146.723
166.99,245.0,3.0,0.0,0.471,0.8527,0.3817,146.497
167.0,245.0,3.0,0.0,0.471,0.8527,0.3817,146.771
167.01,245.0,3.0,0.0,0.471,0.8527,0.3817,146.691
167.02,245.0,3.0,0.0,0.471,0.8527,0.3817,146.61
167.03,245.0,3.0,0.0,0.471,0.844,0.373,146.641
167.04,245.0,3.0,0.0,0.471,0.8527,0.3817,146.562
167.05,245.0,3.0,0.0,0.471,0.8527,0.3817,146.722
167.06,245.0,3.0,0.0,0.471,0.8527,0.3817,146.544
167.07,245.0,3.0,0.0,0.471,0.8527,0.3817,146.674
167.08,245.0,3.0,0.0,0.471,0.8527,0.3817,146.626
167.09,245.0,3.0,0.0,0.471,0.8527,0.3817,146.579
167.1,245.0,3.0,0.0,0.471,0.8527,0.3817,146.626
167.11,245.0,3.0,0.0,0.471,0.8527,0.3817,146.61
167.12,245.0,3.0,0.0,0.471,0.8615,0.3905,146.688
167.13,245.0,3.0,0.0,0.471,0.8703,0.3993,146.787
167.14,245.0,3.0,0.0,0.471,0.8527,0.3817,146.579
167.15,245.0,3.0,0.0,0.471,0.8527,0.3817,146.788
167.16,245.0,3.0,0.0,0.471,0.8527,0.3817,146.674
167.17,245.0,3.0,0.0,0.471,0.844,0.373,146.61
167.18,245.0,3.0,0.0,0.471,0.8527,0.3817,146.673
167.19,245.0,3.0,0.0,0.471,0.8527,0.3817,146.689
167.2,245.0,3.0,0.0,0.471,0.8527,0.3817,146.771
167.21,245.0,3.0,0.0,0.471,0.8527,0.3817,146.61
167.22,245.0,3.0,0.0,0.471,0.8527,0.3817,146.626
167.23,245.0,3.0,0.0,0.471,0.8527,0.3817,146.611
167.24,245.0,3.0,0.0,0.471,0.8527,0.3817,146.529
167.25,245.0,3.0,0.0,0.471,0.8527,0.3817,146.689
167.26,245.0,3.0,0.0,0.471,0.8527,0.3817,146.546
167.27,245.0,3.0,0.0,0.471,0.844,0.373,146.689
167.28,245.0,3.0,0.0,0.471,0.8615,0.3905,146.705
167.29,245.0,3.0,0.0,0.471,0.844,0.373,146.432
167.3,245.0,3.0,0.0,0.471,0.8527,0.3817,146.593
167.31,245.0,3.0,0.0,0.471,0.8615,0.3905,146.755
167.32,245.0,3.0,0.0,0.471,0.844,0.373,146.756
167.33,245.0,3.0,0.0,0.471,0.8527,0.3817,146.643
167.34,245.0,3.0,0.0,0.471,0.8527,0.3817,146.595
167.35,245.0,3.0,0.0,0.471,0.8527,0.3817,146.48
167.36,245.0,3.0,0.0,0.471,0.8527,0.3817,146.527
167.37,245.0,3.0,0.0,0.471,0.8615,0.3905,146.657
167.38,245.0,3.0,0.0,0.471,0.8527,0.3817,146.706
167.39,245.0,3.0,0.0,0.471,0.8527,0.3817,146.546
167.4,245.0,3.0,0.0,0.471,0.8527,0.3817,146.642
167.41,245.0,3.0,0.0,0.471,0.8527,0.3817,146.497
167.42,245.0,3.0,0.0,0.471,0.8527,0.3817,146.577
167.43,245.0,3.0,0.0,0.471,0.8527,0.3817,146.69
167.44,245.0,3.0,0.0,0.471,0.8527,0.3817,146.497
167.45,245.0,3.0,0.0,0.471,0.8527,0.3817,146.544
167.46,245.0,3.0,0.0,0.471,0.8527,0.3817,146.545
167.47,245.0,3.0,0.0,0.471,0.8527,0.3817,146.624
167.48,245.0,3.0,0.0,0.471,0.8527,0.3817,146.579
167.49,245.0,3.0,0.0,0.471,0.844,0.373,146.384
167.5,245.0,3.0,0.0,0.471,0.844,0.373,146.689
167.51,245.0,3.0,0.0,0.471,0.8527,0.3817,146.739
167.52,245.0,3.0,0.0,0.471,0.844,0.373,146.529
167.53,245.0,3.0,0.0,0.471,0.8527,0.3817,146.673
167.54,245.0,3.0,0.0,0.471,0.8527,0.3817,146.546
167.55,245.0,3.0,0.0,0.471,0.8527,0.3817,146.545
167.56,245.0,3.0,0.0,0.471,0.8527,0.3817,146.626
167.57,245.0,3.0,0.0,0.471,0.8527,0.3817,146.563
167.58,245.0,3.0,0.0,0.471,0.8527,0.3817,146.674
167.59,245.0,3.0,0.0,0.471,0.8527,0.3817,146.464
167.6,245.0,3.0,0.0,0.471,0.8527,0.3817,146.626
167.61,245.0,3.0,0.0,0.471,0.8527,0.3817,146.529
167.62,245.0,3.0,0.0,0.471,0.8615,0.3905,146.497
167.63,245.0,3.0,0.0,0.471,0.8527,0.3817,146.658
167.64,245.0,3.0,0.0,0.471,0.8615,0.3905,146.578
167.65,245.0,3.0,0.0,0.471,0.8527,0.3817,146.673
167.66,245.0,3.0,0.0,0.471,0.8527,0.3817,146.643
167.67,245.0,3.0,0.0,0.471,0.8615,0.3905,146.48
167.68,245.0,3.0,0.0,0.471,0.8527,0.3817,146.625
167.69,245.0,3.0,0.0,0.471,0.8615,0.3905,146.706
167.7,245.0,3.0,0.0,0.471,0.8615,0.3905,146.643
167.71,245.0,3.0,0.0,0.471,0.8615,0.3905,146.689
167.72,245.0,3.0,0.0,0.471,0.8615,0.3905,146.593
167.73,245.0,3.0,0.0,0.471,0.8615,0.3905,146.593
167.74,245.0,3.0,0.0,0.471,0.8527,0.3817,146.481
167.75,245.0,3.0,0.0,0.471,0.8615,0.3905,146.755
167.76,245.0,3.0,0.0,0.471,0.8615,0.3905,146.658
167.77,245.0,3.0,0.0,0.471,0.8615,0.3905,146.561
167.78,245.0,3.0,0.0,0.471,0.8615,0.3905,146.624
167.79,245.0,3.0,0.0,0.471,0.8527,0.3817,146.401
167.8,245.0,3.0,0.0,0.471,0.8527,0.3817,146.723
167.81,245.0,3.0,0.0,0.471,0.8527,0.3817,146.595
167.82,245.0,3.0,0.0,0.471,0.8527,0.3817,146.434
167.83,245.0,3.0,0.0,0.471,0.8527,0.3817,146.672
167.84,245.0,3.0,0.0,0.471,0.8527,0.3817,146.528
167.85,245.0,3.0,0.0,0.471,0.8527,0.3817,146.673
167.86,245.0,3.0,0.0,0.471,0.8527,0.3817,146.448
167.87,245.0,3.0,0.0,0.471,0.8527,0.3817,146.609
167.88,245.0,3.0,0.0,0.471,0.844,0.373,146.562
167.89,245.0,3.0,0.0,0.471,0.8527,0.3817,146.512
167.9,245.0,3.0,0.0,0.471,0.8352,0.3642,146.529
167.91,245.0,3.0,0.0,0.471,0.8352,0.3642,146.559
167.92,245.0,3.0,0.0,0.471,0.8352,0.3642,146.673
167.93,245.0,3.0,0.0,0.471,0.8352,0.3642,146.593
167.94,245.0,3.0,0.0,0.471,0.8352,0.3642,146.579
167.95,245.0,3.0,0.0,0.471,0.844,0.373,146.481
167.96,245.0,3.0,0.0,0.471,0.8352,0.3642,146.625
167.97,245.0,3.0,0.0,0.471,0.8352,0.3642,146.545
167.98,245.0,3.0,0.0,0.471,0.844,0.373,146.577
167.99,245.0,3.0,0.0,0.471,0.844,0.373,146.578
168.0,245.0,3.0,0.0,0.471,0.8352,0.3642,146.385
168.01,245.0,3.0,0.0,0.471,0.844,0.373,146.464
168.02,245.0,3.0,0.0,0.471,0.8352,0.3642,146.609
168.03,245.0,3.0,0.0,0.471,0.844,0.373,146.546
168.04,245.0,3.0,0.0,0.471,0.8352,0.3642,146.4
168.05,245.0,3.0,0.0,0.471,0.844,0.373,146.624
168.06,245.0,3.0,0.0,0.471,0.8352,0.3642,146.64
168.07,245.0,3.0,0.0,0.471,0.8352,0.3642,146.433
168.08,245.0,3.0,0.0,0.471,0.844,0.373,146.416
168.09,245.0,3.0,0.0,0.471,0.8352,0.3642,146.528
168.1,245.0,3.0,0.0,0.471,0.844,0.373,146.69
168.11,245.0,3.0,0.0,0.471,0.8265,0.3555,146.705
168.12,245.0,3.0,0.0,0.471,0.8352,0.3642,146.546
168.13,245.0,3.0,0.0,0.471,0.8352,0.3642,146.593
168.14,245.0,3.0,0.0,0.471,0.8352,0.3642,146.56
168.15,245.0,3.0,0.0,0.471,0.8352,0.3642,146.545
168.16,245.0,3.0,0.0,0.471,0.844,0.373,146.545
168.17,245.0,3.0,0.0,0.471,0.844,0.373,146.577
168.18,245.0,3.0,0.0,0.471,0.844,0.373,146.562
168.19,245.0,3.0,0.0,0.471,0.844,0.373,146.48
168.2,245.0,3.0,0.0,0.471,0.844,0.373,146.511
168.21,245.0,3.0,0.0,0.471,0.844,0.373,146.529
168.22,245.0,3.0,0.0,0.471,0.844,0.373,146.674
168.23,245.0,3.0,0.0,0.471,0.844,0.373,146.481
168.24,245.0,3.0,0.0,0.471,0.844,0.373,146.561
168.25,245.0,3.0,0.0,0.471,0.8352,0.3642,146.625
168.26,245.0,3.0,0.0,0.471,0.8352,0.3642,146.416
168.27,245.0,3.0,0.0,0.471,0.8352,0.3642,146.447
168.28,245.0,3.0,0.0,0.471,0.844,0.373,146.658
168.29,245.0,3.0,0.0,0.471,0.844,0.373,146.562
168.3,245.0,3.0,0.0,0.471,0.844,0.373,146.561
168.31,245.0,3.0,0.0,0.471,0.8352,0.3642,146.577
168.32,245.0,3.0,0.0,0.471,0.8527,0.3817,146.641
168.33,245.0,3.0,0.0,0.471,0.8352,0.3642,146.562
168.34,245.0,3.0,0.0,0.471,0.8352,0.3642,146.609
168.35,245.0,3.0,0.0,0.471,0.8352,0.3642,146.625
168.36,245.0,3.0,0.0,0.471,0.844,0.373,146.498
168.37,245.0,3.0,0.0,0.471,0.844,0.373,146.448
168.38,245.0,3.0,0.0,0.471,0.844,0.373,146.527
168.39,245.0,3.0,0.0,0.471,0.844,0.373,146.641
168.4,245.0,3.0,0.0,0.471,0.8527,0.3817,146.611
168.41,245.0,3.0,0.0,0.471,0.844,0.373,146.625
168.42,245.0,3.0,0.0,0.471,0.8527,0.3817,146.351
168.43,245.0,3.0,0.0,0.471,0.8352,0.3642,146.577
168.44,245.0,3.0,0.0,0.471,0.844,0.373,146.448
168.45,245.0,3.0,0.0,0.471,0.844,0.373,146.61
168.46,245.0,3.0,0.0,0.471,0.844,0.373,146.562
168.47,245.0,3.0,0.0,0.471,0.8527,0.3817,146.561
168.48,245.0,3.0,0.0,0.471,0.8527,0.3817,146.705
168.49,245.0,3.0,0.0,0.471,0.8527,0.3817,146.511
168.5,245.0,3.0,0.0,0.471,0.8527,0.3817,146.608
168.51,245.0,3.0,0.0,0.471,0.8527,0.3817,146.641
168.52,245.0,3.0,0.0,0.471,0.8527,0.3817,146.594
168.53,245.0,3.0,0.0,0.471,0.8527,0.3817,146.721
168.54,245.0,3.0,0.0,0.471,0.8527,0.3817,146.594
168.55,245.0,3.0,0.0,0.471,0.8527,0.3817,146.513
168.56,245.0,3.0,0.0,0.471,0.8527,0.3817,146.624
168.57,245.0,3.0,0.0,0.471,0.8527,0.3817,146.609
168.58,245.0,3.0,0.0,0.471,0.8527,0.3817,146.705
168.59,245.0,3.0,0.0,0.471,0.8527,0.3817,146.594
168.6,245.0,3.0,0.0,0.471,0.8527,0.3817,146.594
168.61,245.0,3.0,0.0,0.471,0.8527,0.3817,146.53
168.62,245.0,3.0,0.0,0.471,0.8527,0.3817,146.464
168.63,245.0,3.0,0.0,0.471,0.844,0.373,146.641
168.64,245.0,3.0,0.0,0.471,0.844,0.373,146.722
168.65,245.0,3.0,0.0,0.471,0.8527,0.3817,146.659
168.66,245.0,3.0,0.0,0.471,0.8527,0.3817,146.433
168.67,245.0,3.0,0.0,0.471,0.8527,0.3817,146.495
168.68,245.0,3.0,0.0,0.471,0.8527,0.3817,146.545
168.69,245.0,3.0,0.0,0.471,0.844,0.373,146.594
168.7,245.0,3.0,0.0,0.471,0.8352,0.3642,146.563
168.71,245.0,3.0,0.0,0.471,0.844,0.373,146.593
168.72,245.0,3.0,0.0,0.471,0.844,0.373,146.514
168.73,245.0,3.0,0.0,0.471,0.8527,0.3817,146.561
168.74,245.0,3.0,0.0,0.471,0.8527,0.3817,146.367
168.75,245.0,3.0,0.0,0.471,0.8527,0.3817,146.56
168.76,245.0,3.0,0.0,0.471,0.8527,0.3817,146.623
168.77,245.0,3.0,0.0,0.471,0.8527,0.3817,146.593
168.78,245.0,3.0,0.0,0.471,0.844,0.373,146.609
168.79,245.0,3.0,0.0,0.471,0.844,0.373,146.4
168.8,245.0,3.0,0.0,0.471,0.844,0.373,146.449
168.81,245.0,3.0,0.0,0.471,0.844,0.373,146.529
168.82,245.0,3.0,0.0,0.471,0.844,0.373,146.561
168.83,245.0,3.0,0.0,0.471,0.844,0.373,146.545
168.84,245.0,3.0,0.0,0.471,0.844,0.373,146.625
168.85,245.0,3.0,0.0,0.471,0.844,0.373,146.626
168.86,245.0,3.0,0.0,0.471,0.844,0.373,146.479
168.87,245.0,3.0,0.0,0.471,0.8527,0.3817,146.399
168.88,245.0,3.0,0.0,0.471,0.844,0.373,146.48
168.89,245.0,3.0,0.0,0.471,0.844,0.373,146.561
168.9,245.0,3.0,0.0,0.471,0.844,0.373,146.787
168.91,245.0,3.0,0.0,0.471,0.844,0.373,146.561
168.92,245.0,3.0,0.0,0.471,0.844,0.373,146.466
168.93,245.0,3.0,0.0,0.471,0.8527,0.3817,146.448
168.94,245.0,3.0,0.0,0.471,0.8527,0.3817,146.48
168.95,245.0,3.0,0.0,0.471,0.8527,0.3817,146.673
168.96,245.0,3.0,0.0,0.471,0.8527,0.3817,146.577
168.97,245.0,3.0,0.0,0.471,0.8527,0.3817,146.593
168.98,245.0,3.0,0.0,0.471,0.8527,0.3817,146.529
168.99,245.0,3.0,0.0,0.471,0.8527,0.3817,146.463
169.0,245.0,3.0,0.0,0.471,0.8615,0.3905,146.609
169.01,245.0,3.0,0.0,0.471,0.8527,0.3817,146.528
169.02,245.0,3.0,0.0,0.471,0.8527,0.3817,146.4
169.03,245.0,3.0,0.0,0.471,0.8527,0.3817,146.608
169.04,245.0,3.0,0.0,0.471,0.8527,0.3817,146.514
169.05,245.0,3.0,0.0,0.471,0.8527,0.3817,146.431
169.06,245.0,3.0,0.0,0.471,0.8527,0.3817,146.431
169.07,245.0,3.0,0.0,0.471,0.844,0.373,146.561
169.08,245.0,3.0,0.0,0.471,0.8352,0.3642,146.562
169.09,245.0,3.0,0.0,0.471,0.844,0.373,146.577
169.1,245.0,3.0,0.0,0.471,0.844,0.373,146.528
169.11,245.0,3.0,0.0,0.471,0.844,0.373,146.432
169.12,245.0,3.0,0.0,0.471,0.844,0.373,146.416
169.13,245.0,3.0,0.0,0.471,0.844,0.373,146.592
169.14,245.0,3.0,0.0,0.471,0.844,0.373,146.578
169.15,245.0,3.0,0.0,0.471,0.844,0.373,146.657
169.16,245.0,3.0,0.0,0.471,0.844,0.373,146.689
169.17,245.0,3.0,0.0,0.471,0.8352,0.3642,146.4
169.18,245.0,3.0,0.0,0.471,0.844,0.373,146.48
169.19,245.0,3.0,0.0,0.471,0.844,0.373,146.545
169.2,245.0,3.0,0.0,0.471,0.844,0.373,146.53
169.21,245.0,3.0,0.0,0.471,0.8527,0.3817,146.576
169.22,245.0,3.0,0.0,0.471,0.8527,0.3817,146.512
169.23,245.0,3.0,0.0,0.471,0.8527,0.3817,146.544
169.24,245.0,3.0,0.0,0.471,0.8527,0.3817,146.497
169.25,245.0,3.0,0.0,0.471,0.8527,0.3817,146.657
169.26,245.0,3.0,0.0,0.471,0.8527,0.3817,146.594
169.27,245.0,3.0,0.0,0.471,0.8527,0.3817,146.641
169.28,245.0,3.0,0.0,0.471,0.8527,0.3817,146.641
169.29,245.0,3.0,0.0,0.471,0.8527,0.3817,146.577
169.3,245.0,3.0,0.0,0.471,0.8527,0.3817,146.689
169.31,245.0,3.0,0.0,0.471,0.8615,0.3905,146.545
169.32,245.0,3.0,0.0,0.471,0.8527,0.3817,146.481
169.33,245.0,3.0,0.0,0.471,0.8527,0.3817,146.513
169.34,245.0,3.0,0.0,0.471,0.8527,0.3817,146.48
169.35,245.0,3.0,0.0,0.471,0.844,0.373,146.641
169.36,245.0,3.0,0.0,0.471,0.8527,0.3817,146.497
169.37,245.0,3.0,0.0,0.471,0.844,0.373,146.56
169.38,245.0,3.0,0.0,0.471,0.844,0.373,146.561
169.39,245.0,3.0,0.0,0.471,0.844,0.373,146.498
169.4,245.0,3.0,0.0,0.471,0.8615,0.3905,146.543
169.41,245.0,3.0,0.0,0.471,0.8527,0.3817,146.497
169.42,245.0,3.0,0.0,0.471,0.8527,0.3817,146.545
169.43,245.0,3.0,0.0,0.471,0.844,0.373,146.592
169.44,245.0,3.0,0.0,0.471,0.844,0.373,146.481
169.45,245.0,3.0,0.0,0.471,0.844,0.373,146.497
169.46,245.0,3.0,0.0,0.471,0.844,0.373,146.529
169.47,245.0,3.0,0.0,0.471,0.844,0.373,146.528
169.48,245.0,3.0,0.0,0.471,0.844,0.373,146.624
169.49,245.0,3.0,0.0,0.471,0.8527,0.3817,146.497
169.5,245.0,3.0,0.0,0.471,0.844,0.373,146.465
169.51,245.0,3.0,0.0,0.471,0.844,0.373,146.527
169.52,245.0,3.0,0.0,0.471,0.844,0.373,146.544
169.53,245.0,3.0,0.0,0.471,0.844,0.373,146.64
169.54,245.0,3.0,0.0,0.471,0.844,0.373,146.512
169.55,245.0,3.0,0.0,0.471,0.844,0.373,146.56
169.56,245.0,3.0,0.0,0.471,0.844,0.373,146.658
169.57,245.0,3.0,0.0,0.471,0.844,0.373,146.528
169.58,245.0,3.0,0.0,0.471,0.844,0.373,146.689
169.59,245.0,3.0,0.0,0.471,0.844,0.373,146.384
169.6,245.0,3.0,0.0,0.471,0.8527,0.3817,146.351
169.61,245.0,3.0,0.0,0.471,0.844,0.373,146.609
169.62,245.0,3.0,0.0,0.471,0.844,0.373,146.399
169.63,245.0,3.0,0.0,0.471,0.844,0.373,146.511
169.64,245.0,3.0,0.0,0.471,0.844,0.373,146.608
169.65,245.0,3.0,0.0,0.471,0.844,0.373,146.415
169.66,245.0,3.0,0.0,0.471,0.844,0.373,146.496
169.67,245.0,3.0,0.0,0.471,0.8527,0.3817,146.497
169.68,245.0,3.0,0.0,0.471,0.844,0.373,146.608
169.69,245.0,3.0,0.0,0.471,0.844,0.373,146.641
169.7,245.0,3.0,0.0,0.471,0.844,0.373,146.528
169.71,245.0,3.0,0.0,0.471,0.844,0.373,146.495
169.72,245.0,3.0,0.0,0.471,0.844,0.373,146.464
169.73,245.0,3.0,0.0,0.471,0.8527,0.3817,146.512
169.74,245.0,3.0,0.0,0.471,0.8615,0.3905,146.449
169.75,245.0,3.0,0.0,0.471,0.844,0.373,146.495
169.76,245.0,3.0,0.0,0.471,0.8527,0.3817,146.592
169.77,245.0,3.0,0.0,0.471,0.8527,0.3817,146.449
169.78,245.0,3.0,0.0,0.471,0.8527,0.3817,146.4
169.79,245.0,3.0,0.0,0.471,0.8527,0.3817,146.528
169.8,245.0,3.0,0.0,0.471,0.844,0.373,146.48
169.81,245.0,3.0,0.0,0.471,0.844,0.373,146.48
169.82,245.0,3.0,0.0,0.471,0.844,0.373,146.512
169.83,245.0,3.0,0.0,0.471,0.844,0.373,146.498
169.84,245.0,3.0,0.0,0.471,0.8352,0.3642,146.512
169.85,245.0,3.0,0.0,0.471,0.844,0.373,146.657
169.86,245.0,3.0,0.0,0.471,0.8352,0.3642,146.562
169.87,245.0,3.0,0.0,0.471,0.844,0.373,146.593
169.88,245.0,3.0,0.0,0.471,0.8527,0.3817,146.415
169.89,245.0,3.0,0.0,0.471,0.8527,0.3817,146.576
169.9,245.0,3.0,0.0,0.471,0.844,0.373,146.657
169.91,245.0,3.0,0.0,0.471,0.844,0.373,146.497
169.92,245.0,3.0,0.0,0.471,0.844,0.373,146.56
169.93,245.0,3.0,0.0,0.471,0.844,0.373,146.497
169.94,245.0,3.0,0.0,0.471,0.844,0.373,146.463
169.95,245.0,3.0,0.0,0.471,0.844,0.373,146.382
169.96,245.0,3.0,0.0,0.471,0.844,0.373,146.577
169.97,245.0,3.0,0.0,0.471,0.8352,0.3642,146.675
169.98,245.0,3.0,0.0,0.471,0.844,0.373,146.529
169.99,245.0,3.0,0.0,0.471,0.844,0.373,146.432
170.0,245.0,3.0,0.0,0.471,0.844,0.373,146.351
170.01,245.0,3.0,0.0,0.471,0.844,0.373,146.545
170.02,245.0,3.0,0.0,0.471,0.844,0.373,146.514
170.03,245.0,3.0,0.0,0.471,0.844,0.373,146.722
170.04,245.0,3.0,0.0,0.471,0.844,0.373,146.432
170.05,245.0,3.0,0.0,0.471,0.844,0.373,146.529
170.06,245.0,3.0,0.0,0.471,0.844,0.373,146.48
170.07,245.0,3.0,0.0,0.471,0.844,0.373,146.464
170.08,245.0,3.0,0.0,0.471,0.844,0.373,146.641
170.09,245.0,3.0,0.0,0.471,0.844,0.373,146.48
170.1,245.0,3.0,0.0,0.471,0.844,0.373,146.528
170.11,245.0,3.0,0.0,0.471,0.844,0.373,146.432
170.12,245.0,3.0,0.0,0.471,0.844,0.373,146.384
170.13,245.0,3.0,0.0,0.471,0.844,0.373,146.463
170.14,245.0,3.0,0.0,0.471,0.844,0.373,146.334
170.15,245.0,3.0,0.0,0.471,0.8527,0.3817,146.659
170.16,245.0,3.0,0.0,0.471,0.844,0.373,146.56
170.17,245.0,3.0,0.0,0.471,0.844,0.373,146.4
170.18,245.0,3.0,0.0,0.471,0.844,0.373,146.56
170.19,245.0,3.0,0.0,0.471,0.844,0.373,146.528
170.2,245.0,3.0,0.0,0.471,0.844,0.373,146.512
170.21,245.0,3.0,0.0,0.471,0.844,0.373,146.641
170.22,245.0,3.0,0.0,0.471,0.8527,0.3817,146.626
170.23,245.0,3.0,0.0,0.471,0.844,0.373,146.432
170.24,245.0,3.0,0.0,0.471,0.844,0.373,146.368
170.25,245.0,3.0,0.0,0.471,0.844,0.373,146.529
170.26,245.0,3.0,0.0,0.471,0.8527,0.3817,146.399
170.27,245.0,3.0,0.0,0.471,0.844,0.373,146.577
170.28,245.0,3.0,0.0,0.471,0.8527,0.3817,146.706
170.29,245.0,3.0,0.0,0.471,0.8527,0.3817,146.56
170.3,245.0,3.0,0.0,0.471,0.8527,0.3817,146.432
170.31,245.0,3.0,0.0,0.471,0.8527,0.3817,146.527
170.32,245.0,3.0,0.0,0.471,0.8527,0.3817,146.576
170.33,245.0,3.0,0.0,0.471,0.8527,0.3817,146.562
170.34,245.0,3.0,0.0,0.471,0.8527,0.3817,146.464
170.35,245.0,3.0,0.0,0.471,0.8527,0.3817,146.449
170.36,245.0,3.0,0.0,0.471,0.8527,0.3817,146.478
170.37,245.0,3.0,0.0,0.471,0.8527,0.3817,146.494
170.38,245.0,3.0,0.0,0.471,0.8615,0.3905,146.464
170.39,245.0,3.0,0.0,0.471,0.8527,0.3817,146.561
170.4,245.0,3.0,0.0,0.471,0.844,0.373,146.592
170.41,245.0,3.0,0.0,0.471,0.8527,0.3817,146.545
170.42,245.0,3.0,0.0,0.471,0.8527,0.3817,146.48
170.43,245.0,3.0,0.0,0.471,0.8527,0.3817,146.48
170.44,245.0,3.0,0.0,0.471,0.8527,0.3817,146.528
170.45,245.0,3.0,0.0,0.471,0.8527,0.3817,146.657
170.46,245.0,3.0,0.0,0.471,0.844,0.373,146.431
170.47,245.0,3.0,0.0,0.471,0.844,0.373,146.528
170.48,245.0,3.0,0.0,0.471,0.844,0.373,146.464
170.49,245.0,3.0,0.0,0.471,0.844,0.373,146.608
170.5,245.0,3.0,0.0,0.471,0.844,0.373,146.433
170.51,245.0,3.0,0.0,0.471,0.8352,0.3642,146.562
170.52,245.0,3.0,0.0,0.471,0.844,0.373,146.335
170.53,245.0,3.0,0.0,0.471,0.844,0.373,146.559
170.54,245.0,3.0,0.0,0.471,0.844,0.373,146.398
170.55,245.0,3.0,0.0,0.471,0.844,0.373,146.32
170.56,245.0,3.0,0.0,0.471,0.844,0.373,146.56
170.57,245.0,3.0,0.0,0.471,0.844,0.373,146.545
170.58,245.0,3.0,0.0,0.471,0.844,0.373,146.529
170.59,245.0,3.0,0.0,0.471,0.8352,0.3642,146.368
170.6,245.0,3.0,0.0,0.471,0.844,0.373,146.706
170.61,245.0,3.0,0.0,0.471,0.844,0.373,146.511
170.62,245.0,3.0,0.0,0.471,0.844,0.373,146.559
170.63,245.0,3.0,0.0,0.471,0.844,0.373,146.561
170.64,245.0,3.0,0.0,0.471,0.844,0.373,146.497
170.65,245.0,3.0,0.0,0.471,0.844,0.373,146.448
170.66,245.0,3.0,0.0,0.471,0.844,0.373,146.4
170.67,245.0,3.0,0.0,0.471,0.844,0.373,146.382
170.68,245.0,3.0,0.0,0.471,0.844,0.373,146.351
170.69,245.0,3.0,0.0,0.471,0.8527,0.3817,146.576
170.7,245.0,3.0,0.0,0.471,0.8527,0.3817,146.514
170.71,245.0,3.0,0.0,0.471,0.8527,0.3817,146.544
170.72,245.0,3.0,0.0,0.471,0.844,0.373,146.4
170.73,245.0,3.0,0.0,0.471,0.8527,0.3817,146.511
170.74,245.0,3.0,0.0,0.471,0.844,0.373,146.319
170.75,245.0,3.0,0.0,0.471,0.8527,0.3817,146.446
170.76,245.0,3.0,0.0,0.471,0.8527,0.3817,146.544
170.77,245.0,3.0,0.0,0.471,0.844,0.373,146.498
170.78,245.0,3.0,0.0,0.471,0.8527,0.3817,146.56
170.79,245.0,3.0,0.0,0.471,0.844,0.373,146.465
170.8,245.0,3.0,0.0,0.471,0.8527,0.3817,146.529
170.81,245.0,3.0,0.0,0.471,0.844,0.373,146.512
170.82,245.0,3.0,0.0,0.471,0.844,0.373,146.496
170.83,245.0,3.0,0.0,0.471,0.8527,0.3817,146.512
170.84,245.0,3.0,0.0,0.471,0.8527,0.3817,146.48
170.85,245.0,3.0,0.0,0.471,0.8527,0.3817,146.464
170.86,245.0,3.0,0.0,0.471,0.8527,0.3817,146.544
170.87,245.0,3.0,0.0,0.471,0.8527,0.3817,146.449
170.88,245.0,3.0,0.0,0.471,0.8527,0.3817,146.657
170.89,245.0,3.0,0.0,0.471,0.844,0.373,146.367
170.9,245.0,3.0,0.0,0.471,0.844,0.373,146.463
170.91,245.0,3.0,0.0,0.471,0.844,0.373,146.495
170.92,245.0,3.0,0.0,0.471,0.844,0.373,146.464
170.93,245.0,3.0,0.0,0.471,0.844,0.373,146.416
170.94,245.0,3.0,0.0,0.471,0.844,0.373,146.416
170.95,245.0,3.0,0.0,0.471,0.844,0.373,146.479
170.96,245.0,3.0,0.0,0.471,0.844,0.373,146.527
170.97,245.0,3.0,0.0,0.471,0.844,0.373,146.48
170.98,245.0,3.0,0.0,0.471,0.844,0.373,146.511
170.99,245.0,3.0,0.0,0.471,0.844,0.373,146.447
171.0,245.0,3.0,0.0,0.471,0.844,0.373,146.383
171.01,245.0,3.0,0.0,0.471,0.844,0.373,146.625
171.02,245.0,3.0,0.0,0.471,0.844,0.373,146.498
171.03,245.0,3.0,0.0,0.471,0.844,0.373,146.595
171.04,245.0,3.0,0.0,0.471,0.844,0.373,146.255
171.05,245.0,3.0,0.0,0.471,0.8527,0.3817,146.545
171.06,245.0,3.0,0.0,0.471,0.844,0.373,146.56
171.07,245.0,3.0,0.0,0.471,0.8527,0.3817,146.448
171.08,245.0,3.0,0.0,0.471,0.8527,0.3817,146.448
171.09,245.0,3.0,0.0,0.471,0.8527,0.3817,146.397
171.1,245.0,3.0,0.0,0.471,0.8527,0.3817,146.511
171.11,245.0,3.0,0.0,0.471,0.844,0.373,146.336
171.12,245.0,3.0,0.0,0.471,0.844,0.373,146.513
171.13,245.0,3.0,0.0,0.471,0.8527,0.3817,146.624
171.14,245.0,3.0,0.0,0.471,0.8527,0.3817,146.365
171.15,245.0,3.0,0.0,0.471,0.844,0.373,146.431
171.16,245.0,3.0,0.0,0.471,0.8527,0.3817,146.576
171.17,245.0,3.0,0.0,0.471,0.8527,0.3817,146.401
171.18,245.0,3.0,0.0,0.471,0.844,0.373,146.592
171.19,245.0,3.0,0.0,0.471,0.8352,0.3642,146.45
171.2,245.0,3.0,0.0,0.471,0.844,0.373,146.449
171.21,245.0,3.0,0.0,0.471,0.844,0.373,146.432
171.22,245.0,3.0,0.0,0.471,0.844,0.373,146.56
171.23,245.0,3.0,0.0,0.471,0.8527,0.3817,146.529
171.24,245.0,3.0,0.0,0.471,0.844,0.373,146.368
171.25,245.0,3.0,0.0,0.471,0.8527,0.3817,146.56
171.26,245.0,3.0,0.0,0.471,0.844,0.373,146.544
171.27,245.0,3.0,0.0,0.471,0.844,0.373,146.334
171.28,245.0,3.0,0.0,0.471,0.844,0.373,146.592
171.29,245.0,3.0,0.0,0.471,0.844,0.373,146.45
171.3,245.0,3.0,0.0,0.471,0.844,0.373,146.641
171.31,245.0,3.0,0.0,0.471,0.844,0.373,146.642
171.32,245.0,3.0,0.0,0.471,0.844,0.373,146.48
171.33,245.0,3.0,0.0,0.471,0.844,0.373,146.576
171.34,245.0,3.0,0.0,0.471,0.844,0.373,146.529
171.35,245.0,3.0,0.0,0.471,0.844,0.373,146.561
171.36,245.0,3.0,0.0,0.471,0.844,0.373,146.48
171.37,245.0,3.0,0.0,0.471,0.844,0.373,146.592
171.38,245.0,3.0,0.0,0.471,0.8352,0.3642,146.367
171.39,245.0,3.0,0.0,0.471,0.844,0.373,146.302
171.4,245.0,3.0,0.0,0.471,0.844,0.373,146.288
171.41,245.0,3.0,0.0,0.471,0.844,0.373,146.495
171.42,245.0,3.0,0.0,0.471,0.8352,0.3642,146.511
171.43,245.0,3.0,0.0,0.471,0.844,0.373,146.561
171.44,245.0,3.0,0.0,0.471,0.844,0.373,146.496
171.45,245.0,3.0,0.0,0.471,0.844,0.373,146.496
171.46,245.0,3.0,0.0,0.471,0.844,0.373,146.48
171.47,245.0,3.0,0.0,0.471,0.844,0.373,146.383
171.48,245.0,3.0,0.0,0.471,0.844,0.373,146.383
171.49,245.0,3.0,0.0,0.471,0.8615,0.3905,146.367
171.5,245.0,3.0,0.0,0.471,0.8527,0.3817,146.657
171.51,245.0,3.0,0.0,0.471,0.8527,0.3817,146.481
171.52,245.0,3.0,0.0,0.471,0.844,0.373,146.543
171.53,245.0,3.0,0.0,0.471,0.8527,0.3817,146.544
171.54,245.0,3.0,0.0,0.471,0.844,0.373,146.513
171.55,245.0,3.0,0.0,0.471,0.844,0.373,146.592
171.56,245.0,3.0,0.0,0.471,0.8527,0.3817,146.301
171.57,245.0,3.0,0.0,0.471,0.8527,0.3817,146.382
171.58,245.0,3.0,0.0,0.471,0.844,0.373,146.48
171.59,245.0,3.0,0.0,0.471,0.844,0.373,146.433
171.6,245.0,3.0,0.0,0.471,0.844,0.373,146.56
171.61,245.0,3.0,0.0,0.471,0.844,0.373,146.577
171.62,245.0,3.0,0.0,0.471,0.844,0.373,146.414
171.63,245.0,3.0,0.0,0.471,0.844,0.373,146.495
171.64,245.0,3.0,0.0,0.471,0.8527,0.3817,146.384
171.65,245.0,3.0,0.0,0.471,0.8615,0.3905,146.368
171.66,245.0,3.0,0.0,0.471,0.8527,0.3817,146.527
171.67,245.0,3.0,0.0,0.471,0.8527,0.3817,146.577
171.68,245.0,3.0,0.0,0.471,0.8527,0.3817,146.415
171.69,245.0,3.0,0.0,0.471,0.844,0.373,146.35
171.7,245.0,3.0,0.0,0.471,0.8527,0.3817,146.462
171.71,245.0,3.0,0.0,0.471,0.844,0.373,146.609
171.72,245.0,3.0,0.0,0.471,0.8527,0.3817,146.61
171.73,245.0,3.0,0.0,0.471,0.844,0.373,146.416
171.74,245.0,3.0,0.0,0.471,0.8352,0.3642,146.333
171.75,245.0,3.0,0.0,0.471,0.844,0.373,146.559
171.76,245.0,3.0,0.0,0.471,0.844,0.373,146.367
171.77,245.0,3.0,0.0,0.471,0.8352,0.3642,146.416
171.78,245.0,3.0,0.0,0.471,0.844,0.373,146.512
171.79,245.0,3.0,0.0,0.471,0.844,0.373,146.575
171.8,245.0,3.0,0.0,0.471,0.844,0.373,146.368
171.81,245.0,3.0,0.0,0.471,0.8352,0.3642,146.528
171.82,245.0,3.0,0.0,0.471,0.844,0.373,146.239
171.83,245.0,3.0,0.0,0.471,0.844,0.373,146.417
171.84,245.0,3.0,0.0,0.471,0.8527,0.3817,146.496
171.85,245.0,3.0,0.0,0.471,0.8527,0.3817,146.497
171.86,245.0,3.0,0.0,0.471,0.844,0.373,146.415
171.87,245.0,3.0,0.0,0.471,0.844,0.373,146.43
171.88,245.0,3.0,0.0,0.471,0.844,0.373,146.511
171.89,245.0,3.0,0.0,0.471,0.8527,0.3817,146.431
171.9,245.0,3.0,0.0,0.471,0.8527,0.3817,146.592
171.91,245.0,3.0,0.0,0.471,0.8527,0.3817,146.512
171.92,245.0,3.0,0.0,0.471,0.8527,0.3817,146.336
171.93,245.0,3.0,0.0,0.471,0.8527,0.3817,146.463
171.94,245.0,3.0,0.0,0.471,0.8527,0.3817,146.349
171.95,245.0,3.0,0.0,0.471,0.844,0.373,146.43
171.96,245.0,3.0,0.0,0.471,0.8527,0.3817,146.545
171.97,245.0,3.0,0.0,0.471,0.844,0.373,146.302
171.98,245.0,3.0,0.0,0.471,0.8527,0.3817,146.367
171.99,245.0,3.0,0.0,0.471,0.8527,0.3817,146.222
172.0,245.0,3.0,0.0,0.471,0.844,0.373,146.447
172.01,245.0,3.0,0.0,0.471,0.8527,0.3817,146.494
172.02,245.0,3.0,0.0,0.471,0.8527,0.3817,146.433
172.03,245.0,3.0,0.0,0.471,0.8527,0.3817,146.48
172.04,245.0,3.0,0.0,0.471,0.8527,0.3817,146.384
172.05,245.0,3.0,0.0,0.471,0.8527,0.3817,146.415
172.06,245.0,3.0,0.0,0.471,0.8527,0.3817,146.416
172.07,245.0,3.0,0.0,0.471,0.8527,0.3817,146.623
172.08,245.0,3.0,0.0,0.471,0.8527,0.3817,146.497
172.09,245.0,3.0,0.0,0.471,0.8527,0.3817,146.434
172.1,245.0,3.0,0.0,0.471,0.844,0.373,146.481
172.11,245.0,3.0,0.0,0.471,0.8615,0.3905,146.368
172.12,245.0,3.0,0.0,0.471,0.844,0.373,146.335
172.13,245.0,3.0,0.0,0.471,0.8527,0.3817,146.349
172.14,245.0,3.0,0.0,0.471,0.8527,0.3817,146.334
172.15,245.0,3.0,0.0,0.471,0.844,0.373,146.463
172.16,245.0,3.0,0.0,0.471,0.8527,0.3817,146.544
172.17,245.0,3.0,0.0,0.471,0.844,0.373,146.432
172.18,245.0,3.0,0.0,0.471,0.844,0.373,146.543
172.19,245.0,3.0,0.0,0.471,0.8615,0.3905,146.303
172.2,245.0,3.0,0.0,0.471,0.8615,0.3905,146.592
172.21,245.0,3.0,0.0,0.471,0.844,0.373,146.608
172.22,245.0,3.0,0.0,0.471,0.844,0.373,146.464
172.23,245.0,3.0,0.0,0.471,0.844,0.373,146.496
172.24,245.0,3.0,0.0,0.471,0.844,0.373,146.497
172.25,245.0,3.0,0.0,0.471,0.844,0.373,146.544
172.26,245.0,3.0,0.0,0.471,0.844,0.373,146.513
172.27,245.0,3.0,0.0,0.471,0.844,0.373,146.48
172.28,245.0,3.0,0.0,0.471,0.844,0.373,146.576
172.29,245.0,3.0,0.0,0.471,0.8527,0.3817,146.318
172.3,245.0,3.0,0.0,0.471,0.844,0.373,146.447
172.31,245.0,3.0,0.0,0.471,0.8527,0.3817,146.368
172.32,245.0,3.0,0.0,0.471,0.844,0.373,146.528
172.33,245.0,3.0,0.0,0.471,0.844,0.373,146.609
172.34,245.0,3.0,0.0,0.471,0.8527,0.3817,146.497
172.35,245.0,3.0,0.0,0.471,0.844,0.373,146.255
172.36,245.0,3.0,0.0,0.471,0.844,0.373,146.334
172.37,245.0,3.0,0.0,0.471,0.8527,0.3817,146.511
172.38,245.0,3.0,0.0,0.471,0.844,0.373,146.576
172.39,245.0,3.0,0.0,0.471,0.844,0.373,146.432
172.4,245.0,3.0,0.0,0.471,0.844,0.373,146.512
172.41,245.0,3.0,0.0,0.471,0.844,0.373,146.576
172.42,245.0,3.0,0.0,0.471,0.844,0.373,146.497
172.43,245.0,3.0,0.0,0.471,0.844,0.373,146.48
172.44,245.0,3.0,0.0,0.471,0.844,0.373,146.416
172.45,245.0,3.0,0.0,0.471,0.844,0.373,146.56
172.46,245.0,3.0,0.0,0.471,0.844,0.373,146.48
172.47,245.0,3.0,0.0,0.471,0.844,0.373,146.319
172.48,245.0,3.0,0.0,0.471,0.844,0.373,146.383
172.49,245.0,3.0,0.0,0.471,0.8527,0.3817,146.462
172.5,245.0,3.0,0.0,0.471,0.8527,0.3817,146.416
172.51,245.0,3.0,0.0,0.471,0.8527,0.3817,146.335
172.52,245.0,3.0,0.0,0.471,0.8527,0.3817,146.335
172.53,245.0,3.0,0.0,0.471,0.844,0.373,146.56
172.54,245.0,3.0,0.0,0.471,0.844,0.373,146.368
172.55,245.0,3.0,0.0,0.471,0.8527,0.3817,146.512
172.56,245.0,3.0,0.0,0.471,0.8527,0.3817,146.481
172.57,245.0,3.0,0.0,0.471,0.8527,0.3817,146.383
172.58,245.0,3.0,0.0,0.471,0.8527,0.3817,146.447
172.59,245.0,3.0,0.0,0.471,0.8527,0.3817,146.303
172.6,245.0,3.0,0.0,0.471,0.8527,0.3817,146.463
172.61,245.0,3.0,0.0,0.471,0.8527,0.3817,146.481
172.62,245.0,3.0,0.0,0.471,0.844,0.373,146.433
172.63,245.0,3.0,0.0,0.471,0.8527,0.3817,146.512
172.64,245.0,3.0,0.0,0.471,0.8527,0.3817,146.384
172.65,245.0,3.0,0.0,0.471,0.8527,0.3817,146.463
172.66,245.0,3.0,0.0,0.471,0.844,0.373,146.399
172.67,245.0,3.0,0.0,0.471,0.8527,0.3817,146.496
172.68,245.0,3.0,0.0,0.471,0.8527,0.3817,146.48
172.69,245.0,3.0,0.0,0.471,0.8615,0.3905,146.367
172.7,245.0,3.0,0.0,0.471,0.8527,0.3817,146.336
172.71,245.0,3.0,0.0,0.471,0.8615,0.3905,146.367
172.72,245.0,3.0,0.0,0.471,0.8527,0.3817,146.447
172.73,245.0,3.0,0.0,0.471,0.8527,0.3817,146.705
172.74,245.0,3.0,0.0,0.471,0.8527,0.3817,146.417
172.75,245.0,3.0,0.0,0.471,0.8527,0.3817,146.415
172.76,245.0,3.0,0.0,0.471,0.8527,0.3817,146.303
172.77,245.0,3.0,0.0,0.471,0.8527,0.3817,146.383
172.78,245.0,3.0,0.0,0.471,0.8527,0.3817,146.479
172.79,245.0,3.0,0.0,0.471,0.8527,0.3817,146.448
172.8,245.0,3.0,0.0,0.471,0.8527,0.3817,146.479
172.81,245.0,3.0,0.0,0.471,0.8527,0.3817,146.464
172.82,245.0,3.0,0.0,0.471,0.8527,0.3817,146.335
172.83,245.0,3.0,0.0,0.471,0.8527,0.3817,146.415
172.84,245.0,3.0,0.0,0.471,0.8527,0.3817,146.35
172.85,245.0,3.0,0.0,0.471,0.8527,0.3817,146.528
172.86,245.0,3.0,0.0,0.471,0.8527,0.3817,146.416
172.87,245.0,3.0,0.0,0.471,0.8527,0.3817,146.495
172.88,245.0,3.0,0.0,0.471,0.8527,0.3817,146.496
172.89,245.0,3.0,0.0,0.471,0.8527,0.3817,146.303
172.9,245.0,3.0,0.0,0.471,0.8527,0.3817,146.479
172.91,245.0,3.0,0.0,0.471,0.8527,0.3817,146.529
172.92,245.0,3.0,0.0,0.471,0.8527,0.3817,146.367
172.93,245.0,3.0,0.0,0.471,0.8527,0.3817,146.447
172.94,245.0,3.0,0.0,0.471,0.844,0.373,146.494
172.95,245.0,3.0,0.0,0.471,0.8527,0.3817,146.462
172.96,245.0,3.0,0.0,0.471,0.8527,0.3817,146.479
172.97,245.0,3.0,0.0,0.471,0.8615,0.3905,146.432
172.98,245.0,3.0,0.0,0.471,0.8527,0.3817,146.577
172.99,245.0,3.0,0.0,0.471,0.8527,0.3817,146.303
173.0,245.0,3.0,0.0,0.471,0.8527,0.3817,146.494
173.01,245.0,3.0,0.0,0.471,0.8615,0.3905,146.448
173.02,245.0,3.0,0.0,0.471,0.8615,0.3905,146.448
173.03,245.0,3.0,0.0,0.471,0.8615,0.3905,146.623
173.04,245.0,3.0,0.0,0.471,0.8615,0.3905,146.254
173.05,245.0,3.0,0.0,0.471,0.844,0.373,146.335
173.06,245.0,3.0,0.0,0.471,0.8527,0.3817,146.479
173.07,245.0,3.0,0.0,0.471,0.8615,0.3905,146.527
173.08,245.0,3.0,0.0,0.471,0.8527,0.3817,146.432
173.09,245.0,3.0,0.0,0.471,0.8527,0.3817,146.479
173.1,245.0,3.0,0.0,0.471,0.844,0.373,146.511
173.11,245.0,3.0,0.0,0.471,0.844,0.373,146.271
173.12,245.0,3.0,0.0,0.471,0.844,0.373,146.448
173.13,245.0,3.0,0.0,0.471,0.844,0.373,146.513
173.14,245.0,3.0,0.0,0.471,0.844,0.373,146.319
173.15,245.0,3.0,0.0,0.471,0.844,0.373,146.432
173.16,245.0,3.0,0.0,0.471,0.844,0.373,146.415
173.17,245.0,3.0,0.0,0.471,0.844,0.373,146.511
173.18,245.0,3.0,0.0,0.471,0.844,0.373,146.319
173.19,245.0,3.0,0.0,0.471,0.844,0.373,146.318
173.2,245.0,3.0,0.0,0.471,0.844,0.373,146.349
173.21,245.0,3.0,0.0,0.471,0.844,0.373,146.608
173.22,245.0,3.0,0.0,0.471,0.844,0.373,146.48
173.23,245.0,3.0,0.0,0.471,0.844,0.373,146.352
173.24,245.0,3.0,0.0,0.471,0.844,0.373,146.238
173.25,245.0,3.0,0.0,0.471,0.844,0.373,146.414
173.26,245.0,3.0,0.0,0.471,0.844,0.373,146.463
173.27,245.0,3.0,0.0,0.471,0.844,0.373,146.367
173.28,245.0,3.0,0.0,0.471,0.844,0.373,146.446
173.29,245.0,3.0,0.0,0.471,0.844,0.373,146.238
173.3,245.0,3.0,0.0,0.471,0.844,0.373,146.463
173.31,245.0,3.0,0.0,0.471,0.844,0.373,146.463
173.32,245.0,3.0,0.0,0.471,0.844,0.373,146.463
173.33,245.0,3.0,0.0,0.471,0.844,0.373,146.577
173.34,245.0,3.0,0.0,0.471,0.844,0.373,146.304
173.35,245.0,3.0,0.0,0.471,0.844,0.373,146.399
173.36,245.0,3.0,0.0,0.471,0.844,0.373,146.335
173.37,245.0,3.0,0.0,0.471,0.844,0.373,146.286
173.38,245.0,3.0,0.0,0.471,0.844,0.373,146.318
173.39,245.0,3.0,0.0,0.471,0.844,0.373,146.349
173.4,245.0,3.0,0.0,0.471,0.844,0.373,146.495
173.41,245.0,3.0,0.0,0.471,0.844,0.373,146.529
173.42,245.0,3.0,0.0,0.471,0.8527,0.3817,146.237
173.43,245.0,3.0,0.0,0.471,0.844,0.373,146.415
173.44,245.0,3.0,0.0,0.471,0.844,0.373,146.286
173.45,245.0,3.0,0.0,0.471,0.844,0.373,146.479
173.46,245.0,3.0,0.0,0.471,0.844,0.373,146.367
173.47,245.0,3.0,0.0,0.471,0.844,0.373,146.641
173.48,245.0,3.0,0.0,0.471,0.844,0.373,146.497
173.49,245.0,3.0,0.0,0.471,0.844,0.373,146.481
173.5,245.0,3.0,0.0,0.471,0.844,0.373,146.367
173.51,245.0,3.0,0.0,0.471,0.844,0.373,146.429
173.52,245.0,3.0,0.0,0.471,0.844,0.373,146.479
173.53,245.0,3.0,0.0,0.471,0.8527,0.3817,146.561
173.54,245.0,3.0,0.0,0.471,0.844,0.373,146.335
173.55,245.0,3.0,0.0,0.471,0.8527,0.3817,146.349
173.56,245.0,3.0,0.0,0.471,0.844,0.373,146.545
173.57,245.0,3.0,0.0,0.471,0.844,0.373,146.447
173.58,245.0,3.0,0.0,0.471,0.844,0.373,146.415
173.59,245.0,3.0,0.0,0.471,0.844,0.373,146.527
173.6,245.0,3.0,0.0,0.471,0.844,0.373,146.367
173.61,245.0,3.0,0.0,0.471,0.844,0.373,146.414
173.62,245.0,3.0,0.0,0.471,0.8527,0.3817,146.495
173.63,245.0,3.0,0.0,0.471,0.844,0.373,146.496
173.64,245.0,3.0,0.0,0.471,0.8527,0.3817,146.416
173.65,245.0,3.0,0.0,0.471,0.844,0.373,146.383
173.66,245.0,3.0,0.0,0.471,0.8527,0.3817,146.447
173.67,245.0,3.0,0.0,0.471,0.844,0.373,146.35
173.68,245.0,3.0,0.0,0.471,0.844,0.373,146.543
173.69,245.0,3.0,0.0,0.471,0.8527,0.3817,146.318
173.7,245.0,3.0,0.0,0.471,0.8527,0.3817,146.399
173.71,245.0,3.0,0.0,0.471,0.844,0.373,146.415
173.72,245.0,3.0,0.0,0.471,0.844,0.373,146.271
173.73,245.0,3.0,0.0,0.471,0.844,0.373,146.512
173.74,245.0,3.0,0.0,0.471,0.8527,0.3817,146.496
173.75,245.0,3.0,0.0,0.471,0.844,0.373,146.48
173.76,245.0,3.0,0.0,0.471,0.844,0.373,146.48
173.77,245.0,3.0,0.0,0.471,0.844,0.373,146.287
173.78,245.0,3.0,0.0,0.471,0.844,0.373,146.431
173.79,245.0,3.0,0.0,0.471,0.844,0.373,146.335
173.8,245.0,3.0,0.0,0.471,0.844,0.373,146.527
173.81,245.0,3.0,0.0,0.471,0.844,0.373,146.432
173.82,245.0,3.0,0.0,0.471,0.844,0.373,146.511
173.83,245.0,3.0,0.0,0.471,0.844,0.373,146.416
173.84,245.0,3.0,0.0,0.471,0.844,0.373,146.335
173.85,245.0,3.0,0.0,0.471,0.844,0.373,146.334
173.86,245.0,3.0,0.0,0.471,0.844,0.373,146.254
173.87,245.0,3.0,0.0,0.471,0.844,0.373,146.334
173.88,245.0,3.0,0.0,0.471,0.844,0.373,146.464
173.89,245.0,3.0,0.0,0.471,0.844,0.373,146.432
173.9,245.0,3.0,0.0,0.471,0.8527,0.3817,146.239
173.91,245.0,3.0,0.0,0.471,0.844,0.373,146.332
173.92,245.0,3.0,0.0,0.471,0.844,0.373,146.318
173.93,245.0,3.0,0.0,0.471,0.844,0.373,146.446
173.94,245.0,3.0,0.0,0.471,0.8527,0.3817,146.56
173.95,245.0,3.0,0.0,0.471,0.844,0.373,146.319
173.96,245.0,3.0,0.0,0.471,0.844,0.373,146.447
173.97,245.0,3.0,0.0,0.471,0.844,0.373,146.368
173.98,245.0,3.0,0.0,0.471,0.844,0.373,146.529
173.99,245.0,3.0,0.0,0.471,0.844,0.373,146.287
174.0,245.0,3.0,0.0,0.471,0.844,0.373,146.495
174.01,245.0,3.0,0.0,0.471,0.844,0.373,146.288
174.02,245.0,3.0,0.0,0.471,0.844,0.373,146.333
174.03,245.0,3.0,0.0,0.471,0.844,0.373,146.543
174.04,245.0,3.0,0.0,0.471,0.844,0.373,146.367
174.05,245.0,3.0,0.0,0.471,0.844,0.373,146.367
174.06,245.0,3.0,0.0,0.471,0.844,0.373,146.447
174.07,245.0,3.0,0.0,0.471,0.844,0.373,146.336
174.08,245.0,3.0,0.0,0.471,0.844,0.373,146.351
174.09,245.0,3.0,0.0,0.471,0.8527,0.3817,146.334
174.1,245.0,3.0,0.0,0.471,0.8352,0.3642,146.351
174.11,245.0,3.0,0.0,0.471,0.8527,0.3817,146.414
174.12,245.0,3.0,0.0,0.471,0.844,0.373,146.4
174.13,245.0,3.0,0.0,0.471,0.8527,0.3817,146.543
174.14,245.0,3.0,0.0,0.471,0.8527,0.3817,146.448
174.15,245.0,3.0,0.0,0.471,0.8527,0.3817,146.302
174.16,245.0,3.0,0.0,0.471,0.8527,0.3817,146.349
174.17,245.0,3.0,0.0,0.471,0.844,0.373,146.447
174.18,245.0,3.0,0.0,0.471,0.8527,0.3817,146.464
174.19,245.0,3.0,0.0,0.471,0.8527,0.3817,146.254
174.2,245.0,3.0,0.0,0.471,0.8615,0.3905,146.398
174.21,245.0,3.0,0.0,0.471,0.8615,0.3905,146.446
174.22,245.0,3.0,0.0,0.471,0.8527,0.3817,146.35
174.23,245.0,3.0,0.0,0.471,0.8527,0.3817,146.463
174.24,245.0,3.0,0.0,0.471,0.8527,0.3817,146.319
174.25,245.0,3.0,0.0,0.471,0.8527,0.3817,146.48
174.26,245.0,3.0,0.0,0.471,0.8527,0.3817,146.48
174.27,245.0,3.0,0.0,0.471,0.8527,0.3817,146.367
174.28,245.0,3.0,0.0,0.471,0.8527,0.3817,146.14
174.29,245.0,3.0,0.0,0.471,0.8527,0.3817,146.333
174.3,245.0,3.0,0.0,0.471,0.8527,0.3817,146.319
174.31,245.0,3.0,0.0,0.471,0.8527,0.3817,146.511
174.32,245.0,3.0,0.0,0.471,0.8527,0.3817,146.397
174.33,245.0,3.0,0.0,0.471,0.8527,0.3817,146.447
174.34,245.0,3.0,0.0,0.471,0.8527,0.3817,146.269
174.35,245.0,3.0,0.0,0.471,0.844,0.373,146.431
174.36,245.0,3.0,0.0,0.471,0.844,0.373,146.463
174.37,245.0,3.0,0.0,0.471,0.8615,0.3905,146.352
174.38,245.0,3.0,0.0,0.471,0.8527,0.3817,146.287
174.39,245.0,3.0,0.0,0.471,0.8527,0.3817,146.43
174.4,245.0,3.0,0.0,0.471,0.8527,0.3817,146.463
174.41,245.0,3.0,0.0,0.471,0.8527,0.3817,146.416
174.42,245.0,3.0,0.0,0.471,0.844,0.373,146.463
174.43,245.0,3.0,0.0,0.471,0.8527,0.3817,146.352
174.44,245.0,3.0,0.0,0.471,0.8615,0.3905,146.222
174.45,245.0,3.0,0.0,0.471,0.8527,0.3817,146.318
174.46,245.0,3.0,0.0,0.471,0.8527,0.3817,146.269
174.47,245.0,3.0,0.0,0.471,0.8527,0.3817,146.43
174.48,245.0,3.0,0.0,0.471,0.8527,0.3817,146.431
174.49,245.0,3.0,0.0,0.471,0.8527,0.3817,146.238
174.5,245.0,3.0,0.0,0.471,0.8527,0.3817,146.302
174.51,245.0,3.0,0.0,0.471,0.8527,0.3817,146.254
174.52,245.0,3.0,0.0,0.471,0.8527,0.3817,146.3
174.53,245.0,3.0,0.0,0.471,0.8527,0.3817,146.366
174.54,245.0,3.0,0.0,0.471,0.8527,0.3817,146.398
174.55,245.0,3.0,0.0,0.471,0.8527,0.3817,146.319
174.56,245.0,3.0,0.0,0.471,0.8527,0.3817,146.253
174.57,245.0,3.0,0.0,0.471,0.8527,0.3817,146.383
174.58,245.0,3.0,0.0,0.471,0.8527,0.3817,146.462
174.59,245.0,3.0,0.0,0.471,0.8527,0.3817,146.351
174.6,245.0,3.0,0.0,0.471,0.8527,0.3817,146.271
174.61,245.0,3.0,0.0,0.471,0.8527,0.3817,146.334
174.62,245.0,3.0,0.0,0.471,0.844,0.373,146.238
174.63,245.0,3.0,0.0,0.471,0.8527,0.3817,146.206
174.64,245.0,3.0,0.0,0.471,0.8527,0.3817,146.477
174.65,245.0,3.0,0.0,0.471,0.8527,0.3817,146.511
174.66,245.0,3.0,0.0,0.471,0.8527,0.3817,146.527
174.67,245.0,3.0,0.0,0.471,0.8615,0.3905,146.368
174.68,245.0,3.0,0.0,0.471,0.8527,0.3817,146.511
174.69,245.0,3.0,0.0,0.471,0.8527,0.3817,146.223
174.7,245.0,3.0,0.0,0.471,0.8527,0.3817,146.381
174.71,245.0,3.0,0.0,0.471,0.8527,0.3817,146.318
174.72,245.0,3.0,0.0,0.471,0.8527,0.3817,146.447
174.73,245.0,3.0,0.0,0.471,0.844,0.373,146.495
174.74,245.0,3.0,0.0,0.471,0.844,0.373,146.416
174.75,245.0,3.0,0.0,0.471,0.844,0.373,146.512
174.76,245.0,3.0,0.0,0.471,0.844,0.373,146.286
174.77,245.0,3.0,0.0,0.471,0.8615,0.3905,146.397
174.78,245.0,3.0,0.0,0.471,0.8527,0.3817,146.399
174.79,245.0,3.0,0.0,0.471,0.844,0.373,146.431
174.8,245.0,3.0,0.0,0.471,0.844,0.373,146.399
174.81,245.0,3.0,0.0,0.471,0.844,0.373,146.382
174.82,245.0,3.0,0.0,0.471,0.8527,0.3817,146.237
174.83,245.0,3.0,0.0,0.471,0.8527,0.3817,146.416
174.84,245.0,3.0,0.0,0.471,0.8527,0.3817,146.479
174.85,245.0,3.0,0.0,0.471,0.844,0.373,146.464
174.86,245.0,3.0,0.0,0.471,0.844,0.373,146.415
174.87,245.0,3.0,0.0,0.471,0.844,0.373,146.286
174.88,245.0,3.0,0.0,0.471,0.844,0.373,146.3
174.89,245.0,3.0,0.0,0.471,0.8527,0.3817,146.399
174.9,245.0,3.0,0.0,0.471,0.8527,0.3817,146.318
174.91,245.0,3.0,0.0,0.471,0.844,0.373,146.383
174.92,245.0,3.0,0.0,0.471,0.844,0.373,146.446
174.93,245.0,3.0,0.0,0.471,0.8527,0.3817,146.35
174.94,245.0,3.0,0.0,0.471,0.8527,0.3817,146.221
174.95,245.0,3.0,0.0,0.471,0.8527,0.3817,146.399
174.96,245.0,3.0,0.0,0.471,0.8615,0.3905,146.481
174.97,245.0,3.0,0.0,0.471,0.844,0.373,146.303
174.98,245.0,3.0,0.0,0.471,0.844,0.373,146.367
174.99,245.0,3.0,0.0,0.471,0.8527,0.3817,146.35
175.0,245.0,3.0,0.0,0.471,0.8527,0.3817,146.382
175.01,245.0,3.0,0.0,0.471,0.8527,0.3817,146.511
175.02,245.0,3.0,0.0,0.471,0.844,0.373,146.334
175.03,245.0,3.0,0.0,0.471,0.8527,0.3817,146.43
175.04,245.0,3.0,0.0,0.471,0.844,0.373,146.431
175.05,245.0,3.0,0.0,0.471,0.844,0.373,146.382
175.06,245.0,3.0,0.0,0.471,0.844,0.373,146.366
175.07,245.0,3.0,0.0,0.471,0.844,0.373,146.414
175.08,245.0,3.0,0.0,0.471,0.844,0.373,146.479
175.09,245.0,3.0,0.0,0.471,0.844,0.373,146.254
175.1,245.0,3.0,0.0,0.471,0.844,0.373,146.301
175.11,245.0,3.0,0.0,0.471,0.844,0.373,146.431
175.12,245.0,3.0,0.0,0.471,0.844,0.373,146.367
175.13,245.0,3.0,0.0,0.471,0.844,0.373,146.414
175.14,245.0,3.0,0.0,0.471,0.844,0.373,146.43
175.15,245.0,3.0,0.0,0.471,0.844,0.373,146.416
175.16,245.0,3.0,0.0,0.471,0.844,0.373,146.367
175.17,245.0,3.0,0.0,0.471,0.844,0.373,146.381
175.18,245.0,3.0,0.0,0.471,0.844,0.373,146.367
175.19,245.0,3.0,0.0,0.471,0.844,0.373,146.398
175.2,245.0,3.0,0.0,0.471,0.844,0.373,146.366
175.21,245.0,3.0,0.0,0.471,0.844,0.373,146.35
175.22,245.0,3.0,0.0,0.471,0.844,0.373,146.237
175.23,245.0,3.0,0.0,0.471,0.844,0.373,146.513
175.24,245.0,3.0,0.0,0.471,0.844,0.373,146.496
175.25,245.0,3.0,0.0,0.471,0.844,0.373,146.431
175.26,245.0,3.0,0.0,0.471,0.8527,0.3817,146.288
175.27,245.0,3.0,0.0,0.471,0.8527,0.3817,146.432
175.28,245.0,3.0,0.0,0.471,0.8527,0.3817,146.368
175.29,245.0,3.0,0.0,0.471,0.8527,0.3817,146.286
175.3,245.0,3.0,0.0,0.471,0.8615,0.3905,146.56
175.31,245.0,3.0,0.0,0.471,0.8527,0.3817,146.287
175.32,245.0,3.0,0.0,0.471,0.844,0.373,146.222
175.33,245.0,3.0,0.0,0.471,0.844,0.373,146.43
175.34,245.0,3.0,0.0,0.471,0.844,0.373,146.416
175.35,245.0,3.0,0.0,0.471,0.844,0.373,146.384
175.36,245.0,3.0,0.0,0.471,0.8527,0.3817,146.384
175.37,245.0,3.0,0.0,0.471,0.844,0.373,146.431
175.38,245.0,3.0,0.0,0.471,0.844,0.373,146.368
175.39,245.0,3.0,0.0,0.471,0.844,0.373,146.286
175.4,245.0,3.0,0.0,0.471,0.844,0.373,146.398
175.41,245.0,3.0,0.0,0.471,0.844,0.373,146.431
175.42,245.0,3.0,0.0,0.471,0.8352,0.3642,146.285
175.43,245.0,3.0,0.0,0.471,0.8265,0.3555,146.544
175.44,245.0,3.0,0.0,0.471,0.8352,0.3642,146.335
175.45,245.0,3.0,0.0,0.471,0.8352,0.3642,146.302
175.46,245.0,3.0,0.0,0.471,0.8352,0.3642,146.478
175.47,245.0,3.0,0.0,0.471,0.844,0.373,146.383
175.48,245.0,3.0,0.0,0.471,0.844,0.373,146.366
175.49,245.0,3.0,0.0,0.471,0.844,0.373,146.398
175.5,245.0,3.0,0.0,0.471,0.844,0.373,146.366
175.51,245.0,3.0,0.0,0.471,0.844,0.373,146.366
175.52,245.0,3.0,0.0,0.471,0.844,0.373,146.285
175.53,245.0,3.0,0.0,0.471,0.8527,0.3817,146.317
175.54,245.0,3.0,0.0,0.471,0.844,0.373,146.366
175.55,245.0,3.0,0.0,0.471,0.844,0.373,146.222
175.56,245.0,3.0,0.0,0.471,0.8527,0.3817,146.415
175.57,245.0,3.0,0.0,0.471,0.844,0.373,146.205
175.58,245.0,3.0,0.0,0.471,0.844,0.373,146.431
175.59,245.0,3.0,0.0,0.471,0.844,0.373,146.414
175.6,245.0,3.0,0.0,0.471,0.844,0.373,146.431
175.61,245.0,3.0,0.0,0.471,0.8527,0.3817,146.271
175.62,245.0,3.0,0.0,0.471,0.8527,0.3817,146.35
175.63,245.0,3.0,0.0,0.471,0.844,0.373,146.479
175.64,245.0,3.0,0.0,0.471,0.844,0.373,146.399
175.65,245.0,3.0,0.0,0.471,0.844,0.373,146.302
175.66,245.0,3.0,0.0,0.471,0.844,0.373,146.398
175.67,245.0,3.0,0.0,0.471,0.8527,0.3817,146.398
175.68,245.0,3.0,0.0,0.471,0.844,0.373,146.463
175.69,245.0,3.0,0.0,0.471,0.844,0.373,146.287
175.7,245.0,3.0,0.0,0.471,0.844,0.373,146.285
175.71,245.0,3.0,0.0,0.471,0.8352,0.3642,146.317
175.72,245.0,3.0,0.0,0.471,0.844,0.373,146.254
175.73,245.0,3.0,0.0,0.471,0.844,0.373,146.381
175.74,245.0,3.0,0.0,0.471,0.844,0.373,146.383
175.75,245.0,3.0,0.0,0.471,0.844,0.373,146.446
175.76,245.0,3.0,0.0,0.471,0.8352,0.3642,146.269
175.77,245.0,3.0,0.0,0.471,0.844,0.373,146.284
175.78,245.0,3.0,0.0,0.471,0.844,0.373,146.349
175.79,245.0,3.0,0.0,0.471,0.844,0.373,146.431
175.8,245.0,3.0,0.0,0.471,0.844,0.373,146.384
175.81,245.0,3.0,0.0,0.471,0.844,0.373,146.446
175.82,245.0,3.0,0.0,0.471,0.844,0.373,146.27
175.83,245.0,3.0,0.0,0.471,0.844,0.373,146.56
175.84,245.0,3.0,0.0,0.471,0.844,0.373,146.383
175.85,245.0,3.0,0.0,0.471,0.844,0.373,146.334
175.86,245.0,3.0,0.0,0.471,0.844,0.373,146.366
175.87,245.0,3.0,0.0,0.471,0.8527,0.3817,146.172
175.88,245.0,3.0,0.0,0.471,0.844,0.373,146.286
175.89,245.0,3.0,0.0,0.471,0.8615,0.3905,140.917
175.9,33.0,0.0,13.0,46.3478,1.7193,-44.6285,2.971
175.91,33.0,0.0,13.0,46.3478,3.7763,-42.5715,-0.247
175.92,33.0,0.0,13.0,46.3478,9.9209,-36.4269,-1.171
175.93,33.0,0.0,13.0,46.3478,17.1597,-29.1881,-0.86
175.94,33.0,0.0,13.0,46.3478,24.1884,-22.1594,-0.571
175.95,33.0,0.0,13.0,46.3478,31.0858,-15.262,-1.153
175.96,33.0,0.0,13.0,46.3478,38.1408,-8.207,-0.958
175.97,33.0,0.0,13.0,46.3478,45.7384,-0.6094,-0.912
175.98,33.0,0.0,13.0,46.3478,52.5133,6.1655,-0.989
175.99,33.0,0.0,13.0,46.3478,54.0013,7.6535,-1.022
176.0,33.0,0.0,13.0,46.3478,54.0889,7.7411,-0.766
176.01,33.0,0.0,13.0,46.3478,54.0976,7.7498,-0.877
176.02,33.0,0.0,13.0,46.3478,54.0889,7.7411,-0.892
176.03,33.0,0.0,13.0,46.3478,54.1064,7.7586,-0.716
176.04,33.0,0.0,13.0,46.3478,54.0889,7.7411,-0.876
176.05,33.0,0.0,13.0,46.3478,54.1239,7.7761,-0.814
176.06,33.0,0.0,13.0,46.3478,54.1414,7.7936,-0.812
176.07,33.0,0.0,13.0,46.3478,54.1589,7.8111,-0.942
176.08,33.0,0.0,13.0,46.3478,54.1414,7.7936,-0.731
176.09,33.0,0.0,13.0,46.3478,54.1064,7.7586,-0.876
176.1,33.0,0.0,13.0,46.3478,54.1064,7.7586,-0.812
176.11,33.0,0.0,13.0,46.3478,54.1151,7.7673,-0.733
176.12,33.0,0.0,13.0,46.3478,54.1064,7.7586,-0.877
176.13,33.0,0.0,13.0,46.3478,54.0889,7.7411,-0.846
176.14,5.0,3.0,0.0,52.407,54.1064,1.6994,-0.78
176.15,5.0,3.0,0.0,52.407,54.0976,1.6906,-0.828
176.16,5.0,3.0,0.0,52.407,54.1151,1.7081,-0.717
176.17,5.0,3.0,0.0,52.407,54.1326,1.7256,-0.635
176.18,5.0,3.0,0.0,52.407,54.1414,1.7344,-0.65
176.19,5.0,3.0,0.0,52.407,54.1589,1.7519,-0.65
176.2,5.0,3.0,0.0,52.407,54.1414,1.7344,-0.779
176.21,5.0,3.0,0.0,52.407,54.1064,1.6994,-0.716
176.22,5.0,3.0,0.0,52.407,54.0976,1.6906,-0.812
176.23,5.0,3.0,0.0,52.407,54.1064,1.6994,-0.683
176.24,5.0,3.0,0.0,52.407,54.1151,1.7081,-0.602
176.25,5.0,3.0,0.0,52.407,54.1326,1.7256,-0.586
176.26,5.0,3.0,0.0,52.407,54.1414,1.7344,-0.716
176.27,5.0,3.0,0.0,52.407,54.1414,1.7344,-0.747
176.28,5.0,3.0,0.0,52.407,54.1414,1.7344,-0.764
176.29,5.0,3.0,0.0,52.407,54.1501,1.7431,-0.748
176.3,5.0,3.0,0.0,52.407,54.1676,1.7606,-0.554
176.31,5.0,3.0,0.0,52.407,54.1589,1.7519,-0.747
176.32,5.0,3.0,0.0,52.407,54.1326,1.7256,-0.685
176.33,5.0,3.0,0.0,52.407,54.1064,1.6994,-0.794
176.34,5.0,3.0,0.0,52.407,54.1151,1.7081,-0.619
176.35,5.0,3.0,0.0,52.407,54.1414,1.7344,-0.65
176.36,5.0,3.0,0.0,52.407,54.1501,1.7431,-0.65
176.37,5.0,3.0,0.0,52.407,54.1501,1.7431,-0.796
176.38,5.0,3.0,0.0,52.407,54.1501,1.7431,-0.571
176.39,5.0,3.0,0.0,52.407,54.1589,1.7519,-0.618
176.4,5.0,3.0,0.0,52.407,54.1764,1.7694,-0.618
176.41,5.0,3.0,0.0,52.407,54.1852,1.7782,-0.538
176.42,5.0,3.0,0.0,52.407,54.1501,1.7431,-0.6
176.43,5.0,3.0,0.0,52.407,54.1239,1.7169,-0.716
176.44,5.0,3.0,0.0,52.407,54.1239,1.7169,-0.619
176.45,5.0,3.0,0.0,52.407,54.1414,1.7344,-0.667
176.46,5.0,3.0,0.0,52.407,54.1764,1.7694,-0.698
176.47,5.0,3.0,0.0,52.407,54.1676,1.7606,-0.634
176.48,5.0,3.0,0.0,52.407,54.1676,1.7606,-0.698
176.49,5.0,3.0,0.0,52.407,54.1501,1.7431,-0.715
176.5,5.0,3.0,0.0,52.407,54.1676,1.7606,-0.763
176.51,5.0,3.0,0.0,52.407,54.1764,1.7694,-0.666
176.52,5.0,3.0,0.0,52.407,54.1764,1.7694,-0.796
176.53,5.0,3.0,0.0,52.407,54.1589,1.7519,-0.601
176.54,5.0,3.0,0.0,52.407,54.1501,1.7431,-0.634
176.55,5.0,3.0,0.0,52.407,54.1414,1.7344,-0.554
176.56,5.0,3.0,0.0,52.407,54.1414,1.7344,-0.602
176.57,5.0,3.0,0.0,52.407,54.1589,1.7519,-0.649
176.58,5.0,3.0,0.0,52.407,54.1676,1.7606,-0.538
176.59,5.0,3.0,0.0,52.407,54.1764,1.7694,-0.601
176.6,5.0,3.0,0.0,52.407,54.1676,1.7606,-0.587
176.61,5.0,3.0,0.0,52.407,54.1589,1.7519,-0.684
176.62,5.0,3.0,0.0,52.407,54.1676,1.7606,-0.668
176.63,5.0,3.0,0.0,52.407,54.1676,1.7606,-0.651
176.64,5.0,3.0,0.0,52.407,54.1676,1.7606,-0.586
176.65,5.0,3.0,0.0,52.407,54.1501,1.7431,-0.666
176.66,5.0,3.0,0.0,52.407,54.1414,1.7344,-0.44
176.67,5.0,3.0,0.0,52.407,54.1501,1.7431,-0.569
176.68,5.0,3.0,0.0,52.407,54.1501,1.7431,-0.666
176.69,5.0,3.0,0.0,52.407,54.1589,1.7519,-0.698
176.7,5.0,3.0,0.0,52.407,54.1589,1.7519,-0.698
176.71,5.0,3.0,0.0,52.407,54.1589,1.7519,-0.537
176.72,5.0,3.0,0.0,52.407,54.1501,1.7431,-0.682
176.73,5.0,3.0,0.0,52.407,54.1501,1.7431,-0.586
176.74,5.0,3.0,0.0,52.407,54.1589,1.7519,-0.65
176.75,5.0,3.0,0.0,52.407,54.1501,1.7431,-0.65
176.76,5.0,3.0,0.0,52.407,54.1414,1.7344,-0.554
176.77,5.0,3.0,0.0,52.407,54.1501,1.7431,-0.698
176.78,5.0,3.0,0.0,52.407,54.1414,1.7344,-0.554
176.79,5.0,3.0,0.0,52.407,54.1589,1.7519,-0.538
176.8,5.0,3.0,0.0,52.407,54.1589,1.7519,-0.731
176.81,5.0,3.0,0.0,52.407,54.1589,1.7519,-0.649
176.82,5.0,3.0,0.0,52.407,54.1589,1.7519,-0.746
176.83,5.0,3.0,0.0,52.407,54.1501,1.7431,-0.408
176.84,5.0,3.0,0.0,52.407,54.1589,1.7519,-0.52
176.85,5.0,3.0,0.0,52.407,54.1676,1.7606,-0.44
176.86,5.0,3.0,0.0,52.407,54.1589,1.7519,-0.618
176.87,5.0,3.0,0.0,52.407,54.1589,1.7519,-0.713
176.88,5.0,3.0,0.0,52.407,54.1589,1.7519,-0.489
176.89,5.0,3.0,0.0,52.407,54.1676,1.7606,-0.553
176.9,5.0,3.0,0.0,52.407,54.1764,1.7694,-0.683
176.91,5.0,3.0,0.0,52.407,54.1939,1.7869,-0.635
176.92,5.0,3.0,0.0,52.407,54.1852,1.7782,-0.667
176.93,5.0,3.0,0.0,52.407,54.1852,1.7782,-0.521
176.94,5.0,3.0,0.0,52.407,54.1764,1.7694,-0.617
176.95,5.0,3.0,0.0,52.407,54.1764,1.7694,-0.633
176.96,5.0,3.0,0.0,52.407,54.1764,1.7694,-0.457
176.97,241.0,0.0,47.0,1.3366,53.8088,52.4722,-0.65
176.98,241.0,0.0,47.0,1.3366,48.5919,47.2553,-0.505
176.99,241.0,0.0,47.0,1.3366,41.5457,40.2091,-0.7
177.0,241.0,0.0,47.0,1.3366,34.1494,32.8128,-0.489
177.01,241.0,0.0,47.0,1.3366,26.7443,25.4077,-0.456
177.02,241.0,0.0,47.0,1.3366,19.5055,18.1689,-0.568
177.03,241.0,0.0,47.0,1.3366,12.2142,10.8776,-0.537
177.04,241.0,0.0,47.0,1.3366,5.0367,3.7001,-0.082
177.05,241.0,0.0,47.0,1.3366,2.402,1.0654,61.762
177.06,241.0,0.0,47.0,1.3366,1.0628,-0.2738,139.87
177.07,241.0,0.0,47.0,1.3366,0.774,-0.5626,141.38
177.08,241.0,0.0,47.0,1.3366,0.7565,-0.5801,144.046
177.09,241.0,0.0,47.0,1.3366,0.7477,-0.5889,145.853
177.1,241.0,0.0,47.0,1.3366,0.7827,-0.5539,145.904
177.11,241.0,0.0,47.0,1.3366,0.7827,-0.5539,146.796
177.12,241.0,0.0,47.0,1.3366,0.774,-0.5626,145.512
177.13,241.0,0.0,47.0,1.3366,0.7915,-0.5451,144.34
177.14,241.0,0.0,47.0,1.3366,0.7915,-0.5451,144.744
177.15,241.0,0.0,47.0,1.3366,0.7915,-0.5451,145.981
177.16,241.0,0.0,47.0,1.3366,0.8002,-0.5364,146.925
177.17,241.0,0.0,47.0,1.3366,0.809,-0.5276,146.47
177.18,241.0,0.0,47.0,1.3366,0.809,-0.5276,145.264
177.19,241.0,0.0,47.0,1.3366,0.8177,-0.5189,144.969
177.2,241.0,0.0,47.0,1.3366,0.8177,-0.5189,146.175
177.21,245.0,3.0,0.0,0.471,0.8177,0.3467,147.653
177.22,245.0,3.0,0.0,0.471,0.8265,0.3555,146.662
177.23,245.0,3.0,0.0,0.471,0.844,0.373,145.506
177.24,245.0,3.0,0.0,0.471,0.844,0.373,145.96
177.25,245.0,3.0,0.0,0.471,0.8352,0.3642,146.855
177.26,245.0,3.0,0.0,0.471,0.8352,0.3642,147.082
177.27,245.0,3.0,0.0,0.471,0.844,0.373,146.548
177.28,245.0,3.0,0.0,0.471,0.844,0.373,146.107
177.29,245.0,3.0,0.0,0.471,0.8352,0.3642,145.896
177.3,245.0,3.0,0.0,0.471,0.844,0.373,146.267
177.31,245.0,3.0,0.0,0.471,0.8352,0.3642,146.984
177.32,245.0,3.0,0.0,0.471,0.8352,0.3642,146.953
177.33,245.0,3.0,0.0,0.471,0.8352,0.3642,146.173
177.34,245.0,3.0,0.0,0.471,0.8352,0.3642,145.636
177.35,245.0,3.0,0.0,0.471,0.844,0.373,146.303
177.36,245.0,3.0,0.0,0.471,0.844,0.373,147.08
177.37,245.0,3.0,0.0,0.471,0.8352,0.3642,146.756
177.38,245.0,3.0,0.0,0.471,0.844,0.373,146.253
177.39,245.0,3.0,0.0,0.471,0.844,0.373,146.237
177.4,245.0,3.0,0.0,0.471,0.844,0.373,146.384
177.41,245.0,3.0,0.0,0.471,0.844,0.373,146.368
177.42,245.0,3.0,0.0,0.471,0.844,0.373,146.611
177.43,245.0,3.0,0.0,0.471,0.844,0.373,146.481
177.44,245.0,3.0,0.0,0.471,0.844,0.373,146.011
177.45,245.0,3.0,0.0,0.471,0.8527,0.3817,146.009
177.46,245.0,3.0,0.0,0.471,0.8352,0.3642,146.514
177.47,245.0,3.0,0.0,0.471,0.8352,0.3642,146.71
177.48,245.0,3.0,0.0,0.471,0.844,0.373,146.334
177.49,245.0,3.0,0.0,0.471,0.844,0.373,145.88
177.5,245.0,3.0,0.0,0.471,0.844,0.373,146.253
177.51,245.0,3.0,0.0,0.471,0.844,0.373,146.596
177.52,245.0,3.0,0.0,0.471,0.8352,0.3642,146.562
177.53,245.0,3.0,0.0,0.471,0.844,0.373,146.155
177.54,245.0,3.0,0.0,0.471,0.8352,0.3642,146.204
177.55,245.0,3.0,0.0,0.471,0.8352,0.3642,146.432
177.56,245.0,3.0,0.0,0.471,0.844,0.373,146.448
177.57,245.0,3.0,0.0,0.471,0.844,0.373,146.271
177.58,245.0,3.0,0.0,0.471,0.844,0.373,146.286
177.59,245.0,3.0,0.0,0.471,0.8527,0.3817,146.351
177.6,245.0,3.0,0.0,0.471,0.844,0.373,146.173
177.61,245.0,3.0,0.0,0.471,0.8352,0.3642,146.447
177.62,245.0,3.0,0.0,0.471,0.8527,0.3817,146.369
177.63,245.0,3.0,0.0,0.471,0.844,0.373,146.255
177.64,245.0,3.0,0.0,0.471,0.8527,0.3817,145.961
177.65,245.0,3.0,0.0,0.471,0.844,0.373,145.977
177.66,245.0,3.0,0.0,0.471,0.8527,0.3817,146.626
177.67,245.0,3.0,0.0,0.471,0.844,0.373,146.352
177.68,245.0,3.0,0.0,0.471,0.8527,0.3817,146.255
177.69,245.0,3.0,0.0,0.471,0.8527,0.3817,145.979
177.7,245.0,3.0,0.0,0.471,0.8527,0.3817,146.124
177.71,245.0,3.0,0.0,0.471,0.844,0.373,146.351
177.72,245.0,3.0,0.0,0.471,0.844,0.373,146.336
177.73,245.0,3.0,0.0,0.471,0.844,0.373,146.286
177.74,245.0,3.0,0.0,0.471,0.8527,0.3817,146.108
177.75,245.0,3.0,0.0,0.471,0.8352,0.3642,146.076
177.76,245.0,3.0,0.0,0.471,0.844,0.373,146.173
177.77,245.0,3.0,0.0,0.471,0.844,0.373,146.367
177.78,245.0,3.0,0.0,0.471,0.844,0.373,146.27
177.79,245.0,3.0,0.0,0.471,0.844,0.373,146.06
177.8,245.0,3.0,0.0,0.471,0.844,0.373,146.27
177.81,245.0,3.0,0.0,0.471,0.8352,0.3642,146.368
177.82,245.0,3.0,0.0,0.471,0.8352,0.3642,146.14
177.83,245.0,3.0,0.0,0.471,0.8352,0.3642,146.059
177.84,245.0,3.0,0.0,0.471,0.844,0.373,146.252
177.85,245.0,3.0,0.0,0.471,0.8352,0.3642,146.173
177.86,245.0,3.0,0.0,0.471,0.844,0.373,146.35
177.87,245.0,3.0,0.0,0.471,0.8352,0.3642,146.174
177.88,245.0,3.0,0.0,0.471,0.8352,0.3642,146.204
177.89,245.0,3.0,0.0,0.471,0.8352,0.3642,146.156
177.9,245.0,3.0,0.0,0.471,0.844,0.373,146.027
177.91,245.0,3.0,0.0,0.471,0.844,0.373,146.333
177.92,245.0,3.0,0.0,0.471,0.844,0.373,146.365
177.93,245.0,3.0,0.0,0.471,0.8527,0.3817,146.366
177.94,245.0,3.0,0.0,0.471,0.8527,0.3817,145.978
177.95,245.0,3.0,0.0,0.471,0.844,0.373,145.978
177.96,245.0,3.0,0.0,0.471,0.844,0.373,146.333
177.97,245.0,3.0,0.0,0.471,0.844,0.373,146.254
177.98,245.0,3.0,0.0,0.471,0.8352,0.3642,146.221
177.99,245.0,3.0,0.0,0.471,0.8527,0.3817,146.157
178.0,245.0,3.0,0.0,0.471,0.844,0.373,146.076
178.01,245.0,3.0,0.0,0.471,0.844,0.373,146.188
178.02,245.0,3.0,0.0,0.471,0.844,0.373,146.203
178.03,245.0,3.0,0.0,0.471,0.844,0.373,146.269
178.04,245.0,3.0,0.0,0.471,0.844,0.373,146.206
178.05,245.0,3.0,0.0,0.471,0.844,0.373,146.189
178.06,245.0,3.0,0.0,0.471,0.844,0.373,145.962
178.07,245.0,3.0,0.0,0.471,0.844,0.373,146.075
178.08,245.0,3.0,0.0,0.471,0.844,0.373,146.238
178.09,245.0,3.0,0.0,0.471,0.8352,0.3642,146.092
178.1,245.0,3.0,0.0,0.471,0.844,0.373,146.173
178.11,245.0,3.0,0.0,0.471,0.844,0.373,146.174
178.12,245.0,3.0,0.0,0.471,0.844,0.373,146.059
178.13,245.0,3.0,0.0,0.471,0.844,0.373,146.301
178.14,245.0,3.0,0.0,0.471,0.844,0.373,145.979
178.15,245.0,3.0,0.0,0.471,0.844,0.373,145.995
178.16,245.0,3.0,0.0,0.471,0.844,0.373,146.123
178.17,245.0,3.0,0.0,0.471,0.8352,0.3642,146.044
178.18,245.0,3.0,0.0,0.471,0.8352,0.3642,146.091
178.19,245.0,3.0,0.0,0.471,0.844,0.373,146.252
178.2,245.0,3.0,0.0,0.471,0.844,0.373,146.108
178.21,245.0,3.0,0.0,0.471,0.8352,0.3642,146.123
178.22,245.0,3.0,0.0,0.471,0.8352,0.3642,146.012
178.23,245.0,3.0,0.0,0.471,0.8352,0.3642,146.172
178.24,245.0,3.0,0.0,0.471,0.8265,0.3555,146.026
178.25,245.0,3.0,0.0,0.471,0.8352,0.3642,146.123
178.26,245.0,3.0,0.0,0.471,0.844,0.373,146.173
178.27,245.0,3.0,0.0,0.471,0.844,0.373,146.06
178.28,245.0,3.0,0.0,0.471,0.844,0.373,146.172
178.29,245.0,3.0,0.0,0.471,0.844,0.373,146.029
178.3,245.0,3.0,0.0,0.471,0.844,0.373,146.027
178.31,245.0,3.0,0.0,0.471,0.844,0.373,146.058
178.32,245.0,3.0,0.0,0.471,0.844,0.373,145.979
178.33,245.0,3.0,0.0,0.471,0.844,0.373,146.188
178.34,245.0,3.0,0.0,0.471,0.844,0.373,145.979
178.35,245.0,3.0,0.0,0.471,0.8352,0.3642,146.156
178.36,245.0,3.0,0.0,0.471,0.844,0.373,145.947
178.37,245.0,3.0,0.0,0.471,0.844,0.373,146.042
178.38,245.0,3.0,0.0,0.471,0.844,0.373,146.156
178.39,245.0,3.0,0.0,0.471,0.844,0.373,146.109
178.4,245.0,3.0,0.0,0.471,0.844,0.373,146.14
178.41,245.0,3.0,0.0,0.471,0.844,0.373,146.109
178.42,245.0,3.0,0.0,0.471,0.844,0.373,146.108
178.43,245.0,3.0,0.0,0.471,0.8352,0.3642,146.123
178.44,245.0,3.0,0.0,0.471,0.844,0.373,146.14
178.45,245.0,3.0,0.0,0.471,0.844,0.373,146.06
178.46,245.0,3.0,0.0,0.471,0.8352,0.3642,146.204
178.47,245.0,3.0,0.0,0.471,0.8352,0.3642,146.012
178.48,245.0,3.0,0.0,0.471,0.844,0.373,145.995
178.49,245.0,3.0,0.0,0.471,0.8352,0.3642,146.027
178.5,245.0,3.0,0.0,0.471,0.8352,0.3642,146.043
178.51,245.0,3.0,0.0,0.471,0.844,0.373,146.139
178.52,245.0,3.0,0.0,0.471,0.8352,0.3642,145.995
178.53,245.0,3.0,0.0,0.471,0.8352,0.3642,146.059
178.54,245.0,3.0,0.0,0.471,0.844,0.373,146.074
178.55,245.0,3.0,0.0,0.471,0.8352,0.3642,145.931
178.56,245.0,3.0,0.0,0.471,0.8352,0.3642,146.042
178.57,245.0,3.0,0.0,0.471,0.8352,0.3642,146.107
178.58,245.0,3.0,0.0,0.471,0.8352,0.3642,146.06
178.59,245.0,3.0,0.0,0.471,0.8352,0.3642,145.899
178.6,245.0,3.0,0.0,0.471,0.8265,0.3555,145.914
178.61,245.0,3.0,0.0,0.471,0.8265,0.3555,146.221
178.62,245.0,3.0,0.0,0.471,0.8265,0.3555,146.027
178.63,245.0,3.0,0.0,0.471,0.8177,0.3467,146.091
178.64,245.0,3.0,0.0,0.471,0.8177,0.3467,146.14
178.65,245.0,3.0,0.0,0.471,0.8265,0.3555,146.092
178.66,245.0,3.0,0.0,0.471,0.8177,0.3467,145.979
178.67,245.0,3.0,0.0,0.471,0.8177,0.3467,146.058
178.68,245.0,3.0,0.0,0.471,0.8177,0.3467,146.011
178.69,245.0,3.0,0.0,0.471,0.8177,0.3467,146.205
178.7,245.0,3.0,0.0,0.471,0.8177,0.3467,146.189
178.71,245.0,3.0,0.0,0.471,0.8177,0.3467,146.109
178.72,245.0,3.0,0.0,0.471,0.8265,0.3555,146.027
178.73,245.0,3.0,0.0,0.471,0.8352,0.3642,145.978
178.74,245.0,3.0,0.0,0.471,0.8265,0.3555,146.091
178.75,245.0,3.0,0.0,0.471,0.844,0.373,146.027
178.76,245.0,3.0,0.0,0.471,0.8352,0.3642,146.107
178.77,245.0,3.0,0.0,0.471,0.844,0.373,146.028
178.78,245.0,3.0,0.0,0.471,0.8352,0.3642,146.027
178.79,245.0,3.0,0.0,0.471,0.8352,0.3642,146.01
178.8,245.0,3.0,0.0,0.471,0.8265,0.3555,146.01
178.81,245.0,3.0,0.0,0.471,0.8265,0.3555,146.14
178.82,245.0,3.0,0.0,0.471,0.8265,0.3555,146.01
178.83,245.0,3.0,0.0,0.471,0.8265,0.3555,145.994
178.84,245.0,3.0,0.0,0.471,0.8265,0.3555,146.042
178.85,245.0,3.0,0.0,0.471,0.8265,0.3555,146.075
178.86,245.0,3.0,0.0,0.471,0.8265,0.3555,146.172
178.87,245.0,3.0,0.0,0.471,0.8265,0.3555,146.092
178.88,245.0,3.0,0.0,0.471,0.8352,0.3642,146.156
178.89,245.0,3.0,0.0,0.471,0.8352,0.3642,146.14
178.9,245.0,3.0,0.0,0.471,0.844,0.373,146.059
178.91,245.0,3.0,0.0,0.471,0.8352,0.3642,146.028
178.92,245.0,3.0,0.0,0.471,0.8352,0.3642,146.012
178.93,245.0,3.0,0.0,0.471,0.8352,0.3642,145.931
178.94,245.0,3.0,0.0,0.471,0.8352,0.3642,146.22
178.95,245.0,3.0,0.0,0.471,0.844,0.373,146.108
178.96,245.0,3.0,0.0,0.471,0.8352,0.3642,146.092
178.97,245.0,3.0,0.0,0.471,0.844,0.373,146.059
178.98,245.0,3.0,0.0,0.471,0.8352,0.3642,145.964
178.99,245.0,3.0,0.0,0.471,0.8352,0.3642,146.075
179.0,245.0,3.0,0.0,0.471,0.8352,0.3642,146.044
179.01,245.0,3.0,0.0,0.471,0.8352,0.3642,146.075
179.02,245.0,3.0,0.0,0.471,0.844,0.373,146.107
179.03,245.0,3.0,0.0,0.471,0.8352,0.3642,145.93
179.04,245.0,3.0,0.0,0.471,0.844,0.373,145.915
179.05,245.0,3.0,0.0,0.471,0.844,0.373,145.946
179.06,245.0,3.0,0.0,0.471,0.8352,0.3642,146.043
179.07,245.0,3.0,0.0,0.471,0.8352,0.3642,146.012
179.08,245.0,3.0,0.0,0.471,0.844,0.373,145.945
179.09,245.0,3.0,0.0,0.471,0.844,0.373,145.93
179.1,245.0,3.0,0.0,0.471,0.844,0.373,146.155
179.11,245.0,3.0,0.0,0.471,0.844,0.373,146.109
179.12,245.0,3.0,0.0,0.471,0.844,0.373,145.995
179.13,245.0,3.0,0.0,0.471,0.8352,0.3642,146.107
179.14,245.0,3.0,0.0,0.471,0.844,0.373,145.995
179.15,245.0,3.0,0.0,0.471,0.844,0.373,145.946
179.16,245.0,3.0,0.0,0.471,0.844,0.373,146.14
179.17,245.0,3.0,0.0,0.471,0.844,0.373,145.914
179.18,245.0,3.0,0.0,0.471,0.8265,0.3555,146.173
179.19,245.0,3.0,0.0,0.471,0.844,0.373,146.14
179.2,245.0,3.0,0.0,0.471,0.844,0.373,145.946
179.21,245.0,3.0,0.0,0.471,0.844,0.373,145.978
179.22,245.0,3.0,0.0,0.471,0.844,0.373,145.93
179.23,245.0,3.0,0.0,0.471,0.8352,0.3642,145.946
179.24,245.0,3.0,0.0,0.471,0.844,0.373,146.011
179.25,245.0,3.0,0.0,0.471,0.844,0.373,146.025
179.26,245.0,3.0,0.0,0.471,0.844,0.373,145.978
179.27,245.0,3.0,0.0,0.471,0.8352,0.3642,146.058
179.28,245.0,3.0,0.0,0.471,0.8352,0.3642,145.995
179.29,245.0,3.0,0.0,0.471,0.8352,0.3642,146.139
179.3,245.0,3.0,0.0,0.471,0.8352,0.3642,146.06
179.31,245.0,3.0,0.0,0.471,0.8352,0.3642,145.963
179.32,245.0,3.0,0.0,0.471,0.8352,0.3642,145.946
179.33,245.0,3.0,0.0,0.471,0.8352,0.3642,146.026
179.34,245.0,3.0,0.0,0.471,0.8265,0.3555,146.042
179.35,245.0,3.0,0.0,0.471,0.8352,0.3642,146.058
179.36,245.0,3.0,0.0,0.471,0.8352,0.3642,146.107
179.37,245.0,3.0,0.0,0.471,0.8352,0.3642,145.979
179.38,245.0,3.0,0.0,0.471,0.8352,0.3642,146.059
179.39,245.0,3.0,0.0,0.471,0.844,0.373,145.881
179.4,245.0,3.0,0.0,0.471,0.844,0.373,145.897
179.41,245.0,3.0,0.0,0.471,0.8352,0.3642,146.123
179.42,245.0,3.0,0.0,0.471,0.844,0.373,146.075
179.43,245.0,3.0,0.0,0.471,0.844,0.373,146.059
179.44,245.0,3.0,0.0,0.471,0.844,0.373,146.044
179.45,245.0,3.0,0.0,0.471,0.844,0.373,145.85
179.46,245.0,3.0,0.0,0.471,0.844,0.373,145.993
179.47,245.0,3.0,0.0,0.471,0.844,0.373,146.009
179.48,245.0,3.0,0.0,0.471,0.844,0.373,146.107
179.49,245.0,3.0,0.0,0.471,0.844,0.373,146.14
179.5,245.0,3.0,0.0,0.471,0.844,0.373,145.945
179.51,245.0,3.0,0.0,0.471,0.844,0.373,146.188
179.52,245.0,3.0,0.0,0.471,0.844,0.373,145.994
179.53,245.0,3.0,0.0,0.471,0.844,0.373,145.994
179.54,245.0,3.0,0.0,0.471,0.8352,0.3642,146.123
179.55,245.0,3.0,0.0,0.471,0.844,0.373,146.076
179.56,245.0,3.0,0.0,0.471,0.8265,0.3555,146.043
179.57,245.0,3.0,0.0,0.471,0.8352,0.3642,145.946
179.58,245.0,3.0,0.0,0.471,0.844,0.373,146.107
179.59,245.0,3.0,0.0,0.471,0.844,0.373,145.946
179.6,245.0,3.0,0.0,0.471,0.8352,0.3642,146.043
179.61,245.0,3.0,0.0,0.471,0.8352,0.3642,145.898
179.62,245.0,3.0,0.0,0.471,0.8352,0.3642,145.978
179.63,245.0,3.0,0.0,0.471,0.8352,0.3642,146.075
179.64,245.0,3.0,0.0,0.471,0.8352,0.3642,146.076
179.65,245.0,3.0,0.0,0.471,0.8352,0.3642,145.994
179.66,245.0,3.0,0.0,0.471,0.8352,0.3642,146.011
179.67,245.0,3.0,0.0,0.471,0.844,0.373,146.155
179.68,245.0,3.0,0.0,0.471,0.8352,0.3642,146.109
179.69,245.0,3.0,0.0,0.471,0.844,0.373,146.076
179.7,245.0,3.0,0.0,0.471,0.844,0.373,145.898
179.71,245.0,3.0,0.0,0.471,0.844,0.373,146.042
179.72,245.0,3.0,0.0,0.471,0.844,0.373,145.899
179.73,245.0,3.0,0.0,0.471,0.844,0.373,146.027
179.74,245.0,3.0,0.0,0.471,0.844,0.373,145.913
179.75,245.0,3.0,0.0,0.471,0.844,0.373,146.042
179.76,245.0,3.0,0.0,0.471,0.844,0.373,145.947
179.77,245.0,3.0,0.0,0.471,0.844,0.373,145.962
179.78,245.0,3.0,0.0,0.471,0.8527,0.3817,145.85
179.79,245.0,3.0,0.0,0.471,0.844,0.373,146.107
179.8,245.0,3.0,0.0,0.471,0.844,0.373,146.027
179.81,245.0,3.0,0.0,0.471,0.844,0.373,146.026
179.82,245.0,3.0,0.0,0.471,0.8352,0.3642,145.994
179.83,245.0,3.0,0.0,0.471,0.844,0.373,146.139
179.84,245.0,3.0,0.0,0.471,0.8352,0.3642,145.946
179.85,245.0,3.0,0.0,0.471,0.844,0.373,146.058
179.86,245.0,3.0,0.0,0.471,0.844,0.373,146.026
179.87,245.0,3.0,0.0,0.471,0.844,0.373,146.026
179.88,245.0,3.0,0.0,0.471,0.8352,0.3642,146.026
179.89,245.0,3.0,0.0,0.471,0.844,0.373,145.962
179.9,245.0,3.0,0.0,0.471,0.8352,0.3642,145.994
179.91,245.0,3.0,0.0,0.471,0.8352,0.3642,146.042
179.92,245.0,3.0,0.0,0.471,0.8265,0.3555,145.945
179.93,245.0,3.0,0.0,0.471,0.8265,0.3555,146.14
179.94,245.0,3.0,0.0,0.471,0.8352,0.3642,146.124
179.95,245.0,3.0,0.0,0.471,0.8265,0.3555,146.075
179.96,245.0,3.0,0.0,0.471,0.8352,0.3642,146.059
179.97,245.0,3.0,0.0,0.471,0.8352,0.3642,145.962
179.98,245.0,3.0,0.0,0.471,0.8352,0.3642,146.026
179.99,245.0,3.0,0.0,0.471,0.8352,0.3642,145.93
180.0,245.0,3.0,0.0,0.471,0.8352,0.3642,145.961
180.01,245.0,3.0,0.0,0.471,0.8265,0.3555,146.269
180.02,245.0,3.0,0.0,0.471,0.8352,0.3642,145.963
180.03,245.0,3.0,0.0,0.471,0.8352,0.3642,146.123
180.04,245.0,3.0,0.0,0.471,0.8352,0.3642,145.946
180.05,245.0,3.0,0.0,0.471,0.8265,0.3555,146.075
180.06,245.0,3.0,0.0,0.471,0.8265,0.3555,146.155
180.07,245.0,3.0,0.0,0.471,0.844,0.373,145.946
180.08,245.0,3.0,0.0,0.471,0.844,0.373,146.027
180.09,245.0,3.0,0.0,0.471,0.8352,0.3642,145.994
180.1,245.0,3.0,0.0,0.471,0.844,0.373,145.963
180.11,245.0,3.0,0.0,0.471,0.8352,0.3642,146.123
180.12,245.0,3.0,0.0,0.471,0.8352,0.3642,145.914
180.13,245.0,3.0,0.0,0.471,0.8352,0.3642,145.866
180.14,245.0,3.0,0.0,0.471,0.8352,0.3642,145.946
180.15,245.0,3.0,0.0,0.471,0.844,0.373,145.866
180.16,245.0,3.0,0.0,0.471,0.844,0.373,145.896
180.17,245.0,3.0,0.0,0.471,0.844,0.373,145.85
180.18,245.0,3.0,0.0,0.471,0.844,0.373,145.961
180.19,245.0,3.0,0.0,0.471,0.844,0.373,145.88
180.2,245.0,3.0,0.0,0.471,0.844,0.373,146.074
180.21,245.0,3.0,0.0,0.471,0.844,0.373,146.044
180.22,245.0,3.0,0.0,0.471,0.844,0.373,145.848
180.23,245.0,3.0,0.0,0.471,0.844,0.373,145.993
180.24,245.0,3.0,0.0,0.471,0.844,0.373,145.946
180.25,245.0,3.0,0.0,0.471,0.844,0.373,145.946
180.26,245.0,3.0,0.0,0.471,0.844,0.373,146.042
180.27,245.0,3.0,0.0,0.471,0.844,0.373,145.98
180.28,245.0,3.0,0.0,0.471,0.8527,0.3817,146.074
180.29,245.0,3.0,0.0,0.471,0.844,0.373,146.01
180.3,245.0,3.0,0.0,0.471,0.8352,0.3642,145.866
180.31,245.0,3.0,0.0,0.471,0.8352,0.3642,145.977
180.32,245.0,3.0,0.0,0.471,0.844,0.373,145.978
180.33,245.0,3.0,0.0,0.471,0.8352,0.3642,145.994
180.34,245.0,3.0,0.0,0.471,0.8352,0.3642,145.848
180.35,245.0,3.0,0.0,0.471,0.8352,0.3642,145.994
180.36,245.0,3.0,0.0,0.471,0.8352,0.3642,145.93
180.37,245.0,3.0,0.0,0.471,0.8352,0.3642,145.995
180.38,245.0,3.0,0.0,0.471,0.8352,0.3642,146.059
180.39,245.0,3.0,0.0,0.471,0.8352,0.3642,145.962
180.4,245.0,3.0,0.0,0.471,0.8352,0.3642,145.946
180.41,245.0,3.0,0.0,0.471,0.8352,0.3642,145.978
180.42,245.0,3.0,0.0,0.471,0.8352,0.3642,145.85
180.43,245.0,3.0,0.0,0.471,0.8352,0.3642,145.993
180.44,245.0,3.0,0.0,0.471,0.844,0.373,145.914
180.45,245.0,3.0,0.0,0.471,0.844,0.373,146.01
180.46,245.0,3.0,0.0,0.471,0.8352,0.3642,145.978
180.47,245.0,3.0,0.0,0.471,0.844,0.373,145.93
180.48,245.0,3.0,0.0,0.471,0.844,0.373,146.108
180.49,245.0,3.0,0.0,0.471,0.844,0.373,146.028
180.5,245.0,3.0,0.0,0.471,0.844,0.373,145.978
180.51,245.0,3.0,0.0,0.471,0.844,0.373,145.947
180.52,245.0,3.0,0.0,0.471,0.844,0.373,145.816
180.53,245.0,3.0,0.0,0.471,0.844,0.373,145.962
180.54,245.0,3.0,0.0,0.471,0.844,0.373,145.931
180.55,245.0,3.0,0.0,0.471,0.844,0.373,146.026
180.56,245.0,3.0,0.0,0.471,0.844,0.373,146.108
180.57,245.0,3.0,0.0,0.471,0.844,0.373,145.963
180.58,245.0,3.0,0.0,0.471,0.844,0.373,146.026
180.59,245.0,3.0,0.0,0.471,0.8352,0.3642,145.834
180.6,245.0,3.0,0.0,0.471,0.8352,0.3642,145.912
180.61,245.0,3.0,0.0,0.471,0.844,0.373,145.865
180.62,245.0,3.0,0.0,0.471,0.8352,0.3642,145.864
180.63,245.0,3.0,0.0,0.471,0.8352,0.3642,146.075
180.64,245.0,3.0,0.0,0.471,0.8352,0.3642,145.946
180.65,245.0,3.0,0.0,0.471,0.844,0.373,145.914
180.66,245.0,3.0,0.0,0.471,0.844,0.373,145.961
180.67,245.0,3.0,0.0,0.471,0.8352,0.3642,145.93
180.68,245.0,3.0,0.0,0.471,0.8352,0.3642,146.075
180.69,245.0,3.0,0.0,0.471,0.8352,0.3642,146.059
180.7,245.0,3.0,0.0,0.471,0.8352,0.3642,145.752
180.71,245.0,3.0,0.0,0.471,0.8352,0.3642,146.026
180.72,245.0,3.0,0.0,0.471,0.8352,0.3642,145.947
180.73,245.0,3.0,0.0,0.471,0.8265,0.3555,145.993
180.74,245.0,3.0,0.0,0.471,0.844,0.373,145.881
180.75,245.0,3.0,0.0,0.471,0.8352,0.3642,145.929
180.76,245.0,3.0,0.0,0.471,0.8352,0.3642,145.833
180.77,245.0,3.0,0.0,0.471,0.8352,0.3642,145.945
180.78,245.0,3.0,0.0,0.471,0.8352,0.3642,146.009
180.79,245.0,3.0,0.0,0.471,0.8352,0.3642,145.8
180.8,245.0,3.0,0.0,0.471,0.8352,0.3642,145.817
180.81,245.0,3.0,0.0,0.471,0.8352,0.3642,145.897
180.82,245.0,3.0,0.0,0.471,0.844,0.373,145.881
180.83,245.0,3.0,0.0,0.471,0.8352,0.3642,145.88
180.84,245.0,3.0,0.0,0.471,0.844,0.373,146.107
180.85,245.0,3.0,0.0,0.471,0.8352,0.3642,145.816
180.86,245.0,3.0,0.0,0.471,0.844,0.373,146.01
180.87,245.0,3.0,0.0,0.471,0.844,0.373,145.994
180.88,245.0,3.0,0.0,0.471,0.8352,0.3642,145.865
180.89,245.0,3.0,0.0,0.471,0.8265,0.3555,145.849
180.9,245.0,3.0,0.0,0.471,0.8352,0.3642,145.994
180.91,245.0,3.0,0.0,0.471,0.8352,0.3642,145.93
180.92,245.0,3.0,0.0,0.471,0.8352,0.3642,145.898
180.93,245.0,3.0,0.0,0.471,0.8352,0.3642,145.995
180.94,245.0,3.0,0.0,0.471,0.8265,0.3555,145.816
180.95,245.0,3.0,0.0,0.471,0.8265,0.3555,145.994
180.96,245.0,3.0,0.0,0.471,0.8352,0.3642,145.915
180.97,245.0,3.0,0.0,0.471,0.8265,0.3555,145.866
180.98,245.0,3.0,0.0,0.471,0.844,0.373,146.011
180.99,245.0,3.0,0.0,0.471,0.844,0.373,146.026
181.0,245.0,3.0,0.0,0.471,0.844,0.373,145.946
181.01,245.0,3.0,0.0,0.471,0.844,0.373,145.817
181.02,245.0,3.0,0.0,0.471,0.844,0.373,145.897
181.03,245.0,3.0,0.0,0.471,0.844,0.373,145.96
181.04,245.0,3.0,0.0,0.471,0.8352,0.3642,146.01
181.05,245.0,3.0,0.0,0.471,0.844,0.373,145.947
181.06,245.0,3.0,0.0,0.471,0.844,0.373,145.866
181.07,245.0,3.0,0.0,0.471,0.844,0.373,146.027
181.08,245.0,3.0,0.0,0.471,0.8265,0.3555,146.011
181.09,245.0,3.0,0.0,0.471,0.844,0.373,146.01
181.1,245.0,3.0,0.0,0.471,0.8352,0.3642,145.833
181.11,245.0,3.0,0.0,0.471,0.8352,0.3642,145.994
181.12,245.0,3.0,0.0,0.471,0.8265,0.3555,145.882
181.13,245.0,3.0,0.0,0.471,0.844,0.373,146.075
181.14,245.0,3.0,0.0,0.471,0.844,0.373,145.995
181.15,245.0,3.0,0.0,0.471,0.844,0.373,145.995
181.16,245.0,3.0,0.0,0.471,0.8352,0.3642,145.88
181.17,245.0,3.0,0.0,0.471,0.8352,0.3642,146.058
181.18,245.0,3.0,0.0,0.471,0.844,0.373,145.88
181.19,245.0,3.0,0.0,0.471,0.8352,0.3642,145.96
181.2,245.0,3.0,0.0,0.471,0.8352,0.3642,145.865
181.21,245.0,3.0,0.0,0.471,0.8352,0.3642,145.977
181.22,245.0,3.0,0.0,0.471,0.8352,0.3642,145.947
181.23,245.0,3.0,0.0,0.471,0.844,0.373,146.042
181.24,245.0,3.0,0.0,0.471,0.8352,0.3642,145.961
181.25,245.0,3.0,0.0,0.471,0.8352,0.3642,146.042
181.26,245.0,3.0,0.0,0.471,0.8352,0.3642,145.914
181.27,245.0,3.0,0.0,0.471,0.8352,0.3642,145.865
181.28,245.0,3.0,0.0,0.471,0.8352,0.3642,146.026
181.29,245.0,3.0,0.0,0.471,0.8352,0.3642,145.929
181.3,245.0,3.0,0.0,0.471,0.8352,0.3642,146.01
181.31,245.0,3.0,0.0,0.471,0.844,0.373,145.898
181.32,245.0,3.0,0.0,0.471,0.844,0.373,146.009
181.33,245.0,3.0,0.0,0.471,0.8352,0.3642,145.947
181.34,245.0,3.0,0.0,0.471,0.844,0.373,145.993
181.35,245.0,3.0,0.0,0.471,0.844,0.373,146.123
181.36,245.0,3.0,0.0,0.471,0.844,0.373,145.93
181.37,245.0,3.0,0.0,0.471,0.844,0.373,146.01
181.38,245.0,3.0,0.0,0.471,0.844,0.373,145.833
181.39,245.0,3.0,0.0,0.471,0.844,0.373,145.946
181.4,245.0,3.0,0.0,0.471,0.8352,0.3642,146.059
181.41,245.0,3.0,0.0,0.471,0.844,0.373,146.027
181.42,245.0,3.0,0.0,0.471,0.8352,0.3642,145.945
181.43,245.0,3.0,0.0,0.471,0.8527,0.3817,146.107
181.44,245.0,3.0,0.0,0.471,0.844,0.373,146.092
181.45,245.0,3.0,0.0,0.471,0.844,0.373,145.882
181.46,245.0,3.0,0.0,0.471,0.8527,0.3817,145.914
181.47,245.0,3.0,0.0,0.471,0.8527,0.3817,145.816
181.48,245.0,3.0,0.0,0.471,0.8527,0.3817,145.88
181.49,245.0,3.0,0.0,0.471,0.8527,0.3817,146.026
181.5,245.0,3.0,0.0,0.471,0.8527,0.3817,146.139
181.51,245.0,3.0,0.0,0.471,0.844,0.373,146.01
181.52,245.0,3.0,0.0,0.471,0.844,0.373,145.914
181.53,245.0,3.0,0.0,0.471,0.844,0.373,145.898
181.54,245.0,3.0,0.0,0.471,0.844,0.373,145.945
181.55,245.0,3.0,0.0,0.471,0.844,0.373,145.897
181.56,245.0,3.0,0.0,0.471,0.844,0.373,146.01
181.57,245.0,3.0,0.0,0.471,0.844,0.373,145.946
181.58,245.0,3.0,0.0,0.471,0.844,0.373,145.898
181.59,245.0,3.0,0.0,0.471,0.844,0.373,145.802
181.6,245.0,3.0,0.0,0.471,0.8352,0.3642,145.639
181.61,245.0,3.0,0.0,0.471,0.8352,0.3642,145.897
181.62,245.0,3.0,0.0,0.471,0.8352,0.3642,145.929
181.63,245.0,3.0,0.0,0.471,0.8352,0.3642,146.058
181.64,245.0,3.0,0.0,0.471,0.8352,0.3642,145.978
181.65,245.0,3.0,0.0,0.471,0.8352,0.3642,145.832
181.66,245.0,3.0,0.0,0.471,0.8352,0.3642,145.929
181.67,245.0,3.0,0.0,0.471,0.8352,0.3642,145.865
181.68,245.0,3.0,0.0,0.471,0.8352,0.3642,145.977
181.69,245.0,3.0,0.0,0.471,0.8352,0.3642,145.978
181.7,245.0,3.0,0.0,0.471,0.8352,0.3642,145.914
181.71,245.0,3.0,0.0,0.471,0.8352,0.3642,146.009
181.72,245.0,3.0,0.0,0.471,0.8352,0.3642,145.817
181.73,245.0,3.0,0.0,0.471,0.844,0.373,145.881
181.74,245.0,3.0,0.0,0.471,0.844,0.373,145.961
181.75,245.0,3.0,0.0,0.471,0.8352,0.3642,145.962
181.76,245.0,3.0,0.0,0.471,0.8352,0.3642,145.93
181.77,245.0,3.0,0.0,0.471,0.8352,0.3642,145.866
181.78,245.0,3.0,0.0,0.471,0.8352,0.3642,145.913
181.79,245.0,3.0,0.0,0.471,0.8352,0.3642,145.833
181.8,245.0,3.0,0.0,0.471,0.8352,0.3642,145.93
181.81,245.0,3.0,0.0,0.471,0.8352,0.3642,145.882
181.82,245.0,3.0,0.0,0.471,0.8352,0.3642,145.946
181.83,245.0,3.0,0.0,0.471,0.8352,0.3642,146.042
181.84,245.0,3.0,0.0,0.471,0.8352,0.3642,146.074
181.85,245.0,3.0,0.0,0.471,0.8352,0.3642,145.962
181.86,245.0,3.0,0.0,0.471,0.8352,0.3642,146.026
181.87,245.0,3.0,0.0,0.471,0.8352,0.3642,145.913
181.88,245.0,3.0,0.0,0.471,0.8352,0.3642,145.945
181.89,245.0,3.0,0.0,0.471,0.8352,0.3642,145.961
181.9,245.0,3.0,0.0,0.471,0.8352,0.3642,145.93
181.91,245.0,3.0,0.0,0.471,0.844,0.373,145.897
181.92,245.0,3.0,0.0,0.471,0.844,0.373,145.72
181.93,245.0,3.0,0.0,0.471,0.844,0.373,145.977
181.94,245.0,3.0,0.0,0.471,0.8352,0.3642,146.027
181.95,245.0,3.0,0.0,0.471,0.8352,0.3642,146.027
181.96,245.0,3.0,0.0,0.471,0.8352,0.3642,146.026
181.97,245.0,3.0,0.0,0.471,0.8352,0.3642,145.865
181.98,245.0,3.0,0.0,0.471,0.8265,0.3555,146.027
181.99,245.0,3.0,0.0,0.471,0.8352,0.3642,146.011
182.0,245.0,3.0,0.0,0.471,0.8352,0.3642,146.044
182.01,245.0,3.0,0.0,0.471,0.844,0.373,145.93
182.02,245.0,3.0,0.0,0.471,0.844,0.373,145.913
182.03,245.0,3.0,0.0,0.471,0.844,0.373,146.091
182.04,245.0,3.0,0.0,0.471,0.8352,0.3642,145.995
182.05,245.0,3.0,0.0,0.471,0.8352,0.3642,145.995
182.06,245.0,3.0,0.0,0.471,0.844,0.373,146.026
182.07,245.0,3.0,0.0,0.471,0.844,0.373,145.784
182.08,245.0,3.0,0.0,0.471,0.8352,0.3642,145.995
182.09,245.0,3.0,0.0,0.471,0.844,0.373,145.961
182.1,245.0,3.0,0.0,0.471,0.844,0.373,145.816
182.11,245.0,3.0,0.0,0.471,0.844,0.373,145.881
182.12,245.0,3.0,0.0,0.471,0.8352,0.3642,145.8
182.13,245.0,3.0,0.0,0.471,0.844,0.373,146.074
182.14,245.0,3.0,0.0,0.471,0.844,0.373,146.011
182.15,245.0,3.0,0.0,0.471,0.8352,0.3642,145.865
182.16,245.0,3.0,0.0,0.471,0.844,0.373,145.832
182.17,245.0,3.0,0.0,0.471,0.8352,0.3642,145.913
182.18,245.0,3.0,0.0,0.471,0.8352,0.3642,145.93
182.19,245.0,3.0,0.0,0.471,0.8352,0.3642,145.979
182.2,245.0,3.0,0.0,0.471,0.8352,0.3642,145.948
182.21,245.0,3.0,0.0,0.471,0.8265,0.3555,145.993
182.22,245.0,3.0,0.0,0.471,0.8352,0.3642,146.042
182.23,245.0,3.0,0.0,0.471,0.844,0.373,146.01
182.24,245.0,3.0,0.0,0.471,0.8352,0.3642,145.929
182.25,245.0,3.0,0.0,0.471,0.8265,0.3555,145.849
182.26,245.0,3.0,0.0,0.471,0.8352,0.3642,145.945
182.27,245.0,3.0,0.0,0.471,0.8352,0.3642,145.961
182.28,245.0,3.0,0.0,0.471,0.8352,0.3642,146.009
182.29,245.0,3.0,0.0,0.471,0.8265,0.3555,145.931
182.3,245.0,3.0,0.0,0.471,0.8265,0.3555,145.897
182.31,245.0,3.0,0.0,0.471,0.8352,0.3642,145.85
182.32,245.0,3.0,0.0,0.471,0.8265,0.3555,145.863
182.33,245.0,3.0,0.0,0.471,0.8352,0.3642,145.913
182.34,245.0,3.0,0.0,0.471,0.8265,0.3555,145.945
182.35,245.0,3.0,0.0,0.471,0.8265,0.3555,145.898
182.36,245.0,3.0,0.0,0.471,0.8352,0.3642,145.961
182.37,245.0,3.0,0.0,0.471,0.8352,0.3642,145.945
182.38,245.0,3.0,0.0,0.471,0.8265,0.3555,146.058
182.39,245.0,3.0,0.0,0.471,0.8265,0.3555,146.011
182.4,245.0,3.0,0.0,0.471,0.8265,0.3555,146.01
182.41,245.0,3.0,0.0,0.471,0.8265,0.3555,146.043
182.42,245.0,3.0,0.0,0.471,0.8265,0.3555,145.898
182.43,245.0,3.0,0.0,0.471,0.8265,0.3555,145.801
182.44,245.0,3.0,0.0,0.471,0.8265,0.3555,145.913
182.45,245.0,3.0,0.0,0.471,0.8177,0.3467,145.752
182.46,245.0,3.0,0.0,0.471,0.8265,0.3555,146.009
182.47,245.0,3.0,0.0,0.471,0.8265,0.3555,145.914
182.48,245.0,3.0,0.0,0.471,0.8265,0.3555,145.993
182.49,245.0,3.0,0.0,0.471,0.8265,0.3555,145.946
182.5,245.0,3.0,0.0,0.471,0.8265,0.3555,145.961
182.51,245.0,3.0,0.0,0.471,0.8265,0.3555,145.898
182.52,245.0,3.0,0.0,0.471,0.8177,0.3467,145.913
182.53,245.0,3.0,0.0,0.471,0.8352,0.3642,145.962
182.54,245.0,3.0,0.0,0.471,0.8265,0.3555,145.977
182.55,245.0,3.0,0.0,0.471,0.8265,0.3555,145.929
182.56,245.0,3.0,0.0,0.471,0.8265,0.3555,145.881
182.57,245.0,3.0,0.0,0.471,0.8265,0.3555,145.768
182.58,245.0,3.0,0.0,0.471,0.8352,0.3642,145.978
182.59,245.0,3.0,0.0,0.471,0.8265,0.3555,146.026
182.6,245.0,3.0,0.0,0.471,0.8352,0.3642,145.817
182.61,245.0,3.0,0.0,0.471,0.8352,0.3642,145.928
182.62,245.0,3.0,0.0,0.471,0.8352,0.3642,145.865
182.63,245.0,3.0,0.0,0.471,0.8352,0.3642,145.914
182.64,245.0,3.0,0.0,0.471,0.8352,0.3642,145.993
182.65,245.0,3.0,0.0,0.471,0.8265,0.3555,145.801
182.66,245.0,3.0,0.0,0.471,0.8352,0.3642,145.897
182.67,245.0,3.0,0.0,0.471,0.8352,0.3642,145.864
182.68,245.0,3.0,0.0,0.471,0.844,0.373,145.944
182.69,245.0,3.0,0.0,0.471,0.844,0.373,145.897
182.7,245.0,3.0,0.0,0.471,0.8352,0.3642,145.817
182.71,245.0,3.0,0.0,0.471,0.844,0.373,145.977
182.72,245.0,3.0,0.0,0.471,0.8352,0.3642,145.978
182.73,245.0,3.0,0.0,0.471,0.844,0.373,145.818
182.74,245.0,3.0,0.0,0.471,0.844,0.373,145.961
182.75,245.0,3.0,0.0,0.471,0.8352,0.3642,145.8
182.76,245.0,3.0,0.0,0.471,0.8352,0.3642,145.896
182.77,245.0,3.0,0.0,0.471,0.8352,0.3642,145.817
182.78,245.0,3.0,0.0,0.471,0.8352,0.3642,145.945
182.79,245.0,3.0,0.0,0.471,0.8352,0.3642,145.977
182.8,245.0,3.0,0.0,0.471,0.8352,0.3642,145.849
182.81,245.0,3.0,0.0,0.471,0.8352,0.3642,146.009
182.82,245.0,3.0,0.0,0.471,0.8352,0.3642,145.897
182.83,245.0,3.0,0.0,0.471,0.8265,0.3555,145.866
182.84,245.0,3.0,0.0,0.471,0.8265,0.3555,146.009
182.85,245.0,3.0,0.0,0.471,0.8265,0.3555,145.768
182.86,245.0,3.0,0.0,0.471,0.8352,0.3642,145.896
182.87,245.0,3.0,0.0,0.471,0.844,0.373,145.815
182.88,245.0,3.0,0.0,0.471,0.844,0.373,145.785
182.89,245.0,3.0,0.0,0.471,0.8352,0.3642,146.058
182.9,245.0,3.0,0.0,0.471,0.8352,0.3642,145.929
182.91,245.0,3.0,0.0,0.471,0.8352,0.3642,145.993
182.92,245.0,3.0,0.0,0.471,0.8352,0.3642,145.849
182.93,245.0,3.0,0.0,0.471,0.8265,0.3555,145.994
182.94,245.0,3.0,0.0,0.471,0.8352,0.3642,146.107
182.95,245.0,3.0,0.0,0.471,0.8265,0.3555,145.817
182.96,245.0,3.0,0.0,0.471,0.844,0.373,145.993
182.97,245.0,3.0,0.0,0.471,0.8265,0.3555,145.849
182.98,245.0,3.0,0.0,0.471,0.844,0.373,145.881
182.99,245.0,3.0,0.0,0.471,0.844,0.373,145.977
183.0,245.0,3.0,0.0,0.471,0.844,0.373,145.898
183.01,245.0,3.0,0.0,0.471,0.8265,0.3555,146.009
183.02,245.0,3.0,0.0,0.471,0.8352,0.3642,145.995
183.03,245.0,3.0,0.0,0.471,0.8265,0.3555,145.978
183.04,245.0,3.0,0.0,0.471,0.8265,0.3555,145.913
183.05,245.0,3.0,0.0,0.471,0.8352,0.3642,145.898
183.06,245.0,3.0,0.0,0.471,0.8265,0.3555,145.944
183.07,245.0,3.0,0.0,0.471,0.8265,0.3555,145.945
183.08,245.0,3.0,0.0,0.471,0.8352,0.3642,145.977
183.09,245.0,3.0,0.0,0.471,0.8352,0.3642,145.913
183.1,245.0,3.0,0.0,0.471,0.8265,0.3555,145.849
183.11,245.0,3.0,0.0,0.471,0.8265,0.3555,145.945
183.12,245.0,3.0,0.0,0.471,0.8352,0.3642,145.866
183.13,245.0,3.0,0.0,0.471,0.844,0.373,146.042
183.14,245.0,3.0,0.0,0.471,0.8352,0.3642,145.994
183.15,245.0,3.0,0.0,0.471,0.8265,0.3555,145.849
183.16,245.0,3.0,0.0,0.471,0.8265,0.3555,145.784
183.17,245.0,3.0,0.0,0.471,0.8352,0.3642,145.8
183.18,245.0,3.0,0.0,0.471,0.8352,0.3642,145.815
183.19,245.0,3.0,0.0,0.471,0.8265,0.3555,145.769
183.2,245.0,3.0,0.0,0.471,0.8352,0.3642,145.929
183.21,245.0,3.0,0.0,0.471,0.8352,0.3642,146.075
183.22,245.0,3.0,0.0,0.471,0.8352,0.3642,145.768
183.23,245.0,3.0,0.0,0.471,0.8352,0.3642,145.865
183.24,245.0,3.0,0.0,0.471,0.8352,0.3642,145.977
183.25,245.0,3.0,0.0,0.471,0.8352,0.3642,146.059
183.26,245.0,3.0,0.0,0.471,0.844,0.373,145.962
183.27,245.0,3.0,0.0,0.471,0.8352,0.3642,145.832
183.28,245.0,3.0,0.0,0.471,0.8352,0.3642,145.895
183.29,245.0,3.0,0.0,0.471,0.8352,0.3642,145.833
183.3,245.0,3.0,0.0,0.471,0.8352,0.3642,145.929
183.31,245.0,3.0,0.0,0.471,0.8352,0.3642,145.882
183.32,245.0,3.0,0.0,0.471,0.844,0.373,145.881
183.33,245.0,3.0,0.0,0.471,0.8352,0.3642,145.896
183.34,245.0,3.0,0.0,0.471,0.8352,0.3642,145.849
183.35,245.0,3.0,0.0,0.471,0.844,0.373,145.816
183.36,245.0,3.0,0.0,0.471,0.8352,0.3642,145.832
183.37,245.0,3.0,0.0,0.471,0.8352,0.3642,145.688
183.38,245.0,3.0,0.0,0.471,0.8352,0.3642,145.946
183.39,245.0,3.0,0.0,0.471,0.8352,0.3642,145.93
183.4,245.0,3.0,0.0,0.471,0.8352,0.3642,145.833
183.41,245.0,3.0,0.0,0.471,0.8352,0.3642,145.849
183.42,245.0,3.0,0.0,0.471,0.8352,0.3642,145.962
183.43,245.0,3.0,0.0,0.471,0.8352,0.3642,145.914
183.44,245.0,3.0,0.0,0.471,0.8352,0.3642,145.946
183.45,245.0,3.0,0.0,0.471,0.8352,0.3642,145.913
183.46,245.0,3.0,0.0,0.471,0.844,0.373,146.009
183.47,245.0,3.0,0.0,0.471,0.844,0.373,145.817
183.48,245.0,3.0,0.0,0.471,0.844,0.373,145.832
183.49,245.0,3.0,0.0,0.471,0.844,0.373,145.896
183.5,245.0,3.0,0.0,0.471,0.8352,0.3642,145.85
183.51,245.0,3.0,0.0,0.471,0.8352,0.3642,145.912
183.52,245.0,3.0,0.0,0.471,0.844,0.373,145.817
183.53,245.0,3.0,0.0,0.471,0.8352,0.3642,145.961
183.54,245.0,3.0,0.0,0.471,0.844,0.373,145.946
183.55,245.0,3.0,0.0,0.471,0.844,0.373,145.801
183.56,245.0,3.0,0.0,0.471,0.8352,0.3642,145.881
183.57,245.0,3.0,0.0,0.471,0.844,0.373,145.816
183.58,245.0,3.0,0.0,0.471,0.8352,0.3642,145.896
183.59,245.0,3.0,0.0,0.471,0.8352,0.3642,145.864
183.6,245.0,3.0,0.0,0.471,0.844,0.373,145.993
183.61,245.0,3.0,0.0,0.471,0.8265,0.3555,145.913
183.62,245.0,3.0,0.0,0.471,0.844,0.373,145.896
183.63,245.0,3.0,0.0,0.471,0.8265,0.3555,145.881
183.64,245.0,3.0,0.0,0.471,0.8265,0.3555,145.848
183.65,245.0,3.0,0.0,0.471,0.8352,0.3642,145.848
183.66,245.0,3.0,0.0,0.471,0.8265,0.3555,145.946
183.67,245.0,3.0,0.0,0.471,0.8265,0.3555,145.784
183.68,245.0,3.0,0.0,0.471,0.844,0.373,145.929
183.69,245.0,3.0,0.0,0.471,0.8352,0.3642,145.929
183.7,245.0,3.0,0.0,0.471,0.8265,0.3555,145.8
183.71,245.0,3.0,0.0,0.471,0.8265,0.3555,145.88
183.72,245.0,3.0,0.0,0.471,0.8265,0.3555,145.832
183.73,245.0,3.0,0.0,0.471,0.8265,0.3555,145.897
183.74,245.0,3.0,0.0,0.471,0.8265,0.3555,145.913
183.75,245.0,3.0,0.0,0.471,0.8352,0.3642,145.735
183.76,245.0,3.0,0.0,0.471,0.8265,0.3555,145.735
183.77,245.0,3.0,0.0,0.471,0.8265,0.3555,146.091
183.78,245.0,3.0,0.0,0.471,0.8265,0.3555,145.978
183.79,245.0,3.0,0.0,0.471,0.8265,0.3555,145.993
183.8,245.0,3.0,0.0,0.471,0.8265,0.3555,145.769
183.81,245.0,3.0,0.0,0.471,0.8265,0.3555,145.912
183.82,245.0,3.0,0.0,0.471,0.844,0.373,145.784
183.83,245.0,3.0,0.0,0.471,0.8265,0.3555,145.929
183.84,245.0,3.0,0.0,0.471,0.8352,0.3642,145.944
183.85,245.0,3.0,0.0,0.471,0.8265,0.3555,146.075
183.86,245.0,3.0,0.0,0.471,0.8352,0.3642,145.947
183.87,245.0,3.0,0.0,0.471,0.8265,0.3555,145.961
183.88,245.0,3.0,0.0,0.471,0.8265,0.3555,145.769
183.89,245.0,3.0,0.0,0.471,0.8352,0.3642,145.879
183.9,245.0,3.0,0.0,0.471,0.8352,0.3642,145.896
183.91,245.0,3.0,0.0,0.471,0.8352,0.3642,145.896
183.92,245.0,3.0,0.0,0.471,0.8352,0.3642,145.784
183.93,245.0,3.0,0.0,0.471,0.8352,0.3642,145.833
183.94,245.0,3.0,0.0,0.471,0.844,0.373,145.801
183.95,245.0,3.0,0.0,0.471,0.844,0.373,145.768
183.96,245.0,3.0,0.0,0.471,0.8352,0.3642,146.01
183.97,245.0,3.0,0.0,0.471,0.8352,0.3642,145.945
183.98,245.0,3.0,0.0,0.471,0.844,0.373,145.802
183.99,245.0,3.0,0.0,0.471,0.844,0.373,145.88
184.0,245.0,3.0,0.0,0.471,0.8352,0.3642,145.688
184.01,245.0,3.0,0.0,0.471,0.844,0.373,145.864
184.02,245.0,3.0,0.0,0.471,0.8352,0.3642,145.848
184.03,245.0,3.0,0.0,0.471,0.8352,0.3642,145.784
184.04,245.0,3.0,0.0,0.471,0.844,0.373,145.898
184.05,245.0,3.0,0.0,0.471,0.844,0.373,145.85
184.06,245.0,3.0,0.0,0.471,0.844,0.373,145.864
184.07,245.0,3.0,0.0,0.471,0.8352,0.3642,145.735
184.08,245.0,3.0,0.0,0.471,0.844,0.373,145.865
184.09,245.0,3.0,0.0,0.471,0.8265,0.3555,145.864
184.1,245.0,3.0,0.0,0.471,0.844,0.373,145.945
184.11,245.0,3.0,0.0,0.471,0.8265,0.3555,146.026
184.12,245.0,3.0,0.0,0.471,0.8265,0.3555,145.946
184.13,245.0,3.0,0.0,0.471,0.8265,0.3555,145.864
184.14,245.0,3.0,0.0,0.471,0.8352,0.3642,145.962
184.15,245.0,3.0,0.0,0.471,0.8265,0.3555,145.736
184.16,245.0,3.0,0.0,0.471,0.8352,0.3642,145.977
184.17,245.0,3.0,0.0,0.471,0.8352,0.3642,145.768
184.18,245.0,3.0,0.0,0.471,0.8352,0.3642,145.88
184.19,245.0,3.0,0.0,0.471,0.8352,0.3642,145.865
184.2,245.0,3.0,0.0,0.471,0.8352,0.3642,145.818
184.21,245.0,3.0,0.0,0.471,0.844,0.373,145.849
184.22,245.0,3.0,0.0,0.471,0.8352,0.3642,145.913
184.23,245.0,3.0,0.0,0.471,0.844,0.373,145.704
184.24,245.0,3.0,0.0,0.471,0.844,0.373,145.928
184.25,245.0,3.0,0.0,0.471,0.844,0.373,145.928
184.26,245.0,3.0,0.0,0.471,0.844,0.373,145.801
184.27,245.0,3.0,0.0,0.471,0.844,0.373,145.864
184.28,245.0,3.0,0.0,0.471,0.844,0.373,145.912
184.29,245.0,3.0,0.0,0.471,0.844,0.373,145.928
184.3,245.0,3.0,0.0,0.471,0.8527,0.3817,145.799
184.31,245.0,3.0,0.0,0.471,0.844,0.373,145.847
184.32,245.0,3.0,0.0,0.471,0.844,0.373,145.945
184.33,245.0,3.0,0.0,0.471,0.8352,0.3642,145.883
184.34,245.0,3.0,0.0,0.471,0.8352,0.3642,145.88
184.35,245.0,3.0,0.0,0.471,0.8352,0.3642,145.768
184.36,245.0,3.0,0.0,0.471,0.8352,0.3642,145.88
184.37,245.0,3.0,0.0,0.471,0.8352,0.3642,145.704
184.38,245.0,3.0,0.0,0.471,0.8352,0.3642,145.946
184.39,245.0,3.0,0.0,0.471,0.8352,0.3642,145.962
184.4,245.0,3.0,0.0,0.471,0.8352,0.3642,145.93
184.41,245.0,3.0,0.0,0.471,0.8352,0.3642,145.882
184.42,245.0,3.0,0.0,0.471,0.8265,0.3555,145.622
184.43,245.0,3.0,0.0,0.471,0.8265,0.3555,145.912
184.44,245.0,3.0,0.0,0.471,0.8352,0.3642,145.799
184.45,245.0,3.0,0.0,0.471,0.8265,0.3555,145.816
184.46,245.0,3.0,0.0,0.471,0.8265,0.3555,146.026
184.47,245.0,3.0,0.0,0.471,0.8352,0.3642,145.8
184.48,245.0,3.0,0.0,0.471,0.8265,0.3555,145.865
184.49,245.0,3.0,0.0,0.471,0.8265,0.3555,145.8
184.5,245.0,3.0,0.0,0.471,0.8265,0.3555,145.914
184.51,245.0,3.0,0.0,0.471,0.8352,0.3642,145.978
184.52,245.0,3.0,0.0,0.471,0.8265,0.3555,145.898
184.53,245.0,3.0,0.0,0.471,0.8265,0.3555,145.897
184.54,245.0,3.0,0.0,0.471,0.8265,0.3555,145.622
184.55,245.0,3.0,0.0,0.471,0.8352,0.3642,145.734
184.56,245.0,3.0,0.0,0.471,0.8265,0.3555,145.944
184.57,245.0,3.0,0.0,0.471,0.8265,0.3555,145.945
184.58,245.0,3.0,0.0,0.471,0.8352,0.3642,145.961
184.59,245.0,3.0,0.0,0.471,0.844,0.373,145.848
184.6,245.0,3.0,0.0,0.471,0.8352,0.3642,145.704
184.61,245.0,3.0,0.0,0.471,0.8265,0.3555,146.042
184.62,245.0,3.0,0.0,0.471,0.8352,0.3642,145.849
184.63,245.0,3.0,0.0,0.471,0.8352,0.3642,145.881
184.64,245.0,3.0,0.0,0.471,0.8352,0.3642,145.912
184.65,245.0,3.0,0.0,0.471,0.8352,0.3642,145.882
184.66,245.0,3.0,0.0,0.471,0.844,0.373,145.928
184.67,245.0,3.0,0.0,0.471,0.844,0.373,145.752
184.68,245.0,3.0,0.0,0.471,0.8352,0.3642,145.847
184.69,245.0,3.0,0.0,0.471,0.844,0.373,145.833
184.7,245.0,3.0,0.0,0.471,0.8352,0.3642,145.929
184.71,245.0,3.0,0.0,0.471,0.8352,0.3642,146.059
184.72,245.0,3.0,0.0,0.471,0.8352,0.3642,145.753
184.73,245.0,3.0,0.0,0.471,0.8352,0.3642,145.816
184.74,245.0,3.0,0.0,0.471,0.8352,0.3642,145.801
184.75,245.0,3.0,0.0,0.471,0.8352,0.3642,145.831
184.76,245.0,3.0,0.0,0.471,0.8352,0.3642,145.719
184.77,245.0,3.0,0.0,0.471,0.8352,0.3642,145.687
184.78,245.0,3.0,0.0,0.471,0.8265,0.3555,145.848
184.79,245.0,3.0,0.0,0.471,0.8352,0.3642,145.879
184.8,245.0,3.0,0.0,0.471,0.844,0.373,145.816
184.81,245.0,3.0,0.0,0.471,0.844,0.373,145.929
184.82,245.0,3.0,0.0,0.471,0.8352,0.3642,145.898
184.83,245.0,3.0,0.0,0.471,0.844,0.373,145.898
184.84,245.0,3.0,0.0,0.471,0.844,0.373,145.752
184.85,245.0,3.0,0.0,0.471,0.844,0.373,145.687
184.86,245.0,3.0,0.0,0.471,0.844,0.373,145.801
184.87,245.0,3.0,0.0,0.471,0.8527,0.3817,145.848
184.88,245.0,3.0,0.0,0.471,0.8527,0.3817,145.848
184.89,245.0,3.0,0.0,0.471,0.844,0.373,145.8
184.9,245.0,3.0,0.0,0.471,0.8527,0.3817,145.816
184.91,245.0,3.0,0.0,0.471,0.8527,0.3817,145.8
184.92,245.0,3.0,0.0,0.471,0.844,0.373,145.816
184.93,245.0,3.0,0.0,0.471,0.8527,0.3817,145.672
184.94,245.0,3.0,0.0,0.471,0.844,0.373,145.8
184.95,245.0,3.0,0.0,0.471,0.8527,0.3817,145.849
184.96,245.0,3.0,0.0,0.471,0.844,0.373,146.091
184.97,245.0,3.0,0.0,0.471,0.8527,0.3817,145.703
184.98,245.0,3.0,0.0,0.471,0.8527,0.3817,145.751
184.99,245.0,3.0,0.0,0.471,0.844,0.373,145.72
185.0,245.0,3.0,0.0,0.471,0.8352,0.3642,145.801
185.01,245.0,3.0,0.0,0.471,0.844,0.373,145.865
185.02,245.0,3.0,0.0,0.471,0.8352,0.3642,145.85
185.03,245.0,3.0,0.0,0.471,0.8352,0.3642,145.945
185.04,245.0,3.0,0.0,0.471,0.8352,0.3642,145.929
185.05,245.0,3.0,0.0,0.471,0.8352,0.3642,145.946
185.06,245.0,3.0,0.0,0.471,0.844,0.373,145.833
185.07,245.0,3.0,0.0,0.471,0.8352,0.3642,145.847
185.08,245.0,3.0,0.0,0.471,0.844,0.373,145.865
185.09,245.0,3.0,0.0,0.471,0.844,0.373,145.912
185.1,245.0,3.0,0.0,0.471,0.844,0.373,145.752
185.11,245.0,3.0,0.0,0.471,0.8352,0.3642,145.817
185.12,245.0,3.0,0.0,0.471,0.8352,0.3642,145.945
185.13,245.0,3.0,0.0,0.471,0.8352,0.3642,145.816
185.14,245.0,3.0,0.0,0.471,0.844,0.373,145.864
185.15,245.0,3.0,0.0,0.471,0.844,0.373,145.896
185.16,245.0,3.0,0.0,0.471,0.8527,0.3817,145.88
185.17,245.0,3.0,0.0,0.471,0.8527,0.3817,145.994
185.18,245.0,3.0,0.0,0.471,0.844,0.373,145.898
185.19,245.0,3.0,0.0,0.471,0.844,0.373,145.816
185.2,245.0,3.0,0.0,0.471,0.8527,0.3817,145.816
185.21,245.0,3.0,0.0,0.471,0.8527,0.3817,145.848
185.22,245.0,3.0,0.0,0.471,0.8527,0.3817,145.881
185.23,245.0,3.0,0.0,0.471,0.8527,0.3817,145.929
185.24,245.0,3.0,0.0,0.471,0.8527,0.3817,145.976
185.25,245.0,3.0,0.0,0.471,0.8527,0.3817,145.817
185.26,245.0,3.0,0.0,0.471,0.8527,0.3817,145.895
185.27,245.0,3.0,0.0,0.471,0.8527,0.3817,145.72
185.28,245.0,3.0,0.0,0.471,0.8527,0.3817,145.994
185.29,245.0,3.0,0.0,0.471,0.8615,0.3905,145.88
185.3,245.0,3.0,0.0,0.471,0.844,0.373,145.688
185.31,245.0,3.0,0.0,0.471,0.844,0.373,145.866
185.32,245.0,3.0,0.0,0.471,0.844,0.373,145.801
185.33,245.0,3.0,0.0,0.471,0.8527,0.3817,145.752
185.34,245.0,3.0,0.0,0.471,0.844,0.373,145.929
185.35,245.0,3.0,0.0,0.471,0.844,0.373,145.865
185.36,245.0,3.0,0.0,0.471,0.8527,0.3817,145.978
185.37,245.0,3.0,0.0,0.471,0.844,0.373,145.962
185.38,245.0,3.0,0.0,0.471,0.844,0.373,145.834
185.39,245.0,3.0,0.0,0.471,0.8527,0.3817,145.752
185.4,245.0,3.0,0.0,0.471,0.844,0.373,145.767
185.41,245.0,3.0,0.0,0.471,0.844,0.373,145.688
185.42,245.0,3.0,0.0,0.471,0.8527,0.3817,145.898
185.43,245.0,3.0,0.0,0.471,0.844,0.373,145.897
185.44,245.0,3.0,0.0,0.471,0.8527,0.3817,145.736
185.45,245.0,3.0,0.0,0.471,0.844,0.373,145.865
185.46,245.0,3.0,0.0,0.471,0.8527,0.3817,145.85
185.47,245.0,3.0,0.0,0.471,0.844,0.373,145.88
185.48,245.0,3.0,0.0,0.471,0.844,0.373,145.687
185.49,245.0,3.0,0.0,0.471,0.844,0.373,145.849
185.5,245.0,3.0,0.0,0.471,0.8527,0.3817,145.783
185.51,245.0,3.0,0.0,0.471,0.8527,0.3817,145.863
185.52,245.0,3.0,0.0,0.471,0.8527,0.3817,145.769
185.53,245.0,3.0,0.0,0.471,0.8527,0.3817,145.913
185.54,245.0,3.0,0.0,0.471,0.8527,0.3817,145.865
185.55,245.0,3.0,0.0,0.471,0.8527,0.3817,145.783
185.56,245.0,3.0,0.0,0.471,0.844,0.373,145.911
185.57,245.0,3.0,0.0,0.471,0.844,0.373,145.719
185.58,245.0,3.0,0.0,0.471,0.8527,0.3817,145.849
185.59,245.0,3.0,0.0,0.471,0.844,0.373,145.784
185.6,245.0,3.0,0.0,0.471,0.844,0.373,145.864
185.61,245.0,3.0,0.0,0.471,0.8527,0.3817,145.977
185.62,245.0,3.0,0.0,0.471,0.844,0.373,145.753
185.63,245.0,3.0,0.0,0.471,0.8527,0.3817,145.783
185.64,245.0,3.0,0.0,0.471,0.844,0.373,145.864
185.65,245.0,3.0,0.0,0.471,0.8527,0.3817,145.897
185.66,245.0,3.0,0.0,0.471,0.8527,0.3817,145.88
185.67,245.0,3.0,0.0,0.471,0.844,0.373,145.768
185.68,245.0,3.0,0.0,0.471,0.8527,0.3817,145.88
185.69,245.0,3.0,0.0,0.471,0.844,0.373,145.912
185.7,245.0,3.0,0.0,0.471,0.8615,0.3905,145.703
185.71,245.0,3.0,0.0,0.471,0.844,0.373,145.751
185.72,245.0,3.0,0.0,0.471,0.8527,0.3817,145.752
185.73,245.0,3.0,0.0,0.471,0.844,0.373,145.864
185.74,245.0,3.0,0.0,0.471,0.8527,0.3817,145.849
185.75,245.0,3.0,0.0,0.471,0.8527,0.3817,145.897
185.76,245.0,3.0,0.0,0.471,0.844,0.373,146.025
185.77,245.0,3.0,0.0,0.471,0.844,0.373,145.736
185.78,245.0,3.0,0.0,0.471,0.844,0.373,145.784
185.79,245.0,3.0,0.0,0.471,0.844,0.373,145.88
185.8,245.0,3.0,0.0,0.471,0.844,0.373,145.687
185.81,245.0,3.0,0.0,0.471,0.844,0.373,145.977
185.82,245.0,3.0,0.0,0.471,0.844,0.373,145.783
185.83,245.0,3.0,0.0,0.471,0.8527,0.3817,145.896
185.84,245.0,3.0,0.0,0.471,0.8527,0.3817,145.769
185.85,245.0,3.0,0.0,0.471,0.8527,0.3817,145.831
185.86,245.0,3.0,0.0,0.471,0.8527,0.3817,145.768
185.87,245.0,3.0,0.0,0.471,0.8527,0.3817,145.816
185.88,245.0,3.0,0.0,0.471,0.8527,0.3817,145.72
185.89,245.0,3.0,0.0,0.471,0.8527,0.3817,145.833
185.9,245.0,3.0,0.0,0.471,0.8527,0.3817,145.737
185.91,245.0,3.0,0.0,0.471,0.8527,0.3817,145.768
185.92,245.0,3.0,0.0,0.471,0.8527,0.3817,145.769
185.93,245.0,3.0,0.0,0.471,0.8527,0.3817,145.847
185.94,245.0,3.0,0.0,0.471,0.8527,0.3817,145.944
185.95,245.0,3.0,0.0,0.471,0.844,0.373,145.817
185.96,245.0,3.0,0.0,0.471,0.8527,0.3817,145.832
185.97,245.0,3.0,0.0,0.471,0.844,0.373,145.785
185.98,245.0,3.0,0.0,0.471,0.844,0.373,145.799
185.99,245.0,3.0,0.0,0.471,0.8527,0.3817,145.767
186.0,245.0,3.0,0.0,0.471,0.844,0.373,145.896
186.01,245.0,3.0,0.0,0.471,0.844,0.373,145.816
186.02,245.0,3.0,0.0,0.471,0.844,0.373,145.816
186.03,245.0,3.0,0.0,0.471,0.844,0.373,145.896
186.04,245.0,3.0,0.0,0.471,0.844,0.373,145.816
186.05,245.0,3.0,0.0,0.471,0.844,0.373,145.816
186.06,245.0,3.0,0.0,0.471,0.8352,0.3642,145.929
186.07,245.0,3.0,0.0,0.471,0.844,0.373,145.864
186.08,245.0,3.0,0.0,0.471,0.844,0.373,145.896
186.09,245.0,3.0,0.0,0.471,0.844,0.373,145.865
186.1,245.0,3.0,0.0,0.471,0.844,0.373,145.768
186.11,245.0,3.0,0.0,0.471,0.844,0.373,145.928
186.12,245.0,3.0,0.0,0.471,0.844,0.373,145.848
186.13,245.0,3.0,0.0,0.471,0.844,0.373,145.896
186.14,245.0,3.0,0.0,0.471,0.844,0.373,145.945
186.15,245.0,3.0,0.0,0.471,0.844,0.373,145.72
186.16,245.0,3.0,0.0,0.471,0.844,0.373,145.928
186.17,245.0,3.0,0.0,0.471,0.844,0.373,145.655
186.18,245.0,3.0,0.0,0.471,0.8352,0.3642,145.751
186.19,245.0,3.0,0.0,0.471,0.8352,0.3642,145.945
186.2,245.0,3.0,0.0,0.471,0.8352,0.3642,145.881
186.21,245.0,3.0,0.0,0.471,0.844,0.373,145.93
186.22,245.0,3.0,0.0,0.471,0.8352,0.3642,145.864
186.23,245.0,3.0,0.0,0.471,0.8352,0.3642,145.8
186.24,245.0,3.0,0.0,0.471,0.844,0.373,145.848
186.25,245.0,3.0,0.0,0.471,0.844,0.373,145.8
186.26,245.0,3.0,0.0,0.471,0.8265,0.3555,145.832
186.27,245.0,3.0,0.0,0.471,0.8352,0.3642,145.784
186.28,245.0,3.0,0.0,0.471,0.8352,0.3642,145.88
186.29,245.0,3.0,0.0,0.471,0.8352,0.3642,145.849
186.3,245.0,3.0,0.0,0.471,0.8352,0.3642,145.785
186.31,245.0,3.0,0.0,0.471,0.844,0.373,145.816
186.32,245.0,3.0,0.0,0.471,0.8352,0.3642,145.769
186.33,245.0,3.0,0.0,0.471,0.844,0.373,145.961
186.34,245.0,3.0,0.0,0.471,0.8352,0.3642,145.914
186.35,245.0,3.0,0.0,0.471,0.8352,0.3642,145.672
186.36,245.0,3.0,0.0,0.471,0.8527,0.3817,145.913
186.37,245.0,3.0,0.0,0.471,0.8352,0.3642,145.735
186.38,245.0,3.0,0.0,0.471,0.844,0.373,145.816
186.39,245.0,3.0,0.0,0.471,0.844,0.373,145.912
186.4,245.0,3.0,0.0,0.471,0.844,0.373,145.753
186.41,245.0,3.0,0.0,0.471,0.844,0.373,145.881
186.42,245.0,3.0,0.0,0.471,0.8352,0.3642,145.849
186.43,245.0,3.0,0.0,0.471,0.8352,0.3642,145.848
186.44,245.0,3.0,0.0,0.471,0.844,0.373,145.929
186.45,245.0,3.0,0.0,0.471,0.844,0.373,145.751
186.46,245.0,3.0,0.0,0.471,0.844,0.373,145.944
186.47,245.0,3.0,0.0,0.471,0.844,0.373,145.8
186.48,245.0,3.0,0.0,0.471,0.844,0.373,145.799
186.49,245.0,3.0,0.0,0.471,0.844,0.373,145.815
186.5,245.0,3.0,0.0,0.471,0.844,0.373,145.72
186.51,245.0,3.0,0.0,0.471,0.8527,0.3817,145.896
186.52,245.0,3.0,0.0,0.471,0.844,0.373,145.849
186.53,245.0,3.0,0.0,0.471,0.844,0.373,145.768
186.54,245.0,3.0,0.0,0.471,0.844,0.373,145.832
186.55,245.0,3.0,0.0,0.471,0.844,0.373,145.752
186.56,245.0,3.0,0.0,0.471,0.844,0.373,145.993
186.57,245.0,3.0,0.0,0.471,0.844,0.373,145.817
186.58,245.0,3.0,0.0,0.471,0.844,0.373,145.847
186.59,245.0,3.0,0.0,0.471,0.844,0.373,145.911
186.6,245.0,3.0,0.0,0.471,0.844,0.373,145.719
186.61,245.0,3.0,0.0,0.471,0.8352,0.3642,145.866
186.62,245.0,3.0,0.0,0.471,0.8352,0.3642,145.703
186.63,245.0,3.0,0.0,0.471,0.8527,0.3817,145.717
186.64,245.0,3.0,0.0,0.471,0.8527,0.3817,145.816
186.65,245.0,3.0,0.0,0.471,0.8527,0.3817,145.623
186.66,245.0,3.0,0.0,0.471,0.844,0.373,145.945
186.67,245.0,3.0,0.0,0.471,0.8527,0.3817,145.899
186.68,245.0,3.0,0.0,0.471,0.8527,0.3817,145.672
186.69,245.0,3.0,0.0,0.471,0.844,0.373,145.865
186.7,245.0,3.0,0.0,0.471,0.8352,0.3642,145.96
186.71,245.0,3.0,0.0,0.471,0.8527,0.3817,145.833
186.72,245.0,3.0,0.0,0.471,0.844,0.373,145.816
186.73,245.0,3.0,0.0,0.471,0.8352,0.3642,145.816
186.74,245.0,3.0,0.0,0.471,0.8352,0.3642,145.801
186.75,245.0,3.0,0.0,0.471,0.844,0.373,145.848
186.76,245.0,3.0,0.0,0.471,0.8352,0.3642,145.816
186.77,245.0,3.0,0.0,0.471,0.844,0.373,145.784
186.78,245.0,3.0,0.0,0.471,0.844,0.373,145.864
186.79,245.0,3.0,0.0,0.471,0.8527,0.3817,145.832
186.8,245.0,3.0,0.0,0.471,0.8527,0.3817,145.752
186.81,245.0,3.0,0.0,0.471,0.844,0.373,145.896
186.82,245.0,3.0,0.0,0.471,0.8527,0.3817,145.767
186.83,245.0,3.0,0.0,0.471,0.8527,0.3817,145.849
186.84,245.0,3.0,0.0,0.471,0.844,0.373,145.622
186.85,245.0,3.0,0.0,0.471,0.844,0.373,145.848
186.86,245.0,3.0,0.0,0.471,0.8527,0.3817,145.993
186.87,245.0,3.0,0.0,0.471,0.844,0.373,145.736
186.88,245.0,3.0,0.0,0.471,0.8527,0.3817,145.752
186.89,245.0,3.0,0.0,0.471,0.844,0.373,145.766
186.9,245.0,3.0,0.0,0.471,0.844,0.373,145.735
186.91,245.0,3.0,0.0,0.471,0.8527,0.3817,145.832
186.92,245.0,3.0,0.0,0.471,0.844,0.373,145.8
186.93,245.0,3.0,0.0,0.471,0.8527,0.3817,145.849
186.94,245.0,3.0,0.0,0.471,0.844,0.373,145.879
186.95,245.0,3.0,0.0,0.471,0.844,0.373,145.704
186.96,245.0,3.0,0.0,0.471,0.844,0.373,145.831
186.97,245.0,3.0,0.0,0.471,0.844,0.373,145.848
186.98,245.0,3.0,0.0,0.471,0.844,0.373,145.896
186.99,245.0,3.0,0.0,0.471,0.844,0.373,145.88
187.0,245.0,3.0,0.0,0.471,0.8527,0.3817,145.768
187.01,245.0,3.0,0.0,0.471,0.8527,0.3817,145.849
187.02,245.0,3.0,0.0,0.471,0.844,0.373,145.8
187.03,245.0,3.0,0.0,0.471,0.844,0.373,145.736
187.04,245.0,3.0,0.0,0.471,0.844,0.373,145.736
187.05,245.0,3.0,0.0,0.471,0.844,0.373,145.768
187.06,245.0,3.0,0.0,0.471,0.844,0.373,146.009
187.07,245.0,3.0,0.0,0.471,0.844,0.373,145.72
187.08,245.0,3.0,0.0,0.471,0.8527,0.3817,145.784
187.09,245.0,3.0,0.0,0.471,0.844,0.373,145.946
187.1,245.0,3.0,0.0,0.471,0.8527,0.3817,145.784
187.11,245.0,3.0,0.0,0.471,0.844,0.373,145.848
187.12,245.0,3.0,0.0,0.471,0.844,0.373,145.833
187.13,245.0,3.0,0.0,0.471,0.844,0.373,145.784
187.14,245.0,3.0,0.0,0.471,0.844,0.373,145.913
187.15,245.0,3.0,0.0,0.471,0.844,0.373,145.882
187.16,245.0,3.0,0.0,0.471,0.8527,0.3817,145.882
187.17,245.0,3.0,0.0,0.471,0.844,0.373,145.785
187.18,245.0,3.0,0.0,0.471,0.8527,0.3817,145.799
187.19,245.0,3.0,0.0,0.471,0.8527,0.3817,145.928
187.2,245.0,3.0,0.0,0.471,0.8527,0.3817,145.8
187.21,245.0,3.0,0.0,0.471,0.844,0.373,145.769
187.22,245.0,3.0,0.0,0.471,0.844,0.373,145.783
187.23,245.0,3.0,0.0,0.471,0.8527,0.3817,145.816
187.24,245.0,3.0,0.0,0.471,0.844,0.373,145.864
187.25,245.0,3.0,0.0,0.471,0.8527,0.3817,145.815
187.26,245.0,3.0,0.0,0.471,0.844,0.373,145.783
