t_meas_s,gPO,gOBJ,gCU,개구_gPO환산_mm,개구_레이저_mm,편차_mm,파지력_N
21.42,3.0,3.0,0.0,52.8398,53.3902,0.5504,0.36
21.43,3.0,3.0,0.0,52.8398,53.3902,0.5504,0.521
21.44,3.0,3.0,0.0,52.8398,53.3902,0.5504,0.327
21.45,3.0,3.0,0.0,52.8398,53.3902,0.5504,0.473
21.46,3.0,3.0,0.0,52.8398,53.3888,0.549,0.571
21.47,3.0,3.0,0.0,52.8398,53.3902,0.5504,0.603
21.48,3.0,3.0,0.0,52.8398,53.3888,0.549,0.392
21.49,3.0,3.0,0.0,52.8398,53.3888,0.549,0.442
21.5,3.0,3.0,0.0,52.8398,53.3902,0.5504,0.409
21.51,3.0,3.0,0.0,52.8398,53.3888,0.549,0.522
21.52,3.0,3.0,0.0,52.8398,53.3888,0.549,0.408
21.53,3.0,3.0,0.0,52.8398,53.3888,0.549,0.441
21.54,3.0,3.0,0.0,52.8398,53.3888,0.549,0.457
21.55,3.0,3.0,0.0,52.8398,53.3888,0.549,0.263
21.56,3.0,3.0,0.0,52.8398,53.3902,0.5504,0.36
21.57,3.0,3.0,0.0,52.8398,53.3902,0.5504,0.522
21.58,3.0,3.0,0.0,52.8398,53.3902,0.5504,0.344
21.59,3.0,3.0,0.0,52.8398,53.3902,0.5504,0.554
21.6,3.0,3.0,0.0,52.8398,53.3902,0.5504,0.408
21.61,3.0,3.0,0.0,52.8398,53.3902,0.5504,0.457
21.62,3.0,3.0,0.0,52.8398,53.3888,0.549,0.264
21.63,3.0,3.0,0.0,52.8398,53.3902,0.5504,0.343
21.64,3.0,3.0,0.0,52.8398,53.3902,0.5504,0.441
21.65,3.0,3.0,0.0,52.8398,53.3902,0.5504,0.49
21.66,3.0,3.0,0.0,52.8398,53.3902,0.5504,0.393
21.67,3.0,3.0,0.0,52.8398,53.3902,0.5504,0.424
21.68,3.0,3.0,0.0,52.8398,53.3902,0.5504,0.457
21.69,3.0,3.0,0.0,52.8398,53.3888,0.549,0.506
21.7,3.0,3.0,0.0,52.8398,53.3888,0.549,0.392
21.71,3.0,3.0,0.0,52.8398,53.3902,0.5504,0.553
21.72,3.0,3.0,0.0,52.8398,53.3902,0.5504,0.36
21.73,3.0,3.0,0.0,52.8398,53.3888,0.549,0.376
21.74,3.0,3.0,0.0,52.8398,53.3888,0.549,0.392
21.75,3.0,3.0,0.0,52.8398,53.3888,0.549,0.344
21.76,3.0,3.0,0.0,52.8398,53.3888,0.549,0.458
21.77,3.0,3.0,0.0,52.8398,53.3875,0.5477,0.49
21.78,3.0,3.0,0.0,52.8398,53.3888,0.549,0.539
21.79,3.0,3.0,0.0,52.8398,53.3875,0.5477,0.392
21.8,3.0,3.0,0.0,52.8398,53.3875,0.5477,0.344
21.81,3.0,3.0,0.0,52.8398,53.3888,0.549,0.441
21.82,3.0,3.0,0.0,52.8398,53.3888,0.549,0.392
21.83,3.0,3.0,0.0,52.8398,53.3888,0.549,0.408
21.84,3.0,3.0,0.0,52.8398,53.3888,0.549,0.473
21.85,3.0,3.0,0.0,52.8398,53.3888,0.549,0.392
21.86,3.0,3.0,0.0,52.8398,53.3875,0.5477,0.409
21.87,3.0,3.0,0.0,52.8398,53.3888,0.549,0.571
21.88,3.0,3.0,0.0,52.8398,53.3888,0.549,0.441
21.89,3.0,3.0,0.0,52.8398,53.3888,0.549,0.57
21.9,3.0,3.0,0.0,52.8398,53.3888,0.549,0.312
21.91,3.0,3.0,0.0,52.8398,53.3888,0.549,0.571
21.92,3.0,3.0,0.0,52.8398,53.3888,0.549,0.391
21.93,3.0,3.0,0.0,52.8398,53.3888,0.549,0.458
21.94,3.0,3.0,0.0,52.8398,53.3875,0.5477,0.474
21.95,3.0,3.0,0.0,52.8398,53.3902,0.5504,0.409
21.96,3.0,3.0,0.0,52.8398,53.3888,0.549,0.409
21.97,3.0,3.0,0.0,52.8398,53.3902,0.5504,0.343
21.98,3.0,3.0,0.0,52.8398,53.3888,0.549,0.343
21.99,3.0,3.0,0.0,52.8398,53.3902,0.5504,0.392
22.0,3.0,3.0,0.0,52.8398,53.3902,0.5504,0.425
22.01,3.0,3.0,0.0,52.8398,53.3902,0.5504,0.457
22.02,3.0,3.0,0.0,52.8398,53.3902,0.5504,0.328
22.03,3.0,3.0,0.0,52.8398,53.3902,0.5504,0.474
22.04,3.0,3.0,0.0,52.8398,53.3902,0.5504,0.521
22.05,3.0,3.0,0.0,52.8398,53.3902,0.5504,0.392
22.06,3.0,3.0,0.0,52.8398,53.3888,0.549,0.569
22.07,3.0,3.0,0.0,52.8398,53.3902,0.5504,0.489
22.08,3.0,3.0,0.0,52.8398,53.3888,0.549,0.376
22.09,3.0,3.0,0.0,52.8398,53.3902,0.5504,0.408
22.1,3.0,3.0,0.0,52.8398,53.3902,0.5504,0.409
22.11,3.0,3.0,0.0,52.8398,53.3888,0.549,0.49
22.12,3.0,3.0,0.0,52.8398,53.3888,0.549,0.344
22.13,3.0,3.0,0.0,52.8398,53.3888,0.549,0.441
22.14,3.0,3.0,0.0,52.8398,53.3888,0.549,0.295
22.15,3.0,3.0,0.0,52.8398,53.3888,0.549,0.279
22.16,3.0,3.0,0.0,52.8398,53.3888,0.549,0.636
22.17,3.0,3.0,0.0,52.8398,53.3888,0.549,0.44
22.18,3.0,3.0,0.0,52.8398,53.3888,0.549,0.376
22.19,3.0,3.0,0.0,52.8398,53.3028,0.463,0.376
22.2,19.0,0.0,8.0,49.3774,52.9832,3.6058,0.376
22.21,19.0,0.0,8.0,49.3774,52.5137,3.1363,0.343
22.22,19.0,0.0,8.0,49.3774,52.0742,2.6968,0.425
22.23,19.0,0.0,8.0,49.3774,51.5694,2.192,0.457
22.24,19.0,0.0,8.0,49.3774,51.1051,1.7277,0.57
22.25,19.0,0.0,8.0,49.3774,50.6434,1.266,0.294
22.26,19.0,0.0,8.0,49.3774,50.2261,0.8487,-0.087
22.27,19.0,0.0,8.0,49.3774,49.7904,0.413,0.243
22.28,19.0,0.0,8.0,49.3774,49.3157,-0.0617,-0.153
22.29,19.0,0.0,8.0,49.3774,48.8488,-0.5286,-0.172
22.3,19.0,0.0,8.0,49.3774,48.3714,-1.006,-0.011
22.31,19.0,0.0,8.0,49.3774,47.8993,-1.4781,-0.033
22.32,19.0,0.0,8.0,49.3774,47.3319,-2.0455,-0.357
22.33,19.0,0.0,8.0,49.3774,46.8781,-2.4993,-0.343
22.34,19.0,0.0,8.0,49.3774,46.492,-2.8854,-0.475
22.35,19.0,0.0,8.0,49.3774,45.922,-3.4554,-0.1
22.36,19.0,0.0,8.0,49.3774,45.5269,-3.8505,23.338
22.37,19.0,0.0,8.0,49.3774,45.4199,-3.9575,76.717
22.38,19.0,0.0,8.0,49.3774,45.3677,-4.0097,86.23
22.39,19.0,0.0,8.0,49.3774,45.369,-4.0084,85.177
22.4,19.0,0.0,8.0,49.3774,45.3677,-4.0097,83.702
22.41,19.0,0.0,8.0,49.3774,45.3638,-4.0136,82.193
22.42,19.0,0.0,8.0,49.3774,45.3677,-4.0097,83.154
22.43,19.0,0.0,8.0,49.3774,45.3717,-4.0057,85.888
22.44,35.0,2.0,3.0,45.915,45.3717,-0.5433,87.141
22.45,35.0,2.0,3.0,45.915,45.3717,-0.5433,86.978
22.46,35.0,2.0,3.0,45.915,45.3717,-0.5433,85.335
22.47,35.0,2.0,3.0,45.915,45.3677,-0.5473,84.519
22.48,35.0,2.0,3.0,45.915,45.369,-0.546,85.885
22.49,35.0,2.0,3.0,45.915,45.3717,-0.5433,87.022
22.5,35.0,2.0,3.0,45.915,45.3717,-0.5433,85.69
22.51,35.0,2.0,3.0,45.915,45.3717,-0.5433,84.371
22.52,35.0,2.0,3.0,45.915,45.3717,-0.5433,84.142
22.53,35.0,2.0,3.0,45.915,45.3677,-0.5473,84.549
22.54,35.0,2.0,3.0,45.915,45.3677,-0.5473,84.811
22.55,35.0,2.0,3.0,45.915,45.3664,-0.5486,85.542
22.56,35.0,2.0,3.0,45.915,45.369,-0.546,86.436
22.57,35.0,2.0,3.0,45.915,45.3703,-0.5447,85.558
22.58,35.0,2.0,3.0,45.915,45.3717,-0.5433,84.24
22.59,35.0,2.0,3.0,45.915,45.3703,-0.5447,84.549
22.6,35.0,2.0,3.0,45.915,45.369,-0.546,85.348
22.61,35.0,2.0,3.0,45.915,45.3677,-0.5473,85.557
22.62,35.0,2.0,3.0,45.915,45.3677,-0.5473,85.719
22.63,35.0,2.0,3.0,45.915,45.3677,-0.5473,85.477
22.64,35.0,2.0,3.0,45.915,45.3664,-0.5486,85.232
22.65,35.0,2.0,3.0,45.915,45.369,-0.546,85.119
22.66,35.0,2.0,3.0,45.915,45.369,-0.546,85.362
22.67,35.0,2.0,3.0,45.915,45.369,-0.546,85.313
22.68,35.0,2.0,3.0,45.915,45.3677,-0.5473,85.265
22.69,35.0,2.0,3.0,45.915,45.3677,-0.5473,85.409
22.7,35.0,2.0,3.0,45.915,45.3677,-0.5473,85.184
22.71,35.0,2.0,3.0,45.915,45.3664,-0.5486,85.315
22.72,35.0,2.0,3.0,45.915,45.3677,-0.5473,85.331
22.73,35.0,2.0,3.0,45.915,45.3677,-0.5473,85.688
22.74,35.0,2.0,3.0,45.915,45.369,-0.546,85.51
22.75,35.0,2.0,3.0,45.915,45.369,-0.546,85.2
22.76,35.0,2.0,3.0,45.915,45.3664,-0.5486,85.281
22.77,35.0,2.0,3.0,45.915,45.3677,-0.5473,85.476
22.78,4.0,0.0,7.0,52.6234,45.3925,-7.2309,8.171
22.79,4.0,0.0,7.0,52.6234,45.7564,-6.867,0.052
22.8,4.0,0.0,7.0,52.6234,46.6198,-6.0036,0.615
22.81,4.0,0.0,7.0,52.6234,47.6776,-4.9458,-0.37
22.82,4.0,0.0,7.0,52.6234,48.7288,-3.8946,0.213
22.83,4.0,0.0,7.0,52.6234,49.7891,-2.8343,0.355
22.84,4.0,0.0,7.0,52.6234,50.886,-1.7374,-0.095
22.85,4.0,0.0,7.0,52.6234,51.9594,-0.664,0.083
22.86,4.0,0.0,7.0,52.6234,52.935,0.3116,0.309
22.87,4.0,0.0,7.0,52.6234,53.1384,0.515,-0.079
22.88,4.0,0.0,7.0,52.6234,53.1684,0.545,0.098
22.89,4.0,0.0,7.0,52.6234,53.158,0.5346,0.164
22.9,4.0,0.0,7.0,52.6234,53.1489,0.5255,0.131
22.91,4.0,0.0,7.0,52.6234,53.1489,0.5255,0.309
22.92,4.0,0.0,7.0,52.6234,53.1502,0.5268,0.001
22.93,4.0,0.0,7.0,52.6234,53.1515,0.5281,-0.047
22.94,4.0,0.0,7.0,52.6234,53.1567,0.5333,0.26
22.95,4.0,0.0,7.0,52.6234,53.1554,0.532,0.081
22.96,4.0,0.0,7.0,52.6234,53.1593,0.5359,0.163
22.97,4.0,0.0,7.0,52.6234,53.1567,0.5333,0.05
22.98,4.0,0.0,7.0,52.6234,53.1593,0.5359,0.05
22.99,4.0,0.0,7.0,52.6234,53.1567,0.5333,0.067
23.0,4.0,0.0,7.0,52.6234,53.1567,0.5333,0.148
23.01,4.0,0.0,7.0,52.6234,53.1554,0.532,0.26
23.02,3.5,1.5,0.0,52.7316,53.1528,0.4212,0.066
23.03,3.0,3.0,0.0,52.8398,53.1554,0.3156,0.197
23.04,3.0,3.0,0.0,52.8398,53.1541,0.3143,0.245
23.05,3.0,3.0,0.0,52.8398,53.1567,0.3169,0.18
23.06,3.0,3.0,0.0,52.8398,53.1567,0.3169,0.246
23.07,3.0,3.0,0.0,52.8398,53.1554,0.3156,0.05
23.08,3.0,3.0,0.0,52.8398,53.1554,0.3156,0.229
23.09,3.0,3.0,0.0,52.8398,53.1528,0.313,0.39
23.1,3.0,3.0,0.0,52.8398,53.1489,0.3091,0.261
23.11,3.0,3.0,0.0,52.8398,53.1489,0.3091,0.245
23.12,3.0,3.0,0.0,52.8398,53.1515,0.3117,0.148
23.13,3.0,3.0,0.0,52.8398,53.1515,0.3117,0.261
23.14,3.0,3.0,0.0,52.8398,53.1528,0.313,0.131
23.15,3.0,3.0,0.0,52.8398,53.1541,0.3143,0.099
23.16,3.0,3.0,0.0,52.8398,53.1502,0.3104,0.373
23.17,3.0,3.0,0.0,52.8398,53.1502,0.3104,0.099
23.18,3.0,3.0,0.0,52.8398,53.1502,0.3104,0.098
23.19,3.0,3.0,0.0,52.8398,53.1502,0.3104,0.245
23.2,3.0,3.0,0.0,52.8398,53.1489,0.3091,0.147
23.21,3.0,3.0,0.0,52.8398,53.1476,0.3078,0.262
23.22,3.0,3.0,0.0,52.8398,53.1436,0.3038,0.26
23.23,3.0,3.0,0.0,52.8398,53.1436,0.3038,0.099
23.24,3.0,3.0,0.0,52.8398,53.145,0.3052,0.179
23.25,3.0,3.0,0.0,52.8398,53.145,0.3052,0.164
23.26,3.0,3.0,0.0,52.8398,53.145,0.3052,0.293
23.27,3.0,3.0,0.0,52.8398,53.1436,0.3038,0.18
23.28,3.0,3.0,0.0,52.8398,53.1436,0.3038,0.325
23.29,3.0,3.0,0.0,52.8398,53.1436,0.3038,0.292
23.3,3.0,3.0,0.0,52.8398,53.1423,0.3025,0.05
23.31,3.0,3.0,0.0,52.8398,53.1423,0.3025,0.099
23.32,3.0,3.0,0.0,52.8398,53.141,0.3012,0.261
23.33,3.0,3.0,0.0,52.8398,53.1397,0.2999,0.293
23.34,3.0,3.0,0.0,52.8398,53.1397,0.2999,0.26
23.35,3.0,3.0,0.0,52.8398,53.1397,0.2999,0.163
23.36,3.0,3.0,0.0,52.8398,53.141,0.3012,0.276
23.37,3.0,3.0,0.0,52.8398,53.141,0.3012,0.148
23.38,3.0,3.0,0.0,52.8398,53.141,0.3012,0.23
23.39,3.0,3.0,0.0,52.8398,53.1397,0.2999,0.309
23.4,3.0,3.0,0.0,52.8398,53.1397,0.2999,0.26
23.41,3.0,3.0,0.0,52.8398,53.1384,0.2986,0.244
23.42,3.0,3.0,0.0,52.8398,53.1384,0.2986,0.227
23.43,3.0,3.0,0.0,52.8398,53.1384,0.2986,0.099
23.44,3.0,3.0,0.0,52.8398,53.1371,0.2973,0.26
23.45,3.0,3.0,0.0,52.8398,53.1371,0.2973,0.228
23.46,3.0,3.0,0.0,52.8398,53.1371,0.2973,0.244
23.47,3.0,3.0,0.0,52.8398,53.1384,0.2986,0.26
23.48,3.0,3.0,0.0,52.8398,53.1384,0.2986,0.294
23.49,3.0,3.0,0.0,52.8398,53.1384,0.2986,0.228
23.5,3.0,3.0,0.0,52.8398,53.1371,0.2973,0.245
23.51,3.0,3.0,0.0,52.8398,53.1371,0.2973,0.197
23.52,3.0,3.0,0.0,52.8398,53.1358,0.296,0.341
23.53,3.0,3.0,0.0,52.8398,53.1371,0.2973,0.083
23.54,3.0,3.0,0.0,52.8398,53.1384,0.2986,0.245
23.55,3.0,3.0,0.0,52.8398,53.1358,0.296,0.195
23.56,3.0,3.0,0.0,52.8398,53.1371,0.2973,0.213
23.57,3.0,3.0,0.0,52.8398,53.1358,0.296,0.261
23.58,3.0,3.0,0.0,52.8398,53.1371,0.2973,0.213
23.59,3.0,3.0,0.0,52.8398,53.1358,0.296,0.292
23.6,3.0,3.0,0.0,52.8398,53.1358,0.296,0.18
23.61,3.0,3.0,0.0,52.8398,53.1358,0.296,0.244
23.62,3.0,3.0,0.0,52.8398,53.1358,0.296,0.228
23.63,3.0,3.0,0.0,52.8398,53.1345,0.2947,0.196
23.64,3.0,3.0,0.0,52.8398,53.1332,0.2934,0.309
23.65,3.0,3.0,0.0,52.8398,53.1358,0.296,0.148
23.66,3.0,3.0,0.0,52.8398,53.1358,0.296,0.131
23.67,3.0,3.0,0.0,52.8398,53.1358,0.296,0.261
23.68,3.0,3.0,0.0,52.8398,53.1358,0.296,0.18
23.69,3.0,3.0,0.0,52.8398,53.1345,0.2947,0.326
23.7,3.0,3.0,0.0,52.8398,53.1358,0.296,0.18
23.71,3.0,3.0,0.0,52.8398,53.1358,0.296,0.179
23.72,3.0,3.0,0.0,52.8398,53.1358,0.296,0.099
23.73,3.0,3.0,0.0,52.8398,53.1358,0.296,0.147
23.74,3.0,3.0,0.0,52.8398,53.1345,0.2947,0.228
23.75,3.0,3.0,0.0,52.8398,53.1345,0.2947,0.228
23.76,3.0,3.0,0.0,52.8398,53.1358,0.296,0.213
23.77,3.0,3.0,0.0,52.8398,53.1358,0.296,0.115
23.78,3.0,3.0,0.0,52.8398,53.1358,0.296,0.067
23.79,3.0,3.0,0.0,52.8398,53.1345,0.2947,0.131
23.8,3.0,3.0,0.0,52.8398,53.1345,0.2947,0.131
23.81,3.0,3.0,0.0,52.8398,53.1345,0.2947,0.373
23.82,3.0,3.0,0.0,52.8398,53.1345,0.2947,0.438
23.83,3.0,3.0,0.0,52.8398,53.1345,0.2947,0.132
23.84,3.0,3.0,0.0,52.8398,53.1345,0.2947,0.261
23.85,3.0,3.0,0.0,52.8398,53.128,0.2882,0.276
23.86,19.0,0.0,8.0,49.3774,52.9402,3.5628,0.358
23.87,19.0,0.0,8.0,49.3774,52.4994,3.122,0.148
23.88,19.0,0.0,8.0,49.3774,52.0885,2.7111,0.099
23.89,19.0,0.0,8.0,49.3774,51.5942,2.2168,0.164
23.9,19.0,0.0,8.0,49.3774,51.126,1.7486,0.212
23.91,19.0,0.0,8.0,49.3774,50.6408,1.2634,0.213
23.92,19.0,0.0,8.0,49.3774,50.1778,0.8004,0.276
23.93,19.0,0.0,8.0,49.3774,49.69,0.3126,0.278
23.94,19.0,0.0,8.0,49.3774,49.1996,-0.1778,-0.462
23.95,19.0,0.0,8.0,49.3774,48.8136,-0.5638,-0.344
23.96,19.0,0.0,8.0,49.3774,48.3779,-0.9995,-0.088
23.97,19.0,0.0,8.0,49.3774,47.9358,-1.4416,0.041
23.98,19.0,0.0,8.0,49.3774,47.4741,-1.9033,0.336
23.99,19.0,0.0,8.0,49.3774,46.9902,-2.3872,0.008
24.0,19.0,0.0,8.0,49.3774,46.5298,-2.8476,-0.498
24.01,19.0,0.0,8.0,49.3774,46.0381,-3.3393,-0.062
24.02,19.0,0.0,8.0,49.3774,45.5777,-3.7997,16.324
24.03,19.0,0.0,8.0,49.3774,45.4473,-3.9301,65.104
24.04,19.0,0.0,8.0,49.3774,45.3782,-3.9992,83.548
24.05,19.0,0.0,8.0,49.3774,45.3743,-4.0031,82.705
24.06,19.0,0.0,8.0,49.3774,45.373,-4.0044,81.342
24.07,19.0,0.0,8.0,49.3774,45.3743,-4.0031,79.537
24.08,19.0,0.0,8.0,49.3774,45.3743,-4.0031,81.036
24.09,29.7,1.3,4.7,47.0691,45.3743,-1.6949,83.085
24.1,35.0,2.0,3.0,45.915,45.3769,-0.5381,83.428
24.11,35.0,2.0,3.0,45.915,45.3756,-0.5394,84.01
24.12,35.0,2.0,3.0,45.915,45.3756,-0.5394,82.286
24.13,35.0,2.0,3.0,45.915,45.3769,-0.5381,81.422
24.14,35.0,2.0,3.0,45.915,45.3769,-0.5381,83.179
24.15,35.0,2.0,3.0,45.915,45.3782,-0.5368,84.044
24.16,35.0,2.0,3.0,45.915,45.3782,-0.5368,82.854
24.17,35.0,2.0,3.0,45.915,45.3782,-0.5368,82.059
24.18,35.0,2.0,3.0,45.915,45.3769,-0.5381,82.674
24.19,35.0,2.0,3.0,45.915,45.3782,-0.5368,82.706
24.2,35.0,2.0,3.0,45.915,45.3782,-0.5368,82.251
24.21,35.0,2.0,3.0,45.915,45.3769,-0.5381,82.332
24.22,35.0,2.0,3.0,45.915,45.3782,-0.5368,82.283
24.23,35.0,2.0,3.0,45.915,45.3795,-0.5355,81.731
24.24,35.0,2.0,3.0,45.915,45.3782,-0.5368,81.097
24.25,35.0,2.0,3.0,45.915,45.3782,-0.5368,80.836
24.26,35.0,2.0,3.0,45.915,45.3782,-0.5368,81.209
24.27,35.0,2.0,3.0,45.915,45.3769,-0.5381,81.503
24.28,35.0,2.0,3.0,45.915,45.3769,-0.5381,81.471
24.29,35.0,2.0,3.0,45.915,45.3782,-0.5368,81.096
24.3,35.0,2.0,3.0,45.915,45.3782,-0.5368,81.146
24.31,35.0,2.0,3.0,45.915,45.3782,-0.5368,81.536
24.32,35.0,2.0,3.0,45.915,45.3782,-0.5368,81.487
24.33,35.0,2.0,3.0,45.915,45.3769,-0.5381,81.373
24.34,35.0,2.0,3.0,45.915,45.3782,-0.5368,81.568
24.35,35.0,2.0,3.0,45.915,45.3769,-0.5381,81.715
24.36,35.0,2.0,3.0,45.915,45.3782,-0.5368,81.748
24.37,35.0,2.0,3.0,45.915,45.3782,-0.5368,81.65
24.38,35.0,2.0,3.0,45.915,45.3782,-0.5368,81.601
24.39,35.0,2.0,3.0,45.915,45.3782,-0.5368,81.681
24.4,35.0,2.0,3.0,45.915,45.3782,-0.5368,81.731
24.41,35.0,2.0,3.0,45.915,45.3782,-0.5368,81.682
24.42,35.0,2.0,3.0,45.915,45.3782,-0.5368,81.423
24.43,35.0,2.0,3.0,45.915,45.3782,-0.5368,81.568
24.44,4.0,0.0,8.0,52.6234,45.3873,-7.2361,21.975
24.45,4.0,0.0,8.0,52.6234,45.7042,-6.9192,0.546
24.46,4.0,0.0,8.0,52.6234,46.5246,-6.0988,0.647
24.47,4.0,0.0,8.0,52.6234,47.5341,-5.0893,-0.096
24.48,4.0,0.0,8.0,52.6234,48.5918,-4.0316,-0.142
24.49,4.0,0.0,8.0,52.6234,49.69,-2.9334,0.519
24.5,4.0,0.0,8.0,52.6234,50.736,-1.8874,0.002
24.51,4.0,0.0,8.0,52.6234,51.7846,-0.8388,-0.047
24.52,4.0,0.0,8.0,52.6234,52.8215,0.1981,0.244
24.53,4.0,0.0,8.0,52.6234,53.0797,0.4563,-0.031
24.54,4.0,0.0,8.0,52.6234,53.1332,0.5098,0.228
24.55,4.0,0.0,8.0,52.6234,53.1306,0.5072,0.39
24.56,4.0,0.0,8.0,52.6234,53.1293,0.5059,0.001
24.57,4.0,0.0,8.0,52.6234,53.1371,0.5137,0.115
24.58,4.0,0.0,8.0,52.6234,53.1397,0.5163,0.325
24.59,4.0,0.0,8.0,52.6234,53.1267,0.5033,0.148
24.6,4.0,0.0,8.0,52.6234,53.128,0.5046,0.099
24.61,4.0,0.0,8.0,52.6234,53.1254,0.502,0.148
24.62,4.0,0.0,8.0,52.6234,53.1267,0.5033,0.1
24.63,4.0,0.0,8.0,52.6234,53.1228,0.4994,0.164
24.64,4.0,0.0,8.0,52.6234,53.1293,0.5059,0.244
24.65,4.0,0.0,8.0,52.6234,53.1319,0.5085,0.228
24.66,4.0,0.0,8.0,52.6234,53.1332,0.5098,0.325
24.67,4.0,0.0,8.0,52.6234,53.1306,0.5072,0.229
24.68,4.0,0.0,8.0,52.6234,53.128,0.5046,-0.015
24.69,3.0,3.0,0.0,52.8398,53.1254,0.2856,0.197
24.7,3.0,3.0,0.0,52.8398,53.1215,0.2817,0.148
24.71,3.0,3.0,0.0,52.8398,53.1176,0.2778,0.259
24.72,3.0,3.0,0.0,52.8398,53.1163,0.2765,0.326
24.73,3.0,3.0,0.0,52.8398,53.1189,0.2791,0.31
24.74,3.0,3.0,0.0,52.8398,53.1202,0.2804,0.099
24.75,3.0,3.0,0.0,52.8398,53.1215,0.2817,0.262
24.76,3.0,3.0,0.0,52.8398,53.1202,0.2804,0.324
24.77,3.0,3.0,0.0,52.8398,53.1228,0.283,0.18
24.78,3.0,3.0,0.0,52.8398,53.1176,0.2778,0.147
24.79,3.0,3.0,0.0,52.8398,53.1189,0.2791,0.342
24.8,3.0,3.0,0.0,52.8398,53.1176,0.2778,0.196
24.81,3.0,3.0,0.0,52.8398,53.1189,0.2791,0.164
24.82,3.0,3.0,0.0,52.8398,53.1163,0.2765,0.277
24.83,3.0,3.0,0.0,52.8398,53.1163,0.2765,0.39
24.84,3.0,3.0,0.0,52.8398,53.1176,0.2778,0.277
24.85,3.0,3.0,0.0,52.8398,53.115,0.2752,0.229
24.86,3.0,3.0,0.0,52.8398,53.1189,0.2791,0.309
24.87,3.0,3.0,0.0,52.8398,53.1176,0.2778,0.212
24.88,3.0,3.0,0.0,52.8398,53.1163,0.2765,0.115
24.89,3.0,3.0,0.0,52.8398,53.1163,0.2765,0.294
24.9,3.0,3.0,0.0,52.8398,53.1163,0.2765,0.148
24.91,3.0,3.0,0.0,52.8398,53.115,0.2752,0.164
24.92,3.0,3.0,0.0,52.8398,53.1137,0.2739,0.309
24.93,3.0,3.0,0.0,52.8398,53.1137,0.2739,0.195
24.94,3.0,3.0,0.0,52.8398,53.1137,0.2739,0.293
24.95,3.0,3.0,0.0,52.8398,53.1123,0.2725,0.099
24.96,3.0,3.0,0.0,52.8398,53.1137,0.2739,0.308
24.97,3.0,3.0,0.0,52.8398,53.1123,0.2725,0.34
24.98,3.0,3.0,0.0,52.8398,53.1137,0.2739,0.26
24.99,3.0,3.0,0.0,52.8398,53.1137,0.2739,0.195
25.0,3.0,3.0,0.0,52.8398,53.115,0.2752,0.18
25.01,3.0,3.0,0.0,52.8398,53.1123,0.2725,0.278
25.02,3.0,3.0,0.0,52.8398,53.111,0.2712,0.196
25.03,3.0,3.0,0.0,52.8398,53.111,0.2712,0.262
25.04,3.0,3.0,0.0,52.8398,53.111,0.2712,0.276
25.05,3.0,3.0,0.0,52.8398,53.111,0.2712,0.082
25.06,3.0,3.0,0.0,52.8398,53.111,0.2712,0.278
25.07,3.0,3.0,0.0,52.8398,53.1097,0.2699,0.31
25.08,3.0,3.0,0.0,52.8398,53.111,0.2712,0.181
25.09,3.0,3.0,0.0,52.8398,53.111,0.2712,0.309
25.1,3.0,3.0,0.0,52.8398,53.1123,0.2725,0.212
25.11,3.0,3.0,0.0,52.8398,53.1123,0.2725,0.244
25.12,3.0,3.0,0.0,52.8398,53.1137,0.2739,0.066
25.13,3.0,3.0,0.0,52.8398,53.1123,0.2725,0.213
25.14,3.0,3.0,0.0,52.8398,53.111,0.2712,0.326
25.15,3.0,3.0,0.0,52.8398,53.1123,0.2725,0.278
25.16,3.0,3.0,0.0,52.8398,53.1097,0.2699,0.262
25.17,3.0,3.0,0.0,52.8398,53.111,0.2712,0.245
25.18,3.0,3.0,0.0,52.8398,53.111,0.2712,0.276
25.19,3.0,3.0,0.0,52.8398,53.111,0.2712,0.421
25.2,3.0,3.0,0.0,52.8398,53.111,0.2712,0.213
25.21,3.0,3.0,0.0,52.8398,53.111,0.2712,0.294
25.22,3.0,3.0,0.0,52.8398,53.111,0.2712,0.131
25.23,3.0,3.0,0.0,52.8398,53.111,0.2712,0.162
25.24,3.0,3.0,0.0,52.8398,53.1123,0.2725,0.178
25.25,3.0,3.0,0.0,52.8398,53.111,0.2712,0.245
25.26,3.0,3.0,0.0,52.8398,53.1097,0.2699,0.245
25.27,3.0,3.0,0.0,52.8398,53.111,0.2712,0.245
25.28,3.0,3.0,0.0,52.8398,53.1097,0.2699,0.114
25.29,3.0,3.0,0.0,52.8398,53.111,0.2712,0.195
25.3,3.0,3.0,0.0,52.8398,53.111,0.2712,0.26
25.31,3.0,3.0,0.0,52.8398,53.111,0.2712,0.228
25.32,3.0,3.0,0.0,52.8398,53.111,0.2712,0.276
25.33,3.0,3.0,0.0,52.8398,53.111,0.2712,0.197
25.34,3.0,3.0,0.0,52.8398,53.1097,0.2699,0.212
25.35,3.0,3.0,0.0,52.8398,53.111,0.2712,0.099
25.36,3.0,3.0,0.0,52.8398,53.111,0.2712,0.391
25.37,3.0,3.0,0.0,52.8398,53.111,0.2712,0.212
25.38,3.0,3.0,0.0,52.8398,53.1097,0.2699,0.374
25.39,3.0,3.0,0.0,52.8398,53.111,0.2712,0.277
25.4,3.0,3.0,0.0,52.8398,53.111,0.2712,0.213
25.41,3.0,3.0,0.0,52.8398,53.1084,0.2686,0.294
25.42,3.0,3.0,0.0,52.8398,53.1097,0.2699,0.243
25.43,3.0,3.0,0.0,52.8398,53.1084,0.2686,0.213
25.44,3.0,3.0,0.0,52.8398,53.1084,0.2686,0.374
25.45,3.0,3.0,0.0,52.8398,53.1097,0.2699,0.326
25.46,3.0,3.0,0.0,52.8398,53.1097,0.2699,0.325
25.47,3.0,3.0,0.0,52.8398,53.1097,0.2699,0.39
25.48,3.0,3.0,0.0,52.8398,53.1097,0.2699,0.196
25.49,3.0,3.0,0.0,52.8398,53.1084,0.2686,0.358
25.5,3.0,3.0,0.0,52.8398,53.1084,0.2686,0.228
25.51,36.0,0.0,29.0,45.6986,53.081,7.3824,0.228
25.52,36.0,0.0,29.0,45.6986,52.3572,6.6586,0.066
25.53,36.0,0.0,29.0,45.6986,51.2786,5.58,0.244
25.54,36.0,0.0,29.0,45.6986,50.1948,4.4962,0.131
25.55,36.0,0.0,29.0,45.6986,49.1018,3.4032,0.728
25.56,36.0,0.0,29.0,45.6986,48.1249,2.4263,-0.193
25.57,36.0,0.0,29.0,45.6986,47.0515,1.3529,-1.403
25.58,36.0,0.0,29.0,45.6986,45.9586,0.26,0.158
25.59,36.0,0.0,29.0,45.6986,45.3977,-0.3009,107.199
25.6,36.0,0.0,29.0,45.6986,45.3469,-0.3517,116.479
25.61,36.0,0.0,29.0,45.6986,45.3417,-0.3569,112.316
25.62,36.0,0.0,29.0,45.6986,45.3443,-0.3543,110.14
25.63,36.0,0.0,29.0,45.6986,45.343,-0.3556,107.583
25.64,36.0,0.0,29.0,45.6986,45.3469,-0.3517,102.904
25.65,36.0,0.0,29.0,45.6986,45.3456,-0.353,101.463
25.66,36.0,0.0,29.0,45.6986,45.3443,-0.3543,104.861
25.67,36.0,0.0,29.0,45.6986,45.3469,-0.3517,107.219
25.68,36.0,0.0,29.0,45.6986,45.3456,-0.353,107.79
25.69,36.0,0.0,29.0,45.6986,45.3469,-0.3517,106.631
25.7,36.0,0.0,29.0,45.6986,45.3482,-0.3504,104.743
25.71,36.0,0.0,29.0,45.6986,45.3495,-0.3491,105.557
25.72,36.0,0.0,29.0,45.6986,45.3469,-0.3517,108.078
25.73,36.0,0.0,29.0,45.6986,45.3469,-0.3517,107.818
25.74,36.0,0.0,29.0,45.6986,45.3443,-0.3543,105.591
25.75,36.0,0.0,29.0,45.6986,45.3456,-0.353,105.412
25.76,36.0,2.0,4.0,45.6986,45.3469,-0.3517,105.831
25.77,36.0,2.0,4.0,45.6986,45.3482,-0.3504,105.487
25.78,36.0,2.0,4.0,45.6986,45.3495,-0.3491,105.521
25.79,36.0,2.0,4.0,45.6986,45.3495,-0.3491,107.28
25.8,36.0,2.0,4.0,45.6986,45.3469,-0.3517,107.591
25.81,36.0,2.0,4.0,45.6986,45.3443,-0.3543,105.281
25.82,36.0,2.0,4.0,45.6986,45.3456,-0.353,103.994
25.83,36.0,2.0,4.0,45.6986,45.3443,-0.3543,104.954
25.84,36.0,2.0,4.0,45.6986,45.3456,-0.353,105.638
25.85,36.0,2.0,4.0,45.6986,45.3482,-0.3504,105.62
25.86,36.0,2.0,4.0,45.6986,45.3482,-0.3504,105.587
25.87,36.0,2.0,4.0,45.6986,45.3469,-0.3517,105.441
25.88,36.0,2.0,4.0,45.6986,45.3469,-0.3517,104.97
25.89,36.0,2.0,4.0,45.6986,45.3469,-0.3517,104.564
25.9,36.0,2.0,4.0,45.6986,45.3469,-0.3517,104.887
25.91,36.0,2.0,4.0,45.6986,45.3443,-0.3543,105.07
25.92,36.0,2.0,4.0,45.6986,45.3456,-0.353,105.166
25.93,36.0,2.0,4.0,45.6986,45.3456,-0.353,104.84
25.94,36.0,2.0,4.0,45.6986,45.3456,-0.353,105.197
25.95,36.0,2.0,4.0,45.6986,45.3469,-0.3517,105.424
25.96,36.0,2.0,4.0,45.6986,45.3456,-0.353,105.312
25.97,36.0,2.0,4.0,45.6986,45.3456,-0.353,105.117
25.98,36.0,2.0,4.0,45.6986,45.3469,-0.3517,104.938
25.99,36.0,2.0,4.0,45.6986,45.3469,-0.3517,104.858
26.0,36.0,2.0,4.0,45.6986,45.3469,-0.3517,104.759
26.01,36.0,2.0,4.0,45.6986,45.3469,-0.3517,105.132
26.02,36.0,2.0,4.0,45.6986,45.3469,-0.3517,105.392
26.03,36.0,2.0,4.0,45.6986,45.3469,-0.3517,105.41
26.04,36.0,2.0,4.0,45.6986,45.3469,-0.3517,104.906
26.05,36.0,2.0,4.0,45.6986,45.3482,-0.3504,104.971
26.06,36.0,2.0,4.0,45.6986,45.3482,-0.3504,104.956
26.07,36.0,2.0,4.0,45.6986,45.3469,-0.3517,104.987
26.08,36.0,2.0,4.0,45.6986,45.3482,-0.3504,104.873
26.09,36.0,2.0,4.0,45.6986,45.3469,-0.3517,105.199
26.1,5.0,0.0,6.0,52.407,45.3521,-7.0549,94.601
26.11,5.0,0.0,6.0,52.407,45.6221,-6.7849,0.648
26.12,5.0,0.0,6.0,52.407,46.2377,-6.1693,-0.643
26.13,5.0,0.0,6.0,52.407,47.2563,-5.1507,0.067
26.14,5.0,0.0,6.0,52.407,48.2958,-4.1112,0.599
26.15,5.0,0.0,6.0,52.407,49.3326,-3.0744,-0.418
26.16,5.0,0.0,6.0,52.407,50.4086,-1.9984,-0.048
26.17,5.0,0.0,6.0,52.407,51.4533,-0.9537,0.277
26.18,5.0,0.0,6.0,52.407,52.5737,0.1667,-0.128
26.19,5.0,0.0,6.0,52.407,53.0732,0.6662,0.148
26.2,5.0,0.0,6.0,52.407,53.1723,0.7653,0.261
26.21,5.0,0.0,6.0,52.407,53.1749,0.7679,-0.111
26.22,5.0,0.0,6.0,52.407,53.1697,0.7627,0.308
26.23,5.0,0.0,6.0,52.407,53.1723,0.7653,0.212
26.24,5.0,0.0,6.0,52.407,53.1736,0.7666,0.05
26.25,5.0,0.0,6.0,52.407,53.1802,0.7732,0.164
26.26,5.0,0.0,6.0,52.407,53.1749,0.7679,0.083
26.27,5.0,0.0,6.0,52.407,53.1749,0.7679,0.13
26.28,5.0,0.0,6.0,52.407,53.1763,0.7693,0.148
26.29,5.0,0.0,6.0,52.407,53.1749,0.7679,0.131
26.3,5.0,0.0,6.0,52.407,53.1763,0.7693,0.213
26.31,5.0,0.0,6.0,52.407,53.1736,0.7666,0.034
26.32,5.0,0.0,6.0,52.407,53.171,0.764,0.05
26.33,5.0,0.0,6.0,52.407,53.1736,0.7666,0.051
26.34,5.0,0.0,6.0,52.407,53.1749,0.7679,0.245
26.35,3.0,3.0,0.0,52.8398,53.1763,0.3365,0.276
26.36,3.0,3.0,0.0,52.8398,53.1776,0.3378,0.212
26.37,3.0,3.0,0.0,52.8398,53.1763,0.3365,0.227
26.38,3.0,3.0,0.0,52.8398,53.1763,0.3365,-0.015
26.39,3.0,3.0,0.0,52.8398,53.1736,0.3338,0.26
26.4,3.0,3.0,0.0,52.8398,53.1749,0.3351,0.163
26.41,3.0,3.0,0.0,52.8398,53.1736,0.3338,0.213
26.42,3.0,3.0,0.0,52.8398,53.1736,0.3338,0.196
26.43,3.0,3.0,0.0,52.8398,53.1723,0.3325,0.082
26.44,3.0,3.0,0.0,52.8398,53.1723,0.3325,0.116
26.45,3.0,3.0,0.0,52.8398,53.1736,0.3338,0.181
26.46,3.0,3.0,0.0,52.8398,53.1749,0.3351,0.164
26.47,3.0,3.0,0.0,52.8398,53.1736,0.3338,0.213
26.48,3.0,3.0,0.0,52.8398,53.1723,0.3325,0.083
26.49,3.0,3.0,0.0,52.8398,53.1723,0.3325,0.179
26.5,3.0,3.0,0.0,52.8398,53.1723,0.3325,0.115
26.51,3.0,3.0,0.0,52.8398,53.1736,0.3338,0.131
26.52,3.0,3.0,0.0,52.8398,53.1723,0.3325,0.326
26.53,3.0,3.0,0.0,52.8398,53.1723,0.3325,0.116
26.54,3.0,3.0,0.0,52.8398,53.1723,0.3325,0.341
26.55,3.0,3.0,0.0,52.8398,53.1723,0.3325,0.114
26.56,3.0,3.0,0.0,52.8398,53.1736,0.3338,0.228
26.57,3.0,3.0,0.0,52.8398,53.1736,0.3338,0.131
26.58,3.0,3.0,0.0,52.8398,53.1749,0.3351,0.164
26.59,3.0,3.0,0.0,52.8398,53.1723,0.3325,0.099
26.6,3.0,3.0,0.0,52.8398,53.1723,0.3325,0.115
26.61,3.0,3.0,0.0,52.8398,53.1736,0.3338,0.212
26.62,3.0,3.0,0.0,52.8398,53.1736,0.3338,0.115
26.63,3.0,3.0,0.0,52.8398,53.1736,0.3338,0.213
26.64,3.0,3.0,0.0,52.8398,53.1736,0.3338,0.325
26.65,3.0,3.0,0.0,52.8398,53.1736,0.3338,0.115
26.66,3.0,3.0,0.0,52.8398,53.1736,0.3338,0.245
26.67,3.0,3.0,0.0,52.8398,53.1736,0.3338,0.26
26.68,3.0,3.0,0.0,52.8398,53.1736,0.3338,0.131
26.69,3.0,3.0,0.0,52.8398,53.1736,0.3338,0.31
26.7,3.0,3.0,0.0,52.8398,53.1736,0.3338,0.114
26.71,3.0,3.0,0.0,52.8398,53.1723,0.3325,0.148
26.72,3.0,3.0,0.0,52.8398,53.1723,0.3325,0.146
26.73,3.0,3.0,0.0,52.8398,53.1736,0.3338,0.212
26.74,3.0,3.0,0.0,52.8398,53.1749,0.3351,0.115
26.75,3.0,3.0,0.0,52.8398,53.1736,0.3338,0.26
26.76,3.0,3.0,0.0,52.8398,53.1723,0.3325,0.229
26.77,3.0,3.0,0.0,52.8398,53.171,0.3312,0.229
26.78,3.0,3.0,0.0,52.8398,53.1723,0.3325,0.261
26.79,3.0,3.0,0.0,52.8398,53.1723,0.3325,0.374
26.8,3.0,3.0,0.0,52.8398,53.1723,0.3325,0.18
26.81,3.0,3.0,0.0,52.8398,53.1723,0.3325,0.228
26.82,3.0,3.0,0.0,52.8398,53.1723,0.3325,0.293
26.83,3.0,3.0,0.0,52.8398,53.171,0.3312,0.212
26.84,3.0,3.0,0.0,52.8398,53.1723,0.3325,0.197
26.85,3.0,3.0,0.0,52.8398,53.1723,0.3325,0.034
26.86,3.0,3.0,0.0,52.8398,53.1723,0.3325,0.18
26.87,3.0,3.0,0.0,52.8398,53.1736,0.3338,0.05
26.88,3.0,3.0,0.0,52.8398,53.1723,0.3325,0.261
26.89,3.0,3.0,0.0,52.8398,53.1723,0.3325,0.213
26.9,3.0,3.0,0.0,52.8398,53.171,0.3312,0.147
26.91,3.0,3.0,0.0,52.8398,53.171,0.3312,0.26
26.92,3.0,3.0,0.0,52.8398,53.1723,0.3325,0.244
26.93,3.0,3.0,0.0,52.8398,53.1723,0.3325,0.245
26.94,3.0,3.0,0.0,52.8398,53.1723,0.3325,0.294
26.95,3.0,3.0,0.0,52.8398,53.1736,0.3338,0.115
26.96,3.0,3.0,0.0,52.8398,53.1723,0.3325,0.326
26.97,3.0,3.0,0.0,52.8398,53.1723,0.3325,0.228
26.98,3.0,3.0,0.0,52.8398,53.1723,0.3325,0.034
26.99,3.0,3.0,0.0,52.8398,53.1723,0.3325,0.211
27.0,3.0,3.0,0.0,52.8398,53.171,0.3312,0.293
27.01,3.0,3.0,0.0,52.8398,53.1697,0.3299,0.278
27.02,3.0,3.0,0.0,52.8398,53.171,0.3312,0.067
27.03,3.0,3.0,0.0,52.8398,53.171,0.3312,0.244
27.04,3.0,3.0,0.0,52.8398,53.1723,0.3325,0.067
27.05,3.0,3.0,0.0,52.8398,53.171,0.3312,0.196
27.06,3.0,3.0,0.0,52.8398,53.171,0.3312,0.211
27.07,3.0,3.0,0.0,52.8398,53.1697,0.3299,0.197
27.08,3.0,3.0,0.0,52.8398,53.1697,0.3299,0.325
27.09,3.0,3.0,0.0,52.8398,53.171,0.3312,0.197
27.1,3.0,3.0,0.0,52.8398,53.171,0.3312,0.034
27.11,3.0,3.0,0.0,52.8398,53.1723,0.3325,0.18
27.12,3.0,3.0,0.0,52.8398,53.171,0.3312,0.342
27.13,3.0,3.0,0.0,52.8398,53.1697,0.3299,0.229
27.14,3.0,3.0,0.0,52.8398,53.171,0.3312,0.276
27.15,3.0,3.0,0.0,52.8398,53.171,0.3312,-0.031
27.16,3.0,3.0,0.0,52.8398,53.1723,0.3325,0.197
27.17,36.0,0.0,30.0,45.6986,53.1658,7.4672,0.196
27.18,36.0,0.0,30.0,45.6986,52.5815,6.8829,0.244
27.19,36.0,0.0,30.0,45.6986,51.4794,5.7808,0.294
27.2,36.0,0.0,30.0,45.6986,50.4047,4.7061,0.196
27.21,36.0,0.0,30.0,45.6986,49.3379,3.6393,0.325
27.22,36.0,0.0,30.0,45.6986,48.2306,2.532,-0.622
27.23,36.0,0.0,30.0,45.6986,47.285,1.5864,-0.328
27.24,36.0,0.0,30.0,45.6986,46.2142,0.5156,-0.547
27.25,36.0,0.0,30.0,45.6986,45.4538,-0.2448,98.615
27.26,36.0,0.0,30.0,45.6986,45.3573,-0.3413,119.723
27.27,36.0,0.0,30.0,45.6986,45.3599,-0.3387,108.674
27.28,36.0,0.0,30.0,45.6986,45.3625,-0.3361,109.241
27.29,36.0,0.0,30.0,45.6986,45.3638,-0.3348,110.536
27.3,36.0,0.0,30.0,45.6986,45.3599,-0.3387,104.83
27.31,36.0,0.0,30.0,45.6986,45.3521,-0.3465,103.481
27.32,36.0,0.0,30.0,45.6986,45.3521,-0.3465,107.822
27.33,36.0,0.0,30.0,45.6986,45.356,-0.3426,109.176
27.34,36.0,0.0,30.0,45.6986,45.3573,-0.3413,109.584
27.35,36.0,0.0,30.0,45.6986,45.3599,-0.3387,108.651
27.36,36.0,0.0,30.0,45.6986,45.3625,-0.3361,105.447
27.37,36.0,0.0,30.0,45.6986,45.3599,-0.3387,106.132
27.38,36.0,0.0,30.0,45.6986,45.3625,-0.3361,109.921
27.39,36.0,0.0,30.0,45.6986,45.3664,-0.3322,109.791
27.4,36.0,0.0,30.0,45.6986,45.3599,-0.3387,106.946
27.41,36.0,0.0,30.0,45.6986,45.3534,-0.3452,106.797
27.42,36.0,2.0,5.0,45.6986,45.3547,-0.3439,108.114
27.43,36.0,2.0,5.0,45.6986,45.3612,-0.3374,107.22
27.44,36.0,2.0,5.0,45.6986,45.3625,-0.3361,107.168
27.45,36.0,2.0,5.0,45.6986,45.3651,-0.3335,109.169
27.46,36.0,2.0,5.0,45.6986,45.3677,-0.3309,110.0
27.47,36.0,2.0,5.0,45.6986,45.3651,-0.3335,107.967
27.48,36.0,2.0,5.0,45.6986,45.3586,-0.34,106.13
27.49,36.0,2.0,5.0,45.6986,45.3573,-0.3413,106.52
27.5,36.0,2.0,5.0,45.6986,45.3599,-0.3387,107.27
27.51,36.0,2.0,5.0,45.6986,45.3638,-0.3348,108.194
27.52,36.0,2.0,5.0,45.6986,45.3651,-0.3335,107.868
27.53,36.0,2.0,5.0,45.6986,45.3651,-0.3335,107.171
27.54,36.0,2.0,5.0,45.6986,45.3625,-0.3361,107.266
27.55,36.0,2.0,5.0,45.6986,45.3625,-0.3361,106.6
27.56,36.0,2.0,5.0,45.6986,45.3599,-0.3387,105.92
27.57,36.0,2.0,5.0,45.6986,45.3586,-0.34,106.39
27.58,36.0,2.0,5.0,45.6986,45.3612,-0.3374,107.691
27.59,36.0,2.0,5.0,45.6986,45.3612,-0.3374,107.105
27.6,36.0,2.0,5.0,45.6986,45.3612,-0.3374,106.275
27.61,36.0,2.0,5.0,45.6986,45.3638,-0.3348,106.974
27.62,36.0,2.0,5.0,45.6986,45.3625,-0.3361,107.3
27.63,36.0,2.0,5.0,45.6986,45.3612,-0.3374,106.861
27.64,36.0,2.0,5.0,45.6986,45.3586,-0.34,106.926
27.65,36.0,2.0,5.0,45.6986,45.3599,-0.3387,106.845
27.66,36.0,2.0,5.0,45.6986,45.3586,-0.34,106.682
27.67,36.0,2.0,5.0,45.6986,45.3599,-0.3387,106.698
27.68,36.0,2.0,5.0,45.6986,45.3638,-0.3348,107.106
27.69,36.0,2.0,5.0,45.6986,45.3638,-0.3348,107.187
27.7,36.0,2.0,5.0,45.6986,45.3612,-0.3374,106.765
27.71,36.0,2.0,5.0,45.6986,45.3612,-0.3374,106.877
27.72,36.0,2.0,5.0,45.6986,45.3599,-0.3387,107.008
27.73,36.0,2.0,5.0,45.6986,45.3612,-0.3374,106.766
27.74,36.0,2.0,5.0,45.6986,45.3612,-0.3374,106.651
27.75,36.0,2.0,5.0,45.6986,45.3625,-0.3361,101.704
27.76,20.0,1.0,13.0,49.161,45.5477,-3.6133,2.939
27.77,4.0,0.0,21.0,52.6234,46.0329,-6.5905,1.038
27.78,4.0,0.0,21.0,52.6234,47.0007,-5.6227,-0.84
27.79,4.0,0.0,21.0,52.6234,48.0193,-4.6041,0.422
27.8,4.0,0.0,21.0,52.6234,49.0992,-3.5242,0.484
27.81,4.0,0.0,21.0,52.6234,50.1413,-2.4821,-0.434
27.82,4.0,0.0,21.0,52.6234,51.1925,-1.4309,0.164
27.83,4.0,0.0,21.0,52.6234,52.335,-0.2884,0.308
27.84,4.0,0.0,21.0,52.6234,53.0158,0.3924,-0.29
27.85,4.0,0.0,21.0,52.6234,53.1541,0.5307,0.083
27.86,4.0,0.0,21.0,52.6234,53.171,0.5476,0.278
27.87,4.0,0.0,21.0,52.6234,53.1736,0.5502,0.099
27.88,4.0,0.0,21.0,52.6234,53.1736,0.5502,0.26
27.89,4.0,0.0,21.0,52.6234,53.1658,0.5424,0.196
27.9,4.0,0.0,21.0,52.6234,53.171,0.5476,0.099
27.91,4.0,0.0,21.0,52.6234,53.171,0.5476,0.245
27.92,4.0,0.0,21.0,52.6234,53.1723,0.5489,0.035
27.93,4.0,0.0,21.0,52.6234,53.1723,0.5489,0.179
27.94,4.0,0.0,21.0,52.6234,53.1697,0.5463,0.18
27.95,4.0,0.0,21.0,52.6234,53.1645,0.5411,0.033
27.96,4.0,0.0,21.0,52.6234,53.1684,0.545,0.131
27.97,4.0,0.0,21.0,52.6234,53.1671,0.5437,0.146
27.98,4.0,0.0,21.0,52.6234,53.1645,0.5411,0.213
27.99,4.0,0.0,21.0,52.6234,53.1632,0.5398,0.277
28.0,4.0,0.0,21.0,52.6234,53.1645,0.5411,0.05
28.01,3.0,3.0,0.0,52.8398,53.1619,0.3221,0.18
28.02,3.0,3.0,0.0,52.8398,53.1619,0.3221,0.147
28.03,3.0,3.0,0.0,52.8398,53.1645,0.3247,0.196
28.04,3.0,3.0,0.0,52.8398,53.1645,0.3247,0.163
28.05,3.0,3.0,0.0,52.8398,53.1632,0.3234,0.081
28.06,3.0,3.0,0.0,52.8398,53.1671,0.3273,0.066
28.07,3.0,3.0,0.0,52.8398,53.1658,0.326,0.098
28.08,3.0,3.0,0.0,52.8398,53.1671,0.3273,0.148
28.09,3.0,3.0,0.0,52.8398,53.1658,0.326,0.325
28.1,3.0,3.0,0.0,52.8398,53.1645,0.3247,0.244
28.11,3.0,3.0,0.0,52.8398,53.1645,0.3247,0.179
28.12,3.0,3.0,0.0,52.8398,53.1658,0.326,0.147
28.13,3.0,3.0,0.0,52.8398,53.1645,0.3247,0.229
28.14,3.0,3.0,0.0,52.8398,53.1671,0.3273,0.261
28.15,3.0,3.0,0.0,52.8398,53.1671,0.3273,0.051
28.16,3.0,3.0,0.0,52.8398,53.1658,0.326,0.276
28.17,3.0,3.0,0.0,52.8398,53.1645,0.3247,0.212
28.18,3.0,3.0,0.0,52.8398,53.1632,0.3234,0.308
28.19,3.0,3.0,0.0,52.8398,53.1645,0.3247,0.278
28.2,3.0,3.0,0.0,52.8398,53.1658,0.326,0.229
28.21,3.0,3.0,0.0,52.8398,53.1645,0.3247,0.326
28.22,3.0,3.0,0.0,52.8398,53.1658,0.326,0.178
28.23,3.0,3.0,0.0,52.8398,53.1658,0.326,0.341
28.24,3.0,3.0,0.0,52.8398,53.1645,0.3247,0.244
28.25,3.0,3.0,0.0,52.8398,53.1658,0.326,0.147
28.26,3.0,3.0,0.0,52.8398,53.1645,0.3247,0.276
28.27,3.0,3.0,0.0,52.8398,53.1619,0.3221,0.05
28.28,3.0,3.0,0.0,52.8398,53.1619,0.3221,0.13
28.29,3.0,3.0,0.0,52.8398,53.1632,0.3234,0.244
28.3,3.0,3.0,0.0,52.8398,53.1632,0.3234,0.227
28.31,3.0,3.0,0.0,52.8398,53.1619,0.3221,0.212
28.32,3.0,3.0,0.0,52.8398,53.1645,0.3247,0.196
28.33,3.0,3.0,0.0,52.8398,53.1632,0.3234,0.245
28.34,3.0,3.0,0.0,52.8398,53.1632,0.3234,0.131
28.35,3.0,3.0,0.0,52.8398,53.1619,0.3221,0.292
28.36,3.0,3.0,0.0,52.8398,53.1632,0.3234,0.309
28.37,3.0,3.0,0.0,52.8398,53.1632,0.3234,0.196
28.38,3.0,3.0,0.0,52.8398,53.1619,0.3221,0.358
28.39,3.0,3.0,0.0,52.8398,53.1606,0.3208,0.358
28.4,3.0,3.0,0.0,52.8398,53.1606,0.3208,0.244
28.41,3.0,3.0,0.0,52.8398,53.1606,0.3208,0.212
28.42,3.0,3.0,0.0,52.8398,53.1619,0.3221,0.213
28.43,3.0,3.0,0.0,52.8398,53.1619,0.3221,0.131
28.44,3.0,3.0,0.0,52.8398,53.1632,0.3234,0.163
28.45,3.0,3.0,0.0,52.8398,53.1619,0.3221,0.115
28.46,3.0,3.0,0.0,52.8398,53.1619,0.3221,0.211
28.47,3.0,3.0,0.0,52.8398,53.1606,0.3208,0.212
28.48,3.0,3.0,0.0,52.8398,53.1619,0.3221,0.017
28.49,3.0,3.0,0.0,52.8398,53.1593,0.3195,0.195
28.5,3.0,3.0,0.0,52.8398,53.1593,0.3195,0.228
28.51,3.0,3.0,0.0,52.8398,53.1606,0.3208,0.164
28.52,3.0,3.0,0.0,52.8398,53.1619,0.3221,0.164
28.53,3.0,3.0,0.0,52.8398,53.1606,0.3208,0.066
28.54,3.0,3.0,0.0,52.8398,53.1619,0.3221,0.115
28.55,3.0,3.0,0.0,52.8398,53.1606,0.3208,0.197
28.56,3.0,3.0,0.0,52.8398,53.1606,0.3208,0.213
28.57,3.0,3.0,0.0,52.8398,53.1593,0.3195,0.229
28.58,3.0,3.0,0.0,52.8398,53.158,0.3182,0.196
28.59,3.0,3.0,0.0,52.8398,53.1593,0.3195,0.18
28.6,3.0,3.0,0.0,52.8398,53.158,0.3182,0.099
28.61,3.0,3.0,0.0,52.8398,53.158,0.3182,0.246
28.62,3.0,3.0,0.0,52.8398,53.1593,0.3195,0.229
28.63,3.0,3.0,0.0,52.8398,53.1593,0.3195,0.26
28.64,3.0,3.0,0.0,52.8398,53.1593,0.3195,0.292
28.65,3.0,3.0,0.0,52.8398,53.1606,0.3208,0.05
28.66,3.0,3.0,0.0,52.8398,53.1593,0.3195,0.245
28.67,3.0,3.0,0.0,52.8398,53.1593,0.3195,0.26
28.68,3.0,3.0,0.0,52.8398,53.158,0.3182,0.082
28.69,3.0,3.0,0.0,52.8398,53.158,0.3182,0.244
28.7,3.0,3.0,0.0,52.8398,53.1567,0.3169,0.26
28.71,3.0,3.0,0.0,52.8398,53.158,0.3182,0.228
28.72,3.0,3.0,0.0,52.8398,53.1567,0.3169,0.195
28.73,3.0,3.0,0.0,52.8398,53.158,0.3182,0.244
28.74,3.0,3.0,0.0,52.8398,53.1593,0.3195,0.18
28.75,3.0,3.0,0.0,52.8398,53.1606,0.3208,0.326
28.76,3.0,3.0,0.0,52.8398,53.158,0.3182,0.341
28.77,3.0,3.0,0.0,52.8398,53.158,0.3182,0.05
28.78,3.0,3.0,0.0,52.8398,53.158,0.3182,0.357
28.79,3.0,3.0,0.0,52.8398,53.1567,0.3169,0.26
28.8,3.0,3.0,0.0,52.8398,53.1567,0.3169,0.083
28.81,3.0,3.0,0.0,52.8398,53.158,0.3182,0.244
28.82,3.0,3.0,0.0,52.8398,53.158,0.3182,0.26
28.83,3.0,3.0,16.0,52.8398,53.1554,0.3156,0.308
28.84,36.0,0.0,32.0,45.6986,52.8254,7.1268,0.229
28.85,36.0,0.0,32.0,45.6986,51.3425,5.6439,0.211
28.86,36.0,0.0,32.0,45.6986,49.7865,4.0879,0.391
28.87,36.0,0.0,32.0,45.6986,48.3036,2.605,0.377
28.88,36.0,0.0,32.0,45.6986,46.9485,1.2499,-0.73
28.89,36.0,0.0,32.0,45.6986,45.6299,-0.0687,107.07
28.9,36.0,0.0,32.0,45.6986,45.3012,-0.3974,146.197
28.91,36.0,0.0,32.0,45.6986,45.3195,-0.3791,135.846
28.92,36.0,0.0,32.0,45.6986,45.313,-0.3856,137.546
28.93,36.0,0.0,32.0,45.6986,45.3077,-0.3909,137.893
28.94,36.0,0.0,32.0,45.6986,45.3104,-0.3882,132.767
28.95,36.0,0.0,32.0,45.6986,45.3064,-0.3922,131.185
28.96,36.0,0.0,32.0,45.6986,45.2999,-0.3987,133.998
28.97,36.0,0.0,32.0,45.6986,45.3051,-0.3935,135.075
28.98,36.0,0.0,32.0,45.6986,45.3064,-0.3922,139.006
28.99,36.0,0.0,32.0,45.6986,45.3051,-0.3935,139.589
29.0,36.0,0.0,32.0,45.6986,45.313,-0.3856,134.483
29.01,36.0,0.0,32.0,45.6986,45.313,-0.3856,133.892
29.02,36.0,0.0,32.0,45.6986,45.3064,-0.3922,137.329
29.03,36.0,0.0,32.0,45.6986,45.313,-0.3856,137.884
29.04,36.0,0.0,32.0,45.6986,45.3169,-0.3817,136.872
29.05,36.0,0.0,32.0,45.6986,45.3104,-0.3882,136.288
29.06,36.0,0.0,32.0,45.6986,45.3064,-0.3922,135.8
29.07,36.0,0.0,32.0,45.6986,45.3117,-0.3869,135.685
29.08,36.0,2.0,4.0,45.6986,45.3117,-0.3869,136.122
29.09,36.0,2.0,4.0,45.6986,45.313,-0.3856,136.837
29.1,36.0,2.0,4.0,45.6986,45.3182,-0.3804,137.41
29.11,36.0,2.0,4.0,45.6986,45.3169,-0.3817,138.043
29.12,36.0,2.0,4.0,45.6986,45.3117,-0.3869,135.7
29.13,36.0,2.0,4.0,45.6986,45.309,-0.3896,133.734
29.14,36.0,2.0,4.0,45.6986,45.309,-0.3896,135.212
29.15,36.0,2.0,4.0,45.6986,45.3117,-0.3869,136.823
29.16,36.0,2.0,4.0,45.6986,45.3143,-0.3843,136.236
29.17,36.0,2.0,4.0,45.6986,45.3143,-0.3843,135.392
29.18,36.0,2.0,4.0,45.6986,45.3117,-0.3869,135.555
29.19,36.0,2.0,4.0,45.6986,45.3117,-0.3869,135.082
29.2,36.0,2.0,4.0,45.6986,45.3117,-0.3869,134.401
29.21,36.0,2.0,4.0,45.6986,45.3104,-0.3882,134.953
29.22,36.0,2.0,4.0,45.6986,45.3117,-0.3869,135.23
29.23,36.0,2.0,4.0,45.6986,45.313,-0.3856,135.084
29.24,36.0,2.0,4.0,45.6986,45.3117,-0.3869,134.903
29.25,36.0,2.0,4.0,45.6986,45.3117,-0.3869,134.498
29.26,36.0,2.0,4.0,45.6986,45.3143,-0.3843,135.164
29.27,36.0,2.0,4.0,45.6986,45.3143,-0.3843,135.262
29.28,36.0,2.0,4.0,45.6986,45.3117,-0.3869,135.23
29.29,36.0,2.0,4.0,45.6986,45.3104,-0.3882,134.954
29.3,36.0,2.0,4.0,45.6986,45.3104,-0.3882,134.597
29.31,36.0,2.0,4.0,45.6986,45.313,-0.3856,134.824
29.32,36.0,2.0,4.0,45.6986,45.313,-0.3856,134.938
29.33,36.0,2.0,4.0,45.6986,45.3143,-0.3843,135.391
29.34,36.0,2.0,4.0,45.6986,45.313,-0.3856,135.294
29.35,36.0,2.0,4.0,45.6986,45.3117,-0.3869,134.954
29.36,36.0,2.0,4.0,45.6986,45.3117,-0.3869,134.84
29.37,36.0,2.0,4.0,45.6986,45.313,-0.3856,134.825
29.38,36.0,2.0,4.0,45.6986,45.313,-0.3856,134.906
29.39,36.0,2.0,4.0,45.6986,45.3143,-0.3843,134.824
29.4,36.0,2.0,4.0,45.6986,45.3143,-0.3843,135.197
29.41,36.0,2.0,4.0,45.6986,45.313,-0.3856,135.099
29.42,4.0,0.0,6.0,52.6234,45.3834,-7.24,12.461
29.43,4.0,0.0,6.0,52.6234,45.7264,-6.897,-0.113
29.44,4.0,0.0,6.0,52.6234,46.5781,-6.0453,0.549
29.45,4.0,0.0,6.0,52.6234,47.5667,-5.0567,-0.211
29.46,4.0,0.0,6.0,52.6234,48.6166,-4.0068,-0.27
29.47,4.0,0.0,6.0,52.6234,49.6757,-2.9477,0.34
29.48,4.0,0.0,6.0,52.6234,50.753,-1.8704,0.034
29.49,4.0,0.0,6.0,52.6234,51.8524,-0.771,-0.047
29.5,4.0,0.0,6.0,52.6234,52.858,0.2346,0.196
29.51,4.0,0.0,6.0,52.6234,53.1254,0.502,-0.112
29.52,4.0,0.0,6.0,52.6234,53.1723,0.5489,0.05
29.53,4.0,0.0,6.0,52.6234,53.1723,0.5489,0.13
29.54,4.0,0.0,6.0,52.6234,53.1736,0.5502,-0.064
29.55,4.0,0.0,6.0,52.6234,53.1763,0.5529,0.066
29.56,4.0,0.0,6.0,52.6234,53.1776,0.5542,0.18
29.57,4.0,0.0,6.0,52.6234,53.188,0.5646,-0.048
29.58,4.0,0.0,6.0,52.6234,53.1919,0.5685,0.309
29.59,4.0,0.0,6.0,52.6234,53.1919,0.5685,0.066
29.6,4.0,0.0,6.0,52.6234,53.1906,0.5672,-0.064
29.61,4.0,0.0,6.0,52.6234,53.1893,0.5659,0.049
29.62,4.0,0.0,6.0,52.6234,53.1815,0.5581,0.065
29.63,4.0,0.0,6.0,52.6234,53.1802,0.5568,0.033
29.64,4.0,0.0,6.0,52.6234,53.1776,0.5542,0.116
29.65,4.0,0.0,6.0,52.6234,53.1763,0.5529,0.18
29.66,3.0,3.0,0.0,52.8398,53.1763,0.3365,0.132
29.67,3.0,3.0,0.0,52.8398,53.1802,0.3404,0.066
29.68,3.0,3.0,0.0,52.8398,53.1815,0.3417,0.244
29.69,3.0,3.0,0.0,52.8398,53.1841,0.3443,0.196
29.7,3.0,3.0,0.0,52.8398,53.1841,0.3443,0.082
29.71,3.0,3.0,0.0,52.8398,53.1841,0.3443,0.26
29.72,3.0,3.0,0.0,52.8398,53.188,0.3482,0.229
29.73,3.0,3.0,0.0,52.8398,53.1906,0.3508,0.098
29.74,3.0,3.0,0.0,52.8398,53.1906,0.3508,0.261
29.75,3.0,3.0,0.0,52.8398,53.1919,0.3521,0.196
29.76,3.0,3.0,0.0,52.8398,53.1893,0.3495,0.116
29.77,3.0,3.0,0.0,52.8398,53.188,0.3482,0.147
29.78,3.0,3.0,0.0,52.8398,53.1893,0.3495,0.131
29.79,3.0,3.0,0.0,52.8398,53.188,0.3482,0.212
29.8,3.0,3.0,0.0,52.8398,53.188,0.3482,0.115
29.81,3.0,3.0,0.0,52.8398,53.188,0.3482,0.228
29.82,3.0,3.0,0.0,52.8398,53.1867,0.3469,0.164
29.83,3.0,3.0,0.0,52.8398,53.1867,0.3469,0.245
29.84,3.0,3.0,0.0,52.8398,53.1867,0.3469,0.164
29.85,3.0,3.0,0.0,52.8398,53.1867,0.3469,0.147
29.86,3.0,3.0,0.0,52.8398,53.1893,0.3495,0.259
29.87,3.0,3.0,0.0,52.8398,53.1893,0.3495,0.226
29.88,3.0,3.0,0.0,52.8398,53.1893,0.3495,0.18
29.89,3.0,3.0,0.0,52.8398,53.1893,0.3495,0.083
29.9,3.0,3.0,0.0,52.8398,53.1906,0.3508,0.294
29.91,3.0,3.0,0.0,52.8398,53.1893,0.3495,0.276
29.92,3.0,3.0,0.0,52.8398,53.188,0.3482,0.308
29.93,3.0,3.0,0.0,52.8398,53.188,0.3482,0.261
29.94,3.0,3.0,0.0,52.8398,53.1867,0.3469,0.245
29.95,3.0,3.0,0.0,52.8398,53.188,0.3482,0.099
29.96,3.0,3.0,0.0,52.8398,53.1867,0.3469,-0.015
29.97,3.0,3.0,0.0,52.8398,53.188,0.3482,0.115
29.98,3.0,3.0,0.0,52.8398,53.1893,0.3495,0.228
29.99,3.0,3.0,0.0,52.8398,53.1893,0.3495,0.261
30.0,3.0,3.0,0.0,52.8398,53.188,0.3482,0.228
30.01,3.0,3.0,0.0,52.8398,53.188,0.3482,0.31
30.02,3.0,3.0,0.0,52.8398,53.188,0.3482,0.196
30.03,3.0,3.0,0.0,52.8398,53.1893,0.3495,0.18
30.04,3.0,3.0,0.0,52.8398,53.188,0.3482,0.324
30.05,3.0,3.0,0.0,52.8398,53.1867,0.3469,0.358
30.06,3.0,3.0,0.0,52.8398,53.1867,0.3469,0.359
30.07,3.0,3.0,0.0,52.8398,53.1867,0.3469,0.212
30.08,3.0,3.0,0.0,52.8398,53.1867,0.3469,0.26
30.09,3.0,3.0,0.0,52.8398,53.1867,0.3469,0.131
30.1,3.0,3.0,0.0,52.8398,53.1867,0.3469,0.228
30.11,3.0,3.0,0.0,52.8398,53.1867,0.3469,0.195
30.12,3.0,3.0,0.0,52.8398,53.1854,0.3456,0.212
30.13,3.0,3.0,0.0,52.8398,53.1854,0.3456,0.26
30.14,3.0,3.0,0.0,52.8398,53.1867,0.3469,0.277
30.15,3.0,3.0,0.0,52.8398,53.1854,0.3456,0.082
30.16,3.0,3.0,0.0,52.8398,53.1841,0.3443,0.164
30.17,3.0,3.0,0.0,52.8398,53.1841,0.3443,0.18
30.18,3.0,3.0,0.0,52.8398,53.1841,0.3443,0.212
30.19,3.0,3.0,0.0,52.8398,53.1841,0.3443,0.31
30.2,3.0,3.0,0.0,52.8398,53.1867,0.3469,0.18
30.21,3.0,3.0,0.0,52.8398,53.1867,0.3469,0.195
30.22,3.0,3.0,0.0,52.8398,53.1867,0.3469,0.148
30.23,3.0,3.0,0.0,52.8398,53.1867,0.3469,0.196
30.24,3.0,3.0,0.0,52.8398,53.1854,0.3456,0.228
30.25,3.0,3.0,0.0,52.8398,53.1867,0.3469,0.131
30.26,3.0,3.0,0.0,52.8398,53.1867,0.3469,0.341
30.27,3.0,3.0,0.0,52.8398,53.1854,0.3456,0.194
30.28,3.0,3.0,0.0,52.8398,53.1854,0.3456,0.293
30.29,3.0,3.0,0.0,52.8398,53.1841,0.3443,0.229
30.3,3.0,3.0,0.0,52.8398,53.1854,0.3456,0.116
30.31,3.0,3.0,0.0,52.8398,53.1854,0.3456,0.228
30.32,3.0,3.0,0.0,52.8398,53.188,0.3482,0.163
30.33,3.0,3.0,0.0,52.8398,53.1867,0.3469,0.18
30.34,3.0,3.0,0.0,52.8398,53.188,0.3482,0.196
30.35,3.0,3.0,0.0,52.8398,53.1854,0.3456,0.211
30.36,3.0,3.0,0.0,52.8398,53.1867,0.3469,0.229
30.37,3.0,3.0,0.0,52.8398,53.1854,0.3456,0.18
30.38,3.0,3.0,0.0,52.8398,53.1841,0.3443,0.228
30.39,3.0,3.0,0.0,52.8398,53.1841,0.3443,0.212
30.4,3.0,3.0,0.0,52.8398,53.1841,0.3443,0.293
30.41,3.0,3.0,0.0,52.8398,53.1828,0.343,0.114
30.42,3.0,3.0,0.0,52.8398,53.1841,0.3443,0.132
30.43,3.0,3.0,0.0,52.8398,53.1841,0.3443,0.197
30.44,3.0,3.0,0.0,52.8398,53.1854,0.3456,0.326
30.45,3.0,3.0,0.0,52.8398,53.1841,0.3443,0.146
30.46,3.0,3.0,0.0,52.8398,53.1854,0.3456,0.229
30.47,3.0,3.0,0.0,52.8398,53.1841,0.3443,0.196
30.48,3.0,3.0,0.0,52.8398,53.1841,0.3443,0.164
30.49,3.0,3.0,0.0,52.8398,53.1176,0.2778,0.245
30.5,36.0,2.0,0.0,45.6986,51.8746,6.176,0.18
30.51,36.0,2.0,0.0,45.6986,50.3734,4.6748,0.179
30.52,36.0,2.0,0.0,45.6986,48.8605,3.1619,0.211
30.53,36.0,2.0,0.0,45.6986,47.418,1.7194,0.098
30.54,36.0,2.0,0.0,45.6986,46.029,0.3304,36.183
30.55,36.0,2.0,0.0,45.6986,45.3404,-0.3582,142.53
30.56,36.0,2.0,0.0,45.6986,45.3247,-0.3739,142.943
30.57,36.0,2.0,0.0,45.6986,45.3143,-0.3843,143.745
30.58,36.0,2.0,0.0,45.6986,45.3077,-0.3909,138.485
30.59,36.0,2.0,0.0,45.6986,45.3182,-0.3804,136.519
30.6,36.0,2.0,0.0,45.6986,45.3182,-0.3804,133.168
30.61,36.0,2.0,0.0,45.6986,45.3077,-0.3909,131.464
30.62,36.0,2.0,0.0,45.6986,45.313,-0.3856,134.358
30.63,36.0,2.0,0.0,45.6986,45.3156,-0.383,138.648
30.64,36.0,2.0,0.0,45.6986,45.3117,-0.3869,138.403
30.65,36.0,2.0,0.0,45.6986,45.3195,-0.3791,135.571
30.66,36.0,2.0,0.0,45.6986,45.3247,-0.3739,134.787
30.67,36.0,2.0,0.0,45.6986,45.3143,-0.3843,135.666
30.68,36.0,2.0,0.0,45.6986,45.3182,-0.3804,138.173
30.69,36.0,2.0,0.0,45.6986,45.3247,-0.3739,139.308
30.7,36.0,2.0,0.0,45.6986,45.3156,-0.383,136.628
30.71,36.0,2.0,0.0,45.6986,45.3104,-0.3882,134.823
30.72,36.0,2.0,0.0,45.6986,45.3169,-0.3817,136.48
30.73,36.0,2.0,0.0,45.6986,45.3208,-0.3778,137.046
30.74,36.0,2.0,0.0,45.6986,45.3195,-0.3791,136.462
30.75,36.0,2.0,0.0,45.6986,45.3234,-0.3752,137.716
30.76,36.0,2.0,0.0,45.6986,45.3247,-0.3739,138.806
30.77,36.0,2.0,0.0,45.6986,45.3156,-0.383,136.448
30.78,36.0,2.0,0.0,45.6986,45.313,-0.3856,134.659
30.79,36.0,2.0,0.0,45.6986,45.3143,-0.3843,136.106
30.8,36.0,2.0,0.0,45.6986,45.3169,-0.3817,137.099
30.81,36.0,2.0,0.0,45.6986,45.3195,-0.3791,137.389
30.82,36.0,2.0,0.0,45.6986,45.3208,-0.3778,136.837
30.83,34.1,1.9,0.4,46.1059,45.3195,-0.7865,127.344
30.84,24.7,1.3,2.1,48.1426,45.4747,-2.668,1.674
30.85,15.3,0.7,3.9,50.1794,45.8699,-4.3095,0.967
30.86,5.9,0.1,5.6,52.2161,46.8246,-5.3915,0.034
30.87,4.0,0.0,6.0,52.6234,47.8028,-4.8206,-0.546
30.88,4.0,0.0,6.0,52.6234,48.8905,-3.7329,0.518
30.89,4.0,0.0,6.0,52.6234,49.96,-2.6634,-0.113
30.9,4.0,0.0,6.0,52.6234,51.019,-1.6044,-0.419
30.91,4.0,0.0,6.0,52.6234,52.1537,-0.4697,0.357
30.92,4.0,0.0,6.0,52.6234,53.0106,0.3872,0.147
30.93,4.0,0.0,6.0,52.6234,53.141,0.5176,0.115
30.94,4.0,0.0,6.0,52.6234,53.1697,0.5463,0.39
30.95,4.0,0.0,6.0,52.6234,53.1697,0.5463,-0.161
30.96,4.0,0.0,6.0,52.6234,53.1697,0.5463,0.18
30.97,4.0,0.0,6.0,52.6234,53.1684,0.545,0.341
30.98,4.0,0.0,6.0,52.6234,53.1749,0.5515,-0.015
30.99,4.0,0.0,6.0,52.6234,53.1802,0.5568,0.148
31.0,4.0,0.0,6.0,52.6234,53.1815,0.5581,-0.08
31.01,4.0,0.0,6.0,52.6234,53.1776,0.5542,0.132
31.02,4.0,0.0,6.0,52.6234,53.1763,0.5529,0.082
31.03,4.0,0.0,6.0,52.6234,53.1723,0.5489,0.05
31.04,4.0,0.0,6.0,52.6234,53.1632,0.5398,0.245
31.05,4.0,0.0,6.0,52.6234,53.1619,0.5385,0.18
31.06,4.0,0.0,6.0,52.6234,53.1684,0.545,0.115
31.07,4.0,0.0,6.0,52.6234,53.171,0.5476,0.066
31.08,3.0,3.0,0.0,52.8398,53.1749,0.3351,0.034
31.09,3.0,3.0,0.0,52.8398,53.1776,0.3378,0.292
31.1,3.0,3.0,0.0,52.8398,53.1763,0.3365,0.277
31.11,3.0,3.0,0.0,52.8398,53.1763,0.3365,0.148
31.12,3.0,3.0,0.0,52.8398,53.1763,0.3365,-0.064
31.13,3.0,3.0,0.0,52.8398,53.1749,0.3351,0.034
31.14,3.0,3.0,0.0,52.8398,53.1749,0.3351,-0.048
31.15,3.0,3.0,0.0,52.8398,53.1763,0.3365,0.276
31.16,3.0,3.0,0.0,52.8398,53.1763,0.3365,0.276
31.17,3.0,3.0,0.0,52.8398,53.1763,0.3365,0.048
31.18,3.0,3.0,0.0,52.8398,53.1736,0.3338,0.18
31.19,3.0,3.0,0.0,52.8398,53.171,0.3312,0.163
31.2,3.0,3.0,0.0,52.8398,53.1697,0.3299,0.098
31.21,3.0,3.0,0.0,52.8398,53.171,0.3312,0.293
31.22,3.0,3.0,0.0,52.8398,53.1749,0.3351,0.244
31.23,3.0,3.0,0.0,52.8398,53.1776,0.3378,0.099
31.24,3.0,3.0,0.0,52.8398,53.1789,0.3391,0.017
31.25,3.0,3.0,0.0,52.8398,53.1789,0.3391,0.099
31.26,3.0,3.0,0.0,52.8398,53.1776,0.3378,0.13
31.27,3.0,3.0,0.0,52.8398,53.1763,0.3365,0.26
31.28,3.0,3.0,0.0,52.8398,53.1763,0.3365,0.05
31.29,3.0,3.0,0.0,52.8398,53.1763,0.3365,0.244
31.3,3.0,3.0,0.0,52.8398,53.1749,0.3351,0.326
31.31,3.0,3.0,0.0,52.8398,53.1749,0.3351,0.067
31.32,3.0,3.0,0.0,52.8398,53.1736,0.3338,0.131
31.33,3.0,3.0,0.0,52.8398,53.1749,0.3351,0.228
31.34,3.0,3.0,0.0,52.8398,53.1723,0.3325,0.212
31.35,3.0,3.0,0.0,52.8398,53.1723,0.3325,0.162
31.36,3.0,3.0,0.0,52.8398,53.1749,0.3351,0.358
31.37,3.0,3.0,0.0,52.8398,53.1763,0.3365,0.195
31.38,3.0,3.0,0.0,52.8398,53.1763,0.3365,0.195
31.39,3.0,3.0,0.0,52.8398,53.1776,0.3378,0.213
31.4,3.0,3.0,0.0,52.8398,53.1763,0.3365,0.115
31.41,3.0,3.0,0.0,52.8398,53.1749,0.3351,0.308
31.42,3.0,3.0,0.0,52.8398,53.1749,0.3351,0.098
31.43,3.0,3.0,0.0,52.8398,53.1749,0.3351,0.065
31.44,3.0,3.0,0.0,52.8398,53.1763,0.3365,0.164
31.45,3.0,3.0,0.0,52.8398,53.1776,0.3378,0.05
31.46,3.0,3.0,0.0,52.8398,53.1789,0.3391,0.164
31.47,3.0,3.0,0.0,52.8398,53.1789,0.3391,0.033
31.48,3.0,3.0,0.0,52.8398,53.1776,0.3378,0.164
31.49,3.0,3.0,0.0,52.8398,53.1763,0.3365,0.162
31.5,3.0,3.0,0.0,52.8398,53.1749,0.3351,0.132
31.51,3.0,3.0,0.0,52.8398,53.1763,0.3365,0.356
31.52,3.0,3.0,0.0,52.8398,53.1736,0.3338,0.292
31.53,3.0,3.0,0.0,52.8398,53.1749,0.3351,-0.015
31.54,3.0,3.0,0.0,52.8398,53.1749,0.3351,0.164
31.55,3.0,3.0,0.0,52.8398,53.1749,0.3351,0.228
31.56,3.0,3.0,0.0,52.8398,53.1749,0.3351,0.292
31.57,3.0,3.0,0.0,52.8398,53.1749,0.3351,0.164
31.58,3.0,3.0,0.0,52.8398,53.1749,0.3351,0.244
31.59,3.0,3.0,0.0,52.8398,53.1749,0.3351,0.195
31.6,3.0,3.0,0.0,52.8398,53.1736,0.3338,0.147
31.61,3.0,3.0,0.0,52.8398,53.1749,0.3351,0.082
31.62,3.0,3.0,0.0,52.8398,53.1749,0.3351,0.228
31.63,3.0,3.0,0.0,52.8398,53.1736,0.3338,0.292
31.64,3.0,3.0,0.0,52.8398,53.1749,0.3351,0.115
31.65,3.0,3.0,0.0,52.8398,53.1736,0.3338,0.178
31.66,3.0,3.0,0.0,52.8398,53.1749,0.3351,0.034
31.67,3.0,3.0,0.0,52.8398,53.1749,0.3351,0.195
31.68,3.0,3.0,0.0,52.8398,53.1763,0.3365,0.212
31.69,3.0,3.0,0.0,52.8398,53.1763,0.3365,0.358
31.7,3.0,3.0,0.0,52.8398,53.1749,0.3351,0.132
31.71,3.0,3.0,0.0,52.8398,53.1736,0.3338,0.131
31.72,3.0,3.0,0.0,52.8398,53.1736,0.3338,0.228
31.73,3.0,3.0,0.0,52.8398,53.1736,0.3338,0.18
31.74,3.0,3.0,0.0,52.8398,53.1736,0.3338,0.308
31.75,3.0,3.0,0.0,52.8398,53.1736,0.3338,0.196
31.76,3.0,3.0,0.0,52.8398,53.1749,0.3351,0.275
31.77,3.0,3.0,0.0,52.8398,53.1736,0.3338,0.228
31.78,3.0,3.0,0.0,52.8398,53.1736,0.3338,0.115
31.79,3.0,3.0,0.0,52.8398,53.1723,0.3325,0.245
31.8,3.0,3.0,0.0,52.8398,53.1723,0.3325,0.308
31.81,3.0,3.0,0.0,52.8398,53.1736,0.3338,0.147
31.82,3.0,3.0,0.0,52.8398,53.1736,0.3338,0.324
31.83,3.0,3.0,0.0,52.8398,53.1723,0.3325,0.162
31.84,3.0,3.0,0.0,52.8398,53.1736,0.3338,0.228
31.85,3.0,3.0,0.0,52.8398,53.1736,0.3338,0.406
31.86,3.0,3.0,0.0,52.8398,53.1736,0.3338,0.245
31.87,3.0,3.0,0.0,52.8398,53.1736,0.3338,0.229
31.88,3.0,3.0,0.0,52.8398,53.1736,0.3338,0.114
31.89,3.0,3.0,0.0,52.8398,53.1736,0.3338,0.243
31.9,3.0,3.0,2.7,52.8398,53.1736,0.3338,0.114
31.91,37.0,2.0,4.0,45.4822,52.8241,7.3419,0.228
31.92,37.0,2.0,4.0,45.4822,50.9108,5.4286,0.326
31.93,37.0,2.0,4.0,45.4822,49.0105,3.5283,0.099
31.94,37.0,2.0,4.0,45.4822,47.2224,1.7402,-0.273
31.95,37.0,2.0,4.0,45.4822,45.5908,0.1086,140.45
31.96,37.0,2.0,4.0,45.4822,45.2477,-0.2345,175.794
31.97,37.0,2.0,4.0,45.4822,45.2712,-0.211,157.782
31.98,37.0,2.0,4.0,45.4822,45.2738,-0.2084,163.555
31.99,37.0,2.0,4.0,45.4822,45.2621,-0.2201,164.939
32.0,37.0,2.0,4.0,45.4822,45.2699,-0.2123,157.721
32.01,37.0,2.0,4.0,45.4822,45.2699,-0.2123,158.56
32.02,37.0,2.0,4.0,45.4822,45.2595,-0.2227,163.125
32.03,37.0,2.0,4.0,45.4822,45.2634,-0.2188,161.91
32.04,37.0,2.0,4.0,45.4822,45.266,-0.2162,166.15
32.05,37.0,2.0,4.0,45.4822,45.2621,-0.2201,167.481
32.06,37.0,2.0,4.0,45.4822,45.2738,-0.2084,160.831
32.07,37.0,2.0,4.0,45.4822,45.2738,-0.2084,160.761
32.08,37.0,2.0,4.0,45.4822,45.2647,-0.2175,165.314
32.09,37.0,2.0,4.0,45.4822,45.2699,-0.2123,164.881
32.1,37.0,2.0,4.0,45.4822,45.2764,-0.2058,164.129
32.11,37.0,2.0,4.0,45.4822,45.2621,-0.2201,164.663
32.12,37.0,2.0,4.0,45.4822,45.2595,-0.2227,162.796
32.13,37.0,2.0,4.0,45.4822,45.2686,-0.2136,162.585
32.14,37.0,2.0,4.0,45.4822,45.2699,-0.2123,164.141
32.15,37.0,2.0,4.0,45.4822,45.2699,-0.2123,164.581
32.16,37.0,2.0,4.0,45.4822,45.2751,-0.2071,164.228
32.17,37.0,2.0,4.0,45.4822,45.2712,-0.211,165.314
32.18,37.0,2.0,4.0,45.4822,45.2647,-0.2175,163.657
32.19,37.0,2.0,4.0,45.4822,45.2647,-0.2175,161.592
32.2,37.0,2.0,4.0,45.4822,45.266,-0.2162,162.876
32.21,37.0,2.0,4.0,45.4822,45.2686,-0.2136,164.94
32.22,37.0,2.0,4.0,45.4822,45.2712,-0.211,164.339
32.23,37.0,2.0,4.0,45.4822,45.2751,-0.2071,163.461
32.24,37.0,2.0,4.0,45.4822,45.2686,-0.2136,163.608
32.25,6.0,0.0,12.0,52.1906,45.2973,-6.8933,133.609
32.26,6.0,0.0,12.0,52.1906,45.566,-6.6246,0.9
32.27,6.0,0.0,12.0,52.1906,46.1138,-6.0768,-0.402
32.28,6.0,0.0,12.0,52.1906,47.0776,-5.113,-0.158
32.29,6.0,0.0,12.0,52.1906,48.0597,-4.1309,0.517
32.3,6.0,0.0,12.0,52.1906,49.1174,-3.0732,-0.275
32.31,6.0,0.0,12.0,52.1906,50.1948,-1.9958,-0.144
32.32,6.0,0.0,12.0,52.1906,51.2708,-0.9198,0.308
32.33,6.0,0.0,12.0,52.1906,52.352,0.1614,-0.161
32.34,6.0,0.0,12.0,52.1906,53.0706,0.88,0.1
32.35,6.0,0.0,12.0,52.1906,53.1606,0.97,0.098
32.36,6.0,0.0,12.0,52.1906,53.1593,0.9687,-0.015
32.37,6.0,0.0,12.0,52.1906,53.1567,0.9661,0.13
32.38,6.0,0.0,12.0,52.1906,53.1567,0.9661,0.097
32.39,6.0,0.0,12.0,52.1906,53.158,0.9674,-0.015
32.4,6.0,0.0,12.0,52.1906,53.1658,0.9752,0.26
32.41,6.0,0.0,12.0,52.1906,53.1749,0.9843,0.244
32.42,6.0,0.0,12.0,52.1906,53.1815,0.9909,0.033
32.43,6.0,0.0,12.0,52.1906,53.1802,0.9896,0.114
32.44,6.0,0.0,12.0,52.1906,53.1789,0.9883,0.017
32.45,6.0,0.0,12.0,52.1906,53.1684,0.9778,0.067
32.46,6.0,0.0,12.0,52.1906,53.1645,0.9739,0.131
32.47,6.0,0.0,12.0,52.1906,53.1619,0.9713,0.164
32.48,6.0,0.0,12.0,52.1906,53.1619,0.9713,0.099
32.49,6.0,0.0,4.0,52.1906,53.1619,0.9713,0.179
32.5,3.0,3.0,0.0,52.8398,53.1658,0.326,0.131
32.51,3.0,3.0,0.0,52.8398,53.1697,0.3299,0.131
32.52,3.0,3.0,0.0,52.8398,53.1697,0.3299,0.13
32.53,3.0,3.0,0.0,52.8398,53.1723,0.3325,0.13
32.54,3.0,3.0,0.0,52.8398,53.1723,0.3325,0.293
32.55,3.0,3.0,0.0,52.8398,53.1763,0.3365,0.131
32.56,3.0,3.0,0.0,52.8398,53.1802,0.3404,0.18
32.57,3.0,3.0,0.0,52.8398,53.1815,0.3417,0.098
32.58,3.0,3.0,0.0,52.8398,53.1815,0.3417,0.083
32.59,3.0,3.0,0.0,52.8398,53.1789,0.3391,0.26
32.6,3.0,3.0,0.0,52.8398,53.1763,0.3365,0.164
32.61,3.0,3.0,0.0,52.8398,53.1749,0.3351,0.357
32.62,3.0,3.0,0.0,52.8398,53.1736,0.3338,0.164
32.63,3.0,3.0,0.0,52.8398,53.1749,0.3351,0.276
32.64,3.0,3.0,0.0,52.8398,53.1763,0.3365,0.196
32.65,3.0,3.0,0.0,52.8398,53.1749,0.3351,0.212
32.66,3.0,3.0,0.0,52.8398,53.1763,0.3365,0.211
32.67,3.0,3.0,0.0,52.8398,53.1763,0.3365,0.18
32.68,3.0,3.0,0.0,52.8398,53.1763,0.3365,0.131
32.69,3.0,3.0,0.0,52.8398,53.1763,0.3365,0.228
32.7,3.0,3.0,0.0,52.8398,53.1789,0.3391,0.115
32.71,3.0,3.0,0.0,52.8398,53.1789,0.3391,0.196
32.72,3.0,3.0,0.0,52.8398,53.1802,0.3404,0.325
32.73,3.0,3.0,0.0,52.8398,53.1789,0.3391,0.196
32.74,3.0,3.0,0.0,52.8398,53.1776,0.3378,0.26
32.75,3.0,3.0,0.0,52.8398,53.1736,0.3338,0.132
32.76,3.0,3.0,0.0,52.8398,53.1736,0.3338,0.39
32.77,3.0,3.0,0.0,52.8398,53.1736,0.3338,0.066
32.78,3.0,3.0,0.0,52.8398,53.1736,0.3338,0.245
32.79,3.0,3.0,0.0,52.8398,53.1776,0.3378,0.179
32.8,3.0,3.0,0.0,52.8398,53.1802,0.3404,0.132
32.81,3.0,3.0,0.0,52.8398,53.1815,0.3417,0.26
32.82,3.0,3.0,0.0,52.8398,53.1815,0.3417,0.148
32.83,3.0,3.0,0.0,52.8398,53.1802,0.3404,0.148
32.84,3.0,3.0,0.0,52.8398,53.1776,0.3378,0.229
32.85,3.0,3.0,0.0,52.8398,53.1763,0.3365,0.13
32.86,3.0,3.0,0.0,52.8398,53.1749,0.3351,0.244
32.87,3.0,3.0,0.0,52.8398,53.1749,0.3351,0.132
32.88,3.0,3.0,0.0,52.8398,53.1736,0.3338,0.292
32.89,3.0,3.0,0.0,52.8398,53.1723,0.3325,0.39
32.9,3.0,3.0,0.0,52.8398,53.171,0.3312,0.147
32.91,3.0,3.0,0.0,52.8398,53.1723,0.3325,0.164
32.92,3.0,3.0,0.0,52.8398,53.1749,0.3351,0.163
32.93,3.0,3.0,0.0,52.8398,53.1763,0.3365,0.405
32.94,3.0,3.0,0.0,52.8398,53.1763,0.3365,0.276
32.95,3.0,3.0,0.0,52.8398,53.1749,0.3351,0.326
32.96,3.0,3.0,0.0,52.8398,53.1736,0.3338,0.278
32.97,3.0,3.0,0.0,52.8398,53.1723,0.3325,0.245
32.98,3.0,3.0,0.0,52.8398,53.171,0.3312,0.26
32.99,3.0,3.0,0.0,52.8398,53.1723,0.3325,0.197
33.0,3.0,3.0,0.0,52.8398,53.1736,0.3338,0.164
33.01,3.0,3.0,0.0,52.8398,53.1736,0.3338,0.278
33.02,3.0,3.0,0.0,52.8398,53.1763,0.3365,0.228
33.03,3.0,3.0,0.0,52.8398,53.1749,0.3351,0.277
33.04,3.0,3.0,0.0,52.8398,53.1763,0.3365,0.099
33.05,3.0,3.0,0.0,52.8398,53.1749,0.3351,0.164
33.06,3.0,3.0,0.0,52.8398,53.1749,0.3351,0.214
33.07,3.0,3.0,0.0,52.8398,53.1736,0.3338,0.229
33.08,3.0,3.0,0.0,52.8398,53.1736,0.3338,0.148
33.09,3.0,3.0,0.0,52.8398,53.1736,0.3338,0.228
33.1,3.0,3.0,0.0,52.8398,53.1749,0.3351,0.179
33.11,3.0,3.0,0.0,52.8398,53.1749,0.3351,0.244
33.12,3.0,3.0,0.0,52.8398,53.1749,0.3351,0.309
33.13,3.0,3.0,0.0,52.8398,53.1749,0.3351,0.277
33.14,3.0,3.0,0.0,52.8398,53.1736,0.3338,0.294
33.15,3.0,3.0,0.0,52.8398,53.1736,0.3338,0.276
33.16,3.0,3.0,0.0,52.8398,53.1749,0.3351,0.066
33.17,3.0,3.0,0.0,52.8398,53.1736,0.3338,0.277
33.18,3.0,3.0,0.0,52.8398,53.1723,0.3325,0.181
33.19,3.0,3.0,0.0,52.8398,53.171,0.3312,0.278
33.2,3.0,3.0,0.0,52.8398,53.1723,0.3325,0.164
33.21,3.0,3.0,0.0,52.8398,53.171,0.3312,0.212
33.22,3.0,3.0,0.0,52.8398,53.1723,0.3325,0.179
33.23,3.0,3.0,0.0,52.8398,53.1736,0.3338,0.099
33.24,3.0,3.0,0.0,52.8398,53.1736,0.3338,0.326
33.25,3.0,3.0,0.0,52.8398,53.1723,0.3325,0.229
33.26,3.0,3.0,0.0,52.8398,53.1723,0.3325,0.276
33.27,3.0,3.0,0.0,52.8398,53.171,0.3312,0.229
33.28,3.0,3.0,0.0,52.8398,53.171,0.3312,0.164
33.29,3.0,3.0,0.0,52.8398,53.1697,0.3299,0.229
33.3,3.0,3.0,0.0,52.8398,53.1723,0.3325,0.309
33.31,3.0,3.0,0.0,52.8398,53.1723,0.3325,0.245
33.32,3.0,3.0,0.0,52.8398,53.1058,0.266,0.147
33.33,37.0,2.0,4.0,45.4822,51.5733,6.0911,0.277
33.34,37.0,2.0,4.0,45.4822,49.7174,4.2352,0.18
33.35,37.0,2.0,4.0,45.4822,47.7767,2.2945,-2.002
33.36,37.0,2.0,4.0,45.4822,46.0759,0.5937,57.032
33.37,37.0,2.0,4.0,45.4822,45.2725,-0.2097,168.839
33.38,37.0,2.0,4.0,45.4822,45.2817,-0.2005,169.365
33.39,37.0,2.0,4.0,45.4822,45.2699,-0.2123,174.139
33.4,37.0,2.0,4.0,45.4822,45.2634,-0.2188,164.17
33.41,37.0,2.0,4.0,45.4822,45.2751,-0.2071,162.231
33.42,37.0,2.0,4.0,45.4822,45.2764,-0.2058,161.627
33.43,37.0,2.0,4.0,45.4822,45.2647,-0.2175,158.689
33.44,37.0,2.0,4.0,45.4822,45.2647,-0.2175,160.883
33.45,37.0,2.0,4.0,45.4822,45.2699,-0.2123,166.02
33.46,37.0,2.0,4.0,45.4822,45.266,-0.2162,165.256
33.47,37.0,2.0,4.0,45.4822,45.2712,-0.211,163.088
33.48,37.0,2.0,4.0,45.4822,45.2791,-0.2031,162.989
33.49,37.0,2.0,4.0,45.4822,45.2699,-0.2123,162.066
33.5,37.0,2.0,4.0,45.4822,45.2699,-0.2123,164.782
33.51,37.0,2.0,4.0,45.4822,45.2764,-0.2058,167.508
33.52,37.0,2.0,4.0,45.4822,45.2712,-0.211,164.338
33.53,37.0,2.0,4.0,45.4822,45.2647,-0.2175,161.348
33.54,37.0,2.0,4.0,45.4822,45.2699,-0.2123,163.931
33.55,37.0,2.0,4.0,45.4822,45.2738,-0.2084,164.938
33.56,37.0,2.0,4.0,45.4822,45.2738,-0.2084,163.508
33.57,37.0,2.0,4.0,45.4822,45.2791,-0.2031,164.858
33.58,37.0,2.0,4.0,45.4822,45.2777,-0.2045,166.451
33.59,37.0,2.0,4.0,45.4822,45.2686,-0.2136,163.771
33.6,37.0,2.0,4.0,45.4822,45.2673,-0.2149,162.191
33.61,37.0,2.0,4.0,45.4822,45.2686,-0.2136,163.574
33.62,37.0,2.0,4.0,45.4822,45.2712,-0.211,164.47
33.63,37.0,2.0,4.0,45.4822,45.2751,-0.2071,164.761
33.64,37.0,2.0,4.0,45.4822,45.2751,-0.2071,164.677
33.65,37.0,2.0,4.0,45.4822,45.2712,-0.211,163.509
33.66,37.0,1.0,5.0,45.4822,45.2699,-0.2123,160.5
33.67,4.0,0.0,6.0,52.6234,45.4108,-7.2126,14.357
33.68,4.0,0.0,6.0,52.6234,45.7225,-6.9009,0.114
33.69,4.0,0.0,6.0,52.6234,46.5898,-6.0336,0.37
33.7,4.0,0.0,6.0,52.6234,47.6163,-5.0071,-0.322
33.71,4.0,0.0,6.0,52.6234,48.6218,-4.0016,-0.257
33.72,4.0,0.0,6.0,52.6234,49.6496,-2.9738,0.162
33.73,4.0,0.0,6.0,52.6234,50.7412,-1.8822,-0.338
33.74,4.0,0.0,6.0,52.6234,51.8772,-0.7462,-0.016
33.75,4.0,0.0,6.0,52.6234,52.8711,0.2477,0.114
33.76,4.0,0.0,6.0,52.6234,53.1071,0.4837,-0.194
33.77,4.0,0.0,6.0,52.6234,53.1502,0.5268,0.18
33.78,4.0,0.0,6.0,52.6234,53.1463,0.5229,0.081
33.79,4.0,0.0,6.0,52.6234,53.1423,0.5189,0.164
33.8,4.0,0.0,6.0,52.6234,53.1436,0.5202,0.227
33.81,4.0,0.0,6.0,52.6234,53.1554,0.532,-0.047
33.82,4.0,0.0,6.0,52.6234,53.1606,0.5372,-0.015
33.83,4.0,0.0,6.0,52.6234,53.1671,0.5437,0.131
33.84,4.0,0.0,6.0,52.6234,53.1684,0.545,0.18
33.85,4.0,0.0,6.0,52.6234,53.1658,0.5424,0.017
33.86,4.0,0.0,6.0,52.6234,53.1632,0.5398,0.131
33.87,4.0,0.0,6.0,52.6234,53.1528,0.5294,0.033
33.88,4.0,0.0,6.0,52.6234,53.1502,0.5268,0.049
33.89,4.0,0.0,6.0,52.6234,53.1502,0.5268,0.164
33.9,4.0,0.0,6.0,52.6234,53.1489,0.5255,0.114
33.91,3.0,3.0,0.0,52.8398,53.1515,0.3117,0.197
33.92,3.0,3.0,0.0,52.8398,53.1554,0.3156,0.034
33.93,3.0,3.0,0.0,52.8398,53.1567,0.3169,0.307
33.94,3.0,3.0,0.0,52.8398,53.158,0.3182,0.259
33.95,3.0,3.0,0.0,52.8398,53.1619,0.3221,0.018
33.96,3.0,3.0,0.0,52.8398,53.1632,0.3234,0.083
33.97,3.0,3.0,0.0,52.8398,53.1658,0.326,0.164
33.98,3.0,3.0,0.0,52.8398,53.1684,0.3286,0.099
33.99,3.0,3.0,0.0,52.8398,53.171,0.3312,0.211
34.0,3.0,3.0,0.0,52.8398,53.1697,0.3299,-0.015
34.01,3.0,3.0,0.0,52.8398,53.1671,0.3273,0.067
34.02,3.0,3.0,0.0,52.8398,53.1645,0.3247,0.114
34.03,3.0,3.0,0.0,52.8398,53.1632,0.3234,0.324
34.04,3.0,3.0,0.0,52.8398,53.1632,0.3234,0.276
34.05,3.0,3.0,0.0,52.8398,53.1645,0.3247,0.018
34.06,3.0,3.0,0.0,52.8398,53.1658,0.326,0.277
34.07,3.0,3.0,0.0,52.8398,53.1671,0.3273,0.244
34.08,3.0,3.0,0.0,52.8398,53.1671,0.3273,0.196
34.09,3.0,3.0,0.0,52.8398,53.1671,0.3273,0.294
34.1,3.0,3.0,0.0,52.8398,53.1658,0.326,0.23
34.11,3.0,3.0,0.0,52.8398,53.1684,0.3286,0.228
34.12,3.0,3.0,0.0,52.8398,53.1697,0.3299,0.342
34.13,3.0,3.0,0.0,52.8398,53.1697,0.3299,0.084
34.14,3.0,3.0,0.0,52.8398,53.1684,0.3286,0.179
34.15,3.0,3.0,0.0,52.8398,53.1684,0.3286,0.18
34.16,3.0,3.0,0.0,52.8398,53.1671,0.3273,0.309
34.17,3.0,3.0,0.0,52.8398,53.1658,0.326,0.179
34.18,3.0,3.0,0.0,52.8398,53.1645,0.3247,0.212
34.19,3.0,3.0,0.0,52.8398,53.1645,0.3247,0.147
34.2,3.0,3.0,0.0,52.8398,53.1658,0.326,0.05
34.21,3.0,3.0,0.0,52.8398,53.1671,0.3273,0.342
34.22,3.0,3.0,0.0,52.8398,53.1684,0.3286,0.066
34.23,3.0,3.0,0.0,52.8398,53.1684,0.3286,0.245
34.24,3.0,3.0,0.0,52.8398,53.1684,0.3286,0.082
34.25,3.0,3.0,0.0,52.8398,53.1671,0.3273,0.131
34.26,3.0,3.0,0.0,52.8398,53.1658,0.326,0.294
34.27,3.0,3.0,0.0,52.8398,53.1658,0.326,0.293
34.28,3.0,3.0,0.0,52.8398,53.1658,0.326,0.083
34.29,3.0,3.0,0.0,52.8398,53.1658,0.326,0.309
34.3,3.0,3.0,0.0,52.8398,53.1658,0.326,0.066
34.31,3.0,3.0,0.0,52.8398,53.1658,0.326,0.114
34.32,3.0,3.0,0.0,52.8398,53.1658,0.326,0.163
34.33,3.0,3.0,0.0,52.8398,53.1671,0.3273,0.115
34.34,3.0,3.0,0.0,52.8398,53.1658,0.326,0.26
34.35,3.0,3.0,0.0,52.8398,53.1658,0.326,0.228
34.36,3.0,3.0,0.0,52.8398,53.1658,0.326,0.115
34.37,3.0,3.0,0.0,52.8398,53.1645,0.3247,0.034
34.38,3.0,3.0,0.0,52.8398,53.1645,0.3247,0.229
34.39,3.0,3.0,0.0,52.8398,53.1632,0.3234,0.277
34.4,3.0,3.0,0.0,52.8398,53.1645,0.3247,0.131
34.41,3.0,3.0,0.0,52.8398,53.1645,0.3247,0.341
34.42,3.0,3.0,0.0,52.8398,53.1658,0.326,0.082
34.43,3.0,3.0,0.0,52.8398,53.1671,0.3273,0.083
34.44,3.0,3.0,0.0,52.8398,53.1671,0.3273,0.326
34.45,3.0,3.0,0.0,52.8398,53.1671,0.3273,0.098
34.46,3.0,3.0,0.0,52.8398,53.1658,0.326,0.164
34.47,3.0,3.0,0.0,52.8398,53.1645,0.3247,0.261
34.48,3.0,3.0,0.0,52.8398,53.1632,0.3234,0.001
34.49,3.0,3.0,0.0,52.8398,53.1632,0.3234,0.39
34.5,3.0,3.0,0.0,52.8398,53.1632,0.3234,0.099
34.51,3.0,3.0,0.0,52.8398,53.1645,0.3247,0.325
34.52,3.0,3.0,0.0,52.8398,53.1645,0.3247,0.132
34.53,3.0,3.0,0.0,52.8398,53.1645,0.3247,0.196
34.54,3.0,3.0,0.0,52.8398,53.1645,0.3247,0.342
34.55,3.0,3.0,0.0,52.8398,53.1645,0.3247,0.228
34.56,3.0,3.0,0.0,52.8398,53.1645,0.3247,0.181
34.57,3.0,3.0,0.0,52.8398,53.1658,0.326,0.212
34.58,3.0,3.0,0.0,52.8398,53.1645,0.3247,0.26
34.59,3.0,3.0,0.0,52.8398,53.1645,0.3247,0.309
34.6,3.0,3.0,0.0,52.8398,53.1645,0.3247,0.18
34.61,3.0,3.0,0.0,52.8398,53.1632,0.3234,0.148
34.62,3.0,3.0,0.0,52.8398,53.1645,0.3247,0.407
34.63,3.0,3.0,0.0,52.8398,53.1632,0.3234,0.246
34.64,3.0,3.0,0.0,52.8398,53.1632,0.3234,0.342
34.65,3.0,3.0,0.0,52.8398,53.1619,0.3221,0.18
34.66,3.0,3.0,0.0,52.8398,53.1619,0.3221,0.018
34.67,3.0,3.0,0.0,52.8398,53.1619,0.3221,0.26
34.68,3.0,3.0,0.0,52.8398,53.1619,0.3221,0.212
34.69,3.0,3.0,0.0,52.8398,53.1619,0.3221,0.502
34.7,3.0,3.0,0.0,52.8398,53.1619,0.3221,0.196
34.71,3.0,3.0,0.0,52.8398,53.1632,0.3234,0.229
34.72,3.0,3.0,0.0,52.8398,53.1632,0.3234,0.13
34.73,3.0,3.0,0.0,52.8398,53.1632,0.3234,0.277
34.74,3.0,3.0,0.0,52.8398,53.1436,0.3038,0.293
34.75,19.0,0.0,8.0,49.3774,52.9389,3.5615,0.294
34.76,19.0,0.0,8.0,49.3774,52.4694,3.092,0.26
34.77,19.0,0.0,8.0,49.3774,52.0455,2.6681,0.049
34.78,19.0,0.0,8.0,49.3774,51.5629,2.1855,0.164
34.79,19.0,0.0,8.0,49.3774,51.0973,1.7199,0.309
34.8,19.0,0.0,8.0,49.3774,50.6082,1.2308,0.115
34.81,19.0,0.0,8.0,49.3774,50.14,0.7626,0.358
34.82,19.0,0.0,8.0,49.3774,49.6704,0.293,0.228
34.83,19.0,0.0,8.0,49.3774,49.1918,-0.1856,0.05
34.84,19.0,0.0,8.0,49.3774,48.7405,-0.6369,0.196
34.85,19.0,0.0,8.0,49.3774,48.2566,-1.1208,0.099
34.86,19.0,0.0,8.0,49.3774,47.7858,-1.5916,0.228
34.87,19.0,0.0,8.0,49.3774,47.3593,-2.0181,0.295
34.88,19.0,0.0,8.0,49.3774,46.9589,-2.4185,-0.251
34.89,19.0,0.0,8.0,49.3774,46.5507,-2.8267,-0.268
34.9,19.0,0.0,8.0,49.3774,46.0838,-3.2936,-0.103
34.91,19.0,0.0,8.0,49.3774,45.6325,-3.7449,19.276
34.92,19.0,0.0,8.0,49.3774,45.5021,-3.8753,71.915
34.93,19.0,0.0,8.0,49.3774,45.4082,-3.9692,103.239
34.94,19.0,0.0,8.0,49.3774,45.3886,-3.9888,102.164
34.95,19.0,0.0,8.0,49.3774,45.3782,-3.9992,101.242
34.96,19.0,0.0,8.0,49.3774,45.3795,-3.9979,100.806
34.97,19.0,0.0,8.0,49.3774,45.3821,-3.9953,103.473
34.98,19.0,0.0,8.0,49.3774,45.3808,-3.9966,105.62
34.99,36.0,2.0,3.0,45.6986,45.386,-0.3126,105.017
35.0,36.0,2.0,3.0,45.6986,45.3886,-0.31,104.071
35.01,36.0,2.0,3.0,45.6986,45.3873,-0.3113,102.736
35.02,36.0,2.0,3.0,45.6986,45.3886,-0.31,102.539
35.03,36.0,2.0,3.0,45.6986,45.3899,-0.3087,104.803
35.04,36.0,2.0,3.0,45.6986,45.3886,-0.31,106.235
35.05,36.0,2.0,3.0,45.6986,45.386,-0.3126,104.201
35.06,36.0,2.0,3.0,45.6986,45.3834,-0.3152,102.655
35.07,36.0,2.0,3.0,45.6986,45.3847,-0.3139,103.077
35.08,36.0,2.0,3.0,45.6986,45.386,-0.3126,104.361
35.09,36.0,2.0,3.0,45.6986,45.3925,-0.3061,105.222
35.1,36.0,2.0,3.0,45.6986,45.3951,-0.3035,105.239
35.11,36.0,2.0,3.0,45.6986,45.3886,-0.31,104.737
35.12,36.0,2.0,3.0,45.6986,45.386,-0.3126,103.662
35.13,36.0,2.0,3.0,45.6986,45.386,-0.3126,103.125
35.14,36.0,2.0,3.0,45.6986,45.386,-0.3126,103.791
35.15,36.0,2.0,3.0,45.6986,45.3899,-0.3087,104.719
35.16,36.0,2.0,3.0,45.6986,45.3925,-0.3061,105.076
35.17,36.0,2.0,3.0,45.6986,45.3899,-0.3087,104.669
35.18,36.0,2.0,3.0,45.6986,45.3886,-0.31,103.791
35.19,36.0,2.0,3.0,45.6986,45.3873,-0.3113,103.481
35.2,36.0,2.0,3.0,45.6986,45.3873,-0.3113,103.825
35.21,36.0,2.0,3.0,45.6986,45.3886,-0.31,104.182
35.22,36.0,2.0,3.0,45.6986,45.3886,-0.31,103.614
35.23,36.0,2.0,3.0,45.6986,45.3873,-0.3113,102.002
35.24,36.0,2.0,3.0,45.6986,45.3873,-0.3113,101.693
35.25,36.0,2.0,3.0,45.6986,45.3873,-0.3113,102.734
35.26,36.0,2.0,3.0,45.6986,45.3899,-0.3087,103.32
35.27,36.0,2.0,3.0,45.6986,45.3886,-0.31,102.815
35.28,36.0,2.0,3.0,45.6986,45.3873,-0.3113,102.261
35.29,36.0,2.0,3.0,45.6986,45.386,-0.3126,102.327
35.3,36.0,2.0,3.0,45.6986,45.3873,-0.3113,102.652
35.31,36.0,2.0,3.0,45.6986,45.3899,-0.3087,102.83
35.32,36.0,2.0,3.0,45.6986,45.3912,-0.3074,102.846
35.33,5.0,0.0,5.0,52.407,45.4147,-6.9923,34.311
35.34,5.0,0.0,5.0,52.407,45.7081,-6.6989,0.082
35.35,5.0,0.0,5.0,52.407,46.4737,-5.9333,0.456
35.36,5.0,0.0,5.0,52.407,47.495,-4.912,0.355
35.37,5.0,0.0,5.0,52.407,48.4888,-3.9182,-0.58
35.38,5.0,0.0,5.0,52.407,49.5491,-2.8579,0.115
35.39,5.0,0.0,5.0,52.407,50.6604,-1.7466,0.291
35.4,5.0,0.0,5.0,52.407,51.7038,-0.7032,-0.275
35.41,5.0,0.0,5.0,52.407,52.7615,0.3545,0.358
35.42,5.0,0.0,5.0,52.407,53.0576,0.6506,-0.096
35.43,5.0,0.0,5.0,52.407,53.1645,0.7575,-0.162
35.44,5.0,0.0,5.0,52.407,53.1658,0.7588,0.342
35.45,5.0,0.0,5.0,52.407,53.1632,0.7562,-0.097
35.46,5.0,0.0,5.0,52.407,53.1658,0.7588,0.164
35.47,5.0,0.0,5.0,52.407,53.171,0.764,0.148
35.48,5.0,0.0,5.0,52.407,53.1776,0.7706,0.001
35.49,5.0,0.0,5.0,52.407,53.1776,0.7706,0.098
35.5,5.0,0.0,5.0,52.407,53.1776,0.7706,0.132
35.51,5.0,0.0,5.0,52.407,53.171,0.764,0.18
35.52,5.0,0.0,5.0,52.407,53.171,0.764,0.13
35.53,5.0,0.0,5.0,52.407,53.1619,0.7549,0.261
35.54,5.0,0.0,5.0,52.407,53.158,0.751,0.18
35.55,5.0,0.0,5.0,52.407,53.1606,0.7536,-0.064
35.56,5.0,0.0,5.0,52.407,53.1619,0.7549,0.164
35.57,3.0,3.0,0.0,52.8398,53.1658,0.326,0.001
35.58,3.0,3.0,0.0,52.8398,53.171,0.3312,0.164
35.59,3.0,3.0,0.0,52.8398,53.171,0.3312,0.164
35.6,3.0,3.0,0.0,52.8398,53.171,0.3312,0.146
35.61,3.0,3.0,0.0,52.8398,53.1736,0.3338,0.13
35.62,3.0,3.0,0.0,52.8398,53.171,0.3312,0.148
35.63,3.0,3.0,0.0,52.8398,53.171,0.3312,0.082
35.64,3.0,3.0,0.0,52.8398,53.1736,0.3338,0.244
35.65,3.0,3.0,0.0,52.8398,53.1749,0.3351,0.099
35.66,3.0,3.0,0.0,52.8398,53.1736,0.3338,0.308
35.67,3.0,3.0,0.0,52.8398,53.1736,0.3338,0.034
35.68,3.0,3.0,0.0,52.8398,53.1736,0.3338,0.132
35.69,3.0,3.0,0.0,52.8398,53.1749,0.3351,0.243
35.7,3.0,3.0,0.0,52.8398,53.1736,0.3338,0.018
35.71,3.0,3.0,0.0,52.8398,53.1749,0.3351,0.179
35.72,3.0,3.0,0.0,52.8398,53.1749,0.3351,0.26
35.73,3.0,3.0,0.0,52.8398,53.1736,0.3338,0.131
35.74,3.0,3.0,0.0,52.8398,53.171,0.3312,0.147
35.75,3.0,3.0,0.0,52.8398,53.1697,0.3299,0.05
35.76,3.0,3.0,0.0,52.8398,53.1684,0.3286,0.196
35.77,3.0,3.0,0.0,52.8398,53.1684,0.3286,0.18
35.78,3.0,3.0,0.0,52.8398,53.171,0.3312,0.099
35.79,3.0,3.0,0.0,52.8398,53.171,0.3312,0.276
35.8,3.0,3.0,0.0,52.8398,53.1723,0.3325,0.196
35.81,3.0,3.0,0.0,52.8398,53.1723,0.3325,0.115
35.82,3.0,3.0,0.0,52.8398,53.171,0.3312,0.131
35.83,3.0,3.0,0.0,52.8398,53.1697,0.3299,0.195
35.84,3.0,3.0,0.0,52.8398,53.1697,0.3299,0.277
35.85,3.0,3.0,0.0,52.8398,53.1684,0.3286,0.002
35.86,3.0,3.0,0.0,52.8398,53.1684,0.3286,0.244
35.87,3.0,3.0,0.0,52.8398,53.1684,0.3286,0.148
35.88,3.0,3.0,0.0,52.8398,53.1684,0.3286,0.066
35.89,3.0,3.0,0.0,52.8398,53.1658,0.326,0.164
35.9,3.0,3.0,0.0,52.8398,53.1645,0.3247,0.148
35.91,3.0,3.0,0.0,52.8398,53.1658,0.326,0.227
35.92,3.0,3.0,0.0,52.8398,53.1671,0.3273,0.326
35.93,3.0,3.0,0.0,52.8398,53.1684,0.3286,0.083
35.94,3.0,3.0,0.0,52.8398,53.171,0.3312,0.276
35.95,3.0,3.0,0.0,52.8398,53.171,0.3312,0.066
35.96,3.0,3.0,0.0,52.8398,53.171,0.3312,0.293
35.97,3.0,3.0,0.0,52.8398,53.1671,0.3273,0.081
35.98,3.0,3.0,0.0,52.8398,53.1671,0.3273,0.164
35.99,3.0,3.0,0.0,52.8398,53.1645,0.3247,0.212
36.0,3.0,3.0,0.0,52.8398,53.1645,0.3247,0.228
36.01,3.0,3.0,0.0,52.8398,53.1658,0.326,0.244
36.02,3.0,3.0,0.0,52.8398,53.1658,0.326,0.276
36.03,3.0,3.0,0.0,52.8398,53.1671,0.3273,0.05
36.04,3.0,3.0,0.0,52.8398,53.1684,0.3286,0.132
36.05,3.0,3.0,0.0,52.8398,53.1671,0.3273,0.261
36.06,3.0,3.0,0.0,52.8398,53.1697,0.3299,0.294
36.07,3.0,3.0,0.0,52.8398,53.1684,0.3286,0.243
36.08,3.0,3.0,0.0,52.8398,53.1697,0.3299,0.277
36.09,3.0,3.0,0.0,52.8398,53.1684,0.3286,0.163
36.1,3.0,3.0,0.0,52.8398,53.1671,0.3273,0.244
36.11,3.0,3.0,0.0,52.8398,53.1645,0.3247,0.276
36.12,3.0,3.0,0.0,52.8398,53.1658,0.326,0.309
36.13,3.0,3.0,0.0,52.8398,53.1645,0.3247,0.18
36.14,3.0,3.0,0.0,52.8398,53.1658,0.326,0.326
36.15,3.0,3.0,0.0,52.8398,53.1671,0.3273,0.05
36.16,3.0,3.0,0.0,52.8398,53.1684,0.3286,0.243
36.17,3.0,3.0,0.0,52.8398,53.1697,0.3299,0.212
36.18,3.0,3.0,0.0,52.8398,53.1684,0.3286,0.18
36.19,3.0,3.0,0.0,52.8398,53.1684,0.3286,0.262
36.2,3.0,3.0,0.0,52.8398,53.1658,0.326,0.261
36.21,3.0,3.0,0.0,52.8398,53.1645,0.3247,0.179
36.22,3.0,3.0,0.0,52.8398,53.1645,0.3247,0.212
36.23,3.0,3.0,0.0,52.8398,53.1658,0.326,0.179
36.24,3.0,3.0,0.0,52.8398,53.1658,0.326,0.244
36.25,3.0,3.0,0.0,52.8398,53.1671,0.3273,0.066
36.26,3.0,3.0,0.0,52.8398,53.1658,0.326,0.244
36.27,3.0,3.0,0.0,52.8398,53.1658,0.326,0.034
36.28,3.0,3.0,0.0,52.8398,53.1658,0.326,0.245
36.29,3.0,3.0,0.0,52.8398,53.1658,0.326,0.341
36.3,3.0,3.0,0.0,52.8398,53.1658,0.326,0.164
36.31,3.0,3.0,0.0,52.8398,53.1658,0.326,0.324
36.32,3.0,3.0,0.0,52.8398,53.1658,0.326,0.244
36.33,3.0,3.0,0.0,52.8398,53.1645,0.3247,0.228
36.34,3.0,3.0,0.0,52.8398,53.1645,0.3247,0.26
36.35,3.0,3.0,0.0,52.8398,53.1645,0.3247,0.017
36.36,3.0,3.0,0.0,52.8398,53.1645,0.3247,0.374
36.37,3.0,3.0,0.0,52.8398,53.1645,0.3247,0.051
36.38,3.0,3.0,0.0,52.8398,53.1645,0.3247,0.325
36.39,3.0,3.0,0.0,52.8398,53.1632,0.3234,0.082
36.4,19.0,0.0,8.0,49.3774,53.158,3.7806,0.276
36.41,19.0,0.0,8.0,49.3774,53.038,3.6606,0.261
36.42,19.0,0.0,8.0,49.3774,52.6233,3.2459,0.18
36.43,19.0,0.0,8.0,49.3774,52.2059,2.8285,0.116
36.44,19.0,0.0,8.0,49.3774,51.7181,2.3407,0.212
36.45,19.0,0.0,8.0,49.3774,51.259,1.8816,0.211
36.46,19.0,0.0,8.0,49.3774,50.7686,1.3912,0.293
36.47,19.0,0.0,8.0,49.3774,50.2939,0.9165,0.325
36.48,19.0,0.0,8.0,49.3774,49.8296,0.4522,0.229
36.49,19.0,0.0,8.0,49.3774,49.3626,-0.0148,0.211
36.5,19.0,0.0,8.0,49.3774,48.8931,-0.4843,0.067
36.51,19.0,0.0,8.0,49.3774,48.4079,-0.9695,0.259
36.52,19.0,0.0,8.0,49.3774,47.9423,-1.4351,0.147
36.53,19.0,0.0,8.0,49.3774,47.4819,-1.8955,0.392
36.54,19.0,0.0,8.0,49.3774,47.0828,-2.2946,0.092
36.55,19.0,0.0,8.0,49.3774,46.6668,-2.7106,0.206
36.56,19.0,0.0,8.0,49.3774,46.2312,-3.1462,-0.204
36.57,19.0,0.0,8.0,49.3774,45.7447,-3.6327,9.948
36.58,19.0,0.0,8.0,49.3774,45.5164,-3.861,57.026
36.59,19.0,0.0,8.0,49.3774,45.4212,-3.9562,103.372
36.6,19.0,0.0,8.0,49.3774,45.3951,-3.9823,104.567
36.61,19.0,0.0,8.0,49.3774,45.386,-3.9914,101.27
36.62,19.0,0.0,8.0,49.3774,45.3847,-3.9927,100.883
36.63,19.0,0.0,8.0,49.3774,45.3886,-3.9888,103.777
36.64,36.0,2.0,3.0,45.6986,45.3886,-0.31,105.617
36.65,36.0,2.0,3.0,45.6986,45.3912,-0.3074,105.308
36.66,36.0,2.0,3.0,45.6986,45.3964,-0.3022,105.241
36.67,36.0,2.0,3.0,45.6986,45.3951,-0.3035,103.693
36.68,36.0,2.0,3.0,45.6986,45.3938,-0.3048,102.765
36.69,36.0,2.0,3.0,45.6986,45.3951,-0.3035,105.124
36.7,36.0,2.0,3.0,45.6986,45.3951,-0.3035,106.851
36.71,36.0,2.0,3.0,45.6986,45.3925,-0.3061,105.434
36.72,36.0,2.0,3.0,45.6986,45.3912,-0.3074,103.613
36.73,36.0,2.0,3.0,45.6986,45.3912,-0.3074,103.417
36.74,36.0,2.0,3.0,45.6986,45.3925,-0.3061,104.277
36.75,36.0,2.0,3.0,45.6986,45.399,-0.2996,105.576
36.76,36.0,2.0,3.0,45.6986,45.399,-0.2996,106.423
36.77,36.0,2.0,3.0,45.6986,45.3964,-0.3022,105.481
36.78,36.0,2.0,3.0,45.6986,45.3912,-0.3074,104.246
36.79,36.0,2.0,3.0,45.6986,45.3925,-0.3061,103.742
36.8,36.0,2.0,3.0,45.6986,45.3938,-0.3048,104.131
36.81,36.0,2.0,3.0,45.6986,45.3951,-0.3035,105.089
36.82,36.0,2.0,3.0,45.6986,45.399,-0.2996,105.578
36.83,36.0,2.0,3.0,45.6986,45.399,-0.2996,105.319
36.84,36.0,2.0,3.0,45.6986,45.3964,-0.3022,104.666
36.85,36.0,2.0,3.0,45.6986,45.3951,-0.3035,103.92
36.86,36.0,2.0,3.0,45.6986,45.3938,-0.3048,104.374
36.87,36.0,2.0,3.0,45.6986,45.3951,-0.3035,104.879
36.88,36.0,2.0,3.0,45.6986,45.3938,-0.3048,104.667
36.89,36.0,2.0,3.0,45.6986,45.3938,-0.3048,103.138
36.9,36.0,2.0,3.0,45.6986,45.3925,-0.3061,102.178
36.91,36.0,2.0,3.0,45.6986,45.3938,-0.3048,103.282
36.92,36.0,2.0,3.0,45.6986,45.3951,-0.3035,103.66
36.93,36.0,2.0,3.0,45.6986,45.3951,-0.3035,103.365
36.94,36.0,2.0,3.0,45.6986,45.3938,-0.3048,102.894
36.95,36.0,2.0,3.0,45.6986,45.3925,-0.3061,102.812
36.96,36.0,2.0,3.0,45.6986,45.3938,-0.3048,103.315
36.97,36.0,2.0,3.0,45.6986,45.3951,-0.3035,103.218
36.98,36.0,2.0,3.0,45.6986,45.3951,-0.3035,103.218
36.99,5.0,0.0,5.0,52.407,45.4199,-6.9871,31.537
37.0,5.0,0.0,5.0,52.407,45.7238,-6.6832,0.527
37.01,5.0,0.0,5.0,52.407,46.4724,-5.9346,0.697
37.02,5.0,0.0,5.0,52.407,47.4937,-4.9133,0.338
37.03,5.0,0.0,5.0,52.407,48.4992,-3.9078,-0.629
37.04,5.0,0.0,5.0,52.407,49.4839,-2.9231,0.356
37.05,5.0,0.0,5.0,52.407,50.5912,-1.8158,0.308
37.06,5.0,0.0,5.0,52.407,51.6659,-0.7411,-0.338
37.07,5.0,0.0,5.0,52.407,52.7132,0.3062,0.374
37.08,5.0,0.0,5.0,52.407,53.0145,0.6075,0.196
37.09,5.0,0.0,5.0,52.407,53.1058,0.6988,0.018
37.1,5.0,0.0,5.0,52.407,53.1019,0.6949,0.276
37.11,5.0,0.0,5.0,52.407,53.0967,0.6897,0.08
37.12,5.0,0.0,5.0,52.407,53.1084,0.7014,-0.031
37.13,5.0,0.0,5.0,52.407,53.1084,0.7014,0.276
37.14,5.0,0.0,5.0,52.407,53.1163,0.7093,0.098
37.15,5.0,0.0,5.0,52.407,53.115,0.708,0.05
37.16,5.0,0.0,5.0,52.407,53.1097,0.7027,0.245
37.17,5.0,0.0,5.0,52.407,53.1058,0.6988,-0.13
37.18,5.0,0.0,5.0,52.407,53.1006,0.6936,0.147
37.19,5.0,0.0,5.0,52.407,53.0928,0.6858,0.033
37.2,5.0,0.0,5.0,52.407,53.0876,0.6806,0.26
37.21,5.0,0.0,5.0,52.407,53.0876,0.6806,0.245
37.22,5.0,0.0,5.0,52.407,53.0902,0.6832,0.292
37.23,3.0,3.0,0.0,52.8398,53.0967,0.2569,0.178
37.24,3.0,3.0,0.0,52.8398,53.0993,0.2595,0.13
37.25,3.0,3.0,0.0,52.8398,53.1045,0.2647,0.26
37.26,3.0,3.0,0.0,52.8398,53.1071,0.2673,0.131
37.27,3.0,3.0,0.0,52.8398,53.1058,0.266,0.098
37.28,3.0,3.0,0.0,52.8398,53.1045,0.2647,0.246
37.29,3.0,3.0,0.0,52.8398,53.1045,0.2647,0.115
37.3,3.0,3.0,0.0,52.8398,53.1045,0.2647,0.081
37.31,3.0,3.0,0.0,52.8398,53.1045,0.2647,0.196
37.32,3.0,3.0,0.0,52.8398,53.1045,0.2647,-0.016
37.33,3.0,3.0,0.0,52.8398,53.1045,0.2647,0.195
37.34,3.0,3.0,0.0,52.8398,53.1045,0.2647,0.13
37.35,3.0,3.0,0.0,52.8398,53.1071,0.2673,-0.048
37.36,3.0,3.0,0.0,52.8398,53.1084,0.2686,0.293
37.37,3.0,3.0,0.0,52.8398,53.1097,0.2699,-0.047
37.38,3.0,3.0,0.0,52.8398,53.1071,0.2673,0.244
37.39,3.0,3.0,0.0,52.8398,53.1045,0.2647,0.308
37.4,3.0,3.0,0.0,52.8398,53.1019,0.2621,0.194
37.41,3.0,3.0,0.0,52.8398,53.0993,0.2595,0.146
37.42,3.0,3.0,0.0,52.8398,53.098,0.2582,0.099
37.43,3.0,3.0,0.0,52.8398,53.1006,0.2608,0.211
37.44,3.0,3.0,0.0,52.8398,53.1032,0.2634,0.115
37.45,3.0,3.0,0.0,52.8398,53.1019,0.2621,0.115
37.46,3.0,3.0,0.0,52.8398,53.1045,0.2647,0.212
37.47,3.0,3.0,0.0,52.8398,53.1032,0.2634,-0.032
37.48,3.0,3.0,0.0,52.8398,53.1019,0.2621,0.179
37.49,3.0,3.0,0.0,52.8398,53.1006,0.2608,0.114
37.5,3.0,3.0,0.0,52.8398,53.0993,0.2595,0.196
37.51,3.0,3.0,0.0,52.8398,53.0993,0.2595,0.018
37.52,3.0,3.0,0.0,52.8398,53.0993,0.2595,0.276
37.53,3.0,3.0,0.0,52.8398,53.0993,0.2595,0.098
37.54,3.0,3.0,0.0,52.8398,53.0993,0.2595,0.178
37.55,3.0,3.0,0.0,52.8398,53.0993,0.2595,0.131
37.56,3.0,3.0,0.0,52.8398,53.0967,0.2569,0.244
37.57,3.0,3.0,0.0,52.8398,53.098,0.2582,0.099
37.58,3.0,3.0,0.0,52.8398,53.098,0.2582,0.132
37.59,3.0,3.0,0.0,52.8398,53.0993,0.2595,0.082
37.6,3.0,3.0,0.0,52.8398,53.0993,0.2595,0.261
37.61,3.0,3.0,0.0,52.8398,53.0993,0.2595,0.293
37.62,3.0,3.0,0.0,52.8398,53.098,0.2582,0.18
37.63,3.0,3.0,0.0,52.8398,53.0993,0.2595,0.194
37.64,3.0,3.0,0.0,52.8398,53.0967,0.2569,0.277
37.65,3.0,3.0,0.0,52.8398,53.098,0.2582,0.131
37.66,3.0,3.0,0.0,52.8398,53.0993,0.2595,0.275
37.67,3.0,3.0,0.0,52.8398,53.098,0.2582,0.244
37.68,3.0,3.0,0.0,52.8398,53.0967,0.2569,0.26
37.69,3.0,3.0,0.0,52.8398,53.0954,0.2556,0.165
37.7,3.0,3.0,0.0,52.8398,53.0941,0.2543,0.017
37.71,3.0,3.0,0.0,52.8398,53.0954,0.2556,0.26
37.72,3.0,3.0,0.0,52.8398,53.0954,0.2556,0.147
37.73,3.0,3.0,0.0,52.8398,53.0967,0.2569,0.195
37.74,3.0,3.0,0.0,52.8398,53.098,0.2582,0.244
37.75,3.0,3.0,0.0,52.8398,53.0967,0.2569,0.147
37.76,3.0,3.0,0.0,52.8398,53.0967,0.2569,0.309
37.77,3.0,3.0,0.0,52.8398,53.0967,0.2569,0.049
37.78,3.0,3.0,0.0,52.8398,53.0954,0.2556,0.178
37.79,3.0,3.0,0.0,52.8398,53.0941,0.2543,0.292
37.8,3.0,3.0,0.0,52.8398,53.0941,0.2543,0.261
37.81,3.0,3.0,0.0,52.8398,53.0928,0.253,0.324
37.82,3.0,3.0,0.0,52.8398,53.0941,0.2543,0.034
37.83,3.0,3.0,0.0,52.8398,53.0954,0.2556,0.147
37.84,3.0,3.0,0.0,52.8398,53.0954,0.2556,0.212
37.85,3.0,3.0,0.0,52.8398,53.0954,0.2556,0.18
37.86,3.0,3.0,0.0,52.8398,53.0954,0.2556,0.277
37.87,3.0,3.0,0.0,52.8398,53.0954,0.2556,0.016
37.88,3.0,3.0,0.0,52.8398,53.0967,0.2569,0.244
37.89,3.0,3.0,0.0,52.8398,53.0941,0.2543,0.307
37.9,3.0,3.0,0.0,52.8398,53.0928,0.253,0.05
37.91,3.0,3.0,0.0,52.8398,53.0928,0.253,0.341
37.92,3.0,3.0,0.0,52.8398,53.0902,0.2504,0.196
37.93,3.0,3.0,0.0,52.8398,53.0902,0.2504,0.293
37.94,3.0,3.0,0.0,52.8398,53.0915,0.2517,0.243
37.95,3.0,3.0,0.0,52.8398,53.0928,0.253,0.213
37.96,3.0,3.0,0.0,52.8398,53.0928,0.253,0.195
37.97,3.0,3.0,0.0,52.8398,53.0941,0.2543,0.164
37.98,3.0,3.0,0.0,52.8398,53.0941,0.2543,0.31
37.99,3.0,3.0,0.0,52.8398,53.0928,0.253,0.131
38.0,3.0,3.0,0.0,52.8398,53.0915,0.2517,0.228
38.01,3.0,3.0,0.0,52.8398,53.0915,0.2517,0.294
38.02,3.0,3.0,0.0,52.8398,53.0902,0.2504,0.18
38.03,3.0,3.0,0.0,52.8398,53.0889,0.2491,0.212
38.04,3.0,3.0,0.0,52.8398,53.0902,0.2504,0.358
38.05,3.0,3.0,0.0,52.8398,53.0902,0.2504,0.278
38.06,36.0,0.0,44.0,45.6986,53.021,7.3224,0.39
38.07,36.0,0.0,44.0,45.6986,52.2307,6.5321,0.131
38.08,36.0,0.0,44.0,45.6986,51.1873,5.4887,0.146
38.09,36.0,0.0,44.0,45.6986,49.8922,4.1936,0.276
38.1,36.0,0.0,44.0,45.6986,48.9505,3.2519,0.164
38.11,36.0,0.0,44.0,45.6986,47.6906,1.992,0.879
38.12,36.0,0.0,44.0,45.6986,46.7476,1.049,-0.63
38.13,36.0,0.0,44.0,45.6986,45.7121,0.0135,33.276
38.14,36.0,0.0,44.0,45.6986,45.3651,-0.3335,133.965
38.15,36.0,0.0,44.0,45.6986,45.3456,-0.353,138.753
38.16,36.0,0.0,44.0,45.6986,45.3377,-0.3609,135.775
38.17,36.0,0.0,44.0,45.6986,45.3351,-0.3635,130.416
38.18,36.0,0.0,44.0,45.6986,45.3404,-0.3582,129.665
38.19,36.0,0.0,44.0,45.6986,45.3338,-0.3648,128.412
38.2,36.0,0.0,44.0,45.6986,45.3273,-0.3713,128.383
38.21,36.0,0.0,44.0,45.6986,45.3351,-0.3635,131.555
38.22,36.0,0.0,44.0,45.6986,45.3364,-0.3622,134.836
38.23,36.0,0.0,44.0,45.6986,45.3377,-0.3609,132.463
38.24,36.0,0.0,44.0,45.6986,45.343,-0.3556,129.24
38.25,36.0,0.0,44.0,45.6986,45.339,-0.3596,129.823
38.26,36.0,0.0,44.0,45.6986,45.3351,-0.3635,132.184
38.27,36.0,0.0,44.0,45.6986,45.3443,-0.3543,134.346
38.28,36.0,0.0,44.0,45.6986,45.3456,-0.353,133.4
38.29,36.0,0.0,44.0,45.6986,45.3351,-0.3635,130.767
38.3,36.0,1.0,5.0,45.6986,45.3364,-0.3622,130.329
38.31,36.0,2.0,5.0,45.6986,45.3417,-0.3569,131.953
38.32,36.0,2.0,5.0,45.6986,45.3443,-0.3543,132.195
38.33,36.0,2.0,5.0,45.6986,45.3443,-0.3543,132.474
38.34,36.0,2.0,5.0,45.6986,45.3469,-0.3517,133.335
38.35,36.0,2.0,5.0,45.6986,45.343,-0.3556,132.736
38.36,36.0,2.0,5.0,45.6986,45.3377,-0.3609,130.312
38.37,36.0,2.0,5.0,45.6986,45.3377,-0.3609,130.133
38.38,36.0,2.0,5.0,45.6986,45.3417,-0.3569,132.051
38.39,36.0,2.0,5.0,45.6986,45.3456,-0.353,133.123
38.4,36.0,2.0,5.0,45.6986,45.3456,-0.353,132.587
38.41,36.0,2.0,5.0,45.6986,45.3443,-0.3543,131.547
38.42,36.0,2.0,5.0,45.6986,45.343,-0.3556,131.042
38.43,36.0,2.0,5.0,45.6986,45.343,-0.3556,130.785
38.44,36.0,2.0,5.0,45.6986,45.343,-0.3556,130.684
38.45,36.0,2.0,5.0,45.6986,45.343,-0.3556,130.229
38.46,36.0,2.0,5.0,45.6986,45.343,-0.3556,130.165
38.47,36.0,2.0,5.0,45.6986,45.3417,-0.3569,130.685
38.48,36.0,2.0,5.0,45.6986,45.343,-0.3556,130.473
38.49,36.0,2.0,5.0,45.6986,45.3443,-0.3543,129.952
38.5,36.0,2.0,5.0,45.6986,45.3443,-0.3543,129.889
38.51,36.0,2.0,5.0,45.6986,45.343,-0.3556,130.393
38.52,36.0,2.0,5.0,45.6986,45.3417,-0.3569,130.557
38.53,36.0,2.0,5.0,45.6986,45.3417,-0.3569,130.182
38.54,36.0,2.0,5.0,45.6986,45.343,-0.3556,129.661
38.55,36.0,2.0,5.0,45.6986,45.343,-0.3556,130.196
38.56,36.0,2.0,5.0,45.6986,45.3443,-0.3543,130.816
38.57,36.0,2.0,5.0,45.6986,45.3443,-0.3543,130.556
38.58,36.0,2.0,5.0,45.6986,45.3417,-0.3569,129.954
38.59,36.0,2.0,5.0,45.6986,45.3404,-0.3582,129.824
38.6,36.0,2.0,5.0,45.6986,45.343,-0.3556,130.312
38.61,36.0,2.0,5.0,45.6986,45.3443,-0.3543,130.491
38.62,36.0,2.0,5.0,45.6986,45.3456,-0.353,130.068
38.63,36.0,2.0,5.0,45.6986,45.3443,-0.3543,130.165
38.64,36.0,2.0,5.0,45.6986,45.3586,-0.34,94.842
38.65,4.0,0.0,6.0,52.6234,45.6077,-7.0157,-0.906
38.66,4.0,0.0,6.0,52.6234,46.1294,-6.494,-1.371
38.67,4.0,0.0,6.0,52.6234,47.0815,-5.5419,0.307
38.68,4.0,0.0,6.0,52.6234,48.1093,-4.5141,0.288
38.69,4.0,0.0,6.0,52.6234,49.1892,-3.4342,-0.548
38.7,4.0,0.0,6.0,52.6234,50.2417,-2.3817,-0.032
38.71,4.0,0.0,6.0,52.6234,51.3086,-1.3148,0.452
38.72,4.0,0.0,6.0,52.6234,52.425,-0.1984,-0.322
38.73,4.0,0.0,6.0,52.6234,53.0628,0.4394,0.082
38.74,4.0,0.0,6.0,52.6234,53.1606,0.5372,0.114
38.75,4.0,0.0,6.0,52.6234,53.1632,0.5398,-0.194
38.76,4.0,0.0,6.0,52.6234,53.1632,0.5398,0.324
38.77,4.0,0.0,6.0,52.6234,53.1606,0.5372,0.082
38.78,4.0,0.0,6.0,52.6234,53.171,0.5476,-0.064
38.79,4.0,0.0,6.0,52.6234,53.1802,0.5568,0.049
38.8,4.0,0.0,6.0,52.6234,53.1815,0.5581,-0.015
38.81,4.0,0.0,6.0,52.6234,53.1815,0.5581,0.065
38.82,4.0,0.0,6.0,52.6234,53.1736,0.5502,0.114
38.83,4.0,0.0,6.0,52.6234,53.1671,0.5437,0.083
38.84,4.0,0.0,6.0,52.6234,53.1567,0.5333,0.112
38.85,4.0,0.0,6.0,52.6234,53.1528,0.5294,0.033
38.86,4.0,0.0,6.0,52.6234,53.158,0.5346,0.033
38.87,4.0,0.0,6.0,52.6234,53.1593,0.5359,0.05
38.88,4.0,0.0,6.0,52.6234,53.1606,0.5372,0.033
38.89,4.0,0.0,2.0,52.6234,53.1658,0.5424,0.196
38.9,3.0,3.0,0.0,52.8398,53.1697,0.3299,0.163
38.91,3.0,3.0,0.0,52.8398,53.1697,0.3299,0.163
38.92,3.0,3.0,0.0,52.8398,53.1697,0.3299,0.177
38.93,3.0,3.0,0.0,52.8398,53.1671,0.3273,0.163
38.94,3.0,3.0,0.0,52.8398,53.1658,0.326,0.26
38.95,3.0,3.0,0.0,52.8398,53.1645,0.3247,0.115
38.96,3.0,3.0,0.0,52.8398,53.1632,0.3234,0.082
38.97,3.0,3.0,0.0,52.8398,53.1593,0.3195,0.164
38.98,3.0,3.0,0.0,52.8398,53.1567,0.3169,0.129
38.99,3.0,3.0,0.0,52.8398,53.1554,0.3156,0.308
39.0,3.0,3.0,0.0,52.8398,53.1554,0.3156,0.066
39.01,3.0,3.0,0.0,52.8398,53.1606,0.3208,0.147
39.02,3.0,3.0,0.0,52.8398,53.1645,0.3247,0.18
39.03,3.0,3.0,0.0,52.8398,53.1684,0.3286,0.066
39.04,3.0,3.0,0.0,52.8398,53.171,0.3312,0.227
39.05,3.0,3.0,0.0,52.8398,53.1684,0.3286,-0.015
39.06,3.0,3.0,0.0,52.8398,53.1671,0.3273,0.099
39.07,3.0,3.0,0.0,52.8398,53.1645,0.3247,0.05
39.08,3.0,3.0,0.0,52.8398,53.1658,0.326,0.243
39.09,3.0,3.0,0.0,52.8398,53.1645,0.3247,0.017
39.1,3.0,3.0,0.0,52.8398,53.1645,0.3247,0.001
39.11,3.0,3.0,0.0,52.8398,53.1645,0.3247,0.197
39.12,3.0,3.0,0.0,52.8398,53.1645,0.3247,0.194
39.13,3.0,3.0,0.0,52.8398,53.1658,0.326,0.23
39.14,3.0,3.0,0.0,52.8398,53.1645,0.3247,0.196
39.15,3.0,3.0,0.0,52.8398,53.1645,0.3247,0.033
39.16,3.0,3.0,0.0,52.8398,53.1658,0.326,0.212
39.17,3.0,3.0,0.0,52.8398,53.1658,0.326,0.13
39.18,3.0,3.0,0.0,52.8398,53.1684,0.3286,0.227
39.19,3.0,3.0,0.0,52.8398,53.1671,0.3273,0.293
39.2,3.0,3.0,0.0,52.8398,53.1645,0.3247,0.017
39.21,3.0,3.0,0.0,52.8398,53.1619,0.3221,0.226
39.22,3.0,3.0,0.0,52.8398,53.1606,0.3208,0.163
39.23,3.0,3.0,0.0,52.8398,53.1619,0.3221,0.147
39.24,3.0,3.0,0.0,52.8398,53.1632,0.3234,0.243
39.25,3.0,3.0,0.0,52.8398,53.1645,0.3247,0.115
39.26,3.0,3.0,0.0,52.8398,53.1671,0.3273,0.148
39.27,3.0,3.0,0.0,52.8398,53.1645,0.3247,0.164
39.28,3.0,3.0,0.0,52.8398,53.1645,0.3247,0.162
39.29,3.0,3.0,0.0,52.8398,53.1619,0.3221,0.114
39.3,3.0,3.0,0.0,52.8398,53.1606,0.3208,0.162
39.31,3.0,3.0,0.0,52.8398,53.1606,0.3208,0.292
39.32,3.0,3.0,0.0,52.8398,53.1606,0.3208,0.034
39.33,3.0,3.0,0.0,52.8398,53.1619,0.3221,0.164
39.34,3.0,3.0,0.0,52.8398,53.1606,0.3208,0.132
39.35,3.0,3.0,0.0,52.8398,53.1606,0.3208,0.114
39.36,3.0,3.0,0.0,52.8398,53.1606,0.3208,0.131
39.37,3.0,3.0,0.0,52.8398,53.1593,0.3195,0.23
39.38,3.0,3.0,0.0,52.8398,53.1593,0.3195,0.066
39.39,3.0,3.0,0.0,52.8398,53.1606,0.3208,0.099
39.4,3.0,3.0,0.0,52.8398,53.1619,0.3221,0.065
39.41,3.0,3.0,0.0,52.8398,53.1606,0.3208,0.276
39.42,3.0,3.0,0.0,52.8398,53.1606,0.3208,0.18
39.43,3.0,3.0,0.0,52.8398,53.1593,0.3195,0.018
39.44,3.0,3.0,0.0,52.8398,53.1593,0.3195,0.342
39.45,3.0,3.0,0.0,52.8398,53.1593,0.3195,0.18
39.46,3.0,3.0,0.0,52.8398,53.1593,0.3195,0.099
39.47,3.0,3.0,0.0,52.8398,53.1606,0.3208,0.001
39.48,3.0,3.0,0.0,52.8398,53.1619,0.3221,0.097
39.49,3.0,3.0,0.0,52.8398,53.1593,0.3195,0.179
39.5,3.0,3.0,0.0,52.8398,53.1606,0.3208,0.244
39.51,3.0,3.0,0.0,52.8398,53.1593,0.3195,0.132
39.52,3.0,3.0,0.0,52.8398,53.1593,0.3195,-0.016
39.53,3.0,3.0,0.0,52.8398,53.1593,0.3195,0.065
39.54,3.0,3.0,0.0,52.8398,53.1606,0.3208,0.357
39.55,3.0,3.0,0.0,52.8398,53.1593,0.3195,0.327
39.56,3.0,3.0,0.0,52.8398,53.1606,0.3208,0.244
39.57,3.0,3.0,0.0,52.8398,53.158,0.3182,0.129
39.58,3.0,3.0,0.0,52.8398,53.1593,0.3195,0.145
39.59,3.0,3.0,0.0,52.8398,53.1593,0.3195,0.404
39.6,3.0,3.0,0.0,52.8398,53.1593,0.3195,0.164
39.61,3.0,3.0,0.0,52.8398,53.1593,0.3195,0.115
39.62,3.0,3.0,0.0,52.8398,53.1606,0.3208,0.178
39.63,3.0,3.0,0.0,52.8398,53.1619,0.3221,0.164
39.64,3.0,3.0,0.0,52.8398,53.1619,0.3221,0.227
39.65,3.0,3.0,0.0,52.8398,53.1619,0.3221,0.211
39.66,3.0,3.0,0.0,52.8398,53.1606,0.3208,0.229
39.67,3.0,3.0,0.0,52.8398,53.1593,0.3195,0.197
39.68,3.0,3.0,0.0,52.8398,53.158,0.3182,0.115
39.69,3.0,3.0,0.0,52.8398,53.158,0.3182,0.163
39.7,3.0,3.0,0.0,52.8398,53.1593,0.3195,0.308
39.71,3.0,3.0,0.0,52.8398,53.1593,0.3195,0.212
39.72,36.0,0.0,44.0,45.6986,53.0158,7.3172,0.309
39.73,36.0,0.0,44.0,45.6986,52.0924,6.3938,0.099
39.74,36.0,0.0,44.0,45.6986,51.0243,5.3257,0.049
39.75,36.0,0.0,44.0,45.6986,49.9196,4.221,0.195
39.76,36.0,0.0,44.0,45.6986,48.7809,3.0823,0.293
39.77,36.0,0.0,44.0,45.6986,47.7258,2.0272,1.17
39.78,36.0,0.0,44.0,45.6986,46.7646,1.066,-0.305
39.79,36.0,0.0,44.0,45.6986,45.7355,0.0369,30.865
39.8,36.0,0.0,44.0,45.6986,45.369,-0.3296,133.077
39.81,36.0,0.0,44.0,45.6986,45.343,-0.3556,137.991
39.82,36.0,0.0,44.0,45.6986,45.3351,-0.3635,134.721
39.83,36.0,0.0,44.0,45.6986,45.3338,-0.3648,129.896
39.84,36.0,0.0,44.0,45.6986,45.3377,-0.3609,129.177
39.85,36.0,0.0,44.0,45.6986,45.3325,-0.3661,127.976
39.86,36.0,0.0,44.0,45.6986,45.3273,-0.3713,128.124
39.87,36.0,0.0,44.0,45.6986,45.3325,-0.3661,131.213
39.88,36.0,0.0,44.0,45.6986,45.3351,-0.3635,134.057
39.89,36.0,0.0,44.0,45.6986,45.3351,-0.3635,131.925
39.9,36.0,0.0,44.0,45.6986,45.3404,-0.3582,128.685
39.91,36.0,0.0,44.0,45.6986,45.3377,-0.3609,129.287
39.92,36.0,0.0,44.0,45.6986,45.3325,-0.3661,131.697
39.93,36.0,0.0,44.0,45.6986,45.3404,-0.3582,133.585
39.94,36.0,0.0,44.0,45.6986,45.3404,-0.3582,132.703
39.95,36.0,0.0,44.0,45.6986,45.3325,-0.3661,130.151
39.96,36.0,2.0,5.0,45.6986,45.3299,-0.3687,129.908
39.97,36.0,2.0,5.0,45.6986,45.3377,-0.3609,131.369
39.98,36.0,2.0,5.0,45.6986,45.3377,-0.3609,131.774
39.99,36.0,2.0,5.0,45.6986,45.339,-0.3596,131.824
40.0,36.0,2.0,5.0,45.6986,45.343,-0.3556,132.573
40.01,36.0,2.0,5.0,45.6986,45.3377,-0.3609,131.892
40.02,36.0,2.0,5.0,45.6986,45.3338,-0.3648,129.825
40.03,36.0,2.0,5.0,45.6986,45.3338,-0.3648,129.532
40.04,36.0,2.0,5.0,45.6986,45.3364,-0.3622,131.37
40.05,36.0,2.0,5.0,45.6986,45.3404,-0.3582,132.262
40.06,36.0,2.0,5.0,45.6986,45.3417,-0.3569,131.418
40.07,36.0,2.0,5.0,45.6986,45.339,-0.3596,130.1
40.08,36.0,2.0,5.0,45.6986,45.3351,-0.3635,129.434
40.09,36.0,2.0,5.0,45.6986,45.3351,-0.3635,129.532
40.1,36.0,2.0,5.0,45.6986,45.3364,-0.3622,130.068
40.11,36.0,2.0,5.0,45.6986,45.3364,-0.3622,129.826
40.12,36.0,2.0,5.0,45.6986,45.3377,-0.3609,129.89
40.13,36.0,2.0,5.0,45.6986,45.3377,-0.3609,129.89
40.14,36.0,2.0,5.0,45.6986,45.3377,-0.3609,129.613
40.15,36.0,2.0,5.0,45.6986,45.339,-0.3596,129.727
40.16,36.0,2.0,5.0,45.6986,45.339,-0.3596,129.808
40.17,36.0,2.0,5.0,45.6986,45.339,-0.3596,129.646
40.18,36.0,2.0,5.0,45.6986,45.3364,-0.3622,129.939
40.19,36.0,2.0,5.0,45.6986,45.3364,-0.3622,129.597
40.2,36.0,2.0,5.0,45.6986,45.3364,-0.3622,129.174
40.21,36.0,2.0,5.0,45.6986,45.3364,-0.3622,129.791
40.22,36.0,2.0,5.0,45.6986,45.3377,-0.3609,130.33
40.23,36.0,2.0,5.0,45.6986,45.3364,-0.3622,130.167
40.24,36.0,2.0,5.0,45.6986,45.3351,-0.3635,129.24
40.25,36.0,2.0,5.0,45.6986,45.3351,-0.3635,129.207
40.26,36.0,2.0,5.0,45.6986,45.3377,-0.3609,129.873
40.27,36.0,2.0,5.0,45.6986,45.3377,-0.3609,130.036
40.28,36.0,2.0,5.0,45.6986,45.3377,-0.3609,129.597
40.29,36.0,2.0,5.0,45.6986,45.3377,-0.3609,129.678
40.3,36.0,2.0,5.0,45.6986,45.3364,-0.3622,129.68
40.31,5.0,0.0,5.0,52.407,45.3482,-7.0588,78.182
40.32,5.0,0.0,5.0,52.407,45.6064,-6.8006,-1.973
40.33,5.0,0.0,5.0,52.407,46.1646,-6.2424,-1.03
40.34,5.0,0.0,5.0,52.407,47.1676,-5.2394,0.647
40.35,5.0,0.0,5.0,52.407,48.3962,-4.0108,-0.196
40.36,5.0,0.0,5.0,52.407,49.4305,-2.9765,-0.435
40.37,5.0,0.0,5.0,52.407,50.5299,-1.8771,0.307
40.38,5.0,0.0,5.0,52.407,51.6255,-0.7815,-0.015
40.39,5.0,0.0,5.0,52.407,52.6819,0.2749,-0.16
40.4,5.0,0.0,5.0,52.407,53.1032,0.6962,0.437
40.41,5.0,0.0,5.0,52.407,53.1815,0.7745,-0.016
40.42,5.0,0.0,5.0,52.407,53.1867,0.7797,0.001
40.43,5.0,0.0,5.0,52.407,53.1841,0.7771,0.179
40.44,5.0,0.0,5.0,52.407,53.1893,0.7823,0.001
40.45,5.0,0.0,5.0,52.407,53.1958,0.7888,0.001
40.46,5.0,0.0,5.0,52.407,53.2049,0.7979,0.114
40.47,5.0,0.0,5.0,52.407,53.2049,0.7979,0.032
40.48,5.0,0.0,5.0,52.407,53.2063,0.7993,0.194
40.49,5.0,0.0,5.0,52.407,53.1971,0.7901,0.065
40.5,5.0,0.0,5.0,52.407,53.1906,0.7836,0.017
40.51,5.0,0.0,5.0,52.407,53.1815,0.7745,0.213
40.52,5.0,0.0,5.0,52.407,53.1815,0.7745,0.034
40.53,5.0,0.0,5.0,52.407,53.1815,0.7745,0.147
40.54,5.0,0.0,5.0,52.407,53.1854,0.7784,0.163
40.55,5.0,0.0,0.0,52.407,53.188,0.781,0.146
40.56,3.0,3.0,0.0,52.8398,53.1932,0.3534,0.229
40.57,3.0,3.0,0.0,52.8398,53.1932,0.3534,0.164
40.58,3.0,3.0,0.0,52.8398,53.1958,0.356,0.164
40.59,3.0,3.0,0.0,52.8398,53.1958,0.356,0.017
40.6,3.0,3.0,0.0,52.8398,53.1932,0.3534,0.212
40.61,3.0,3.0,0.0,52.8398,53.1919,0.3521,0.244
40.62,3.0,3.0,0.0,52.8398,53.1906,0.3508,0.082
40.63,3.0,3.0,0.0,52.8398,53.188,0.3482,0.066
40.64,3.0,3.0,0.0,52.8398,53.1854,0.3456,0.114
40.65,3.0,3.0,0.0,52.8398,53.1841,0.3443,0.017
40.66,3.0,3.0,0.0,52.8398,53.1841,0.3443,0.276
40.67,3.0,3.0,0.0,52.8398,53.1854,0.3456,0.082
40.68,3.0,3.0,0.0,52.8398,53.188,0.3482,0.18
40.69,3.0,3.0,0.0,52.8398,53.1919,0.3521,0.099
40.7,3.0,3.0,0.0,52.8398,53.1958,0.356,0.228
40.71,3.0,3.0,0.0,52.8398,53.1984,0.3586,-0.047
40.72,3.0,3.0,0.0,52.8398,53.1984,0.3586,0.211
40.73,3.0,3.0,0.0,52.8398,53.1971,0.3573,0.049
40.74,3.0,3.0,0.0,52.8398,53.1958,0.356,0.131
40.75,3.0,3.0,0.0,52.8398,53.1971,0.3573,0.228
40.76,3.0,3.0,0.0,52.8398,53.1958,0.356,0.147
40.77,3.0,3.0,0.0,52.8398,53.1958,0.356,0.114
40.78,3.0,3.0,0.0,52.8398,53.1945,0.3547,0.082
40.79,3.0,3.0,0.0,52.8398,53.1945,0.3547,0.066
40.8,3.0,3.0,0.0,52.8398,53.1932,0.3534,0.211
40.81,3.0,3.0,0.0,52.8398,53.1932,0.3534,0.163
40.82,3.0,3.0,0.0,52.8398,53.1932,0.3534,0.05
40.83,3.0,3.0,0.0,52.8398,53.1945,0.3547,0.195
40.84,3.0,3.0,0.0,52.8398,53.1958,0.356,0.098
40.85,3.0,3.0,0.0,52.8398,53.1984,0.3586,0.147
40.86,3.0,3.0,0.0,52.8398,53.1971,0.3573,0.228
40.87,3.0,3.0,0.0,52.8398,53.1945,0.3547,0.066
40.88,3.0,3.0,0.0,52.8398,53.1932,0.3534,0.197
40.89,3.0,3.0,0.0,52.8398,53.1919,0.3521,0.115
40.9,3.0,3.0,0.0,52.8398,53.1906,0.3508,0.212
40.91,3.0,3.0,0.0,52.8398,53.1906,0.3508,0.276
40.92,3.0,3.0,0.0,52.8398,53.1919,0.3521,0.18
40.93,3.0,3.0,0.0,52.8398,53.1932,0.3534,0.292
40.94,3.0,3.0,0.0,52.8398,53.1932,0.3534,0.21
40.95,3.0,3.0,0.0,52.8398,53.1945,0.3547,0.001
40.96,3.0,3.0,0.0,52.8398,53.1945,0.3547,0.228
40.97,3.0,3.0,0.0,52.8398,53.1932,0.3534,0.212
40.98,3.0,3.0,0.0,52.8398,53.1932,0.3534,0.246
40.99,3.0,3.0,0.0,52.8398,53.1945,0.3547,0.18
41.0,3.0,3.0,0.0,52.8398,53.1932,0.3534,0.212
41.01,3.0,3.0,0.0,52.8398,53.1932,0.3534,0.082
41.02,3.0,3.0,0.0,52.8398,53.1919,0.3521,0.066
41.03,3.0,3.0,0.0,52.8398,53.1932,0.3534,0.326
41.04,3.0,3.0,0.0,52.8398,53.1932,0.3534,0.05
41.05,3.0,3.0,0.0,52.8398,53.1932,0.3534,0.18
41.06,3.0,3.0,0.0,52.8398,53.1945,0.3547,0.228
41.07,3.0,3.0,0.0,52.8398,53.1958,0.356,0.309
41.08,3.0,3.0,0.0,52.8398,53.1958,0.356,0.05
41.09,3.0,3.0,0.0,52.8398,53.1945,0.3547,0.276
41.1,3.0,3.0,0.0,52.8398,53.1958,0.356,0.13
41.11,3.0,3.0,0.0,52.8398,53.1945,0.3547,0.309
41.12,3.0,3.0,0.0,52.8398,53.1919,0.3521,0.195
41.13,3.0,3.0,0.0,52.8398,53.1906,0.3508,0.341
41.14,3.0,3.0,0.0,52.8398,53.1919,0.3521,0.259
41.15,3.0,3.0,0.0,52.8398,53.1932,0.3534,0.082
41.16,3.0,3.0,0.0,52.8398,53.1919,0.3521,0.358
41.17,3.0,3.0,0.0,52.8398,53.1932,0.3534,0.116
41.18,3.0,3.0,0.0,52.8398,53.1932,0.3534,0.227
41.19,3.0,3.0,0.0,52.8398,53.1919,0.3521,0.148
41.2,3.0,3.0,0.0,52.8398,53.1932,0.3534,0.26
41.21,3.0,3.0,0.0,52.8398,53.1919,0.3521,0.228
41.22,3.0,3.0,0.0,52.8398,53.1906,0.3508,0.163
41.23,3.0,3.0,0.0,52.8398,53.1906,0.3508,0.277
41.24,3.0,3.0,0.0,52.8398,53.1893,0.3495,0.211
41.25,3.0,3.0,0.0,52.8398,53.1893,0.3495,0.115
41.26,3.0,3.0,0.0,52.8398,53.1906,0.3508,0.373
41.27,3.0,3.0,0.0,52.8398,53.1919,0.3521,0.131
41.28,3.0,3.0,0.0,52.8398,53.1932,0.3534,0.34
41.29,3.0,3.0,0.0,52.8398,53.1932,0.3534,0.244
41.3,3.0,3.0,0.0,52.8398,53.1932,0.3534,0.163
41.31,3.0,3.0,0.0,52.8398,53.1945,0.3547,0.228
41.32,3.0,3.0,0.0,52.8398,53.1919,0.3521,0.131
41.33,3.0,3.0,0.0,52.8398,53.1932,0.3534,0.246
41.34,3.0,3.0,0.0,52.8398,53.1906,0.3508,0.179
41.35,3.0,3.0,0.0,52.8398,53.1893,0.3495,0.31
41.36,3.0,3.0,0.0,52.8398,53.1893,0.3495,0.292
41.37,3.0,3.0,0.0,52.8398,53.1906,0.3508,0.115
41.38,37.0,0.0,0.0,45.4822,53.0237,7.5415,0.211
41.39,37.0,0.0,0.0,45.4822,51.6268,6.1446,0.13
41.4,37.0,0.0,0.0,45.4822,50.0682,4.586,-0.015
41.41,37.0,0.0,0.0,45.4822,48.5031,3.0209,0.309
41.42,37.0,0.0,0.0,45.4822,47.1259,1.6437,-0.13
41.43,37.0,0.0,0.0,45.4822,45.7734,0.2912,67.139
41.44,37.0,0.0,0.0,45.4822,45.2973,-0.1849,164.005
41.45,37.0,0.0,0.0,45.4822,45.2947,-0.1875,157.4
41.46,37.0,0.0,0.0,45.4822,45.2869,-0.1953,162.411
41.47,37.0,0.0,0.0,45.4822,45.2817,-0.2005,156.033
41.48,37.0,0.0,0.0,45.4822,45.2895,-0.1927,151.97
41.49,37.0,0.0,0.0,45.4822,45.283,-0.1992,152.372
41.5,37.0,0.0,0.0,45.4822,45.2777,-0.2045,153.009
41.51,37.0,0.0,0.0,45.4822,45.2843,-0.1979,154.277
41.52,37.0,0.0,0.0,45.4822,45.2869,-0.1953,158.614
41.53,37.0,0.0,0.0,45.4822,45.283,-0.1992,158.353
41.54,37.0,0.0,0.0,45.4822,45.2908,-0.1914,153.717
41.55,37.0,0.0,0.0,45.4822,45.2921,-0.1901,154.265
41.56,37.0,0.0,0.0,45.4822,45.2856,-0.1966,156.952
41.57,37.0,0.0,0.0,45.4822,45.2921,-0.1901,157.849
41.58,37.0,0.0,0.0,45.4822,45.2973,-0.1849,157.618
41.59,37.0,0.0,0.0,45.4822,45.2882,-0.194,156.039
41.6,37.0,0.0,0.0,45.4822,45.2869,-0.1953,154.53
41.61,37.0,0.0,0.0,45.4822,45.2921,-0.1901,155.521
41.62,37.0,2.0,5.0,45.4822,45.2934,-0.1888,156.836
41.63,37.0,2.0,5.0,45.4822,45.2934,-0.1888,156.87
41.64,37.0,2.0,5.0,45.4822,45.2947,-0.1875,156.757
41.65,37.0,2.0,5.0,45.4822,45.2947,-0.1875,156.887
41.66,37.0,2.0,5.0,45.4822,45.2882,-0.194,155.098
41.67,37.0,2.0,5.0,45.4822,45.2882,-0.194,154.155
41.68,37.0,2.0,5.0,45.4822,45.2908,-0.1914,156.024
41.69,37.0,2.0,5.0,45.4822,45.2921,-0.1901,157.147
41.7,37.0,2.0,5.0,45.4822,45.2947,-0.1875,156.738
41.71,37.0,2.0,5.0,45.4822,45.2921,-0.1901,155.309
41.72,37.0,2.0,5.0,45.4822,45.2895,-0.1927,154.577
41.73,37.0,2.0,5.0,45.4822,45.2882,-0.194,154.156
41.74,37.0,2.0,5.0,45.4822,45.2895,-0.1927,154.823
41.75,37.0,2.0,5.0,45.4822,45.2895,-0.1927,155.294
41.76,37.0,2.0,5.0,45.4822,45.2908,-0.1914,154.576
41.77,37.0,2.0,5.0,45.4822,45.2895,-0.1927,154.171
41.78,37.0,2.0,5.0,45.4822,45.2895,-0.1927,154.496
41.79,37.0,2.0,5.0,45.4822,45.2882,-0.194,154.446
41.8,37.0,2.0,5.0,45.4822,45.2908,-0.1914,154.188
41.81,37.0,2.0,5.0,45.4822,45.2895,-0.1927,154.382
41.82,37.0,2.0,5.0,45.4822,45.2882,-0.194,154.611
41.83,37.0,2.0,5.0,45.4822,45.2882,-0.194,154.624
41.84,37.0,2.0,5.0,45.4822,45.2895,-0.1927,154.04
41.85,37.0,2.0,5.0,45.4822,45.2882,-0.194,154.348
41.86,37.0,2.0,5.0,45.4822,45.2895,-0.1927,154.853
41.87,37.0,2.0,5.0,45.4822,45.2895,-0.1927,154.804
41.88,37.0,2.0,5.0,45.4822,45.2895,-0.1927,154.09
41.89,37.0,2.0,5.0,45.4822,45.2882,-0.194,153.943
41.9,37.0,2.0,5.0,45.4822,45.2908,-0.1914,154.544
41.91,37.0,2.0,5.0,45.4822,45.2921,-0.1901,155.029
41.92,37.0,2.0,5.0,45.4822,45.2921,-0.1901,154.073
41.93,37.0,2.0,5.0,45.4822,45.2895,-0.1927,154.283
41.94,37.0,2.0,5.0,45.4822,45.2895,-0.1927,154.431
41.95,37.0,2.0,5.0,45.4822,45.2895,-0.1927,154.545
41.96,37.0,2.0,5.0,45.4822,45.2895,-0.1927,154.348
41.97,6.0,0.0,8.0,52.1906,45.3182,-6.8724,92.334
41.98,6.0,0.0,8.0,52.1906,45.6182,-6.5724,-0.971
41.99,6.0,0.0,8.0,52.1906,46.2598,-5.9308,-0.564
42.0,6.0,0.0,8.0,52.1906,47.2289,-4.9617,0.275
42.01,6.0,0.0,8.0,52.1906,48.2579,-3.9327,-0.097
42.02,6.0,0.0,8.0,52.1906,49.2857,-2.9049,-0.272
42.03,6.0,0.0,8.0,52.1906,50.3591,-1.8315,0.308
42.04,6.0,0.0,8.0,52.1906,51.4377,-0.7529,-0.178
42.05,6.0,0.0,8.0,52.1906,52.5098,0.3192,0.099
42.06,6.0,0.0,8.0,52.1906,53.0354,0.8448,0.116
42.07,6.0,0.0,8.0,52.1906,53.1228,0.9322,-0.146
42.08,6.0,0.0,8.0,52.1906,53.1228,0.9322,0.245
42.09,6.0,0.0,8.0,52.1906,53.1202,0.9296,0.196
42.1,6.0,0.0,8.0,52.1906,53.1228,0.9322,-0.015
42.11,6.0,0.0,8.0,52.1906,53.1306,0.94,0.163
42.12,6.0,0.0,8.0,52.1906,53.1384,0.9478,-0.048
42.13,6.0,0.0,8.0,52.1906,53.141,0.9504,0.195
42.14,6.0,0.0,8.0,52.1906,53.1423,0.9517,0.132
42.15,6.0,0.0,8.0,52.1906,53.1345,0.9439,0.001
42.16,6.0,0.0,8.0,52.1906,53.128,0.9374,0.082
42.17,6.0,0.0,8.0,52.1906,53.1215,0.9309,0.034
42.18,6.0,0.0,8.0,52.1906,53.1189,0.9283,0.213
42.19,6.0,0.0,8.0,52.1906,53.115,0.9244,0.05
42.2,6.0,0.0,8.0,52.1906,53.1176,0.927,0.05
42.21,4.0,2.0,2.7,52.6234,53.1189,0.4955,0.245
42.22,3.0,3.0,0.0,52.8398,53.1228,0.283,0.082
42.23,3.0,3.0,0.0,52.8398,53.1267,0.2869,0.228
42.24,3.0,3.0,0.0,52.8398,53.1267,0.2869,0.245
42.25,3.0,3.0,0.0,52.8398,53.1293,0.2895,0.179
42.26,3.0,3.0,0.0,52.8398,53.128,0.2882,0.194
42.27,3.0,3.0,0.0,52.8398,53.1254,0.2856,0.035
42.28,3.0,3.0,0.0,52.8398,53.1228,0.283,-0.031
42.29,3.0,3.0,0.0,52.8398,53.1228,0.283,0.066
42.3,3.0,3.0,0.0,52.8398,53.1176,0.2778,0.26
42.31,3.0,3.0,0.0,52.8398,53.1163,0.2765,0.066
42.32,3.0,3.0,0.0,52.8398,53.115,0.2752,0.196
42.33,3.0,3.0,0.0,52.8398,53.115,0.2752,0.357
42.34,3.0,3.0,0.0,52.8398,53.1163,0.2765,0.114
42.35,3.0,3.0,0.0,52.8398,53.1189,0.2791,0.114
42.36,3.0,3.0,0.0,52.8398,53.1228,0.283,0.164
42.37,3.0,3.0,0.0,52.8398,53.1241,0.2843,0.26
42.38,3.0,3.0,0.0,52.8398,53.128,0.2882,0.163
42.39,3.0,3.0,0.0,52.8398,53.1267,0.2869,0.163
42.4,3.0,3.0,0.0,52.8398,53.128,0.2882,0.308
42.41,3.0,3.0,0.0,52.8398,53.1254,0.2856,0.179
42.42,3.0,3.0,0.0,52.8398,53.1254,0.2856,0.131
42.43,3.0,3.0,0.0,52.8398,53.1241,0.2843,0.292
42.44,3.0,3.0,0.0,52.8398,53.1215,0.2817,0.18
42.45,3.0,3.0,0.0,52.8398,53.1189,0.2791,0.13
42.46,3.0,3.0,0.0,52.8398,53.1189,0.2791,0.115
42.47,3.0,3.0,0.0,52.8398,53.1189,0.2791,0.162
42.48,3.0,3.0,0.0,52.8398,53.1202,0.2804,0.276
42.49,3.0,3.0,0.0,52.8398,53.1241,0.2843,0.065
42.5,3.0,3.0,0.0,52.8398,53.1254,0.2856,0.066
42.51,3.0,3.0,0.0,52.8398,53.1267,0.2869,0.244
42.52,3.0,3.0,0.0,52.8398,53.1267,0.2869,0.113
42.53,3.0,3.0,0.0,52.8398,53.1254,0.2856,0.276
42.54,3.0,3.0,0.0,52.8398,53.1228,0.283,0.26
42.55,3.0,3.0,0.0,52.8398,53.1202,0.2804,0.148
42.56,3.0,3.0,0.0,52.8398,53.1202,0.2804,0.261
42.57,3.0,3.0,0.0,52.8398,53.1176,0.2778,0.341
42.58,3.0,3.0,0.0,52.8398,53.1176,0.2778,0.26
42.59,3.0,3.0,0.0,52.8398,53.1189,0.2791,0.228
42.6,3.0,3.0,0.0,52.8398,53.1202,0.2804,0.195
42.61,3.0,3.0,0.0,52.8398,53.1215,0.2817,0.164
42.62,3.0,3.0,0.0,52.8398,53.1215,0.2817,0.099
42.63,3.0,3.0,0.0,52.8398,53.1228,0.283,0.18
42.64,3.0,3.0,0.0,52.8398,53.1228,0.283,0.181
42.65,3.0,3.0,0.0,52.8398,53.1228,0.283,0.082
42.66,3.0,3.0,0.0,52.8398,53.1215,0.2817,0.164
42.67,3.0,3.0,0.0,52.8398,53.1202,0.2804,0.211
42.68,3.0,3.0,0.0,52.8398,53.1189,0.2791,0.082
42.69,3.0,3.0,0.0,52.8398,53.1176,0.2778,0.018
42.7,3.0,3.0,0.0,52.8398,53.1176,0.2778,0.131
42.71,3.0,3.0,0.0,52.8398,53.1176,0.2778,0.245
42.72,3.0,3.0,0.0,52.8398,53.1202,0.2804,0.099
42.73,3.0,3.0,0.0,52.8398,53.1228,0.283,0.196
42.74,3.0,3.0,0.0,52.8398,53.1241,0.2843,0.293
42.75,3.0,3.0,0.0,52.8398,53.1241,0.2843,0.213
42.76,3.0,3.0,0.0,52.8398,53.1241,0.2843,0.277
42.77,3.0,3.0,0.0,52.8398,53.1241,0.2843,0.26
42.78,3.0,3.0,0.0,52.8398,53.1215,0.2817,0.148
42.79,3.0,3.0,0.0,52.8398,53.1189,0.2791,0.325
42.8,3.0,3.0,0.0,52.8398,53.1189,0.2791,0.276
42.81,3.0,3.0,0.0,52.8398,53.1176,0.2778,0.324
42.82,3.0,3.0,0.0,52.8398,53.1189,0.2791,0.115
42.83,3.0,3.0,0.0,52.8398,53.1202,0.2804,0.31
42.84,3.0,3.0,0.0,52.8398,53.1215,0.2817,0.115
42.85,3.0,3.0,0.0,52.8398,53.1228,0.283,0.212
42.86,3.0,3.0,0.0,52.8398,53.1228,0.283,0.278
42.87,3.0,3.0,0.0,52.8398,53.1215,0.2817,0.034
42.88,3.0,3.0,0.0,52.8398,53.1202,0.2804,0.196
42.89,3.0,3.0,0.0,52.8398,53.1202,0.2804,0.195
42.9,3.0,3.0,0.0,52.8398,53.1176,0.2778,0.099
42.91,3.0,3.0,0.0,52.8398,53.1176,0.2778,0.213
42.92,3.0,3.0,0.0,52.8398,53.1189,0.2791,0.082
42.93,3.0,3.0,0.0,52.8398,53.1202,0.2804,0.148
42.94,3.0,3.0,0.0,52.8398,53.1215,0.2817,0.277
42.95,3.0,3.0,0.0,52.8398,53.1228,0.283,0.18
42.96,3.0,3.0,0.0,52.8398,53.1215,0.2817,0.229
42.97,3.0,3.0,0.0,52.8398,53.1228,0.283,0.277
42.98,3.0,3.0,0.0,52.8398,53.1215,0.2817,0.276
42.99,3.0,3.0,0.0,52.8398,53.1202,0.2804,0.195
43.0,3.0,3.0,0.0,52.8398,53.1189,0.2791,0.163
43.01,3.0,3.0,0.0,52.8398,53.1176,0.2778,0.212
43.02,3.0,3.0,0.0,52.8398,53.1189,0.2791,0.212
43.03,3.0,3.0,0.0,52.8398,53.1189,0.2791,0.389
43.04,3.0,3.0,0.0,52.8398,52.875,0.0352,0.293
43.05,37.0,2.0,0.0,45.4822,51.5394,6.0572,0.114
43.06,37.0,2.0,0.0,45.4822,49.9848,4.5026,0.245
43.07,37.0,2.0,0.0,45.4822,48.451,2.9688,0.18
43.08,37.0,2.0,0.0,45.4822,47.0385,1.5563,-0.181
43.09,37.0,2.0,0.0,45.4822,45.7081,0.2259,85.926
43.1,37.0,2.0,0.0,45.4822,45.2934,-0.1888,165.451
43.11,37.0,2.0,0.0,45.4822,45.2986,-0.1836,154.283
43.12,37.0,2.0,0.0,45.4822,45.2934,-0.1888,160.451
43.13,37.0,2.0,0.0,45.4822,45.2869,-0.1953,155.433
43.14,37.0,2.0,0.0,45.4822,45.2934,-0.1888,150.527
43.15,37.0,2.0,0.0,45.4822,45.2882,-0.194,151.954
43.16,37.0,2.0,0.0,45.4822,45.283,-0.1992,153.449
43.17,37.0,2.0,0.0,45.4822,45.2895,-0.1927,153.808
43.18,37.0,2.0,0.0,45.4822,45.2921,-0.1901,158.389
43.19,37.0,2.0,0.0,45.4822,45.2895,-0.1927,157.931
43.2,37.0,2.0,0.0,45.4822,45.2973,-0.1849,153.07
43.21,37.0,2.0,0.0,45.4822,45.2986,-0.1836,154.024
43.22,37.0,2.0,0.0,45.4822,45.2921,-0.1901,156.939
43.23,37.0,2.0,0.0,45.4822,45.2973,-0.1849,157.365
43.24,37.0,2.0,0.0,45.4822,45.3025,-0.1797,156.757
43.25,37.0,2.0,0.0,45.4822,45.2947,-0.1875,155.198
43.26,37.0,2.0,0.0,45.4822,45.2947,-0.1875,154.337
43.27,37.0,2.0,0.0,45.4822,45.2999,-0.1823,155.263
43.28,37.0,2.0,0.0,45.4822,45.2999,-0.1823,156.561
43.29,37.0,2.0,0.0,45.4822,45.2999,-0.1823,156.513
43.3,37.0,2.0,0.0,45.4822,45.3025,-0.1797,156.143
43.31,37.0,2.0,0.0,45.4822,45.2999,-0.1823,156.255
43.32,37.0,2.0,0.0,45.4822,45.2947,-0.1875,154.872
43.33,37.0,2.0,0.0,45.4822,45.296,-0.1862,153.962
43.34,37.0,2.0,0.0,45.4822,45.2973,-0.1849,155.652
43.35,37.0,2.0,0.0,45.4822,45.2999,-0.1823,156.985
43.36,37.0,2.0,0.0,45.4822,45.2999,-0.1823,156.076
43.37,37.0,2.0,0.0,45.4822,45.2986,-0.1836,154.628
43.38,16.3,0.7,6.7,49.9545,45.2986,-4.6559,150.751
43.39,6.0,0.0,10.0,52.1906,45.4512,-6.7394,7.254
43.4,6.0,0.0,10.0,52.1906,45.7916,-6.399,0.112
43.41,6.0,0.0,10.0,52.1906,46.6785,-5.5121,0.549
43.42,6.0,0.0,10.0,52.1906,47.6671,-4.5235,-0.661
43.43,6.0,0.0,10.0,52.1906,48.6818,-3.5088,0.404
43.44,6.0,0.0,10.0,52.1906,49.7174,-2.4732,0.067
43.45,6.0,0.0,10.0,52.1906,50.8156,-1.375,-0.225
43.46,6.0,0.0,10.0,52.1906,51.9542,-0.2364,0.209
43.47,6.0,0.0,10.0,52.1906,52.9102,0.7196,-0.29
43.48,6.0,0.0,10.0,52.1906,53.0928,0.9022,-0.162
43.49,6.0,0.0,10.0,52.1906,53.1189,0.9283,0.179
43.5,6.0,0.0,10.0,52.1906,53.1176,0.927,-0.031
43.51,6.0,0.0,10.0,52.1906,53.1137,0.9231,0.147
43.52,6.0,0.0,10.0,52.1906,53.1215,0.9309,0.066
43.53,6.0,0.0,10.0,52.1906,53.1241,0.9335,-0.08
43.54,6.0,0.0,10.0,52.1906,53.1293,0.9387,0.259
43.55,6.0,0.0,10.0,52.1906,53.1319,0.9413,-0.048
43.56,6.0,0.0,10.0,52.1906,53.1306,0.94,0.195
43.57,6.0,0.0,10.0,52.1906,53.1306,0.94,0.066
43.58,6.0,0.0,10.0,52.1906,53.1267,0.9361,0.082
43.59,6.0,0.0,10.0,52.1906,53.1215,0.9309,0.082
43.6,6.0,0.0,10.0,52.1906,53.1163,0.9257,0.049
43.61,6.0,0.0,10.0,52.1906,53.111,0.9204,0.211
43.62,6.0,0.0,10.0,52.1906,53.111,0.9204,0.05
43.63,3.0,3.0,0.0,52.8398,53.1123,0.2725,0.082
43.64,3.0,3.0,0.0,52.8398,53.1123,0.2725,0.211
43.65,3.0,3.0,0.0,52.8398,53.1123,0.2725,0.082
43.66,3.0,3.0,0.0,52.8398,53.1176,0.2778,0.197
43.67,3.0,3.0,0.0,52.8398,53.1163,0.2765,0.228
43.68,3.0,3.0,0.0,52.8398,53.1163,0.2765,0.228
43.69,3.0,3.0,0.0,52.8398,53.1189,0.2791,0.146
43.7,3.0,3.0,0.0,52.8398,53.1189,0.2791,0.114
43.71,3.0,3.0,0.0,52.8398,53.1202,0.2804,0.098
43.72,3.0,3.0,0.0,52.8398,53.1137,0.2739,0.049
43.73,3.0,3.0,0.0,52.8398,53.1097,0.2699,0.293
43.74,3.0,3.0,0.0,52.8398,53.1084,0.2686,0.082
43.75,3.0,3.0,0.0,52.8398,53.1097,0.2699,0.196
43.76,3.0,3.0,0.0,52.8398,53.115,0.2752,0.277
43.77,3.0,3.0,0.0,52.8398,53.1176,0.2778,-0.015
43.78,3.0,3.0,0.0,52.8398,53.1189,0.2791,0.178
43.79,3.0,3.0,0.0,52.8398,53.1215,0.2817,0.162
43.8,3.0,3.0,0.0,52.8398,53.1228,0.283,0.099
43.81,3.0,3.0,0.0,52.8398,53.1254,0.2856,0.357
43.82,3.0,3.0,0.0,52.8398,53.1241,0.2843,0.113
43.83,3.0,3.0,0.0,52.8398,53.1202,0.2804,0.162
43.84,3.0,3.0,0.0,52.8398,53.1176,0.2778,0.066
43.85,3.0,3.0,0.0,52.8398,53.1163,0.2765,0.033
43.86,3.0,3.0,0.0,52.8398,53.1137,0.2739,0.261
43.87,3.0,3.0,0.0,52.8398,53.115,0.2752,0.05
43.88,3.0,3.0,0.0,52.8398,53.1189,0.2791,0.212
43.89,3.0,3.0,0.0,52.8398,53.1202,0.2804,0.083
43.9,3.0,3.0,0.0,52.8398,53.1215,0.2817,0.099
43.91,3.0,3.0,0.0,52.8398,53.1215,0.2817,0.212
43.92,3.0,3.0,0.0,52.8398,53.1241,0.2843,0.05
43.93,3.0,3.0,0.0,52.8398,53.1241,0.2843,0.261
43.94,3.0,3.0,0.0,52.8398,53.1228,0.283,0.148
43.95,3.0,3.0,0.0,52.8398,53.1202,0.2804,0.001
43.96,3.0,3.0,0.0,52.8398,53.1176,0.2778,0.324
43.97,3.0,3.0,0.0,52.8398,53.115,0.2752,0.196
43.98,3.0,3.0,0.0,52.8398,53.1163,0.2765,0.293
43.99,3.0,3.0,0.0,52.8398,53.1176,0.2778,0.194
44.0,3.0,3.0,0.0,52.8398,53.1189,0.2791,0.083
44.01,3.0,3.0,0.0,52.8398,53.1215,0.2817,0.229
44.02,3.0,3.0,0.0,52.8398,53.1215,0.2817,0.001
44.03,3.0,3.0,0.0,52.8398,53.1215,0.2817,0.033
44.04,3.0,3.0,0.0,52.8398,53.1215,0.2817,0.228
44.05,3.0,3.0,0.0,52.8398,53.1215,0.2817,0.276
44.06,3.0,3.0,0.0,52.8398,53.1202,0.2804,0.357
44.07,3.0,3.0,0.0,52.8398,53.1189,0.2791,0.131
44.08,3.0,3.0,0.0,52.8398,53.1176,0.2778,0.18
44.09,3.0,3.0,0.0,52.8398,53.1202,0.2804,0.083
44.1,3.0,3.0,0.0,52.8398,53.1202,0.2804,0.083
44.11,3.0,3.0,0.0,52.8398,53.1202,0.2804,0.197
44.12,3.0,3.0,0.0,52.8398,53.1202,0.2804,0.147
44.13,3.0,3.0,0.0,52.8398,53.1202,0.2804,0.212
44.14,3.0,3.0,0.0,52.8398,53.1189,0.2791,0.05
44.15,3.0,3.0,0.0,52.8398,53.1176,0.2778,0.131
44.16,3.0,3.0,0.0,52.8398,53.1189,0.2791,0.276
44.17,3.0,3.0,0.0,52.8398,53.1189,0.2791,0.164
44.18,3.0,3.0,0.0,52.8398,53.1202,0.2804,0.227
44.19,3.0,3.0,0.0,52.8398,53.1202,0.2804,0.067
44.2,3.0,3.0,0.0,52.8398,53.1189,0.2791,0.13
44.21,3.0,3.0,0.0,52.8398,53.1189,0.2791,0.164
44.22,3.0,3.0,0.0,52.8398,53.1189,0.2791,0.342
44.23,3.0,3.0,0.0,52.8398,53.1176,0.2778,0.277
44.24,3.0,3.0,0.0,52.8398,53.1176,0.2778,0.194
44.25,3.0,3.0,0.0,52.8398,53.115,0.2752,0.228
44.26,3.0,3.0,0.0,52.8398,53.115,0.2752,0.18
44.27,3.0,3.0,0.0,52.8398,53.115,0.2752,0.211
44.28,3.0,3.0,0.0,52.8398,53.1176,0.2778,0.082
44.29,3.0,3.0,0.0,52.8398,53.1189,0.2791,0.115
44.3,3.0,3.0,0.0,52.8398,53.1189,0.2791,0.147
44.31,3.0,3.0,0.0,52.8398,53.1176,0.2778,0.324
44.32,3.0,3.0,0.0,52.8398,53.1176,0.2778,0.148
44.33,3.0,3.0,0.0,52.8398,53.1163,0.2765,0.18
44.34,3.0,3.0,0.0,52.8398,53.115,0.2752,0.18
44.35,3.0,3.0,0.0,52.8398,53.1123,0.2725,0.082
44.36,3.0,3.0,0.0,52.8398,53.1137,0.2739,0.179
44.37,3.0,3.0,0.0,52.8398,53.1123,0.2725,0.211
44.38,3.0,3.0,0.0,52.8398,53.1137,0.2739,0.163
44.39,3.0,3.0,0.0,52.8398,53.1163,0.2765,0.211
44.4,3.0,3.0,0.0,52.8398,53.1176,0.2778,0.131
44.41,3.0,3.0,0.0,52.8398,53.1163,0.2765,0.357
44.42,3.0,3.0,0.0,52.8398,53.1176,0.2778,0.033
44.43,3.0,3.0,0.0,52.8398,53.1176,0.2778,0.196
44.44,3.0,3.0,0.0,52.8398,53.1163,0.2765,0.292
44.45,3.0,3.0,0.0,52.8398,53.1084,0.2686,0.066
44.46,37.0,2.0,4.0,45.4822,52.112,6.6298,0.326
44.47,37.0,2.0,4.0,45.4822,50.1582,4.676,0.164
44.48,37.0,2.0,4.0,45.4822,48.2853,2.8031,0.292
44.49,37.0,2.0,4.0,45.4822,46.4711,0.9889,0.267
44.5,37.0,2.0,4.0,45.4822,45.3469,-0.1353,164.243
44.51,37.0,2.0,4.0,45.4822,45.2673,-0.2149,192.383
44.52,37.0,2.0,4.0,45.4822,45.2477,-0.2345,182.603
44.53,37.0,2.0,4.0,45.4822,45.2491,-0.2331,174.884
44.54,37.0,2.0,4.0,45.4822,45.2517,-0.2305,182.124
44.55,37.0,2.0,4.0,45.4822,45.2491,-0.2331,178.498
44.56,37.0,2.0,4.0,45.4822,45.2425,-0.2397,174.498
44.57,37.0,2.0,4.0,45.4822,45.2464,-0.2358,179.326
44.58,37.0,2.0,4.0,45.4822,45.2517,-0.2305,180.271
44.59,37.0,2.0,4.0,45.4822,45.253,-0.2292,178.679
44.6,37.0,2.0,4.0,45.4822,45.2543,-0.2279,179.324
44.61,37.0,2.0,4.0,45.4822,45.2595,-0.2227,175.911
44.62,37.0,2.0,4.0,45.4822,45.2556,-0.2266,174.692
44.63,37.0,2.0,4.0,45.4822,45.2543,-0.2279,180.999
44.64,37.0,2.0,4.0,45.4822,45.2595,-0.2227,182.445
44.65,37.0,2.0,4.0,45.4822,45.2595,-0.2227,177.603
44.66,37.0,2.0,4.0,45.4822,45.2556,-0.2266,176.964
44.67,37.0,2.0,4.0,45.4822,45.2556,-0.2266,179.385
44.68,37.0,2.0,4.0,45.4822,45.2595,-0.2227,178.738
44.69,37.0,2.0,4.0,45.4822,45.2621,-0.2201,178.443
44.7,37.0,2.0,4.0,45.4822,45.2634,-0.2188,180.394
44.71,37.0,2.0,4.0,45.4822,45.2621,-0.2201,180.201
44.72,37.0,2.0,4.0,45.4822,45.2582,-0.224,177.974
44.73,37.0,2.0,4.0,45.4822,45.2543,-0.2279,177.5
44.74,37.0,2.0,4.0,45.4822,45.2556,-0.2266,178.168
44.75,37.0,2.0,4.0,45.4822,45.2595,-0.2227,178.837
44.76,37.0,2.0,4.0,45.4822,45.2634,-0.2188,179.664
44.77,37.0,2.0,4.0,45.4822,45.2621,-0.2201,179.291
44.78,37.0,2.0,4.0,45.4822,45.2595,-0.2227,177.536
44.79,37.0,2.0,4.0,45.4822,45.2582,-0.224,177.584
44.8,7.0,0.0,10.0,51.9742,45.266,-6.7082,159.456
44.81,7.0,0.0,10.0,51.9742,45.476,-6.4982,0.545
44.82,7.0,0.0,10.0,51.9742,45.8281,-6.1461,-0.178
44.83,7.0,0.0,10.0,51.9742,46.7607,-5.2135,-0.127
44.84,7.0,0.0,10.0,51.9742,47.928,-4.0462,0.063
44.85,7.0,0.0,10.0,51.9742,48.914,-3.0602,-0.064
44.86,7.0,0.0,10.0,51.9742,50.0082,-1.966,-0.177
44.87,7.0,0.0,10.0,51.9742,51.126,-0.8482,0.18
44.88,7.0,0.0,10.0,51.9742,52.2359,0.2617,-0.113
44.89,7.0,0.0,10.0,51.9742,53.0276,1.0534,0.162
44.9,7.0,0.0,10.0,51.9742,53.1084,1.1342,0.066
44.91,7.0,0.0,10.0,51.9742,53.1084,1.1342,-0.064
44.92,7.0,0.0,10.0,51.9742,53.1019,1.1277,-0.064
44.93,7.0,0.0,10.0,51.9742,53.1071,1.1329,0.116
44.94,7.0,0.0,10.0,51.9742,53.1137,1.1395,0.114
44.95,7.0,0.0,10.0,51.9742,53.1228,1.1486,0.213
44.96,7.0,0.0,10.0,51.9742,53.1293,1.1551,0.001
44.97,7.0,0.0,10.0,51.9742,53.1332,1.159,0.018
44.98,7.0,0.0,10.0,51.9742,53.1332,1.159,0.065
44.99,7.0,0.0,10.0,51.9742,53.1306,1.1564,0.098
45.0,7.0,0.0,10.0,51.9742,53.1241,1.1499,0.083
45.01,7.0,0.0,10.0,51.9742,53.1163,1.1421,0.212
45.02,7.0,0.0,10.0,51.9742,53.1097,1.1355,0.081
45.03,7.0,0.0,10.0,51.9742,53.1058,1.1316,0.098
45.04,7.0,0.0,0.0,51.9742,53.1058,1.1316,0.082
45.05,3.0,3.0,0.0,52.8398,53.1032,0.2634,0.212
45.06,3.0,3.0,0.0,52.8398,53.1058,0.266,0.018
45.07,3.0,3.0,0.0,52.8398,53.1071,0.2673,0.278
45.08,3.0,3.0,0.0,52.8398,53.1097,0.2699,0.325
45.09,3.0,3.0,0.0,52.8398,53.1137,0.2739,0.196
45.1,3.0,3.0,0.0,52.8398,53.1137,0.2739,0.116
45.11,3.0,3.0,0.0,52.8398,53.115,0.2752,0.244
45.12,3.0,3.0,0.0,52.8398,53.1137,0.2739,0.164
45.13,3.0,3.0,0.0,52.8398,53.111,0.2712,0.131
45.14,3.0,3.0,0.0,52.8398,53.111,0.2712,0.18
45.15,3.0,3.0,0.0,52.8398,53.1097,0.2699,0.115
45.16,3.0,3.0,0.0,52.8398,53.1097,0.2699,0.195
45.17,3.0,3.0,0.0,52.8398,53.111,0.2712,0.18
45.18,3.0,3.0,0.0,52.8398,53.115,0.2752,0.229
45.19,3.0,3.0,0.0,52.8398,53.115,0.2752,0.179
45.2,3.0,3.0,0.0,52.8398,53.115,0.2752,0.115
45.21,3.0,3.0,0.0,52.8398,53.1163,0.2765,0.017
45.22,3.0,3.0,0.0,52.8398,53.1189,0.2791,0.13
45.23,3.0,3.0,0.0,52.8398,53.1202,0.2804,0.227
45.24,3.0,3.0,0.0,52.8398,53.1176,0.2778,0.131
45.25,3.0,3.0,0.0,52.8398,53.1137,0.2739,0.099
45.26,3.0,3.0,0.0,52.8398,53.1137,0.2739,0.146
45.27,3.0,3.0,0.0,52.8398,53.1137,0.2739,0.132
45.28,3.0,3.0,0.0,52.8398,53.1137,0.2739,0.147
45.29,3.0,3.0,0.0,52.8398,53.115,0.2752,0.196
45.3,3.0,3.0,0.0,52.8398,53.115,0.2752,0.212
45.31,3.0,3.0,0.0,52.8398,53.115,0.2752,0.229
45.32,3.0,3.0,0.0,52.8398,53.1163,0.2765,0.066
45.33,3.0,3.0,0.0,52.8398,53.1176,0.2778,0.26
45.34,3.0,3.0,0.0,52.8398,53.1176,0.2778,0.05
45.35,3.0,3.0,0.0,52.8398,53.1189,0.2791,0.213
45.36,3.0,3.0,0.0,52.8398,53.1176,0.2778,0.147
45.37,3.0,3.0,0.0,52.8398,53.1163,0.2765,0.18
45.38,3.0,3.0,0.0,52.8398,53.115,0.2752,0.001
45.39,3.0,3.0,0.0,52.8398,53.115,0.2752,0.066
45.4,3.0,3.0,0.0,52.8398,53.1137,0.2739,0.114
45.41,3.0,3.0,0.0,52.8398,53.1137,0.2739,0.357
45.42,3.0,3.0,0.0,52.8398,53.1123,0.2725,0.148
45.43,3.0,3.0,0.0,52.8398,53.1137,0.2739,0.389
45.44,3.0,3.0,0.0,52.8398,53.1137,0.2739,0.099
45.45,3.0,3.0,0.0,52.8398,53.1137,0.2739,0.197
45.46,3.0,3.0,0.0,52.8398,53.115,0.2752,0.082
45.47,3.0,3.0,0.0,52.8398,53.1163,0.2765,0.083
45.48,3.0,3.0,0.0,52.8398,53.1163,0.2765,0.357
45.49,3.0,3.0,0.0,52.8398,53.115,0.2752,0.164
45.5,3.0,3.0,0.0,52.8398,53.115,0.2752,0.066
45.51,3.0,3.0,0.0,52.8398,53.1123,0.2725,0.212
45.52,3.0,3.0,0.0,52.8398,53.111,0.2712,0.147
45.53,3.0,3.0,0.0,52.8398,53.111,0.2712,0.342
45.54,3.0,3.0,0.0,52.8398,53.111,0.2712,0.341
45.55,3.0,3.0,0.0,52.8398,53.1123,0.2725,0.309
45.56,3.0,3.0,0.0,52.8398,53.1123,0.2725,0.245
45.57,3.0,3.0,0.0,52.8398,53.1137,0.2739,0.066
45.58,3.0,3.0,0.0,52.8398,53.115,0.2752,0.308
45.59,3.0,3.0,0.0,52.8398,53.1163,0.2765,0.017
45.6,3.0,3.0,0.0,52.8398,53.115,0.2752,0.309
45.61,3.0,3.0,0.0,52.8398,53.1137,0.2739,0.244
45.62,3.0,3.0,0.0,52.8398,53.111,0.2712,0.228
45.63,3.0,3.0,0.0,52.8398,53.111,0.2712,0.244
45.64,3.0,3.0,0.0,52.8398,53.111,0.2712,0.067
45.65,3.0,3.0,0.0,52.8398,53.1097,0.2699,0.131
45.66,3.0,3.0,0.0,52.8398,53.1097,0.2699,0.228
45.67,3.0,3.0,0.0,52.8398,53.1097,0.2699,0.229
45.68,3.0,3.0,0.0,52.8398,53.1123,0.2725,0.261
45.69,3.0,3.0,0.0,52.8398,53.1137,0.2739,0.162
45.7,3.0,3.0,0.0,52.8398,53.115,0.2752,0.1
45.71,3.0,3.0,0.0,52.8398,53.115,0.2752,0.326
45.72,3.0,3.0,0.0,52.8398,53.1137,0.2739,0.132
45.73,3.0,3.0,0.0,52.8398,53.111,0.2712,0.211
45.74,3.0,3.0,0.0,52.8398,53.1097,0.2699,0.211
45.75,3.0,3.0,0.0,52.8398,53.1084,0.2686,0.229
45.76,3.0,3.0,0.0,52.8398,53.1084,0.2686,0.083
45.77,3.0,3.0,0.0,52.8398,53.1084,0.2686,-0.03
45.78,3.0,3.0,0.0,52.8398,53.1097,0.2699,0.18
45.79,3.0,3.0,0.0,52.8398,53.1123,0.2725,0.18
45.8,3.0,3.0,0.0,52.8398,53.1123,0.2725,0.18
45.81,3.0,3.0,0.0,52.8398,53.1123,0.2725,0.357
45.82,3.0,3.0,0.0,52.8398,53.1137,0.2739,0.033
45.83,3.0,3.0,0.0,52.8398,53.1123,0.2725,0.132
45.84,3.0,3.0,0.0,52.8398,53.111,0.2712,0.164
45.85,3.0,3.0,0.0,52.8398,53.111,0.2712,0.18
45.86,3.0,3.0,0.0,52.8398,53.1097,0.2699,0.212
45.87,3.0,3.0,0.0,52.8398,53.0171,0.1773,0.195
45.88,37.0,2.0,4.0,45.4822,51.396,5.9138,0.245
45.89,37.0,2.0,4.0,45.4822,49.4722,3.99,0.212
45.9,37.0,2.0,4.0,45.4822,47.598,2.1158,-0.896
45.91,37.0,2.0,4.0,45.4822,45.862,0.3798,71.752
45.92,37.0,2.0,4.0,45.4822,45.2491,-0.2331,182.314
45.93,37.0,2.0,4.0,45.4822,45.2673,-0.2149,182.04
45.94,37.0,2.0,4.0,45.4822,45.2517,-0.2305,187.659
45.95,37.0,2.0,4.0,45.4822,45.2425,-0.2397,177.22
45.96,37.0,2.0,4.0,45.4822,45.2517,-0.2305,174.537
45.97,37.0,2.0,4.0,45.4822,45.2517,-0.2305,175.623
45.98,37.0,2.0,4.0,45.4822,45.2438,-0.2384,173.416
45.99,37.0,2.0,4.0,45.4822,45.2517,-0.2305,175.399
46.0,37.0,2.0,4.0,45.4822,45.2543,-0.2279,180.842
46.01,37.0,2.0,4.0,45.4822,45.2504,-0.2318,179.736
46.02,37.0,2.0,4.0,45.4822,45.2569,-0.2253,176.561
46.03,37.0,2.0,4.0,45.4822,45.2582,-0.224,177.663
46.04,37.0,2.0,4.0,45.4822,45.2517,-0.2305,177.685
46.05,37.0,2.0,4.0,45.4822,45.2582,-0.224,179.41
46.06,37.0,2.0,4.0,45.4822,45.2634,-0.2188,181.323
46.07,37.0,2.0,4.0,45.4822,45.2543,-0.2279,178.35
46.08,37.0,2.0,4.0,45.4822,45.2543,-0.2279,175.734
46.09,37.0,2.0,4.0,45.4822,45.2595,-0.2227,178.186
46.1,37.0,2.0,4.0,45.4822,45.2608,-0.2214,179.68
46.11,37.0,2.0,4.0,45.4822,45.2608,-0.2214,178.543
46.12,37.0,2.0,4.0,45.4822,45.2647,-0.2175,178.869
46.13,37.0,2.0,4.0,45.4822,45.2621,-0.2201,179.78
46.14,37.0,2.0,4.0,45.4822,45.2569,-0.2253,177.488
46.15,37.0,2.0,4.0,45.4822,45.2569,-0.2253,176.577
46.16,37.0,2.0,4.0,45.4822,45.2582,-0.224,178.447
46.17,37.0,2.0,4.0,45.4822,45.2608,-0.2214,179.325
46.18,37.0,2.0,4.0,45.4822,45.2634,-0.2188,178.918
46.19,37.0,2.0,4.0,45.4822,45.2621,-0.2201,178.316
46.2,37.0,2.0,4.0,45.4822,45.2569,-0.2253,177.683
46.21,37.0,2.0,5.3,45.4822,45.2582,-0.224,169.87
46.22,4.0,0.0,6.0,52.6234,45.3612,-7.2622,14.692
46.23,4.0,0.0,6.0,52.6234,45.6625,-6.9609,0.26
46.24,4.0,0.0,6.0,52.6234,46.4164,-6.207,-0.083
46.25,4.0,0.0,6.0,52.6234,47.4167,-5.2067,-0.339
46.26,4.0,0.0,6.0,52.6234,48.4575,-4.1659,0.033
46.27,4.0,0.0,6.0,52.6234,49.5009,-3.1225,0.161
46.28,4.0,0.0,6.0,52.6234,50.5652,-2.0582,-0.404
46.29,4.0,0.0,6.0,52.6234,51.6816,-0.9418,0.227
46.3,4.0,0.0,6.0,52.6234,52.7445,0.1211,-0.097
46.31,4.0,0.0,6.0,52.6234,53.0967,0.4733,-0.048
46.32,4.0,0.0,6.0,52.6234,53.1593,0.5359,0.131
46.33,4.0,0.0,6.0,52.6234,53.1541,0.5307,0.114
46.34,4.0,0.0,6.0,52.6234,53.1489,0.5255,0.115
46.35,4.0,0.0,6.0,52.6234,53.1502,0.5268,0.098
46.36,4.0,0.0,6.0,52.6234,53.1619,0.5385,-0.031
46.37,4.0,0.0,6.0,52.6234,53.1749,0.5515,0.001
46.38,4.0,0.0,6.0,52.6234,53.1802,0.5568,0.018
46.39,4.0,0.0,6.0,52.6234,53.1841,0.5607,0.05
46.4,4.0,0.0,6.0,52.6234,53.1789,0.5555,0.098
46.41,4.0,0.0,6.0,52.6234,53.1697,0.5463,0.083
46.42,4.0,0.0,6.0,52.6234,53.1632,0.5398,-0.096
46.43,4.0,0.0,6.0,52.6234,53.1593,0.5359,0.116
46.44,4.0,0.0,6.0,52.6234,53.158,0.5346,0.001
46.45,4.0,0.0,6.0,52.6234,53.1541,0.5307,0.05
46.46,3.0,3.0,0.0,52.8398,53.1554,0.3156,0.067
46.47,3.0,3.0,0.0,52.8398,53.158,0.3182,-0.017
46.48,3.0,3.0,0.0,52.8398,53.1632,0.3234,0.114
46.49,3.0,3.0,0.0,52.8398,53.1645,0.3247,0.277
46.5,3.0,3.0,0.0,52.8398,53.1684,0.3286,0.116
46.51,3.0,3.0,0.0,52.8398,53.1723,0.3325,0.115
46.52,3.0,3.0,0.0,52.8398,53.1789,0.3391,0.163
46.53,3.0,3.0,0.0,52.8398,53.1789,0.3391,0.114
46.54,3.0,3.0,0.0,52.8398,53.1802,0.3404,-0.032
46.55,3.0,3.0,0.0,52.8398,53.1776,0.3378,0.05
46.56,3.0,3.0,0.0,52.8398,53.1749,0.3351,0.245
46.57,3.0,3.0,0.0,52.8398,53.1697,0.3299,0.066
46.58,3.0,3.0,0.0,52.8398,53.1697,0.3299,0.115
46.59,3.0,3.0,0.0,52.8398,53.171,0.3312,0.083
46.6,3.0,3.0,0.0,52.8398,53.1763,0.3365,0.179
46.61,3.0,3.0,0.0,52.8398,53.1776,0.3378,0.228
46.62,3.0,3.0,0.0,52.8398,53.1789,0.3391,0.115
46.63,3.0,3.0,0.0,52.8398,53.1789,0.3391,0.31
46.64,3.0,3.0,0.0,52.8398,53.1789,0.3391,0.145
46.65,3.0,3.0,0.0,52.8398,53.1776,0.3378,0.211
46.66,3.0,3.0,0.0,52.8398,53.1789,0.3391,-0.048
46.67,3.0,3.0,0.0,52.8398,53.1802,0.3404,0.358
46.68,3.0,3.0,0.0,52.8398,53.1776,0.3378,0.212
46.69,3.0,3.0,0.0,52.8398,53.1789,0.3391,0.212
46.7,3.0,3.0,0.0,52.8398,53.1749,0.3351,0.017
46.71,3.0,3.0,0.0,52.8398,53.1736,0.3338,0.163
46.72,3.0,3.0,0.0,52.8398,53.1749,0.3351,0.164
46.73,3.0,3.0,0.0,52.8398,53.1749,0.3351,0.341
46.74,3.0,3.0,0.0,52.8398,53.1776,0.3378,0.213
46.75,3.0,3.0,0.0,52.8398,53.1815,0.3417,0.309
46.76,3.0,3.0,0.0,52.8398,53.1841,0.3443,0.244
46.77,3.0,3.0,0.0,52.8398,53.1828,0.343,0.115
46.78,3.0,3.0,0.0,52.8398,53.1815,0.3417,0.292
46.79,3.0,3.0,0.0,52.8398,53.1789,0.3391,0.277
46.8,3.0,3.0,0.0,52.8398,53.1776,0.3378,0.05
46.81,3.0,3.0,0.0,52.8398,53.1776,0.3378,0.213
46.82,3.0,3.0,0.0,52.8398,53.1776,0.3378,0.148
46.83,3.0,3.0,0.0,52.8398,53.1763,0.3365,0.05
46.84,3.0,3.0,0.0,52.8398,53.1749,0.3351,0.132
46.85,3.0,3.0,0.0,52.8398,53.1736,0.3338,0.277
46.86,3.0,3.0,0.0,52.8398,53.1749,0.3351,0.26
46.87,3.0,3.0,0.0,52.8398,53.1763,0.3365,0.243
46.88,3.0,3.0,0.0,52.8398,53.1776,0.3378,0.277
46.89,3.0,3.0,0.0,52.8398,53.1776,0.3378,0.099
46.9,3.0,3.0,0.0,52.8398,53.1789,0.3391,0.081
46.91,3.0,3.0,0.0,52.8398,53.1789,0.3391,0.148
46.92,3.0,3.0,0.0,52.8398,53.1776,0.3378,0.164
46.93,3.0,3.0,0.0,52.8398,53.1749,0.3351,0.341
46.94,3.0,3.0,0.0,52.8398,53.1749,0.3351,0.001
46.95,3.0,3.0,0.0,52.8398,53.1749,0.3351,-0.015
46.96,3.0,3.0,0.0,52.8398,53.1749,0.3351,0.131
46.97,3.0,3.0,0.0,52.8398,53.1749,0.3351,0.131
46.98,3.0,3.0,0.0,52.8398,53.1763,0.3365,0.342
46.99,3.0,3.0,0.0,52.8398,53.1763,0.3365,0.292
47.0,3.0,3.0,0.0,52.8398,53.1789,0.3391,0.082
47.01,3.0,3.0,0.0,52.8398,53.1776,0.3378,0.309
47.02,3.0,3.0,0.0,52.8398,53.1776,0.3378,0.131
47.03,3.0,3.0,0.0,52.8398,53.1776,0.3378,0.374
47.04,3.0,3.0,0.0,52.8398,53.1776,0.3378,0.293
47.05,3.0,3.0,0.0,52.8398,53.1763,0.3365,0.083
47.06,3.0,3.0,0.0,52.8398,53.1736,0.3338,0.163
47.07,3.0,3.0,0.0,52.8398,53.171,0.3312,0.13
47.08,3.0,3.0,0.0,52.8398,53.171,0.3312,0.292
47.09,3.0,3.0,0.0,52.8398,53.1697,0.3299,0.196
47.1,3.0,3.0,0.0,52.8398,53.1723,0.3325,0.244
47.11,3.0,3.0,0.0,52.8398,53.1763,0.3365,0.228
47.12,3.0,3.0,0.0,52.8398,53.1789,0.3391,0.276
47.13,3.0,3.0,0.0,52.8398,53.1815,0.3417,0.098
47.14,3.0,3.0,0.0,52.8398,53.1802,0.3404,0.196
47.15,3.0,3.0,0.0,52.8398,53.1789,0.3391,0.262
47.16,3.0,3.0,0.0,52.8398,53.1776,0.3378,0.277
47.17,3.0,3.0,0.0,52.8398,53.1749,0.3351,0.179
47.18,3.0,3.0,0.0,52.8398,53.1749,0.3351,0.357
47.19,3.0,3.0,0.0,52.8398,53.1763,0.3365,-0.031
47.2,3.0,3.0,0.0,52.8398,53.1763,0.3365,0.245
47.21,3.0,3.0,0.0,52.8398,53.1763,0.3365,0.325
47.22,3.0,3.0,0.0,52.8398,53.1776,0.3378,0.147
47.23,3.0,3.0,0.0,52.8398,53.1776,0.3378,0.245
47.24,3.0,3.0,0.0,52.8398,53.1789,0.3391,0.276
47.25,3.0,3.0,0.0,52.8398,53.1789,0.3391,0.342
47.26,3.0,3.0,0.0,52.8398,53.1789,0.3391,0.098
47.27,3.0,3.0,0.0,52.8398,53.1776,0.3378,0.196
47.28,3.0,3.0,0.0,52.8398,53.1749,0.3351,0.181
47.29,3.0,3.0,0.0,52.8398,53.1528,0.313,0.213
47.3,19.0,0.0,8.0,49.3774,52.9219,3.5445,0.083
47.31,19.0,0.0,8.0,49.3774,52.4759,3.0985,0.164
47.32,19.0,0.0,8.0,49.3774,52.0376,2.6602,0.212
47.33,19.0,0.0,8.0,49.3774,51.5459,2.1685,0.278
47.34,19.0,0.0,8.0,49.3774,51.0842,1.7068,0.278
47.35,19.0,0.0,8.0,49.3774,50.6082,1.2308,0.05
47.36,19.0,0.0,8.0,49.3774,50.1243,0.7469,0.147
47.37,19.0,0.0,8.0,49.3774,49.6665,0.2891,0.002
47.38,19.0,0.0,8.0,49.3774,49.1944,-0.183,0.294
47.39,19.0,0.0,8.0,49.3774,48.7223,-0.6551,0.164
47.4,19.0,0.0,8.0,49.3774,48.2475,-1.1299,0.197
47.41,19.0,0.0,8.0,49.3774,47.7715,-1.6059,0.31
47.42,19.0,0.0,8.0,49.3774,47.3072,-2.0702,-0.708
47.43,19.0,0.0,8.0,49.3774,46.9237,-2.4537,-0.424
47.44,19.0,0.0,8.0,49.3774,46.5155,-2.8619,-0.087
47.45,19.0,0.0,8.0,49.3774,46.0746,-3.3028,-0.024
47.46,19.0,0.0,8.0,49.3774,45.6312,-3.7462,19.136
47.47,19.0,0.0,8.0,49.3774,45.4995,-3.8779,70.042
47.48,19.0,0.0,8.0,49.3774,45.403,-3.9744,114.022
47.49,19.0,0.0,8.0,49.3774,45.3612,-4.0162,119.23
47.5,19.0,0.0,8.0,49.3774,45.3508,-4.0266,116.894
47.51,19.0,0.0,8.0,49.3774,45.3508,-4.0266,116.801
47.52,19.0,0.0,8.0,49.3774,45.3534,-4.024,120.426
47.53,19.0,0.0,8.0,49.3774,45.3547,-4.0227,122.849
47.54,36.0,2.0,3.0,45.6986,45.3573,-0.3413,122.033
47.55,36.0,2.0,3.0,45.6986,45.3599,-0.3387,121.038
47.56,36.0,2.0,3.0,45.6986,45.3599,-0.3387,119.654
47.57,36.0,2.0,3.0,45.6986,45.3599,-0.3387,119.313
47.58,36.0,2.0,3.0,45.6986,45.3625,-0.3361,122.112
47.59,36.0,2.0,3.0,45.6986,45.3612,-0.3374,123.544
47.6,36.0,2.0,3.0,45.6986,45.3612,-0.3374,121.299
47.61,36.0,2.0,3.0,45.6986,45.3612,-0.3374,119.572
47.62,36.0,2.0,3.0,45.6986,45.3599,-0.3387,120.174
47.63,36.0,2.0,3.0,45.6986,45.3651,-0.3335,121.684
47.64,36.0,2.0,3.0,45.6986,45.369,-0.3296,122.434
47.65,36.0,2.0,3.0,45.6986,45.369,-0.3296,122.514
47.66,36.0,2.0,3.0,45.6986,45.3677,-0.3309,121.767
47.67,36.0,2.0,3.0,45.6986,45.3638,-0.3348,120.435
47.68,36.0,2.0,3.0,45.6986,45.3638,-0.3348,120.352
47.69,36.0,2.0,3.0,45.6986,45.3638,-0.3348,121.116
47.7,36.0,2.0,3.0,45.6986,45.3677,-0.3309,122.123
47.71,36.0,2.0,3.0,45.6986,45.3717,-0.3269,122.173
47.72,36.0,2.0,3.0,45.6986,45.369,-0.3296,121.62
47.73,36.0,2.0,3.0,45.6986,45.3664,-0.3322,120.646
47.74,36.0,2.0,3.0,45.6986,45.3651,-0.3335,120.354
47.75,36.0,2.0,3.0,45.6986,45.3651,-0.3335,121.148
47.76,36.0,2.0,3.0,45.6986,45.3664,-0.3322,121.489
47.77,36.0,2.0,3.0,45.6986,45.3677,-0.3309,121.295
47.78,36.0,2.0,3.0,45.6986,45.3664,-0.3322,120.417
47.79,36.0,2.0,3.0,45.6986,45.3651,-0.3335,119.569
47.8,36.0,2.0,3.0,45.6986,45.3651,-0.3335,119.263
47.81,36.0,2.0,3.0,45.6986,45.3638,-0.3348,119.882
47.82,36.0,2.0,3.0,45.6986,45.3638,-0.3348,119.962
47.83,36.0,2.0,3.0,45.6986,45.3625,-0.3361,119.508
47.84,36.0,2.0,3.0,45.6986,45.3625,-0.3361,119.344
47.85,36.0,2.0,3.0,45.6986,45.3612,-0.3374,119.507
47.86,36.0,2.0,3.0,45.6986,45.3612,-0.3374,119.621
47.87,36.0,2.0,3.0,45.6986,45.3625,-0.3361,119.832
47.88,6.0,0.0,6.0,52.1906,45.429,-6.7616,24.059
47.89,6.0,0.0,6.0,52.1906,45.7499,-6.4407,0.033
47.9,6.0,0.0,6.0,52.1906,46.5507,-5.6399,0.907
47.91,6.0,0.0,6.0,52.1906,47.6032,-4.5874,0.094
47.92,6.0,0.0,6.0,52.1906,48.6623,-3.5283,-0.53
47.93,6.0,0.0,6.0,52.1906,49.677,-2.5136,0.454
47.94,6.0,0.0,6.0,52.1906,50.7777,-1.4129,0.081
47.95,6.0,0.0,6.0,52.1906,51.8929,-0.2977,-0.402
47.96,6.0,0.0,6.0,52.1906,52.875,0.6844,0.226
47.97,6.0,0.0,6.0,52.1906,53.1241,0.9335,0.015
47.98,6.0,0.0,6.0,52.1906,53.1789,0.9883,0.017
47.99,6.0,0.0,6.0,52.1906,53.1802,0.9896,0.162
48.0,6.0,0.0,6.0,52.1906,53.1789,0.9883,-0.081
48.01,6.0,0.0,6.0,52.1906,53.1841,0.9935,0.211
48.02,6.0,0.0,6.0,52.1906,53.1893,0.9987,-0.048
48.03,6.0,0.0,6.0,52.1906,53.1984,1.0078,-0.064
48.04,6.0,0.0,6.0,52.1906,53.1958,1.0052,0.13
48.05,6.0,0.0,6.0,52.1906,53.1919,1.0013,0.098
48.06,6.0,0.0,6.0,52.1906,53.1815,0.9909,0.082
48.07,6.0,0.0,6.0,52.1906,53.1776,0.987,0.001
48.08,6.0,0.0,6.0,52.1906,53.1736,0.983,-0.064
48.09,6.0,0.0,6.0,52.1906,53.1723,0.9817,0.13
48.1,6.0,0.0,6.0,52.1906,53.1736,0.983,0.194
48.11,6.0,0.0,6.0,52.1906,53.1789,0.9883,0.034
48.12,3.0,3.0,0.0,52.8398,53.1867,0.3469,-0.096
48.13,3.0,3.0,0.0,52.8398,53.1906,0.3508,0.082
48.14,3.0,3.0,0.0,52.8398,53.1932,0.3534,0.001
48.15,3.0,3.0,0.0,52.8398,53.1893,0.3495,0.196
48.16,3.0,3.0,0.0,52.8398,53.1893,0.3495,0.113
48.17,3.0,3.0,0.0,52.8398,53.1906,0.3508,0.033
48.18,3.0,3.0,0.0,52.8398,53.1932,0.3534,0.066
48.19,3.0,3.0,0.0,52.8398,53.1932,0.3534,0.017
48.2,3.0,3.0,0.0,52.8398,53.1932,0.3534,0.001
48.21,3.0,3.0,0.0,52.8398,53.1906,0.3508,0.212
48.22,3.0,3.0,0.0,52.8398,53.1893,0.3495,0.017
48.23,3.0,3.0,0.0,52.8398,53.188,0.3482,0.342
48.24,3.0,3.0,0.0,52.8398,53.1893,0.3495,0.13
48.25,3.0,3.0,0.0,52.8398,53.1919,0.3521,0.098
48.26,3.0,3.0,0.0,52.8398,53.1945,0.3547,0.065
48.27,3.0,3.0,0.0,52.8398,53.1945,0.3547,0.131
48.28,3.0,3.0,0.0,52.8398,53.1958,0.356,0.195
48.29,3.0,3.0,0.0,52.8398,53.1945,0.3547,0.196
48.3,3.0,3.0,0.0,52.8398,53.1919,0.3521,0.05
48.31,3.0,3.0,0.0,52.8398,53.1906,0.3508,0.18
48.32,3.0,3.0,0.0,52.8398,53.1919,0.3521,0.129
48.33,3.0,3.0,0.0,52.8398,53.1919,0.3521,0.195
48.34,3.0,3.0,0.0,52.8398,53.1932,0.3534,0.098
48.35,3.0,3.0,0.0,52.8398,53.1945,0.3547,0.098
48.36,3.0,3.0,0.0,52.8398,53.1932,0.3534,0.162
48.37,3.0,3.0,0.0,52.8398,53.1919,0.3521,0.114
48.38,3.0,3.0,0.0,52.8398,53.1919,0.3521,0.129
48.39,3.0,3.0,0.0,52.8398,53.1919,0.3521,-0.032
48.4,3.0,3.0,0.0,52.8398,53.1932,0.3534,0.145
48.41,3.0,3.0,0.0,52.8398,53.1945,0.3547,0.309
48.42,3.0,3.0,0.0,52.8398,53.1945,0.3547,0.213
48.43,3.0,3.0,0.0,52.8398,53.1932,0.3534,0.147
48.44,3.0,3.0,0.0,52.8398,53.1906,0.3508,0.0
48.45,3.0,3.0,0.0,52.8398,53.1906,0.3508,0.098
48.46,3.0,3.0,0.0,52.8398,53.1893,0.3495,0.179
48.47,3.0,3.0,0.0,52.8398,53.1906,0.3508,0.13
48.48,3.0,3.0,0.0,52.8398,53.1919,0.3521,0.227
48.49,3.0,3.0,0.0,52.8398,53.1932,0.3534,0.228
48.5,3.0,3.0,0.0,52.8398,53.1945,0.3547,0.164
48.51,3.0,3.0,0.0,52.8398,53.1932,0.3534,0.081
48.52,3.0,3.0,0.0,52.8398,53.1906,0.3508,0.098
48.53,3.0,3.0,0.0,52.8398,53.1893,0.3495,0.115
48.54,3.0,3.0,0.0,52.8398,53.1893,0.3495,0.244
48.55,3.0,3.0,0.0,52.8398,53.1893,0.3495,0.196
48.56,3.0,3.0,0.0,52.8398,53.1893,0.3495,0.066
48.57,3.0,3.0,0.0,52.8398,53.1893,0.3495,0.082
48.58,3.0,3.0,0.0,52.8398,53.1893,0.3495,0.115
48.59,3.0,3.0,0.0,52.8398,53.1893,0.3495,0.276
48.6,3.0,3.0,0.0,52.8398,53.1893,0.3495,0.244
48.61,3.0,3.0,0.0,52.8398,53.1906,0.3508,0.228
48.62,3.0,3.0,0.0,52.8398,53.1906,0.3508,0.164
48.63,3.0,3.0,0.0,52.8398,53.1932,0.3534,0.098
48.64,3.0,3.0,0.0,52.8398,53.1932,0.3534,0.131
48.65,3.0,3.0,0.0,52.8398,53.1919,0.3521,0.163
48.66,3.0,3.0,0.0,52.8398,53.1919,0.3521,0.13
48.67,3.0,3.0,0.0,52.8398,53.1906,0.3508,0.067
48.68,3.0,3.0,0.0,52.8398,53.1893,0.3495,0.179
48.69,3.0,3.0,0.0,52.8398,53.1893,0.3495,0.146
48.7,3.0,3.0,0.0,52.8398,53.188,0.3482,0.13
48.71,3.0,3.0,0.0,52.8398,53.1906,0.3508,0.179
48.72,3.0,3.0,0.0,52.8398,53.1906,0.3508,0.196
48.73,3.0,3.0,0.0,52.8398,53.1906,0.3508,0.26
48.74,3.0,3.0,0.0,52.8398,53.1893,0.3495,0.194
48.75,3.0,3.0,0.0,52.8398,53.1906,0.3508,0.113
48.76,3.0,3.0,0.0,52.8398,53.1906,0.3508,0.114
48.77,3.0,3.0,0.0,52.8398,53.1906,0.3508,0.115
48.78,3.0,3.0,0.0,52.8398,53.1906,0.3508,0.196
48.79,3.0,3.0,0.0,52.8398,53.1893,0.3495,0.195
48.8,3.0,3.0,0.0,52.8398,53.188,0.3482,0.098
48.81,3.0,3.0,0.0,52.8398,53.1867,0.3469,0.275
48.82,3.0,3.0,0.0,52.8398,53.188,0.3482,0.13
48.83,3.0,3.0,0.0,52.8398,53.1893,0.3495,0.163
48.84,3.0,3.0,0.0,52.8398,53.1906,0.3508,0.114
48.85,3.0,3.0,0.0,52.8398,53.1932,0.3534,0.276
48.86,3.0,3.0,0.0,52.8398,53.1919,0.3521,0.114
48.87,3.0,3.0,0.0,52.8398,53.1919,0.3521,0.017
48.88,3.0,3.0,0.0,52.8398,53.1906,0.3508,0.437
48.89,3.0,3.0,0.0,52.8398,53.1893,0.3495,0.244
48.9,3.0,3.0,0.0,52.8398,53.1893,0.3495,0.017
48.91,3.0,3.0,0.0,52.8398,53.1867,0.3469,0.211
48.92,3.0,3.0,0.0,52.8398,53.188,0.3482,0.001
48.93,3.0,3.0,0.0,52.8398,53.188,0.3482,0.308
48.94,3.0,3.0,0.0,52.8398,53.1893,0.3495,0.115
48.95,3.0,3.0,5.3,52.8398,53.1697,0.3299,0.277
48.96,19.0,0.0,8.0,49.3774,52.9102,3.5328,0.326
48.97,19.0,0.0,8.0,49.3774,52.4446,3.0672,0.228
48.98,19.0,0.0,8.0,49.3774,51.9946,2.6172,0.227
48.99,19.0,0.0,8.0,49.3774,51.5042,2.1268,0.195
49.0,19.0,0.0,8.0,49.3774,51.049,1.6716,0.197
49.01,19.0,0.0,8.0,49.3774,50.5639,1.1865,0.18
49.02,19.0,0.0,8.0,49.3774,50.0839,0.7065,0.097
49.03,19.0,0.0,8.0,49.3774,49.6378,0.2604,0.342
49.04,19.0,0.0,8.0,49.3774,49.1527,-0.2247,0.05
49.05,19.0,0.0,8.0,49.3774,48.6818,-0.6956,0.082
49.06,19.0,0.0,8.0,49.3774,48.2201,-1.1573,0.179
49.07,19.0,0.0,8.0,49.3774,47.7389,-1.6385,0.181
49.08,19.0,0.0,8.0,49.3774,47.2745,-2.1029,0.216
49.09,19.0,0.0,8.0,49.3774,46.8976,-2.4798,-0.186
49.1,19.0,0.0,8.0,49.3774,46.4816,-2.8958,0.01
49.11,19.0,0.0,8.0,49.3774,46.0303,-3.3471,-0.172
49.12,19.0,0.0,8.0,49.3774,45.6064,-3.771,24.803
49.13,19.0,0.0,8.0,49.3774,45.4929,-3.8845,81.259
49.14,19.0,0.0,8.0,49.3774,45.4043,-3.9731,118.367
49.15,19.0,0.0,8.0,49.3774,45.3677,-4.0097,118.563
49.16,19.0,0.0,8.0,49.3774,45.3573,-4.0201,117.915
49.17,19.0,0.0,8.0,49.3774,45.356,-4.0214,118.488
49.18,19.0,0.0,8.0,49.3774,45.3586,-4.0188,121.641
49.19,19.0,0.0,8.0,49.3774,45.3586,-4.0188,123.836
49.2,36.0,2.0,3.0,45.6986,45.3612,-0.3374,123.07
49.21,36.0,2.0,3.0,45.6986,45.3638,-0.3348,121.1
49.22,36.0,2.0,3.0,45.6986,45.3625,-0.3361,119.784
49.23,36.0,2.0,3.0,45.6986,45.3651,-0.3335,120.758
49.24,36.0,2.0,3.0,45.6986,45.3677,-0.3309,122.808
49.25,36.0,2.0,3.0,45.6986,45.369,-0.3296,123.964
49.26,36.0,2.0,3.0,45.6986,45.3651,-0.3335,122.075
49.27,36.0,2.0,3.0,45.6986,45.3638,-0.3348,120.058
49.28,36.0,2.0,3.0,45.6986,45.3651,-0.3335,120.626
49.29,36.0,2.0,3.0,45.6986,45.3677,-0.3309,122.366
49.3,36.0,2.0,3.0,45.6986,45.3717,-0.3269,123.391
49.31,36.0,2.0,3.0,45.6986,45.373,-0.3256,123.081
49.32,36.0,2.0,3.0,45.6986,45.3703,-0.3283,122.138
49.33,36.0,2.0,3.0,45.6986,45.3664,-0.3322,121.0
49.34,36.0,2.0,3.0,45.6986,45.3664,-0.3322,120.967
49.35,36.0,2.0,3.0,45.6986,45.369,-0.3296,121.844
49.36,36.0,2.0,3.0,45.6986,45.373,-0.3256,122.934
49.37,36.0,2.0,3.0,45.6986,45.3717,-0.3269,122.675
49.38,36.0,2.0,3.0,45.6986,45.3717,-0.3269,122.218
49.39,36.0,2.0,3.0,45.6986,45.369,-0.3296,121.163
49.4,36.0,2.0,3.0,45.6986,45.3677,-0.3309,121.179
49.41,36.0,2.0,3.0,45.6986,45.369,-0.3296,121.831
49.42,36.0,2.0,3.0,45.6986,45.3703,-0.3283,122.48
49.43,36.0,2.0,3.0,45.6986,45.3703,-0.3283,121.813
49.44,36.0,2.0,3.0,45.6986,45.3703,-0.3283,121.212
49.45,36.0,2.0,3.0,45.6986,45.369,-0.3296,121.179
49.46,36.0,2.0,3.0,45.6986,45.3703,-0.3283,120.626
49.47,36.0,2.0,3.0,45.6986,45.369,-0.3296,119.877
49.48,36.0,2.0,3.0,45.6986,45.3677,-0.3309,120.35
49.49,36.0,2.0,3.0,45.6986,45.3677,-0.3309,120.337
49.5,36.0,2.0,3.0,45.6986,45.3677,-0.3309,119.976
49.51,36.0,2.0,3.0,45.6986,45.369,-0.3296,119.895
49.52,36.0,2.0,3.0,45.6986,45.369,-0.3296,119.716
49.53,36.0,2.0,3.0,45.6986,45.3703,-0.3283,117.307
49.54,4.0,0.0,5.0,52.6234,45.4551,-7.1683,5.88
49.55,4.0,0.0,5.0,52.6234,45.7903,-6.8331,0.297
49.56,4.0,0.0,5.0,52.6234,46.6459,-5.9775,0.594
49.57,4.0,0.0,5.0,52.6234,47.6802,-4.9432,-0.696
49.58,4.0,0.0,5.0,52.6234,48.717,-3.9064,0.069
49.59,4.0,0.0,5.0,52.6234,49.69,-2.9334,0.353
49.6,4.0,0.0,5.0,52.6234,50.7869,-1.8365,-0.195
49.61,4.0,0.0,5.0,52.6234,51.8994,-0.724,-0.08
49.62,4.0,0.0,5.0,52.6234,52.8476,0.2242,0.178
49.63,4.0,0.0,5.0,52.6234,53.0563,0.4329,-0.259
49.64,4.0,0.0,5.0,52.6234,53.111,0.4876,0.132
49.65,4.0,0.0,5.0,52.6234,53.1097,0.4863,0.015
49.66,4.0,0.0,5.0,52.6234,53.111,0.4876,-0.097
49.67,4.0,0.0,5.0,52.6234,53.115,0.4916,0.146
49.68,4.0,0.0,5.0,52.6234,53.1241,0.5007,-0.145
49.69,4.0,0.0,5.0,52.6234,53.1267,0.5033,-0.112
49.7,4.0,0.0,5.0,52.6234,53.1189,0.4955,0.164
49.71,4.0,0.0,5.0,52.6234,53.1071,0.4837,0.049
49.72,4.0,0.0,5.0,52.6234,53.1071,0.4837,0.066
49.73,4.0,0.0,5.0,52.6234,53.1019,0.4785,0.097
49.74,4.0,0.0,5.0,52.6234,53.0954,0.472,0.066
49.75,4.0,0.0,5.0,52.6234,53.0954,0.472,0.033
49.76,4.0,0.0,5.0,52.6234,53.098,0.4746,0.033
49.77,4.0,0.0,5.0,52.6234,53.1019,0.4785,0.065
49.78,3.0,3.0,0.0,52.8398,53.1058,0.266,0.163
49.79,3.0,3.0,0.0,52.8398,53.1071,0.2673,0.228
49.8,3.0,3.0,0.0,52.8398,53.1123,0.2725,0.132
49.81,3.0,3.0,0.0,52.8398,53.1189,0.2791,0.113
49.82,3.0,3.0,0.0,52.8398,53.1189,0.2791,0.05
49.83,3.0,3.0,0.0,52.8398,53.1137,0.2739,0.098
49.84,3.0,3.0,0.0,52.8398,53.1137,0.2739,0.195
49.85,3.0,3.0,0.0,52.8398,53.1123,0.2725,0.001
49.86,3.0,3.0,0.0,52.8398,53.115,0.2752,0.26
49.87,3.0,3.0,0.0,52.8398,53.115,0.2752,0.017
49.88,3.0,3.0,0.0,52.8398,53.1176,0.2778,0.033
49.89,3.0,3.0,0.0,52.8398,53.115,0.2752,0.099
49.9,3.0,3.0,0.0,52.8398,53.1163,0.2765,0.179
49.91,3.0,3.0,0.0,52.8398,53.1163,0.2765,0.162
49.92,3.0,3.0,0.0,52.8398,53.1163,0.2765,0.114
49.93,3.0,3.0,0.0,52.8398,53.1137,0.2739,0.147
49.94,3.0,3.0,0.0,52.8398,53.1123,0.2725,0.13
49.95,3.0,3.0,0.0,52.8398,53.1123,0.2725,0.147
49.96,3.0,3.0,0.0,52.8398,53.1123,0.2725,0.065
49.97,3.0,3.0,0.0,52.8398,53.1137,0.2739,0.148
49.98,3.0,3.0,0.0,52.8398,53.115,0.2752,0.308
49.99,3.0,3.0,0.0,52.8398,53.115,0.2752,0.065
50.0,3.0,3.0,0.0,52.8398,53.115,0.2752,0.05
50.01,3.0,3.0,0.0,52.8398,53.115,0.2752,0.066
50.02,3.0,3.0,0.0,52.8398,53.115,0.2752,0.212
50.03,3.0,3.0,0.0,52.8398,53.115,0.2752,0.277
50.04,3.0,3.0,0.0,52.8398,53.1163,0.2765,0.13
50.05,3.0,3.0,0.0,52.8398,53.1163,0.2765,0.291
50.06,3.0,3.0,0.0,52.8398,53.1137,0.2739,0.114
50.07,3.0,3.0,0.0,52.8398,53.1123,0.2725,0.196
50.08,3.0,3.0,0.0,52.8398,53.1137,0.2739,0.18
50.09,3.0,3.0,0.0,52.8398,53.1137,0.2739,0.098
50.1,3.0,3.0,0.0,52.8398,53.111,0.2712,0.196
50.11,3.0,3.0,0.0,52.8398,53.111,0.2712,0.324
50.12,3.0,3.0,0.0,52.8398,53.111,0.2712,0.097
50.13,3.0,3.0,0.0,52.8398,53.111,0.2712,0.082
50.14,3.0,3.0,0.0,52.8398,53.1123,0.2725,0.243
50.15,3.0,3.0,0.0,52.8398,53.1123,0.2725,0.227
50.16,3.0,3.0,0.0,52.8398,53.1123,0.2725,0.228
50.17,3.0,3.0,0.0,52.8398,53.1123,0.2725,0.259
50.18,3.0,3.0,0.0,52.8398,53.111,0.2712,0.195
50.19,3.0,3.0,0.0,52.8398,53.1097,0.2699,0.161
50.2,3.0,3.0,0.0,52.8398,53.1097,0.2699,0.26
50.21,3.0,3.0,0.0,52.8398,53.111,0.2712,0.179
50.22,3.0,3.0,0.0,52.8398,53.1097,0.2699,0.067
50.23,3.0,3.0,0.0,52.8398,53.1097,0.2699,0.244
50.24,3.0,3.0,0.0,52.8398,53.1097,0.2699,0.197
50.25,3.0,3.0,0.0,52.8398,53.1097,0.2699,0.179
50.26,3.0,3.0,0.0,52.8398,53.111,0.2712,0.098
50.27,3.0,3.0,0.0,52.8398,53.1123,0.2725,0.212
50.28,3.0,3.0,0.0,52.8398,53.111,0.2712,0.244
50.29,3.0,3.0,0.0,52.8398,53.111,0.2712,0.099
50.3,3.0,3.0,0.0,52.8398,53.1123,0.2725,0.226
50.31,3.0,3.0,0.0,52.8398,53.111,0.2712,0.082
50.32,3.0,3.0,0.0,52.8398,53.1097,0.2699,0.018
50.33,3.0,3.0,0.0,52.8398,53.1084,0.2686,0.324
50.34,3.0,3.0,0.0,52.8398,53.1084,0.2686,0.18
50.35,3.0,3.0,0.0,52.8398,53.1084,0.2686,0.227
50.36,3.0,3.0,0.0,52.8398,53.1084,0.2686,0.162
50.37,3.0,3.0,0.0,52.8398,53.1097,0.2699,0.132
50.38,3.0,3.0,0.0,52.8398,53.1097,0.2699,-0.016
50.39,3.0,3.0,0.0,52.8398,53.111,0.2712,0.179
50.4,3.0,3.0,0.0,52.8398,53.111,0.2712,0.405
50.41,3.0,3.0,0.0,52.8398,53.1097,0.2699,0.309
50.42,3.0,3.0,0.0,52.8398,53.111,0.2712,0.098
50.43,3.0,3.0,0.0,52.8398,53.1097,0.2699,-0.031
50.44,3.0,3.0,0.0,52.8398,53.1084,0.2686,0.146
50.45,3.0,3.0,0.0,52.8398,53.1071,0.2673,0.18
50.46,3.0,3.0,0.0,52.8398,53.1058,0.266,0.261
50.47,3.0,3.0,0.0,52.8398,53.1071,0.2673,0.116
50.48,3.0,3.0,0.0,52.8398,53.1084,0.2686,0.276
50.49,3.0,3.0,0.0,52.8398,53.1084,0.2686,0.097
50.5,3.0,3.0,0.0,52.8398,53.1097,0.2699,0.179
50.51,3.0,3.0,0.0,52.8398,53.1084,0.2686,0.307
50.52,3.0,3.0,0.0,52.8398,53.1084,0.2686,0.259
50.53,3.0,3.0,0.0,52.8398,53.1084,0.2686,0.147
50.54,3.0,3.0,0.0,52.8398,53.1071,0.2673,0.066
50.55,3.0,3.0,0.0,52.8398,53.1071,0.2673,0.13
50.56,3.0,3.0,0.0,52.8398,53.1058,0.266,0.146
50.57,3.0,3.0,0.0,52.8398,53.1045,0.2647,0.244
50.58,3.0,3.0,0.0,52.8398,53.1058,0.266,0.148
50.59,3.0,3.0,0.0,52.8398,53.1058,0.266,0.082
50.6,3.0,3.0,0.0,52.8398,53.1058,0.266,0.309
50.61,3.0,3.0,0.0,52.8398,52.8189,-0.0209,0.243
50.62,37.0,0.0,61.0,45.4822,51.8577,6.3755,0.114
50.63,37.0,0.0,61.0,45.4822,50.7999,5.3177,0.293
50.64,37.0,0.0,61.0,45.4822,49.7148,4.2326,0.212
50.65,37.0,0.0,61.0,45.4822,48.6323,3.1501,0.276
50.66,37.0,0.0,61.0,45.4822,47.4832,2.001,-0.859
50.67,37.0,0.0,61.0,45.4822,46.595,1.1128,-0.814
50.68,37.0,0.0,61.0,45.4822,45.6155,0.1333,68.282
50.69,37.0,0.0,61.0,45.4822,45.3377,-0.1445,155.281
50.7,37.0,0.0,61.0,45.4822,45.3169,-0.1653,151.36
50.71,37.0,0.0,61.0,45.4822,45.3077,-0.1745,150.902
50.72,37.0,0.0,61.0,45.4822,45.3038,-0.1784,147.64
50.73,37.0,0.0,61.0,45.4822,45.3064,-0.1758,145.247
50.74,37.0,0.0,61.0,45.4822,45.3012,-0.181,147.101
50.75,37.0,0.0,61.0,45.4822,45.2999,-0.1823,148.971
50.76,37.0,0.0,61.0,45.4822,45.3064,-0.1758,150.628
50.77,37.0,0.0,61.0,45.4822,45.309,-0.1732,152.886
50.78,37.0,0.0,61.0,45.4822,45.309,-0.1732,149.924
50.79,37.0,0.0,61.0,45.4822,45.3143,-0.1679,146.442
50.8,37.0,0.0,61.0,45.4822,45.309,-0.1732,148.72
50.81,37.0,0.0,61.0,45.4822,45.3064,-0.1758,152.299
50.82,37.0,0.0,61.0,45.4822,45.3156,-0.1666,152.267
50.83,37.0,0.0,61.0,45.4822,45.3117,-0.1705,150.134
50.84,37.0,0.0,61.0,45.4822,45.3077,-0.1745,148.671
50.85,37.0,2.0,4.0,45.4822,45.309,-0.1732,149.046
50.86,37.0,2.0,4.0,45.4822,45.3156,-0.1666,150.346
50.87,37.0,2.0,4.0,45.4822,45.3156,-0.1666,150.928
50.88,37.0,2.0,4.0,45.4822,45.3169,-0.1653,151.126
50.89,37.0,2.0,4.0,45.4822,45.3169,-0.1653,150.851
50.9,37.0,2.0,4.0,45.4822,45.3117,-0.1705,149.989
50.91,37.0,2.0,4.0,45.4822,45.309,-0.1732,148.59
50.92,37.0,2.0,4.0,45.4822,45.3117,-0.1705,149.127
50.93,37.0,2.0,4.0,45.4822,45.3156,-0.1666,150.801
50.94,37.0,2.0,4.0,45.4822,45.3169,-0.1653,151.582
50.95,37.0,2.0,4.0,45.4822,45.3156,-0.1666,150.394
50.96,37.0,2.0,4.0,45.4822,45.313,-0.1692,149.143
50.97,37.0,2.0,4.0,45.4822,45.3104,-0.1718,148.964
50.98,37.0,2.0,4.0,45.4822,45.3143,-0.1679,149.81
50.99,37.0,2.0,4.0,45.4822,45.3143,-0.1679,150.379
51.0,37.0,2.0,4.0,45.4822,45.3143,-0.1679,149.94
51.01,37.0,2.0,4.0,45.4822,45.313,-0.1692,148.817
51.02,37.0,2.0,4.0,45.4822,45.3117,-0.1705,147.485
51.03,37.0,2.0,4.0,45.4822,45.3117,-0.1705,147.73
51.04,37.0,2.0,4.0,45.4822,45.313,-0.1692,148.769
51.05,37.0,2.0,4.0,45.4822,45.3143,-0.1679,148.72
51.06,37.0,2.0,4.0,45.4822,45.3104,-0.1718,148.461
51.07,37.0,2.0,4.0,45.4822,45.3117,-0.1705,148.33
51.08,37.0,2.0,4.0,45.4822,45.3104,-0.1718,147.925
51.09,37.0,2.0,4.0,45.4822,45.3117,-0.1705,148.037
51.1,37.0,2.0,4.0,45.4822,45.313,-0.1692,148.867
51.11,37.0,2.0,4.0,45.4822,45.3143,-0.1679,149.127
51.12,37.0,2.0,4.0,45.4822,45.3117,-0.1705,148.3
51.13,37.0,2.0,4.0,45.4822,45.3104,-0.1718,147.437
51.14,37.0,2.0,4.0,45.4822,45.3104,-0.1718,147.552
51.15,37.0,2.0,4.0,45.4822,45.313,-0.1692,148.819
51.16,37.0,2.0,4.0,45.4822,45.313,-0.1692,148.802
51.17,37.0,2.0,4.0,45.4822,45.313,-0.1692,148.008
51.18,37.0,2.0,4.0,45.4822,45.3104,-0.1718,148.038
51.19,37.0,2.0,4.0,45.4822,45.3104,-0.1718,148.185
51.2,5.0,0.0,5.0,52.407,45.3756,-7.0314,24.571
51.21,5.0,0.0,5.0,52.407,45.6768,-6.7302,-0.082
51.22,5.0,0.0,5.0,52.407,46.4659,-5.9411,0.484
51.23,5.0,0.0,5.0,52.407,47.448,-4.959,-0.031
51.24,5.0,0.0,5.0,52.407,48.4431,-3.9639,-0.34
51.25,5.0,0.0,5.0,52.407,49.4448,-2.9622,0.388
51.26,5.0,0.0,5.0,52.407,50.5417,-1.8653,-0.387
51.27,5.0,0.0,5.0,52.407,51.6829,-0.7241,-0.08
51.28,5.0,0.0,5.0,52.407,52.7315,0.3245,0.195
51.29,5.0,0.0,5.0,52.407,53.0719,0.6649,-0.015
51.3,5.0,0.0,5.0,52.407,53.1345,0.7275,0.05
51.31,5.0,0.0,5.0,52.407,53.1358,0.7288,0.018
51.32,5.0,0.0,5.0,52.407,53.1384,0.7314,-0.096
51.33,5.0,0.0,5.0,52.407,53.1436,0.7366,0.147
51.34,5.0,0.0,5.0,52.407,53.1476,0.7406,-0.097
51.35,5.0,0.0,5.0,52.407,53.1489,0.7419,-0.015
51.36,5.0,0.0,5.0,52.407,53.1476,0.7406,0.099
51.37,5.0,0.0,5.0,52.407,53.1476,0.7406,-0.015
51.38,5.0,0.0,5.0,52.407,53.1397,0.7327,0.05
51.39,5.0,0.0,5.0,52.407,53.1358,0.7288,0.065
51.4,5.0,0.0,5.0,52.407,53.1267,0.7197,0.115
51.41,5.0,0.0,5.0,52.407,53.1228,0.7158,0.228
51.42,5.0,0.0,5.0,52.407,53.1228,0.7158,0.099
51.43,5.0,0.0,5.0,52.407,53.1254,0.7184,0.196
51.44,3.0,3.0,0.0,52.8398,53.1267,0.2869,-0.144
51.45,3.0,3.0,0.0,52.8398,53.1319,0.2921,-0.096
51.46,3.0,3.0,0.0,52.8398,53.1345,0.2947,0.082
51.47,3.0,3.0,0.0,52.8398,53.1358,0.296,0.212
51.48,3.0,3.0,0.0,52.8398,53.1358,0.296,0.228
51.49,3.0,3.0,0.0,52.8398,53.1332,0.2934,-0.015
51.5,3.0,3.0,0.0,52.8398,53.1332,0.2934,0.132
51.51,3.0,3.0,0.0,52.8398,53.1332,0.2934,0.097
51.52,3.0,3.0,0.0,52.8398,53.1293,0.2895,0.082
51.53,3.0,3.0,0.0,52.8398,53.1254,0.2856,0.18
51.54,3.0,3.0,0.0,52.8398,53.1241,0.2843,0.13
51.55,3.0,3.0,0.0,52.8398,53.1228,0.283,0.259
51.56,3.0,3.0,0.0,52.8398,53.1267,0.2869,0.049
51.57,3.0,3.0,0.0,52.8398,53.1319,0.2921,0.033
51.58,3.0,3.0,0.0,52.8398,53.1358,0.296,0.098
51.59,3.0,3.0,0.0,52.8398,53.1332,0.2934,0.082
51.6,3.0,3.0,0.0,52.8398,53.1358,0.296,0.213
51.61,3.0,3.0,0.0,52.8398,53.1358,0.296,0.017
51.62,3.0,3.0,0.0,52.8398,53.1345,0.2947,0.244
51.63,3.0,3.0,0.0,52.8398,53.1345,0.2947,0.292
51.64,3.0,3.0,0.0,52.8398,53.1306,0.2908,0.114
51.65,3.0,3.0,0.0,52.8398,53.1306,0.2908,0.18
51.66,3.0,3.0,0.0,52.8398,53.1293,0.2895,-0.08
51.67,3.0,3.0,0.0,52.8398,53.128,0.2882,0.115
51.68,3.0,3.0,0.0,52.8398,53.128,0.2882,0.195
51.69,3.0,3.0,0.0,52.8398,53.1293,0.2895,0.113
51.7,3.0,3.0,0.0,52.8398,53.1319,0.2921,0.308
51.71,3.0,3.0,0.0,52.8398,53.1306,0.2908,0.294
51.72,3.0,3.0,0.0,52.8398,53.1332,0.2934,0.116
51.73,3.0,3.0,0.0,52.8398,53.1332,0.2934,0.245
51.74,3.0,3.0,0.0,52.8398,53.1358,0.296,0.065
51.75,3.0,3.0,0.0,52.8398,53.1332,0.2934,0.147
51.76,3.0,3.0,0.0,52.8398,53.1319,0.2921,0.18
51.77,3.0,3.0,0.0,52.8398,53.128,0.2882,0.05
51.78,3.0,3.0,0.0,52.8398,53.1267,0.2869,0.196
51.79,3.0,3.0,0.0,52.8398,53.1293,0.2895,0.148
51.8,3.0,3.0,0.0,52.8398,53.1293,0.2895,0.357
51.81,3.0,3.0,0.0,52.8398,53.1293,0.2895,0.178
51.82,3.0,3.0,0.0,52.8398,53.1293,0.2895,0.083
51.83,3.0,3.0,0.0,52.8398,53.1306,0.2908,0.147
51.84,3.0,3.0,0.0,52.8398,53.1306,0.2908,0.162
51.85,3.0,3.0,0.0,52.8398,53.1306,0.2908,0.277
51.86,3.0,3.0,0.0,52.8398,53.1306,0.2908,0.228
51.87,3.0,3.0,0.0,52.8398,53.1306,0.2908,0.13
51.88,3.0,3.0,0.0,52.8398,53.1293,0.2895,0.309
51.89,3.0,3.0,0.0,52.8398,53.1293,0.2895,0.39
51.9,3.0,3.0,0.0,52.8398,53.128,0.2882,0.309
51.91,3.0,3.0,0.0,52.8398,53.128,0.2882,0.228
51.92,3.0,3.0,0.0,52.8398,53.128,0.2882,0.082
51.93,3.0,3.0,0.0,52.8398,53.1293,0.2895,0.196
51.94,3.0,3.0,0.0,52.8398,53.1306,0.2908,0.099
51.95,3.0,3.0,0.0,52.8398,53.1293,0.2895,0.245
51.96,3.0,3.0,0.0,52.8398,53.1319,0.2921,0.179
51.97,3.0,3.0,0.0,52.8398,53.1306,0.2908,0.196
51.98,3.0,3.0,0.0,52.8398,53.1306,0.2908,0.098
51.99,3.0,3.0,0.0,52.8398,53.1293,0.2895,0.212
52.0,3.0,3.0,0.0,52.8398,53.128,0.2882,0.244
52.01,3.0,3.0,0.0,52.8398,53.128,0.2882,0.341
52.02,3.0,3.0,0.0,52.8398,53.128,0.2882,0.18
52.03,3.0,3.0,0.0,52.8398,53.128,0.2882,0.163
52.04,3.0,3.0,0.0,52.8398,53.1293,0.2895,0.099
52.05,3.0,3.0,0.0,52.8398,53.1293,0.2895,0.261
52.06,3.0,3.0,0.0,52.8398,53.1293,0.2895,0.131
52.07,3.0,3.0,0.0,52.8398,53.128,0.2882,0.326
52.08,3.0,3.0,0.0,52.8398,53.1293,0.2895,0.309
52.09,3.0,3.0,0.0,52.8398,53.1293,0.2895,0.164
52.1,3.0,3.0,0.0,52.8398,53.128,0.2882,0.05
52.11,3.0,3.0,0.0,52.8398,53.128,0.2882,0.229
52.12,3.0,3.0,0.0,52.8398,53.128,0.2882,0.114
52.13,3.0,3.0,0.0,52.8398,53.128,0.2882,0.196
52.14,3.0,3.0,0.0,52.8398,53.128,0.2882,0.212
52.15,3.0,3.0,0.0,52.8398,53.1267,0.2869,0.083
52.16,3.0,3.0,0.0,52.8398,53.128,0.2882,0.147
52.17,3.0,3.0,0.0,52.8398,53.1267,0.2869,0.244
52.18,3.0,3.0,0.0,52.8398,53.128,0.2882,0.325
52.19,3.0,3.0,0.0,52.8398,53.128,0.2882,0.164
52.2,3.0,3.0,0.0,52.8398,53.128,0.2882,0.245
52.21,3.0,3.0,0.0,52.8398,53.1293,0.2895,0.211
52.22,3.0,3.0,0.0,52.8398,53.128,0.2882,0.131
52.23,3.0,3.0,0.0,52.8398,53.1293,0.2895,0.503
52.24,3.0,3.0,0.0,52.8398,53.128,0.2882,0.196
52.25,3.0,3.0,0.0,52.8398,53.1267,0.2869,0.212
52.26,3.0,3.0,0.0,52.8398,53.1254,0.2856,0.293
52.27,37.0,0.0,60.0,45.4822,53.0067,7.5245,0.114
52.28,37.0,0.0,60.0,45.4822,52.1576,6.6754,0.066
52.29,37.0,0.0,60.0,45.4822,51.1012,5.619,0.116
52.3,37.0,0.0,60.0,45.4822,49.9809,4.4987,0.213
52.31,37.0,0.0,60.0,45.4822,48.8605,3.3783,0.098
52.32,37.0,0.0,60.0,45.4822,47.5315,2.0493,0.833
52.33,37.0,0.0,60.0,45.4822,46.8233,1.3411,-0.581
52.34,37.0,0.0,60.0,45.4822,45.6455,0.1633,42.121
52.35,37.0,0.0,60.0,45.4822,45.3443,-0.1379,152.009
52.36,37.0,0.0,60.0,45.4822,45.3156,-0.1666,153.908
52.37,37.0,0.0,60.0,45.4822,45.3064,-0.1758,152.751
52.38,37.0,0.0,60.0,45.4822,45.3012,-0.181,147.735
52.39,37.0,0.0,60.0,45.4822,45.3064,-0.1758,146.236
52.4,37.0,0.0,60.0,45.4822,45.3025,-0.1797,146.774
52.41,37.0,0.0,60.0,45.4822,45.2986,-0.1836,147.945
52.42,37.0,0.0,60.0,45.4822,45.3077,-0.1745,150.255
52.43,37.0,0.0,60.0,45.4822,45.3104,-0.1718,153.016
52.44,37.0,0.0,60.0,45.4822,45.3077,-0.1745,150.365
52.45,37.0,0.0,60.0,45.4822,45.313,-0.1692,146.802
52.46,37.0,0.0,60.0,45.4822,45.309,-0.1732,148.263
52.47,37.0,0.0,60.0,45.4822,45.3077,-0.1745,151.569
52.48,37.0,0.0,60.0,45.4822,45.3143,-0.1679,152.479
52.49,37.0,0.0,60.0,45.4822,45.3143,-0.1679,150.816
52.5,37.0,0.0,60.0,45.4822,45.3064,-0.1758,148.834
52.51,37.0,2.0,4.0,45.4822,45.3077,-0.1745,148.916
52.52,37.0,2.0,4.0,45.4822,45.3143,-0.1679,150.523
52.53,37.0,2.0,4.0,45.4822,45.3143,-0.1679,150.944
52.54,37.0,2.0,4.0,45.4822,45.3143,-0.1679,150.882
52.55,37.0,2.0,4.0,45.4822,45.3156,-0.1666,151.16
52.56,37.0,2.0,4.0,45.4822,45.3117,-0.1705,150.297
52.57,37.0,2.0,4.0,45.4822,45.3077,-0.1745,148.573
52.58,37.0,2.0,4.0,45.4822,45.3104,-0.1718,149.012
52.59,37.0,2.0,4.0,45.4822,45.3117,-0.1705,150.671
52.6,37.0,2.0,4.0,45.4822,45.3156,-0.1666,151.532
52.61,37.0,2.0,4.0,45.4822,45.3156,-0.1666,150.508
52.62,37.0,2.0,4.0,45.4822,45.313,-0.1692,149.144
52.63,37.0,2.0,4.0,45.4822,45.3117,-0.1705,148.688
52.64,37.0,2.0,4.0,45.4822,45.3117,-0.1705,148.752
52.65,37.0,2.0,4.0,45.4822,45.313,-0.1692,149.289
52.66,37.0,2.0,4.0,45.4822,45.3117,-0.1705,149.061
52.67,37.0,2.0,4.0,45.4822,45.313,-0.1692,148.591
52.68,37.0,2.0,4.0,45.4822,45.3117,-0.1705,148.361
52.69,37.0,2.0,4.0,45.4822,45.3117,-0.1705,148.476
52.7,37.0,2.0,4.0,45.4822,45.313,-0.1692,148.557
52.71,37.0,2.0,4.0,45.4822,45.313,-0.1692,148.639
52.72,37.0,2.0,4.0,45.4822,45.3104,-0.1718,148.737
52.73,37.0,2.0,4.0,45.4822,45.3117,-0.1705,148.656
52.74,37.0,2.0,4.0,45.4822,45.3117,-0.1705,148.316
52.75,37.0,2.0,4.0,45.4822,45.3143,-0.1679,148.231
52.76,37.0,2.0,4.0,45.4822,45.3143,-0.1679,148.508
52.77,37.0,2.0,4.0,45.4822,45.313,-0.1692,149.16
52.78,37.0,2.0,4.0,45.4822,45.313,-0.1692,149.078
52.79,37.0,2.0,4.0,45.4822,45.3117,-0.1705,147.697
52.8,37.0,2.0,4.0,45.4822,45.3117,-0.1705,148.134
52.81,37.0,2.0,4.0,45.4822,45.313,-0.1692,148.835
52.82,37.0,2.0,4.0,45.4822,45.313,-0.1692,148.883
52.83,37.0,2.0,4.0,45.4822,45.313,-0.1692,148.443
52.84,37.0,2.0,4.0,45.4822,45.313,-0.1692,148.314
52.85,37.0,2.0,4.0,45.4822,45.3156,-0.1666,136.855
52.86,4.0,0.0,6.0,52.6234,45.5334,-7.09,1.353
52.87,4.0,0.0,6.0,52.6234,45.9351,-6.6883,0.017
52.88,4.0,0.0,6.0,52.6234,46.9094,-5.714,-0.531
52.89,4.0,0.0,6.0,52.6234,47.8849,-4.7385,0.29
52.9,4.0,0.0,6.0,52.6234,48.9635,-3.6599,-0.081
52.91,4.0,0.0,6.0,52.6234,49.99,-2.6334,-0.289
52.92,4.0,0.0,6.0,52.6234,51.0542,-1.5692,0.404
52.93,4.0,0.0,6.0,52.6234,52.1785,-0.4449,-0.242
52.94,4.0,0.0,6.0,52.6234,52.9884,0.365,-0.015
52.95,4.0,0.0,6.0,52.6234,53.1032,0.4798,0.259
52.96,4.0,0.0,6.0,52.6234,53.1228,0.4994,-0.162
52.97,4.0,0.0,6.0,52.6234,53.1254,0.502,0.114
52.98,4.0,0.0,6.0,52.6234,53.1306,0.5072,0.146
52.99,4.0,0.0,6.0,52.6234,53.1332,0.5098,0.034
53.0,4.0,0.0,6.0,52.6234,53.141,0.5176,0.146
53.01,4.0,0.0,6.0,52.6234,53.141,0.5176,-0.031
53.02,4.0,0.0,6.0,52.6234,53.1423,0.5189,0.05
53.03,4.0,0.0,6.0,52.6234,53.1358,0.5124,0.163
53.04,4.0,0.0,6.0,52.6234,53.1332,0.5098,0.001
53.05,4.0,0.0,6.0,52.6234,53.1228,0.4994,0.226
53.06,4.0,0.0,6.0,52.6234,53.1176,0.4942,0.065
53.07,4.0,0.0,6.0,52.6234,53.1163,0.4929,0.081
53.08,4.0,0.0,6.0,52.6234,53.1176,0.4942,0.05
53.09,4.0,0.0,6.0,52.6234,53.1176,0.4942,0.066
53.1,4.0,0.0,4.0,52.6234,53.1215,0.4981,0.178
53.11,3.0,3.0,0.0,52.8398,53.1254,0.2856,0.049
53.12,3.0,3.0,0.0,52.8398,53.128,0.2882,-0.08
53.13,3.0,3.0,0.0,52.8398,53.128,0.2882,0.227
53.14,3.0,3.0,0.0,52.8398,53.1267,0.2869,0.244
53.15,3.0,3.0,0.0,52.8398,53.1228,0.283,0.245
53.16,3.0,3.0,0.0,52.8398,53.1228,0.283,0.244
53.17,3.0,3.0,0.0,52.8398,53.1215,0.2817,0.146
53.18,3.0,3.0,0.0,52.8398,53.1202,0.2804,0.276
53.19,3.0,3.0,0.0,52.8398,53.1163,0.2765,-0.032
53.2,3.0,3.0,0.0,52.8398,53.1176,0.2778,0.163
53.21,3.0,3.0,0.0,52.8398,53.1202,0.2804,0.065
53.22,3.0,3.0,0.0,52.8398,53.1202,0.2804,0.195
53.23,3.0,3.0,0.0,52.8398,53.1267,0.2869,0.113
53.24,3.0,3.0,0.0,52.8398,53.128,0.2882,0.308
53.25,3.0,3.0,0.0,52.8398,53.1319,0.2921,0.178
53.26,3.0,3.0,0.0,52.8398,53.1306,0.2908,0.049
53.27,3.0,3.0,0.0,52.8398,53.1319,0.2921,0.196
53.28,3.0,3.0,0.0,52.8398,53.1306,0.2908,0.196
53.29,3.0,3.0,0.0,52.8398,53.1267,0.2869,-0.064
53.3,3.0,3.0,0.0,52.8398,53.1228,0.283,0.276
53.31,3.0,3.0,0.0,52.8398,53.1202,0.2804,0.21
53.32,3.0,3.0,0.0,52.8398,53.1176,0.2778,0.083
53.33,3.0,3.0,0.0,52.8398,53.1189,0.2791,0.243
53.34,3.0,3.0,0.0,52.8398,53.1228,0.283,0.035
53.35,3.0,3.0,0.0,52.8398,53.1241,0.2843,0.212
53.36,3.0,3.0,0.0,52.8398,53.1254,0.2856,0.083
53.37,3.0,3.0,0.0,52.8398,53.1267,0.2869,0.146
53.38,3.0,3.0,0.0,52.8398,53.128,0.2882,0.196
53.39,3.0,3.0,0.0,52.8398,53.1267,0.2869,0.001
53.4,3.0,3.0,0.0,52.8398,53.1267,0.2869,0.26
53.41,3.0,3.0,0.0,52.8398,53.1241,0.2843,0.162
53.42,3.0,3.0,0.0,52.8398,53.1215,0.2817,0.017
53.43,3.0,3.0,0.0,52.8398,53.1202,0.2804,0.194
53.44,3.0,3.0,0.0,52.8398,53.1189,0.2791,0.196
53.45,3.0,3.0,0.0,52.8398,53.1228,0.283,0.131
53.46,3.0,3.0,0.0,52.8398,53.1228,0.283,0.23
53.47,3.0,3.0,0.0,52.8398,53.1241,0.2843,0.213
53.48,3.0,3.0,0.0,52.8398,53.1228,0.283,0.357
53.49,3.0,3.0,0.0,52.8398,53.1241,0.2843,0.196
53.5,3.0,3.0,0.0,52.8398,53.1241,0.2843,0.261
53.51,3.0,3.0,0.0,52.8398,53.1241,0.2843,0.211
53.52,3.0,3.0,0.0,52.8398,53.1254,0.2856,0.099
53.53,3.0,3.0,0.0,52.8398,53.1254,0.2856,0.178
53.54,3.0,3.0,0.0,52.8398,53.1228,0.283,0.164
53.55,3.0,3.0,0.0,52.8398,53.1215,0.2817,0.195
53.56,3.0,3.0,0.0,52.8398,53.1215,0.2817,0.147
53.57,3.0,3.0,0.0,52.8398,53.1215,0.2817,0.132
53.58,3.0,3.0,0.0,52.8398,53.1215,0.2817,0.195
53.59,3.0,3.0,0.0,52.8398,53.1241,0.2843,0.05
53.6,3.0,3.0,0.0,52.8398,53.1215,0.2817,0.18
53.61,3.0,3.0,0.0,52.8398,53.1215,0.2817,0.292
53.62,3.0,3.0,0.0,52.8398,53.1241,0.2843,0.196
53.63,3.0,3.0,0.0,52.8398,53.1254,0.2856,0.291
53.64,3.0,3.0,0.0,52.8398,53.1241,0.2843,0.228
53.65,3.0,3.0,0.0,52.8398,53.1241,0.2843,0.164
53.66,3.0,3.0,0.0,52.8398,53.1228,0.283,0.196
53.67,3.0,3.0,0.0,52.8398,53.1202,0.2804,0.211
53.68,3.0,3.0,0.0,52.8398,53.1215,0.2817,0.211
53.69,3.0,3.0,0.0,52.8398,53.1215,0.2817,0.34
53.7,3.0,3.0,0.0,52.8398,53.1215,0.2817,0.358
53.71,3.0,3.0,0.0,52.8398,53.1202,0.2804,0.226
53.72,3.0,3.0,0.0,52.8398,53.1215,0.2817,0.245
53.73,3.0,3.0,0.0,52.8398,53.1215,0.2817,0.244
53.74,3.0,3.0,0.0,52.8398,53.1228,0.283,0.18
53.75,3.0,3.0,0.0,52.8398,53.1228,0.283,0.308
53.76,3.0,3.0,0.0,52.8398,53.1228,0.283,0.325
53.77,3.0,3.0,0.0,52.8398,53.1215,0.2817,0.211
53.78,3.0,3.0,0.0,52.8398,53.1215,0.2817,0.196
53.79,3.0,3.0,0.0,52.8398,53.1202,0.2804,0.293
53.8,3.0,3.0,0.0,52.8398,53.1189,0.2791,0.276
53.81,3.0,3.0,0.0,52.8398,53.1202,0.2804,0.342
53.82,3.0,3.0,0.0,52.8398,53.1202,0.2804,0.308
53.83,3.0,3.0,0.0,52.8398,53.1202,0.2804,0.277
53.84,3.0,3.0,0.0,52.8398,53.1202,0.2804,0.324
53.85,3.0,3.0,0.0,52.8398,53.1202,0.2804,0.341
53.86,3.0,3.0,0.0,52.8398,53.1202,0.2804,0.244
53.87,3.0,3.0,0.0,52.8398,53.1202,0.2804,0.26
53.88,3.0,3.0,0.0,52.8398,53.1215,0.2817,0.276
53.89,3.0,3.0,0.0,52.8398,53.1189,0.2791,0.26
53.9,3.0,3.0,0.0,52.8398,53.1176,0.2778,0.212
53.91,3.0,3.0,0.0,52.8398,53.1189,0.2791,0.292
53.92,3.0,3.0,0.0,52.8398,53.1176,0.2778,0.276
53.93,20.0,1.5,30.5,49.161,53.1123,3.9513,0.374
53.94,37.0,0.0,61.0,45.4822,52.2737,6.7915,0.308
53.95,37.0,0.0,61.0,45.4822,50.7712,5.289,0.21
53.96,37.0,0.0,61.0,45.4822,49.2622,3.78,0.227
53.97,37.0,0.0,61.0,45.4822,47.7493,2.2671,1.339
53.98,37.0,0.0,61.0,45.4822,46.3707,0.8885,0.022
53.99,37.0,0.0,61.0,45.4822,45.4238,-0.0584,141.94
54.0,37.0,0.0,61.0,45.4822,45.2791,-0.2031,180.989
54.01,37.0,0.0,61.0,45.4822,45.2712,-0.211,167.994
54.02,37.0,0.0,61.0,45.4822,45.2712,-0.211,164.934
54.03,37.0,0.0,61.0,45.4822,45.2725,-0.2097,170.275
54.04,37.0,0.0,61.0,45.4822,45.2699,-0.2123,165.999
54.05,37.0,0.0,61.0,45.4822,45.2647,-0.2175,165.787
54.06,37.0,0.0,61.0,45.4822,45.2673,-0.2149,170.255
54.07,37.0,0.0,61.0,45.4822,45.2725,-0.2097,170.55
54.08,37.0,0.0,61.0,45.4822,45.2738,-0.2084,170.06
54.09,37.0,0.0,61.0,45.4822,45.2751,-0.2071,168.529
54.1,37.0,0.0,61.0,45.4822,45.2791,-0.2031,165.489
54.11,37.0,0.0,61.0,45.4822,45.2764,-0.2058,166.416
54.12,37.0,0.0,61.0,45.4822,45.2751,-0.2071,171.392
54.13,37.0,0.0,61.0,45.4822,45.2804,-0.2018,171.523
54.14,37.0,0.0,61.0,45.4822,45.2791,-0.2031,167.571
54.15,37.0,0.0,61.0,45.4822,45.2738,-0.2084,167.065
54.16,37.0,0.0,61.0,45.4822,45.2777,-0.2045,169.031
54.17,37.0,0.0,61.0,45.4822,45.2804,-0.2018,169.325
54.18,37.0,2.0,4.0,45.4822,45.2804,-0.2018,169.194
54.19,37.0,2.0,4.0,45.4822,45.2817,-0.2005,170.169
54.2,37.0,2.0,4.0,45.4822,45.2804,-0.2018,169.813
54.21,37.0,2.0,4.0,45.4822,45.2777,-0.2045,168.073
54.22,37.0,2.0,4.0,45.4822,45.2764,-0.2058,167.617
54.23,37.0,2.0,4.0,45.4822,45.2777,-0.2045,168.545
54.24,37.0,2.0,4.0,45.4822,45.2804,-0.2018,169.277
54.25,37.0,2.0,4.0,45.4822,45.2817,-0.2005,169.975
54.26,37.0,2.0,4.0,45.4822,45.2804,-0.2018,168.822
54.27,37.0,2.0,4.0,45.4822,45.2791,-0.2031,167.163
54.28,37.0,2.0,4.0,45.4822,45.2777,-0.2045,167.26
54.29,37.0,2.0,4.0,45.4822,45.2777,-0.2045,167.959
54.3,37.0,2.0,4.0,45.4822,45.2804,-0.2018,168.22
54.31,37.0,2.0,4.0,45.4822,45.2804,-0.2018,167.504
54.32,37.0,2.0,4.0,45.4822,45.2791,-0.2031,167.309
54.33,37.0,2.0,4.0,45.4822,45.2791,-0.2031,167.05
54.34,37.0,2.0,4.0,45.4822,45.2791,-0.2031,167.374
54.35,37.0,2.0,4.0,45.4822,45.2804,-0.2018,167.91
54.36,37.0,2.0,4.0,45.4822,45.2791,-0.2031,167.521
54.37,37.0,2.0,4.0,45.4822,45.2777,-0.2045,167.424
54.38,37.0,2.0,4.0,45.4822,45.2791,-0.2031,167.148
54.39,37.0,2.0,4.0,45.4822,45.2804,-0.2018,167.243
54.4,37.0,2.0,4.0,45.4822,45.2791,-0.2031,167.293
54.41,37.0,2.0,4.0,45.4822,45.2804,-0.2018,167.456
54.42,37.0,2.0,4.0,45.4822,45.2804,-0.2018,167.895
54.43,37.0,2.0,4.0,45.4822,45.2777,-0.2045,167.309
54.44,37.0,2.0,4.0,45.4822,45.2777,-0.2045,166.643
54.45,37.0,2.0,4.0,45.4822,45.2777,-0.2045,167.245
54.46,37.0,2.0,4.0,45.4822,45.2791,-0.2031,167.977
54.47,37.0,2.0,4.0,45.4822,45.2804,-0.2018,167.635
54.48,37.0,2.0,4.0,45.4822,45.2791,-0.2031,167.18
54.49,37.0,2.0,4.0,45.4822,45.2777,-0.2045,167.035
54.5,37.0,2.0,4.0,45.4822,45.2777,-0.2045,167.327
54.51,4.0,0.0,5.0,52.6234,45.2817,-7.3417,154.743
54.52,4.0,0.0,5.0,52.6234,45.4382,-7.1852,1.379
54.53,4.0,0.0,5.0,52.6234,45.7851,-6.8383,0.129
54.54,4.0,0.0,5.0,52.6234,46.6576,-5.9658,-0.42
54.55,4.0,0.0,5.0,52.6234,47.6658,-4.9576,0.13
54.56,4.0,0.0,5.0,52.6234,48.6649,-3.9585,0.21
54.57,4.0,0.0,5.0,52.6234,49.7187,-2.9047,-0.354
54.58,4.0,0.0,5.0,52.6234,50.9969,-1.6265,0.31
54.59,4.0,0.0,5.0,52.6234,51.9216,-0.7018,-0.016
54.6,4.0,0.0,5.0,52.6234,52.9911,0.3677,0.148
54.61,4.0,0.0,5.0,52.6234,53.1032,0.4798,0.049
54.62,4.0,0.0,5.0,52.6234,53.1123,0.4889,-0.096
54.63,4.0,0.0,5.0,52.6234,53.1123,0.4889,0.083
54.64,4.0,0.0,5.0,52.6234,53.1163,0.4929,-0.064
54.65,4.0,0.0,5.0,52.6234,53.1202,0.4968,0.017
54.66,4.0,0.0,5.0,52.6234,53.128,0.5046,0.211
54.67,4.0,0.0,5.0,52.6234,53.1306,0.5072,0.066
54.68,4.0,0.0,5.0,52.6234,53.1332,0.5098,0.211
54.69,4.0,0.0,5.0,52.6234,53.1254,0.502,0.049
54.7,4.0,0.0,5.0,52.6234,53.1228,0.4994,0.148
54.71,4.0,0.0,5.0,52.6234,53.1189,0.4955,0.066
54.72,4.0,0.0,5.0,52.6234,53.1123,0.4889,-0.113
54.73,4.0,0.0,5.0,52.6234,53.1084,0.485,0.164
54.74,4.0,0.0,5.0,52.6234,53.1045,0.4811,0.114
54.75,4.0,0.0,5.0,52.6234,53.1045,0.4811,-0.081
54.76,3.0,3.0,0.0,52.8398,53.1058,0.266,0.099
54.77,3.0,3.0,0.0,52.8398,53.111,0.2712,-0.031
54.78,3.0,3.0,0.0,52.8398,53.1137,0.2739,0.065
54.79,3.0,3.0,0.0,52.8398,53.115,0.2752,0.131
54.8,3.0,3.0,0.0,52.8398,53.1176,0.2778,0.065
54.81,3.0,3.0,0.0,52.8398,53.1123,0.2725,0.145
54.82,3.0,3.0,0.0,52.8398,53.115,0.2752,0.164
54.83,3.0,3.0,0.0,52.8398,53.1123,0.2725,0.034
54.84,3.0,3.0,0.0,52.8398,53.1137,0.2739,0.213
54.85,3.0,3.0,0.0,52.8398,53.1123,0.2725,0.276
54.86,3.0,3.0,0.0,52.8398,53.1123,0.2725,0.034
54.87,3.0,3.0,0.0,52.8398,53.1137,0.2739,0.197
54.88,3.0,3.0,0.0,52.8398,53.115,0.2752,0.228
54.89,3.0,3.0,0.0,52.8398,53.1189,0.2791,0.067
54.9,3.0,3.0,0.0,52.8398,53.1189,0.2791,0.148
54.91,3.0,3.0,0.0,52.8398,53.1189,0.2791,0.05
54.92,3.0,3.0,0.0,52.8398,53.1189,0.2791,0.276
54.93,3.0,3.0,0.0,52.8398,53.1189,0.2791,0.164
54.94,3.0,3.0,0.0,52.8398,53.115,0.2752,0.164
54.95,3.0,3.0,0.0,52.8398,53.1163,0.2765,0.179
54.96,3.0,3.0,0.0,52.8398,53.1137,0.2739,0.164
54.97,3.0,3.0,0.0,52.8398,53.1123,0.2725,0.244
54.98,3.0,3.0,0.0,52.8398,53.1123,0.2725,0.244
54.99,3.0,3.0,0.0,52.8398,53.1123,0.2725,0.05
55.0,3.0,3.0,0.0,52.8398,53.1137,0.2739,0.227
55.01,3.0,3.0,0.0,52.8398,53.1176,0.2778,0.164
55.02,3.0,3.0,0.0,52.8398,53.1176,0.2778,0.148
55.03,3.0,3.0,0.0,52.8398,53.1189,0.2791,0.212
55.04,3.0,3.0,0.0,52.8398,53.1176,0.2778,0.116
55.05,3.0,3.0,0.0,52.8398,53.115,0.2752,0.196
55.06,3.0,3.0,0.0,52.8398,53.1163,0.2765,0.243
55.07,3.0,3.0,0.0,52.8398,53.115,0.2752,0.181
55.08,3.0,3.0,0.0,52.8398,53.1137,0.2739,0.115
55.09,3.0,3.0,0.0,52.8398,53.1123,0.2725,0.033
55.1,3.0,3.0,0.0,52.8398,53.1137,0.2739,0.18
55.11,3.0,3.0,0.0,52.8398,53.1137,0.2739,0.245
55.12,3.0,3.0,0.0,52.8398,53.115,0.2752,0.067
55.13,3.0,3.0,0.0,52.8398,53.1163,0.2765,0.278
55.14,3.0,3.0,0.0,52.8398,53.1176,0.2778,0.162
55.15,3.0,3.0,0.0,52.8398,53.1163,0.2765,0.099
55.16,3.0,3.0,0.0,52.8398,53.1163,0.2765,0.066
55.17,3.0,3.0,0.0,52.8398,53.1163,0.2765,0.26
55.18,3.0,3.0,0.0,52.8398,53.1163,0.2765,0.374
55.19,3.0,3.0,0.0,52.8398,53.1163,0.2765,0.212
55.2,3.0,3.0,0.0,52.8398,53.115,0.2752,0.163
55.21,3.0,3.0,0.0,52.8398,53.1123,0.2725,0.179
55.22,3.0,3.0,0.0,52.8398,53.1123,0.2725,0.244
55.23,3.0,3.0,0.0,52.8398,53.1123,0.2725,0.212
55.24,3.0,3.0,0.0,52.8398,53.1123,0.2725,0.228
55.25,3.0,3.0,0.0,52.8398,53.1137,0.2739,0.179
55.26,3.0,3.0,0.0,52.8398,53.1137,0.2739,0.082
55.27,3.0,3.0,0.0,52.8398,53.1137,0.2739,0.212
55.28,3.0,3.0,0.0,52.8398,53.1123,0.2725,0.179
55.29,3.0,3.0,0.0,52.8398,53.1137,0.2739,0.115
55.3,3.0,3.0,0.0,52.8398,53.115,0.2752,0.294
55.31,3.0,3.0,0.0,52.8398,53.1137,0.2739,0.292
55.32,3.0,3.0,0.0,52.8398,53.1123,0.2725,0.212
55.33,3.0,3.0,0.0,52.8398,53.111,0.2712,0.26
55.34,3.0,3.0,0.0,52.8398,53.111,0.2712,0.245
55.35,3.0,3.0,0.0,52.8398,53.1097,0.2699,0.391
55.36,3.0,3.0,0.0,52.8398,53.111,0.2712,0.278
55.37,3.0,3.0,0.0,52.8398,53.1123,0.2725,0.115
55.38,3.0,3.0,0.0,52.8398,53.1123,0.2725,0.405
55.39,3.0,3.0,0.0,52.8398,53.1137,0.2739,0.197
55.4,3.0,3.0,0.0,52.8398,53.1137,0.2739,0.083
55.41,3.0,3.0,0.0,52.8398,53.1137,0.2739,0.277
55.42,3.0,3.0,0.0,52.8398,53.1137,0.2739,0.147
55.43,3.0,3.0,0.0,52.8398,53.1123,0.2725,0.277
55.44,3.0,3.0,0.0,52.8398,53.111,0.2712,0.278
55.45,3.0,3.0,0.0,52.8398,53.1097,0.2699,0.357
55.46,3.0,3.0,0.0,52.8398,53.1097,0.2699,0.162
55.47,3.0,3.0,0.0,52.8398,53.111,0.2712,0.327
55.48,3.0,3.0,0.0,52.8398,53.111,0.2712,0.325
55.49,3.0,3.0,0.0,52.8398,53.1123,0.2725,0.083
55.5,3.0,3.0,0.0,52.8398,53.111,0.2712,0.277
55.51,3.0,3.0,0.0,52.8398,53.1123,0.2725,0.244
55.52,3.0,3.0,0.0,52.8398,53.1123,0.2725,0.163
55.53,3.0,3.0,0.0,52.8398,53.111,0.2712,0.26
55.54,3.0,3.0,0.0,52.8398,53.111,0.2712,0.229
55.55,3.0,3.0,0.0,52.8398,53.111,0.2712,0.277
55.56,3.0,3.0,0.0,52.8398,53.1097,0.2699,0.163
55.57,3.0,3.0,0.0,52.8398,53.1097,0.2699,0.066
55.58,3.0,3.0,0.0,52.8398,53.111,0.2712,0.244
55.59,37.0,0.0,60.0,45.4822,53.0941,7.6119,0.196
55.6,37.0,0.0,60.0,45.4822,52.125,6.6428,0.325
55.61,37.0,0.0,60.0,45.4822,50.6238,5.1416,0.358
55.62,37.0,0.0,60.0,45.4822,49.1031,3.6209,0.115
55.63,37.0,0.0,60.0,45.4822,47.6306,2.1484,0.355
55.64,37.0,0.0,60.0,45.4822,46.2846,0.8024,-1.099
55.65,37.0,0.0,60.0,45.4822,45.3938,-0.0884,155.661
55.66,37.0,0.0,60.0,45.4822,45.283,-0.1992,179.852
55.67,37.0,0.0,60.0,45.4822,45.2725,-0.2097,171.053
55.68,37.0,0.0,60.0,45.4822,45.2738,-0.2084,164.516
55.69,37.0,0.0,60.0,45.4822,45.2764,-0.2058,169.14
55.7,37.0,0.0,60.0,45.4822,45.2712,-0.211,166.471
55.71,37.0,0.0,60.0,45.4822,45.2673,-0.2149,164.878
55.72,37.0,0.0,60.0,45.4822,45.2725,-0.2097,168.763
55.73,37.0,0.0,60.0,45.4822,45.2777,-0.2045,170.407
55.74,37.0,0.0,60.0,45.4822,45.2777,-0.2045,168.863
55.75,37.0,0.0,60.0,45.4822,45.2791,-0.2031,167.331
55.76,37.0,0.0,60.0,45.4822,45.2817,-0.2005,165.036
55.77,37.0,0.0,60.0,45.4822,45.2777,-0.2045,165.998
55.78,37.0,0.0,60.0,45.4822,45.2804,-0.2018,170.744
55.79,37.0,0.0,60.0,45.4822,45.2843,-0.1979,171.102
55.8,37.0,0.0,60.0,45.4822,45.2804,-0.2018,167.037
55.81,37.0,0.0,60.0,45.4822,45.2777,-0.2045,166.076
55.82,37.0,0.0,60.0,45.4822,45.2817,-0.2005,168.595
55.83,37.0,0.0,60.0,45.4822,45.2843,-0.1979,169.115
55.84,37.0,2.0,5.0,45.4822,45.2843,-0.1979,168.66
55.85,37.0,2.0,5.0,45.4822,45.2856,-0.1966,169.408
55.86,37.0,2.0,5.0,45.4822,45.2843,-0.1979,169.181
55.87,37.0,2.0,5.0,45.4822,45.2804,-0.2018,167.264
55.88,37.0,2.0,5.0,45.4822,45.2817,-0.2005,166.839
55.89,37.0,2.0,5.0,45.4822,45.283,-0.1992,168.142
55.9,37.0,2.0,5.0,45.4822,45.2843,-0.1979,169.036
55.91,37.0,2.0,5.0,45.4822,45.2856,-0.1966,169.199
55.92,37.0,2.0,5.0,45.4822,45.2843,-0.1979,168.271
55.93,37.0,2.0,5.0,45.4822,45.2817,-0.2005,167.198
55.94,37.0,2.0,5.0,45.4822,45.2817,-0.2005,167.394
55.95,37.0,2.0,5.0,45.4822,45.283,-0.1992,168.612
55.96,37.0,2.0,5.0,45.4822,45.283,-0.1992,168.434
55.97,37.0,2.0,5.0,45.4822,45.2817,-0.2005,167.199
55.98,37.0,2.0,5.0,45.4822,45.2817,-0.2005,166.613
55.99,37.0,2.0,5.0,45.4822,45.2817,-0.2005,166.499
56.0,37.0,2.0,5.0,45.4822,45.2817,-0.2005,166.987
56.01,37.0,2.0,5.0,45.4822,45.2843,-0.1979,166.921
56.02,37.0,2.0,5.0,45.4822,45.283,-0.1992,166.971
56.03,37.0,2.0,5.0,45.4822,45.2817,-0.2005,166.792
56.04,37.0,2.0,5.0,45.4822,45.2817,-0.2005,166.743
56.05,37.0,2.0,5.0,45.4822,45.2817,-0.2005,166.663
56.06,37.0,2.0,5.0,45.4822,45.2817,-0.2005,166.546
56.07,37.0,2.0,5.0,45.4822,45.283,-0.1992,167.166
56.08,37.0,2.0,5.0,45.4822,45.283,-0.1992,167.411
56.09,37.0,2.0,5.0,45.4822,45.2804,-0.2018,166.42
56.1,37.0,2.0,5.0,45.4822,45.2817,-0.2005,166.304
56.11,37.0,2.0,5.0,45.4822,45.2817,-0.2005,166.679
56.12,37.0,2.0,5.0,45.4822,45.283,-0.1992,167.182
56.13,37.0,2.0,5.0,45.4822,45.283,-0.1992,166.809
56.14,37.0,2.0,5.0,45.4822,45.2817,-0.2005,166.483
56.15,37.0,2.0,5.0,45.4822,45.2817,-0.2005,166.516
56.16,37.0,2.0,5.0,45.4822,45.2817,-0.2005,166.713
56.17,26.0,0.0,6.0,47.8626,45.2856,-2.577,154.883
56.18,4.0,0.0,6.0,52.6234,45.4916,-7.1318,4.936
56.19,4.0,0.0,6.0,52.6234,45.8373,-6.7861,-0.148
56.2,4.0,0.0,6.0,52.6234,46.7372,-5.8862,-0.16
56.21,4.0,0.0,6.0,52.6234,47.7219,-4.9015,-0.356
56.22,4.0,0.0,6.0,52.6234,48.7183,-3.9051,0.178
56.23,4.0,0.0,6.0,52.6234,49.7578,-2.8656,-0.178
56.24,4.0,0.0,6.0,52.6234,50.8638,-1.7596,-0.226
56.25,4.0,0.0,6.0,52.6234,51.9933,-0.6301,0.162
56.26,4.0,0.0,6.0,52.6234,52.9311,0.3077,-0.354
56.27,4.0,0.0,6.0,52.6234,53.0837,0.4603,0.277
56.28,4.0,0.0,6.0,52.6234,53.1097,0.4863,-0.112
56.29,4.0,0.0,6.0,52.6234,53.1058,0.4824,-0.194
56.3,4.0,0.0,6.0,52.6234,53.1058,0.4824,0.097
56.31,4.0,0.0,6.0,52.6234,53.1137,0.4903,-0.047
56.32,4.0,0.0,6.0,52.6234,53.1176,0.4942,-0.015
56.33,4.0,0.0,6.0,52.6234,53.1241,0.5007,0.098
56.34,4.0,0.0,6.0,52.6234,53.128,0.5046,-0.243
56.35,4.0,0.0,6.0,52.6234,53.1228,0.4994,0.018
56.36,4.0,0.0,6.0,52.6234,53.1189,0.4955,-0.145
56.37,4.0,0.0,6.0,52.6234,53.111,0.4876,0.196
56.38,4.0,0.0,6.0,52.6234,53.1058,0.4824,0.309
56.39,4.0,0.0,6.0,52.6234,53.1032,0.4798,0.017
56.4,4.0,0.0,6.0,52.6234,53.098,0.4746,0.083
56.41,4.0,0.0,6.0,52.6234,53.0993,0.4759,-0.113
56.42,3.0,3.0,0.0,52.8398,53.0967,0.2569,-0.048
56.43,3.0,3.0,0.0,52.8398,53.1032,0.2634,0.082
56.44,3.0,3.0,0.0,52.8398,53.1058,0.266,0.033
56.45,3.0,3.0,0.0,52.8398,53.111,0.2712,0.244
56.46,3.0,3.0,0.0,52.8398,53.111,0.2712,0.13
56.47,3.0,3.0,0.0,52.8398,53.1097,0.2699,0.099
56.48,3.0,3.0,0.0,52.8398,53.111,0.2712,-0.031
56.49,3.0,3.0,0.0,52.8398,53.1084,0.2686,0.18
56.5,3.0,3.0,0.0,52.8398,53.1097,0.2699,0.244
56.51,3.0,3.0,0.0,52.8398,53.1097,0.2699,0.001
56.52,3.0,3.0,0.0,52.8398,53.1084,0.2686,0.017
56.53,3.0,3.0,0.0,52.8398,53.1071,0.2673,0.098
56.54,3.0,3.0,0.0,52.8398,53.1071,0.2673,-0.016
56.55,3.0,3.0,0.0,52.8398,53.1071,0.2673,0.082
56.56,3.0,3.0,0.0,52.8398,53.1084,0.2686,0.213
56.57,3.0,3.0,0.0,52.8398,53.1071,0.2673,0.147
56.58,3.0,3.0,0.0,52.8398,53.1097,0.2699,0.147
56.59,3.0,3.0,0.0,52.8398,53.1084,0.2686,0.13
56.6,3.0,3.0,0.0,52.8398,53.1097,0.2699,0.114
56.61,3.0,3.0,0.0,52.8398,53.1097,0.2699,0.18
56.62,3.0,3.0,0.0,52.8398,53.1084,0.2686,0.148
56.63,3.0,3.0,0.0,52.8398,53.1084,0.2686,0.05
56.64,3.0,3.0,0.0,52.8398,53.1058,0.266,-0.031
56.65,3.0,3.0,0.0,52.8398,53.1071,0.2673,0.212
56.66,3.0,3.0,0.0,52.8398,53.1071,0.2673,0.131
56.67,3.0,3.0,0.0,52.8398,53.1084,0.2686,0.066
56.68,3.0,3.0,0.0,52.8398,53.1084,0.2686,0.212
56.69,3.0,3.0,0.0,52.8398,53.1097,0.2699,0.147
56.7,3.0,3.0,0.0,52.8398,53.1084,0.2686,0.163
56.71,3.0,3.0,0.0,52.8398,53.1071,0.2673,0.083
56.72,3.0,3.0,0.0,52.8398,53.1071,0.2673,0.115
56.73,3.0,3.0,0.0,52.8398,53.1071,0.2673,0.162
56.74,3.0,3.0,0.0,52.8398,53.1084,0.2686,0.083
56.75,3.0,3.0,0.0,52.8398,53.1045,0.2647,0.293
56.76,3.0,3.0,0.0,52.8398,53.1045,0.2647,0.195
56.77,3.0,3.0,0.0,52.8398,53.1032,0.2634,0.066
56.78,3.0,3.0,0.0,52.8398,53.1045,0.2647,0.147
56.79,3.0,3.0,0.0,52.8398,53.1045,0.2647,0.196
56.8,3.0,3.0,0.0,52.8398,53.1045,0.2647,0.374
56.81,3.0,3.0,0.0,52.8398,53.1058,0.266,0.115
56.82,3.0,3.0,0.0,52.8398,53.1058,0.266,0.017
56.83,3.0,3.0,0.0,52.8398,53.1058,0.266,0.227
56.84,3.0,3.0,0.0,52.8398,53.1058,0.266,0.066
56.85,3.0,3.0,0.0,52.8398,53.1058,0.266,0.066
56.86,3.0,3.0,0.0,52.8398,53.1045,0.2647,0.116
56.87,3.0,3.0,0.0,52.8398,53.1045,0.2647,0.261
56.88,3.0,3.0,0.0,52.8398,53.1045,0.2647,0.309
56.89,3.0,3.0,0.0,52.8398,53.1032,0.2634,0.001
56.9,3.0,3.0,0.0,52.8398,53.1045,0.2647,0.067
56.91,3.0,3.0,0.0,52.8398,53.1032,0.2634,0.146
56.92,3.0,3.0,0.0,52.8398,53.1019,0.2621,0.131
56.93,3.0,3.0,0.0,52.8398,53.1032,0.2634,0.244
56.94,3.0,3.0,0.0,52.8398,53.1032,0.2634,0.211
56.95,3.0,3.0,0.0,52.8398,53.1045,0.2647,0.18
56.96,3.0,3.0,0.0,52.8398,53.1045,0.2647,0.195
56.97,3.0,3.0,0.0,52.8398,53.1032,0.2634,0.164
56.98,3.0,3.0,0.0,52.8398,53.1019,0.2621,0.066
56.99,3.0,3.0,0.0,52.8398,53.1006,0.2608,0.18
57.0,3.0,3.0,0.0,52.8398,53.0993,0.2595,0.212
57.01,3.0,3.0,0.0,52.8398,53.1006,0.2608,0.13
57.02,3.0,3.0,0.0,52.8398,53.0993,0.2595,0.049
57.03,3.0,3.0,0.0,52.8398,53.1006,0.2608,0.164
57.04,3.0,3.0,0.0,52.8398,53.1019,0.2621,0.261
57.05,3.0,3.0,0.0,52.8398,53.1019,0.2621,0.18
57.06,3.0,3.0,0.0,52.8398,53.1019,0.2621,0.227
57.07,3.0,3.0,0.0,52.8398,53.1019,0.2621,0.05
57.08,3.0,3.0,0.0,52.8398,53.1032,0.2634,0.245
57.09,3.0,3.0,0.0,52.8398,53.1019,0.2621,0.132
57.1,3.0,3.0,0.0,52.8398,53.1006,0.2608,0.197
57.11,3.0,3.0,0.0,52.8398,53.0993,0.2595,0.309
57.12,3.0,3.0,0.0,52.8398,53.0993,0.2595,0.197
57.13,3.0,3.0,0.0,52.8398,53.0993,0.2595,0.212
57.14,3.0,3.0,0.0,52.8398,53.0993,0.2595,0.181
57.15,3.0,3.0,0.0,52.8398,53.0993,0.2595,0.277
57.16,3.0,3.0,0.0,52.8398,53.1019,0.2621,0.116
57.17,3.0,3.0,0.0,52.8398,53.1019,0.2621,0.196
57.18,3.0,3.0,0.0,52.8398,53.1006,0.2608,0.082
57.19,3.0,3.0,0.0,52.8398,53.0993,0.2595,0.083
57.2,3.0,3.0,0.0,52.8398,53.0993,0.2595,0.147
57.21,3.0,3.0,0.0,52.8398,53.0993,0.2595,0.18
57.22,3.0,3.0,0.0,52.8398,53.0967,0.2569,0.342
57.23,3.0,3.0,0.0,52.8398,53.0967,0.2569,0.309
57.24,3.0,3.0,0.0,52.8398,53.0954,0.2556,0.163
57.25,3.0,3.0,0.0,52.8398,52.6663,-0.1735,0.164
57.26,37.0,2.0,4.0,45.4822,50.7947,5.3125,0.147
57.27,37.0,2.0,4.0,45.4822,48.9127,3.4305,0.244
57.28,37.0,2.0,4.0,45.4822,47.0541,1.5719,-0.445
57.29,37.0,2.0,4.0,45.4822,45.5464,0.0642,154.369
57.3,37.0,2.0,4.0,45.4822,45.2334,-0.2488,201.149
57.31,37.0,2.0,4.0,45.4822,45.2504,-0.2318,181.088
57.32,37.0,2.0,4.0,45.4822,45.2491,-0.2331,187.45
57.33,37.0,2.0,4.0,45.4822,45.2386,-0.2436,188.953
57.34,37.0,2.0,4.0,45.4822,45.2386,-0.2436,182.633
57.35,37.0,2.0,4.0,45.4822,45.2347,-0.2475,186.431
57.36,37.0,2.0,4.0,45.4822,45.2334,-0.2488,190.962
57.37,37.0,2.0,4.0,45.4822,45.2412,-0.241,189.015
57.38,37.0,2.0,4.0,45.4822,45.2425,-0.2397,191.938
57.39,37.0,2.0,4.0,45.4822,45.2399,-0.2423,191.481
57.4,37.0,2.0,4.0,45.4822,45.2477,-0.2345,185.79
57.41,37.0,2.0,4.0,45.4822,45.2491,-0.2331,187.3
57.42,37.0,2.0,4.0,45.4822,45.2438,-0.2384,191.954
57.43,37.0,2.0,4.0,45.4822,45.2504,-0.2318,190.77
57.44,37.0,2.0,4.0,45.4822,45.2556,-0.2266,188.41
57.45,37.0,2.0,4.0,45.4822,45.2491,-0.2331,189.282
57.46,37.0,2.0,4.0,45.4822,45.2477,-0.2345,188.91
57.47,37.0,2.0,4.0,45.4822,45.253,-0.2292,189.285
57.48,37.0,2.0,4.0,45.4822,45.253,-0.2292,190.648
57.49,37.0,2.0,4.0,45.4822,45.253,-0.2292,190.958
57.5,37.0,2.0,4.0,45.4822,45.253,-0.2292,189.709
57.51,37.0,2.0,4.0,45.4822,45.2504,-0.2318,189.156
57.52,37.0,2.0,4.0,45.4822,45.2464,-0.2358,189.074
57.53,37.0,2.0,4.0,45.4822,45.2491,-0.2331,188.699
57.54,37.0,2.0,4.0,45.4822,45.2517,-0.2305,189.756
57.55,37.0,2.0,4.0,45.4822,45.2504,-0.2318,190.974
57.56,37.0,2.0,4.0,45.4822,45.2517,-0.2305,189.789
57.57,37.0,2.0,4.0,45.4822,45.2504,-0.2318,188.374
57.58,37.0,2.0,4.0,45.4822,45.2464,-0.2358,188.782
57.59,7.0,0.0,8.0,51.9742,45.2491,-6.7251,163.135
57.6,7.0,0.0,8.0,51.9742,45.3821,-6.5921,10.34
57.61,7.0,0.0,8.0,51.9742,45.7564,-6.2178,0.516
57.62,7.0,0.0,8.0,51.9742,46.6602,-5.314,-0.018
57.63,7.0,0.0,8.0,51.9742,47.6306,-4.3436,-0.304
57.64,7.0,0.0,8.0,51.9742,48.6414,-3.3328,0.048
57.65,7.0,0.0,8.0,51.9742,49.7135,-2.2607,0.21
57.66,7.0,0.0,8.0,51.9742,50.7738,-1.2004,-0.436
57.67,7.0,0.0,8.0,51.9742,51.9177,-0.0565,0.066
57.68,7.0,0.0,8.0,51.9742,52.918,0.9438,-0.113
57.69,7.0,0.0,8.0,51.9742,53.0941,1.1199,0.066
57.7,7.0,0.0,8.0,51.9742,53.1228,1.1486,0.116
57.71,7.0,0.0,8.0,51.9742,53.1215,1.1473,-0.243
57.72,7.0,0.0,8.0,51.9742,53.1267,1.1525,0.017
57.73,7.0,0.0,8.0,51.9742,53.1293,1.1551,0.097
57.74,7.0,0.0,8.0,51.9742,53.1384,1.1642,-0.129
57.75,7.0,0.0,8.0,51.9742,53.1423,1.1681,0.293
57.76,7.0,0.0,8.0,51.9742,53.1463,1.1721,0.066
57.77,7.0,0.0,8.0,51.9742,53.145,1.1708,-0.08
57.78,7.0,0.0,8.0,51.9742,53.141,1.1668,0.066
57.79,7.0,0.0,8.0,51.9742,53.1345,1.1603,0.017
57.8,7.0,0.0,8.0,51.9742,53.1254,1.1512,0.18
57.81,7.0,0.0,8.0,51.9742,53.1189,1.1447,0.001
57.82,7.0,0.0,8.0,51.9742,53.1163,1.1421,0.164
57.83,7.0,0.0,8.0,51.9742,53.1176,1.1434,0.148
57.84,3.0,3.0,0.0,52.8398,53.1163,0.2765,0.196
57.85,3.0,3.0,0.0,52.8398,53.1228,0.283,0.017
57.86,3.0,3.0,0.0,52.8398,53.1241,0.2843,0.081
57.87,3.0,3.0,0.0,52.8398,53.1293,0.2895,0.097
57.88,3.0,3.0,0.0,52.8398,53.1293,0.2895,0.26
57.89,3.0,3.0,0.0,52.8398,53.1293,0.2895,0.098
57.9,3.0,3.0,0.0,52.8398,53.128,0.2882,0.164
57.91,3.0,3.0,0.0,52.8398,53.1254,0.2856,0.13
57.92,3.0,3.0,0.0,52.8398,53.1241,0.2843,-0.048
57.93,3.0,3.0,0.0,52.8398,53.1215,0.2817,0.082
57.94,3.0,3.0,0.0,52.8398,53.1202,0.2804,0.245
57.95,3.0,3.0,0.0,52.8398,53.1189,0.2791,0.26
57.96,3.0,3.0,0.0,52.8398,53.1189,0.2791,0.212
57.97,3.0,3.0,0.0,52.8398,53.1215,0.2817,0.05
57.98,3.0,3.0,0.0,52.8398,53.1228,0.283,0.178
57.99,3.0,3.0,0.0,52.8398,53.1241,0.2843,0.115
58.0,3.0,3.0,0.0,52.8398,53.1267,0.2869,0.148
58.01,3.0,3.0,0.0,52.8398,53.128,0.2882,0.212
58.02,3.0,3.0,0.0,52.8398,53.128,0.2882,0.082
58.03,3.0,3.0,0.0,52.8398,53.1293,0.2895,-0.064
58.04,3.0,3.0,0.0,52.8398,53.128,0.2882,0.05
58.05,3.0,3.0,0.0,52.8398,53.1241,0.2843,0.066
58.06,3.0,3.0,0.0,52.8398,53.1215,0.2817,0.275
58.07,3.0,3.0,0.0,52.8398,53.1228,0.283,0.178
58.08,3.0,3.0,0.0,52.8398,53.1228,0.283,0.114
58.09,3.0,3.0,0.0,52.8398,53.1228,0.283,0.164
58.1,3.0,3.0,0.0,52.8398,53.1241,0.2843,0.066
58.11,3.0,3.0,0.0,52.8398,53.1241,0.2843,0.097
58.12,3.0,3.0,0.0,52.8398,53.1267,0.2869,0.197
58.13,3.0,3.0,0.0,52.8398,53.1267,0.2869,0.065
58.14,3.0,3.0,0.0,52.8398,53.1293,0.2895,0.18
58.15,3.0,3.0,0.0,52.8398,53.128,0.2882,0.146
58.16,3.0,3.0,0.0,52.8398,53.1267,0.2869,0.148
58.17,3.0,3.0,0.0,52.8398,53.1241,0.2843,0.195
58.18,3.0,3.0,0.0,52.8398,53.1215,0.2817,0.277
58.19,3.0,3.0,0.0,52.8398,53.1215,0.2817,0.018
58.2,3.0,3.0,0.0,52.8398,53.1215,0.2817,0.356
58.21,3.0,3.0,0.0,52.8398,53.1228,0.283,0.164
58.22,3.0,3.0,0.0,52.8398,53.1228,0.283,0.083
58.23,3.0,3.0,0.0,52.8398,53.1241,0.2843,0.001
58.24,3.0,3.0,0.0,52.8398,53.1254,0.2856,0.342
58.25,3.0,3.0,0.0,52.8398,53.1254,0.2856,0.244
58.26,3.0,3.0,0.0,52.8398,53.1254,0.2856,0.081
58.27,3.0,3.0,0.0,52.8398,53.1267,0.2869,0.001
58.28,3.0,3.0,0.0,52.8398,53.1241,0.2843,0.242
58.29,3.0,3.0,0.0,52.8398,53.1215,0.2817,0.293
58.3,3.0,3.0,0.0,52.8398,53.1215,0.2817,0.261
58.31,3.0,3.0,0.0,52.8398,53.1202,0.2804,0.196
58.32,3.0,3.0,0.0,52.8398,53.1215,0.2817,0.13
58.33,3.0,3.0,0.0,52.8398,53.1241,0.2843,0.098
58.34,3.0,3.0,0.0,52.8398,53.1228,0.283,0.147
58.35,3.0,3.0,0.0,52.8398,53.1241,0.2843,0.082
58.36,3.0,3.0,0.0,52.8398,53.1241,0.2843,0.018
58.37,3.0,3.0,0.0,52.8398,53.1254,0.2856,0.228
58.38,3.0,3.0,0.0,52.8398,53.1254,0.2856,0.18
58.39,3.0,3.0,0.0,52.8398,53.1254,0.2856,0.132
58.4,3.0,3.0,0.0,52.8398,53.1254,0.2856,0.033
58.41,3.0,3.0,0.0,52.8398,53.1228,0.283,0.115
58.42,3.0,3.0,0.0,52.8398,53.1215,0.2817,0.081
58.43,3.0,3.0,0.0,52.8398,53.1202,0.2804,0.26
58.44,3.0,3.0,0.0,52.8398,53.1215,0.2817,0.113
58.45,3.0,3.0,0.0,52.8398,53.1215,0.2817,0.196
58.46,3.0,3.0,0.0,52.8398,53.1202,0.2804,0.017
58.47,3.0,3.0,0.0,52.8398,53.1228,0.283,0.292
58.48,3.0,3.0,0.0,52.8398,53.1228,0.283,0.017
58.49,3.0,3.0,0.0,52.8398,53.1241,0.2843,0.132
58.5,3.0,3.0,0.0,52.8398,53.1241,0.2843,0.179
58.51,3.0,3.0,0.0,52.8398,53.1228,0.283,0.001
58.52,3.0,3.0,0.0,52.8398,53.1241,0.2843,0.146
58.53,3.0,3.0,0.0,52.8398,53.1228,0.283,0.292
58.54,3.0,3.0,0.0,52.8398,53.1215,0.2817,0.26
58.55,3.0,3.0,0.0,52.8398,53.1202,0.2804,0.162
58.56,3.0,3.0,0.0,52.8398,53.1202,0.2804,0.195
58.57,3.0,3.0,0.0,52.8398,53.1189,0.2791,0.178
58.58,3.0,3.0,0.0,52.8398,53.1202,0.2804,0.259
58.59,3.0,3.0,0.0,52.8398,53.1215,0.2817,0.228
58.6,3.0,3.0,0.0,52.8398,53.1228,0.283,0.276
58.61,3.0,3.0,0.0,52.8398,53.1241,0.2843,0.212
58.62,3.0,3.0,0.0,52.8398,53.1215,0.2817,0.115
58.63,3.0,3.0,0.0,52.8398,53.1215,0.2817,0.049
58.64,3.0,3.0,0.0,52.8398,53.1215,0.2817,0.196
58.65,3.0,3.0,0.0,52.8398,53.1228,0.283,0.229
58.66,14.3,2.7,1.7,50.3873,53.1189,2.7316,0.099
58.67,37.0,2.0,5.0,45.4822,52.2163,6.7341,0.309
58.68,37.0,2.0,5.0,45.4822,50.3069,4.8247,0.18
58.69,37.0,2.0,5.0,45.4822,48.404,2.9218,0.115
58.7,37.0,2.0,5.0,45.4822,46.5637,1.0815,-0.875
58.71,37.0,2.0,5.0,45.4822,45.3677,-0.1145,173.288
58.72,37.0,2.0,5.0,45.4822,45.2438,-0.2384,202.124
58.73,37.0,2.0,5.0,45.4822,45.2373,-0.2449,188.967
58.74,37.0,2.0,5.0,45.4822,45.236,-0.2462,183.762
58.75,37.0,2.0,5.0,45.4822,45.2373,-0.2449,191.001
58.76,37.0,2.0,5.0,45.4822,45.2321,-0.2501,187.392
58.77,37.0,2.0,5.0,45.4822,45.2308,-0.2514,185.828
58.78,37.0,2.0,5.0,45.4822,45.2334,-0.2488,190.658
58.79,37.0,2.0,5.0,45.4822,45.2386,-0.2436,189.995
58.8,37.0,2.0,5.0,45.4822,45.2373,-0.2449,188.742
58.81,37.0,2.0,5.0,45.4822,45.2399,-0.2423,188.627
58.82,37.0,2.0,5.0,45.4822,45.2451,-0.2371,185.307
58.83,37.0,2.0,5.0,45.4822,45.2438,-0.2384,185.002
58.84,37.0,2.0,5.0,45.4822,45.2438,-0.2384,191.599
58.85,37.0,2.0,5.0,45.4822,45.2464,-0.2358,191.909
58.86,37.0,2.0,5.0,45.4822,45.2491,-0.2331,186.837
58.87,37.0,2.0,5.0,45.4822,45.2464,-0.2358,186.946
58.88,37.0,2.0,5.0,45.4822,45.2464,-0.2358,189.206
58.89,37.0,2.0,5.0,45.4822,45.2504,-0.2318,188.964
58.9,37.0,2.0,5.0,45.4822,45.2517,-0.2305,189.043
58.91,37.0,2.0,5.0,45.4822,45.2504,-0.2318,190.247
58.92,37.0,2.0,5.0,45.4822,45.2504,-0.2318,189.242
58.93,37.0,2.0,5.0,45.4822,45.2464,-0.2358,187.55
58.94,37.0,2.0,5.0,45.4822,45.2451,-0.2371,187.615
58.95,37.0,2.0,5.0,45.4822,45.2451,-0.2371,188.557
58.96,37.0,2.0,5.0,45.4822,45.2504,-0.2318,189.013
58.97,37.0,2.0,5.0,45.4822,45.2517,-0.2305,189.89
58.98,37.0,2.0,5.0,45.4822,45.2491,-0.2331,189.011
58.99,37.0,2.0,5.0,45.4822,45.2451,-0.2371,187.226
59.0,37.0,2.0,5.0,45.4822,45.2464,-0.2358,187.712
59.01,7.0,0.0,8.0,51.9742,45.2504,-6.7238,168.1
59.02,7.0,0.0,8.0,51.9742,45.4538,-6.5204,2.234
59.03,7.0,0.0,8.0,51.9742,45.7812,-6.193,-0.066
59.04,7.0,0.0,8.0,51.9742,46.6563,-5.3179,-0.256
59.05,7.0,0.0,8.0,51.9742,47.6306,-4.3436,-0.129
59.06,7.0,0.0,8.0,51.9742,48.6453,-3.3289,-0.146
59.07,7.0,0.0,8.0,51.9742,49.7187,-2.2555,-0.306
59.08,7.0,0.0,8.0,51.9742,50.7478,-1.2264,0.164
59.09,7.0,0.0,8.0,51.9742,51.9098,-0.0644,-0.194
59.1,7.0,0.0,8.0,51.9742,52.9858,1.0116,-0.145
59.11,7.0,0.0,8.0,51.9742,53.0993,1.1251,0.113
59.12,7.0,0.0,8.0,51.9742,53.1123,1.1381,0.017
59.13,7.0,0.0,8.0,51.9742,53.1097,1.1355,0.099
59.14,7.0,0.0,8.0,51.9742,53.1163,1.1421,0.146
59.15,7.0,0.0,8.0,51.9742,53.1189,1.1447,0.034
59.16,7.0,0.0,8.0,51.9742,53.1332,1.159,0.033
59.17,7.0,0.0,8.0,51.9742,53.1345,1.1603,0.147
59.18,7.0,0.0,8.0,51.9742,53.1397,1.1655,0.099
59.19,7.0,0.0,8.0,51.9742,53.1345,1.1603,-0.031
59.2,7.0,0.0,8.0,51.9742,53.1345,1.1603,-0.014
59.21,7.0,0.0,8.0,51.9742,53.1254,1.1512,0.082
59.22,7.0,0.0,8.0,51.9742,53.1137,1.1395,0.05
59.23,7.0,0.0,8.0,51.9742,53.1084,1.1342,0.033
59.24,7.0,0.0,8.0,51.9742,53.1058,1.1316,0.292
59.25,7.0,0.0,8.0,51.9742,53.1058,1.1316,0.082
59.26,3.0,3.0,0.0,52.8398,53.1071,0.2673,0.132
59.27,3.0,3.0,0.0,52.8398,53.111,0.2712,0.309
59.28,3.0,3.0,0.0,52.8398,53.115,0.2752,0.032
59.29,3.0,3.0,0.0,52.8398,53.1163,0.2765,-0.015
59.3,3.0,3.0,0.0,52.8398,53.1202,0.2804,0.147
59.31,3.0,3.0,0.0,52.8398,53.1189,0.2791,0.131
59.32,3.0,3.0,0.0,52.8398,53.1215,0.2817,0.18
59.33,3.0,3.0,0.0,52.8398,53.1215,0.2817,0.05
59.34,3.0,3.0,0.0,52.8398,53.1202,0.2804,0.082
59.35,3.0,3.0,0.0,52.8398,53.1176,0.2778,0.179
59.36,3.0,3.0,0.0,52.8398,53.115,0.2752,0.002
59.37,3.0,3.0,0.0,52.8398,53.1123,0.2725,0.229
59.38,3.0,3.0,0.0,52.8398,53.115,0.2752,0.083
59.39,3.0,3.0,0.0,52.8398,53.1163,0.2765,0.05
59.4,3.0,3.0,0.0,52.8398,53.1176,0.2778,0.195
59.41,3.0,3.0,0.0,52.8398,53.1189,0.2791,0.098
59.42,3.0,3.0,0.0,52.8398,53.1202,0.2804,0.099
59.43,3.0,3.0,0.0,52.8398,53.1215,0.2817,0.082
59.44,3.0,3.0,0.0,52.8398,53.1228,0.283,0.051
59.45,3.0,3.0,0.0,52.8398,53.1215,0.2817,0.098
59.46,3.0,3.0,0.0,52.8398,53.1202,0.2804,0.163
59.47,3.0,3.0,0.0,52.8398,53.1163,0.2765,0.001
59.48,3.0,3.0,0.0,52.8398,53.1137,0.2739,0.114
59.49,3.0,3.0,0.0,52.8398,53.1123,0.2725,0.245
59.5,3.0,3.0,0.0,52.8398,53.1137,0.2739,0.342
59.51,3.0,3.0,0.0,52.8398,53.115,0.2752,0.115
59.52,3.0,3.0,0.0,52.8398,53.1163,0.2765,0.23
59.53,3.0,3.0,0.0,52.8398,53.1189,0.2791,0.147
59.54,3.0,3.0,0.0,52.8398,53.1189,0.2791,0.033
59.55,3.0,3.0,0.0,52.8398,53.1202,0.2804,0.164
59.56,3.0,3.0,0.0,52.8398,53.1202,0.2804,0.244
59.57,3.0,3.0,0.0,52.8398,53.1215,0.2817,0.115
59.58,3.0,3.0,0.0,52.8398,53.1202,0.2804,0.098
59.59,3.0,3.0,0.0,52.8398,53.1189,0.2791,0.148
59.6,3.0,3.0,0.0,52.8398,53.1163,0.2765,0.211
59.61,3.0,3.0,0.0,52.8398,53.115,0.2752,0.131
59.62,3.0,3.0,0.0,52.8398,53.1163,0.2765,0.164
59.63,3.0,3.0,0.0,52.8398,53.1163,0.2765,0.179
59.64,3.0,3.0,0.0,52.8398,53.1176,0.2778,0.001
59.65,3.0,3.0,0.0,52.8398,53.1189,0.2791,0.147
59.66,3.0,3.0,0.0,52.8398,53.1189,0.2791,0.228
59.67,3.0,3.0,0.0,52.8398,53.1189,0.2791,0.05
59.68,3.0,3.0,0.0,52.8398,53.1176,0.2778,0.228
59.69,3.0,3.0,0.0,52.8398,53.1163,0.2765,0.228
59.7,3.0,3.0,0.0,52.8398,53.1163,0.2765,0.179
59.71,3.0,3.0,0.0,52.8398,53.1163,0.2765,0.244
59.72,3.0,3.0,0.0,52.8398,53.1163,0.2765,0.213
59.73,3.0,3.0,0.0,52.8398,53.1163,0.2765,0.213
59.74,3.0,3.0,0.0,52.8398,53.1163,0.2765,0.245
59.75,3.0,3.0,0.0,52.8398,53.115,0.2752,0.31
59.76,3.0,3.0,0.0,52.8398,53.115,0.2752,0.178
59.77,3.0,3.0,0.0,52.8398,53.115,0.2752,0.131
59.78,3.0,3.0,0.0,52.8398,53.1176,0.2778,0.162
59.79,3.0,3.0,0.0,52.8398,53.1176,0.2778,0.196
59.8,3.0,3.0,0.0,52.8398,53.1189,0.2791,0.131
59.81,3.0,3.0,0.0,52.8398,53.1176,0.2778,0.13
59.82,3.0,3.0,0.0,52.8398,53.1163,0.2765,0.245
59.83,3.0,3.0,0.0,52.8398,53.1176,0.2778,0.212
59.84,3.0,3.0,0.0,52.8398,53.115,0.2752,0.18
59.85,3.0,3.0,0.0,52.8398,53.115,0.2752,0.212
59.86,3.0,3.0,0.0,52.8398,53.1137,0.2739,0.277
59.87,3.0,3.0,0.0,52.8398,53.1137,0.2739,0.196
59.88,3.0,3.0,0.0,52.8398,53.115,0.2752,0.164
59.89,3.0,3.0,0.0,52.8398,53.115,0.2752,0.18
59.9,3.0,3.0,0.0,52.8398,53.1176,0.2778,0.309
59.91,3.0,3.0,0.0,52.8398,53.1176,0.2778,0.229
59.92,3.0,3.0,0.0,52.8398,53.1176,0.2778,0.164
59.93,3.0,3.0,0.0,52.8398,53.115,0.2752,0.049
59.94,3.0,3.0,0.0,52.8398,53.115,0.2752,0.194
59.95,3.0,3.0,0.0,52.8398,53.1137,0.2739,0.131
59.96,3.0,3.0,0.0,52.8398,53.1123,0.2725,0.293
59.97,3.0,3.0,0.0,52.8398,53.111,0.2712,0.309
59.98,3.0,3.0,0.0,52.8398,53.111,0.2712,0.18
59.99,3.0,3.0,0.0,52.8398,53.1123,0.2725,0.212
60.0,3.0,3.0,0.0,52.8398,53.1137,0.2739,0.178
60.01,3.0,3.0,0.0,52.8398,53.1163,0.2765,0.275
60.02,3.0,3.0,0.0,52.8398,53.1176,0.2778,0.165
60.03,3.0,3.0,0.0,52.8398,53.1176,0.2778,0.228
60.04,3.0,3.0,0.0,52.8398,53.115,0.2752,0.116
60.05,3.0,3.0,0.0,52.8398,53.115,0.2752,0.26
60.06,3.0,3.0,0.0,52.8398,53.1123,0.2725,0.228
60.07,3.0,3.0,0.0,52.8398,53.1123,0.2725,0.244
60.08,3.0,3.0,0.0,52.8398,53.111,0.2712,0.309
60.09,17.0,0.0,8.0,49.8102,53.0928,3.2826,0.148
60.1,17.0,0.0,8.0,49.8102,52.8671,3.0569,0.325
60.11,17.0,0.0,8.0,49.8102,52.4498,2.6396,0.18
60.12,17.0,0.0,8.0,49.8102,52.0311,2.2209,0.244
60.13,17.0,0.0,8.0,49.8102,51.5603,1.7501,0.229
60.14,17.0,0.0,8.0,49.8102,51.1012,1.291,0.197
60.15,17.0,0.0,8.0,49.8102,50.6121,0.8019,0.293
60.16,17.0,0.0,8.0,49.8102,50.1387,0.3285,0.293
60.17,17.0,0.0,8.0,49.8102,49.6757,-0.1345,0.18
60.18,17.0,0.0,8.0,49.8102,49.1957,-0.6145,0.26
60.19,17.0,0.0,8.0,49.8102,48.7314,-1.0788,0.325
60.2,17.0,0.0,8.0,49.8102,48.254,-1.5562,0.325
60.21,17.0,0.0,8.0,49.8102,47.7728,-2.0374,0.373
60.22,17.0,0.0,8.0,49.8102,47.2993,-2.5109,0.087
60.23,17.0,0.0,8.0,49.8102,46.8989,-2.9113,-0.422
60.24,17.0,0.0,8.0,49.8102,46.4998,-3.3104,-0.366
60.25,17.0,0.0,8.0,49.8102,46.0642,-3.746,-0.042
60.26,17.0,0.0,8.0,49.8102,45.6234,-4.1868,21.574
60.27,17.0,0.0,8.0,49.8102,45.5008,-4.3094,73.916
60.28,17.0,0.0,8.0,49.8102,45.4043,-4.4059,117.742
60.29,17.0,0.0,8.0,49.8102,45.3404,-4.4698,137.992
60.3,17.0,0.0,8.0,49.8102,45.3208,-4.4894,136.596
60.31,17.0,0.0,8.0,49.8102,45.3208,-4.4894,136.486
60.32,17.0,0.0,8.0,49.8102,45.3221,-4.4881,140.19
60.33,36.0,2.0,3.0,45.6986,45.3234,-0.3752,142.907
60.34,36.0,2.0,3.0,45.6986,45.3273,-0.3713,142.111
60.35,36.0,2.0,3.0,45.6986,45.3286,-0.37,140.902
60.36,36.0,2.0,3.0,45.6986,45.326,-0.3726,139.276
60.37,36.0,2.0,3.0,45.6986,45.3247,-0.3739,139.178
60.38,36.0,2.0,3.0,45.6986,45.3286,-0.37,141.958
60.39,36.0,2.0,3.0,45.6986,45.3299,-0.3687,143.422
60.4,36.0,2.0,3.0,45.6986,45.3273,-0.3713,141.357
60.41,36.0,2.0,3.0,45.6986,45.3273,-0.3713,139.42
60.42,36.0,2.0,3.0,45.6986,45.3273,-0.3713,139.614
60.43,36.0,2.0,3.0,45.6986,45.3286,-0.37,141.337
60.44,36.0,2.0,3.0,45.6986,45.3338,-0.3648,142.281
60.45,36.0,2.0,3.0,45.6986,45.3351,-0.3635,142.637
60.46,36.0,2.0,3.0,45.6986,45.3325,-0.3661,141.662
60.47,36.0,2.0,3.0,45.6986,45.3286,-0.37,140.329
60.48,36.0,2.0,3.0,45.6986,45.3286,-0.37,140.166
60.49,36.0,2.0,3.0,45.6986,45.3299,-0.3687,140.882
60.5,36.0,2.0,3.0,45.6986,45.3312,-0.3674,142.183
60.51,36.0,2.0,3.0,45.6986,45.3351,-0.3635,142.02
60.52,36.0,2.0,3.0,45.6986,45.3338,-0.3648,141.515
60.53,36.0,2.0,3.0,45.6986,45.3312,-0.3674,140.476
60.54,36.0,2.0,3.0,45.6986,45.3299,-0.3687,140.134
60.55,36.0,2.0,3.0,45.6986,45.3299,-0.3687,141.061
60.56,36.0,2.0,3.0,45.6986,45.3312,-0.3674,141.535
60.57,36.0,2.0,3.0,45.6986,45.3325,-0.3661,141.304
60.58,36.0,2.0,3.0,45.6986,45.3325,-0.3661,140.362
60.59,36.0,2.0,3.0,45.6986,45.3299,-0.3687,140.247
60.6,36.0,2.0,3.0,45.6986,45.3312,-0.3674,139.565
60.61,36.0,2.0,3.0,45.6986,45.3299,-0.3687,139.402
60.62,36.0,2.0,3.0,45.6986,45.3286,-0.37,140.28
60.63,36.0,2.0,3.0,45.6986,45.3299,-0.3687,139.811
60.64,36.0,2.0,3.0,45.6986,45.3299,-0.3687,139.093
60.65,36.0,2.0,3.0,45.6986,45.3299,-0.3687,139.272
60.66,36.0,2.0,3.0,45.6986,45.3312,-0.3674,137.286
60.67,4.0,0.0,6.0,52.6234,45.4421,-7.1813,11.951
60.68,4.0,0.0,6.0,52.6234,45.7486,-6.8748,-0.01
60.69,4.0,0.0,6.0,52.6234,46.6407,-5.9827,0.53
60.7,4.0,0.0,6.0,52.6234,47.6671,-4.9563,-0.646
60.71,4.0,0.0,6.0,52.6234,48.6323,-3.9911,0.018
60.72,4.0,0.0,6.0,52.6234,49.677,-2.9464,0.289
60.73,4.0,0.0,6.0,52.6234,50.7804,-1.843,-0.065
60.74,4.0,0.0,6.0,52.6234,51.902,-0.7214,-0.064
60.75,4.0,0.0,6.0,52.6234,52.8998,0.2764,0.324
60.76,4.0,0.0,6.0,52.6234,53.1006,0.4772,-0.324
60.77,4.0,0.0,6.0,52.6234,53.1254,0.502,0.146
60.78,4.0,0.0,6.0,52.6234,53.1267,0.5033,0.017
60.79,4.0,0.0,6.0,52.6234,53.1319,0.5085,-0.13
60.8,4.0,0.0,6.0,52.6234,53.1332,0.5098,0.226
60.81,4.0,0.0,6.0,52.6234,53.1345,0.5111,-0.259
60.82,4.0,0.0,6.0,52.6234,53.1371,0.5137,0.001
60.83,4.0,0.0,6.0,52.6234,53.1332,0.5098,0.147
60.84,4.0,0.0,6.0,52.6234,53.1267,0.5033,-0.064
60.85,4.0,0.0,6.0,52.6234,53.1176,0.4942,0.242
60.86,4.0,0.0,6.0,52.6234,53.1123,0.4889,0.212
60.87,4.0,0.0,6.0,52.6234,53.1123,0.4889,0.065
60.88,4.0,0.0,6.0,52.6234,53.111,0.4876,0.178
60.89,4.0,0.0,6.0,52.6234,53.1123,0.4889,-0.161
60.9,4.0,0.0,6.0,52.6234,53.1123,0.4889,0.082
60.91,3.0,3.0,0.0,52.8398,53.1123,0.2725,0.034
60.92,3.0,3.0,0.0,52.8398,53.1189,0.2791,0.13
60.93,3.0,3.0,0.0,52.8398,53.1254,0.2856,0.227
60.94,3.0,3.0,0.0,52.8398,53.1267,0.2869,0.034
60.95,3.0,3.0,0.0,52.8398,53.1254,0.2856,0.083
60.96,3.0,3.0,0.0,52.8398,53.1241,0.2843,0.0
60.97,3.0,3.0,0.0,52.8398,53.1228,0.283,0.098
60.98,3.0,3.0,0.0,52.8398,53.1241,0.2843,0.162
60.99,3.0,3.0,0.0,52.8398,53.1254,0.2856,0.082
61.0,3.0,3.0,0.0,52.8398,53.1254,0.2856,0.308
61.01,3.0,3.0,0.0,52.8398,53.1254,0.2856,0.261
61.02,3.0,3.0,0.0,52.8398,53.1267,0.2869,0.211
61.03,3.0,3.0,0.0,52.8398,53.128,0.2882,0.098
61.04,3.0,3.0,0.0,52.8398,53.128,0.2882,0.113
61.05,3.0,3.0,0.0,52.8398,53.128,0.2882,0.049
61.06,3.0,3.0,0.0,52.8398,53.1267,0.2869,-0.048
61.07,3.0,3.0,0.0,52.8398,53.1254,0.2856,0.244
61.08,3.0,3.0,0.0,52.8398,53.1241,0.2843,0.033
61.09,3.0,3.0,0.0,52.8398,53.1228,0.283,0.033
61.1,3.0,3.0,0.0,52.8398,53.1241,0.2843,0.163
61.11,3.0,3.0,0.0,52.8398,53.1241,0.2843,0.082
61.12,3.0,3.0,0.0,52.8398,53.1241,0.2843,0.292
61.13,3.0,3.0,0.0,52.8398,53.1241,0.2843,0.179
61.14,3.0,3.0,0.0,52.8398,53.1241,0.2843,-0.176
61.15,3.0,3.0,0.0,52.8398,53.1267,0.2869,0.26
61.16,3.0,3.0,0.0,52.8398,53.1267,0.2869,0.001
61.17,3.0,3.0,0.0,52.8398,53.1267,0.2869,0.212
61.18,3.0,3.0,0.0,52.8398,53.1241,0.2843,0.213
61.19,3.0,3.0,0.0,52.8398,53.1241,0.2843,0.211
61.2,3.0,3.0,0.0,52.8398,53.1228,0.283,0.21
61.21,3.0,3.0,0.0,52.8398,53.1228,0.283,-0.017
61.22,3.0,3.0,0.0,52.8398,53.1228,0.283,0.13
61.23,3.0,3.0,0.0,52.8398,53.1241,0.2843,0.194
61.24,3.0,3.0,0.0,52.8398,53.1241,0.2843,0.147
61.25,3.0,3.0,0.0,52.8398,53.1241,0.2843,0.261
61.26,3.0,3.0,0.0,52.8398,53.1241,0.2843,0.112
61.27,3.0,3.0,0.0,52.8398,53.1254,0.2856,-0.031
61.28,3.0,3.0,0.0,52.8398,53.1254,0.2856,0.195
61.29,3.0,3.0,0.0,52.8398,53.1254,0.2856,0.066
61.3,3.0,3.0,0.0,52.8398,53.1241,0.2843,0.066
61.31,3.0,3.0,0.0,52.8398,53.1228,0.283,0.064
61.32,3.0,3.0,0.0,52.8398,53.1215,0.2817,0.195
61.33,3.0,3.0,0.0,52.8398,53.1215,0.2817,0.178
61.34,3.0,3.0,0.0,52.8398,53.1215,0.2817,0.099
61.35,3.0,3.0,0.0,52.8398,53.1228,0.283,0.276
61.36,3.0,3.0,0.0,52.8398,53.1228,0.283,0.034
61.37,3.0,3.0,0.0,52.8398,53.1228,0.283,0.212
61.38,3.0,3.0,0.0,52.8398,53.1241,0.2843,0.244
61.39,3.0,3.0,0.0,52.8398,53.1241,0.2843,0.164
61.4,3.0,3.0,0.0,52.8398,53.1241,0.2843,0.292
61.41,3.0,3.0,0.0,52.8398,53.1228,0.283,0.131
61.42,3.0,3.0,0.0,52.8398,53.1228,0.283,0.179
61.43,3.0,3.0,0.0,52.8398,53.1228,0.283,0.192
61.44,3.0,3.0,0.0,52.8398,53.1215,0.2817,0.13
61.45,3.0,3.0,0.0,52.8398,53.1215,0.2817,0.211
61.46,3.0,3.0,0.0,52.8398,53.1228,0.283,0.049
61.47,3.0,3.0,0.0,52.8398,53.1228,0.283,0.323
61.48,3.0,3.0,0.0,52.8398,53.1202,0.2804,0.275
61.49,3.0,3.0,0.0,52.8398,53.1215,0.2817,0.098
61.5,3.0,3.0,0.0,52.8398,53.1215,0.2817,0.113
61.51,3.0,3.0,0.0,52.8398,53.1228,0.283,0.097
61.52,3.0,3.0,0.0,52.8398,53.1241,0.2843,0.243
61.53,3.0,3.0,0.0,52.8398,53.1228,0.283,0.164
61.54,3.0,3.0,0.0,52.8398,53.1228,0.283,0.05
61.55,3.0,3.0,0.0,52.8398,53.1215,0.2817,0.291
61.56,3.0,3.0,0.0,52.8398,53.1215,0.2817,0.147
61.57,3.0,3.0,0.0,52.8398,53.1215,0.2817,0.257
61.58,3.0,3.0,0.0,52.8398,53.1202,0.2804,0.277
61.59,3.0,3.0,0.0,52.8398,53.1215,0.2817,0.066
61.6,3.0,3.0,0.0,52.8398,53.1215,0.2817,0.212
61.61,3.0,3.0,0.0,52.8398,53.1228,0.283,0.147
61.62,3.0,3.0,0.0,52.8398,53.1215,0.2817,0.049
61.63,3.0,3.0,0.0,52.8398,53.1202,0.2804,0.161
61.64,3.0,3.0,0.0,52.8398,53.1202,0.2804,0.275
61.65,3.0,3.0,0.0,52.8398,53.1228,0.283,0.356
61.66,3.0,3.0,0.0,52.8398,53.1202,0.2804,0.196
61.67,3.0,3.0,0.0,52.8398,53.1202,0.2804,0.292
61.68,3.0,3.0,0.0,52.8398,53.1202,0.2804,0.097
61.69,3.0,3.0,0.0,52.8398,53.1202,0.2804,0.099
61.7,3.0,3.0,0.0,52.8398,53.1202,0.2804,0.131
61.71,3.0,3.0,0.0,52.8398,53.1202,0.2804,0.13
61.72,3.0,3.0,0.0,52.8398,53.1215,0.2817,0.098
61.73,3.0,3.0,0.0,52.8398,53.1202,0.2804,0.26
61.74,3.0,3.0,0.0,52.8398,53.1058,0.266,0.098
61.75,19.0,0.0,8.0,49.3774,52.8998,3.5224,0.162
61.76,19.0,0.0,8.0,49.3774,52.4511,3.0737,0.163
61.77,19.0,0.0,8.0,49.3774,52.0481,2.6707,0.292
61.78,19.0,0.0,8.0,49.3774,51.5929,2.2155,0.39
61.79,19.0,0.0,8.0,49.3774,51.1403,1.7629,0.261
61.8,19.0,0.0,8.0,49.3774,50.6499,1.2725,0.13
61.81,19.0,0.0,8.0,49.3774,50.1882,0.8108,0.115
61.82,19.0,0.0,8.0,49.3774,49.7135,0.3361,0.26
61.83,19.0,0.0,8.0,49.3774,49.2322,-0.1452,0.212
61.84,19.0,0.0,8.0,49.3774,48.7796,-0.5978,0.081
61.85,19.0,0.0,8.0,49.3774,48.2958,-1.0816,0.245
61.86,19.0,0.0,8.0,49.3774,47.8093,-1.5681,0.242
61.87,19.0,0.0,8.0,49.3774,47.3398,-2.0376,0.946
61.88,19.0,0.0,8.0,49.3774,46.9289,-2.4485,-0.277
61.89,19.0,0.0,8.0,49.3774,46.5533,-2.8241,-0.577
61.9,19.0,0.0,8.0,49.3774,46.0994,-3.278,-0.011
61.91,19.0,0.0,8.0,49.3774,45.6442,-3.7332,18.483
61.92,19.0,0.0,8.0,49.3774,45.5125,-3.8649,68.798
61.93,19.0,0.0,8.0,49.3774,45.4173,-3.9601,115.135
61.94,19.0,0.0,8.0,49.3774,45.3443,-4.0331,139.497
61.95,19.0,0.0,8.0,49.3774,45.3208,-4.0566,137.437
61.96,19.0,0.0,8.0,49.3774,45.3208,-4.0566,137.196
61.97,19.0,0.0,8.0,49.3774,45.3221,-4.0553,141.033
61.98,19.0,0.0,8.0,49.3774,45.3234,-4.054,143.554
61.99,36.0,2.0,3.0,45.6986,45.326,-0.3726,143.033
62.0,36.0,2.0,3.0,45.6986,45.3286,-0.37,142.022
62.01,36.0,2.0,3.0,45.6986,45.3273,-0.3713,140.118
62.02,36.0,2.0,3.0,45.6986,45.326,-0.3726,140.101
62.03,36.0,2.0,3.0,45.6986,45.3299,-0.3687,142.721
62.04,36.0,2.0,3.0,45.6986,45.3312,-0.3674,144.409
62.05,36.0,2.0,3.0,45.6986,45.3312,-0.3674,142.831
62.06,36.0,2.0,3.0,45.6986,45.3273,-0.3713,140.102
62.07,36.0,2.0,3.0,45.6986,45.3286,-0.37,140.439
62.08,36.0,2.0,3.0,45.6986,45.3299,-0.3687,142.064
62.09,36.0,2.0,3.0,45.6986,45.3364,-0.3622,143.432
62.1,36.0,2.0,3.0,45.6986,45.3364,-0.3622,143.723
62.11,36.0,2.0,3.0,45.6986,45.3325,-0.3661,142.261
62.12,36.0,2.0,3.0,45.6986,45.3299,-0.3687,141.253
62.13,36.0,2.0,3.0,45.6986,45.3312,-0.3674,141.057
62.14,36.0,2.0,3.0,45.6986,45.3325,-0.3661,141.918
62.15,36.0,2.0,3.0,45.6986,45.3351,-0.3635,143.073
62.16,36.0,2.0,3.0,45.6986,45.3364,-0.3622,143.106
62.17,36.0,2.0,3.0,45.6986,45.3351,-0.3635,142.648
62.18,36.0,2.0,3.0,45.6986,45.3325,-0.3661,141.286
62.19,36.0,2.0,3.0,45.6986,45.3312,-0.3674,140.944
62.2,36.0,2.0,3.0,45.6986,45.3325,-0.3661,142.016
62.21,36.0,2.0,3.0,45.6986,45.3338,-0.3648,142.537
62.22,36.0,2.0,3.0,45.6986,45.3338,-0.3648,142.195
62.23,36.0,2.0,3.0,45.6986,45.3338,-0.3648,141.399
62.24,36.0,2.0,3.0,45.6986,45.3312,-0.3674,140.57
62.25,36.0,2.0,3.0,45.6986,45.3325,-0.3661,139.82
62.26,36.0,2.0,3.0,45.6986,45.3312,-0.3674,140.132
62.27,36.0,2.0,3.0,45.6986,45.3299,-0.3687,141.285
62.28,36.0,2.0,3.0,45.6986,45.3312,-0.3674,140.895
62.29,36.0,2.0,3.0,45.6986,45.3312,-0.3674,140.016
62.3,36.0,2.0,3.0,45.6986,45.3312,-0.3674,140.016
62.31,36.0,2.0,3.0,45.6986,45.3312,-0.3674,140.244
62.32,36.0,2.0,3.0,45.6986,45.3325,-0.3661,140.2
62.33,4.0,0.0,6.0,52.6234,45.429,-7.1944,7.421
62.34,4.0,0.0,6.0,52.6234,45.7525,-6.8709,0.565
62.35,4.0,0.0,6.0,52.6234,46.6042,-6.0192,0.435
62.36,4.0,0.0,6.0,52.6234,47.6215,-5.0019,-0.711
62.37,4.0,0.0,6.0,52.6234,48.5827,-4.0407,0.277
62.38,4.0,0.0,6.0,52.6234,49.6378,-2.9856,0.145
62.39,4.0,0.0,6.0,52.6234,50.7686,-1.8548,-0.388
62.4,4.0,0.0,6.0,52.6234,51.8655,-0.7579,0.276
62.41,4.0,0.0,6.0,52.6234,52.8893,0.2659,0.065
62.42,4.0,0.0,6.0,52.6234,53.0863,0.4629,-0.112
62.43,4.0,0.0,6.0,52.6234,53.1306,0.5072,0.34
62.44,4.0,0.0,6.0,52.6234,53.1267,0.5033,0.131
62.45,4.0,0.0,6.0,52.6234,53.1215,0.4981,0.129
62.46,4.0,0.0,6.0,52.6234,53.1306,0.5072,0.114
62.47,4.0,0.0,6.0,52.6234,53.1345,0.5111,-0.177
62.48,4.0,0.0,6.0,52.6234,53.1358,0.5124,0.097
62.49,4.0,0.0,6.0,52.6234,53.1306,0.5072,0.179
62.5,4.0,0.0,6.0,52.6234,53.1176,0.4942,0.357
62.51,4.0,0.0,6.0,52.6234,53.1137,0.4903,0.227
62.52,4.0,0.0,6.0,52.6234,53.1163,0.4929,0.082
62.53,4.0,0.0,6.0,52.6234,53.1097,0.4863,0.05
62.54,4.0,0.0,6.0,52.6234,53.111,0.4876,0.001
62.55,4.0,0.0,6.0,52.6234,53.1097,0.4863,0.178
62.56,4.0,0.0,6.0,52.6234,53.111,0.4876,0.212
62.57,3.0,3.0,0.0,52.8398,53.111,0.2712,0.308
62.58,3.0,3.0,0.0,52.8398,53.1176,0.2778,0.082
62.59,3.0,3.0,0.0,52.8398,53.1202,0.2804,0.146
62.6,3.0,3.0,0.0,52.8398,53.1228,0.283,0.18
62.61,3.0,3.0,0.0,52.8398,53.1215,0.2817,-0.015
62.62,3.0,3.0,0.0,52.8398,53.1215,0.2817,0.245
62.63,3.0,3.0,0.0,52.8398,53.1202,0.2804,0.017
62.64,3.0,3.0,0.0,52.8398,53.1215,0.2817,0.033
62.65,3.0,3.0,0.0,52.8398,53.1241,0.2843,0.243
62.66,3.0,3.0,0.0,52.8398,53.1254,0.2856,0.164
62.67,3.0,3.0,0.0,52.8398,53.1267,0.2869,0.082
62.68,3.0,3.0,0.0,52.8398,53.1254,0.2856,-0.048
62.69,3.0,3.0,0.0,52.8398,53.1267,0.2869,0.016
62.7,3.0,3.0,0.0,52.8398,53.1254,0.2856,0.211
62.71,3.0,3.0,0.0,52.8398,53.1254,0.2856,0.065
62.72,3.0,3.0,0.0,52.8398,53.1241,0.2843,0.179
62.73,3.0,3.0,0.0,52.8398,53.1228,0.283,0.213
62.74,3.0,3.0,0.0,52.8398,53.1228,0.283,0.244
62.75,3.0,3.0,0.0,52.8398,53.1241,0.2843,0.193
62.76,3.0,3.0,0.0,52.8398,53.1241,0.2843,0.193
62.77,3.0,3.0,0.0,52.8398,53.1254,0.2856,0.081
62.78,3.0,3.0,0.0,52.8398,53.1241,0.2843,0.146
62.79,3.0,3.0,0.0,52.8398,53.1228,0.283,0.066
62.8,3.0,3.0,0.0,52.8398,53.1241,0.2843,0.212
62.81,3.0,3.0,0.0,52.8398,53.1241,0.2843,0.129
62.82,3.0,3.0,0.0,52.8398,53.1267,0.2869,0.178
62.83,3.0,3.0,0.0,52.8398,53.1254,0.2856,0.161
62.84,3.0,3.0,0.0,52.8398,53.1241,0.2843,0.178
62.85,3.0,3.0,0.0,52.8398,53.1215,0.2817,0.148
62.86,3.0,3.0,0.0,52.8398,53.1228,0.283,0.099
62.87,3.0,3.0,0.0,52.8398,53.1241,0.2843,0.227
62.88,3.0,3.0,0.0,52.8398,53.1254,0.2856,0.033
62.89,3.0,3.0,0.0,52.8398,53.1254,0.2856,0.065
62.9,3.0,3.0,0.0,52.8398,53.1241,0.2843,0.146
62.91,3.0,3.0,0.0,52.8398,53.1228,0.283,0.067
62.92,3.0,3.0,0.0,52.8398,53.1228,0.283,0.261
62.93,3.0,3.0,0.0,52.8398,53.1215,0.2817,0.21
62.94,3.0,3.0,0.0,52.8398,53.1228,0.283,0.13
62.95,3.0,3.0,0.0,52.8398,53.1228,0.283,0.08
62.96,3.0,3.0,0.0,52.8398,53.1228,0.283,-0.081
62.97,3.0,3.0,0.0,52.8398,53.1228,0.283,0.146
62.98,3.0,3.0,0.0,52.8398,53.1228,0.283,0.196
62.99,3.0,3.0,0.0,52.8398,53.1228,0.283,0.228
63.0,3.0,3.0,0.0,52.8398,53.1215,0.2817,0.162
63.01,3.0,3.0,0.0,52.8398,53.1215,0.2817,0.226
63.02,3.0,3.0,0.0,52.8398,53.1215,0.2817,0.179
63.03,3.0,3.0,0.0,52.8398,53.1202,0.2804,0.292
63.04,3.0,3.0,0.0,52.8398,53.1215,0.2817,0.083
63.05,3.0,3.0,0.0,52.8398,53.1241,0.2843,0.131
63.06,3.0,3.0,0.0,52.8398,53.1241,0.2843,0.033
63.07,3.0,3.0,0.0,52.8398,53.1228,0.283,0.226
63.08,3.0,3.0,0.0,52.8398,53.1228,0.283,0.276
63.09,3.0,3.0,0.0,52.8398,53.1241,0.2843,0.228
63.1,3.0,3.0,0.0,52.8398,53.1228,0.283,0.293
63.11,3.0,3.0,0.0,52.8398,53.1228,0.283,0.083
63.12,3.0,3.0,0.0,52.8398,53.1228,0.283,0.277
63.13,3.0,3.0,0.0,52.8398,53.1202,0.2804,0.196
63.14,3.0,3.0,0.0,52.8398,53.1189,0.2791,0.276
63.15,3.0,3.0,0.0,52.8398,53.1202,0.2804,0.292
63.16,3.0,3.0,0.0,52.8398,53.1228,0.283,0.067
63.17,3.0,3.0,0.0,52.8398,53.1228,0.283,0.26
63.18,3.0,3.0,0.0,52.8398,53.1228,0.283,0.001
63.19,3.0,3.0,0.0,52.8398,53.1228,0.283,0.034
63.2,3.0,3.0,0.0,52.8398,53.1202,0.2804,0.308
63.21,3.0,3.0,0.0,52.8398,53.1215,0.2817,0.195
63.22,3.0,3.0,0.0,52.8398,53.1202,0.2804,0.098
63.23,3.0,3.0,0.0,52.8398,53.1202,0.2804,0.146
63.24,3.0,3.0,0.0,52.8398,53.1202,0.2804,0.0
63.25,3.0,3.0,0.0,52.8398,53.1189,0.2791,0.34
63.26,3.0,3.0,0.0,52.8398,53.1202,0.2804,0.193
63.27,3.0,3.0,0.0,52.8398,53.1202,0.2804,0.18
63.28,3.0,3.0,0.0,52.8398,53.1215,0.2817,0.39
63.29,3.0,3.0,0.0,52.8398,53.1215,0.2817,0.034
63.3,3.0,3.0,0.0,52.8398,53.1228,0.283,0.324
63.31,3.0,3.0,0.0,52.8398,53.1215,0.2817,0.065
63.32,3.0,3.0,0.0,52.8398,53.1202,0.2804,0.212
63.33,3.0,3.0,0.0,52.8398,53.1202,0.2804,0.309
63.34,3.0,3.0,0.0,52.8398,53.1202,0.2804,0.164
63.35,3.0,3.0,0.0,52.8398,53.1202,0.2804,0.18
63.36,3.0,3.0,0.0,52.8398,53.1202,0.2804,0.26
63.37,3.0,3.0,0.0,52.8398,53.1189,0.2791,0.244
63.38,3.0,3.0,0.0,52.8398,53.1189,0.2791,0.05
63.39,3.0,3.0,0.0,52.8398,53.1189,0.2791,0.228
63.4,3.0,3.0,0.0,52.8398,53.0028,0.163,0.276
63.41,37.0,0.0,75.0,45.4822,52.2229,6.7407,0.13
63.42,37.0,0.0,75.0,45.4822,51.1547,5.6725,0.196
63.43,37.0,0.0,75.0,45.4822,50.0474,4.5652,0.195
63.44,37.0,0.0,75.0,45.4822,48.9609,3.4787,0.195
63.45,37.0,0.0,75.0,45.4822,47.8341,2.3519,0.163
63.46,37.0,0.0,75.0,45.4822,46.895,1.4128,-0.272
63.47,37.0,0.0,75.0,45.4822,45.866,0.3838,31.255
63.48,37.0,0.0,75.0,45.4822,45.4017,-0.0805,157.919
63.49,37.0,0.0,75.0,45.4822,45.2986,-0.1836,167.923
63.5,37.0,0.0,75.0,45.4822,45.2895,-0.1927,164.898
63.51,37.0,0.0,75.0,45.4822,45.2843,-0.1979,160.271
63.52,37.0,0.0,75.0,45.4822,45.2869,-0.1953,159.246
63.53,37.0,0.0,75.0,45.4822,45.2817,-0.2005,159.376
63.54,37.0,0.0,75.0,45.4822,45.2804,-0.2018,160.905
63.55,37.0,0.0,75.0,45.4822,45.2856,-0.1966,163.294
63.56,37.0,0.0,75.0,45.4822,45.2895,-0.1927,165.067
63.57,37.0,0.0,75.0,45.4822,45.2895,-0.1927,162.935
63.58,37.0,0.0,75.0,45.4822,45.2934,-0.1888,159.76
63.59,37.0,0.0,75.0,45.4822,45.2934,-0.1888,160.849
63.6,37.0,0.0,75.0,45.4822,45.2908,-0.1914,163.925
63.61,37.0,0.0,75.0,45.4822,45.2973,-0.1849,165.713
63.62,37.0,0.0,75.0,45.4822,45.2973,-0.1849,163.81
63.63,37.0,0.0,75.0,45.4822,45.2921,-0.1901,161.158
63.64,37.0,0.0,75.0,45.4822,45.2934,-0.1888,161.354
63.65,37.0,2.0,5.0,45.4822,45.2986,-0.1836,163.823
63.66,37.0,2.0,5.0,45.4822,45.2986,-0.1836,163.92
63.67,37.0,2.0,5.0,45.4822,45.2986,-0.1836,163.74
63.68,37.0,2.0,5.0,45.4822,45.2986,-0.1836,163.743
63.69,37.0,2.0,5.0,45.4822,45.2947,-0.1875,162.882
63.7,37.0,2.0,5.0,45.4822,45.2934,-0.1888,161.663
63.71,37.0,2.0,5.0,45.4822,45.296,-0.1862,162.051
63.72,37.0,2.0,5.0,45.4822,45.2986,-0.1836,163.563
63.73,37.0,2.0,5.0,45.4822,45.2999,-0.1823,164.247
63.74,37.0,2.0,5.0,45.4822,45.2999,-0.1823,163.484
63.75,37.0,2.0,5.0,45.4822,45.2973,-0.1849,162.132
63.76,37.0,2.0,5.0,45.4822,45.2947,-0.1875,161.955
63.77,37.0,2.0,5.0,45.4822,45.296,-0.1862,162.461
63.78,37.0,2.0,5.0,45.4822,45.296,-0.1862,163.321
63.79,37.0,2.0,5.0,45.4822,45.296,-0.1862,163.126
63.8,37.0,2.0,5.0,45.4822,45.296,-0.1862,162.262
63.81,37.0,2.0,5.0,45.4822,45.296,-0.1862,161.629
63.82,37.0,2.0,5.0,45.4822,45.2947,-0.1875,161.142
63.83,37.0,2.0,5.0,45.4822,45.2973,-0.1849,161.059
63.84,37.0,2.0,5.0,45.4822,45.2973,-0.1849,161.646
63.85,37.0,2.0,5.0,45.4822,45.296,-0.1862,161.532
63.86,37.0,2.0,5.0,45.4822,45.296,-0.1862,161.029
63.87,37.0,2.0,5.0,45.4822,45.2947,-0.1875,161.028
63.88,37.0,2.0,5.0,45.4822,45.2947,-0.1875,160.606
63.89,37.0,2.0,5.0,45.4822,45.2973,-0.1849,161.175
63.9,37.0,2.0,5.0,45.4822,45.296,-0.1862,161.923
63.91,37.0,2.0,5.0,45.4822,45.296,-0.1862,161.143
63.92,37.0,2.0,5.0,45.4822,45.2947,-0.1875,160.411
63.93,37.0,2.0,5.0,45.4822,45.2947,-0.1875,160.818
63.94,37.0,2.0,5.0,45.4822,45.296,-0.1862,161.565
63.95,37.0,2.0,5.0,45.4822,45.296,-0.1862,161.402
63.96,37.0,2.0,5.0,45.4822,45.296,-0.1862,161.03
63.97,37.0,2.0,5.0,45.4822,45.2947,-0.1875,160.948
63.98,37.0,2.0,5.0,45.4822,45.296,-0.1862,161.094
63.99,4.0,0.0,6.0,52.6234,45.3325,-7.2909,88.36
64.0,4.0,0.0,6.0,52.6234,45.6247,-6.9987,-0.906
64.01,4.0,0.0,6.0,52.6234,46.2207,-6.4027,-0.627
64.02,4.0,0.0,6.0,52.6234,47.2067,-5.4167,0.338
64.03,4.0,0.0,6.0,52.6234,48.1953,-4.4281,-0.26
64.04,4.0,0.0,6.0,52.6234,49.2648,-3.3586,-0.322
64.05,4.0,0.0,6.0,52.6234,50.363,-2.2604,0.419
64.06,4.0,0.0,6.0,52.6234,51.4364,-1.187,-0.114
64.07,4.0,0.0,6.0,52.6234,52.5372,-0.0862,-0.047
64.08,4.0,0.0,6.0,52.6234,53.1045,0.4811,0.017
64.09,4.0,0.0,6.0,52.6234,53.1815,0.5581,-0.273
64.1,4.0,0.0,6.0,52.6234,53.1815,0.5581,0.083
64.11,4.0,0.0,6.0,52.6234,53.1815,0.5581,0.017
64.12,4.0,0.0,6.0,52.6234,53.1893,0.5659,0.017
64.13,4.0,0.0,6.0,52.6234,53.1945,0.5711,0.065
64.14,4.0,0.0,6.0,52.6234,53.2036,0.5802,0.001
64.15,4.0,0.0,6.0,52.6234,53.2036,0.5802,0.001
64.16,4.0,0.0,6.0,52.6234,53.2049,0.5815,0.017
64.17,4.0,0.0,6.0,52.6234,53.1984,0.575,0.163
64.18,4.0,0.0,6.0,52.6234,53.1893,0.5659,0.179
64.19,4.0,0.0,6.0,52.6234,53.1815,0.5581,0.017
64.2,4.0,0.0,6.0,52.6234,53.1776,0.5542,0.097
64.21,4.0,0.0,6.0,52.6234,53.1776,0.5542,0.033
64.22,4.0,0.0,6.0,52.6234,53.1828,0.5594,0.179
64.23,3.0,3.0,0.0,52.8398,53.1867,0.3469,0.277
64.24,3.0,3.0,0.0,52.8398,53.1932,0.3534,0.099
64.25,3.0,3.0,0.0,52.8398,53.1971,0.3573,0.146
64.26,3.0,3.0,0.0,52.8398,53.1971,0.3573,0.242
64.27,3.0,3.0,0.0,52.8398,53.1984,0.3586,0.132
64.28,3.0,3.0,0.0,52.8398,53.1984,0.3586,0.131
64.29,3.0,3.0,0.0,52.8398,53.1984,0.3586,0.05
64.3,3.0,3.0,0.0,52.8398,53.1945,0.3547,0.244
64.31,3.0,3.0,0.0,52.8398,53.1919,0.3521,0.148
64.32,3.0,3.0,0.0,52.8398,53.188,0.3482,0.065
64.33,3.0,3.0,0.0,52.8398,53.1841,0.3443,0.18
64.34,3.0,3.0,0.0,52.8398,53.1854,0.3456,0.276
64.35,3.0,3.0,0.0,52.8398,53.1867,0.3469,0.066
64.36,3.0,3.0,0.0,52.8398,53.1932,0.3534,0.161
64.37,3.0,3.0,0.0,52.8398,53.1984,0.3586,-0.048
64.38,3.0,3.0,0.0,52.8398,53.1997,0.3599,0.033
64.39,3.0,3.0,0.0,52.8398,53.201,0.3612,-0.031
64.4,3.0,3.0,0.0,52.8398,53.1997,0.3599,0.115
64.41,3.0,3.0,0.0,52.8398,53.1997,0.3599,0.181
64.42,3.0,3.0,0.0,52.8398,53.1984,0.3586,0.146
64.43,3.0,3.0,0.0,52.8398,53.1984,0.3586,0.179
64.44,3.0,3.0,0.0,52.8398,53.1971,0.3573,0.082
64.45,3.0,3.0,0.0,52.8398,53.1945,0.3547,0.049
64.46,3.0,3.0,0.0,52.8398,53.1945,0.3547,0.066
64.47,3.0,3.0,0.0,52.8398,53.1919,0.3521,0.211
64.48,3.0,3.0,0.0,52.8398,53.1919,0.3521,0.017
64.49,3.0,3.0,0.0,52.8398,53.1932,0.3534,-0.016
64.5,3.0,3.0,0.0,52.8398,53.1971,0.3573,0.228
64.51,3.0,3.0,0.0,52.8398,53.201,0.3612,0.049
64.52,3.0,3.0,0.0,52.8398,53.1997,0.3599,0.261
64.53,3.0,3.0,0.0,52.8398,53.201,0.3612,0.212
64.54,3.0,3.0,0.0,52.8398,53.201,0.3612,0.244
64.55,3.0,3.0,0.0,52.8398,53.1971,0.3573,0.196
64.56,3.0,3.0,0.0,52.8398,53.1945,0.3547,0.179
64.57,3.0,3.0,0.0,52.8398,53.1932,0.3534,0.357
64.58,3.0,3.0,0.0,52.8398,53.1932,0.3534,0.033
64.59,3.0,3.0,0.0,52.8398,53.1932,0.3534,0.05
64.6,3.0,3.0,0.0,52.8398,53.1945,0.3547,0.373
64.61,3.0,3.0,0.0,52.8398,53.1958,0.356,-0.015
64.62,3.0,3.0,0.0,52.8398,53.1971,0.3573,0.196
64.63,3.0,3.0,0.0,52.8398,53.1984,0.3586,0.131
64.64,3.0,3.0,0.0,52.8398,53.1984,0.3586,0.067
64.65,3.0,3.0,0.0,52.8398,53.1997,0.3599,0.033
64.66,3.0,3.0,0.0,52.8398,53.1997,0.3599,0.13
64.67,3.0,3.0,0.0,52.8398,53.1984,0.3586,0.179
64.68,3.0,3.0,0.0,52.8398,53.1971,0.3573,0.066
64.69,3.0,3.0,0.0,52.8398,53.1945,0.3547,0.114
64.7,3.0,3.0,0.0,52.8398,53.1932,0.3534,0.131
64.71,3.0,3.0,0.0,52.8398,53.1932,0.3534,0.229
64.72,3.0,3.0,0.0,52.8398,53.1932,0.3534,0.342
64.73,3.0,3.0,0.0,52.8398,53.1958,0.356,0.082
64.74,3.0,3.0,0.0,52.8398,53.1984,0.3586,0.066
64.75,3.0,3.0,0.0,52.8398,53.1997,0.3599,0.066
64.76,3.0,3.0,0.0,52.8398,53.1997,0.3599,0.051
64.77,3.0,3.0,0.0,52.8398,53.1984,0.3586,0.115
64.78,3.0,3.0,0.0,52.8398,53.1971,0.3573,0.244
64.79,3.0,3.0,0.0,52.8398,53.1958,0.356,0.13
64.8,3.0,3.0,0.0,52.8398,53.1945,0.3547,0.31
64.81,3.0,3.0,0.0,52.8398,53.1945,0.3547,0.098
64.82,3.0,3.0,0.0,52.8398,53.1945,0.3547,0.437
64.83,3.0,3.0,0.0,52.8398,53.1945,0.3547,0.179
64.84,3.0,3.0,0.0,52.8398,53.1945,0.3547,0.098
64.85,3.0,3.0,0.0,52.8398,53.1971,0.3573,0.212
64.86,3.0,3.0,0.0,52.8398,53.1971,0.3573,0.309
64.87,3.0,3.0,0.0,52.8398,53.1997,0.3599,0.291
64.88,3.0,3.0,0.0,52.8398,53.1997,0.3599,0.163
64.89,3.0,3.0,0.0,52.8398,53.1997,0.3599,0.213
64.9,3.0,3.0,0.0,52.8398,53.1971,0.3573,0.292
64.91,3.0,3.0,0.0,52.8398,53.1958,0.356,0.115
64.92,3.0,3.0,0.0,52.8398,53.1945,0.3547,0.212
64.93,3.0,3.0,0.0,52.8398,53.1945,0.3547,0.148
64.94,3.0,3.0,0.0,52.8398,53.1932,0.3534,0.26
64.95,3.0,3.0,0.0,52.8398,53.1958,0.356,0.277
64.96,3.0,3.0,0.0,52.8398,53.1958,0.356,0.147
64.97,3.0,3.0,0.0,52.8398,53.1971,0.3573,0.082
64.98,3.0,3.0,0.0,52.8398,53.1971,0.3573,0.115
64.99,3.0,3.0,0.0,52.8398,53.1971,0.3573,0.261
65.0,3.0,3.0,0.0,52.8398,53.1958,0.356,0.309
65.01,3.0,3.0,0.0,52.8398,53.1958,0.356,0.034
65.02,3.0,3.0,0.0,52.8398,53.1945,0.3547,0.276
65.03,3.0,3.0,0.0,52.8398,53.1945,0.3547,0.275
65.04,3.0,3.0,0.0,52.8398,53.1932,0.3534,0.099
65.05,3.0,3.0,0.0,52.8398,53.1945,0.3547,0.275
65.06,37.0,0.0,76.0,45.4822,53.1463,7.6641,0.309
65.07,37.0,0.0,76.0,45.4822,52.3768,6.8946,0.228
65.08,37.0,0.0,76.0,45.4822,51.3034,5.8212,0.324
65.09,37.0,0.0,76.0,45.4822,50.1804,4.6982,0.114
65.1,37.0,0.0,76.0,45.4822,48.8657,3.3835,0.227
65.11,37.0,0.0,76.0,45.4822,47.7571,2.2749,0.115
65.12,37.0,0.0,76.0,45.4822,46.8259,1.3437,-0.56
65.13,37.0,0.0,76.0,45.4822,45.7942,0.312,15.171
65.14,37.0,0.0,76.0,45.4822,45.369,-0.1132,149.202
65.15,37.0,0.0,76.0,45.4822,45.2934,-0.1888,167.988
65.16,37.0,0.0,76.0,45.4822,45.2843,-0.1979,163.294
65.17,37.0,0.0,76.0,45.4822,45.2817,-0.2005,160.045
65.18,37.0,0.0,76.0,45.4822,45.283,-0.1992,159.296
65.19,37.0,0.0,76.0,45.4822,45.2791,-0.2031,158.127
65.2,37.0,0.0,76.0,45.4822,45.2764,-0.2058,159.786
65.21,37.0,0.0,76.0,45.4822,45.2817,-0.2005,162.045
65.22,37.0,0.0,76.0,45.4822,45.283,-0.1992,163.994
65.23,37.0,0.0,76.0,45.4822,45.2817,-0.2005,162.318
65.24,37.0,0.0,76.0,45.4822,45.2856,-0.1966,159.162
65.25,37.0,0.0,76.0,45.4822,45.2843,-0.1979,159.438
65.26,37.0,0.0,76.0,45.4822,45.2817,-0.2005,162.546
65.27,37.0,0.0,76.0,45.4822,45.2869,-0.1953,165.0
65.28,37.0,0.0,76.0,45.4822,45.2882,-0.194,162.867
65.29,37.0,0.0,76.0,45.4822,45.2817,-0.2005,160.17
65.3,37.0,2.0,5.0,45.4822,45.283,-0.1992,160.834
65.31,37.0,2.0,5.0,45.4822,45.2895,-0.1927,162.88
65.32,37.0,2.0,5.0,45.4822,45.2895,-0.1927,162.947
65.33,37.0,2.0,5.0,45.4822,45.2908,-0.1914,162.735
65.34,37.0,2.0,5.0,45.4822,45.2921,-0.1901,162.786
65.35,37.0,2.0,5.0,45.4822,45.2882,-0.194,162.314
65.36,37.0,2.0,5.0,45.4822,45.2869,-0.1953,160.916
65.37,37.0,2.0,5.0,45.4822,45.2882,-0.194,160.965
65.38,37.0,2.0,5.0,45.4822,45.2908,-0.1914,162.46
65.39,37.0,2.0,5.0,45.4822,45.2921,-0.1901,163.112
65.4,37.0,2.0,5.0,45.4822,45.2934,-0.1888,162.59
65.41,37.0,2.0,5.0,45.4822,45.2908,-0.1914,161.322
65.42,37.0,2.0,5.0,45.4822,45.2882,-0.194,160.964
65.43,37.0,2.0,5.0,45.4822,45.2882,-0.194,161.307
65.44,37.0,2.0,5.0,45.4822,45.2895,-0.1927,161.779
65.45,37.0,2.0,5.0,45.4822,45.2882,-0.194,160.721
65.46,37.0,2.0,5.0,45.4822,45.2882,-0.194,159.925
65.47,37.0,2.0,5.0,45.4822,45.2882,-0.194,160.232
65.48,37.0,2.0,5.0,45.4822,45.2882,-0.194,160.737
65.49,37.0,2.0,5.0,45.4822,45.2895,-0.1927,160.655
65.5,37.0,2.0,5.0,45.4822,45.2908,-0.1914,160.46
65.51,37.0,2.0,5.0,45.4822,45.2882,-0.194,160.136
65.52,37.0,2.0,5.0,45.4822,45.2882,-0.194,160.526
65.53,37.0,2.0,5.0,45.4822,45.2882,-0.194,160.348
65.54,37.0,2.0,5.0,45.4822,45.2882,-0.194,160.184
65.55,37.0,2.0,5.0,45.4822,45.2908,-0.1914,160.364
65.56,37.0,2.0,5.0,45.4822,45.2895,-0.1927,161.014
65.57,37.0,2.0,5.0,45.4822,45.2882,-0.194,160.558
65.58,37.0,2.0,5.0,45.4822,45.2869,-0.1953,159.842
65.59,37.0,2.0,5.0,45.4822,45.2882,-0.194,159.877
65.6,37.0,2.0,5.0,45.4822,45.2882,-0.194,160.932
65.61,37.0,2.0,5.0,45.4822,45.2882,-0.194,160.835
65.62,37.0,2.0,5.0,45.4822,45.2895,-0.1927,160.248
65.63,37.0,2.0,5.0,45.4822,45.2869,-0.1953,159.795
65.64,37.0,2.0,5.0,45.4822,45.2856,-0.1966,160.105
65.65,6.0,0.0,8.0,52.1906,45.3012,-6.8894,111.759
65.66,6.0,0.0,8.0,52.1906,45.566,-6.6246,-0.714
65.67,6.0,0.0,8.0,52.1906,46.0812,-6.1094,-0.548
65.68,6.0,0.0,8.0,52.1906,47.0346,-5.156,0.371
65.69,6.0,0.0,8.0,52.1906,47.9971,-4.1935,0.048
65.7,6.0,0.0,8.0,52.1906,49.0079,-3.1827,-0.403
65.71,6.0,0.0,8.0,52.1906,50.0839,-2.1067,0.243
65.72,6.0,0.0,8.0,52.1906,51.2003,-0.9903,-0.114
65.73,6.0,0.0,8.0,52.1906,52.305,0.1144,-0.128
65.74,6.0,0.0,8.0,52.1906,53.0367,0.8461,0.227
65.75,6.0,0.0,8.0,52.1906,53.1228,0.9322,-0.129
65.76,6.0,0.0,8.0,52.1906,53.1267,0.9361,-0.129
65.77,6.0,0.0,8.0,52.1906,53.1241,0.9335,-0.015
65.78,6.0,0.0,8.0,52.1906,53.1319,0.9413,-0.016
65.79,6.0,0.0,8.0,52.1906,53.1332,0.9426,-0.031
65.8,6.0,0.0,8.0,52.1906,53.1358,0.9452,-0.113
65.81,6.0,0.0,8.0,52.1906,53.1384,0.9478,0.067
65.82,6.0,0.0,8.0,52.1906,53.1384,0.9478,0.033
65.83,6.0,0.0,8.0,52.1906,53.1267,0.9361,0.001
65.84,6.0,0.0,8.0,52.1906,53.1241,0.9335,0.066
65.85,6.0,0.0,8.0,52.1906,53.1123,0.9217,-0.097
65.86,6.0,0.0,8.0,52.1906,53.1123,0.9217,-0.146
65.87,6.0,0.0,8.0,52.1906,53.1123,0.9217,-0.016
65.88,6.0,0.0,8.0,52.1906,53.1123,0.9217,0.034
65.89,6.0,0.0,8.0,52.1906,53.1176,0.927,0.066
65.9,3.0,3.0,0.0,52.8398,53.1215,0.2817,0.181
65.91,3.0,3.0,0.0,52.8398,53.1267,0.2869,-0.014
65.92,3.0,3.0,0.0,52.8398,53.128,0.2882,-0.048
65.93,3.0,3.0,0.0,52.8398,53.1293,0.2895,0.0
65.94,3.0,3.0,0.0,52.8398,53.1267,0.2869,0.033
65.95,3.0,3.0,0.0,52.8398,53.1241,0.2843,0.082
65.96,3.0,3.0,0.0,52.8398,53.1189,0.2791,0.213
65.97,3.0,3.0,0.0,52.8398,53.1189,0.2791,0.051
65.98,3.0,3.0,0.0,52.8398,53.1176,0.2778,-0.145
65.99,3.0,3.0,0.0,52.8398,53.1163,0.2765,0.098
66.0,3.0,3.0,0.0,52.8398,53.1176,0.2778,0.148
66.01,3.0,3.0,0.0,52.8398,53.1202,0.2804,0.065
66.02,3.0,3.0,0.0,52.8398,53.1215,0.2817,0.277
66.03,3.0,3.0,0.0,52.8398,53.1228,0.283,0.066
66.04,3.0,3.0,0.0,52.8398,53.1228,0.283,0.082
66.05,3.0,3.0,0.0,52.8398,53.1241,0.2843,0.211
66.06,3.0,3.0,0.0,52.8398,53.1267,0.2869,0.063
66.07,3.0,3.0,0.0,52.8398,53.1267,0.2869,0.292
66.08,3.0,3.0,0.0,52.8398,53.1267,0.2869,0.115
66.09,3.0,3.0,0.0,52.8398,53.1267,0.2869,-0.016
66.1,3.0,3.0,0.0,52.8398,53.1267,0.2869,0.115
66.11,3.0,3.0,0.0,52.8398,53.1228,0.283,0.067
66.12,3.0,3.0,0.0,52.8398,53.1228,0.283,0.148
66.13,3.0,3.0,0.0,52.8398,53.1228,0.283,0.164
66.14,3.0,3.0,0.0,52.8398,53.1228,0.283,0.164
66.15,3.0,3.0,0.0,52.8398,53.1241,0.2843,0.017
66.16,3.0,3.0,0.0,52.8398,53.1241,0.2843,0.244
66.17,3.0,3.0,0.0,52.8398,53.1241,0.2843,0.146
66.18,3.0,3.0,0.0,52.8398,53.1254,0.2856,0.146
66.19,3.0,3.0,0.0,52.8398,53.1254,0.2856,0.132
66.2,3.0,3.0,0.0,52.8398,53.1254,0.2856,0.389
66.21,3.0,3.0,0.0,52.8398,53.1241,0.2843,0.243
66.22,3.0,3.0,0.0,52.8398,53.1241,0.2843,0.113
66.23,3.0,3.0,0.0,52.8398,53.1215,0.2817,0.18
66.24,3.0,3.0,0.0,52.8398,53.1215,0.2817,0.097
66.25,3.0,3.0,0.0,52.8398,53.1202,0.2804,0.13
66.26,3.0,3.0,0.0,52.8398,53.1215,0.2817,0.18
66.27,3.0,3.0,0.0,52.8398,53.1215,0.2817,0.147
66.28,3.0,3.0,0.0,52.8398,53.1228,0.283,0.066
66.29,3.0,3.0,0.0,52.8398,53.1254,0.2856,0.13
66.3,3.0,3.0,0.0,52.8398,53.1254,0.2856,0.114
66.31,3.0,3.0,0.0,52.8398,53.1241,0.2843,0.067
66.32,3.0,3.0,0.0,52.8398,53.1241,0.2843,0.178
66.33,3.0,3.0,0.0,52.8398,53.1228,0.283,0.115
66.34,3.0,3.0,0.0,52.8398,53.1215,0.2817,0.129
66.35,3.0,3.0,0.0,52.8398,53.1202,0.2804,0.114
66.36,3.0,3.0,0.0,52.8398,53.1215,0.2817,0.066
66.37,3.0,3.0,0.0,52.8398,53.1215,0.2817,0.293
66.38,3.0,3.0,0.0,52.8398,53.1215,0.2817,0.261
66.39,3.0,3.0,0.0,52.8398,53.1215,0.2817,-0.015
66.4,3.0,3.0,0.0,52.8398,53.1228,0.283,0.243
66.41,3.0,3.0,0.0,52.8398,53.1228,0.283,0.212
66.42,3.0,3.0,0.0,52.8398,53.1228,0.283,0.277
66.43,3.0,3.0,0.0,52.8398,53.1241,0.2843,0.066
66.44,3.0,3.0,0.0,52.8398,53.1228,0.283,0.18
66.45,3.0,3.0,0.0,52.8398,53.1228,0.283,0.212
66.46,3.0,3.0,0.0,52.8398,53.1202,0.2804,0.098
66.47,3.0,3.0,0.0,52.8398,53.1202,0.2804,0.195
66.48,3.0,3.0,0.0,52.8398,53.1189,0.2791,0.131
66.49,3.0,3.0,0.0,52.8398,53.1202,0.2804,0.033
66.5,3.0,3.0,0.0,52.8398,53.1215,0.2817,0.31
66.51,3.0,3.0,0.0,52.8398,53.1215,0.2817,0.196
66.52,3.0,3.0,0.0,52.8398,53.1215,0.2817,0.212
66.53,3.0,3.0,0.0,52.8398,53.1215,0.2817,0.244
66.54,3.0,3.0,0.0,52.8398,53.1228,0.283,0.082
66.55,3.0,3.0,0.0,52.8398,53.1215,0.2817,0.277
66.56,3.0,3.0,0.0,52.8398,53.1215,0.2817,-0.064
66.57,3.0,3.0,0.0,52.8398,53.1202,0.2804,0.082
66.58,3.0,3.0,0.0,52.8398,53.1202,0.2804,0.13
66.59,3.0,3.0,0.0,52.8398,53.1202,0.2804,0.194
66.6,3.0,3.0,0.0,52.8398,53.1202,0.2804,0.163
66.61,3.0,3.0,0.0,52.8398,53.1189,0.2791,0.115
66.62,3.0,3.0,0.0,52.8398,53.1215,0.2817,0.278
66.63,3.0,3.0,0.0,52.8398,53.1202,0.2804,0.277
66.64,3.0,3.0,0.0,52.8398,53.1215,0.2817,0.261
66.65,3.0,3.0,0.0,52.8398,53.1215,0.2817,0.276
66.66,3.0,3.0,0.0,52.8398,53.1228,0.283,0.292
66.67,3.0,3.0,0.0,52.8398,53.1215,0.2817,0.293
66.68,3.0,3.0,0.0,52.8398,53.1202,0.2804,0.066
66.69,3.0,3.0,0.0,52.8398,53.1189,0.2791,0.277
66.7,3.0,3.0,0.0,52.8398,53.1189,0.2791,0.05
66.71,3.0,3.0,0.0,52.8398,53.1176,0.2778,0.001
66.72,37.0,0.0,0.0,45.4822,53.0797,7.5975,0.228
66.73,37.0,0.0,0.0,45.4822,52.069,6.5868,0.211
66.74,37.0,0.0,0.0,45.4822,50.5312,5.049,0.131
66.75,37.0,0.0,0.0,45.4822,48.9648,3.4826,0.164
66.76,37.0,0.0,0.0,45.4822,47.4754,1.9932,0.682
66.77,37.0,0.0,0.0,45.4822,46.1425,0.6603,2.498
66.78,37.0,0.0,0.0,45.4822,45.3651,-0.1171,164.135
66.79,37.0,0.0,0.0,45.4822,45.2764,-0.2058,189.467
66.8,37.0,0.0,0.0,45.4822,45.2582,-0.224,182.15
66.81,37.0,0.0,0.0,45.4822,45.2556,-0.2266,176.02
66.82,37.0,0.0,0.0,45.4822,45.2608,-0.2214,179.373
66.83,37.0,0.0,0.0,45.4822,45.2556,-0.2266,177.279
66.84,37.0,0.0,0.0,45.4822,45.253,-0.2292,175.75
66.85,37.0,0.0,0.0,45.4822,45.2582,-0.224,179.341
66.86,37.0,0.0,0.0,45.4822,45.2634,-0.2188,181.49
66.87,37.0,0.0,0.0,45.4822,45.2621,-0.2201,179.343
66.88,37.0,0.0,0.0,45.4822,45.266,-0.2162,177.423
66.89,37.0,0.0,0.0,45.4822,45.266,-0.2162,177.047
66.9,37.0,0.0,0.0,45.4822,45.2621,-0.2201,177.944
66.91,37.0,0.0,0.0,45.4822,45.2673,-0.2149,181.519
66.92,37.0,0.0,0.0,45.4822,45.2712,-0.211,181.988
66.93,37.0,0.0,0.0,45.4822,45.266,-0.2162,177.878
66.94,37.0,0.0,0.0,45.4822,45.2647,-0.2175,177.174
66.95,37.0,0.0,0.0,45.4822,45.2686,-0.2136,179.953
66.96,37.0,0.0,0.0,45.4822,45.2699,-0.2123,180.344
66.97,37.0,2.0,5.0,45.4822,45.2725,-0.2097,179.613
66.98,37.0,2.0,5.0,45.4822,45.2725,-0.2097,180.117
66.99,37.0,2.0,5.0,45.4822,45.2699,-0.2123,179.84
67.0,37.0,2.0,5.0,45.4822,45.2673,-0.2149,178.184
67.01,37.0,2.0,5.0,45.4822,45.2686,-0.2136,177.972
67.02,37.0,2.0,5.0,45.4822,45.2712,-0.211,179.419
67.03,37.0,2.0,5.0,45.4822,45.2712,-0.211,180.019
67.04,37.0,2.0,5.0,45.4822,45.2725,-0.2097,179.92
67.05,37.0,2.0,5.0,45.4822,45.2712,-0.211,178.816
67.06,37.0,2.0,5.0,45.4822,45.2686,-0.2136,177.662
67.07,37.0,2.0,5.0,45.4822,45.2673,-0.2149,177.566
67.08,37.0,2.0,5.0,45.4822,45.2686,-0.2136,178.46
67.09,37.0,2.0,5.0,45.4822,45.2699,-0.2123,178.671
67.1,37.0,2.0,5.0,45.4822,45.2686,-0.2136,177.679
67.11,37.0,2.0,5.0,45.4822,45.2686,-0.2136,177.207
67.12,37.0,2.0,5.0,45.4822,45.2673,-0.2149,177.744
67.13,37.0,2.0,5.0,45.4822,45.2699,-0.2123,177.809
67.14,37.0,2.0,5.0,45.4822,45.2699,-0.2123,177.615
67.15,37.0,2.0,5.0,45.4822,45.2699,-0.2123,177.679
67.16,37.0,2.0,5.0,45.4822,45.2686,-0.2136,177.582
67.17,37.0,2.0,5.0,45.4822,45.2686,-0.2136,177.616
67.18,37.0,2.0,5.0,45.4822,45.2712,-0.211,177.338
67.19,37.0,2.0,5.0,45.4822,45.2712,-0.211,177.386
67.2,37.0,2.0,5.0,45.4822,45.2725,-0.2097,177.876
67.21,37.0,2.0,5.0,45.4822,45.2712,-0.211,178.054
67.22,37.0,2.0,5.0,45.4822,45.2699,-0.2123,177.338
67.23,37.0,2.0,5.0,45.4822,45.2686,-0.2136,176.868
67.24,37.0,2.0,5.0,45.4822,45.2712,-0.211,177.745
67.25,37.0,2.0,5.0,45.4822,45.2712,-0.211,178.265
67.26,37.0,2.0,5.0,45.4822,45.2712,-0.211,177.583
67.27,37.0,2.0,5.0,45.4822,45.2699,-0.2123,177.224
67.28,37.0,2.0,5.0,45.4822,45.2686,-0.2136,177.324
67.29,37.0,2.0,5.0,45.4822,45.2699,-0.2123,177.664
67.3,37.0,2.0,5.0,45.4822,45.2699,-0.2123,176.692
67.31,4.0,0.0,5.0,52.6234,45.356,-7.2674,20.028
67.32,4.0,0.0,5.0,52.6234,45.669,-6.9544,0.339
67.33,4.0,0.0,5.0,52.6234,46.5911,-6.0323,-0.034
67.34,4.0,0.0,5.0,52.6234,47.5667,-5.0567,-0.224
67.35,4.0,0.0,5.0,52.6234,48.5358,-4.0876,-0.129
67.36,4.0,0.0,5.0,52.6234,49.5961,-3.0273,0.164
67.37,4.0,0.0,5.0,52.6234,50.6982,-1.9252,-0.373
67.38,4.0,0.0,5.0,52.6234,51.8003,-0.8231,0.033
67.39,4.0,0.0,5.0,52.6234,52.8424,0.219,-0.161
67.4,4.0,0.0,5.0,52.6234,53.0758,0.4524,-0.014
67.41,4.0,0.0,5.0,52.6234,53.1058,0.4824,-0.031
67.42,4.0,0.0,5.0,52.6234,53.1071,0.4837,0.05
67.43,4.0,0.0,5.0,52.6234,53.1123,0.4889,-0.016
67.44,4.0,0.0,5.0,52.6234,53.1189,0.4955,0.13
67.45,4.0,0.0,5.0,52.6234,53.1202,0.4968,0.001
67.46,4.0,0.0,5.0,52.6234,53.1254,0.502,0.115
67.47,4.0,0.0,5.0,52.6234,53.1267,0.5033,0.099
67.48,4.0,0.0,5.0,52.6234,53.1254,0.502,0.001
67.49,4.0,0.0,5.0,52.6234,53.1228,0.4994,-0.033
67.5,4.0,0.0,5.0,52.6234,53.1163,0.4929,0.001
67.51,4.0,0.0,5.0,52.6234,53.1071,0.4837,0.131
67.52,4.0,0.0,5.0,52.6234,53.1032,0.4798,0.229
67.53,4.0,0.0,5.0,52.6234,53.1019,0.4785,0.051
67.54,4.0,0.0,5.0,52.6234,53.1019,0.4785,0.115
67.55,3.0,3.0,0.0,52.8398,53.1045,0.2647,-0.113
67.56,3.0,3.0,0.0,52.8398,53.1045,0.2647,0.099
67.57,3.0,3.0,0.0,52.8398,53.1123,0.2725,0.294
67.58,3.0,3.0,0.0,52.8398,53.115,0.2752,0.228
67.59,3.0,3.0,0.0,52.8398,53.115,0.2752,0.195
67.6,3.0,3.0,0.0,52.8398,53.1137,0.2739,0.034
67.61,3.0,3.0,0.0,52.8398,53.111,0.2712,-0.096
67.62,3.0,3.0,0.0,52.8398,53.1071,0.2673,0.082
67.63,3.0,3.0,0.0,52.8398,53.1084,0.2686,0.245
67.64,3.0,3.0,0.0,52.8398,53.1058,0.266,0.099
67.65,3.0,3.0,0.0,52.8398,53.1058,0.266,0.164
67.66,3.0,3.0,0.0,52.8398,53.1032,0.2634,0.195
67.67,3.0,3.0,0.0,52.8398,53.1045,0.2647,-0.032
67.68,3.0,3.0,0.0,52.8398,53.1097,0.2699,0.163
67.69,3.0,3.0,0.0,52.8398,53.111,0.2712,0.146
67.7,3.0,3.0,0.0,52.8398,53.1123,0.2725,0.066
67.71,3.0,3.0,0.0,52.8398,53.115,0.2752,0.131
67.72,3.0,3.0,0.0,52.8398,53.115,0.2752,0.033
67.73,3.0,3.0,0.0,52.8398,53.115,0.2752,-0.064
67.74,3.0,3.0,0.0,52.8398,53.1163,0.2765,0.019
67.75,3.0,3.0,0.0,52.8398,53.115,0.2752,0.262
67.76,3.0,3.0,0.0,52.8398,53.1097,0.2699,0.197
67.77,3.0,3.0,0.0,52.8398,53.1084,0.2686,0.293
67.78,3.0,3.0,0.0,52.8398,53.1058,0.266,0.033
67.79,3.0,3.0,0.0,52.8398,53.1084,0.2686,0.082
67.8,3.0,3.0,0.0,52.8398,53.111,0.2712,0.099
67.81,3.0,3.0,0.0,52.8398,53.1123,0.2725,0.163
67.82,3.0,3.0,0.0,52.8398,53.1137,0.2739,0.357
67.83,3.0,3.0,0.0,52.8398,53.1137,0.2739,0.162
67.84,3.0,3.0,0.0,52.8398,53.1123,0.2725,0.31
67.85,3.0,3.0,0.0,52.8398,53.1123,0.2725,0.179
67.86,3.0,3.0,0.0,52.8398,53.1137,0.2739,0.132
67.87,3.0,3.0,0.0,52.8398,53.1123,0.2725,0.164
67.88,3.0,3.0,0.0,52.8398,53.111,0.2712,0.098
67.89,3.0,3.0,0.0,52.8398,53.1097,0.2699,0.243
67.9,3.0,3.0,0.0,52.8398,53.1084,0.2686,0.243
67.91,3.0,3.0,0.0,52.8398,53.1084,0.2686,0.05
67.92,3.0,3.0,0.0,52.8398,53.1123,0.2725,0.229
67.93,3.0,3.0,0.0,52.8398,53.1137,0.2739,0.147
67.94,3.0,3.0,0.0,52.8398,53.1123,0.2725,0.244
67.95,3.0,3.0,0.0,52.8398,53.1123,0.2725,0.099
67.96,3.0,3.0,0.0,52.8398,53.1123,0.2725,0.212
67.97,3.0,3.0,0.0,52.8398,53.1137,0.2739,0.196
67.98,3.0,3.0,0.0,52.8398,53.1123,0.2725,-0.048
67.99,3.0,3.0,0.0,52.8398,53.1123,0.2725,0.343
68.0,3.0,3.0,0.0,52.8398,53.111,0.2712,0.244
68.01,3.0,3.0,0.0,52.8398,53.1097,0.2699,0.162
68.02,3.0,3.0,0.0,52.8398,53.1084,0.2686,0.05
68.03,3.0,3.0,0.0,52.8398,53.1097,0.2699,0.081
68.04,3.0,3.0,0.0,52.8398,53.1123,0.2725,0.212
68.05,3.0,3.0,0.0,52.8398,53.1123,0.2725,0.132
68.06,3.0,3.0,0.0,52.8398,53.111,0.2712,0.294
68.07,3.0,3.0,0.0,52.8398,53.1123,0.2725,0.099
68.08,3.0,3.0,0.0,52.8398,53.1123,0.2725,0.099
68.09,3.0,3.0,0.0,52.8398,53.1123,0.2725,0.164
68.1,3.0,3.0,0.0,52.8398,53.1123,0.2725,0.293
68.11,3.0,3.0,0.0,52.8398,53.1123,0.2725,0.18
68.12,3.0,3.0,0.0,52.8398,53.111,0.2712,0.374
68.13,3.0,3.0,0.0,52.8398,53.1097,0.2699,0.116
68.14,3.0,3.0,0.0,52.8398,53.1097,0.2699,0.212
68.15,3.0,3.0,0.0,52.8398,53.1097,0.2699,0.26
68.16,3.0,3.0,0.0,52.8398,53.1097,0.2699,0.178
68.17,3.0,3.0,0.0,52.8398,53.1097,0.2699,0.197
68.18,3.0,3.0,0.0,52.8398,53.1097,0.2699,0.292
68.19,3.0,3.0,0.0,52.8398,53.1097,0.2699,0.197
68.2,3.0,3.0,0.0,52.8398,53.1084,0.2686,0.195
68.21,3.0,3.0,0.0,52.8398,53.1097,0.2699,0.115
68.22,3.0,3.0,0.0,52.8398,53.1084,0.2686,0.099
68.23,3.0,3.0,0.0,52.8398,53.1084,0.2686,0.115
68.24,3.0,3.0,0.0,52.8398,53.1084,0.2686,0.197
68.25,3.0,3.0,0.0,52.8398,53.1071,0.2673,0.213
68.26,3.0,3.0,0.0,52.8398,53.1071,0.2673,0.131
68.27,3.0,3.0,0.0,52.8398,53.1071,0.2673,0.115
68.28,3.0,3.0,0.0,52.8398,53.1071,0.2673,0.308
68.29,3.0,3.0,0.0,52.8398,53.1071,0.2673,0.31
68.3,3.0,3.0,0.0,52.8398,53.1058,0.266,0.228
68.31,3.0,3.0,0.0,52.8398,53.1058,0.266,0.228
68.32,3.0,3.0,0.0,52.8398,53.1071,0.2673,0.18
68.33,3.0,3.0,0.0,52.8398,53.1058,0.266,0.228
68.34,3.0,3.0,0.0,52.8398,53.1058,0.266,0.358
68.35,3.0,3.0,0.0,52.8398,53.1058,0.266,0.164
68.36,3.0,3.0,0.0,52.8398,53.1045,0.2647,0.341
68.37,3.0,3.0,0.0,52.8398,53.1045,0.2647,0.229
68.38,3.0,3.0,50.0,52.8398,53.1019,0.2621,0.293
68.39,37.0,0.0,75.0,45.4822,52.5085,7.0263,0.229
68.4,37.0,0.0,75.0,45.4822,51.0477,5.5655,0.147
68.41,37.0,0.0,75.0,45.4822,49.5152,4.033,0.261
68.42,37.0,0.0,75.0,45.4822,48.0754,2.5932,0.39
68.43,37.0,0.0,75.0,45.4822,46.6342,1.152,-0.746
68.44,37.0,0.0,75.0,45.4822,45.4995,0.0173,123.839
68.45,37.0,0.0,75.0,45.4822,45.2686,-0.2136,189.591
68.46,37.0,0.0,75.0,45.4822,45.2673,-0.2149,173.882
68.47,37.0,0.0,75.0,45.4822,45.2621,-0.2201,176.347
68.48,37.0,0.0,75.0,45.4822,45.2582,-0.224,178.017
68.49,37.0,0.0,75.0,45.4822,45.2595,-0.2227,173.952
68.5,37.0,0.0,75.0,45.4822,45.2543,-0.2279,176.225
68.51,37.0,0.0,75.0,45.4822,45.2556,-0.2266,179.93
68.52,37.0,0.0,75.0,45.4822,45.2621,-0.2201,179.508
68.53,37.0,0.0,75.0,45.4822,45.2647,-0.2175,180.789
68.54,37.0,0.0,75.0,45.4822,45.266,-0.2162,179.421
68.55,37.0,0.0,75.0,45.4822,45.2686,-0.2136,174.951
68.56,37.0,0.0,75.0,45.4822,45.2673,-0.2149,176.739
68.57,37.0,0.0,75.0,45.4822,45.2673,-0.2149,181.57
68.58,37.0,0.0,75.0,45.4822,45.2712,-0.211,180.871
68.59,37.0,0.0,75.0,45.4822,45.2712,-0.211,177.553
68.6,37.0,0.0,75.0,45.4822,45.2673,-0.2149,177.419
68.61,37.0,0.0,75.0,45.4822,45.2686,-0.2136,178.656
68.62,37.0,0.0,75.0,45.4822,45.2725,-0.2097,179.305
68.63,37.0,2.0,4.0,45.4822,45.2738,-0.2084,179.646
68.64,37.0,2.0,4.0,45.4822,45.2738,-0.2084,180.086
68.65,37.0,2.0,4.0,45.4822,45.2725,-0.2097,179.046
68.66,37.0,2.0,4.0,45.4822,45.2699,-0.2123,178.184
68.67,37.0,2.0,4.0,45.4822,45.2686,-0.2136,178.005
68.68,37.0,2.0,4.0,45.4822,45.2686,-0.2136,178.509
68.69,37.0,2.0,4.0,45.4822,45.2712,-0.211,179.225
68.7,37.0,2.0,4.0,45.4822,45.2725,-0.2097,179.938
68.71,37.0,2.0,4.0,45.4822,45.2712,-0.211,178.347
68.72,37.0,2.0,4.0,45.4822,45.2699,-0.2123,177.258
68.73,37.0,2.0,4.0,45.4822,45.2673,-0.2149,177.614
68.74,37.0,2.0,4.0,45.4822,45.2699,-0.2123,178.737
68.75,37.0,2.0,4.0,45.4822,45.2699,-0.2123,178.575
68.76,37.0,2.0,4.0,45.4822,45.2699,-0.2123,178.021
68.77,37.0,2.0,4.0,45.4822,45.2686,-0.2136,177.81
68.78,37.0,2.0,4.0,45.4822,45.2686,-0.2136,177.552
68.79,37.0,2.0,4.0,45.4822,45.2699,-0.2123,177.941
68.8,37.0,2.0,4.0,45.4822,45.2712,-0.211,178.005
68.81,37.0,2.0,4.0,45.4822,45.2712,-0.211,177.859
68.82,37.0,2.0,4.0,45.4822,45.2699,-0.2123,177.438
68.83,37.0,2.0,4.0,45.4822,45.2699,-0.2123,177.406
68.84,37.0,2.0,4.0,45.4822,45.2712,-0.211,177.194
68.85,37.0,2.0,4.0,45.4822,45.2699,-0.2123,176.967
68.86,37.0,2.0,4.0,45.4822,45.2712,-0.211,177.112
68.87,37.0,2.0,4.0,45.4822,45.2699,-0.2123,177.762
68.88,37.0,2.0,4.0,45.4822,45.2699,-0.2123,177.113
68.89,37.0,2.0,4.0,45.4822,45.2686,-0.2136,176.478
68.9,37.0,2.0,4.0,45.4822,45.2699,-0.2123,177.145
68.91,37.0,2.0,4.0,45.4822,45.2712,-0.211,177.502
68.92,37.0,2.0,4.0,45.4822,45.2712,-0.211,177.127
68.93,37.0,2.0,4.0,45.4822,45.2699,-0.2123,176.82
68.94,37.0,2.0,4.0,45.4822,45.2699,-0.2123,177.127
68.95,37.0,2.0,4.0,45.4822,45.2712,-0.211,177.129
68.96,37.0,2.0,4.0,45.4822,45.2712,-0.211,177.047
68.97,4.0,0.0,6.0,52.6234,45.3077,-7.3157,115.092
68.98,4.0,0.0,6.0,52.6234,45.6103,-7.0131,-0.907
68.99,4.0,0.0,6.0,52.6234,46.1699,-6.4535,-0.433
69.0,4.0,0.0,6.0,52.6234,47.1741,-5.4493,0.194
69.01,4.0,0.0,6.0,52.6234,48.0754,-4.548,-0.047
69.02,4.0,0.0,6.0,52.6234,49.1083,-3.5151,-0.324
69.03,4.0,0.0,6.0,52.6234,50.2104,-2.413,0.083
69.04,4.0,0.0,6.0,52.6234,51.3099,-1.3135,-0.26
69.05,4.0,0.0,6.0,52.6234,52.4067,-0.2167,-0.063
69.06,4.0,0.0,6.0,52.6234,53.0328,0.4094,0.098
69.07,4.0,0.0,6.0,52.6234,53.1019,0.4785,-0.195
69.08,4.0,0.0,6.0,52.6234,53.0954,0.472,0.05
69.09,4.0,0.0,6.0,52.6234,53.0954,0.472,-0.178
69.1,4.0,0.0,6.0,52.6234,53.1045,0.4811,-0.031
69.11,4.0,0.0,6.0,52.6234,53.1097,0.4863,0.0
69.12,4.0,0.0,6.0,52.6234,53.115,0.4916,0.065
69.13,4.0,0.0,6.0,52.6234,53.1176,0.4942,0.148
69.14,4.0,0.0,6.0,52.6234,53.1163,0.4929,0.115
69.15,4.0,0.0,6.0,52.6234,53.111,0.4876,-0.178
69.16,4.0,0.0,6.0,52.6234,53.1071,0.4837,-0.08
69.17,4.0,0.0,6.0,52.6234,53.098,0.4746,0.017
69.18,4.0,0.0,6.0,52.6234,53.0915,0.4681,0.083
69.19,4.0,0.0,6.0,52.6234,53.0889,0.4655,0.114
69.2,4.0,0.0,6.0,52.6234,53.0928,0.4694,0.115
69.21,3.0,3.0,0.0,52.8398,53.0902,0.2504,0.018
69.22,3.0,3.0,0.0,52.8398,53.0928,0.253,-0.129
69.23,3.0,3.0,0.0,52.8398,53.0967,0.2569,-0.08
69.24,3.0,3.0,0.0,52.8398,53.1058,0.266,0.098
69.25,3.0,3.0,0.0,52.8398,53.1071,0.2673,0.196
69.26,3.0,3.0,0.0,52.8398,53.1058,0.266,0.098
69.27,3.0,3.0,0.0,52.8398,53.1045,0.2647,0.082
69.28,3.0,3.0,0.0,52.8398,53.1045,0.2647,0.017
69.29,3.0,3.0,0.0,52.8398,53.1045,0.2647,-0.015
69.3,3.0,3.0,0.0,52.8398,53.1045,0.2647,0.163
69.31,3.0,3.0,0.0,52.8398,53.1045,0.2647,-0.015
69.32,3.0,3.0,0.0,52.8398,53.1019,0.2621,0.292
69.33,3.0,3.0,0.0,52.8398,53.1006,0.2608,-0.048
69.34,3.0,3.0,0.0,52.8398,53.1006,0.2608,0.13
69.35,3.0,3.0,0.0,52.8398,53.1032,0.2634,0.098
69.36,3.0,3.0,0.0,52.8398,53.1045,0.2647,0.147
69.37,3.0,3.0,0.0,52.8398,53.1045,0.2647,0.131
69.38,3.0,3.0,0.0,52.8398,53.1045,0.2647,0.229
69.39,3.0,3.0,0.0,52.8398,53.1045,0.2647,0.178
69.4,3.0,3.0,0.0,52.8398,53.1045,0.2647,0.065
69.41,3.0,3.0,0.0,52.8398,53.1032,0.2634,0.163
69.42,3.0,3.0,0.0,52.8398,53.1019,0.2621,0.131
69.43,3.0,3.0,0.0,52.8398,53.1006,0.2608,0.194
69.44,3.0,3.0,0.0,52.8398,53.0993,0.2595,0.099
69.45,3.0,3.0,0.0,52.8398,53.098,0.2582,0.194
69.46,3.0,3.0,0.0,52.8398,53.1006,0.2608,-0.113
69.47,3.0,3.0,0.0,52.8398,53.1006,0.2608,-0.031
69.48,3.0,3.0,0.0,52.8398,53.1019,0.2621,0.18
69.49,3.0,3.0,0.0,52.8398,53.1019,0.2621,0.131
69.5,3.0,3.0,0.0,52.8398,53.1019,0.2621,0.116
69.51,3.0,3.0,0.0,52.8398,53.1006,0.2608,0.065
69.52,3.0,3.0,0.0,52.8398,53.1019,0.2621,0.179
69.53,3.0,3.0,0.0,52.8398,53.1006,0.2608,0.033
69.54,3.0,3.0,0.0,52.8398,53.0993,0.2595,0.195
69.55,3.0,3.0,0.0,52.8398,53.098,0.2582,0.325
69.56,3.0,3.0,0.0,52.8398,53.0967,0.2569,0.099
69.57,3.0,3.0,0.0,52.8398,53.0993,0.2595,0.098
69.58,3.0,3.0,0.0,52.8398,53.0993,0.2595,0.161
69.59,3.0,3.0,0.0,52.8398,53.1006,0.2608,0.228
69.6,3.0,3.0,0.0,52.8398,53.0993,0.2595,0.13
69.61,3.0,3.0,0.0,52.8398,53.1006,0.2608,0.164
69.62,3.0,3.0,0.0,52.8398,53.0993,0.2595,0.163
69.63,3.0,3.0,0.0,52.8398,53.0993,0.2595,-0.064
69.64,3.0,3.0,0.0,52.8398,53.0993,0.2595,0.115
69.65,3.0,3.0,0.0,52.8398,53.098,0.2582,0.148
69.66,3.0,3.0,0.0,52.8398,53.0967,0.2569,0.243
69.67,3.0,3.0,0.0,52.8398,53.0954,0.2556,0.164
69.68,3.0,3.0,0.0,52.8398,53.0967,0.2569,-0.015
69.69,3.0,3.0,0.0,52.8398,53.098,0.2582,0.179
69.7,3.0,3.0,0.0,52.8398,53.098,0.2582,0.162
69.71,3.0,3.0,0.0,52.8398,53.098,0.2582,0.228
69.72,3.0,3.0,0.0,52.8398,53.0967,0.2569,0.18
69.73,3.0,3.0,0.0,52.8398,53.098,0.2582,0.116
69.74,3.0,3.0,0.0,52.8398,53.098,0.2582,0.197
69.75,3.0,3.0,0.0,52.8398,53.098,0.2582,0.099
69.76,3.0,3.0,0.0,52.8398,53.0967,0.2569,0.292
69.77,3.0,3.0,0.0,52.8398,53.0967,0.2569,0.148
69.78,3.0,3.0,0.0,52.8398,53.0954,0.2556,0.163
69.79,3.0,3.0,0.0,52.8398,53.0967,0.2569,0.26
69.8,3.0,3.0,0.0,52.8398,53.0954,0.2556,0.26
69.81,3.0,3.0,0.0,52.8398,53.0954,0.2556,0.033
69.82,3.0,3.0,0.0,52.8398,53.0967,0.2569,0.05
69.83,3.0,3.0,0.0,52.8398,53.0954,0.2556,0.309
69.84,3.0,3.0,0.0,52.8398,53.0941,0.2543,0.099
69.85,3.0,3.0,0.0,52.8398,53.0954,0.2556,0.099
69.86,3.0,3.0,0.0,52.8398,53.0954,0.2556,0.262
69.87,3.0,3.0,0.0,52.8398,53.0941,0.2543,0.099
69.88,3.0,3.0,0.0,52.8398,53.0954,0.2556,0.194
69.89,3.0,3.0,0.0,52.8398,53.0941,0.2543,0.083
69.9,3.0,3.0,0.0,52.8398,53.0928,0.253,0.277
69.91,3.0,3.0,0.0,52.8398,53.0928,0.253,0.146
69.92,3.0,3.0,0.0,52.8398,53.0928,0.253,0.324
69.93,3.0,3.0,0.0,52.8398,53.0941,0.2543,0.081
69.94,3.0,3.0,0.0,52.8398,53.0941,0.2543,0.146
69.95,3.0,3.0,0.0,52.8398,53.0941,0.2543,0.148
69.96,3.0,3.0,0.0,52.8398,53.0954,0.2556,0.228
69.97,3.0,3.0,0.0,52.8398,53.0954,0.2556,0.244
69.98,3.0,3.0,0.0,52.8398,53.0941,0.2543,0.114
69.99,3.0,3.0,0.0,52.8398,53.0941,0.2543,-0.015
70.0,3.0,3.0,0.0,52.8398,53.0928,0.253,0.18
70.01,3.0,3.0,0.0,52.8398,53.0941,0.2543,-0.015
70.02,3.0,3.0,0.0,52.8398,53.0928,0.253,0.116
70.03,3.0,3.0,0.0,52.8398,53.0928,0.253,0.164
70.04,3.0,3.0,0.0,52.8398,53.0928,0.253,0.18
70.05,37.0,0.0,0.0,45.4822,52.6141,7.1319,0.098
70.06,37.0,0.0,0.0,45.4822,50.8286,5.3464,0.196
70.07,37.0,0.0,0.0,45.4822,48.8749,3.3927,0.309
70.08,37.0,0.0,0.0,45.4822,46.9498,1.4676,-0.993
70.09,37.0,0.0,0.0,45.4822,45.5282,0.046,157.095
70.1,37.0,0.0,0.0,45.4822,45.2243,-0.2579,209.854
70.11,37.0,0.0,0.0,45.4822,45.2347,-0.2475,189.128
70.12,37.0,0.0,0.0,45.4822,45.2347,-0.2475,194.593
70.13,37.0,0.0,0.0,45.4822,45.2282,-0.254,197.324
70.14,37.0,0.0,0.0,45.4822,45.2256,-0.2566,191.781
70.15,37.0,0.0,0.0,45.4822,45.2217,-0.2605,195.334
70.16,37.0,0.0,0.0,45.4822,45.2217,-0.2605,199.866
70.17,37.0,0.0,0.0,45.4822,45.2295,-0.2527,197.674
70.18,37.0,0.0,0.0,45.4822,45.2321,-0.2501,199.816
70.19,37.0,0.0,0.0,45.4822,45.2308,-0.2514,199.343
70.2,37.0,0.0,0.0,45.4822,45.2373,-0.2449,193.751
70.21,37.0,0.0,0.0,45.4822,45.2386,-0.2436,195.504
70.22,37.0,0.0,0.0,45.4822,45.2347,-0.2475,200.741
70.23,37.0,0.0,0.0,45.4822,45.2399,-0.2423,199.151
70.24,37.0,0.0,0.0,45.4822,45.2464,-0.2358,196.788
70.25,37.0,0.0,0.0,45.4822,45.2399,-0.2423,197.24
70.26,37.0,0.0,0.0,45.4822,45.2386,-0.2436,197.552
70.27,37.0,0.0,0.0,45.4822,45.2451,-0.2371,197.634
70.28,37.0,0.0,0.0,45.4822,45.2451,-0.2371,198.867
70.29,37.0,2.0,5.0,45.4822,45.2464,-0.2358,199.275
70.3,37.0,2.0,5.0,45.4822,45.2451,-0.2371,197.894
70.31,37.0,2.0,5.0,45.4822,45.2425,-0.2397,197.162
70.32,37.0,2.0,5.0,45.4822,45.2399,-0.2423,197.534
70.33,37.0,2.0,5.0,45.4822,45.2425,-0.2397,197.324
70.34,37.0,2.0,5.0,45.4822,45.2425,-0.2397,198.024
70.35,37.0,2.0,5.0,45.4822,45.2438,-0.2384,199.144
70.36,37.0,2.0,5.0,45.4822,45.2438,-0.2384,197.813
70.37,37.0,2.0,5.0,45.4822,45.2412,-0.241,196.545
70.38,37.0,2.0,5.0,45.4822,45.2412,-0.241,197.21
70.39,37.0,2.0,5.0,45.4822,45.2425,-0.2397,198.04
70.4,37.0,2.0,5.0,45.4822,45.2438,-0.2384,197.91
70.41,37.0,2.0,5.0,45.4822,45.2425,-0.2397,197.13
70.42,37.0,2.0,5.0,45.4822,45.2412,-0.241,196.901
70.43,37.0,2.0,5.0,45.4822,45.2425,-0.2397,196.188
70.44,37.0,2.0,5.0,45.4822,45.2438,-0.2384,196.496
70.45,37.0,2.0,5.0,45.4822,45.2425,-0.2397,196.82
70.46,37.0,2.0,5.0,45.4822,45.2438,-0.2384,196.593
70.47,37.0,2.0,5.0,45.4822,45.2425,-0.2397,196.221
70.48,37.0,2.0,5.0,45.4822,45.2438,-0.2384,196.497
70.49,37.0,2.0,5.0,45.4822,45.2438,-0.2384,196.351
70.5,37.0,2.0,5.0,45.4822,45.2438,-0.2384,196.219
70.51,37.0,2.0,5.0,45.4822,45.2438,-0.2384,196.675
70.52,37.0,2.0,5.0,45.4822,45.2438,-0.2384,196.952
70.53,37.0,2.0,5.0,45.4822,45.2412,-0.241,196.058
70.54,37.0,2.0,5.0,45.4822,45.2412,-0.241,195.668
70.55,37.0,2.0,5.0,45.4822,45.2425,-0.2397,196.382
70.56,37.0,2.0,5.0,45.4822,45.2425,-0.2397,196.789
70.57,37.0,2.0,5.0,45.4822,45.2425,-0.2397,196.692
70.58,37.0,2.0,5.0,45.4822,45.2438,-0.2384,195.994
70.59,37.0,2.0,5.0,45.4822,45.2425,-0.2397,196.057
70.6,37.0,2.0,5.0,45.4822,45.2412,-0.241,196.383
70.61,37.0,2.0,5.0,45.4822,45.2425,-0.2397,196.286
70.62,37.0,2.0,5.0,45.4822,45.2438,-0.2384,191.236
70.63,4.0,0.0,6.0,52.6234,45.3612,-7.2622,30.492
70.64,4.0,0.0,6.0,52.6234,45.6755,-6.9479,0.163
70.65,4.0,0.0,6.0,52.6234,46.3942,-6.2292,-0.001
70.66,4.0,0.0,6.0,52.6234,47.3998,-5.2236,-0.194
70.67,4.0,0.0,6.0,52.6234,48.3414,-4.282,-0.306
70.68,4.0,0.0,6.0,52.6234,49.3783,-3.2451,0.178
70.69,4.0,0.0,6.0,52.6234,50.4686,-2.1548,-0.227
70.7,4.0,0.0,6.0,52.6234,51.5968,-1.0266,-0.113
70.71,4.0,0.0,6.0,52.6234,52.6846,0.0612,0.097
70.72,4.0,0.0,6.0,52.6234,53.0719,0.4485,-0.064
70.73,4.0,0.0,6.0,52.6234,53.1254,0.502,-0.112
70.74,4.0,0.0,6.0,52.6234,53.1228,0.4994,-0.047
70.75,4.0,0.0,6.0,52.6234,53.1163,0.4929,0.083
70.76,4.0,0.0,6.0,52.6234,53.1254,0.502,0.146
70.77,4.0,0.0,6.0,52.6234,53.1293,0.5059,-0.113
70.78,4.0,0.0,6.0,52.6234,53.1319,0.5085,-0.079
70.79,4.0,0.0,6.0,52.6234,53.1332,0.5098,0.017
70.8,4.0,0.0,6.0,52.6234,53.1332,0.5098,0.033
70.81,4.0,0.0,6.0,52.6234,53.1215,0.4981,0.196
70.82,4.0,0.0,6.0,52.6234,53.1176,0.4942,0.244
70.83,4.0,0.0,6.0,52.6234,53.1137,0.4903,0.0
70.84,4.0,0.0,6.0,52.6234,53.111,0.4876,0.016
70.85,4.0,0.0,6.0,52.6234,53.111,0.4876,0.034
70.86,4.0,0.0,6.0,52.6234,53.1097,0.4863,0.195
70.87,3.0,3.0,0.0,52.8398,53.111,0.2712,0.099
70.88,3.0,3.0,0.0,52.8398,53.1163,0.2765,0.05
70.89,3.0,3.0,0.0,52.8398,53.1228,0.283,0.001
70.9,3.0,3.0,0.0,52.8398,53.1254,0.2856,0.177
70.91,3.0,3.0,0.0,52.8398,53.1254,0.2856,0.13
70.92,3.0,3.0,0.0,52.8398,53.1215,0.2817,0.227
70.93,3.0,3.0,0.0,52.8398,53.1202,0.2804,0.017
70.94,3.0,3.0,0.0,52.8398,53.1189,0.2791,0.099
70.95,3.0,3.0,0.0,52.8398,53.1189,0.2791,0.196
70.96,3.0,3.0,0.0,52.8398,53.1189,0.2791,0.18
70.97,3.0,3.0,0.0,52.8398,53.1163,0.2765,0.196
70.98,3.0,3.0,0.0,52.8398,53.1137,0.2739,0.146
70.99,3.0,3.0,0.0,52.8398,53.115,0.2752,0.162
71.0,3.0,3.0,0.0,52.8398,53.1176,0.2778,0.099
71.01,3.0,3.0,0.0,52.8398,53.1189,0.2791,0.082
71.02,3.0,3.0,0.0,52.8398,53.1215,0.2817,0.099
71.03,3.0,3.0,0.0,52.8398,53.1228,0.283,0.034
71.04,3.0,3.0,0.0,52.8398,53.1228,0.283,0.115
71.05,3.0,3.0,0.0,52.8398,53.1228,0.283,0.067
71.06,3.0,3.0,0.0,52.8398,53.1241,0.2843,0.132
71.07,3.0,3.0,0.0,52.8398,53.1241,0.2843,0.178
71.08,3.0,3.0,0.0,52.8398,53.1228,0.283,0.228
71.09,3.0,3.0,0.0,52.8398,53.1189,0.2791,0.05
71.1,3.0,3.0,0.0,52.8398,53.1163,0.2765,0.228
71.11,3.0,3.0,0.0,52.8398,53.1176,0.2778,0.05
71.12,3.0,3.0,0.0,52.8398,53.1202,0.2804,0.26
71.13,3.0,3.0,0.0,52.8398,53.1215,0.2817,0.097
71.14,3.0,3.0,0.0,52.8398,53.1228,0.283,0.066
71.15,3.0,3.0,0.0,52.8398,53.1215,0.2817,0.066
71.16,3.0,3.0,0.0,52.8398,53.1215,0.2817,0.308
71.17,3.0,3.0,0.0,52.8398,53.1215,0.2817,0.245
71.18,3.0,3.0,0.0,52.8398,53.1215,0.2817,0.341
71.19,3.0,3.0,0.0,52.8398,53.1215,0.2817,0.017
71.2,3.0,3.0,0.0,52.8398,53.1202,0.2804,0.179
71.21,3.0,3.0,0.0,52.8398,53.1189,0.2791,0.131
71.22,3.0,3.0,0.0,52.8398,53.1176,0.2778,0.375
71.23,3.0,3.0,0.0,52.8398,53.1176,0.2778,0.066
71.24,3.0,3.0,0.0,52.8398,53.1189,0.2791,0.212
71.25,3.0,3.0,0.0,52.8398,53.1215,0.2817,-0.031
71.26,3.0,3.0,0.0,52.8398,53.1215,0.2817,0.066
71.27,3.0,3.0,0.0,52.8398,53.1215,0.2817,0.276
71.28,3.0,3.0,0.0,52.8398,53.1215,0.2817,0.18
71.29,3.0,3.0,0.0,52.8398,53.1202,0.2804,0.213
71.3,3.0,3.0,0.0,52.8398,53.1202,0.2804,0.245
71.31,3.0,3.0,0.0,52.8398,53.1189,0.2791,0.148
71.32,3.0,3.0,0.0,52.8398,53.1176,0.2778,0.18
71.33,3.0,3.0,0.0,52.8398,53.1176,0.2778,0.131
71.34,3.0,3.0,0.0,52.8398,53.1176,0.2778,0.294
71.35,3.0,3.0,0.0,52.8398,53.1176,0.2778,0.309
71.36,3.0,3.0,0.0,52.8398,53.1189,0.2791,0.211
71.37,3.0,3.0,0.0,52.8398,53.1189,0.2791,0.244
71.38,3.0,3.0,0.0,52.8398,53.1189,0.2791,0.099
71.39,3.0,3.0,0.0,52.8398,53.1176,0.2778,0.196
71.4,3.0,3.0,0.0,52.8398,53.1202,0.2804,0.132
71.41,3.0,3.0,0.0,52.8398,53.1189,0.2791,0.309
71.42,3.0,3.0,0.0,52.8398,53.1202,0.2804,0.13
71.43,3.0,3.0,0.0,52.8398,53.1176,0.2778,-0.047
71.44,3.0,3.0,0.0,52.8398,53.1176,0.2778,0.05
71.45,3.0,3.0,0.0,52.8398,53.1163,0.2765,0.356
71.46,3.0,3.0,0.0,52.8398,53.1163,0.2765,0.245
71.47,3.0,3.0,0.0,52.8398,53.1189,0.2791,0.115
71.48,3.0,3.0,0.0,52.8398,53.1189,0.2791,0.017
71.49,3.0,3.0,0.0,52.8398,53.1202,0.2804,0.34
71.5,3.0,3.0,0.0,52.8398,53.1189,0.2791,0.244
71.51,3.0,3.0,0.0,52.8398,53.1189,0.2791,0.277
71.52,3.0,3.0,0.0,52.8398,53.1176,0.2778,0.196
71.53,3.0,3.0,0.0,52.8398,53.1176,0.2778,0.115
71.54,3.0,3.0,0.0,52.8398,53.1176,0.2778,0.212
71.55,3.0,3.0,0.0,52.8398,53.1176,0.2778,0.131
71.56,3.0,3.0,0.0,52.8398,53.1163,0.2765,0.164
71.57,3.0,3.0,0.0,52.8398,53.1176,0.2778,0.082
71.58,3.0,3.0,0.0,52.8398,53.1163,0.2765,0.148
71.59,3.0,3.0,0.0,52.8398,53.1163,0.2765,0.147
71.6,3.0,3.0,0.0,52.8398,53.1163,0.2765,0.23
71.61,3.0,3.0,0.0,52.8398,53.115,0.2752,0.228
71.62,3.0,3.0,0.0,52.8398,53.1176,0.2778,0.341
71.63,3.0,3.0,0.0,52.8398,53.1163,0.2765,0.164
71.64,3.0,3.0,0.0,52.8398,53.1176,0.2778,0.439
71.65,3.0,3.0,0.0,52.8398,53.1163,0.2765,0.228
71.66,3.0,3.0,0.0,52.8398,53.1163,0.2765,0.277
71.67,3.0,3.0,0.0,52.8398,53.115,0.2752,0.179
71.68,3.0,3.0,0.0,52.8398,53.1163,0.2765,0.259
71.69,3.0,3.0,0.0,52.8398,53.115,0.2752,0.326
71.7,3.0,3.0,0.0,52.8398,52.7615,-0.0783,0.26
