t_meas_s,gPO,gOBJ,gCU,개구_gPO환산_mm,개구_레이저_mm,편차_mm,파지력_N
15.853,3.0,3.0,0.0,52.8398,52.8995,0.0597,0.07
15.863,3.0,3.0,0.0,52.8398,52.8995,0.0597,0.127
15.873,3.0,3.0,0.0,52.8398,52.8995,0.0597,0.032
15.883,3.0,3.0,0.0,52.8398,52.8995,0.0597,-0.054
15.893,3.0,3.0,0.0,52.8398,52.8998,0.06,-0.11
15.903,3.0,3.0,0.0,52.8398,52.9006,0.0608,0.067
15.913,3.0,3.0,0.0,52.8398,52.9006,0.0608,0.074
15.923,3.0,3.0,0.0,52.8398,52.9006,0.0608,0.056
15.933,3.0,3.0,0.0,52.8398,52.9006,0.0608,0.182
15.943,3.0,3.0,0.0,52.8398,52.9006,0.0608,0.065
15.953,3.0,3.0,0.0,52.8398,52.9002,0.0604,0.016
15.963,3.0,3.0,0.0,52.8398,52.8995,0.0597,-0.046
15.973,3.0,3.0,0.0,52.8398,52.8995,0.0597,-0.002
15.983,3.0,3.0,0.0,52.8398,52.8998,0.06,0.229
15.993,3.0,3.0,0.0,52.8398,52.9006,0.0608,0.113
16.003,3.0,3.0,0.0,52.8398,52.9006,0.0608,-0.043
16.013,3.0,3.0,0.0,52.8398,52.9009,0.0611,-0.122
16.023,3.0,3.0,0.0,52.8398,52.9016,0.0618,-0.032
16.033,3.0,3.0,0.0,52.8398,52.9016,0.0618,0.035
16.043,3.0,3.0,0.0,52.8398,52.9013,0.0615,-0.004
16.053,3.0,3.0,0.0,52.8398,52.9006,0.0608,-0.042
16.063,3.0,3.0,0.0,52.8398,52.9006,0.0608,-0.036
16.073,3.0,3.0,0.0,52.8398,52.9006,0.0608,0.121
16.083,3.0,3.0,0.0,52.8398,52.9006,0.0608,0.13
16.093,3.0,3.0,0.0,52.8398,52.9009,0.0611,0.111
16.103,3.0,3.0,0.0,52.8398,52.9013,0.0615,0.135
16.113,3.0,3.0,0.0,52.8398,52.9009,0.0611,0.113
16.123,3.0,3.0,0.0,52.8398,52.9013,0.0615,0.108
16.133,3.0,3.0,0.0,52.8398,52.9006,0.0608,0.082
16.143,3.0,3.0,0.0,52.8398,52.9009,0.0611,0.053
16.153,3.0,3.0,0.0,52.8398,52.9013,0.0615,0.039
16.163,3.0,3.0,0.0,52.8398,52.9006,0.0608,-0.037
16.173,3.0,3.0,0.0,52.8398,52.9002,0.0604,-0.042
16.183,3.0,3.0,0.0,52.8398,52.8995,0.0597,0.038
16.193,3.0,3.0,0.0,52.8398,52.8998,0.06,0.053
16.203,3.0,3.0,0.0,52.8398,52.9009,0.0611,0.134
16.213,3.0,3.0,0.0,52.8398,52.9016,0.0618,0.084
16.223,3.0,3.0,0.0,52.8398,52.9013,0.0615,0.026
16.233,3.0,3.0,0.0,52.8398,52.9006,0.0608,0.082
16.243,3.0,3.0,0.0,52.8398,52.9006,0.0608,0.035
16.253,3.0,3.0,0.0,52.8398,52.9002,0.0604,-0.114
16.263,3.0,3.0,0.0,52.8398,52.8998,0.06,0.133
16.273,3.0,3.0,0.0,52.8398,52.9006,0.0608,-0.082
16.283,3.0,3.0,0.0,52.8398,52.9006,0.0608,-0.008
16.293,3.0,3.0,0.0,52.8398,52.9009,0.0611,0.094
16.303,3.0,3.0,0.0,52.8398,52.9016,0.0618,-0.046
16.313,3.0,3.0,0.0,52.8398,52.9013,0.0615,-0.029
16.323,3.0,3.0,0.0,52.8398,52.9006,0.0608,-0.102
16.333,3.0,3.0,0.0,52.8398,52.9006,0.0608,-0.089
16.343,3.0,3.0,0.0,52.8398,52.9006,0.0608,0.012
16.353,3.0,3.0,0.0,52.8398,52.9006,0.0608,0.08
16.363,3.0,3.0,0.0,52.8398,52.9006,0.0608,0.019
16.373,3.0,3.0,0.0,52.8398,52.9006,0.0608,0.049
16.383,3.0,3.0,0.0,52.8398,52.9006,0.0608,-0.087
16.393,3.0,3.0,0.0,52.8398,52.9006,0.0608,-0.183
16.403,3.0,3.0,0.0,52.8398,52.9006,0.0608,0.082
16.413,3.0,3.0,0.0,52.8398,52.9006,0.0608,-0.051
16.423,3.0,3.0,0.0,52.8398,52.9006,0.0608,-0.002
16.433,3.0,3.0,0.0,52.8398,52.9006,0.0608,0.061
16.443,3.0,3.0,0.0,52.8398,52.9006,0.0608,0.119
16.453,3.0,3.0,0.0,52.8398,52.9009,0.0611,0.134
16.463,3.0,3.0,0.0,52.8398,52.9013,0.0615,0.162
16.473,3.0,3.0,0.0,52.8398,52.9009,0.0611,-0.009
16.483,3.0,3.0,0.0,52.8398,52.9016,0.0618,-0.023
16.493,3.0,3.0,0.0,52.8398,52.901,0.0612,0.026
16.503,19.0,0.0,12.0,49.3774,52.878,3.5006,-0.059
16.513,19.0,0.0,12.0,49.3774,52.7315,3.3541,0.047
16.523,19.0,0.0,12.0,49.3774,52.4025,3.0251,0.105
16.533,19.0,0.0,12.0,49.3774,52.0352,2.6578,0.109
16.543,19.0,0.0,12.0,49.3774,51.6463,2.2689,-0.046
16.553,19.0,0.0,12.0,49.3774,51.276,1.8986,-0.008
16.563,19.0,0.0,12.0,49.3774,50.8564,1.479,0.237
16.573,19.0,0.0,12.0,49.3774,50.4645,1.0871,0.211
16.583,19.0,0.0,12.0,49.3774,50.0501,0.6727,0.196
16.593,19.0,0.0,12.0,49.3774,49.6234,0.246,0.178
16.603,19.0,0.0,12.0,49.3774,49.233,-0.1444,0.016
16.613,19.0,0.0,12.0,49.3774,48.806,-0.5714,0.026
16.623,19.0,0.0,12.0,49.3774,48.4502,-0.9272,0.099
16.633,19.0,0.0,12.0,49.3774,48.2521,-1.1253,0.08
16.643,19.0,0.0,12.0,49.3774,48.2403,-1.1371,0.096
16.653,19.0,0.0,12.0,49.3774,48.241,-1.1364,-0.081
16.663,19.0,0.0,12.0,49.3774,48.241,-1.1364,-0.026
16.673,19.0,0.0,12.0,49.3774,48.2414,-1.136,-0.051
16.683,19.0,0.0,12.0,49.3774,48.2421,-1.1353,0.103
16.693,19.0,0.0,12.0,49.3774,48.2424,-1.135,-0.117
16.703,19.0,0.0,12.0,49.3774,48.2434,-1.134,0.004
16.713,19.0,0.0,12.0,49.3774,48.2438,-1.1336,0.126
16.723,19.0,0.0,12.0,49.3774,48.2434,-1.134,0.065
16.733,19.0,0.0,12.0,49.3774,48.2438,-1.1336,-0.0
16.743,27.0,3.0,0.0,47.6462,48.2431,0.5969,0.098
16.753,27.0,3.0,0.0,47.6462,48.2434,0.5972,0.036
16.763,27.0,3.0,0.0,47.6462,48.2438,0.5976,0.002
16.773,27.0,3.0,0.0,47.6462,48.2431,0.5969,0.056
16.783,27.0,3.0,0.0,47.6462,48.2431,0.5969,0.02
16.793,27.0,3.0,0.0,47.6462,48.2431,0.5969,0.005
16.803,27.0,3.0,0.0,47.6462,48.2434,0.5972,-0.047
16.813,27.0,3.0,0.0,47.6462,48.2438,0.5976,0.103
16.823,27.0,3.0,0.0,47.6462,48.2428,0.5966,0.049
16.833,27.0,3.0,0.0,47.6462,48.2421,0.5959,0.137
16.843,27.0,3.0,0.0,47.6462,48.2421,0.5959,0.051
16.853,27.0,3.0,0.0,47.6462,48.2421,0.5959,0.022
16.863,27.0,3.0,0.0,47.6462,48.2418,0.5956,0.088
16.873,27.0,3.0,0.0,47.6462,48.241,0.5948,0.012
16.883,27.0,3.0,0.0,47.6462,48.241,0.5948,0.021
16.893,27.0,3.0,0.0,47.6462,48.241,0.5948,0.176
16.903,27.0,3.0,0.0,47.6462,48.241,0.5948,0.169
16.913,27.0,3.0,0.0,47.6462,48.2407,0.5945,0.014
16.923,27.0,3.0,0.0,47.6462,48.24,0.5938,-0.001
16.933,27.0,3.0,0.0,47.6462,48.24,0.5938,-0.036
16.943,27.0,3.0,0.0,47.6462,48.2397,0.5935,0.111
16.953,27.0,3.0,0.0,47.6462,48.239,0.5928,0.016
16.963,27.0,3.0,0.0,47.6462,48.239,0.5928,-0.028
16.973,27.0,3.0,0.0,47.6462,48.239,0.5928,-0.05
16.983,27.0,3.0,0.0,47.6462,48.239,0.5928,0.042
16.993,27.0,3.0,0.0,47.6462,48.239,0.5928,0.228
17.003,27.0,3.0,0.0,47.6462,48.239,0.5928,0.185
17.013,27.0,3.0,0.0,47.6462,48.239,0.5928,0.116
17.023,27.0,3.0,0.0,47.6462,48.239,0.5928,-0.091
17.033,27.0,3.0,0.0,47.6462,48.239,0.5928,0.098
17.043,27.0,3.0,0.0,47.6462,48.2387,0.5925,0.059
17.053,27.0,3.0,0.0,47.6462,48.238,0.5918,0.053
17.063,27.0,3.0,0.0,47.6462,48.2377,0.5915,0.054
17.073,27.0,3.0,0.0,47.6462,48.2373,0.5911,0.066
17.083,27.0,3.0,0.0,47.6462,48.2377,0.5915,0.111
17.093,27.0,3.0,0.0,47.6462,48.237,0.5908,0.037
17.103,27.0,3.0,0.0,47.6462,48.237,0.5908,0.036
17.113,27.0,3.0,0.0,47.6462,48.237,0.5908,0.048
17.123,27.0,3.0,0.0,47.6462,48.237,0.5908,0.177
17.133,27.0,3.0,0.0,47.6462,48.2367,0.5905,0.203
17.143,27.0,3.0,0.0,47.6462,48.2363,0.5901,-0.016
17.153,27.0,3.0,0.0,47.6462,48.237,0.5908,0.008
17.163,27.0,3.0,0.0,47.6462,48.2367,0.5905,0.087
17.173,27.0,3.0,0.0,47.6462,48.2363,0.5901,0.039
17.183,27.0,3.0,0.0,47.6462,48.237,0.5908,0.171
17.193,27.0,3.0,0.0,47.6462,48.2367,0.5905,0.048
17.203,27.0,3.0,0.0,47.6462,48.236,0.5898,0.031
17.213,27.0,3.0,0.0,47.6462,48.236,0.5898,-0.134
17.223,27.0,3.0,0.0,47.6462,48.2357,0.5895,0.203
17.233,27.0,3.0,0.0,47.6462,48.2347,0.5885,0.163
17.243,27.0,3.0,0.0,47.6462,48.2343,0.5881,0.001
17.253,27.0,3.0,0.0,47.6462,48.235,0.5888,-0.023
17.263,27.0,3.0,0.0,47.6462,48.2347,0.5885,-0.03
17.273,27.0,3.0,0.0,47.6462,48.234,0.5878,-0.074
17.283,27.0,3.0,0.0,47.6462,48.2343,0.5881,0.02
17.293,27.0,3.0,0.0,47.6462,48.2353,0.5891,0.059
17.303,27.0,3.0,0.0,47.6462,48.2357,0.5895,-0.023
17.313,27.0,3.0,0.0,47.6462,48.2347,0.5885,0.079
17.323,27.0,3.0,0.0,47.6462,48.2343,0.5881,0.027
17.333,27.0,3.0,0.0,47.6462,48.235,0.5888,-0.01
17.343,27.0,3.0,0.0,47.6462,48.2347,0.5885,0.169
17.353,27.0,3.0,0.0,47.6462,48.2343,0.5881,0.104
17.363,27.0,3.0,0.0,47.6462,48.235,0.5888,0.081
17.373,27.0,3.0,0.0,47.6462,48.235,0.5888,0.124
17.383,27.0,3.0,0.0,47.6462,48.235,0.5888,0.187
17.393,27.0,3.0,0.0,47.6462,48.2353,0.5891,0.077
17.403,27.0,3.0,0.0,47.6462,48.236,0.5898,0.04
17.413,27.0,3.0,0.0,47.6462,48.236,0.5898,0.0
17.423,27.0,3.0,0.0,47.6462,48.2357,0.5895,-0.089
17.433,27.0,3.0,0.0,47.6462,48.2347,0.5885,0.097
17.443,27.0,3.0,0.0,47.6462,48.2343,0.5881,0.143
17.453,27.0,3.0,0.0,47.6462,48.2347,0.5885,0.013
17.463,27.0,3.0,0.0,47.6462,48.2343,0.5881,0.128
17.473,27.0,3.0,0.0,47.6462,48.235,0.5888,0.193
17.483,27.0,3.0,0.0,47.6462,48.2347,0.5885,0.042
17.493,27.0,3.0,0.0,47.6462,48.2343,0.5881,-0.033
17.503,27.0,3.0,0.0,47.6462,48.2344,0.5882,0.063
17.513,27.0,3.0,0.0,47.6462,48.2329,0.5867,0.147
17.523,27.0,3.0,0.0,47.6462,48.2329,0.5867,0.004
17.533,27.0,3.0,0.0,47.6462,48.2329,0.5867,0.089
17.543,27.0,3.0,0.0,47.6462,48.2329,0.5867,0.2
17.553,27.0,3.0,0.0,47.6462,48.2326,0.5864,0.07
17.563,27.0,3.0,0.0,47.6462,48.2319,0.5857,0.017
17.573,27.0,3.0,0.0,47.6462,48.2322,0.586,-0.092
17.583,27.0,3.0,0.0,47.6462,48.2326,0.5864,0.042
17.593,27.0,3.0,0.0,47.6462,48.2319,0.5857,0.16
17.603,27.0,3.0,0.0,47.6462,48.2319,0.5857,0.184
17.613,27.0,3.0,0.0,47.6462,48.2319,0.5857,0.102
17.623,27.0,3.0,0.0,47.6462,48.2319,0.5857,0.015
17.633,27.0,3.0,0.0,47.6462,48.2319,0.5857,0.084
17.643,27.0,3.0,0.0,47.6462,48.2319,0.5857,-0.046
17.653,27.0,3.0,0.0,47.6462,48.2319,0.5857,-0.118
17.663,27.0,3.0,0.0,47.6462,48.2319,0.5857,-0.125
17.673,27.0,3.0,0.0,47.6462,48.2316,0.5854,-0.026
17.683,27.0,3.0,0.0,47.6462,48.2312,0.585,0.095
17.693,27.0,3.0,0.0,47.6462,48.2319,0.5857,-0.098
17.703,27.0,3.0,0.0,47.6462,48.2319,0.5857,-0.04
17.713,27.0,3.0,0.0,47.6462,48.2319,0.5857,0.047
17.723,27.0,3.0,0.0,47.6462,48.2319,0.5857,-0.067
17.733,27.0,3.0,0.0,47.6462,48.2319,0.5857,-0.042
17.743,27.0,3.0,0.0,47.6462,48.2319,0.5857,-0.024
17.753,27.0,3.0,0.0,47.6462,48.2316,0.5854,-0.095
17.763,27.0,3.0,0.0,47.6462,48.2309,0.5847,-0.02
17.773,27.0,3.0,0.0,47.6462,48.2309,0.5847,0.096
17.783,27.0,3.0,0.0,47.6462,48.2309,0.5847,0.098
17.793,27.0,3.0,0.0,47.6462,48.2309,0.5847,-0.134
17.803,27.0,3.0,0.0,47.6462,48.2309,0.5847,-0.018
17.813,27.0,3.0,0.0,47.6462,48.2309,0.5847,0.067
17.823,27.0,3.0,0.0,47.6462,48.2312,0.585,0.043
17.833,27.0,3.0,0.0,47.6462,48.2319,0.5857,0.126
17.843,27.0,3.0,0.0,47.6462,48.2316,0.5854,0.066
17.853,27.0,3.0,0.0,47.6462,48.2309,0.5847,0.057
17.863,27.0,3.0,0.0,47.6462,48.2309,0.5847,0.128
17.873,27.0,3.0,0.0,47.6462,48.2309,0.5847,0.126
17.883,27.0,3.0,0.0,47.6462,48.2309,0.5847,0.052
17.893,27.0,3.0,0.0,47.6462,48.2309,0.5847,0.034
17.903,27.0,3.0,0.0,47.6462,48.2309,0.5847,-0.023
17.913,27.0,3.0,0.0,47.6462,48.2309,0.5847,-0.025
17.923,27.0,3.0,0.0,47.6462,48.2309,0.5847,-0.039
17.933,27.0,3.0,0.0,47.6462,48.2309,0.5847,0.039
17.943,27.0,3.0,0.0,47.6462,48.2309,0.5847,-0.017
17.953,27.0,3.0,0.0,47.6462,48.2306,0.5844,0.061
17.963,27.0,3.0,0.0,47.6462,48.2299,0.5837,0.189
17.973,27.0,3.0,0.0,47.6462,48.2299,0.5837,0.035
17.983,27.0,3.0,0.0,47.6462,48.2296,0.5834,-0.018
17.993,27.0,3.0,0.0,47.6462,48.2289,0.5827,0.064
18.003,27.0,3.0,0.0,47.6462,48.2289,0.5827,0.163
18.013,27.0,3.0,0.0,47.6462,48.2289,0.5827,0.124
18.023,27.0,3.0,0.0,47.6462,48.2292,0.583,0.074
18.033,27.0,3.0,0.0,47.6462,48.2296,0.5834,0.013
18.043,27.0,3.0,0.0,47.6462,48.2292,0.583,0.085
18.053,27.0,3.0,0.0,47.6462,48.2302,0.584,0.067
18.063,3.0,0.0,29.0,52.8398,48.3039,-4.5359,-0.026
18.073,3.0,0.0,29.0,52.8398,48.6705,-4.1693,-0.01
18.083,3.0,0.0,29.0,52.8398,49.3759,-3.4639,0.113
18.093,3.0,0.0,29.0,52.8398,50.1989,-2.6409,-0.023
18.103,3.0,0.0,29.0,52.8398,51.0346,-1.8052,-0.046
18.113,3.0,0.0,29.0,52.8398,51.8771,-0.9627,0.042
18.123,3.0,0.0,29.0,52.8398,52.4911,-0.3487,0.015
18.133,3.0,0.0,29.0,52.8398,52.6722,-0.1676,-0.118
18.143,3.0,0.0,29.0,52.8398,52.7141,-0.1257,-0.167
18.153,3.0,0.0,29.0,52.8398,52.7141,-0.1257,-0.12
18.163,3.0,0.0,29.0,52.8398,52.7141,-0.1257,-0.013
18.173,3.0,0.0,29.0,52.8398,52.7141,-0.1257,-0.07
18.183,3.0,0.0,29.0,52.8398,52.7141,-0.1257,-0.009
18.193,3.0,0.0,29.0,52.8398,52.7141,-0.1257,0.05
18.203,3.0,0.0,29.0,52.8398,52.7141,-0.1257,-0.028
18.213,3.0,0.0,29.0,52.8398,52.7141,-0.1257,0.0
18.223,3.0,0.0,29.0,52.8398,52.7141,-0.1257,0.079
18.233,3.0,0.0,29.0,52.8398,52.7138,-0.126,0.038
18.243,3.0,0.0,29.0,52.8398,52.7128,-0.127,0.143
18.253,3.0,0.0,29.0,52.8398,52.7118,-0.128,0.153
18.263,3.0,0.0,29.0,52.8398,52.7107,-0.1291,0.101
18.273,3.0,0.0,29.0,52.8398,52.71,-0.1298,0.157
18.283,3.0,0.0,29.0,52.8398,52.7094,-0.1304,0.163
18.293,3.0,0.0,29.0,52.8398,52.7083,-0.1315,-0.064
18.303,3.0,3.0,0.0,52.8398,52.709,-0.1308,0.012
18.313,3.0,3.0,0.0,52.8398,52.7087,-0.1311,0.116
18.323,3.0,3.0,0.0,52.8398,52.7083,-0.1315,-0.054
18.333,3.0,3.0,0.0,52.8398,52.7084,-0.1314,-0.002
18.343,3.0,3.0,0.0,52.8398,52.707,-0.1328,0.006
18.353,3.0,3.0,0.0,52.8398,52.7073,-0.1325,-0.039
18.363,3.0,3.0,0.0,52.8398,52.708,-0.1318,0.108
18.373,3.0,3.0,0.0,52.8398,52.7077,-0.1321,-0.045
18.383,3.0,3.0,0.0,52.8398,52.7073,-0.1325,0.06
18.393,3.0,3.0,0.0,52.8398,52.7077,-0.1321,0.201
18.403,3.0,3.0,0.0,52.8398,52.707,-0.1328,0.013
18.413,3.0,3.0,0.0,52.8398,52.707,-0.1328,-0.036
18.423,3.0,3.0,0.0,52.8398,52.707,-0.1328,-0.019
18.433,3.0,3.0,0.0,52.8398,52.7073,-0.1325,0.04
18.443,3.0,3.0,0.0,52.8398,52.7077,-0.1321,-0.014
18.453,3.0,3.0,0.0,52.8398,52.707,-0.1328,-0.008
18.463,3.0,3.0,0.0,52.8398,52.707,-0.1328,0.079
18.473,3.0,3.0,0.0,52.8398,52.7073,-0.1325,-0.051
18.483,3.0,3.0,0.0,52.8398,52.708,-0.1318,0.14
18.493,3.0,3.0,0.0,52.8398,52.708,-0.1318,0.145
18.503,3.0,3.0,0.0,52.8398,52.708,-0.1318,-0.033
18.513,3.0,3.0,0.0,52.8398,52.7083,-0.1315,0.056
18.523,3.0,3.0,0.0,52.8398,52.709,-0.1308,0.058
18.533,3.0,3.0,0.0,52.8398,52.709,-0.1308,0.149
18.543,3.0,3.0,0.0,52.8398,52.709,-0.1308,-0.035
18.553,3.0,3.0,0.0,52.8398,52.709,-0.1308,-0.145
18.563,3.0,3.0,0.0,52.8398,52.709,-0.1308,0.072
18.573,3.0,3.0,0.0,52.8398,52.709,-0.1308,0.152
18.583,3.0,3.0,0.0,52.8398,52.7087,-0.1311,0.186
18.593,3.0,3.0,0.0,52.8398,52.7083,-0.1315,0.162
18.603,3.0,3.0,0.0,52.8398,52.709,-0.1308,0.199
18.613,3.0,3.0,0.0,52.8398,52.709,-0.1308,0.073
18.623,3.0,3.0,0.0,52.8398,52.709,-0.1308,0.035
18.633,3.0,3.0,0.0,52.8398,52.7087,-0.1311,0.079
18.643,3.0,3.0,0.0,52.8398,52.7083,-0.1315,0.007
18.653,3.0,3.0,0.0,52.8398,52.7087,-0.1311,-0.119
18.663,3.0,3.0,0.0,52.8398,52.7077,-0.1321,-0.012
18.673,3.0,3.0,0.0,52.8398,52.7073,-0.1325,0.015
18.683,3.0,3.0,0.0,52.8398,52.7083,-0.1315,0.068
18.693,3.0,3.0,0.0,52.8398,52.7087,-0.1311,0.147
18.703,3.0,3.0,0.0,52.8398,52.7083,-0.1315,0.172
18.713,3.0,3.0,0.0,52.8398,52.709,-0.1308,0.101
18.723,3.0,3.0,0.0,52.8398,52.709,-0.1308,0.177
18.733,3.0,3.0,0.0,52.8398,52.7087,-0.1311,0.021
18.743,3.0,3.0,0.0,52.8398,52.7083,-0.1315,0.001
18.753,3.0,3.0,0.0,52.8398,52.709,-0.1308,0.151
18.763,3.0,3.0,0.0,52.8398,52.709,-0.1308,0.086
18.773,3.0,3.0,0.0,52.8398,52.709,-0.1308,0.085
18.783,3.0,3.0,0.0,52.8398,52.7093,-0.1305,-0.061
18.793,3.0,3.0,0.0,52.8398,52.7097,-0.1301,0.034
18.803,3.0,3.0,0.0,52.8398,52.709,-0.1308,-0.007
18.813,3.0,3.0,0.0,52.8398,52.709,-0.1308,0.232
18.823,3.0,3.0,0.0,52.8398,52.709,-0.1308,0.146
18.833,3.0,3.0,0.0,52.8398,52.7093,-0.1305,0.004
18.843,3.0,3.0,0.0,52.8398,52.7097,-0.1301,-0.014
18.853,3.0,3.0,0.0,52.8398,52.709,-0.1308,-0.008
18.863,3.0,3.0,0.0,52.8398,52.7087,-0.1311,0.109
18.873,3.0,3.0,0.0,52.8398,52.7083,-0.1315,0.009
18.883,3.0,3.0,0.0,52.8398,52.709,-0.1308,0.071
18.893,3.0,3.0,0.0,52.8398,52.709,-0.1308,0.11
18.903,3.0,3.0,0.0,52.8398,52.709,-0.1308,0.104
18.913,3.0,3.0,0.0,52.8398,52.709,-0.1308,-0.036
18.923,3.0,3.0,0.0,52.8398,52.7093,-0.1305,0.004
18.933,3.0,3.0,0.0,52.8398,52.7097,-0.1301,-0.065
18.943,3.0,3.0,0.0,52.8398,52.7093,-0.1305,-0.055
18.953,3.0,3.0,0.0,52.8398,52.71,-0.1298,-0.033
18.963,3.0,3.0,0.0,52.8398,52.7097,-0.1301,-0.028
18.973,3.0,3.0,0.0,52.8398,52.7093,-0.1305,0.061
18.983,3.0,3.0,0.0,52.8398,52.7097,-0.1301,0.195
18.993,3.0,3.0,0.0,52.8398,52.709,-0.1308,0.038
19.003,3.0,3.0,0.0,52.8398,52.709,-0.1308,-0.001
19.013,3.0,3.0,0.0,52.8398,52.7093,-0.1305,0.112
19.023,3.0,3.0,0.0,52.8398,52.71,-0.1298,0.017
19.033,3.0,3.0,0.0,52.8398,52.7097,-0.1301,0.007
19.043,3.0,3.0,0.0,52.8398,52.709,-0.1308,0.025
19.053,3.0,3.0,0.0,52.8398,52.7093,-0.1305,-0.042
19.063,3.0,3.0,0.0,52.8398,52.71,-0.1298,0.005
19.073,3.0,3.0,0.0,52.8398,52.7097,-0.1301,0.011
19.083,3.0,3.0,0.0,52.8398,52.7093,-0.1305,0.094
19.093,3.0,3.0,0.0,52.8398,52.71,-0.1298,0.093
19.103,3.0,3.0,0.0,52.8398,52.71,-0.1298,0.02
19.113,3.0,3.0,0.0,52.8398,52.71,-0.1298,-0.036
19.123,3.0,3.0,0.0,52.8398,52.7064,-0.1334,-0.166
19.133,3.0,3.0,0.0,52.8398,52.6611,-0.1787,-0.06
19.143,21.0,0.0,8.0,48.9446,52.4822,3.5376,0.002
19.153,21.0,0.0,8.0,48.9446,52.1502,3.2056,-0.065
19.163,21.0,0.0,8.0,48.9446,51.7535,2.8089,-0.07
19.173,21.0,0.0,8.0,48.9446,51.3458,2.4012,-0.028
19.183,21.0,0.0,8.0,48.9446,50.9658,2.0212,0.12
19.193,21.0,0.0,8.0,48.9446,50.5447,1.6001,0.104
19.203,21.0,0.0,8.0,48.9446,50.1519,1.2073,-0.075
19.213,21.0,0.0,8.0,48.9446,49.7583,0.8137,-0.074
19.223,21.0,0.0,8.0,48.9446,49.3356,0.391,0.021
19.233,21.0,0.0,8.0,48.9446,48.9394,-0.0052,0.123
19.243,21.0,0.0,8.0,48.9446,48.5149,-0.4297,0.151
19.253,21.0,0.0,8.0,48.9446,48.1684,-0.7762,0.021
19.263,21.0,0.0,8.0,48.9446,47.9952,-0.9494,-0.201
19.273,21.0,0.0,8.0,48.9446,47.9861,-0.9585,0.024
19.283,21.0,0.0,8.0,48.9446,47.9844,-0.9602,-0.023
19.293,21.0,0.0,8.0,48.9446,47.9837,-0.9609,0.005
19.303,21.0,0.0,8.0,48.9446,47.9837,-0.9609,0.007
19.313,21.0,0.0,8.0,48.9446,47.9837,-0.9609,-0.021
19.323,21.0,0.0,8.0,48.9446,47.9837,-0.9609,0.011
19.333,21.0,0.0,8.0,48.9446,47.9837,-0.9609,0.059
19.343,21.0,0.0,8.0,48.9446,47.984,-0.9606,0.002
19.353,21.0,0.0,8.0,48.9446,47.9847,-0.9599,0.157
19.363,21.0,0.0,8.0,48.9446,47.9844,-0.9602,0.14
19.373,21.0,0.0,8.0,48.9446,47.9833,-0.9613,0.119
19.383,27.0,3.0,0.0,47.6462,47.9826,0.3364,0.068
19.393,27.0,3.0,0.0,47.6462,47.9826,0.3364,0.053
19.403,27.0,3.0,0.0,47.6462,47.9826,0.3364,0.106
19.413,27.0,3.0,0.0,47.6462,47.9826,0.3364,-0.021
19.423,27.0,3.0,0.0,47.6462,47.9826,0.3364,0.052
19.433,27.0,3.0,0.0,47.6462,47.9829,0.3367,-0.012
19.443,27.0,3.0,0.0,47.6462,47.9837,0.3375,0.028
19.453,27.0,3.0,0.0,47.6462,47.9833,0.3371,0.102
19.463,27.0,3.0,0.0,47.6462,47.9826,0.3364,0.152
19.473,27.0,3.0,0.0,47.6462,47.9829,0.3367,0.165
19.483,27.0,3.0,0.0,47.6462,47.9837,0.3375,0.066
19.493,27.0,3.0,0.0,47.6462,47.9837,0.3375,0.137
19.503,27.0,3.0,0.0,47.6462,47.9833,0.3371,-0.079
19.513,27.0,3.0,0.0,47.6462,47.9826,0.3364,0.037
19.523,27.0,3.0,0.0,47.6462,47.9829,0.3367,-0.08
19.533,27.0,3.0,0.0,47.6462,47.9837,0.3375,-0.049
19.543,27.0,3.0,0.0,47.6462,47.9837,0.3375,0.073
19.553,27.0,3.0,0.0,47.6462,47.9837,0.3375,0.045
19.563,27.0,3.0,0.0,47.6462,47.9837,0.3375,0.094
19.573,27.0,3.0,0.0,47.6462,47.9837,0.3375,0.029
19.583,27.0,3.0,0.0,47.6462,47.9837,0.3375,0.071
19.593,27.0,3.0,0.0,47.6462,47.9837,0.3375,0.25
19.603,27.0,3.0,0.0,47.6462,47.9833,0.3371,0.164
19.613,27.0,3.0,0.0,47.6462,47.9826,0.3364,0.073
19.623,27.0,3.0,0.0,47.6462,47.9826,0.3364,0.011
19.633,27.0,3.0,0.0,47.6462,47.9826,0.3364,0.014
19.643,27.0,3.0,0.0,47.6462,47.9826,0.3364,0.087
19.653,27.0,3.0,0.0,47.6462,47.9826,0.3364,0.121
19.663,27.0,3.0,0.0,47.6462,47.9826,0.3364,0.003
19.673,27.0,3.0,0.0,47.6462,47.9826,0.3364,0.077
19.683,27.0,3.0,0.0,47.6462,47.9823,0.3361,0.092
19.693,27.0,3.0,0.0,47.6462,47.9816,0.3354,-0.014
19.703,27.0,3.0,0.0,47.6462,47.9819,0.3357,0.023
19.713,27.0,3.0,0.0,47.6462,47.9823,0.3361,-0.001
19.723,27.0,3.0,0.0,47.6462,47.9813,0.3351,0.003
19.733,27.0,3.0,0.0,47.6462,47.9806,0.3344,-0.009
19.743,27.0,3.0,0.0,47.6462,47.9812,0.335,-0.057
19.753,27.0,3.0,0.0,47.6462,47.9826,0.3364,-0.005
19.763,27.0,3.0,0.0,47.6462,47.9823,0.3361,0.07
19.773,27.0,3.0,0.0,47.6462,47.9816,0.3354,0.056
19.783,27.0,3.0,0.0,47.6462,47.9819,0.3357,0.015
19.793,27.0,3.0,0.0,47.6462,47.9823,0.3361,-0.015
19.803,27.0,3.0,0.0,47.6462,47.9819,0.3357,-0.046
19.813,27.0,3.0,0.0,47.6462,47.9823,0.3361,0.163
19.823,27.0,3.0,0.0,47.6462,47.9819,0.3357,0.06
19.833,27.0,3.0,0.0,47.6462,47.9826,0.3364,0.118
19.843,27.0,3.0,0.0,47.6462,47.9823,0.3361,0.019
19.853,27.0,3.0,0.0,47.6462,47.9816,0.3354,0.022
19.863,27.0,3.0,0.0,47.6462,47.9819,0.3357,0.014
19.873,27.0,3.0,0.0,47.6462,47.9826,0.3364,0.111
19.883,27.0,3.0,0.0,47.6462,47.9823,0.3361,0.204
19.893,27.0,3.0,0.0,47.6462,47.9816,0.3354,0.042
19.903,27.0,3.0,0.0,47.6462,47.9816,0.3354,-0.034
19.913,27.0,3.0,0.0,47.6462,47.9816,0.3354,0.01
19.923,27.0,3.0,0.0,47.6462,47.9819,0.3357,0.042
19.933,27.0,3.0,0.0,47.6462,47.9823,0.3361,0.03
19.943,27.0,3.0,0.0,47.6462,47.9819,0.3357,-0.002
19.953,27.0,3.0,0.0,47.6462,47.9826,0.3364,0.084
19.963,27.0,3.0,0.0,47.6462,47.9823,0.3361,0.006
19.973,27.0,3.0,0.0,47.6462,47.9816,0.3354,-0.046
19.983,27.0,3.0,0.0,47.6462,47.9813,0.3351,-0.085
19.993,27.0,3.0,0.0,47.6462,47.9812,0.335,-0.016
20.003,27.0,3.0,0.0,47.6462,47.9826,0.3364,0.008
20.013,27.0,3.0,0.0,47.6462,47.9823,0.3361,0.097
20.023,27.0,3.0,0.0,47.6462,47.9816,0.3354,0.149
20.033,27.0,3.0,0.0,47.6462,47.9816,0.3354,0.017
20.043,27.0,3.0,0.0,47.6462,47.9819,0.3357,-0.145
20.053,27.0,3.0,0.0,47.6462,47.9826,0.3364,-0.072
20.063,27.0,3.0,0.0,47.6462,47.9823,0.3361,0.075
20.073,27.0,3.0,0.0,47.6462,47.9819,0.3357,-0.079
20.083,27.0,3.0,0.0,47.6462,47.9826,0.3364,0.157
20.093,27.0,3.0,0.0,47.6462,47.9826,0.3364,0.171
20.103,27.0,3.0,0.0,47.6462,47.9823,0.3361,-0.067
20.113,27.0,3.0,0.0,47.6462,47.9819,0.3357,-0.097
20.123,27.0,3.0,0.0,47.6462,47.9826,0.3364,0.05
20.133,27.0,3.0,0.0,47.6462,47.9826,0.3364,0.128
20.143,27.0,3.0,0.0,47.6462,47.9826,0.3364,0.099
20.153,27.0,3.0,0.0,47.6462,47.9826,0.3364,-0.017
20.163,27.0,3.0,0.0,47.6462,47.9826,0.3364,-0.14
20.173,27.0,3.0,0.0,47.6462,47.9826,0.3364,-0.07
20.183,27.0,3.0,0.0,47.6462,47.9826,0.3364,0.121
20.193,27.0,3.0,0.0,47.6462,47.9826,0.3364,0.054
20.203,27.0,3.0,0.0,47.6462,47.9826,0.3364,0.057
20.213,27.0,3.0,0.0,47.6462,47.9826,0.3364,0.015
20.223,27.0,3.0,0.0,47.6462,47.9826,0.3364,-0.137
20.233,27.0,3.0,0.0,47.6462,47.9826,0.3364,0.061
20.243,27.0,3.0,0.0,47.6462,47.9826,0.3364,0.075
20.253,27.0,3.0,0.0,47.6462,47.9826,0.3364,0.063
20.263,27.0,3.0,0.0,47.6462,47.9826,0.3364,0.251
20.273,27.0,3.0,0.0,47.6462,47.9823,0.3361,0.096
20.283,27.0,3.0,0.0,47.6462,47.9816,0.3354,0.09
20.293,27.0,3.0,0.0,47.6462,47.9819,0.3357,-0.029
20.303,27.0,3.0,0.0,47.6462,47.9826,0.3364,-0.079
20.313,27.0,3.0,0.0,47.6462,47.9826,0.3364,-0.034
20.323,27.0,3.0,0.0,47.6462,47.9823,0.3361,0.025
20.333,27.0,3.0,0.0,47.6462,47.9813,0.3351,0.079
20.343,27.0,3.0,0.0,47.6462,47.9806,0.3344,-0.104
20.353,27.0,3.0,0.0,47.6462,47.9809,0.3347,-0.048
20.363,27.0,3.0,0.0,47.6462,47.9816,0.3354,0.008
20.373,27.0,3.0,0.0,47.6462,47.9816,0.3354,0.004
20.383,27.0,3.0,0.0,47.6462,47.9816,0.3354,0.114
20.393,27.0,3.0,0.0,47.6462,47.9816,0.3354,0.046
20.403,27.0,3.0,0.0,47.6462,47.9816,0.3354,-0.057
20.413,27.0,3.0,0.0,47.6462,47.9816,0.3354,-0.085
20.423,27.0,3.0,0.0,47.6462,47.9816,0.3354,0.018
20.433,27.0,3.0,0.0,47.6462,47.9819,0.3357,0.111
20.443,27.0,3.0,0.0,47.6462,47.9826,0.3364,0.15
20.453,27.0,3.0,0.0,47.6462,47.9826,0.3364,0.121
20.463,27.0,3.0,0.0,47.6462,47.9823,0.3361,0.035
20.473,27.0,3.0,0.0,47.6462,47.9819,0.3357,0.077
20.483,27.0,3.0,0.0,47.6462,47.9823,0.3361,0.106
20.493,27.0,3.0,0.0,47.6462,47.9813,0.3351,-0.008
20.503,27.0,3.0,0.0,47.6462,47.9809,0.3347,-0.006
20.513,27.0,3.0,0.0,47.6462,47.9816,0.3354,0.092
20.523,27.0,3.0,0.0,47.6462,47.9816,0.3354,0.082
20.533,27.0,3.0,0.0,47.6462,47.9816,0.3354,0.232
20.543,27.0,3.0,0.0,47.6462,47.9816,0.3354,0.125
20.553,27.0,3.0,0.0,47.6462,47.9816,0.3354,0.094
20.563,27.0,3.0,0.0,47.6462,47.9816,0.3354,0.043
20.573,27.0,3.0,0.0,47.6462,47.9816,0.3354,0.007
20.583,27.0,3.0,0.0,47.6462,47.9816,0.3354,-0.065
20.593,27.0,3.0,0.0,47.6462,47.9816,0.3354,-0.045
20.603,27.0,3.0,0.0,47.6462,47.9816,0.3354,0.056
20.613,27.0,3.0,0.0,47.6462,47.9816,0.3354,-0.06
20.623,27.0,3.0,0.0,47.6462,47.9816,0.3354,-0.152
20.633,27.0,3.0,0.0,47.6462,47.9819,0.3357,-0.04
20.643,27.0,3.0,0.0,47.6462,47.9826,0.3364,-0.003
20.653,27.0,3.0,0.0,47.6462,47.9826,0.3364,0.03
20.663,27.0,3.0,0.0,47.6462,47.9826,0.3364,0.046
20.673,27.0,3.0,0.0,47.6462,47.9826,0.3364,0.081
20.683,27.0,3.0,0.0,47.6462,47.9826,0.3364,0.066
20.693,3.0,0.0,2.0,52.8398,48.0279,-4.8119,0.018
20.703,3.0,0.0,2.0,52.8398,48.3595,-4.4803,0.018
20.713,3.0,0.0,2.0,52.8398,49.1441,-3.6957,0.071
20.723,3.0,0.0,2.0,52.8398,50.0039,-2.8359,0.019
20.733,3.0,0.0,2.0,52.8398,50.8518,-1.988,0.003
20.743,3.0,0.0,2.0,52.8398,51.6687,-1.1711,-0.046
20.753,3.0,0.0,2.0,52.8398,52.3587,-0.4811,-0.044
20.763,3.0,0.0,2.0,52.8398,52.6455,-0.1943,-0.128
20.773,3.0,0.0,2.0,52.8398,52.7171,-0.1227,-0.019
20.783,3.0,0.0,2.0,52.8398,52.7168,-0.123,0.09
20.793,3.0,0.0,2.0,52.8398,52.7164,-0.1234,-0.01
20.803,3.0,0.0,2.0,52.8398,52.7171,-0.1227,-0.052
20.813,3.0,0.0,2.0,52.8398,52.7171,-0.1227,-0.049
20.823,3.0,0.0,2.0,52.8398,52.7171,-0.1227,0.027
20.833,3.0,0.0,2.0,52.8398,52.7171,-0.1227,0.037
20.843,3.0,0.0,2.0,52.8398,52.7171,-0.1227,0.225
20.853,3.0,0.0,2.0,52.8398,52.7171,-0.1227,0.112
20.863,3.0,0.0,2.0,52.8398,52.7168,-0.123,0.049
20.873,3.0,0.0,2.0,52.8398,52.7164,-0.1234,-0.108
20.883,3.0,0.0,2.0,52.8398,52.7168,-0.123,-0.13
20.893,3.0,0.0,2.0,52.8398,52.7161,-0.1237,-0.149
20.903,3.0,0.0,2.0,52.8398,52.7161,-0.1237,-0.127
20.913,3.0,0.0,2.0,52.8398,52.7164,-0.1234,-0.007
20.923,3.0,0.0,2.0,52.8398,52.7171,-0.1227,-0.023
20.933,3.0,1.0,1.3,52.8398,52.7168,-0.123,0.078
20.943,3.0,3.0,0.0,52.8398,52.7164,-0.1234,-0.087
20.953,3.0,3.0,0.0,52.8398,52.7171,-0.1227,-0.049
20.963,3.0,3.0,0.0,52.8398,52.7171,-0.1227,0.06
20.973,3.0,3.0,0.0,52.8398,52.7168,-0.123,0.029
20.983,3.0,3.0,0.0,52.8398,52.7161,-0.1237,0.027
20.993,3.0,3.0,0.0,52.8398,52.7161,-0.1237,0.067
21.003,3.0,3.0,0.0,52.8398,52.7158,-0.124,-0.091
21.013,3.0,3.0,0.0,52.8398,52.7154,-0.1244,-0.118
21.023,3.0,3.0,0.0,52.8398,52.7158,-0.124,-0.066
21.033,3.0,3.0,0.0,52.8398,52.7154,-0.1244,0.052
21.043,3.0,3.0,0.0,52.8398,52.7161,-0.1237,-0.041
21.053,3.0,3.0,0.0,52.8398,52.7158,-0.124,-0.079
21.063,3.0,3.0,0.0,52.8398,52.7151,-0.1247,-0.048
21.073,3.0,3.0,0.0,52.8398,52.7151,-0.1247,-0.072
21.083,3.0,3.0,0.0,52.8398,52.7151,-0.1247,-0.015
21.093,3.0,3.0,0.0,52.8398,52.7151,-0.1247,0.016
21.103,3.0,3.0,0.0,52.8398,52.7154,-0.1244,-0.094
21.113,3.0,3.0,0.0,52.8398,52.7158,-0.124,-0.059
21.123,3.0,3.0,0.0,52.8398,52.7151,-0.1247,0.013
21.133,3.0,3.0,0.0,52.8398,52.7151,-0.1247,0.034
21.143,3.0,3.0,0.0,52.8398,52.7154,-0.1244,0.024
21.153,3.0,3.0,0.0,52.8398,52.7161,-0.1237,0.085
21.163,3.0,3.0,0.0,52.8398,52.7161,-0.1237,0.078
21.173,3.0,3.0,0.0,52.8398,52.7161,-0.1237,0.027
21.183,3.0,3.0,0.0,52.8398,52.7161,-0.1237,-0.034
21.193,3.0,3.0,0.0,52.8398,52.7158,-0.124,-0.064
21.203,3.0,3.0,0.0,52.8398,52.7151,-0.1247,0.158
21.213,3.0,3.0,0.0,52.8398,52.7151,-0.1247,0.172
21.223,3.0,3.0,0.0,52.8398,52.7151,-0.1247,0.101
21.233,3.0,3.0,0.0,52.8398,52.7151,-0.1247,0.157
21.243,3.0,3.0,0.0,52.8398,52.7151,-0.1247,-0.031
21.253,3.0,3.0,0.0,52.8398,52.7151,-0.1247,-0.01
21.263,3.0,3.0,0.0,52.8398,52.7151,-0.1247,0.097
21.273,3.0,3.0,0.0,52.8398,52.7148,-0.125,-0.08
21.283,3.0,3.0,0.0,52.8398,52.7147,-0.1251,0.033
21.293,3.0,3.0,0.0,52.8398,52.7155,-0.1243,0.013
21.303,3.0,3.0,0.0,52.8398,52.7144,-0.1254,-0.047
21.313,3.0,3.0,0.0,52.8398,52.7151,-0.1247,-0.049
21.323,3.0,3.0,0.0,52.8398,52.7148,-0.125,0.071
21.333,3.0,3.0,0.0,52.8398,52.7141,-0.1257,0.148
21.343,3.0,3.0,0.0,52.8398,52.7144,-0.1254,0.074
21.353,3.0,3.0,0.0,52.8398,52.7148,-0.125,-0.012
21.363,3.0,3.0,0.0,52.8398,52.7141,-0.1257,-0.044
21.373,3.0,3.0,0.0,52.8398,52.7144,-0.1254,-0.133
21.383,3.0,3.0,0.0,52.8398,52.7148,-0.125,-0.059
21.393,3.0,3.0,0.0,52.8398,52.7141,-0.1257,-0.006
21.403,3.0,3.0,0.0,52.8398,52.7144,-0.1254,-0.025
21.413,3.0,3.0,0.0,52.8398,52.7145,-0.1253,0.092
21.423,3.0,3.0,0.0,52.8398,52.7131,-0.1267,-0.038
21.433,3.0,3.0,0.0,52.8398,52.7134,-0.1264,-0.036
21.443,3.0,3.0,0.0,52.8398,52.7138,-0.126,0.013
21.453,3.0,3.0,0.0,52.8398,52.7134,-0.1264,0.078
21.463,3.0,3.0,0.0,52.8398,52.7141,-0.1257,0.112
21.473,3.0,3.0,0.0,52.8398,52.7144,-0.1254,0.004
21.483,3.0,3.0,0.0,52.8398,52.7148,-0.125,-0.046
21.493,3.0,3.0,0.0,52.8398,52.7141,-0.1257,0.0
21.503,3.0,3.0,0.0,52.8398,52.7141,-0.1257,0.019
21.513,3.0,3.0,0.0,52.8398,52.7144,-0.1254,0.045
21.523,3.0,3.0,0.0,52.8398,52.7151,-0.1247,-0.034
21.533,3.0,3.0,0.0,52.8398,52.7151,-0.1247,-0.076
21.543,3.0,3.0,0.0,52.8398,52.7151,-0.1247,0.031
21.553,3.0,3.0,0.0,52.8398,52.7151,-0.1247,-0.018
21.563,3.0,3.0,0.0,52.8398,52.7151,-0.1247,-0.129
21.573,3.0,3.0,0.0,52.8398,52.7148,-0.125,0.059
21.583,3.0,3.0,0.0,52.8398,52.7141,-0.1257,0.077
21.593,3.0,3.0,0.0,52.8398,52.7141,-0.1257,0.102
21.603,3.0,3.0,0.0,52.8398,52.7141,-0.1257,0.015
21.613,3.0,3.0,0.0,52.8398,52.7138,-0.126,0.045
21.623,3.0,3.0,0.0,52.8398,52.7134,-0.1264,0.067
21.633,3.0,3.0,0.0,52.8398,52.7138,-0.126,0.15
21.643,3.0,3.0,0.0,52.8398,52.7131,-0.1267,0.123
21.653,3.0,3.0,0.0,52.8398,52.7131,-0.1267,0.032
21.663,3.0,3.0,0.0,52.8398,52.7134,-0.1264,0.017
21.673,3.0,3.0,0.0,52.8398,52.7141,-0.1257,0.003
21.683,3.0,3.0,0.0,52.8398,52.7141,-0.1257,0.073
21.693,3.0,3.0,0.0,52.8398,52.7138,-0.126,0.091
21.703,3.0,3.0,0.0,52.8398,52.7134,-0.1264,0.072
21.713,3.0,3.0,0.0,52.8398,52.7141,-0.1257,0.11
21.723,3.0,3.0,0.0,52.8398,52.7141,-0.1257,-0.195
21.733,3.0,3.0,0.0,52.8398,52.7138,-0.126,-0.123
21.743,3.0,3.0,0.0,52.8398,52.7131,-0.1267,-0.002
21.753,3.0,3.0,0.0,52.8398,52.7131,-0.1267,-0.109
21.763,3.0,3.0,0.0,52.8398,52.6982,-0.1416,-0.049
21.773,16.0,2.0,11.0,50.0266,52.5208,2.4942,0.046
21.783,42.0,0.0,11.0,44.4002,51.9282,7.528,-0.006
21.793,42.0,0.0,11.0,44.4002,51.0612,6.661,-0.033
21.803,42.0,0.0,11.0,44.4002,50.1812,5.781,-0.023
21.813,42.0,0.0,11.0,44.4002,49.2715,4.8713,0.085
21.823,42.0,0.0,11.0,44.4002,48.3532,3.953,0.068
21.833,42.0,0.0,11.0,44.4002,47.4176,3.0174,0.042
21.843,42.0,0.0,11.0,44.4002,46.469,2.0688,0.067
21.853,42.0,0.0,11.0,44.4002,45.5446,1.1444,-0.065
21.863,42.0,0.0,11.0,44.4002,44.5965,0.1963,0.019
21.873,42.0,0.0,11.0,44.4002,43.6687,-0.7315,-0.092
21.883,42.0,0.0,11.0,44.4002,42.7526,-1.6476,-0.108
21.893,42.0,0.0,11.0,44.4002,42.0054,-2.3948,0.037
21.903,42.0,0.0,11.0,44.4002,41.7042,-2.696,-0.034
21.913,42.0,0.0,11.0,44.4002,41.6312,-2.769,0.093
21.923,42.0,0.0,11.0,44.4002,41.6289,-2.7713,0.039
21.933,42.0,0.0,11.0,44.4002,41.6261,-2.7741,0.046
21.943,42.0,0.0,11.0,44.4002,41.6244,-2.7758,0.006
21.953,42.0,0.0,11.0,44.4002,41.6234,-2.7768,-0.155
21.963,42.0,0.0,11.0,44.4002,41.6227,-2.7775,0.048
21.973,42.0,0.0,11.0,44.4002,41.6227,-2.7775,0.028
21.983,42.0,0.0,11.0,44.4002,41.6224,-2.7778,0.017
21.993,42.0,0.0,11.0,44.4002,41.6217,-2.7785,0.072
22.003,42.0,0.0,11.0,44.4002,41.6214,-2.7788,0.049
22.013,42.0,0.0,11.0,44.4002,41.6207,-2.7795,0.065
22.023,57.0,3.0,0.0,41.1542,41.6207,0.4665,-0.102
22.033,57.0,3.0,0.0,41.1542,41.6207,0.4665,-0.089
22.043,57.0,3.0,0.0,41.1542,41.6204,0.4662,0.02
22.053,57.0,3.0,0.0,41.1542,41.6193,0.4651,-0.039
22.063,57.0,3.0,0.0,41.1542,41.6186,0.4644,-0.017
22.073,57.0,3.0,0.0,41.1542,41.6189,0.4647,-0.011
22.083,57.0,3.0,0.0,41.1542,41.6196,0.4654,0.048
22.093,57.0,3.0,0.0,41.1542,41.6196,0.4654,0.141
22.103,57.0,3.0,0.0,41.1542,41.6196,0.4654,0.14
22.113,57.0,3.0,0.0,41.1542,41.62,0.4658,0.149
22.123,57.0,3.0,0.0,41.1542,41.6207,0.4665,-0.076
22.133,57.0,3.0,0.0,41.1542,41.6204,0.4662,-0.023
22.143,57.0,3.0,0.0,41.1542,41.6193,0.4651,0.078
22.153,57.0,3.0,0.0,41.1542,41.6186,0.4644,-0.014
22.163,57.0,3.0,0.0,41.1542,41.6189,0.4647,0.13
22.173,57.0,3.0,0.0,41.1542,41.6196,0.4654,0.004
22.183,57.0,3.0,0.0,41.1542,41.6193,0.4651,-0.129
22.193,57.0,3.0,0.0,41.1542,41.6183,0.4641,0.05
22.203,57.0,3.0,0.0,41.1542,41.6173,0.4631,0.054
22.213,57.0,3.0,0.0,41.1542,41.6169,0.4627,0.091
22.223,57.0,3.0,0.0,41.1542,41.6173,0.4631,-0.014
22.233,57.0,3.0,0.0,41.1542,41.6166,0.4624,0.066
22.243,57.0,3.0,0.0,41.1542,41.6166,0.4624,0.062
22.253,57.0,3.0,0.0,41.1542,41.6166,0.4624,-0.116
22.263,57.0,3.0,0.0,41.1542,41.6166,0.4624,-0.09
22.273,57.0,3.0,0.0,41.1542,41.6166,0.4624,-0.035
22.283,57.0,3.0,0.0,41.1542,41.6166,0.4624,0.084
22.293,57.0,3.0,0.0,41.1542,41.6166,0.4624,-0.051
22.303,57.0,3.0,0.0,41.1542,41.6166,0.4624,-0.006
22.313,57.0,3.0,0.0,41.1542,41.6163,0.4621,0.021
22.323,57.0,3.0,0.0,41.1542,41.6153,0.4611,0.032
22.333,57.0,3.0,0.0,41.1542,41.6146,0.4604,0.061
22.343,57.0,3.0,0.0,41.1542,41.6149,0.4607,0.061
22.353,57.0,3.0,0.0,41.1542,41.6153,0.4611,-0.039
22.363,57.0,3.0,0.0,41.1542,41.6149,0.4607,0.063
22.373,57.0,3.0,0.0,41.1542,41.6156,0.4614,0.008
22.383,57.0,3.0,0.0,41.1542,41.6156,0.4614,0.051
22.393,57.0,3.0,0.0,41.1542,41.6156,0.4614,-0.022
22.403,57.0,3.0,0.0,41.1542,41.6156,0.4614,-0.055
22.413,57.0,3.0,0.0,41.1542,41.6156,0.4614,0.085
22.423,57.0,3.0,0.0,41.1542,41.6156,0.4614,0.082
22.433,57.0,3.0,0.0,41.1542,41.6156,0.4614,0.034
22.443,57.0,3.0,0.0,41.1542,41.6156,0.4614,-0.039
22.453,57.0,3.0,0.0,41.1542,41.6153,0.4611,-0.072
22.463,57.0,3.0,0.0,41.1542,41.6146,0.4604,0.06
22.473,57.0,3.0,0.0,41.1542,41.6146,0.4604,0.073
22.483,57.0,3.0,0.0,41.1542,41.6143,0.4601,0.085
22.493,57.0,3.0,0.0,41.1542,41.6142,0.46,0.017
22.503,57.0,3.0,0.0,41.1542,41.6153,0.4611,0.111
22.513,57.0,3.0,0.0,41.1542,41.6146,0.4604,0.072
22.523,57.0,3.0,0.0,41.1542,41.6143,0.4601,-0.01
22.533,57.0,3.0,0.0,41.1542,41.6136,0.4594,0.185
22.543,57.0,3.0,0.0,41.1542,41.6136,0.4594,0.093
22.553,57.0,3.0,0.0,41.1542,41.6133,0.4591,-0.065
22.563,57.0,3.0,0.0,41.1542,41.6126,0.4584,-0.016
22.573,57.0,3.0,0.0,41.1542,41.6126,0.4584,0.078
22.583,57.0,3.0,0.0,41.1542,41.6126,0.4584,-0.001
22.593,57.0,3.0,0.0,41.1542,41.6123,0.4581,-0.062
22.603,57.0,3.0,0.0,41.1542,41.6118,0.4576,0.032
22.613,57.0,3.0,0.0,41.1542,41.6126,0.4584,0.092
22.623,57.0,3.0,0.0,41.1542,41.6129,0.4587,0.03
22.633,57.0,3.0,0.0,41.1542,41.6136,0.4594,0.115
22.643,57.0,3.0,0.0,41.1542,41.6136,0.4594,-0.018
22.653,57.0,3.0,0.0,41.1542,41.613,0.4588,0.011
22.663,57.0,3.0,0.0,41.1542,41.6118,0.4576,0.0
22.673,57.0,3.0,0.0,41.1542,41.6123,0.4581,-0.039
22.683,57.0,3.0,0.0,41.1542,41.6115,0.4573,-0.058
22.693,57.0,3.0,0.0,41.1542,41.6115,0.4573,0.06
22.703,57.0,3.0,0.0,41.1542,41.6112,0.457,-0.052
22.713,57.0,3.0,0.0,41.1542,41.6105,0.4563,-0.055
22.723,57.0,3.0,0.0,41.1542,41.6108,0.4566,-0.025
22.733,57.0,3.0,0.0,41.1542,41.6115,0.4573,0.21
22.743,57.0,3.0,0.0,41.1542,41.6118,0.4576,0.043
22.753,57.0,3.0,0.0,41.1542,41.6123,0.4581,-0.038
22.763,57.0,3.0,0.0,41.1542,41.6112,0.457,0.021
22.773,57.0,3.0,0.0,41.1542,41.6105,0.4563,-0.032
22.783,57.0,3.0,0.0,41.1542,41.6102,0.456,0.081
22.793,57.0,3.0,0.0,41.1542,41.6095,0.4553,0.076
22.803,57.0,3.0,0.0,41.1542,41.6092,0.455,0.026
22.813,57.0,3.0,0.0,41.1542,41.6091,0.4549,-0.066
22.823,57.0,3.0,0.0,41.1542,41.6102,0.456,-0.012
22.833,57.0,3.0,0.0,41.1542,41.6098,0.4556,0.113
22.843,57.0,3.0,0.0,41.1542,41.6105,0.4563,0.083
22.853,57.0,3.0,0.0,41.1542,41.6105,0.4563,0.054
22.863,57.0,3.0,0.0,41.1542,41.6105,0.4563,0.117
22.873,57.0,3.0,0.0,41.1542,41.6105,0.4563,0.034
22.883,57.0,3.0,0.0,41.1542,41.6102,0.456,0.02
22.893,57.0,3.0,0.0,41.1542,41.6098,0.4556,0.065
22.903,57.0,3.0,0.0,41.1542,41.6102,0.456,0.131
22.913,57.0,3.0,0.0,41.1542,41.6095,0.4553,0.233
22.923,57.0,3.0,0.0,41.1542,41.6095,0.4553,0.044
22.933,57.0,3.0,0.0,41.1542,41.6098,0.4556,-0.071
22.943,57.0,3.0,0.0,41.1542,41.6108,0.4566,-0.092
22.953,57.0,3.0,0.0,41.1542,41.6115,0.4573,-0.107
22.963,57.0,3.0,0.0,41.1542,41.6115,0.4573,0.049
22.973,57.0,3.0,0.0,41.1542,41.6118,0.4576,-0.079
22.983,57.0,3.0,0.0,41.1542,41.6123,0.4581,-0.081
22.993,57.0,3.0,0.0,41.1542,41.6115,0.4573,-0.021
23.003,57.0,3.0,0.0,41.1542,41.6115,0.4573,0.022
23.013,57.0,3.0,0.0,41.1542,41.6112,0.457,0.129
23.023,57.0,3.0,0.0,41.1542,41.6102,0.456,-0.014
23.033,57.0,3.0,0.0,41.1542,41.6095,0.4553,0.172
23.043,57.0,3.0,0.0,41.1542,41.6092,0.455,0.079
23.053,57.0,3.0,0.0,41.1542,41.6088,0.4546,-0.079
23.063,57.0,3.0,0.0,41.1542,41.6092,0.455,0.014
23.073,57.0,3.0,0.0,41.1542,41.6085,0.4543,0.056
23.083,57.0,3.0,0.0,41.1542,41.6085,0.4543,0.042
23.093,57.0,3.0,0.0,41.1542,41.6085,0.4543,0.02
23.103,57.0,3.0,0.0,41.1542,41.6088,0.4546,0.12
23.113,57.0,3.0,0.0,41.1542,41.6098,0.4556,0.012
23.123,57.0,3.0,0.0,41.1542,41.6105,0.4563,0.066
23.133,57.0,3.0,0.0,41.1542,41.6105,0.4563,0.047
23.143,57.0,3.0,0.0,41.1542,41.6105,0.4563,0.043
23.153,57.0,3.0,0.0,41.1542,41.6102,0.456,0.011
23.163,57.0,3.0,0.0,41.1542,41.6098,0.4556,0.082
23.173,57.0,3.0,0.0,41.1542,41.6105,0.4563,-0.042
23.183,57.0,3.0,0.0,41.1542,41.6108,0.4566,0.034
23.193,57.0,3.0,0.0,41.1542,41.6115,0.4573,0.075
23.203,57.0,3.0,0.0,41.1542,41.6115,0.4573,0.045
23.213,57.0,3.0,0.0,41.1542,41.6115,0.4573,-0.025
23.223,57.0,3.0,0.0,41.1542,41.6112,0.457,-0.077
23.233,57.0,3.0,0.0,41.1542,41.6105,0.4563,-0.041
23.243,57.0,3.0,0.0,41.1542,41.6108,0.4566,-0.023
23.253,57.0,3.0,0.0,41.1542,41.6115,0.4573,-0.035
23.263,57.0,3.0,0.0,41.1542,41.6112,0.457,0.122
23.273,57.0,3.0,0.0,41.1542,41.6105,0.4563,0.084
23.283,57.0,3.0,0.0,41.1542,41.6105,0.4563,0.101
23.293,57.0,3.0,0.0,41.1542,41.6105,0.4563,-0.012
23.303,57.0,3.0,0.0,41.1542,41.6105,0.4563,-0.109
23.313,57.0,3.0,0.0,41.1542,41.6108,0.4566,-0.083
23.323,57.0,3.0,0.0,41.1542,41.6122,0.458,-0.058
23.333,20.0,0.0,9.0,49.161,41.6637,-7.4973,-0.101
23.343,20.0,0.0,9.0,49.161,41.9726,-7.1884,-0.113
23.353,20.0,0.0,9.0,49.161,42.6656,-6.4954,-0.043
23.363,20.0,0.0,9.0,49.161,43.4913,-5.6697,-0.066
23.373,20.0,0.0,9.0,49.161,44.3488,-4.8122,-0.023
23.383,20.0,0.0,9.0,49.161,45.2269,-3.9341,0.076
23.393,20.0,0.0,9.0,49.161,46.0932,-3.0678,0.034
23.403,20.0,0.0,9.0,49.161,46.9833,-2.1777,-0.023
23.413,20.0,0.0,9.0,49.161,47.8585,-1.3025,-0.039
23.423,20.0,0.0,9.0,49.161,48.7396,-0.4214,-0.067
23.433,20.0,0.0,9.0,49.161,49.6135,0.4525,0.115
23.443,20.0,0.0,9.0,49.161,50.4573,1.2963,0.137
23.453,20.0,0.0,9.0,49.161,51.3334,2.1724,-0.025
23.463,20.0,0.0,9.0,49.161,52.1213,2.9603,-0.083
23.473,20.0,0.0,9.0,49.161,52.5622,3.4012,-0.024
23.483,20.0,0.0,9.0,49.161,52.6861,3.5251,0.06
23.493,20.0,0.0,9.0,49.161,52.6992,3.5382,-0.036
23.503,20.0,0.0,9.0,49.161,52.6999,3.5389,0.061
23.513,20.0,0.0,9.0,49.161,52.7005,3.5395,0.124
23.523,20.0,0.0,9.0,49.161,52.7019,3.5409,0.118
23.533,20.0,0.0,9.0,49.161,52.7016,3.5406,0.08
23.543,20.0,0.0,9.0,49.161,52.7015,3.5405,-0.02
23.553,20.0,0.0,9.0,49.161,52.7029,3.5419,0.011
23.563,20.0,0.0,9.0,49.161,52.7029,3.5419,0.023
23.573,8.7,2.0,0.0,51.6135,52.7036,1.09,0.071
23.583,3.0,3.0,0.0,52.8398,52.705,-0.1348,0.005
23.593,3.0,3.0,0.0,52.8398,52.7053,-0.1345,-0.044
23.603,3.0,3.0,0.0,52.8398,52.7066,-0.1332,0.085
23.613,3.0,3.0,0.0,52.8398,52.7077,-0.1321,0.068
23.623,3.0,3.0,0.0,52.8398,52.707,-0.1328,-0.004
23.633,3.0,3.0,0.0,52.8398,52.7073,-0.1325,-0.021
23.643,3.0,3.0,0.0,52.8398,52.7083,-0.1315,-0.057
23.653,3.0,3.0,0.0,52.8398,52.709,-0.1308,-0.035
23.663,3.0,3.0,0.0,52.8398,52.7093,-0.1305,0.073
23.673,3.0,3.0,0.0,52.8398,52.71,-0.1298,-0.093
23.683,3.0,3.0,0.0,52.8398,52.7097,-0.1301,-0.052
23.693,3.0,3.0,0.0,52.8398,52.709,-0.1308,0.021
23.703,3.0,3.0,0.0,52.8398,52.7093,-0.1305,0.027
23.713,3.0,3.0,0.0,52.8398,52.71,-0.1298,-0.004
23.723,3.0,3.0,0.0,52.8398,52.71,-0.1298,-0.035
23.733,3.0,3.0,0.0,52.8398,52.7103,-0.1295,0.029
23.743,3.0,3.0,0.0,52.8398,52.7111,-0.1287,0.005
23.753,3.0,3.0,0.0,52.8398,52.7111,-0.1287,-0.104
23.763,3.0,3.0,0.0,52.8398,52.7111,-0.1287,0.116
23.773,3.0,3.0,0.0,52.8398,52.7107,-0.1291,0.038
23.783,3.0,3.0,0.0,52.8398,52.7103,-0.1295,0.001
23.793,3.0,3.0,0.0,52.8398,52.7111,-0.1287,-0.003
23.803,3.0,3.0,0.0,52.8398,52.7107,-0.1291,-0.007
23.813,3.0,3.0,0.0,52.8398,52.7103,-0.1295,-0.164
23.823,3.0,3.0,0.0,52.8398,52.7111,-0.1287,-0.077
23.833,3.0,3.0,0.0,52.8398,52.7111,-0.1287,0.072
23.843,3.0,3.0,0.0,52.8398,52.7111,-0.1287,0.06
23.853,3.0,3.0,0.0,52.8398,52.7111,-0.1287,-0.06
23.863,3.0,3.0,0.0,52.8398,52.7107,-0.1291,-0.007
23.873,3.0,3.0,0.0,52.8398,52.71,-0.1298,-0.058
23.883,3.0,3.0,0.0,52.8398,52.7097,-0.1301,0.106
23.893,3.0,3.0,0.0,52.8398,52.7093,-0.1305,0.159
23.903,3.0,3.0,0.0,52.8398,52.7106,-0.1292,-0.052
23.913,3.0,3.0,0.0,52.8398,52.7121,-0.1277,0.053
23.923,3.0,3.0,0.0,52.8398,52.7121,-0.1277,-0.005
23.933,3.0,3.0,0.0,52.8398,52.7118,-0.128,0.073
23.943,3.0,3.0,0.0,52.8398,52.7117,-0.1281,-0.013
23.953,3.0,3.0,0.0,52.8398,52.7131,-0.1267,-0.052
23.963,3.0,3.0,0.0,52.8398,52.7134,-0.1264,0.034
23.973,3.0,3.0,0.0,52.8398,52.7138,-0.126,0.046
23.983,3.0,3.0,0.0,52.8398,52.7128,-0.127,-0.023
23.993,3.0,3.0,0.0,52.8398,52.7118,-0.128,-0.019
24.003,3.0,3.0,0.0,52.8398,52.7114,-0.1284,-0.094
24.013,3.0,3.0,0.0,52.8398,52.7124,-0.1274,-0.144
24.023,3.0,3.0,0.0,52.8398,52.7128,-0.127,-0.065
24.033,3.0,3.0,0.0,52.8398,52.7121,-0.1277,0.074
24.043,3.0,3.0,0.0,52.8398,52.7121,-0.1277,0.173
24.053,3.0,3.0,0.0,52.8398,52.7121,-0.1277,0.101
24.063,3.0,3.0,0.0,52.8398,52.7121,-0.1277,0.068
24.073,3.0,3.0,0.0,52.8398,52.7118,-0.128,-0.133
24.083,3.0,3.0,0.0,52.8398,52.7114,-0.1284,-0.125
24.093,3.0,3.0,0.0,52.8398,52.7121,-0.1277,0.058
24.103,3.0,3.0,0.0,52.8398,52.7118,-0.128,0.131
24.113,3.0,3.0,0.0,52.8398,52.7111,-0.1287,0.004
24.123,3.0,3.0,0.0,52.8398,52.7111,-0.1287,0.02
24.133,3.0,3.0,0.0,52.8398,52.7111,-0.1287,-0.001
24.143,3.0,3.0,0.0,52.8398,52.7111,-0.1287,0.055
24.153,3.0,3.0,0.0,52.8398,52.7117,-0.1281,-0.033
24.163,3.0,3.0,0.0,52.8398,52.7131,-0.1267,0.061
24.173,3.0,3.0,0.0,52.8398,52.7128,-0.127,-0.037
24.183,3.0,3.0,0.0,52.8398,52.7124,-0.1274,-0.153
24.193,3.0,3.0,0.0,52.8398,52.7128,-0.127,-0.116
24.203,3.0,3.0,0.0,52.8398,52.7121,-0.1277,-0.043
24.213,3.0,3.0,0.0,52.8398,52.7121,-0.1277,0.015
24.223,3.0,3.0,0.0,52.8398,52.7121,-0.1277,-0.007
24.233,3.0,3.0,0.0,52.8398,52.7121,-0.1277,0.182
24.243,3.0,3.0,0.0,52.8398,52.7121,-0.1277,0.152
24.253,3.0,3.0,0.0,52.8398,52.7121,-0.1277,-0.152
24.263,3.0,3.0,0.0,52.8398,52.7121,-0.1277,-0.049
24.273,3.0,3.0,0.0,52.8398,52.7121,-0.1277,-0.071
24.283,3.0,3.0,0.0,52.8398,52.7118,-0.128,0.074
24.293,3.0,3.0,0.0,52.8398,52.7114,-0.1284,0.057
24.303,3.0,3.0,0.0,52.8398,52.7121,-0.1277,-0.004
24.313,3.0,3.0,0.0,52.8398,52.7121,-0.1277,0.04
24.323,3.0,3.0,0.0,52.8398,52.7121,-0.1277,-0.056
24.333,3.0,3.0,0.0,52.8398,52.7124,-0.1274,-0.074
24.343,3.0,3.0,0.0,52.8398,52.7131,-0.1267,0.025
24.353,3.0,3.0,0.0,52.8398,52.7131,-0.1267,-0.043
24.363,3.0,3.0,0.0,52.8398,52.7131,-0.1267,0.097
24.373,3.0,3.0,0.0,52.8398,52.7131,-0.1267,-0.062
24.383,3.0,3.0,0.0,52.8398,52.7134,-0.1264,0.029
24.393,3.0,3.0,0.0,52.8398,52.7138,-0.126,-0.146
24.403,3.0,3.0,0.0,52.8398,52.71,-0.1298,-0.107
24.413,37.0,0.0,11.0,45.4822,52.6133,7.1311,0.045
24.423,37.0,0.0,11.0,45.4822,52.1657,6.6835,0.004
24.433,37.0,0.0,11.0,45.4822,51.3426,5.8604,0.015
24.443,37.0,0.0,11.0,45.4822,50.4468,4.9646,-0.013
24.453,37.0,0.0,11.0,45.4822,49.5462,4.064,-0.057
24.463,37.0,0.0,11.0,45.4822,48.6454,3.1632,-0.029
24.473,37.0,0.0,11.0,45.4822,47.7007,2.2185,-0.039
24.483,37.0,0.0,11.0,45.4822,46.7708,1.2886,0.077
24.493,37.0,0.0,11.0,45.4822,45.8291,0.3469,0.018
24.503,37.0,0.0,11.0,45.4822,44.8835,-0.5987,0.008
24.513,37.0,0.0,11.0,45.4822,43.9548,-1.5274,0.064
24.523,37.0,0.0,11.0,45.4822,43.0343,-2.4479,0.054
24.533,37.0,0.0,11.0,45.4822,42.1946,-3.2876,0.012
24.543,37.0,0.0,11.0,45.4822,41.7355,-3.7467,-0.043
24.553,37.0,0.0,11.0,45.4822,41.6364,-3.8458,-0.037
24.563,37.0,0.0,11.0,45.4822,41.6186,-3.8636,-0.031
24.573,37.0,0.0,11.0,45.4822,41.6183,-3.8639,-0.145
24.583,37.0,0.0,11.0,45.4822,41.6176,-3.8646,-0.06
24.593,37.0,0.0,11.0,45.4822,41.6173,-3.8649,-0.063
24.603,37.0,0.0,11.0,45.4822,41.6163,-3.8659,-0.044
24.613,37.0,0.0,11.0,45.4822,41.6156,-3.8666,0.074
24.623,37.0,0.0,11.0,45.4822,41.6156,-3.8666,0.049
24.633,37.0,0.0,11.0,45.4822,41.6153,-3.8669,0.054
24.643,37.0,0.0,11.0,45.4822,41.6146,-3.8676,0.101
24.653,57.0,3.0,0.0,41.1542,41.6146,0.4604,0.024
24.663,57.0,3.0,0.0,41.1542,41.6143,0.4601,0.037
24.673,57.0,3.0,0.0,41.1542,41.6136,0.4594,-0.031
24.683,57.0,3.0,0.0,41.1542,41.6133,0.4591,0.047
24.693,57.0,3.0,0.0,41.1542,41.6123,0.4581,0.087
24.703,57.0,3.0,0.0,41.1542,41.6115,0.4573,0.144
24.713,57.0,3.0,0.0,41.1542,41.6112,0.457,0.015
24.723,57.0,3.0,0.0,41.1542,41.6102,0.456,-0.123
24.733,57.0,3.0,0.0,41.1542,41.6098,0.4556,-0.149
24.743,57.0,3.0,0.0,41.1542,41.6102,0.456,-0.056
24.753,57.0,3.0,0.0,41.1542,41.6098,0.4556,0.033
24.763,57.0,3.0,0.0,41.1542,41.6105,0.4563,0.098
24.773,57.0,3.0,0.0,41.1542,41.6102,0.456,0.01
24.783,57.0,3.0,0.0,41.1542,41.6095,0.4553,-0.042
24.793,57.0,3.0,0.0,41.1542,41.6095,0.4553,0.125
24.803,57.0,3.0,0.0,41.1542,41.6095,0.4553,0.079
24.813,57.0,3.0,0.0,41.1542,41.6095,0.4553,-0.049
24.823,57.0,3.0,0.0,41.1542,41.6095,0.4553,-0.128
24.833,57.0,3.0,0.0,41.1542,41.6095,0.4553,-0.016
24.843,57.0,3.0,0.0,41.1542,41.6095,0.4553,0.025
24.853,57.0,3.0,0.0,41.1542,41.6095,0.4553,-0.046
24.863,57.0,3.0,0.0,41.1542,41.6101,0.4559,-0.02
24.873,57.0,3.0,0.0,41.1542,41.6109,0.4567,-0.061
24.883,57.0,3.0,0.0,41.1542,41.6095,0.4553,-0.054
24.893,57.0,3.0,0.0,41.1542,41.6095,0.4553,-0.07
24.903,57.0,3.0,0.0,41.1542,41.6098,0.4556,-0.057
24.913,57.0,3.0,0.0,41.1542,41.6105,0.4563,-0.053
24.923,57.0,3.0,0.0,41.1542,41.6105,0.4563,-0.13
24.933,57.0,3.0,0.0,41.1542,41.6102,0.456,-0.027
24.943,57.0,3.0,0.0,41.1542,41.6098,0.4556,-0.054
24.953,57.0,3.0,0.0,41.1542,41.6102,0.456,-0.003
24.963,57.0,3.0,0.0,41.1542,41.6095,0.4553,0.112
24.973,57.0,3.0,0.0,41.1542,41.6098,0.4556,0.008
24.983,57.0,3.0,0.0,41.1542,41.6105,0.4563,-0.059
24.993,57.0,3.0,0.0,41.1542,41.6105,0.4563,-0.057
25.003,57.0,3.0,0.0,41.1542,41.6105,0.4563,-0.011
25.013,57.0,3.0,0.0,41.1542,41.6108,0.4566,-0.048
25.023,57.0,3.0,0.0,41.1542,41.6112,0.457,-0.082
25.033,57.0,3.0,0.0,41.1542,41.6102,0.456,-0.057
25.043,57.0,3.0,0.0,41.1542,41.6095,0.4553,0.015
25.053,57.0,3.0,0.0,41.1542,41.6098,0.4556,0.083
25.063,57.0,3.0,0.0,41.1542,41.6102,0.456,0.103
25.073,57.0,3.0,0.0,41.1542,41.6095,0.4553,-0.063
25.083,57.0,3.0,0.0,41.1542,41.6098,0.4556,-0.116
25.093,57.0,3.0,0.0,41.1542,41.6105,0.4563,-0.092
25.103,57.0,3.0,0.0,41.1542,41.6102,0.456,-0.042
25.113,57.0,3.0,0.0,41.1542,41.6095,0.4553,0.089
25.123,57.0,3.0,0.0,41.1542,41.6098,0.4556,-0.015
25.133,57.0,3.0,0.0,41.1542,41.6105,0.4563,-0.025
25.143,57.0,3.0,0.0,41.1542,41.6102,0.456,0.046
25.153,57.0,3.0,0.0,41.1542,41.6092,0.455,0.022
25.163,57.0,3.0,0.0,41.1542,41.6088,0.4546,-0.104
25.173,57.0,3.0,0.0,41.1542,41.6095,0.4553,-0.037
25.183,57.0,3.0,0.0,41.1542,41.6095,0.4553,0.103
25.193,57.0,3.0,0.0,41.1542,41.6095,0.4553,0.121
25.203,57.0,3.0,0.0,41.1542,41.6098,0.4556,-0.006
25.213,57.0,3.0,0.0,41.1542,41.6105,0.4563,0.111
25.223,57.0,3.0,0.0,41.1542,41.6099,0.4557,0.112
25.233,57.0,3.0,0.0,41.1542,41.6088,0.4546,0.017
25.243,57.0,3.0,0.0,41.1542,41.6095,0.4553,-0.032
25.253,57.0,3.0,0.0,41.1542,41.6095,0.4553,-0.047
25.263,57.0,3.0,0.0,41.1542,41.6092,0.455,-0.05
25.273,57.0,3.0,0.0,41.1542,41.6085,0.4543,-0.1
25.283,57.0,3.0,0.0,41.1542,41.6085,0.4543,0.067
25.293,57.0,3.0,0.0,41.1542,41.6088,0.4546,0.098
25.303,57.0,3.0,0.0,41.1542,41.6095,0.4553,0.079
25.313,57.0,3.0,0.0,41.1542,41.6098,0.4556,0.103
25.323,57.0,3.0,0.0,41.1542,41.6102,0.456,0.09
25.333,57.0,3.0,0.0,41.1542,41.6095,0.4553,0.117
25.343,57.0,3.0,0.0,41.1542,41.6098,0.4556,0.065
25.353,57.0,3.0,0.0,41.1542,41.6102,0.456,-0.013
25.363,57.0,3.0,0.0,41.1542,41.6095,0.4553,0.024
25.373,57.0,3.0,0.0,41.1542,41.6095,0.4553,-0.168
25.383,57.0,3.0,0.0,41.1542,41.6092,0.455,0.033
25.393,57.0,3.0,0.0,41.1542,41.6085,0.4543,0.009
25.403,57.0,3.0,0.0,41.1542,41.6088,0.4546,0.061
25.413,57.0,3.0,0.0,41.1542,41.6095,0.4553,0.081
25.423,57.0,3.0,0.0,41.1542,41.6095,0.4553,-0.057
25.433,57.0,3.0,0.0,41.1542,41.6098,0.4556,-0.092
25.443,57.0,3.0,0.0,41.1542,41.6102,0.456,-0.053
25.453,57.0,3.0,0.0,41.1542,41.6095,0.4553,-0.093
25.463,57.0,3.0,0.0,41.1542,41.6098,0.4556,-0.058
25.473,57.0,3.0,0.0,41.1542,41.6105,0.4563,-0.011
25.483,57.0,3.0,0.0,41.1542,41.6105,0.4563,-0.043
25.493,57.0,3.0,0.0,41.1542,41.6102,0.456,-0.052
25.503,57.0,3.0,0.0,41.1542,41.6098,0.4556,-0.007
25.513,57.0,3.0,0.0,41.1542,41.6102,0.456,-0.015
25.523,57.0,3.0,0.0,41.1542,41.6098,0.4556,0.0
25.533,57.0,3.0,0.0,41.1542,41.6102,0.456,0.14
25.543,57.0,3.0,0.0,41.1542,41.6092,0.455,0.005
25.553,57.0,3.0,0.0,41.1542,41.6088,0.4546,-0.047
25.563,57.0,3.0,0.0,41.1542,41.6095,0.4553,-0.09
25.573,57.0,3.0,0.0,41.1542,41.6095,0.4553,-0.02
25.583,57.0,3.0,0.0,41.1542,41.6095,0.4553,0.02
25.593,57.0,3.0,0.0,41.1542,41.6095,0.4553,0.017
25.603,57.0,3.0,0.0,41.1542,41.6095,0.4553,0.027
25.613,57.0,3.0,0.0,41.1542,41.6095,0.4553,0.038
25.623,57.0,3.0,0.0,41.1542,41.6095,0.4553,-0.155
25.633,57.0,3.0,0.0,41.1542,41.6095,0.4553,-0.049
25.643,57.0,3.0,0.0,41.1542,41.6095,0.4553,0.002
25.653,57.0,3.0,0.0,41.1542,41.6095,0.4553,-0.054
25.663,57.0,3.0,0.0,41.1542,41.6095,0.4553,0.103
25.673,57.0,3.0,0.0,41.1542,41.6095,0.4553,-0.043
25.683,57.0,3.0,0.0,41.1542,41.6092,0.455,-0.041
25.693,57.0,3.0,0.0,41.1542,41.6085,0.4543,-0.008
25.703,57.0,3.0,0.0,41.1542,41.6085,0.4543,-0.05
25.713,57.0,3.0,0.0,41.1542,41.6085,0.4543,-0.002
25.723,57.0,3.0,0.0,41.1542,41.6079,0.4537,-0.017
25.733,57.0,3.0,0.0,41.1542,41.6068,0.4526,-0.121
25.743,57.0,3.0,0.0,41.1542,41.6081,0.4539,-0.147
25.753,57.0,3.0,0.0,41.1542,41.6101,0.4559,-0.152
25.763,57.0,3.0,0.0,41.1542,41.6109,0.4567,0.049
25.773,57.0,3.0,0.0,41.1542,41.6092,0.455,-0.071
25.783,57.0,3.0,0.0,41.1542,41.6085,0.4543,-0.039
25.793,57.0,3.0,0.0,41.1542,41.6085,0.4543,0.006
25.803,57.0,3.0,0.0,41.1542,41.6088,0.4546,-0.072
25.813,57.0,3.0,0.0,41.1542,41.6098,0.4556,0.04
25.823,57.0,3.0,0.0,41.1542,41.6108,0.4566,-0.022
25.833,57.0,3.0,0.0,41.1542,41.6115,0.4573,-0.019
25.843,57.0,3.0,0.0,41.1542,41.6112,0.457,-0.009
25.853,57.0,3.0,0.0,41.1542,41.6102,0.456,-0.056
25.863,57.0,3.0,0.0,41.1542,41.6095,0.4553,0.006
25.873,57.0,3.0,0.0,41.1542,41.6092,0.455,0.005
25.883,57.0,3.0,0.0,41.1542,41.6088,0.4546,-0.139
25.893,57.0,3.0,0.0,41.1542,41.6095,0.4553,0.022
25.903,57.0,3.0,0.0,41.1542,41.6095,0.4553,0.009
25.913,57.0,3.0,0.0,41.1542,41.6095,0.4553,-0.047
25.923,57.0,3.0,0.0,41.1542,41.6098,0.4556,-0.175
25.933,57.0,3.0,0.0,41.1542,41.6105,0.4563,-0.05
25.943,57.0,3.0,0.0,41.1542,41.6105,0.4563,-0.01
25.953,57.0,3.0,0.0,41.1542,41.6099,0.4557,0.095
25.963,57.0,3.0,0.0,41.1542,41.6158,0.4616,0.072
25.973,20.0,0.0,8.0,49.161,41.7353,-7.4257,-0.016
25.983,20.0,0.0,8.0,49.161,42.2148,-6.9462,0.068
25.993,20.0,0.0,8.0,49.161,43.0237,-6.1373,0.0
26.003,20.0,0.0,8.0,49.161,43.8566,-5.3044,0.0
26.013,20.0,0.0,8.0,49.161,44.7143,-4.4467,-0.005
26.023,20.0,0.0,8.0,49.161,45.5898,-3.5712,-0.016
26.033,20.0,0.0,8.0,49.161,46.466,-2.695,0.057
26.043,20.0,0.0,8.0,49.161,47.3552,-1.8058,0.148
26.053,20.0,0.0,8.0,49.161,48.2374,-0.9236,0.03
26.063,20.0,0.0,8.0,49.161,49.106,-0.055,0.105
26.073,20.0,0.0,8.0,49.161,49.9803,0.8193,-0.027
26.083,20.0,0.0,8.0,49.161,50.8503,1.6893,0.069
26.093,20.0,0.0,8.0,49.161,51.6811,2.5201,0.09
26.103,20.0,0.0,8.0,49.161,52.3684,3.2074,0.07
26.113,20.0,0.0,8.0,49.161,52.6025,3.4415,-0.003
26.123,20.0,0.0,8.0,49.161,52.6972,3.5362,0.02
26.133,20.0,0.0,8.0,49.161,52.6982,3.5372,-0.044
26.143,20.0,0.0,8.0,49.161,52.6995,3.5385,0.028
26.153,20.0,0.0,8.0,49.161,52.7006,3.5396,-0.022
26.163,20.0,0.0,8.0,49.161,52.7005,3.5395,-0.032
26.173,20.0,0.0,8.0,49.161,52.7016,3.5406,0.011
26.183,20.0,0.0,8.0,49.161,52.7012,3.5402,0.078
26.193,20.0,0.0,8.0,49.161,52.7022,3.5412,0.0
26.203,20.0,0.0,8.0,49.161,52.7029,3.5419,-0.005
26.213,3.0,3.0,0.0,52.8398,52.7032,-0.1366,-0.055
26.223,3.0,3.0,0.0,52.8398,52.704,-0.1358,-0.103
26.233,3.0,3.0,0.0,52.8398,52.704,-0.1358,0.017
26.243,3.0,3.0,0.0,52.8398,52.704,-0.1358,-0.019
26.253,3.0,3.0,0.0,52.8398,52.7046,-0.1352,-0.177
26.263,3.0,3.0,0.0,52.8398,52.7057,-0.1341,-0.097
26.273,3.0,3.0,0.0,52.8398,52.7053,-0.1345,-0.109
26.283,3.0,3.0,0.0,52.8398,52.7063,-0.1335,-0.097
26.293,3.0,3.0,0.0,52.8398,52.707,-0.1328,-0.016
26.303,3.0,3.0,0.0,52.8398,52.7073,-0.1325,0.032
26.313,3.0,3.0,0.0,52.8398,52.708,-0.1318,0.126
26.323,3.0,3.0,0.0,52.8398,52.7083,-0.1315,0.046
26.333,3.0,3.0,0.0,52.8398,52.709,-0.1308,-0.008
26.343,3.0,3.0,0.0,52.8398,52.7093,-0.1305,0.029
26.353,3.0,3.0,0.0,52.8398,52.71,-0.1298,0.002
26.363,3.0,3.0,0.0,52.8398,52.7097,-0.1301,0.029
26.373,3.0,3.0,0.0,52.8398,52.709,-0.1308,0.017
26.383,3.0,3.0,0.0,52.8398,52.709,-0.1308,0.029
26.393,3.0,3.0,0.0,52.8398,52.7093,-0.1305,-0.086
26.403,3.0,3.0,0.0,52.8398,52.7097,-0.1301,0.006
26.413,3.0,3.0,0.0,52.8398,52.7093,-0.1305,-0.026
26.423,3.0,3.0,0.0,52.8398,52.71,-0.1298,0.014
26.433,3.0,3.0,0.0,52.8398,52.7097,-0.1301,0.136
26.443,3.0,3.0,0.0,52.8398,52.709,-0.1308,0.041
26.453,3.0,3.0,0.0,52.8398,52.709,-0.1308,-0.024
26.463,3.0,3.0,0.0,52.8398,52.709,-0.1308,-0.036
26.473,3.0,3.0,0.0,52.8398,52.7093,-0.1305,-0.141
26.483,3.0,3.0,0.0,52.8398,52.71,-0.1298,0.022
26.493,3.0,3.0,0.0,52.8398,52.71,-0.1298,0.069
26.503,3.0,3.0,0.0,52.8398,52.71,-0.1298,0.0
26.513,3.0,3.0,0.0,52.8398,52.71,-0.1298,0.08
26.523,3.0,3.0,0.0,52.8398,52.7103,-0.1295,0.017
26.533,3.0,3.0,0.0,52.8398,52.7104,-0.1294,-0.096
26.543,3.0,3.0,0.0,52.8398,52.7093,-0.1305,-0.003
26.553,3.0,3.0,0.0,52.8398,52.71,-0.1298,0.056
26.563,3.0,3.0,0.0,52.8398,52.7103,-0.1295,0.041
26.573,3.0,3.0,0.0,52.8398,52.7111,-0.1287,-0.111
26.583,3.0,3.0,0.0,52.8398,52.7107,-0.1291,-0.047
26.593,3.0,3.0,0.0,52.8398,52.7103,-0.1295,0.018
26.603,3.0,3.0,0.0,52.8398,52.7111,-0.1287,0.021
26.613,3.0,3.0,0.0,52.8398,52.7111,-0.1287,-0.09
26.623,3.0,3.0,0.0,52.8398,52.7107,-0.1291,-0.074
26.633,3.0,3.0,0.0,52.8398,52.71,-0.1298,0.094
26.643,3.0,3.0,0.0,52.8398,52.7097,-0.1301,0.237
26.653,3.0,3.0,0.0,52.8398,52.7096,-0.1302,0.151
26.663,3.0,3.0,0.0,52.8398,52.7111,-0.1287,0.109
26.673,3.0,3.0,0.0,52.8398,52.7111,-0.1287,0.013
26.683,3.0,3.0,0.0,52.8398,52.7107,-0.1291,0.071
26.693,3.0,3.0,0.0,52.8398,52.71,-0.1298,0.048
26.703,3.0,3.0,0.0,52.8398,52.71,-0.1298,0.043
26.713,3.0,3.0,0.0,52.8398,52.7103,-0.1295,0.033
26.723,3.0,3.0,0.0,52.8398,52.7107,-0.1291,-0.002
26.733,3.0,3.0,0.0,52.8398,52.7103,-0.1295,-0.051
26.743,3.0,3.0,0.0,52.8398,52.7107,-0.1291,0.006
26.753,3.0,3.0,0.0,52.8398,52.71,-0.1298,0.023
26.763,3.0,3.0,0.0,52.8398,52.71,-0.1298,0.094
26.773,3.0,3.0,0.0,52.8398,52.71,-0.1298,0.029
26.783,3.0,3.0,0.0,52.8398,52.7103,-0.1295,-0.007
26.793,3.0,3.0,0.0,52.8398,52.7107,-0.1291,0.011
26.803,3.0,3.0,0.0,52.8398,52.7106,-0.1292,0.038
26.813,3.0,3.0,0.0,52.8398,52.7118,-0.128,0.086
26.823,3.0,3.0,0.0,52.8398,52.7107,-0.1291,-0.03
26.833,3.0,3.0,0.0,52.8398,52.7103,-0.1295,-0.055
26.843,3.0,3.0,0.0,52.8398,52.7111,-0.1287,-0.018
26.853,3.0,3.0,0.0,52.8398,52.7107,-0.1291,0.031
26.863,3.0,3.0,0.0,52.8398,52.7106,-0.1292,0.07
26.873,3.0,3.0,0.0,52.8398,52.7118,-0.128,0.067
26.883,3.0,3.0,0.0,52.8398,52.7111,-0.1287,0.085
26.893,3.0,3.0,0.0,52.8398,52.7111,-0.1287,0.142
26.903,3.0,3.0,0.0,52.8398,52.7111,-0.1287,0.016
26.913,3.0,3.0,0.0,52.8398,52.7111,-0.1287,0.068
26.923,3.0,3.0,0.0,52.8398,52.7107,-0.1291,0.005
26.933,3.0,3.0,0.0,52.8398,52.71,-0.1298,0.089
26.943,3.0,3.0,0.0,52.8398,52.7094,-0.1304,0.171
26.953,3.0,3.0,0.0,52.8398,52.7086,-0.1312,-0.009
26.963,3.0,3.0,0.0,52.8398,52.7103,-0.1295,0.009
26.973,3.0,3.0,0.0,52.8398,52.7111,-0.1287,-0.052
26.983,3.0,3.0,0.0,52.8398,52.7114,-0.1284,0.05
26.993,3.0,3.0,0.0,52.8398,52.7121,-0.1277,0.067
27.003,3.0,3.0,0.0,52.8398,52.7124,-0.1274,-0.023
27.013,3.0,3.0,0.0,52.8398,52.7128,-0.127,0.107
27.023,3.0,3.0,0.0,52.8398,52.7121,-0.1277,0.042
27.033,3.0,3.0,0.0,52.8398,52.7048,-0.135,-0.063
27.043,3.0,3.0,0.0,52.8398,52.5032,-0.3366,0.022
27.053,19.0,3.0,0.0,49.3774,51.6841,2.3067,0.133
27.063,19.0,3.0,0.0,49.3774,50.6128,1.2354,0.143
27.073,19.0,3.0,0.0,49.3774,50.1647,0.7873,0.045
27.083,19.0,3.0,0.0,49.3774,49.9976,0.6202,0.01
27.093,19.0,3.0,0.0,49.3774,49.9537,0.5763,-0.022
27.103,19.0,3.0,0.0,49.3774,49.9537,0.5763,-0.069
27.113,19.0,3.0,0.0,49.3774,49.9537,0.5763,0.07
27.123,19.0,3.0,0.0,49.3774,49.9537,0.5763,-0.003
27.133,19.0,3.0,0.0,49.3774,49.9534,0.576,0.089
27.143,19.0,3.0,0.0,49.3774,49.9523,0.5749,0.126
27.153,19.0,3.0,0.0,49.3774,49.9519,0.5745,0.032
27.163,19.0,3.0,0.0,49.3774,49.9523,0.5749,-0.007
27.173,19.0,3.0,0.0,49.3774,49.9516,0.5742,0.153
27.183,19.0,3.0,0.0,49.3774,49.9519,0.5745,0.119
27.193,19.0,3.0,0.0,49.3774,49.9529,0.5755,0.052
27.203,19.0,3.0,0.0,49.3774,49.9534,0.576,-0.011
27.213,19.0,3.0,0.0,49.3774,49.9529,0.5755,0.09
27.223,19.0,3.0,0.0,49.3774,49.9534,0.576,0.065
27.233,19.0,3.0,0.0,49.3774,49.9526,0.5752,0.011
27.243,19.0,3.0,0.0,49.3774,49.9523,0.5749,0.063
27.253,19.0,3.0,0.0,49.3774,49.9519,0.5745,-0.087
27.263,19.0,3.0,0.0,49.3774,49.9526,0.5752,-0.019
27.273,19.0,3.0,0.0,49.3774,49.9526,0.5752,-0.098
27.283,19.0,3.0,0.0,49.3774,49.9526,0.5752,-0.079
27.293,19.0,3.0,0.0,49.3774,49.9526,0.5752,-0.013
27.303,19.0,3.0,0.0,49.3774,49.9526,0.5752,0.047
27.313,19.0,3.0,0.0,49.3774,49.9526,0.5752,0.022
27.323,19.0,3.0,0.0,49.3774,49.9526,0.5752,-0.08
27.333,19.0,3.0,0.0,49.3774,49.9529,0.5755,-0.025
27.343,19.0,3.0,0.0,49.3774,49.9534,0.576,-0.037
27.353,19.0,3.0,0.0,49.3774,49.9526,0.5752,0.089
27.363,19.0,3.0,0.0,49.3774,49.9526,0.5752,0.097
27.373,19.0,3.0,0.0,49.3774,49.9526,0.5752,-0.046
27.383,19.0,3.0,0.0,49.3774,49.9526,0.5752,-0.085
27.393,19.0,3.0,0.0,49.3774,49.9523,0.5749,0.002
27.403,19.0,3.0,0.0,49.3774,49.9516,0.5742,0.038
27.413,19.0,3.0,0.0,49.3774,49.9516,0.5742,0.03
27.423,19.0,3.0,0.0,49.3774,49.9519,0.5745,-0.008
27.433,19.0,3.0,0.0,49.3774,49.9526,0.5752,-0.145
27.443,19.0,3.0,0.0,49.3774,49.9526,0.5752,-0.085
27.453,19.0,3.0,0.0,49.3774,49.9526,0.5752,-0.053
27.463,19.0,3.0,0.0,49.3774,49.9529,0.5755,0.075
27.473,19.0,3.0,0.0,49.3774,49.954,0.5766,0.004
27.483,19.0,3.0,0.0,49.3774,49.9544,0.577,0.076
27.493,19.0,3.0,0.0,49.3774,49.9534,0.576,-0.049
27.503,19.0,3.0,0.0,49.3774,49.9529,0.5755,-0.035
27.513,19.0,3.0,0.0,49.3774,49.9537,0.5763,-0.025
27.523,19.0,3.0,0.0,49.3774,49.9537,0.5763,-0.047
27.533,19.0,3.0,0.0,49.3774,49.9537,0.5763,0.071
27.543,19.0,3.0,0.0,49.3774,49.9537,0.5763,0.113
27.553,19.0,3.0,0.0,49.3774,49.9537,0.5763,0.004
27.563,19.0,3.0,0.0,49.3774,49.953,0.5756,0.011
27.573,19.0,3.0,0.0,49.3774,49.9519,0.5745,-0.015
27.583,19.0,3.0,0.0,49.3774,49.9526,0.5752,-0.006
27.593,19.0,3.0,0.0,49.3774,49.9523,0.5749,0.063
27.603,19.0,3.0,0.0,49.3774,49.9516,0.5742,-0.021
27.613,19.0,3.0,0.0,49.3774,49.9519,0.5745,0.011
27.623,19.0,3.0,0.0,49.3774,49.9526,0.5752,0.084
27.633,19.0,3.0,0.0,49.3774,49.9526,0.5752,-0.003
27.643,19.0,3.0,0.0,49.3774,49.9529,0.5755,-0.053
27.653,19.0,3.0,0.0,49.3774,49.9534,0.576,-0.008
27.663,19.0,3.0,0.0,49.3774,49.9529,0.5755,0.051
27.673,19.0,3.0,0.0,49.3774,49.9534,0.576,-0.115
27.683,19.0,3.0,0.0,49.3774,49.9526,0.5752,-0.032
27.693,19.0,3.0,0.0,49.3774,49.9526,0.5752,0.091
27.703,19.0,3.0,0.0,49.3774,49.9529,0.5755,0.075
27.713,19.0,3.0,0.0,49.3774,49.9537,0.5763,-0.02
27.723,19.0,3.0,0.0,49.3774,49.9534,0.576,0.001
27.733,19.0,3.0,0.0,49.3774,49.9526,0.5752,0.041
27.743,19.0,3.0,0.0,49.3774,49.9526,0.5752,-0.049
27.753,19.0,3.0,0.0,49.3774,49.9526,0.5752,-0.01
27.763,19.0,3.0,0.0,49.3774,49.9526,0.5752,0.082
27.773,19.0,3.0,0.0,49.3774,49.9523,0.5749,0.067
27.783,19.0,3.0,0.0,49.3774,49.9519,0.5745,0.003
27.793,19.0,3.0,0.0,49.3774,49.9526,0.5752,-0.061
27.803,19.0,3.0,0.0,49.3774,49.9526,0.5752,-0.035
27.813,19.0,3.0,0.0,49.3774,49.9523,0.5749,0.0
27.823,19.0,3.0,0.0,49.3774,49.9516,0.5742,0.019
27.833,19.0,3.0,0.0,49.3774,49.9519,0.5745,0.041
27.843,19.0,3.0,0.0,49.3774,49.9523,0.5749,-0.05
27.853,19.0,3.0,0.0,49.3774,49.9519,0.5745,-0.092
27.863,19.0,3.0,0.0,49.3774,49.9526,0.5752,-0.054
27.873,19.0,3.0,0.0,49.3774,49.9526,0.5752,-0.101
27.883,19.0,3.0,0.0,49.3774,49.9526,0.5752,0.066
27.893,19.0,3.0,0.0,49.3774,49.9526,0.5752,0.056
27.903,19.0,3.0,0.0,49.3774,49.9526,0.5752,0.124
27.913,19.0,3.0,0.0,49.3774,49.9526,0.5752,0.073
27.923,19.0,3.0,0.0,49.3774,49.9526,0.5752,-0.069
27.933,19.0,3.0,0.0,49.3774,49.9523,0.5749,0.062
27.943,19.0,3.0,0.0,49.3774,49.9519,0.5745,0.132
27.953,19.0,3.0,0.0,49.3774,49.9526,0.5752,-0.039
27.963,19.0,3.0,0.0,49.3774,49.9526,0.5752,-0.06
27.973,19.0,3.0,0.0,49.3774,49.9526,0.5752,-0.12
27.983,19.0,3.0,0.0,49.3774,49.9526,0.5752,0.017
27.993,19.0,3.0,0.0,49.3774,49.9526,0.5752,0.078
28.003,19.0,3.0,0.0,49.3774,49.9526,0.5752,0.008
28.013,19.0,3.0,0.0,49.3774,49.9523,0.5749,0.004
28.023,19.0,3.0,0.0,49.3774,49.9519,0.5745,0.125
28.033,19.0,3.0,0.0,49.3774,49.9529,0.5755,0.036
28.043,19.0,3.0,0.0,49.3774,49.9534,0.576,-0.098
28.053,19.0,3.0,0.0,49.3774,49.9529,0.5755,-0.004
28.063,19.0,3.0,0.0,49.3774,49.9537,0.5763,-0.055
28.073,19.0,3.0,0.0,49.3774,49.9534,0.576,-0.042
28.083,19.0,3.0,0.0,49.3774,49.9526,0.5752,0.0
28.093,19.0,3.0,0.0,49.3774,49.9526,0.5752,-0.029
28.103,19.0,3.0,0.0,49.3774,49.9526,0.5752,-0.012
28.113,19.0,3.0,0.0,49.3774,49.9523,0.5749,-0.01
28.123,19.0,3.0,0.0,49.3774,49.9516,0.5742,-0.008
28.133,19.0,3.0,0.0,49.3774,49.9519,0.5745,0.009
28.143,19.0,3.0,0.0,49.3774,49.9523,0.5749,-0.043
28.153,19.0,3.0,0.0,49.3774,49.9516,0.5742,0.068
28.163,19.0,3.0,0.0,49.3774,49.9516,0.5742,0.089
28.173,19.0,3.0,0.0,49.3774,49.9516,0.5742,-0.017
28.183,19.0,3.0,0.0,49.3774,49.9519,0.5745,-0.097
28.193,19.0,3.0,0.0,49.3774,49.9529,0.5755,-0.006
28.203,19.0,3.0,0.0,49.3774,49.9534,0.576,0.069
28.213,19.0,3.0,0.0,49.3774,49.9529,0.5755,0.121
28.223,19.0,3.0,0.0,49.3774,49.9537,0.5763,-0.0
28.233,19.0,3.0,0.0,49.3774,49.9534,0.576,0.094
28.243,19.0,3.0,0.0,49.3774,49.9523,0.5749,0.072
28.253,19.0,3.0,0.0,49.3774,49.9519,0.5745,0.115
28.263,19.0,3.0,0.0,49.3774,49.9526,0.5752,0.047
28.273,19.0,3.0,0.0,49.3774,49.9526,0.5752,0.01
28.283,19.0,3.0,0.0,49.3774,49.9526,0.5752,0.064
28.293,19.0,3.0,0.0,49.3774,49.9526,0.5752,-0.05
28.303,19.0,3.0,0.0,49.3774,49.9526,0.5752,0.013
28.313,19.0,3.0,0.0,49.3774,49.9526,0.5752,0.099
28.323,19.0,3.0,0.0,49.3774,49.9526,0.5752,-0.015
28.333,19.0,3.0,0.0,49.3774,49.9526,0.5752,0.05
28.343,19.0,3.0,0.0,49.3774,49.9526,0.5752,-0.062
28.353,19.0,3.0,0.0,49.3774,49.9526,0.5752,-0.165
28.363,3.0,3.0,0.0,52.8398,50.0378,-2.802,-0.028
28.373,3.0,3.0,0.0,52.8398,50.4127,-2.4271,-0.102
28.383,3.0,3.0,0.0,52.8398,51.0725,-1.7673,0.04
28.393,3.0,3.0,0.0,52.8398,51.8849,-0.9549,0.113
28.403,3.0,3.0,0.0,52.8398,52.4922,-0.3476,-0.1
28.413,3.0,3.0,0.0,52.8398,52.663,-0.1768,-0.007
28.423,3.0,3.0,0.0,52.8398,52.7147,-0.1251,0.066
28.433,3.0,3.0,0.0,52.8398,52.7167,-0.1231,-0.028
28.443,3.0,3.0,0.0,52.8398,52.7181,-0.1217,0.024
28.453,3.0,3.0,0.0,52.8398,52.7188,-0.121,-0.078
28.463,3.0,3.0,0.0,52.8398,52.7202,-0.1196,0.037
28.473,3.0,3.0,0.0,52.8398,52.7202,-0.1196,-0.041
28.483,3.0,3.0,0.0,52.8398,52.7202,-0.1196,0.002
28.493,3.0,3.0,0.0,52.8398,52.7205,-0.1193,-0.022
28.503,3.0,3.0,0.0,52.8398,52.7215,-0.1183,-0.005
28.513,3.0,3.0,0.0,52.8398,52.7219,-0.1179,0.041
28.523,3.0,3.0,0.0,52.8398,52.7215,-0.1183,0.138
28.533,3.0,3.0,0.0,52.8398,52.7225,-0.1173,0.048
28.543,3.0,3.0,0.0,52.8398,52.7229,-0.1169,0.062
28.553,3.0,3.0,0.0,52.8398,52.7225,-0.1173,0.067
28.563,3.0,3.0,0.0,52.8398,52.7229,-0.1169,0.014
28.573,3.0,3.0,0.0,52.8398,52.7222,-0.1176,-0.005
28.583,3.0,3.0,0.0,52.8398,52.7222,-0.1176,-0.071
28.593,3.0,3.0,0.0,52.8398,52.7222,-0.1176,0.044
28.603,3.0,3.0,0.0,52.8398,52.7222,-0.1176,0.028
28.613,3.0,3.0,0.0,52.8398,52.7225,-0.1173,0.091
28.623,3.0,3.0,0.0,52.8398,52.7229,-0.1169,0.041
28.633,3.0,3.0,0.0,52.8398,52.7222,-0.1176,-0.039
28.643,3.0,3.0,0.0,52.8398,52.7219,-0.1179,-0.046
28.653,3.0,3.0,0.0,52.8398,52.7212,-0.1186,-0.085
28.663,3.0,3.0,0.0,52.8398,52.7209,-0.1189,-0.025
28.673,3.0,3.0,0.0,52.8398,52.7205,-0.1193,-0.015
28.683,3.0,3.0,0.0,52.8398,52.7215,-0.1183,0.074
28.693,3.0,3.0,0.0,52.8398,52.7225,-0.1173,0.068
28.703,3.0,3.0,0.0,52.8398,52.7229,-0.1169,0.018
28.713,3.0,3.0,0.0,52.8398,52.7222,-0.1176,0.039
28.723,3.0,3.0,0.0,52.8398,52.7222,-0.1176,0.003
28.733,3.0,3.0,0.0,52.8398,52.7222,-0.1176,0.087
28.743,3.0,3.0,0.0,52.8398,52.7225,-0.1173,0.1
28.753,3.0,3.0,0.0,52.8398,52.7232,-0.1166,-0.049
28.763,3.0,3.0,0.0,52.8398,52.7232,-0.1166,0.037
28.773,3.0,3.0,0.0,52.8398,52.7229,-0.1169,0.038
28.783,3.0,3.0,0.0,52.8398,52.7222,-0.1176,-0.013
28.793,3.0,3.0,0.0,52.8398,52.7225,-0.1173,-0.071
28.803,3.0,3.0,0.0,52.8398,52.7232,-0.1166,0.029
28.813,3.0,3.0,0.0,52.8398,52.7235,-0.1163,0.142
28.823,3.0,3.0,0.0,52.8398,52.7242,-0.1156,-0.017
28.833,3.0,3.0,0.0,52.8398,52.7242,-0.1156,0.051
28.843,3.0,3.0,0.0,52.8398,52.7236,-0.1162,0.191
28.853,3.0,3.0,0.0,52.8398,52.7225,-0.1173,0.127
28.863,3.0,3.0,0.0,52.8398,52.7235,-0.1163,0.046
28.873,3.0,3.0,0.0,52.8398,52.7239,-0.1159,0.016
28.883,3.0,3.0,0.0,52.8398,52.7232,-0.1166,0.129
28.893,3.0,3.0,0.0,52.8398,52.7232,-0.1166,0.081
28.903,3.0,3.0,0.0,52.8398,52.7232,-0.1166,0.011
28.913,3.0,3.0,0.0,52.8398,52.7229,-0.1169,0.069
28.923,3.0,3.0,0.0,52.8398,52.7225,-0.1173,-0.067
28.933,3.0,3.0,0.0,52.8398,52.7232,-0.1166,-0.087
28.943,3.0,3.0,0.0,52.8398,52.7229,-0.1169,0.048
28.953,3.0,3.0,0.0,52.8398,52.7222,-0.1176,0.033
28.963,3.0,3.0,0.0,52.8398,52.7222,-0.1176,0.014
28.973,3.0,3.0,0.0,52.8398,52.7222,-0.1176,0.053
28.983,3.0,3.0,0.0,52.8398,52.7225,-0.1173,0.016
28.993,3.0,3.0,0.0,52.8398,52.7232,-0.1166,-0.058
29.003,3.0,3.0,0.0,52.8398,52.7229,-0.1169,0.066
29.013,3.0,3.0,0.0,52.8398,52.7225,-0.1173,0.112
29.023,3.0,3.0,0.0,52.8398,52.7229,-0.1169,0.032
29.033,3.0,3.0,0.0,52.8398,52.7225,-0.1173,0.066
29.043,3.0,3.0,0.0,52.8398,52.7226,-0.1172,0.121
29.053,3.0,3.0,0.0,52.8398,52.7218,-0.118,0.044
29.063,3.0,3.0,0.0,52.8398,52.7232,-0.1166,-0.02
29.073,3.0,3.0,0.0,52.8398,52.7232,-0.1166,-0.022
29.083,3.0,3.0,0.0,52.8398,52.7229,-0.1169,0.075
29.093,3.0,3.0,0.0,52.8398,52.7225,-0.1173,0.05
29.103,3.0,3.0,0.0,52.8398,52.7232,-0.1166,0.021
29.113,3.0,3.0,0.0,52.8398,52.7229,-0.1169,0.008
29.123,3.0,3.0,0.0,52.8398,52.7225,-0.1173,-0.044
29.133,3.0,3.0,0.0,52.8398,52.7232,-0.1166,0.001
29.143,3.0,3.0,0.0,52.8398,52.7232,-0.1166,0.052
29.153,3.0,3.0,0.0,52.8398,52.7229,-0.1169,-0.036
29.163,3.0,3.0,0.0,52.8398,52.7225,-0.1173,-0.092
29.173,3.0,3.0,0.0,52.8398,52.7229,-0.1169,-0.104
29.183,3.0,3.0,0.0,52.8398,52.7134,-0.1264,-0.1
29.193,8.3,3.0,0.0,51.6857,52.4779,0.7922,-0.063
29.203,19.0,3.0,0.0,49.3774,51.6067,2.2293,0.116
29.213,19.0,3.0,0.0,49.3774,50.5927,1.2153,0.053
29.223,19.0,3.0,0.0,49.3774,50.1728,0.7954,0.033
29.233,19.0,3.0,0.0,49.3774,50.0035,0.6261,0.058
29.243,19.0,3.0,0.0,49.3774,49.9709,0.5935,-0.098
29.253,19.0,3.0,0.0,49.3774,49.9709,0.5935,0.049
29.263,19.0,3.0,0.0,49.3774,49.9712,0.5938,0.105
29.273,19.0,3.0,0.0,49.3774,49.9719,0.5945,0.029
29.283,19.0,3.0,0.0,49.3774,49.9719,0.5945,0.037
29.293,19.0,3.0,0.0,49.3774,49.9716,0.5942,0.074
29.303,19.0,3.0,0.0,49.3774,49.9712,0.5938,-0.072
29.313,19.0,3.0,0.0,49.3774,49.9716,0.5942,0.054
29.323,19.0,3.0,0.0,49.3774,49.9709,0.5935,0.013
29.333,19.0,3.0,0.0,49.3774,49.9709,0.5935,-0.019
29.343,19.0,3.0,0.0,49.3774,49.9712,0.5938,0.034
29.353,19.0,3.0,0.0,49.3774,49.9716,0.5942,0.099
29.363,19.0,3.0,0.0,49.3774,49.9709,0.5935,0.107
29.373,19.0,3.0,0.0,49.3774,49.9709,0.5935,-0.027
29.383,19.0,3.0,0.0,49.3774,49.9709,0.5935,-0.096
29.393,19.0,3.0,0.0,49.3774,49.9709,0.5935,-0.013
29.403,19.0,3.0,0.0,49.3774,49.9712,0.5938,0.009
29.413,19.0,3.0,0.0,49.3774,49.9713,0.5939,-0.056
29.423,19.0,3.0,0.0,49.3774,49.9702,0.5928,-0.163
29.433,19.0,3.0,0.0,49.3774,49.9709,0.5935,0.079
29.443,19.0,3.0,0.0,49.3774,49.9709,0.5935,0.069
29.453,19.0,3.0,0.0,49.3774,49.9709,0.5935,0.011
29.463,19.0,3.0,0.0,49.3774,49.9709,0.5935,0.045
29.473,19.0,3.0,0.0,49.3774,49.9709,0.5935,-0.119
29.483,19.0,3.0,0.0,49.3774,49.9712,0.5938,-0.086
29.493,19.0,3.0,0.0,49.3774,49.9716,0.5942,0.026
29.503,19.0,3.0,0.0,49.3774,49.9709,0.5935,0.044
29.513,19.0,3.0,0.0,49.3774,49.9706,0.5932,-0.002
29.523,19.0,3.0,0.0,49.3774,49.9699,0.5925,-0.106
29.533,19.0,3.0,0.0,49.3774,49.9699,0.5925,-0.149
29.543,19.0,3.0,0.0,49.3774,49.9702,0.5928,-0.105
29.553,19.0,3.0,0.0,49.3774,49.9709,0.5935,-0.032
29.563,19.0,3.0,0.0,49.3774,49.9706,0.5932,0.072
29.573,19.0,3.0,0.0,49.3774,49.9702,0.5928,-0.009
29.583,19.0,3.0,0.0,49.3774,49.9709,0.5935,-0.112
29.593,19.0,3.0,0.0,49.3774,49.9709,0.5935,-0.043
29.603,19.0,3.0,0.0,49.3774,49.9706,0.5932,-0.038
29.613,19.0,3.0,0.0,49.3774,49.9702,0.5928,0.035
29.623,19.0,3.0,0.0,49.3774,49.9709,0.5935,0.062
29.633,19.0,3.0,0.0,49.3774,49.9712,0.5938,0.062
29.643,19.0,3.0,0.0,49.3774,49.9722,0.5948,-0.022
29.653,19.0,3.0,0.0,49.3774,49.9729,0.5955,-0.009
29.663,19.0,3.0,0.0,49.3774,49.9726,0.5952,0.034
29.673,19.0,3.0,0.0,49.3774,49.9722,0.5948,0.014
29.683,19.0,3.0,0.0,49.3774,49.9726,0.5952,0.058
29.693,19.0,3.0,0.0,49.3774,49.9719,0.5945,0.018
29.703,19.0,3.0,0.0,49.3774,49.9719,0.5945,-0.107
29.713,19.0,3.0,0.0,49.3774,49.9716,0.5942,-0.064
29.723,19.0,3.0,0.0,49.3774,49.9709,0.5935,-0.048
29.733,19.0,3.0,0.0,49.3774,49.9709,0.5935,0.084
29.743,19.0,3.0,0.0,49.3774,49.9709,0.5935,0.124
29.753,19.0,3.0,0.0,49.3774,49.9709,0.5935,0.113
29.763,19.0,3.0,0.0,49.3774,49.9706,0.5932,0.093
29.773,19.0,3.0,0.0,49.3774,49.9702,0.5928,-0.001
29.783,19.0,3.0,0.0,49.3774,49.9709,0.5935,-0.051
29.793,19.0,3.0,0.0,49.3774,49.9709,0.5935,0.102
29.803,19.0,3.0,0.0,49.3774,49.9709,0.5935,0.094
29.813,19.0,3.0,0.0,49.3774,49.9709,0.5935,0.004
29.823,19.0,3.0,0.0,49.3774,49.9706,0.5932,-0.055
29.833,19.0,3.0,0.0,49.3774,49.9699,0.5925,0.013
29.843,19.0,3.0,0.0,49.3774,49.9699,0.5925,-0.081
29.853,19.0,3.0,0.0,49.3774,49.9702,0.5928,-0.052
29.863,19.0,3.0,0.0,49.3774,49.9712,0.5938,0.033
29.873,19.0,3.0,0.0,49.3774,49.9716,0.5942,-0.095
29.883,19.0,3.0,0.0,49.3774,49.9712,0.5938,0.023
29.893,19.0,3.0,0.0,49.3774,49.9719,0.5945,0.097
29.903,19.0,3.0,0.0,49.3774,49.9722,0.5948,-0.071
29.913,19.0,3.0,0.0,49.3774,49.9732,0.5958,0.104
29.923,19.0,3.0,0.0,49.3774,49.9739,0.5965,0.155
29.933,19.0,3.0,0.0,49.3774,49.9739,0.5965,0.049
29.943,19.0,3.0,0.0,49.3774,49.9736,0.5962,-0.009
29.953,19.0,3.0,0.0,49.3774,49.9732,0.5958,-0.013
29.963,19.0,3.0,0.0,49.3774,49.9739,0.5965,0.062
29.973,19.0,3.0,0.0,49.3774,49.9736,0.5962,-0.041
29.983,19.0,3.0,0.0,49.3774,49.9729,0.5955,0.037
29.993,19.0,3.0,0.0,49.3774,49.9729,0.5955,0.094
30.003,19.0,3.0,0.0,49.3774,49.9729,0.5955,-0.013
30.013,19.0,3.0,0.0,49.3774,49.9729,0.5955,0.069
30.023,19.0,3.0,0.0,49.3774,49.9729,0.5955,-0.028
30.033,19.0,3.0,0.0,49.3774,49.9726,0.5952,-0.007
30.043,19.0,3.0,0.0,49.3774,49.9719,0.5945,0.054
30.053,19.0,3.0,0.0,49.3774,49.9722,0.5948,0.116
30.063,19.0,3.0,0.0,49.3774,49.9729,0.5955,-0.001
30.073,19.0,3.0,0.0,49.3774,49.9729,0.5955,-0.041
30.083,19.0,3.0,0.0,49.3774,49.9726,0.5952,0.071
30.093,19.0,3.0,0.0,49.3774,49.9719,0.5945,-0.002
30.103,19.0,3.0,0.0,49.3774,49.9719,0.5945,0.117
30.113,19.0,3.0,0.0,49.3774,49.9716,0.5942,0.014
30.123,19.0,3.0,0.0,49.3774,49.9712,0.5938,-0.061
30.133,19.0,3.0,0.0,49.3774,49.9719,0.5945,0.01
30.143,19.0,3.0,0.0,49.3774,49.9716,0.5942,0.092
30.153,19.0,3.0,0.0,49.3774,49.9706,0.5932,-0.008
30.163,19.0,3.0,0.0,49.3774,49.9699,0.5925,0.072
30.173,19.0,3.0,0.0,49.3774,49.9702,0.5928,0.075
30.183,19.0,3.0,0.0,49.3774,49.9706,0.5932,-0.001
30.193,19.0,3.0,0.0,49.3774,49.9702,0.5928,0.044
30.203,19.0,3.0,0.0,49.3774,49.9706,0.5932,-0.134
30.213,19.0,3.0,0.0,49.3774,49.9702,0.5928,-0.179
30.223,19.0,3.0,0.0,49.3774,49.9709,0.5935,-0.13
30.233,19.0,3.0,0.0,49.3774,49.9709,0.5935,0.037
30.243,19.0,3.0,0.0,49.3774,49.9706,0.5932,0.142
30.253,19.0,3.0,0.0,49.3774,49.9702,0.5928,0.038
30.263,19.0,3.0,0.0,49.3774,49.9709,0.5935,-0.074
30.273,19.0,3.0,0.0,49.3774,49.9709,0.5935,0.037
30.283,19.0,3.0,0.0,49.3774,49.9709,0.5935,0.119
30.293,19.0,3.0,0.0,49.3774,49.9709,0.5935,-0.008
30.303,19.0,3.0,0.0,49.3774,49.9712,0.5938,-0.016
30.313,19.0,3.0,0.0,49.3774,49.9716,0.5942,0.073
30.323,19.0,3.0,0.0,49.3774,49.9709,0.5935,-0.01
30.333,19.0,3.0,0.0,49.3774,49.9709,0.5935,-0.052
30.343,19.0,3.0,0.0,49.3774,49.9712,0.5938,-0.075
30.353,19.0,3.0,0.0,49.3774,49.9716,0.5942,-0.124
30.363,19.0,3.0,0.0,49.3774,49.9712,0.5938,0.071
30.373,19.0,3.0,0.0,49.3774,49.9716,0.5942,0.015
30.383,19.0,3.0,0.0,49.3774,49.9706,0.5932,-0.026
30.393,19.0,3.0,0.0,49.3774,49.9705,0.5931,0.036
30.403,19.0,3.0,0.0,49.3774,49.9719,0.5945,-0.028
30.413,19.0,3.0,0.0,49.3774,49.9719,0.5945,0.026
30.423,19.0,3.0,0.0,49.3774,49.9719,0.5945,0.143
30.433,19.0,3.0,0.0,49.3774,49.9719,0.5945,0.121
30.443,19.0,3.0,0.0,49.3774,49.9722,0.5948,-0.021
30.453,19.0,3.0,0.0,49.3774,49.9726,0.5952,-0.014
30.463,19.0,3.0,0.0,49.3774,49.9719,0.5945,-0.003
30.473,19.0,3.0,0.0,49.3774,49.9719,0.5945,-0.125
30.483,19.0,3.0,0.0,49.3774,49.9722,0.5948,-0.16
30.493,19.0,3.0,0.0,49.3774,49.9729,0.5955,-0.034
30.503,19.0,3.0,0.0,49.3774,49.9738,0.5964,-0.119
30.513,3.0,3.0,0.0,52.8398,50.0647,-2.7751,-0.102
30.523,3.0,3.0,0.0,52.8398,50.4707,-2.3691,-0.009
30.533,3.0,3.0,0.0,52.8398,51.179,-1.6608,0.014
30.543,3.0,3.0,0.0,52.8398,51.9643,-0.8755,-0.05
30.553,3.0,3.0,0.0,52.8398,52.526,-0.3138,-0.011
30.563,3.0,3.0,0.0,52.8398,52.6838,-0.156,0.014
30.573,3.0,3.0,0.0,52.8398,52.7248,-0.115,0.004
30.583,3.0,3.0,0.0,52.8398,52.7272,-0.1126,-0.073
30.593,3.0,3.0,0.0,52.8398,52.729,-0.1108,-0.046
30.603,3.0,3.0,0.0,52.8398,52.7289,-0.1109,-0.076
30.613,3.0,3.0,0.0,52.8398,52.7306,-0.1092,0.006
30.623,3.0,3.0,0.0,52.8398,52.7316,-0.1082,-0.017
30.633,3.0,3.0,0.0,52.8398,52.7323,-0.1075,0.022
30.643,3.0,3.0,0.0,52.8398,52.7329,-0.1069,0.031
30.653,3.0,3.0,0.0,52.8398,52.7341,-0.1057,-0.119
30.663,3.0,3.0,0.0,52.8398,52.7333,-0.1065,-0.036
30.673,3.0,3.0,0.0,52.8398,52.7337,-0.1061,-0.106
30.683,3.0,3.0,0.0,52.8398,52.7347,-0.1051,-0.114
30.693,3.0,3.0,0.0,52.8398,52.7354,-0.1044,0.009
30.703,3.0,3.0,0.0,52.8398,52.7354,-0.1044,0.042
30.713,3.0,3.0,0.0,52.8398,52.7354,-0.1044,0.05
30.723,3.0,3.0,0.0,52.8398,52.7351,-0.1047,-0.018
30.733,3.0,3.0,0.0,52.8398,52.7347,-0.1051,-0.034
30.743,3.0,3.0,0.0,52.8398,52.7354,-0.1044,0.044
30.753,3.0,3.0,0.0,52.8398,52.7354,-0.1044,-0.057
30.763,3.0,3.0,0.0,52.8398,52.7351,-0.1047,0.109
30.773,3.0,3.0,0.0,52.8398,52.7347,-0.1051,0.114
30.783,3.0,3.0,0.0,52.8398,52.7354,-0.1044,-0.024
30.793,3.0,3.0,0.0,52.8398,52.7354,-0.1044,0.008
30.803,3.0,3.0,0.0,52.8398,52.7354,-0.1044,0.026
30.813,3.0,3.0,0.0,52.8398,52.7354,-0.1044,-0.013
30.823,3.0,3.0,0.0,52.8398,52.7354,-0.1044,-0.033
30.833,3.0,3.0,0.0,52.8398,52.7351,-0.1047,0.057
30.843,3.0,3.0,0.0,52.8398,52.7344,-0.1054,-0.044
30.853,3.0,3.0,0.0,52.8398,52.7344,-0.1054,-0.16
30.863,3.0,3.0,0.0,52.8398,52.7347,-0.1051,-0.116
30.873,3.0,3.0,0.0,52.8398,52.7354,-0.1044,0.006
30.883,3.0,3.0,0.0,52.8398,52.7354,-0.1044,-0.077
30.893,3.0,3.0,0.0,52.8398,52.7354,-0.1044,0.015
30.903,3.0,3.0,0.0,52.8398,52.7351,-0.1047,-0.022
30.913,3.0,3.0,0.0,52.8398,52.7347,-0.1051,0.036
30.923,3.0,3.0,0.0,52.8398,52.7354,-0.1044,-0.08
30.933,3.0,3.0,0.0,52.8398,52.7354,-0.1044,-0.089
30.943,3.0,3.0,0.0,52.8398,52.7354,-0.1044,0.035
30.953,3.0,3.0,0.0,52.8398,52.7354,-0.1044,0.15
30.963,3.0,3.0,0.0,52.8398,52.7354,-0.1044,0.033
30.973,3.0,3.0,0.0,52.8398,52.7354,-0.1044,-0.011
30.983,3.0,3.0,0.0,52.8398,52.7357,-0.1041,-0.029
30.993,3.0,3.0,0.0,52.8398,52.7364,-0.1034,-0.021
31.003,3.0,3.0,0.0,52.8398,52.7367,-0.1031,-0.028
31.013,3.0,3.0,0.0,52.8398,52.7374,-0.1024,-0.021
31.023,3.0,3.0,0.0,52.8398,52.7377,-0.1021,-0.022
31.033,3.0,3.0,0.0,52.8398,52.7378,-0.102,-0.0
31.043,3.0,3.0,0.0,52.8398,52.7367,-0.1031,-0.016
31.053,3.0,3.0,0.0,52.8398,52.7374,-0.1024,-0.05
31.063,3.0,3.0,0.0,52.8398,52.7368,-0.103,-0.084
31.073,3.0,3.0,0.0,52.8398,52.7357,-0.1041,-0.085
31.083,3.0,3.0,0.0,52.8398,52.7364,-0.1034,0.073
31.093,3.0,3.0,0.0,52.8398,52.7364,-0.1034,0.04
31.103,3.0,3.0,0.0,52.8398,52.7364,-0.1034,0.063
31.113,3.0,3.0,0.0,52.8398,52.7364,-0.1034,0.027
31.123,3.0,3.0,0.0,52.8398,52.7367,-0.1031,0.081
31.133,3.0,3.0,0.0,52.8398,52.7368,-0.103,-0.071
31.143,3.0,3.0,0.0,52.8398,52.7357,-0.1041,-0.109
31.153,3.0,3.0,0.0,52.8398,52.7364,-0.1034,0.001
31.163,3.0,3.0,0.0,52.8398,52.7364,-0.1034,-0.005
31.173,3.0,3.0,0.0,52.8398,52.7364,-0.1034,0.054
31.183,3.0,3.0,0.0,52.8398,52.7364,-0.1034,-0.007
31.193,3.0,3.0,0.0,52.8398,52.7364,-0.1034,-0.088
31.203,3.0,3.0,0.0,52.8398,52.7364,-0.1034,-0.031
31.213,3.0,3.0,0.0,52.8398,52.7364,-0.1034,0.014
31.223,3.0,3.0,0.0,52.8398,52.7367,-0.1031,-0.084
31.233,3.0,3.0,0.0,52.8398,52.7371,-0.1027,-0.091
31.243,3.0,3.0,0.0,52.8398,52.7364,-0.1034,-0.064
31.253,3.0,3.0,0.0,52.8398,52.7364,-0.1034,-0.099
31.263,3.0,3.0,0.0,52.8398,52.7364,-0.1034,0.118
31.273,3.0,3.0,0.0,52.8398,52.7364,-0.1034,-0.003
31.283,3.0,3.0,0.0,52.8398,52.7364,-0.1034,-0.068
31.293,3.0,3.0,0.0,52.8398,52.7367,-0.1031,-0.071
31.303,3.0,3.0,0.0,52.8398,52.7374,-0.1024,0.008
31.313,3.0,3.0,0.0,52.8398,52.7374,-0.1024,-0.064
31.323,3.0,3.0,0.0,52.8398,52.7374,-0.1024,-0.093
31.333,3.0,3.0,0.0,52.8398,52.7149,-0.1249,0.001
31.343,3.0,0.0,14.0,52.8398,52.3742,-0.4656,0.121
31.353,63.0,0.0,14.0,39.8558,51.2871,11.4313,-0.025
31.363,63.0,0.0,14.0,39.8558,49.8999,10.0441,0.037
31.373,63.0,0.0,14.0,39.8558,48.4875,8.6317,0.048
31.383,63.0,0.0,14.0,39.8558,47.0458,7.19,0.034
31.393,63.0,0.0,14.0,39.8558,45.5942,5.7384,-0.019
31.403,63.0,0.0,14.0,39.8558,44.1252,4.2694,-0.032
31.413,63.0,0.0,14.0,39.8558,42.7079,2.8521,0.038
31.423,63.0,0.0,14.0,39.8558,41.2766,1.4208,0.016
31.433,63.0,0.0,14.0,39.8558,39.8189,-0.0369,0.035
31.443,63.0,0.0,14.0,39.8558,38.3572,-1.4986,0.056
31.453,63.0,0.0,14.0,39.8558,36.9538,-2.902,0.033
31.463,63.0,0.0,14.0,39.8558,35.5267,-4.3291,0.073
31.473,63.0,0.0,14.0,39.8558,34.0887,-5.7671,-0.017
31.483,63.0,0.0,14.0,39.8558,32.6507,-7.2051,0.002
31.493,63.0,0.0,14.0,39.8558,31.1911,-8.6647,0.024
31.503,63.0,0.0,14.0,39.8558,29.7583,-10.0975,0.02
31.513,63.0,0.0,14.0,39.8558,28.3215,-11.5343,0.111
31.523,63.0,0.0,14.0,39.8558,26.8769,-12.9789,-0.017
31.533,63.0,0.0,14.0,39.8558,25.4234,-14.4324,-0.082
31.543,63.0,0.0,14.0,39.8558,23.974,-15.8818,0.036
31.553,63.0,0.0,14.0,39.8558,22.5519,-17.3039,0.053
31.563,63.0,0.0,14.0,39.8558,21.1328,-18.723,0.03
31.573,63.0,0.0,14.0,39.8558,19.6582,-20.1976,-0.044
31.583,221.0,0.0,6.0,5.6646,18.2456,12.581,-0.076
31.593,221.0,0.0,6.0,5.6646,16.8468,11.1822,-0.159
31.603,221.0,0.0,6.0,5.6646,15.4233,9.7587,-0.061
31.613,221.0,0.0,6.0,5.6646,13.9821,8.3175,0.055
31.623,221.0,0.0,6.0,5.6646,12.5511,6.8865,0.076
31.633,221.0,0.0,6.0,5.6646,11.0967,5.4321,0.1
31.643,221.0,0.0,6.0,5.6646,9.6455,3.9809,-0.053
31.653,221.0,0.0,6.0,5.6646,8.1789,2.5143,-0.013
31.663,221.0,0.0,6.0,5.6646,6.7838,1.1192,-0.029
31.673,221.0,0.0,6.0,5.6646,5.7386,0.074,0.062
31.683,221.0,0.0,6.0,5.6646,5.4211,-0.2435,-0.007
31.693,221.0,0.0,6.0,5.6646,5.2695,-0.3951,0.016
31.703,221.0,0.0,6.0,5.6646,5.262,-0.4026,0.002
31.713,221.0,0.0,6.0,5.6646,5.2631,-0.4015,-0.053
31.723,221.0,0.0,6.0,5.6646,5.2641,-0.4005,-0.072
31.733,221.0,0.0,6.0,5.6646,5.2648,-0.3998,-0.012
31.743,221.0,0.0,6.0,5.6646,5.2648,-0.3998,0.043
31.753,221.0,0.0,6.0,5.6646,5.2648,-0.3998,0.072
31.763,221.0,0.0,6.0,5.6646,5.2645,-0.4001,-0.058
31.773,221.0,0.0,6.0,5.6646,5.2641,-0.4005,-0.026
31.783,221.0,0.0,6.0,5.6646,5.2648,-0.3998,-0.144
31.793,221.0,0.0,6.0,5.6646,5.2645,-0.4001,-0.035
31.803,221.0,0.0,6.0,5.6646,5.2638,-0.4008,0.025
31.813,221.0,0.0,6.0,5.6646,5.2638,-0.4008,-0.15
31.823,221.0,0.0,6.0,5.6646,5.2638,-0.4008,-0.092
31.833,222.0,3.0,0.0,5.4482,5.2638,-0.1844,-0.109
31.843,222.0,3.0,0.0,5.4482,5.2638,-0.1844,-0.034
31.853,222.0,3.0,0.0,5.4482,5.2644,-0.1838,0.122
31.863,222.0,3.0,0.0,5.4482,5.2655,-0.1827,0.117
31.873,222.0,3.0,0.0,5.4482,5.2648,-0.1834,0.009
31.883,222.0,3.0,0.0,5.4482,5.2648,-0.1834,-0.048
31.893,222.0,3.0,0.0,5.4482,5.2648,-0.1834,0.016
31.903,222.0,3.0,0.0,5.4482,5.2645,-0.1837,-0.003
31.913,222.0,3.0,0.0,5.4482,5.2641,-0.1841,0.056
31.923,222.0,3.0,0.0,5.4482,5.2645,-0.1837,0.055
31.933,222.0,3.0,0.0,5.4482,5.2641,-0.1841,-0.081
31.943,222.0,3.0,0.0,5.4482,5.2648,-0.1834,-0.058
31.953,222.0,3.0,0.0,5.4482,5.2648,-0.1834,0.062
31.963,222.0,3.0,0.0,5.4482,5.2651,-0.1831,0.161
31.973,222.0,3.0,0.0,5.4482,5.2661,-0.1821,0.058
31.983,222.0,3.0,0.0,5.4482,5.2665,-0.1817,0.096
31.993,222.0,3.0,0.0,5.4482,5.2658,-0.1824,0.08
32.003,222.0,3.0,0.0,5.4482,5.2655,-0.1827,-0.044
32.013,222.0,3.0,0.0,5.4482,5.2651,-0.1831,-0.056
32.023,222.0,3.0,0.0,5.4482,5.2655,-0.1827,0.006
32.033,222.0,3.0,0.0,5.4482,5.2648,-0.1834,0.053
32.043,222.0,3.0,0.0,5.4482,5.2645,-0.1837,-0.034
32.053,222.0,3.0,0.0,5.4482,5.2638,-0.1844,0.049
32.063,222.0,3.0,0.0,5.4482,5.2638,-0.1844,0.108
32.073,222.0,3.0,0.0,5.4482,5.2635,-0.1847,-0.021
32.083,222.0,3.0,0.0,5.4482,5.2628,-0.1854,0.005
32.093,222.0,3.0,0.0,5.4482,5.2624,-0.1858,0.062
32.103,222.0,3.0,0.0,5.4482,5.2617,-0.1865,0.008
32.113,222.0,3.0,0.0,5.4482,5.262,-0.1862,0.107
32.123,222.0,3.0,0.0,5.4482,5.2628,-0.1854,0.093
32.133,222.0,3.0,0.0,5.4482,5.2631,-0.1851,-0.164
32.143,222.0,3.0,0.0,5.4482,5.2641,-0.1841,-0.081
32.153,222.0,3.0,0.0,5.4482,5.2651,-0.1831,0.047
32.163,222.0,3.0,0.0,5.4482,5.2655,-0.1827,0.124
32.173,222.0,3.0,0.0,5.4482,5.2645,-0.1837,0.171
32.183,222.0,3.0,0.0,5.4482,5.2638,-0.1844,0.096
32.193,222.0,3.0,0.0,5.4482,5.2638,-0.1844,0.122
32.203,222.0,3.0,0.0,5.4482,5.2635,-0.1847,-0.043
32.213,222.0,3.0,0.0,5.4482,5.2628,-0.1854,0.072
32.223,222.0,3.0,0.0,5.4482,5.2628,-0.1854,0.168
32.233,222.0,3.0,0.0,5.4482,5.2628,-0.1854,0.175
32.243,222.0,3.0,0.0,5.4482,5.2624,-0.1858,0.016
32.253,222.0,3.0,0.0,5.4482,5.2623,-0.1859,0.096
32.263,222.0,3.0,0.0,5.4482,5.2638,-0.1844,0.053
32.273,222.0,3.0,0.0,5.4482,5.2638,-0.1844,-0.058
32.283,222.0,3.0,0.0,5.4482,5.2638,-0.1844,-0.046
32.293,222.0,3.0,0.0,5.4482,5.2638,-0.1844,-0.026
32.303,222.0,3.0,0.0,5.4482,5.2638,-0.1844,-0.085
32.313,222.0,3.0,0.0,5.4482,5.2635,-0.1847,0.014
32.323,222.0,3.0,0.0,5.4482,5.2628,-0.1854,-0.13
32.333,222.0,3.0,0.0,5.4482,5.2634,-0.1848,0.012
32.343,222.0,3.0,0.0,5.4482,5.2648,-0.1834,0.051
32.353,222.0,3.0,0.0,5.4482,5.2654,-0.1828,-0.017
32.363,222.0,3.0,0.0,5.4482,5.2665,-0.1817,-0.065
32.373,222.0,3.0,0.0,5.4482,5.2658,-0.1824,-0.149
32.383,222.0,3.0,0.0,5.4482,5.2652,-0.183,-0.041
32.393,222.0,3.0,0.0,5.4482,5.2641,-0.1841,0.039
32.403,222.0,3.0,0.0,5.4482,5.2642,-0.184,0.059
32.413,222.0,3.0,0.0,5.4482,5.2631,-0.1851,0.079
32.423,222.0,3.0,0.0,5.4482,5.2641,-0.1841,-0.05
32.433,222.0,3.0,0.0,5.4482,5.2645,-0.1837,0.048
32.443,222.0,3.0,0.0,5.4482,5.2638,-0.1844,-0.071
32.453,222.0,3.0,0.0,5.4482,5.2632,-0.185,-0.053
32.463,222.0,3.0,0.0,5.4482,5.2623,-0.1859,0.015
32.473,222.0,3.0,0.0,5.4482,5.2632,-0.185,0.006
32.483,222.0,3.0,0.0,5.4482,5.2611,-0.1871,-0.012
32.493,222.0,3.0,0.0,5.4482,5.2594,-0.1888,-0.034
32.503,222.0,3.0,0.0,5.4482,5.2584,-0.1898,-0.042
32.513,222.0,3.0,0.0,5.4482,5.2577,-0.1905,0.096
32.523,222.0,3.0,0.0,5.4482,5.258,-0.1902,0.026
32.533,222.0,3.0,0.0,5.4482,5.2584,-0.1898,0.028
32.543,222.0,3.0,0.0,5.4482,5.2577,-0.1905,0.015
32.553,222.0,3.0,0.0,5.4482,5.2577,-0.1905,0.121
32.563,222.0,3.0,0.0,5.4482,5.258,-0.1902,0.158
32.573,222.0,3.0,0.0,5.4482,5.259,-0.1892,0.093
32.583,222.0,3.0,0.0,5.4482,5.2594,-0.1888,0.064
32.593,222.0,3.0,0.0,5.4482,5.259,-0.1892,0.058
32.603,222.0,3.0,0.0,5.4482,5.26,-0.1882,-0.014
32.613,222.0,3.0,0.0,5.4482,5.261,-0.1872,-0.006
32.623,222.0,3.0,0.0,5.4482,5.262,-0.1862,-0.063
32.633,222.0,3.0,0.0,5.4482,5.2631,-0.1851,-0.057
32.643,222.0,3.0,0.0,5.4482,5.2635,-0.1847,-0.222
32.653,222.0,3.0,0.0,5.4482,5.2631,-0.1851,-0.109
32.663,222.0,3.0,0.0,5.4482,5.2638,-0.1844,0.047
32.673,222.0,3.0,0.0,5.4482,5.2635,-0.1847,-0.073
32.683,222.0,3.0,0.0,5.4482,5.2628,-0.1854,0.082
32.693,222.0,3.0,0.0,5.4482,5.2628,-0.1854,0.038
32.703,222.0,3.0,0.0,5.4482,5.2621,-0.1861,-0.013
32.713,222.0,3.0,0.0,5.4482,5.261,-0.1872,-0.062
32.723,222.0,3.0,0.0,5.4482,5.2617,-0.1865,-0.047
32.733,222.0,3.0,0.0,5.4482,5.2617,-0.1865,-0.105
32.743,222.0,3.0,0.0,5.4482,5.2617,-0.1865,-0.034
32.753,222.0,3.0,0.0,5.4482,5.2614,-0.1868,0.105
32.763,222.0,3.0,0.0,5.4482,5.2604,-0.1878,0.123
32.773,222.0,3.0,0.0,5.4482,5.2594,-0.1888,0.008
32.783,222.0,3.0,0.0,5.4482,5.259,-0.1892,-0.01
32.793,222.0,3.0,0.0,5.4482,5.2597,-0.1885,0.104
32.803,222.0,3.0,0.0,5.4482,5.2591,-0.1891,0.113
32.813,222.0,3.0,0.0,5.4482,5.258,-0.1902,0.039
32.823,222.0,3.0,0.0,5.4482,5.259,-0.1892,0.061
32.833,222.0,3.0,0.0,5.4482,5.2594,-0.1888,-0.034
32.843,222.0,3.0,0.0,5.4482,5.2584,-0.1898,0.03
32.853,222.0,3.0,0.0,5.4482,5.258,-0.1902,-0.113
32.863,222.0,3.0,0.0,5.4482,5.2587,-0.1895,-0.049
32.873,222.0,3.0,0.0,5.4482,5.2593,-0.1889,-0.066
32.883,222.0,3.0,0.0,5.4482,5.2604,-0.1878,0.141
32.893,222.0,3.0,0.0,5.4482,5.2597,-0.1885,0.072
32.903,222.0,3.0,0.0,5.4482,5.2594,-0.1888,-0.008
32.913,222.0,3.0,0.0,5.4482,5.2593,-0.1889,0.016
32.923,222.0,3.0,0.0,5.4482,5.2604,-0.1878,0.171
32.933,222.0,3.0,0.0,5.4482,5.2594,-0.1888,0.081
32.943,222.0,3.0,0.0,5.4482,5.259,-0.1892,0.067
32.953,222.0,3.0,0.0,5.4482,5.2597,-0.1885,0.081
32.963,222.0,3.0,0.0,5.4482,5.2597,-0.1885,0.077
32.973,222.0,3.0,0.0,5.4482,5.2597,-0.1885,-0.137
32.983,222.0,3.0,0.0,5.4482,5.2594,-0.1888,0.048
32.993,222.0,3.0,0.0,5.4482,5.2584,-0.1898,0.127
33.003,222.0,3.0,0.0,5.4482,5.2577,-0.1905,0.077
33.013,222.0,3.0,0.0,5.4482,5.2577,-0.1905,0.093
33.023,222.0,3.0,0.0,5.4482,5.2577,-0.1905,-0.066
33.033,222.0,3.0,0.0,5.4482,5.258,-0.1902,-0.084
33.043,222.0,3.0,0.0,5.4482,5.2584,-0.1898,0.035
33.053,222.0,3.0,0.0,5.4482,5.2583,-0.1899,0.001
33.063,222.0,3.0,0.0,5.4482,5.2594,-0.1888,0.037
33.073,222.0,3.0,0.0,5.4482,5.2587,-0.1895,-0.028
33.083,222.0,3.0,0.0,5.4482,5.259,-0.1892,0.098
33.093,222.0,3.0,0.0,5.4482,5.2594,-0.1888,0.115
33.103,222.0,3.0,0.0,5.4482,5.2587,-0.1895,0.03
33.113,222.0,3.0,0.0,5.4482,5.2584,-0.1898,0.129
33.123,222.0,3.0,0.0,5.4482,5.2577,-0.1905,-0.028
33.133,222.0,3.0,0.0,5.4482,5.2586,-0.1896,-0.115
33.143,222.0,3.0,0.0,5.4482,5.3036,-0.1446,-0.051
33.153,185.0,0.0,9.0,13.455,5.5602,-7.8948,0.06
33.163,185.0,0.0,9.0,13.455,6.1721,-7.2829,0.083
33.173,185.0,0.0,9.0,13.455,6.9939,-6.4611,-0.088
33.183,185.0,0.0,9.0,13.455,7.8352,-5.6198,-0.017
33.193,185.0,0.0,9.0,13.455,8.7195,-4.7355,0.063
33.203,185.0,0.0,9.0,13.455,9.5862,-3.8688,0.037
33.213,185.0,0.0,9.0,13.455,10.4384,-3.0166,0.112
33.223,185.0,0.0,9.0,13.455,11.3231,-2.1319,0.018
33.233,185.0,0.0,9.0,13.455,12.2056,-1.2494,0.064
33.243,185.0,0.0,9.0,13.455,13.0774,-0.3776,0.079
33.253,185.0,0.0,9.0,13.455,13.9751,0.5201,0.068
33.263,185.0,0.0,9.0,13.455,14.8794,1.4244,-0.053
33.273,185.0,0.0,9.0,13.455,15.7428,2.2878,-0.096
33.283,185.0,0.0,9.0,13.455,16.6029,3.1479,-0.049
33.293,185.0,0.0,9.0,13.455,17.5062,4.0512,0.069
33.303,185.0,0.0,9.0,13.455,18.4585,5.0035,0.036
33.313,185.0,0.0,9.0,13.455,19.2595,5.8045,-0.032
33.323,185.0,0.0,9.0,13.455,20.2448,6.7898,0.062
33.333,185.0,0.0,9.0,13.455,21.1225,7.6675,0.038
33.343,185.0,0.0,9.0,13.455,22.0125,8.5575,-0.054
33.353,185.0,0.0,9.0,13.455,22.8945,9.4395,0.092
33.363,185.0,0.0,9.0,13.455,23.7577,10.3027,0.131
33.373,185.0,0.0,9.0,13.455,24.6245,11.1695,-0.026
33.383,185.0,0.0,9.0,13.455,25.4945,12.0395,-0.015
33.393,152.7,0.0,8.7,20.4519,26.3846,5.9326,0.021
33.403,88.0,0.0,8.0,34.4458,27.282,-7.1638,-0.007
33.413,88.0,0.0,8.0,34.4458,28.1585,-6.2873,0.123
33.423,88.0,0.0,8.0,34.4458,29.0584,-5.3874,0.047
33.433,88.0,0.0,8.0,34.4458,29.93,-4.5158,0.095
33.443,88.0,0.0,8.0,34.4458,30.7868,-3.659,0.099
33.453,88.0,0.0,8.0,34.4458,31.6855,-2.7603,-0.007
33.463,88.0,0.0,8.0,34.4458,32.5904,-1.8554,-0.03
33.473,88.0,0.0,8.0,34.4458,33.463,-0.9828,0.1
33.483,88.0,0.0,8.0,34.4458,34.3554,-0.0904,0.037
33.493,88.0,0.0,8.0,34.4458,35.2358,0.79,0.067
33.503,88.0,0.0,8.0,34.4458,36.0923,1.6465,0.06
33.513,88.0,0.0,8.0,34.4458,36.9597,2.5139,-0.06
33.523,88.0,0.0,8.0,34.4458,37.8206,3.3748,-0.048
33.533,88.0,0.0,8.0,34.4458,38.7129,4.2671,0.029
33.543,88.0,0.0,8.0,34.4458,39.6161,5.1703,0.194
33.553,88.0,0.0,8.0,34.4458,40.4859,6.0401,0.185
33.563,88.0,0.0,8.0,34.4458,41.3794,6.9336,0.247
33.573,88.0,0.0,8.0,34.4458,42.2432,7.7974,0.205
33.583,88.0,0.0,8.0,34.4458,43.1123,8.6665,0.095
33.593,88.0,0.0,8.0,34.4458,43.993,9.5472,0.099
33.603,88.0,0.0,8.0,34.4458,44.8763,10.4305,0.037
33.613,88.0,0.0,8.0,34.4458,45.7716,11.3258,0.044
33.623,88.0,0.0,8.0,34.4458,46.6445,12.1987,-0.002
33.633,88.0,0.0,8.0,34.4458,47.5472,13.1014,-0.057
33.643,3.0,0.0,19.0,52.8398,48.4309,-4.4089,0.043
33.653,3.0,0.0,19.0,52.8398,49.296,-3.5438,0.111
33.663,3.0,0.0,19.0,52.8398,50.1663,-2.6735,0.003
33.673,3.0,0.0,19.0,52.8398,51.0425,-1.7973,-0.09
33.683,3.0,0.0,19.0,52.8398,51.8919,-0.9479,-0.098
33.693,3.0,0.0,19.0,52.8398,52.4632,-0.3766,0.029
33.703,3.0,0.0,19.0,52.8398,52.6122,-0.2276,0.014
33.713,3.0,0.0,19.0,52.8398,52.6664,-0.1734,-0.089
33.723,3.0,0.0,19.0,52.8398,52.6694,-0.1704,-0.069
33.733,3.0,0.0,19.0,52.8398,52.6721,-0.1677,-0.018
33.743,3.0,0.0,19.0,52.8398,52.6742,-0.1656,0.094
33.753,3.0,0.0,19.0,52.8398,52.6762,-0.1636,0.02
33.763,3.0,0.0,19.0,52.8398,52.6776,-0.1622,0.042
33.773,3.0,0.0,19.0,52.8398,52.6782,-0.1616,0.089
33.783,3.0,0.0,19.0,52.8398,52.6799,-0.1599,0.082
33.793,3.0,0.0,19.0,52.8398,52.681,-0.1588,-0.037
33.803,3.0,0.0,19.0,52.8398,52.6823,-0.1575,0.032
33.813,3.0,0.0,19.0,52.8398,52.6843,-0.1555,0.051
33.823,3.0,0.0,19.0,52.8398,52.686,-0.1538,0.078
33.833,3.0,0.0,19.0,52.8398,52.687,-0.1528,0.027
33.843,3.0,0.0,19.0,52.8398,52.6884,-0.1514,0.002
33.853,3.0,0.0,19.0,52.8398,52.6901,-0.1497,0.041
33.863,3.0,0.0,19.0,52.8398,52.6911,-0.1487,0.161
33.873,3.0,0.0,9.5,52.8398,52.6921,-0.1477,0.034
33.883,3.0,3.0,0.0,52.8398,52.6928,-0.147,0.014
33.893,3.0,3.0,0.0,52.8398,52.6937,-0.1461,-0.02
33.903,3.0,3.0,0.0,52.8398,52.6959,-0.1439,-0.125
33.913,3.0,3.0,0.0,52.8398,52.6965,-0.1433,0.034
33.923,3.0,3.0,0.0,52.8398,52.6982,-0.1416,0.055
33.933,3.0,3.0,0.0,52.8398,52.6986,-0.1412,-0.029
33.943,3.0,3.0,0.0,52.8398,52.6985,-0.1413,0.057
33.953,3.0,3.0,0.0,52.8398,52.6999,-0.1399,0.049
33.963,3.0,3.0,0.0,52.8398,52.7002,-0.1396,0.165
33.973,3.0,3.0,0.0,52.8398,52.7009,-0.1389,-0.026
33.983,3.0,3.0,0.0,52.8398,52.7009,-0.1389,-0.034
33.993,3.0,3.0,0.0,52.8398,52.7012,-0.1386,0.037
34.003,3.0,3.0,0.0,52.8398,52.7019,-0.1379,0.124
34.013,3.0,3.0,0.0,52.8398,52.7022,-0.1376,0.07
34.023,3.0,3.0,0.0,52.8398,52.7029,-0.1369,-0.061
34.033,3.0,3.0,0.0,52.8398,52.7029,-0.1369,-0.125
34.043,3.0,3.0,0.0,52.8398,52.7032,-0.1366,-0.114
34.053,3.0,3.0,0.0,52.8398,52.7037,-0.1361,-0.041
34.063,3.0,3.0,0.0,52.8398,52.7032,-0.1366,0.133
34.073,3.0,3.0,0.0,52.8398,52.7037,-0.1361,0.082
34.083,3.0,3.0,0.0,52.8398,52.7032,-0.1366,-0.055
34.093,3.0,3.0,0.0,52.8398,52.704,-0.1358,-0.017
34.103,3.0,3.0,0.0,52.8398,52.704,-0.1358,-0.022
34.113,3.0,3.0,0.0,52.8398,52.704,-0.1358,-0.119
34.123,3.0,3.0,0.0,52.8398,52.704,-0.1358,-0.068
34.133,3.0,3.0,0.0,52.8398,52.7043,-0.1355,0.051
34.143,3.0,3.0,0.0,52.8398,52.7047,-0.1351,0.012
34.153,3.0,3.0,0.0,52.8398,52.704,-0.1358,0.065
34.163,3.0,3.0,0.0,52.8398,52.7043,-0.1355,0.007
34.173,3.0,3.0,0.0,52.8398,52.705,-0.1348,-0.035
34.183,3.0,3.0,0.0,52.8398,52.7047,-0.1351,-0.01
34.193,3.0,3.0,0.0,52.8398,52.704,-0.1358,-0.042
34.203,3.0,3.0,0.0,52.8398,52.704,-0.1358,-0.084
34.213,3.0,3.0,0.0,52.8398,52.7043,-0.1355,-0.067
34.223,3.0,3.0,0.0,52.8398,52.705,-0.1348,0.075
34.233,3.0,3.0,0.0,52.8398,52.705,-0.1348,0.068
34.243,3.0,3.0,0.0,52.8398,52.705,-0.1348,0.065
34.253,3.0,3.0,0.0,52.8398,52.705,-0.1348,0.037
34.263,3.0,3.0,0.0,52.8398,52.705,-0.1348,0.015
34.273,3.0,3.0,0.0,52.8398,52.705,-0.1348,-0.016
34.283,3.0,3.0,0.0,52.8398,52.7053,-0.1345,0.087
34.293,3.0,3.0,0.0,52.8398,52.7057,-0.1341,0.036
34.303,3.0,3.0,0.0,52.8398,52.7053,-0.1345,0.001
34.313,3.0,3.0,0.0,52.8398,52.706,-0.1338,0.075
34.323,3.0,3.0,0.0,52.8398,52.706,-0.1338,0.03
34.333,3.0,3.0,0.0,52.8398,52.706,-0.1338,0.014
34.343,3.0,3.0,0.0,52.8398,52.7057,-0.1341,0.157
34.353,3.0,3.0,0.0,52.8398,52.705,-0.1348,0.115
34.363,3.0,3.0,0.0,52.8398,52.7053,-0.1345,0.085
34.373,3.0,3.0,0.0,52.8398,52.7057,-0.1341,0.138
34.383,3.0,3.0,0.0,52.8398,52.705,-0.1348,0.028
34.393,3.0,3.0,0.0,52.8398,52.7053,-0.1345,0.017
34.403,3.0,3.0,0.0,52.8398,52.7057,-0.1341,0.082
34.413,3.0,3.0,0.0,52.8398,52.7047,-0.1351,0.062
34.423,3.0,3.0,0.0,52.8398,52.704,-0.1358,0.053
34.433,3.0,3.0,0.0,52.8398,52.704,-0.1358,0.015
34.443,3.0,3.0,0.0,52.8398,52.7043,-0.1355,0.172
34.453,3.0,3.0,0.0,52.8398,52.7047,-0.1351,0.151
34.463,3.0,3.0,0.0,52.8398,52.7043,-0.1355,0.045
34.473,3.0,3.0,0.0,52.8398,52.705,-0.1348,0.008
34.483,3.0,3.0,0.0,52.8398,52.705,-0.1348,-0.039
34.493,3.0,3.0,0.0,52.8398,52.7047,-0.1351,0.003
34.503,3.0,3.0,0.0,52.8398,52.7043,-0.1355,0.058
34.513,3.0,3.0,0.0,52.8398,52.7053,-0.1345,0.07
34.523,3.0,3.0,0.0,52.8398,52.7057,-0.1341,0.087
34.533,3.0,3.0,0.0,52.8398,52.705,-0.1348,0.099
34.543,3.0,3.0,0.0,52.8398,52.705,-0.1348,-0.063
34.553,3.0,3.0,0.0,52.8398,52.7047,-0.1351,0.013
34.563,3.0,3.0,0.0,52.8398,52.7043,-0.1355,0.046
34.573,3.0,3.0,0.0,52.8398,52.7053,-0.1345,0.035
34.583,3.0,3.0,0.0,52.8398,52.7063,-0.1335,0.136
34.593,3.0,3.0,0.0,52.8398,52.707,-0.1328,0.018
34.603,3.0,3.0,0.0,52.8398,52.7067,-0.1331,0.04
34.613,3.0,3.0,0.0,52.8398,52.706,-0.1338,0.007
34.623,3.0,3.0,0.0,52.8398,52.7057,-0.1341,0.006
34.633,3.0,3.0,0.0,52.8398,52.7053,-0.1345,-0.028
34.643,3.0,3.0,0.0,52.8398,52.7063,-0.1335,0.104
34.653,3.0,3.0,0.0,52.8398,52.7067,-0.1331,-0.141
34.663,3.0,3.0,0.0,52.8398,52.706,-0.1338,-0.092
34.673,3.0,3.0,0.0,52.8398,52.706,-0.1338,-0.016
34.683,3.0,3.0,0.0,52.8398,52.7057,-0.1341,-0.072
34.693,3.0,3.0,0.0,52.8398,52.7053,-0.1345,-0.076
34.703,3.0,3.0,0.0,52.8398,52.7054,-0.1344,0.063
34.713,56.0,0.0,12.0,41.3706,52.6511,11.2805,0.0
34.723,56.0,0.0,12.0,41.3706,52.1713,10.8007,-0.192
34.733,56.0,0.0,12.0,41.3706,50.9235,9.5529,-0.03
34.743,56.0,0.0,12.0,41.3706,49.5376,8.167,0.161
34.753,56.0,0.0,12.0,41.3706,48.1367,6.7661,0.122
34.763,56.0,0.0,12.0,41.3706,46.6827,5.3121,0.004
34.773,56.0,0.0,12.0,41.3706,45.2271,3.8565,-0.055
34.783,56.0,0.0,12.0,41.3706,43.7996,2.429,-0.028
34.793,56.0,0.0,12.0,41.3706,42.3816,1.011,0.022
34.803,56.0,0.0,12.0,41.3706,40.8533,-0.5173,0.099
34.813,56.0,0.0,12.0,41.3706,39.1778,-2.1928,0.075
34.823,56.0,0.0,12.0,41.3706,37.8202,-3.5504,0.083
34.833,56.0,0.0,12.0,41.3706,36.5345,-4.8361,0.059
34.843,56.0,0.0,12.0,41.3706,34.9162,-6.4544,0.076
34.853,56.0,0.0,12.0,41.3706,33.4419,-7.9287,0.045
34.863,56.0,0.0,12.0,41.3706,31.9718,-9.3988,0.037
34.873,56.0,0.0,12.0,41.3706,30.5455,-10.8251,0.103
34.883,56.0,0.0,12.0,41.3706,29.1335,-12.2371,0.023
34.893,56.0,0.0,12.0,41.3706,27.6931,-13.6775,-0.071
34.903,56.0,0.0,12.0,41.3706,26.2206,-15.15,-0.09
34.913,56.0,0.0,12.0,41.3706,24.7914,-16.5792,0.104
34.923,56.0,0.0,12.0,41.3706,23.3678,-18.0028,0.132
34.933,56.0,0.0,12.0,41.3706,21.9185,-19.4521,0.05
34.943,56.0,0.0,12.0,41.3706,20.4722,-20.8984,0.002
34.953,56.0,0.0,12.0,41.3706,19.0618,-22.3088,-0.018
34.963,216.0,0.0,9.0,6.7466,17.6237,10.8771,0.015
34.973,216.0,0.0,9.0,6.7466,16.1953,9.4487,0.026
34.983,216.0,0.0,9.0,6.7466,14.7844,8.0378,0.047
34.993,216.0,0.0,9.0,6.7466,13.3353,6.5887,0.058
35.003,216.0,0.0,9.0,6.7466,11.8874,5.1408,0.09
35.013,216.0,0.0,9.0,6.7466,10.4454,3.6988,0.041
35.023,216.0,0.0,9.0,6.7466,9.0019,2.2553,-0.12
35.033,216.0,0.0,9.0,6.7466,7.5425,0.7959,-0.034
35.043,216.0,0.0,9.0,6.7466,6.242,-0.5046,0.098
35.053,216.0,0.0,9.0,6.7466,5.5209,-1.2257,0.06
35.063,216.0,0.0,9.0,6.7466,5.3523,-1.3943,0.077
35.073,216.0,0.0,9.0,6.7466,5.2593,-1.4873,0.117
35.083,216.0,0.0,9.0,6.7466,5.261,-1.4856,0.015
35.093,216.0,0.0,9.0,6.7466,5.2614,-1.4852,-0.007
35.103,216.0,0.0,9.0,6.7466,5.2607,-1.4859,0.111
35.113,216.0,0.0,9.0,6.7466,5.2604,-1.4862,0.08
35.123,216.0,0.0,9.0,6.7466,5.2597,-1.4869,0.123
35.133,216.0,0.0,9.0,6.7466,5.2591,-1.4875,0.077
35.143,216.0,0.0,9.0,6.7466,5.2577,-1.4889,-0.066
35.153,216.0,0.0,9.0,6.7466,5.2577,-1.4889,0.017
35.163,216.0,0.0,9.0,6.7466,5.2586,-1.488,0.072
35.173,216.0,0.0,9.0,6.7466,5.2619,-1.4847,-0.04
35.183,216.0,0.0,9.0,6.7466,5.2654,-1.4812,0.051
35.193,216.0,0.0,9.0,6.7466,5.2662,-1.4804,0.086
35.203,222.0,3.0,0.0,5.4482,5.2648,-0.1834,-0.007
35.213,222.0,3.0,0.0,5.4482,5.2648,-0.1834,0.006
35.223,222.0,3.0,0.0,5.4482,5.2648,-0.1834,0.038
35.233,222.0,3.0,0.0,5.4482,5.2648,-0.1834,0.175
35.243,222.0,3.0,0.0,5.4482,5.2648,-0.1834,0.141
35.253,222.0,3.0,0.0,5.4482,5.2654,-0.1828,-0.027
35.263,222.0,3.0,0.0,5.4482,5.2659,-0.1823,-0.02
35.273,222.0,3.0,0.0,5.4482,5.2632,-0.185,0.037
35.283,222.0,3.0,0.0,5.4482,5.2617,-0.1865,0.02
35.293,222.0,3.0,0.0,5.4482,5.2617,-0.1865,0.018
35.303,222.0,3.0,0.0,5.4482,5.2611,-0.1871,-0.012
35.313,222.0,3.0,0.0,5.4482,5.2597,-0.1885,0.004
35.323,222.0,3.0,0.0,5.4482,5.2597,-0.1885,0.011
35.333,222.0,3.0,0.0,5.4482,5.26,-0.1882,0.009
35.343,222.0,3.0,0.0,5.4482,5.2604,-0.1878,-0.03
35.353,222.0,3.0,0.0,5.4482,5.26,-0.1882,-0.1
35.363,222.0,3.0,0.0,5.4482,5.2607,-0.1875,0.027
35.373,222.0,3.0,0.0,5.4482,5.2607,-0.1875,-0.07
35.383,222.0,3.0,0.0,5.4482,5.2601,-0.1881,0.014
35.393,222.0,3.0,0.0,5.4482,5.259,-0.1892,0.062
35.403,222.0,3.0,0.0,5.4482,5.2597,-0.1885,0.11
35.413,222.0,3.0,0.0,5.4482,5.2597,-0.1885,0.121
35.423,222.0,3.0,0.0,5.4482,5.2597,-0.1885,0.059
35.433,222.0,3.0,0.0,5.4482,5.2597,-0.1885,0.052
35.443,222.0,3.0,0.0,5.4482,5.2597,-0.1885,0.014
35.453,222.0,3.0,0.0,5.4482,5.2594,-0.1888,-0.143
35.463,222.0,3.0,0.0,5.4482,5.259,-0.1892,-0.138
35.473,222.0,3.0,0.0,5.4482,5.2597,-0.1885,0.055
35.483,222.0,3.0,0.0,5.4482,5.2597,-0.1885,-0.063
35.493,222.0,3.0,0.0,5.4482,5.26,-0.1882,-0.007
35.503,222.0,3.0,0.0,5.4482,5.2607,-0.1875,0.006
35.513,222.0,3.0,0.0,5.4482,5.2604,-0.1878,0.023
35.523,222.0,3.0,0.0,5.4482,5.2603,-0.1879,0.085
35.533,222.0,3.0,0.0,5.4482,5.2614,-0.1868,0.045
35.543,222.0,3.0,0.0,5.4482,5.2607,-0.1875,0.059
35.553,222.0,3.0,0.0,5.4482,5.2607,-0.1875,-0.055
35.563,222.0,3.0,0.0,5.4482,5.2604,-0.1878,-0.014
35.573,222.0,3.0,0.0,5.4482,5.2597,-0.1885,0.036
35.583,222.0,3.0,0.0,5.4482,5.26,-0.1882,0.072
35.593,222.0,3.0,0.0,5.4482,5.2604,-0.1878,0.061
35.603,222.0,3.0,0.0,5.4482,5.2594,-0.1888,-0.049
35.613,222.0,3.0,0.0,5.4482,5.259,-0.1892,0.084
35.623,222.0,3.0,0.0,5.4482,5.2591,-0.1891,0.076
35.633,222.0,3.0,0.0,5.4482,5.258,-0.1902,-0.001
35.643,222.0,3.0,0.0,5.4482,5.2587,-0.1895,0.093
35.653,222.0,3.0,0.0,5.4482,5.2587,-0.1895,0.112
35.663,222.0,3.0,0.0,5.4482,5.2587,-0.1895,0.214
35.673,222.0,3.0,0.0,5.4482,5.2587,-0.1895,0.044
35.683,222.0,3.0,0.0,5.4482,5.2587,-0.1895,-0.119
35.693,222.0,3.0,0.0,5.4482,5.2584,-0.1898,-0.091
35.703,222.0,3.0,0.0,5.4482,5.258,-0.1902,0.038
35.713,222.0,3.0,0.0,5.4482,5.2584,-0.1898,0.081
35.723,222.0,3.0,0.0,5.4482,5.258,-0.1902,0.046
35.733,222.0,3.0,0.0,5.4482,5.2587,-0.1895,0.139
35.743,222.0,3.0,0.0,5.4482,5.2587,-0.1895,-0.046
35.753,222.0,3.0,0.0,5.4482,5.2587,-0.1895,0.015
35.763,222.0,3.0,0.0,5.4482,5.2587,-0.1895,0.054
35.773,222.0,3.0,0.0,5.4482,5.2587,-0.1895,0.104
35.783,222.0,3.0,0.0,5.4482,5.2584,-0.1898,0.175
35.793,222.0,3.0,0.0,5.4482,5.258,-0.1902,0.017
35.803,222.0,3.0,0.0,5.4482,5.2587,-0.1895,-0.156
35.813,222.0,3.0,0.0,5.4482,5.2584,-0.1898,0.087
35.823,222.0,3.0,0.0,5.4482,5.258,-0.1902,0.153
35.833,222.0,3.0,0.0,5.4482,5.2587,-0.1895,0.088
35.843,222.0,3.0,0.0,5.4482,5.2587,-0.1895,0.011
35.853,222.0,3.0,0.0,5.4482,5.2587,-0.1895,-0.041
35.863,222.0,3.0,0.0,5.4482,5.2587,-0.1895,0.095
35.873,222.0,3.0,0.0,5.4482,5.2587,-0.1895,0.035
35.883,222.0,3.0,0.0,5.4482,5.2587,-0.1895,0.114
35.893,222.0,3.0,0.0,5.4482,5.2584,-0.1898,0.131
35.903,222.0,3.0,0.0,5.4482,5.2574,-0.1908,-0.026
35.913,222.0,3.0,0.0,5.4482,5.257,-0.1912,-0.041
35.923,222.0,3.0,0.0,5.4482,5.2577,-0.1905,-0.084
35.933,222.0,3.0,0.0,5.4482,5.2577,-0.1905,-0.126
35.943,222.0,3.0,0.0,5.4482,5.258,-0.1902,0.116
35.953,222.0,3.0,0.0,5.4482,5.2587,-0.1895,0.082
35.963,222.0,3.0,0.0,5.4482,5.2587,-0.1895,0.055
35.973,222.0,3.0,0.0,5.4482,5.2587,-0.1895,-0.127
35.983,222.0,3.0,0.0,5.4482,5.2584,-0.1898,-0.002
35.993,222.0,3.0,0.0,5.4482,5.2577,-0.1905,0.0
36.003,222.0,3.0,0.0,5.4482,5.2577,-0.1905,0.158
36.013,222.0,3.0,0.0,5.4482,5.2577,-0.1905,0.088
36.023,222.0,3.0,0.0,5.4482,5.2577,-0.1905,0.074
36.033,222.0,3.0,0.0,5.4482,5.2577,-0.1905,0.016
36.043,222.0,3.0,0.0,5.4482,5.258,-0.1902,0.013
36.053,222.0,3.0,0.0,5.4482,5.259,-0.1892,-0.062
36.063,222.0,3.0,0.0,5.4482,5.2594,-0.1888,0.19
36.073,222.0,3.0,0.0,5.4482,5.2584,-0.1898,0.086
36.083,222.0,3.0,0.0,5.4482,5.2574,-0.1908,-0.001
36.093,222.0,3.0,0.0,5.4482,5.2567,-0.1915,0.03
36.103,222.0,3.0,0.0,5.4482,5.2567,-0.1915,-0.113
36.113,222.0,3.0,0.0,5.4482,5.2564,-0.1918,0.019
36.123,222.0,3.0,0.0,5.4482,5.256,-0.1922,0.045
36.133,222.0,3.0,0.0,5.4482,5.2567,-0.1915,0.03
36.143,222.0,3.0,0.0,5.4482,5.257,-0.1912,0.088
36.153,222.0,3.0,0.0,5.4482,5.2577,-0.1905,0.064
36.163,222.0,3.0,0.0,5.4482,5.2577,-0.1905,0.06
36.173,222.0,3.0,0.0,5.4482,5.2577,-0.1905,0.038
36.183,222.0,3.0,0.0,5.4482,5.2577,-0.1905,0.04
36.193,222.0,3.0,0.0,5.4482,5.2571,-0.1911,0.019
36.203,222.0,3.0,0.0,5.4482,5.2554,-0.1928,-0.09
36.213,222.0,3.0,0.0,5.4482,5.255,-0.1932,0.026
36.223,222.0,3.0,0.0,5.4482,5.256,-0.1922,-0.073
36.233,222.0,3.0,0.0,5.4482,5.2567,-0.1915,0.012
36.243,222.0,3.0,0.0,5.4482,5.2567,-0.1915,0.117
36.253,222.0,3.0,0.0,5.4482,5.257,-0.1912,0.171
36.263,222.0,3.0,0.0,5.4482,5.2574,-0.1908,0.071
36.273,222.0,3.0,0.0,5.4482,5.257,-0.1912,0.042
36.283,222.0,3.0,0.0,5.4482,5.2577,-0.1905,0.056
36.293,222.0,3.0,0.0,5.4482,5.2574,-0.1908,0.074
36.303,222.0,3.0,0.0,5.4482,5.2564,-0.1918,0.008
36.313,222.0,3.0,0.0,5.4482,5.2557,-0.1925,0.082
36.323,222.0,3.0,0.0,5.4482,5.2551,-0.1931,0.07
36.333,222.0,3.0,0.0,5.4482,5.2542,-0.194,0.003
36.343,222.0,3.0,0.0,5.4482,5.2554,-0.1928,0.136
36.353,222.0,3.0,0.0,5.4482,5.2553,-0.1929,0.08
36.363,222.0,3.0,0.0,5.4482,5.2567,-0.1915,0.046
36.373,222.0,3.0,0.0,5.4482,5.2567,-0.1915,-0.052
36.383,222.0,3.0,0.0,5.4482,5.2561,-0.1921,-0.039
36.393,222.0,3.0,0.0,5.4482,5.255,-0.1932,0.048
36.403,222.0,3.0,0.0,5.4482,5.2554,-0.1928,-0.033
36.413,222.0,3.0,0.0,5.4482,5.255,-0.1932,0.101
36.423,222.0,3.0,0.0,5.4482,5.2557,-0.1925,0.197
36.433,222.0,3.0,0.0,5.4482,5.256,-0.1922,0.115
36.443,222.0,3.0,0.0,5.4482,5.2564,-0.1918,0.033
36.453,222.0,3.0,0.0,5.4482,5.256,-0.1922,-0.07
36.463,222.0,3.0,0.0,5.4482,5.2567,-0.1915,-0.036
36.473,222.0,3.0,0.0,5.4482,5.2564,-0.1918,0.013
36.483,222.0,3.0,0.0,5.4482,5.2554,-0.1928,0.063
36.493,222.0,3.0,0.0,5.4482,5.2546,-0.1936,0.078
36.503,222.0,3.0,0.0,5.4482,5.2546,-0.1936,0.022
36.513,222.0,3.0,8.0,5.4482,5.2708,-0.1774,0.065
36.523,190.0,0.0,8.0,12.373,5.4379,-6.9351,0.172
36.533,190.0,0.0,8.0,12.373,5.9751,-6.3979,-0.015
36.543,190.0,0.0,8.0,12.373,6.762,-5.611,-0.085
36.553,190.0,0.0,8.0,12.373,7.5755,-4.7975,0.082
36.563,190.0,0.0,8.0,12.373,8.4268,-3.9462,0.049
36.573,190.0,0.0,8.0,12.373,9.2854,-3.0876,0.053
36.583,190.0,0.0,8.0,12.373,10.1676,-2.2054,0.074
36.593,190.0,0.0,8.0,12.373,11.0316,-1.3414,0.135
36.603,190.0,0.0,8.0,12.373,11.9255,-0.4475,0.167
36.613,190.0,0.0,8.0,12.373,12.8049,0.4319,0.056
36.623,190.0,0.0,8.0,12.373,13.6998,1.3268,0.045
36.633,190.0,0.0,8.0,12.373,14.6046,2.2316,-0.026
36.643,190.0,0.0,8.0,12.373,15.4731,3.1001,0.149
36.653,190.0,0.0,8.0,12.373,16.3433,3.9703,0.052
36.663,190.0,0.0,8.0,12.373,17.2033,4.8303,-0.007
36.673,190.0,0.0,8.0,12.373,18.0606,5.6876,0.02
36.683,190.0,0.0,8.0,12.373,18.9256,6.5526,0.027
36.693,190.0,0.0,8.0,12.373,19.7993,7.4263,0.02
36.703,190.0,0.0,8.0,12.373,20.6889,8.3159,-0.012
36.713,190.0,0.0,8.0,12.373,21.5704,9.1974,-0.05
36.723,190.0,0.0,8.0,12.373,22.4371,10.0641,0.086
36.733,190.0,0.0,8.0,12.373,23.3091,10.9361,0.035
36.743,190.0,0.0,8.0,12.373,24.1918,11.8188,-0.034
36.753,190.0,0.0,8.0,12.373,25.0421,12.6691,-0.068
36.763,92.0,0.0,8.0,33.5802,25.9179,-7.6623,-0.088
36.773,92.0,0.0,8.0,33.5802,26.827,-6.7532,0.029
36.783,92.0,0.0,8.0,33.5802,27.7246,-5.8556,0.061
36.793,92.0,0.0,8.0,33.5802,28.5949,-4.9853,0.19
36.803,92.0,0.0,8.0,33.5802,29.4798,-4.1004,0.05
36.813,92.0,0.0,8.0,33.5802,30.3486,-3.2316,-0.01
36.823,92.0,0.0,8.0,33.5802,31.2372,-2.343,-0.008
36.833,92.0,0.0,8.0,33.5802,32.1215,-1.4587,0.158
36.843,92.0,0.0,8.0,33.5802,33.0105,-0.5697,0.12
36.853,92.0,0.0,8.0,33.5802,33.9055,0.3253,-0.076
36.863,92.0,0.0,8.0,33.5802,34.7847,1.2045,0.029
36.873,92.0,0.0,8.0,33.5802,35.6458,2.0656,-0.021
36.883,92.0,0.0,8.0,33.5802,36.5259,2.9457,0.016
36.893,92.0,0.0,8.0,33.5802,37.3891,3.8089,0.076
36.903,92.0,0.0,8.0,33.5802,38.2478,4.6676,0.005
36.913,92.0,0.0,8.0,33.5802,39.1547,5.5745,0.105
36.923,92.0,0.0,8.0,33.5802,40.0295,6.4493,0.073
36.933,92.0,0.0,8.0,33.5802,40.9104,7.3302,0.041
36.943,92.0,0.0,8.0,33.5802,41.7909,8.2107,-0.091
36.953,92.0,0.0,8.0,33.5802,42.6638,9.0836,0.1
36.963,92.0,0.0,8.0,33.5802,43.5503,9.9701,0.136
36.973,92.0,0.0,8.0,33.5802,44.4138,10.8336,0.027
36.983,92.0,0.0,8.0,33.5802,45.2995,11.7193,-0.133
36.993,92.0,0.0,8.0,33.5802,46.1902,12.61,-0.038
37.003,32.7,0.0,22.7,46.4199,47.0771,0.6572,-0.032
37.013,3.0,0.0,30.0,52.8398,47.9632,-4.8766,0.04
37.023,3.0,0.0,30.0,52.8398,48.8408,-3.999,0.078
37.033,3.0,0.0,30.0,52.8398,49.7156,-3.1242,0.051
37.043,3.0,0.0,30.0,52.8398,50.5853,-2.2545,0.106
37.053,3.0,0.0,30.0,52.8398,51.4517,-1.3881,0.108
37.063,3.0,0.0,30.0,52.8398,52.1939,-0.6459,0.077
37.073,3.0,0.0,30.0,52.8398,52.5735,-0.2663,0.035
37.083,3.0,0.0,30.0,52.8398,52.6674,-0.1724,-0.088
37.093,3.0,0.0,30.0,52.8398,52.6704,-0.1694,0.024
37.103,3.0,0.0,30.0,52.8398,52.6732,-0.1666,0.006
37.113,3.0,0.0,30.0,52.8398,52.6749,-0.1649,0.064
37.123,3.0,0.0,30.0,52.8398,52.6759,-0.1639,-0.007
37.133,3.0,0.0,30.0,52.8398,52.6766,-0.1632,0.054
37.143,3.0,0.0,30.0,52.8398,52.6769,-0.1629,0.13
37.153,3.0,0.0,30.0,52.8398,52.6779,-0.1619,0.095
37.163,3.0,0.0,30.0,52.8398,52.6783,-0.1615,0.052
37.173,3.0,0.0,30.0,52.8398,52.6779,-0.1619,-0.03
37.183,3.0,0.0,30.0,52.8398,52.6789,-0.1609,-0.006
37.193,3.0,0.0,30.0,52.8398,52.6796,-0.1602,-0.064
37.203,3.0,0.0,30.0,52.8398,52.6799,-0.1599,-0.011
37.213,3.0,0.0,30.0,52.8398,52.6813,-0.1585,0.14
37.223,3.0,0.0,30.0,52.8398,52.683,-0.1568,0.048
37.233,3.0,0.0,30.0,52.8398,52.6837,-0.1561,0.075
37.243,3.0,0.0,30.0,52.8398,52.684,-0.1558,-0.01
37.253,3.0,3.0,0.0,52.8398,52.6853,-0.1545,0.134
37.263,3.0,3.0,0.0,52.8398,52.6867,-0.1531,0.177
37.273,3.0,3.0,0.0,52.8398,52.687,-0.1528,-0.017
37.283,3.0,3.0,0.0,52.8398,52.6884,-0.1514,-0.037
37.293,3.0,3.0,0.0,52.8398,52.6901,-0.1497,-0.057
37.303,3.0,3.0,0.0,52.8398,52.6911,-0.1487,-0.012
37.313,3.0,3.0,0.0,52.8398,52.6924,-0.1474,0.01
37.323,3.0,3.0,0.0,52.8398,52.6941,-0.1457,0.088
37.333,3.0,3.0,0.0,52.8398,52.6951,-0.1447,0.036
37.343,3.0,3.0,0.0,52.8398,52.6962,-0.1436,0.047
37.353,3.0,3.0,0.0,52.8398,52.6969,-0.1429,0.034
37.363,3.0,3.0,0.0,52.8398,52.6972,-0.1426,0.063
37.373,3.0,3.0,0.0,52.8398,52.6982,-0.1416,0.17
37.383,3.0,3.0,0.0,52.8398,52.6992,-0.1406,0.08
37.393,3.0,3.0,0.0,52.8398,52.7002,-0.1396,0.051
37.403,3.0,3.0,0.0,52.8398,52.7009,-0.1389,0.045
37.413,3.0,3.0,0.0,52.8398,52.7009,-0.1389,0.135
37.423,3.0,3.0,0.0,52.8398,52.7015,-0.1383,-0.025
37.433,3.0,3.0,0.0,52.8398,52.7029,-0.1369,-0.077
37.443,3.0,3.0,0.0,52.8398,52.7029,-0.1369,-0.026
37.453,3.0,3.0,0.0,52.8398,52.7032,-0.1366,0.098
37.463,3.0,3.0,0.0,52.8398,52.704,-0.1358,0.11
37.473,3.0,3.0,0.0,52.8398,52.704,-0.1358,-0.03
37.483,3.0,3.0,0.0,52.8398,52.704,-0.1358,0.02
37.493,3.0,3.0,0.0,52.8398,52.7043,-0.1355,0.041
37.503,3.0,3.0,0.0,52.8398,52.7047,-0.1351,0.06
37.513,3.0,3.0,0.0,52.8398,52.704,-0.1358,0.107
37.523,3.0,3.0,0.0,52.8398,52.704,-0.1358,0.159
37.533,3.0,3.0,0.0,52.8398,52.704,-0.1358,0.019
37.543,3.0,3.0,0.0,52.8398,52.704,-0.1358,0.081
37.553,3.0,3.0,0.0,52.8398,52.7037,-0.1361,0.022
37.563,3.0,3.0,0.0,52.8398,52.7032,-0.1366,0.201
37.573,3.0,3.0,0.0,52.8398,52.704,-0.1358,0.096
37.583,3.0,3.0,0.0,52.8398,52.704,-0.1358,-0.006
37.593,3.0,3.0,0.0,52.8398,52.7043,-0.1355,-0.023
37.603,3.0,3.0,0.0,52.8398,52.705,-0.1348,-0.1
37.613,3.0,3.0,0.0,52.8398,52.7047,-0.1351,0.007
37.623,3.0,3.0,0.0,52.8398,52.704,-0.1358,0.149
37.633,3.0,3.0,0.0,52.8398,52.7046,-0.1352,0.081
37.643,3.0,3.0,0.0,52.8398,52.7057,-0.1341,0.031
37.653,3.0,3.0,0.0,52.8398,52.705,-0.1348,0.0
37.663,3.0,3.0,0.0,52.8398,52.705,-0.1348,0.111
37.673,3.0,3.0,0.0,52.8398,52.705,-0.1348,-0.037
37.683,3.0,3.0,0.0,52.8398,52.7047,-0.1351,0.079
37.693,3.0,3.0,0.0,52.8398,52.704,-0.1358,0.045
37.703,3.0,3.0,0.0,52.8398,52.704,-0.1358,-0.027
37.713,3.0,3.0,0.0,52.8398,52.7043,-0.1355,0.129
37.723,3.0,3.0,0.0,52.8398,52.705,-0.1348,0.03
37.733,3.0,3.0,0.0,52.8398,52.705,-0.1348,0.093
37.743,3.0,3.0,0.0,52.8398,52.705,-0.1348,0.175
37.753,3.0,3.0,0.0,52.8398,52.705,-0.1348,0.175
37.763,3.0,3.0,0.0,52.8398,52.7053,-0.1345,0.081
37.773,3.0,3.0,0.0,52.8398,52.706,-0.1338,-0.011
37.783,3.0,3.0,0.0,52.8398,52.7057,-0.1341,-0.068
37.793,3.0,3.0,0.0,52.8398,52.705,-0.1348,0.074
37.803,3.0,3.0,0.0,52.8398,52.705,-0.1348,0.013
37.813,3.0,3.0,0.0,52.8398,52.705,-0.1348,0.061
37.823,3.0,3.0,0.0,52.8398,52.705,-0.1348,0.015
37.833,3.0,3.0,0.0,52.8398,52.7053,-0.1345,0.001
37.843,3.0,3.0,0.0,52.8398,52.7057,-0.1341,0.014
37.853,3.0,3.0,0.0,52.8398,52.705,-0.1348,0.138
37.863,3.0,3.0,0.0,52.8398,52.705,-0.1348,0.137
37.873,3.0,3.0,0.0,52.8398,52.7047,-0.1351,0.109
37.883,3.0,3.0,0.0,52.8398,52.7043,-0.1355,0.129
37.893,3.0,3.0,0.0,52.8398,52.705,-0.1348,-0.009
37.903,3.0,3.0,0.0,52.8398,52.705,-0.1348,-0.041
37.913,3.0,3.0,0.0,52.8398,52.7053,-0.1345,-0.003
37.923,3.0,3.0,0.0,52.8398,52.7057,-0.1341,-0.097
37.933,3.0,3.0,0.0,52.8398,52.705,-0.1348,-0.161
37.943,3.0,3.0,0.0,52.8398,52.7047,-0.1351,-0.014
37.953,3.0,3.0,0.0,52.8398,52.7046,-0.1352,0.093
37.963,3.0,3.0,0.0,52.8398,52.7057,-0.1341,0.132
37.973,3.0,3.0,0.0,52.8398,52.705,-0.1348,0.035
37.983,3.0,3.0,0.0,52.8398,52.705,-0.1348,0.021
37.993,3.0,3.0,0.0,52.8398,52.705,-0.1348,0.081
38.003,3.0,3.0,0.0,52.8398,52.705,-0.1348,0.012
38.013,3.0,3.0,0.0,52.8398,52.705,-0.1348,0.169
38.023,3.0,3.0,0.0,52.8398,52.705,-0.1348,0.136
38.033,3.0,3.0,0.0,52.8398,52.7053,-0.1345,0.165
38.043,3.0,3.0,0.0,52.8398,52.7057,-0.1341,0.029
38.053,3.0,3.0,0.0,52.8398,52.7053,-0.1345,-0.047
38.063,3.0,3.0,0.0,52.8398,52.706,-0.1338,0.13
38.073,3.0,3.0,0.0,52.8398,52.6859,-0.1539,0.066
38.083,35.0,0.0,16.0,45.915,52.5178,6.6028,0.022
38.093,35.0,0.0,16.0,45.915,52.0235,6.1085,0.065
38.103,35.0,0.0,16.0,45.915,51.3088,5.3938,0.085
38.113,35.0,0.0,16.0,45.915,50.588,4.673,0.116
38.123,35.0,0.0,16.0,45.915,49.8829,3.9679,-0.108
38.133,35.0,0.0,16.0,45.915,49.1177,3.2027,-0.066
38.143,35.0,0.0,16.0,45.915,48.3668,2.4518,0.09
38.153,35.0,0.0,16.0,45.915,47.6266,1.7116,0.131
38.163,35.0,0.0,16.0,45.915,46.8517,0.9367,0.166
38.173,35.0,0.0,16.0,45.915,46.0941,0.1791,0.086
38.183,35.0,0.0,16.0,45.915,45.3325,-0.5825,-0.029
38.193,35.0,0.0,16.0,45.915,44.5673,-1.3477,0.011
38.203,35.0,0.0,16.0,45.915,43.8291,-2.0859,0.023
38.213,35.0,0.0,16.0,45.915,43.0568,-2.8582,0.05
38.223,35.0,0.0,16.0,45.915,42.3078,-3.6072,-0.027
38.233,35.0,0.0,16.0,45.915,41.5584,-4.3566,-0.04
38.243,35.0,0.0,16.0,45.915,40.7776,-5.1374,0.007
38.253,35.0,0.0,16.0,45.915,40.0045,-5.9105,0.04
38.263,35.0,0.0,16.0,45.915,39.2241,-6.6909,-0.007
38.273,35.0,0.0,16.0,45.915,38.467,-7.448,0.025
38.283,35.0,0.0,16.0,45.915,37.69,-8.225,0.081
38.293,35.0,0.0,16.0,45.915,36.953,-8.962,0.098
38.303,35.0,0.0,16.0,45.915,36.2216,-9.6934,-0.053
38.313,35.0,0.0,16.0,45.915,35.4676,-10.4474,-0.084
38.323,120.0,0.0,13.0,27.521,34.7217,7.2007,-0.081
38.333,120.0,0.0,13.0,27.521,33.9395,6.4185,-0.002
38.343,120.0,0.0,13.0,27.521,33.1859,5.6649,0.015
38.353,120.0,0.0,13.0,27.521,32.4244,4.9034,0.217
38.363,120.0,0.0,13.0,27.521,31.6464,4.1254,0.113
38.373,120.0,0.0,13.0,27.521,30.8949,3.3739,-0.049
38.383,120.0,0.0,13.0,27.521,30.1301,2.6091,-0.06
38.393,120.0,0.0,13.0,27.521,29.3918,1.8708,0.114
38.403,120.0,0.0,13.0,27.521,28.6439,1.1229,0.016
38.413,120.0,0.0,13.0,27.521,27.8614,0.3404,0.123
38.423,120.0,0.0,13.0,27.521,27.0971,-0.4239,0.102
38.433,120.0,0.0,13.0,27.521,26.3118,-1.2092,0.046
38.443,120.0,0.0,13.0,27.521,25.5505,-1.9705,-0.047
38.453,120.0,0.0,13.0,27.521,24.794,-2.727,-0.038
38.463,120.0,0.0,13.0,27.521,24.0321,-3.4889,0.04
38.473,120.0,0.0,13.0,27.521,23.291,-4.23,-0.017
38.483,120.0,0.0,13.0,27.521,22.5348,-4.9862,-0.008
38.493,120.0,0.0,13.0,27.521,21.765,-5.756,0.026
38.503,120.0,0.0,13.0,27.521,20.9892,-6.5318,0.038
38.513,120.0,0.0,13.0,27.521,20.2007,-7.3203,0.079
38.523,120.0,0.0,13.0,27.521,19.4527,-8.0683,0.206
38.533,120.0,0.0,13.0,27.521,18.701,-8.82,0.156
38.543,120.0,0.0,13.0,27.521,17.9646,-9.5564,0.072
38.553,120.0,0.0,13.0,27.521,17.3082,-10.2128,-0.054
38.563,136.3,1.0,0.0,23.9865,16.9687,-7.0178,0.067
38.573,169.0,3.0,0.0,16.9174,16.9457,0.0283,0.132
38.583,169.0,3.0,0.0,16.9174,16.9443,0.0269,0.177
38.593,169.0,3.0,0.0,16.9174,16.9429,0.0255,0.09
38.603,169.0,3.0,0.0,16.9174,16.9432,0.0258,-0.02
38.613,169.0,3.0,0.0,16.9174,16.9436,0.0262,0.184
38.623,169.0,3.0,0.0,16.9174,16.9432,0.0258,0.089
38.633,169.0,3.0,0.0,16.9174,16.9439,0.0265,-0.017
38.643,169.0,3.0,0.0,16.9174,16.9439,0.0265,0.076
38.653,169.0,3.0,0.0,16.9174,16.9436,0.0262,-0.058
38.663,169.0,3.0,0.0,16.9174,16.9426,0.0252,0.015
38.673,169.0,3.0,0.0,16.9174,16.9422,0.0248,0.184
38.683,169.0,3.0,0.0,16.9174,16.9426,0.0252,0.044
38.693,169.0,3.0,0.0,16.9174,16.9419,0.0245,0.017
38.703,169.0,3.0,0.0,16.9174,16.9419,0.0245,-0.001
38.713,169.0,3.0,0.0,16.9174,16.9419,0.0245,0.062
38.723,169.0,3.0,0.0,16.9174,16.9419,0.0245,0.1
38.733,169.0,3.0,0.0,16.9174,16.9419,0.0245,0.061
38.743,169.0,3.0,0.0,16.9174,16.9419,0.0245,0.099
38.753,169.0,3.0,0.0,16.9174,16.9419,0.0245,0.114
38.763,169.0,3.0,0.0,16.9174,16.9416,0.0242,0.248
38.773,169.0,3.0,0.0,16.9174,16.9412,0.0238,0.102
38.783,169.0,3.0,0.0,16.9174,16.9419,0.0245,0.062
38.793,169.0,3.0,0.0,16.9174,16.9416,0.0242,-0.013
38.803,169.0,3.0,0.0,16.9174,16.9409,0.0235,-0.066
38.813,169.0,3.0,0.0,16.9174,16.9409,0.0235,0.016
38.823,169.0,3.0,0.0,16.9174,16.9412,0.0238,0.095
38.833,169.0,3.0,0.0,16.9174,16.9419,0.0245,0.016
38.843,169.0,3.0,0.0,16.9174,16.9416,0.0242,0.022
38.853,169.0,3.0,0.0,16.9174,16.9409,0.0235,0.047
38.863,169.0,3.0,0.0,16.9174,16.9409,0.0235,0.08
38.873,169.0,3.0,0.0,16.9174,16.9412,0.0238,0.098
38.883,169.0,3.0,0.0,16.9174,16.9416,0.0242,0.115
38.893,169.0,3.0,0.0,16.9174,16.9409,0.0235,0.029
38.903,169.0,3.0,0.0,16.9174,16.9409,0.0235,-0.012
38.913,169.0,3.0,0.0,16.9174,16.9415,0.0241,-0.019
38.923,169.0,3.0,0.0,16.9174,16.9426,0.0252,-0.002
38.933,169.0,3.0,0.0,16.9174,16.9422,0.0248,0.164
38.943,169.0,3.0,0.0,16.9174,16.9423,0.0249,0.142
38.953,169.0,3.0,0.0,16.9174,16.9409,0.0235,0.042
38.963,169.0,3.0,0.0,16.9174,16.9409,0.0235,0.138
38.973,169.0,3.0,0.0,16.9174,16.9406,0.0232,0.097
38.983,169.0,3.0,0.0,16.9174,16.9402,0.0228,0.133
38.993,169.0,3.0,0.0,16.9174,16.9406,0.0232,0.015
39.003,169.0,3.0,0.0,16.9174,16.9402,0.0228,0.137
39.013,169.0,3.0,0.0,16.9174,16.9406,0.0232,0.046
39.023,169.0,3.0,0.0,16.9174,16.9405,0.0231,-0.023
39.033,169.0,3.0,0.0,16.9174,16.9419,0.0245,0.018
39.043,169.0,3.0,0.0,16.9174,16.9419,0.0245,0.024
39.053,169.0,3.0,0.0,16.9174,16.9419,0.0245,-0.042
39.063,169.0,3.0,0.0,16.9174,16.9422,0.0248,0.005
39.073,169.0,3.0,0.0,16.9174,16.9426,0.0252,-0.017
39.083,169.0,3.0,0.0,16.9174,16.9416,0.0242,-0.016
39.093,169.0,3.0,0.0,16.9174,16.9412,0.0238,-0.017
39.103,169.0,3.0,0.0,16.9174,16.9416,0.0242,0.025
39.113,169.0,3.0,0.0,16.9174,16.9409,0.0235,0.117
39.123,169.0,3.0,0.0,16.9174,16.9406,0.0232,0.057
39.133,169.0,3.0,0.0,16.9174,16.9399,0.0225,-0.023
39.143,169.0,3.0,0.0,16.9174,16.9399,0.0225,-0.019
39.153,169.0,3.0,0.0,16.9174,16.9399,0.0225,-0.074
39.163,169.0,3.0,0.0,16.9174,16.9396,0.0222,-0.062
39.173,169.0,3.0,0.0,16.9174,16.9392,0.0218,0.011
39.183,169.0,3.0,0.0,16.9174,16.9396,0.0222,0.047
39.193,169.0,3.0,0.0,16.9174,16.9389,0.0215,0.107
39.203,169.0,3.0,0.0,16.9174,16.9392,0.0218,0.002
39.213,169.0,3.0,0.0,16.9174,16.9399,0.0225,0.019
39.223,169.0,3.0,0.0,16.9174,16.9396,0.0222,-0.077
39.233,169.0,3.0,0.0,16.9174,16.9392,0.0218,-0.049
39.243,169.0,3.0,0.0,16.9174,16.9396,0.0222,0.134
39.253,169.0,3.0,0.0,16.9174,16.9392,0.0218,0.076
39.263,169.0,3.0,0.0,16.9174,16.9393,0.0219,0.163
39.273,169.0,3.0,0.0,16.9174,16.9379,0.0205,0.037
39.283,169.0,3.0,0.0,16.9174,16.9379,0.0205,-0.111
39.293,169.0,3.0,0.0,16.9174,16.9379,0.0205,0.038
39.303,169.0,3.0,0.0,16.9174,16.9382,0.0208,-0.003
39.313,169.0,3.0,0.0,16.9174,16.9386,0.0212,-0.006
39.323,169.0,3.0,0.0,16.9174,16.9379,0.0205,0.106
39.333,169.0,3.0,0.0,16.9174,16.9379,0.0205,0.134
39.343,169.0,3.0,0.0,16.9174,16.9379,0.0205,0.106
39.353,169.0,3.0,0.0,16.9174,16.9382,0.0208,0.084
39.363,169.0,3.0,0.0,16.9174,16.9389,0.0215,0.194
39.373,169.0,3.0,0.0,16.9174,16.9386,0.0212,0.042
39.383,169.0,3.0,0.0,16.9174,16.9382,0.0208,0.033
39.393,169.0,3.0,0.0,16.9174,16.9386,0.0212,0.119
39.403,169.0,3.0,0.0,16.9174,16.9379,0.0205,-0.072
39.413,169.0,3.0,0.0,16.9174,16.9379,0.0205,0.035
39.423,169.0,3.0,0.0,16.9174,16.9382,0.0208,-0.023
39.433,169.0,3.0,0.0,16.9174,16.9389,0.0215,0.049
39.443,169.0,3.0,0.0,16.9174,16.9386,0.0212,0.093
39.453,169.0,3.0,0.0,16.9174,16.9382,0.0208,-0.027
39.463,169.0,3.0,0.0,16.9174,16.9386,0.0212,0.039
39.473,169.0,3.0,0.0,16.9174,16.9382,0.0208,0.016
39.483,169.0,3.0,0.0,16.9174,16.9389,0.0215,0.067
39.493,169.0,3.0,0.0,16.9174,16.9386,0.0212,-0.005
39.503,169.0,3.0,0.0,16.9174,16.9382,0.0208,0.003
39.513,169.0,3.0,0.0,16.9174,16.9389,0.0215,0.024
39.523,169.0,3.0,0.0,16.9174,16.9389,0.0215,-0.01
39.533,169.0,3.0,0.0,16.9174,16.9392,0.0218,0.015
39.543,169.0,3.0,0.0,16.9174,16.9396,0.0222,-0.046
39.553,169.0,3.0,0.0,16.9174,16.9392,0.0218,0.033
39.563,169.0,3.0,0.0,16.9174,16.9399,0.0225,0.073
39.573,169.0,3.0,0.0,16.9174,16.9399,0.0225,-0.012
39.583,169.0,3.0,0.0,16.9174,16.9399,0.0225,-0.006
39.593,169.0,3.0,0.0,16.9174,16.9399,0.0225,0.021
39.603,169.0,3.0,0.0,16.9174,16.9399,0.0225,0.097
39.613,169.0,3.0,0.0,16.9174,16.9402,0.0228,0.078
39.623,169.0,3.0,0.0,16.9174,16.9406,0.0232,0.088
39.633,169.0,3.0,0.0,16.9174,16.9396,0.0222,0.052
39.643,169.0,3.0,0.0,16.9174,16.9392,0.0218,0.043
39.653,169.0,3.0,0.0,16.9174,16.9396,0.0222,0.001
39.663,169.0,3.0,0.0,16.9174,16.9386,0.0212,0.178
39.673,169.0,3.0,0.0,16.9174,16.9382,0.0208,0.101
39.683,169.0,3.0,0.0,16.9174,16.9389,0.0215,-0.004
39.693,169.0,3.0,0.0,16.9174,16.9392,0.0218,0.017
39.703,169.0,3.0,0.0,16.9174,16.9396,0.0222,0.042
39.713,169.0,3.0,0.0,16.9174,16.9392,0.0218,-0.005
39.723,169.0,3.0,0.0,16.9174,16.9396,0.0222,0.181
39.733,169.0,3.0,0.0,16.9174,16.9389,0.0215,0.184
39.743,169.0,3.0,0.0,16.9174,16.9389,0.0215,0.147
39.753,169.0,3.0,0.0,16.9174,16.9392,0.0218,0.108
39.763,169.0,3.0,0.0,16.9174,16.9399,0.0225,0.043
39.773,169.0,3.0,0.0,16.9174,16.9402,0.0228,-0.034
39.783,169.0,3.0,0.0,16.9174,16.9409,0.0235,0.113
39.793,169.0,3.0,0.0,16.9174,16.9409,0.0235,0.16
39.803,169.0,3.0,0.0,16.9174,16.9406,0.0232,0.034
39.813,169.0,3.0,0.0,16.9174,16.9402,0.0228,-0.065
39.823,169.0,3.0,0.0,16.9174,16.9409,0.0235,-0.052
39.833,169.0,3.0,0.0,16.9174,16.9409,0.0235,-0.029
39.843,169.0,3.0,0.0,16.9174,16.9409,0.0235,0.128
39.853,169.0,3.0,0.0,16.9174,16.9409,0.0235,0.124
39.863,169.0,3.0,0.0,16.9174,16.9409,0.0235,0.113
39.873,169.0,3.0,0.0,16.9174,16.9406,0.0232,0.054
39.883,169.0,3.0,0.0,16.9174,16.9475,0.0301,-0.023
39.893,136.0,0.0,11.0,24.0586,17.0795,-6.9791,0.102
39.903,136.0,0.0,11.0,24.0586,17.5776,-6.481,0.124
39.913,136.0,0.0,11.0,24.0586,18.3631,-5.6955,0.173
39.923,136.0,0.0,11.0,24.0586,19.1828,-4.8758,0.058
39.933,136.0,0.0,11.0,24.0586,20.0192,-4.0394,0.063
39.943,136.0,0.0,11.0,24.0586,20.8943,-3.1643,-0.018
39.953,136.0,0.0,11.0,24.0586,21.7733,-2.2853,-0.065
39.963,136.0,0.0,11.0,24.0586,22.6349,-1.4237,0.088
39.973,136.0,0.0,11.0,24.0586,23.504,-0.5546,0.161
39.983,136.0,0.0,11.0,24.0586,24.3769,0.3183,-0.031
39.993,136.0,0.0,11.0,24.0586,25.2198,1.1612,0.029
40.003,136.0,0.0,11.0,24.0586,26.1228,2.0642,-0.017
40.013,136.0,0.0,11.0,24.0586,27.0155,2.9569,0.035
40.023,136.0,0.0,11.0,24.0586,27.8972,3.8386,0.102
40.033,136.0,0.0,11.0,24.0586,28.792,4.7334,0.024
40.043,136.0,0.0,11.0,24.0586,29.6687,5.6101,0.103
40.053,136.0,0.0,11.0,24.0586,30.593,6.5344,-0.033
40.063,136.0,0.0,11.0,24.0586,31.601,7.5424,-0.051
40.073,136.0,0.0,11.0,24.0586,32.4957,8.4371,-0.078
40.083,136.0,0.0,11.0,24.0586,33.3886,9.33,-0.014
40.093,136.0,0.0,11.0,24.0586,34.2224,10.1638,0.099
40.103,136.0,0.0,11.0,24.0586,35.0299,10.9713,0.248
40.113,136.0,0.0,11.0,24.0586,36.005,11.9464,0.157
40.123,136.0,0.0,11.0,24.0586,36.8822,12.8236,-0.001
40.133,38.0,0.0,8.0,45.2658,37.7493,-7.5165,-0.063
40.143,38.0,0.0,8.0,45.2658,38.614,-6.6518,-0.114
40.153,38.0,0.0,8.0,45.2658,39.5264,-5.7394,0.097
40.163,38.0,0.0,8.0,45.2658,40.4077,-4.8581,0.073
40.173,38.0,0.0,8.0,45.2658,41.2797,-3.9861,0.107
40.183,38.0,0.0,8.0,45.2658,42.1653,-3.1005,0.061
40.193,38.0,0.0,8.0,45.2658,43.0322,-2.2336,-0.045
40.203,38.0,0.0,8.0,45.2658,43.922,-1.3438,0.098
40.213,38.0,0.0,8.0,45.2658,44.8075,-0.4583,0.158
40.223,38.0,0.0,8.0,45.2658,45.6723,0.4065,0.182
40.233,38.0,0.0,8.0,45.2658,46.5667,1.3009,0.141
40.243,38.0,0.0,8.0,45.2658,47.4464,2.1806,0.048
40.253,38.0,0.0,8.0,45.2658,48.3477,3.0819,-0.011
40.263,38.0,0.0,8.0,45.2658,49.2294,3.9636,0.114
40.273,38.0,0.0,8.0,45.2658,50.0961,4.8303,0.085
40.283,38.0,0.0,8.0,45.2658,50.9619,5.6961,0.021
40.293,38.0,0.0,8.0,45.2658,51.8251,6.5593,0.085
40.303,38.0,0.0,8.0,45.2658,52.4366,7.1708,0.151
40.313,38.0,0.0,8.0,45.2658,52.6028,7.337,0.011
40.323,38.0,0.0,8.0,45.2658,52.6701,7.4043,-0.025
40.333,38.0,0.0,8.0,45.2658,52.6721,7.4063,-0.062
40.343,38.0,0.0,8.0,45.2658,52.6739,7.4081,-0.026
40.353,38.0,0.0,8.0,45.2658,52.6749,7.4091,-0.006
40.363,38.0,0.0,8.0,45.2658,52.6762,7.4104,0.071
40.373,38.0,0.0,8.0,45.2658,52.6773,7.4115,0.034
40.383,3.0,3.0,0.0,52.8398,52.6772,-0.1626,0.075
40.393,3.0,3.0,0.0,52.8398,52.6789,-0.1609,0.044
40.403,3.0,3.0,0.0,52.8398,52.6796,-0.1602,0.029
40.413,3.0,3.0,0.0,52.8398,52.6796,-0.1602,0.067
40.423,3.0,3.0,0.0,52.8398,52.6799,-0.1599,-0.019
40.433,3.0,3.0,0.0,52.8398,52.6807,-0.1591,-0.04
40.443,3.0,3.0,0.0,52.8398,52.681,-0.1588,-0.008
40.453,3.0,3.0,0.0,52.8398,52.682,-0.1578,-0.065
40.463,3.0,3.0,0.0,52.8398,52.6827,-0.1571,0.003
40.473,3.0,3.0,0.0,52.8398,52.683,-0.1568,0.099
40.483,3.0,3.0,0.0,52.8398,52.684,-0.1558,-0.025
40.493,3.0,3.0,0.0,52.8398,52.6847,-0.1551,-0.022
40.503,3.0,3.0,0.0,52.8398,52.6853,-0.1545,-0.121
40.513,3.0,3.0,0.0,52.8398,52.687,-0.1528,0.028
40.523,3.0,3.0,0.0,52.8398,52.688,-0.1518,0.213
40.533,3.0,3.0,0.0,52.8398,52.6894,-0.1504,0.077
40.543,3.0,3.0,0.0,52.8398,52.6911,-0.1487,-0.033
40.553,3.0,3.0,0.0,52.8398,52.6924,-0.1474,0.081
40.563,3.0,3.0,0.0,52.8398,52.6941,-0.1457,0.114
40.573,3.0,3.0,0.0,52.8398,52.6951,-0.1447,0.141
40.583,3.0,3.0,0.0,52.8398,52.6965,-0.1433,0.059
40.593,3.0,3.0,0.0,52.8398,52.6982,-0.1416,0.146
40.603,3.0,3.0,0.0,52.8398,52.6989,-0.1409,0.088
40.613,3.0,3.0,0.0,52.8398,52.6995,-0.1403,0.065
40.623,3.0,3.0,0.0,52.8398,52.7006,-0.1392,0.096
40.633,3.0,3.0,0.0,52.8398,52.7005,-0.1393,-0.016
40.643,3.0,3.0,0.0,52.8398,52.7019,-0.1379,-0.006
40.653,3.0,3.0,0.0,52.8398,52.7019,-0.1379,0.075
40.663,3.0,3.0,0.0,52.8398,52.7022,-0.1376,0.161
40.673,3.0,3.0,0.0,52.8398,52.7032,-0.1366,0.029
40.683,3.0,3.0,0.0,52.8398,52.7037,-0.1361,-0.012
40.693,3.0,3.0,0.0,52.8398,52.7032,-0.1366,0.057
40.703,3.0,3.0,0.0,52.8398,52.704,-0.1358,0.112
40.713,3.0,3.0,0.0,52.8398,52.704,-0.1358,-0.012
40.723,3.0,3.0,0.0,52.8398,52.7043,-0.1355,0.064
40.733,3.0,3.0,0.0,52.8398,52.7047,-0.1351,-0.081
40.743,3.0,3.0,0.0,52.8398,52.7043,-0.1355,0.075
40.753,3.0,3.0,0.0,52.8398,52.7047,-0.1351,0.134
40.763,3.0,3.0,0.0,52.8398,52.7043,-0.1355,0.033
40.773,3.0,3.0,0.0,52.8398,52.705,-0.1348,0.037
40.783,3.0,3.0,0.0,52.8398,52.705,-0.1348,0.038
40.793,3.0,3.0,0.0,52.8398,52.7047,-0.1351,-0.01
40.803,3.0,3.0,0.0,52.8398,52.7043,-0.1355,-0.007
40.813,3.0,3.0,0.0,52.8398,52.705,-0.1348,0.106
40.823,3.0,3.0,0.0,52.8398,52.705,-0.1348,0.029
40.833,3.0,3.0,0.0,52.8398,52.7044,-0.1354,-0.002
40.843,3.0,3.0,0.0,52.8398,52.7032,-0.1366,0.046
40.853,3.0,3.0,0.0,52.8398,52.7043,-0.1355,0.046
40.863,3.0,3.0,0.0,52.8398,52.705,-0.1348,0.002
40.873,3.0,3.0,0.0,52.8398,52.705,-0.1348,0.119
40.883,3.0,3.0,0.0,52.8398,52.7047,-0.1351,0.152
40.893,3.0,3.0,0.0,52.8398,52.7043,-0.1355,0.012
40.903,3.0,3.0,0.0,52.8398,52.705,-0.1348,-0.038
40.913,3.0,3.0,0.0,52.8398,52.7047,-0.1351,-0.08
40.923,3.0,3.0,0.0,52.8398,52.7046,-0.1352,0.032
40.933,3.0,3.0,0.0,52.8398,52.706,-0.1338,0.033
40.943,3.0,3.0,0.0,52.8398,52.7057,-0.1341,0.027
40.953,3.0,3.0,0.0,52.8398,52.705,-0.1348,0.093
40.963,3.0,3.0,0.0,52.8398,52.705,-0.1348,0.211
40.973,3.0,3.0,0.0,52.8398,52.7053,-0.1345,0.045
40.983,3.0,3.0,0.0,52.8398,52.706,-0.1338,0.053
40.993,3.0,3.0,0.0,52.8398,52.7057,-0.1341,0.163
41.003,3.0,3.0,0.0,52.8398,52.7047,-0.1351,0.158
41.013,3.0,3.0,0.0,52.8398,52.7043,-0.1355,0.148
41.023,3.0,3.0,0.0,52.8398,52.705,-0.1348,-0.023
41.033,3.0,3.0,0.0,52.8398,52.705,-0.1348,0.068
41.043,3.0,3.0,0.0,52.8398,52.7053,-0.1345,0.144
41.053,3.0,3.0,0.0,52.8398,52.7057,-0.1341,0.024
41.063,3.0,3.0,0.0,52.8398,52.705,-0.1348,0.135
41.073,3.0,3.0,0.0,52.8398,52.705,-0.1348,0.029
41.083,3.0,3.0,0.0,52.8398,52.705,-0.1348,0.039
41.093,3.0,3.0,0.0,52.8398,52.705,-0.1348,-0.083
41.103,3.0,3.0,0.0,52.8398,52.7047,-0.1351,-0.046
41.113,3.0,3.0,0.0,52.8398,52.7043,-0.1355,-0.004
41.123,3.0,3.0,0.0,52.8398,52.705,-0.1348,0.025
41.133,3.0,3.0,0.0,52.8398,52.705,-0.1348,-0.04
41.143,3.0,3.0,0.0,52.8398,52.705,-0.1348,-0.013
41.153,3.0,3.0,0.0,52.8398,52.705,-0.1348,-0.121
41.163,3.0,3.0,0.0,52.8398,52.7053,-0.1345,-0.128
41.173,3.0,3.0,0.0,52.8398,52.7057,-0.1341,0.046
41.183,3.0,3.0,0.0,52.8398,52.705,-0.1348,-0.024
41.193,3.0,3.0,0.0,52.8398,52.705,-0.1348,-0.063
41.203,31.0,0.0,8.0,46.7806,52.6858,5.9052,-0.002
41.213,31.0,0.0,8.0,46.7806,52.5168,5.7362,0.022
41.223,31.0,0.0,8.0,46.7806,52.0187,5.2381,0.024
41.233,31.0,0.0,8.0,46.7806,51.3174,4.5368,0.037
41.243,31.0,0.0,8.0,46.7806,50.5996,3.819,0.002
41.253,31.0,0.0,8.0,46.7806,49.8785,3.0979,0.098
41.263,31.0,0.0,8.0,46.7806,49.1286,2.348,-0.015
41.273,31.0,0.0,8.0,46.7806,48.3806,1.6,0.044
41.283,31.0,0.0,8.0,46.7806,47.6422,0.8616,0.034
41.293,31.0,0.0,8.0,46.7806,46.8514,0.0708,0.078
41.303,31.0,0.0,8.0,46.7806,46.0891,-0.6915,0.019
41.313,31.0,0.0,8.0,46.7806,45.3262,-1.4544,0.031
41.323,31.0,0.0,8.0,46.7806,44.5603,-2.2203,-0.014
41.333,31.0,0.0,8.0,46.7806,43.7872,-2.9934,0.078
41.343,31.0,0.0,8.0,46.7806,43.0436,-3.737,0.117
41.353,31.0,0.0,8.0,46.7806,42.2979,-4.4827,0.134
41.363,31.0,0.0,8.0,46.7806,41.5245,-5.2561,0.126
41.373,31.0,0.0,8.0,46.7806,40.7439,-6.0367,0.066
41.383,31.0,0.0,8.0,46.7806,39.9675,-6.8131,0.003
41.393,31.0,0.0,8.0,46.7806,39.1884,-7.5922,-0.079
41.403,31.0,0.0,8.0,46.7806,38.405,-8.3756,-0.032
41.413,31.0,0.0,8.0,46.7806,37.632,-9.1486,0.104
41.423,31.0,0.0,8.0,46.7806,36.9145,-9.8661,-0.004
41.433,31.0,0.0,8.0,46.7806,36.156,-10.6246,0.087
41.443,31.0,0.0,8.0,46.7806,35.4035,-11.3771,0.071
41.453,116.0,0.0,11.0,28.3866,34.6484,6.2618,-0.04
41.463,116.0,0.0,11.0,28.3866,33.866,5.4794,0.052
41.473,116.0,0.0,11.0,28.3866,33.0808,4.6942,-0.034
41.483,116.0,0.0,11.0,28.3866,32.3215,3.9349,-0.01
41.493,116.0,0.0,11.0,28.3866,31.5434,3.1568,-0.047
41.503,116.0,0.0,11.0,28.3866,30.7877,2.4011,-0.023
41.513,116.0,0.0,11.0,28.3866,30.0213,1.6347,0.127
41.523,116.0,0.0,11.0,28.3866,29.2594,0.8728,0.093
41.533,116.0,0.0,11.0,28.3866,28.5204,0.1338,0.022
41.543,116.0,0.0,11.0,28.3866,27.7323,-0.6543,0.192
41.553,116.0,0.0,11.0,28.3866,26.953,-1.4336,0.099
41.563,116.0,0.0,11.0,28.3866,26.1301,-2.2565,0.064
41.573,116.0,0.0,11.0,28.3866,25.2534,-3.1332,0.02
41.583,116.0,0.0,11.0,28.3866,24.4946,-3.892,-0.043
41.593,116.0,0.0,11.0,28.3866,23.7317,-4.6549,0.009
41.603,116.0,0.0,11.0,28.3866,22.9789,-5.4077,-0.037
41.613,116.0,0.0,11.0,28.3866,22.2213,-6.1653,0.045
41.623,116.0,0.0,11.0,28.3866,21.4666,-6.92,0.014
41.633,116.0,0.0,11.0,28.3866,20.6666,-7.72,0.076
41.643,116.0,0.0,11.0,28.3866,19.8999,-8.4867,0.102
41.653,116.0,0.0,11.0,28.3866,19.1548,-9.2318,0.008
41.663,116.0,0.0,11.0,28.3866,18.4119,-9.9747,0.046
41.673,116.0,0.0,11.0,28.3866,17.6792,-10.7074,0.065
41.683,116.0,0.0,11.0,28.3866,17.1392,-11.2474,0.032
41.693,169.0,3.0,0.0,16.9174,16.989,0.0716,0.002
41.703,169.0,3.0,0.0,16.9174,16.9223,0.0049,-0.07
41.713,169.0,3.0,0.0,16.9174,16.9237,0.0063,0.021
41.723,169.0,3.0,0.0,16.9174,16.9237,0.0063,0.2
41.733,169.0,3.0,0.0,16.9174,16.9237,0.0063,0.079
41.743,169.0,3.0,0.0,16.9174,16.9237,0.0063,0.075
41.753,169.0,3.0,0.0,16.9174,16.9243,0.0069,0.017
41.763,169.0,3.0,0.0,16.9174,16.9257,0.0083,0.072
41.773,169.0,3.0,0.0,16.9174,16.9254,0.008,0.044
41.783,169.0,3.0,0.0,16.9174,16.9247,0.0073,0.147
41.793,169.0,3.0,0.0,16.9174,16.9244,0.007,0.152
41.803,169.0,3.0,0.0,16.9174,16.9237,0.0063,0.037
41.813,169.0,3.0,0.0,16.9174,16.9237,0.0063,0.089
41.823,169.0,3.0,0.0,16.9174,16.9231,0.0057,-0.038
41.833,169.0,3.0,0.0,16.9174,16.922,0.0046,0.112
41.843,169.0,3.0,0.0,16.9174,16.9227,0.0053,0.147
41.853,169.0,3.0,0.0,16.9174,16.9227,0.0053,-0.028
41.863,169.0,3.0,0.0,16.9174,16.9227,0.0053,0.008
41.873,169.0,3.0,0.0,16.9174,16.9227,0.0053,0.008
41.883,169.0,3.0,0.0,16.9174,16.923,0.0056,-0.087
41.893,169.0,3.0,0.0,16.9174,16.9234,0.006,0.015
41.903,169.0,3.0,0.0,16.9174,16.923,0.0056,0.044
41.913,169.0,3.0,0.0,16.9174,16.9234,0.006,0.073
41.923,169.0,3.0,0.0,16.9174,16.923,0.0056,0.012
41.933,169.0,3.0,0.0,16.9174,16.9237,0.0063,0.057
41.943,169.0,3.0,0.0,16.9174,16.9237,0.0063,0.01
41.953,169.0,3.0,0.0,16.9174,16.9237,0.0063,0.071
41.963,169.0,3.0,0.0,16.9174,16.9237,0.0063,0.136
41.973,169.0,3.0,0.0,16.9174,16.9237,0.0063,0.081
41.983,169.0,3.0,0.0,16.9174,16.924,0.0066,0.043
41.993,169.0,3.0,0.0,16.9174,16.9244,0.007,-0.029
42.003,169.0,3.0,0.0,16.9174,16.9237,0.0063,0.035
42.013,169.0,3.0,0.0,16.9174,16.9237,0.0063,0.066
42.023,169.0,3.0,0.0,16.9174,16.924,0.0066,0.018
42.033,169.0,3.0,0.0,16.9174,16.9247,0.0073,0.017
42.043,169.0,3.0,0.0,16.9174,16.9247,0.0073,0.039
42.053,169.0,3.0,0.0,16.9174,16.9247,0.0073,-0.074
42.063,169.0,3.0,0.0,16.9174,16.9247,0.0073,0.016
42.073,169.0,3.0,0.0,16.9174,16.9247,0.0073,0.121
42.083,169.0,3.0,0.0,16.9174,16.925,0.0076,0.148
42.093,169.0,3.0,0.0,16.9174,16.9257,0.0083,0.022
42.103,169.0,3.0,0.0,16.9174,16.9257,0.0083,-0.031
42.113,169.0,3.0,0.0,16.9174,16.9254,0.008,0.142
42.123,169.0,3.0,0.0,16.9174,16.9247,0.0073,0.072
42.133,169.0,3.0,0.0,16.9174,16.9247,0.0073,0.059
42.143,169.0,3.0,0.0,16.9174,16.9247,0.0073,0.097
42.153,169.0,3.0,0.0,16.9174,16.9247,0.0073,-0.055
42.163,169.0,3.0,0.0,16.9174,16.9247,0.0073,-0.021
42.173,169.0,3.0,0.0,16.9174,16.9247,0.0073,0.051
42.183,169.0,3.0,0.0,16.9174,16.9244,0.007,0.002
42.193,169.0,3.0,0.0,16.9174,16.924,0.0066,0.001
42.203,169.0,3.0,0.0,16.9174,16.9247,0.0073,-0.059
42.213,169.0,3.0,0.0,16.9174,16.9247,0.0073,0.093
42.223,169.0,3.0,0.0,16.9174,16.9244,0.007,0.162
42.233,169.0,3.0,0.0,16.9174,16.924,0.0066,0.161
42.243,169.0,3.0,0.0,16.9174,16.9247,0.0073,0.122
42.253,169.0,3.0,0.0,16.9174,16.9247,0.0073,0.018
42.263,169.0,3.0,0.0,16.9174,16.9247,0.0073,-0.002
42.273,169.0,3.0,0.0,16.9174,16.9244,0.007,0.022
42.283,169.0,3.0,0.0,16.9174,16.9237,0.0063,0.043
42.293,169.0,3.0,0.0,16.9174,16.9237,0.0063,0.121
42.303,169.0,3.0,0.0,16.9174,16.924,0.0066,0.045
42.313,169.0,3.0,0.0,16.9174,16.9247,0.0073,0.039
42.323,169.0,3.0,0.0,16.9174,16.925,0.0076,0.129
42.333,169.0,3.0,0.0,16.9174,16.9254,0.008,0.114
42.343,169.0,3.0,0.0,16.9174,16.9244,0.007,0.056
42.353,169.0,3.0,0.0,16.9174,16.9234,0.006,0.015
42.363,169.0,3.0,0.0,16.9174,16.923,0.0056,0.086
42.373,169.0,3.0,0.0,16.9174,16.9234,0.006,0.118
42.383,169.0,3.0,0.0,16.9174,16.923,0.0056,0.012
42.393,169.0,3.0,0.0,16.9174,16.9237,0.0063,0.057
42.403,169.0,3.0,0.0,16.9174,16.9234,0.006,0.01
42.413,169.0,3.0,0.0,16.9174,16.923,0.0056,0.017
42.423,169.0,3.0,0.0,16.9174,16.9237,0.0063,-0.036
42.433,169.0,3.0,0.0,16.9174,16.9237,0.0063,-0.067
42.443,169.0,3.0,0.0,16.9174,16.924,0.0066,-0.013
42.453,169.0,3.0,0.0,16.9174,16.9247,0.0073,0.096
42.463,169.0,3.0,0.0,16.9174,16.9244,0.007,0.194
42.473,169.0,3.0,0.0,16.9174,16.924,0.0066,0.061
42.483,169.0,3.0,0.0,16.9174,16.9247,0.0073,0.025
42.493,169.0,3.0,0.0,16.9174,16.9247,0.0073,0.048
42.503,169.0,3.0,0.0,16.9174,16.925,0.0076,0.112
42.513,169.0,3.0,0.0,16.9174,16.9257,0.0083,0.172
42.523,169.0,3.0,0.0,16.9174,16.9254,0.008,-0.013
42.533,169.0,3.0,0.0,16.9174,16.925,0.0076,0.008
42.543,169.0,3.0,0.0,16.9174,16.9257,0.0083,0.009
42.553,169.0,3.0,0.0,16.9174,16.9254,0.008,0.078
42.563,169.0,3.0,0.0,16.9174,16.925,0.0076,-0.028
42.573,169.0,3.0,0.0,16.9174,16.9257,0.0083,0.082
42.583,169.0,3.0,0.0,16.9174,16.9257,0.0083,0.048
42.593,169.0,3.0,0.0,16.9174,16.9254,0.008,0.067
42.603,169.0,3.0,0.0,16.9174,16.9244,0.007,0.073
42.613,169.0,3.0,0.0,16.9174,16.924,0.0066,0.034
42.623,169.0,3.0,0.0,16.9174,16.925,0.0076,0.103
42.633,169.0,3.0,0.0,16.9174,16.9257,0.0083,0.004
42.643,169.0,3.0,0.0,16.9174,16.9257,0.0083,0.025
42.653,169.0,3.0,0.0,16.9174,16.9254,0.008,0.023
42.663,169.0,3.0,0.0,16.9174,16.9247,0.0073,0.02
42.673,169.0,3.0,0.0,16.9174,16.9247,0.0073,0.087
42.683,169.0,3.0,0.0,16.9174,16.925,0.0076,-0.011
42.693,169.0,3.0,0.0,16.9174,16.9257,0.0083,0.075
42.703,169.0,3.0,0.0,16.9174,16.9254,0.008,0.06
42.713,169.0,3.0,0.0,16.9174,16.9244,0.007,0.067
42.723,169.0,3.0,0.0,16.9174,16.924,0.0066,0.123
42.733,169.0,3.0,0.0,16.9174,16.9247,0.0073,0.121
42.743,169.0,3.0,0.0,16.9174,16.9247,0.0073,0.067
42.753,169.0,3.0,0.0,16.9174,16.925,0.0076,0.037
42.763,169.0,3.0,0.0,16.9174,16.9257,0.0083,-0.022
42.773,169.0,3.0,0.0,16.9174,16.9257,0.0083,0.061
42.783,169.0,3.0,0.0,16.9174,16.9257,0.0083,0.016
42.793,169.0,3.0,0.0,16.9174,16.9257,0.0083,0.016
42.803,169.0,3.0,0.0,16.9174,16.9254,0.008,0.026
42.813,169.0,3.0,0.0,16.9174,16.9247,0.0073,0.082
42.823,169.0,3.0,0.0,16.9174,16.9244,0.007,0.088
42.833,169.0,3.0,0.0,16.9174,16.9243,0.0069,-0.044
42.843,169.0,3.0,0.0,16.9174,16.9254,0.008,0.058
42.853,169.0,3.0,0.0,16.9174,16.925,0.0076,0.07
42.863,169.0,3.0,0.0,16.9174,16.9254,0.008,0.058
42.873,169.0,3.0,0.0,16.9174,16.9247,0.0073,0.085
42.883,169.0,3.0,0.0,16.9174,16.9247,0.0073,0.078
42.893,169.0,3.0,0.0,16.9174,16.9244,0.007,0.027
42.903,169.0,3.0,0.0,16.9174,16.9237,0.0063,0.073
42.913,169.0,3.0,0.0,16.9174,16.924,0.0066,0.166
42.923,169.0,3.0,0.0,16.9174,16.9247,0.0073,0.03
42.933,169.0,3.0,0.0,16.9174,16.9244,0.007,-0.03
42.943,169.0,3.0,0.0,16.9174,16.9237,0.0063,0.001
42.953,169.0,3.0,0.0,16.9174,16.924,0.0066,0.005
42.963,169.0,3.0,0.0,16.9174,16.9247,0.0073,0.112
42.973,169.0,3.0,0.0,16.9174,16.9247,0.0073,0.169
42.983,169.0,3.0,0.0,16.9174,16.9247,0.0073,0.148
42.993,169.0,3.0,0.0,16.9174,16.9244,0.007,-0.004
43.003,150.5,1.5,4.0,20.9208,16.927,-3.9938,0.083
43.013,132.0,0.0,8.0,24.9242,17.0327,-7.8915,0.123
43.023,132.0,0.0,8.0,24.9242,17.4904,-7.4338,0.098
43.033,132.0,0.0,8.0,24.9242,18.3192,-6.605,0.021
43.043,132.0,0.0,8.0,24.9242,19.2474,-5.6768,-0.056
43.053,132.0,0.0,8.0,24.9242,20.0259,-4.8983,0.01
43.063,132.0,0.0,8.0,24.9242,20.8397,-4.0845,0.051
43.073,132.0,0.0,8.0,24.9242,21.8356,-3.0886,0.086
43.083,132.0,0.0,8.0,24.9242,22.7028,-2.2214,0.063
43.093,132.0,0.0,8.0,24.9242,23.5765,-1.3477,-0.004
43.103,132.0,0.0,8.0,24.9242,24.4282,-0.496,-0.089
43.113,132.0,0.0,8.0,24.9242,25.31,0.3858,0.061
43.123,132.0,0.0,8.0,24.9242,26.1962,1.272,0.039
43.133,132.0,0.0,8.0,24.9242,27.0765,2.1523,0.044
43.143,132.0,0.0,8.0,24.9242,27.9775,3.0533,-0.039
43.153,132.0,0.0,8.0,24.9242,28.857,3.9328,0.088
43.163,132.0,0.0,8.0,24.9242,29.7278,4.8036,0.126
43.173,132.0,0.0,8.0,24.9242,30.6064,5.6822,0.046
43.183,132.0,0.0,8.0,24.9242,31.4908,6.5666,-0.014
43.193,132.0,0.0,8.0,24.9242,32.391,7.4668,0.012
43.203,132.0,0.0,8.0,24.9242,33.2809,8.3567,0.049
43.213,132.0,0.0,8.0,24.9242,34.1499,9.2257,0.178
43.223,132.0,0.0,8.0,24.9242,35.039,10.1148,0.051
43.233,132.0,0.0,8.0,24.9242,35.8917,10.9675,0.087
43.243,132.0,0.0,8.0,24.9242,36.7598,11.8356,0.03
43.253,35.0,0.0,11.0,45.915,37.6188,-8.2962,-0.015
43.263,35.0,0.0,11.0,45.915,38.4938,-7.4212,0.061
43.273,35.0,0.0,11.0,45.915,39.408,-6.507,0.024
43.283,35.0,0.0,11.0,45.915,40.2812,-5.6338,0.015
43.293,35.0,0.0,11.0,45.915,41.1566,-4.7584,0.1
43.303,35.0,0.0,11.0,45.915,42.0415,-3.8735,0.052
43.313,35.0,0.0,11.0,45.915,42.8998,-3.0152,0.049
43.323,35.0,0.0,11.0,45.915,43.7772,-2.1378,-0.015
43.333,35.0,0.0,11.0,45.915,44.6629,-1.2521,0.108
43.343,35.0,0.0,11.0,45.915,45.5418,-0.3732,0.11
43.353,35.0,0.0,11.0,45.915,46.4293,0.5143,0.064
43.363,35.0,0.0,11.0,45.915,47.331,1.416,0.074
43.373,35.0,0.0,11.0,45.915,48.2137,2.2987,0.082
43.383,35.0,0.0,11.0,45.915,49.0793,3.1643,0.058
43.393,35.0,0.0,11.0,45.915,49.953,4.038,0.061
43.403,35.0,0.0,11.0,45.915,50.8286,4.9136,0.054
43.413,35.0,0.0,11.0,45.915,51.7016,5.7866,0.057
43.423,35.0,0.0,11.0,45.915,52.3672,6.4522,-0.117
43.433,35.0,0.0,11.0,45.915,52.5921,6.6771,-0.006
43.443,35.0,0.0,11.0,45.915,52.6715,6.7565,0.052
43.453,35.0,0.0,11.0,45.915,52.6721,6.7571,0.018
43.463,35.0,0.0,11.0,45.915,52.6742,6.7592,0.134
43.473,35.0,0.0,11.0,45.915,52.6756,6.7606,0.074
43.483,35.0,0.0,11.0,45.915,52.6759,6.7609,0.124
43.493,13.7,2.0,3.7,50.5315,52.6769,2.1454,-0.005
43.503,3.0,3.0,0.0,52.8398,52.6776,-0.1622,0.007
43.513,3.0,3.0,0.0,52.8398,52.6779,-0.1619,0.061
43.523,3.0,3.0,0.0,52.8398,52.6783,-0.1615,0.044
43.533,3.0,3.0,0.0,52.8398,52.6779,-0.1619,0.051
43.543,3.0,3.0,0.0,52.8398,52.6786,-0.1612,0.027
43.553,3.0,3.0,0.0,52.8398,52.6786,-0.1612,-0.082
43.563,3.0,3.0,0.0,52.8398,52.6789,-0.1609,0.023
43.573,3.0,3.0,0.0,52.8398,52.6796,-0.1602,0.01
43.583,3.0,3.0,0.0,52.8398,52.6799,-0.1599,0.056
43.593,3.0,3.0,0.0,52.8398,52.6807,-0.1591,0.122
43.603,3.0,3.0,0.0,52.8398,52.681,-0.1588,0.13
43.613,3.0,3.0,0.0,52.8398,52.6823,-0.1575,0.062
43.623,3.0,3.0,0.0,52.8398,52.6837,-0.1561,-0.017
43.633,3.0,3.0,0.0,52.8398,52.6837,-0.1561,-0.027
43.643,3.0,3.0,0.0,52.8398,52.684,-0.1558,-0.019
43.653,3.0,3.0,0.0,52.8398,52.685,-0.1548,0.097
43.663,3.0,3.0,0.0,52.8398,52.6866,-0.1532,0.181
43.673,3.0,3.0,0.0,52.8398,52.6891,-0.1507,0.103
43.683,3.0,3.0,0.0,52.8398,52.6904,-0.1494,0.1
43.693,3.0,3.0,0.0,52.8398,52.6921,-0.1477,0.116
43.703,3.0,3.0,0.0,52.8398,52.6931,-0.1467,0.087
43.713,3.0,3.0,0.0,52.8398,52.6944,-0.1454,0.134
43.723,3.0,3.0,0.0,52.8398,52.6962,-0.1436,0.047
43.733,3.0,3.0,0.0,52.8398,52.6972,-0.1426,0.115
43.743,3.0,3.0,0.0,52.8398,52.6982,-0.1416,0.13
43.753,3.0,3.0,0.0,52.8398,52.6995,-0.1403,0.031
43.763,3.0,3.0,0.0,52.8398,52.7012,-0.1386,0.091
43.773,3.0,3.0,0.0,52.8398,52.7022,-0.1376,-0.003
43.783,3.0,3.0,0.0,52.8398,52.7032,-0.1366,0.045
43.793,3.0,3.0,0.0,52.8398,52.7043,-0.1355,-0.001
43.803,3.0,3.0,0.0,52.8398,52.705,-0.1348,0.029
43.813,3.0,3.0,0.0,52.8398,52.7047,-0.1351,0.068
43.823,3.0,3.0,0.0,52.8398,52.7043,-0.1355,0.025
43.833,3.0,3.0,0.0,52.8398,52.7047,-0.1351,0.096
43.843,3.0,3.0,0.0,52.8398,52.704,-0.1358,0.066
43.853,3.0,3.0,0.0,52.8398,52.704,-0.1358,-0.082
43.863,3.0,3.0,0.0,52.8398,52.704,-0.1358,-0.018
43.873,3.0,3.0,0.0,52.8398,52.704,-0.1358,0.09
43.883,3.0,3.0,0.0,52.8398,52.704,-0.1358,0.049
43.893,3.0,3.0,0.0,52.8398,52.704,-0.1358,0.094
43.903,3.0,3.0,0.0,52.8398,52.7043,-0.1355,-0.008
43.913,3.0,3.0,0.0,52.8398,52.7047,-0.1351,0.09
43.923,3.0,3.0,0.0,52.8398,52.7043,-0.1355,-0.03
43.933,3.0,3.0,0.0,52.8398,52.7053,-0.1345,-0.016
43.943,3.0,3.0,0.0,52.8398,52.7057,-0.1341,0.124
43.953,3.0,3.0,0.0,52.8398,52.7047,-0.1351,0.067
43.963,3.0,3.0,0.0,52.8398,52.7043,-0.1355,0.176
43.973,3.0,3.0,0.0,52.8398,52.7047,-0.1351,0.04
43.983,3.0,3.0,0.0,52.8398,52.7043,-0.1355,-0.011
43.993,3.0,3.0,0.0,52.8398,52.7053,-0.1345,-0.031
44.003,3.0,3.0,0.0,52.8398,52.706,-0.1338,-0.054
44.013,3.0,3.0,0.0,52.8398,52.7057,-0.1341,0.011
44.023,3.0,3.0,0.0,52.8398,52.7053,-0.1345,-0.038
44.033,3.0,3.0,0.0,52.8398,52.7057,-0.1341,0.054
44.043,3.0,3.0,0.0,52.8398,52.7053,-0.1345,0.003
44.053,3.0,3.0,0.0,52.8398,52.7057,-0.1341,-0.031
44.063,3.0,3.0,0.0,52.8398,52.705,-0.1348,0.049
44.073,3.0,3.0,0.0,52.8398,52.705,-0.1348,0.068
44.083,3.0,3.0,0.0,52.8398,52.705,-0.1348,0.089
44.093,3.0,3.0,0.0,52.8398,52.705,-0.1348,0.046
44.103,3.0,3.0,0.0,52.8398,52.7053,-0.1345,0.036
44.113,3.0,3.0,0.0,52.8398,52.7057,-0.1341,0.026
44.123,3.0,3.0,0.0,52.8398,52.705,-0.1348,0.155
44.133,3.0,3.0,0.0,52.8398,52.705,-0.1348,0.004
44.143,3.0,3.0,0.0,52.8398,52.705,-0.1348,0.027
44.153,3.0,3.0,0.0,52.8398,52.7053,-0.1345,-0.128
44.163,3.0,3.0,0.0,52.8398,52.706,-0.1338,0.06
44.173,3.0,3.0,0.0,52.8398,52.7057,-0.1341,0.062
44.183,3.0,3.0,0.0,52.8398,52.705,-0.1348,0.111
44.193,3.0,3.0,0.0,52.8398,52.705,-0.1348,0.117
44.203,3.0,3.0,0.0,52.8398,52.705,-0.1348,0.049
44.213,3.0,3.0,0.0,52.8398,52.705,-0.1348,0.034
44.223,3.0,3.0,0.0,52.8398,52.705,-0.1348,0.0
44.233,3.0,3.0,0.0,52.8398,52.7053,-0.1345,0.019
44.243,3.0,3.0,0.0,52.8398,52.706,-0.1338,0.06
44.253,3.0,3.0,0.0,52.8398,52.7054,-0.1344,0.105
44.263,3.0,3.0,0.0,52.8398,52.704,-0.1358,0.169
44.273,3.0,3.0,0.0,52.8398,52.7043,-0.1355,0.032
44.283,3.0,3.0,0.0,52.8398,52.7047,-0.1351,0.094
44.293,3.0,3.0,0.0,52.8398,52.7043,-0.1355,0.006
44.303,3.0,3.0,0.0,52.8398,52.705,-0.1348,-0.0
44.313,3.0,3.0,0.0,52.8398,52.705,-0.1348,0.187
44.323,3.0,3.0,0.0,52.8398,52.7047,-0.1351,0.073
44.333,15.0,3.0,0.0,50.243,52.6839,2.4409,0.069
44.343,15.0,3.0,0.0,50.243,52.5532,2.3102,0.14
44.353,15.0,3.0,0.0,50.243,52.2318,1.9888,0.026
44.363,15.0,3.0,0.0,50.243,51.7796,1.5366,0.019
44.373,15.0,3.0,0.0,50.243,51.2905,1.0475,-0.006
44.383,15.0,3.0,0.0,50.243,50.9495,0.7065,0.126
44.393,15.0,3.0,0.0,50.243,50.7891,0.5461,0.16
44.403,15.0,3.0,0.0,50.243,50.7809,0.5379,0.047
44.413,15.0,3.0,0.0,50.243,50.7819,0.5389,-0.022
44.423,15.0,3.0,0.0,50.243,50.7826,0.5396,-0.009
44.433,15.0,3.0,0.0,50.243,50.7826,0.5396,-0.023
44.443,15.0,3.0,0.0,50.243,50.7829,0.5399,-0.014
44.453,15.0,3.0,0.0,50.243,50.7833,0.5403,-0.039
44.463,15.0,3.0,0.0,50.243,50.7826,0.5396,0.04
44.473,15.0,3.0,0.0,50.243,50.7826,0.5396,0.138
44.483,15.0,3.0,0.0,50.243,50.7829,0.5399,0.057
44.493,15.0,3.0,0.0,50.243,50.7836,0.5406,0.072
44.503,15.0,3.0,0.0,50.243,50.7836,0.5406,0.092
44.513,15.0,3.0,0.0,50.243,50.7833,0.5403,0.107
44.523,15.0,3.0,0.0,50.243,50.7829,0.5399,-0.01
44.533,15.0,3.0,0.0,50.243,50.7833,0.5403,0.126
44.543,15.0,3.0,0.0,50.243,50.7826,0.5396,-0.003
44.553,15.0,3.0,0.0,50.243,50.7823,0.5393,0.094
44.563,15.0,3.0,0.0,50.243,50.7816,0.5386,0.123
44.573,15.0,3.0,0.0,50.243,50.7819,0.5389,0.041
44.583,15.0,3.0,0.0,50.243,50.7823,0.5393,0.093
44.593,15.0,3.0,0.0,50.243,50.7816,0.5386,0.122
44.603,15.0,3.0,0.0,50.243,50.7819,0.5389,0.032
44.613,15.0,3.0,0.0,50.243,50.7823,0.5393,0.052
44.623,15.0,3.0,0.0,50.243,50.7819,0.5389,0.064
44.633,15.0,3.0,0.0,50.243,50.7826,0.5396,-0.017
44.643,15.0,3.0,0.0,50.243,50.7826,0.5396,-0.023
44.653,15.0,3.0,0.0,50.243,50.7823,0.5393,0.0
44.663,15.0,3.0,0.0,50.243,50.7816,0.5386,0.12
44.673,15.0,3.0,0.0,50.243,50.7816,0.5386,0.181
44.683,15.0,3.0,0.0,50.243,50.7816,0.5386,0.104
44.693,15.0,3.0,0.0,50.243,50.7816,0.5386,0.07
44.703,15.0,3.0,0.0,50.243,50.7816,0.5386,0.062
44.713,15.0,3.0,0.0,50.243,50.7816,0.5386,0.106
44.723,15.0,3.0,0.0,50.243,50.7819,0.5389,0.115
44.733,15.0,3.0,0.0,50.243,50.7823,0.5393,0.057
44.743,15.0,3.0,0.0,50.243,50.7819,0.5389,-0.01
44.753,15.0,3.0,0.0,50.243,50.7826,0.5396,-0.047
44.763,15.0,3.0,0.0,50.243,50.7823,0.5393,-0.072
44.773,15.0,3.0,0.0,50.243,50.7819,0.5389,-0.04
44.783,15.0,3.0,0.0,50.243,50.7823,0.5393,0.018
44.793,15.0,3.0,0.0,50.243,50.7816,0.5386,0.088
44.803,15.0,3.0,0.0,50.243,50.7819,0.5389,0.108
44.813,15.0,3.0,0.0,50.243,50.7826,0.5396,0.147
44.823,15.0,3.0,0.0,50.243,50.7826,0.5396,0.024
44.833,15.0,3.0,0.0,50.243,50.7823,0.5393,0.061
44.843,15.0,3.0,0.0,50.243,50.7819,0.5389,-0.014
44.853,15.0,3.0,0.0,50.243,50.7826,0.5396,-0.033
44.863,15.0,3.0,0.0,50.243,50.7826,0.5396,0.022
44.873,15.0,3.0,0.0,50.243,50.7826,0.5396,-0.079
44.883,15.0,3.0,0.0,50.243,50.7829,0.5399,-0.01
44.893,15.0,3.0,0.0,50.243,50.7833,0.5403,-0.018
44.903,15.0,3.0,0.0,50.243,50.7826,0.5396,-0.003
44.913,15.0,3.0,0.0,50.243,50.7823,0.5393,-0.034
44.923,15.0,3.0,0.0,50.243,50.7819,0.5389,-0.015
44.933,15.0,3.0,0.0,50.243,50.7826,0.5396,-0.044
44.943,15.0,3.0,0.0,50.243,50.7826,0.5396,-0.009
44.953,15.0,3.0,0.0,50.243,50.7826,0.5396,0.062
44.963,15.0,3.0,0.0,50.243,50.7826,0.5396,0.057
44.973,15.0,3.0,0.0,50.243,50.7826,0.5396,-0.019
44.983,15.0,3.0,0.0,50.243,50.7823,0.5393,0.026
44.993,15.0,3.0,0.0,50.243,50.7819,0.5389,-0.034
45.003,15.0,3.0,0.0,50.243,50.7826,0.5396,-0.135
45.013,15.0,3.0,0.0,50.243,50.7823,0.5393,0.09
45.023,15.0,3.0,0.0,50.243,50.7816,0.5386,0.095
45.033,15.0,3.0,0.0,50.243,50.7816,0.5386,0.068
45.043,15.0,3.0,0.0,50.243,50.7816,0.5386,0.065
45.053,15.0,3.0,0.0,50.243,50.7816,0.5386,-0.049
45.063,15.0,3.0,0.0,50.243,50.7816,0.5386,-0.045
45.073,15.0,3.0,0.0,50.243,50.7813,0.5383,-0.014
45.083,15.0,3.0,0.0,50.243,50.7809,0.5379,0.047
45.093,15.0,3.0,0.0,50.243,50.7819,0.5389,0.062
45.103,15.0,3.0,0.0,50.243,50.7826,0.5396,0.026
45.113,15.0,3.0,0.0,50.243,50.7826,0.5396,0.024
45.123,15.0,3.0,0.0,50.243,50.7826,0.5396,-0.009
45.133,15.0,3.0,0.0,50.243,50.7826,0.5396,0.048
45.143,15.0,3.0,0.0,50.243,50.7826,0.5396,0.071
45.153,15.0,3.0,0.0,50.243,50.7826,0.5396,0.08
45.163,15.0,3.0,0.0,50.243,50.7826,0.5396,-0.047
45.173,15.0,3.0,0.0,50.243,50.7823,0.5393,-0.096
45.183,15.0,3.0,0.0,50.243,50.7822,0.5392,-0.085
45.193,15.0,3.0,0.0,50.243,50.783,0.54,0.045
45.203,15.0,3.0,0.0,50.243,50.7819,0.5389,0.083
45.213,15.0,3.0,0.0,50.243,50.7826,0.5396,0.079
45.223,15.0,3.0,0.0,50.243,50.7823,0.5393,0.168
45.233,15.0,3.0,0.0,50.243,50.7816,0.5386,0.061
45.243,15.0,3.0,0.0,50.243,50.7819,0.5389,0.062
45.253,15.0,3.0,0.0,50.243,50.7826,0.5396,-0.03
45.263,15.0,3.0,0.0,50.243,50.7823,0.5393,0.114
45.273,15.0,3.0,0.0,50.243,50.7816,0.5386,0.109
45.283,15.0,3.0,0.0,50.243,50.7819,0.5389,0.142
45.293,15.0,3.0,0.0,50.243,50.7823,0.5393,0.058
45.303,15.0,3.0,0.0,50.243,50.7816,0.5386,0.019
45.313,15.0,3.0,0.0,50.243,50.7816,0.5386,-0.059
45.323,15.0,3.0,0.0,50.243,50.7816,0.5386,-0.042
45.333,15.0,3.0,0.0,50.243,50.7816,0.5386,0.048
45.343,15.0,3.0,0.0,50.243,50.7819,0.5389,0.014
45.353,15.0,3.0,0.0,50.243,50.7823,0.5393,-0.007
45.363,15.0,3.0,0.0,50.243,50.7819,0.5389,0.163
45.373,15.0,3.0,0.0,50.243,50.7823,0.5393,0.203
45.383,15.0,3.0,0.0,50.243,50.7816,0.5386,0.132
45.393,15.0,3.0,0.0,50.243,50.7816,0.5386,0.106
45.403,15.0,3.0,0.0,50.243,50.7816,0.5386,-0.02
45.413,15.0,3.0,0.0,50.243,50.7819,0.5389,0.07
45.423,15.0,3.0,0.0,50.243,50.7823,0.5393,-0.001
45.433,15.0,3.0,0.0,50.243,50.7819,0.5389,-0.104
45.443,15.0,3.0,0.0,50.243,50.7823,0.5393,-0.053
45.453,15.0,3.0,0.0,50.243,50.7816,0.5386,0.026
45.463,15.0,3.0,0.0,50.243,50.7813,0.5383,0.053
45.473,15.0,3.0,0.0,50.243,50.7809,0.5379,0.06
45.483,15.0,3.0,0.0,50.243,50.7816,0.5386,0.068
45.493,15.0,3.0,0.0,50.243,50.7816,0.5386,0.015
45.503,15.0,3.0,0.0,50.243,50.7813,0.5383,-0.133
45.513,15.0,3.0,0.0,50.243,50.7806,0.5376,0.038
45.523,15.0,3.0,0.0,50.243,50.7806,0.5376,0.006
45.533,15.0,3.0,0.0,50.243,50.7803,0.5373,-0.041
45.543,15.0,3.0,0.0,50.243,50.7799,0.5369,-0.064
45.553,15.0,3.0,0.0,50.243,50.7806,0.5376,0.05
45.563,15.0,3.0,0.0,50.243,50.7803,0.5373,0.091
45.573,15.0,3.0,0.0,50.243,50.7796,0.5366,0.0
45.583,15.0,3.0,0.0,50.243,50.7796,0.5366,-0.005
45.593,15.0,3.0,0.0,50.243,50.7796,0.5366,-0.021
45.603,15.0,3.0,0.0,50.243,50.7799,0.5369,-0.038
45.613,15.0,3.0,0.0,50.243,50.7809,0.5379,-0.025
45.623,15.0,3.0,0.0,50.243,50.7816,0.5386,0.036
45.633,15.0,3.0,0.0,50.243,50.7816,0.5386,0.028
45.643,15.0,3.0,0.0,50.243,50.7864,0.5434,-0.026
45.653,3.0,3.0,0.0,52.8398,50.8957,-1.9441,-0.02
45.663,3.0,3.0,0.0,52.8398,51.3582,-1.4816,0.024
45.673,3.0,3.0,0.0,52.8398,52.0981,-0.7417,-0.022
45.683,3.0,3.0,0.0,52.8398,52.594,-0.2458,0.019
45.693,3.0,3.0,0.0,52.8398,52.7017,-0.1381,0.03
45.703,3.0,3.0,0.0,52.8398,52.714,-0.1258,-0.029
45.713,3.0,3.0,0.0,52.8398,52.7161,-0.1237,0.006
45.723,3.0,3.0,0.0,52.8398,52.7164,-0.1234,0.002
45.733,3.0,3.0,0.0,52.8398,52.7171,-0.1227,0.052
45.743,3.0,3.0,0.0,52.8398,52.7174,-0.1224,0.03
45.753,3.0,3.0,0.0,52.8398,52.7181,-0.1217,-0.001
45.763,3.0,3.0,0.0,52.8398,52.7178,-0.122,0.098
45.773,3.0,3.0,0.0,52.8398,52.7171,-0.1227,-0.022
45.783,3.0,3.0,0.0,52.8398,52.7174,-0.1224,-0.135
45.793,3.0,3.0,0.0,52.8398,52.7178,-0.122,0.052
45.803,3.0,3.0,0.0,52.8398,52.7174,-0.1224,0.012
45.813,3.0,3.0,0.0,52.8398,52.7181,-0.1217,0.086
45.823,3.0,3.0,0.0,52.8398,52.7178,-0.122,0.102
45.833,3.0,3.0,0.0,52.8398,52.7174,-0.1224,0.098
45.843,3.0,3.0,0.0,52.8398,52.7181,-0.1217,0.059
45.853,3.0,3.0,0.0,52.8398,52.7184,-0.1214,0.062
45.863,3.0,3.0,0.0,52.8398,52.7192,-0.1206,0.125
45.873,3.0,3.0,0.0,52.8398,52.7189,-0.1209,0.135
45.883,3.0,3.0,0.0,52.8398,52.7181,-0.1217,0.032
45.893,3.0,3.0,0.0,52.8398,52.7181,-0.1217,0.059
45.903,3.0,3.0,0.0,52.8398,52.7181,-0.1217,-0.061
45.913,3.0,3.0,0.0,52.8398,52.7181,-0.1217,-0.005
45.923,3.0,3.0,0.0,52.8398,52.7178,-0.122,0.096
45.933,3.0,3.0,0.0,52.8398,52.7174,-0.1224,0.091
45.943,3.0,3.0,0.0,52.8398,52.7181,-0.1217,0.036
45.953,3.0,3.0,0.0,52.8398,52.7181,-0.1217,-0.066
45.963,3.0,3.0,0.0,52.8398,52.7184,-0.1214,0.003
45.973,3.0,3.0,0.0,52.8398,52.7189,-0.1209,0.177
45.983,3.0,3.0,0.0,52.8398,52.7178,-0.122,0.228
45.993,3.0,3.0,0.0,52.8398,52.7177,-0.1221,0.168
46.003,3.0,3.0,0.0,52.8398,52.7189,-0.1209,-0.018
46.013,3.0,3.0,0.0,52.8398,52.7184,-0.1214,0.086
46.023,3.0,3.0,0.0,52.8398,52.7192,-0.1206,0.003
46.033,3.0,3.0,0.0,52.8398,52.7192,-0.1206,0.049
46.043,3.0,3.0,0.0,52.8398,52.7192,-0.1206,0.044
46.053,3.0,3.0,0.0,52.8398,52.7192,-0.1206,0.046
46.063,3.0,3.0,0.0,52.8398,52.7189,-0.1209,0.085
46.073,3.0,3.0,0.0,52.8398,52.7181,-0.1217,0.043
46.083,3.0,3.0,0.0,52.8398,52.7181,-0.1217,-0.048
46.093,3.0,3.0,0.0,52.8398,52.7181,-0.1217,0.037
46.103,3.0,3.0,0.0,52.8398,52.7181,-0.1217,0.082
46.113,3.0,3.0,0.0,52.8398,52.7178,-0.122,0.108
46.123,3.0,3.0,0.0,52.8398,52.7174,-0.1224,0.009
46.133,3.0,3.0,0.0,52.8398,52.7178,-0.122,0.056
46.143,3.0,3.0,0.0,52.8398,52.7174,-0.1224,0.013
46.153,3.0,3.0,0.0,52.8398,52.7181,-0.1217,-0.047
46.163,3.0,3.0,0.0,52.8398,52.7181,-0.1217,-0.042
46.173,3.0,3.0,0.0,52.8398,52.7181,-0.1217,0.044
46.183,3.0,3.0,0.0,52.8398,52.7181,-0.1217,0.037
46.193,3.0,3.0,0.0,52.8398,52.7181,-0.1217,0.082
46.203,3.0,3.0,0.0,52.8398,52.7181,-0.1217,0.142
46.213,3.0,3.0,0.0,52.8398,52.7178,-0.122,0.086
46.223,3.0,3.0,0.0,52.8398,52.7174,-0.1224,0.098
46.233,3.0,3.0,0.0,52.8398,52.7181,-0.1217,0.124
46.243,3.0,3.0,0.0,52.8398,52.7178,-0.122,-0.01
46.253,3.0,3.0,0.0,52.8398,52.7171,-0.1227,-0.043
46.263,3.0,3.0,0.0,52.8398,52.7174,-0.1224,-0.026
46.273,3.0,3.0,0.0,52.8398,52.7181,-0.1217,0.054
46.283,3.0,3.0,0.0,52.8398,52.7184,-0.1214,0.051
46.293,3.0,3.0,0.0,52.8398,52.7189,-0.1209,0.072
46.303,3.0,3.0,0.0,52.8398,52.7181,-0.1217,0.064
46.313,3.0,3.0,0.0,52.8398,52.7184,-0.1214,0.138
46.323,3.0,3.0,0.0,52.8398,52.7192,-0.1206,0.058
46.333,3.0,3.0,0.0,52.8398,52.7192,-0.1206,0.075
46.343,3.0,3.0,0.0,52.8398,52.7189,-0.1209,0.025
46.353,3.0,3.0,0.0,52.8398,52.7184,-0.1214,-0.046
46.363,3.0,3.0,0.0,52.8398,52.7189,-0.1209,0.053
46.373,3.0,3.0,0.0,52.8398,52.7181,-0.1217,0.115
46.383,3.0,3.0,0.0,52.8398,52.7181,-0.1217,-0.013
46.393,3.0,3.0,0.0,52.8398,52.7181,-0.1217,0.022
46.403,3.0,3.0,0.0,52.8398,52.7181,-0.1217,-0.011
46.413,3.0,3.0,0.0,52.8398,52.7181,-0.1217,-0.019
46.423,3.0,3.0,0.0,52.8398,52.7184,-0.1214,0.026
46.433,3.0,3.0,0.0,52.8398,52.7192,-0.1206,0.073
46.443,3.0,3.0,0.0,52.8398,52.7189,-0.1209,0.11
46.453,3.0,3.0,0.0,52.8398,52.7181,-0.1217,0.078
46.463,3.0,3.0,0.0,52.8398,52.7181,-0.1217,0.127
46.473,3.0,3.0,0.0,52.8398,52.7154,-0.1244,0.157
46.483,15.0,3.0,0.0,50.243,52.654,2.411,0.125
46.493,15.0,3.0,0.0,50.243,52.4113,2.1683,0.075
46.503,15.0,3.0,0.0,50.243,52.0008,1.7578,0.054
46.513,15.0,3.0,0.0,50.243,51.5175,1.2745,0.027
46.523,15.0,3.0,0.0,50.243,51.0828,0.8398,0.001
46.533,15.0,3.0,0.0,50.243,50.8512,0.6082,-0.033
46.543,15.0,3.0,0.0,50.243,50.8008,0.5578,-0.028
46.553,15.0,3.0,0.0,50.243,50.8005,0.5575,0.003
46.563,15.0,3.0,0.0,50.243,50.7998,0.5568,0.049
46.573,15.0,3.0,0.0,50.243,50.7998,0.5568,0.044
46.583,15.0,3.0,0.0,50.243,50.7998,0.5568,0.018
46.593,15.0,3.0,0.0,50.243,50.7995,0.5565,-0.021
46.603,15.0,3.0,0.0,50.243,50.7991,0.5561,0.025
46.613,15.0,3.0,0.0,50.243,50.8001,0.5571,0.123
46.623,15.0,3.0,0.0,50.243,50.8008,0.5578,0.022
46.633,15.0,3.0,0.0,50.243,50.8008,0.5578,0.004
46.643,15.0,3.0,0.0,50.243,50.8008,0.5578,0.031
46.653,15.0,3.0,0.0,50.243,50.8008,0.5578,0.094
46.663,15.0,3.0,0.0,50.243,50.8008,0.5578,0.137
46.673,15.0,3.0,0.0,50.243,50.8008,0.5578,0.042
46.683,15.0,3.0,0.0,50.243,50.8005,0.5575,-0.05
46.693,15.0,3.0,0.0,50.243,50.8001,0.5571,-0.02
46.703,15.0,3.0,0.0,50.243,50.8005,0.5575,0.053
46.713,15.0,3.0,0.0,50.243,50.8001,0.5571,0.079
46.723,15.0,3.0,0.0,50.243,50.8008,0.5578,0.069
46.733,15.0,3.0,0.0,50.243,50.8011,0.5581,-0.009
46.743,15.0,3.0,0.0,50.243,50.8015,0.5585,-0.006
46.753,15.0,3.0,0.0,50.243,50.8008,0.5578,-0.056
46.763,15.0,3.0,0.0,50.243,50.8011,0.5581,0.114
46.773,15.0,3.0,0.0,50.243,50.8015,0.5585,0.117
46.783,15.0,3.0,0.0,50.243,50.8011,0.5581,0.099
46.793,15.0,3.0,0.0,50.243,50.8015,0.5585,-0.002
46.803,15.0,3.0,0.0,50.243,50.8005,0.5575,-0.056
46.813,15.0,3.0,0.0,50.243,50.7998,0.5568,0.033
46.823,15.0,3.0,0.0,50.243,50.7995,0.5565,0.07
46.833,15.0,3.0,0.0,50.243,50.7991,0.5561,0.007
46.843,15.0,3.0,0.0,50.243,50.8001,0.5571,0.093
46.853,15.0,3.0,0.0,50.243,50.8005,0.5575,0.085
46.863,15.0,3.0,0.0,50.243,50.8001,0.5571,0.092
46.873,15.0,3.0,0.0,50.243,50.8011,0.5581,0.062
46.883,15.0,3.0,0.0,50.243,50.8019,0.5589,0.05
46.893,15.0,3.0,0.0,50.243,50.8015,0.5585,0.101
46.903,15.0,3.0,0.0,50.243,50.8005,0.5575,0.008
46.913,15.0,3.0,0.0,50.243,50.8001,0.5571,-0.034
46.923,15.0,3.0,0.0,50.243,50.8008,0.5578,0.039
46.933,15.0,3.0,0.0,50.243,50.8008,0.5578,0.14
46.943,15.0,3.0,0.0,50.243,50.8011,0.5581,0.108
46.953,15.0,3.0,0.0,50.243,50.8019,0.5589,0.007
46.963,15.0,3.0,0.0,50.243,50.8019,0.5589,0.113
46.973,15.0,3.0,0.0,50.243,50.8019,0.5589,0.148
46.983,15.0,3.0,0.0,50.243,50.8015,0.5585,-0.024
46.993,15.0,3.0,0.0,50.243,50.8008,0.5578,0.024
47.003,15.0,3.0,0.0,50.243,50.8011,0.5581,0.1
47.013,15.0,3.0,0.0,50.243,50.8015,0.5585,0.111
47.023,15.0,3.0,0.0,50.243,50.8008,0.5578,0.018
47.033,15.0,3.0,0.0,50.243,50.8008,0.5578,-0.012
47.043,15.0,3.0,0.0,50.243,50.8008,0.5578,-0.005
47.053,15.0,3.0,0.0,50.243,50.8008,0.5578,0.012
47.063,15.0,3.0,0.0,50.243,50.8008,0.5578,0.042
47.073,15.0,3.0,0.0,50.243,50.8008,0.5578,-0.025
47.083,15.0,3.0,0.0,50.243,50.8011,0.5581,0.056
47.093,15.0,3.0,0.0,50.243,50.8015,0.5585,0.059
47.103,15.0,3.0,0.0,50.243,50.8008,0.5578,-0.008
47.113,15.0,3.0,0.0,50.243,50.8005,0.5575,0.095
47.123,15.0,3.0,0.0,50.243,50.7998,0.5568,-0.008
47.133,15.0,3.0,0.0,50.243,50.7998,0.5568,-0.036
47.143,15.0,3.0,0.0,50.243,50.7995,0.5565,0.013
47.153,15.0,3.0,0.0,50.243,50.7991,0.5561,-0.004
47.163,15.0,3.0,0.0,50.243,50.7995,0.5565,0.04
47.173,15.0,3.0,0.0,50.243,50.7988,0.5558,0.008
47.183,15.0,3.0,0.0,50.243,50.7988,0.5558,0.05
47.193,15.0,3.0,0.0,50.243,50.7988,0.5558,0.021
47.203,15.0,3.0,0.0,50.243,50.7991,0.5561,0.046
47.213,15.0,3.0,0.0,50.243,50.7998,0.5568,0.075
47.223,15.0,3.0,0.0,50.243,50.7995,0.5565,0.049
47.233,15.0,3.0,0.0,50.243,50.7988,0.5558,0.006
47.243,15.0,3.0,0.0,50.243,50.7991,0.5561,0.013
47.253,15.0,3.0,0.0,50.243,50.7995,0.5565,0.029
47.263,15.0,3.0,0.0,50.243,50.7988,0.5558,-0.077
47.273,15.0,3.0,0.0,50.243,50.7985,0.5555,-0.037
47.283,15.0,3.0,0.0,50.243,50.7981,0.5551,-0.016
47.293,15.0,3.0,0.0,50.243,50.7988,0.5558,0.049
47.303,15.0,3.0,0.0,50.243,50.7988,0.5558,0.025
47.313,15.0,3.0,0.0,50.243,50.7988,0.5558,0.02
47.323,15.0,3.0,0.0,50.243,50.7991,0.5561,-0.039
47.333,15.0,3.0,0.0,50.243,50.8001,0.5571,-0.011
47.343,15.0,3.0,0.0,50.243,50.8005,0.5575,0.015
47.353,15.0,3.0,0.0,50.243,50.7998,0.5568,0.043
47.363,15.0,3.0,0.0,50.243,50.7995,0.5565,0.042
47.373,15.0,3.0,0.0,50.243,50.7988,0.5558,0.021
47.383,15.0,3.0,0.0,50.243,50.7988,0.5558,-0.057
47.393,15.0,3.0,0.0,50.243,50.7991,0.5561,-0.025
47.403,15.0,3.0,0.0,50.243,50.7998,0.5568,-0.023
47.413,15.0,3.0,0.0,50.243,50.7998,0.5568,0.099
47.423,15.0,3.0,0.0,50.243,50.8001,0.5571,0.054
47.433,15.0,3.0,0.0,50.243,50.8005,0.5575,0.066
47.443,15.0,3.0,0.0,50.243,50.7998,0.5568,0.111
47.453,15.0,3.0,0.0,50.243,50.7998,0.5568,-0.002
47.463,15.0,3.0,0.0,50.243,50.7998,0.5568,-0.014
47.473,15.0,3.0,0.0,50.243,50.7998,0.5568,0.093
47.483,15.0,3.0,0.0,50.243,50.7995,0.5565,0.002
47.493,15.0,3.0,0.0,50.243,50.7991,0.5561,0.056
47.503,15.0,3.0,0.0,50.243,50.7998,0.5568,0.034
47.513,15.0,3.0,0.0,50.243,50.7998,0.5568,0.089
47.523,15.0,3.0,0.0,50.243,50.7998,0.5568,0.003
47.533,15.0,3.0,0.0,50.243,50.7998,0.5568,-0.021
47.543,15.0,3.0,0.0,50.243,50.7998,0.5568,0.023
47.553,15.0,3.0,0.0,50.243,50.8001,0.5571,-0.08
47.563,15.0,3.0,0.0,50.243,50.8005,0.5575,0.032
47.573,15.0,3.0,0.0,50.243,50.7998,0.5568,0.059
47.583,15.0,3.0,0.0,50.243,50.7995,0.5565,-0.026
47.593,15.0,3.0,0.0,50.243,50.7988,0.5558,0.04
47.603,15.0,3.0,0.0,50.243,50.7991,0.5561,-0.012
47.613,15.0,3.0,0.0,50.243,50.7995,0.5565,0.028
47.623,15.0,3.0,0.0,50.243,50.7988,0.5558,0.058
47.633,15.0,3.0,0.0,50.243,50.7985,0.5555,-0.018
47.643,15.0,3.0,0.0,50.243,50.7981,0.5551,0.03
47.653,15.0,3.0,0.0,50.243,50.7988,0.5558,0.068
47.663,15.0,3.0,0.0,50.243,50.7991,0.5561,0.046
47.673,15.0,3.0,0.0,50.243,50.7995,0.5565,-0.003
47.683,15.0,3.0,0.0,50.243,50.7988,0.5558,0.04
47.693,15.0,3.0,0.0,50.243,50.7988,0.5558,-0.031
47.703,15.0,3.0,0.0,50.243,50.7988,0.5558,-0.04
47.713,15.0,3.0,0.0,50.243,50.7988,0.5558,0.022
47.723,15.0,3.0,0.0,50.243,50.7988,0.5558,0.022
47.733,15.0,3.0,0.0,50.243,50.7985,0.5555,0.062
47.743,15.0,3.0,0.0,50.243,50.7984,0.5554,0.166
47.753,15.0,3.0,0.0,50.243,50.7995,0.5565,0.04
47.763,15.0,3.0,0.0,50.243,50.7988,0.5558,0.013
47.773,15.0,3.0,0.0,50.243,50.7988,0.5558,0.017
47.783,15.0,3.0,0.0,50.243,50.7991,0.5561,-0.096
47.793,3.0,3.0,0.0,52.8398,50.8284,-2.0114,-0.027
47.803,3.0,3.0,0.0,52.8398,51.0614,-1.7784,0.004
47.813,3.0,3.0,0.0,52.8398,51.6905,-1.1493,0.114
47.823,3.0,3.0,0.0,52.8398,52.3676,-0.4722,0.066
47.833,3.0,3.0,0.0,52.8398,52.6585,-0.1813,0.026
47.843,3.0,3.0,0.0,52.8398,52.7137,-0.1261,-0.004
47.853,3.0,3.0,0.0,52.8398,52.7157,-0.1241,-0.005
47.863,3.0,3.0,0.0,52.8398,52.7174,-0.1224,0.131
47.873,3.0,3.0,0.0,52.8398,52.7184,-0.1214,0.171
47.883,3.0,3.0,0.0,52.8398,52.7195,-0.1203,0.047
47.893,3.0,3.0,0.0,52.8398,52.7202,-0.1196,-0.052
47.903,3.0,3.0,0.0,52.8398,52.7205,-0.1193,-0.006
47.913,3.0,3.0,0.0,52.8398,52.7212,-0.1186,0.103
47.923,3.0,3.0,0.0,52.8398,52.7212,-0.1186,-0.094
47.933,3.0,3.0,0.0,52.8398,52.7212,-0.1186,0.027
47.943,3.0,3.0,0.0,52.8398,52.7215,-0.1183,-0.003
47.953,3.0,3.0,0.0,52.8398,52.7222,-0.1176,-0.035
47.963,3.0,3.0,0.0,52.8398,52.7222,-0.1176,0.027
47.973,3.0,3.0,0.0,52.8398,52.7222,-0.1176,0.057
47.983,3.0,3.0,0.0,52.8398,52.7222,-0.1176,-0.014
47.993,3.0,3.0,0.0,52.8398,52.7225,-0.1173,0.022
48.003,3.0,3.0,0.0,52.8398,52.7232,-0.1166,0.044
48.013,3.0,3.0,0.0,52.8398,52.7232,-0.1166,0.126
48.023,3.0,3.0,0.0,52.8398,52.7232,-0.1166,0.017
48.033,3.0,3.0,0.0,52.8398,52.7235,-0.1163,-0.096
48.043,3.0,3.0,0.0,52.8398,52.7239,-0.1159,0.017
48.053,3.0,3.0,0.0,52.8398,52.7238,-0.116,0.108
48.063,3.0,3.0,0.0,52.8398,52.7249,-0.1149,0.095
48.073,3.0,3.0,0.0,52.8398,52.7242,-0.1156,0.024
48.083,3.0,3.0,0.0,52.8398,52.7242,-0.1156,0.053
48.093,3.0,3.0,0.0,52.8398,52.7242,-0.1156,0.069
48.103,3.0,3.0,0.0,52.8398,52.7242,-0.1156,0.075
48.113,3.0,3.0,0.0,52.8398,52.7239,-0.1159,0.064
48.123,3.0,3.0,0.0,52.8398,52.7232,-0.1166,0.02
48.133,3.0,3.0,0.0,52.8398,52.7232,-0.1166,-0.029
48.143,3.0,3.0,0.0,52.8398,52.7232,-0.1166,0.086
48.153,3.0,3.0,0.0,52.8398,52.7232,-0.1166,0.079
48.163,3.0,3.0,0.0,52.8398,52.7232,-0.1166,0.094
48.173,3.0,3.0,0.0,52.8398,52.7232,-0.1166,0.038
48.183,3.0,3.0,0.0,52.8398,52.7232,-0.1166,-0.0
48.193,3.0,3.0,0.0,52.8398,52.7232,-0.1166,-0.038
48.203,3.0,3.0,0.0,52.8398,52.7235,-0.1163,-0.053
48.213,3.0,3.0,0.0,52.8398,52.7239,-0.1159,-0.045
48.223,3.0,3.0,0.0,52.8398,52.7232,-0.1166,0.0
48.233,3.0,3.0,0.0,52.8398,52.7229,-0.1169,0.019
48.243,3.0,3.0,0.0,52.8398,52.7228,-0.117,0.035
48.253,3.0,3.0,0.0,52.8398,52.7239,-0.1159,-0.014
48.263,3.0,3.0,0.0,52.8398,52.7229,-0.1169,0.037
48.273,3.0,3.0,0.0,52.8398,52.7222,-0.1176,0.054
48.283,3.0,3.0,0.0,52.8398,52.7222,-0.1176,0.08
48.293,3.0,3.0,0.0,52.8398,52.7222,-0.1176,0.114
48.303,3.0,3.0,0.0,52.8398,52.7225,-0.1173,0.089
48.313,3.0,3.0,0.0,52.8398,52.7229,-0.1169,0.027
48.323,3.0,3.0,0.0,52.8398,52.7222,-0.1176,-0.052
48.333,3.0,3.0,0.0,52.8398,52.7225,-0.1173,-0.098
48.343,3.0,3.0,0.0,52.8398,52.7232,-0.1166,0.133
48.353,3.0,3.0,0.0,52.8398,52.7229,-0.1169,0.035
48.363,3.0,3.0,0.0,52.8398,52.7225,-0.1173,0.016
48.373,3.0,3.0,0.0,52.8398,52.7229,-0.1169,0.046
48.383,3.0,3.0,0.0,52.8398,52.7222,-0.1176,-0.074
48.393,3.0,3.0,0.0,52.8398,52.7222,-0.1176,0.115
48.403,3.0,3.0,0.0,52.8398,52.7225,-0.1173,0.136
48.413,3.0,3.0,0.0,52.8398,52.7232,-0.1166,0.047
48.423,3.0,3.0,0.0,52.8398,52.7226,-0.1172,-0.042
48.433,3.0,3.0,0.0,52.8398,52.7218,-0.118,-0.051
48.443,3.0,3.0,0.0,52.8398,52.7229,-0.1169,-0.007
48.453,3.0,3.0,0.0,52.8398,52.7225,-0.1173,0.04
48.463,3.0,3.0,0.0,52.8398,52.7229,-0.1169,0.102
48.473,3.0,3.0,0.0,52.8398,52.7222,-0.1176,0.07
48.483,3.0,3.0,0.0,52.8398,52.7219,-0.1179,0.002
48.493,3.0,3.0,0.0,52.8398,52.7209,-0.1189,0.032
48.503,3.0,3.0,0.0,52.8398,52.7205,-0.1193,-0.066
48.513,3.0,3.0,0.0,52.8398,52.7212,-0.1186,-0.033
48.523,3.0,3.0,0.0,52.8398,52.7215,-0.1183,0.002
48.533,3.0,3.0,0.0,52.8398,52.7219,-0.1179,0.066
48.543,3.0,3.0,0.0,52.8398,52.7212,-0.1186,0.046
48.553,3.0,3.0,0.0,52.8398,52.7215,-0.1183,0.036
48.563,3.0,3.0,0.0,52.8398,52.7222,-0.1176,-0.08
48.573,3.0,3.0,0.0,52.8398,52.7222,-0.1176,-0.045
48.583,3.0,3.0,0.0,52.8398,52.7222,-0.1176,0.109
48.593,3.0,3.0,0.0,52.8398,52.7219,-0.1179,0.025
48.603,3.0,3.0,0.0,52.8398,52.7215,-0.1183,-0.102
48.613,3.0,3.0,0.0,52.8398,52.7213,-0.1185,0.019
48.623,3.0,3.0,0.0,52.8398,52.6815,-0.1583,0.035
48.633,27.0,0.0,8.0,47.6462,52.4996,4.8534,-0.013
48.643,27.0,0.0,8.0,47.6462,52.1354,4.4892,0.007
48.653,27.0,0.0,8.0,47.6462,51.6234,3.9772,0.009
48.663,27.0,0.0,8.0,47.6462,51.0627,3.4165,0.107
48.673,27.0,0.0,8.0,47.6462,50.5362,2.89,-0.003
48.683,27.0,0.0,8.0,47.6462,49.9814,2.3352,-0.005
48.693,27.0,0.0,8.0,47.6462,49.4161,1.7699,0.064
48.703,27.0,0.0,8.0,47.6462,48.8646,1.2184,-0.02
48.713,27.0,0.0,8.0,47.6462,48.2872,0.641,0.026
48.723,27.0,0.0,8.0,47.6462,47.7378,0.0916,0.118
48.733,27.0,0.0,8.0,47.6462,47.145,-0.5012,-0.018
48.743,27.0,0.0,8.0,47.6462,46.5682,-1.078,-0.03
48.753,27.0,0.0,8.0,47.6462,46.0252,-1.621,0.134
48.763,27.0,0.0,8.0,47.6462,45.44,-2.2062,0.146
48.773,27.0,0.0,8.0,47.6462,44.8748,-2.7714,0.116
48.783,27.0,0.0,8.0,47.6462,44.3161,-3.3301,0.044
48.793,27.0,0.0,8.0,47.6462,43.7395,-3.9067,0.002
48.803,27.0,0.0,8.0,47.6462,43.1866,-4.4596,-0.022
48.813,27.0,0.0,8.0,47.6462,42.6037,-5.0425,0.109
48.823,27.0,0.0,8.0,47.6462,42.0565,-5.5897,0.139
48.833,27.0,0.0,8.0,47.6462,41.4991,-6.1471,0.053
48.843,27.0,0.0,8.0,47.6462,40.9246,-6.7216,0.045
48.853,27.0,0.0,8.0,47.6462,40.3859,-7.2603,0.004
48.863,27.0,0.0,8.0,47.6462,39.8026,-7.8436,0.04
48.873,90.0,0.0,8.0,34.013,39.2303,5.2173,0.092
48.883,90.0,0.0,8.0,34.013,38.6653,4.6523,0.105
48.893,90.0,0.0,8.0,34.013,38.0698,4.0568,0.055
48.903,90.0,0.0,8.0,34.013,37.5274,3.5144,-0.121
48.913,90.0,0.0,8.0,34.013,36.9794,2.9664,0.038
48.923,90.0,0.0,8.0,34.013,36.4147,2.4017,0.011
48.933,90.0,0.0,8.0,34.013,35.8821,1.8691,-0.01
48.943,90.0,0.0,8.0,34.013,35.3078,1.2948,-0.008
48.953,90.0,0.0,8.0,34.013,34.7516,0.7386,0.02
48.963,90.0,0.0,8.0,34.013,34.1767,0.1637,-0.024
48.973,90.0,0.0,8.0,34.013,33.5914,-0.4216,0.022
48.983,90.0,0.0,8.0,34.013,33.0233,-0.9897,0.013
48.993,90.0,0.0,8.0,34.013,32.4413,-1.5717,0.029
49.003,90.0,0.0,8.0,34.013,31.8765,-2.1365,-0.031
49.013,90.0,0.0,8.0,34.013,31.3003,-2.7127,-0.07
49.023,90.0,0.0,8.0,34.013,30.7305,-3.2825,-0.077
49.033,90.0,0.0,8.0,34.013,30.1806,-3.8324,-0.041
49.043,90.0,0.0,8.0,34.013,29.5803,-4.4327,0.04
49.053,90.0,0.0,8.0,34.013,28.9625,-5.0505,0.096
49.063,90.0,0.0,8.0,34.013,28.3839,-5.6291,0.102
49.073,90.0,0.0,8.0,34.013,27.8044,-6.2086,0.084
49.083,90.0,0.0,8.0,34.013,27.2346,-6.7784,0.04
49.093,90.0,0.0,8.0,34.013,26.6461,-7.3669,0.111
49.103,90.0,0.0,8.0,34.013,26.074,-7.939,0.135
49.113,153.0,0.0,8.0,20.3798,25.5059,5.1261,0.118
49.123,153.0,0.0,8.0,20.3798,24.9176,4.5378,0.11
49.133,153.0,0.0,8.0,20.3798,24.3632,3.9834,0.059
49.143,153.0,0.0,8.0,20.3798,23.7958,3.416,0.043
49.153,153.0,0.0,8.0,20.3798,23.2278,2.848,-0.002
49.163,153.0,0.0,8.0,20.3798,22.6667,2.2869,-0.042
49.173,153.0,0.0,8.0,20.3798,22.107,1.7272,0.005
49.183,153.0,0.0,8.0,20.3798,21.533,1.1532,-0.083
49.193,153.0,0.0,8.0,20.3798,20.9556,0.5758,-0.078
49.203,153.0,0.0,8.0,20.3798,20.3702,-0.0096,-0.069
49.213,153.0,0.0,8.0,20.3798,19.7962,-0.5836,0.098
49.223,153.0,0.0,8.0,20.3798,19.2307,-1.1491,0.035
49.233,153.0,0.0,8.0,20.3798,18.6686,-1.7112,0.002
49.243,153.0,0.0,8.0,20.3798,18.107,-2.2728,0.067
49.253,153.0,0.0,8.0,20.3798,17.5317,-2.8481,0.017
49.263,153.0,0.0,8.0,20.3798,16.9697,-3.4101,-0.017
49.273,153.0,0.0,8.0,20.3798,16.4134,-3.9664,-0.031
49.283,153.0,0.0,8.0,20.3798,15.8436,-4.5362,-0.027
49.293,153.0,0.0,8.0,20.3798,15.2759,-5.1039,0.05
49.303,153.0,0.0,8.0,20.3798,14.7016,-5.6782,0.051
49.313,153.0,0.0,8.0,20.3798,14.1321,-6.2477,0.095
49.323,153.0,0.0,8.0,20.3798,13.561,-6.8188,-0.005
49.333,153.0,0.0,8.0,20.3798,12.9999,-7.3799,-0.069
49.343,153.0,0.0,8.0,20.3798,12.4357,-7.9441,-0.057
49.353,153.0,0.0,8.0,20.3798,11.8703,-8.5095,0.075
49.363,174.0,0.0,8.0,15.8354,11.2817,-4.5537,0.078
49.373,216.0,0.0,8.0,6.7466,10.6971,3.9505,0.093
49.383,216.0,0.0,8.0,6.7466,10.1289,3.3823,0.053
49.393,216.0,0.0,8.0,6.7466,9.5561,2.8095,0.059
49.403,216.0,0.0,8.0,6.7466,8.9831,2.2365,0.044
49.413,216.0,0.0,8.0,6.7466,8.3981,1.6515,0.047
49.423,216.0,0.0,8.0,6.7466,7.8125,1.0659,0.056
49.433,216.0,0.0,8.0,6.7466,7.2388,0.4922,0.009
49.443,216.0,0.0,8.0,6.7466,6.683,-0.0636,0.002
49.453,216.0,0.0,8.0,6.7466,6.1286,-0.618,-0.071
49.463,216.0,0.0,8.0,6.7466,5.5619,-1.1847,-0.034
49.473,216.0,0.0,8.0,6.7466,4.9825,-1.7641,0.055
49.483,216.0,0.0,8.0,6.7466,4.4193,-2.3273,0.014
49.493,216.0,0.0,8.0,6.7466,3.941,-2.8056,0.023
49.503,216.0,0.0,8.0,6.7466,3.7058,-3.0408,-0.023
49.513,216.0,0.0,8.0,6.7466,3.6714,-3.0752,0.048
49.523,216.0,0.0,8.0,6.7466,3.6707,-3.0759,0.093
49.533,216.0,0.0,8.0,6.7466,3.6707,-3.0759,0.008
49.543,216.0,0.0,8.0,6.7466,3.6704,-3.0762,0.129
49.553,216.0,0.0,8.0,6.7466,3.6697,-3.0769,0.026
49.563,216.0,0.0,8.0,6.7466,3.6694,-3.0772,0.063
49.573,216.0,0.0,8.0,6.7466,3.6687,-3.0779,0.077
49.583,216.0,0.0,8.0,6.7466,3.6687,-3.0779,0.021
49.593,216.0,0.0,8.0,6.7466,3.6687,-3.0779,0.018
49.603,216.0,0.0,8.0,6.7466,3.669,-3.0776,0.059
49.613,229.0,3.0,0.0,3.9334,3.6694,-0.264,0.024
49.623,229.0,3.0,0.0,3.9334,3.6687,-0.2647,-0.062
49.633,229.0,3.0,0.0,3.9334,3.6684,-0.265,-0.091
49.643,229.0,3.0,0.0,3.9334,3.668,-0.2654,-0.019
49.653,229.0,3.0,0.0,3.9334,3.6687,-0.2647,-0.011
49.663,229.0,3.0,0.0,3.9334,3.6687,-0.2647,0.074
49.673,229.0,3.0,0.0,3.9334,3.6684,-0.265,-0.017
49.683,229.0,3.0,0.0,3.9334,3.6677,-0.2657,0.013
49.693,229.0,3.0,0.0,3.9334,3.6677,-0.2657,0.046
49.703,229.0,3.0,0.0,3.9334,3.6674,-0.266,-0.038
49.713,229.0,3.0,0.0,3.9334,3.6667,-0.2667,-0.011
49.723,229.0,3.0,0.0,3.9334,3.667,-0.2664,0.066
49.733,229.0,3.0,0.0,3.9334,3.6677,-0.2657,0.042
49.743,229.0,3.0,0.0,3.9334,3.6674,-0.266,0.02
49.753,229.0,3.0,0.0,3.9334,3.6667,-0.2667,-0.087
49.763,229.0,3.0,0.0,3.9334,3.6667,-0.2667,-0.011
49.773,229.0,3.0,0.0,3.9334,3.6664,-0.267,0.159
49.783,229.0,3.0,0.0,3.9334,3.666,-0.2674,0.047
49.793,229.0,3.0,0.0,3.9334,3.6664,-0.267,-0.061
49.803,229.0,3.0,0.0,3.9334,3.6657,-0.2677,-0.071
49.813,229.0,3.0,0.0,3.9334,3.666,-0.2674,0.04
49.823,229.0,3.0,0.0,3.9334,3.6664,-0.267,-0.016
49.833,229.0,3.0,0.0,3.9334,3.666,-0.2674,0.008
49.843,229.0,3.0,0.0,3.9334,3.6667,-0.2667,0.016
49.853,229.0,3.0,0.0,3.9334,3.6664,-0.267,-0.069
49.863,229.0,3.0,0.0,3.9334,3.666,-0.2674,0.01
49.873,229.0,3.0,0.0,3.9334,3.6667,-0.2667,0.013
49.883,229.0,3.0,0.0,3.9334,3.667,-0.2664,-0.013
49.893,229.0,3.0,0.0,3.9334,3.6677,-0.2657,0.042
49.903,229.0,3.0,0.0,3.9334,3.6674,-0.266,0.093
49.913,229.0,3.0,0.0,3.9334,3.667,-0.2664,0.102
49.923,229.0,3.0,0.0,3.9334,3.6677,-0.2657,-0.033
49.933,229.0,3.0,0.0,3.9334,3.6677,-0.2657,0.002
49.943,229.0,3.0,0.0,3.9334,3.668,-0.2654,0.07
49.953,229.0,3.0,0.0,3.9334,3.6687,-0.2647,0.038
49.963,229.0,3.0,0.0,3.9334,3.6684,-0.265,0.049
49.973,229.0,3.0,0.0,3.9334,3.6677,-0.2657,0.086
49.983,229.0,3.0,0.0,3.9334,3.668,-0.2654,0.018
49.993,229.0,3.0,0.0,3.9334,3.6687,-0.2647,0.048
50.003,229.0,3.0,0.0,3.9334,3.6687,-0.2647,-0.027
50.013,229.0,3.0,0.0,3.9334,3.6684,-0.265,0.107
50.023,229.0,3.0,0.0,3.9334,3.668,-0.2654,0.176
50.033,229.0,3.0,0.0,3.9334,3.6687,-0.2647,0.044
50.043,229.0,3.0,0.0,3.9334,3.6687,-0.2647,-0.091
50.053,229.0,3.0,0.0,3.9334,3.669,-0.2644,-0.05
50.063,229.0,3.0,0.0,3.9334,3.6694,-0.264,0.082
50.073,229.0,3.0,0.0,3.9334,3.6687,-0.2647,0.058
50.083,229.0,3.0,0.0,3.9334,3.6687,-0.2647,0.081
50.093,229.0,3.0,0.0,3.9334,3.6684,-0.265,0.075
50.103,229.0,3.0,0.0,3.9334,3.6677,-0.2657,0.058
50.113,229.0,3.0,0.0,3.9334,3.6677,-0.2657,0.033
50.123,229.0,3.0,0.0,3.9334,3.6677,-0.2657,0.015
50.133,229.0,3.0,0.0,3.9334,3.6677,-0.2657,0.048
50.143,229.0,3.0,0.0,3.9334,3.6677,-0.2657,0.028
50.153,229.0,3.0,0.0,3.9334,3.668,-0.2654,-0.016
50.163,229.0,3.0,0.0,3.9334,3.6687,-0.2647,-0.002
50.173,229.0,3.0,0.0,3.9334,3.669,-0.2644,0.008
50.183,229.0,3.0,0.0,3.9334,3.6694,-0.264,0.01
50.193,229.0,3.0,0.0,3.9334,3.669,-0.2644,0.097
50.203,229.0,3.0,0.0,3.9334,3.6691,-0.2643,0.003
50.213,229.0,3.0,0.0,3.9334,3.6677,-0.2657,0.047
50.223,229.0,3.0,0.0,3.9334,3.6677,-0.2657,0.018
50.233,229.0,3.0,0.0,3.9334,3.6677,-0.2657,-0.046
50.243,229.0,3.0,0.0,3.9334,3.6677,-0.2657,-0.018
50.253,229.0,3.0,0.0,3.9334,3.6677,-0.2657,0.07
50.263,229.0,3.0,0.0,3.9334,3.6674,-0.266,0.141
50.273,229.0,3.0,0.0,3.9334,3.6667,-0.2667,0.064
50.283,229.0,3.0,0.0,3.9334,3.6667,-0.2667,0.177
50.293,229.0,3.0,0.0,3.9334,3.6667,-0.2667,0.129
50.303,229.0,3.0,0.0,3.9334,3.667,-0.2664,0.041
50.313,229.0,3.0,0.0,3.9334,3.6677,-0.2657,0.106
50.323,229.0,3.0,0.0,3.9334,3.6677,-0.2657,0.081
50.333,229.0,3.0,0.0,3.9334,3.668,-0.2654,-0.023
50.343,229.0,3.0,0.0,3.9334,3.6684,-0.265,0.003
50.353,229.0,3.0,0.0,3.9334,3.6677,-0.2657,0.03
50.363,229.0,3.0,0.0,3.9334,3.668,-0.2654,0.074
50.373,229.0,3.0,0.0,3.9334,3.6687,-0.2647,0.072
50.383,229.0,3.0,0.0,3.9334,3.6687,-0.2647,0.02
50.393,229.0,3.0,0.0,3.9334,3.6684,-0.265,0.017
50.403,229.0,3.0,0.0,3.9334,3.6677,-0.2657,-0.021
50.413,229.0,3.0,0.0,3.9334,3.668,-0.2654,-0.023
50.423,229.0,3.0,0.0,3.9334,3.6684,-0.265,-0.001
50.433,229.0,3.0,0.0,3.9334,3.668,-0.2654,0.039
50.443,229.0,3.0,0.0,3.9334,3.6684,-0.265,0.09
50.453,229.0,3.0,0.0,3.9334,3.6683,-0.2651,0.043
50.463,229.0,3.0,0.0,3.9334,3.6694,-0.264,0.102
50.473,229.0,3.0,0.0,3.9334,3.6687,-0.2647,-0.03
50.483,229.0,3.0,0.0,3.9334,3.6684,-0.265,-0.035
50.493,229.0,3.0,0.0,3.9334,3.6677,-0.2657,0.064
50.503,229.0,3.0,0.0,3.9334,3.6677,-0.2657,-0.015
50.513,229.0,3.0,0.0,3.9334,3.6674,-0.266,0.045
50.523,229.0,3.0,0.0,3.9334,3.6664,-0.267,0.009
50.533,229.0,3.0,0.0,3.9334,3.666,-0.2674,0.037
50.543,229.0,3.0,0.0,3.9334,3.6664,-0.267,0.058
50.553,229.0,3.0,0.0,3.9334,3.6663,-0.2671,0.09
50.563,229.0,3.0,0.0,3.9334,3.6674,-0.266,0.021
50.573,229.0,3.0,0.0,3.9334,3.6667,-0.2667,-0.151
50.583,229.0,3.0,0.0,3.9334,3.6667,-0.2667,0.005
50.593,229.0,3.0,0.0,3.9334,3.6664,-0.267,0.123
50.603,229.0,3.0,0.0,3.9334,3.6657,-0.2677,0.107
50.613,229.0,3.0,0.0,3.9334,3.666,-0.2674,0.096
50.623,229.0,3.0,0.0,3.9334,3.6664,-0.267,0.062
50.633,229.0,3.0,0.0,3.9334,3.6657,-0.2677,0.008
50.643,229.0,3.0,0.0,3.9334,3.666,-0.2674,0.046
50.653,229.0,3.0,0.0,3.9334,3.6667,-0.2667,-0.0
50.663,229.0,3.0,0.0,3.9334,3.6667,-0.2667,0.024
50.673,229.0,3.0,0.0,3.9334,3.6667,-0.2667,0.037
50.683,229.0,3.0,0.0,3.9334,3.6667,-0.2667,-0.041
50.693,229.0,3.0,0.0,3.9334,3.6667,-0.2667,0.026
50.703,229.0,3.0,0.0,3.9334,3.667,-0.2664,0.054
50.713,229.0,3.0,0.0,3.9334,3.6677,-0.2657,0.016
50.723,229.0,3.0,0.0,3.9334,3.6674,-0.266,-0.055
50.733,229.0,3.0,0.0,3.9334,3.6667,-0.2667,0.058
50.743,229.0,3.0,0.0,3.9334,3.6667,-0.2667,0.062
50.753,229.0,3.0,0.0,3.9334,3.667,-0.2664,0.026
50.763,229.0,3.0,0.0,3.9334,3.668,-0.2654,0.062
50.773,229.0,3.0,0.0,3.9334,3.669,-0.2644,0.101
50.783,229.0,3.0,0.0,3.9334,3.6697,-0.2637,0.112
50.793,229.0,3.0,0.0,3.9334,3.6697,-0.2637,0.108
50.803,229.0,3.0,0.0,3.9334,3.6697,-0.2637,0.131
50.813,229.0,3.0,0.0,3.9334,3.6697,-0.2637,0.167
50.823,229.0,3.0,0.0,3.9334,3.67,-0.2634,0.031
50.833,229.0,3.0,0.0,3.9334,3.6707,-0.2627,0.009
50.843,229.0,3.0,0.0,3.9334,3.6707,-0.2627,0.077
50.853,229.0,3.0,0.0,3.9334,3.6704,-0.263,-0.043
50.863,229.0,3.0,0.0,3.9334,3.67,-0.2634,0.029
50.873,229.0,3.0,0.0,3.9334,3.6704,-0.263,-0.006
50.883,229.0,3.0,0.0,3.9334,3.67,-0.2634,-0.037
50.893,229.0,3.0,0.0,3.9334,3.6704,-0.263,-0.138
50.903,229.0,3.0,0.0,3.9334,3.6697,-0.2637,-0.023
50.913,229.0,3.0,0.0,3.9334,3.6694,-0.264,0.093
50.923,207.0,1.0,5.3,8.6942,3.6939,-5.0003,0.053
50.933,196.0,0.0,8.0,11.0746,3.9206,-7.154,0.07
50.943,196.0,0.0,8.0,11.0746,4.5515,-6.5231,0.013
50.953,196.0,0.0,8.0,11.0746,5.3602,-5.7144,-0.097
50.963,196.0,0.0,8.0,11.0746,6.2001,-4.8745,0.016
50.973,196.0,0.0,8.0,11.0746,7.0489,-4.0257,0.05
50.983,196.0,0.0,8.0,11.0746,7.9136,-3.161,0.109
50.993,196.0,0.0,8.0,11.0746,8.8081,-2.2665,0.026
51.003,196.0,0.0,8.0,11.0746,9.667,-1.4076,-0.017
51.013,196.0,0.0,8.0,11.0746,10.5536,-0.521,0.057
51.023,196.0,0.0,8.0,11.0746,11.4298,0.3552,-0.042
51.033,196.0,0.0,8.0,11.0746,12.3065,1.2319,0.018
51.043,196.0,0.0,8.0,11.0746,13.2118,2.1372,0.166
51.053,196.0,0.0,8.0,11.0746,14.1134,3.0388,0.069
51.063,196.0,0.0,8.0,11.0746,15.0068,3.9322,0.091
51.073,196.0,0.0,8.0,11.0746,15.8682,4.7936,0.089
51.083,196.0,0.0,8.0,11.0746,16.7335,5.6589,0.032
51.093,196.0,0.0,8.0,11.0746,17.5974,6.5228,0.031
51.103,196.0,0.0,8.0,11.0746,18.4621,7.3875,0.013
51.113,196.0,0.0,8.0,11.0746,19.328,8.2534,-0.003
51.123,196.0,0.0,8.0,11.0746,20.2056,9.131,0.031
51.133,196.0,0.0,8.0,11.0746,21.079,10.0044,-0.025
51.143,196.0,0.0,8.0,11.0746,21.9725,10.8979,0.027
51.153,196.0,0.0,8.0,11.0746,22.8503,11.7757,0.03
51.163,196.0,0.0,8.0,11.0746,23.7197,12.6451,0.049
51.173,99.0,0.0,9.0,32.0654,24.5976,-7.4678,0.02
51.183,99.0,0.0,9.0,32.0654,25.4535,-6.6119,0.046
51.193,99.0,0.0,9.0,32.0654,26.3468,-5.7186,0.041
51.203,99.0,0.0,9.0,32.0654,27.2484,-4.817,-0.045
51.213,99.0,0.0,9.0,32.0654,28.1307,-3.9347,0.021
51.223,99.0,0.0,9.0,32.0654,29.017,-3.0484,0.097
51.233,99.0,0.0,9.0,32.0654,29.8928,-2.1726,0.047
51.243,99.0,0.0,9.0,32.0654,30.7578,-1.3076,0.101
51.253,99.0,0.0,9.0,32.0654,31.6349,-0.4305,-0.07
51.263,99.0,0.0,9.0,32.0654,32.5322,0.4668,0.013
51.273,99.0,0.0,9.0,32.0654,33.4259,1.3605,-0.003
51.283,99.0,0.0,9.0,32.0654,34.3241,2.2587,0.026
51.293,99.0,0.0,9.0,32.0654,35.1927,3.1273,-0.026
51.303,99.0,0.0,9.0,32.0654,36.1079,4.0425,0.064
51.313,99.0,0.0,9.0,32.0654,37.0923,5.0269,0.069
51.323,99.0,0.0,9.0,32.0654,37.9113,5.8459,0.066
51.333,99.0,0.0,9.0,32.0654,38.7278,6.6624,0.042
51.343,99.0,0.0,9.0,32.0654,39.7602,7.6948,0.04
51.353,99.0,0.0,9.0,32.0654,40.6491,8.5837,-0.017
51.363,99.0,0.0,9.0,32.0654,41.5031,9.4377,0.022
51.373,99.0,0.0,9.0,32.0654,42.3899,10.3245,0.045
51.383,99.0,0.0,9.0,32.0654,43.2748,11.2094,-0.052
51.393,99.0,0.0,9.0,32.0654,44.1331,12.0677,0.058
51.403,99.0,0.0,9.0,32.0654,45.0087,12.9433,-0.018
51.413,4.0,0.0,6.0,52.6234,45.8922,-6.7312,0.011
51.423,4.0,0.0,6.0,52.6234,46.7922,-5.8312,-0.035
51.433,4.0,0.0,6.0,52.6234,47.6979,-4.9255,-0.056
51.443,4.0,0.0,6.0,52.6234,48.5554,-4.068,0.076
51.453,4.0,0.0,6.0,52.6234,49.4391,-3.1843,0.108
51.463,4.0,0.0,6.0,52.6234,50.3053,-2.3181,0.161
51.473,4.0,0.0,6.0,52.6234,51.187,-1.4364,0.048
51.483,4.0,0.0,6.0,52.6234,51.9906,-0.6328,0.088
51.493,4.0,0.0,6.0,52.6234,52.5124,-0.111,0.1
51.503,4.0,0.0,6.0,52.6234,52.6399,0.0165,-0.013
51.513,4.0,0.0,6.0,52.6234,52.6732,0.0498,0.136
51.523,4.0,0.0,6.0,52.6234,52.6755,0.0521,0.089
51.533,4.0,0.0,6.0,52.6234,52.6779,0.0545,0.052
51.543,4.0,0.0,6.0,52.6234,52.6792,0.0558,0.072
51.553,4.0,0.0,6.0,52.6234,52.6813,0.0579,-0.009
51.563,4.0,0.0,6.0,52.6234,52.6827,0.0593,-0.017
51.573,4.0,0.0,6.0,52.6234,52.6833,0.0599,0.048
51.583,4.0,0.0,6.0,52.6234,52.6847,0.0613,-0.036
51.593,4.0,0.0,6.0,52.6234,52.685,0.0616,0.022
51.603,4.0,0.0,6.0,52.6234,52.686,0.0626,-0.0
51.613,4.0,0.0,6.0,52.6234,52.6873,0.0639,0.039
51.623,4.0,0.0,6.0,52.6234,52.6891,0.0657,0.085
51.633,4.0,0.0,6.0,52.6234,52.6904,0.067,0.017
51.643,4.0,0.0,6.0,52.6234,52.6924,0.069,0.068
51.653,4.0,0.0,6.0,52.6234,52.6941,0.0707,-0.005
51.663,3.0,3.0,0.0,52.8398,52.6954,-0.1444,0.003
51.673,3.0,3.0,0.0,52.8398,52.6972,-0.1426,0.019
51.683,3.0,3.0,0.0,52.8398,52.6985,-0.1413,-0.03
51.693,3.0,3.0,0.0,52.8398,52.7002,-0.1396,-0.008
51.703,3.0,3.0,0.0,52.8398,52.7015,-0.1383,-0.046
51.713,3.0,3.0,0.0,52.8398,52.7029,-0.1369,0.038
51.723,3.0,3.0,0.0,52.8398,52.7032,-0.1366,0.104
51.733,3.0,3.0,0.0,52.8398,52.7043,-0.1355,-0.001
51.743,3.0,3.0,0.0,52.8398,52.705,-0.1348,-0.076
51.753,3.0,3.0,0.0,52.8398,52.7056,-0.1342,0.074
51.763,3.0,3.0,0.0,52.8398,52.707,-0.1328,0.161
51.773,3.0,3.0,0.0,52.8398,52.707,-0.1328,0.058
51.783,3.0,3.0,0.0,52.8398,52.7073,-0.1325,0.075
51.793,3.0,3.0,0.0,52.8398,52.7074,-0.1324,-0.004
51.803,3.0,3.0,0.0,52.8398,52.7063,-0.1335,-0.09
51.813,3.0,3.0,0.0,52.8398,52.707,-0.1328,0.051
51.823,3.0,3.0,0.0,52.8398,52.7073,-0.1325,0.003
51.833,3.0,3.0,0.0,52.8398,52.708,-0.1318,0.043
51.843,3.0,3.0,0.0,52.8398,52.708,-0.1318,0.007
51.853,3.0,3.0,0.0,52.8398,52.7083,-0.1315,-0.045
51.863,3.0,3.0,0.0,52.8398,52.709,-0.1308,-0.048
51.873,3.0,3.0,0.0,52.8398,52.709,-0.1308,-0.043
51.883,3.0,3.0,0.0,52.8398,52.709,-0.1308,0.049
51.893,3.0,3.0,0.0,52.8398,52.7093,-0.1305,0.043
51.903,3.0,3.0,0.0,52.8398,52.7097,-0.1301,0.076
51.913,3.0,3.0,0.0,52.8398,52.7087,-0.1311,0.105
51.923,3.0,3.0,0.0,52.8398,52.708,-0.1318,-0.031
51.933,3.0,3.0,0.0,52.8398,52.708,-0.1318,0.019
51.943,3.0,3.0,0.0,52.8398,52.7083,-0.1315,-0.019
51.953,3.0,3.0,0.0,52.8398,52.709,-0.1308,0.034
51.963,3.0,3.0,0.0,52.8398,52.7087,-0.1311,0.024
51.973,3.0,3.0,0.0,52.8398,52.7083,-0.1315,0.095
51.983,3.0,3.0,0.0,52.8398,52.7087,-0.1311,0.114
51.993,3.0,3.0,0.0,52.8398,52.7083,-0.1315,0.042
52.003,3.0,3.0,0.0,52.8398,52.7087,-0.1311,-0.048
52.013,3.0,3.0,0.0,52.8398,52.7083,-0.1315,-0.025
52.023,3.0,3.0,0.0,52.8398,52.709,-0.1308,0.046
52.033,3.0,3.0,0.0,52.8398,52.709,-0.1308,0.075
52.043,3.0,3.0,0.0,52.8398,52.709,-0.1308,0.054
52.053,3.0,3.0,0.0,52.8398,52.709,-0.1308,0.047
52.063,3.0,3.0,0.0,52.8398,52.7093,-0.1305,0.067
52.073,3.0,3.0,0.0,52.8398,52.7097,-0.1301,-0.021
52.083,3.0,3.0,0.0,52.8398,52.709,-0.1308,-0.088
52.093,3.0,3.0,0.0,52.8398,52.7093,-0.1305,0.066
52.103,3.0,3.0,0.0,52.8398,52.71,-0.1298,0.102
52.113,3.0,3.0,0.0,52.8398,52.7097,-0.1301,0.089
52.123,3.0,3.0,0.0,52.8398,52.7093,-0.1305,0.069
52.133,3.0,3.0,0.0,52.8398,52.7097,-0.1301,0.016
52.143,3.0,3.0,0.0,52.8398,52.7093,-0.1305,0.061
52.153,3.0,3.0,0.0,52.8398,52.71,-0.1298,-0.024
52.163,3.0,3.0,0.0,52.8398,52.7097,-0.1301,0.097
52.173,3.0,3.0,0.0,52.8398,52.709,-0.1308,-0.007
52.183,3.0,3.0,0.0,52.8398,52.7093,-0.1305,0.025
52.193,3.0,3.0,0.0,52.8398,52.71,-0.1298,0.014
52.203,3.0,3.0,0.0,52.8398,52.7097,-0.1301,-0.011
52.213,3.0,3.0,0.0,52.8398,52.709,-0.1308,0.093
52.223,3.0,3.0,0.0,52.8398,52.709,-0.1308,0.076
52.233,3.0,3.0,0.0,52.8398,52.7087,-0.1311,0.101
52.243,3.0,3.0,0.0,52.8398,52.7083,-0.1315,0.009
52.253,3.0,3.0,0.0,52.8398,52.709,-0.1308,0.026
52.263,3.0,3.0,0.0,52.8398,52.709,-0.1308,-0.013
52.273,3.0,3.0,0.0,52.8398,52.709,-0.1308,-0.043
52.283,3.0,3.0,0.0,52.8398,52.709,-0.1308,0.033
52.293,3.0,3.0,0.0,52.8398,52.7087,-0.1311,0.033
52.303,3.0,3.0,0.0,52.8398,52.7083,-0.1315,0.107
52.313,3.0,3.0,0.0,52.8398,52.709,-0.1308,0.082
52.323,3.0,3.0,0.0,52.8398,52.7087,-0.1311,0.019
52.333,3.0,3.0,0.0,52.8398,52.7083,-0.1315,-0.001
52.343,3.0,3.0,0.0,52.8398,52.709,-0.1308,0.068
52.353,3.0,3.0,0.0,52.8398,52.709,-0.1308,-0.005
52.363,3.0,3.0,0.0,52.8398,52.7093,-0.1305,0.069
52.373,3.0,3.0,0.0,52.8398,52.7097,-0.1301,0.085
52.383,3.0,3.0,0.0,52.8398,52.7093,-0.1305,0.082
52.393,3.0,3.0,0.0,52.8398,52.71,-0.1298,0.043
52.403,3.0,3.0,0.0,52.8398,52.7097,-0.1301,0.027
52.413,3.0,3.0,0.0,52.8398,52.709,-0.1308,0.016
52.423,3.0,3.0,0.0,52.8398,52.709,-0.1308,0.016
52.433,3.0,3.0,0.0,52.8398,52.709,-0.1308,0.03
52.443,3.0,3.0,0.0,52.8398,52.7093,-0.1305,0.016
52.453,3.0,3.0,0.0,52.8398,52.7097,-0.1301,-0.063
52.463,3.0,3.0,0.0,52.8398,52.7096,-0.1302,0.021
52.473,3.0,3.0,0.0,52.8398,52.7107,-0.1291,0.003
52.483,3.0,3.0,0.0,52.8398,52.6994,-0.1404,0.004
52.493,25.0,0.0,8.0,48.079,52.5828,4.5038,0.104
52.503,25.0,0.0,8.0,48.079,52.212,4.133,-0.042
52.513,25.0,0.0,8.0,48.079,51.6846,3.6056,-0.075
52.523,25.0,0.0,8.0,48.079,51.1496,3.0706,-0.073
52.533,25.0,0.0,8.0,48.079,50.6137,2.5347,0.008
52.543,25.0,0.0,8.0,48.079,50.0542,1.9752,0.046
52.553,25.0,0.0,8.0,48.079,49.5101,1.4311,0.029
52.563,25.0,0.0,8.0,48.079,48.9523,0.8733,0.078
52.573,25.0,0.0,8.0,48.079,48.3822,0.3032,0.042
52.583,25.0,0.0,8.0,48.079,47.8404,-0.2386,0.05
52.593,25.0,0.0,8.0,48.079,47.275,-0.804,0.03
52.603,25.0,0.0,8.0,48.079,46.702,-1.377,0.034
52.613,25.0,0.0,8.0,48.079,46.1492,-1.9298,-0.029
52.623,25.0,0.0,8.0,48.079,45.5623,-2.5167,0.021
52.633,25.0,0.0,8.0,48.079,44.9949,-3.0841,0.079
52.643,25.0,0.0,8.0,48.079,44.4336,-3.6454,-0.019
52.653,25.0,0.0,8.0,48.079,43.864,-4.215,-0.05
52.663,25.0,0.0,8.0,48.079,43.323,-4.756,0.031
52.673,25.0,0.0,8.0,48.079,42.7437,-5.3353,0.156
52.683,25.0,0.0,8.0,48.079,42.1896,-5.8894,0.134
52.693,25.0,0.0,8.0,48.079,41.612,-6.467,0.011
52.703,25.0,0.0,8.0,48.079,41.0486,-7.0304,-0.004
52.713,25.0,0.0,8.0,48.079,40.4852,-7.5938,0.08
52.723,25.0,0.0,8.0,48.079,39.8943,-8.1847,0.104
52.733,88.0,0.0,9.0,34.4458,39.339,4.8932,0.027
52.743,88.0,0.0,9.0,34.4458,38.742,4.2962,-0.064
52.753,88.0,0.0,9.0,34.4458,38.1584,3.7126,0.029
52.763,88.0,0.0,9.0,34.4458,37.6136,3.1678,0.093
52.773,88.0,0.0,9.0,34.4458,37.0064,2.5606,0.137
52.783,88.0,0.0,9.0,34.4458,36.4153,1.9695,0.066
52.793,88.0,0.0,9.0,34.4458,35.9564,1.5106,0.037
52.803,88.0,0.0,9.0,34.4458,35.401,0.9552,0.058
52.813,88.0,0.0,9.0,34.4458,34.8083,0.3625,0.085
52.823,88.0,0.0,9.0,34.4458,34.1404,-0.3054,0.058
52.833,88.0,0.0,9.0,34.4458,33.5699,-0.8759,0.026
52.843,88.0,0.0,9.0,34.4458,32.9757,-1.4701,0.118
52.853,88.0,0.0,9.0,34.4458,32.4144,-2.0314,0.064
52.863,88.0,0.0,9.0,34.4458,31.8383,-2.6075,0.153
52.873,88.0,0.0,9.0,34.4458,31.2713,-3.1745,0.091
52.883,88.0,0.0,9.0,34.4458,30.6804,-3.7654,0.09
52.893,88.0,0.0,9.0,34.4458,30.1236,-4.3222,0.084
52.903,88.0,0.0,9.0,34.4458,29.5705,-4.8753,0.016
52.913,88.0,0.0,9.0,34.4458,29.0021,-5.4437,-0.009
52.923,88.0,0.0,9.0,34.4458,28.4306,-6.0152,-0.047
52.933,88.0,0.0,9.0,34.4458,27.8626,-6.5832,0.033
52.943,88.0,0.0,9.0,34.4458,27.2728,-7.173,0.064
52.953,88.0,0.0,9.0,34.4458,26.6889,-7.7569,-0.006
52.963,88.0,0.0,9.0,34.4458,26.1082,-8.3376,0.091
52.973,88.0,0.0,9.0,34.4458,25.5411,-8.9047,0.071
52.983,151.0,0.0,8.0,20.8126,24.9714,4.1588,0.059
52.993,151.0,0.0,8.0,20.8126,24.4031,3.5905,0.047
53.003,151.0,0.0,8.0,20.8126,23.8432,3.0306,-0.014
53.013,151.0,0.0,8.0,20.8126,23.2764,2.4638,0.027
53.023,151.0,0.0,8.0,20.8126,22.7082,1.8956,0.051
53.033,151.0,0.0,8.0,20.8126,22.1519,1.3393,0.124
53.043,151.0,0.0,8.0,20.8126,21.5821,0.7695,0.064
53.053,151.0,0.0,8.0,20.8126,20.9967,0.1841,0.019
53.063,151.0,0.0,8.0,20.8126,20.4127,-0.3999,0.159
53.073,151.0,0.0,8.0,20.8126,19.8384,-0.9742,0.07
53.083,151.0,0.0,8.0,20.8126,19.2759,-1.5367,-0.018
53.093,151.0,0.0,8.0,20.8126,18.7144,-2.0982,0.001
53.103,151.0,0.0,8.0,20.8126,18.1426,-2.67,0.03
53.113,151.0,0.0,8.0,20.8126,17.5849,-3.2277,0.139
53.123,151.0,0.0,8.0,20.8126,17.013,-3.7996,0.014
53.133,151.0,0.0,8.0,20.8126,16.4458,-4.3668,-0.035
53.143,151.0,0.0,8.0,20.8126,15.8852,-4.9274,0.032
53.153,151.0,0.0,8.0,20.8126,15.3181,-5.4945,0.029
53.163,151.0,0.0,8.0,20.8126,14.7449,-6.0677,0.042
53.173,151.0,0.0,8.0,20.8126,14.1744,-6.6382,0.082
53.183,151.0,0.0,8.0,20.8126,13.6053,-7.2073,0.062
53.193,151.0,0.0,8.0,20.8126,13.0466,-7.766,0.072
53.203,151.0,0.0,8.0,20.8126,12.4696,-8.343,0.05
53.213,151.0,0.0,8.0,20.8126,11.898,-8.9146,0.134
53.223,214.0,0.0,8.0,7.1794,11.3218,4.1424,0.126
53.233,214.0,0.0,8.0,7.1794,10.748,3.5686,0.041
53.243,214.0,0.0,8.0,7.1794,10.169,2.9896,-0.03
53.253,214.0,0.0,8.0,7.1794,9.598,2.4186,0.059
53.263,214.0,0.0,8.0,7.1794,9.0223,1.8429,0.126
53.273,214.0,0.0,8.0,7.1794,8.4323,1.2529,0.044
53.283,214.0,0.0,8.0,7.1794,7.854,0.6746,0.023
53.293,214.0,0.0,8.0,7.1794,7.2845,0.1051,0.014
53.303,214.0,0.0,8.0,7.1794,6.7312,-0.4482,0.014
53.313,214.0,0.0,8.0,7.1794,6.1663,-1.0131,-0.025
53.323,214.0,0.0,8.0,7.1794,5.5971,-1.5823,0.041
53.333,214.0,0.0,8.0,7.1794,5.0333,-2.1461,0.018
53.343,214.0,0.0,8.0,7.1794,4.4525,-2.7269,0.067
53.353,214.0,0.0,8.0,7.1794,3.9143,-3.2651,0.009
53.363,214.0,0.0,8.0,7.1794,3.5443,-3.6351,0.036
53.373,214.0,0.0,8.0,7.1794,3.4392,-3.7402,0.063
53.383,214.0,0.0,8.0,7.1794,3.4353,-3.7441,0.083
53.393,214.0,0.0,8.0,7.1794,3.4343,-3.7451,0.044
53.403,214.0,0.0,8.0,7.1794,3.4333,-3.7461,0.037
53.413,214.0,0.0,8.0,7.1794,3.4329,-3.7465,0.029
53.423,214.0,0.0,8.0,7.1794,3.4339,-3.7455,0.007
53.433,214.0,0.0,8.0,7.1794,3.4349,-3.7445,0.045
53.443,214.0,0.0,8.0,7.1794,3.4356,-3.7438,0.014
53.453,214.0,0.0,8.0,7.1794,3.4356,-3.7438,0.067
53.463,229.0,3.0,0.0,3.9334,3.4356,-0.4978,0.117
53.473,229.0,3.0,0.0,3.9334,3.4356,-0.4978,0.08
53.483,229.0,3.0,0.0,3.9334,3.4356,-0.4978,0.026
53.493,229.0,3.0,0.0,3.9334,3.4356,-0.4978,0.098
53.503,229.0,3.0,0.0,3.9334,3.4353,-0.4981,0.01
53.513,229.0,3.0,0.0,3.9334,3.4346,-0.4988,0.131
53.523,229.0,3.0,0.0,3.9334,3.4346,-0.4988,0.102
53.533,229.0,3.0,0.0,3.9334,3.4346,-0.4988,0.064
53.543,229.0,3.0,0.0,3.9334,3.4346,-0.4988,-0.02
53.553,229.0,3.0,0.0,3.9334,3.4346,-0.4988,0.101
53.563,229.0,3.0,0.0,3.9334,3.4346,-0.4988,0.149
53.573,229.0,3.0,0.0,3.9334,3.4343,-0.4991,0.011
53.583,229.0,3.0,0.0,3.9334,3.4336,-0.4998,0.089
53.593,229.0,3.0,0.0,3.9334,3.4336,-0.4998,-0.017
53.603,229.0,3.0,0.0,3.9334,3.4336,-0.4998,-0.097
53.613,229.0,3.0,0.0,3.9334,3.4339,-0.4995,-0.002
53.623,229.0,3.0,0.0,3.9334,3.4343,-0.4991,0.017
53.633,229.0,3.0,0.0,3.9334,3.4339,-0.4995,-0.027
53.643,229.0,3.0,0.0,3.9334,3.4346,-0.4988,-0.006
53.653,229.0,3.0,0.0,3.9334,3.4349,-0.4985,0.072
53.663,229.0,3.0,0.0,3.9334,3.4356,-0.4978,0.03
53.673,229.0,3.0,0.0,3.9334,3.4353,-0.4981,0.045
53.683,229.0,3.0,0.0,3.9334,3.4346,-0.4988,0.024
53.693,229.0,3.0,0.0,3.9334,3.4346,-0.4988,0.091
53.703,229.0,3.0,0.0,3.9334,3.4349,-0.4985,0.103
53.713,229.0,3.0,0.0,3.9334,3.4356,-0.4978,0.081
53.723,229.0,3.0,0.0,3.9334,3.4356,-0.4978,0.051
53.733,229.0,3.0,0.0,3.9334,3.4356,-0.4978,0.027
53.743,229.0,3.0,0.0,3.9334,3.4356,-0.4978,0.081
53.753,229.0,3.0,0.0,3.9334,3.4353,-0.4981,-0.008
53.763,229.0,3.0,0.0,3.9334,3.4346,-0.4988,0.033
53.773,229.0,3.0,0.0,3.9334,3.4346,-0.4988,0.024
53.783,229.0,3.0,0.0,3.9334,3.4346,-0.4988,0.071
53.793,229.0,3.0,0.0,3.9334,3.4346,-0.4988,0.024
53.803,229.0,3.0,0.0,3.9334,3.434,-0.4994,-0.017
53.813,229.0,3.0,0.0,3.9334,3.4326,-0.5008,0.026
53.823,229.0,3.0,0.0,3.9334,3.4329,-0.5005,0.019
53.833,229.0,3.0,0.0,3.9334,3.4333,-0.5001,-0.073
53.843,229.0,3.0,0.0,3.9334,3.4326,-0.5008,-0.092
53.853,229.0,3.0,0.0,3.9334,3.4329,-0.5005,0.033
53.863,229.0,3.0,0.0,3.9334,3.4333,-0.5001,0.114
53.873,229.0,3.0,0.0,3.9334,3.4326,-0.5008,0.074
53.883,229.0,3.0,0.0,3.9334,3.4329,-0.5005,-0.007
53.893,229.0,3.0,0.0,3.9334,3.4336,-0.4998,-0.014
53.903,229.0,3.0,0.0,3.9334,3.4336,-0.4998,-0.023
53.913,229.0,3.0,0.0,3.9334,3.4336,-0.4998,0.094
53.923,229.0,3.0,0.0,3.9334,3.4333,-0.5001,0.025
53.933,229.0,3.0,0.0,3.9334,3.4326,-0.5008,0.011
53.943,229.0,3.0,0.0,3.9334,3.4329,-0.5005,0.07
53.953,229.0,3.0,0.0,3.9334,3.4339,-0.4995,-0.033
53.963,229.0,3.0,0.0,3.9334,3.4343,-0.4991,-0.033
53.973,229.0,3.0,0.0,3.9334,3.4339,-0.4995,0.006
53.983,229.0,3.0,0.0,3.9334,3.4346,-0.4988,0.088
53.993,229.0,3.0,0.0,3.9334,3.4346,-0.4988,0.04
54.003,229.0,3.0,0.0,3.9334,3.4349,-0.4985,0.009
54.013,229.0,3.0,0.0,3.9334,3.4353,-0.4981,0.122
54.023,229.0,3.0,0.0,3.9334,3.4346,-0.4988,0.175
54.033,229.0,3.0,0.0,3.9334,3.4349,-0.4985,0.011
54.043,229.0,3.0,0.0,3.9334,3.435,-0.4984,0.066
54.053,229.0,3.0,0.0,3.9334,3.4339,-0.4995,0.022
54.063,229.0,3.0,0.0,3.9334,3.4343,-0.4991,-0.024
54.073,229.0,3.0,0.0,3.9334,3.4336,-0.4998,-0.022
54.083,229.0,3.0,0.0,3.9334,3.4336,-0.4998,0.078
54.093,229.0,3.0,0.0,3.9334,3.4336,-0.4998,0.023
54.103,229.0,3.0,0.0,3.9334,3.4336,-0.4998,0.09
54.113,229.0,3.0,0.0,3.9334,3.4333,-0.5001,0.089
54.123,229.0,3.0,0.0,3.9334,3.4326,-0.5008,0.052
54.133,229.0,3.0,0.0,3.9334,3.4326,-0.5008,0.092
54.143,229.0,3.0,0.0,3.9334,3.4326,-0.5008,0.066
54.153,229.0,3.0,0.0,3.9334,3.4326,-0.5008,0.042
54.163,229.0,3.0,0.0,3.9334,3.4326,-0.5008,0.06
54.173,229.0,3.0,0.0,3.9334,3.4323,-0.5011,0.063
54.183,229.0,3.0,0.0,3.9334,3.4316,-0.5018,0.053
54.193,229.0,3.0,0.0,3.9334,3.4316,-0.5018,-0.054
54.203,229.0,3.0,0.0,3.9334,3.4316,-0.5018,-0.046
54.213,229.0,3.0,0.0,3.9334,3.4319,-0.5015,0.042
54.223,229.0,3.0,0.0,3.9334,3.4323,-0.5011,0.149
54.233,229.0,3.0,0.0,3.9334,3.4316,-0.5018,0.141
54.243,229.0,3.0,0.0,3.9334,3.4313,-0.5021,0.067
54.253,229.0,3.0,0.0,3.9334,3.4306,-0.5028,-0.016
54.263,229.0,3.0,0.0,3.9334,3.4306,-0.5028,-0.011
54.273,229.0,3.0,0.0,3.9334,3.4306,-0.5028,0.051
54.283,229.0,3.0,0.0,3.9334,3.4306,-0.5028,0.023
54.293,229.0,3.0,0.0,3.9334,3.4306,-0.5028,0.084
54.303,229.0,3.0,0.0,3.9334,3.4303,-0.5031,0.021
54.313,229.0,3.0,0.0,3.9334,3.4299,-0.5035,0.013
54.323,229.0,3.0,0.0,3.9334,3.4306,-0.5028,-0.033
54.333,229.0,3.0,0.0,3.9334,3.4306,-0.5028,-0.022
54.343,229.0,3.0,0.0,3.9334,3.4306,-0.5028,0.0
54.353,229.0,3.0,0.0,3.9334,3.4303,-0.5031,0.048
54.363,229.0,3.0,0.0,3.9334,3.4299,-0.5035,0.156
54.373,229.0,3.0,0.0,3.9334,3.43,-0.5034,0.116
54.383,229.0,3.0,0.0,3.9334,3.4292,-0.5042,0.025
54.393,229.0,3.0,0.0,3.9334,3.4303,-0.5031,-0.061
54.403,229.0,3.0,0.0,3.9334,3.4299,-0.5035,-0.027
54.413,229.0,3.0,0.0,3.9334,3.4306,-0.5028,0.176
54.423,229.0,3.0,0.0,3.9334,3.4306,-0.5028,0.096
54.433,229.0,3.0,0.0,3.9334,3.4306,-0.5028,0.107
54.443,229.0,3.0,0.0,3.9334,3.4303,-0.5031,0.071
54.453,229.0,3.0,0.0,3.9334,3.4299,-0.5035,0.007
54.463,229.0,3.0,0.0,3.9334,3.4303,-0.5031,0.168
54.473,229.0,3.0,0.0,3.9334,3.4299,-0.5035,0.146
54.483,229.0,3.0,0.0,3.9334,3.4303,-0.5031,0.117
54.493,229.0,3.0,0.0,3.9334,3.4296,-0.5038,-0.001
54.503,229.0,3.0,0.0,3.9334,3.4296,-0.5038,-0.07
54.513,229.0,3.0,0.0,3.9334,3.4305,-0.5029,0.013
54.523,229.0,3.0,0.0,3.9334,3.4326,-0.5008,0.011
54.533,229.0,3.0,0.0,3.9334,3.4326,-0.5008,0.142
54.543,229.0,3.0,0.0,3.9334,3.4323,-0.5011,0.166
54.553,229.0,3.0,0.0,3.9334,3.4316,-0.5018,0.044
54.563,229.0,3.0,0.0,3.9334,3.4319,-0.5015,0.038
54.573,229.0,3.0,0.0,3.9334,3.4326,-0.5008,0.09
54.583,229.0,3.0,0.0,3.9334,3.4326,-0.5008,0.043
54.593,229.0,3.0,0.0,3.9334,3.4329,-0.5005,0.126
54.603,229.0,3.0,0.0,3.9334,3.4333,-0.5001,0.081
54.613,229.0,3.0,0.0,3.9334,3.4329,-0.5005,0.046
54.623,229.0,3.0,0.0,3.9334,3.4333,-0.5001,0.011
54.633,229.0,3.0,0.0,3.9334,3.4323,-0.5011,0.073
54.643,229.0,3.0,0.0,3.9334,3.4316,-0.5018,0.032
54.653,229.0,3.0,0.0,3.9334,3.4316,-0.5018,0.125
54.663,229.0,3.0,0.0,3.9334,3.4313,-0.5021,0.057
54.673,229.0,3.0,0.0,3.9334,3.4306,-0.5028,-0.018
54.683,229.0,3.0,0.0,3.9334,3.4309,-0.5025,-0.055
54.693,229.0,3.0,0.0,3.9334,3.4316,-0.5018,-0.043
54.703,229.0,3.0,0.0,3.9334,3.4316,-0.5018,-0.012
54.713,229.0,3.0,0.0,3.9334,3.4316,-0.5018,0.104
54.723,229.0,3.0,0.0,3.9334,3.4316,-0.5018,0.095
54.733,229.0,3.0,0.0,3.9334,3.4313,-0.5021,0.09
54.743,229.0,3.0,0.0,3.9334,3.4312,-0.5022,0.014
54.753,229.0,3.0,0.0,3.9334,3.4323,-0.5011,0.082
54.763,229.0,3.0,0.0,3.9334,3.4319,-0.5015,0.136
54.773,229.0,3.0,0.0,3.9334,3.4326,-0.5008,0.037
54.783,197.0,0.0,8.0,10.8582,3.5585,-7.2997,-0.05
54.793,197.0,0.0,8.0,10.8582,4.0774,-6.7808,-0.011
54.803,197.0,0.0,8.0,10.8582,4.8444,-6.0138,0.043
54.813,197.0,0.0,8.0,10.8582,5.6685,-5.1897,0.116
54.823,197.0,0.0,8.0,10.8582,6.5322,-4.326,0.087
54.833,197.0,0.0,8.0,10.8582,7.387,-3.4712,0.182
54.843,197.0,0.0,8.0,10.8582,8.2564,-2.6018,0.168
54.853,197.0,0.0,8.0,10.8582,9.1413,-1.7169,0.098
54.863,197.0,0.0,8.0,10.8582,10.0266,-0.8316,0.02
54.873,197.0,0.0,8.0,10.8582,10.8861,0.0279,-0.057
54.883,197.0,0.0,8.0,10.8582,11.7692,0.911,0.029
54.893,197.0,0.0,8.0,10.8582,12.6682,1.81,0.093
54.903,197.0,0.0,8.0,10.8582,13.5671,2.7089,0.028
54.913,197.0,0.0,8.0,10.8582,14.4479,3.5897,-0.064
54.923,197.0,0.0,8.0,10.8582,15.341,4.4828,-0.023
54.933,197.0,0.0,8.0,10.8582,16.2088,5.3506,-0.026
54.943,197.0,0.0,8.0,10.8582,17.0784,6.2202,0.128
54.953,197.0,0.0,8.0,10.8582,17.9363,7.0781,0.002
54.963,197.0,0.0,8.0,10.8582,18.7989,7.9407,0.002
54.973,197.0,0.0,8.0,10.8582,19.678,8.8198,0.056
54.983,197.0,0.0,8.0,10.8582,20.5491,9.6909,0.019
54.993,197.0,0.0,8.0,10.8582,21.4399,10.5817,0.02
55.003,197.0,0.0,8.0,10.8582,22.315,11.4568,-0.028
55.013,197.0,0.0,8.0,10.8582,23.1791,12.3209,0.131
55.023,99.0,0.0,9.0,32.0654,24.0553,-8.0101,0.141
55.033,99.0,0.0,9.0,32.0654,24.9137,-7.1517,-0.007
55.043,99.0,0.0,9.0,32.0654,25.8407,-6.2247,0.011
55.053,99.0,0.0,9.0,32.0654,26.8639,-5.2015,0.039
55.063,99.0,0.0,9.0,32.0654,27.7637,-4.3017,0.144
55.073,99.0,0.0,9.0,32.0654,28.6478,-3.4176,0.12
55.083,99.0,0.0,9.0,32.0654,29.5139,-2.5515,-0.012
55.093,99.0,0.0,9.0,32.0654,30.3912,-1.6742,-0.035
55.103,99.0,0.0,9.0,32.0654,31.2629,-0.8025,-0.104
55.113,99.0,0.0,9.0,32.0654,32.1522,0.0868,-0.057
55.123,99.0,0.0,9.0,32.0654,33.0482,0.9828,-0.01
55.133,99.0,0.0,9.0,32.0654,33.9251,1.8597,-0.032
55.143,99.0,0.0,9.0,32.0654,34.8111,2.7457,-0.038
55.153,99.0,0.0,9.0,32.0654,35.6815,3.6161,0.005
55.163,99.0,0.0,9.0,32.0654,36.5487,4.4833,0.105
55.173,99.0,0.0,9.0,32.0654,37.409,5.3436,0.048
55.183,99.0,0.0,9.0,32.0654,38.27,6.2046,0.068
55.193,99.0,0.0,9.0,32.0654,39.1857,7.1203,0.064
55.203,99.0,0.0,9.0,32.0654,40.0773,8.0119,-0.024
55.213,99.0,0.0,9.0,32.0654,40.9528,8.8874,0.037
55.223,99.0,0.0,9.0,32.0654,41.82,9.7546,-0.001
55.233,99.0,0.0,9.0,32.0654,42.6918,10.6264,-0.065
55.243,99.0,0.0,9.0,32.0654,43.5528,11.4874,0.038
55.253,99.0,0.0,9.0,32.0654,44.4358,12.3704,-0.004
55.263,99.0,0.0,9.0,32.0654,45.3184,13.253,-0.005
55.273,4.0,0.0,6.0,52.6234,46.2146,-6.4088,0.082
55.283,4.0,0.0,6.0,52.6234,47.1183,-5.5051,0.053
55.293,4.0,0.0,6.0,52.6234,47.9876,-4.6358,0.045
55.303,4.0,0.0,6.0,52.6234,48.8739,-3.7495,0.034
55.313,4.0,0.0,6.0,52.6234,49.7419,-2.8815,0.07
55.323,4.0,0.0,6.0,52.6234,50.6121,-2.0113,0.001
55.333,4.0,0.0,6.0,52.6234,51.482,-1.1414,0.095
55.343,4.0,0.0,6.0,52.6234,52.2281,-0.3953,0.076
55.353,4.0,0.0,6.0,52.6234,52.5753,-0.0481,-0.006
55.363,4.0,0.0,6.0,52.6234,52.661,0.0376,0.107
55.373,4.0,0.0,6.0,52.6234,52.6627,0.0393,0.124
55.383,4.0,0.0,6.0,52.6234,52.6643,0.0409,0.131
55.393,4.0,0.0,6.0,52.6234,52.6665,0.0431,0.089
55.403,4.0,0.0,6.0,52.6234,52.6668,0.0434,-0.042
55.413,4.0,0.0,6.0,52.6234,52.6678,0.0444,0.11
55.423,4.0,0.0,6.0,52.6234,52.6685,0.0451,0.06
55.433,4.0,0.0,6.0,52.6234,52.6685,0.0451,0.077
55.443,4.0,0.0,6.0,52.6234,52.6688,0.0454,0.14
55.453,4.0,0.0,6.0,52.6234,52.6698,0.0464,0.086
55.463,4.0,0.0,6.0,52.6234,52.6708,0.0474,0.037
55.473,4.0,0.0,6.0,52.6234,52.6718,0.0484,0.126
55.483,4.0,0.0,6.0,52.6234,52.6725,0.0491,0.048
55.493,4.0,0.0,6.0,52.6234,52.6732,0.0498,0.048
55.503,4.0,0.0,6.0,52.6234,52.6746,0.0512,0.049
55.513,3.0,3.0,0.0,52.8398,52.6746,-0.1652,0.063
55.523,3.0,3.0,0.0,52.8398,52.6752,-0.1646,0.049
55.533,3.0,3.0,0.0,52.8398,52.6769,-0.1629,-0.021
55.543,3.0,3.0,0.0,52.8398,52.6782,-0.1616,0.052
55.553,3.0,3.0,0.0,52.8398,52.6799,-0.1599,0.014
55.563,3.0,3.0,0.0,52.8398,52.681,-0.1588,0.043
55.573,3.0,3.0,0.0,52.8398,52.6823,-0.1575,-0.004
55.583,3.0,3.0,0.0,52.8398,52.684,-0.1558,0.101
55.593,3.0,3.0,0.0,52.8398,52.6853,-0.1545,0.059
55.603,3.0,3.0,0.0,52.8398,52.6867,-0.1531,-0.037
55.613,3.0,3.0,0.0,52.8398,52.6876,-0.1522,0.028
55.623,3.0,3.0,0.0,52.8398,52.6904,-0.1494,0.046
55.633,3.0,3.0,0.0,52.8398,52.6921,-0.1477,0.06
55.643,3.0,3.0,0.0,52.8398,52.6934,-0.1464,0.007
55.653,3.0,3.0,0.0,52.8398,52.6954,-0.1444,0.181
55.663,3.0,3.0,0.0,52.8398,52.6969,-0.1429,0.135
55.673,3.0,3.0,0.0,52.8398,52.6969,-0.1429,-0.006
55.683,3.0,3.0,0.0,52.8398,52.6972,-0.1426,-0.015
55.693,3.0,3.0,0.0,52.8398,52.6979,-0.1419,-0.016
55.703,3.0,3.0,0.0,52.8398,52.6982,-0.1416,-0.026
55.713,3.0,3.0,0.0,52.8398,52.6986,-0.1412,-0.01
55.723,3.0,3.0,0.0,52.8398,52.6982,-0.1416,0.109
55.733,3.0,3.0,0.0,52.8398,52.6986,-0.1412,0.187
55.743,3.0,3.0,0.0,52.8398,52.6982,-0.1416,0.143
55.753,3.0,3.0,0.0,52.8398,52.6989,-0.1409,-0.006
55.763,3.0,3.0,0.0,52.8398,52.6986,-0.1412,-0.009
55.773,3.0,3.0,0.0,52.8398,52.6979,-0.1419,-0.037
55.783,3.0,3.0,0.0,52.8398,52.6982,-0.1416,0.031
55.793,3.0,3.0,0.0,52.8398,52.6986,-0.1412,0.056
55.803,3.0,3.0,0.0,52.8398,52.6979,-0.1419,0.093
55.813,3.0,3.0,0.0,52.8398,52.6979,-0.1419,0.072
55.823,3.0,3.0,0.0,52.8398,52.6982,-0.1416,0.041
55.833,3.0,3.0,0.0,52.8398,52.6986,-0.1412,-0.08
55.843,3.0,3.0,0.0,52.8398,52.6982,-0.1416,0.079
55.853,3.0,3.0,0.0,52.8398,52.6986,-0.1412,0.011
55.863,3.0,3.0,0.0,52.8398,52.6979,-0.1419,0.004
55.873,3.0,3.0,0.0,52.8398,52.6979,-0.1419,-0.035
55.883,3.0,3.0,0.0,52.8398,52.6976,-0.1422,0.037
55.893,3.0,3.0,0.0,52.8398,52.6972,-0.1426,0.024
55.903,3.0,3.0,0.0,52.8398,52.6979,-0.1419,0.02
55.913,3.0,3.0,0.0,52.8398,52.6979,-0.1419,0.154
55.923,3.0,3.0,0.0,52.8398,52.6979,-0.1419,0.119
55.933,3.0,3.0,0.0,52.8398,52.6976,-0.1422,0.013
55.943,3.0,3.0,0.0,52.8398,52.6969,-0.1429,0.066
55.953,3.0,3.0,0.0,52.8398,52.6975,-0.1423,0.042
55.963,3.0,3.0,0.0,52.8398,52.6986,-0.1412,0.05
55.973,3.0,3.0,0.0,52.8398,52.6979,-0.1419,0.007
55.983,3.0,3.0,0.0,52.8398,52.6979,-0.1419,-0.04
55.993,3.0,3.0,0.0,52.8398,52.6979,-0.1419,-0.063
56.003,3.0,3.0,0.0,52.8398,52.6979,-0.1419,0.04
56.013,3.0,3.0,0.0,52.8398,52.6979,-0.1419,0.072
56.023,3.0,3.0,0.0,52.8398,52.6979,-0.1419,0.021
56.033,3.0,3.0,0.0,52.8398,52.6976,-0.1422,0.051
56.043,3.0,3.0,0.0,52.8398,52.6969,-0.1429,0.087
56.053,3.0,3.0,0.0,52.8398,52.6969,-0.1429,0.045
56.063,3.0,3.0,0.0,52.8398,52.6969,-0.1429,-0.015
56.073,3.0,3.0,0.0,52.8398,52.6969,-0.1429,0.033
56.083,3.0,3.0,0.0,52.8398,52.6969,-0.1429,0.172
56.093,3.0,3.0,0.0,52.8398,52.6969,-0.1429,0.034
56.103,3.0,3.0,0.0,52.8398,52.6969,-0.1429,0.023
56.113,3.0,3.0,0.0,52.8398,52.6969,-0.1429,0.104
56.123,3.0,3.0,0.0,52.8398,52.6969,-0.1429,0.107
56.133,3.0,3.0,0.0,52.8398,52.6969,-0.1429,-0.011
56.143,3.0,3.0,0.0,52.8398,52.6969,-0.1429,-0.004
56.153,3.0,3.0,0.0,52.8398,52.6969,-0.1429,-0.016
56.163,3.0,3.0,0.0,52.8398,52.6969,-0.1429,-0.026
56.173,3.0,3.0,0.0,52.8398,52.6969,-0.1429,-0.0
56.183,3.0,3.0,0.0,52.8398,52.6969,-0.1429,0.079
56.193,3.0,3.0,0.0,52.8398,52.6972,-0.1426,-0.044
56.203,3.0,3.0,0.0,52.8398,52.6979,-0.1419,-0.092
56.213,3.0,3.0,0.0,52.8398,52.6982,-0.1416,0.042
56.223,3.0,3.0,0.0,52.8398,52.6986,-0.1412,0.049
56.233,3.0,3.0,0.0,52.8398,52.6982,-0.1416,0.034
56.243,3.0,3.0,0.0,52.8398,52.6989,-0.1409,0.09
56.253,3.0,3.0,0.0,52.8398,52.6989,-0.1409,0.103
56.263,3.0,3.0,0.0,52.8398,52.6989,-0.1409,0.053
56.273,3.0,3.0,0.0,52.8398,52.6992,-0.1406,-0.002
56.283,3.0,3.0,0.0,52.8398,52.6999,-0.1399,0.037
56.293,3.0,3.0,0.0,52.8398,52.6999,-0.1399,0.058
56.303,3.0,3.0,0.0,52.8398,52.6996,-0.1402,0.066
56.313,3.0,3.0,0.0,52.8398,52.6989,-0.1409,0.061
56.323,3.0,3.0,0.0,52.8398,52.6992,-0.1406,0.066
56.333,3.0,3.0,0.0,52.8398,52.6932,-0.1466,-0.047
56.343,57.0,0.0,54.0,41.1542,52.4654,11.3112,0.013
56.353,57.0,0.0,54.0,41.1542,51.5459,10.3917,0.016
56.363,57.0,0.0,54.0,41.1542,50.1187,8.9645,0.114
56.373,57.0,0.0,54.0,41.1542,48.6504,7.4962,0.095
56.383,57.0,0.0,54.0,41.1542,47.1533,5.9991,0.08
56.393,57.0,0.0,54.0,41.1542,45.6552,4.501,0.044
56.403,57.0,0.0,54.0,41.1542,44.1537,2.9995,0.167
56.413,57.0,0.0,54.0,41.1542,42.7695,1.6153,0.066
56.423,57.0,0.0,54.0,41.1542,41.9446,0.7904,0.131
56.433,57.0,0.0,54.0,41.1542,41.7541,0.5999,0.078
56.443,57.0,0.0,54.0,41.1542,41.6282,0.474,0.003
56.453,57.0,0.0,54.0,41.1542,41.6338,0.4796,-0.055
56.463,57.0,0.0,54.0,41.1542,41.6338,0.4796,0.007
56.473,57.0,0.0,54.0,41.1542,41.6335,0.4793,0.107
56.483,57.0,0.0,54.0,41.1542,41.6328,0.4786,0.072
56.493,57.0,0.0,54.0,41.1542,41.6322,0.478,-0.026
56.503,57.0,0.0,54.0,41.1542,41.6302,0.476,0.025
56.513,57.0,0.0,54.0,41.1542,41.6288,0.4746,-0.031
56.523,57.0,0.0,54.0,41.1542,41.6285,0.4743,0.063
56.533,57.0,0.0,54.0,41.1542,41.6271,0.4729,0.078
56.543,57.0,0.0,54.0,41.1542,41.6257,0.4715,0.032
56.553,57.0,0.0,54.0,41.1542,41.6251,0.4709,0.026
56.563,57.0,0.0,54.0,41.1542,41.624,0.4698,0.001
56.573,57.0,0.0,54.0,41.1542,41.6247,0.4705,-0.004
56.583,57.0,3.0,0.0,41.1542,41.6244,0.4702,0.098
56.593,57.0,3.0,0.0,41.1542,41.6237,0.4695,0.133
56.603,57.0,3.0,0.0,41.1542,41.6234,0.4692,0.075
56.613,57.0,3.0,0.0,41.1542,41.6227,0.4685,0.181
56.623,57.0,3.0,0.0,41.1542,41.6224,0.4682,0.202
56.633,57.0,3.0,0.0,41.1542,41.6217,0.4675,0.201
56.643,57.0,3.0,0.0,41.1542,41.6214,0.4672,0.101
56.653,57.0,3.0,0.0,41.1542,41.6207,0.4665,0.019
56.663,57.0,3.0,0.0,41.1542,41.621,0.4668,0.065
56.673,57.0,3.0,0.0,41.1542,41.6217,0.4675,0.079
56.683,57.0,3.0,0.0,41.1542,41.6214,0.4672,0.099
56.693,57.0,3.0,0.0,41.1542,41.6207,0.4665,0.055
56.703,57.0,3.0,0.0,41.1542,41.6207,0.4665,0.037
56.713,57.0,3.0,0.0,41.1542,41.621,0.4668,0.034
56.723,57.0,3.0,0.0,41.1542,41.6214,0.4672,0.014
56.733,57.0,3.0,0.0,41.1542,41.6207,0.4665,0.053
56.743,57.0,3.0,0.0,41.1542,41.6207,0.4665,0.088
56.753,57.0,3.0,0.0,41.1542,41.6204,0.4662,0.092
56.763,57.0,3.0,0.0,41.1542,41.6196,0.4654,-0.032
56.773,57.0,3.0,0.0,41.1542,41.6193,0.4651,-0.037
56.783,57.0,3.0,0.0,41.1542,41.6186,0.4644,0.014
56.793,57.0,3.0,0.0,41.1542,41.6186,0.4644,0.128
56.803,57.0,3.0,0.0,41.1542,41.6186,0.4644,0.077
56.813,57.0,3.0,0.0,41.1542,41.6183,0.4641,0.106
56.823,57.0,3.0,0.0,41.1542,41.6179,0.4637,0.035
56.833,57.0,3.0,0.0,41.1542,41.6186,0.4644,0.075
56.843,57.0,3.0,0.0,41.1542,41.6186,0.4644,0.068
56.853,57.0,3.0,0.0,41.1542,41.6189,0.4647,0.06
56.863,57.0,3.0,0.0,41.1542,41.6193,0.4651,0.059
56.873,57.0,3.0,0.0,41.1542,41.6189,0.4647,0.127
56.883,57.0,3.0,0.0,41.1542,41.6193,0.4651,0.068
56.893,57.0,3.0,0.0,41.1542,41.6186,0.4644,0.07
56.903,57.0,3.0,0.0,41.1542,41.6183,0.4641,0.007
56.913,57.0,3.0,0.0,41.1542,41.6179,0.4637,0.039
56.923,57.0,3.0,0.0,41.1542,41.6186,0.4644,-0.078
56.933,57.0,3.0,0.0,41.1542,41.6183,0.4641,-0.003
56.943,57.0,3.0,0.0,41.1542,41.6173,0.4631,0.045
56.953,57.0,3.0,0.0,41.1542,41.6166,0.4624,0.024
56.963,57.0,3.0,0.0,41.1542,41.6166,0.4624,0.09
56.973,57.0,3.0,0.0,41.1542,41.6163,0.4621,0.064
56.983,57.0,3.0,0.0,41.1542,41.6156,0.4614,-0.024
56.993,57.0,3.0,0.0,41.1542,41.6159,0.4617,0.017
57.003,57.0,3.0,0.0,41.1542,41.6166,0.4624,0.041
57.013,57.0,3.0,0.0,41.1542,41.6166,0.4624,0.163
57.023,57.0,3.0,0.0,41.1542,41.6169,0.4627,0.105
57.033,57.0,3.0,0.0,41.1542,41.6173,0.4631,0.034
57.043,57.0,3.0,0.0,41.1542,41.6166,0.4624,-0.0
57.053,57.0,3.0,0.0,41.1542,41.6169,0.4627,0.057
57.063,57.0,3.0,0.0,41.1542,41.6173,0.4631,0.126
57.073,57.0,3.0,0.0,41.1542,41.6166,0.4624,-0.028
57.083,57.0,3.0,0.0,41.1542,41.6166,0.4624,0.002
57.093,57.0,3.0,0.0,41.1542,41.6166,0.4624,0.029
57.103,57.0,3.0,0.0,41.1542,41.6166,0.4624,-0.036
57.113,57.0,3.0,0.0,41.1542,41.6163,0.4621,-0.046
57.123,57.0,3.0,0.0,41.1542,41.6159,0.4617,0.015
57.133,57.0,3.0,0.0,41.1542,41.6169,0.4627,-0.027
57.143,57.0,3.0,0.0,41.1542,41.6176,0.4634,0.013
57.153,57.0,3.0,0.0,41.1542,41.6176,0.4634,0.08
57.163,57.0,3.0,0.0,41.1542,41.6173,0.4631,0.046
57.173,57.0,3.0,0.0,41.1542,41.6166,0.4624,-0.013
57.183,57.0,3.0,0.0,41.1542,41.6166,0.4624,0.008
57.193,57.0,3.0,0.0,41.1542,41.6163,0.4621,-0.005
57.203,57.0,3.0,0.0,41.1542,41.6156,0.4614,0.107
57.213,57.0,3.0,0.0,41.1542,41.6156,0.4614,0.129
57.223,57.0,3.0,0.0,41.1542,41.6156,0.4614,0.081
57.233,57.0,3.0,0.0,41.1542,41.6153,0.4611,-0.041
57.243,57.0,3.0,0.0,41.1542,41.6149,0.4607,-0.04
57.253,57.0,3.0,0.0,41.1542,41.6153,0.4611,0.07
57.263,57.0,3.0,0.0,41.1542,41.6146,0.4604,0.126
57.273,57.0,3.0,0.0,41.1542,41.6146,0.4604,-0.004
57.283,57.0,3.0,0.0,41.1542,41.6146,0.4604,0.064
57.293,57.0,3.0,0.0,41.1542,41.6146,0.4604,0.002
57.303,57.0,3.0,0.0,41.1542,41.6146,0.4604,-0.11
57.313,57.0,3.0,0.0,41.1542,41.6149,0.4607,0.016
57.323,57.0,3.0,0.0,41.1542,41.6156,0.4614,0.09
57.333,57.0,3.0,0.0,41.1542,41.6156,0.4614,0.043
57.343,57.0,3.0,0.0,41.1542,41.6153,0.4611,0.106
57.353,57.0,3.0,0.0,41.1542,41.6149,0.4607,0.021
57.363,57.0,3.0,0.0,41.1542,41.6153,0.4611,0.047
57.373,57.0,3.0,0.0,41.1542,41.6146,0.4604,0.109
57.383,57.0,3.0,0.0,41.1542,41.6146,0.4604,0.124
57.393,57.0,3.0,0.0,41.1542,41.6146,0.4604,-0.001
57.403,57.0,3.0,0.0,41.1542,41.6146,0.4604,0.018
57.413,57.0,3.0,0.0,41.1542,41.6146,0.4604,0.069
57.423,57.0,3.0,0.0,41.1542,41.6146,0.4604,0.051
57.433,57.0,3.0,0.0,41.1542,41.6146,0.4604,0.002
57.443,57.0,3.0,0.0,41.1542,41.6149,0.4607,-0.005
57.453,57.0,3.0,0.0,41.1542,41.6153,0.4611,-0.043
57.463,57.0,3.0,0.0,41.1542,41.6149,0.4607,0.141
57.473,57.0,3.0,0.0,41.1542,41.6153,0.4611,0.102
57.483,57.0,3.0,0.0,41.1542,41.6146,0.4604,0.084
57.493,57.0,3.0,0.0,41.1542,41.6149,0.4607,0.006
57.503,57.0,3.0,0.0,41.1542,41.6153,0.4611,-0.007
57.513,57.0,3.0,0.0,41.1542,41.6149,0.4607,-0.009
57.523,57.0,3.0,0.0,41.1542,41.6156,0.4614,-0.046
57.533,57.0,3.0,0.0,41.1542,41.6153,0.4611,0.028
57.543,57.0,3.0,0.0,41.1542,41.6146,0.4604,0.072
57.553,57.0,3.0,0.0,41.1542,41.6146,0.4604,0.044
57.563,57.0,3.0,0.0,41.1542,41.6143,0.4601,0.098
57.573,57.0,3.0,0.0,41.1542,41.6136,0.4594,0.045
57.583,57.0,3.0,0.0,41.1542,41.6136,0.4594,-0.014
57.593,57.0,3.0,0.0,41.1542,41.6136,0.4594,-0.038
57.603,57.0,3.0,0.0,41.1542,41.6136,0.4594,0.051
57.613,57.0,3.0,0.0,41.1542,41.6136,0.4594,0.156
57.623,57.0,3.0,0.0,41.1542,41.6136,0.4594,0.017
57.633,57.0,3.0,0.0,41.1542,41.6136,0.4594,0.026
57.643,57.0,3.0,0.0,41.1542,41.6136,0.4594,0.154
57.653,57.0,3.0,0.0,41.1542,41.6133,0.4591,0.167
57.663,57.0,3.0,0.0,41.1542,41.6126,0.4584,0.065
57.673,57.0,3.0,0.0,41.1542,41.6126,0.4584,0.046
57.683,57.0,3.0,0.0,41.1542,41.6129,0.4587,0.025
57.693,57.0,3.0,0.0,41.1542,41.6133,0.4591,0.067
57.703,57.0,3.0,0.0,41.1542,41.6129,0.4587,0.032
57.713,57.0,3.0,0.0,41.1542,41.6133,0.4591,0.061
57.723,57.0,3.0,0.0,41.1542,41.6126,0.4584,0.14
57.733,57.0,3.0,0.0,41.1542,41.6126,0.4584,0.177
57.743,57.0,3.0,0.0,41.1542,41.6126,0.4584,0.068
57.753,57.0,3.0,0.0,41.1542,41.6126,0.4584,-0.173
57.763,57.0,3.0,0.0,41.1542,41.6126,0.4584,0.063
57.773,57.0,3.0,0.0,41.1542,41.6126,0.4584,0.047
57.783,57.0,3.0,0.0,41.1542,41.6126,0.4584,-0.05
57.793,57.0,3.0,0.0,41.1542,41.6126,0.4584,0.109
57.803,57.0,3.0,0.0,41.1542,41.6126,0.4584,-0.02
57.813,57.0,3.0,0.0,41.1542,41.6126,0.4584,0.023
57.823,57.0,3.0,0.0,41.1542,41.6123,0.4581,-0.018
57.833,57.0,3.0,0.0,41.1542,41.6118,0.4576,0.017
57.843,57.0,3.0,0.0,41.1542,41.6123,0.4581,-0.003
57.853,57.0,3.0,0.0,41.1542,41.6115,0.4573,-0.015
57.863,57.0,3.0,0.0,41.1542,41.6115,0.4573,0.051
57.873,57.0,3.0,0.0,41.1542,41.6118,0.4576,0.035
57.883,57.0,3.0,0.0,41.1542,41.6123,0.4581,0.095
57.893,57.0,3.0,0.0,41.1542,41.6122,0.458,0.077
57.903,20.0,0.0,9.0,49.161,41.6856,-7.4754,0.015
57.913,20.0,0.0,9.0,49.161,42.0231,-7.1379,0.153
57.923,20.0,0.0,9.0,49.161,42.6629,-6.4981,0.104
57.933,20.0,0.0,9.0,49.161,43.4942,-5.6668,0.037
57.943,20.0,0.0,9.0,49.161,44.3559,-4.8051,-0.005
57.953,20.0,0.0,9.0,49.161,45.2083,-3.9527,0.019
57.963,20.0,0.0,9.0,49.161,46.0768,-3.0842,0.167
57.973,20.0,0.0,9.0,49.161,46.9673,-2.1937,0.072
57.983,20.0,0.0,9.0,49.161,47.8645,-1.2965,-0.058
57.993,20.0,0.0,9.0,49.161,48.734,-0.427,0.022
58.003,20.0,0.0,9.0,49.161,49.6053,0.4443,-0.005
58.013,20.0,0.0,9.0,49.161,50.4699,1.3089,0.008
58.023,20.0,0.0,9.0,49.161,51.3226,2.1616,0.064
58.033,20.0,0.0,9.0,49.161,52.1243,2.9633,0.045
58.043,20.0,0.0,9.0,49.161,52.5828,3.4218,0.019
58.053,20.0,0.0,9.0,49.161,52.6642,3.5032,0.055
58.063,20.0,0.0,9.0,49.161,52.6762,3.5152,0.047
58.073,20.0,0.0,9.0,49.161,52.6776,3.5166,0.09
58.083,20.0,0.0,9.0,49.161,52.6782,3.5172,0.123
58.093,20.0,0.0,9.0,49.161,52.6799,3.5189,0.043
58.103,20.0,0.0,9.0,49.161,52.6807,3.5197,-0.098
58.113,20.0,0.0,9.0,49.161,52.681,3.52,0.056
58.123,20.0,0.0,9.0,49.161,52.6817,3.5207,-0.08
58.133,20.0,0.0,9.0,49.161,52.682,3.521,-0.049
58.143,20.0,0.0,9.0,49.161,52.683,3.522,-0.118
58.153,3.0,3.0,0.0,52.8398,52.684,-0.1558,-0.021
58.163,3.0,3.0,0.0,52.8398,52.685,-0.1548,0.035
58.173,3.0,3.0,0.0,52.8398,52.686,-0.1538,0.13
58.183,3.0,3.0,0.0,52.8398,52.687,-0.1528,0.022
58.193,3.0,3.0,0.0,52.8398,52.688,-0.1518,0.098
58.203,3.0,3.0,0.0,52.8398,52.6888,-0.151,0.103
58.213,3.0,3.0,0.0,52.8398,52.6891,-0.1507,0.136
58.223,3.0,3.0,0.0,52.8398,52.6904,-0.1494,0.024
58.233,3.0,3.0,0.0,52.8398,52.6921,-0.1477,0.06
58.243,3.0,3.0,0.0,52.8398,52.6928,-0.147,0.025
58.253,3.0,3.0,0.0,52.8398,52.6931,-0.1467,0.091
58.263,3.0,3.0,0.0,52.8398,52.6941,-0.1457,0.102
58.273,3.0,3.0,0.0,52.8398,52.6951,-0.1447,-0.069
58.283,3.0,3.0,0.0,52.8398,52.6962,-0.1436,0.043
58.293,3.0,3.0,0.0,52.8398,52.6975,-0.1423,0.064
58.303,3.0,3.0,0.0,52.8398,52.6989,-0.1409,0.078
58.313,3.0,3.0,0.0,52.8398,52.6992,-0.1406,0.088
58.323,3.0,3.0,0.0,52.8398,52.7002,-0.1396,0.051
58.333,3.0,3.0,0.0,52.8398,52.7012,-0.1386,0.073
58.343,3.0,3.0,0.0,52.8398,52.7019,-0.1379,-0.009
58.353,3.0,3.0,0.0,52.8398,52.7019,-0.1379,-0.022
58.363,3.0,3.0,0.0,52.8398,52.7019,-0.1379,0.07
58.373,3.0,3.0,0.0,52.8398,52.7022,-0.1376,0.062
58.383,3.0,3.0,0.0,52.8398,52.7026,-0.1372,0.072
58.393,3.0,3.0,0.0,52.8398,52.7019,-0.1379,0.03
58.403,3.0,3.0,0.0,52.8398,52.7022,-0.1376,0.069
58.413,3.0,3.0,0.0,52.8398,52.7029,-0.1369,0.07
58.423,3.0,3.0,0.0,52.8398,52.7032,-0.1366,0.024
58.433,3.0,3.0,0.0,52.8398,52.7037,-0.1361,-0.013
58.443,3.0,3.0,0.0,52.8398,52.7029,-0.1369,0.038
58.453,3.0,3.0,0.0,52.8398,52.7032,-0.1366,0.083
58.463,3.0,3.0,0.0,52.8398,52.7037,-0.1361,0.122
58.473,3.0,3.0,0.0,52.8398,52.7032,-0.1366,0.018
58.483,3.0,3.0,0.0,52.8398,52.704,-0.1358,0.013
58.493,3.0,3.0,0.0,52.8398,52.7037,-0.1361,0.052
58.503,3.0,3.0,0.0,52.8398,52.7029,-0.1369,0.032
58.513,3.0,3.0,0.0,52.8398,52.7032,-0.1366,0.095
58.523,3.0,3.0,0.0,52.8398,52.704,-0.1358,-0.013
58.533,3.0,3.0,0.0,52.8398,52.704,-0.1358,0.004
58.543,3.0,3.0,0.0,52.8398,52.704,-0.1358,0.03
58.553,3.0,3.0,0.0,52.8398,52.704,-0.1358,0.064
58.563,3.0,3.0,0.0,52.8398,52.704,-0.1358,0.06
58.573,3.0,3.0,0.0,52.8398,52.704,-0.1358,0.053
58.583,3.0,3.0,0.0,52.8398,52.7037,-0.1361,0.059
58.593,3.0,3.0,0.0,52.8398,52.7032,-0.1366,0.033
58.603,3.0,3.0,0.0,52.8398,52.7037,-0.1361,0.049
58.613,3.0,3.0,0.0,52.8398,52.7032,-0.1366,0.137
58.623,3.0,3.0,0.0,52.8398,52.704,-0.1358,0.104
58.633,3.0,3.0,0.0,52.8398,52.7037,-0.1361,0.142
58.643,3.0,3.0,0.0,52.8398,52.7032,-0.1366,0.019
58.653,3.0,3.0,0.0,52.8398,52.7037,-0.1361,-0.171
58.663,3.0,3.0,0.0,52.8398,52.7029,-0.1369,-0.121
58.673,3.0,3.0,0.0,52.8398,52.7029,-0.1369,0.038
58.683,3.0,3.0,0.0,52.8398,52.7032,-0.1366,0.059
58.693,3.0,3.0,0.0,52.8398,52.7037,-0.1361,0.137
58.703,3.0,3.0,0.0,52.8398,52.7032,-0.1366,0.047
58.713,3.0,3.0,0.0,52.8398,52.704,-0.1358,-0.008
58.723,3.0,3.0,0.0,52.8398,52.704,-0.1358,0.077
58.733,3.0,3.0,0.0,52.8398,52.7037,-0.1361,0.101
58.743,3.0,3.0,0.0,52.8398,52.7032,-0.1366,0.029
58.753,3.0,3.0,0.0,52.8398,52.704,-0.1358,0.091
58.763,3.0,3.0,0.0,52.8398,52.7043,-0.1355,0.065
58.773,3.0,3.0,0.0,52.8398,52.7047,-0.1351,-0.002
58.783,3.0,3.0,0.0,52.8398,52.704,-0.1358,-0.077
58.793,3.0,3.0,0.0,52.8398,52.704,-0.1358,-0.041
58.803,3.0,3.0,0.0,52.8398,52.704,-0.1358,0.03
58.813,3.0,3.0,0.0,52.8398,52.704,-0.1358,0.04
58.823,3.0,3.0,0.0,52.8398,52.704,-0.1358,-0.006
58.833,3.0,3.0,0.0,52.8398,52.704,-0.1358,0.045
58.843,3.0,3.0,0.0,52.8398,52.704,-0.1358,0.099
58.853,3.0,3.0,0.0,52.8398,52.704,-0.1358,0.055
58.863,3.0,3.0,0.0,52.8398,52.7043,-0.1355,-0.011
58.873,3.0,3.0,0.0,52.8398,52.7047,-0.1351,-0.099
58.883,3.0,3.0,0.0,52.8398,52.704,-0.1358,-0.026
58.893,3.0,3.0,0.0,52.8398,52.704,-0.1358,-0.004
58.903,3.0,3.0,0.0,52.8398,52.704,-0.1358,-0.08
58.913,3.0,3.0,0.0,52.8398,52.7043,-0.1355,0.079
58.923,3.0,3.0,0.0,52.8398,52.705,-0.1348,0.063
58.933,3.0,3.0,0.0,52.8398,52.7044,-0.1354,0.195
58.943,3.0,3.0,0.0,52.8398,52.7032,-0.1366,0.112
58.953,3.0,3.0,0.0,52.8398,52.704,-0.1358,0.013
58.963,3.0,3.0,0.0,52.8398,52.7034,-0.1364,0.03
58.973,3.0,3.0,0.0,52.8398,52.6186,-0.2212,-0.001
58.983,57.0,0.0,41.0,41.1542,52.026,10.8718,0.037
58.993,57.0,0.0,41.0,41.1542,50.666,9.5118,0.039
59.003,57.0,0.0,41.0,41.1542,49.2188,8.0646,0.055
59.013,57.0,0.0,41.0,41.1542,47.7298,6.5756,0.078
59.023,57.0,0.0,41.0,41.1542,46.201,5.0468,-0.028
59.033,57.0,0.0,41.0,41.1542,44.6914,3.5372,0.062
59.043,57.0,0.0,41.0,41.1542,43.2564,2.1022,-0.035
59.053,57.0,0.0,41.0,41.1542,42.1554,1.0012,-0.014
59.063,57.0,0.0,41.0,41.1542,41.8211,0.6669,0.101
59.073,57.0,0.0,41.0,41.1542,41.6527,0.4985,-0.034
59.083,57.0,0.0,41.0,41.1542,41.6479,0.4937,-0.084
59.093,57.0,0.0,41.0,41.1542,41.6501,0.4959,0.051
59.103,57.0,0.0,41.0,41.1542,41.6494,0.4952,0.146
59.113,57.0,0.0,41.0,41.1542,41.6477,0.4935,0.01
59.123,57.0,0.0,41.0,41.1542,41.647,0.4928,0.047
59.133,57.0,0.0,41.0,41.1542,41.6467,0.4925,0.07
59.143,57.0,0.0,41.0,41.1542,41.646,0.4918,0.029
59.153,57.0,0.0,41.0,41.1542,41.6457,0.4915,0.046
59.163,57.0,0.0,41.0,41.1542,41.6447,0.4905,0.14
59.173,57.0,0.0,41.0,41.1542,41.6437,0.4895,-0.028
59.183,57.0,0.0,41.0,41.1542,41.643,0.4888,-0.08
59.193,57.0,0.0,41.0,41.1542,41.6427,0.4885,0.032
59.203,57.0,0.0,41.0,41.1542,41.6419,0.4877,0.08
59.213,57.0,0.0,41.0,41.1542,41.6419,0.4877,0.136
59.223,57.0,3.0,0.0,41.1542,41.6422,0.488,0.01
59.233,57.0,3.0,0.0,41.1542,41.643,0.4888,0.042
59.243,57.0,3.0,0.0,41.1542,41.6427,0.4885,0.089
59.253,57.0,3.0,0.0,41.1542,41.6422,0.488,0.15
59.263,57.0,3.0,0.0,41.1542,41.6423,0.4881,0.098
59.273,57.0,3.0,0.0,41.1542,41.6409,0.4867,-0.034
59.283,57.0,3.0,0.0,41.1542,41.6409,0.4867,0.072
59.293,57.0,3.0,0.0,41.1542,41.6409,0.4867,0.16
59.303,57.0,3.0,0.0,41.1542,41.6403,0.4861,-0.018
59.313,57.0,3.0,0.0,41.1542,41.6392,0.485,-0.018
59.323,57.0,3.0,0.0,41.1542,41.6396,0.4854,-0.088
59.333,57.0,3.0,0.0,41.1542,41.6392,0.485,-0.013
59.343,57.0,3.0,0.0,41.1542,41.6396,0.4854,0.156
59.353,57.0,3.0,0.0,41.1542,41.6389,0.4847,0.238
59.363,57.0,3.0,0.0,41.1542,41.6389,0.4847,0.13
59.373,57.0,3.0,0.0,41.1542,41.6389,0.4847,-0.007
59.383,57.0,3.0,0.0,41.1542,41.6389,0.4847,0.059
59.393,57.0,3.0,0.0,41.1542,41.6389,0.4847,0.127
59.403,57.0,3.0,0.0,41.1542,41.6389,0.4847,0.058
59.413,57.0,3.0,0.0,41.1542,41.6389,0.4847,0.042
59.423,57.0,3.0,0.0,41.1542,41.6386,0.4844,-0.019
59.433,57.0,3.0,0.0,41.1542,41.6379,0.4837,0.03
59.443,57.0,3.0,0.0,41.1542,41.6379,0.4837,-0.026
59.453,57.0,3.0,0.0,41.1542,41.6379,0.4837,0.005
59.463,57.0,3.0,0.0,41.1542,41.6382,0.484,0.129
59.473,57.0,3.0,0.0,41.1542,41.6389,0.4847,0.129
59.483,57.0,3.0,0.0,41.1542,41.6389,0.4847,0.096
59.493,57.0,3.0,0.0,41.1542,41.6386,0.4844,0.001
59.503,57.0,3.0,0.0,41.1542,41.6379,0.4837,-0.033
59.513,57.0,3.0,0.0,41.1542,41.6379,0.4837,-0.032
59.523,57.0,3.0,0.0,41.1542,41.6379,0.4837,0.031
59.533,57.0,3.0,0.0,41.1542,41.6379,0.4837,0.096
59.543,57.0,3.0,0.0,41.1542,41.6376,0.4834,-0.093
59.553,57.0,3.0,0.0,41.1542,41.6369,0.4827,-0.009
59.563,57.0,3.0,0.0,41.1542,41.6369,0.4827,0.108
59.573,57.0,3.0,0.0,41.1542,41.6369,0.4827,-0.017
59.583,57.0,3.0,0.0,41.1542,41.6369,0.4827,-0.016
59.593,57.0,3.0,0.0,41.1542,41.6369,0.4827,0.008
59.603,57.0,3.0,0.0,41.1542,41.6369,0.4827,0.021
59.613,57.0,3.0,0.0,41.1542,41.6366,0.4824,-0.072
59.623,57.0,3.0,0.0,41.1542,41.6359,0.4817,-0.05
59.633,57.0,3.0,0.0,41.1542,41.6362,0.482,-0.02
59.643,57.0,3.0,0.0,41.1542,41.6366,0.4824,0.029
59.653,57.0,3.0,0.0,41.1542,41.6356,0.4814,-0.006
59.663,57.0,3.0,0.0,41.1542,41.6352,0.481,0.02
59.673,57.0,3.0,0.0,41.1542,41.6359,0.4817,0.027
59.683,57.0,3.0,0.0,41.1542,41.6359,0.4817,0.045
59.693,57.0,3.0,0.0,41.1542,41.6356,0.4814,0.088
59.703,57.0,3.0,0.0,41.1542,41.6355,0.4813,0.067
59.713,57.0,3.0,0.0,41.1542,41.6366,0.4824,0.121
59.723,57.0,3.0,0.0,41.1542,41.6359,0.4817,0.074
59.733,57.0,3.0,0.0,41.1542,41.6359,0.4817,0.072
59.743,57.0,3.0,0.0,41.1542,41.6359,0.4817,0.02
59.753,57.0,3.0,0.0,41.1542,41.6356,0.4814,0.046
59.763,57.0,3.0,0.0,41.1542,41.6349,0.4807,0.018
59.773,57.0,3.0,0.0,41.1542,41.6349,0.4807,-0.07
59.783,57.0,3.0,0.0,41.1542,41.6352,0.481,0.064
59.793,57.0,3.0,0.0,41.1542,41.6356,0.4814,0.049
59.803,57.0,3.0,0.0,41.1542,41.6352,0.481,0.02
59.813,57.0,3.0,0.0,41.1542,41.6359,0.4817,0.06
59.823,57.0,3.0,0.0,41.1542,41.6359,0.4817,0.1
59.833,57.0,3.0,0.0,41.1542,41.6356,0.4814,0.08
59.843,57.0,3.0,0.0,41.1542,41.6349,0.4807,0.077
59.853,57.0,3.0,0.0,41.1542,41.6345,0.4803,-0.137
59.863,57.0,3.0,0.0,41.1542,41.6338,0.4796,0.014
59.873,57.0,3.0,0.0,41.1542,41.6338,0.4796,0.052
59.883,57.0,3.0,0.0,41.1542,41.6341,0.4799,0.083
59.893,57.0,3.0,0.0,41.1542,41.6349,0.4807,0.105
59.903,57.0,3.0,0.0,41.1542,41.6349,0.4807,0.067
59.913,57.0,3.0,0.0,41.1542,41.6349,0.4807,0.093
59.923,57.0,3.0,0.0,41.1542,41.6349,0.4807,0.057
59.933,57.0,3.0,0.0,41.1542,41.6349,0.4807,0.051
59.943,57.0,3.0,0.0,41.1542,41.6349,0.4807,-0.011
59.953,57.0,3.0,0.0,41.1542,41.6345,0.4803,0.01
59.963,57.0,3.0,0.0,41.1542,41.6338,0.4796,0.027
59.973,57.0,3.0,0.0,41.1542,41.6338,0.4796,0.03
59.983,57.0,3.0,0.0,41.1542,41.6341,0.4799,0.045
59.993,57.0,3.0,0.0,41.1542,41.6349,0.4807,0.005
60.003,57.0,3.0,0.0,41.1542,41.6345,0.4803,0.04
60.013,57.0,3.0,0.0,41.1542,41.6341,0.4799,0.072
60.023,57.0,3.0,0.0,41.1542,41.6345,0.4803,0.035
60.033,57.0,3.0,0.0,41.1542,41.6338,0.4796,0.052
60.043,57.0,3.0,0.0,41.1542,41.6338,0.4796,-0.059
60.053,57.0,3.0,0.0,41.1542,41.6338,0.4796,-0.079
60.063,57.0,3.0,0.0,41.1542,41.6338,0.4796,0.103
60.073,57.0,3.0,0.0,41.1542,41.6338,0.4796,0.071
60.083,57.0,3.0,0.0,41.1542,41.6338,0.4796,0.018
60.093,57.0,3.0,0.0,41.1542,41.6335,0.4793,-0.03
60.103,57.0,3.0,0.0,41.1542,41.6331,0.4789,0.026
60.113,57.0,3.0,0.0,41.1542,41.6338,0.4796,0.063
60.123,57.0,3.0,0.0,41.1542,41.6341,0.4799,0.073
60.133,57.0,3.0,0.0,41.1542,41.6345,0.4803,0.003
60.143,57.0,3.0,0.0,41.1542,41.6338,0.4796,-0.046
60.153,57.0,3.0,0.0,41.1542,41.6338,0.4796,-0.012
60.163,57.0,3.0,0.0,41.1542,41.6338,0.4796,0.069
60.173,57.0,3.0,0.0,41.1542,41.6335,0.4793,-0.097
60.183,57.0,3.0,0.0,41.1542,41.6331,0.4789,-0.039
60.193,57.0,3.0,0.0,41.1542,41.6338,0.4796,0.021
60.203,57.0,3.0,0.0,41.1542,41.6338,0.4796,0.033
60.213,57.0,3.0,0.0,41.1542,41.6341,0.4799,0.008
60.223,57.0,3.0,0.0,41.1542,41.6345,0.4803,-0.01
60.233,57.0,3.0,0.0,41.1542,41.6335,0.4793,0.051
60.243,57.0,3.0,0.0,41.1542,41.6331,0.4789,0.003
60.253,57.0,3.0,0.0,41.1542,41.6335,0.4793,0.034
60.263,57.0,3.0,0.0,41.1542,41.6331,0.4789,-0.0
60.273,57.0,3.0,0.0,41.1542,41.6338,0.4796,-0.015
60.283,57.0,3.0,0.0,41.1542,41.6335,0.4793,-0.005
60.293,57.0,3.0,0.0,41.1542,41.6328,0.4786,0.096
60.303,57.0,3.0,0.0,41.1542,41.6328,0.4786,0.042
60.313,57.0,3.0,0.0,41.1542,41.6331,0.4789,-0.072
60.323,57.0,3.0,0.0,41.1542,41.6332,0.479,-0.01
60.333,57.0,3.0,0.0,41.1542,41.6318,0.4776,0.052
60.343,57.0,3.0,0.0,41.1542,41.6318,0.4776,0.008
60.353,57.0,3.0,0.0,41.1542,41.6318,0.4776,0.074
60.363,57.0,3.0,0.0,41.1542,41.6318,0.4776,0.059
60.373,57.0,3.0,0.0,41.1542,41.6321,0.4779,-0.013
60.383,57.0,3.0,0.0,41.1542,41.6328,0.4786,0.047
60.393,57.0,3.0,0.0,41.1542,41.6328,0.4786,0.027
60.403,57.0,3.0,0.0,41.1542,41.6325,0.4783,-0.016
60.413,57.0,3.0,0.0,41.1542,41.6321,0.4779,0.158
60.423,57.0,3.0,0.0,41.1542,41.6322,0.478,0.088
60.433,57.0,3.0,0.0,41.1542,41.6311,0.4769,0.032
60.443,57.0,3.0,0.0,41.1542,41.6318,0.4776,0.013
60.453,57.0,3.0,0.0,41.1542,41.6318,0.4776,-0.038
60.463,57.0,3.0,0.0,41.1542,41.6318,0.4776,-0.02
60.473,57.0,3.0,0.0,41.1542,41.6315,0.4773,0.043
60.483,57.0,3.0,0.0,41.1542,41.6311,0.4769,0.061
60.493,57.0,3.0,0.0,41.1542,41.6318,0.4776,0.105
60.503,57.0,3.0,0.0,41.1542,41.6318,0.4776,0.053
60.513,57.0,3.0,0.0,41.1542,41.6318,0.4776,0.035
60.523,57.0,3.0,0.0,41.1542,41.6315,0.4773,-0.028
60.533,57.0,3.0,0.0,41.1542,41.6311,0.4769,0.032
60.543,24.0,0.0,8.0,48.2954,41.699,-6.5964,0.101
60.553,24.0,0.0,8.0,48.2954,42.0157,-6.2797,0.015
60.563,24.0,0.0,8.0,48.2954,42.6305,-5.6649,-0.024
60.573,24.0,0.0,8.0,48.2954,43.4495,-4.8459,-0.146
60.583,24.0,0.0,8.0,48.2954,44.3052,-3.9902,-0.018
60.593,24.0,0.0,8.0,48.2954,45.1734,-3.122,0.012
60.603,24.0,0.0,8.0,48.2954,46.0451,-2.2503,0.024
60.613,24.0,0.0,8.0,48.2954,46.9358,-1.3596,0.061
60.623,24.0,0.0,8.0,48.2954,47.8327,-0.4627,0.03
60.633,24.0,0.0,8.0,48.2954,48.6983,0.4029,0.054
60.643,24.0,0.0,8.0,48.2954,49.5732,1.2778,0.017
60.653,24.0,0.0,8.0,48.2954,50.4495,2.1541,0.012
60.663,24.0,0.0,8.0,48.2954,51.3176,3.0222,0.046
60.673,24.0,0.0,8.0,48.2954,52.088,3.7926,-0.018
60.683,24.0,0.0,8.0,48.2954,52.5643,4.2689,0.03
60.693,24.0,0.0,8.0,48.2954,52.6661,4.3707,0.055
60.703,24.0,0.0,8.0,48.2954,52.682,4.3866,0.052
60.713,24.0,0.0,8.0,48.2954,52.683,4.3876,0.097
60.723,24.0,0.0,8.0,48.2954,52.6834,4.388,0.106
60.733,24.0,0.0,8.0,48.2954,52.6827,4.3873,0.124
60.743,24.0,0.0,8.0,48.2954,52.683,4.3876,0.093
60.753,24.0,0.0,8.0,48.2954,52.6843,4.3889,0.072
60.763,24.0,0.0,8.0,48.2954,52.6854,4.39,0.123
60.773,24.0,0.0,8.0,48.2954,52.6847,4.3893,0.073
60.783,24.0,0.0,8.0,48.2954,52.685,4.3896,0.027
60.793,3.0,3.0,0.0,52.8398,52.6863,-0.1535,0.091
60.803,3.0,3.0,0.0,52.8398,52.6874,-0.1524,0.0
60.813,3.0,3.0,0.0,52.8398,52.687,-0.1528,-0.021
60.823,3.0,3.0,0.0,52.8398,52.6877,-0.1521,-0.022
60.833,3.0,3.0,0.0,52.8398,52.6884,-0.1514,0.075
60.843,3.0,3.0,0.0,52.8398,52.6898,-0.15,0.025
60.853,3.0,3.0,0.0,52.8398,52.6898,-0.15,0.026
60.863,3.0,3.0,0.0,52.8398,52.6904,-0.1494,0.126
60.873,3.0,3.0,0.0,52.8398,52.6918,-0.148,-0.096
60.883,3.0,3.0,0.0,52.8398,52.6918,-0.148,0.035
60.893,3.0,3.0,0.0,52.8398,52.6918,-0.148,0.046
60.903,3.0,3.0,0.0,52.8398,52.6921,-0.1477,-0.023
60.913,3.0,3.0,0.0,52.8398,52.6931,-0.1467,0.0
60.923,3.0,3.0,0.0,52.8398,52.6941,-0.1457,-0.029
60.933,3.0,3.0,0.0,52.8398,52.6951,-0.1447,-0.024
60.943,3.0,3.0,0.0,52.8398,52.6959,-0.1439,0.077
60.953,3.0,3.0,0.0,52.8398,52.6959,-0.1439,-0.043
60.963,3.0,3.0,0.0,52.8398,52.6959,-0.1439,0.086
60.973,3.0,3.0,0.0,52.8398,52.6965,-0.1433,0.144
60.983,3.0,3.0,0.0,52.8398,52.6979,-0.1419,0.032
60.993,3.0,3.0,0.0,52.8398,52.6985,-0.1413,-0.034
61.003,3.0,3.0,0.0,52.8398,52.6996,-0.1402,0.034
61.013,3.0,3.0,0.0,52.8398,52.6992,-0.1406,0.078
61.023,3.0,3.0,0.0,52.8398,52.6999,-0.1399,0.082
61.033,3.0,3.0,0.0,52.8398,52.7005,-0.1393,0.221
61.043,3.0,3.0,0.0,52.8398,52.7019,-0.1379,0.029
61.053,3.0,3.0,0.0,52.8398,52.7022,-0.1376,-0.091
61.063,3.0,3.0,0.0,52.8398,52.7032,-0.1366,-0.01
61.073,3.0,3.0,0.0,52.8398,52.704,-0.1358,-0.027
61.083,3.0,3.0,0.0,52.8398,52.7043,-0.1355,0.032
61.093,3.0,3.0,0.0,52.8398,52.705,-0.1348,0.135
61.103,3.0,3.0,0.0,52.8398,52.7053,-0.1345,0.122
61.113,3.0,3.0,0.0,52.8398,52.706,-0.1338,0.13
61.123,3.0,3.0,0.0,52.8398,52.706,-0.1338,0.053
61.133,3.0,3.0,0.0,52.8398,52.7057,-0.1341,0.005
61.143,3.0,3.0,0.0,52.8398,52.705,-0.1348,0.089
61.153,3.0,3.0,0.0,52.8398,52.7053,-0.1345,0.024
61.163,3.0,3.0,0.0,52.8398,52.7057,-0.1341,0.081
61.173,3.0,3.0,0.0,52.8398,52.705,-0.1348,0.079
61.183,3.0,3.0,0.0,52.8398,52.705,-0.1348,0.057
61.193,3.0,3.0,0.0,52.8398,52.705,-0.1348,0.004
61.203,3.0,3.0,0.0,52.8398,52.7047,-0.1351,-0.037
61.213,3.0,3.0,0.0,52.8398,52.7046,-0.1352,-0.073
61.223,3.0,3.0,0.0,52.8398,52.7057,-0.1341,0.095
61.233,3.0,3.0,0.0,52.8398,52.7053,-0.1345,0.035
61.243,3.0,3.0,0.0,52.8398,52.7063,-0.1335,0.007
61.253,3.0,3.0,0.0,52.8398,52.7064,-0.1334,-0.098
61.263,3.0,3.0,0.0,52.8398,52.7053,-0.1345,0.04
61.273,3.0,3.0,0.0,52.8398,52.706,-0.1338,0.041
61.283,3.0,3.0,0.0,52.8398,52.7057,-0.1341,0.069
61.293,3.0,3.0,0.0,52.8398,52.7053,-0.1345,0.019
61.303,3.0,3.0,0.0,52.8398,52.706,-0.1338,0.04
61.313,3.0,3.0,0.0,52.8398,52.7057,-0.1341,0.018
61.323,3.0,3.0,0.0,52.8398,52.705,-0.1348,0.045
61.333,3.0,3.0,0.0,52.8398,52.705,-0.1348,-0.052
61.343,3.0,3.0,0.0,52.8398,52.705,-0.1348,0.011
61.353,3.0,3.0,0.0,52.8398,52.7053,-0.1345,0.073
61.363,3.0,3.0,0.0,52.8398,52.706,-0.1338,0.15
61.373,3.0,3.0,0.0,52.8398,52.706,-0.1338,-0.065
61.383,3.0,3.0,0.0,52.8398,52.7057,-0.1341,-0.02
61.393,3.0,3.0,0.0,52.8398,52.705,-0.1348,0.037
61.403,3.0,3.0,0.0,52.8398,52.7053,-0.1345,-0.025
61.413,3.0,3.0,0.0,52.8398,52.7063,-0.1335,0.015
61.423,3.0,3.0,0.0,52.8398,52.7067,-0.1331,-0.06
61.433,3.0,3.0,0.0,52.8398,52.7066,-0.1332,0.018
61.443,3.0,3.0,0.0,52.8398,52.7077,-0.1321,-0.045
61.453,3.0,3.0,0.0,52.8398,52.707,-0.1328,0.003
61.463,3.0,3.0,0.0,52.8398,52.707,-0.1328,0.221
61.473,3.0,3.0,0.0,52.8398,52.7073,-0.1325,0.072
61.483,3.0,3.0,0.0,52.8398,52.7077,-0.1321,0.015
61.493,3.0,3.0,0.0,52.8398,52.707,-0.1328,-0.013
61.503,3.0,3.0,0.0,52.8398,52.7067,-0.1331,-0.032
61.513,3.0,3.0,0.0,52.8398,52.7063,-0.1335,0.09
61.523,3.0,3.0,0.0,52.8398,52.707,-0.1328,0.041
61.533,3.0,3.0,0.0,52.8398,52.7067,-0.1331,-0.08
61.543,3.0,3.0,0.0,52.8398,52.7063,-0.1335,0.017
61.553,3.0,3.0,0.0,52.8398,52.707,-0.1328,-0.04
61.563,3.0,3.0,0.0,52.8398,52.707,-0.1328,-0.082
61.573,3.0,3.0,0.0,52.8398,52.707,-0.1328,-0.038
61.583,3.0,3.0,0.0,52.8398,52.707,-0.1328,0.003
61.593,3.0,3.0,0.0,52.8398,52.7067,-0.1331,-0.005
61.603,3.0,3.0,0.0,52.8398,52.7057,-0.1341,-0.091
61.613,24.0,0.0,8.0,48.2954,52.6767,4.3813,0.01
61.623,24.0,0.0,8.0,48.2954,52.5074,4.212,-0.031
61.633,24.0,0.0,8.0,48.2954,52.1364,3.841,-0.09
61.643,24.0,0.0,8.0,48.2954,51.6991,3.4037,0.078
61.653,24.0,0.0,8.0,48.2954,51.2518,2.9564,-0.02
61.663,24.0,0.0,8.0,48.2954,50.7962,2.5008,-0.002
61.673,24.0,0.0,8.0,48.2954,50.3142,2.0188,0.117
61.683,24.0,0.0,8.0,48.2954,49.8253,1.5299,0.058
61.693,24.0,0.0,8.0,48.2954,49.3395,1.0441,0.085
61.703,24.0,0.0,8.0,48.2954,48.8477,0.5523,0.073
61.713,24.0,0.0,8.0,48.2954,48.3473,0.0519,-0.003
61.723,24.0,0.0,8.0,48.2954,47.8559,-0.4395,-0.044
61.733,24.0,0.0,8.0,48.2954,47.3557,-0.9397,-0.027
61.743,24.0,0.0,8.0,48.2954,46.842,-1.4534,-0.035
61.753,24.0,0.0,8.0,48.2954,46.3345,-1.9609,-0.061
61.763,24.0,0.0,8.0,48.2954,45.8365,-2.4589,-0.001
61.773,24.0,0.0,8.0,48.2954,45.3456,-2.9498,0.008
61.783,24.0,0.0,8.0,48.2954,44.8072,-3.4882,-0.011
61.793,24.0,0.0,8.0,48.2954,44.2626,-4.0328,0.047
61.803,24.0,0.0,8.0,48.2954,43.8056,-4.4898,0.006
61.813,24.0,0.0,8.0,48.2954,43.2557,-5.0397,0.106
61.823,24.0,0.0,8.0,48.2954,42.7553,-5.5401,0.072
61.833,24.0,0.0,8.0,48.2954,42.2566,-6.0388,-0.064
61.843,24.0,0.0,8.0,48.2954,41.7543,-6.5411,-0.007
61.853,24.0,0.0,11.0,48.2954,41.2568,-7.0386,0.168
61.863,80.0,0.0,11.0,36.177,40.7621,4.5851,0.196
61.873,80.0,0.0,11.0,36.177,40.2431,4.0661,0.029
61.883,80.0,0.0,11.0,36.177,39.7335,3.5565,-0.026
61.893,80.0,0.0,11.0,36.177,39.2283,3.0513,-0.063
61.903,80.0,0.0,11.0,36.177,38.709,2.532,-0.063
61.913,80.0,0.0,11.0,36.177,38.198,2.021,-0.003
61.923,80.0,0.0,11.0,36.177,37.6938,1.5168,-0.029
61.933,80.0,0.0,11.0,36.177,37.212,1.035,0.055
61.943,80.0,0.0,11.0,36.177,36.7292,0.5522,0.116
61.953,80.0,0.0,11.0,36.177,36.2444,0.0674,0.047
61.963,80.0,0.0,11.0,36.177,35.7925,-0.3845,0.029
61.973,80.0,0.0,11.0,36.177,35.2812,-0.8958,-0.011
61.983,80.0,0.0,11.0,36.177,34.7839,-1.3931,0.039
61.993,80.0,0.0,11.0,36.177,34.3089,-1.8681,0.1
62.003,80.0,0.0,11.0,36.177,33.7917,-2.3853,0.075
62.013,80.0,0.0,11.0,36.177,33.2754,-2.9016,0.138
62.023,80.0,0.0,11.0,36.177,32.7983,-3.3787,0.014
62.033,80.0,0.0,11.0,36.177,32.2831,-3.8939,-0.021
62.043,80.0,0.0,11.0,36.177,31.7752,-4.4018,0.066
62.053,80.0,0.0,11.0,36.177,31.2913,-4.8857,0.012
62.063,80.0,0.0,11.0,36.177,30.7746,-5.4024,-0.007
62.073,80.0,0.0,11.0,36.177,30.3066,-5.8704,0.024
62.083,80.0,0.0,11.0,36.177,29.8254,-6.3516,0.016
62.093,80.0,0.0,11.0,36.177,29.3193,-6.8577,0.119
62.103,135.0,0.0,9.0,24.275,28.8451,4.5701,0.106
62.113,135.0,0.0,9.0,24.275,28.3556,4.0806,0.124
62.123,135.0,0.0,9.0,24.275,27.8322,3.5572,0.123
62.133,135.0,0.0,9.0,24.275,27.3452,3.0702,0.087
62.143,135.0,0.0,9.0,24.275,26.8471,2.5721,-0.04
62.153,135.0,0.0,9.0,24.275,26.3151,2.0401,-0.008
62.163,135.0,0.0,9.0,24.275,25.8325,1.5575,0.002
62.173,135.0,0.0,9.0,24.275,25.3521,1.0771,-0.067
62.183,135.0,0.0,9.0,24.275,24.8383,0.5633,-0.077
62.193,135.0,0.0,9.0,24.275,24.3534,0.0784,0.036
62.203,135.0,0.0,9.0,24.275,23.868,-0.407,-0.056
62.213,135.0,0.0,9.0,24.275,23.3586,-0.9164,-0.007
62.223,135.0,0.0,9.0,24.275,22.89,-1.385,0.034
62.233,135.0,0.0,9.0,24.275,22.4033,-1.8717,0.01
62.243,135.0,0.0,9.0,24.275,21.8993,-2.3757,0.056
62.253,135.0,0.0,9.0,24.275,21.4209,-2.8541,0.083
62.263,135.0,0.0,9.0,24.275,20.9138,-3.3612,0.02
62.273,135.0,0.0,9.0,24.275,20.3736,-3.9014,0.018
62.283,135.0,0.0,9.0,24.275,19.8943,-4.3807,-0.041
62.293,135.0,0.0,9.0,24.275,19.4168,-4.8582,-0.067
62.303,135.0,0.0,9.0,24.275,18.91,-5.365,0.029
62.313,135.0,0.0,9.0,24.275,18.4402,-5.8348,0.039
62.323,135.0,0.0,9.0,24.275,17.9516,-6.3234,-0.04
62.333,135.0,0.0,9.0,24.275,17.4439,-6.8311,0.058
62.343,162.5,0.0,9.0,18.324,16.9795,-1.3445,-0.032
62.353,190.0,0.0,9.0,12.373,16.4844,4.1114,-0.053
62.363,190.0,0.0,9.0,12.373,15.9755,3.6025,-0.086
62.373,190.0,0.0,9.0,12.373,15.5049,3.1319,-0.011
62.383,190.0,0.0,9.0,12.373,14.9958,2.6228,0.127
62.393,190.0,0.0,9.0,12.373,14.4996,2.1266,0.137
62.403,190.0,0.0,9.0,12.373,14.0247,1.6517,0.08
62.413,190.0,0.0,9.0,12.373,13.5079,1.1349,0.057
62.423,190.0,0.0,9.0,12.373,13.0245,0.6515,-0.038
62.433,190.0,0.0,9.0,12.373,12.5507,0.1777,-0.081
62.443,190.0,0.0,9.0,12.373,12.0346,-0.3384,0.035
62.453,190.0,0.0,9.0,12.373,11.5347,-0.8383,0.062
62.463,190.0,0.0,9.0,12.373,11.0467,-1.3263,0.087
62.473,190.0,0.0,9.0,12.373,10.5257,-1.8473,0.055
62.483,190.0,0.0,9.0,12.373,10.0255,-2.3475,0.033
62.493,190.0,0.0,9.0,12.373,9.5395,-2.8335,-0.001
62.503,190.0,0.0,9.0,12.373,9.0231,-3.3499,-0.061
62.513,190.0,0.0,9.0,12.373,8.5168,-3.8562,-0.04
62.523,190.0,0.0,9.0,12.373,7.9913,-4.3817,-0.068
62.533,190.0,0.0,9.0,12.373,7.4303,-4.9427,-0.014
62.543,190.0,0.0,9.0,12.373,7.018,-5.355,-0.058
62.553,190.0,0.0,9.0,12.373,6.5188,-5.8542,-0.037
62.563,190.0,0.0,9.0,12.373,5.9506,-6.4224,0.045
62.573,190.0,0.0,9.0,12.373,5.4554,-6.9176,0.043
62.583,190.0,0.0,9.0,12.373,4.9793,-7.3937,0.111
62.593,244.0,0.0,76.0,0.6874,4.4672,3.7798,0.022
62.603,244.0,0.0,76.0,0.6874,3.9735,3.2861,0.029
62.613,244.0,0.0,76.0,0.6874,3.486,2.7986,0.062
62.623,244.0,0.0,76.0,0.6874,2.9659,2.2785,0.003
62.633,244.0,0.0,76.0,0.6874,2.4734,1.786,0.048
62.643,244.0,0.0,76.0,0.6874,1.991,1.3036,0.029
62.653,244.0,0.0,76.0,0.6874,1.4783,0.7909,0.046
62.663,244.0,0.0,76.0,0.6874,0.9759,0.2885,0.155
62.673,244.0,0.0,76.0,0.6874,0.5623,-0.1251,0.05
62.683,244.0,0.0,76.0,0.6874,0.3317,-0.3557,0.026
62.693,244.0,0.0,76.0,0.6874,0.3033,-0.3841,0.053
62.703,244.0,0.0,76.0,0.6874,0.3033,-0.3841,0.046
62.713,244.0,0.0,76.0,0.6874,0.3033,-0.3841,0.001
62.723,244.0,0.0,76.0,0.6874,0.3036,-0.3838,0.019
62.733,244.0,0.0,76.0,0.6874,0.3043,-0.3831,0.069
62.743,244.0,0.0,76.0,0.6874,0.3043,-0.3831,0.045
62.753,244.0,0.0,76.0,0.6874,0.3046,-0.3828,-0.037
62.763,244.0,0.0,76.0,0.6874,0.3056,-0.3818,-0.044
62.773,244.0,0.0,76.0,0.6874,0.3066,-0.3808,-0.033
62.783,244.0,0.0,76.0,0.6874,0.307,-0.3804,-0.071
62.793,244.0,0.0,76.0,0.6874,0.306,-0.3814,-0.089
62.803,244.0,0.0,76.0,0.6874,0.3053,-0.3821,0.095
62.813,244.0,0.0,76.0,0.6874,0.3056,-0.3818,0.071
62.823,244.0,0.0,76.0,0.6874,0.306,-0.3814,0.032
62.833,244.0,1.0,50.7,0.6874,0.3056,-0.3818,0.152
62.843,244.0,3.0,0.0,0.6874,0.3063,-0.3811,-0.048
62.853,244.0,3.0,0.0,0.6874,0.3066,-0.3808,0.083
62.863,244.0,3.0,0.0,0.6874,0.3073,-0.3801,0.062
62.873,244.0,3.0,0.0,0.6874,0.3073,-0.3801,-0.058
62.883,244.0,3.0,0.0,0.6874,0.307,-0.3804,0.032
62.893,244.0,3.0,0.0,0.6874,0.306,-0.3814,0.008
62.903,244.0,3.0,0.0,0.6874,0.3053,-0.3821,-0.009
62.913,244.0,3.0,0.0,0.6874,0.3056,-0.3818,0.047
62.923,244.0,3.0,0.0,0.6874,0.3063,-0.3811,-0.071
62.933,244.0,3.0,0.0,0.6874,0.3063,-0.3811,-0.079
62.943,244.0,3.0,0.0,0.6874,0.306,-0.3814,0.083
62.953,244.0,3.0,0.0,0.6874,0.3053,-0.3821,0.016
62.963,244.0,3.0,0.0,0.6874,0.3053,-0.3821,0.012
62.973,244.0,3.0,0.0,0.6874,0.3056,-0.3818,-0.005
62.983,244.0,3.0,0.0,0.6874,0.3063,-0.3811,-0.027
62.993,244.0,3.0,0.0,0.6874,0.3063,-0.3811,-0.044
63.003,244.0,3.0,0.0,0.6874,0.306,-0.3814,-0.042
63.013,244.0,3.0,0.0,0.6874,0.3056,-0.3818,-0.035
63.023,244.0,3.0,0.0,0.6874,0.3063,-0.3811,0.033
63.033,244.0,3.0,0.0,0.6874,0.3063,-0.3811,0.052
63.043,244.0,3.0,0.0,0.6874,0.3063,-0.3811,0.082
63.053,244.0,3.0,0.0,0.6874,0.3069,-0.3805,-0.006
63.063,244.0,3.0,0.0,0.6874,0.3081,-0.3793,-0.117
63.073,244.0,3.0,0.0,0.6874,0.307,-0.3804,-0.054
63.083,244.0,3.0,0.0,0.6874,0.3066,-0.3808,-0.028
63.093,244.0,3.0,0.0,0.6874,0.307,-0.3804,-0.12
63.103,244.0,3.0,0.0,0.6874,0.3066,-0.3808,-0.021
63.113,244.0,3.0,0.0,0.6874,0.3073,-0.3801,0.132
63.123,244.0,3.0,0.0,0.6874,0.3073,-0.3801,0.064
63.133,244.0,3.0,0.0,0.6874,0.307,-0.3804,0.084
63.143,244.0,3.0,0.0,0.6874,0.3066,-0.3808,0.071
63.153,244.0,3.0,0.0,0.6874,0.3073,-0.3801,-0.045
63.163,244.0,3.0,0.0,0.6874,0.3076,-0.3798,0.034
63.173,244.0,3.0,0.0,0.6874,0.3081,-0.3793,0.049
63.183,244.0,3.0,0.0,0.6874,0.307,-0.3804,-0.068
63.193,244.0,3.0,0.0,0.6874,0.3063,-0.3811,-0.024
63.203,244.0,3.0,0.0,0.6874,0.3063,-0.3811,-0.031
63.213,244.0,3.0,0.0,0.6874,0.306,-0.3814,0.013
63.223,244.0,3.0,0.0,0.6874,0.3053,-0.3821,-0.068
63.233,244.0,3.0,0.0,0.6874,0.3059,-0.3815,0.084
63.243,244.0,3.0,0.0,0.6874,0.307,-0.3804,0.035
63.253,244.0,3.0,0.0,0.6874,0.3063,-0.3811,0.056
63.263,244.0,3.0,0.0,0.6874,0.3066,-0.3808,-0.015
63.273,244.0,3.0,0.0,0.6874,0.3076,-0.3798,-0.063
63.283,244.0,3.0,0.0,0.6874,0.3077,-0.3797,-0.067
63.293,244.0,3.0,0.0,0.6874,0.3066,-0.3808,0.0
63.303,244.0,3.0,0.0,0.6874,0.3064,-0.381,0.005
63.313,244.0,3.0,0.0,0.6874,0.304,-0.3834,0.059
63.323,244.0,3.0,0.0,0.6874,0.3039,-0.3835,0.147
63.333,244.0,3.0,0.0,0.6874,0.3053,-0.3821,0.109
63.343,244.0,3.0,0.0,0.6874,0.3053,-0.3821,0.088
63.353,244.0,3.0,0.0,0.6874,0.3059,-0.3815,0.069
63.363,244.0,3.0,0.0,0.6874,0.3076,-0.3798,0.072
63.373,244.0,3.0,0.0,0.6874,0.3084,-0.379,-0.018
63.383,244.0,3.0,0.0,0.6874,0.3084,-0.379,-0.105
63.393,244.0,3.0,0.0,0.6874,0.3084,-0.379,0.016
63.403,244.0,3.0,0.0,0.6874,0.3077,-0.3797,-0.102
63.413,244.0,3.0,0.0,0.6874,0.306,-0.3814,-0.066
63.423,244.0,3.0,0.0,0.6874,0.3053,-0.3821,0.038
63.433,244.0,3.0,0.0,0.6874,0.3056,-0.3818,0.045
63.443,244.0,3.0,0.0,0.6874,0.3066,-0.3808,0.04
63.453,244.0,3.0,0.0,0.6874,0.308,-0.3794,-0.072
63.463,244.0,3.0,0.0,0.6874,0.3097,-0.3777,0.05
63.473,244.0,3.0,0.0,0.6874,0.3101,-0.3773,0.055
63.483,244.0,3.0,0.0,0.6874,0.3094,-0.378,0.102
63.493,244.0,3.0,0.0,0.6874,0.3091,-0.3783,0.01
63.503,244.0,3.0,0.0,0.6874,0.3081,-0.3793,0.067
63.513,244.0,3.0,0.0,0.6874,0.3073,-0.3801,0.092
63.523,244.0,3.0,0.0,0.6874,0.3067,-0.3807,0.001
63.533,244.0,3.0,0.0,0.6874,0.3056,-0.3818,0.096
63.543,244.0,3.0,0.0,0.6874,0.3069,-0.3805,0.12
63.553,244.0,3.0,0.0,0.6874,0.3081,-0.3793,0.097
63.563,244.0,3.0,0.0,0.6874,0.308,-0.3794,0.054
63.573,244.0,3.0,0.0,0.6874,0.3094,-0.378,0.015
63.583,244.0,3.0,0.0,0.6874,0.3091,-0.3783,0.123
63.593,244.0,3.0,0.0,0.6874,0.3084,-0.379,0.037
63.603,244.0,3.0,0.0,0.6874,0.3081,-0.3793,0.097
63.613,244.0,3.0,0.0,0.6874,0.307,-0.3804,0.18
63.623,244.0,3.0,0.0,0.6874,0.306,-0.3814,0.102
63.633,244.0,3.0,0.0,0.6874,0.3053,-0.3821,0.017
63.643,244.0,3.0,0.0,0.6874,0.305,-0.3824,-0.099
63.653,244.0,3.0,0.0,0.6874,0.3052,-0.3822,-0.032
63.663,244.0,3.0,0.0,0.6874,0.3073,-0.3801,-0.028
63.673,244.0,3.0,0.0,0.6874,0.308,-0.3794,0.003
63.683,244.0,3.0,0.0,0.6874,0.3094,-0.378,0.053
63.693,244.0,3.0,0.0,0.6874,0.3097,-0.3777,0.048
63.703,244.0,3.0,0.0,0.6874,0.3101,-0.3773,0.001
63.713,244.0,3.0,0.0,0.6874,0.3091,-0.3783,-0.018
63.723,244.0,3.0,0.0,0.6874,0.3077,-0.3797,0.016
63.733,244.0,3.0,0.0,0.6874,0.3063,-0.3811,0.016
63.743,244.0,3.0,0.0,0.6874,0.3063,-0.3811,0.029
63.753,244.0,3.0,0.0,0.6874,0.3063,-0.3811,0.064
63.763,244.0,3.0,0.0,0.6874,0.3066,-0.3808,0.04
63.773,244.0,3.0,0.0,0.6874,0.3076,-0.3798,-0.041
63.783,244.0,3.0,0.0,0.6874,0.309,-0.3784,-0.111
63.793,244.0,3.0,0.0,0.6874,0.3101,-0.3773,-0.092
63.803,244.0,3.0,0.0,0.6874,0.3097,-0.3777,0.051
63.813,244.0,3.0,0.0,0.6874,0.3101,-0.3773,0.062
63.823,244.0,3.0,0.0,0.6874,0.3085,-0.3789,-0.065
63.833,244.0,3.0,0.0,0.6874,0.306,-0.3814,-0.105
63.843,244.0,3.0,0.0,0.6874,0.305,-0.3824,0.059
63.853,244.0,3.0,0.0,0.6874,0.3046,-0.3828,0.087
63.863,244.0,3.0,0.0,0.6874,0.3053,-0.3821,0.11
63.873,244.0,3.0,0.0,0.6874,0.3056,-0.3818,-0.058
63.883,244.0,3.0,0.0,0.6874,0.3066,-0.3808,-0.037
63.893,244.0,3.0,0.0,0.6874,0.3073,-0.3801,0.036
63.903,244.0,3.0,0.0,0.6874,0.3073,-0.3801,-0.013
63.913,244.0,3.0,0.0,0.6874,0.3073,-0.3801,-0.03
63.923,244.0,3.0,0.0,0.6874,0.3073,-0.3801,-0.137
63.933,244.0,3.0,0.0,0.6874,0.3067,-0.3807,-0.019
63.943,244.0,3.0,0.0,0.6874,0.3053,-0.3821,0.033
63.953,244.0,3.0,0.0,0.6874,0.305,-0.3824,0.052
63.963,244.0,3.0,0.0,0.6874,0.3043,-0.3831,0.119
63.973,244.0,3.0,0.0,0.6874,0.3043,-0.3831,0.018
63.983,244.0,3.0,0.0,0.6874,0.3046,-0.3828,0.073
63.993,244.0,3.0,0.0,0.6874,0.3059,-0.3815,0.02
64.003,244.0,3.0,0.0,0.6874,0.307,-0.3804,0.042
64.013,244.0,3.0,0.0,0.6874,0.3066,-0.3808,0.054
64.023,244.0,3.0,0.0,0.6874,0.307,-0.3804,0.08
64.033,244.0,3.0,0.0,0.6874,0.306,-0.3814,0.125
64.043,244.0,3.0,0.0,0.6874,0.3053,-0.3821,-0.003
64.053,244.0,3.0,0.0,0.6874,0.3053,-0.3821,0.069
64.063,244.0,3.0,0.0,0.6874,0.3053,-0.3821,0.052
64.073,244.0,3.0,0.0,0.6874,0.3053,-0.3821,0.018
64.083,244.0,3.0,0.0,0.6874,0.305,-0.3824,0.101
64.093,244.0,3.0,0.0,0.6874,0.3049,-0.3825,0.064
64.103,244.0,3.0,0.0,0.6874,0.3063,-0.3811,-0.005
64.113,244.0,3.0,0.0,0.6874,0.3066,-0.3808,0.078
64.123,244.0,3.0,0.0,0.6874,0.307,-0.3804,-0.016
64.133,244.0,3.0,0.0,0.6874,0.3063,-0.3811,-0.072
64.143,244.0,3.0,0.0,0.6874,0.3094,-0.378,0.04
64.153,207.0,0.0,8.0,8.6942,0.4007,-8.2935,0.042
64.163,207.0,0.0,8.0,8.6942,0.8118,-7.8824,0.071
64.173,207.0,0.0,8.0,8.6942,1.5674,-7.1268,-0.105
64.183,207.0,0.0,8.0,8.6942,2.4199,-6.2743,0.036
64.193,207.0,0.0,8.0,8.6942,3.2842,-5.41,-0.033
64.203,207.0,0.0,8.0,8.6942,4.1517,-4.5425,-0.033
64.213,207.0,0.0,8.0,8.6942,5.0122,-3.682,-0.009
64.223,207.0,0.0,8.0,8.6942,5.8959,-2.7983,0.053
64.233,207.0,0.0,8.0,8.6942,6.7737,-1.9205,0.036
64.243,207.0,0.0,8.0,8.6942,7.6232,-1.071,-0.004
64.253,207.0,0.0,8.0,8.6942,8.5166,-0.1776,0.069
64.263,207.0,0.0,8.0,8.6942,9.3986,0.7044,0.046
64.273,207.0,0.0,8.0,8.6942,10.2597,1.5655,-0.022
64.283,207.0,0.0,8.0,8.6942,11.1471,2.4529,0.015
64.293,207.0,0.0,8.0,8.6942,12.0504,3.3562,0.005
64.303,207.0,0.0,8.0,8.6942,12.9452,4.251,-0.02
64.313,207.0,0.0,8.0,8.6942,13.8254,5.1312,0.146
64.323,207.0,0.0,8.0,8.6942,14.7338,6.0396,0.098
64.333,207.0,0.0,8.0,8.6942,15.605,6.9108,0.065
64.343,207.0,0.0,8.0,8.6942,16.4733,7.7791,0.045
64.353,207.0,0.0,8.0,8.6942,17.3364,8.6422,0.013
64.363,207.0,0.0,8.0,8.6942,18.2037,9.5095,0.018
64.373,207.0,0.0,8.0,8.6942,19.071,10.3768,-0.03
64.383,207.0,0.0,8.0,8.6942,19.9285,11.2343,0.007
64.393,207.0,0.0,8.0,8.6942,20.8259,12.1317,0.004
64.403,109.0,0.0,8.0,29.9014,21.7213,-8.1801,0.077
64.413,109.0,0.0,8.0,29.9014,22.5948,-7.3066,0.105
64.423,109.0,0.0,8.0,29.9014,23.4544,-6.447,0.039
64.433,109.0,0.0,8.0,29.9014,24.327,-5.5744,0.091
64.443,109.0,0.0,8.0,29.9014,25.1962,-4.7052,0.109
64.453,109.0,0.0,8.0,29.9014,26.0791,-3.8223,0.182
64.463,109.0,0.0,8.0,29.9014,26.9722,-2.9292,0.184
64.473,109.0,0.0,8.0,29.9014,27.883,-2.0184,0.104
64.483,109.0,0.0,8.0,29.9014,28.7721,-1.1293,-0.004
64.493,109.0,0.0,8.0,29.9014,29.6353,-0.2661,0.068
64.503,109.0,0.0,8.0,29.9014,30.5079,0.6065,0.09
64.513,109.0,0.0,8.0,29.9014,31.3965,1.4951,0.097
64.523,109.0,0.0,8.0,29.9014,32.2855,2.3841,0.088
64.533,109.0,0.0,8.0,29.9014,33.1668,3.2654,0.136
64.543,109.0,0.0,8.0,29.9014,34.0638,4.1624,0.131
64.553,109.0,0.0,8.0,29.9014,34.9304,5.029,0.095
64.563,109.0,0.0,8.0,29.9014,35.7964,5.895,-0.058
64.573,109.0,0.0,8.0,29.9014,36.6572,6.7558,0.061
64.583,109.0,0.0,8.0,29.9014,37.538,7.6366,0.086
64.593,109.0,0.0,8.0,29.9014,38.4167,8.5153,-0.002
64.603,109.0,0.0,8.0,29.9014,39.2967,9.3953,0.051
64.613,109.0,0.0,8.0,29.9014,40.202,10.3006,0.038
64.623,109.0,0.0,8.0,29.9014,41.069,11.1676,-0.054
64.633,109.0,0.0,8.0,29.9014,41.9391,12.0377,0.058
64.643,11.0,0.0,8.0,51.1086,42.815,-8.2936,0.066
64.653,11.0,0.0,8.0,51.1086,43.6774,-7.4312,0.051
64.663,11.0,0.0,8.0,51.1086,44.562,-6.5466,0.058
64.673,11.0,0.0,8.0,51.1086,45.4481,-5.6605,0.011
64.683,11.0,0.0,8.0,51.1086,46.3401,-4.7685,0.089
64.693,11.0,0.0,8.0,51.1086,47.239,-3.8696,0.022
64.703,11.0,0.0,8.0,51.1086,48.1173,-2.9913,0.005
64.713,11.0,0.0,8.0,51.1086,49.0038,-2.1048,0.002
64.723,11.0,0.0,8.0,51.1086,49.8852,-1.2234,-0.027
64.733,11.0,0.0,8.0,51.1086,50.7466,-0.362,-0.002
64.743,11.0,0.0,8.0,51.1086,51.6125,0.5039,0.027
64.753,11.0,0.0,8.0,51.1086,52.3103,1.2017,0.064
64.763,11.0,0.0,8.0,51.1086,52.5652,1.4566,0.095
64.773,11.0,0.0,8.0,51.1086,52.6544,1.5458,-0.072
64.783,11.0,0.0,8.0,51.1086,52.6526,1.544,0.009
64.793,11.0,0.0,8.0,51.1086,52.6536,1.545,0.074
64.803,11.0,0.0,8.0,51.1086,52.6546,1.546,0.126
64.813,11.0,0.0,8.0,51.1086,52.6556,1.547,0.135
64.823,11.0,0.0,8.0,51.1086,52.6563,1.5477,0.014
64.833,11.0,0.0,8.0,51.1086,52.6566,1.548,0.044
64.843,11.0,0.0,8.0,51.1086,52.6573,1.5487,-0.035
64.853,11.0,0.0,8.0,51.1086,52.6576,1.549,-0.103
64.863,11.0,0.0,8.0,51.1086,52.6587,1.5501,0.088
64.873,11.0,0.0,8.0,51.1086,52.6597,1.5511,0.013
64.883,11.0,0.0,8.0,51.1086,52.6601,1.5515,-0.032
64.893,3.0,3.0,0.0,52.8398,52.6597,-0.1801,0.012
64.903,3.0,3.0,0.0,52.8398,52.6604,-0.1794,0.076
64.913,3.0,3.0,0.0,52.8398,52.6604,-0.1794,-0.05
64.923,3.0,3.0,0.0,52.8398,52.661,-0.1788,-0.057
64.933,3.0,3.0,0.0,52.8398,52.6624,-0.1774,0.08
64.943,3.0,3.0,0.0,52.8398,52.6624,-0.1774,0.01
64.953,3.0,3.0,0.0,52.8398,52.6624,-0.1774,0.061
64.963,3.0,3.0,0.0,52.8398,52.6627,-0.1771,0.076
64.973,3.0,3.0,0.0,52.8398,52.6637,-0.1761,-0.019
64.983,3.0,3.0,0.0,52.8398,52.6641,-0.1757,0.083
64.993,3.0,3.0,0.0,52.8398,52.664,-0.1758,0.122
65.003,3.0,3.0,0.0,52.8398,52.6654,-0.1744,0.061
65.013,3.0,3.0,0.0,52.8398,52.6658,-0.174,0.09
65.023,3.0,3.0,0.0,52.8398,52.6668,-0.173,-0.005
65.033,3.0,3.0,0.0,52.8398,52.6675,-0.1723,0.003
65.043,3.0,3.0,0.0,52.8398,52.6675,-0.1723,0.043
65.053,3.0,3.0,0.0,52.8398,52.6684,-0.1714,0.032
65.063,3.0,3.0,0.0,52.8398,52.6702,-0.1696,0.018
65.073,3.0,3.0,0.0,52.8398,52.6698,-0.17,0.022
65.083,3.0,3.0,0.0,52.8398,52.6702,-0.1696,0.059
65.093,3.0,3.0,0.0,52.8398,52.6695,-0.1703,-0.05
65.103,3.0,3.0,0.0,52.8398,52.6698,-0.17,0.017
65.113,3.0,3.0,0.0,52.8398,52.6705,-0.1693,0.063
65.123,3.0,3.0,0.0,52.8398,52.6708,-0.169,0.008
65.133,3.0,3.0,0.0,52.8398,52.6715,-0.1683,0.031
65.143,3.0,3.0,0.0,52.8398,52.6718,-0.168,-0.059
65.153,3.0,3.0,0.0,52.8398,52.6725,-0.1673,-0.052
65.163,3.0,3.0,0.0,52.8398,52.6728,-0.167,0.02
65.173,3.0,3.0,0.0,52.8398,52.6739,-0.1659,0.022
65.183,3.0,3.0,0.0,52.8398,52.6743,-0.1655,0.019
65.193,3.0,3.0,0.0,52.8398,52.6739,-0.1659,0.022
65.203,3.0,3.0,0.0,52.8398,52.6746,-0.1652,-0.042
65.213,3.0,3.0,0.0,52.8398,52.6746,-0.1652,0.019
65.223,3.0,3.0,0.0,52.8398,52.6746,-0.1652,-0.039
65.233,3.0,3.0,0.0,52.8398,52.6746,-0.1652,0.023
65.243,3.0,3.0,0.0,52.8398,52.6749,-0.1649,0.065
65.253,3.0,3.0,0.0,52.8398,52.6756,-0.1642,-0.034
65.263,3.0,3.0,0.0,52.8398,52.6759,-0.1639,-0.03
65.273,3.0,3.0,0.0,52.8398,52.6763,-0.1635,-0.068
65.283,3.0,3.0,0.0,52.8398,52.6756,-0.1642,0.019
65.293,3.0,3.0,0.0,52.8398,52.6756,-0.1642,0.046
65.303,3.0,3.0,0.0,52.8398,52.6759,-0.1639,0.019
65.313,3.0,3.0,0.0,52.8398,52.6766,-0.1632,0.06
65.323,3.0,3.0,0.0,52.8398,52.6763,-0.1635,0.023
65.333,3.0,3.0,0.0,52.8398,52.6756,-0.1642,-0.022
65.343,3.0,3.0,0.0,52.8398,52.6753,-0.1645,-0.038
65.353,3.0,3.0,0.0,52.8398,52.6746,-0.1652,-0.065
65.363,3.0,3.0,0.0,52.8398,52.6749,-0.1649,0.066
65.373,3.0,3.0,0.0,52.8398,52.6753,-0.1645,0.042
65.383,3.0,3.0,0.0,52.8398,52.6749,-0.1649,0.05
65.393,3.0,3.0,0.0,52.8398,52.6753,-0.1645,-0.008
65.403,3.0,3.0,0.0,52.8398,52.6749,-0.1649,0.004
65.413,3.0,3.0,0.0,52.8398,52.6753,-0.1645,0.167
65.423,3.0,3.0,0.0,52.8398,52.6746,-0.1652,0.149
65.433,3.0,3.0,0.0,52.8398,52.6746,-0.1652,0.057
65.443,3.0,3.0,0.0,52.8398,52.6749,-0.1649,-0.029
65.453,3.0,3.0,0.0,52.8398,52.6756,-0.1642,-0.083
65.463,3.0,3.0,0.0,52.8398,52.6753,-0.1645,-0.044
65.473,3.0,3.0,0.0,52.8398,52.6749,-0.1649,0.022
65.483,3.0,3.0,0.0,52.8398,52.6759,-0.1639,0.121
65.493,3.0,3.0,0.0,52.8398,52.6766,-0.1632,0.035
65.503,3.0,3.0,0.0,52.8398,52.6766,-0.1632,0.035
65.513,3.0,3.0,0.0,52.8398,52.6769,-0.1629,0.13
65.523,3.0,3.0,0.0,52.8398,52.6773,-0.1625,0.013
65.533,3.0,3.0,0.0,52.8398,52.6766,-0.1632,0.12
65.543,3.0,3.0,0.0,52.8398,52.6769,-0.1629,0.147
65.553,3.0,3.0,0.0,52.8398,52.6776,-0.1622,-0.019
65.563,3.0,3.0,0.0,52.8398,52.6773,-0.1625,-0.07
65.573,3.0,3.0,0.0,52.8398,52.6769,-0.1629,-0.029
65.583,3.0,3.0,0.0,52.8398,52.6776,-0.1622,0.058
65.593,3.0,3.0,0.0,52.8398,52.6773,-0.1625,-0.041
65.603,3.0,3.0,0.0,52.8398,52.6769,-0.1629,0.003
65.613,3.0,3.0,0.0,52.8398,52.6776,-0.1622,0.117
65.623,3.0,3.0,0.0,52.8398,52.6776,-0.1622,0.054
65.633,3.0,3.0,0.0,52.8398,52.6776,-0.1622,0.115
65.643,3.0,3.0,0.0,52.8398,52.6776,-0.1622,0.058
65.653,3.0,3.0,0.0,52.8398,52.677,-0.1628,0.08
65.663,3.0,3.0,0.0,52.8398,52.6756,-0.1642,0.095
65.673,3.0,3.0,0.0,52.8398,52.6762,-0.1636,0.051
65.683,3.0,3.0,0.0,52.8398,52.6773,-0.1625,-0.076
65.693,3.0,3.0,0.0,52.8398,52.6766,-0.1632,0.03
65.703,3.0,3.0,0.0,52.8398,52.6763,-0.1635,-0.035
65.713,24.0,0.0,8.0,48.2954,52.6452,4.3498,-0.094
65.723,24.0,0.0,8.0,48.2954,52.4675,4.1721,-0.101
65.733,24.0,0.0,8.0,48.2954,52.0808,3.7854,-0.023
65.743,24.0,0.0,8.0,48.2954,51.6096,3.3142,-0.005
65.753,24.0,0.0,8.0,48.2954,51.1143,2.8189,-0.001
65.763,24.0,0.0,8.0,48.2954,50.6359,2.3405,0.007
65.773,24.0,0.0,8.0,48.2954,50.164,1.8686,-0.034
65.783,24.0,0.0,8.0,48.2954,49.6683,1.3729,0.043
65.793,24.0,0.0,8.0,48.2954,49.1703,0.8749,0.068
65.803,24.0,0.0,8.0,48.2954,48.6728,0.3774,-0.079
65.813,24.0,0.0,8.0,48.2954,48.1757,-0.1197,0.018
65.823,24.0,0.0,8.0,48.2954,47.679,-0.6164,0.05
65.833,24.0,0.0,8.0,48.2954,47.1718,-1.1236,0.041
65.843,24.0,0.0,8.0,48.2954,46.6673,-1.6281,0.062
65.853,24.0,0.0,8.0,48.2954,46.1603,-2.1351,-0.007
65.863,24.0,0.0,8.0,48.2954,45.6532,-2.6422,-0.004
65.873,24.0,0.0,8.0,48.2954,45.1451,-3.1503,-0.038
65.883,24.0,0.0,8.0,48.2954,44.6365,-3.6589,0.042
65.893,24.0,0.0,8.0,48.2954,44.1414,-4.154,0.129
65.903,24.0,0.0,8.0,48.2954,43.6478,-4.6476,0.094
65.913,24.0,0.0,8.0,48.2954,43.152,-5.1434,0.162
65.923,24.0,0.0,8.0,48.2954,42.6601,-5.6353,-0.068
65.933,24.0,0.0,8.0,48.2954,42.1598,-6.1356,-0.004
65.943,24.0,0.0,8.0,48.2954,41.6549,-6.6405,-0.002
65.953,24.0,0.0,8.0,48.2954,41.1573,-7.1381,0.008
65.963,80.0,0.0,10.0,36.177,40.6608,4.4838,-0.03
65.973,80.0,0.0,10.0,36.177,40.1479,3.9709,0.021
65.983,80.0,0.0,10.0,36.177,39.6319,3.4549,0.062
65.993,80.0,0.0,10.0,36.177,39.1165,2.9395,0.091
66.003,80.0,0.0,10.0,36.177,38.5981,2.4211,0.01
66.013,80.0,0.0,10.0,36.177,38.0948,1.9178,0.051
66.023,80.0,0.0,10.0,36.177,37.6009,1.4239,0.073
66.033,80.0,0.0,10.0,36.177,37.114,0.937,0.021
66.043,80.0,0.0,10.0,36.177,36.6196,0.4426,0.051
66.053,80.0,0.0,10.0,36.177,36.1363,-0.0407,0.092
66.063,80.0,0.0,10.0,36.177,35.6716,-0.5054,0.042
66.073,80.0,0.0,10.0,36.177,35.1506,-1.0264,-0.014
66.083,80.0,0.0,10.0,36.177,34.6635,-1.5135,0.056
66.093,80.0,0.0,10.0,36.177,34.1763,-2.0007,0.013
66.103,80.0,0.0,10.0,36.177,33.6532,-2.5238,-0.028
66.113,80.0,0.0,10.0,36.177,33.1605,-3.0165,-0.017
66.123,80.0,0.0,10.0,36.177,32.6645,-3.5125,-0.008
66.133,80.0,0.0,10.0,36.177,32.1458,-4.0312,0.031
66.143,80.0,0.0,10.0,36.177,31.6566,-4.5204,0.05
66.153,80.0,0.0,10.0,36.177,31.1622,-5.0148,0.02
66.163,80.0,0.0,10.0,36.177,30.654,-5.523,0.032
66.173,80.0,0.0,10.0,36.177,30.183,-5.994,0.037
66.183,80.0,0.0,10.0,36.177,29.691,-6.486,0.063
66.193,80.0,0.0,10.0,36.177,29.1828,-6.9942,0.111
66.203,135.0,0.0,8.0,24.275,28.7205,4.4455,0.145
66.213,135.0,0.0,8.0,24.275,28.2254,3.9504,0.112
66.223,135.0,0.0,8.0,24.275,27.7037,3.4287,-0.017
66.233,135.0,0.0,8.0,24.275,27.2113,2.9363,-0.081
66.243,135.0,0.0,8.0,24.275,26.7127,2.4377,0.042
66.253,135.0,0.0,8.0,24.275,26.1861,1.9111,0.06
66.263,135.0,0.0,8.0,24.275,25.6982,1.4232,0.015
66.273,135.0,0.0,8.0,24.275,25.2093,0.9343,-0.064
66.283,135.0,0.0,8.0,24.275,24.7014,0.4264,-0.036
66.293,135.0,0.0,8.0,24.275,24.1892,-0.0858,0.066
66.303,135.0,0.0,8.0,24.275,23.6423,-0.6327,0.087
66.313,135.0,0.0,8.0,24.275,23.134,-1.141,0.01
66.323,135.0,0.0,8.0,24.275,22.6368,-1.6382,0.127
66.333,135.0,0.0,8.0,24.275,22.1719,-2.1031,0.057
66.343,135.0,0.0,8.0,24.275,21.6616,-2.6134,0.0
66.353,135.0,0.0,8.0,24.275,21.1537,-3.1213,-0.01
66.363,135.0,0.0,8.0,24.275,20.6555,-3.6195,-0.008
66.373,135.0,0.0,8.0,24.275,20.132,-4.143,0.058
66.383,135.0,0.0,8.0,24.275,19.6482,-4.6268,0.119
66.393,135.0,0.0,8.0,24.275,19.1711,-5.1039,0.181
66.403,135.0,0.0,8.0,24.275,18.6599,-5.6151,0.084
66.413,135.0,0.0,8.0,24.275,18.1872,-6.0878,0.006
66.423,135.0,0.0,8.0,24.275,17.6897,-6.5853,0.013
66.433,135.0,0.0,8.0,24.275,17.1887,-7.0863,0.096
66.443,162.5,0.0,8.0,18.324,16.7171,-1.6069,0.082
66.453,190.0,0.0,8.0,12.373,16.2267,3.8537,-0.017
66.463,190.0,0.0,8.0,12.373,15.7134,3.3404,0.021
66.473,190.0,0.0,8.0,12.373,15.2414,2.8684,0.022
66.483,190.0,0.0,8.0,12.373,14.7422,2.3692,0.014
66.493,190.0,0.0,8.0,12.373,14.2298,1.8568,0.029
66.503,190.0,0.0,8.0,12.373,13.7649,1.3919,0.012
66.513,190.0,0.0,8.0,12.373,13.266,0.893,0.08
66.523,190.0,0.0,8.0,12.373,12.7565,0.3835,0.051
66.533,190.0,0.0,8.0,12.373,12.2883,-0.0847,-0.002
66.543,190.0,0.0,8.0,12.373,11.7751,-0.5979,0.032
66.553,190.0,0.0,8.0,12.373,11.2696,-1.1034,0.052
66.563,190.0,0.0,8.0,12.373,10.7869,-1.5861,0.058
66.573,190.0,0.0,8.0,12.373,10.2785,-2.0945,-0.051
66.583,190.0,0.0,8.0,12.373,9.773,-2.6,-0.082
66.593,190.0,0.0,8.0,12.373,9.29,-3.083,-0.02
66.603,190.0,0.0,8.0,12.373,8.7701,-3.6029,0.058
66.613,190.0,0.0,8.0,12.373,8.2618,-4.1112,0.095
66.623,190.0,0.0,8.0,12.373,7.7698,-4.6032,0.105
66.633,190.0,0.0,8.0,12.373,7.2573,-5.1157,0.02
66.643,190.0,0.0,8.0,12.373,6.7726,-5.6004,-0.068
66.653,190.0,0.0,8.0,12.373,6.3103,-6.0627,-0.051
66.663,190.0,0.0,8.0,12.373,5.8008,-6.5722,0.039
66.673,190.0,0.0,8.0,12.373,5.2982,-7.0748,-0.047
66.683,190.0,0.0,8.0,12.373,4.8235,-7.5495,0.089
66.693,244.0,0.0,75.0,0.6874,4.3355,3.6481,0.086
66.703,244.0,0.0,75.0,0.6874,3.8216,3.1342,0.0
66.713,244.0,0.0,75.0,0.6874,3.3392,2.6518,0.079
66.723,244.0,0.0,75.0,0.6874,2.8442,2.1568,0.029
66.733,244.0,0.0,75.0,0.6874,2.3311,1.6437,0.106
66.743,244.0,0.0,75.0,0.6874,1.8447,1.1573,0.124
66.753,244.0,0.0,75.0,0.6874,1.3301,0.6427,0.073
66.763,244.0,0.0,75.0,0.6874,0.8252,0.1378,-0.017
66.773,244.0,0.0,75.0,0.6874,0.3996,-0.2878,-0.026
66.783,244.0,0.0,75.0,0.6874,0.1385,-0.5489,-0.038
66.793,244.0,0.0,75.0,0.6874,0.1087,-0.5787,0.004
66.803,244.0,0.0,75.0,0.6874,0.1087,-0.5787,0.073
66.813,244.0,0.0,75.0,0.6874,0.109,-0.5784,0.115
66.823,244.0,0.0,75.0,0.6874,0.1094,-0.578,0.046
66.833,244.0,0.0,75.0,0.6874,0.109,-0.5784,-0.008
66.843,244.0,0.0,75.0,0.6874,0.1097,-0.5777,0.043
66.853,244.0,0.0,75.0,0.6874,0.1097,-0.5777,0.046
66.863,244.0,0.0,75.0,0.6874,0.11,-0.5774,0.065
66.873,244.0,0.0,75.0,0.6874,0.1107,-0.5767,0.014
66.883,244.0,0.0,75.0,0.6874,0.1107,-0.5767,-0.003
66.893,244.0,0.0,75.0,0.6874,0.1107,-0.5767,0.06
66.903,244.0,0.0,75.0,0.6874,0.1104,-0.577,0.053
66.913,244.0,0.0,75.0,0.6874,0.1097,-0.5777,0.095
66.923,244.0,0.0,75.0,0.6874,0.1097,-0.5777,0.143
66.933,244.0,1.5,37.5,0.6874,0.11,-0.5774,0.073
66.943,244.0,3.0,0.0,0.6874,0.1111,-0.5763,0.04
66.953,244.0,3.0,0.0,0.6874,0.1118,-0.5756,0.077
66.963,244.0,3.0,0.0,0.6874,0.1118,-0.5756,0.047
66.973,244.0,3.0,0.0,0.6874,0.1118,-0.5756,0.013
66.983,244.0,3.0,0.0,0.6874,0.1118,-0.5756,-0.082
66.993,244.0,3.0,0.0,0.6874,0.1118,-0.5756,0.03
67.003,244.0,3.0,0.0,0.6874,0.1121,-0.5753,-0.021
67.013,244.0,3.0,0.0,0.6874,0.1131,-0.5743,0.028
67.023,244.0,3.0,0.0,0.6874,0.1138,-0.5736,0.002
67.033,244.0,3.0,0.0,0.6874,0.1135,-0.5739,0.058
67.043,244.0,3.0,0.0,0.6874,0.1128,-0.5746,0.061
67.053,244.0,3.0,0.0,0.6874,0.1131,-0.5743,0.045
67.063,244.0,3.0,0.0,0.6874,0.1135,-0.5739,0.108
67.073,244.0,3.0,0.0,0.6874,0.1131,-0.5743,0.072
67.083,244.0,3.0,0.0,0.6874,0.1135,-0.5739,0.04
67.093,244.0,3.0,0.0,0.6874,0.1128,-0.5746,0.121
67.103,244.0,3.0,0.0,0.6874,0.1125,-0.5749,0.154
67.113,244.0,3.0,0.0,0.6874,0.1118,-0.5756,0.092
67.123,244.0,3.0,0.0,0.6874,0.1118,-0.5756,0.037
67.133,244.0,3.0,0.0,0.6874,0.1118,-0.5756,-0.006
67.143,244.0,3.0,0.0,0.6874,0.1115,-0.5759,0.148
67.153,244.0,3.0,0.0,0.6874,0.1111,-0.5763,0.184
67.163,244.0,3.0,0.0,0.6874,0.1118,-0.5756,0.118
67.173,244.0,3.0,0.0,0.6874,0.1118,-0.5756,0.001
67.183,244.0,3.0,0.0,0.6874,0.1121,-0.5753,-0.018
67.193,244.0,3.0,0.0,0.6874,0.1128,-0.5746,-0.033
67.203,244.0,3.0,0.0,0.6874,0.1131,-0.5743,-0.064
67.213,244.0,3.0,0.0,0.6874,0.1135,-0.5739,0.061
67.223,244.0,3.0,0.0,0.6874,0.1125,-0.5749,-0.039
67.233,244.0,3.0,0.0,0.6874,0.1121,-0.5753,0.053
67.243,244.0,3.0,0.0,0.6874,0.1125,-0.5749,-0.038
67.253,244.0,3.0,0.0,0.6874,0.1118,-0.5756,0.013
67.263,244.0,3.0,0.0,0.6874,0.1124,-0.575,0.095
67.273,244.0,3.0,0.0,0.6874,0.1135,-0.5739,0.163
67.283,244.0,3.0,0.0,0.6874,0.1128,-0.5746,0.194
67.293,244.0,3.0,0.0,0.6874,0.1128,-0.5746,0.028
67.303,244.0,3.0,0.0,0.6874,0.1131,-0.5743,-0.062
67.313,244.0,3.0,0.0,0.6874,0.1135,-0.5739,0.012
67.323,244.0,3.0,0.0,0.6874,0.1131,-0.5743,0.038
67.333,244.0,3.0,0.0,0.6874,0.1138,-0.5736,0.094
67.343,244.0,3.0,0.0,0.6874,0.1138,-0.5736,-0.003
67.353,244.0,3.0,0.0,0.6874,0.1138,-0.5736,-0.01
67.363,244.0,3.0,0.0,0.6874,0.1138,-0.5736,0.07
67.373,244.0,3.0,0.0,0.6874,0.1135,-0.5739,0.038
67.383,244.0,3.0,0.0,0.6874,0.1131,-0.5743,-0.018
67.393,244.0,3.0,0.0,0.6874,0.1138,-0.5736,-0.038
67.403,244.0,3.0,0.0,0.6874,0.1138,-0.5736,0.102
67.413,244.0,3.0,0.0,0.6874,0.1138,-0.5736,0.069
67.423,244.0,3.0,0.0,0.6874,0.1141,-0.5733,-0.047
67.433,244.0,3.0,0.0,0.6874,0.1148,-0.5726,-0.018
67.443,244.0,3.0,0.0,0.6874,0.1151,-0.5723,0.086
67.453,244.0,3.0,0.0,0.6874,0.1158,-0.5716,0.008
67.463,244.0,3.0,0.0,0.6874,0.1155,-0.5719,0.031
67.473,244.0,3.0,0.0,0.6874,0.1148,-0.5726,-0.014
67.483,244.0,3.0,0.0,0.6874,0.1148,-0.5726,0.07
67.493,244.0,3.0,0.0,0.6874,0.1148,-0.5726,0.003
67.503,244.0,3.0,0.0,0.6874,0.1148,-0.5726,-0.135
67.513,244.0,3.0,0.0,0.6874,0.1154,-0.572,-0.013
67.523,244.0,3.0,0.0,0.6874,0.1165,-0.5709,0.027
67.533,244.0,3.0,0.0,0.6874,0.1158,-0.5716,-0.003
67.543,244.0,3.0,0.0,0.6874,0.1161,-0.5713,-0.03
67.553,244.0,3.0,0.0,0.6874,0.1162,-0.5712,0.035
67.563,244.0,3.0,0.0,0.6874,0.1148,-0.5726,0.051
67.573,244.0,3.0,0.0,0.6874,0.1145,-0.5729,0.027
67.583,244.0,3.0,0.0,0.6874,0.1138,-0.5736,0.13
67.593,244.0,3.0,0.0,0.6874,0.1138,-0.5736,0.091
67.603,244.0,3.0,0.0,0.6874,0.1138,-0.5736,0.019
67.613,244.0,3.0,0.0,0.6874,0.1141,-0.5733,0.069
67.623,244.0,3.0,0.0,0.6874,0.1145,-0.5729,0.099
67.633,244.0,3.0,0.0,0.6874,0.1141,-0.5733,0.155
67.643,244.0,3.0,0.0,0.6874,0.1151,-0.5723,0.149
67.653,244.0,3.0,0.0,0.6874,0.1158,-0.5716,0.07
67.663,244.0,3.0,0.0,0.6874,0.1152,-0.5722,0.029
67.673,244.0,3.0,0.0,0.6874,0.1141,-0.5733,-0.031
67.683,244.0,3.0,0.0,0.6874,0.1145,-0.5729,-0.046
67.693,244.0,3.0,0.0,0.6874,0.1141,-0.5733,-0.014
67.703,244.0,3.0,0.0,0.6874,0.1148,-0.5726,-0.005
67.713,244.0,3.0,0.0,0.6874,0.1148,-0.5726,0.097
67.723,244.0,3.0,0.0,0.6874,0.1148,-0.5726,0.068
67.733,244.0,3.0,0.0,0.6874,0.1148,-0.5726,0.034
67.743,244.0,3.0,0.0,0.6874,0.1151,-0.5723,0.069
67.753,244.0,3.0,0.0,0.6874,0.1158,-0.5716,0.021
67.763,244.0,3.0,0.0,0.6874,0.1155,-0.5719,0.13
67.773,244.0,3.0,0.0,0.6874,0.1148,-0.5726,0.087
67.783,244.0,3.0,0.0,0.6874,0.1145,-0.5729,0.046
67.793,244.0,3.0,0.0,0.6874,0.1135,-0.5739,-0.001
67.803,244.0,3.0,0.0,0.6874,0.1134,-0.574,0.019
67.813,244.0,3.0,0.0,0.6874,0.1145,-0.5729,0.074
67.823,244.0,3.0,0.0,0.6874,0.1144,-0.573,0.087
67.833,244.0,3.0,0.0,0.6874,0.1158,-0.5716,0.07
67.843,244.0,3.0,0.0,0.6874,0.1158,-0.5716,0.081
67.853,244.0,3.0,0.0,0.6874,0.1155,-0.5719,0.061
67.863,244.0,3.0,0.0,0.6874,0.1148,-0.5726,-0.013
67.873,244.0,3.0,0.0,0.6874,0.1148,-0.5726,-0.076
67.883,244.0,3.0,0.0,0.6874,0.1145,-0.5729,-0.016
67.893,244.0,3.0,0.0,0.6874,0.1141,-0.5733,0.058
67.903,244.0,3.0,0.0,0.6874,0.1148,-0.5726,-0.037
67.913,244.0,3.0,0.0,0.6874,0.1148,-0.5726,-0.04
67.923,244.0,3.0,0.0,0.6874,0.1151,-0.5723,-0.008
67.933,244.0,3.0,0.0,0.6874,0.1161,-0.5713,0.05
67.943,244.0,3.0,0.0,0.6874,0.1168,-0.5706,0.128
67.953,244.0,3.0,0.0,0.6874,0.1168,-0.5706,0.095
67.963,244.0,3.0,0.0,0.6874,0.1168,-0.5706,-0.004
67.973,244.0,3.0,0.0,0.6874,0.1162,-0.5712,-0.048
67.983,244.0,3.0,0.0,0.6874,0.1154,-0.572,-0.039
67.993,244.0,3.0,0.0,0.6874,0.1168,-0.5706,0.003
68.003,244.0,3.0,0.0,0.6874,0.1165,-0.5709,0.01
68.013,244.0,3.0,0.0,0.6874,0.1161,-0.5713,-0.037
68.023,244.0,3.0,0.0,0.6874,0.1171,-0.5703,0.026
68.033,244.0,3.0,0.0,0.6874,0.1175,-0.5699,-0.016
68.043,244.0,3.0,0.0,0.6874,0.1171,-0.5703,0.072
68.053,244.0,3.0,0.0,0.6874,0.1175,-0.5699,0.001
68.063,244.0,3.0,0.0,0.6874,0.1168,-0.5706,-0.027
68.073,244.0,3.0,0.0,0.6874,0.1168,-0.5706,-0.05
68.083,244.0,3.0,0.0,0.6874,0.1165,-0.5709,-0.105
68.093,244.0,3.0,0.0,0.6874,0.1161,-0.5713,-0.038
68.103,244.0,3.0,0.0,0.6874,0.1168,-0.5706,-0.002
68.113,244.0,3.0,0.0,0.6874,0.1168,-0.5706,0.018
68.123,244.0,3.0,0.0,0.6874,0.1168,-0.5706,-0.044
68.133,244.0,3.0,0.0,0.6874,0.1171,-0.5703,-0.079
68.143,244.0,3.0,0.0,0.6874,0.1178,-0.5696,0.01
68.153,244.0,3.0,0.0,0.6874,0.1178,-0.5696,0.042
68.163,244.0,3.0,0.0,0.6874,0.1172,-0.5702,0.074
68.173,244.0,3.0,0.0,0.6874,0.1158,-0.5716,0.096
68.183,244.0,3.0,0.0,0.6874,0.1158,-0.5716,0.111
68.193,244.0,3.0,0.0,0.6874,0.1155,-0.5719,0.159
68.203,244.0,3.0,0.0,0.6874,0.1151,-0.5723,0.193
68.213,244.0,3.0,0.0,0.6874,0.1158,-0.5716,0.121
68.223,244.0,3.0,0.0,0.6874,0.1158,-0.5716,-0.014
68.233,244.0,3.0,0.0,0.6874,0.1158,-0.5716,0.075
68.243,244.0,3.0,0.0,0.6874,0.1164,-0.571,0.073
68.253,207.0,0.0,9.0,8.6942,0.1729,-8.5213,0.021
68.263,207.0,0.0,9.0,8.6942,0.5141,-8.1801,0.028
68.273,207.0,0.0,9.0,8.6942,1.2581,-7.4361,0.036
68.283,207.0,0.0,9.0,8.6942,2.1046,-6.5896,0.032
68.293,207.0,0.0,9.0,8.6942,2.9959,-5.6983,-0.061
68.303,207.0,0.0,9.0,8.6942,3.8569,-4.8373,0.008
68.313,207.0,0.0,9.0,8.6942,4.7074,-3.9868,0.05
68.323,207.0,0.0,9.0,8.6942,5.6153,-3.0789,0.021
68.333,207.0,0.0,9.0,8.6942,6.4768,-2.2174,0.022
68.343,207.0,0.0,9.0,8.6942,7.3305,-1.3637,-0.015
68.353,207.0,0.0,9.0,8.6942,8.2254,-0.4688,-0.02
68.363,207.0,0.0,9.0,8.6942,9.0957,0.4015,0.067
68.373,207.0,0.0,9.0,8.6942,9.9784,1.2842,0.055
68.383,207.0,0.0,9.0,8.6942,10.8593,2.1651,-0.047
68.393,207.0,0.0,9.0,8.6942,11.7346,3.0404,0.013
68.403,207.0,0.0,9.0,8.6942,12.6309,3.9367,0.016
68.413,207.0,0.0,9.0,8.6942,13.512,4.8178,0.115
68.423,207.0,0.0,9.0,8.6942,14.4258,5.7316,0.091
68.433,207.0,0.0,9.0,8.6942,15.3101,6.6159,0.094
68.443,207.0,0.0,9.0,8.6942,16.1661,7.4719,-0.015
68.453,207.0,0.0,9.0,8.6942,17.038,8.3438,-0.104
68.463,207.0,0.0,9.0,8.6942,17.9116,9.2174,0.061
68.473,207.0,0.0,9.0,8.6942,18.7733,10.0791,0.105
68.483,207.0,0.0,9.0,8.6942,19.6344,10.9402,0.048
68.493,207.0,0.0,9.0,8.6942,20.5138,11.8196,0.067
68.503,109.0,0.0,8.0,29.9014,21.4054,-8.496,0.094
68.513,109.0,0.0,8.0,29.9014,22.2819,-7.6195,0.029
68.523,109.0,0.0,8.0,29.9014,23.1368,-6.7646,0.008
68.533,109.0,0.0,8.0,29.9014,24.0265,-5.8749,0.078
68.543,109.0,0.0,8.0,29.9014,24.9485,-4.9529,0.079
68.553,109.0,0.0,8.0,29.9014,25.8923,-4.0091,-0.009
68.563,109.0,0.0,8.0,29.9014,26.7077,-3.1937,-0.018
68.573,109.0,0.0,8.0,29.9014,27.7342,-2.1672,-0.008
68.583,109.0,0.0,8.0,29.9014,28.6306,-1.2708,-0.031
68.593,109.0,0.0,8.0,29.9014,29.5034,-0.398,0.054
68.603,109.0,0.0,8.0,29.9014,30.3746,0.4732,0.104
68.613,109.0,0.0,8.0,29.9014,31.2399,1.3385,0.174
68.623,109.0,0.0,8.0,29.9014,32.1438,2.2424,0.08
68.633,109.0,0.0,8.0,29.9014,33.0345,3.1331,0.002
68.643,109.0,0.0,8.0,29.9014,33.9065,4.0051,0.043
68.653,109.0,0.0,8.0,29.9014,34.7996,4.8982,-0.023
68.663,109.0,0.0,8.0,29.9014,35.6606,5.7592,0.014
68.673,109.0,0.0,8.0,29.9014,36.5357,6.6343,-0.008
68.683,109.0,0.0,8.0,29.9014,37.3904,7.489,0.049
68.693,109.0,0.0,8.0,29.9014,38.265,8.3636,0.02
68.703,109.0,0.0,8.0,29.9014,39.1688,9.2674,-0.019
68.713,109.0,0.0,8.0,29.9014,40.04,10.1386,0.043
68.723,109.0,0.0,8.0,29.9014,40.9381,11.0367,0.027
68.733,109.0,0.0,8.0,29.9014,41.8104,11.909,0.055
68.743,11.0,0.0,8.0,51.1086,42.672,-8.4366,0.111
68.753,11.0,0.0,8.0,51.1086,43.5483,-7.5603,0.022
68.763,11.0,0.0,8.0,51.1086,44.4239,-6.6847,0.024
68.773,11.0,0.0,8.0,51.1086,45.3006,-5.808,0.066
68.783,11.0,0.0,8.0,51.1086,46.1872,-4.9214,0.042
68.793,11.0,0.0,8.0,51.1086,47.0902,-4.0184,0.075
68.803,11.0,0.0,8.0,51.1086,47.9849,-3.1237,0.086
68.813,11.0,0.0,8.0,51.1086,48.8613,-2.2473,0.084
68.823,11.0,0.0,8.0,51.1086,49.7323,-1.3763,0.081
68.833,11.0,0.0,8.0,51.1086,50.5956,-0.513,-0.047
68.843,11.0,0.0,8.0,51.1086,51.4738,0.3652,-0.086
68.853,11.0,0.0,8.0,51.1086,52.2036,1.095,-0.072
68.863,11.0,0.0,8.0,51.1086,52.5499,1.4413,-0.021
68.873,11.0,0.0,8.0,51.1086,52.6563,1.5477,-0.053
68.883,11.0,0.0,8.0,51.1086,52.6566,1.548,-0.03
68.893,11.0,0.0,8.0,51.1086,52.6576,1.549,0.096
68.903,11.0,0.0,8.0,51.1086,52.659,1.5504,0.045
68.913,11.0,0.0,8.0,51.1086,52.6604,1.5518,0.128
68.923,11.0,0.0,8.0,51.1086,52.6604,1.5518,0.079
68.933,11.0,0.0,8.0,51.1086,52.6607,1.5521,-0.075
68.943,11.0,0.0,8.0,51.1086,52.6617,1.5531,0.002
68.953,11.0,0.0,8.0,51.1086,52.6627,1.5541,0.021
68.963,11.0,0.0,8.0,51.1086,52.6634,1.5548,0.091
68.973,11.0,0.0,8.0,51.1086,52.6637,1.5551,-0.014
68.983,11.0,0.0,8.0,51.1086,52.6647,1.5561,0.032
68.993,3.0,3.0,0.0,52.8398,52.6661,-0.1737,-0.017
69.003,3.0,3.0,0.0,52.8398,52.6678,-0.172,-0.096
69.013,3.0,3.0,0.0,52.8398,52.6688,-0.171,0.018
69.023,3.0,3.0,0.0,52.8398,52.6701,-0.1697,0.082
69.033,3.0,3.0,0.0,52.8398,52.6721,-0.1677,0.068
69.043,3.0,3.0,0.0,52.8398,52.6739,-0.1659,0.074
69.053,3.0,3.0,0.0,52.8398,52.6749,-0.1649,-0.027
69.063,3.0,3.0,0.0,52.8398,52.6762,-0.1636,-0.015
69.073,3.0,3.0,0.0,52.8398,52.6782,-0.1616,0.06
69.083,3.0,3.0,0.0,52.8398,52.6799,-0.1599,0.078
69.093,3.0,3.0,0.0,52.8398,52.681,-0.1588,0.096
69.103,3.0,3.0,0.0,52.8398,52.6817,-0.1581,0.022
69.113,3.0,3.0,0.0,52.8398,52.6817,-0.1581,0.079
69.123,3.0,3.0,0.0,52.8398,52.682,-0.1578,-0.011
69.133,3.0,3.0,0.0,52.8398,52.6827,-0.1571,-0.033
69.143,3.0,3.0,0.0,52.8398,52.6827,-0.1571,-0.003
69.153,3.0,3.0,0.0,52.8398,52.6827,-0.1571,0.108
69.163,3.0,3.0,0.0,52.8398,52.6824,-0.1574,0.161
69.173,3.0,3.0,0.0,52.8398,52.682,-0.1578,0.087
69.183,3.0,3.0,0.0,52.8398,52.683,-0.1568,0.145
69.193,3.0,3.0,0.0,52.8398,52.6831,-0.1567,0.05
69.203,3.0,3.0,0.0,52.8398,52.6823,-0.1575,0.026
69.213,3.0,3.0,0.0,52.8398,52.684,-0.1558,0.073
69.223,3.0,3.0,0.0,52.8398,52.6844,-0.1554,0.095
69.233,3.0,3.0,0.0,52.8398,52.6837,-0.1561,0.026
69.243,3.0,3.0,0.0,52.8398,52.6837,-0.1561,0.024
69.253,3.0,3.0,0.0,52.8398,52.684,-0.1558,-0.033
69.263,3.0,3.0,0.0,52.8398,52.6847,-0.1551,-0.013
69.273,3.0,3.0,0.0,52.8398,52.6847,-0.1551,0.032
69.283,3.0,3.0,0.0,52.8398,52.6847,-0.1551,0.033
69.293,3.0,3.0,0.0,52.8398,52.685,-0.1548,0.037
69.303,3.0,3.0,0.0,52.8398,52.6854,-0.1544,-0.005
69.313,3.0,3.0,0.0,52.8398,52.6847,-0.1551,-0.071
69.323,3.0,3.0,0.0,52.8398,52.685,-0.1548,0.059
69.333,3.0,3.0,0.0,52.8398,52.686,-0.1538,0.072
69.343,3.0,3.0,0.0,52.8398,52.6864,-0.1534,0.119
69.353,3.0,3.0,0.0,52.8398,52.6857,-0.1541,0.107
69.363,3.0,3.0,0.0,52.8398,52.6857,-0.1541,0.09
69.373,3.0,3.0,0.0,52.8398,52.686,-0.1538,0.005
69.383,3.0,3.0,0.0,52.8398,52.6867,-0.1531,0.026
69.393,3.0,3.0,0.0,52.8398,52.6867,-0.1531,0.062
69.403,3.0,3.0,0.0,52.8398,52.6867,-0.1531,0.077
69.413,3.0,3.0,0.0,52.8398,52.6867,-0.1531,0.008
69.423,3.0,3.0,0.0,52.8398,52.6864,-0.1534,-0.02
69.433,3.0,3.0,0.0,52.8398,52.686,-0.1538,0.019
69.443,3.0,3.0,0.0,52.8398,52.6867,-0.1531,-0.053
69.453,3.0,3.0,0.0,52.8398,52.6867,-0.1531,0.003
69.463,3.0,3.0,0.0,52.8398,52.6867,-0.1531,0.156
69.473,3.0,3.0,0.0,52.8398,52.6867,-0.1531,0.11
69.483,3.0,3.0,0.0,52.8398,52.6867,-0.1531,0.075
69.493,3.0,3.0,0.0,52.8398,52.6864,-0.1534,0.153
69.503,3.0,3.0,0.0,52.8398,52.686,-0.1538,0.082
69.513,3.0,3.0,0.0,52.8398,52.6864,-0.1534,0.038
69.523,3.0,3.0,0.0,52.8398,52.6863,-0.1535,0.041
69.533,3.0,3.0,0.0,52.8398,52.6874,-0.1524,0.068
69.543,3.0,3.0,0.0,52.8398,52.6867,-0.1531,-0.001
69.553,3.0,3.0,0.0,52.8398,52.6867,-0.1531,0.053
69.563,3.0,3.0,0.0,52.8398,52.687,-0.1528,0.144
69.573,3.0,3.0,0.0,52.8398,52.6877,-0.1521,0.055
69.583,3.0,3.0,0.0,52.8398,52.6877,-0.1521,0.057
69.593,3.0,3.0,0.0,52.8398,52.688,-0.1518,0.06
69.603,3.0,3.0,0.0,52.8398,52.6885,-0.1513,0.017
69.613,3.0,3.0,0.0,52.8398,52.6877,-0.1521,0.146
69.623,3.0,3.0,0.0,52.8398,52.6877,-0.1521,-0.005
69.633,3.0,3.0,0.0,52.8398,52.6877,-0.1521,0.008
69.643,3.0,3.0,0.0,52.8398,52.688,-0.1518,0.069
69.653,3.0,3.0,0.0,52.8398,52.6885,-0.1513,0.075
69.663,3.0,3.0,0.0,52.8398,52.688,-0.1518,0.045
69.673,3.0,3.0,0.0,52.8398,52.6885,-0.1513,-0.01
69.683,3.0,3.0,0.0,52.8398,52.6877,-0.1521,-0.008
69.693,3.0,3.0,0.0,52.8398,52.6877,-0.1521,0.072
69.703,3.0,3.0,0.0,52.8398,52.6874,-0.1524,0.134
69.713,3.0,3.0,0.0,52.8398,52.6867,-0.1531,0.135
69.723,3.0,3.0,0.0,52.8398,52.687,-0.1528,0.102
69.733,3.0,3.0,0.0,52.8398,52.6877,-0.1521,0.09
69.743,3.0,3.0,0.0,52.8398,52.6877,-0.1521,0.074
69.753,3.0,3.0,0.0,52.8398,52.6877,-0.1521,0.014
69.763,3.0,3.0,0.0,52.8398,52.688,-0.1518,0.11
69.773,3.0,3.0,0.0,52.8398,52.6885,-0.1513,0.134
69.783,3.0,3.0,0.0,52.8398,52.6877,-0.1521,-0.002
69.793,3.0,3.0,0.0,52.8398,52.6877,-0.1521,-0.018
69.803,3.0,3.0,0.0,52.8398,52.6874,-0.1524,0.144
69.813,3.0,3.0,0.0,52.8398,52.6177,-0.2221,0.124
69.823,26.5,0.0,8.0,47.7544,52.1952,4.4408,0.038
69.833,50.0,0.0,8.0,42.669,51.2681,8.5991,0.091
69.843,50.0,0.0,8.0,42.669,50.2136,7.5446,-0.001
69.853,50.0,0.0,8.0,42.669,49.1419,6.4729,0.014
69.863,50.0,0.0,8.0,42.669,48.018,5.349,0.058
69.873,50.0,0.0,8.0,42.669,46.9032,4.2342,0.095
69.883,50.0,0.0,8.0,42.669,45.7919,3.1229,0.114
69.893,50.0,0.0,8.0,42.669,44.6539,1.9849,0.046
69.903,50.0,0.0,8.0,42.669,43.54,0.871,-0.037
69.913,50.0,0.0,8.0,42.669,42.4476,-0.2214,-0.034
69.923,50.0,0.0,8.0,42.669,41.3175,-1.3515,0.014
69.933,50.0,0.0,8.0,42.669,40.1935,-2.4755,0.073
69.943,50.0,0.0,8.0,42.669,39.0521,-3.6169,0.12
69.953,50.0,0.0,8.0,42.669,37.9139,-4.7551,0.078
69.963,50.0,0.0,8.0,42.669,36.8149,-5.8541,0.023
69.973,50.0,0.0,8.0,42.669,35.7082,-6.9608,0.029
69.983,50.0,0.0,8.0,42.669,34.5908,-8.0782,0.102
69.993,50.0,0.0,8.0,42.669,33.4843,-9.1847,0.099
70.003,50.0,0.0,8.0,42.669,32.3368,-10.3322,0.026
70.013,50.0,0.0,8.0,42.669,31.2188,-11.4502,-0.046
70.023,50.0,0.0,8.0,42.669,30.0932,-12.5758,0.048
70.033,50.0,0.0,8.0,42.669,29.0049,-13.6641,0.156
70.043,50.0,0.0,8.0,42.669,27.8789,-14.7901,0.125
70.053,50.0,0.0,8.0,42.669,26.6707,-15.9983,0.115
70.063,50.0,0.0,8.0,42.669,25.3974,-17.2716,0.13
70.073,151.0,3.0,0.0,20.8126,24.3114,3.4988,-0.031
70.083,151.0,3.0,0.0,20.8126,23.1897,2.3771,-0.007
70.093,151.0,3.0,0.0,20.8126,22.0871,1.2745,0.129
70.103,151.0,3.0,0.0,20.8126,21.2628,0.4502,0.114
70.113,151.0,3.0,0.0,20.8126,21.0045,0.1919,0.11
70.123,151.0,3.0,0.0,20.8126,20.8781,0.0655,0.134
70.133,151.0,3.0,0.0,20.8126,20.8815,0.0689,0.018
70.143,151.0,3.0,0.0,20.8126,20.8829,0.0703,-0.011
70.153,151.0,3.0,0.0,20.8126,20.8829,0.0703,0.024
70.163,151.0,3.0,0.0,20.8126,20.8826,0.07,0.086
70.173,151.0,3.0,0.0,20.8126,20.8819,0.0693,0.092
70.183,151.0,3.0,0.0,20.8126,20.8819,0.0693,0.07
70.193,151.0,3.0,0.0,20.8126,20.8819,0.0693,0.038
70.203,151.0,3.0,0.0,20.8126,20.8813,0.0687,0.026
70.213,151.0,3.0,0.0,20.8126,20.8799,0.0673,-0.0
70.223,151.0,3.0,0.0,20.8126,20.8799,0.0673,-0.055
70.233,151.0,3.0,0.0,20.8126,20.8802,0.0676,0.119
70.243,151.0,3.0,0.0,20.8126,20.8806,0.068,0.151
70.253,151.0,3.0,0.0,20.8126,20.8799,0.0673,0.024
70.263,151.0,3.0,0.0,20.8126,20.8796,0.067,0.049
70.273,151.0,3.0,0.0,20.8126,20.8789,0.0663,0.034
70.283,151.0,3.0,0.0,20.8126,20.8789,0.0663,0.019
70.293,151.0,3.0,0.0,20.8126,20.8792,0.0666,0.07
70.303,151.0,3.0,0.0,20.8126,20.8796,0.067,0.053
70.313,151.0,3.0,0.0,20.8126,20.8789,0.0663,0.003
70.323,151.0,3.0,0.0,20.8126,20.8789,0.0663,0.02
70.333,151.0,3.0,0.0,20.8126,20.8789,0.0663,-0.014
70.343,151.0,3.0,0.0,20.8126,20.8789,0.0663,0.05
70.353,151.0,3.0,0.0,20.8126,20.8789,0.0663,0.051
70.363,151.0,3.0,0.0,20.8126,20.8789,0.0663,0.066
70.373,151.0,3.0,0.0,20.8126,20.8789,0.0663,-0.047
70.383,151.0,3.0,0.0,20.8126,20.8789,0.0663,0.018
70.393,151.0,3.0,0.0,20.8126,20.8786,0.066,-0.017
70.403,151.0,3.0,0.0,20.8126,20.8779,0.0653,-0.001
70.413,151.0,3.0,0.0,20.8126,20.8779,0.0653,0.077
70.423,151.0,3.0,0.0,20.8126,20.8779,0.0653,0.111
70.433,151.0,3.0,0.0,20.8126,20.8779,0.0653,-0.063
70.443,151.0,3.0,0.0,20.8126,20.8779,0.0653,-0.082
70.453,151.0,3.0,0.0,20.8126,20.8779,0.0653,-0.0
70.463,151.0,3.0,0.0,20.8126,20.8776,0.065,0.098
70.473,151.0,3.0,0.0,20.8126,20.8769,0.0643,0.074
70.483,151.0,3.0,0.0,20.8126,20.8769,0.0643,0.062
70.493,151.0,3.0,0.0,20.8126,20.8769,0.0643,-0.002
70.503,151.0,3.0,0.0,20.8126,20.8769,0.0643,0.061
70.513,151.0,3.0,0.0,20.8126,20.8765,0.0639,0.12
70.523,151.0,3.0,0.0,20.8126,20.8761,0.0635,0.088
70.533,151.0,3.0,0.0,20.8126,20.8769,0.0643,0.06
70.543,151.0,3.0,0.0,20.8126,20.8769,0.0643,0.029
70.553,151.0,3.0,0.0,20.8126,20.8772,0.0646,0.065
70.563,151.0,3.0,0.0,20.8126,20.8776,0.065,0.161
70.573,151.0,3.0,0.0,20.8126,20.8769,0.0643,-0.006
70.583,151.0,3.0,0.0,20.8126,20.8765,0.0639,0.095
70.593,151.0,3.0,0.0,20.8126,20.8758,0.0632,0.021
70.603,151.0,3.0,0.0,20.8126,20.8761,0.0635,0.037
70.613,151.0,3.0,0.0,20.8126,20.8769,0.0643,0.052
70.623,151.0,3.0,0.0,20.8126,20.8769,0.0643,0.044
70.633,151.0,3.0,0.0,20.8126,20.8765,0.0639,0.01
70.643,151.0,3.0,0.0,20.8126,20.8758,0.0632,-0.026
70.653,151.0,3.0,0.0,20.8126,20.8758,0.0632,-0.093
70.663,151.0,3.0,0.0,20.8126,20.8758,0.0632,0.07
70.673,151.0,3.0,0.0,20.8126,20.8761,0.0635,0.048
70.683,151.0,3.0,0.0,20.8126,20.8765,0.0639,-0.023
70.693,151.0,3.0,0.0,20.8126,20.8758,0.0632,0.018
70.703,151.0,3.0,0.0,20.8126,20.8755,0.0629,0.089
70.713,151.0,3.0,0.0,20.8126,20.8751,0.0625,0.122
70.723,151.0,3.0,0.0,20.8126,20.8755,0.0629,0.036
70.733,151.0,3.0,0.0,20.8126,20.8748,0.0622,-0.018
70.743,151.0,3.0,0.0,20.8126,20.8748,0.0622,0.04
70.753,151.0,3.0,0.0,20.8126,20.8751,0.0625,0.13
70.763,151.0,3.0,0.0,20.8126,20.8758,0.0632,0.181
70.773,151.0,3.0,0.0,20.8126,20.8758,0.0632,0.099
70.783,151.0,3.0,0.0,20.8126,20.8755,0.0629,0.05
70.793,151.0,3.0,0.0,20.8126,20.8751,0.0625,-0.003
70.803,151.0,3.0,0.0,20.8126,20.8755,0.0629,-0.009
70.813,151.0,3.0,0.0,20.8126,20.8748,0.0622,0.077
70.823,151.0,3.0,0.0,20.8126,20.8745,0.0619,0.103
70.833,151.0,3.0,0.0,20.8126,20.8738,0.0612,0.141
70.843,151.0,3.0,0.0,20.8126,20.8744,0.0618,-0.013
70.853,151.0,3.0,0.0,20.8126,20.8755,0.0629,-0.042
70.863,151.0,3.0,0.0,20.8126,20.8748,0.0622,0.053
70.873,151.0,3.0,0.0,20.8126,20.8748,0.0622,0.07
70.883,151.0,3.0,0.0,20.8126,20.8748,0.0622,0.095
70.893,151.0,3.0,0.0,20.8126,20.8745,0.0619,0.105
70.903,151.0,3.0,0.0,20.8126,20.8741,0.0615,0.072
70.913,151.0,3.0,0.0,20.8126,20.8745,0.0619,0.076
70.923,151.0,3.0,0.0,20.8126,20.8738,0.0612,-0.024
70.933,151.0,3.0,0.0,20.8126,20.8741,0.0615,0.061
70.943,151.0,3.0,0.0,20.8126,20.8745,0.0619,0.076
70.953,151.0,3.0,0.0,20.8126,20.8738,0.0612,0.014
70.963,151.0,3.0,0.0,20.8126,20.8738,0.0612,0.123
70.973,151.0,3.0,0.0,20.8126,20.8741,0.0615,0.008
70.983,151.0,3.0,0.0,20.8126,20.8745,0.0619,0.028
70.993,151.0,3.0,0.0,20.8126,20.8741,0.0615,0.146
71.003,151.0,3.0,0.0,20.8126,20.8748,0.0622,0.01
71.013,151.0,3.0,0.0,20.8126,20.8748,0.0622,0.091
71.023,151.0,3.0,0.0,20.8126,20.8745,0.0619,0.163
71.033,151.0,3.0,0.0,20.8126,20.8738,0.0612,0.031
71.043,151.0,3.0,0.0,20.8126,20.8738,0.0612,0.035
71.053,151.0,3.0,0.0,20.8126,20.8738,0.0612,0.011
71.063,151.0,3.0,0.0,20.8126,20.8741,0.0615,0.103
71.073,151.0,3.0,0.0,20.8126,20.8745,0.0619,0.104
71.083,151.0,3.0,0.0,20.8126,20.8738,0.0612,0.132
71.093,151.0,3.0,0.0,20.8126,20.8735,0.0609,0.064
71.103,151.0,3.0,0.0,20.8126,20.8731,0.0605,0.054
71.113,151.0,3.0,0.0,20.8126,20.8741,0.0615,0.056
71.123,151.0,3.0,0.0,20.8126,20.8745,0.0619,0.122
71.133,151.0,3.0,0.0,20.8126,20.8738,0.0612,0.132
71.143,151.0,3.0,0.0,20.8126,20.8735,0.0609,0.045
71.153,151.0,3.0,0.0,20.8126,20.8728,0.0602,-0.042
71.163,151.0,3.0,0.0,20.8126,20.8731,0.0605,0.024
71.173,151.0,3.0,0.0,20.8126,20.8738,0.0612,0.026
71.183,151.0,3.0,0.0,20.8126,20.8738,0.0612,0.147
71.193,151.0,3.0,0.0,20.8126,20.8738,0.0612,0.113
71.203,151.0,3.0,0.0,20.8126,20.8735,0.0609,0.104
71.213,151.0,3.0,0.0,20.8126,20.8728,0.0602,0.046
71.223,151.0,3.0,0.0,20.8126,20.8731,0.0605,0.02
71.233,151.0,3.0,0.0,20.8126,20.8738,0.0612,0.135
71.243,151.0,3.0,0.0,20.8126,20.8738,0.0612,0.094
71.253,151.0,3.0,0.0,20.8126,20.8738,0.0612,0.058
71.263,151.0,3.0,0.0,20.8126,20.8738,0.0612,0.09
71.273,151.0,3.0,0.0,20.8126,20.8735,0.0609,0.098
71.283,151.0,3.0,0.0,20.8126,20.8731,0.0605,0.039
71.293,151.0,3.0,0.0,20.8126,20.8738,0.0612,-0.023
71.303,151.0,3.0,0.0,20.8126,20.8738,0.0612,0.012
71.313,151.0,3.0,0.0,20.8126,20.8738,0.0612,0.103
71.323,151.0,3.0,0.0,20.8126,20.8738,0.0612,0.041
71.333,151.0,3.0,0.0,20.8126,20.8735,0.0609,-0.025
71.343,151.0,3.0,0.0,20.8126,20.8728,0.0602,0.027
71.353,151.0,3.0,0.0,20.8126,20.8728,0.0602,0.03
71.363,151.0,3.0,0.0,20.8126,20.8731,0.0605,0.039
71.373,151.0,3.0,0.0,20.8126,20.8759,0.0633,0.013
71.383,114.0,0.0,8.0,28.8194,20.9606,-7.8588,0.061
71.393,114.0,0.0,8.0,28.8194,21.3322,-7.4872,0.02
71.403,114.0,0.0,8.0,28.8194,22.0127,-6.8067,0.051
71.413,114.0,0.0,8.0,28.8194,22.8436,-5.9758,0.067
71.423,114.0,0.0,8.0,28.8194,23.6969,-5.1225,-0.014
71.433,114.0,0.0,8.0,28.8194,24.5552,-4.2642,-0.043
71.443,114.0,0.0,8.0,28.8194,25.4081,-3.4113,-0.041
71.453,114.0,0.0,8.0,28.8194,26.2996,-2.5198,-0.064
71.463,114.0,0.0,8.0,28.8194,27.1872,-1.6322,-0.016
71.473,114.0,0.0,8.0,28.8194,28.0679,-0.7515,0.067
71.483,114.0,0.0,8.0,28.8194,28.9617,0.1423,0.023
71.493,114.0,0.0,8.0,28.8194,29.8261,1.0067,0.08
71.503,114.0,0.0,8.0,28.8194,30.6962,1.8768,0.047
71.513,114.0,0.0,8.0,28.8194,31.5643,2.7449,-0.027
71.523,114.0,0.0,8.0,28.8194,32.471,3.6516,-0.006
71.533,114.0,0.0,8.0,28.8194,33.3647,4.5453,0.026
71.543,114.0,0.0,8.0,28.8194,34.2938,5.4744,0.073
71.553,114.0,0.0,8.0,28.8194,35.2827,6.4633,0.106
71.563,114.0,0.0,8.0,28.8194,36.1596,7.3402,0.048
71.573,114.0,0.0,8.0,28.8194,37.0346,8.2152,0.062
71.583,114.0,0.0,8.0,28.8194,37.8929,9.0735,0.057
71.593,114.0,0.0,8.0,28.8194,38.7907,9.9713,0.006
71.603,114.0,0.0,8.0,28.8194,39.6708,10.8514,0.101
71.613,114.0,0.0,8.0,28.8194,40.5715,11.7521,0.108
71.623,83.0,0.0,8.7,35.5278,41.4498,5.922,0.068
71.633,21.0,0.0,10.0,48.9446,42.3084,-6.6362,0.009
71.643,21.0,0.0,10.0,48.9446,43.1878,-5.7568,0.013
71.653,21.0,0.0,10.0,48.9446,44.065,-4.8796,0.025
71.663,21.0,0.0,10.0,48.9446,44.9427,-4.0019,0.112
71.673,21.0,0.0,10.0,48.9446,45.8271,-3.1175,0.028
71.683,21.0,0.0,10.0,48.9446,46.729,-2.2156,0.087
71.693,21.0,0.0,10.0,48.9446,47.6247,-1.3199,0.05
71.703,21.0,0.0,10.0,48.9446,48.5137,-0.4309,-0.008
71.713,21.0,0.0,10.0,48.9446,49.3825,0.4379,-0.055
71.723,21.0,0.0,10.0,48.9446,50.255,1.3104,0.01
71.733,21.0,0.0,10.0,48.9446,51.1246,2.18,0.088
71.743,21.0,0.0,10.0,48.9446,51.9367,2.9921,0.008
71.753,21.0,0.0,10.0,48.9446,52.4973,3.5527,-0.038
71.763,21.0,0.0,10.0,48.9446,52.6236,3.679,-0.011
71.773,21.0,0.0,10.0,48.9446,52.659,3.7144,-0.034
71.783,21.0,0.0,10.0,48.9446,52.661,3.7164,-0.016
71.793,21.0,0.0,10.0,48.9446,52.6627,3.7181,0.181
71.803,21.0,0.0,10.0,48.9446,52.6637,3.7191,0.114
71.813,21.0,0.0,10.0,48.9446,52.6647,3.7201,0.069
71.823,21.0,0.0,10.0,48.9446,52.6654,3.7208,-0.038
71.833,21.0,0.0,10.0,48.9446,52.6658,3.7212,-0.019
71.843,21.0,0.0,10.0,48.9446,52.6668,3.7222,0.054
71.853,21.0,0.0,10.0,48.9446,52.6678,3.7232,0.108
71.863,21.0,0.0,10.0,48.9446,52.6685,3.7239,0.162
71.873,3.0,3.0,0.0,52.8398,52.6688,-0.171,0.03
71.883,3.0,3.0,0.0,52.8398,52.6698,-0.17,-0.016
71.893,3.0,3.0,0.0,52.8398,52.6708,-0.169,0.004
71.903,3.0,3.0,0.0,52.8398,52.6718,-0.168,0.035
71.913,3.0,3.0,0.0,52.8398,52.6728,-0.167,0.044
71.923,3.0,3.0,0.0,52.8398,52.6739,-0.1659,0.14
71.933,3.0,3.0,0.0,52.8398,52.6752,-0.1646,0.138
71.943,3.0,3.0,0.0,52.8398,52.6772,-0.1626,0.092
71.953,3.0,3.0,0.0,52.8398,52.6786,-0.1612,-0.008
71.963,3.0,3.0,0.0,52.8398,52.6792,-0.1606,0.134
71.973,3.0,3.0,0.0,52.8398,52.681,-0.1588,0.073
71.983,3.0,3.0,0.0,52.8398,52.682,-0.1578,-0.015
71.993,3.0,3.0,0.0,52.8398,52.683,-0.1568,0.129
72.003,3.0,3.0,0.0,52.8398,52.684,-0.1558,0.04
72.013,3.0,3.0,0.0,52.8398,52.6847,-0.1551,0.097
72.023,3.0,3.0,0.0,52.8398,52.6847,-0.1551,0.13
72.033,3.0,3.0,0.0,52.8398,52.685,-0.1548,0.2
72.043,3.0,3.0,0.0,52.8398,52.6854,-0.1544,0.129
72.053,3.0,3.0,0.0,52.8398,52.6847,-0.1551,0.02
72.063,3.0,3.0,0.0,52.8398,52.6847,-0.1551,0.013
72.073,3.0,3.0,0.0,52.8398,52.685,-0.1548,-0.018
72.083,3.0,3.0,0.0,52.8398,52.6857,-0.1541,0.026
72.093,3.0,3.0,0.0,52.8398,52.6854,-0.1544,0.001
72.103,3.0,3.0,0.0,52.8398,52.685,-0.1548,-0.04
72.113,3.0,3.0,0.0,52.8398,52.6857,-0.1541,0.114
72.123,3.0,3.0,0.0,52.8398,52.6857,-0.1541,0.085
72.133,3.0,3.0,0.0,52.8398,52.686,-0.1538,0.078
72.143,3.0,3.0,0.0,52.8398,52.6867,-0.1531,0.061
72.153,3.0,3.0,0.0,52.8398,52.6867,-0.1531,0.111
72.163,3.0,3.0,0.0,52.8398,52.6864,-0.1534,0.05
72.173,3.0,3.0,0.0,52.8398,52.686,-0.1538,-0.013
72.183,3.0,3.0,0.0,52.8398,52.687,-0.1528,-0.013
72.193,3.0,3.0,0.0,52.8398,52.6874,-0.1524,0.097
72.203,3.0,3.0,0.0,52.8398,52.6867,-0.1531,0.048
72.213,3.0,3.0,0.0,52.8398,52.6867,-0.1531,0.126
72.223,3.0,3.0,0.0,52.8398,52.6867,-0.1531,-0.003
72.233,3.0,3.0,0.0,52.8398,52.6867,-0.1531,0.04
72.243,3.0,3.0,0.0,52.8398,52.6867,-0.1531,-0.017
72.253,3.0,3.0,0.0,52.8398,52.687,-0.1528,0.023
72.263,3.0,3.0,0.0,52.8398,52.6874,-0.1524,0.108
72.273,3.0,3.0,0.0,52.8398,52.687,-0.1528,0.068
72.283,3.0,3.0,0.0,52.8398,52.6877,-0.1521,0.057
72.293,3.0,3.0,0.0,52.8398,52.6874,-0.1524,0.121
72.303,3.0,3.0,0.0,52.8398,52.687,-0.1528,0.004
72.313,3.0,3.0,0.0,52.8398,52.6874,-0.1524,0.119
72.323,3.0,3.0,0.0,52.8398,52.687,-0.1528,0.101
72.333,3.0,3.0,0.0,52.8398,52.6877,-0.1521,0.094
72.343,3.0,3.0,0.0,52.8398,52.688,-0.1518,0.019
72.353,3.0,3.0,0.0,52.8398,52.6888,-0.151,0.009
72.363,3.0,3.0,0.0,52.8398,52.6888,-0.151,0.121
72.373,3.0,3.0,0.0,52.8398,52.6885,-0.1513,0.056
72.383,3.0,3.0,0.0,52.8398,52.6877,-0.1521,0.076
72.393,3.0,3.0,0.0,52.8398,52.6877,-0.1521,0.164
72.403,3.0,3.0,0.0,52.8398,52.688,-0.1518,0.11
72.413,3.0,3.0,0.0,52.8398,52.6891,-0.1507,0.045
72.423,3.0,3.0,0.0,52.8398,52.6895,-0.1503,0.0
72.433,3.0,3.0,0.0,52.8398,52.6888,-0.151,0.019
72.443,3.0,3.0,0.0,52.8398,52.6888,-0.151,0.054
72.453,3.0,3.0,0.0,52.8398,52.6888,-0.151,0.028
72.463,3.0,3.0,0.0,52.8398,52.6894,-0.1504,0.031
72.473,3.0,3.0,0.0,52.8398,52.6905,-0.1493,0.079
72.483,3.0,3.0,0.0,52.8398,52.6898,-0.15,0.088
72.493,3.0,3.0,0.0,52.8398,52.6898,-0.15,0.018
72.503,3.0,3.0,0.0,52.8398,52.6898,-0.15,0.003
72.513,3.0,3.0,0.0,52.8398,52.6898,-0.15,0.059
72.523,3.0,3.0,0.0,52.8398,52.6901,-0.1497,0.019
72.533,3.0,3.0,0.0,52.8398,52.6908,-0.149,-0.066
72.543,3.0,3.0,0.0,52.8398,52.6908,-0.149,0.046
72.553,3.0,3.0,0.0,52.8398,52.6908,-0.149,-0.018
72.563,3.0,3.0,0.0,52.8398,52.6908,-0.149,-0.018
72.573,3.0,3.0,0.0,52.8398,52.6911,-0.1487,-0.053
72.583,3.0,3.0,0.0,52.8398,52.6915,-0.1483,0.058
72.593,3.0,3.0,0.0,52.8398,52.6908,-0.149,0.085
72.603,3.0,3.0,0.0,52.8398,52.6908,-0.149,0.078
72.613,3.0,3.0,0.0,52.8398,52.6908,-0.149,0.066
72.623,3.0,3.0,0.0,52.8398,52.6908,-0.149,0.126
72.633,3.0,3.0,0.0,52.8398,52.6908,-0.149,0.066
72.643,3.0,3.0,0.0,52.8398,52.6908,-0.149,0.013
72.653,3.0,3.0,0.0,52.8398,52.6911,-0.1487,0.035
72.663,3.0,3.0,0.0,52.8398,52.6918,-0.148,0.13
72.673,3.0,3.0,0.0,52.8398,52.6915,-0.1483,0.033
72.683,3.0,3.0,0.0,52.8398,52.6905,-0.1493,0.146
72.693,3.0,3.0,0.0,52.8398,52.642,-0.1978,0.121
72.703,50.0,0.0,9.0,42.669,52.268,9.599,0.074
72.713,50.0,0.0,9.0,42.669,51.3514,8.6824,0.116
72.723,50.0,0.0,9.0,42.669,50.3114,7.6424,0.127
72.733,50.0,0.0,9.0,42.669,49.2001,6.5311,0.039
72.743,50.0,0.0,9.0,42.669,48.093,5.424,0.01
72.753,50.0,0.0,9.0,42.669,47.0034,4.3344,0.067
72.763,50.0,0.0,9.0,42.669,45.8599,3.1909,0.182
72.773,50.0,0.0,9.0,42.669,44.7407,2.0717,0.042
72.783,50.0,0.0,9.0,42.669,43.6216,0.9526,-0.048
72.793,50.0,0.0,9.0,42.669,42.5246,-0.1444,-0.058
72.803,50.0,0.0,9.0,42.669,41.4011,-1.2679,-0.017
72.813,50.0,0.0,9.0,42.669,40.2603,-2.4087,0.1
72.823,50.0,0.0,9.0,42.669,39.1258,-3.5432,0.047
72.833,50.0,0.0,9.0,42.669,37.993,-4.676,0.072
72.843,50.0,0.0,9.0,42.669,36.8871,-5.7819,0.01
72.853,50.0,0.0,9.0,42.669,35.8083,-6.8607,-0.062
72.863,50.0,0.0,9.0,42.669,34.6976,-7.9714,0.042
72.873,50.0,0.0,9.0,42.669,33.5574,-9.1116,0.153
72.883,50.0,0.0,9.0,42.669,32.4256,-10.2434,0.087
72.893,50.0,0.0,9.0,42.669,31.2944,-11.3746,0.055
72.903,50.0,0.0,9.0,42.669,30.1856,-12.4834,0.047
72.913,50.0,0.0,9.0,42.669,29.0929,-13.5761,0.066
72.923,50.0,0.0,9.0,42.669,27.9662,-14.7028,0.024
72.933,50.0,0.0,9.0,42.669,26.8532,-15.8158,0.011
72.943,151.0,3.0,0.0,20.8126,25.7007,4.8881,0.057
72.953,151.0,3.0,0.0,20.8126,24.5925,3.7799,0.133
72.963,151.0,3.0,0.0,20.8126,23.4915,2.6789,0.158
72.973,151.0,3.0,0.0,20.8126,22.3894,1.5768,0.083
72.983,151.0,3.0,0.0,20.8126,21.4512,0.6386,0.041
72.993,151.0,3.0,0.0,20.8126,21.0193,0.2067,0.064
73.003,151.0,3.0,0.0,20.8126,20.8789,0.0663,0.023
73.013,151.0,3.0,0.0,20.8126,20.8798,0.0672,0.112
73.023,151.0,3.0,0.0,20.8126,20.8819,0.0693,0.064
73.033,151.0,3.0,0.0,20.8126,20.8816,0.069,-0.02
73.043,151.0,3.0,0.0,20.8126,20.8809,0.0683,0.024
73.053,151.0,3.0,0.0,20.8126,20.8812,0.0686,0.001
73.063,151.0,3.0,0.0,20.8126,20.8819,0.0693,0.076
73.073,151.0,3.0,0.0,20.8126,20.8816,0.069,0.075
73.083,151.0,3.0,0.0,20.8126,20.8809,0.0683,0.073
73.093,151.0,3.0,0.0,20.8126,20.8809,0.0683,0.021
73.103,151.0,3.0,0.0,20.8126,20.8809,0.0683,0.066
73.113,151.0,3.0,0.0,20.8126,20.8809,0.0683,0.116
73.123,151.0,3.0,0.0,20.8126,20.8806,0.068,0.063
73.133,151.0,3.0,0.0,20.8126,20.8799,0.0673,0.083
73.143,151.0,3.0,0.0,20.8126,20.8799,0.0673,0.015
73.153,151.0,3.0,0.0,20.8126,20.8796,0.067,0.012
73.163,151.0,3.0,0.0,20.8126,20.8786,0.066,0.173
73.173,151.0,3.0,0.0,20.8126,20.8782,0.0656,0.119
73.183,151.0,3.0,0.0,20.8126,20.8786,0.066,0.088
73.193,151.0,3.0,0.0,20.8126,20.8779,0.0653,0.037
73.203,151.0,3.0,0.0,20.8126,20.8782,0.0656,0.012
73.213,151.0,3.0,0.0,20.8126,20.8783,0.0657,0.094
73.223,151.0,3.0,0.0,20.8126,20.8769,0.0643,0.043
73.233,151.0,3.0,0.0,20.8126,20.8769,0.0643,0.066
73.243,151.0,3.0,0.0,20.8126,20.8772,0.0646,0.092
73.253,151.0,3.0,0.0,20.8126,20.8776,0.065,-0.002
73.263,151.0,3.0,0.0,20.8126,20.8772,0.0646,0.064
73.273,151.0,3.0,0.0,20.8126,20.8776,0.065,0.049
73.283,151.0,3.0,0.0,20.8126,20.8769,0.0643,0.064
73.293,151.0,3.0,0.0,20.8126,20.8772,0.0646,0.143
73.303,151.0,3.0,0.0,20.8126,20.8776,0.065,0.084
73.313,151.0,3.0,0.0,20.8126,20.8772,0.0646,0.134
73.323,151.0,3.0,0.0,20.8126,20.8779,0.0653,0.097
73.333,151.0,3.0,0.0,20.8126,20.8779,0.0653,0.032
73.343,151.0,3.0,0.0,20.8126,20.8779,0.0653,0.082
73.353,151.0,3.0,0.0,20.8126,20.8782,0.0656,-0.04
73.363,151.0,3.0,0.0,20.8126,20.8789,0.0663,0.026
73.373,151.0,3.0,0.0,20.8126,20.8789,0.0663,0.038
73.383,151.0,3.0,0.0,20.8126,20.8792,0.0666,0.031
73.393,151.0,3.0,0.0,20.8126,20.8799,0.0673,0.065
73.403,151.0,3.0,0.0,20.8126,20.8796,0.067,0.075
73.413,151.0,3.0,0.0,20.8126,20.8789,0.0663,0.092
73.423,151.0,3.0,0.0,20.8126,20.8792,0.0666,0.081
73.433,151.0,3.0,0.0,20.8126,20.8799,0.0673,0.063
73.443,151.0,3.0,0.0,20.8126,20.8796,0.067,0.031
73.453,151.0,3.0,0.0,20.8126,20.8792,0.0666,0.055
73.463,151.0,3.0,0.0,20.8126,20.8796,0.067,0.096
73.473,151.0,3.0,0.0,20.8126,20.8792,0.0666,0.15
73.483,151.0,3.0,0.0,20.8126,20.8796,0.067,-0.007
73.493,151.0,3.0,0.0,20.8126,20.8789,0.0663,0.081
73.503,151.0,3.0,0.0,20.8126,20.8786,0.066,0.063
73.513,151.0,3.0,0.0,20.8126,20.8785,0.0659,0.217
73.523,151.0,3.0,0.0,20.8126,20.8796,0.067,0.038
73.533,151.0,3.0,0.0,20.8126,20.8792,0.0666,0.069
73.543,151.0,3.0,0.0,20.8126,20.8796,0.067,0.175
73.553,151.0,3.0,0.0,20.8126,20.8789,0.0663,0.105
73.563,151.0,3.0,0.0,20.8126,20.8792,0.0666,0.067
73.573,151.0,3.0,0.0,20.8126,20.8796,0.067,0.089
73.583,151.0,3.0,0.0,20.8126,20.8789,0.0663,0.004
73.593,151.0,3.0,0.0,20.8126,20.8789,0.0663,-0.049
73.603,151.0,3.0,0.0,20.8126,20.8789,0.0663,0.018
73.613,151.0,3.0,0.0,20.8126,20.8786,0.066,0.062
73.623,151.0,3.0,0.0,20.8126,20.8779,0.0653,0.003
73.633,151.0,3.0,0.0,20.8126,20.8779,0.0653,0.116
73.643,151.0,3.0,0.0,20.8126,20.8779,0.0653,0.168
73.653,151.0,3.0,0.0,20.8126,20.8776,0.065,-0.013
73.663,151.0,3.0,0.0,20.8126,20.8769,0.0643,0.136
73.673,151.0,3.0,0.0,20.8126,20.8769,0.0643,0.075
73.683,151.0,3.0,0.0,20.8126,20.8769,0.0643,0.081
73.693,151.0,3.0,0.0,20.8126,20.8772,0.0646,0.239
73.703,151.0,3.0,0.0,20.8126,20.8773,0.0647,0.09
73.713,151.0,3.0,0.0,20.8126,20.8761,0.0635,0.084
73.723,151.0,3.0,0.0,20.8126,20.8765,0.0639,-0.008
73.733,151.0,3.0,0.0,20.8126,20.8758,0.0632,-0.051
73.743,151.0,3.0,0.0,20.8126,20.8755,0.0629,0.021
73.753,151.0,3.0,0.0,20.8126,20.8751,0.0625,0.099
73.763,151.0,3.0,0.0,20.8126,20.8758,0.0632,0.07
73.773,151.0,3.0,0.0,20.8126,20.8758,0.0632,0.091
73.783,151.0,3.0,0.0,20.8126,20.8758,0.0632,0.132
73.793,151.0,3.0,0.0,20.8126,20.8755,0.0629,0.149
73.803,151.0,3.0,0.0,20.8126,20.8751,0.0625,0.104
73.813,151.0,3.0,0.0,20.8126,20.8758,0.0632,0.083
73.823,151.0,3.0,0.0,20.8126,20.8758,0.0632,-0.035
73.833,151.0,3.0,0.0,20.8126,20.8755,0.0629,0.098
73.843,151.0,3.0,0.0,20.8126,20.8751,0.0625,0.06
73.853,151.0,3.0,0.0,20.8126,20.8758,0.0632,0.064
73.863,151.0,3.0,0.0,20.8126,20.8758,0.0632,0.102
73.873,151.0,3.0,0.0,20.8126,20.8758,0.0632,0.103
73.883,151.0,3.0,0.0,20.8126,20.8758,0.0632,0.076
73.893,151.0,3.0,0.0,20.8126,20.8758,0.0632,0.04
73.903,151.0,3.0,0.0,20.8126,20.8758,0.0632,0.022
73.913,151.0,3.0,0.0,20.8126,20.8755,0.0629,0.113
73.923,151.0,3.0,0.0,20.8126,20.8751,0.0625,0.104
73.933,151.0,3.0,0.0,20.8126,20.8755,0.0629,0.047
73.943,151.0,3.0,0.0,20.8126,20.8751,0.0625,-0.032
