t_perf,wall_time,POS,OBJ,STA,FLT,CUR
156277.350787,2026-07-15T05:50:17.155,3,3,3,0,0
156277.353432,2026-07-15T05:50:17.157,3,3,3,0,0
156277.355906,2026-07-15T05:50:17.160,3,3,3,0,0
156277.359124,2026-07-15T05:50:17.163,3,3,3,0,0
156277.361641,2026-07-15T05:50:17.165,3,3,3,0,0
156277.364857,2026-07-15T05:50:17.169,3,3,3,0,0
156277.367771,2026-07-15T05:50:17.172,3,3,3,0,0
156277.370163,2026-07-15T05:50:17.174,3,3,3,0,0
156277.372552,2026-07-15T05:50:17.176,3,3,3,0,0
156277.375204,2026-07-15T05:50:17.179,3,3,3,0,0
156277.377682,2026-07-15T05:50:17.181,3,3,3,0,0
156277.380245,2026-07-15T05:50:17.184,3,3,3,0,0
156277.382739,2026-07-15T05:50:17.186,3,3,3,0,0
156277.385240,2026-07-15T05:50:17.189,3,3,3,0,0
156277.387919,2026-07-15T05:50:17.191,3,3,3,0,0
156277.390657,2026-07-15T05:50:17.194,3,3,3,0,0
156277.393275,2026-07-15T05:50:17.197,3,3,3,0,0
156277.396358,2026-07-15T05:50:17.200,3,3,3,0,0
156277.399058,2026-07-15T05:50:17.203,3,3,3,0,0
156277.401389,2026-07-15T05:50:17.205,3,3,3,0,0
156277.403743,2026-07-15T05:50:17.207,3,3,3,0,0
156277.406212,2026-07-15T05:50:17.210,3,3,3,0,0
156277.408820,2026-07-15T05:50:17.212,3,3,3,0,0
156277.411639,2026-07-15T05:50:17.215,3,3,3,0,0
156277.413915,2026-07-15T05:50:17.217,3,3,3,0,0
156277.416244,2026-07-15T05:50:17.220,3,3,3,0,0
156277.419259,2026-07-15T05:50:17.223,3,3,3,0,0
156277.421871,2026-07-15T05:50:17.225,3,3,3,0,0
156277.424399,2026-07-15T05:50:17.228,3,3,3,0,0
156277.426702,2026-07-15T05:50:17.230,3,3,3,0,0
156277.429233,2026-07-15T05:50:17.233,3,3,3,0,0
156277.431555,2026-07-15T05:50:17.235,3,3,3,0,0
156277.434475,2026-07-15T05:50:17.238,3,3,3,0,0
156277.437296,2026-07-15T05:50:17.240,3,3,3,0,0
156277.439772,2026-07-15T05:50:17.243,3,3,3,0,0
156277.442908,2026-07-15T05:50:17.247,3,3,3,0,0
156277.445797,2026-07-15T05:50:17.250,3,3,3,0,0
156277.448527,2026-07-15T05:50:17.252,3,3,3,0,0
156277.451516,2026-07-15T05:50:17.255,3,3,3,0,0
156277.453746,2026-07-15T05:50:17.257,3,3,3,0,0
156277.456485,2026-07-15T05:50:17.260,3,3,3,0,0
156277.459404,2026-07-15T05:50:17.263,3,3,3,0,0
156277.462366,2026-07-15T05:50:17.266,3,3,3,0,0
156277.464947,2026-07-15T05:50:17.268,3,3,3,0,0
156277.467428,2026-07-15T05:50:17.271,3,3,3,0,0
156277.470720,2026-07-15T05:50:17.274,3,3,3,0,0
156277.473357,2026-07-15T05:50:17.277,3,3,3,0,0
156277.476509,2026-07-15T05:50:17.280,3,3,3,0,0
156277.479947,2026-07-15T05:50:17.284,3,3,3,0,0
156277.482230,2026-07-15T05:50:17.286,3,3,3,0,0
156277.484653,2026-07-15T05:50:17.289,3,3,3,0,0
156277.487576,2026-07-15T05:50:17.291,3,3,3,0,0
156277.490741,2026-07-15T05:50:17.294,3,3,3,0,0
156277.493771,2026-07-15T05:50:17.298,3,3,3,0,0
156277.496809,2026-07-15T05:50:17.300,3,3,3,0,0
156277.499241,2026-07-15T05:50:17.303,3,3,3,0,0
156277.501718,2026-07-15T05:50:17.305,3,3,3,0,0
156277.504198,2026-07-15T05:50:17.308,3,3,3,0,0
156277.506962,2026-07-15T05:50:17.311,3,3,3,0,0
156277.509566,2026-07-15T05:50:17.314,3,3,3,0,0
156277.512458,2026-07-15T05:50:17.316,3,3,3,0,0
156277.514957,2026-07-15T05:50:17.318,3,3,3,0,0
156277.517741,2026-07-15T05:50:17.321,3,3,3,0,0
156277.520767,2026-07-15T05:50:17.324,3,3,3,0,0
156277.523211,2026-07-15T05:50:17.327,3,3,3,0,0
156277.526260,2026-07-15T05:50:17.330,3,3,3,0,0
156277.529379,2026-07-15T05:50:17.332,3,3,3,0,0
156277.532323,2026-07-15T05:50:17.335,3,3,3,0,0
156277.535229,2026-07-15T05:50:17.338,3,3,3,0,0
156277.538379,2026-07-15T05:50:17.341,3,3,3,0,0
156277.540778,2026-07-15T05:50:17.344,3,3,3,0,0
156277.543233,2026-07-15T05:50:17.346,3,3,3,0,0
156277.546012,2026-07-15T05:50:17.349,3,3,3,0,0
156277.548425,2026-07-15T05:50:17.352,3,3,3,0,0
156277.550681,2026-07-15T05:50:17.354,3,3,3,0,0
156277.553579,2026-07-15T05:50:17.357,3,3,3,0,0
156277.556276,2026-07-15T05:50:17.360,3,3,3,0,0
156277.558344,2026-07-15T05:50:17.362,3,3,3,0,0
156277.560856,2026-07-15T05:50:17.365,3,3,3,0,0
156277.563196,2026-07-15T05:50:17.367,3,3,3,0,0
156277.565632,2026-07-15T05:50:17.369,3,3,3,0,0
156277.568351,2026-07-15T05:50:17.372,3,3,3,0,0
156277.571235,2026-07-15T05:50:17.375,3,3,3,0,0
156277.573664,2026-07-15T05:50:17.377,3,3,3,0,0
156277.576061,2026-07-15T05:50:17.380,3,3,3,0,0
156277.578643,2026-07-15T05:50:17.383,3,3,3,0,0
156277.581387,2026-07-15T05:50:17.385,3,3,3,0,0
156277.583737,2026-07-15T05:50:17.388,3,3,3,0,0
156277.586348,2026-07-15T05:50:17.390,3,3,3,0,0
156277.589284,2026-07-15T05:50:17.393,3,3,3,0,0
156277.591588,2026-07-15T05:50:17.395,3,3,3,0,0
156277.594271,2026-07-15T05:50:17.398,3,3,3,0,0
156277.596615,2026-07-15T05:50:17.400,3,3,3,0,0
156277.599825,2026-07-15T05:50:17.403,3,3,3,0,0
156277.602580,2026-07-15T05:50:17.406,3,3,3,0,0
156277.605215,2026-07-15T05:50:17.409,3,3,3,0,0
156277.607842,2026-07-15T05:50:17.411,3,3,3,0,0
156277.610548,2026-07-15T05:50:17.414,3,3,3,0,0
156277.613363,2026-07-15T05:50:17.417,3,3,3,0,0
156277.615899,2026-07-15T05:50:17.420,3,3,3,0,0
156277.618255,2026-07-15T05:50:17.422,3,3,3,0,0
156277.620748,2026-07-15T05:50:17.425,3,3,3,0,0
156277.623122,2026-07-15T05:50:17.427,3,3,3,0,0
156277.625716,2026-07-15T05:50:17.430,3,3,3,0,0
156277.628363,2026-07-15T05:50:17.432,3,3,3,0,0
156277.631568,2026-07-15T05:50:17.435,3,3,3,0,0
156277.635276,2026-07-15T05:50:17.438,3,3,3,0,0
156277.638136,2026-07-15T05:50:17.442,3,3,3,0,0
156277.640894,2026-07-15T05:50:17.444,3,3,3,0,0
156277.643630,2026-07-15T05:50:17.447,3,3,3,0,0
156277.646406,2026-07-15T05:50:17.449,3,3,3,0,0
156277.649194,2026-07-15T05:50:17.452,3,3,3,0,0
156277.651875,2026-07-15T05:50:17.455,3,3,3,0,0
156277.654116,2026-07-15T05:50:17.457,3,3,3,0,0
156277.656736,2026-07-15T05:50:17.460,3,3,3,0,0
156277.659351,2026-07-15T05:50:17.463,3,3,3,0,0
156277.661517,2026-07-15T05:50:17.465,3,3,3,0,0
156277.664060,2026-07-15T05:50:17.467,3,3,3,0,0
156277.666551,2026-07-15T05:50:17.470,3,3,3,0,0
156277.669205,2026-07-15T05:50:17.473,3,3,3,0,0
156277.671734,2026-07-15T05:50:17.475,3,3,3,0,0
156277.674840,2026-07-15T05:50:17.478,3,3,3,0,0
156277.678426,2026-07-15T05:50:17.481,3,3,3,0,0
156277.680787,2026-07-15T05:50:17.485,3,3,3,0,0
156277.683588,2026-07-15T05:50:17.488,3,3,3,0,0
156277.686206,2026-07-15T05:50:17.490,3,3,3,0,0
156277.688533,2026-07-15T05:50:17.493,3,3,3,0,0
156277.691449,2026-07-15T05:50:17.495,3,3,3,0,0
156277.694283,2026-07-15T05:50:17.498,3,3,3,0,0
156277.696855,2026-07-15T05:50:17.500,3,3,3,0,0
156277.699561,2026-07-15T05:50:17.503,3,3,3,0,0
156277.702478,2026-07-15T05:50:17.506,3,3,3,0,0
156277.704859,2026-07-15T05:50:17.508,3,3,3,0,0
156277.709313,2026-07-15T05:50:17.512,3,3,3,0,0
156277.712239,2026-07-15T05:50:17.515,3,3,3,0,0
156277.715157,2026-07-15T05:50:17.519,3,3,3,0,0
156277.717409,2026-07-15T05:50:17.521,3,3,3,0,0
156277.719779,2026-07-15T05:50:17.523,3,3,3,0,0
156277.722459,2026-07-15T05:50:17.526,3,3,3,0,0
156277.724822,2026-07-15T05:50:17.528,3,3,3,0,0
156277.727248,2026-07-15T05:50:17.531,3,3,3,0,0
156277.730178,2026-07-15T05:50:17.534,3,3,3,0,0
156277.732486,2026-07-15T05:50:17.536,3,3,3,0,0
156277.735546,2026-07-15T05:50:17.540,3,3,3,0,0
156277.738677,2026-07-15T05:50:17.543,3,3,3,0,0
156277.741214,2026-07-15T05:50:17.545,3,3,3,0,0
156277.743763,2026-07-15T05:50:17.547,3,3,3,0,0
156277.746214,2026-07-15T05:50:17.550,3,3,3,0,0
156277.749061,2026-07-15T05:50:17.552,3,3,3,0,0
156277.751709,2026-07-15T05:50:17.555,3,3,3,0,0
156277.754973,2026-07-15T05:50:17.558,3,3,3,0,0
156277.757294,2026-07-15T05:50:17.561,3,3,3,0,0
156277.760112,2026-07-15T05:50:17.564,3,3,3,0,0
156277.762745,2026-07-15T05:50:17.567,3,3,3,0,0
156277.765467,2026-07-15T05:50:17.569,3,3,3,0,0
156277.768200,2026-07-15T05:50:17.572,3,3,3,0,0
156277.770663,2026-07-15T05:50:17.575,3,3,3,0,0
156277.773025,2026-07-15T05:50:17.577,3,3,3,0,0
156277.775985,2026-07-15T05:50:17.580,3,3,3,0,0
156277.778561,2026-07-15T05:50:17.582,3,3,3,0,0
156277.781527,2026-07-15T05:50:17.585,3,3,3,0,0
156277.784450,2026-07-15T05:50:17.588,3,3,3,0,0
156277.786905,2026-07-15T05:50:17.591,3,3,3,0,0
156277.790036,2026-07-15T05:50:17.593,3,3,3,0,0
156277.792884,2026-07-15T05:50:17.596,3,3,3,0,0
156277.796193,2026-07-15T05:50:17.600,3,3,3,0,0
156277.798748,2026-07-15T05:50:17.603,3,3,3,0,0
156277.802154,2026-07-15T05:50:17.606,3,3,3,0,0
156277.805277,2026-07-15T05:50:17.608,3,3,3,0,0
156277.808443,2026-07-15T05:50:17.611,3,3,3,0,0
156277.811154,2026-07-15T05:50:17.615,3,3,3,0,0
156277.813536,2026-07-15T05:50:17.616,3,3,3,0,0
156277.816036,2026-07-15T05:50:17.619,3,3,3,0,0
156277.818488,2026-07-15T05:50:17.622,3,3,3,0,0
156277.821166,2026-07-15T05:50:17.624,3,3,3,0,0
156277.823794,2026-07-15T05:50:17.627,3,3,3,0,0
156277.826909,2026-07-15T05:50:17.630,3,3,3,0,0
156277.829458,2026-07-15T05:50:17.633,3,3,3,0,0
156277.832156,2026-07-15T05:50:17.635,3,3,3,0,0
156277.836792,2026-07-15T05:50:17.640,3,3,3,0,0
156277.839110,2026-07-15T05:50:17.643,3,3,3,0,0
156277.842174,2026-07-15T05:50:17.646,3,3,3,0,0
156277.844835,2026-07-15T05:50:17.648,3,3,3,0,0
156277.847354,2026-07-15T05:50:17.651,3,3,3,0,0
156277.849796,2026-07-15T05:50:17.653,3,3,3,0,0
156277.852680,2026-07-15T05:50:17.656,3,3,3,0,0
156277.855283,2026-07-15T05:50:17.659,3,3,3,0,0
156277.858256,2026-07-15T05:50:17.662,3,3,3,0,0
156277.860789,2026-07-15T05:50:17.665,3,3,3,0,0
156277.863290,2026-07-15T05:50:17.667,3,3,3,0,0
156277.865839,2026-07-15T05:50:17.670,3,3,3,0,0
156277.868691,2026-07-15T05:50:17.672,3,3,3,0,0
156277.871115,2026-07-15T05:50:17.675,3,3,3,0,0
156277.873518,2026-07-15T05:50:17.677,3,3,3,0,0
156277.876002,2026-07-15T05:50:17.679,3,3,3,0,0
156277.878783,2026-07-15T05:50:17.682,3,3,3,0,0
156277.881371,2026-07-15T05:50:17.685,3,3,3,0,0
156277.883839,2026-07-15T05:50:17.686,3,3,3,0,0
156277.887122,2026-07-15T05:50:17.691,3,3,3,0,0
156277.889503,2026-07-15T05:50:17.693,3,3,3,0,0
156277.891719,2026-07-15T05:50:17.695,3,3,3,0,0
156277.894253,2026-07-15T05:50:17.698,3,3,3,0,0
156277.896443,2026-07-15T05:50:17.700,3,3,3,0,0
156277.898745,2026-07-15T05:50:17.702,3,3,3,0,0
156277.900837,2026-07-15T05:50:17.704,3,3,3,0,0
156277.903374,2026-07-15T05:50:17.707,3,3,3,0,0
156277.905792,2026-07-15T05:50:17.710,3,3,3,0,0
156277.908363,2026-07-15T05:50:17.712,3,3,3,0,0
156277.910683,2026-07-15T05:50:17.714,3,3,3,0,0
156277.913065,2026-07-15T05:50:17.717,3,3,3,0,0
156277.915304,2026-07-15T05:50:17.719,3,3,3,0,0
156277.917465,2026-07-15T05:50:17.721,3,3,3,0,0
156277.919515,2026-07-15T05:50:17.724,3,3,3,0,0
156277.922149,2026-07-15T05:50:17.726,3,3,3,0,0
156277.924484,2026-07-15T05:50:17.729,3,3,3,0,0
156277.927187,2026-07-15T05:50:17.731,3,3,3,0,0
156277.929651,2026-07-15T05:50:17.734,3,3,3,0,0
156277.932005,2026-07-15T05:50:17.736,3,3,3,0,0
156277.937429,2026-07-15T05:50:17.741,3,3,3,0,0
156277.939960,2026-07-15T05:50:17.743,3,3,3,0,0
156277.942825,2026-07-15T05:50:17.747,3,3,3,0,0
156277.945318,2026-07-15T05:50:17.749,3,3,3,0,0
156277.947346,2026-07-15T05:50:17.751,3,3,3,0,0
156277.950298,2026-07-15T05:50:17.753,3,3,3,0,0
156277.952851,2026-07-15T05:50:17.756,3,3,3,0,0
156277.955902,2026-07-15T05:50:17.759,3,3,3,0,0
156277.958499,2026-07-15T05:50:17.762,3,3,3,0,0
156277.961299,2026-07-15T05:50:17.765,3,3,3,0,0
156277.963933,2026-07-15T05:50:17.767,3,3,3,0,0
156277.966714,2026-07-15T05:50:17.770,3,3,3,0,0
156277.969640,2026-07-15T05:50:17.772,3,3,3,0,0
156277.972185,2026-07-15T05:50:17.776,3,3,3,0,0
156277.975115,2026-07-15T05:50:17.778,3,3,3,0,0
156277.977845,2026-07-15T05:50:17.781,3,3,3,0,0
156277.980783,2026-07-15T05:50:17.784,3,3,3,0,0
156277.983390,2026-07-15T05:50:17.787,3,3,3,0,0
156277.986326,2026-07-15T05:50:17.789,3,3,3,0,0
156277.989391,2026-07-15T05:50:17.792,3,3,3,0,0
156277.991903,2026-07-15T05:50:17.795,3,3,3,0,0
156277.994948,2026-07-15T05:50:17.799,3,3,3,0,0
156277.997541,2026-07-15T05:50:17.801,3,3,3,0,0
156278.000472,2026-07-15T05:50:17.804,3,3,3,0,0
156278.003186,2026-07-15T05:50:17.807,3,3,3,0,0
156278.005965,2026-07-15T05:50:17.810,3,3,3,0,0
156278.008455,2026-07-15T05:50:17.812,3,3,3,0,0
156278.011236,2026-07-15T05:50:17.815,3,3,3,0,0
156278.013500,2026-07-15T05:50:17.817,3,3,3,0,0
156278.016569,2026-07-15T05:50:17.820,3,3,3,0,0
156278.019312,2026-07-15T05:50:17.823,3,3,3,0,0
156278.022226,2026-07-15T05:50:17.826,3,3,3,0,0
156278.024489,2026-07-15T05:50:17.827,3,3,3,0,0
156278.027307,2026-07-15T05:50:17.830,3,3,3,0,0
156278.029760,2026-07-15T05:50:17.833,3,3,3,0,0
156278.032732,2026-07-15T05:50:17.837,3,3,3,0,0
156278.037038,2026-07-15T05:50:17.840,3,3,3,0,0
156278.040301,2026-07-15T05:50:17.844,3,3,3,0,0
156278.043044,2026-07-15T05:50:17.845,3,3,3,0,0
156278.046394,2026-07-15T05:50:17.850,3,3,3,0,0
156278.049578,2026-07-15T05:50:17.853,3,3,3,0,0
156278.052055,2026-07-15T05:50:17.855,3,3,3,0,0
156278.054133,2026-07-15T05:50:17.858,3,3,3,0,0
156278.056716,2026-07-15T05:50:17.860,3,3,3,0,0
156278.059462,2026-07-15T05:50:17.863,3,3,3,0,0
156278.061945,2026-07-15T05:50:17.865,3,3,3,0,0
156278.064440,2026-07-15T05:50:17.867,3,3,3,0,0
156278.067072,2026-07-15T05:50:17.871,3,3,3,0,0
156278.069482,2026-07-15T05:50:17.873,3,3,3,0,0
156278.072457,2026-07-15T05:50:17.876,3,3,3,0,0
156278.074944,2026-07-15T05:50:17.878,3,3,3,0,0
156278.077212,2026-07-15T05:50:17.881,3,3,3,0,0
156278.079559,2026-07-15T05:50:17.883,3,3,3,0,0
156278.081690,2026-07-15T05:50:17.886,3,3,3,0,0
156278.084048,2026-07-15T05:50:17.887,3,3,3,0,0
156278.086432,2026-07-15T05:50:17.890,3,3,3,0,0
156278.089070,2026-07-15T05:50:17.893,3,3,3,0,0
156278.091926,2026-07-15T05:50:17.896,3,3,3,0,0
156278.094833,2026-07-15T05:50:17.898,3,3,3,0,0
156278.097263,2026-07-15T05:50:17.901,3,3,3,0,0
156278.099657,2026-07-15T05:50:17.903,3,3,3,0,0
156278.101840,2026-07-15T05:50:17.905,3,3,3,0,0
156278.104554,2026-07-15T05:50:17.908,3,3,3,0,0
156278.107328,2026-07-15T05:50:17.911,3,3,3,0,0
156278.110323,2026-07-15T05:50:17.914,3,3,3,0,0
156278.112839,2026-07-15T05:50:17.916,3,3,3,0,0
156278.115158,2026-07-15T05:50:17.919,3,3,3,0,0
156278.117874,2026-07-15T05:50:17.921,3,3,3,0,0
156278.120505,2026-07-15T05:50:17.924,3,3,3,0,0
156278.122784,2026-07-15T05:50:17.927,3,3,3,0,0
156278.125163,2026-07-15T05:50:17.929,3,3,3,0,0
156278.127388,2026-07-15T05:50:17.931,3,3,3,0,0
156278.130154,2026-07-15T05:50:17.933,3,3,3,0,0
156278.132832,2026-07-15T05:50:17.937,3,3,3,0,0
156278.135144,2026-07-15T05:50:17.939,3,3,3,0,0
156278.137653,2026-07-15T05:50:17.941,3,3,3,0,0
156278.140246,2026-07-15T05:50:17.944,3,3,3,0,0
156278.142908,2026-07-15T05:50:17.947,3,3,3,0,0
156278.145381,2026-07-15T05:50:17.949,3,3,3,0,0
156278.147829,2026-07-15T05:50:17.952,3,3,3,0,8
156278.150520,2026-07-15T05:50:17.954,19,0,3,0,8
156278.153383,2026-07-15T05:50:17.957,19,0,3,0,8
156278.156143,2026-07-15T05:50:17.960,19,0,3,0,8
156278.159548,2026-07-15T05:50:17.964,19,0,3,0,8
156278.162952,2026-07-15T05:50:17.967,19,0,3,0,8
156278.165971,2026-07-15T05:50:17.969,19,0,3,0,8
156278.168926,2026-07-15T05:50:17.973,19,0,3,0,8
156278.171883,2026-07-15T05:50:17.976,19,0,3,0,8
156278.174611,2026-07-15T05:50:17.979,19,0,3,0,8
156278.177542,2026-07-15T05:50:17.982,19,0,3,0,8
156278.180467,2026-07-15T05:50:17.984,19,0,3,0,8
156278.182738,2026-07-15T05:50:17.986,19,0,3,0,8
156278.184891,2026-07-15T05:50:17.988,19,0,3,0,8
156278.187445,2026-07-15T05:50:17.991,19,0,3,0,8
156278.189750,2026-07-15T05:50:17.993,19,0,3,0,8
156278.192882,2026-07-15T05:50:17.996,19,0,3,0,8
156278.195270,2026-07-15T05:50:17.999,19,0,3,0,8
156278.197729,2026-07-15T05:50:18.002,19,0,3,0,8
156278.200529,2026-07-15T05:50:18.003,19,0,3,0,8
156278.203195,2026-07-15T05:50:18.007,19,0,3,0,8
156278.205695,2026-07-15T05:50:18.009,19,0,3,0,8
156278.208383,2026-07-15T05:50:18.012,19,0,3,0,8
156278.210665,2026-07-15T05:50:18.014,19,0,3,0,8
156278.213610,2026-07-15T05:50:18.017,19,0,3,0,8
156278.215900,2026-07-15T05:50:18.019,19,0,3,0,8
156278.219401,2026-07-15T05:50:18.023,19,0,3,0,8
156278.222179,2026-07-15T05:50:18.026,19,0,3,0,8
156278.225007,2026-07-15T05:50:18.029,19,0,3,0,8
156278.227820,2026-07-15T05:50:18.031,19,0,3,0,8
156278.230336,2026-07-15T05:50:18.034,19,0,3,0,8
156278.232708,2026-07-15T05:50:18.036,19,0,3,0,8
156278.235854,2026-07-15T05:50:18.039,19,0,3,0,8
156278.239243,2026-07-15T05:50:18.043,19,0,3,0,8
156278.241913,2026-07-15T05:50:18.045,19,0,3,0,8
156278.244471,2026-07-15T05:50:18.048,19,0,3,0,8
156278.247142,2026-07-15T05:50:18.051,19,0,3,0,8
156278.250308,2026-07-15T05:50:18.054,19,0,3,0,8
156278.253301,2026-07-15T05:50:18.056,19,0,3,0,8
156278.255753,2026-07-15T05:50:18.060,19,0,3,0,8
156278.258459,2026-07-15T05:50:18.062,19,0,3,0,8
156278.261436,2026-07-15T05:50:18.065,19,0,3,0,8
156278.263825,2026-07-15T05:50:18.067,19,0,3,0,8
156278.266296,2026-07-15T05:50:18.070,19,0,3,0,8
156278.269069,2026-07-15T05:50:18.073,19,0,3,0,8
156278.271587,2026-07-15T05:50:18.076,19,0,3,0,8
156278.274316,2026-07-15T05:50:18.078,19,0,3,0,8
156278.276968,2026-07-15T05:50:18.081,19,0,3,0,8
156278.279769,2026-07-15T05:50:18.083,19,0,3,0,8
156278.282553,2026-07-15T05:50:18.086,19,0,3,0,8
156278.285300,2026-07-15T05:50:18.089,19,0,3,0,8
156278.288105,2026-07-15T05:50:18.091,19,0,3,0,8
156278.290561,2026-07-15T05:50:18.094,19,0,3,0,8
156278.293198,2026-07-15T05:50:18.097,19,0,3,0,8
156278.295808,2026-07-15T05:50:18.099,19,0,3,0,8
156278.298332,2026-07-15T05:50:18.102,19,0,3,0,8
156278.300845,2026-07-15T05:50:18.104,19,0,3,0,8
156278.303087,2026-07-15T05:50:18.106,19,0,3,0,8
156278.306055,2026-07-15T05:50:18.109,19,0,3,0,8
156278.308832,2026-07-15T05:50:18.113,19,0,3,0,8
156278.311633,2026-07-15T05:50:18.115,19,0,3,0,8
156278.314043,2026-07-15T05:50:18.117,19,0,3,0,8
156278.316763,2026-07-15T05:50:18.120,19,0,3,0,8
156278.319878,2026-07-15T05:50:18.123,19,0,3,0,8
156278.322665,2026-07-15T05:50:18.126,19,0,3,0,8
156278.325458,2026-07-15T05:50:18.129,19,0,3,0,8
156278.328189,2026-07-15T05:50:18.132,19,0,3,0,8
156278.330794,2026-07-15T05:50:18.134,19,0,3,0,8
156278.333149,2026-07-15T05:50:18.136,19,0,3,0,8
156278.336872,2026-07-15T05:50:18.141,19,0,3,0,8
156278.339646,2026-07-15T05:50:18.143,19,0,3,0,8
156278.342367,2026-07-15T05:50:18.146,19,0,3,0,8
156278.344886,2026-07-15T05:50:18.149,19,0,3,0,8
156278.348968,2026-07-15T05:50:18.153,19,0,3,0,8
156278.351313,2026-07-15T05:50:18.155,19,0,3,0,8
156278.353740,2026-07-15T05:50:18.158,19,0,3,0,8
156278.356422,2026-07-15T05:50:18.160,19,0,3,0,8
156278.359101,2026-07-15T05:50:18.162,19,0,3,0,8
156278.361233,2026-07-15T05:50:18.165,19,0,3,0,8
156278.363574,2026-07-15T05:50:18.167,19,0,3,0,8
156278.365983,2026-07-15T05:50:18.170,19,0,3,0,8
156278.368217,2026-07-15T05:50:18.172,19,0,3,0,8
156278.371036,2026-07-15T05:50:18.174,19,0,3,0,8
156278.373108,2026-07-15T05:50:18.176,19,0,3,0,8
156278.375724,2026-07-15T05:50:18.179,19,0,3,0,8
156278.378288,2026-07-15T05:50:18.182,19,0,3,0,8
156278.380779,2026-07-15T05:50:18.184,19,0,3,0,8
156278.383327,2026-07-15T05:50:18.187,19,0,3,0,8
156278.385682,2026-07-15T05:50:18.190,19,0,3,0,8
156278.388269,2026-07-15T05:50:18.192,19,0,3,0,8
156278.390896,2026-07-15T05:50:18.194,19,0,3,0,8
156278.393425,2026-07-15T05:50:18.197,60,0,3,0,8
156278.395807,2026-07-15T05:50:18.199,60,0,3,0,8
156278.398083,2026-07-15T05:50:18.202,60,0,3,0,8
156278.400662,2026-07-15T05:50:18.204,60,0,3,0,8
156278.403253,2026-07-15T05:50:18.207,60,0,3,0,8
156278.405356,2026-07-15T05:50:18.209,60,0,3,0,8
156278.407527,2026-07-15T05:50:18.211,60,0,3,0,8
156278.409604,2026-07-15T05:50:18.213,60,0,3,0,8
156278.411649,2026-07-15T05:50:18.216,60,0,3,0,8
156278.414150,2026-07-15T05:50:18.217,60,0,3,0,8
156278.416469,2026-07-15T05:50:18.220,60,0,3,0,8
156278.418881,2026-07-15T05:50:18.223,60,0,3,0,8
156278.421866,2026-07-15T05:50:18.225,60,0,3,0,8
156278.424336,2026-07-15T05:50:18.228,60,0,3,0,8
156278.426776,2026-07-15T05:50:18.230,60,0,3,0,8
156278.429425,2026-07-15T05:50:18.233,60,0,3,0,8
156278.432291,2026-07-15T05:50:18.236,60,0,3,0,8
156278.434922,2026-07-15T05:50:18.239,60,0,3,0,8
156278.437410,2026-07-15T05:50:18.241,60,0,3,0,8
156278.440100,2026-07-15T05:50:18.243,60,0,3,0,8
156278.442104,2026-07-15T05:50:18.245,60,0,3,0,8
156278.445024,2026-07-15T05:50:18.249,60,0,3,0,8
156278.447822,2026-07-15T05:50:18.252,60,0,3,0,8
156278.450368,2026-07-15T05:50:18.254,60,0,3,0,8
156278.452725,2026-07-15T05:50:18.257,60,0,3,0,8
156278.454885,2026-07-15T05:50:18.258,60,0,3,0,8
156278.457346,2026-07-15T05:50:18.261,60,0,3,0,8
156278.459689,2026-07-15T05:50:18.263,60,0,3,0,8
156278.462412,2026-07-15T05:50:18.266,60,0,3,0,8
156278.465169,2026-07-15T05:50:18.269,60,0,3,0,8
156278.467673,2026-07-15T05:50:18.272,60,0,3,0,8
156278.469883,2026-07-15T05:50:18.273,60,0,3,0,8
156278.471917,2026-07-15T05:50:18.275,60,0,3,0,8
156278.474179,2026-07-15T05:50:18.278,60,0,3,0,8
156278.476336,2026-07-15T05:50:18.280,60,0,3,0,8
156278.479076,2026-07-15T05:50:18.283,60,0,3,0,8
156278.481125,2026-07-15T05:50:18.285,60,0,3,0,8
156278.483179,2026-07-15T05:50:18.287,60,0,3,0,8
156278.485880,2026-07-15T05:50:18.289,60,0,3,0,8
156278.488680,2026-07-15T05:50:18.293,60,0,3,0,8
156278.491110,2026-07-15T05:50:18.295,60,0,3,0,8
156278.493319,2026-07-15T05:50:18.297,60,0,3,0,8
156278.495700,2026-07-15T05:50:18.299,60,0,3,0,8
156278.498320,2026-07-15T05:50:18.301,60,0,3,0,8
156278.500690,2026-07-15T05:50:18.305,60,0,3,0,8
156278.503091,2026-07-15T05:50:18.307,60,0,3,0,8
156278.505093,2026-07-15T05:50:18.309,60,0,3,0,8
156278.507888,2026-07-15T05:50:18.312,60,0,3,0,8
156278.510451,2026-07-15T05:50:18.314,60,0,3,0,8
156278.512862,2026-07-15T05:50:18.317,60,0,3,0,8
156278.515274,2026-07-15T05:50:18.319,60,0,3,0,8
156278.517583,2026-07-15T05:50:18.322,60,0,3,0,8
156278.520133,2026-07-15T05:50:18.324,60,0,3,0,8
156278.522747,2026-07-15T05:50:18.326,60,0,3,0,8
156278.524903,2026-07-15T05:50:18.329,60,0,3,0,8
156278.527163,2026-07-15T05:50:18.331,60,0,3,0,8
156278.529278,2026-07-15T05:50:18.333,60,0,3,0,8
156278.531594,2026-07-15T05:50:18.335,60,0,3,0,8
156278.533962,2026-07-15T05:50:18.338,60,0,3,0,8
156278.536437,2026-07-15T05:50:18.340,60,0,3,0,8
156278.538813,2026-07-15T05:50:18.343,60,0,3,0,8
156278.541368,2026-07-15T05:50:18.345,60,0,3,0,8
156278.543955,2026-07-15T05:50:18.348,60,0,3,0,8
156278.546303,2026-07-15T05:50:18.349,60,0,3,0,8
156278.548840,2026-07-15T05:50:18.353,60,0,3,0,8
156278.551066,2026-07-15T05:50:18.355,60,0,3,0,8
156278.553688,2026-07-15T05:50:18.358,60,0,3,0,8
156278.556342,2026-07-15T05:50:18.360,60,0,3,0,8
156278.558998,2026-07-15T05:50:18.363,60,0,3,0,8
156278.561675,2026-07-15T05:50:18.365,60,0,3,0,8
156278.564102,2026-07-15T05:50:18.368,60,0,3,0,8
156278.566715,2026-07-15T05:50:18.370,60,0,3,0,8
156278.569219,2026-07-15T05:50:18.373,60,0,3,0,8
156278.572022,2026-07-15T05:50:18.376,60,0,3,0,8
156278.574561,2026-07-15T05:50:18.378,60,0,3,0,8
156278.577321,2026-07-15T05:50:18.381,60,0,3,0,8
156278.579489,2026-07-15T05:50:18.383,60,0,3,0,8
156278.581820,2026-07-15T05:50:18.386,60,0,3,0,8
156278.584192,2026-07-15T05:50:18.388,60,0,3,0,8
156278.586527,2026-07-15T05:50:18.390,60,0,3,0,8
156278.588907,2026-07-15T05:50:18.392,60,0,3,0,8
156278.591464,2026-07-15T05:50:18.395,60,0,3,0,8
156278.594093,2026-07-15T05:50:18.398,60,0,3,0,8
156278.596143,2026-07-15T05:50:18.400,60,0,3,0,8
156278.599372,2026-07-15T05:50:18.403,60,0,3,0,8
156278.601737,2026-07-15T05:50:18.405,60,0,3,0,8
156278.603754,2026-07-15T05:50:18.407,60,0,3,0,8
156278.605957,2026-07-15T05:50:18.410,60,0,3,0,8
156278.608177,2026-07-15T05:50:18.412,60,0,3,0,8
156278.610351,2026-07-15T05:50:18.413,60,0,3,0,8
156278.612495,2026-07-15T05:50:18.416,60,0,3,0,8
156278.615225,2026-07-15T05:50:18.419,60,0,3,0,8
156278.617668,2026-07-15T05:50:18.422,60,0,3,0,8
156278.620138,2026-07-15T05:50:18.424,60,0,3,0,8
156278.622444,2026-07-15T05:50:18.426,60,0,3,0,8
156278.625375,2026-07-15T05:50:18.429,60,0,3,0,8
156278.627560,2026-07-15T05:50:18.431,60,0,3,0,8
156278.629914,2026-07-15T05:50:18.434,60,0,3,0,8
156278.632486,2026-07-15T05:50:18.436,60,0,3,0,8
156278.634972,2026-07-15T05:50:18.439,60,0,3,0,8
156278.638561,2026-07-15T05:50:18.443,102,0,3,0,8
156278.640780,2026-07-15T05:50:18.445,102,0,3,0,8
156278.642982,2026-07-15T05:50:18.446,102,0,3,0,8
156278.645218,2026-07-15T05:50:18.449,102,0,3,0,8
156278.647572,2026-07-15T05:50:18.451,102,0,3,0,8
156278.649673,2026-07-15T05:50:18.454,102,0,3,0,8
156278.652183,2026-07-15T05:50:18.456,102,0,3,0,8
156278.654819,2026-07-15T05:50:18.459,102,0,3,0,8
156278.657134,2026-07-15T05:50:18.461,102,0,3,0,8
156278.659257,2026-07-15T05:50:18.462,102,0,3,0,8
156278.661763,2026-07-15T05:50:18.465,102,0,3,0,8
156278.664394,2026-07-15T05:50:18.468,102,0,3,0,8
156278.666856,2026-07-15T05:50:18.471,102,0,3,0,8
156278.669241,2026-07-15T05:50:18.473,102,0,3,0,8
156278.671670,2026-07-15T05:50:18.475,102,0,3,0,8
156278.673721,2026-07-15T05:50:18.477,102,0,3,0,8
156278.677762,2026-07-15T05:50:18.481,102,0,3,0,8
156278.680210,2026-07-15T05:50:18.484,102,0,3,0,8
156278.682652,2026-07-15T05:50:18.487,102,0,3,0,8
156278.684751,2026-07-15T05:50:18.488,102,0,3,0,8
156278.687081,2026-07-15T05:50:18.490,102,0,3,0,8
156278.689173,2026-07-15T05:50:18.493,102,0,3,0,8
156278.691322,2026-07-15T05:50:18.495,102,0,3,0,8
156278.693599,2026-07-15T05:50:18.497,102,0,3,0,8
156278.696497,2026-07-15T05:50:18.500,102,0,3,0,8
156278.698757,2026-07-15T05:50:18.502,102,0,3,0,8
156278.700831,2026-07-15T05:50:18.505,102,0,3,0,8
156278.703514,2026-07-15T05:50:18.507,102,0,3,0,8
156278.705766,2026-07-15T05:50:18.509,102,0,3,0,8
156278.708027,2026-07-15T05:50:18.511,102,0,3,0,8
156278.710608,2026-07-15T05:50:18.514,102,0,3,0,8
156278.712931,2026-07-15T05:50:18.517,102,0,3,0,8
156278.715258,2026-07-15T05:50:18.518,102,0,3,0,8
156278.717411,2026-07-15T05:50:18.520,102,0,3,0,8
156278.719577,2026-07-15T05:50:18.523,102,0,3,0,8
156278.721747,2026-07-15T05:50:18.525,102,0,3,0,8
156278.723990,2026-07-15T05:50:18.528,102,0,3,0,8
156278.726251,2026-07-15T05:50:18.530,102,0,3,0,8
156278.728671,2026-07-15T05:50:18.532,102,0,3,0,8
156278.731016,2026-07-15T05:50:18.534,102,0,3,0,8
156278.733197,2026-07-15T05:50:18.536,102,0,3,0,8
156278.735370,2026-07-15T05:50:18.538,102,0,3,0,8
156278.739088,2026-07-15T05:50:18.543,102,0,3,0,8
156278.741533,2026-07-15T05:50:18.545,102,0,3,0,8
156278.743690,2026-07-15T05:50:18.547,102,0,3,0,8
156278.746412,2026-07-15T05:50:18.550,102,0,3,0,8
156278.748609,2026-07-15T05:50:18.552,102,0,3,0,8
156278.751079,2026-07-15T05:50:18.554,102,0,3,0,8
156278.753108,2026-07-15T05:50:18.557,102,0,3,0,8
156278.755842,2026-07-15T05:50:18.560,102,0,3,0,8
156278.757875,2026-07-15T05:50:18.562,102,0,3,0,8
156278.760494,2026-07-15T05:50:18.564,102,0,3,0,8
156278.762517,2026-07-15T05:50:18.566,102,0,3,0,8
156278.764545,2026-07-15T05:50:18.568,102,0,3,0,8
156278.767393,2026-07-15T05:50:18.571,102,0,3,0,8
156278.769711,2026-07-15T05:50:18.573,102,0,3,0,8
156278.772279,2026-07-15T05:50:18.575,102,0,3,0,8
156278.774590,2026-07-15T05:50:18.579,102,0,3,0,8
156278.777266,2026-07-15T05:50:18.581,102,0,3,0,8
156278.779905,2026-07-15T05:50:18.584,102,0,3,0,8
156278.782256,2026-07-15T05:50:18.585,102,0,3,0,8
156278.785034,2026-07-15T05:50:18.589,102,0,3,0,8
156278.787498,2026-07-15T05:50:18.591,102,0,3,0,8
156278.789513,2026-07-15T05:50:18.593,102,0,3,0,8
156278.791973,2026-07-15T05:50:18.595,102,0,3,0,8
156278.794619,2026-07-15T05:50:18.599,102,0,3,0,8
156278.796794,2026-07-15T05:50:18.601,102,0,3,0,8
156278.799435,2026-07-15T05:50:18.603,102,0,3,0,8
156278.801538,2026-07-15T05:50:18.605,102,0,3,0,8
156278.804166,2026-07-15T05:50:18.608,102,0,3,0,8
156278.806383,2026-07-15T05:50:18.609,102,0,3,0,8
156278.808469,2026-07-15T05:50:18.612,102,0,3,0,8
156278.810869,2026-07-15T05:50:18.615,102,0,3,0,8
156278.813216,2026-07-15T05:50:18.617,102,0,3,0,8
156278.815453,2026-07-15T05:50:18.619,102,0,3,0,8
156278.817774,2026-07-15T05:50:18.621,102,0,3,0,8
156278.819999,2026-07-15T05:50:18.624,102,0,3,0,8
156278.822041,2026-07-15T05:50:18.626,102,0,3,0,8
156278.824544,2026-07-15T05:50:18.628,102,0,3,0,8
156278.827139,2026-07-15T05:50:18.630,102,0,3,0,8
156278.829392,2026-07-15T05:50:18.633,102,0,3,0,8
156278.831949,2026-07-15T05:50:18.636,102,0,3,0,8
156278.834156,2026-07-15T05:50:18.638,102,0,3,0,8
156278.837811,2026-07-15T05:50:18.642,102,0,3,0,8
156278.841126,2026-07-15T05:50:18.644,102,0,3,0,8
156278.843204,2026-07-15T05:50:18.647,102,0,3,0,8
156278.846036,2026-07-15T05:50:18.650,102,0,3,0,8
156278.848431,2026-07-15T05:50:18.652,102,0,3,0,8
156278.850616,2026-07-15T05:50:18.654,102,0,3,0,8
156278.852757,2026-07-15T05:50:18.657,102,0,3,0,8
156278.855186,2026-07-15T05:50:18.659,102,0,3,0,8
156278.857607,2026-07-15T05:50:18.661,102,0,3,0,8
156278.860147,2026-07-15T05:50:18.663,102,0,3,0,8
156278.862477,2026-07-15T05:50:18.666,102,0,3,0,8
156278.864725,2026-07-15T05:50:18.669,102,0,3,0,8
156278.867078,2026-07-15T05:50:18.671,102,0,3,0,8
156278.869333,2026-07-15T05:50:18.673,102,0,3,0,8
156278.871611,2026-07-15T05:50:18.675,102,0,3,0,8
156278.874263,2026-07-15T05:50:18.678,102,0,3,0,8
156278.877167,2026-07-15T05:50:18.680,102,0,3,0,8
156278.879864,2026-07-15T05:50:18.684,102,0,3,0,8
156278.882922,2026-07-15T05:50:18.687,144,0,3,0,8
156278.885775,2026-07-15T05:50:18.689,144,0,3,0,8
156278.888628,2026-07-15T05:50:18.692,144,0,3,0,8
156278.890761,2026-07-15T05:50:18.694,144,0,3,0,8
156278.893642,2026-07-15T05:50:18.697,144,0,3,0,8
156278.896250,2026-07-15T05:50:18.700,144,0,3,0,8
156278.899325,2026-07-15T05:50:18.703,144,0,3,0,8
156278.902175,2026-07-15T05:50:18.706,144,0,3,0,8
156278.905052,2026-07-15T05:50:18.708,144,0,3,0,8
156278.907504,2026-07-15T05:50:18.711,144,0,3,0,8
156278.910084,2026-07-15T05:50:18.714,144,0,3,0,8
156278.912675,2026-07-15T05:50:18.716,144,0,3,0,8
156278.915190,2026-07-15T05:50:18.718,144,0,3,0,8
156278.917960,2026-07-15T05:50:18.721,144,0,3,0,8
156278.920499,2026-07-15T05:50:18.724,144,0,3,0,8
156278.923165,2026-07-15T05:50:18.727,144,0,3,0,8
156278.925612,2026-07-15T05:50:18.729,144,0,3,0,8
156278.928172,2026-07-15T05:50:18.732,144,0,3,0,8
156278.931034,2026-07-15T05:50:18.735,144,0,3,0,8
156278.933814,2026-07-15T05:50:18.737,144,0,3,0,8
156278.936743,2026-07-15T05:50:18.741,144,0,3,0,8
156278.939911,2026-07-15T05:50:18.743,144,0,3,0,8
156278.942483,2026-07-15T05:50:18.746,144,0,3,0,8
156278.945290,2026-07-15T05:50:18.748,144,0,3,0,8
156278.948139,2026-07-15T05:50:18.752,144,0,3,0,8
156278.950610,2026-07-15T05:50:18.754,144,0,3,0,8
156278.953436,2026-07-15T05:50:18.756,144,0,3,0,8
156278.955818,2026-07-15T05:50:18.759,144,0,3,0,8
156278.958661,2026-07-15T05:50:18.762,144,0,3,0,8
156278.961210,2026-07-15T05:50:18.764,144,0,3,0,8
156278.964087,2026-07-15T05:50:18.767,144,0,3,0,8
156278.966731,2026-07-15T05:50:18.770,144,0,3,0,8
156278.969374,2026-07-15T05:50:18.773,144,0,3,0,8
156278.971768,2026-07-15T05:50:18.775,144,0,3,0,8
156278.973988,2026-07-15T05:50:18.778,144,0,3,0,8
156278.976755,2026-07-15T05:50:18.780,144,0,3,0,8
156278.979140,2026-07-15T05:50:18.782,144,0,3,0,8
156278.981274,2026-07-15T05:50:18.785,144,0,3,0,8
156278.983577,2026-07-15T05:50:18.787,144,0,3,0,8
156278.985768,2026-07-15T05:50:18.790,144,0,3,0,8
156278.988315,2026-07-15T05:50:18.792,144,0,3,0,8
156278.990564,2026-07-15T05:50:18.794,144,0,3,0,8
156278.992572,2026-07-15T05:50:18.796,144,0,3,0,8
156278.994927,2026-07-15T05:50:18.799,144,0,3,0,8
156278.997438,2026-07-15T05:50:18.801,144,0,3,0,8
156278.999522,2026-07-15T05:50:18.802,144,0,3,0,8
156279.002077,2026-07-15T05:50:18.806,144,0,3,0,8
156279.004199,2026-07-15T05:50:18.807,144,0,3,0,8
156279.006788,2026-07-15T05:50:18.810,144,0,3,0,8
156279.009682,2026-07-15T05:50:18.814,144,0,3,0,8
156279.012568,2026-07-15T05:50:18.816,144,0,3,0,8
156279.015184,2026-07-15T05:50:18.819,144,0,3,0,8
156279.017754,2026-07-15T05:50:18.822,144,0,3,0,8
156279.019858,2026-07-15T05:50:18.823,144,0,3,0,8
156279.022731,2026-07-15T05:50:18.825,144,0,3,0,8
156279.025165,2026-07-15T05:50:18.829,144,0,3,0,8
156279.027968,2026-07-15T05:50:18.832,144,0,3,0,8
156279.030380,2026-07-15T05:50:18.834,144,0,3,0,8
156279.033040,2026-07-15T05:50:18.836,144,0,3,0,8
156279.035330,2026-07-15T05:50:18.839,144,0,3,0,8
156279.039296,2026-07-15T05:50:18.843,144,0,3,0,8
156279.042735,2026-07-15T05:50:18.847,144,0,3,0,8
156279.045549,2026-07-15T05:50:18.848,144,0,3,0,8
156279.048394,2026-07-15T05:50:18.852,144,0,3,0,8
156279.051309,2026-07-15T05:50:18.855,144,0,3,0,8
156279.053648,2026-07-15T05:50:18.858,144,0,3,0,8
156279.056370,2026-07-15T05:50:18.860,144,0,3,0,8
156279.059051,2026-07-15T05:50:18.863,144,0,3,0,8
156279.061852,2026-07-15T05:50:18.865,144,0,3,0,8
156279.064234,2026-07-15T05:50:18.868,144,0,3,0,8
156279.067004,2026-07-15T05:50:18.870,144,0,3,0,8
156279.070160,2026-07-15T05:50:18.874,144,0,3,0,8
156279.072737,2026-07-15T05:50:18.876,144,0,3,0,8
156279.075126,2026-07-15T05:50:18.879,144,0,3,0,8
156279.077756,2026-07-15T05:50:18.881,144,0,3,0,8
156279.080462,2026-07-15T05:50:18.884,144,0,3,0,8
156279.082792,2026-07-15T05:50:18.887,144,0,3,0,8
156279.085281,2026-07-15T05:50:18.889,144,0,3,0,8
156279.087930,2026-07-15T05:50:18.891,144,0,3,0,8
156279.090814,2026-07-15T05:50:18.894,144,0,3,0,8
156279.093272,2026-07-15T05:50:18.897,144,0,3,0,8
156279.095631,2026-07-15T05:50:18.899,144,0,3,0,8
156279.098156,2026-07-15T05:50:18.901,144,0,3,0,8
156279.100723,2026-07-15T05:50:18.904,144,0,3,0,8
156279.103089,2026-07-15T05:50:18.906,144,0,3,0,8
156279.105400,2026-07-15T05:50:18.909,144,0,3,0,8
156279.107819,2026-07-15T05:50:18.911,144,0,3,0,8
156279.110692,2026-07-15T05:50:18.915,144,0,3,0,8
156279.113186,2026-07-15T05:50:18.917,144,0,3,0,8
156279.115682,2026-07-15T05:50:18.919,144,0,3,0,8
156279.118268,2026-07-15T05:50:18.922,144,0,3,0,8
156279.120793,2026-07-15T05:50:18.925,144,0,3,0,8
156279.123479,2026-07-15T05:50:18.927,144,0,3,0,20
156279.125945,2026-07-15T05:50:18.929,184,0,3,0,20
156279.128586,2026-07-15T05:50:18.932,184,0,3,0,20
156279.131324,2026-07-15T05:50:18.935,184,0,3,0,20
156279.134020,2026-07-15T05:50:18.938,184,0,3,0,20
156279.136624,2026-07-15T05:50:18.941,184,0,3,0,20
156279.140920,2026-07-15T05:50:18.944,184,0,3,0,20
156279.143998,2026-07-15T05:50:18.947,184,0,3,0,20
156279.146769,2026-07-15T05:50:18.951,184,0,3,0,20
156279.149636,2026-07-15T05:50:18.953,184,0,3,0,20
156279.151990,2026-07-15T05:50:18.956,184,0,3,0,20
156279.154653,2026-07-15T05:50:18.958,184,0,3,0,20
156279.157208,2026-07-15T05:50:18.961,184,0,3,0,20
156279.159916,2026-07-15T05:50:18.964,184,0,3,0,20
156279.162587,2026-07-15T05:50:18.966,184,0,3,0,20
156279.165147,2026-07-15T05:50:18.969,184,0,3,0,20
156279.167642,2026-07-15T05:50:18.971,184,0,3,0,20
156279.170283,2026-07-15T05:50:18.973,184,0,3,0,20
156279.172881,2026-07-15T05:50:18.977,184,0,3,0,20
156279.175175,2026-07-15T05:50:18.979,184,0,3,0,20
156279.177699,2026-07-15T05:50:18.981,184,0,3,0,20
156279.180416,2026-07-15T05:50:18.983,184,0,3,0,20
156279.182917,2026-07-15T05:50:18.987,184,0,3,0,20
156279.185152,2026-07-15T05:50:18.989,184,0,3,0,20
156279.187531,2026-07-15T05:50:18.991,184,0,3,0,20
156279.190154,2026-07-15T05:50:18.994,184,0,3,0,20
156279.193372,2026-07-15T05:50:18.997,184,0,3,0,20
156279.195834,2026-07-15T05:50:19.000,184,0,3,0,20
156279.198299,2026-07-15T05:50:19.002,184,0,3,0,20
156279.200472,2026-07-15T05:50:19.003,184,0,3,0,20
156279.202677,2026-07-15T05:50:19.007,184,0,3,0,20
156279.204826,2026-07-15T05:50:19.008,184,0,3,0,20
156279.207513,2026-07-15T05:50:19.011,184,0,3,0,20
156279.209924,2026-07-15T05:50:19.014,184,0,3,0,20
156279.212374,2026-07-15T05:50:19.016,184,0,3,0,20
156279.214562,2026-07-15T05:50:19.018,184,0,3,0,20
156279.216753,2026-07-15T05:50:19.021,184,0,3,0,20
156279.219486,2026-07-15T05:50:19.023,184,0,3,0,20
156279.221951,2026-07-15T05:50:19.026,184,0,3,0,20
156279.224476,2026-07-15T05:50:19.027,184,0,3,0,20
156279.227210,2026-07-15T05:50:19.030,184,0,3,0,20
156279.229972,2026-07-15T05:50:19.033,184,0,3,0,20
156279.232274,2026-07-15T05:50:19.035,184,0,3,0,20
156279.235181,2026-07-15T05:50:19.039,184,0,3,0,20
156279.237658,2026-07-15T05:50:19.041,184,0,3,0,20
156279.240469,2026-07-15T05:50:19.044,184,0,3,0,20
156279.243354,2026-07-15T05:50:19.047,184,0,3,0,20
156279.246285,2026-07-15T05:50:19.050,184,0,3,0,20
156279.248927,2026-07-15T05:50:19.053,184,0,3,0,20
156279.251922,2026-07-15T05:50:19.056,184,0,3,0,20
156279.254641,2026-07-15T05:50:19.059,184,0,3,0,20
156279.257201,2026-07-15T05:50:19.061,184,0,3,0,20
156279.259867,2026-07-15T05:50:19.064,184,0,3,0,20
156279.262599,2026-07-15T05:50:19.067,184,0,3,0,20
156279.265323,2026-07-15T05:50:19.068,184,0,3,0,20
156279.267973,2026-07-15T05:50:19.071,184,0,3,0,20
156279.270504,2026-07-15T05:50:19.074,184,0,3,0,20
156279.273320,2026-07-15T05:50:19.077,184,0,3,0,20
156279.275757,2026-07-15T05:50:19.080,184,0,3,0,20
156279.278678,2026-07-15T05:50:19.082,184,0,3,0,20
156279.281865,2026-07-15T05:50:19.085,184,0,3,0,20
156279.284296,2026-07-15T05:50:19.088,184,0,3,0,20
156279.286693,2026-07-15T05:50:19.090,184,0,3,0,20
156279.289025,2026-07-15T05:50:19.092,184,0,3,0,20
156279.291615,2026-07-15T05:50:19.095,184,0,3,0,20
156279.294515,2026-07-15T05:50:19.098,184,0,3,0,20
156279.297290,2026-07-15T05:50:19.101,184,0,3,0,20
156279.300468,2026-07-15T05:50:19.104,184,0,3,0,20
156279.303176,2026-07-15T05:50:19.107,184,0,3,0,20
156279.305765,2026-07-15T05:50:19.110,184,0,3,0,20
156279.308382,2026-07-15T05:50:19.112,184,0,3,0,20
156279.310888,2026-07-15T05:50:19.115,184,0,3,0,20
156279.313361,2026-07-15T05:50:19.117,184,0,3,0,20
156279.315869,2026-07-15T05:50:19.120,184,0,3,0,20
156279.318442,2026-07-15T05:50:19.122,184,0,3,0,20
156279.321049,2026-07-15T05:50:19.125,184,0,3,0,20
156279.323403,2026-07-15T05:50:19.127,184,0,3,0,20
156279.326086,2026-07-15T05:50:19.130,184,0,3,0,20
156279.328613,2026-07-15T05:50:19.132,184,0,3,0,20
156279.330781,2026-07-15T05:50:19.134,184,0,3,0,20
156279.333360,2026-07-15T05:50:19.137,184,0,3,0,20
156279.336091,2026-07-15T05:50:19.140,184,0,3,0,20
156279.338678,2026-07-15T05:50:19.143,184,0,3,0,20
156279.342282,2026-07-15T05:50:19.146,184,0,3,0,20
156279.344394,2026-07-15T05:50:19.148,184,0,3,0,20
156279.348368,2026-07-15T05:50:19.152,184,0,3,0,20
156279.351245,2026-07-15T05:50:19.155,184,0,3,0,20
156279.353577,2026-07-15T05:50:19.157,184,0,3,0,20
156279.356696,2026-07-15T05:50:19.161,184,0,3,0,20
156279.359142,2026-07-15T05:50:19.163,184,0,3,0,20
156279.361998,2026-07-15T05:50:19.166,184,0,3,0,20
156279.364624,2026-07-15T05:50:19.168,184,0,3,0,20
156279.368009,2026-07-15T05:50:19.171,184,0,3,0,5
156279.370716,2026-07-15T05:50:19.175,225,0,3,0,5
156279.373358,2026-07-15T05:50:19.177,225,0,3,0,5
156279.376400,2026-07-15T05:50:19.180,225,0,3,0,5
156279.379278,2026-07-15T05:50:19.183,225,0,3,0,5
156279.381575,2026-07-15T05:50:19.185,225,0,3,0,5
156279.384118,2026-07-15T05:50:19.188,225,0,3,0,5
156279.386972,2026-07-15T05:50:19.191,225,0,3,0,5
156279.390015,2026-07-15T05:50:19.193,225,0,3,0,5
156279.392772,2026-07-15T05:50:19.195,225,0,3,0,5
156279.395458,2026-07-15T05:50:19.199,225,0,3,0,5
156279.398780,2026-07-15T05:50:19.203,225,0,3,0,5
156279.402464,2026-07-15T05:50:19.206,225,0,3,0,5
156279.405478,2026-07-15T05:50:19.208,225,0,3,0,5
156279.408284,2026-07-15T05:50:19.211,225,0,3,0,5
156279.410620,2026-07-15T05:50:19.214,225,0,3,0,5
156279.412811,2026-07-15T05:50:19.216,225,0,3,0,5
156279.415333,2026-07-15T05:50:19.219,225,0,3,0,5
156279.418167,2026-07-15T05:50:19.222,225,0,3,0,5
156279.420654,2026-07-15T05:50:19.225,225,0,3,0,5
156279.423441,2026-07-15T05:50:19.227,225,0,3,0,5
156279.425825,2026-07-15T05:50:19.229,225,0,3,0,5
156279.428412,2026-07-15T05:50:19.232,225,0,3,0,5
156279.430673,2026-07-15T05:50:19.234,225,0,3,0,5
156279.433281,2026-07-15T05:50:19.237,225,0,3,0,5
156279.436031,2026-07-15T05:50:19.240,225,0,3,0,5
156279.438614,2026-07-15T05:50:19.242,225,0,3,0,5
156279.441538,2026-07-15T05:50:19.246,225,0,3,0,5
156279.444534,2026-07-15T05:50:19.249,225,0,3,0,5
156279.447193,2026-07-15T05:50:19.251,225,0,3,0,5
156279.450200,2026-07-15T05:50:19.253,225,0,3,0,5
156279.452936,2026-07-15T05:50:19.257,225,0,3,0,5
156279.455555,2026-07-15T05:50:19.259,225,0,3,0,5
156279.458018,2026-07-15T05:50:19.262,225,0,3,0,5
156279.460770,2026-07-15T05:50:19.265,225,0,3,0,5
156279.463768,2026-07-15T05:50:19.267,225,0,3,0,5
156279.466480,2026-07-15T05:50:19.270,225,0,3,0,5
156279.469165,2026-07-15T05:50:19.273,225,0,3,0,5
156279.471965,2026-07-15T05:50:19.275,225,0,3,0,5
156279.474992,2026-07-15T05:50:19.279,225,0,3,0,5
156279.477894,2026-07-15T05:50:19.281,225,0,3,0,5
156279.480582,2026-07-15T05:50:19.285,225,0,3,0,5
156279.483248,2026-07-15T05:50:19.287,225,0,3,0,5
156279.485892,2026-07-15T05:50:19.290,225,0,3,0,5
156279.488486,2026-07-15T05:50:19.292,225,0,3,0,5
156279.491566,2026-07-15T05:50:19.295,225,0,3,0,5
156279.494980,2026-07-15T05:50:19.298,225,0,3,0,5
156279.497317,2026-07-15T05:50:19.301,225,0,3,0,5
156279.500088,2026-07-15T05:50:19.304,225,0,3,0,5
156279.502687,2026-07-15T05:50:19.307,225,0,3,0,5
156279.504928,2026-07-15T05:50:19.308,225,0,3,0,5
156279.507292,2026-07-15T05:50:19.311,225,0,3,0,5
156279.510228,2026-07-15T05:50:19.314,225,0,3,0,5
156279.513101,2026-07-15T05:50:19.317,225,0,3,0,5
156279.515650,2026-07-15T05:50:19.319,225,0,3,0,5
156279.518077,2026-07-15T05:50:19.321,225,0,3,0,5
156279.520539,2026-07-15T05:50:19.324,225,0,3,0,5
156279.522731,2026-07-15T05:50:19.326,225,0,3,0,5
156279.524879,2026-07-15T05:50:19.328,225,0,3,0,5
156279.527149,2026-07-15T05:50:19.330,225,0,3,0,5
156279.529640,2026-07-15T05:50:19.333,225,0,3,0,5
156279.531949,2026-07-15T05:50:19.336,225,0,3,0,5
156279.534328,2026-07-15T05:50:19.338,225,0,3,0,5
156279.537136,2026-07-15T05:50:19.340,225,0,3,0,5
156279.539754,2026-07-15T05:50:19.343,225,0,3,0,5
156279.543092,2026-07-15T05:50:19.346,225,0,3,0,5
156279.545138,2026-07-15T05:50:19.348,225,0,3,0,5
156279.547813,2026-07-15T05:50:19.352,225,0,3,0,5
156279.550805,2026-07-15T05:50:19.355,225,0,3,0,5
156279.553232,2026-07-15T05:50:19.357,225,0,3,0,5
156279.556133,2026-07-15T05:50:19.360,225,0,3,0,5
156279.558597,2026-07-15T05:50:19.363,225,0,3,0,5
156279.561236,2026-07-15T05:50:19.365,225,0,3,0,5
156279.563771,2026-07-15T05:50:19.367,225,0,3,0,5
156279.566149,2026-07-15T05:50:19.369,225,0,3,0,5
156279.568628,2026-07-15T05:50:19.373,225,0,3,0,5
156279.570887,2026-07-15T05:50:19.375,225,0,3,0,5
156279.573088,2026-07-15T05:50:19.377,225,0,3,0,5
156279.575528,2026-07-15T05:50:19.380,225,0,3,0,5
156279.578097,2026-07-15T05:50:19.382,225,0,3,0,5
156279.580881,2026-07-15T05:50:19.384,225,0,3,0,5
156279.583275,2026-07-15T05:50:19.386,225,0,3,0,5
156279.585454,2026-07-15T05:50:19.390,225,0,3,0,5
156279.588103,2026-07-15T05:50:19.391,225,0,3,0,5
156279.590732,2026-07-15T05:50:19.394,225,0,3,0,5
156279.593006,2026-07-15T05:50:19.396,225,0,3,0,5
156279.595732,2026-07-15T05:50:19.399,225,0,3,0,5
156279.597830,2026-07-15T05:50:19.401,225,0,3,0,5
156279.600478,2026-07-15T05:50:19.404,225,0,3,0,5
156279.603153,2026-07-15T05:50:19.407,225,0,3,0,5
156279.605782,2026-07-15T05:50:19.410,225,0,3,0,5
156279.608375,2026-07-15T05:50:19.412,225,0,3,0,5
156279.610681,2026-07-15T05:50:19.415,225,0,3,0,0
156279.613549,2026-07-15T05:50:19.416,249,3,3,0,0
156279.616166,2026-07-15T05:50:19.419,249,3,3,0,0
156279.618776,2026-07-15T05:50:19.422,249,3,3,0,0
156279.621343,2026-07-15T05:50:19.424,249,3,3,0,0
156279.624094,2026-07-15T05:50:19.427,249,3,3,0,0
156279.626835,2026-07-15T05:50:19.430,249,3,3,0,0
156279.629317,2026-07-15T05:50:19.432,249,3,3,0,0
156279.632192,2026-07-15T05:50:19.435,249,3,3,0,0
156279.634888,2026-07-15T05:50:19.438,249,3,3,0,0
156279.637575,2026-07-15T05:50:19.442,249,3,3,0,0
156279.640539,2026-07-15T05:50:19.443,249,3,3,0,0
156279.644323,2026-07-15T05:50:19.448,249,3,3,0,0
156279.646464,2026-07-15T05:50:19.450,249,3,3,0,0
156279.649169,2026-07-15T05:50:19.453,249,3,3,0,0
156279.651815,2026-07-15T05:50:19.456,249,3,3,0,0
156279.657016,2026-07-15T05:50:19.461,249,3,3,0,0
156279.659034,2026-07-15T05:50:19.463,249,3,3,0,0
156279.661663,2026-07-15T05:50:19.466,249,3,3,0,0
156279.664469,2026-07-15T05:50:19.468,249,3,3,0,0
156279.667019,2026-07-15T05:50:19.471,249,3,3,0,0
156279.669549,2026-07-15T05:50:19.473,249,3,3,0,0
156279.671852,2026-07-15T05:50:19.476,249,3,3,0,0
156279.674403,2026-07-15T05:50:19.478,249,3,3,0,0
156279.676524,2026-07-15T05:50:19.480,249,3,3,0,0
156279.678741,2026-07-15T05:50:19.483,249,3,3,0,0
156279.681274,2026-07-15T05:50:19.485,249,3,3,0,0
156279.683685,2026-07-15T05:50:19.487,249,3,3,0,0
156279.685978,2026-07-15T05:50:19.489,249,3,3,0,0
156279.688449,2026-07-15T05:50:19.492,249,3,3,0,0
156279.690572,2026-07-15T05:50:19.494,249,3,3,0,0
156279.692849,2026-07-15T05:50:19.496,249,3,3,0,0
156279.695152,2026-07-15T05:50:19.498,249,3,3,0,0
156279.697605,2026-07-15T05:50:19.501,249,3,3,0,0
156279.700180,2026-07-15T05:50:19.504,249,3,3,0,0
156279.702527,2026-07-15T05:50:19.506,249,3,3,0,0
156279.705512,2026-07-15T05:50:19.509,249,3,3,0,0
156279.708046,2026-07-15T05:50:19.512,249,3,3,0,0
156279.711193,2026-07-15T05:50:19.515,249,3,3,0,0
156279.714295,2026-07-15T05:50:19.518,249,3,3,0,0
156279.717343,2026-07-15T05:50:19.521,249,3,3,0,0
156279.720159,2026-07-15T05:50:19.524,249,3,3,0,0
156279.722759,2026-07-15T05:50:19.526,249,3,3,0,0
156279.725449,2026-07-15T05:50:19.529,249,3,3,0,0
156279.728142,2026-07-15T05:50:19.532,249,3,3,0,0
156279.730453,2026-07-15T05:50:19.534,249,3,3,0,0
156279.733158,2026-07-15T05:50:19.536,249,3,3,0,0
156279.735952,2026-07-15T05:50:19.539,249,3,3,0,0
156279.738319,2026-07-15T05:50:19.542,249,3,3,0,0
156279.740905,2026-07-15T05:50:19.544,249,3,3,0,0
156279.744343,2026-07-15T05:50:19.548,249,3,3,0,0
156279.747172,2026-07-15T05:50:19.550,249,3,3,0,0
156279.749892,2026-07-15T05:50:19.553,249,3,3,0,0
156279.752259,2026-07-15T05:50:19.556,249,3,3,0,0
156279.754713,2026-07-15T05:50:19.558,249,3,3,0,0
156279.757256,2026-07-15T05:50:19.561,249,3,3,0,0
156279.760266,2026-07-15T05:50:19.564,249,3,3,0,0
156279.762650,2026-07-15T05:50:19.566,249,3,3,0,0
156279.765287,2026-07-15T05:50:19.569,249,3,3,0,0
156279.767765,2026-07-15T05:50:19.572,249,3,3,0,0
156279.770268,2026-07-15T05:50:19.574,249,3,3,0,0
156279.772801,2026-07-15T05:50:19.577,249,3,3,0,0
156279.775397,2026-07-15T05:50:19.579,249,3,3,0,0
156279.778471,2026-07-15T05:50:19.582,249,3,3,0,0
156279.781004,2026-07-15T05:50:19.585,249,3,3,0,0
156279.783535,2026-07-15T05:50:19.588,249,3,3,0,0
156279.786492,2026-07-15T05:50:19.591,249,3,3,0,0
156279.789461,2026-07-15T05:50:19.593,249,3,3,0,0
156279.792461,2026-07-15T05:50:19.596,249,3,3,0,0
156279.795112,2026-07-15T05:50:19.599,249,3,3,0,0
156279.798147,2026-07-15T05:50:19.602,249,3,3,0,0
156279.800523,2026-07-15T05:50:19.604,249,3,3,0,0
156279.803293,2026-07-15T05:50:19.607,249,3,3,0,0
156279.805808,2026-07-15T05:50:19.610,249,3,3,0,0
156279.808687,2026-07-15T05:50:19.611,249,3,3,0,0
156279.811596,2026-07-15T05:50:19.615,249,3,3,0,0
156279.814469,2026-07-15T05:50:19.618,249,3,3,0,0
156279.817414,2026-07-15T05:50:19.621,249,3,3,0,0
156279.820298,2026-07-15T05:50:19.624,249,3,3,0,0
156279.823117,2026-07-15T05:50:19.626,249,3,3,0,0
156279.825670,2026-07-15T05:50:19.629,249,3,3,0,0
156279.828572,2026-07-15T05:50:19.632,249,3,3,0,0
156279.831780,2026-07-15T05:50:19.635,249,3,3,0,0
156279.834498,2026-07-15T05:50:19.638,249,3,3,0,0
156279.837012,2026-07-15T05:50:19.640,249,3,3,0,0
156279.839720,2026-07-15T05:50:19.643,249,3,3,0,0
156279.843601,2026-07-15T05:50:19.647,249,3,3,0,0
156279.846292,2026-07-15T05:50:19.650,249,3,3,0,0
156279.849092,2026-07-15T05:50:19.653,249,3,3,0,0
156279.851812,2026-07-15T05:50:19.655,249,3,3,0,0
156279.854457,2026-07-15T05:50:19.658,249,3,3,0,0
156279.857324,2026-07-15T05:50:19.661,249,3,3,0,0
156279.859935,2026-07-15T05:50:19.663,249,3,3,0,0
156279.862724,2026-07-15T05:50:19.666,249,3,3,0,0
156279.864904,2026-07-15T05:50:19.668,249,3,3,0,0
156279.867175,2026-07-15T05:50:19.671,249,3,3,0,0
156279.869356,2026-07-15T05:50:19.673,249,3,3,0,0
156279.872145,2026-07-15T05:50:19.676,249,3,3,0,0
156279.874598,2026-07-15T05:50:19.678,249,3,3,0,0
156279.877697,2026-07-15T05:50:19.681,249,3,3,0,0
156279.880253,2026-07-15T05:50:19.684,249,3,3,0,0
156279.883091,2026-07-15T05:50:19.687,249,3,3,0,0
156279.885966,2026-07-15T05:50:19.689,249,3,3,0,0
156279.888756,2026-07-15T05:50:19.692,249,3,3,0,0
156279.891578,2026-07-15T05:50:19.695,249,3,3,0,0
156279.894220,2026-07-15T05:50:19.698,249,3,3,0,0
156279.896982,2026-07-15T05:50:19.701,249,3,3,0,0
156279.899825,2026-07-15T05:50:19.704,249,3,3,0,0
156279.902525,2026-07-15T05:50:19.707,249,3,3,0,0
156279.905595,2026-07-15T05:50:19.710,249,3,3,0,0
156279.908727,2026-07-15T05:50:19.713,249,3,3,0,0
156279.911798,2026-07-15T05:50:19.716,249,3,3,0,0
156279.914485,2026-07-15T05:50:19.719,249,3,3,0,0
156279.917156,2026-07-15T05:50:19.721,249,3,3,0,0
156279.920046,2026-07-15T05:50:19.724,249,3,3,0,0
156279.922592,2026-07-15T05:50:19.726,249,3,3,0,0
156279.925064,2026-07-15T05:50:19.728,249,3,3,0,0
156279.927929,2026-07-15T05:50:19.732,249,3,3,0,0
156279.930756,2026-07-15T05:50:19.735,249,3,3,0,0
156279.933224,2026-07-15T05:50:19.736,249,3,3,0,0
156279.935722,2026-07-15T05:50:19.739,249,3,3,0,0
156279.937981,2026-07-15T05:50:19.742,249,3,3,0,0
156279.939997,2026-07-15T05:50:19.744,249,3,3,0,0
156279.943202,2026-07-15T05:50:19.747,249,3,3,0,0
156279.945253,2026-07-15T05:50:19.749,249,3,3,0,0
156279.948079,2026-07-15T05:50:19.752,249,3,3,0,0
156279.950739,2026-07-15T05:50:19.755,249,3,3,0,0
156279.953368,2026-07-15T05:50:19.757,249,3,3,0,0
156279.955801,2026-07-15T05:50:19.760,249,3,3,0,0
156279.958425,2026-07-15T05:50:19.762,249,3,3,0,0
156279.960972,2026-07-15T05:50:19.765,249,3,3,0,0
156279.963348,2026-07-15T05:50:19.767,249,3,3,0,0
156279.965637,2026-07-15T05:50:19.770,249,3,3,0,0
156279.967781,2026-07-15T05:50:19.772,249,3,3,0,0
156279.969934,2026-07-15T05:50:19.774,249,3,3,0,0
156279.972419,2026-07-15T05:50:19.776,249,3,3,0,0
156279.974911,2026-07-15T05:50:19.779,249,3,3,0,0
156279.977411,2026-07-15T05:50:19.781,249,3,3,0,0
156279.979998,2026-07-15T05:50:19.784,249,3,3,0,0
156279.982443,2026-07-15T05:50:19.786,249,3,3,0,0
156279.985056,2026-07-15T05:50:19.789,249,3,3,0,0
156279.987502,2026-07-15T05:50:19.791,249,3,3,0,0
156279.989560,2026-07-15T05:50:19.794,249,3,3,0,0
156279.991594,2026-07-15T05:50:19.796,249,3,3,0,0
156279.994177,2026-07-15T05:50:19.798,249,3,3,0,0
156279.996278,2026-07-15T05:50:19.800,249,3,3,0,0
156279.998444,2026-07-15T05:50:19.802,249,3,3,0,0
156280.001022,2026-07-15T05:50:19.805,249,3,3,0,0
156280.003313,2026-07-15T05:50:19.807,249,3,3,0,0
156280.005316,2026-07-15T05:50:19.809,249,3,3,0,0
156280.007920,2026-07-15T05:50:19.812,249,3,3,0,0
156280.010192,2026-07-15T05:50:19.814,249,3,3,0,0
156280.012557,2026-07-15T05:50:19.817,249,3,3,0,0
156280.014890,2026-07-15T05:50:19.819,249,3,3,0,0
156280.017519,2026-07-15T05:50:19.821,249,3,3,0,0
156280.020260,2026-07-15T05:50:19.824,249,3,3,0,0
156280.022734,2026-07-15T05:50:19.826,249,3,3,0,0
156280.025030,2026-07-15T05:50:19.828,249,3,3,0,0
156280.027216,2026-07-15T05:50:19.831,249,3,3,0,0
156280.029672,2026-07-15T05:50:19.834,249,3,3,0,0
156280.032428,2026-07-15T05:50:19.835,249,3,3,0,0
156280.034772,2026-07-15T05:50:19.839,249,3,3,0,0
156280.037172,2026-07-15T05:50:19.841,249,3,3,0,0
156280.039760,2026-07-15T05:50:19.844,249,3,3,0,0
156280.044420,2026-07-15T05:50:19.848,249,3,3,0,0
156280.047618,2026-07-15T05:50:19.851,249,3,3,0,0
156280.050326,2026-07-15T05:50:19.854,249,3,3,0,0
156280.052988,2026-07-15T05:50:19.856,249,3,3,0,0
156280.055645,2026-07-15T05:50:19.859,249,3,3,0,0
156280.058379,2026-07-15T05:50:19.862,249,3,3,0,0
156280.061065,2026-07-15T05:50:19.865,249,3,3,0,0
156280.063837,2026-07-15T05:50:19.868,249,3,3,0,0
156280.067154,2026-07-15T05:50:19.871,249,3,3,0,0
156280.069634,2026-07-15T05:50:19.874,249,3,3,0,0
156280.072468,2026-07-15T05:50:19.876,249,3,3,0,0
156280.075002,2026-07-15T05:50:19.879,249,3,3,0,0
156280.078016,2026-07-15T05:50:19.882,249,3,3,0,0
156280.080836,2026-07-15T05:50:19.884,249,3,3,0,0
156280.084519,2026-07-15T05:50:19.888,249,3,3,0,0
156280.087913,2026-07-15T05:50:19.891,249,3,3,0,0
156280.091393,2026-07-15T05:50:19.895,249,3,3,0,0
156280.094364,2026-07-15T05:50:19.898,249,3,3,0,0
156280.097232,2026-07-15T05:50:19.900,249,3,3,0,0
156280.100386,2026-07-15T05:50:19.904,249,3,3,0,0
156280.103013,2026-07-15T05:50:19.906,249,3,3,0,0
156280.105501,2026-07-15T05:50:19.909,249,3,3,0,0
156280.108533,2026-07-15T05:50:19.912,249,3,3,0,0
156280.111331,2026-07-15T05:50:19.915,249,3,3,0,0
156280.114264,2026-07-15T05:50:19.917,249,3,3,0,0
156280.117992,2026-07-15T05:50:19.921,249,3,3,0,0
156280.120943,2026-07-15T05:50:19.925,249,3,3,0,0
156280.123725,2026-07-15T05:50:19.927,249,3,3,0,0
156280.126546,2026-07-15T05:50:19.930,249,3,3,0,0
156280.129150,2026-07-15T05:50:19.933,249,3,3,0,0
156280.132051,2026-07-15T05:50:19.935,249,3,3,0,0
156280.134739,2026-07-15T05:50:19.939,249,3,3,0,0
156280.137675,2026-07-15T05:50:19.942,249,3,3,0,0
156280.140227,2026-07-15T05:50:19.944,249,3,3,0,0
156280.142657,2026-07-15T05:50:19.946,249,3,3,0,0
156280.144858,2026-07-15T05:50:19.949,249,3,3,0,0
156280.147267,2026-07-15T05:50:19.951,249,3,3,0,0
156280.149749,2026-07-15T05:50:19.953,249,3,3,0,0
156280.151986,2026-07-15T05:50:19.956,249,3,3,0,0
156280.154604,2026-07-15T05:50:19.959,249,3,3,0,0
156280.156758,2026-07-15T05:50:19.961,249,3,3,0,0
156280.159404,2026-07-15T05:50:19.963,249,3,3,0,0
156280.162238,2026-07-15T05:50:19.965,249,3,3,0,0
156280.164746,2026-07-15T05:50:19.969,249,3,3,0,0
156280.167350,2026-07-15T05:50:19.971,249,3,3,0,0
156280.169720,2026-07-15T05:50:19.973,249,3,3,0,0
156280.172197,2026-07-15T05:50:19.976,249,3,3,0,0
156280.175404,2026-07-15T05:50:19.979,249,3,3,0,0
156280.178081,2026-07-15T05:50:19.981,249,3,3,0,0
156280.180900,2026-07-15T05:50:19.984,249,3,3,0,0
156280.183894,2026-07-15T05:50:19.987,249,3,3,0,0
156280.186875,2026-07-15T05:50:19.990,249,3,3,0,0
156280.189579,2026-07-15T05:50:19.993,249,3,3,0,0
156280.192307,2026-07-15T05:50:19.996,249,3,3,0,0
156280.195222,2026-07-15T05:50:19.999,249,3,3,0,0
156280.197929,2026-07-15T05:50:20.002,249,3,3,0,0
156280.200696,2026-07-15T05:50:20.004,249,3,3,0,0
156280.203255,2026-07-15T05:50:20.007,249,3,3,0,0
156280.205433,2026-07-15T05:50:20.009,249,3,3,0,0
156280.208120,2026-07-15T05:50:20.012,249,3,3,0,0
156280.210326,2026-07-15T05:50:20.014,249,3,3,0,0
156280.213078,2026-07-15T05:50:20.017,249,3,3,0,0
156280.215635,2026-07-15T05:50:20.019,249,3,3,0,0
156280.218484,2026-07-15T05:50:20.022,249,3,3,0,0
156280.220571,2026-07-15T05:50:20.025,249,3,3,0,0
156280.223136,2026-07-15T05:50:20.027,249,3,3,0,0
156280.225744,2026-07-15T05:50:20.029,249,3,3,0,0
156280.228149,2026-07-15T05:50:20.032,249,3,3,0,0
156280.230775,2026-07-15T05:50:20.035,249,3,3,0,0
156280.233422,2026-07-15T05:50:20.037,249,3,3,0,0
156280.236234,2026-07-15T05:50:20.039,249,3,3,0,0
156280.238806,2026-07-15T05:50:20.043,249,3,3,0,0
156280.241108,2026-07-15T05:50:20.045,249,3,3,0,0
156280.245158,2026-07-15T05:50:20.049,249,3,3,0,0
156280.248032,2026-07-15T05:50:20.051,249,3,3,0,0
156280.250330,2026-07-15T05:50:20.054,249,3,3,0,0
156280.252816,2026-07-15T05:50:20.056,249,3,3,0,0
156280.255434,2026-07-15T05:50:20.059,249,3,3,0,0
156280.257868,2026-07-15T05:50:20.061,249,3,3,0,0
156280.260555,2026-07-15T05:50:20.064,249,3,3,0,0
156280.263472,2026-07-15T05:50:20.067,249,3,3,0,0
156280.266281,2026-07-15T05:50:20.070,249,3,3,0,0
156280.268737,2026-07-15T05:50:20.072,249,3,3,0,0
156280.271610,2026-07-15T05:50:20.075,249,3,3,0,0
156280.273985,2026-07-15T05:50:20.077,249,3,3,0,0
156280.276715,2026-07-15T05:50:20.080,249,3,3,0,0
156280.279437,2026-07-15T05:50:20.083,249,3,3,0,0
156280.281947,2026-07-15T05:50:20.086,249,3,3,0,0
156280.284535,2026-07-15T05:50:20.088,249,3,3,0,0
156280.286962,2026-07-15T05:50:20.090,249,3,3,0,0
156280.289626,2026-07-15T05:50:20.093,249,3,3,0,0
156280.292088,2026-07-15T05:50:20.096,249,3,3,0,0
156280.294428,2026-07-15T05:50:20.098,249,3,3,0,0
156280.296793,2026-07-15T05:50:20.100,249,3,3,0,0
156280.299566,2026-07-15T05:50:20.103,249,3,3,0,0
156280.302518,2026-07-15T05:50:20.107,249,3,3,0,0
156280.305009,2026-07-15T05:50:20.109,249,3,3,0,0
156280.307773,2026-07-15T05:50:20.112,249,3,3,0,0
156280.310413,2026-07-15T05:50:20.114,249,3,3,0,0
156280.313044,2026-07-15T05:50:20.116,249,3,3,0,0
156280.316087,2026-07-15T05:50:20.119,249,3,3,0,0
156280.318730,2026-07-15T05:50:20.121,249,3,3,0,0
156280.321177,2026-07-15T05:50:20.125,249,3,3,0,0
156280.324158,2026-07-15T05:50:20.128,249,3,3,0,0
156280.326895,2026-07-15T05:50:20.130,249,3,3,0,0
156280.329672,2026-07-15T05:50:20.133,249,3,3,0,0
156280.332158,2026-07-15T05:50:20.136,249,3,3,0,0
156280.334793,2026-07-15T05:50:20.139,249,3,3,0,0
156280.337255,2026-07-15T05:50:20.141,249,3,3,0,0
156280.339399,2026-07-15T05:50:20.143,249,3,3,0,0
156280.342180,2026-07-15T05:50:20.145,249,3,3,0,0
156280.346690,2026-07-15T05:50:20.151,249,3,3,0,0
156280.349545,2026-07-15T05:50:20.153,249,3,3,0,0
156280.352363,2026-07-15T05:50:20.156,249,3,3,0,0
156280.354935,2026-07-15T05:50:20.158,249,3,3,0,0
156280.357634,2026-07-15T05:50:20.161,249,3,3,0,0
156280.360651,2026-07-15T05:50:20.164,249,3,3,0,0
156280.363107,2026-07-15T05:50:20.166,249,3,3,0,0
156280.365661,2026-07-15T05:50:20.170,249,3,3,0,0
156280.367989,2026-07-15T05:50:20.172,249,3,3,0,0
156280.370155,2026-07-15T05:50:20.173,249,3,3,0,0
156280.372486,2026-07-15T05:50:20.176,249,3,3,0,0
156280.374952,2026-07-15T05:50:20.179,249,3,3,0,0
156280.377567,2026-07-15T05:50:20.182,249,3,3,0,0
156280.380172,2026-07-15T05:50:20.184,249,3,3,0,0
156280.382822,2026-07-15T05:50:20.187,249,3,3,0,0
156280.384840,2026-07-15T05:50:20.188,249,3,3,0,0
156280.387465,2026-07-15T05:50:20.191,249,3,3,0,0
156280.390180,2026-07-15T05:50:20.194,249,3,3,0,0
156280.392758,2026-07-15T05:50:20.197,249,3,3,0,0
156280.395143,2026-07-15T05:50:20.199,249,3,3,0,0
156280.397535,2026-07-15T05:50:20.201,249,3,3,0,0
156280.400220,2026-07-15T05:50:20.204,249,3,3,0,0
156280.403054,2026-07-15T05:50:20.207,249,3,3,0,0
156280.405693,2026-07-15T05:50:20.209,249,3,3,0,0
156280.408526,2026-07-15T05:50:20.213,249,3,3,0,0
156280.411025,2026-07-15T05:50:20.215,249,3,3,0,0
156280.413758,2026-07-15T05:50:20.217,249,3,3,0,0
156280.416661,2026-07-15T05:50:20.221,249,3,3,0,0
156280.419189,2026-07-15T05:50:20.222,249,3,3,0,0
156280.421754,2026-07-15T05:50:20.224,249,3,3,0,0
156280.424129,2026-07-15T05:50:20.227,249,3,3,0,0
156280.426345,2026-07-15T05:50:20.230,249,3,3,0,0
156280.428679,2026-07-15T05:50:20.232,249,3,3,0,0
156280.431342,2026-07-15T05:50:20.235,249,3,3,0,0
156280.433741,2026-07-15T05:50:20.238,249,3,3,0,0
156280.436470,2026-07-15T05:50:20.240,249,3,3,0,0
156280.439351,2026-07-15T05:50:20.243,249,3,3,0,0
156280.441806,2026-07-15T05:50:20.245,249,3,3,0,0
156280.444650,2026-07-15T05:50:20.248,249,3,3,0,0
156280.447591,2026-07-15T05:50:20.251,249,3,3,0,0
156280.450092,2026-07-15T05:50:20.254,249,3,3,0,0
156280.452877,2026-07-15T05:50:20.257,249,3,3,0,0
156280.455639,2026-07-15T05:50:20.259,249,3,3,0,0
156280.458270,2026-07-15T05:50:20.262,249,3,3,0,0
156280.460919,2026-07-15T05:50:20.265,249,3,3,0,0
156280.463621,2026-07-15T05:50:20.267,249,3,3,0,0
156280.466164,2026-07-15T05:50:20.270,249,3,3,0,0
156280.468591,2026-07-15T05:50:20.272,249,3,3,0,0
156280.471556,2026-07-15T05:50:20.275,249,3,3,0,0
156280.474345,2026-07-15T05:50:20.278,249,3,3,0,0
156280.477284,2026-07-15T05:50:20.280,249,3,3,0,0
156280.479905,2026-07-15T05:50:20.283,249,3,3,0,0
156280.482776,2026-07-15T05:50:20.287,249,3,3,0,0
156280.485384,2026-07-15T05:50:20.289,249,3,3,0,0
156280.487683,2026-07-15T05:50:20.292,249,3,3,0,0
156280.490511,2026-07-15T05:50:20.294,249,3,3,0,0
156280.493340,2026-07-15T05:50:20.297,249,3,3,0,0
156280.496255,2026-07-15T05:50:20.300,249,3,3,0,0
156280.498849,2026-07-15T05:50:20.302,249,3,3,0,0
156280.501279,2026-07-15T05:50:20.305,249,3,3,0,0
156280.503835,2026-07-15T05:50:20.307,249,3,3,0,0
156280.506541,2026-07-15T05:50:20.310,249,3,3,0,0
156280.509305,2026-07-15T05:50:20.313,249,3,3,0,0
156280.511828,2026-07-15T05:50:20.316,249,3,3,0,0
156280.514919,2026-07-15T05:50:20.318,249,3,3,0,0
156280.517198,2026-07-15T05:50:20.321,249,3,3,0,0
156280.520584,2026-07-15T05:50:20.324,249,3,3,0,0
156280.523212,2026-07-15T05:50:20.327,249,3,3,0,0
156280.525716,2026-07-15T05:50:20.329,249,3,3,0,0
156280.528482,2026-07-15T05:50:20.332,249,3,3,0,0
156280.531258,2026-07-15T05:50:20.334,249,3,3,0,0
156280.533643,2026-07-15T05:50:20.337,249,3,3,0,0
156280.536215,2026-07-15T05:50:20.340,249,3,3,0,0
156280.538319,2026-07-15T05:50:20.342,249,3,3,0,0
156280.540866,2026-07-15T05:50:20.344,249,3,3,0,0
156280.543520,2026-07-15T05:50:20.347,249,3,3,0,0
156280.548423,2026-07-15T05:50:20.352,249,3,3,0,0
156280.550915,2026-07-15T05:50:20.355,249,3,3,0,0
156280.553697,2026-07-15T05:50:20.357,249,3,3,0,0
156280.556159,2026-07-15T05:50:20.360,249,3,3,0,0
156280.559336,2026-07-15T05:50:20.363,249,3,3,0,0
156280.561985,2026-07-15T05:50:20.366,249,3,3,0,0
156280.564213,2026-07-15T05:50:20.368,249,3,3,0,0
156280.567097,2026-07-15T05:50:20.370,249,3,3,0,0
156280.569224,2026-07-15T05:50:20.372,249,3,3,0,0
156280.571981,2026-07-15T05:50:20.376,249,3,3,0,0
156280.574538,2026-07-15T05:50:20.378,249,3,3,0,0
156280.577400,2026-07-15T05:50:20.381,249,3,3,0,0
156280.580989,2026-07-15T05:50:20.385,249,3,3,0,0
156280.584545,2026-07-15T05:50:20.388,249,3,3,0,0
156280.587539,2026-07-15T05:50:20.391,249,3,3,0,0
156280.590540,2026-07-15T05:50:20.394,249,3,3,0,0
156280.593509,2026-07-15T05:50:20.397,249,3,3,0,0
156280.596589,2026-07-15T05:50:20.400,249,3,3,0,0
156280.599684,2026-07-15T05:50:20.402,249,3,3,0,0
156280.602043,2026-07-15T05:50:20.406,249,3,3,0,0
156280.604647,2026-07-15T05:50:20.408,249,3,3,0,0
156280.607272,2026-07-15T05:50:20.411,249,3,3,0,0
156280.610099,2026-07-15T05:50:20.413,249,3,3,0,0
156280.613008,2026-07-15T05:50:20.417,249,3,3,0,0
156280.615645,2026-07-15T05:50:20.419,249,3,3,0,0
156280.618448,2026-07-15T05:50:20.422,249,3,3,0,0
156280.621350,2026-07-15T05:50:20.425,249,3,3,0,0
156280.623647,2026-07-15T05:50:20.427,249,3,3,0,0
156280.626363,2026-07-15T05:50:20.430,249,3,3,0,0
156280.628923,2026-07-15T05:50:20.433,249,3,3,0,0
156280.631650,2026-07-15T05:50:20.435,249,3,3,0,0
156280.634320,2026-07-15T05:50:20.438,249,3,3,0,0
156280.636820,2026-07-15T05:50:20.441,249,3,3,0,0
156280.639322,2026-07-15T05:50:20.443,249,3,3,0,0
156280.641354,2026-07-15T05:50:20.444,249,3,3,0,0
156280.645104,2026-07-15T05:50:20.449,249,3,3,0,0
156280.648142,2026-07-15T05:50:20.451,249,3,3,0,0
156280.651149,2026-07-15T05:50:20.454,249,3,3,0,0
156280.653699,2026-07-15T05:50:20.458,249,3,3,0,0
156280.656680,2026-07-15T05:50:20.461,249,3,3,0,0
156280.659080,2026-07-15T05:50:20.462,249,3,3,0,0
156280.661172,2026-07-15T05:50:20.464,249,3,3,0,0
156280.663654,2026-07-15T05:50:20.467,249,3,3,0,0
156280.666470,2026-07-15T05:50:20.470,249,3,3,0,0
156280.669142,2026-07-15T05:50:20.473,249,3,3,0,0
156280.671443,2026-07-15T05:50:20.475,249,3,3,0,0
156280.673854,2026-07-15T05:50:20.477,249,3,3,0,0
156280.676575,2026-07-15T05:50:20.480,249,3,3,0,0
156280.679183,2026-07-15T05:50:20.483,249,3,3,0,0
156280.681970,2026-07-15T05:50:20.485,249,3,3,0,0
156280.684786,2026-07-15T05:50:20.488,249,3,3,0,0
156280.687042,2026-07-15T05:50:20.491,249,3,3,0,0
156280.689892,2026-07-15T05:50:20.494,249,3,3,0,0
156280.692584,2026-07-15T05:50:20.496,236,0,3,0,20
156280.695758,2026-07-15T05:50:20.499,236,0,3,0,20
156280.698915,2026-07-15T05:50:20.503,236,0,3,0,20
156280.701364,2026-07-15T05:50:20.505,236,0,3,0,20
156280.704359,2026-07-15T05:50:20.508,236,0,3,0,20
156280.706473,2026-07-15T05:50:20.510,236,0,3,0,20
156280.708735,2026-07-15T05:50:20.513,236,0,3,0,20
156280.711534,2026-07-15T05:50:20.515,236,0,3,0,20
156280.714256,2026-07-15T05:50:20.518,236,0,3,0,20
156280.716810,2026-07-15T05:50:20.521,236,0,3,0,20
156280.719825,2026-07-15T05:50:20.524,236,0,3,0,20
156280.722406,2026-07-15T05:50:20.526,236,0,3,0,20
156280.724738,2026-07-15T05:50:20.528,236,0,3,0,20
156280.726839,2026-07-15T05:50:20.531,236,0,3,0,20
156280.729308,2026-07-15T05:50:20.533,236,0,3,0,20
156280.731804,2026-07-15T05:50:20.536,236,0,3,0,20
156280.736043,2026-07-15T05:50:20.539,236,0,3,0,20
156280.738691,2026-07-15T05:50:20.543,236,0,3,0,20
156280.741303,2026-07-15T05:50:20.545,236,0,3,0,20
156280.743978,2026-07-15T05:50:20.547,236,0,3,0,20
156280.746713,2026-07-15T05:50:20.550,236,0,3,0,20
156280.748980,2026-07-15T05:50:20.553,236,0,3,0,20
156280.751182,2026-07-15T05:50:20.555,236,0,3,0,20
156280.754011,2026-07-15T05:50:20.557,236,0,3,0,20
156280.756556,2026-07-15T05:50:20.561,236,0,3,0,20
156280.759055,2026-07-15T05:50:20.562,236,0,3,0,20
156280.761600,2026-07-15T05:50:20.565,236,0,3,0,20
156280.763828,2026-07-15T05:50:20.567,236,0,3,0,20
156280.766405,2026-07-15T05:50:20.570,236,0,3,0,20
156280.769159,2026-07-15T05:50:20.573,236,0,3,0,20
156280.771826,2026-07-15T05:50:20.574,236,0,3,0,20
156280.774529,2026-07-15T05:50:20.578,236,0,3,0,20
156280.777384,2026-07-15T05:50:20.581,236,0,3,0,20
156280.779546,2026-07-15T05:50:20.583,236,0,3,0,20
156280.782484,2026-07-15T05:50:20.586,236,0,3,0,20
156280.785142,2026-07-15T05:50:20.589,236,0,3,0,20
156280.787981,2026-07-15T05:50:20.591,236,0,3,0,20
156280.790515,2026-07-15T05:50:20.594,236,0,3,0,20
156280.793135,2026-07-15T05:50:20.597,236,0,3,0,20
156280.795732,2026-07-15T05:50:20.599,236,0,3,0,20
156280.798276,2026-07-15T05:50:20.601,236,0,3,0,20
156280.800716,2026-07-15T05:50:20.605,236,0,3,0,20
156280.803020,2026-07-15T05:50:20.607,236,0,3,0,20
156280.805576,2026-07-15T05:50:20.609,236,0,3,0,20
156280.808225,2026-07-15T05:50:20.611,236,0,3,0,20
156280.810814,2026-07-15T05:50:20.615,236,0,3,0,20
156280.813213,2026-07-15T05:50:20.617,236,0,3,0,20
156280.815942,2026-07-15T05:50:20.620,236,0,3,0,20
156280.818970,2026-07-15T05:50:20.623,236,0,3,0,20
156280.821439,2026-07-15T05:50:20.625,236,0,3,0,20
156280.824148,2026-07-15T05:50:20.627,236,0,3,0,20
156280.826670,2026-07-15T05:50:20.630,236,0,3,0,20
156280.829050,2026-07-15T05:50:20.633,236,0,3,0,20
156280.831879,2026-07-15T05:50:20.635,236,0,3,0,20
156280.834246,2026-07-15T05:50:20.638,236,0,3,0,20
156280.836802,2026-07-15T05:50:20.640,236,0,3,0,20
156280.839545,2026-07-15T05:50:20.643,236,0,3,0,20
156280.842140,2026-07-15T05:50:20.645,236,0,3,0,20
156280.844765,2026-07-15T05:50:20.648,236,0,3,0,20
156280.847786,2026-07-15T05:50:20.652,236,0,3,0,20
156280.850442,2026-07-15T05:50:20.654,236,0,3,0,20
156280.852952,2026-07-15T05:50:20.657,236,0,3,0,20
156280.855369,2026-07-15T05:50:20.659,236,0,3,0,20
156280.857889,2026-07-15T05:50:20.662,236,0,3,0,20
156280.860645,2026-07-15T05:50:20.664,236,0,3,0,20
156280.863253,2026-07-15T05:50:20.667,236,0,3,0,20
156280.865512,2026-07-15T05:50:20.669,236,0,3,0,20
156280.867777,2026-07-15T05:50:20.672,236,0,3,0,20
156280.870099,2026-07-15T05:50:20.674,236,0,3,0,20
156280.872650,2026-07-15T05:50:20.676,236,0,3,0,20
156280.875431,2026-07-15T05:50:20.679,236,0,3,0,20
156280.877760,2026-07-15T05:50:20.682,236,0,3,0,20
156280.880463,2026-07-15T05:50:20.685,236,0,3,0,20
156280.883106,2026-07-15T05:50:20.687,236,0,3,0,20
156280.885507,2026-07-15T05:50:20.689,236,0,3,0,20
156280.887793,2026-07-15T05:50:20.692,236,0,3,0,20
156280.890609,2026-07-15T05:50:20.694,236,0,3,0,20
156280.892959,2026-07-15T05:50:20.697,236,0,3,0,20
156280.895611,2026-07-15T05:50:20.700,236,0,3,0,20
156280.898184,2026-07-15T05:50:20.702,236,0,3,0,20
156280.900528,2026-07-15T05:50:20.704,236,0,3,0,20
156280.903399,2026-07-15T05:50:20.707,236,0,3,0,20
156280.905580,2026-07-15T05:50:20.710,236,0,3,0,20
156280.908628,2026-07-15T05:50:20.713,236,0,3,0,20
156280.910998,2026-07-15T05:50:20.715,236,0,3,0,20
156280.913575,2026-07-15T05:50:20.717,236,0,3,0,20
156280.916314,2026-07-15T05:50:20.720,236,0,3,0,20
156280.919186,2026-07-15T05:50:20.722,236,0,3,0,20
156280.921847,2026-07-15T05:50:20.726,236,0,3,0,20
156280.924633,2026-07-15T05:50:20.728,236,0,3,0,20
156280.927210,2026-07-15T05:50:20.731,236,0,3,0,20
156280.930131,2026-07-15T05:50:20.734,236,0,3,0,20
156280.932974,2026-07-15T05:50:20.737,236,0,3,0,20
156280.935785,2026-07-15T05:50:20.740,236,0,3,0,10
156280.938716,2026-07-15T05:50:20.742,195,0,3,0,10
156280.942542,2026-07-15T05:50:20.747,195,0,3,0,10
156280.945713,2026-07-15T05:50:20.749,195,0,3,0,10
156280.948627,2026-07-15T05:50:20.753,195,0,3,0,10
156280.951641,2026-07-15T05:50:20.756,195,0,3,0,10
156280.954536,2026-07-15T05:50:20.759,195,0,3,0,10
156280.957292,2026-07-15T05:50:20.761,195,0,3,0,10
156280.960282,2026-07-15T05:50:20.764,195,0,3,0,10
156280.962918,2026-07-15T05:50:20.766,195,0,3,0,10
156280.965403,2026-07-15T05:50:20.769,195,0,3,0,10
156280.967706,2026-07-15T05:50:20.771,195,0,3,0,10
156280.970187,2026-07-15T05:50:20.773,195,0,3,0,10
156280.972385,2026-07-15T05:50:20.776,195,0,3,0,10
156280.974757,2026-07-15T05:50:20.778,195,0,3,0,10
156280.977322,2026-07-15T05:50:20.781,195,0,3,0,10
156280.980068,2026-07-15T05:50:20.784,195,0,3,0,10
156280.982453,2026-07-15T05:50:20.786,195,0,3,0,10
156280.984753,2026-07-15T05:50:20.788,195,0,3,0,10
156280.987358,2026-07-15T05:50:20.791,195,0,3,0,10
156280.990148,2026-07-15T05:50:20.793,195,0,3,0,10
156280.992812,2026-07-15T05:50:20.796,195,0,3,0,10
156280.995120,2026-07-15T05:50:20.799,195,0,3,0,10
156280.997593,2026-07-15T05:50:20.801,195,0,3,0,10
156281.000157,2026-07-15T05:50:20.804,195,0,3,0,10
156281.002390,2026-07-15T05:50:20.806,195,0,3,0,10
156281.004599,2026-07-15T05:50:20.809,195,0,3,0,10
156281.007029,2026-07-15T05:50:20.810,195,0,3,0,10
156281.009537,2026-07-15T05:50:20.813,195,0,3,0,10
156281.012384,2026-07-15T05:50:20.816,195,0,3,0,10
156281.014863,2026-07-15T05:50:20.818,195,0,3,0,10
156281.017415,2026-07-15T05:50:20.820,195,0,3,0,10
156281.019865,2026-07-15T05:50:20.824,195,0,3,0,10
156281.022575,2026-07-15T05:50:20.827,195,0,3,0,10
156281.024836,2026-07-15T05:50:20.829,195,0,3,0,10
156281.027338,2026-07-15T05:50:20.831,195,0,3,0,10
156281.029856,2026-07-15T05:50:20.834,195,0,3,0,10
156281.032488,2026-07-15T05:50:20.836,195,0,3,0,10
156281.035124,2026-07-15T05:50:20.839,195,0,3,0,10
156281.037468,2026-07-15T05:50:20.841,195,0,3,0,10
156281.040187,2026-07-15T05:50:20.844,195,0,3,0,10
156281.042726,2026-07-15T05:50:20.846,195,0,3,0,10
156281.047075,2026-07-15T05:50:20.851,195,0,3,0,10
156281.050859,2026-07-15T05:50:20.855,195,0,3,0,10
156281.053802,2026-07-15T05:50:20.857,195,0,3,0,10
156281.056550,2026-07-15T05:50:20.860,195,0,3,0,10
156281.059237,2026-07-15T05:50:20.863,195,0,3,0,10
156281.061787,2026-07-15T05:50:20.866,195,0,3,0,10
156281.064399,2026-07-15T05:50:20.868,195,0,3,0,10
156281.066918,2026-07-15T05:50:20.871,195,0,3,0,10
156281.070045,2026-07-15T05:50:20.874,195,0,3,0,10
156281.073465,2026-07-15T05:50:20.877,195,0,3,0,10
156281.075816,2026-07-15T05:50:20.879,195,0,3,0,10
156281.078809,2026-07-15T05:50:20.882,195,0,3,0,10
156281.081492,2026-07-15T05:50:20.885,195,0,3,0,10
156281.084935,2026-07-15T05:50:20.888,195,0,3,0,10
156281.087263,2026-07-15T05:50:20.891,195,0,3,0,10
156281.089670,2026-07-15T05:50:20.893,195,0,3,0,10
156281.092111,2026-07-15T05:50:20.896,195,0,3,0,10
156281.094771,2026-07-15T05:50:20.899,195,0,3,0,10
156281.097376,2026-07-15T05:50:20.901,195,0,3,0,10
156281.100004,2026-07-15T05:50:20.903,195,0,3,0,10
156281.102612,2026-07-15T05:50:20.906,195,0,3,0,10
156281.105318,2026-07-15T05:50:20.909,195,0,3,0,10
156281.108283,2026-07-15T05:50:20.912,195,0,3,0,10
156281.110680,2026-07-15T05:50:20.914,195,0,3,0,10
156281.113232,2026-07-15T05:50:20.917,195,0,3,0,10
156281.115728,2026-07-15T05:50:20.919,195,0,3,0,10
156281.118448,2026-07-15T05:50:20.922,195,0,3,0,10
156281.120863,2026-07-15T05:50:20.925,195,0,3,0,10
156281.123864,2026-07-15T05:50:20.928,195,0,3,0,10
156281.126512,2026-07-15T05:50:20.930,195,0,3,0,10
156281.129233,2026-07-15T05:50:20.932,195,0,3,0,10
156281.131940,2026-07-15T05:50:20.935,195,0,3,0,10
156281.134865,2026-07-15T05:50:20.938,195,0,3,0,10
156281.137767,2026-07-15T05:50:20.941,195,0,3,0,10
156281.140050,2026-07-15T05:50:20.944,195,0,3,0,10
156281.142772,2026-07-15T05:50:20.947,195,0,3,0,10
156281.145011,2026-07-15T05:50:20.948,195,0,3,0,10
156281.147652,2026-07-15T05:50:20.951,195,0,3,0,10
156281.150629,2026-07-15T05:50:20.954,195,0,3,0,10
156281.153534,2026-07-15T05:50:20.957,195,0,3,0,10
156281.156332,2026-07-15T05:50:20.960,195,0,3,0,10
156281.159078,2026-07-15T05:50:20.963,195,0,3,0,10
156281.161551,2026-07-15T05:50:20.966,195,0,3,0,10
156281.164126,2026-07-15T05:50:20.968,195,0,3,0,10
156281.166288,2026-07-15T05:50:20.970,195,0,3,0,10
156281.168329,2026-07-15T05:50:20.972,195,0,3,0,10
156281.171108,2026-07-15T05:50:20.975,195,0,3,0,10
156281.173790,2026-07-15T05:50:20.977,195,0,3,0,10
156281.176561,2026-07-15T05:50:20.981,195,0,3,0,10
156281.179833,2026-07-15T05:50:20.984,195,0,3,0,12
156281.182541,2026-07-15T05:50:20.986,155,0,3,0,12
156281.185150,2026-07-15T05:50:20.989,155,0,3,0,12
156281.187244,2026-07-15T05:50:20.991,155,0,3,0,12
156281.189743,2026-07-15T05:50:20.994,155,0,3,0,12
156281.191793,2026-07-15T05:50:20.996,155,0,3,0,12
156281.194294,2026-07-15T05:50:20.998,155,0,3,0,12
156281.196310,2026-07-15T05:50:21.000,155,0,3,0,12
156281.198366,2026-07-15T05:50:21.002,155,0,3,0,12
156281.200806,2026-07-15T05:50:21.004,155,0,3,0,12
156281.202934,2026-07-15T05:50:21.007,155,0,3,0,12
156281.205442,2026-07-15T05:50:21.009,155,0,3,0,12
156281.207687,2026-07-15T05:50:21.012,155,0,3,0,12
156281.210049,2026-07-15T05:50:21.014,155,0,3,0,12
156281.212465,2026-07-15T05:50:21.017,155,0,3,0,12
156281.214683,2026-07-15T05:50:21.019,155,0,3,0,12
156281.216720,2026-07-15T05:50:21.020,155,0,3,0,12
156281.219176,2026-07-15T05:50:21.023,155,0,3,0,12
156281.221799,2026-07-15T05:50:21.026,155,0,3,0,12
156281.224381,2026-07-15T05:50:21.028,155,0,3,0,12
156281.226394,2026-07-15T05:50:21.030,155,0,3,0,12
156281.228761,2026-07-15T05:50:21.033,155,0,3,0,12
156281.231246,2026-07-15T05:50:21.035,155,0,3,0,12
156281.233524,2026-07-15T05:50:21.037,155,0,3,0,12
156281.235802,2026-07-15T05:50:21.040,155,0,3,0,12
156281.238172,2026-07-15T05:50:21.042,155,0,3,0,12
156281.240270,2026-07-15T05:50:21.044,155,0,3,0,12
156281.242730,2026-07-15T05:50:21.047,155,0,3,0,12
156281.244962,2026-07-15T05:50:21.048,155,0,3,0,12
156281.247398,2026-07-15T05:50:21.051,155,0,3,0,12
156281.250094,2026-07-15T05:50:21.053,155,0,3,0,12
156281.252433,2026-07-15T05:50:21.056,155,0,3,0,12
156281.254562,2026-07-15T05:50:21.058,155,0,3,0,12
156281.257123,2026-07-15T05:50:21.061,155,0,3,0,12
156281.259483,2026-07-15T05:50:21.063,155,0,3,0,12
156281.261713,2026-07-15T05:50:21.065,155,0,3,0,12
156281.263990,2026-07-15T05:50:21.067,155,0,3,0,12
156281.266075,2026-07-15T05:50:21.069,155,0,3,0,12
156281.268372,2026-07-15T05:50:21.072,155,0,3,0,12
156281.270966,2026-07-15T05:50:21.075,155,0,3,0,12
156281.273321,2026-07-15T05:50:21.077,155,0,3,0,12
156281.275993,2026-07-15T05:50:21.080,155,0,3,0,12
156281.278415,2026-07-15T05:50:21.082,155,0,3,0,12
156281.280649,2026-07-15T05:50:21.084,155,0,3,0,12
156281.282957,2026-07-15T05:50:21.086,155,0,3,0,12
156281.285134,2026-07-15T05:50:21.089,155,0,3,0,12
156281.287283,2026-07-15T05:50:21.091,155,0,3,0,12
156281.289892,2026-07-15T05:50:21.094,155,0,3,0,12
156281.292047,2026-07-15T05:50:21.096,155,0,3,0,12
156281.294163,2026-07-15T05:50:21.098,155,0,3,0,12
156281.296304,2026-07-15T05:50:21.100,155,0,3,0,12
156281.298307,2026-07-15T05:50:21.101,155,0,3,0,12
156281.300734,2026-07-15T05:50:21.105,155,0,3,0,12
156281.302871,2026-07-15T05:50:21.107,155,0,3,0,12
156281.304953,2026-07-15T05:50:21.109,155,0,3,0,12
156281.307384,2026-07-15T05:50:21.111,155,0,3,0,12
156281.309498,2026-07-15T05:50:21.113,155,0,3,0,12
156281.312047,2026-07-15T05:50:21.116,155,0,3,0,12
156281.314589,2026-07-15T05:50:21.119,155,0,3,0,12
156281.316701,2026-07-15T05:50:21.120,155,0,3,0,12
156281.319273,2026-07-15T05:50:21.123,155,0,3,0,12
156281.321826,2026-07-15T05:50:21.126,155,0,3,0,12
156281.323980,2026-07-15T05:50:21.128,155,0,3,0,12
156281.326055,2026-07-15T05:50:21.130,155,0,3,0,12
156281.328061,2026-07-15T05:50:21.131,155,0,3,0,12
156281.330390,2026-07-15T05:50:21.134,155,0,3,0,12
156281.332720,2026-07-15T05:50:21.137,155,0,3,0,12
156281.335386,2026-07-15T05:50:21.139,155,0,3,0,12
156281.337566,2026-07-15T05:50:21.141,155,0,3,0,12
156281.340280,2026-07-15T05:50:21.144,155,0,3,0,12
156281.342788,2026-07-15T05:50:21.147,155,0,3,0,12
156281.345801,2026-07-15T05:50:21.149,155,0,3,0,12
156281.350148,2026-07-15T05:50:21.154,155,0,3,0,12
156281.352681,2026-07-15T05:50:21.156,155,0,3,0,12
156281.355159,2026-07-15T05:50:21.158,155,0,3,0,12
156281.357690,2026-07-15T05:50:21.161,155,0,3,0,12
156281.360155,2026-07-15T05:50:21.164,155,0,3,0,12
156281.362402,2026-07-15T05:50:21.166,155,0,3,0,12
156281.364540,2026-07-15T05:50:21.168,155,0,3,0,12
156281.367246,2026-07-15T05:50:21.171,155,0,3,0,12
156281.369963,2026-07-15T05:50:21.174,155,0,3,0,12
156281.372664,2026-07-15T05:50:21.176,155,0,3,0,12
156281.375445,2026-07-15T05:50:21.179,155,0,3,0,12
156281.378002,2026-07-15T05:50:21.182,155,0,3,0,12
156281.380345,2026-07-15T05:50:21.184,155,0,3,0,12
156281.382432,2026-07-15T05:50:21.186,155,0,3,0,12
156281.385017,2026-07-15T05:50:21.189,155,0,3,0,12
156281.387660,2026-07-15T05:50:21.191,155,0,3,0,12
156281.390060,2026-07-15T05:50:21.194,155,0,3,0,12
156281.392194,2026-07-15T05:50:21.196,155,0,3,0,12
156281.394640,2026-07-15T05:50:21.199,155,0,3,0,12
156281.397221,2026-07-15T05:50:21.201,155,0,3,0,12
156281.399816,2026-07-15T05:50:21.203,155,0,3,0,12
156281.402469,2026-07-15T05:50:21.206,155,0,3,0,12
156281.405280,2026-07-15T05:50:21.209,155,0,3,0,12
156281.407724,2026-07-15T05:50:21.212,155,0,3,0,12
156281.410475,2026-07-15T05:50:21.214,155,0,3,0,12
156281.413082,2026-07-15T05:50:21.217,155,0,3,0,12
156281.415596,2026-07-15T05:50:21.220,155,0,3,0,12
156281.418230,2026-07-15T05:50:21.222,155,0,3,0,12
156281.420721,2026-07-15T05:50:21.224,155,0,3,0,12
156281.423188,2026-07-15T05:50:21.227,155,0,3,0,8
156281.425612,2026-07-15T05:50:21.229,113,0,3,0,8
156281.428519,2026-07-15T05:50:21.232,113,0,3,0,8
156281.432483,2026-07-15T05:50:21.236,113,0,3,0,8
156281.435522,2026-07-15T05:50:21.239,113,0,3,0,8
156281.437709,2026-07-15T05:50:21.241,113,0,3,0,8
156281.440171,2026-07-15T05:50:21.244,113,0,3,0,8
156281.442971,2026-07-15T05:50:21.247,113,0,3,0,8
156281.445345,2026-07-15T05:50:21.249,113,0,3,0,8
156281.447865,2026-07-15T05:50:21.251,113,0,3,0,8
156281.450186,2026-07-15T05:50:21.254,113,0,3,0,8
156281.452701,2026-07-15T05:50:21.256,113,0,3,0,8
156281.455272,2026-07-15T05:50:21.259,113,0,3,0,8
156281.458389,2026-07-15T05:50:21.262,113,0,3,0,8
156281.461051,2026-07-15T05:50:21.265,113,0,3,0,8
156281.463461,2026-07-15T05:50:21.267,113,0,3,0,8
156281.466187,2026-07-15T05:50:21.270,113,0,3,0,8
156281.468751,2026-07-15T05:50:21.272,113,0,3,0,8
156281.472030,2026-07-15T05:50:21.276,113,0,3,0,8
156281.474884,2026-07-15T05:50:21.279,113,0,3,0,8
156281.477779,2026-07-15T05:50:21.282,113,0,3,0,8
156281.480357,2026-07-15T05:50:21.284,113,0,3,0,8
156281.483156,2026-07-15T05:50:21.286,113,0,3,0,8
156281.485725,2026-07-15T05:50:21.290,113,0,3,0,8
156281.488577,2026-07-15T05:50:21.292,113,0,3,0,8
156281.491124,2026-07-15T05:50:21.295,113,0,3,0,8
156281.493929,2026-07-15T05:50:21.297,113,0,3,0,8
156281.496111,2026-07-15T05:50:21.299,113,0,3,0,8
156281.498630,2026-07-15T05:50:21.302,113,0,3,0,8
156281.501114,2026-07-15T05:50:21.305,113,0,3,0,8
156281.503860,2026-07-15T05:50:21.308,113,0,3,0,8
156281.506487,2026-07-15T05:50:21.311,113,0,3,0,8
156281.509042,2026-07-15T05:50:21.313,113,0,3,0,8
156281.511571,2026-07-15T05:50:21.316,113,0,3,0,8
156281.514054,2026-07-15T05:50:21.318,113,0,3,0,8
156281.516827,2026-07-15T05:50:21.320,113,0,3,0,8
156281.519524,2026-07-15T05:50:21.323,113,0,3,0,8
156281.521983,2026-07-15T05:50:21.325,113,0,3,0,8
156281.524293,2026-07-15T05:50:21.328,113,0,3,0,8
156281.527315,2026-07-15T05:50:21.331,113,0,3,0,8
156281.529873,2026-07-15T05:50:21.333,113,0,3,0,8
156281.532691,2026-07-15T05:50:21.336,113,0,3,0,8
156281.535446,2026-07-15T05:50:21.339,113,0,3,0,8
156281.538272,2026-07-15T05:50:21.341,113,0,3,0,8
156281.540619,2026-07-15T05:50:21.345,113,0,3,0,8
156281.543358,2026-07-15T05:50:21.347,113,0,3,0,8
156281.546138,2026-07-15T05:50:21.350,113,0,3,0,8
156281.550367,2026-07-15T05:50:21.354,113,0,3,0,8
156281.553197,2026-07-15T05:50:21.357,113,0,3,0,8
156281.555739,2026-07-15T05:50:21.359,113,0,3,0,8
156281.558474,2026-07-15T05:50:21.362,113,0,3,0,8
156281.560936,2026-07-15T05:50:21.365,113,0,3,0,8
156281.563425,2026-07-15T05:50:21.367,113,0,3,0,8
156281.565901,2026-07-15T05:50:21.369,113,0,3,0,8
156281.568353,2026-07-15T05:50:21.371,113,0,3,0,8
156281.570901,2026-07-15T05:50:21.375,113,0,3,0,8
156281.573387,2026-07-15T05:50:21.377,113,0,3,0,8
156281.575671,2026-07-15T05:50:21.379,113,0,3,0,8
156281.578249,2026-07-15T05:50:21.381,113,0,3,0,8
156281.581008,2026-07-15T05:50:21.385,113,0,3,0,8
156281.583653,2026-07-15T05:50:21.388,113,0,3,0,8
156281.586249,2026-07-15T05:50:21.390,113,0,3,0,8
156281.588738,2026-07-15T05:50:21.392,113,0,3,0,8
156281.590915,2026-07-15T05:50:21.395,113,0,3,0,8
156281.593645,2026-07-15T05:50:21.397,113,0,3,0,8
156281.596179,2026-07-15T05:50:21.400,113,0,3,0,8
156281.598954,2026-07-15T05:50:21.402,113,0,3,0,8
156281.601713,2026-07-15T05:50:21.406,113,0,3,0,8
156281.604318,2026-07-15T05:50:21.408,113,0,3,0,8
156281.607052,2026-07-15T05:50:21.411,113,0,3,0,8
156281.609825,2026-07-15T05:50:21.414,113,0,3,0,8
156281.612485,2026-07-15T05:50:21.416,113,0,3,0,8
156281.615473,2026-07-15T05:50:21.419,113,0,3,0,8
156281.618118,2026-07-15T05:50:21.422,113,0,3,0,8
156281.621094,2026-07-15T05:50:21.425,113,0,3,0,8
156281.623705,2026-07-15T05:50:21.428,113,0,3,0,8
156281.626635,2026-07-15T05:50:21.430,113,0,3,0,8
156281.629438,2026-07-15T05:50:21.433,113,0,3,0,8
156281.632176,2026-07-15T05:50:21.436,113,0,3,0,8
156281.635072,2026-07-15T05:50:21.439,113,0,3,0,8
156281.637569,2026-07-15T05:50:21.441,113,0,3,0,8
156281.640286,2026-07-15T05:50:21.444,113,0,3,0,8
156281.642815,2026-07-15T05:50:21.446,113,0,3,0,8
156281.645746,2026-07-15T05:50:21.449,113,0,3,0,8
156281.648187,2026-07-15T05:50:21.452,113,0,3,0,8
156281.651442,2026-07-15T05:50:21.455,113,0,3,0,8
156281.654119,2026-07-15T05:50:21.458,113,0,3,0,8
156281.656904,2026-07-15T05:50:21.461,113,0,3,0,8
156281.659623,2026-07-15T05:50:21.463,113,0,3,0,8
156281.662609,2026-07-15T05:50:21.466,113,0,3,0,8
156281.664958,2026-07-15T05:50:21.468,113,0,3,0,8
156281.667683,2026-07-15T05:50:21.472,113,0,3,0,8
156281.670661,2026-07-15T05:50:21.474,71,0,3,0,8
156281.673236,2026-07-15T05:50:21.477,71,0,3,0,8
156281.675895,2026-07-15T05:50:21.480,71,0,3,0,8
156281.678775,2026-07-15T05:50:21.482,71,0,3,0,8
156281.681409,2026-07-15T05:50:21.485,71,0,3,0,8
156281.684097,2026-07-15T05:50:21.487,71,0,3,0,8
156281.686197,2026-07-15T05:50:21.490,71,0,3,0,8
156281.688397,2026-07-15T05:50:21.492,71,0,3,0,8
156281.690941,2026-07-15T05:50:21.495,71,0,3,0,8
156281.692998,2026-07-15T05:50:21.496,71,0,3,0,8
156281.695630,2026-07-15T05:50:21.499,71,0,3,0,8
156281.698127,2026-07-15T05:50:21.501,71,0,3,0,8
156281.700928,2026-07-15T05:50:21.505,71,0,3,0,8
156281.703509,2026-07-15T05:50:21.507,71,0,3,0,8
156281.706370,2026-07-15T05:50:21.510,71,0,3,0,8
156281.708635,2026-07-15T05:50:21.512,71,0,3,0,8
156281.711281,2026-07-15T05:50:21.515,71,0,3,0,8
156281.714749,2026-07-15T05:50:21.518,71,0,3,0,8
156281.717244,2026-07-15T05:50:21.520,71,0,3,0,8
156281.719978,2026-07-15T05:50:21.523,71,0,3,0,8
156281.722780,2026-07-15T05:50:21.526,71,0,3,0,8
156281.725014,2026-07-15T05:50:21.528,71,0,3,0,8
156281.728031,2026-07-15T05:50:21.532,71,0,3,0,8
156281.730636,2026-07-15T05:50:21.534,71,0,3,0,8
156281.732940,2026-07-15T05:50:21.537,71,0,3,0,8
156281.735744,2026-07-15T05:50:21.538,71,0,3,0,8
156281.738722,2026-07-15T05:50:21.541,71,0,3,0,8
156281.741172,2026-07-15T05:50:21.544,71,0,3,0,8
156281.743604,2026-07-15T05:50:21.546,71,0,3,0,8
156281.745933,2026-07-15T05:50:21.550,71,0,3,0,8
156281.749584,2026-07-15T05:50:21.553,71,0,3,0,8
156281.752499,2026-07-15T05:50:21.556,71,0,3,0,8
156281.755215,2026-07-15T05:50:21.558,71,0,3,0,8
156281.757677,2026-07-15T05:50:21.561,71,0,3,0,8
156281.760598,2026-07-15T05:50:21.564,71,0,3,0,8
156281.762752,2026-07-15T05:50:21.567,71,0,3,0,8
156281.765031,2026-07-15T05:50:21.568,71,0,3,0,8
156281.767780,2026-07-15T05:50:21.571,71,0,3,0,8
156281.770684,2026-07-15T05:50:21.574,71,0,3,0,8
156281.773503,2026-07-15T05:50:21.577,71,0,3,0,8
156281.775900,2026-07-15T05:50:21.580,71,0,3,0,8
156281.778473,2026-07-15T05:50:21.582,71,0,3,0,8
156281.781165,2026-07-15T05:50:21.584,71,0,3,0,8
156281.784012,2026-07-15T05:50:21.587,71,0,3,0,8
156281.786554,2026-07-15T05:50:21.590,71,0,3,0,8
156281.789206,2026-07-15T05:50:21.593,71,0,3,0,8
156281.791988,2026-07-15T05:50:21.596,71,0,3,0,8
156281.794258,2026-07-15T05:50:21.598,71,0,3,0,8
156281.796307,2026-07-15T05:50:21.600,71,0,3,0,8
156281.798497,2026-07-15T05:50:21.602,71,0,3,0,8
156281.801087,2026-07-15T05:50:21.604,71,0,3,0,8
156281.803836,2026-07-15T05:50:21.607,71,0,3,0,8
156281.806712,2026-07-15T05:50:21.610,71,0,3,0,8
156281.809618,2026-07-15T05:50:21.613,71,0,3,0,8
156281.811902,2026-07-15T05:50:21.615,71,0,3,0,8
156281.814601,2026-07-15T05:50:21.617,71,0,3,0,8
156281.817322,2026-07-15T05:50:21.621,71,0,3,0,8
156281.820036,2026-07-15T05:50:21.623,71,0,3,0,8
156281.822711,2026-07-15T05:50:21.626,71,0,3,0,8
156281.825675,2026-07-15T05:50:21.629,71,0,3,0,8
156281.828540,2026-07-15T05:50:21.632,71,0,3,0,8
156281.831218,2026-07-15T05:50:21.635,71,0,3,0,8
156281.833427,2026-07-15T05:50:21.637,71,0,3,0,8
156281.835847,2026-07-15T05:50:21.640,71,0,3,0,8
156281.838018,2026-07-15T05:50:21.642,71,0,3,0,8
156281.840590,2026-07-15T05:50:21.645,71,0,3,0,8
156281.842894,2026-07-15T05:50:21.646,71,0,3,0,8
156281.845042,2026-07-15T05:50:21.649,71,0,3,0,8
156281.847658,2026-07-15T05:50:21.651,71,0,3,0,8
156281.850542,2026-07-15T05:50:21.654,71,0,3,0,8
156281.853614,2026-07-15T05:50:21.657,71,0,3,0,8
156281.856414,2026-07-15T05:50:21.660,71,0,3,0,8
156281.859314,2026-07-15T05:50:21.663,71,0,3,0,8
156281.861390,2026-07-15T05:50:21.665,71,0,3,0,8
156281.863490,2026-07-15T05:50:21.667,71,0,3,0,8
156281.865495,2026-07-15T05:50:21.669,71,0,3,0,8
156281.868074,2026-07-15T05:50:21.672,71,0,3,0,8
156281.870470,2026-07-15T05:50:21.674,71,0,3,0,8
156281.872973,2026-07-15T05:50:21.677,71,0,3,0,8
156281.875637,2026-07-15T05:50:21.679,71,0,3,0,8
156281.878216,2026-07-15T05:50:21.682,71,0,3,0,8
156281.880740,2026-07-15T05:50:21.685,71,0,3,0,8
156281.883515,2026-07-15T05:50:21.687,71,0,3,0,8
156281.886017,2026-07-15T05:50:21.690,71,0,3,0,8
156281.889036,2026-07-15T05:50:21.692,71,0,3,0,8
156281.891506,2026-07-15T05:50:21.696,71,0,3,0,8
156281.894373,2026-07-15T05:50:21.698,71,0,3,0,8
156281.896949,2026-07-15T05:50:21.701,71,0,3,0,8
156281.899424,2026-07-15T05:50:21.703,71,0,3,0,8
156281.901632,2026-07-15T05:50:21.706,71,0,3,0,8
156281.904339,2026-07-15T05:50:21.708,71,0,3,0,8
156281.906962,2026-07-15T05:50:21.711,71,0,3,0,8
156281.909634,2026-07-15T05:50:21.713,71,0,3,0,8
156281.911848,2026-07-15T05:50:21.715,71,0,3,0,8
156281.914710,2026-07-15T05:50:21.718,29,0,3,0,8
156281.917322,2026-07-15T05:50:21.721,29,0,3,0,8
156281.920097,2026-07-15T05:50:21.724,29,0,3,0,8
156281.922572,2026-07-15T05:50:21.727,29,0,3,0,8
156281.925215,2026-07-15T05:50:21.729,29,0,3,0,8
156281.927516,2026-07-15T05:50:21.731,29,0,3,0,8
156281.930089,2026-07-15T05:50:21.734,29,0,3,0,8
156281.932465,2026-07-15T05:50:21.736,29,0,3,0,8
156281.934978,2026-07-15T05:50:21.738,29,0,3,0,8
156281.937889,2026-07-15T05:50:21.741,29,0,3,0,8
156281.940364,2026-07-15T05:50:21.744,29,0,3,0,8
156281.943182,2026-07-15T05:50:21.747,29,0,3,0,8
156281.945512,2026-07-15T05:50:21.749,29,0,3,0,8
156281.948184,2026-07-15T05:50:21.752,29,0,3,0,8
156281.951610,2026-07-15T05:50:21.755,29,0,3,0,8
156281.954799,2026-07-15T05:50:21.759,29,0,3,0,8
156281.957370,2026-07-15T05:50:21.761,29,0,3,0,8
156281.960311,2026-07-15T05:50:21.764,29,0,3,0,8
156281.962448,2026-07-15T05:50:21.766,29,0,3,0,8
156281.965179,2026-07-15T05:50:21.768,29,0,3,0,8
156281.967872,2026-07-15T05:50:21.772,29,0,3,0,8
156281.970377,2026-07-15T05:50:21.774,29,0,3,0,8
156281.973129,2026-07-15T05:50:21.777,29,0,3,0,8
156281.975650,2026-07-15T05:50:21.779,29,0,3,0,8
156281.978368,2026-07-15T05:50:21.782,29,0,3,0,8
156281.981060,2026-07-15T05:50:21.785,29,0,3,0,8
156281.983915,2026-07-15T05:50:21.788,29,0,3,0,8
156281.986426,2026-07-15T05:50:21.790,29,0,3,0,8
156281.989246,2026-07-15T05:50:21.793,29,0,3,0,8
156281.991380,2026-07-15T05:50:21.795,29,0,3,0,8
156281.994485,2026-07-15T05:50:21.797,29,0,3,0,8
156281.996977,2026-07-15T05:50:21.801,29,0,3,0,8
156281.999278,2026-07-15T05:50:21.803,29,0,3,0,8
156282.002037,2026-07-15T05:50:21.805,29,0,3,0,8
156282.005247,2026-07-15T05:50:21.809,29,0,3,0,8
156282.007952,2026-07-15T05:50:21.811,29,0,3,0,8
156282.010412,2026-07-15T05:50:21.814,29,0,3,0,8
156282.012818,2026-07-15T05:50:21.817,29,0,3,0,8
156282.015193,2026-07-15T05:50:21.819,29,0,3,0,8
156282.018023,2026-07-15T05:50:21.821,29,0,3,0,8
156282.020868,2026-07-15T05:50:21.824,29,0,3,0,8
156282.023655,2026-07-15T05:50:21.827,29,0,3,0,8
156282.026344,2026-07-15T05:50:21.830,29,0,3,0,8
156282.028825,2026-07-15T05:50:21.833,29,0,3,0,8
156282.031184,2026-07-15T05:50:21.835,29,0,3,0,8
156282.033951,2026-07-15T05:50:21.837,29,0,3,0,8
156282.036762,2026-07-15T05:50:21.841,29,0,3,0,8
156282.039589,2026-07-15T05:50:21.843,29,0,3,0,8
156282.042463,2026-07-15T05:50:21.847,29,0,3,0,8
156282.044803,2026-07-15T05:50:21.849,29,0,3,0,8
156282.047384,2026-07-15T05:50:21.851,29,0,3,0,8
156282.049735,2026-07-15T05:50:21.853,29,0,3,0,8
156282.052736,2026-07-15T05:50:21.856,29,0,3,0,8
156282.055507,2026-07-15T05:50:21.859,29,0,3,0,8
156282.058286,2026-07-15T05:50:21.861,29,0,3,0,8
156282.060737,2026-07-15T05:50:21.864,29,0,3,0,8
156282.063221,2026-07-15T05:50:21.867,29,0,3,0,8
156282.066123,2026-07-15T05:50:21.870,29,0,3,0,8
156282.068941,2026-07-15T05:50:21.872,29,0,3,0,8
156282.071842,2026-07-15T05:50:21.875,29,0,3,0,8
156282.074594,2026-07-15T05:50:21.878,29,0,3,0,8
156282.077444,2026-07-15T05:50:21.881,29,0,3,0,8
156282.079850,2026-07-15T05:50:21.883,29,0,3,0,8
156282.082556,2026-07-15T05:50:21.886,29,0,3,0,8
156282.085298,2026-07-15T05:50:21.889,29,0,3,0,8
156282.088115,2026-07-15T05:50:21.892,29,0,3,0,8
156282.090749,2026-07-15T05:50:21.894,29,0,3,0,8
156282.093732,2026-07-15T05:50:21.897,29,0,3,0,8
156282.096016,2026-07-15T05:50:21.900,29,0,3,0,8
156282.098712,2026-07-15T05:50:21.901,29,0,3,0,8
156282.101123,2026-07-15T05:50:21.905,29,0,3,0,8
156282.103459,2026-07-15T05:50:21.906,29,0,3,0,8
156282.105638,2026-07-15T05:50:21.910,29,0,3,0,8
156282.108231,2026-07-15T05:50:21.911,29,0,3,0,8
156282.110549,2026-07-15T05:50:21.914,29,0,3,0,8
156282.112942,2026-07-15T05:50:21.916,29,0,3,0,8
156282.115996,2026-07-15T05:50:21.919,29,0,3,0,8
156282.118692,2026-07-15T05:50:21.922,29,0,3,0,8
156282.121536,2026-07-15T05:50:21.925,29,0,3,0,8
156282.124349,2026-07-15T05:50:21.927,29,0,3,0,8
156282.126544,2026-07-15T05:50:21.930,29,0,3,0,8
156282.128919,2026-07-15T05:50:21.932,29,0,3,0,8
156282.131071,2026-07-15T05:50:21.935,29,0,3,0,8
156282.133725,2026-07-15T05:50:21.937,29,0,3,0,8
156282.135965,2026-07-15T05:50:21.940,29,0,3,0,8
156282.138655,2026-07-15T05:50:21.943,29,0,3,0,8
156282.140683,2026-07-15T05:50:21.945,29,0,3,0,8
156282.143086,2026-07-15T05:50:21.947,29,0,3,0,8
156282.145525,2026-07-15T05:50:21.949,29,0,3,0,8
156282.147990,2026-07-15T05:50:21.952,29,0,3,0,8
156282.150451,2026-07-15T05:50:21.954,29,0,3,0,8
156282.153105,2026-07-15T05:50:21.957,29,0,3,0,8
156282.155892,2026-07-15T05:50:21.960,29,0,3,0,0
156282.158915,2026-07-15T05:50:21.963,3,3,3,0,0
156282.161497,2026-07-15T05:50:21.965,3,3,3,0,0
156282.164250,2026-07-15T05:50:21.968,3,3,3,0,0
156282.166678,2026-07-15T05:50:21.970,3,3,3,0,0
156282.169331,2026-07-15T05:50:21.973,3,3,3,0,0
156282.171603,2026-07-15T05:50:21.976,3,3,3,0,0
156282.174415,2026-07-15T05:50:21.978,3,3,3,0,0
156282.178078,2026-07-15T05:50:21.982,3,3,3,0,0
156282.180664,2026-07-15T05:50:21.985,3,3,3,0,0
156282.183482,2026-07-15T05:50:21.987,3,3,3,0,0
156282.186104,2026-07-15T05:50:21.990,3,3,3,0,0
156282.189027,2026-07-15T05:50:21.992,3,3,3,0,0
156282.191832,2026-07-15T05:50:21.995,3,3,3,0,0
156282.194461,2026-07-15T05:50:21.998,3,3,3,0,0
156282.197430,2026-07-15T05:50:22.001,3,3,3,0,0
156282.200286,2026-07-15T05:50:22.004,3,3,3,0,0
156282.203320,2026-07-15T05:50:22.007,3,3,3,0,0
156282.206142,2026-07-15T05:50:22.009,3,3,3,0,0
156282.208946,2026-07-15T05:50:22.012,3,3,3,0,0
156282.211653,2026-07-15T05:50:22.015,3,3,3,0,0
156282.214683,2026-07-15T05:50:22.018,3,3,3,0,0
156282.216983,2026-07-15T05:50:22.020,3,3,3,0,0
156282.219410,2026-07-15T05:50:22.023,3,3,3,0,0
156282.222355,2026-07-15T05:50:22.026,3,3,3,0,0
156282.225053,2026-07-15T05:50:22.029,3,3,3,0,0
156282.227698,2026-07-15T05:50:22.031,3,3,3,0,0
156282.230212,2026-07-15T05:50:22.034,3,3,3,0,0
156282.232688,2026-07-15T05:50:22.036,3,3,3,0,0
156282.235395,2026-07-15T05:50:22.039,3,3,3,0,0
156282.238463,2026-07-15T05:50:22.042,3,3,3,0,0
156282.240971,2026-07-15T05:50:22.045,3,3,3,0,0
156282.243049,2026-07-15T05:50:22.047,3,3,3,0,0
156282.245718,2026-07-15T05:50:22.050,3,3,3,0,0
156282.248128,2026-07-15T05:50:22.052,3,3,3,0,0
156282.250554,2026-07-15T05:50:22.054,3,3,3,0,0
156282.253180,2026-07-15T05:50:22.057,3,3,3,0,0
156282.255653,2026-07-15T05:50:22.060,3,3,3,0,0
156282.258471,2026-07-15T05:50:22.062,3,3,3,0,0
156282.260937,2026-07-15T05:50:22.065,3,3,3,0,0
156282.263105,2026-07-15T05:50:22.067,3,3,3,0,0
156282.265325,2026-07-15T05:50:22.069,3,3,3,0,0
156282.268065,2026-07-15T05:50:22.072,3,3,3,0,0
156282.270853,2026-07-15T05:50:22.074,3,3,3,0,0
156282.273758,2026-07-15T05:50:22.077,3,3,3,0,0
156282.276560,2026-07-15T05:50:22.080,3,3,3,0,0
156282.279317,2026-07-15T05:50:22.083,3,3,3,0,0
156282.282389,2026-07-15T05:50:22.086,3,3,3,0,0
156282.285164,2026-07-15T05:50:22.089,3,3,3,0,0
156282.287784,2026-07-15T05:50:22.092,3,3,3,0,0
156282.290416,2026-07-15T05:50:22.094,3,3,3,0,0
156282.293038,2026-07-15T05:50:22.097,3,3,3,0,0
156282.295311,2026-07-15T05:50:22.099,3,3,3,0,0
156282.298233,2026-07-15T05:50:22.102,3,3,3,0,0
156282.300954,2026-07-15T05:50:22.105,3,3,3,0,0
156282.303516,2026-07-15T05:50:22.107,3,3,3,0,0
156282.307046,2026-07-15T05:50:22.110,3,3,3,0,0
156282.309824,2026-07-15T05:50:22.113,3,3,3,0,0
156282.312808,2026-07-15T05:50:22.116,3,3,3,0,0
156282.315638,2026-07-15T05:50:22.120,3,3,3,0,0
156282.318520,2026-07-15T05:50:22.122,3,3,3,0,0
156282.321657,2026-07-15T05:50:22.126,3,3,3,0,0
156282.324449,2026-07-15T05:50:22.128,3,3,3,0,0
156282.327499,2026-07-15T05:50:22.131,3,3,3,0,0
156282.330824,2026-07-15T05:50:22.135,3,3,3,0,0
156282.333900,2026-07-15T05:50:22.138,3,3,3,0,0
156282.336713,2026-07-15T05:50:22.140,3,3,3,0,0
156282.339144,2026-07-15T05:50:22.143,3,3,3,0,0
156282.341771,2026-07-15T05:50:22.146,3,3,3,0,0
156282.344812,2026-07-15T05:50:22.149,3,3,3,0,0
156282.347667,2026-07-15T05:50:22.152,3,3,3,0,0
156282.350416,2026-07-15T05:50:22.154,3,3,3,0,0
156282.354265,2026-07-15T05:50:22.158,3,3,3,0,0
156282.356778,2026-07-15T05:50:22.160,3,3,3,0,0
156282.359302,2026-07-15T05:50:22.163,3,3,3,0,0
156282.361556,2026-07-15T05:50:22.166,3,3,3,0,0
156282.364027,2026-07-15T05:50:22.168,3,3,3,0,0
156282.366609,2026-07-15T05:50:22.171,3,3,3,0,0
156282.369182,2026-07-15T05:50:22.173,3,3,3,0,0
156282.372116,2026-07-15T05:50:22.176,3,3,3,0,0
156282.374919,2026-07-15T05:50:22.179,3,3,3,0,0
156282.377450,2026-07-15T05:50:22.181,3,3,3,0,0
156282.380285,2026-07-15T05:50:22.183,3,3,3,0,0
156282.382965,2026-07-15T05:50:22.186,3,3,3,0,0
156282.385495,2026-07-15T05:50:22.189,3,3,3,0,0
156282.388049,2026-07-15T05:50:22.191,3,3,3,0,0
156282.390771,2026-07-15T05:50:22.195,3,3,3,0,0
156282.393519,2026-07-15T05:50:22.197,3,3,3,0,0
156282.396297,2026-07-15T05:50:22.200,3,3,3,0,0
156282.398859,2026-07-15T05:50:22.202,3,3,3,0,0
156282.401605,2026-07-15T05:50:22.205,3,3,3,0,0
156282.404297,2026-07-15T05:50:22.207,3,3,3,0,0
156282.406976,2026-07-15T05:50:22.211,3,3,3,0,0
156282.409658,2026-07-15T05:50:22.213,3,3,3,0,0
156282.412468,2026-07-15T05:50:22.216,3,3,3,0,0
156282.414851,2026-07-15T05:50:22.218,3,3,3,0,0
156282.417773,2026-07-15T05:50:22.221,3,3,3,0,0
156282.420400,2026-07-15T05:50:22.224,3,3,3,0,0
156282.423386,2026-07-15T05:50:22.227,3,3,3,0,0
156282.425696,2026-07-15T05:50:22.229,3,3,3,0,0
156282.427975,2026-07-15T05:50:22.232,3,3,3,0,0
156282.430780,2026-07-15T05:50:22.234,3,3,3,0,0
156282.433331,2026-07-15T05:50:22.237,3,3,3,0,0
156282.435663,2026-07-15T05:50:22.239,3,3,3,0,0
156282.438068,2026-07-15T05:50:22.241,3,3,3,0,0
156282.440768,2026-07-15T05:50:22.244,3,3,3,0,0
156282.443367,2026-07-15T05:50:22.247,3,3,3,0,0
156282.445541,2026-07-15T05:50:22.249,3,3,3,0,0
156282.447903,2026-07-15T05:50:22.252,3,3,3,0,0
156282.450721,2026-07-15T05:50:22.255,3,3,3,0,0
156282.453615,2026-07-15T05:50:22.257,3,3,3,0,0
156282.456427,2026-07-15T05:50:22.260,3,3,3,0,0
156282.459224,2026-07-15T05:50:22.263,3,3,3,0,0
156282.461651,2026-07-15T05:50:22.266,3,3,3,0,0
156282.464173,2026-07-15T05:50:22.268,3,3,3,0,0
156282.466390,2026-07-15T05:50:22.270,3,3,3,0,0
156282.469057,2026-07-15T05:50:22.273,3,3,3,0,0
156282.471345,2026-07-15T05:50:22.275,3,3,3,0,0
156282.473930,2026-07-15T05:50:22.278,3,3,3,0,0
156282.476724,2026-07-15T05:50:22.281,3,3,3,0,0
156282.479161,2026-07-15T05:50:22.283,3,3,3,0,0
156282.481577,2026-07-15T05:50:22.286,3,3,3,0,0
156282.484302,2026-07-15T05:50:22.288,3,3,3,0,0
156282.486855,2026-07-15T05:50:22.290,3,3,3,0,0
156282.489262,2026-07-15T05:50:22.293,3,3,3,0,0
156282.491866,2026-07-15T05:50:22.295,3,3,3,0,0
156282.494388,2026-07-15T05:50:22.298,3,3,3,0,0
156282.496949,2026-07-15T05:50:22.300,3,3,3,0,0
156282.499534,2026-07-15T05:50:22.303,3,3,3,0,0
156282.502134,2026-07-15T05:50:22.306,3,3,3,0,0
156282.504816,2026-07-15T05:50:22.308,3,3,3,0,0
156282.507269,2026-07-15T05:50:22.311,3,3,3,0,0
156282.509646,2026-07-15T05:50:22.313,3,3,3,0,0
156282.511716,2026-07-15T05:50:22.315,3,3,3,0,0
156282.514290,2026-07-15T05:50:22.318,3,3,3,0,0
156282.517013,2026-07-15T05:50:22.321,3,3,3,0,0
156282.519998,2026-07-15T05:50:22.324,3,3,3,0,0
156282.522661,2026-07-15T05:50:22.326,3,3,3,0,0
156282.525293,2026-07-15T05:50:22.329,3,3,3,0,0
156282.527665,2026-07-15T05:50:22.331,3,3,3,0,0
156282.530444,2026-07-15T05:50:22.334,3,3,3,0,0
156282.533325,2026-07-15T05:50:22.337,3,3,3,0,0
156282.536216,2026-07-15T05:50:22.340,3,3,3,0,0
156282.538688,2026-07-15T05:50:22.343,3,3,3,0,0
156282.541392,2026-07-15T05:50:22.345,3,3,3,0,0
156282.543988,2026-07-15T05:50:22.348,3,3,3,0,0
156282.546547,2026-07-15T05:50:22.350,3,3,3,0,0
156282.549337,2026-07-15T05:50:22.353,3,3,3,0,0
156282.551938,2026-07-15T05:50:22.356,3,3,3,0,0
156282.555254,2026-07-15T05:50:22.359,3,3,3,0,0
156282.557494,2026-07-15T05:50:22.361,3,3,3,0,0
156282.559905,2026-07-15T05:50:22.364,3,3,3,0,0
156282.562210,2026-07-15T05:50:22.366,3,3,3,0,0
156282.564237,2026-07-15T05:50:22.368,3,3,3,0,0
156282.566574,2026-07-15T05:50:22.370,3,3,3,0,0
156282.569023,2026-07-15T05:50:22.373,3,3,3,0,0
156282.571657,2026-07-15T05:50:22.376,3,3,3,0,0
156282.574198,2026-07-15T05:50:22.378,3,3,3,0,0
156282.576870,2026-07-15T05:50:22.380,3,3,3,0,0
156282.579321,2026-07-15T05:50:22.383,3,3,3,0,0
156282.582103,2026-07-15T05:50:22.386,3,3,3,0,0
156282.584712,2026-07-15T05:50:22.388,3,3,3,0,0
156282.587143,2026-07-15T05:50:22.391,3,3,3,0,0
156282.589664,2026-07-15T05:50:22.394,3,3,3,0,0
156282.592507,2026-07-15T05:50:22.397,3,3,3,0,0
156282.595187,2026-07-15T05:50:22.399,3,3,3,0,0
156282.597546,2026-07-15T05:50:22.402,3,3,3,0,0
156282.600241,2026-07-15T05:50:22.404,3,3,3,0,0
156282.603091,2026-07-15T05:50:22.407,3,3,3,0,0
156282.605148,2026-07-15T05:50:22.409,3,3,3,0,0
156282.607600,2026-07-15T05:50:22.411,3,3,3,0,0
156282.610296,2026-07-15T05:50:22.414,3,3,3,0,0
156282.612346,2026-07-15T05:50:22.416,3,3,3,0,0
156282.614746,2026-07-15T05:50:22.418,3,3,3,0,0
156282.617205,2026-07-15T05:50:22.420,3,3,3,0,0
156282.619659,2026-07-15T05:50:22.423,3,3,3,0,0
156282.621751,2026-07-15T05:50:22.425,3,3,3,0,0
156282.624315,2026-07-15T05:50:22.428,3,3,3,0,0
156282.627005,2026-07-15T05:50:22.430,3,3,3,0,0
156282.629684,2026-07-15T05:50:22.433,3,3,3,0,0
156282.632198,2026-07-15T05:50:22.436,3,3,3,0,0
156282.634760,2026-07-15T05:50:22.438,3,3,3,0,0
156282.637448,2026-07-15T05:50:22.441,3,3,3,0,0
156282.640161,2026-07-15T05:50:22.444,3,3,3,0,0
156282.642931,2026-07-15T05:50:22.447,3,3,3,0,0
156282.645503,2026-07-15T05:50:22.450,3,3,3,0,0
156282.648074,2026-07-15T05:50:22.452,3,3,3,0,0
156282.650733,2026-07-15T05:50:22.455,3,3,3,0,0
156282.653498,2026-07-15T05:50:22.458,3,3,3,0,0
156282.656155,2026-07-15T05:50:22.460,3,3,3,0,0
156282.658934,2026-07-15T05:50:22.463,3,3,3,0,0
156282.661675,2026-07-15T05:50:22.464,3,3,3,0,0
156282.664551,2026-07-15T05:50:22.469,3,3,3,0,0
156282.667688,2026-07-15T05:50:22.472,3,3,3,0,0
156282.670123,2026-07-15T05:50:22.473,3,3,3,0,0
156282.673013,2026-07-15T05:50:22.476,3,3,3,0,0
156282.675724,2026-07-15T05:50:22.480,3,3,3,0,0
156282.678108,2026-07-15T05:50:22.481,3,3,3,0,0
156282.681113,2026-07-15T05:50:22.485,3,3,3,0,0
156282.683604,2026-07-15T05:50:22.488,3,3,3,0,0
156282.686040,2026-07-15T05:50:22.490,3,3,3,0,0
156282.689084,2026-07-15T05:50:22.493,3,3,3,0,0
156282.691724,2026-07-15T05:50:22.496,3,3,3,0,0
156282.694746,2026-07-15T05:50:22.498,3,3,3,0,0
156282.697594,2026-07-15T05:50:22.502,3,3,3,0,0
156282.700554,2026-07-15T05:50:22.504,3,3,3,0,0
156282.703283,2026-07-15T05:50:22.507,3,3,3,0,0
156282.705669,2026-07-15T05:50:22.509,3,3,3,0,0
156282.708026,2026-07-15T05:50:22.511,3,3,3,0,0
156282.710769,2026-07-15T05:50:22.514,3,3,3,0,0
156282.713458,2026-07-15T05:50:22.517,3,3,3,0,0
156282.715957,2026-07-15T05:50:22.519,3,3,3,0,0
156282.718436,2026-07-15T05:50:22.522,3,3,3,0,0
156282.721017,2026-07-15T05:50:22.525,3,3,3,0,0
156282.723068,2026-07-15T05:50:22.527,3,3,3,0,0
156282.725677,2026-07-15T05:50:22.530,3,3,3,0,0
156282.728137,2026-07-15T05:50:22.531,3,3,3,0,0
156282.731293,2026-07-15T05:50:22.534,3,3,3,0,0
156282.733816,2026-07-15T05:50:22.537,3,3,3,0,0
156282.736582,2026-07-15T05:50:22.540,3,3,3,0,0
156282.739357,2026-07-15T05:50:22.543,3,3,3,0,0
156282.742175,2026-07-15T05:50:22.545,3,3,3,0,0
156282.744223,2026-07-15T05:50:22.548,3,3,3,0,0
156282.746749,2026-07-15T05:50:22.550,3,3,3,0,0
156282.749127,2026-07-15T05:50:22.553,3,3,3,0,0
156282.751776,2026-07-15T05:50:22.555,3,3,3,0,0
156282.754605,2026-07-15T05:50:22.558,3,3,3,0,0
156282.757171,2026-07-15T05:50:22.561,3,3,3,0,0
156282.760085,2026-07-15T05:50:22.563,3,3,3,0,0
156282.762742,2026-07-15T05:50:22.566,3,3,3,0,0
156282.765037,2026-07-15T05:50:22.568,3,3,3,0,0
156282.767706,2026-07-15T05:50:22.571,3,3,3,0,0
156282.770302,2026-07-15T05:50:22.574,3,3,3,0,0
156282.772779,2026-07-15T05:50:22.576,3,3,3,0,0
156282.775468,2026-07-15T05:50:22.579,3,3,3,0,0
156282.777711,2026-07-15T05:50:22.581,3,3,3,0,0
156282.780480,2026-07-15T05:50:22.584,3,3,3,0,0
156282.782997,2026-07-15T05:50:22.586,3,3,3,0,0
156282.785418,2026-07-15T05:50:22.589,3,3,3,0,0
156282.788220,2026-07-15T05:50:22.592,3,3,3,0,0
156282.791239,2026-07-15T05:50:22.595,3,3,3,0,0
156282.793805,2026-07-15T05:50:22.597,3,3,3,0,0
156282.796692,2026-07-15T05:50:22.600,3,3,3,0,0
156282.799149,2026-07-15T05:50:22.603,3,3,3,0,0
156282.801879,2026-07-15T05:50:22.606,3,3,3,0,0
156282.804500,2026-07-15T05:50:22.608,3,3,3,0,0
156282.807360,2026-07-15T05:50:22.610,3,3,3,0,0
156282.810451,2026-07-15T05:50:22.614,3,3,3,0,0
156282.812661,2026-07-15T05:50:22.616,3,3,3,0,0
156282.815117,2026-07-15T05:50:22.619,3,3,3,0,0
156282.817642,2026-07-15T05:50:22.621,3,3,3,0,0
156282.820234,2026-07-15T05:50:22.624,3,3,3,0,0
156282.822707,2026-07-15T05:50:22.626,3,3,3,0,0
156282.825226,2026-07-15T05:50:22.629,3,3,3,0,0
156282.828197,2026-07-15T05:50:22.632,3,3,3,0,0
156282.830832,2026-07-15T05:50:22.634,3,3,3,0,0
156282.833264,2026-07-15T05:50:22.637,3,3,3,0,0
156282.836257,2026-07-15T05:50:22.639,3,3,3,0,0
156282.838753,2026-07-15T05:50:22.643,3,3,3,0,0
156282.841306,2026-07-15T05:50:22.645,3,3,3,0,0
156282.843865,2026-07-15T05:50:22.647,3,3,3,0,0
156282.846950,2026-07-15T05:50:22.650,3,3,3,0,0
156282.850053,2026-07-15T05:50:22.653,3,3,3,0,0
156282.852746,2026-07-15T05:50:22.656,3,3,3,0,0
156282.855202,2026-07-15T05:50:22.659,3,3,3,0,0
156282.857508,2026-07-15T05:50:22.661,3,3,3,0,0
156282.860314,2026-07-15T05:50:22.664,3,3,3,0,0
156282.862698,2026-07-15T05:50:22.667,3,3,3,0,0
156282.865263,2026-07-15T05:50:22.669,3,3,3,0,0
156282.867954,2026-07-15T05:50:22.671,3,3,3,0,0
156282.870493,2026-07-15T05:50:22.674,3,3,3,0,0
156282.873376,2026-07-15T05:50:22.677,3,3,3,0,0
156282.875889,2026-07-15T05:50:22.680,3,3,3,0,0
156282.878971,2026-07-15T05:50:22.682,3,3,3,0,0
156282.881776,2026-07-15T05:50:22.685,3,3,3,0,0
156282.885068,2026-07-15T05:50:22.689,3,3,3,0,0
156282.887836,2026-07-15T05:50:22.692,3,3,3,0,0
156282.890402,2026-07-15T05:50:22.694,3,3,3,0,0
156282.893459,2026-07-15T05:50:22.697,3,3,3,0,0
156282.896039,2026-07-15T05:50:22.700,3,3,3,0,0
156282.898806,2026-07-15T05:50:22.702,3,3,3,0,0
156282.901375,2026-07-15T05:50:22.705,3,3,3,0,0
156282.903789,2026-07-15T05:50:22.707,3,3,3,0,0
156282.906208,2026-07-15T05:50:22.710,3,3,3,0,0
156282.909092,2026-07-15T05:50:22.712,3,3,3,0,0
156282.911515,2026-07-15T05:50:22.715,3,3,3,0,0
156282.914089,2026-07-15T05:50:22.718,3,3,3,0,0
156282.916755,2026-07-15T05:50:22.720,3,3,3,0,0
156282.918932,2026-07-15T05:50:22.722,3,3,3,0,0
156282.921726,2026-07-15T05:50:22.725,3,3,3,0,0
156282.924229,2026-07-15T05:50:22.728,3,3,3,0,0
156282.926833,2026-07-15T05:50:22.730,3,3,3,0,0
156282.929678,2026-07-15T05:50:22.733,3,3,3,0,0
156282.932380,2026-07-15T05:50:22.736,3,3,3,0,0
156282.935011,2026-07-15T05:50:22.739,3,3,3,0,0
156282.937615,2026-07-15T05:50:22.741,3,3,3,0,0
156282.940322,2026-07-15T05:50:22.744,3,3,3,0,0
156282.942543,2026-07-15T05:50:22.746,3,3,3,0,0
156282.945136,2026-07-15T05:50:22.749,3,3,3,0,0
156282.948240,2026-07-15T05:50:22.752,3,3,3,0,0
156282.950668,2026-07-15T05:50:22.754,3,3,3,0,0
156282.953293,2026-07-15T05:50:22.757,3,3,3,0,0
156282.957183,2026-07-15T05:50:22.761,3,3,3,0,0
156282.959487,2026-07-15T05:50:22.763,3,3,3,0,0
156282.961826,2026-07-15T05:50:22.765,3,3,3,0,0
156282.964641,2026-07-15T05:50:22.768,3,3,3,0,0
156282.967361,2026-07-15T05:50:22.771,3,3,3,0,0
156282.969906,2026-07-15T05:50:22.773,3,3,3,0,0
156282.972417,2026-07-15T05:50:22.776,3,3,3,0,0
156282.975038,2026-07-15T05:50:22.779,3,3,3,0,0
156282.977612,2026-07-15T05:50:22.781,3,3,3,0,0
156282.980031,2026-07-15T05:50:22.783,3,3,3,0,0
156282.982651,2026-07-15T05:50:22.786,3,3,3,0,8
156282.985456,2026-07-15T05:50:22.789,19,0,3,0,8
156282.988289,2026-07-15T05:50:22.792,19,0,3,0,8
156282.990704,2026-07-15T05:50:22.794,19,0,3,0,8
156282.993218,2026-07-15T05:50:22.797,19,0,3,0,8
156282.995496,2026-07-15T05:50:22.799,19,0,3,0,8
156282.999573,2026-07-15T05:50:22.803,19,0,3,0,8
156283.002335,2026-07-15T05:50:22.806,19,0,3,0,8
156283.005055,2026-07-15T05:50:22.808,19,0,3,0,8
156283.007728,2026-07-15T05:50:22.811,19,0,3,0,8
156283.010343,2026-07-15T05:50:22.814,19,0,3,0,8
156283.013263,2026-07-15T05:50:22.817,19,0,3,0,8
156283.016058,2026-07-15T05:50:22.820,19,0,3,0,8
156283.018460,2026-07-15T05:50:22.822,19,0,3,0,8
156283.021029,2026-07-15T05:50:22.825,19,0,3,0,8
156283.023562,2026-07-15T05:50:22.827,19,0,3,0,8
156283.026587,2026-07-15T05:50:22.830,19,0,3,0,8
156283.029185,2026-07-15T05:50:22.833,19,0,3,0,8
156283.031695,2026-07-15T05:50:22.835,19,0,3,0,8
156283.034286,2026-07-15T05:50:22.838,19,0,3,0,8
156283.036940,2026-07-15T05:50:22.840,19,0,3,0,8
156283.039391,2026-07-15T05:50:22.842,19,0,3,0,8
156283.042028,2026-07-15T05:50:22.845,19,0,3,0,8
156283.045119,2026-07-15T05:50:22.849,19,0,3,0,8
156283.047691,2026-07-15T05:50:22.851,19,0,3,0,8
156283.050333,2026-07-15T05:50:22.854,19,0,3,0,8
156283.053344,2026-07-15T05:50:22.857,19,0,3,0,8
156283.056454,2026-07-15T05:50:22.860,19,0,3,0,8
156283.059145,2026-07-15T05:50:22.863,19,0,3,0,8
156283.061336,2026-07-15T05:50:22.865,19,0,3,0,8
156283.063824,2026-07-15T05:50:22.867,19,0,3,0,8
156283.066287,2026-07-15T05:50:22.870,19,0,3,0,8
156283.069206,2026-07-15T05:50:22.873,19,0,3,0,8
156283.071902,2026-07-15T05:50:22.876,19,0,3,0,8
156283.074421,2026-07-15T05:50:22.878,19,0,3,0,8
156283.077019,2026-07-15T05:50:22.881,19,0,3,0,8
156283.079573,2026-07-15T05:50:22.883,19,0,3,0,8
156283.082204,2026-07-15T05:50:22.886,19,0,3,0,8
156283.084751,2026-07-15T05:50:22.888,19,0,3,0,8
156283.087105,2026-07-15T05:50:22.891,19,0,3,0,8
156283.089709,2026-07-15T05:50:22.893,19,0,3,0,8
156283.092580,2026-07-15T05:50:22.897,19,0,3,0,8
156283.095159,2026-07-15T05:50:22.899,19,0,3,0,8
156283.097574,2026-07-15T05:50:22.902,19,0,3,0,8
156283.100364,2026-07-15T05:50:22.904,19,0,3,0,8
156283.103124,2026-07-15T05:50:22.906,19,0,3,0,8
156283.105708,2026-07-15T05:50:22.909,19,0,3,0,8
156283.108436,2026-07-15T05:50:22.912,19,0,3,0,8
156283.110486,2026-07-15T05:50:22.914,19,0,3,0,8
156283.112763,2026-07-15T05:50:22.917,19,0,3,0,8
156283.115343,2026-07-15T05:50:22.919,19,0,3,0,8
156283.117875,2026-07-15T05:50:22.922,19,0,3,0,8
156283.120655,2026-07-15T05:50:22.924,19,0,3,0,8
156283.123156,2026-07-15T05:50:22.926,19,0,3,0,8
156283.125641,2026-07-15T05:50:22.929,19,0,3,0,8
156283.129052,2026-07-15T05:50:22.932,19,0,3,0,8
156283.131986,2026-07-15T05:50:22.935,19,0,3,0,8
156283.135118,2026-07-15T05:50:22.939,19,0,3,0,8
156283.137714,2026-07-15T05:50:22.941,19,0,3,0,8
156283.140068,2026-07-15T05:50:22.944,19,0,3,0,8
156283.142763,2026-07-15T05:50:22.946,19,0,3,0,8
156283.145581,2026-07-15T05:50:22.950,19,0,3,0,8
156283.148140,2026-07-15T05:50:22.952,19,0,3,0,8
156283.150651,2026-07-15T05:50:22.954,19,0,3,0,8
156283.153279,2026-07-15T05:50:22.957,19,0,3,0,8
156283.156306,2026-07-15T05:50:22.960,19,0,3,0,8
156283.159141,2026-07-15T05:50:22.963,19,0,3,0,8
156283.161472,2026-07-15T05:50:22.965,19,0,3,0,8
156283.164228,2026-07-15T05:50:22.968,19,0,3,0,8
156283.167150,2026-07-15T05:50:22.971,19,0,3,0,8
156283.169814,2026-07-15T05:50:22.974,19,0,3,0,8
156283.171888,2026-07-15T05:50:22.976,19,0,3,0,8
156283.174549,2026-07-15T05:50:22.978,19,0,3,0,8
156283.176956,2026-07-15T05:50:22.981,19,0,3,0,8
156283.179016,2026-07-15T05:50:22.983,19,0,3,0,8
156283.181128,2026-07-15T05:50:22.984,19,0,3,0,8
156283.183469,2026-07-15T05:50:22.986,19,0,3,0,8
156283.186251,2026-07-15T05:50:22.990,19,0,3,0,8
156283.188323,2026-07-15T05:50:22.992,19,0,3,0,8
156283.190677,2026-07-15T05:50:22.995,19,0,3,0,8
156283.193262,2026-07-15T05:50:22.997,19,0,3,0,8
156283.195775,2026-07-15T05:50:23.000,19,0,3,0,8
156283.198467,2026-07-15T05:50:23.002,19,0,3,0,8
156283.200856,2026-07-15T05:50:23.005,19,0,3,0,8
156283.203214,2026-07-15T05:50:23.007,19,0,3,0,8
156283.205713,2026-07-15T05:50:23.009,19,0,3,0,8
156283.208781,2026-07-15T05:50:23.013,19,0,3,0,8
156283.211575,2026-07-15T05:50:23.015,19,0,3,0,8
156283.213686,2026-07-15T05:50:23.017,19,0,3,0,8
156283.216690,2026-07-15T05:50:23.020,19,0,3,0,8
156283.219727,2026-07-15T05:50:23.024,19,0,3,0,8
156283.222572,2026-07-15T05:50:23.027,19,0,3,0,8
156283.225307,2026-07-15T05:50:23.029,19,0,3,0,8
156283.228104,2026-07-15T05:50:23.032,19,0,3,0,8
156283.230799,2026-07-15T05:50:23.034,60,0,3,0,8
156283.233433,2026-07-15T05:50:23.037,60,0,3,0,8
156283.236360,2026-07-15T05:50:23.040,60,0,3,0,8
156283.239143,2026-07-15T05:50:23.043,60,0,3,0,8
156283.242091,2026-07-15T05:50:23.046,60,0,3,0,8
156283.244662,2026-07-15T05:50:23.048,60,0,3,0,8
156283.247314,2026-07-15T05:50:23.051,60,0,3,0,8
156283.250013,2026-07-15T05:50:23.053,60,0,3,0,8
156283.252724,2026-07-15T05:50:23.056,60,0,3,0,8
156283.255462,2026-07-15T05:50:23.059,60,0,3,0,8
156283.258630,2026-07-15T05:50:23.062,60,0,3,0,8
156283.260829,2026-07-15T05:50:23.064,60,0,3,0,8
156283.263602,2026-07-15T05:50:23.067,60,0,3,0,8
156283.265823,2026-07-15T05:50:23.069,60,0,3,0,8
156283.268637,2026-07-15T05:50:23.072,60,0,3,0,8
156283.270946,2026-07-15T05:50:23.075,60,0,3,0,8
156283.273299,2026-07-15T05:50:23.076,60,0,3,0,8
156283.275499,2026-07-15T05:50:23.079,60,0,3,0,8
156283.277932,2026-07-15T05:50:23.081,60,0,3,0,8
156283.280677,2026-07-15T05:50:23.084,60,0,3,0,8
156283.283299,2026-07-15T05:50:23.087,60,0,3,0,8
156283.286115,2026-07-15T05:50:23.090,60,0,3,0,8
156283.288878,2026-07-15T05:50:23.093,60,0,3,0,8
156283.291591,2026-07-15T05:50:23.094,60,0,3,0,8
156283.294152,2026-07-15T05:50:23.098,60,0,3,0,8
156283.296925,2026-07-15T05:50:23.101,60,0,3,0,8
156283.299460,2026-07-15T05:50:23.102,60,0,3,0,8
156283.302106,2026-07-15T05:50:23.105,60,0,3,0,8
156283.304908,2026-07-15T05:50:23.109,60,0,3,0,8
156283.307742,2026-07-15T05:50:23.111,60,0,3,0,8
156283.310777,2026-07-15T05:50:23.114,60,0,3,0,8
156283.313159,2026-07-15T05:50:23.117,60,0,3,0,8
156283.315699,2026-07-15T05:50:23.119,60,0,3,0,8
156283.318333,2026-07-15T05:50:23.121,60,0,3,0,8
156283.320998,2026-07-15T05:50:23.125,60,0,3,0,8
156283.323787,2026-07-15T05:50:23.127,60,0,3,0,8
156283.326256,2026-07-15T05:50:23.130,60,0,3,0,8
156283.328911,2026-07-15T05:50:23.133,60,0,3,0,8
156283.331434,2026-07-15T05:50:23.135,60,0,3,0,8
156283.334224,2026-07-15T05:50:23.138,60,0,3,0,8
156283.337029,2026-07-15T05:50:23.141,60,0,3,0,8
156283.339463,2026-07-15T05:50:23.143,60,0,3,0,8
156283.341982,2026-07-15T05:50:23.146,60,0,3,0,8
156283.344908,2026-07-15T05:50:23.149,60,0,3,0,8
156283.347409,2026-07-15T05:50:23.151,60,0,3,0,8
156283.350129,2026-07-15T05:50:23.154,60,0,3,0,8
156283.352692,2026-07-15T05:50:23.156,60,0,3,0,8
156283.355135,2026-07-15T05:50:23.159,60,0,3,0,8
156283.357804,2026-07-15T05:50:23.162,60,0,3,0,8
156283.360724,2026-07-15T05:50:23.164,60,0,3,0,8
156283.362867,2026-07-15T05:50:23.166,60,0,3,0,8
156283.365257,2026-07-15T05:50:23.169,60,0,3,0,8
156283.367687,2026-07-15T05:50:23.172,60,0,3,0,8
156283.370088,2026-07-15T05:50:23.174,60,0,3,0,8
156283.372571,2026-07-15T05:50:23.176,60,0,3,0,8
156283.374844,2026-07-15T05:50:23.178,60,0,3,0,8
156283.376850,2026-07-15T05:50:23.179,60,0,3,0,8
156283.379053,2026-07-15T05:50:23.183,60,0,3,0,8
156283.381360,2026-07-15T05:50:23.185,60,0,3,0,8
156283.383808,2026-07-15T05:50:23.188,60,0,3,0,8
156283.386424,2026-07-15T05:50:23.190,60,0,3,0,8
156283.389177,2026-07-15T05:50:23.193,60,0,3,0,8
156283.391645,2026-07-15T05:50:23.195,60,0,3,0,8
156283.394240,2026-07-15T05:50:23.198,60,0,3,0,8
156283.396853,2026-07-15T05:50:23.201,60,0,3,0,8
156283.399627,2026-07-15T05:50:23.203,60,0,3,0,8
156283.402316,2026-07-15T05:50:23.206,60,0,3,0,8
156283.405128,2026-07-15T05:50:23.208,60,0,3,0,8
156283.407748,2026-07-15T05:50:23.212,60,0,3,0,8
156283.410196,2026-07-15T05:50:23.214,60,0,3,0,8
156283.412532,2026-07-15T05:50:23.216,60,0,3,0,8
156283.415276,2026-07-15T05:50:23.219,60,0,3,0,8
156283.417880,2026-07-15T05:50:23.222,60,0,3,0,8
156283.419908,2026-07-15T05:50:23.224,60,0,3,0,8
156283.422105,2026-07-15T05:50:23.226,60,0,3,0,8
156283.424135,2026-07-15T05:50:23.228,60,0,3,0,8
156283.426535,2026-07-15T05:50:23.230,60,0,3,0,8
156283.428844,2026-07-15T05:50:23.233,60,0,3,0,8
156283.431463,2026-07-15T05:50:23.235,60,0,3,0,8
156283.434088,2026-07-15T05:50:23.237,60,0,3,0,8
156283.436540,2026-07-15T05:50:23.240,60,0,3,0,8
156283.439219,2026-07-15T05:50:23.243,60,0,3,0,8
156283.442203,2026-07-15T05:50:23.246,60,0,3,0,8
156283.445105,2026-07-15T05:50:23.249,60,0,3,0,8
156283.447763,2026-07-15T05:50:23.252,60,0,3,0,8
156283.450340,2026-07-15T05:50:23.254,60,0,3,0,8
156283.453509,2026-07-15T05:50:23.257,60,0,3,0,8
156283.456259,2026-07-15T05:50:23.260,60,0,3,0,8
156283.458739,2026-07-15T05:50:23.262,60,0,3,0,8
156283.461144,2026-07-15T05:50:23.265,60,0,3,0,8
156283.464990,2026-07-15T05:50:23.268,60,0,3,0,8
156283.467332,2026-07-15T05:50:23.271,60,0,3,0,8
156283.469455,2026-07-15T05:50:23.273,60,0,3,0,8
156283.471879,2026-07-15T05:50:23.276,102,0,3,0,8
156283.474254,2026-07-15T05:50:23.277,102,0,3,0,8
156283.476523,2026-07-15T05:50:23.280,102,0,3,0,8
156283.478774,2026-07-15T05:50:23.282,102,0,3,0,8
156283.481735,2026-07-15T05:50:23.286,102,0,3,0,8
156283.484318,2026-07-15T05:50:23.288,102,0,3,0,8
156283.487159,2026-07-15T05:50:23.290,102,0,3,0,8
156283.489447,2026-07-15T05:50:23.293,102,0,3,0,8
156283.492529,2026-07-15T05:50:23.296,102,0,3,0,8
156283.495164,2026-07-15T05:50:23.298,102,0,3,0,8
156283.498032,2026-07-15T05:50:23.301,102,0,3,0,8
156283.500584,2026-07-15T05:50:23.305,102,0,3,0,8
156283.502742,2026-07-15T05:50:23.306,102,0,3,0,8
156283.505207,2026-07-15T05:50:23.309,102,0,3,0,8
156283.507531,2026-07-15T05:50:23.311,102,0,3,0,8
156283.510181,2026-07-15T05:50:23.314,102,0,3,0,8
156283.514015,2026-07-15T05:50:23.318,102,0,3,0,8
156283.516693,2026-07-15T05:50:23.320,102,0,3,0,8
156283.519261,2026-07-15T05:50:23.322,102,0,3,0,8
156283.521666,2026-07-15T05:50:23.325,102,0,3,0,8
156283.524289,2026-07-15T05:50:23.327,102,0,3,0,8
156283.527073,2026-07-15T05:50:23.330,102,0,3,0,8
156283.529435,2026-07-15T05:50:23.333,102,0,3,0,8
156283.531565,2026-07-15T05:50:23.335,102,0,3,0,8
156283.534403,2026-07-15T05:50:23.338,102,0,3,0,8
156283.537102,2026-07-15T05:50:23.341,102,0,3,0,8
156283.540327,2026-07-15T05:50:23.344,102,0,3,0,8
156283.543448,2026-07-15T05:50:23.347,102,0,3,0,8
156283.546390,2026-07-15T05:50:23.350,102,0,3,0,8
156283.549249,2026-07-15T05:50:23.353,102,0,3,0,8
156283.552266,2026-07-15T05:50:23.355,102,0,3,0,8
156283.554705,2026-07-15T05:50:23.358,102,0,3,0,8
156283.558815,2026-07-15T05:50:23.362,102,0,3,0,8
156283.561519,2026-07-15T05:50:23.365,102,0,3,0,8
156283.564246,2026-07-15T05:50:23.368,102,0,3,0,8
156283.566989,2026-07-15T05:50:23.371,102,0,3,0,8
156283.569405,2026-07-15T05:50:23.373,102,0,3,0,8
156283.572180,2026-07-15T05:50:23.376,102,0,3,0,8
156283.574957,2026-07-15T05:50:23.378,102,0,3,0,8
156283.577409,2026-07-15T05:50:23.380,102,0,3,0,8
156283.579433,2026-07-15T05:50:23.383,102,0,3,0,8
156283.582057,2026-07-15T05:50:23.386,102,0,3,0,8
156283.584227,2026-07-15T05:50:23.388,102,0,3,0,8
156283.586360,2026-07-15T05:50:23.390,102,0,3,0,8
156283.589016,2026-07-15T05:50:23.393,102,0,3,0,8
156283.591225,2026-07-15T05:50:23.395,102,0,3,0,8
156283.593775,2026-07-15T05:50:23.397,102,0,3,0,8
156283.596436,2026-07-15T05:50:23.401,102,0,3,0,8
156283.599099,2026-07-15T05:50:23.402,102,0,3,0,8
156283.601454,2026-07-15T05:50:23.405,102,0,3,0,8
156283.603743,2026-07-15T05:50:23.408,102,0,3,0,8
156283.606500,2026-07-15T05:50:23.410,102,0,3,0,8
156283.608693,2026-07-15T05:50:23.412,102,0,3,0,8
156283.611364,2026-07-15T05:50:23.415,102,0,3,0,8
156283.613525,2026-07-15T05:50:23.417,102,0,3,0,8
156283.616128,2026-07-15T05:50:23.419,102,0,3,0,8
156283.618561,2026-07-15T05:50:23.421,102,0,3,0,8
156283.620818,2026-07-15T05:50:23.424,102,0,3,0,8
156283.622878,2026-07-15T05:50:23.426,102,0,3,0,8
156283.625281,2026-07-15T05:50:23.429,102,0,3,0,8
156283.627703,2026-07-15T05:50:23.431,102,0,3,0,8
156283.630708,2026-07-15T05:50:23.435,102,0,3,0,8
156283.633032,2026-07-15T05:50:23.436,102,0,3,0,8
156283.635731,2026-07-15T05:50:23.438,102,0,3,0,8
156283.638168,2026-07-15T05:50:23.442,102,0,3,0,8
156283.640818,2026-07-15T05:50:23.444,102,0,3,0,8
156283.643195,2026-07-15T05:50:23.447,102,0,3,0,8
156283.645996,2026-07-15T05:50:23.450,102,0,3,0,8
156283.649176,2026-07-15T05:50:23.453,102,0,3,0,8
156283.651787,2026-07-15T05:50:23.455,102,0,3,0,8
156283.654496,2026-07-15T05:50:23.458,102,0,3,0,8
156283.657438,2026-07-15T05:50:23.461,102,0,3,0,8
156283.660958,2026-07-15T05:50:23.464,102,0,3,0,8
156283.663605,2026-07-15T05:50:23.467,102,0,3,0,8
156283.666372,2026-07-15T05:50:23.470,102,0,3,0,8
156283.669439,2026-07-15T05:50:23.473,102,0,3,0,8
156283.672298,2026-07-15T05:50:23.476,102,0,3,0,8
156283.675255,2026-07-15T05:50:23.479,102,0,3,0,8
156283.677620,2026-07-15T05:50:23.482,102,0,3,0,8
156283.680606,2026-07-15T05:50:23.484,102,0,3,0,8
156283.683149,2026-07-15T05:50:23.487,102,0,3,0,8
156283.685942,2026-07-15T05:50:23.490,102,0,3,0,8
156283.689060,2026-07-15T05:50:23.493,102,0,3,0,8
156283.691893,2026-07-15T05:50:23.495,102,0,3,0,8
156283.694472,2026-07-15T05:50:23.498,102,0,3,0,8
156283.697158,2026-07-15T05:50:23.501,102,0,3,0,8
156283.699702,2026-07-15T05:50:23.503,102,0,3,0,8
156283.702368,2026-07-15T05:50:23.506,102,0,3,0,8
156283.704995,2026-07-15T05:50:23.509,102,0,3,0,8
156283.707346,2026-07-15T05:50:23.511,102,0,3,0,8
156283.709772,2026-07-15T05:50:23.513,102,0,3,0,8
156283.712342,2026-07-15T05:50:23.516,102,0,3,0,8
156283.715157,2026-07-15T05:50:23.518,102,0,3,0,7
156283.717967,2026-07-15T05:50:23.522,144,0,3,0,7
156283.720750,2026-07-15T05:50:23.524,144,0,3,0,7
156283.723506,2026-07-15T05:50:23.527,144,0,3,0,7
156283.726248,2026-07-15T05:50:23.530,144,0,3,0,7
156283.728606,2026-07-15T05:50:23.532,144,0,3,0,7
156283.731064,2026-07-15T05:50:23.535,144,0,3,0,7
156283.733573,2026-07-15T05:50:23.537,144,0,3,0,7
156283.736077,2026-07-15T05:50:23.540,144,0,3,0,7
156283.739086,2026-07-15T05:50:23.542,144,0,3,0,7
156283.741471,2026-07-15T05:50:23.545,144,0,3,0,7
156283.744266,2026-07-15T05:50:23.548,144,0,3,0,7
156283.747037,2026-07-15T05:50:23.551,144,0,3,0,7
156283.749650,2026-07-15T05:50:23.553,144,0,3,0,7
156283.752434,2026-07-15T05:50:23.556,144,0,3,0,7
156283.755150,2026-07-15T05:50:23.559,144,0,3,0,7
156283.758184,2026-07-15T05:50:23.562,144,0,3,0,7
156283.761087,2026-07-15T05:50:23.564,144,0,3,0,7
156283.763432,2026-07-15T05:50:23.567,144,0,3,0,7
156283.766381,2026-07-15T05:50:23.570,144,0,3,0,7
156283.769216,2026-07-15T05:50:23.573,144,0,3,0,7
156283.772264,2026-07-15T05:50:23.575,144,0,3,0,7
156283.774641,2026-07-15T05:50:23.578,144,0,3,0,7
156283.777445,2026-07-15T05:50:23.581,144,0,3,0,7
156283.780505,2026-07-15T05:50:23.584,144,0,3,0,7
156283.783575,2026-07-15T05:50:23.587,144,0,3,0,7
156283.786309,2026-07-15T05:50:23.589,144,0,3,0,7
156283.788691,2026-07-15T05:50:23.592,144,0,3,0,7
156283.791274,2026-07-15T05:50:23.595,144,0,3,0,7
156283.793691,2026-07-15T05:50:23.597,144,0,3,0,7
156283.796153,2026-07-15T05:50:23.599,144,0,3,0,7
156283.798991,2026-07-15T05:50:23.603,144,0,3,0,7
156283.801298,2026-07-15T05:50:23.605,144,0,3,0,7
156283.803614,2026-07-15T05:50:23.607,144,0,3,0,7
156283.805763,2026-07-15T05:50:23.610,144,0,3,0,7
156283.808152,2026-07-15T05:50:23.611,144,0,3,0,7
156283.810397,2026-07-15T05:50:23.614,144,0,3,0,7
156283.813010,2026-07-15T05:50:23.617,144,0,3,0,7
156283.815046,2026-07-15T05:50:23.619,144,0,3,0,7
156283.817633,2026-07-15T05:50:23.622,144,0,3,0,7
156283.820109,2026-07-15T05:50:23.624,144,0,3,0,7
156283.823139,2026-07-15T05:50:23.626,144,0,3,0,7
156283.825863,2026-07-15T05:50:23.629,144,0,3,0,7
156283.828705,2026-07-15T05:50:23.632,144,0,3,0,7
156283.831258,2026-07-15T05:50:23.635,144,0,3,0,7
156283.833738,2026-07-15T05:50:23.638,144,0,3,0,7
156283.835885,2026-07-15T05:50:23.640,144,0,3,0,7
156283.838224,2026-07-15T05:50:23.642,144,0,3,0,7
156283.840755,2026-07-15T05:50:23.644,144,0,3,0,7
156283.843569,2026-07-15T05:50:23.647,144,0,3,0,7
156283.846038,2026-07-15T05:50:23.650,144,0,3,0,7
156283.848399,2026-07-15T05:50:23.652,144,0,3,0,7
156283.850962,2026-07-15T05:50:23.654,144,0,3,0,7
156283.853530,2026-07-15T05:50:23.657,144,0,3,0,7
156283.855764,2026-07-15T05:50:23.659,144,0,3,0,7
156283.857964,2026-07-15T05:50:23.661,144,0,3,0,7
156283.860354,2026-07-15T05:50:23.663,144,0,3,0,7
156283.862425,2026-07-15T05:50:23.666,144,0,3,0,7
156283.864450,2026-07-15T05:50:23.668,144,0,3,0,7
156283.866969,2026-07-15T05:50:23.671,144,0,3,0,7
156283.869497,2026-07-15T05:50:23.673,144,0,3,0,7
156283.872380,2026-07-15T05:50:23.676,144,0,3,0,7
156283.875240,2026-07-15T05:50:23.679,144,0,3,0,7
156283.877729,2026-07-15T05:50:23.681,144,0,3,0,7
156283.880269,2026-07-15T05:50:23.684,144,0,3,0,7
156283.882899,2026-07-15T05:50:23.687,144,0,3,0,7
156283.885764,2026-07-15T05:50:23.689,144,0,3,0,7
156283.888623,2026-07-15T05:50:23.692,144,0,3,0,7
156283.891167,2026-07-15T05:50:23.694,144,0,3,0,7
156283.893788,2026-07-15T05:50:23.697,144,0,3,0,7
156283.896421,2026-07-15T05:50:23.700,144,0,3,0,7
156283.899217,2026-07-15T05:50:23.703,144,0,3,0,7
156283.902051,2026-07-15T05:50:23.706,144,0,3,0,7
156283.904599,2026-07-15T05:50:23.709,144,0,3,0,7
156283.907155,2026-07-15T05:50:23.711,144,0,3,0,7
156283.909616,2026-07-15T05:50:23.713,144,0,3,0,7
156283.912041,2026-07-15T05:50:23.716,144,0,3,0,7
156283.915823,2026-07-15T05:50:23.719,144,0,3,0,7
156283.918671,2026-07-15T05:50:23.722,144,0,3,0,7
156283.921254,2026-07-15T05:50:23.725,144,0,3,0,7
156283.923642,2026-07-15T05:50:23.728,144,0,3,0,7
156283.926730,2026-07-15T05:50:23.731,144,0,3,0,7
156283.929605,2026-07-15T05:50:23.733,144,0,3,0,7
156283.932464,2026-07-15T05:50:23.737,144,0,3,0,7
156283.935270,2026-07-15T05:50:23.739,144,0,3,0,7
156283.937766,2026-07-15T05:50:23.742,144,0,3,0,7
156283.940478,2026-07-15T05:50:23.744,144,0,3,0,7
156283.943100,2026-07-15T05:50:23.746,144,0,3,0,7
156283.946214,2026-07-15T05:50:23.750,144,0,3,0,7
156283.948883,2026-07-15T05:50:23.753,144,0,3,0,7
156283.951757,2026-07-15T05:50:23.756,144,0,3,0,7
156283.954652,2026-07-15T05:50:23.759,144,0,3,0,7
156283.957669,2026-07-15T05:50:23.761,144,0,3,0,13
156283.960513,2026-07-15T05:50:23.764,184,0,3,0,13
156283.962664,2026-07-15T05:50:23.766,184,0,3,0,13
156283.965565,2026-07-15T05:50:23.769,184,0,3,0,13
156283.968163,2026-07-15T05:50:23.772,184,0,3,0,13
156283.971137,2026-07-15T05:50:23.774,184,0,3,0,13
156283.973992,2026-07-15T05:50:23.777,184,0,3,0,13
156283.978305,2026-07-15T05:50:23.782,184,0,3,0,13
156283.981085,2026-07-15T05:50:23.785,184,0,3,0,13
156283.983612,2026-07-15T05:50:23.787,184,0,3,0,13
156283.986415,2026-07-15T05:50:23.789,184,0,3,0,13
156283.989305,2026-07-15T05:50:23.792,184,0,3,0,13
156283.991580,2026-07-15T05:50:23.795,184,0,3,0,13
156283.993896,2026-07-15T05:50:23.798,184,0,3,0,13
156283.995975,2026-07-15T05:50:23.800,184,0,3,0,13
156283.998411,2026-07-15T05:50:23.802,184,0,3,0,13
156284.000947,2026-07-15T05:50:23.804,184,0,3,0,13
156284.003507,2026-07-15T05:50:23.807,184,0,3,0,13
156284.006108,2026-07-15T05:50:23.810,184,0,3,0,13
156284.008595,2026-07-15T05:50:23.813,184,0,3,0,13
156284.011088,2026-07-15T05:50:23.815,184,0,3,0,13
156284.013223,2026-07-15T05:50:23.817,184,0,3,0,13
156284.015817,2026-07-15T05:50:23.819,184,0,3,0,13
156284.018825,2026-07-15T05:50:23.823,184,0,3,0,13
156284.021669,2026-07-15T05:50:23.825,184,0,3,0,13
156284.024100,2026-07-15T05:50:23.827,184,0,3,0,13
156284.027185,2026-07-15T05:50:23.830,184,0,3,0,13
156284.029837,2026-07-15T05:50:23.833,184,0,3,0,13
156284.032474,2026-07-15T05:50:23.836,184,0,3,0,13
156284.035010,2026-07-15T05:50:23.839,184,0,3,0,13
156284.037583,2026-07-15T05:50:23.842,184,0,3,0,13
156284.040345,2026-07-15T05:50:23.844,184,0,3,0,13
156284.043288,2026-07-15T05:50:23.847,184,0,3,0,13
156284.045713,2026-07-15T05:50:23.850,184,0,3,0,13
156284.048382,2026-07-15T05:50:23.852,184,0,3,0,13
156284.051989,2026-07-15T05:50:23.855,184,0,3,0,13
156284.054477,2026-07-15T05:50:23.858,184,0,3,0,13
156284.057405,2026-07-15T05:50:23.861,184,0,3,0,13
156284.060643,2026-07-15T05:50:23.864,184,0,3,0,13
156284.063323,2026-07-15T05:50:23.867,184,0,3,0,13
156284.066311,2026-07-15T05:50:23.869,184,0,3,0,13
156284.069138,2026-07-15T05:50:23.872,184,0,3,0,13
156284.071825,2026-07-15T05:50:23.875,184,0,3,0,13
156284.074528,2026-07-15T05:50:23.878,184,0,3,0,13
156284.077077,2026-07-15T05:50:23.881,184,0,3,0,13
156284.079599,2026-07-15T05:50:23.883,184,0,3,0,13
156284.082101,2026-07-15T05:50:23.885,184,0,3,0,13
156284.084680,2026-07-15T05:50:23.889,184,0,3,0,13
156284.087159,2026-07-15T05:50:23.891,184,0,3,0,13
156284.089467,2026-07-15T05:50:23.893,184,0,3,0,13
156284.092272,2026-07-15T05:50:23.896,184,0,3,0,13
156284.094986,2026-07-15T05:50:23.898,184,0,3,0,13
156284.097575,2026-07-15T05:50:23.901,184,0,3,0,13
156284.100138,2026-07-15T05:50:23.904,184,0,3,0,13
156284.102868,2026-07-15T05:50:23.907,184,0,3,0,13
156284.105705,2026-07-15T05:50:23.909,184,0,3,0,13
156284.107822,2026-07-15T05:50:23.911,184,0,3,0,13
156284.110691,2026-07-15T05:50:23.914,184,0,3,0,13
156284.113151,2026-07-15T05:50:23.917,184,0,3,0,13
156284.115512,2026-07-15T05:50:23.919,184,0,3,0,13
156284.118119,2026-07-15T05:50:23.922,184,0,3,0,13
156284.120356,2026-07-15T05:50:23.924,184,0,3,0,13
156284.122786,2026-07-15T05:50:23.926,184,0,3,0,13
156284.124913,2026-07-15T05:50:23.928,184,0,3,0,13
156284.127192,2026-07-15T05:50:23.931,184,0,3,0,13
156284.129538,2026-07-15T05:50:23.933,184,0,3,0,13
156284.131973,2026-07-15T05:50:23.935,184,0,3,0,13
156284.134294,2026-07-15T05:50:23.938,184,0,3,0,13
156284.136661,2026-07-15T05:50:23.940,184,0,3,0,13
156284.139432,2026-07-15T05:50:23.943,184,0,3,0,13
156284.141915,2026-07-15T05:50:23.945,184,0,3,0,13
156284.144449,2026-07-15T05:50:23.948,184,0,3,0,13
156284.146998,2026-07-15T05:50:23.950,184,0,3,0,13
156284.149615,2026-07-15T05:50:23.954,184,0,3,0,13
156284.152278,2026-07-15T05:50:23.956,184,0,3,0,13
156284.155083,2026-07-15T05:50:23.959,184,0,3,0,13
156284.157824,2026-07-15T05:50:23.962,184,0,3,0,13
156284.161293,2026-07-15T05:50:23.965,184,0,3,0,13
156284.163966,2026-07-15T05:50:23.968,184,0,3,0,13
156284.166514,2026-07-15T05:50:23.970,184,0,3,0,13
156284.169011,2026-07-15T05:50:23.972,184,0,3,0,13
156284.171546,2026-07-15T05:50:23.976,184,0,3,0,13
156284.174323,2026-07-15T05:50:23.978,184,0,3,0,13
156284.176823,2026-07-15T05:50:23.980,184,0,3,0,13
156284.179403,2026-07-15T05:50:23.983,184,0,3,0,13
156284.181816,2026-07-15T05:50:23.986,184,0,3,0,13
156284.184776,2026-07-15T05:50:23.988,184,0,3,0,13
156284.187552,2026-07-15T05:50:23.992,184,0,3,0,13
156284.189963,2026-07-15T05:50:23.994,184,0,3,0,13
156284.192632,2026-07-15T05:50:23.997,184,0,3,0,13
156284.195532,2026-07-15T05:50:23.999,184,0,3,0,13
156284.198121,2026-07-15T05:50:24.001,184,0,3,0,13
156284.200953,2026-07-15T05:50:24.004,184,0,3,0,10
156284.203761,2026-07-15T05:50:24.006,225,0,3,0,10
156284.206629,2026-07-15T05:50:24.010,225,0,3,0,10
156284.209386,2026-07-15T05:50:24.013,225,0,3,0,10
156284.211870,2026-07-15T05:50:24.015,225,0,3,0,10
156284.214619,2026-07-15T05:50:24.018,225,0,3,0,10
156284.217047,2026-07-15T05:50:24.021,225,0,3,0,10
156284.219127,2026-07-15T05:50:24.023,225,0,3,0,10
156284.221310,2026-07-15T05:50:24.025,225,0,3,0,10
156284.223492,2026-07-15T05:50:24.027,225,0,3,0,10
156284.225620,2026-07-15T05:50:24.029,225,0,3,0,10
156284.228220,2026-07-15T05:50:24.032,225,0,3,0,10
156284.230290,2026-07-15T05:50:24.034,225,0,3,0,10
156284.232354,2026-07-15T05:50:24.036,225,0,3,0,10
156284.235977,2026-07-15T05:50:24.040,225,0,3,0,10
156284.239023,2026-07-15T05:50:24.043,225,0,3,0,10
156284.241524,2026-07-15T05:50:24.045,225,0,3,0,10
156284.244381,2026-07-15T05:50:24.047,225,0,3,0,10
156284.247112,2026-07-15T05:50:24.051,225,0,3,0,10
156284.249823,2026-07-15T05:50:24.054,225,0,3,0,10
156284.252592,2026-07-15T05:50:24.057,225,0,3,0,10
156284.255318,2026-07-15T05:50:24.059,225,0,3,0,10
156284.257860,2026-07-15T05:50:24.062,225,0,3,0,10
156284.261558,2026-07-15T05:50:24.065,225,0,3,0,10
156284.263646,2026-07-15T05:50:24.067,225,0,3,0,10
156284.266514,2026-07-15T05:50:24.070,225,0,3,0,10
156284.269641,2026-07-15T05:50:24.073,225,0,3,0,10
156284.272135,2026-07-15T05:50:24.076,225,0,3,0,10
156284.274852,2026-07-15T05:50:24.079,225,0,3,0,10
156284.277118,2026-07-15T05:50:24.081,225,0,3,0,10
156284.279801,2026-07-15T05:50:24.083,225,0,3,0,10
156284.282282,2026-07-15T05:50:24.086,225,0,3,0,10
156284.285032,2026-07-15T05:50:24.088,225,0,3,0,10
156284.287913,2026-07-15T05:50:24.092,225,0,3,0,10
156284.291080,2026-07-15T05:50:24.095,225,0,3,0,10
156284.293826,2026-07-15T05:50:24.097,225,0,3,0,10
156284.296060,2026-07-15T05:50:24.099,225,0,3,0,10
156284.298594,2026-07-15T05:50:24.102,225,0,3,0,10
156284.301298,2026-07-15T05:50:24.105,225,0,3,0,10
156284.303601,2026-07-15T05:50:24.107,225,0,3,0,10
156284.306221,2026-07-15T05:50:24.110,225,0,3,0,10
156284.309007,2026-07-15T05:50:24.113,225,0,3,0,10
156284.311572,2026-07-15T05:50:24.115,225,0,3,0,10
156284.314406,2026-07-15T05:50:24.118,225,0,3,0,10
156284.317335,2026-07-15T05:50:24.121,225,0,3,0,10
156284.320459,2026-07-15T05:50:24.125,225,0,3,0,10
156284.323407,2026-07-15T05:50:24.127,225,0,3,0,10
156284.326195,2026-07-15T05:50:24.130,225,0,3,0,10
156284.328813,2026-07-15T05:50:24.132,225,0,3,0,10
156284.331614,2026-07-15T05:50:24.136,225,0,3,0,10
156284.334169,2026-07-15T05:50:24.137,225,0,3,0,10
156284.336713,2026-07-15T05:50:24.140,225,0,3,0,10
156284.339708,2026-07-15T05:50:24.144,225,0,3,0,10
156284.342453,2026-07-15T05:50:24.146,225,0,3,0,10
156284.345182,2026-07-15T05:50:24.148,225,0,3,0,10
156284.347583,2026-07-15T05:50:24.151,225,0,3,0,10
156284.350354,2026-07-15T05:50:24.154,225,0,3,0,10
156284.353078,2026-07-15T05:50:24.157,225,0,3,0,10
156284.355787,2026-07-15T05:50:24.160,225,0,3,0,10
156284.359383,2026-07-15T05:50:24.163,225,0,3,0,10
156284.362878,2026-07-15T05:50:24.166,225,0,3,0,10
156284.365152,2026-07-15T05:50:24.169,225,0,3,0,10
156284.367944,2026-07-15T05:50:24.172,225,0,3,0,10
156284.371014,2026-07-15T05:50:24.175,225,0,3,0,10
156284.373714,2026-07-15T05:50:24.178,225,0,3,0,10
156284.376698,2026-07-15T05:50:24.181,225,0,3,0,10
156284.379698,2026-07-15T05:50:24.184,225,0,3,0,10
156284.381858,2026-07-15T05:50:24.186,225,0,3,0,10
156284.385626,2026-07-15T05:50:24.190,225,0,3,0,10
156284.388419,2026-07-15T05:50:24.192,225,0,3,0,10
156284.391480,2026-07-15T05:50:24.195,225,0,3,0,10
156284.394165,2026-07-15T05:50:24.198,225,0,3,0,10
156284.396663,2026-07-15T05:50:24.200,225,0,3,0,10
156284.399190,2026-07-15T05:50:24.203,225,0,3,0,10
156284.402076,2026-07-15T05:50:24.205,225,0,3,0,10
156284.404860,2026-07-15T05:50:24.208,225,0,3,0,10
156284.407446,2026-07-15T05:50:24.211,225,0,3,0,10
156284.410389,2026-07-15T05:50:24.214,225,0,3,0,10
156284.412825,2026-07-15T05:50:24.217,225,0,3,0,10
156284.415660,2026-07-15T05:50:24.220,225,0,3,0,10
156284.418191,2026-07-15T05:50:24.222,225,0,3,0,10
156284.421238,2026-07-15T05:50:24.225,225,0,3,0,10
156284.423898,2026-07-15T05:50:24.228,225,0,3,0,10
156284.426413,2026-07-15T05:50:24.231,225,0,3,0,10
156284.428716,2026-07-15T05:50:24.233,225,0,3,0,10
156284.431262,2026-07-15T05:50:24.235,225,0,3,0,10
156284.433361,2026-07-15T05:50:24.237,225,0,3,0,10
156284.436251,2026-07-15T05:50:24.240,225,0,3,0,10
156284.438492,2026-07-15T05:50:24.242,225,0,3,0,10
156284.441347,2026-07-15T05:50:24.245,225,0,3,0,10
156284.444108,2026-07-15T05:50:24.247,225,0,3,0,10
156284.446540,2026-07-15T05:50:24.251,225,3,3,0,0
156284.449196,2026-07-15T05:50:24.253,249,3,3,0,0
156284.451497,2026-07-15T05:50:24.255,249,3,3,0,0
156284.454347,2026-07-15T05:50:24.258,249,3,3,0,0
156284.456866,2026-07-15T05:50:24.261,249,3,3,0,0
156284.460517,2026-07-15T05:50:24.264,249,3,3,0,0
156284.463689,2026-07-15T05:50:24.267,249,3,3,0,0
156284.466420,2026-07-15T05:50:24.270,249,3,3,0,0
156284.469077,2026-07-15T05:50:24.272,249,3,3,0,0
156284.471743,2026-07-15T05:50:24.275,249,3,3,0,0
156284.474291,2026-07-15T05:50:24.278,249,3,3,0,0
156284.477186,2026-07-15T05:50:24.281,249,3,3,0,0
156284.479645,2026-07-15T05:50:24.283,249,3,3,0,0
156284.482422,2026-07-15T05:50:24.286,249,3,3,0,0
156284.485396,2026-07-15T05:50:24.289,249,3,3,0,0
156284.488322,2026-07-15T05:50:24.292,249,3,3,0,0
156284.490504,2026-07-15T05:50:24.294,249,3,3,0,0
156284.493843,2026-07-15T05:50:24.298,249,3,3,0,0
156284.496685,2026-07-15T05:50:24.301,249,3,3,0,0
156284.499791,2026-07-15T05:50:24.304,249,3,3,0,0
156284.502540,2026-07-15T05:50:24.306,249,3,3,0,0
156284.505444,2026-07-15T05:50:24.309,249,3,3,0,0
156284.509246,2026-07-15T05:50:24.313,249,3,3,0,0
156284.511790,2026-07-15T05:50:24.315,249,3,3,0,0
156284.514232,2026-07-15T05:50:24.318,249,3,3,0,0
156284.517073,2026-07-15T05:50:24.321,249,3,3,0,0
156284.519903,2026-07-15T05:50:24.324,249,3,3,0,0
156284.522497,2026-07-15T05:50:24.326,249,3,3,0,0
156284.525436,2026-07-15T05:50:24.329,249,3,3,0,0
156284.528382,2026-07-15T05:50:24.332,249,3,3,0,0
156284.531158,2026-07-15T05:50:24.335,249,3,3,0,0
156284.534331,2026-07-15T05:50:24.338,249,3,3,0,0
156284.536795,2026-07-15T05:50:24.340,249,3,3,0,0
156284.539490,2026-07-15T05:50:24.343,249,3,3,0,0
156284.542256,2026-07-15T05:50:24.346,249,3,3,0,0
156284.545087,2026-07-15T05:50:24.349,249,3,3,0,0
156284.548008,2026-07-15T05:50:24.352,249,3,3,0,0
156284.550782,2026-07-15T05:50:24.354,249,3,3,0,0
156284.553508,2026-07-15T05:50:24.357,249,3,3,0,0
156284.556301,2026-07-15T05:50:24.360,249,3,3,0,0
156284.559309,2026-07-15T05:50:24.363,249,3,3,0,0
156284.562356,2026-07-15T05:50:24.366,249,3,3,0,0
156284.565137,2026-07-15T05:50:24.369,249,3,3,0,0
156284.567528,2026-07-15T05:50:24.371,249,3,3,0,0
156284.570665,2026-07-15T05:50:24.374,249,3,3,0,0
156284.573308,2026-07-15T05:50:24.376,249,3,3,0,0
156284.575747,2026-07-15T05:50:24.379,249,3,3,0,0
156284.578654,2026-07-15T05:50:24.382,249,3,3,0,0
156284.581352,2026-07-15T05:50:24.384,249,3,3,0,0
156284.584067,2026-07-15T05:50:24.387,249,3,3,0,0
156284.586356,2026-07-15T05:50:24.390,249,3,3,0,0
156284.589030,2026-07-15T05:50:24.393,249,3,3,0,0
156284.591706,2026-07-15T05:50:24.396,249,3,3,0,0
156284.594749,2026-07-15T05:50:24.399,249,3,3,0,0
156284.597731,2026-07-15T05:50:24.402,249,3,3,0,0
156284.600091,2026-07-15T05:50:24.404,249,3,3,0,0
156284.602405,2026-07-15T05:50:24.406,249,3,3,0,0
156284.604909,2026-07-15T05:50:24.409,249,3,3,0,0
156284.607458,2026-07-15T05:50:24.411,249,3,3,0,0
156284.610378,2026-07-15T05:50:24.414,249,3,3,0,0
156284.612868,2026-07-15T05:50:24.416,249,3,3,0,0
156284.615266,2026-07-15T05:50:24.419,249,3,3,0,0
156284.617740,2026-07-15T05:50:24.422,249,3,3,0,0
156284.620653,2026-07-15T05:50:24.424,249,3,3,0,0
156284.623398,2026-07-15T05:50:24.427,249,3,3,0,0
156284.626218,2026-07-15T05:50:24.430,249,3,3,0,0
156284.628883,2026-07-15T05:50:24.432,249,3,3,0,0
156284.631257,2026-07-15T05:50:24.435,249,3,3,0,0
156284.633381,2026-07-15T05:50:24.437,249,3,3,0,0
156284.635520,2026-07-15T05:50:24.439,249,3,3,0,0
156284.637839,2026-07-15T05:50:24.442,249,3,3,0,0
156284.640290,2026-07-15T05:50:24.444,249,3,3,0,0
156284.642340,2026-07-15T05:50:24.446,249,3,3,0,0
156284.645013,2026-07-15T05:50:24.449,249,3,3,0,0
156284.647587,2026-07-15T05:50:24.450,249,3,3,0,0
156284.650293,2026-07-15T05:50:24.454,249,3,3,0,0
156284.652419,2026-07-15T05:50:24.455,249,3,3,0,0
156284.655026,2026-07-15T05:50:24.458,249,3,3,0,0
156284.657852,2026-07-15T05:50:24.462,249,3,3,0,0
156284.660740,2026-07-15T05:50:24.465,249,3,3,0,0
156284.663697,2026-07-15T05:50:24.466,249,3,3,0,0
156284.666226,2026-07-15T05:50:24.469,249,3,3,0,0
156284.668889,2026-07-15T05:50:24.473,249,3,3,0,0
156284.671846,2026-07-15T05:50:24.476,249,3,3,0,0
156284.674525,2026-07-15T05:50:24.477,249,3,3,0,0
156284.677291,2026-07-15T05:50:24.481,249,3,3,0,0
156284.679665,2026-07-15T05:50:24.482,249,3,3,0,0
156284.682471,2026-07-15T05:50:24.485,249,3,3,0,0
156284.684987,2026-07-15T05:50:24.488,249,3,3,0,0
156284.687805,2026-07-15T05:50:24.491,249,3,3,0,0
156284.690799,2026-07-15T05:50:24.494,249,3,3,0,0
156284.693394,2026-07-15T05:50:24.497,249,3,3,0,0
156284.695675,2026-07-15T05:50:24.499,249,3,3,0,0
156284.698503,2026-07-15T05:50:24.502,249,3,3,0,0
156284.701423,2026-07-15T05:50:24.505,249,3,3,0,0
156284.704224,2026-07-15T05:50:24.508,249,3,3,0,0
156284.706497,2026-07-15T05:50:24.510,249,3,3,0,0
156284.709234,2026-07-15T05:50:24.513,249,3,3,0,0
156284.711686,2026-07-15T05:50:24.516,249,3,3,0,0
156284.714133,2026-07-15T05:50:24.518,249,3,3,0,0
156284.716771,2026-07-15T05:50:24.521,249,3,3,0,0
156284.719346,2026-07-15T05:50:24.523,249,3,3,0,0
156284.721755,2026-07-15T05:50:24.525,249,3,3,0,0
156284.724411,2026-07-15T05:50:24.528,249,3,3,0,0
156284.727124,2026-07-15T05:50:24.531,249,3,3,0,0
156284.729570,2026-07-15T05:50:24.533,249,3,3,0,0
156284.732153,2026-07-15T05:50:24.536,249,3,3,0,0
156284.734739,2026-07-15T05:50:24.539,249,3,3,0,0
156284.737023,2026-07-15T05:50:24.540,249,3,3,0,0
156284.739343,2026-07-15T05:50:24.543,249,3,3,0,0
156284.742533,2026-07-15T05:50:24.546,249,3,3,0,0
156284.745358,2026-07-15T05:50:24.549,249,3,3,0,0
156284.748375,2026-07-15T05:50:24.552,249,3,3,0,0
156284.751447,2026-07-15T05:50:24.555,249,3,3,0,0
156284.755103,2026-07-15T05:50:24.559,249,3,3,0,0
156284.757900,2026-07-15T05:50:24.562,249,3,3,0,0
156284.761005,2026-07-15T05:50:24.565,249,3,3,0,0
156284.763742,2026-07-15T05:50:24.568,249,3,3,0,0
156284.766889,2026-07-15T05:50:24.571,249,3,3,0,0
156284.769447,2026-07-15T05:50:24.573,249,3,3,0,0
156284.772411,2026-07-15T05:50:24.576,249,3,3,0,0
156284.775201,2026-07-15T05:50:24.578,249,3,3,0,0
156284.777529,2026-07-15T05:50:24.581,249,3,3,0,0
156284.780377,2026-07-15T05:50:24.584,249,3,3,0,0
156284.783133,2026-07-15T05:50:24.586,249,3,3,0,0
156284.785412,2026-07-15T05:50:24.589,249,3,3,0,0
156284.787962,2026-07-15T05:50:24.592,249,3,3,0,0
156284.790348,2026-07-15T05:50:24.594,249,3,3,0,0
156284.792956,2026-07-15T05:50:24.597,249,3,3,0,0
156284.795051,2026-07-15T05:50:24.599,249,3,3,0,0
156284.797812,2026-07-15T05:50:24.601,249,3,3,0,0
156284.800843,2026-07-15T05:50:24.604,249,3,3,0,0
156284.803600,2026-07-15T05:50:24.607,249,3,3,0,0
156284.806405,2026-07-15T05:50:24.610,249,3,3,0,0
156284.809178,2026-07-15T05:50:24.613,249,3,3,0,0
156284.811773,2026-07-15T05:50:24.616,249,3,3,0,0
156284.814261,2026-07-15T05:50:24.618,249,3,3,0,0
156284.816929,2026-07-15T05:50:24.620,249,3,3,0,0
156284.819685,2026-07-15T05:50:24.623,249,3,3,0,0
156284.822400,2026-07-15T05:50:24.626,249,3,3,0,0
156284.824993,2026-07-15T05:50:24.629,249,3,3,0,0
156284.827699,2026-07-15T05:50:24.630,249,3,3,0,0
156284.830308,2026-07-15T05:50:24.633,249,3,3,0,0
156284.832870,2026-07-15T05:50:24.637,249,3,3,0,0
156284.835659,2026-07-15T05:50:24.640,249,3,3,0,0
156284.838500,2026-07-15T05:50:24.641,249,3,3,0,0
156284.841179,2026-07-15T05:50:24.645,249,3,3,0,0
156284.843898,2026-07-15T05:50:24.648,249,3,3,0,0
156284.846852,2026-07-15T05:50:24.650,249,3,3,0,0
156284.849424,2026-07-15T05:50:24.653,249,3,3,0,0
156284.852267,2026-07-15T05:50:24.656,249,3,3,0,0
156284.855019,2026-07-15T05:50:24.659,249,3,3,0,0
156284.857767,2026-07-15T05:50:24.661,249,3,3,0,0
156284.860812,2026-07-15T05:50:24.664,249,3,3,0,0
156284.863519,2026-07-15T05:50:24.667,249,3,3,0,0
156284.866784,2026-07-15T05:50:24.670,249,3,3,0,0
156284.869120,2026-07-15T05:50:24.673,249,3,3,0,0
156284.871602,2026-07-15T05:50:24.675,249,3,3,0,0
156284.874443,2026-07-15T05:50:24.678,249,3,3,0,0
156284.877192,2026-07-15T05:50:24.681,249,3,3,0,0
156284.879936,2026-07-15T05:50:24.683,249,3,3,0,0
156284.883153,2026-07-15T05:50:24.686,249,3,3,0,0
156284.885895,2026-07-15T05:50:24.690,249,3,3,0,0
156284.888505,2026-07-15T05:50:24.692,249,3,3,0,0
156284.891261,2026-07-15T05:50:24.694,249,3,3,0,0
156284.893985,2026-07-15T05:50:24.698,249,3,3,0,0
156284.896769,2026-07-15T05:50:24.701,249,3,3,0,0
156284.899281,2026-07-15T05:50:24.703,249,3,3,0,0
156284.901469,2026-07-15T05:50:24.705,249,3,3,0,0
156284.903910,2026-07-15T05:50:24.707,249,3,3,0,0
156284.906618,2026-07-15T05:50:24.710,249,3,3,0,0
156284.908815,2026-07-15T05:50:24.712,249,3,3,0,0
156284.911255,2026-07-15T05:50:24.715,249,3,3,0,0
156284.913358,2026-07-15T05:50:24.717,249,3,3,0,0
156284.915599,2026-07-15T05:50:24.720,249,3,3,0,0
156284.917638,2026-07-15T05:50:24.721,249,3,3,0,0
156284.920071,2026-07-15T05:50:24.724,249,3,3,0,0
156284.922522,2026-07-15T05:50:24.726,249,3,3,0,0
156284.925036,2026-07-15T05:50:24.729,249,3,3,0,0
156284.927422,2026-07-15T05:50:24.731,249,3,3,0,0
156284.930074,2026-07-15T05:50:24.734,249,3,3,0,0
156284.932706,2026-07-15T05:50:24.737,249,3,3,0,0
156284.935112,2026-07-15T05:50:24.739,249,3,3,0,0
156284.937759,2026-07-15T05:50:24.742,249,3,3,0,0
156284.940048,2026-07-15T05:50:24.744,249,3,3,0,0
156284.942840,2026-07-15T05:50:24.747,249,3,3,0,0
156284.945035,2026-07-15T05:50:24.749,249,3,3,0,0
156284.947563,2026-07-15T05:50:24.752,249,3,3,0,0
156284.950295,2026-07-15T05:50:24.754,249,3,3,0,0
156284.952592,2026-07-15T05:50:24.756,249,3,3,0,0
156284.955355,2026-07-15T05:50:24.758,249,3,3,0,0
156284.957940,2026-07-15T05:50:24.761,249,3,3,0,0
156284.960147,2026-07-15T05:50:24.764,249,3,3,0,0
156284.963123,2026-07-15T05:50:24.767,249,3,3,0,0
156284.965869,2026-07-15T05:50:24.770,249,3,3,0,0
156284.968380,2026-07-15T05:50:24.772,249,3,3,0,0
156284.971215,2026-07-15T05:50:24.775,249,3,3,0,0
156284.973637,2026-07-15T05:50:24.778,249,3,3,0,0
156284.976206,2026-07-15T05:50:24.779,249,3,3,0,0
156284.978920,2026-07-15T05:50:24.782,249,3,3,0,0
156284.981562,2026-07-15T05:50:24.785,249,3,3,0,0
156284.984286,2026-07-15T05:50:24.788,249,3,3,0,0
156284.986826,2026-07-15T05:50:24.791,249,3,3,0,0
156284.989250,2026-07-15T05:50:24.793,249,3,3,0,0
156284.991642,2026-07-15T05:50:24.795,249,3,3,0,0
156284.993966,2026-07-15T05:50:24.798,249,3,3,0,0
156284.996214,2026-07-15T05:50:24.800,249,3,3,0,0
156284.998857,2026-07-15T05:50:24.802,249,3,3,0,0
156285.001305,2026-07-15T05:50:24.804,249,3,3,0,0
156285.003801,2026-07-15T05:50:24.807,249,3,3,0,0
156285.006463,2026-07-15T05:50:24.810,249,3,3,0,0
156285.009558,2026-07-15T05:50:24.813,249,3,3,0,0
156285.012136,2026-07-15T05:50:24.816,249,3,3,0,0
156285.014928,2026-07-15T05:50:24.819,249,3,3,0,0
156285.017481,2026-07-15T05:50:24.821,249,3,3,0,0
156285.020445,2026-07-15T05:50:24.824,249,3,3,0,0
156285.023276,2026-07-15T05:50:24.827,249,3,3,0,0
156285.026104,2026-07-15T05:50:24.830,249,3,3,0,0
156285.028917,2026-07-15T05:50:24.833,249,3,3,0,0
156285.031829,2026-07-15T05:50:24.836,249,3,3,0,0
156285.034458,2026-07-15T05:50:24.838,249,3,3,0,0
156285.037156,2026-07-15T05:50:24.840,249,3,3,0,0
156285.039863,2026-07-15T05:50:24.844,249,3,3,0,0
156285.042746,2026-07-15T05:50:24.846,249,3,3,0,0
156285.045094,2026-07-15T05:50:24.848,249,3,3,0,0
156285.047798,2026-07-15T05:50:24.851,249,3,3,0,0
156285.050408,2026-07-15T05:50:24.854,249,3,3,0,0
156285.053195,2026-07-15T05:50:24.857,249,3,3,0,0
156285.055682,2026-07-15T05:50:24.860,249,3,3,0,0
156285.058333,2026-07-15T05:50:24.862,249,3,3,0,0
156285.060783,2026-07-15T05:50:24.865,249,3,3,0,0
156285.063432,2026-07-15T05:50:24.867,249,3,3,0,0
156285.066187,2026-07-15T05:50:24.870,249,3,3,0,0
156285.069163,2026-07-15T05:50:24.872,249,3,3,0,0
156285.071713,2026-07-15T05:50:24.876,249,3,3,0,0
156285.074117,2026-07-15T05:50:24.878,249,3,3,0,0
156285.076737,2026-07-15T05:50:24.881,249,3,3,0,0
156285.079490,2026-07-15T05:50:24.883,249,3,3,0,0
156285.082248,2026-07-15T05:50:24.886,249,3,3,0,0
156285.084987,2026-07-15T05:50:24.888,249,3,3,0,0
156285.087782,2026-07-15T05:50:24.891,249,3,3,0,0
156285.090745,2026-07-15T05:50:24.894,249,3,3,0,0
156285.093691,2026-07-15T05:50:24.897,249,3,3,0,0
156285.096889,2026-07-15T05:50:24.900,249,3,3,0,0
156285.100040,2026-07-15T05:50:24.903,249,3,3,0,0
156285.102347,2026-07-15T05:50:24.906,249,3,3,0,0
156285.105440,2026-07-15T05:50:24.909,249,3,3,0,0
156285.108554,2026-07-15T05:50:24.912,249,3,3,0,0
156285.111561,2026-07-15T05:50:24.915,249,3,3,0,0
156285.114446,2026-07-15T05:50:24.918,249,3,3,0,0
156285.117164,2026-07-15T05:50:24.921,249,3,3,0,0
156285.119832,2026-07-15T05:50:24.923,249,3,3,0,0
156285.122639,2026-07-15T05:50:24.926,249,3,3,0,0
156285.125435,2026-07-15T05:50:24.929,249,3,3,0,0
156285.128123,2026-07-15T05:50:24.932,249,3,3,0,0
156285.130686,2026-07-15T05:50:24.935,249,3,3,0,0
156285.133395,2026-07-15T05:50:24.937,249,3,3,0,0
156285.136395,2026-07-15T05:50:24.940,249,3,3,0,0
156285.139238,2026-07-15T05:50:24.943,249,3,3,0,0
156285.142227,2026-07-15T05:50:24.946,249,3,3,0,0
156285.145273,2026-07-15T05:50:24.949,249,3,3,0,0
156285.147883,2026-07-15T05:50:24.952,249,3,3,0,0
156285.150784,2026-07-15T05:50:24.954,249,3,3,0,0
156285.153739,2026-07-15T05:50:24.957,249,3,3,0,0
156285.156567,2026-07-15T05:50:24.960,249,3,3,0,0
156285.159492,2026-07-15T05:50:24.964,249,3,3,0,0
156285.164747,2026-07-15T05:50:24.969,249,3,3,0,0
156285.167214,2026-07-15T05:50:24.971,249,3,3,0,0
156285.169714,2026-07-15T05:50:24.973,249,3,3,0,0
156285.172306,2026-07-15T05:50:24.976,249,3,3,0,0
156285.174966,2026-07-15T05:50:24.978,249,3,3,0,0
156285.177668,2026-07-15T05:50:24.982,249,3,3,0,0
156285.180058,2026-07-15T05:50:24.984,249,3,3,0,0
156285.182514,2026-07-15T05:50:24.986,249,3,3,0,0
156285.185335,2026-07-15T05:50:24.989,249,3,3,0,0
156285.187924,2026-07-15T05:50:24.992,249,3,3,0,0
156285.190856,2026-07-15T05:50:24.995,249,3,3,0,0
156285.193610,2026-07-15T05:50:24.997,249,3,3,0,0
156285.196363,2026-07-15T05:50:25.000,249,3,3,0,0
156285.199090,2026-07-15T05:50:25.003,249,3,3,0,0
156285.201474,2026-07-15T05:50:25.005,249,3,3,0,0
156285.204228,2026-07-15T05:50:25.008,249,3,3,0,0
156285.206797,2026-07-15T05:50:25.011,249,3,3,0,0
156285.209719,2026-07-15T05:50:25.013,249,3,3,0,0
156285.212321,2026-07-15T05:50:25.016,249,3,3,0,0
156285.215240,2026-07-15T05:50:25.019,249,3,3,0,0
156285.217526,2026-07-15T05:50:25.021,249,3,3,0,0
156285.220705,2026-07-15T05:50:25.024,249,3,3,0,0
156285.223725,2026-07-15T05:50:25.027,249,3,3,0,0
156285.226158,2026-07-15T05:50:25.030,249,3,3,0,0
156285.228776,2026-07-15T05:50:25.033,249,3,3,0,0
156285.231653,2026-07-15T05:50:25.035,249,3,3,0,0
156285.234174,2026-07-15T05:50:25.038,249,3,3,0,0
156285.237349,2026-07-15T05:50:25.041,249,3,3,0,0
156285.240063,2026-07-15T05:50:25.044,249,3,3,0,0
156285.242859,2026-07-15T05:50:25.047,249,3,3,0,0
156285.245487,2026-07-15T05:50:25.050,249,3,3,0,0
156285.248145,2026-07-15T05:50:25.052,249,3,3,0,0
156285.251133,2026-07-15T05:50:25.055,249,3,3,0,0
156285.253774,2026-07-15T05:50:25.057,249,3,3,0,0
156285.256512,2026-07-15T05:50:25.060,249,3,3,0,0
156285.259253,2026-07-15T05:50:25.063,249,3,3,0,0
156285.261863,2026-07-15T05:50:25.066,249,3,3,0,0
156285.266745,2026-07-15T05:50:25.071,249,3,3,0,0
156285.269405,2026-07-15T05:50:25.073,249,3,3,0,0
156285.271976,2026-07-15T05:50:25.076,249,3,3,0,0
156285.274942,2026-07-15T05:50:25.079,249,3,3,0,0
156285.277719,2026-07-15T05:50:25.082,249,3,3,0,0
156285.280180,2026-07-15T05:50:25.084,249,3,3,0,13
156285.283043,2026-07-15T05:50:25.087,236,0,3,0,13
156285.285716,2026-07-15T05:50:25.090,236,0,3,0,13
156285.288370,2026-07-15T05:50:25.092,236,0,3,0,13
156285.290393,2026-07-15T05:50:25.094,236,0,3,0,13
156285.292821,2026-07-15T05:50:25.097,236,0,3,0,13
156285.295298,2026-07-15T05:50:25.099,236,0,3,0,13
156285.297666,2026-07-15T05:50:25.101,236,0,3,0,13
156285.300339,2026-07-15T05:50:25.104,236,0,3,0,13
156285.302869,2026-07-15T05:50:25.106,236,0,3,0,13
156285.305500,2026-07-15T05:50:25.109,236,0,3,0,13
156285.308169,2026-07-15T05:50:25.111,236,0,3,0,13
156285.310400,2026-07-15T05:50:25.114,236,0,3,0,13
156285.312697,2026-07-15T05:50:25.116,236,0,3,0,13
156285.315162,2026-07-15T05:50:25.119,236,0,3,0,13
156285.318659,2026-07-15T05:50:25.123,236,0,3,0,13
156285.321446,2026-07-15T05:50:25.125,236,0,3,0,13
156285.323682,2026-07-15T05:50:25.128,236,0,3,0,13
156285.326469,2026-07-15T05:50:25.130,236,0,3,0,13
156285.329120,2026-07-15T05:50:25.133,236,0,3,0,13
156285.331348,2026-07-15T05:50:25.135,236,0,3,0,13
156285.334219,2026-07-15T05:50:25.138,236,0,3,0,13
156285.336633,2026-07-15T05:50:25.140,236,0,3,0,13
156285.339211,2026-07-15T05:50:25.142,236,0,3,0,13
156285.342202,2026-07-15T05:50:25.146,236,0,3,0,13
156285.344787,2026-07-15T05:50:25.148,236,0,3,0,13
156285.347363,2026-07-15T05:50:25.151,236,0,3,0,13
156285.349838,2026-07-15T05:50:25.153,236,0,3,0,13
156285.352106,2026-07-15T05:50:25.156,236,0,3,0,13
156285.354656,2026-07-15T05:50:25.159,236,0,3,0,13
156285.357089,2026-07-15T05:50:25.161,236,0,3,0,13
156285.359838,2026-07-15T05:50:25.163,236,0,3,0,13
156285.362504,2026-07-15T05:50:25.166,236,0,3,0,13
156285.365010,2026-07-15T05:50:25.169,236,0,3,0,13
156285.367723,2026-07-15T05:50:25.171,236,0,3,0,13
156285.370735,2026-07-15T05:50:25.174,236,0,3,0,13
156285.373213,2026-07-15T05:50:25.177,236,0,3,0,13
156285.375608,2026-07-15T05:50:25.179,236,0,3,0,13
156285.377953,2026-07-15T05:50:25.182,236,0,3,0,13
156285.380425,2026-07-15T05:50:25.184,236,0,3,0,13
156285.383196,2026-07-15T05:50:25.187,236,0,3,0,13
156285.385830,2026-07-15T05:50:25.190,236,0,3,0,13
156285.388621,2026-07-15T05:50:25.193,236,0,3,0,13
156285.391115,2026-07-15T05:50:25.195,236,0,3,0,13
156285.393731,2026-07-15T05:50:25.197,236,0,3,0,13
156285.396820,2026-07-15T05:50:25.200,236,0,3,0,13
156285.399357,2026-07-15T05:50:25.203,236,0,3,0,13
156285.402044,2026-07-15T05:50:25.206,236,0,3,0,13
156285.404637,2026-07-15T05:50:25.209,236,0,3,0,13
156285.407275,2026-07-15T05:50:25.211,236,0,3,0,13
156285.409914,2026-07-15T05:50:25.214,236,0,3,0,13
156285.412425,2026-07-15T05:50:25.216,236,0,3,0,13
156285.415369,2026-07-15T05:50:25.219,236,0,3,0,13
156285.417796,2026-07-15T05:50:25.221,236,0,3,0,13
156285.420494,2026-07-15T05:50:25.224,236,0,3,0,13
156285.423351,2026-07-15T05:50:25.227,236,0,3,0,13
156285.425852,2026-07-15T05:50:25.229,236,0,3,0,13
156285.429433,2026-07-15T05:50:25.233,236,0,3,0,13
156285.432265,2026-07-15T05:50:25.235,236,0,3,0,13
156285.434961,2026-07-15T05:50:25.239,236,0,3,0,13
156285.437686,2026-07-15T05:50:25.241,236,0,3,0,13
156285.440313,2026-07-15T05:50:25.243,236,0,3,0,13
156285.443745,2026-07-15T05:50:25.247,236,0,3,0,13
156285.446440,2026-07-15T05:50:25.250,236,0,3,0,13
156285.449316,2026-07-15T05:50:25.252,236,0,3,0,13
156285.451855,2026-07-15T05:50:25.255,236,0,3,0,13
156285.454736,2026-07-15T05:50:25.258,236,0,3,0,13
156285.457315,2026-07-15T05:50:25.261,236,0,3,0,13
156285.459964,2026-07-15T05:50:25.264,236,0,3,0,13
156285.462426,2026-07-15T05:50:25.266,236,0,3,0,13
156285.465875,2026-07-15T05:50:25.269,236,0,3,0,13
156285.468197,2026-07-15T05:50:25.272,236,0,3,0,13
156285.470952,2026-07-15T05:50:25.275,236,0,3,0,13
156285.474378,2026-07-15T05:50:25.278,236,0,3,0,13
156285.477230,2026-07-15T05:50:25.281,236,0,3,0,13
156285.479960,2026-07-15T05:50:25.284,236,0,3,0,13
156285.482591,2026-07-15T05:50:25.286,236,0,3,0,13
156285.485327,2026-07-15T05:50:25.289,236,0,3,0,13
156285.487792,2026-07-15T05:50:25.291,236,0,3,0,13
156285.490046,2026-07-15T05:50:25.294,236,0,3,0,13
156285.492932,2026-07-15T05:50:25.297,236,0,3,0,13
156285.495176,2026-07-15T05:50:25.299,236,0,3,0,13
156285.497616,2026-07-15T05:50:25.301,236,0,3,0,13
156285.500322,2026-07-15T05:50:25.304,236,0,3,0,13
156285.502768,2026-07-15T05:50:25.307,236,0,3,0,13
156285.504863,2026-07-15T05:50:25.309,236,0,3,0,13
156285.507582,2026-07-15T05:50:25.311,236,0,3,0,13
156285.510148,2026-07-15T05:50:25.314,236,0,3,0,13
156285.512393,2026-07-15T05:50:25.316,236,0,3,0,13
156285.514687,2026-07-15T05:50:25.318,236,0,3,0,13
156285.517197,2026-07-15T05:50:25.321,236,0,3,0,13
156285.519408,2026-07-15T05:50:25.323,236,0,3,0,13
156285.522038,2026-07-15T05:50:25.326,236,0,3,0,13
156285.524374,2026-07-15T05:50:25.328,236,0,3,0,7
156285.527131,2026-07-15T05:50:25.331,195,0,3,0,7
156285.529523,2026-07-15T05:50:25.333,195,0,3,0,7
156285.532409,2026-07-15T05:50:25.336,195,0,3,0,7
156285.535151,2026-07-15T05:50:25.338,195,0,3,0,7
156285.537724,2026-07-15T05:50:25.341,195,0,3,0,7
156285.540394,2026-07-15T05:50:25.344,195,0,3,0,7
156285.542677,2026-07-15T05:50:25.346,195,0,3,0,7
156285.544969,2026-07-15T05:50:25.349,195,0,3,0,7
156285.547686,2026-07-15T05:50:25.352,195,0,3,0,7
156285.550496,2026-07-15T05:50:25.354,195,0,3,0,7
156285.552760,2026-07-15T05:50:25.356,195,0,3,0,7
156285.555579,2026-07-15T05:50:25.359,195,0,3,0,7
156285.558321,2026-07-15T05:50:25.361,195,0,3,0,7
156285.560820,2026-07-15T05:50:25.365,195,0,3,0,7
156285.563301,2026-07-15T05:50:25.367,195,0,3,0,7
156285.567768,2026-07-15T05:50:25.371,195,0,3,0,7
156285.570443,2026-07-15T05:50:25.374,195,0,3,0,7
156285.573298,2026-07-15T05:50:25.377,195,0,3,0,7
156285.576547,2026-07-15T05:50:25.380,195,0,3,0,7
156285.578993,2026-07-15T05:50:25.382,195,0,3,0,7
156285.581878,2026-07-15T05:50:25.385,195,0,3,0,7
156285.584674,2026-07-15T05:50:25.389,195,0,3,0,7
156285.587458,2026-07-15T05:50:25.391,195,0,3,0,7
156285.590327,2026-07-15T05:50:25.394,195,0,3,0,7
156285.593450,2026-07-15T05:50:25.397,195,0,3,0,7
156285.595639,2026-07-15T05:50:25.399,195,0,3,0,7
156285.598341,2026-07-15T05:50:25.401,195,0,3,0,7
156285.600869,2026-07-15T05:50:25.405,195,0,3,0,7
156285.603928,2026-07-15T05:50:25.408,195,0,3,0,7
156285.607120,2026-07-15T05:50:25.411,195,0,3,0,7
156285.609849,2026-07-15T05:50:25.413,195,0,3,0,7
156285.612676,2026-07-15T05:50:25.416,195,0,3,0,7
156285.615272,2026-07-15T05:50:25.419,195,0,3,0,7
156285.617794,2026-07-15T05:50:25.422,195,0,3,0,7
156285.620230,2026-07-15T05:50:25.424,195,0,3,0,7
156285.622509,2026-07-15T05:50:25.426,195,0,3,0,7
156285.625196,2026-07-15T05:50:25.428,195,0,3,0,7
156285.628284,2026-07-15T05:50:25.432,195,0,3,0,7
156285.631153,2026-07-15T05:50:25.435,195,0,3,0,7
156285.634149,2026-07-15T05:50:25.438,195,0,3,0,7
156285.636326,2026-07-15T05:50:25.440,195,0,3,0,7
156285.639415,2026-07-15T05:50:25.443,195,0,3,0,7
156285.642361,2026-07-15T05:50:25.446,195,0,3,0,7
156285.645290,2026-07-15T05:50:25.449,195,0,3,0,7
156285.648318,2026-07-15T05:50:25.452,195,0,3,0,7
156285.651096,2026-07-15T05:50:25.455,195,0,3,0,7
156285.653785,2026-07-15T05:50:25.458,195,0,3,0,7
156285.656304,2026-07-15T05:50:25.460,195,0,3,0,7
156285.658748,2026-07-15T05:50:25.462,195,0,3,0,7
156285.661470,2026-07-15T05:50:25.465,195,0,3,0,7
156285.665410,2026-07-15T05:50:25.469,195,0,3,0,7
156285.668414,2026-07-15T05:50:25.472,195,0,3,0,7
156285.671217,2026-07-15T05:50:25.475,195,0,3,0,7
156285.674225,2026-07-15T05:50:25.478,195,0,3,0,7
156285.676576,2026-07-15T05:50:25.480,195,0,3,0,7
156285.679337,2026-07-15T05:50:25.482,195,0,3,0,7
156285.682110,2026-07-15T05:50:25.486,195,0,3,0,7
156285.684865,2026-07-15T05:50:25.488,195,0,3,0,7
156285.687492,2026-07-15T05:50:25.492,195,0,3,0,7
156285.690251,2026-07-15T05:50:25.494,195,0,3,0,7
156285.692557,2026-07-15T05:50:25.496,195,0,3,0,7
156285.694997,2026-07-15T05:50:25.499,195,0,3,0,7
156285.697165,2026-07-15T05:50:25.501,195,0,3,0,7
156285.699555,2026-07-15T05:50:25.504,195,0,3,0,7
156285.702362,2026-07-15T05:50:25.506,195,0,3,0,7
156285.705081,2026-07-15T05:50:25.509,195,0,3,0,7
156285.707239,2026-07-15T05:50:25.511,195,0,3,0,7
156285.709759,2026-07-15T05:50:25.513,195,0,3,0,7
156285.712712,2026-07-15T05:50:25.516,195,0,3,0,7
156285.715510,2026-07-15T05:50:25.519,195,0,3,0,7
156285.718235,2026-07-15T05:50:25.522,195,0,3,0,7
156285.721171,2026-07-15T05:50:25.525,195,0,3,0,7
156285.724392,2026-07-15T05:50:25.528,195,0,3,0,7
156285.727393,2026-07-15T05:50:25.530,195,0,3,0,7
156285.730324,2026-07-15T05:50:25.534,195,0,3,0,7
156285.733158,2026-07-15T05:50:25.536,195,0,3,0,7
156285.735911,2026-07-15T05:50:25.539,195,0,3,0,7
156285.738971,2026-07-15T05:50:25.543,195,0,3,0,7
156285.741727,2026-07-15T05:50:25.546,195,0,3,0,7
156285.745176,2026-07-15T05:50:25.549,195,0,3,0,7
156285.747946,2026-07-15T05:50:25.551,195,0,3,0,7
156285.751078,2026-07-15T05:50:25.555,195,0,3,0,7
156285.753718,2026-07-15T05:50:25.557,195,0,3,0,7
156285.756634,2026-07-15T05:50:25.560,195,0,3,0,7
156285.759122,2026-07-15T05:50:25.563,195,0,3,0,7
156285.761499,2026-07-15T05:50:25.565,195,0,3,0,7
156285.764526,2026-07-15T05:50:25.568,195,0,3,0,7
156285.767286,2026-07-15T05:50:25.571,195,0,3,0,7
156285.769509,2026-07-15T05:50:25.573,195,0,3,0,8
156285.772090,2026-07-15T05:50:25.575,154,0,3,0,8
156285.774606,2026-07-15T05:50:25.578,154,0,3,0,8
156285.777167,2026-07-15T05:50:25.581,154,0,3,0,8
156285.779530,2026-07-15T05:50:25.583,154,0,3,0,8
156285.782459,2026-07-15T05:50:25.586,154,0,3,0,8
156285.784798,2026-07-15T05:50:25.588,154,0,3,0,8
156285.787277,2026-07-15T05:50:25.591,154,0,3,0,8
156285.789695,2026-07-15T05:50:25.593,154,0,3,0,8
156285.792165,2026-07-15T05:50:25.595,154,0,3,0,8
156285.794766,2026-07-15T05:50:25.598,154,0,3,0,8
156285.797482,2026-07-15T05:50:25.601,154,0,3,0,8
156285.799894,2026-07-15T05:50:25.604,154,0,3,0,8
156285.802469,2026-07-15T05:50:25.606,154,0,3,0,8
156285.805167,2026-07-15T05:50:25.609,154,0,3,0,8
156285.807976,2026-07-15T05:50:25.611,154,0,3,0,8
156285.810773,2026-07-15T05:50:25.615,154,0,3,0,8
156285.813316,2026-07-15T05:50:25.617,154,0,3,0,8
156285.815842,2026-07-15T05:50:25.619,154,0,3,0,8
156285.818108,2026-07-15T05:50:25.622,154,0,3,0,8
156285.820643,2026-07-15T05:50:25.625,154,0,3,0,8
156285.823393,2026-07-15T05:50:25.627,154,0,3,0,8
156285.826450,2026-07-15T05:50:25.630,154,0,3,0,8
156285.829546,2026-07-15T05:50:25.633,154,0,3,0,8
156285.831577,2026-07-15T05:50:25.635,154,0,3,0,8
156285.833730,2026-07-15T05:50:25.638,154,0,3,0,8
156285.836040,2026-07-15T05:50:25.640,154,0,3,0,8
156285.838083,2026-07-15T05:50:25.641,154,0,3,0,8
156285.840470,2026-07-15T05:50:25.644,154,0,3,0,8
156285.842693,2026-07-15T05:50:25.646,154,0,3,0,8
156285.844785,2026-07-15T05:50:25.649,154,0,3,0,8
156285.846989,2026-07-15T05:50:25.651,154,0,3,0,8
156285.849593,2026-07-15T05:50:25.654,154,0,3,0,8
156285.851775,2026-07-15T05:50:25.655,154,0,3,0,8
156285.853815,2026-07-15T05:50:25.657,154,0,3,0,8
156285.855843,2026-07-15T05:50:25.660,154,0,3,0,8
156285.858028,2026-07-15T05:50:25.662,154,0,3,0,8
156285.860192,2026-07-15T05:50:25.664,154,0,3,0,8
156285.862636,2026-07-15T05:50:25.667,154,0,3,0,8
156285.864931,2026-07-15T05:50:25.669,154,0,3,0,8
156285.867442,2026-07-15T05:50:25.671,154,0,3,0,8
156285.869602,2026-07-15T05:50:25.674,154,0,3,0,8
156285.872069,2026-07-15T05:50:25.676,154,0,3,0,8
156285.874274,2026-07-15T05:50:25.678,154,0,3,0,8
156285.876276,2026-07-15T05:50:25.679,154,0,3,0,8
156285.878616,2026-07-15T05:50:25.682,154,0,3,0,8
156285.880812,2026-07-15T05:50:25.684,154,0,3,0,8
156285.883155,2026-07-15T05:50:25.687,154,0,3,0,8
156285.885759,2026-07-15T05:50:25.690,154,0,3,0,8
156285.888333,2026-07-15T05:50:25.692,154,0,3,0,8
156285.890344,2026-07-15T05:50:25.694,154,0,3,0,8
156285.892727,2026-07-15T05:50:25.696,154,0,3,0,8
156285.895410,2026-07-15T05:50:25.699,154,0,3,0,8
156285.897545,2026-07-15T05:50:25.702,154,0,3,0,8
156285.899702,2026-07-15T05:50:25.704,154,0,3,0,8
156285.902229,2026-07-15T05:50:25.706,154,0,3,0,8
156285.904583,2026-07-15T05:50:25.708,154,0,3,0,8
156285.906681,2026-07-15T05:50:25.710,154,0,3,0,8
156285.908921,2026-07-15T05:50:25.713,154,0,3,0,8
156285.911420,2026-07-15T05:50:25.715,154,0,3,0,8
156285.913549,2026-07-15T05:50:25.717,154,0,3,0,8
156285.916108,2026-07-15T05:50:25.720,154,0,3,0,8
156285.918380,2026-07-15T05:50:25.722,154,0,3,0,8
156285.920439,2026-07-15T05:50:25.724,154,0,3,0,8
156285.922480,2026-07-15T05:50:25.726,154,0,3,0,8
156285.924672,2026-07-15T05:50:25.729,154,0,3,0,8
156285.926683,2026-07-15T05:50:25.731,154,0,3,0,8
156285.928947,2026-07-15T05:50:25.732,154,0,3,0,8
156285.931359,2026-07-15T05:50:25.735,154,0,3,0,8
156285.933463,2026-07-15T05:50:25.737,154,0,3,0,8
156285.935641,2026-07-15T05:50:25.739,154,0,3,0,8
156285.937732,2026-07-15T05:50:25.741,154,0,3,0,8
156285.939778,2026-07-15T05:50:25.743,154,0,3,0,8
156285.941897,2026-07-15T05:50:25.745,154,0,3,0,8
156285.944889,2026-07-15T05:50:25.748,154,0,3,0,8
156285.947443,2026-07-15T05:50:25.751,154,0,3,0,8
156285.950088,2026-07-15T05:50:25.753,154,0,3,0,8
156285.952616,2026-07-15T05:50:25.756,154,0,3,0,8
156285.954882,2026-07-15T05:50:25.758,154,0,3,0,8
156285.957525,2026-07-15T05:50:25.761,154,0,3,0,8
156285.959975,2026-07-15T05:50:25.763,154,0,3,0,8
156285.963114,2026-07-15T05:50:25.766,154,0,3,0,8
156285.966657,2026-07-15T05:50:25.770,154,0,3,0,8
156285.969046,2026-07-15T05:50:25.773,154,0,3,0,8
156285.971474,2026-07-15T05:50:25.775,154,0,3,0,8
156285.974054,2026-07-15T05:50:25.778,154,0,3,0,8
156285.976493,2026-07-15T05:50:25.780,154,0,3,0,8
156285.979101,2026-07-15T05:50:25.783,154,0,3,0,8
156285.981709,2026-07-15T05:50:25.786,154,0,3,0,8
156285.983916,2026-07-15T05:50:25.788,154,0,3,0,8
156285.986167,2026-07-15T05:50:25.790,154,0,3,0,8
156285.988313,2026-07-15T05:50:25.792,154,0,3,0,8
156285.990963,2026-07-15T05:50:25.795,154,0,3,0,8
156285.993668,2026-07-15T05:50:25.798,154,0,3,0,8
156285.996045,2026-07-15T05:50:25.800,154,0,3,0,8
156285.998660,2026-07-15T05:50:25.803,154,0,3,0,8
156286.001283,2026-07-15T05:50:25.805,154,0,3,0,8
156286.003692,2026-07-15T05:50:25.808,154,0,3,0,8
156286.005782,2026-07-15T05:50:25.809,154,0,3,0,8
156286.007940,2026-07-15T05:50:25.811,154,0,3,0,8
156286.010186,2026-07-15T05:50:25.814,154,0,3,0,8
156286.012499,2026-07-15T05:50:25.815,154,0,3,0,8
156286.015285,2026-07-15T05:50:25.819,154,0,3,0,8
156286.017661,2026-07-15T05:50:25.821,113,0,3,0,8
156286.020018,2026-07-15T05:50:25.824,113,0,3,0,8
156286.022775,2026-07-15T05:50:25.827,113,0,3,0,8
156286.025107,2026-07-15T05:50:25.829,113,0,3,0,8
156286.027406,2026-07-15T05:50:25.831,113,0,3,0,8
156286.029470,2026-07-15T05:50:25.833,113,0,3,0,8
156286.032043,2026-07-15T05:50:25.835,113,0,3,0,8
156286.034482,2026-07-15T05:50:25.838,113,0,3,0,8
156286.036928,2026-07-15T05:50:25.840,113,0,3,0,8
156286.039063,2026-07-15T05:50:25.843,113,0,3,0,8
156286.041385,2026-07-15T05:50:25.845,113,0,3,0,8
156286.043824,2026-07-15T05:50:25.848,113,0,3,0,8
156286.046416,2026-07-15T05:50:25.850,113,0,3,0,8
156286.048973,2026-07-15T05:50:25.853,113,0,3,0,8
156286.050990,2026-07-15T05:50:25.855,113,0,3,0,8
156286.053020,2026-07-15T05:50:25.857,113,0,3,0,8
156286.055592,2026-07-15T05:50:25.860,113,0,3,0,8
156286.058119,2026-07-15T05:50:25.862,113,0,3,0,8
156286.060321,2026-07-15T05:50:25.864,113,0,3,0,8
156286.062363,2026-07-15T05:50:25.866,113,0,3,0,8
156286.064452,2026-07-15T05:50:25.868,113,0,3,0,8
156286.067077,2026-07-15T05:50:25.870,113,0,3,0,8
156286.069154,2026-07-15T05:50:25.873,113,0,3,0,8
156286.071201,2026-07-15T05:50:25.875,113,0,3,0,8
156286.073246,2026-07-15T05:50:25.877,113,0,3,0,8
156286.075458,2026-07-15T05:50:25.879,113,0,3,0,8
156286.077529,2026-07-15T05:50:25.881,113,0,3,0,8
156286.079534,2026-07-15T05:50:25.883,113,0,3,0,8
156286.081754,2026-07-15T05:50:25.885,113,0,3,0,8
156286.084101,2026-07-15T05:50:25.887,113,0,3,0,8
156286.086302,2026-07-15T05:50:25.890,113,0,3,0,8
156286.088830,2026-07-15T05:50:25.893,113,0,3,0,8
156286.091119,2026-07-15T05:50:25.895,113,0,3,0,8
156286.093757,2026-07-15T05:50:25.898,113,0,3,0,8
156286.095821,2026-07-15T05:50:25.900,113,0,3,0,8
156286.098266,2026-07-15T05:50:25.902,113,0,3,0,8
156286.100630,2026-07-15T05:50:25.905,113,0,3,0,8
156286.103251,2026-07-15T05:50:25.907,113,0,3,0,8
156286.105772,2026-07-15T05:50:25.910,113,0,3,0,8
156286.108007,2026-07-15T05:50:25.912,113,0,3,0,8
156286.110109,2026-07-15T05:50:25.914,113,0,3,0,8
156286.112392,2026-07-15T05:50:25.916,113,0,3,0,8
156286.114880,2026-07-15T05:50:25.919,113,0,3,0,8
156286.117235,2026-07-15T05:50:25.921,113,0,3,0,8
156286.119381,2026-07-15T05:50:25.923,113,0,3,0,8
156286.121734,2026-07-15T05:50:25.926,113,0,3,0,8
156286.123874,2026-07-15T05:50:25.928,113,0,3,0,8
156286.126328,2026-07-15T05:50:25.929,113,0,3,0,8
156286.128891,2026-07-15T05:50:25.933,113,0,3,0,8
156286.131456,2026-07-15T05:50:25.935,113,0,3,0,8
156286.134044,2026-07-15T05:50:25.937,113,0,3,0,8
156286.136737,2026-07-15T05:50:25.940,113,0,3,0,8
156286.139325,2026-07-15T05:50:25.943,113,0,3,0,8
156286.142012,2026-07-15T05:50:25.946,113,0,3,0,8
156286.144262,2026-07-15T05:50:25.948,113,0,3,0,8
156286.147206,2026-07-15T05:50:25.951,113,0,3,0,8
156286.149794,2026-07-15T05:50:25.954,113,0,3,0,8
156286.152135,2026-07-15T05:50:25.955,113,0,3,0,8
156286.154700,2026-07-15T05:50:25.958,113,0,3,0,8
156286.157394,2026-07-15T05:50:25.961,113,0,3,0,8
156286.159940,2026-07-15T05:50:25.964,113,0,3,0,8
156286.162344,2026-07-15T05:50:25.966,113,0,3,0,8
156286.164895,2026-07-15T05:50:25.969,113,0,3,0,8
156286.168884,2026-07-15T05:50:25.972,113,0,3,0,8
156286.171451,2026-07-15T05:50:25.975,113,0,3,0,8
156286.174183,2026-07-15T05:50:25.978,113,0,3,0,8
156286.176627,2026-07-15T05:50:25.979,113,0,3,0,8
156286.179170,2026-07-15T05:50:25.983,113,0,3,0,8
156286.181434,2026-07-15T05:50:25.984,113,0,3,0,8
156286.183928,2026-07-15T05:50:25.988,113,0,3,0,8
156286.186228,2026-07-15T05:50:25.989,113,0,3,0,8
156286.188365,2026-07-15T05:50:25.991,113,0,3,0,8
156286.191209,2026-07-15T05:50:25.995,113,0,3,0,8
156286.193440,2026-07-15T05:50:25.997,113,0,3,0,8
156286.196599,2026-07-15T05:50:26.001,113,0,3,0,8
156286.199359,2026-07-15T05:50:26.002,113,0,3,0,8
156286.202128,2026-07-15T05:50:26.005,113,0,3,0,8
156286.204763,2026-07-15T05:50:26.008,113,0,3,0,8
156286.207400,2026-07-15T05:50:26.010,113,0,3,0,8
156286.209639,2026-07-15T05:50:26.013,113,0,3,0,8
156286.212223,2026-07-15T05:50:26.016,113,0,3,0,8
156286.214737,2026-07-15T05:50:26.019,113,0,3,0,8
156286.217120,2026-07-15T05:50:26.020,113,0,3,0,8
156286.219415,2026-07-15T05:50:26.023,113,0,3,0,8
156286.222327,2026-07-15T05:50:26.026,113,0,3,0,8
156286.225742,2026-07-15T05:50:26.030,113,0,3,0,8
156286.228213,2026-07-15T05:50:26.032,113,0,3,0,8
156286.230542,2026-07-15T05:50:26.034,113,0,3,0,8
156286.232947,2026-07-15T05:50:26.036,113,0,3,0,8
156286.235638,2026-07-15T05:50:26.039,113,0,3,0,8
156286.238306,2026-07-15T05:50:26.042,113,0,3,0,8
156286.240700,2026-07-15T05:50:26.045,113,0,3,0,8
156286.243202,2026-07-15T05:50:26.047,113,0,3,0,8
156286.245544,2026-07-15T05:50:26.049,113,0,3,0,8
156286.247762,2026-07-15T05:50:26.051,113,0,3,0,8
156286.250440,2026-07-15T05:50:26.054,113,0,3,0,8
156286.253156,2026-07-15T05:50:26.057,113,0,3,0,8
156286.255563,2026-07-15T05:50:26.060,113,0,3,0,8
156286.258051,2026-07-15T05:50:26.062,113,0,3,0,8
156286.260240,2026-07-15T05:50:26.064,113,0,3,0,8
156286.262699,2026-07-15T05:50:26.067,71,0,3,0,8
156286.265266,2026-07-15T05:50:26.069,71,0,3,0,8
156286.268509,2026-07-15T05:50:26.072,71,0,3,0,8
156286.271675,2026-07-15T05:50:26.075,71,0,3,0,8
156286.274219,2026-07-15T05:50:26.077,71,0,3,0,8
156286.277291,2026-07-15T05:50:26.081,71,0,3,0,8
156286.279924,2026-07-15T05:50:26.084,71,0,3,0,8
156286.282967,2026-07-15T05:50:26.087,71,0,3,0,8
156286.285621,2026-07-15T05:50:26.090,71,0,3,0,8
156286.288225,2026-07-15T05:50:26.092,71,0,3,0,8
156286.290721,2026-07-15T05:50:26.094,71,0,3,0,8
156286.293288,2026-07-15T05:50:26.097,71,0,3,0,8
156286.295749,2026-07-15T05:50:26.100,71,0,3,0,8
156286.298559,2026-07-15T05:50:26.102,71,0,3,0,8
156286.301432,2026-07-15T05:50:26.105,71,0,3,0,8
156286.304321,2026-07-15T05:50:26.108,71,0,3,0,8
156286.306875,2026-07-15T05:50:26.110,71,0,3,0,8
156286.309122,2026-07-15T05:50:26.113,71,0,3,0,8
156286.311729,2026-07-15T05:50:26.115,71,0,3,0,8
156286.314435,2026-07-15T05:50:26.118,71,0,3,0,8
156286.316637,2026-07-15T05:50:26.121,71,0,3,0,8
156286.319294,2026-07-15T05:50:26.123,71,0,3,0,8
156286.321897,2026-07-15T05:50:26.125,71,0,3,0,8
156286.324476,2026-07-15T05:50:26.128,71,0,3,0,8
156286.327105,2026-07-15T05:50:26.131,71,0,3,0,8
156286.329869,2026-07-15T05:50:26.133,71,0,3,0,8
156286.332146,2026-07-15T05:50:26.136,71,0,3,0,8
156286.334806,2026-07-15T05:50:26.138,71,0,3,0,8
156286.337830,2026-07-15T05:50:26.142,71,0,3,0,8
156286.340294,2026-07-15T05:50:26.144,71,0,3,0,8
156286.342979,2026-07-15T05:50:26.146,71,0,3,0,8
156286.345513,2026-07-15T05:50:26.149,71,0,3,0,8
156286.348094,2026-07-15T05:50:26.152,71,0,3,0,8
156286.350876,2026-07-15T05:50:26.154,71,0,3,0,8
156286.353717,2026-07-15T05:50:26.158,71,0,3,0,8
156286.356170,2026-07-15T05:50:26.160,71,0,3,0,8
156286.358908,2026-07-15T05:50:26.162,71,0,3,0,8
156286.361649,2026-07-15T05:50:26.165,71,0,3,0,8
156286.364189,2026-07-15T05:50:26.168,71,0,3,0,8
156286.368791,2026-07-15T05:50:26.173,71,0,3,0,8
156286.371682,2026-07-15T05:50:26.176,71,0,3,0,8
156286.374471,2026-07-15T05:50:26.178,71,0,3,0,8
156286.377309,2026-07-15T05:50:26.181,71,0,3,0,8
156286.379447,2026-07-15T05:50:26.184,71,0,3,0,8
156286.382270,2026-07-15T05:50:26.186,71,0,3,0,8
156286.384883,2026-07-15T05:50:26.189,71,0,3,0,8
156286.387765,2026-07-15T05:50:26.191,71,0,3,0,8
156286.390908,2026-07-15T05:50:26.195,71,0,3,0,8
156286.393356,2026-07-15T05:50:26.197,71,0,3,0,8
156286.395882,2026-07-15T05:50:26.200,71,0,3,0,8
156286.398695,2026-07-15T05:50:26.202,71,0,3,0,8
156286.401734,2026-07-15T05:50:26.206,71,0,3,0,8
156286.404579,2026-07-15T05:50:26.209,71,0,3,0,8
156286.407119,2026-07-15T05:50:26.211,71,0,3,0,8
156286.410274,2026-07-15T05:50:26.213,71,0,3,0,8
156286.412860,2026-07-15T05:50:26.216,71,0,3,0,8
156286.415587,2026-07-15T05:50:26.219,71,0,3,0,8
156286.418317,2026-07-15T05:50:26.222,71,0,3,0,8
156286.420925,2026-07-15T05:50:26.225,71,0,3,0,8
156286.423441,2026-07-15T05:50:26.226,71,0,3,0,8
156286.426093,2026-07-15T05:50:26.229,71,0,3,0,8
156286.428128,2026-07-15T05:50:26.231,71,0,3,0,8
156286.430969,2026-07-15T05:50:26.235,71,0,3,0,8
156286.433079,2026-07-15T05:50:26.237,71,0,3,0,8
156286.435691,2026-07-15T05:50:26.239,71,0,3,0,8
156286.438025,2026-07-15T05:50:26.242,71,0,3,0,8
156286.440469,2026-07-15T05:50:26.244,71,0,3,0,8
156286.442667,2026-07-15T05:50:26.246,71,0,3,0,8
156286.445021,2026-07-15T05:50:26.248,71,0,3,0,8
156286.447749,2026-07-15T05:50:26.251,71,0,3,0,8
156286.450867,2026-07-15T05:50:26.255,71,0,3,0,8
156286.453533,2026-07-15T05:50:26.257,71,0,3,0,8
156286.456298,2026-07-15T05:50:26.259,71,0,3,0,8
156286.459185,2026-07-15T05:50:26.263,71,0,3,0,8
156286.461828,2026-07-15T05:50:26.265,71,0,3,0,8
156286.464578,2026-07-15T05:50:26.268,71,0,3,0,8
156286.467325,2026-07-15T05:50:26.271,71,0,3,0,8
156286.469920,2026-07-15T05:50:26.274,71,0,3,0,8
156286.472819,2026-07-15T05:50:26.276,71,0,3,0,8
156286.475562,2026-07-15T05:50:26.279,71,0,3,0,8
156286.477993,2026-07-15T05:50:26.282,71,0,3,0,8
156286.480818,2026-07-15T05:50:26.284,71,0,3,0,8
156286.483559,2026-07-15T05:50:26.287,71,0,3,0,8
156286.486008,2026-07-15T05:50:26.289,71,0,3,0,8
156286.488631,2026-07-15T05:50:26.292,71,0,3,0,8
156286.491337,2026-07-15T05:50:26.295,71,0,3,0,8
156286.494109,2026-07-15T05:50:26.298,71,0,3,0,8
156286.496734,2026-07-15T05:50:26.301,71,0,3,0,8
156286.499436,2026-07-15T05:50:26.303,71,0,3,0,8
156286.502028,2026-07-15T05:50:26.305,71,0,3,0,8
156286.504654,2026-07-15T05:50:26.308,71,0,3,0,8
156286.506791,2026-07-15T05:50:26.310,29,0,3,0,8
156286.509272,2026-07-15T05:50:26.313,29,0,3,0,8
156286.511304,2026-07-15T05:50:26.315,29,0,3,0,8
156286.513698,2026-07-15T05:50:26.318,29,0,3,0,8
156286.516137,2026-07-15T05:50:26.320,29,0,3,0,8
156286.518661,2026-07-15T05:50:26.323,29,0,3,0,8
156286.520824,2026-07-15T05:50:26.325,29,0,3,0,8
156286.523332,2026-07-15T05:50:26.327,29,0,3,0,8
156286.525437,2026-07-15T05:50:26.329,29,0,3,0,8
156286.527465,2026-07-15T05:50:26.330,29,0,3,0,8
156286.529829,2026-07-15T05:50:26.334,29,0,3,0,8
156286.532400,2026-07-15T05:50:26.336,29,0,3,0,8
156286.534460,2026-07-15T05:50:26.339,29,0,3,0,8
156286.536835,2026-07-15T05:50:26.341,29,0,3,0,8
156286.538850,2026-07-15T05:50:26.342,29,0,3,0,8
156286.541431,2026-07-15T05:50:26.345,29,0,3,0,8
156286.543752,2026-07-15T05:50:26.347,29,0,3,0,8
156286.546251,2026-07-15T05:50:26.350,29,0,3,0,8
156286.548326,2026-07-15T05:50:26.352,29,0,3,0,8
156286.550888,2026-07-15T05:50:26.355,29,0,3,0,8
156286.553124,2026-07-15T05:50:26.357,29,0,3,0,8
156286.555170,2026-07-15T05:50:26.359,29,0,3,0,8
156286.559207,2026-07-15T05:50:26.363,29,0,3,0,8
156286.561582,2026-07-15T05:50:26.365,29,0,3,0,8
156286.564074,2026-07-15T05:50:26.368,29,0,3,0,8
156286.567023,2026-07-15T05:50:26.371,29,0,3,0,8
156286.569429,2026-07-15T05:50:26.373,29,0,3,0,8
156286.571787,2026-07-15T05:50:26.375,29,0,3,0,8
156286.573945,2026-07-15T05:50:26.377,29,0,3,0,8
156286.576264,2026-07-15T05:50:26.380,29,0,3,0,8
156286.578349,2026-07-15T05:50:26.382,29,0,3,0,8
156286.580820,2026-07-15T05:50:26.385,29,0,3,0,8
156286.583115,2026-07-15T05:50:26.386,29,0,3,0,8
156286.585624,2026-07-15T05:50:26.390,29,0,3,0,8
156286.588333,2026-07-15T05:50:26.392,29,0,3,0,8
156286.590574,2026-07-15T05:50:26.394,29,0,3,0,8
156286.593122,2026-07-15T05:50:26.397,29,0,3,0,8
156286.595673,2026-07-15T05:50:26.399,29,0,3,0,8
156286.598175,2026-07-15T05:50:26.402,29,0,3,0,8
156286.600480,2026-07-15T05:50:26.404,29,0,3,0,8
156286.602651,2026-07-15T05:50:26.407,29,0,3,0,8
156286.605192,2026-07-15T05:50:26.409,29,0,3,0,8
156286.607536,2026-07-15T05:50:26.411,29,0,3,0,8
156286.609726,2026-07-15T05:50:26.413,29,0,3,0,8
156286.612160,2026-07-15T05:50:26.416,29,0,3,0,8
156286.614812,2026-07-15T05:50:26.418,29,0,3,0,8
156286.617147,2026-07-15T05:50:26.421,29,0,3,0,8
156286.619454,2026-07-15T05:50:26.422,29,0,3,0,8
156286.622051,2026-07-15T05:50:26.426,29,0,3,0,8
156286.624257,2026-07-15T05:50:26.428,29,0,3,0,8
156286.626485,2026-07-15T05:50:26.430,29,0,3,0,8
156286.628948,2026-07-15T05:50:26.432,29,0,3,0,8
156286.631049,2026-07-15T05:50:26.435,29,0,3,0,8
156286.633657,2026-07-15T05:50:26.438,29,0,3,0,8
156286.636212,2026-07-15T05:50:26.439,29,0,3,0,8
156286.638244,2026-07-15T05:50:26.441,29,0,3,0,8
156286.640320,2026-07-15T05:50:26.444,29,0,3,0,8
156286.643069,2026-07-15T05:50:26.447,29,0,3,0,8
156286.645581,2026-07-15T05:50:26.449,29,0,3,0,8
156286.647836,2026-07-15T05:50:26.451,29,0,3,0,8
156286.650412,2026-07-15T05:50:26.454,29,0,3,0,8
156286.653244,2026-07-15T05:50:26.457,29,0,3,0,8
156286.656433,2026-07-15T05:50:26.460,29,0,3,0,8
156286.658985,2026-07-15T05:50:26.463,29,0,3,0,8
156286.661774,2026-07-15T05:50:26.465,29,0,3,0,8
156286.664069,2026-07-15T05:50:26.467,29,0,3,0,8
156286.667307,2026-07-15T05:50:26.471,29,0,3,0,8
156286.670588,2026-07-15T05:50:26.474,29,0,3,0,8
156286.673759,2026-07-15T05:50:26.478,29,0,3,0,8
156286.676605,2026-07-15T05:50:26.480,29,0,3,0,8
156286.679202,2026-07-15T05:50:26.483,29,0,3,0,8
156286.681645,2026-07-15T05:50:26.485,29,0,3,0,8
156286.684459,2026-07-15T05:50:26.488,29,0,3,0,8
156286.687501,2026-07-15T05:50:26.491,29,0,3,0,8
156286.690769,2026-07-15T05:50:26.495,29,0,3,0,8
156286.693745,2026-07-15T05:50:26.497,29,0,3,0,8
156286.696348,2026-07-15T05:50:26.500,29,0,3,0,8
156286.699347,2026-07-15T05:50:26.503,29,0,3,0,8
156286.702731,2026-07-15T05:50:26.506,29,0,3,0,8
156286.704897,2026-07-15T05:50:26.508,29,0,3,0,8
156286.707575,2026-07-15T05:50:26.512,29,0,3,0,8
156286.710376,2026-07-15T05:50:26.513,29,0,3,0,8
156286.713533,2026-07-15T05:50:26.518,29,0,3,0,8
156286.717530,2026-07-15T05:50:26.522,29,0,3,0,8
156286.721181,2026-07-15T05:50:26.524,29,0,3,0,8
156286.724526,2026-07-15T05:50:26.528,29,0,3,0,8
156286.727303,2026-07-15T05:50:26.531,29,0,3,0,8
156286.729925,2026-07-15T05:50:26.533,29,0,3,0,8
156286.732908,2026-07-15T05:50:26.537,29,0,3,0,8
156286.735820,2026-07-15T05:50:26.539,29,0,3,0,8
156286.738987,2026-07-15T05:50:26.542,29,0,3,0,0
156286.742311,2026-07-15T05:50:26.546,3,3,3,0,0
156286.744626,2026-07-15T05:50:26.548,3,3,3,0,0
156286.747216,2026-07-15T05:50:26.551,3,3,3,0,0
156286.750267,2026-07-15T05:50:26.553,3,3,3,0,0
156286.753438,2026-07-15T05:50:26.557,3,3,3,0,0
156286.756404,2026-07-15T05:50:26.559,3,3,3,0,0
156286.759166,2026-07-15T05:50:26.562,3,3,3,0,0
156286.761486,2026-07-15T05:50:26.565,3,3,3,0,0
156286.764630,2026-07-15T05:50:26.569,3,3,3,0,0
156286.768332,2026-07-15T05:50:26.572,3,3,3,0,0
156286.771862,2026-07-15T05:50:26.575,3,3,3,0,0
156286.775435,2026-07-15T05:50:26.579,3,3,3,0,0
156286.778204,2026-07-15T05:50:26.582,3,3,3,0,0
156286.781189,2026-07-15T05:50:26.585,3,3,3,0,0
156286.784417,2026-07-15T05:50:26.588,3,3,3,0,0
156286.787454,2026-07-15T05:50:26.591,3,3,3,0,0
156286.790433,2026-07-15T05:50:26.593,3,3,3,0,0
156286.793016,2026-07-15T05:50:26.597,3,3,3,0,0
156286.795284,2026-07-15T05:50:26.599,3,3,3,0,0
156286.798245,2026-07-15T05:50:26.602,3,3,3,0,0
156286.800853,2026-07-15T05:50:26.605,3,3,3,0,0
156286.803915,2026-07-15T05:50:26.608,3,3,3,0,0
156286.806708,2026-07-15T05:50:26.611,3,3,3,0,0
156286.809252,2026-07-15T05:50:26.613,3,3,3,0,0
156286.812573,2026-07-15T05:50:26.616,3,3,3,0,0
156286.815314,2026-07-15T05:50:26.619,3,3,3,0,0
156286.817812,2026-07-15T05:50:26.621,3,3,3,0,0
156286.820451,2026-07-15T05:50:26.624,3,3,3,0,0
156286.823386,2026-07-15T05:50:26.627,3,3,3,0,0
156286.826107,2026-07-15T05:50:26.630,3,3,3,0,0
156286.828609,2026-07-15T05:50:26.632,3,3,3,0,0
156286.831125,2026-07-15T05:50:26.635,3,3,3,0,0
156286.833833,2026-07-15T05:50:26.638,3,3,3,0,0
156286.836781,2026-07-15T05:50:26.641,3,3,3,0,0
156286.839202,2026-07-15T05:50:26.643,3,3,3,0,0
156286.841927,2026-07-15T05:50:26.646,3,3,3,0,0
156286.844683,2026-07-15T05:50:26.648,3,3,3,0,0
156286.847338,2026-07-15T05:50:26.651,3,3,3,0,0
156286.850115,2026-07-15T05:50:26.654,3,3,3,0,0
156286.852921,2026-07-15T05:50:26.656,3,3,3,0,0
156286.855613,2026-07-15T05:50:26.659,3,3,3,0,0
156286.858436,2026-07-15T05:50:26.662,3,3,3,0,0
156286.860977,2026-07-15T05:50:26.664,3,3,3,0,0
156286.863443,2026-07-15T05:50:26.667,3,3,3,0,0
156286.866131,2026-07-15T05:50:26.669,3,3,3,0,0
156286.868690,2026-07-15T05:50:26.672,3,3,3,0,0
156286.871842,2026-07-15T05:50:26.675,3,3,3,0,0
156286.874776,2026-07-15T05:50:26.678,3,3,3,0,0
156286.877453,2026-07-15T05:50:26.681,3,3,3,0,0
156286.880100,2026-07-15T05:50:26.684,3,3,3,0,0
156286.882551,2026-07-15T05:50:26.686,3,3,3,0,0
156286.885114,2026-07-15T05:50:26.689,3,3,3,0,0
156286.887532,2026-07-15T05:50:26.691,3,3,3,0,0
156286.890157,2026-07-15T05:50:26.694,3,3,3,0,0
156286.892766,2026-07-15T05:50:26.697,3,3,3,0,0
156286.895311,2026-07-15T05:50:26.699,3,3,3,0,0
156286.897750,2026-07-15T05:50:26.702,3,3,3,0,0
156286.900220,2026-07-15T05:50:26.704,3,3,3,0,0
156286.902932,2026-07-15T05:50:26.706,3,3,3,0,0
156286.905666,2026-07-15T05:50:26.709,3,3,3,0,0
156286.908346,2026-07-15T05:50:26.712,3,3,3,0,0
156286.911107,2026-07-15T05:50:26.714,3,3,3,0,0
156286.913748,2026-07-15T05:50:26.717,3,3,3,0,0
156286.916714,2026-07-15T05:50:26.720,3,3,3,0,0
156286.919386,2026-07-15T05:50:26.723,3,3,3,0,0
156286.922309,2026-07-15T05:50:26.726,3,3,3,0,0
156286.925197,2026-07-15T05:50:26.729,3,3,3,0,0
156286.927818,2026-07-15T05:50:26.732,3,3,3,0,0
156286.930591,2026-07-15T05:50:26.735,3,3,3,0,0
156286.933214,2026-07-15T05:50:26.737,3,3,3,0,0
156286.936337,2026-07-15T05:50:26.740,3,3,3,0,0
156286.938554,2026-07-15T05:50:26.742,3,3,3,0,0
156286.941371,2026-07-15T05:50:26.745,3,3,3,0,0
156286.944319,2026-07-15T05:50:26.748,3,3,3,0,0
156286.947203,2026-07-15T05:50:26.751,3,3,3,0,0
156286.950184,2026-07-15T05:50:26.754,3,3,3,0,0
156286.952784,2026-07-15T05:50:26.756,3,3,3,0,0
156286.955515,2026-07-15T05:50:26.759,3,3,3,0,0
156286.958212,2026-07-15T05:50:26.762,3,3,3,0,0
156286.960869,2026-07-15T05:50:26.765,3,3,3,0,0
156286.963407,2026-07-15T05:50:26.767,3,3,3,0,0
156286.966127,2026-07-15T05:50:26.770,3,3,3,0,0
156286.968413,2026-07-15T05:50:26.772,3,3,3,0,0
156286.972874,2026-07-15T05:50:26.777,3,3,3,0,0
156286.975467,2026-07-15T05:50:26.779,3,3,3,0,0
156286.978027,2026-07-15T05:50:26.782,3,3,3,0,0
156286.980653,2026-07-15T05:50:26.785,3,3,3,0,0
156286.983319,2026-07-15T05:50:26.787,3,3,3,0,0
156286.986214,2026-07-15T05:50:26.789,3,3,3,0,0
156286.988822,2026-07-15T05:50:26.793,3,3,3,0,0
156286.991653,2026-07-15T05:50:26.795,3,3,3,0,0
156286.994367,2026-07-15T05:50:26.798,3,3,3,0,0
156286.996738,2026-07-15T05:50:26.801,3,3,3,0,0
156286.999371,2026-07-15T05:50:26.803,3,3,3,0,0
156287.001797,2026-07-15T05:50:26.806,3,3,3,0,0
156287.004297,2026-07-15T05:50:26.808,3,3,3,0,0
156287.006774,2026-07-15T05:50:26.811,3,3,3,0,0
156287.009313,2026-07-15T05:50:26.813,3,3,3,0,0
156287.011823,2026-07-15T05:50:26.816,3,3,3,0,0
156287.014315,2026-07-15T05:50:26.818,3,3,3,0,0
156287.016344,2026-07-15T05:50:26.820,3,3,3,0,0
156287.018459,2026-07-15T05:50:26.822,3,3,3,0,0
156287.020928,2026-07-15T05:50:26.824,3,3,3,0,0
156287.023414,2026-07-15T05:50:26.827,3,3,3,0,0
156287.025953,2026-07-15T05:50:26.829,3,3,3,0,0
156287.028359,2026-07-15T05:50:26.832,3,3,3,0,0
156287.031294,2026-07-15T05:50:26.834,3,3,3,0,0
156287.033622,2026-07-15T05:50:26.838,3,3,3,0,0
156287.036084,2026-07-15T05:50:26.840,3,3,3,0,0
156287.038578,2026-07-15T05:50:26.843,3,3,3,0,0
156287.041211,2026-07-15T05:50:26.845,3,3,3,0,0
156287.043648,2026-07-15T05:50:26.848,3,3,3,0,0
156287.048652,2026-07-15T05:50:26.853,3,3,3,0,0
156287.051574,2026-07-15T05:50:26.855,3,3,3,0,0
156287.054235,2026-07-15T05:50:26.857,3,3,3,0,0
156287.057118,2026-07-15T05:50:26.860,3,3,3,0,0
156287.059890,2026-07-15T05:50:26.863,3,3,3,0,0
156287.062754,2026-07-15T05:50:26.866,3,3,3,0,0
156287.065560,2026-07-15T05:50:26.869,3,3,3,0,0
156287.068292,2026-07-15T05:50:26.871,3,3,3,0,0
156287.071817,2026-07-15T05:50:26.875,3,3,3,0,0
156287.074597,2026-07-15T05:50:26.878,3,3,3,0,0
156287.077425,2026-07-15T05:50:26.881,3,3,3,0,0
156287.080338,2026-07-15T05:50:26.884,3,3,3,0,0
156287.083151,2026-07-15T05:50:26.886,3,3,3,0,0
156287.085794,2026-07-15T05:50:26.889,3,3,3,0,0
156287.088553,2026-07-15T05:50:26.892,3,3,3,0,0
156287.091171,2026-07-15T05:50:26.895,3,3,3,0,0
156287.093588,2026-07-15T05:50:26.897,3,3,3,0,0
156287.096351,2026-07-15T05:50:26.900,3,3,3,0,0
156287.099134,2026-07-15T05:50:26.903,3,3,3,0,0
156287.101759,2026-07-15T05:50:26.905,3,3,3,0,0
156287.104567,2026-07-15T05:50:26.908,3,3,3,0,0
156287.107438,2026-07-15T05:50:26.911,3,3,3,0,0
156287.110243,2026-07-15T05:50:26.914,3,3,3,0,0
156287.113000,2026-07-15T05:50:26.917,3,3,3,0,0
156287.115906,2026-07-15T05:50:26.920,3,3,3,0,0
156287.118709,2026-07-15T05:50:26.922,3,3,3,0,0
156287.121650,2026-07-15T05:50:26.925,3,3,3,0,0
156287.124707,2026-07-15T05:50:26.928,3,3,3,0,0
156287.127764,2026-07-15T05:50:26.931,3,3,3,0,0
156287.130670,2026-07-15T05:50:26.934,3,3,3,0,0
156287.133388,2026-07-15T05:50:26.937,3,3,3,0,0
156287.136350,2026-07-15T05:50:26.940,3,3,3,0,0
156287.139222,2026-07-15T05:50:26.943,3,3,3,0,0
156287.142037,2026-07-15T05:50:26.946,3,3,3,0,0
156287.144667,2026-07-15T05:50:26.948,3,3,3,0,0
156287.147508,2026-07-15T05:50:26.951,3,3,3,0,0
156287.150328,2026-07-15T05:50:26.954,3,3,3,0,0
156287.153106,2026-07-15T05:50:26.957,3,3,3,0,0
156287.155751,2026-07-15T05:50:26.960,3,3,3,0,0
156287.158316,2026-07-15T05:50:26.962,3,3,3,0,0
156287.161073,2026-07-15T05:50:26.965,3,3,3,0,0
156287.163758,2026-07-15T05:50:26.968,3,3,3,0,0
156287.166572,2026-07-15T05:50:26.970,3,3,3,0,0
156287.169556,2026-07-15T05:50:26.973,3,3,3,0,0
156287.172400,2026-07-15T05:50:26.976,3,3,3,0,0
156287.175276,2026-07-15T05:50:26.978,3,3,3,0,0
156287.178070,2026-07-15T05:50:26.981,3,3,3,0,0
156287.180811,2026-07-15T05:50:26.984,3,3,3,0,0
156287.183601,2026-07-15T05:50:26.987,3,3,3,0,0
156287.186046,2026-07-15T05:50:26.989,3,3,3,0,0
156287.188317,2026-07-15T05:50:26.992,3,3,3,0,0
156287.191163,2026-07-15T05:50:26.995,3,3,3,0,0
156287.193838,2026-07-15T05:50:26.998,3,3,3,0,0
156287.196199,2026-07-15T05:50:27.000,3,3,3,0,0
156287.199134,2026-07-15T05:50:27.003,3,3,3,0,0
156287.201908,2026-07-15T05:50:27.006,3,3,3,0,0
156287.204536,2026-07-15T05:50:27.008,3,3,3,0,0
156287.207230,2026-07-15T05:50:27.011,3,3,3,0,0
156287.210115,2026-07-15T05:50:27.014,3,3,3,0,0
156287.212437,2026-07-15T05:50:27.016,3,3,3,0,0
156287.215226,2026-07-15T05:50:27.019,3,3,3,0,0
156287.217950,2026-07-15T05:50:27.021,3,3,3,0,0
156287.221078,2026-07-15T05:50:27.024,3,3,3,0,0
156287.223771,2026-07-15T05:50:27.028,3,3,3,0,0
156287.226498,2026-07-15T05:50:27.030,3,3,3,0,0
156287.230108,2026-07-15T05:50:27.034,3,3,3,0,0
156287.232302,2026-07-15T05:50:27.036,3,3,3,0,0
156287.234966,2026-07-15T05:50:27.039,3,3,3,0,0
156287.237798,2026-07-15T05:50:27.042,3,3,3,0,0
156287.240447,2026-07-15T05:50:27.044,3,3,3,0,0
156287.243248,2026-07-15T05:50:27.047,3,3,3,0,0
156287.245909,2026-07-15T05:50:27.049,3,3,3,0,0
156287.248198,2026-07-15T05:50:27.052,3,3,3,0,0
156287.250649,2026-07-15T05:50:27.053,3,3,3,0,0
156287.253151,2026-07-15T05:50:27.057,3,3,3,0,0
156287.255614,2026-07-15T05:50:27.059,3,3,3,0,0
156287.257980,2026-07-15T05:50:27.062,3,3,3,0,0
156287.260729,2026-07-15T05:50:27.063,3,3,3,0,0
156287.262837,2026-07-15T05:50:27.067,3,3,3,0,0
156287.265036,2026-07-15T05:50:27.068,3,3,3,0,0
156287.267468,2026-07-15T05:50:27.070,3,3,3,0,0
156287.270337,2026-07-15T05:50:27.073,3,3,3,0,0
156287.273345,2026-07-15T05:50:27.076,3,3,3,0,0
156287.275992,2026-07-15T05:50:27.079,3,3,3,0,0
156287.278514,2026-07-15T05:50:27.082,3,3,3,0,0
156287.281461,2026-07-15T05:50:27.084,3,3,3,0,0
156287.284421,2026-07-15T05:50:27.087,3,3,3,0,0
156287.287276,2026-07-15T05:50:27.091,3,3,3,0,0
156287.290272,2026-07-15T05:50:27.094,3,3,3,0,0
156287.293260,2026-07-15T05:50:27.097,3,3,3,0,0
156287.295663,2026-07-15T05:50:27.100,3,3,3,0,0
156287.298813,2026-07-15T05:50:27.103,3,3,3,0,0
156287.301456,2026-07-15T05:50:27.105,3,3,3,0,0
156287.304372,2026-07-15T05:50:27.107,3,3,3,0,0
156287.306651,2026-07-15T05:50:27.111,3,3,3,0,0
156287.309392,2026-07-15T05:50:27.113,3,3,3,0,0
156287.312090,2026-07-15T05:50:27.115,3,3,3,0,0
156287.314410,2026-07-15T05:50:27.118,3,3,3,0,0
156287.317134,2026-07-15T05:50:27.121,3,3,3,0,0
156287.320102,2026-07-15T05:50:27.123,3,3,3,0,0
156287.322377,2026-07-15T05:50:27.126,3,3,3,0,0
156287.324626,2026-07-15T05:50:27.128,3,3,3,0,0
156287.326858,2026-07-15T05:50:27.130,3,3,3,0,0
156287.329699,2026-07-15T05:50:27.134,3,3,3,0,0
156287.332696,2026-07-15T05:50:27.137,3,3,3,0,0
156287.335622,2026-07-15T05:50:27.140,3,3,3,0,0
156287.338255,2026-07-15T05:50:27.142,3,3,3,0,0
156287.340867,2026-07-15T05:50:27.144,3,3,3,0,0
156287.344286,2026-07-15T05:50:27.148,3,3,3,0,0
156287.346437,2026-07-15T05:50:27.150,3,3,3,0,0
156287.349443,2026-07-15T05:50:27.153,3,3,3,0,0
156287.352253,2026-07-15T05:50:27.156,3,3,3,0,0
156287.355028,2026-07-15T05:50:27.158,3,3,3,0,0
156287.357890,2026-07-15T05:50:27.162,3,3,3,0,0
156287.360281,2026-07-15T05:50:27.163,3,3,3,0,0
156287.362763,2026-07-15T05:50:27.166,3,3,3,0,0
156287.365500,2026-07-15T05:50:27.170,3,3,3,0,0
156287.368357,2026-07-15T05:50:27.172,3,3,3,0,0
156287.374216,2026-07-15T05:50:27.178,3,3,3,0,0
156287.376771,2026-07-15T05:50:27.180,3,3,3,0,0
156287.378788,2026-07-15T05:50:27.182,3,3,3,0,0
156287.381269,2026-07-15T05:50:27.185,3,3,3,0,0
156287.384331,2026-07-15T05:50:27.188,3,3,3,0,0
156287.386713,2026-07-15T05:50:27.190,3,3,3,0,0
156287.389010,2026-07-15T05:50:27.192,3,3,3,0,0
156287.391725,2026-07-15T05:50:27.196,3,3,3,0,0
156287.394288,2026-07-15T05:50:27.198,3,3,3,0,0
156287.396662,2026-07-15T05:50:27.201,3,3,3,0,0
156287.399452,2026-07-15T05:50:27.203,3,3,3,0,0
156287.402380,2026-07-15T05:50:27.206,3,3,3,0,0
156287.405226,2026-07-15T05:50:27.208,3,3,3,0,0
156287.408196,2026-07-15T05:50:27.212,3,3,3,0,0
156287.410296,2026-07-15T05:50:27.214,3,3,3,0,0
156287.412440,2026-07-15T05:50:27.216,3,3,3,0,0
156287.415157,2026-07-15T05:50:27.219,3,3,3,0,0
156287.417810,2026-07-15T05:50:27.222,3,3,3,0,0
156287.420347,2026-07-15T05:50:27.224,3,3,3,0,0
156287.422686,2026-07-15T05:50:27.226,3,3,3,0,0
156287.425110,2026-07-15T05:50:27.228,3,3,3,0,0
156287.427532,2026-07-15T05:50:27.231,3,3,3,0,0
156287.430152,2026-07-15T05:50:27.234,3,3,3,0,0
156287.435213,2026-07-15T05:50:27.239,3,3,3,0,0
156287.437400,2026-07-15T05:50:27.241,3,3,3,0,0
156287.440104,2026-07-15T05:50:27.243,3,3,3,0,0
156287.443001,2026-07-15T05:50:27.247,3,3,3,0,0
156287.445704,2026-07-15T05:50:27.249,3,3,3,0,0
156287.448003,2026-07-15T05:50:27.252,3,3,3,0,0
156287.450550,2026-07-15T05:50:27.254,3,3,3,0,0
156287.453101,2026-07-15T05:50:27.257,3,3,3,0,0
156287.455290,2026-07-15T05:50:27.258,3,3,3,0,0
156287.458071,2026-07-15T05:50:27.262,3,3,3,0,0
156287.460531,2026-07-15T05:50:27.264,3,3,3,0,0
156287.463125,2026-07-15T05:50:27.267,3,3,3,0,0
156287.465360,2026-07-15T05:50:27.269,3,3,3,0,0
156287.467660,2026-07-15T05:50:27.271,3,3,3,0,0
156287.470324,2026-07-15T05:50:27.273,3,3,3,0,0
156287.472965,2026-07-15T05:50:27.276,3,3,3,0,0
156287.475417,2026-07-15T05:50:27.279,3,3,3,0,0
156287.477937,2026-07-15T05:50:27.282,3,3,3,0,0
156287.480093,2026-07-15T05:50:27.284,3,3,3,0,0
156287.483051,2026-07-15T05:50:27.287,3,3,3,0,0
156287.485377,2026-07-15T05:50:27.289,3,3,3,0,0
156287.487770,2026-07-15T05:50:27.291,3,3,3,0,0
156287.490217,2026-07-15T05:50:27.293,3,3,3,0,0
156287.492592,2026-07-15T05:50:27.296,3,3,3,0,0
156287.494679,2026-07-15T05:50:27.299,3,3,3,0,0
156287.497105,2026-07-15T05:50:27.301,3,3,3,0,0
156287.500030,2026-07-15T05:50:27.304,3,3,3,0,0
156287.502781,2026-07-15T05:50:27.307,3,3,3,0,0
156287.505523,2026-07-15T05:50:27.309,3,3,3,0,0
156287.508357,2026-07-15T05:50:27.312,3,3,3,0,0
156287.510643,2026-07-15T05:50:27.314,3,3,3,0,0
156287.513291,2026-07-15T05:50:27.317,3,3,3,0,0
156287.515799,2026-07-15T05:50:27.319,3,3,3,0,0
156287.518152,2026-07-15T05:50:27.322,3,3,3,0,0
156287.520689,2026-07-15T05:50:27.325,3,3,3,0,0
156287.522990,2026-07-15T05:50:27.327,3,3,3,0,0
156287.525490,2026-07-15T05:50:27.329,3,3,3,0,0
156287.528304,2026-07-15T05:50:27.332,3,3,3,0,0
156287.530726,2026-07-15T05:50:27.334,3,3,3,0,0
156287.532963,2026-07-15T05:50:27.337,3,3,3,0,0
156287.535552,2026-07-15T05:50:27.340,3,3,3,0,0
156287.538770,2026-07-15T05:50:27.343,3,3,3,0,0
156287.541303,2026-07-15T05:50:27.345,3,3,3,0,0
156287.543722,2026-07-15T05:50:27.347,3,3,3,0,0
156287.546553,2026-07-15T05:50:27.350,3,3,3,0,0
156287.549466,2026-07-15T05:50:27.353,3,3,3,0,0
156287.551863,2026-07-15T05:50:27.355,3,3,3,0,0
156287.554510,2026-07-15T05:50:27.358,3,3,3,0,0
156287.557214,2026-07-15T05:50:27.360,3,3,3,0,0
156287.559899,2026-07-15T05:50:27.363,3,3,3,0,0
156287.562575,2026-07-15T05:50:27.366,3,3,3,0,0
156287.565018,2026-07-15T05:50:27.369,3,3,3,0,0
156287.568045,2026-07-15T05:50:27.371,3,3,3,0,0
156287.570812,2026-07-15T05:50:27.375,3,3,3,0,0
156287.573388,2026-07-15T05:50:27.377,3,3,3,0,7
156287.576418,2026-07-15T05:50:27.380,17,0,3,0,7
156287.578937,2026-07-15T05:50:27.382,17,0,3,0,7
156287.581726,2026-07-15T05:50:27.385,17,0,3,0,7
156287.583952,2026-07-15T05:50:27.387,17,0,3,0,7
156287.586591,2026-07-15T05:50:27.390,17,0,3,0,7
156287.591066,2026-07-15T05:50:27.394,17,0,3,0,7
156287.593994,2026-07-15T05:50:27.397,17,0,3,0,7
156287.596570,2026-07-15T05:50:27.400,17,0,3,0,7
156287.599229,2026-07-15T05:50:27.403,17,0,3,0,7
156287.602080,2026-07-15T05:50:27.405,17,0,3,0,7
156287.604669,2026-07-15T05:50:27.408,17,0,3,0,7
156287.607477,2026-07-15T05:50:27.411,17,0,3,0,7
156287.610268,2026-07-15T05:50:27.413,17,0,3,0,7
156287.612654,2026-07-15T05:50:27.416,17,0,3,0,7
156287.615148,2026-07-15T05:50:27.419,17,0,3,0,7
156287.617873,2026-07-15T05:50:27.421,17,0,3,0,7
156287.620296,2026-07-15T05:50:27.424,17,0,3,0,7
156287.622887,2026-07-15T05:50:27.426,17,0,3,0,7
156287.625342,2026-07-15T05:50:27.429,17,0,3,0,7
156287.627709,2026-07-15T05:50:27.431,17,0,3,0,7
156287.630285,2026-07-15T05:50:27.434,17,0,3,0,7
156287.632735,2026-07-15T05:50:27.437,17,0,3,0,7
156287.635233,2026-07-15T05:50:27.439,17,0,3,0,7
156287.637974,2026-07-15T05:50:27.442,17,0,3,0,7
156287.640590,2026-07-15T05:50:27.444,17,0,3,0,7
156287.643155,2026-07-15T05:50:27.446,17,0,3,0,7
156287.645652,2026-07-15T05:50:27.450,17,0,3,0,7
156287.648266,2026-07-15T05:50:27.452,17,0,3,0,7
156287.650393,2026-07-15T05:50:27.454,17,0,3,0,7
156287.653071,2026-07-15T05:50:27.456,17,0,3,0,7
156287.655493,2026-07-15T05:50:27.459,17,0,3,0,7
156287.657531,2026-07-15T05:50:27.461,17,0,3,0,7
156287.660019,2026-07-15T05:50:27.464,17,0,3,0,7
156287.662524,2026-07-15T05:50:27.466,17,0,3,0,7
156287.664908,2026-07-15T05:50:27.468,17,0,3,0,7
156287.667247,2026-07-15T05:50:27.471,17,0,3,0,7
156287.669449,2026-07-15T05:50:27.473,17,0,3,0,7
156287.671605,2026-07-15T05:50:27.475,17,0,3,0,7
156287.674300,2026-07-15T05:50:27.478,17,0,3,0,7
156287.676896,2026-07-15T05:50:27.481,17,0,3,0,7
156287.679647,2026-07-15T05:50:27.483,17,0,3,0,7
156287.682100,2026-07-15T05:50:27.486,17,0,3,0,7
156287.684649,2026-07-15T05:50:27.488,17,0,3,0,7
156287.687059,2026-07-15T05:50:27.491,17,0,3,0,7
156287.689723,2026-07-15T05:50:27.494,17,0,3,0,7
156287.692409,2026-07-15T05:50:27.496,17,0,3,0,7
156287.694918,2026-07-15T05:50:27.499,17,0,3,0,7
156287.697808,2026-07-15T05:50:27.502,17,0,3,0,7
156287.700313,2026-07-15T05:50:27.504,17,0,3,0,7
156287.702904,2026-07-15T05:50:27.507,17,0,3,0,7
156287.706040,2026-07-15T05:50:27.509,17,0,3,0,7
156287.708065,2026-07-15T05:50:27.511,17,0,3,0,7
156287.710553,2026-07-15T05:50:27.514,17,0,3,0,7
156287.713184,2026-07-15T05:50:27.517,17,0,3,0,7
156287.716162,2026-07-15T05:50:27.520,17,0,3,0,7
156287.718392,2026-07-15T05:50:27.522,17,0,3,0,7
156287.721024,2026-07-15T05:50:27.525,17,0,3,0,7
156287.723636,2026-07-15T05:50:27.528,17,0,3,0,7
156287.726274,2026-07-15T05:50:27.530,17,0,3,0,7
156287.728658,2026-07-15T05:50:27.532,17,0,3,0,7
156287.731431,2026-07-15T05:50:27.535,17,0,3,0,7
156287.734104,2026-07-15T05:50:27.538,17,0,3,0,7
156287.736875,2026-07-15T05:50:27.540,17,0,3,0,7
156287.739487,2026-07-15T05:50:27.543,17,0,3,0,7
156287.742352,2026-07-15T05:50:27.546,17,0,3,0,7
156287.745081,2026-07-15T05:50:27.548,17,0,3,0,7
156287.747512,2026-07-15T05:50:27.551,17,0,3,0,7
156287.750207,2026-07-15T05:50:27.553,17,0,3,0,7
156287.752543,2026-07-15T05:50:27.556,17,0,3,0,7
156287.755210,2026-07-15T05:50:27.559,17,0,3,0,7
156287.757868,2026-07-15T05:50:27.562,17,0,3,0,7
156287.760568,2026-07-15T05:50:27.564,17,0,3,0,7
156287.762775,2026-07-15T05:50:27.566,17,0,3,0,7
156287.764826,2026-07-15T05:50:27.568,17,0,3,0,7
156287.767404,2026-07-15T05:50:27.571,17,0,3,0,7
156287.769853,2026-07-15T05:50:27.573,17,0,3,0,7
156287.772687,2026-07-15T05:50:27.577,17,0,3,0,7
156287.775783,2026-07-15T05:50:27.579,17,0,3,0,7
156287.778789,2026-07-15T05:50:27.582,17,0,3,0,7
156287.781443,2026-07-15T05:50:27.585,17,0,3,0,7
156287.784298,2026-07-15T05:50:27.588,17,0,3,0,7
156287.787332,2026-07-15T05:50:27.591,17,0,3,0,7
156287.789871,2026-07-15T05:50:27.594,17,0,3,0,7
156287.792412,2026-07-15T05:50:27.596,17,0,3,0,7
156287.795065,2026-07-15T05:50:27.599,17,0,3,0,7
156287.797696,2026-07-15T05:50:27.602,17,0,3,0,7
156287.800495,2026-07-15T05:50:27.604,17,0,3,0,7
156287.803135,2026-07-15T05:50:27.606,17,0,3,0,7
156287.805855,2026-07-15T05:50:27.609,17,0,3,0,7
156287.808747,2026-07-15T05:50:27.612,17,0,3,0,7
156287.811073,2026-07-15T05:50:27.615,17,0,3,0,7
156287.813814,2026-07-15T05:50:27.617,17,0,3,0,7
156287.816533,2026-07-15T05:50:27.620,17,0,3,0,7
156287.819297,2026-07-15T05:50:27.623,59,0,3,0,8
156287.821924,2026-07-15T05:50:27.626,59,0,3,0,8
156287.824850,2026-07-15T05:50:27.629,59,0,3,0,8
156287.827447,2026-07-15T05:50:27.631,59,0,3,0,8
156287.830149,2026-07-15T05:50:27.633,59,0,3,0,8
156287.832906,2026-07-15T05:50:27.637,59,0,3,0,8
156287.836224,2026-07-15T05:50:27.640,59,0,3,0,8
156287.838421,2026-07-15T05:50:27.642,59,0,3,0,8
156287.841369,2026-07-15T05:50:27.644,59,0,3,0,8
156287.844247,2026-07-15T05:50:27.648,59,0,3,0,8
156287.848325,2026-07-15T05:50:27.652,59,0,3,0,8
156287.851262,2026-07-15T05:50:27.655,59,0,3,0,8
156287.854121,2026-07-15T05:50:27.658,59,0,3,0,8
156287.856984,2026-07-15T05:50:27.660,59,0,3,0,8
156287.859578,2026-07-15T05:50:27.663,59,0,3,0,8
156287.862063,2026-07-15T05:50:27.666,59,0,3,0,8
156287.864717,2026-07-15T05:50:27.668,59,0,3,0,8
156287.867221,2026-07-15T05:50:27.670,59,0,3,0,8
156287.870170,2026-07-15T05:50:27.673,59,0,3,0,8
156287.873779,2026-07-15T05:50:27.678,59,0,3,0,8
156287.876480,2026-07-15T05:50:27.680,59,0,3,0,8
156287.879000,2026-07-15T05:50:27.682,59,0,3,0,8
156287.881423,2026-07-15T05:50:27.685,59,0,3,0,8
156287.883774,2026-07-15T05:50:27.687,59,0,3,0,8
156287.886066,2026-07-15T05:50:27.690,59,0,3,0,8
156287.888342,2026-07-15T05:50:27.692,59,0,3,0,8
156287.890703,2026-07-15T05:50:27.695,59,0,3,0,8
156287.892929,2026-07-15T05:50:27.697,59,0,3,0,8
156287.895345,2026-07-15T05:50:27.699,59,0,3,0,8
156287.897795,2026-07-15T05:50:27.701,59,0,3,0,8
156287.900609,2026-07-15T05:50:27.704,59,0,3,0,8
156287.902958,2026-07-15T05:50:27.707,59,0,3,0,8
156287.905510,2026-07-15T05:50:27.709,59,0,3,0,8
156287.907646,2026-07-15T05:50:27.711,59,0,3,0,8
156287.910295,2026-07-15T05:50:27.714,59,0,3,0,8
156287.912598,2026-07-15T05:50:27.716,59,0,3,0,8
156287.915112,2026-07-15T05:50:27.719,59,0,3,0,8
156287.917654,2026-07-15T05:50:27.721,59,0,3,0,8
156287.920162,2026-07-15T05:50:27.724,59,0,3,0,8
156287.922334,2026-07-15T05:50:27.726,59,0,3,0,8
156287.924764,2026-07-15T05:50:27.728,59,0,3,0,8
156287.926781,2026-07-15T05:50:27.730,59,0,3,0,8
156287.929133,2026-07-15T05:50:27.733,59,0,3,0,8
156287.931331,2026-07-15T05:50:27.735,59,0,3,0,8
156287.933885,2026-07-15T05:50:27.738,59,0,3,0,8
156287.936756,2026-07-15T05:50:27.741,59,0,3,0,8
156287.939015,2026-07-15T05:50:27.743,59,0,3,0,8
156287.941717,2026-07-15T05:50:27.745,59,0,3,0,8
156287.944227,2026-07-15T05:50:27.748,59,0,3,0,8
156287.946809,2026-07-15T05:50:27.751,59,0,3,0,8
156287.949280,2026-07-15T05:50:27.752,59,0,3,0,8
156287.952502,2026-07-15T05:50:27.756,59,0,3,0,8
156287.954763,2026-07-15T05:50:27.758,59,0,3,0,8
156287.957245,2026-07-15T05:50:27.761,59,0,3,0,8
156287.959960,2026-07-15T05:50:27.764,59,0,3,0,8
156287.962702,2026-07-15T05:50:27.766,59,0,3,0,8
156287.965376,2026-07-15T05:50:27.769,59,0,3,0,8
156287.967546,2026-07-15T05:50:27.771,59,0,3,0,8
156287.970013,2026-07-15T05:50:27.774,59,0,3,0,8
156287.972680,2026-07-15T05:50:27.777,59,0,3,0,8
156287.977667,2026-07-15T05:50:27.782,59,0,3,0,8
156287.980063,2026-07-15T05:50:27.783,59,0,3,0,8
156287.982754,2026-07-15T05:50:27.787,59,0,3,0,8
156287.985408,2026-07-15T05:50:27.789,59,0,3,0,8
156287.988157,2026-07-15T05:50:27.791,59,0,3,0,8
156287.990980,2026-07-15T05:50:27.795,59,0,3,0,8
156287.993524,2026-07-15T05:50:27.797,59,0,3,0,8
156287.995781,2026-07-15T05:50:27.800,59,0,3,0,8
156287.997833,2026-07-15T05:50:27.801,59,0,3,0,8
156288.000053,2026-07-15T05:50:27.804,59,0,3,0,8
156288.002187,2026-07-15T05:50:27.806,59,0,3,0,8
156288.004643,2026-07-15T05:50:27.808,59,0,3,0,8
156288.007241,2026-07-15T05:50:27.810,59,0,3,0,8
156288.009864,2026-07-15T05:50:27.814,59,0,3,0,8
156288.012609,2026-07-15T05:50:27.816,59,0,3,0,8
156288.014914,2026-07-15T05:50:27.818,59,0,3,0,8
156288.017517,2026-07-15T05:50:27.821,59,0,3,0,8
156288.020471,2026-07-15T05:50:27.824,59,0,3,0,8
156288.023202,2026-07-15T05:50:27.826,59,0,3,0,8
156288.025700,2026-07-15T05:50:27.829,59,0,3,0,8
156288.028680,2026-07-15T05:50:27.832,59,0,3,0,8
156288.030850,2026-07-15T05:50:27.835,59,0,3,0,8
156288.033340,2026-07-15T05:50:27.837,59,0,3,0,8
156288.035757,2026-07-15T05:50:27.839,59,0,3,0,8
156288.038290,2026-07-15T05:50:27.842,59,0,3,0,8
156288.040639,2026-07-15T05:50:27.845,59,0,3,0,8
156288.043276,2026-07-15T05:50:27.847,59,0,3,0,8
156288.045740,2026-07-15T05:50:27.849,59,0,3,0,8
156288.048061,2026-07-15T05:50:27.852,59,0,3,0,8
156288.050194,2026-07-15T05:50:27.854,59,0,3,0,8
156288.052958,2026-07-15T05:50:27.856,59,0,3,0,8
156288.055603,2026-07-15T05:50:27.860,59,0,3,0,8
156288.058348,2026-07-15T05:50:27.862,59,0,3,0,8
156288.060587,2026-07-15T05:50:27.864,59,0,3,0,8
156288.063013,2026-07-15T05:50:27.867,59,0,3,0,8
156288.065744,2026-07-15T05:50:27.870,100,0,3,0,8
156288.068372,2026-07-15T05:50:27.872,100,0,3,0,8
156288.070771,2026-07-15T05:50:27.875,100,0,3,0,8
156288.073145,2026-07-15T05:50:27.877,100,0,3,0,8
156288.076022,2026-07-15T05:50:27.880,100,0,3,0,8
156288.078161,2026-07-15T05:50:27.882,100,0,3,0,8
156288.080711,2026-07-15T05:50:27.884,100,0,3,0,8
156288.083149,2026-07-15T05:50:27.886,100,0,3,0,8
156288.085630,2026-07-15T05:50:27.889,100,0,3,0,8
156288.088306,2026-07-15T05:50:27.892,100,0,3,0,8
156288.091095,2026-07-15T05:50:27.895,100,0,3,0,8
156288.093756,2026-07-15T05:50:27.898,100,0,3,0,8
156288.096298,2026-07-15T05:50:27.900,100,0,3,0,8
156288.098644,2026-07-15T05:50:27.902,100,0,3,0,8
156288.101173,2026-07-15T05:50:27.905,100,0,3,0,8
156288.103692,2026-07-15T05:50:27.907,100,0,3,0,8
156288.106160,2026-07-15T05:50:27.910,100,0,3,0,8
156288.108766,2026-07-15T05:50:27.912,100,0,3,0,8
156288.111149,2026-07-15T05:50:27.914,100,0,3,0,8
156288.113557,2026-07-15T05:50:27.918,100,0,3,0,8
156288.115838,2026-07-15T05:50:27.920,100,0,3,0,8
156288.118226,2026-07-15T05:50:27.922,100,0,3,0,8
156288.120557,2026-07-15T05:50:27.924,100,0,3,0,8
156288.123099,2026-07-15T05:50:27.927,100,0,3,0,8
156288.125431,2026-07-15T05:50:27.929,100,0,3,0,8
156288.128330,2026-07-15T05:50:27.932,100,0,3,0,8
156288.130620,2026-07-15T05:50:27.934,100,0,3,0,8
156288.133092,2026-07-15T05:50:27.937,100,0,3,0,8
156288.135469,2026-07-15T05:50:27.939,100,0,3,0,8
156288.138120,2026-07-15T05:50:27.941,100,0,3,0,8
156288.140696,2026-07-15T05:50:27.945,100,0,3,0,8
156288.143397,2026-07-15T05:50:27.946,100,0,3,0,8
156288.145966,2026-07-15T05:50:27.950,100,0,3,0,8
156288.148353,2026-07-15T05:50:27.952,100,0,3,0,8
156288.150875,2026-07-15T05:50:27.955,100,0,3,0,8
156288.153302,2026-07-15T05:50:27.957,100,0,3,0,8
156288.155463,2026-07-15T05:50:27.960,100,0,3,0,8
156288.157809,2026-07-15T05:50:27.962,100,0,3,0,8
156288.160198,2026-07-15T05:50:27.964,100,0,3,0,8
156288.162553,2026-07-15T05:50:27.967,100,0,3,0,8
156288.165216,2026-07-15T05:50:27.969,100,0,3,0,8
156288.167470,2026-07-15T05:50:27.972,100,0,3,0,8
156288.169683,2026-07-15T05:50:27.974,100,0,3,0,8
156288.172230,2026-07-15T05:50:27.976,100,0,3,0,8
156288.175384,2026-07-15T05:50:27.979,100,0,3,0,8
156288.177982,2026-07-15T05:50:27.982,100,0,3,0,8
156288.180052,2026-07-15T05:50:27.984,100,0,3,0,8
156288.182573,2026-07-15T05:50:27.987,100,0,3,0,8
156288.185158,2026-07-15T05:50:27.989,100,0,3,0,8
156288.187935,2026-07-15T05:50:27.991,100,0,3,0,8
156288.190262,2026-07-15T05:50:27.993,100,0,3,0,8
156288.192692,2026-07-15T05:50:27.996,100,0,3,0,8
156288.194960,2026-07-15T05:50:27.999,100,0,3,0,8
156288.197753,2026-07-15T05:50:28.001,100,0,3,0,8
156288.200180,2026-07-15T05:50:28.004,100,0,3,0,8
156288.202836,2026-07-15T05:50:28.006,100,0,3,0,8
156288.205559,2026-07-15T05:50:28.008,100,0,3,0,8
156288.209263,2026-07-15T05:50:28.013,100,0,3,0,8
156288.212087,2026-07-15T05:50:28.016,100,0,3,0,8
156288.214743,2026-07-15T05:50:28.018,100,0,3,0,8
156288.217516,2026-07-15T05:50:28.020,100,0,3,0,8
156288.219708,2026-07-15T05:50:28.024,100,0,3,0,8
156288.222349,2026-07-15T05:50:28.026,100,0,3,0,8
156288.224913,2026-07-15T05:50:28.029,100,0,3,0,8
156288.227361,2026-07-15T05:50:28.031,100,0,3,0,8
156288.229986,2026-07-15T05:50:28.034,100,0,3,0,8
156288.232527,2026-07-15T05:50:28.036,100,0,3,0,8
156288.235316,2026-07-15T05:50:28.038,100,0,3,0,8
156288.237628,2026-07-15T05:50:28.041,100,0,3,0,8
156288.239924,2026-07-15T05:50:28.043,100,0,3,0,8
156288.242449,2026-07-15T05:50:28.046,100,0,3,0,8
156288.245076,2026-07-15T05:50:28.048,100,0,3,0,8
156288.247575,2026-07-15T05:50:28.051,100,0,3,0,8
156288.250070,2026-07-15T05:50:28.053,100,0,3,0,8
156288.252340,2026-07-15T05:50:28.056,100,0,3,0,8
156288.255194,2026-07-15T05:50:28.059,100,0,3,0,8
156288.257754,2026-07-15T05:50:28.062,100,0,3,0,8
156288.260297,2026-07-15T05:50:28.064,100,0,3,0,8
156288.262702,2026-07-15T05:50:28.066,100,0,3,0,8
156288.265321,2026-07-15T05:50:28.069,100,0,3,0,8
156288.267757,2026-07-15T05:50:28.071,100,0,3,0,8
156288.270432,2026-07-15T05:50:28.074,100,0,3,0,8
156288.273088,2026-07-15T05:50:28.077,100,0,3,0,8
156288.276464,2026-07-15T05:50:28.080,100,0,3,0,8
156288.279083,2026-07-15T05:50:28.083,100,0,3,0,8
156288.281436,2026-07-15T05:50:28.085,100,0,3,0,8
156288.283493,2026-07-15T05:50:28.087,100,0,3,0,8
156288.286191,2026-07-15T05:50:28.090,100,0,3,0,8
156288.288239,2026-07-15T05:50:28.092,100,0,3,0,8
156288.290424,2026-07-15T05:50:28.094,100,0,3,0,8
156288.292869,2026-07-15T05:50:28.097,100,0,3,0,8
156288.295125,2026-07-15T05:50:28.099,100,0,3,0,8
156288.297660,2026-07-15T05:50:28.102,100,0,3,0,8
156288.299754,2026-07-15T05:50:28.104,100,0,3,0,8
156288.301838,2026-07-15T05:50:28.106,100,0,3,0,8
156288.303936,2026-07-15T05:50:28.108,100,0,3,0,8
156288.306042,2026-07-15T05:50:28.110,100,0,3,0,8
156288.308602,2026-07-15T05:50:28.113,142,0,3,0,8
156288.311581,2026-07-15T05:50:28.115,142,0,3,0,8
156288.313767,2026-07-15T05:50:28.118,142,0,3,0,8
156288.316210,2026-07-15T05:50:28.120,142,0,3,0,8
156288.318256,2026-07-15T05:50:28.122,142,0,3,0,8
156288.320517,2026-07-15T05:50:28.125,142,0,3,0,8
156288.322574,2026-07-15T05:50:28.127,142,0,3,0,8
156288.325049,2026-07-15T05:50:28.129,142,0,3,0,8
156288.327099,2026-07-15T05:50:28.131,142,0,3,0,8
156288.329634,2026-07-15T05:50:28.134,142,0,3,0,8
156288.331733,2026-07-15T05:50:28.135,142,0,3,0,8
156288.333792,2026-07-15T05:50:28.138,142,0,3,0,8
156288.336340,2026-07-15T05:50:28.140,142,0,3,0,8
156288.338904,2026-07-15T05:50:28.143,142,0,3,0,8
156288.341320,2026-07-15T05:50:28.145,142,0,3,0,8
156288.343959,2026-07-15T05:50:28.148,142,0,3,0,8
156288.346246,2026-07-15T05:50:28.150,142,0,3,0,8
156288.348724,2026-07-15T05:50:28.153,142,0,3,0,8
156288.351404,2026-07-15T05:50:28.155,142,0,3,0,8
156288.354025,2026-07-15T05:50:28.158,142,0,3,0,8
156288.356699,2026-07-15T05:50:28.160,142,0,3,0,8
156288.359566,2026-07-15T05:50:28.163,142,0,3,0,8
156288.361973,2026-07-15T05:50:28.165,142,0,3,0,8
156288.364737,2026-07-15T05:50:28.168,142,0,3,0,8
156288.367337,2026-07-15T05:50:28.171,142,0,3,0,8
156288.370074,2026-07-15T05:50:28.174,142,0,3,0,8
156288.372795,2026-07-15T05:50:28.177,142,0,3,0,8
156288.374954,2026-07-15T05:50:28.179,142,0,3,0,8
156288.377638,2026-07-15T05:50:28.181,142,0,3,0,8
156288.380466,2026-07-15T05:50:28.184,142,0,3,0,8
156288.383183,2026-07-15T05:50:28.186,142,0,3,0,8
156288.386041,2026-07-15T05:50:28.190,142,0,3,0,8
156288.388984,2026-07-15T05:50:28.193,142,0,3,0,8
156288.391539,2026-07-15T05:50:28.195,142,0,3,0,8
156288.394402,2026-07-15T05:50:28.198,142,0,3,0,8
156288.397166,2026-07-15T05:50:28.201,142,0,3,0,8
156288.399777,2026-07-15T05:50:28.203,142,0,3,0,8
156288.402195,2026-07-15T05:50:28.205,142,0,3,0,8
156288.404817,2026-07-15T05:50:28.208,142,0,3,0,8
156288.407252,2026-07-15T05:50:28.211,142,0,3,0,8
156288.409714,2026-07-15T05:50:28.214,142,0,3,0,8
156288.412225,2026-07-15T05:50:28.216,142,0,3,0,8
156288.414860,2026-07-15T05:50:28.219,142,0,3,0,8
156288.417518,2026-07-15T05:50:28.221,142,0,3,0,8
156288.420265,2026-07-15T05:50:28.223,142,0,3,0,8
156288.422889,2026-07-15T05:50:28.227,142,0,3,0,8
156288.425221,2026-07-15T05:50:28.229,142,0,3,0,8
156288.427652,2026-07-15T05:50:28.231,142,0,3,0,8
156288.430721,2026-07-15T05:50:28.235,142,0,3,0,8
156288.433679,2026-07-15T05:50:28.237,142,0,3,0,8
156288.436234,2026-07-15T05:50:28.240,142,0,3,0,8
156288.439398,2026-07-15T05:50:28.243,142,0,3,0,8
156288.441664,2026-07-15T05:50:28.245,142,0,3,0,8
156288.444350,2026-07-15T05:50:28.248,142,0,3,0,8
156288.446777,2026-07-15T05:50:28.250,142,0,3,0,8
156288.449139,2026-07-15T05:50:28.253,142,0,3,0,8
156288.451253,2026-07-15T05:50:28.255,142,0,3,0,8
156288.453383,2026-07-15T05:50:28.257,142,0,3,0,8
156288.456000,2026-07-15T05:50:28.260,142,0,3,0,8
156288.458633,2026-07-15T05:50:28.263,142,0,3,0,8
156288.461651,2026-07-15T05:50:28.266,142,0,3,0,8
156288.464587,2026-07-15T05:50:28.268,142,0,3,0,8
156288.467554,2026-07-15T05:50:28.271,142,0,3,0,8
156288.470132,2026-07-15T05:50:28.274,142,0,3,0,8
156288.472288,2026-07-15T05:50:28.276,142,0,3,0,8
156288.474569,2026-07-15T05:50:28.278,142,0,3,0,8
156288.477099,2026-07-15T05:50:28.281,142,0,3,0,8
156288.479441,2026-07-15T05:50:28.283,142,0,3,0,8
156288.482037,2026-07-15T05:50:28.286,142,0,3,0,8
156288.484441,2026-07-15T05:50:28.288,142,0,3,0,8
156288.487048,2026-07-15T05:50:28.291,142,0,3,0,8
156288.489688,2026-07-15T05:50:28.294,142,0,3,0,8
156288.492288,2026-07-15T05:50:28.296,142,0,3,0,8
156288.494611,2026-07-15T05:50:28.298,142,0,3,0,8
156288.497281,2026-07-15T05:50:28.301,142,0,3,0,8
156288.500064,2026-07-15T05:50:28.304,142,0,3,0,8
156288.502267,2026-07-15T05:50:28.306,142,0,3,0,8
156288.505217,2026-07-15T05:50:28.309,142,0,3,0,8
156288.507877,2026-07-15T05:50:28.311,142,0,3,0,8
156288.510744,2026-07-15T05:50:28.314,142,0,3,0,8
156288.513467,2026-07-15T05:50:28.316,142,0,3,0,8
156288.516748,2026-07-15T05:50:28.320,142,0,3,0,8
156288.519479,2026-07-15T05:50:28.323,142,0,3,0,8
156288.522053,2026-07-15T05:50:28.326,142,0,3,0,8
156288.524577,2026-07-15T05:50:28.328,142,0,3,0,8
156288.527202,2026-07-15T05:50:28.331,142,0,3,0,8
156288.529641,2026-07-15T05:50:28.333,142,0,3,0,8
156288.532166,2026-07-15T05:50:28.336,142,0,3,0,8
156288.534741,2026-07-15T05:50:28.338,142,0,3,0,8
156288.537494,2026-07-15T05:50:28.341,142,0,3,0,8
156288.539836,2026-07-15T05:50:28.343,142,0,3,0,8
156288.542243,2026-07-15T05:50:28.346,142,0,3,0,8
156288.544695,2026-07-15T05:50:28.348,142,0,3,0,8
156288.546981,2026-07-15T05:50:28.350,142,0,3,0,8
156288.549418,2026-07-15T05:50:28.353,142,0,3,0,8
156288.551856,2026-07-15T05:50:28.356,142,0,3,0,5
156288.554453,2026-07-15T05:50:28.358,183,0,3,0,5
156288.556932,2026-07-15T05:50:28.360,183,0,3,0,5
156288.559597,2026-07-15T05:50:28.362,183,0,3,0,5
156288.562101,2026-07-15T05:50:28.365,183,0,3,0,5
156288.564606,2026-07-15T05:50:28.368,183,0,3,0,5
156288.569275,2026-07-15T05:50:28.373,183,0,3,0,5
156288.573207,2026-07-15T05:50:28.376,183,0,3,0,5
156288.576094,2026-07-15T05:50:28.379,183,0,3,0,5
156288.579160,2026-07-15T05:50:28.383,183,0,3,0,5
156288.581746,2026-07-15T05:50:28.386,183,0,3,0,5
156288.584351,2026-07-15T05:50:28.388,183,0,3,0,5
156288.587371,2026-07-15T05:50:28.391,183,0,3,0,5
156288.590325,2026-07-15T05:50:28.394,183,0,3,0,5
156288.593115,2026-07-15T05:50:28.396,183,0,3,0,5
156288.595628,2026-07-15T05:50:28.399,183,0,3,0,5
156288.598386,2026-07-15T05:50:28.402,183,0,3,0,5
156288.601122,2026-07-15T05:50:28.405,183,0,3,0,5
156288.603761,2026-07-15T05:50:28.407,183,0,3,0,5
156288.606788,2026-07-15T05:50:28.411,183,0,3,0,5
156288.609474,2026-07-15T05:50:28.413,183,0,3,0,5
156288.612418,2026-07-15T05:50:28.416,183,0,3,0,5
156288.615021,2026-07-15T05:50:28.418,183,0,3,0,5
156288.617723,2026-07-15T05:50:28.421,183,0,3,0,5
156288.620615,2026-07-15T05:50:28.424,183,0,3,0,5
156288.623508,2026-07-15T05:50:28.427,183,0,3,0,5
156288.626186,2026-07-15T05:50:28.430,183,0,3,0,5
156288.628701,2026-07-15T05:50:28.432,183,0,3,0,5
156288.631584,2026-07-15T05:50:28.435,183,0,3,0,5
156288.634340,2026-07-15T05:50:28.438,183,0,3,0,5
156288.637094,2026-07-15T05:50:28.441,183,0,3,0,5
156288.639845,2026-07-15T05:50:28.444,183,0,3,0,5
156288.642139,2026-07-15T05:50:28.446,183,0,3,0,5
156288.644698,2026-07-15T05:50:28.449,183,0,3,0,5
156288.647058,2026-07-15T05:50:28.451,183,0,3,0,5
156288.649391,2026-07-15T05:50:28.453,183,0,3,0,5
156288.651910,2026-07-15T05:50:28.456,183,0,3,0,5
156288.654705,2026-07-15T05:50:28.459,183,0,3,0,5
156288.657329,2026-07-15T05:50:28.461,183,0,3,0,5
156288.659920,2026-07-15T05:50:28.463,183,0,3,0,5
156288.662356,2026-07-15T05:50:28.465,183,0,3,0,5
156288.665033,2026-07-15T05:50:28.469,183,0,3,0,5
156288.667739,2026-07-15T05:50:28.472,183,0,3,0,5
156288.670334,2026-07-15T05:50:28.474,183,0,3,0,5
156288.672987,2026-07-15T05:50:28.476,183,0,3,0,5
156288.675747,2026-07-15T05:50:28.479,183,0,3,0,5
156288.678192,2026-07-15T05:50:28.481,183,0,3,0,5
156288.680893,2026-07-15T05:50:28.484,183,0,3,0,5
156288.683760,2026-07-15T05:50:28.488,183,0,3,0,5
156288.686421,2026-07-15T05:50:28.490,183,0,3,0,5
156288.689471,2026-07-15T05:50:28.493,183,0,3,0,5
156288.692214,2026-07-15T05:50:28.496,183,0,3,0,5
156288.694543,2026-07-15T05:50:28.498,183,0,3,0,5
156288.697463,2026-07-15T05:50:28.502,183,0,3,0,5
156288.700198,2026-07-15T05:50:28.504,183,0,3,0,5
156288.702354,2026-07-15T05:50:28.506,183,0,3,0,5
156288.706265,2026-07-15T05:50:28.510,183,0,3,0,5
156288.708589,2026-07-15T05:50:28.511,183,0,3,0,5
156288.711321,2026-07-15T05:50:28.514,183,0,3,0,5
156288.715763,2026-07-15T05:50:28.519,183,0,3,0,5
156288.718348,2026-07-15T05:50:28.522,183,0,3,0,5
156288.720737,2026-07-15T05:50:28.524,183,0,3,0,5
156288.722955,2026-07-15T05:50:28.526,183,0,3,0,5
156288.725019,2026-07-15T05:50:28.529,183,0,3,0,5
156288.727114,2026-07-15T05:50:28.531,183,0,3,0,5
156288.730154,2026-07-15T05:50:28.534,183,0,3,0,5
156288.732984,2026-07-15T05:50:28.536,183,0,3,0,5
156288.736184,2026-07-15T05:50:28.540,183,0,3,0,5
156288.739049,2026-07-15T05:50:28.543,183,0,3,0,5
156288.741837,2026-07-15T05:50:28.545,183,0,3,0,5
156288.745148,2026-07-15T05:50:28.549,183,0,3,0,5
156288.747752,2026-07-15T05:50:28.551,183,0,3,0,5
156288.750441,2026-07-15T05:50:28.554,183,0,3,0,5
156288.753284,2026-07-15T05:50:28.557,183,0,3,0,5
156288.756182,2026-07-15T05:50:28.560,183,0,3,0,5
156288.759094,2026-07-15T05:50:28.563,183,0,3,0,5
156288.761965,2026-07-15T05:50:28.566,183,0,3,0,5
156288.765249,2026-07-15T05:50:28.569,183,0,3,0,5
156288.767813,2026-07-15T05:50:28.572,183,0,3,0,5
156288.770406,2026-07-15T05:50:28.574,183,0,3,0,5
156288.773788,2026-07-15T05:50:28.577,183,0,3,0,5
156288.777291,2026-07-15T05:50:28.581,183,0,3,0,5
156288.780357,2026-07-15T05:50:28.584,183,0,3,0,5
156288.783195,2026-07-15T05:50:28.587,183,0,3,0,5
156288.785398,2026-07-15T05:50:28.589,183,0,3,0,5
156288.788346,2026-07-15T05:50:28.592,183,0,3,0,5
156288.790845,2026-07-15T05:50:28.595,183,0,3,0,5
156288.793583,2026-07-15T05:50:28.597,183,0,3,0,5
156288.796221,2026-07-15T05:50:28.600,183,0,3,0,8
156288.798995,2026-07-15T05:50:28.603,224,0,3,0,8
156288.801709,2026-07-15T05:50:28.606,224,0,3,0,8
156288.804285,2026-07-15T05:50:28.608,224,0,3,0,8
156288.807004,2026-07-15T05:50:28.610,224,0,3,0,8
156288.809705,2026-07-15T05:50:28.613,224,0,3,0,8
156288.812452,2026-07-15T05:50:28.615,224,0,3,0,8
156288.815106,2026-07-15T05:50:28.619,224,0,3,0,8
156288.817705,2026-07-15T05:50:28.621,224,0,3,0,8
156288.820367,2026-07-15T05:50:28.624,224,0,3,0,8
156288.823252,2026-07-15T05:50:28.627,224,0,3,0,8
156288.827501,2026-07-15T05:50:28.631,224,0,3,0,8
156288.830053,2026-07-15T05:50:28.633,224,0,3,0,8
156288.832569,2026-07-15T05:50:28.637,224,0,3,0,8
156288.835306,2026-07-15T05:50:28.639,224,0,3,0,8
156288.837961,2026-07-15T05:50:28.641,224,0,3,0,8
156288.840870,2026-07-15T05:50:28.644,224,0,3,0,8
156288.843562,2026-07-15T05:50:28.647,224,0,3,0,8
156288.846410,2026-07-15T05:50:28.650,224,0,3,0,8
156288.849797,2026-07-15T05:50:28.653,224,0,3,0,8
156288.852455,2026-07-15T05:50:28.656,224,0,3,0,8
156288.855260,2026-07-15T05:50:28.659,224,0,3,0,8
156288.857999,2026-07-15T05:50:28.661,224,0,3,0,8
156288.860980,2026-07-15T05:50:28.664,224,0,3,0,8
156288.863463,2026-07-15T05:50:28.667,224,0,3,0,8
156288.866122,2026-07-15T05:50:28.669,224,0,3,0,8
156288.868662,2026-07-15T05:50:28.672,224,0,3,0,8
156288.871114,2026-07-15T05:50:28.675,224,0,3,0,8
156288.873878,2026-07-15T05:50:28.677,224,0,3,0,8
156288.876672,2026-07-15T05:50:28.680,224,0,3,0,8
156288.879737,2026-07-15T05:50:28.683,224,0,3,0,8
156288.882203,2026-07-15T05:50:28.686,224,0,3,0,8
156288.884835,2026-07-15T05:50:28.689,224,0,3,0,8
156288.887388,2026-07-15T05:50:28.691,224,0,3,0,8
156288.889509,2026-07-15T05:50:28.693,224,0,3,0,8
156288.892144,2026-07-15T05:50:28.695,224,0,3,0,8
156288.894833,2026-07-15T05:50:28.698,224,0,3,0,8
156288.896941,2026-07-15T05:50:28.701,224,0,3,0,8
156288.899761,2026-07-15T05:50:28.703,224,0,3,0,8
156288.902558,2026-07-15T05:50:28.706,224,0,3,0,8
156288.905204,2026-07-15T05:50:28.709,224,0,3,0,8
156288.970848,2026-07-15T05:50:28.774,224,0,3,0,8
156288.973419,2026-07-15T05:50:28.777,224,0,3,0,8
156288.975940,2026-07-15T05:50:28.780,224,0,3,0,8
156288.979039,2026-07-15T05:50:28.783,224,0,3,0,8
156288.981746,2026-07-15T05:50:28.785,224,0,3,0,8
156288.984487,2026-07-15T05:50:28.789,224,0,3,0,8
156288.987183,2026-07-15T05:50:28.791,224,0,3,0,8
156288.989246,2026-07-15T05:50:28.793,224,0,3,0,8
156288.992055,2026-07-15T05:50:28.796,224,0,3,0,8
156288.994985,2026-07-15T05:50:28.799,224,0,3,0,8
156288.997490,2026-07-15T05:50:28.802,224,0,3,0,8
156289.000588,2026-07-15T05:50:28.804,224,0,3,0,8
156289.003155,2026-07-15T05:50:28.807,224,0,3,0,8
156289.005952,2026-07-15T05:50:28.810,224,0,3,0,8
156289.008668,2026-07-15T05:50:28.813,224,0,3,0,8
156289.011276,2026-07-15T05:50:28.815,224,0,3,0,8
156289.014023,2026-07-15T05:50:28.817,224,0,3,0,8
156289.016891,2026-07-15T05:50:28.820,224,0,3,0,8
156289.019772,2026-07-15T05:50:28.823,224,0,3,0,8
156289.022570,2026-07-15T05:50:28.825,224,0,3,0,8
156289.024964,2026-07-15T05:50:28.829,224,0,3,0,8
156289.027569,2026-07-15T05:50:28.832,224,0,3,0,8
156289.030283,2026-07-15T05:50:28.834,224,0,3,0,8
156289.033219,2026-07-15T05:50:28.837,224,0,3,0,8
156289.035786,2026-07-15T05:50:28.840,224,0,3,0,8
156289.039103,2026-07-15T05:50:28.843,224,0,3,0,0
156289.041865,2026-07-15T05:50:28.846,249,3,3,0,0
156289.044909,2026-07-15T05:50:28.848,249,3,3,0,0
156289.047564,2026-07-15T05:50:28.851,249,3,3,0,0
156289.051120,2026-07-15T05:50:28.855,249,3,3,0,0
156289.053723,2026-07-15T05:50:28.858,249,3,3,0,0
156289.056471,2026-07-15T05:50:28.860,249,3,3,0,0
156289.059377,2026-07-15T05:50:28.863,249,3,3,0,0
156289.062226,2026-07-15T05:50:28.865,249,3,3,0,0
156289.064513,2026-07-15T05:50:28.868,249,3,3,0,0
156289.067244,2026-07-15T05:50:28.870,249,3,3,0,0
156289.070140,2026-07-15T05:50:28.873,249,3,3,0,0
156289.072817,2026-07-15T05:50:28.876,249,3,3,0,0
156289.075735,2026-07-15T05:50:28.880,249,3,3,0,0
156289.078265,2026-07-15T05:50:28.882,249,3,3,0,0
156289.080415,2026-07-15T05:50:28.884,249,3,3,0,0
156289.082775,2026-07-15T05:50:28.886,249,3,3,0,0
156289.085667,2026-07-15T05:50:28.889,249,3,3,0,0
156289.088202,2026-07-15T05:50:28.892,249,3,3,0,0
156289.090288,2026-07-15T05:50:28.894,249,3,3,0,0
156289.092297,2026-07-15T05:50:28.896,249,3,3,0,0
156289.094500,2026-07-15T05:50:28.898,249,3,3,0,0
156289.097235,2026-07-15T05:50:28.901,249,3,3,0,0
156289.099911,2026-07-15T05:50:28.903,249,3,3,0,0
156289.102575,2026-07-15T05:50:28.906,249,3,3,0,0
156289.105375,2026-07-15T05:50:28.909,249,3,3,0,0
156289.108331,2026-07-15T05:50:28.912,249,3,3,0,0
156289.111005,2026-07-15T05:50:28.915,249,3,3,0,0
156289.113821,2026-07-15T05:50:28.918,249,3,3,0,0
156289.116710,2026-07-15T05:50:28.920,249,3,3,0,0
156289.119190,2026-07-15T05:50:28.923,249,3,3,0,0
156289.122382,2026-07-15T05:50:28.926,249,3,3,0,0
156289.124953,2026-07-15T05:50:28.929,249,3,3,0,0
156289.127362,2026-07-15T05:50:28.931,249,3,3,0,0
156289.129403,2026-07-15T05:50:28.933,249,3,3,0,0
156289.132055,2026-07-15T05:50:28.936,249,3,3,0,0
156289.135028,2026-07-15T05:50:28.939,249,3,3,0,0
156289.137415,2026-07-15T05:50:28.941,249,3,3,0,0
156289.140233,2026-07-15T05:50:28.944,249,3,3,0,0
156289.142968,2026-07-15T05:50:28.947,249,3,3,0,0
156289.146121,2026-07-15T05:50:28.949,249,3,3,0,0
156289.149001,2026-07-15T05:50:28.952,249,3,3,0,0
156289.151821,2026-07-15T05:50:28.955,249,3,3,0,0
156289.154428,2026-07-15T05:50:28.958,249,3,3,0,0
156289.157240,2026-07-15T05:50:28.960,249,3,3,0,0
156289.159864,2026-07-15T05:50:28.963,249,3,3,0,0
156289.162552,2026-07-15T05:50:28.966,249,3,3,0,0
156289.165063,2026-07-15T05:50:28.968,249,3,3,0,0
156289.167584,2026-07-15T05:50:28.971,249,3,3,0,0
156289.170170,2026-07-15T05:50:28.973,249,3,3,0,0
156289.172676,2026-07-15T05:50:28.976,249,3,3,0,0
156289.174768,2026-07-15T05:50:28.978,249,3,3,0,0
156289.177402,2026-07-15T05:50:28.981,249,3,3,0,0
156289.180357,2026-07-15T05:50:28.984,249,3,3,0,0
156289.182978,2026-07-15T05:50:28.987,249,3,3,0,0
156289.185525,2026-07-15T05:50:28.989,249,3,3,0,0
156289.188396,2026-07-15T05:50:28.992,249,3,3,0,0
156289.190586,2026-07-15T05:50:28.994,249,3,3,0,0
156289.193274,2026-07-15T05:50:28.997,249,3,3,0,0
156289.196023,2026-07-15T05:50:29.000,249,3,3,0,0
156289.198783,2026-07-15T05:50:29.003,249,3,3,0,0
156289.201421,2026-07-15T05:50:29.005,249,3,3,0,0
156289.204313,2026-07-15T05:50:29.008,249,3,3,0,0
156289.206724,2026-07-15T05:50:29.010,249,3,3,0,0
156289.209497,2026-07-15T05:50:29.013,249,3,3,0,0
156289.212307,2026-07-15T05:50:29.016,249,3,3,0,0
156289.215158,2026-07-15T05:50:29.019,249,3,3,0,0
156289.218009,2026-07-15T05:50:29.022,249,3,3,0,0
156289.221250,2026-07-15T05:50:29.025,249,3,3,0,0
156289.223588,2026-07-15T05:50:29.027,249,3,3,0,0
156289.226096,2026-07-15T05:50:29.030,249,3,3,0,0
156289.228587,2026-07-15T05:50:29.032,249,3,3,0,0
156289.231009,2026-07-15T05:50:29.035,249,3,3,0,0
156289.233329,2026-07-15T05:50:29.037,249,3,3,0,0
156289.235485,2026-07-15T05:50:29.039,249,3,3,0,0
156289.238070,2026-07-15T05:50:29.042,249,3,3,0,0
156289.240511,2026-07-15T05:50:29.044,249,3,3,0,0
156289.243236,2026-07-15T05:50:29.047,249,3,3,0,0
156289.245465,2026-07-15T05:50:29.049,249,3,3,0,0
156289.247605,2026-07-15T05:50:29.051,249,3,3,0,0
156289.250063,2026-07-15T05:50:29.054,249,3,3,0,0
156289.252883,2026-07-15T05:50:29.057,249,3,3,0,0
156289.255680,2026-07-15T05:50:29.060,249,3,3,0,0
156289.258534,2026-07-15T05:50:29.063,249,3,3,0,0
156289.261146,2026-07-15T05:50:29.065,249,3,3,0,0
156289.263502,2026-07-15T05:50:29.067,249,3,3,0,0
156289.266314,2026-07-15T05:50:29.070,249,3,3,0,0
156289.268358,2026-07-15T05:50:29.072,249,3,3,0,0
156289.270943,2026-07-15T05:50:29.075,249,3,3,0,0
156289.273691,2026-07-15T05:50:29.078,249,3,3,0,0
156289.276245,2026-07-15T05:50:29.080,249,3,3,0,0
156289.279245,2026-07-15T05:50:29.083,249,3,3,0,0
156289.282321,2026-07-15T05:50:29.086,249,3,3,0,0
156289.284786,2026-07-15T05:50:29.089,249,3,3,0,0
156289.287185,2026-07-15T05:50:29.091,249,3,3,0,0
156289.290039,2026-07-15T05:50:29.094,249,3,3,0,0
156289.292800,2026-07-15T05:50:29.097,249,3,3,0,0
156289.295314,2026-07-15T05:50:29.099,249,3,3,0,0
156289.297824,2026-07-15T05:50:29.102,249,3,3,0,0
156289.300761,2026-07-15T05:50:29.104,249,3,3,0,0
156289.303560,2026-07-15T05:50:29.107,249,3,3,0,0
156289.306333,2026-07-15T05:50:29.110,249,3,3,0,0
156289.309345,2026-07-15T05:50:29.113,249,3,3,0,0
156289.312223,2026-07-15T05:50:29.116,249,3,3,0,0
156289.314824,2026-07-15T05:50:29.118,249,3,3,0,0
156289.317122,2026-07-15T05:50:29.121,249,3,3,0,0
156289.319634,2026-07-15T05:50:29.123,249,3,3,0,0
156289.322014,2026-07-15T05:50:29.125,249,3,3,0,0
156289.324562,2026-07-15T05:50:29.128,249,3,3,0,0
156289.326736,2026-07-15T05:50:29.130,249,3,3,0,0
156289.329075,2026-07-15T05:50:29.133,249,3,3,0,0
156289.331246,2026-07-15T05:50:29.135,249,3,3,0,0
156289.333842,2026-07-15T05:50:29.138,249,3,3,0,0
156289.336169,2026-07-15T05:50:29.140,249,3,3,0,0
156289.338536,2026-07-15T05:50:29.142,249,3,3,0,0
156289.341136,2026-07-15T05:50:29.145,249,3,3,0,0
156289.343793,2026-07-15T05:50:29.147,249,3,3,0,0
156289.346196,2026-07-15T05:50:29.150,249,3,3,0,0
156289.348976,2026-07-15T05:50:29.152,249,3,3,0,0
156289.351694,2026-07-15T05:50:29.156,249,3,3,0,0
156289.354572,2026-07-15T05:50:29.158,249,3,3,0,0
156289.357424,2026-07-15T05:50:29.161,249,3,3,0,0
156289.360165,2026-07-15T05:50:29.164,249,3,3,0,0
156289.362967,2026-07-15T05:50:29.167,249,3,3,0,0
156289.365775,2026-07-15T05:50:29.170,249,3,3,0,0
156289.368256,2026-07-15T05:50:29.172,249,3,3,0,0
156289.370997,2026-07-15T05:50:29.175,249,3,3,0,0
156289.373879,2026-07-15T05:50:29.178,249,3,3,0,0
156289.376937,2026-07-15T05:50:29.181,249,3,3,0,0
156289.379871,2026-07-15T05:50:29.184,249,3,3,0,0
156289.382753,2026-07-15T05:50:29.187,249,3,3,0,0
156289.385573,2026-07-15T05:50:29.189,249,3,3,0,0
156289.388576,2026-07-15T05:50:29.192,249,3,3,0,0
156289.391422,2026-07-15T05:50:29.195,249,3,3,0,0
156289.394423,2026-07-15T05:50:29.198,249,3,3,0,0
156289.397206,2026-07-15T05:50:29.201,249,3,3,0,0
156289.400062,2026-07-15T05:50:29.204,249,3,3,0,0
156289.402922,2026-07-15T05:50:29.207,249,3,3,0,0
156289.405812,2026-07-15T05:50:29.210,249,3,3,0,0
156289.408783,2026-07-15T05:50:29.213,249,3,3,0,0
156289.411812,2026-07-15T05:50:29.216,249,3,3,0,0
156289.414421,2026-07-15T05:50:29.218,249,3,3,0,0
156289.417232,2026-07-15T05:50:29.221,249,3,3,0,0
156289.419487,2026-07-15T05:50:29.223,249,3,3,0,0
156289.421587,2026-07-15T05:50:29.226,249,3,3,0,0
156289.423761,2026-07-15T05:50:29.228,249,3,3,0,0
156289.426254,2026-07-15T05:50:29.230,249,3,3,0,0
156289.428661,2026-07-15T05:50:29.232,249,3,3,0,0
156289.431116,2026-07-15T05:50:29.235,249,3,3,0,0
156289.433338,2026-07-15T05:50:29.237,249,3,3,0,0
156289.435915,2026-07-15T05:50:29.240,249,3,3,0,0
156289.437932,2026-07-15T05:50:29.242,249,3,3,0,0
156289.440130,2026-07-15T05:50:29.244,249,3,3,0,0
156289.442873,2026-07-15T05:50:29.247,249,3,3,0,0
156289.444978,2026-07-15T05:50:29.249,249,3,3,0,0
156289.447578,2026-07-15T05:50:29.252,249,3,3,0,0
156289.449796,2026-07-15T05:50:29.254,249,3,3,0,0
156289.451893,2026-07-15T05:50:29.256,249,3,3,0,0
156289.454281,2026-07-15T05:50:29.258,249,3,3,0,0
156289.456528,2026-07-15T05:50:29.260,249,3,3,0,0
156289.458600,2026-07-15T05:50:29.262,249,3,3,0,0
156289.461117,2026-07-15T05:50:29.265,249,3,3,0,0
156289.463356,2026-07-15T05:50:29.267,249,3,3,0,0
156289.465696,2026-07-15T05:50:29.270,249,3,3,0,0
156289.468470,2026-07-15T05:50:29.273,249,3,3,0,0
156289.471083,2026-07-15T05:50:29.275,249,3,3,0,0
156289.473134,2026-07-15T05:50:29.277,249,3,3,0,0
156289.475158,2026-07-15T05:50:29.279,249,3,3,0,0
156289.477687,2026-07-15T05:50:29.282,249,3,3,0,0
156289.480300,2026-07-15T05:50:29.284,249,3,3,0,0
156289.482543,2026-07-15T05:50:29.286,249,3,3,0,0
156289.485076,2026-07-15T05:50:29.289,249,3,3,0,0
156289.487118,2026-07-15T05:50:29.291,249,3,3,0,0
156289.489675,2026-07-15T05:50:29.294,249,3,3,0,0
156289.492201,2026-07-15T05:50:29.296,249,3,3,0,0
156289.494669,2026-07-15T05:50:29.299,249,3,3,0,0
156289.497048,2026-07-15T05:50:29.301,249,3,3,0,0
156289.499511,2026-07-15T05:50:29.303,249,3,3,0,0
156289.502100,2026-07-15T05:50:29.306,249,3,3,0,0
156289.504229,2026-07-15T05:50:29.308,249,3,3,0,0
156289.506751,2026-07-15T05:50:29.311,249,3,3,0,0
156289.508996,2026-07-15T05:50:29.313,249,3,3,0,0
156289.511346,2026-07-15T05:50:29.315,249,3,3,0,0
156289.513477,2026-07-15T05:50:29.317,249,3,3,0,0
156289.515810,2026-07-15T05:50:29.320,249,3,3,0,0
156289.518077,2026-07-15T05:50:29.322,249,3,3,0,0
156289.520382,2026-07-15T05:50:29.324,249,3,3,0,0
156289.522846,2026-07-15T05:50:29.327,249,3,3,0,0
156289.525458,2026-07-15T05:50:29.330,249,3,3,0,0
156289.527619,2026-07-15T05:50:29.332,249,3,3,0,0
156289.530182,2026-07-15T05:50:29.334,249,3,3,0,0
156289.532498,2026-07-15T05:50:29.336,249,3,3,0,0
156289.535107,2026-07-15T05:50:29.339,249,3,3,0,0
156289.537166,2026-07-15T05:50:29.341,249,3,3,0,0
156289.539620,2026-07-15T05:50:29.344,249,3,3,0,0
156289.541713,2026-07-15T05:50:29.345,249,3,3,0,0
156289.543957,2026-07-15T05:50:29.347,249,3,3,0,0
156289.545989,2026-07-15T05:50:29.349,249,3,3,0,0
156289.548201,2026-07-15T05:50:29.352,249,3,3,0,0
156289.550388,2026-07-15T05:50:29.354,249,3,3,0,0
156289.552658,2026-07-15T05:50:29.357,249,3,3,0,0
156289.554900,2026-07-15T05:50:29.359,249,3,3,0,0
156289.556974,2026-07-15T05:50:29.361,249,3,3,0,0
156289.559481,2026-07-15T05:50:29.364,249,3,3,0,0
156289.561665,2026-07-15T05:50:29.365,249,3,3,0,0
156289.563760,2026-07-15T05:50:29.367,249,3,3,0,0
156289.565943,2026-07-15T05:50:29.370,249,3,3,0,0
156289.568342,2026-07-15T05:50:29.372,249,3,3,0,0
156289.570756,2026-07-15T05:50:29.375,249,3,3,0,0
156289.573309,2026-07-15T05:50:29.377,249,3,3,0,0
156289.575660,2026-07-15T05:50:29.379,249,3,3,0,0
156289.579067,2026-07-15T05:50:29.382,249,3,3,0,0
156289.582338,2026-07-15T05:50:29.386,249,3,3,0,0
156289.585101,2026-07-15T05:50:29.388,249,3,3,0,0
156289.587674,2026-07-15T05:50:29.391,249,3,3,0,0
156289.590644,2026-07-15T05:50:29.394,249,3,3,0,0
156289.593385,2026-07-15T05:50:29.397,249,3,3,0,0
156289.596774,2026-07-15T05:50:29.401,249,3,3,0,0
156289.599772,2026-07-15T05:50:29.404,249,3,3,0,0
156289.602873,2026-07-15T05:50:29.407,249,3,3,0,0
156289.605785,2026-07-15T05:50:29.409,249,3,3,0,0
156289.608672,2026-07-15T05:50:29.412,249,3,3,0,0
156289.611529,2026-07-15T05:50:29.416,249,3,3,0,0
156289.614412,2026-07-15T05:50:29.417,249,3,3,0,0
156289.617030,2026-07-15T05:50:29.421,249,3,3,0,0
156289.619729,2026-07-15T05:50:29.423,249,3,3,0,0
156289.622348,2026-07-15T05:50:29.426,249,3,3,0,0
156289.624995,2026-07-15T05:50:29.429,249,3,3,0,0
156289.627249,2026-07-15T05:50:29.431,249,3,3,0,0
156289.629553,2026-07-15T05:50:29.433,249,3,3,0,0
156289.632314,2026-07-15T05:50:29.436,249,3,3,0,0
156289.635046,2026-07-15T05:50:29.439,249,3,3,0,0
156289.637775,2026-07-15T05:50:29.442,249,3,3,0,0
156289.640530,2026-07-15T05:50:29.444,249,3,3,0,0
156289.643289,2026-07-15T05:50:29.447,249,3,3,0,0
156289.645858,2026-07-15T05:50:29.450,249,3,3,0,0
156289.648624,2026-07-15T05:50:29.452,249,3,3,0,0
156289.651266,2026-07-15T05:50:29.455,249,3,3,0,0
156289.654048,2026-07-15T05:50:29.457,249,3,3,0,0
156289.656269,2026-07-15T05:50:29.460,249,3,3,0,0
156289.658671,2026-07-15T05:50:29.462,249,3,3,0,0
156289.660938,2026-07-15T05:50:29.465,249,3,3,0,0
156289.663235,2026-07-15T05:50:29.467,249,3,3,0,0
156289.665489,2026-07-15T05:50:29.470,249,3,3,0,0
156289.668111,2026-07-15T05:50:29.472,249,3,3,0,0
156289.670670,2026-07-15T05:50:29.475,249,3,3,0,0
156289.673049,2026-07-15T05:50:29.477,249,3,3,0,0
156289.675815,2026-07-15T05:50:29.479,249,3,3,0,0
156289.678015,2026-07-15T05:50:29.481,249,3,3,0,0
156289.680442,2026-07-15T05:50:29.484,249,3,3,0,0
156289.683493,2026-07-15T05:50:29.487,249,3,3,0,0
156289.686450,2026-07-15T05:50:29.490,249,3,3,0,0
156289.689048,2026-07-15T05:50:29.493,249,3,3,0,0
156289.691285,2026-07-15T05:50:29.495,249,3,3,0,0
156289.694315,2026-07-15T05:50:29.498,249,3,3,0,0
156289.696834,2026-07-15T05:50:29.500,249,3,3,0,0
156289.699489,2026-07-15T05:50:29.503,249,3,3,0,0
156289.702288,2026-07-15T05:50:29.506,249,3,3,0,0
156289.704920,2026-07-15T05:50:29.508,249,3,3,0,0
156289.707081,2026-07-15T05:50:29.510,249,3,3,0,0
156289.709265,2026-07-15T05:50:29.513,249,3,3,0,0
156289.712148,2026-07-15T05:50:29.516,249,3,3,0,0
156289.714794,2026-07-15T05:50:29.519,249,3,3,0,0
156289.717102,2026-07-15T05:50:29.520,249,3,3,0,0
156289.720144,2026-07-15T05:50:29.523,249,3,3,0,0
156289.722991,2026-07-15T05:50:29.527,249,3,3,0,0
156289.725803,2026-07-15T05:50:29.529,249,3,3,0,0
156289.728798,2026-07-15T05:50:29.533,249,3,3,0,0
156289.731630,2026-07-15T05:50:29.536,249,3,3,0,0
156289.734290,2026-07-15T05:50:29.538,249,3,3,0,0
156289.737333,2026-07-15T05:50:29.540,249,3,3,0,0
156289.739460,2026-07-15T05:50:29.543,249,3,3,0,0
156289.741775,2026-07-15T05:50:29.546,249,3,3,0,0
156289.744479,2026-07-15T05:50:29.549,249,3,3,0,0
156289.747318,2026-07-15T05:50:29.551,249,3,3,0,0
156289.749515,2026-07-15T05:50:29.554,249,3,3,0,0
156289.752691,2026-07-15T05:50:29.556,249,3,3,0,0
156289.755697,2026-07-15T05:50:29.560,249,3,3,0,0
156289.758066,2026-07-15T05:50:29.561,249,3,3,0,0
156289.760986,2026-07-15T05:50:29.564,249,3,3,0,0
156289.763009,2026-07-15T05:50:29.567,249,3,3,0,0
156289.765650,2026-07-15T05:50:29.570,249,3,3,0,0
156289.768189,2026-07-15T05:50:29.572,249,3,3,0,0
156289.770962,2026-07-15T05:50:29.574,249,3,3,0,0
156289.773852,2026-07-15T05:50:29.578,249,3,3,0,0
156289.776534,2026-07-15T05:50:29.580,249,3,3,0,0
156289.779141,2026-07-15T05:50:29.583,249,3,3,0,0
156289.782273,2026-07-15T05:50:29.585,249,3,3,0,0
156289.785256,2026-07-15T05:50:29.589,249,3,3,0,0
156289.788064,2026-07-15T05:50:29.592,249,3,3,0,0
156289.790849,2026-07-15T05:50:29.595,249,3,3,0,0
156289.793802,2026-07-15T05:50:29.597,249,3,3,0,0
156289.796526,2026-07-15T05:50:29.600,249,3,3,0,0
156289.799290,2026-07-15T05:50:29.603,249,3,3,0,0
156289.802401,2026-07-15T05:50:29.606,249,3,3,0,0
156289.805157,2026-07-15T05:50:29.609,249,3,3,0,0
156289.807946,2026-07-15T05:50:29.612,249,3,3,0,0
156289.810122,2026-07-15T05:50:29.614,249,3,3,0,0
156289.813013,2026-07-15T05:50:29.616,249,3,3,0,0
156289.815726,2026-07-15T05:50:29.619,249,3,3,0,0
156289.818751,2026-07-15T05:50:29.622,249,3,3,0,0
156289.821241,2026-07-15T05:50:29.625,249,3,3,0,0
156289.824139,2026-07-15T05:50:29.628,249,3,3,0,0
156289.826812,2026-07-15T05:50:29.630,249,3,3,0,0
156289.829640,2026-07-15T05:50:29.633,249,3,3,0,0
156289.832256,2026-07-15T05:50:29.636,249,3,3,0,0
156289.834974,2026-07-15T05:50:29.639,249,3,3,0,0
156289.837899,2026-07-15T05:50:29.642,249,3,3,0,0
156289.840296,2026-07-15T05:50:29.644,249,3,3,0,0
156289.842694,2026-07-15T05:50:29.646,249,3,3,0,0
156289.845071,2026-07-15T05:50:29.648,249,3,3,0,0
156289.847586,2026-07-15T05:50:29.651,249,3,3,0,0
156289.849709,2026-07-15T05:50:29.653,249,3,3,0,0
156289.851855,2026-07-15T05:50:29.656,249,3,3,0,0
156289.854831,2026-07-15T05:50:29.659,249,3,3,0,0
156289.856938,2026-07-15T05:50:29.661,249,3,3,0,0
156289.859568,2026-07-15T05:50:29.663,249,3,3,0,0
156289.862354,2026-07-15T05:50:29.666,249,3,3,0,0
156289.865160,2026-07-15T05:50:29.668,249,3,3,0,0
156289.868022,2026-07-15T05:50:29.672,249,3,3,0,0
156289.870771,2026-07-15T05:50:29.674,249,3,3,0,0
156289.873323,2026-07-15T05:50:29.677,249,3,3,0,8
156289.876323,2026-07-15T05:50:29.680,234,0,3,0,8
156289.879096,2026-07-15T05:50:29.683,234,0,3,0,8
156289.881972,2026-07-15T05:50:29.686,234,0,3,0,8
156289.884642,2026-07-15T05:50:29.689,234,0,3,0,8
156289.887277,2026-07-15T05:50:29.691,234,0,3,0,8
156289.890272,2026-07-15T05:50:29.694,234,0,3,0,8
156289.892810,2026-07-15T05:50:29.696,234,0,3,0,8
156289.895213,2026-07-15T05:50:29.699,234,0,3,0,8
156289.897409,2026-07-15T05:50:29.701,234,0,3,0,8
156289.900235,2026-07-15T05:50:29.704,234,0,3,0,8
156289.902977,2026-07-15T05:50:29.707,234,0,3,0,8
156289.906184,2026-07-15T05:50:29.710,234,0,3,0,8
156289.908976,2026-07-15T05:50:29.713,234,0,3,0,8
156289.911644,2026-07-15T05:50:29.715,234,0,3,0,8
156289.914059,2026-07-15T05:50:29.718,234,0,3,0,8
156289.916729,2026-07-15T05:50:29.721,234,0,3,0,8
156289.919475,2026-07-15T05:50:29.723,234,0,3,0,8
156289.922383,2026-07-15T05:50:29.726,234,0,3,0,8
156289.925187,2026-07-15T05:50:29.729,234,0,3,0,8
156289.927963,2026-07-15T05:50:29.732,234,0,3,0,8
156289.930679,2026-07-15T05:50:29.734,234,0,3,0,8
156289.933565,2026-07-15T05:50:29.738,234,0,3,0,8
156289.936317,2026-07-15T05:50:29.740,234,0,3,0,8
156289.939210,2026-07-15T05:50:29.743,234,0,3,0,8
156289.942007,2026-07-15T05:50:29.745,234,0,3,0,8
156289.944593,2026-07-15T05:50:29.748,234,0,3,0,8
156289.947251,2026-07-15T05:50:29.751,234,0,3,0,8
156289.949926,2026-07-15T05:50:29.754,234,0,3,0,8
156289.952651,2026-07-15T05:50:29.756,234,0,3,0,8
156289.955390,2026-07-15T05:50:29.759,234,0,3,0,8
156289.958115,2026-07-15T05:50:29.762,234,0,3,0,8
156289.960785,2026-07-15T05:50:29.764,234,0,3,0,8
156289.963443,2026-07-15T05:50:29.767,234,0,3,0,8
156289.966134,2026-07-15T05:50:29.770,234,0,3,0,8
156289.968969,2026-07-15T05:50:29.772,234,0,3,0,8
156289.971766,2026-07-15T05:50:29.776,234,0,3,0,8
156289.974563,2026-07-15T05:50:29.778,234,0,3,0,8
156289.977429,2026-07-15T05:50:29.781,234,0,3,0,8
156289.980202,2026-07-15T05:50:29.783,234,0,3,0,8
156289.982578,2026-07-15T05:50:29.786,234,0,3,0,8
156289.985233,2026-07-15T05:50:29.789,234,0,3,0,8
156289.987756,2026-07-15T05:50:29.791,234,0,3,0,8
156289.989986,2026-07-15T05:50:29.794,234,0,3,0,8
156289.992778,2026-07-15T05:50:29.796,234,0,3,0,8
156289.995117,2026-07-15T05:50:29.799,234,0,3,0,8
156289.998043,2026-07-15T05:50:29.801,234,0,3,0,8
156290.000800,2026-07-15T05:50:29.805,234,0,3,0,8
156290.003336,2026-07-15T05:50:29.807,234,0,3,0,8
156290.006341,2026-07-15T05:50:29.810,234,0,3,0,8
156290.009196,2026-07-15T05:50:29.813,234,0,3,0,8
156290.012163,2026-07-15T05:50:29.816,234,0,3,0,8
156290.014955,2026-07-15T05:50:29.818,234,0,3,0,8
156290.017778,2026-07-15T05:50:29.821,234,0,3,0,8
156290.020359,2026-07-15T05:50:29.824,234,0,3,0,8
156290.023168,2026-07-15T05:50:29.826,234,0,3,0,8
156290.025885,2026-07-15T05:50:29.830,234,0,3,0,8
156290.028726,2026-07-15T05:50:29.832,234,0,3,0,8
156290.031469,2026-07-15T05:50:29.835,234,0,3,0,8
156290.034133,2026-07-15T05:50:29.838,234,0,3,0,8
156290.036448,2026-07-15T05:50:29.840,234,0,3,0,8
156290.039188,2026-07-15T05:50:29.842,234,0,3,0,8
156290.041949,2026-07-15T05:50:29.845,234,0,3,0,8
156290.044468,2026-07-15T05:50:29.848,234,0,3,0,8
156290.047171,2026-07-15T05:50:29.851,234,0,3,0,8
156290.049342,2026-07-15T05:50:29.853,234,0,3,0,8
156290.052311,2026-07-15T05:50:29.855,234,0,3,0,8
156290.055186,2026-07-15T05:50:29.858,234,0,3,0,8
156290.058232,2026-07-15T05:50:29.861,234,0,3,0,8
156290.061265,2026-07-15T05:50:29.865,234,0,3,0,8
156290.064018,2026-07-15T05:50:29.868,234,0,3,0,8
156290.066845,2026-07-15T05:50:29.870,234,0,3,0,8
156290.069579,2026-07-15T05:50:29.874,234,0,3,0,8
156290.072431,2026-07-15T05:50:29.876,234,0,3,0,8
156290.075326,2026-07-15T05:50:29.879,234,0,3,0,8
156290.077803,2026-07-15T05:50:29.882,234,0,3,0,8
156290.080363,2026-07-15T05:50:29.884,234,0,3,0,8
156290.083897,2026-07-15T05:50:29.888,234,0,3,0,8
156290.086645,2026-07-15T05:50:29.890,234,0,3,0,8
156290.089184,2026-07-15T05:50:29.892,234,0,3,0,8
156290.091599,2026-07-15T05:50:29.895,234,0,3,0,8
156290.094869,2026-07-15T05:50:29.897,234,0,3,0,8
156290.097605,2026-07-15T05:50:29.901,234,0,3,0,8
156290.100337,2026-07-15T05:50:29.904,234,0,3,0,8
156290.103040,2026-07-15T05:50:29.906,234,0,3,0,8
156290.105325,2026-07-15T05:50:29.908,234,0,3,0,8
156290.107732,2026-07-15T05:50:29.912,234,0,3,0,8
156290.110463,2026-07-15T05:50:29.914,193,0,3,0,8
156290.113399,2026-07-15T05:50:29.916,193,0,3,0,8
156290.115968,2026-07-15T05:50:29.919,193,0,3,0,8
156290.118584,2026-07-15T05:50:29.922,193,0,3,0,8
156290.120926,2026-07-15T05:50:29.924,193,0,3,0,8
156290.123162,2026-07-15T05:50:29.927,193,0,3,0,8
156290.125695,2026-07-15T05:50:29.928,193,0,3,0,8
156290.128216,2026-07-15T05:50:29.931,193,0,3,0,8
156290.130540,2026-07-15T05:50:29.934,193,0,3,0,8
156290.132850,2026-07-15T05:50:29.937,193,0,3,0,8
156290.135275,2026-07-15T05:50:29.939,193,0,3,0,8
156290.138150,2026-07-15T05:50:29.942,193,0,3,0,8
156290.141033,2026-07-15T05:50:29.944,193,0,3,0,8
156290.143785,2026-07-15T05:50:29.948,193,0,3,0,8
156290.146688,2026-07-15T05:50:29.950,193,0,3,0,8
156290.149542,2026-07-15T05:50:29.953,193,0,3,0,8
156290.152424,2026-07-15T05:50:29.956,193,0,3,0,8
156290.154750,2026-07-15T05:50:29.959,193,0,3,0,8
156290.157326,2026-07-15T05:50:29.961,193,0,3,0,8
156290.160002,2026-07-15T05:50:29.963,193,0,3,0,8
156290.162765,2026-07-15T05:50:29.965,193,0,3,0,8
156290.165363,2026-07-15T05:50:29.969,193,0,3,0,8
156290.167886,2026-07-15T05:50:29.971,193,0,3,0,8
156290.170386,2026-07-15T05:50:29.974,193,0,3,0,8
156290.172640,2026-07-15T05:50:29.977,193,0,3,0,8
156290.174828,2026-07-15T05:50:29.979,193,0,3,0,8
156290.176974,2026-07-15T05:50:29.981,193,0,3,0,8
156290.179211,2026-07-15T05:50:29.983,193,0,3,0,8
156290.181295,2026-07-15T05:50:29.985,193,0,3,0,8
156290.184158,2026-07-15T05:50:29.988,193,0,3,0,8
156290.186533,2026-07-15T05:50:29.990,193,0,3,0,8
156290.188596,2026-07-15T05:50:29.992,193,0,3,0,8
156290.190690,2026-07-15T05:50:29.994,193,0,3,0,8
156290.193304,2026-07-15T05:50:29.997,193,0,3,0,8
156290.195959,2026-07-15T05:50:30.000,193,0,3,0,8
156290.198697,2026-07-15T05:50:30.003,193,0,3,0,8
156290.201296,2026-07-15T05:50:30.005,193,0,3,0,8
156290.204126,2026-07-15T05:50:30.008,193,0,3,0,8
156290.206189,2026-07-15T05:50:30.009,193,0,3,0,8
156290.209124,2026-07-15T05:50:30.013,193,0,3,0,8
156290.211801,2026-07-15T05:50:30.016,193,0,3,0,8
156290.214482,2026-07-15T05:50:30.018,193,0,3,0,8
156290.216720,2026-07-15T05:50:30.021,193,0,3,0,8
156290.219206,2026-07-15T05:50:30.023,193,0,3,0,8
156290.221790,2026-07-15T05:50:30.025,193,0,3,0,8
156290.224442,2026-07-15T05:50:30.028,193,0,3,0,8
156290.227053,2026-07-15T05:50:30.031,193,0,3,0,8
156290.230118,2026-07-15T05:50:30.034,193,0,3,0,8
156290.232490,2026-07-15T05:50:30.036,193,0,3,0,8
156290.235268,2026-07-15T05:50:30.039,193,0,3,0,8
156290.238056,2026-07-15T05:50:30.042,193,0,3,0,8
156290.240185,2026-07-15T05:50:30.044,193,0,3,0,8
156290.242559,2026-07-15T05:50:30.046,193,0,3,0,8
156290.245200,2026-07-15T05:50:30.049,193,0,3,0,8
156290.247586,2026-07-15T05:50:30.051,193,0,3,0,8
156290.250056,2026-07-15T05:50:30.053,193,0,3,0,8
156290.252456,2026-07-15T05:50:30.056,193,0,3,0,8
156290.255241,2026-07-15T05:50:30.058,193,0,3,0,8
156290.258129,2026-07-15T05:50:30.061,193,0,3,0,8
156290.260183,2026-07-15T05:50:30.063,193,0,3,0,8
156290.262996,2026-07-15T05:50:30.066,193,0,3,0,8
156290.265682,2026-07-15T05:50:30.069,193,0,3,0,8
156290.267870,2026-07-15T05:50:30.072,193,0,3,0,8
156290.271050,2026-07-15T05:50:30.075,193,0,3,0,8
156290.273260,2026-07-15T05:50:30.077,193,0,3,0,8
156290.275848,2026-07-15T05:50:30.080,193,0,3,0,8
156290.278117,2026-07-15T05:50:30.081,193,0,3,0,8
156290.280567,2026-07-15T05:50:30.085,193,0,3,0,8
156290.284242,2026-07-15T05:50:30.087,193,0,3,0,8
156290.287190,2026-07-15T05:50:30.090,193,0,3,0,8
156290.290481,2026-07-15T05:50:30.093,193,0,3,0,8
156290.293541,2026-07-15T05:50:30.097,193,0,3,0,8
156290.296600,2026-07-15T05:50:30.100,193,0,3,0,8
156290.299075,2026-07-15T05:50:30.102,193,0,3,0,8
156290.301878,2026-07-15T05:50:30.105,193,0,3,0,8
156290.304513,2026-07-15T05:50:30.108,193,0,3,0,8
156290.307388,2026-07-15T05:50:30.111,193,0,3,0,8
156290.310338,2026-07-15T05:50:30.113,193,0,3,0,8
156290.313184,2026-07-15T05:50:30.117,193,0,3,0,8
156290.315686,2026-07-15T05:50:30.119,193,0,3,0,8
156290.318529,2026-07-15T05:50:30.122,193,0,3,0,8
156290.321179,2026-07-15T05:50:30.125,193,0,3,0,8
156290.323871,2026-07-15T05:50:30.128,193,0,3,0,8
156290.326495,2026-07-15T05:50:30.130,193,0,3,0,8
156290.328998,2026-07-15T05:50:30.133,193,0,3,0,8
156290.331707,2026-07-15T05:50:30.136,193,0,3,0,8
156290.334315,2026-07-15T05:50:30.138,193,0,3,0,8
156290.336547,2026-07-15T05:50:30.140,193,0,3,0,8
156290.339094,2026-07-15T05:50:30.143,193,0,3,0,8
156290.341485,2026-07-15T05:50:30.145,193,0,3,0,8
156290.343991,2026-07-15T05:50:30.148,193,0,3,0,8
156290.346236,2026-07-15T05:50:30.149,193,0,3,0,8
156290.348803,2026-07-15T05:50:30.152,193,0,3,0,8
156290.351184,2026-07-15T05:50:30.155,193,0,3,0,8
156290.353642,2026-07-15T05:50:30.157,193,0,3,0,8
156290.356507,2026-07-15T05:50:30.160,193,0,3,0,8
156290.359190,2026-07-15T05:50:30.163,193,0,3,0,8
156290.361771,2026-07-15T05:50:30.165,193,0,3,0,8
156290.364316,2026-07-15T05:50:30.168,153,0,3,0,8
156290.367277,2026-07-15T05:50:30.171,153,0,3,0,8
156290.371211,2026-07-15T05:50:30.175,153,0,3,0,8
156290.374123,2026-07-15T05:50:30.178,153,0,3,0,8
156290.376946,2026-07-15T05:50:30.180,153,0,3,0,8
156290.379765,2026-07-15T05:50:30.184,153,0,3,0,8
156290.381947,2026-07-15T05:50:30.186,153,0,3,0,8
156290.385928,2026-07-15T05:50:30.189,153,0,3,0,8
156290.389008,2026-07-15T05:50:30.193,153,0,3,0,8
156290.391506,2026-07-15T05:50:30.195,153,0,3,0,8
156290.394107,2026-07-15T05:50:30.198,153,0,3,0,8
156290.396983,2026-07-15T05:50:30.200,153,0,3,0,8
156290.399761,2026-07-15T05:50:30.204,153,0,3,0,8
156290.402556,2026-07-15T05:50:30.206,153,0,3,0,8
156290.404913,2026-07-15T05:50:30.208,153,0,3,0,8
156290.407818,2026-07-15T05:50:30.211,153,0,3,0,8
156290.410759,2026-07-15T05:50:30.213,153,0,3,0,8
156290.413663,2026-07-15T05:50:30.217,153,0,3,0,8
156290.416464,2026-07-15T05:50:30.220,153,0,3,0,8
156290.419371,2026-07-15T05:50:30.223,153,0,3,0,8
156290.422340,2026-07-15T05:50:30.226,153,0,3,0,8
156290.424657,2026-07-15T05:50:30.229,153,0,3,0,8
156290.426979,2026-07-15T05:50:30.231,153,0,3,0,8
156290.429390,2026-07-15T05:50:30.233,153,0,3,0,8
156290.432097,2026-07-15T05:50:30.236,153,0,3,0,8
156290.434554,2026-07-15T05:50:30.238,153,0,3,0,8
156290.437026,2026-07-15T05:50:30.240,153,0,3,0,8
156290.439170,2026-07-15T05:50:30.242,153,0,3,0,8
156290.441735,2026-07-15T05:50:30.246,153,0,3,0,8
156290.444269,2026-07-15T05:50:30.248,153,0,3,0,8
156290.446505,2026-07-15T05:50:30.251,153,0,3,0,8
156290.448881,2026-07-15T05:50:30.253,153,0,3,0,8
156290.451070,2026-07-15T05:50:30.255,153,0,3,0,8
156290.453979,2026-07-15T05:50:30.257,153,0,3,0,8
156290.456708,2026-07-15T05:50:30.260,153,0,3,0,8
156290.459613,2026-07-15T05:50:30.263,153,0,3,0,8
156290.462144,2026-07-15T05:50:30.266,153,0,3,0,8
156290.464668,2026-07-15T05:50:30.269,153,0,3,0,8
156290.467204,2026-07-15T05:50:30.271,153,0,3,0,8
156290.469896,2026-07-15T05:50:30.273,153,0,3,0,8
156290.472918,2026-07-15T05:50:30.276,153,0,3,0,8
156290.475625,2026-07-15T05:50:30.280,153,0,3,0,8
156290.478180,2026-07-15T05:50:30.282,153,0,3,0,8
156290.480747,2026-07-15T05:50:30.285,153,0,3,0,8
156290.483069,2026-07-15T05:50:30.287,153,0,3,0,8
156290.486083,2026-07-15T05:50:30.290,153,0,3,0,8
156290.489139,2026-07-15T05:50:30.293,153,0,3,0,8
156290.492153,2026-07-15T05:50:30.296,153,0,3,0,8
156290.494785,2026-07-15T05:50:30.298,153,0,3,0,8
156290.497519,2026-07-15T05:50:30.301,153,0,3,0,8
156290.500224,2026-07-15T05:50:30.304,153,0,3,0,8
156290.503220,2026-07-15T05:50:30.306,153,0,3,0,8
156290.505694,2026-07-15T05:50:30.309,153,0,3,0,8
156290.508659,2026-07-15T05:50:30.312,153,0,3,0,8
156290.511469,2026-07-15T05:50:30.315,153,0,3,0,8
156290.514205,2026-07-15T05:50:30.318,153,0,3,0,8
156290.517076,2026-07-15T05:50:30.321,153,0,3,0,8
156290.519738,2026-07-15T05:50:30.323,153,0,3,0,8
156290.522535,2026-07-15T05:50:30.326,153,0,3,0,8
156290.525340,2026-07-15T05:50:30.329,153,0,3,0,8
156290.527539,2026-07-15T05:50:30.331,153,0,3,0,8
156290.530055,2026-07-15T05:50:30.334,153,0,3,0,8
156290.532767,2026-07-15T05:50:30.337,153,0,3,0,8
156290.534946,2026-07-15T05:50:30.338,153,0,3,0,8
156290.537724,2026-07-15T05:50:30.340,153,0,3,0,8
156290.540267,2026-07-15T05:50:30.344,153,0,3,0,8
156290.543354,2026-07-15T05:50:30.347,153,0,3,0,8
156290.546059,2026-07-15T05:50:30.350,153,0,3,0,8
156290.548776,2026-07-15T05:50:30.352,153,0,3,0,8
156290.551299,2026-07-15T05:50:30.355,153,0,3,0,8
156290.554145,2026-07-15T05:50:30.357,153,0,3,0,8
156290.556910,2026-07-15T05:50:30.360,153,0,3,0,8
156290.559655,2026-07-15T05:50:30.363,153,0,3,0,8
156290.562732,2026-07-15T05:50:30.366,153,0,3,0,8
156290.565165,2026-07-15T05:50:30.369,153,0,3,0,8
156290.567615,2026-07-15T05:50:30.371,153,0,3,0,8
156290.570204,2026-07-15T05:50:30.374,153,0,3,0,8
156290.573100,2026-07-15T05:50:30.377,153,0,3,0,8
156290.575788,2026-07-15T05:50:30.380,153,0,3,0,8
156290.578309,2026-07-15T05:50:30.382,153,0,3,0,8
156290.580961,2026-07-15T05:50:30.385,153,0,3,0,8
156290.583680,2026-07-15T05:50:30.388,153,0,3,0,8
156290.587276,2026-07-15T05:50:30.391,153,0,3,0,8
156290.590400,2026-07-15T05:50:30.394,153,0,3,0,8
156290.593511,2026-07-15T05:50:30.397,153,0,3,0,8
156290.596113,2026-07-15T05:50:30.400,153,0,3,0,8
156290.598732,2026-07-15T05:50:30.402,153,0,3,0,8
156290.601323,2026-07-15T05:50:30.405,153,0,3,0,8
156290.604025,2026-07-15T05:50:30.408,153,0,3,0,8
156290.606801,2026-07-15T05:50:30.410,153,0,3,0,7
156290.609434,2026-07-15T05:50:30.413,111,0,3,0,7
156290.612414,2026-07-15T05:50:30.415,111,0,3,0,7
156290.614792,2026-07-15T05:50:30.419,111,0,3,0,7
156290.617727,2026-07-15T05:50:30.421,111,0,3,0,7
156290.621217,2026-07-15T05:50:30.425,111,0,3,0,7
156290.623964,2026-07-15T05:50:30.427,111,0,3,0,7
156290.626725,2026-07-15T05:50:30.430,111,0,3,0,7
156290.629749,2026-07-15T05:50:30.433,111,0,3,0,7
156290.632335,2026-07-15T05:50:30.436,111,0,3,0,7
156290.635029,2026-07-15T05:50:30.439,111,0,3,0,7
156290.637825,2026-07-15T05:50:30.441,111,0,3,0,7
156290.640356,2026-07-15T05:50:30.444,111,0,3,0,7
156290.643211,2026-07-15T05:50:30.447,111,0,3,0,7
156290.646108,2026-07-15T05:50:30.450,111,0,3,0,7
156290.648402,2026-07-15T05:50:30.452,111,0,3,0,7
156290.651239,2026-07-15T05:50:30.455,111,0,3,0,7
156290.653736,2026-07-15T05:50:30.457,111,0,3,0,7
156290.656486,2026-07-15T05:50:30.460,111,0,3,0,7
156290.659210,2026-07-15T05:50:30.462,111,0,3,0,7
156290.661745,2026-07-15T05:50:30.466,111,0,3,0,7
156290.664418,2026-07-15T05:50:30.468,111,0,3,0,7
156290.667293,2026-07-15T05:50:30.471,111,0,3,0,7
156290.670031,2026-07-15T05:50:30.474,111,0,3,0,7
156290.672765,2026-07-15T05:50:30.477,111,0,3,0,7
156290.675171,2026-07-15T05:50:30.479,111,0,3,0,7
156290.678047,2026-07-15T05:50:30.482,111,0,3,0,7
156290.680679,2026-07-15T05:50:30.485,111,0,3,0,7
156290.683650,2026-07-15T05:50:30.487,111,0,3,0,7
156290.686388,2026-07-15T05:50:30.490,111,0,3,0,7
156290.689529,2026-07-15T05:50:30.493,111,0,3,0,7
156290.692444,2026-07-15T05:50:30.496,111,0,3,0,7
156290.695033,2026-07-15T05:50:30.498,111,0,3,0,7
156290.697236,2026-07-15T05:50:30.501,111,0,3,0,7
156290.699578,2026-07-15T05:50:30.504,111,0,3,0,7
156290.701650,2026-07-15T05:50:30.506,111,0,3,0,7
156290.703962,2026-07-15T05:50:30.508,111,0,3,0,7
156290.706514,2026-07-15T05:50:30.511,111,0,3,0,7
156290.708708,2026-07-15T05:50:30.512,111,0,3,0,7
156290.710943,2026-07-15T05:50:30.515,111,0,3,0,7
156290.713237,2026-07-15T05:50:30.516,111,0,3,0,7
156290.715584,2026-07-15T05:50:30.519,111,0,3,0,7
156290.717648,2026-07-15T05:50:30.522,111,0,3,0,7
156290.720269,2026-07-15T05:50:30.524,111,0,3,0,7
156290.722458,2026-07-15T05:50:30.526,111,0,3,0,7
156290.724727,2026-07-15T05:50:30.528,111,0,3,0,7
156290.726954,2026-07-15T05:50:30.531,111,0,3,0,7
156290.729556,2026-07-15T05:50:30.533,111,0,3,0,7
156290.731868,2026-07-15T05:50:30.536,111,0,3,0,7
156290.733975,2026-07-15T05:50:30.538,111,0,3,0,7
156290.736531,2026-07-15T05:50:30.540,111,0,3,0,7
156290.738558,2026-07-15T05:50:30.542,111,0,3,0,7
156290.741471,2026-07-15T05:50:30.545,111,0,3,0,7
156290.744250,2026-07-15T05:50:30.547,111,0,3,0,7
156290.747052,2026-07-15T05:50:30.550,111,0,3,0,7
156290.749663,2026-07-15T05:50:30.553,111,0,3,0,7
156290.752837,2026-07-15T05:50:30.556,111,0,3,0,7
156290.755057,2026-07-15T05:50:30.559,111,0,3,0,7
156290.757784,2026-07-15T05:50:30.562,111,0,3,0,7
156290.760333,2026-07-15T05:50:30.564,111,0,3,0,7
156290.763021,2026-07-15T05:50:30.566,111,0,3,0,7
156290.765547,2026-07-15T05:50:30.569,111,0,3,0,7
156290.768289,2026-07-15T05:50:30.572,111,0,3,0,7
156290.770879,2026-07-15T05:50:30.574,111,0,3,0,7
156290.773317,2026-07-15T05:50:30.577,111,0,3,0,7
156290.776103,2026-07-15T05:50:30.580,111,0,3,0,7
156290.778564,2026-07-15T05:50:30.582,111,0,3,0,7
156290.781417,2026-07-15T05:50:30.585,111,0,3,0,7
156290.784970,2026-07-15T05:50:30.589,111,0,3,0,7
156290.788361,2026-07-15T05:50:30.592,111,0,3,0,7
156290.791034,2026-07-15T05:50:30.595,111,0,3,0,7
156290.793755,2026-07-15T05:50:30.597,111,0,3,0,7
156290.796190,2026-07-15T05:50:30.600,111,0,3,0,7
156290.798800,2026-07-15T05:50:30.603,111,0,3,0,7
156290.801745,2026-07-15T05:50:30.606,111,0,3,0,7
156290.804568,2026-07-15T05:50:30.608,111,0,3,0,7
156290.807325,2026-07-15T05:50:30.611,111,0,3,0,7
156290.809959,2026-07-15T05:50:30.614,111,0,3,0,7
156290.812363,2026-07-15T05:50:30.616,111,0,3,0,7
156290.815159,2026-07-15T05:50:30.618,111,0,3,0,7
156290.818251,2026-07-15T05:50:30.622,111,0,3,0,7
156290.821065,2026-07-15T05:50:30.625,111,0,3,0,7
156290.824006,2026-07-15T05:50:30.628,111,0,3,0,7
156290.827039,2026-07-15T05:50:30.631,111,0,3,0,7
156290.829928,2026-07-15T05:50:30.634,111,0,3,0,7
156290.832524,2026-07-15T05:50:30.636,111,0,3,0,7
156290.835343,2026-07-15T05:50:30.639,111,0,3,0,7
156290.838338,2026-07-15T05:50:30.642,111,0,3,0,7
156290.841231,2026-07-15T05:50:30.645,111,0,3,0,7
156290.843614,2026-07-15T05:50:30.648,111,0,3,0,7
156290.846471,2026-07-15T05:50:30.650,111,0,3,0,7
156290.849167,2026-07-15T05:50:30.653,111,0,3,0,8
156290.852140,2026-07-15T05:50:30.656,70,0,3,0,8
156290.854678,2026-07-15T05:50:30.658,70,0,3,0,8
156290.857195,2026-07-15T05:50:30.661,70,0,3,0,8
156290.860340,2026-07-15T05:50:30.664,70,0,3,0,8
156290.863241,2026-07-15T05:50:30.667,70,0,3,0,8
156290.865828,2026-07-15T05:50:30.669,70,0,3,0,8
156290.868796,2026-07-15T05:50:30.672,70,0,3,0,8
156290.871655,2026-07-15T05:50:30.676,70,0,3,0,8
156290.874406,2026-07-15T05:50:30.678,70,0,3,0,8
156290.877499,2026-07-15T05:50:30.681,70,0,3,0,8
156290.880159,2026-07-15T05:50:30.684,70,0,3,0,8
156290.883881,2026-07-15T05:50:30.688,70,0,3,0,8
156290.886732,2026-07-15T05:50:30.689,70,0,3,0,8
156290.889251,2026-07-15T05:50:30.693,70,0,3,0,8
156290.892131,2026-07-15T05:50:30.695,70,0,3,0,8
156290.894576,2026-07-15T05:50:30.698,70,0,3,0,8
156290.897398,2026-07-15T05:50:30.701,70,0,3,0,8
156290.900065,2026-07-15T05:50:30.703,70,0,3,0,8
156290.902900,2026-07-15T05:50:30.706,70,0,3,0,8
156290.905360,2026-07-15T05:50:30.709,70,0,3,0,8
156290.908053,2026-07-15T05:50:30.712,70,0,3,0,8
156290.910626,2026-07-15T05:50:30.715,70,0,3,0,8
156290.913201,2026-07-15T05:50:30.717,70,0,3,0,8
156290.915440,2026-07-15T05:50:30.719,70,0,3,0,8
156290.918290,2026-07-15T05:50:30.722,70,0,3,0,8
156290.921122,2026-07-15T05:50:30.725,70,0,3,0,8
156290.923816,2026-07-15T05:50:30.727,70,0,3,0,8
156290.926382,2026-07-15T05:50:30.730,70,0,3,0,8
156290.929623,2026-07-15T05:50:30.733,70,0,3,0,8
156290.932322,2026-07-15T05:50:30.735,70,0,3,0,8
156290.934628,2026-07-15T05:50:30.738,70,0,3,0,8
156290.937296,2026-07-15T05:50:30.741,70,0,3,0,8
156290.939872,2026-07-15T05:50:30.744,70,0,3,0,8
156290.942474,2026-07-15T05:50:30.746,70,0,3,0,8
156290.945223,2026-07-15T05:50:30.749,70,0,3,0,8
156290.948015,2026-07-15T05:50:30.751,70,0,3,0,8
156290.950949,2026-07-15T05:50:30.755,70,0,3,0,8
156290.953775,2026-07-15T05:50:30.758,70,0,3,0,8
156290.956402,2026-07-15T05:50:30.760,70,0,3,0,8
156290.959251,2026-07-15T05:50:30.763,70,0,3,0,8
156290.961651,2026-07-15T05:50:30.764,70,0,3,0,8
156290.964591,2026-07-15T05:50:30.768,70,0,3,0,8
156290.967113,2026-07-15T05:50:30.770,70,0,3,0,8
156290.969585,2026-07-15T05:50:30.773,70,0,3,0,8
156290.972302,2026-07-15T05:50:30.776,70,0,3,0,8
156290.974325,2026-07-15T05:50:30.778,70,0,3,0,8
156290.977169,2026-07-15T05:50:30.781,70,0,3,0,8
156290.980008,2026-07-15T05:50:30.784,70,0,3,0,8
156290.982631,2026-07-15T05:50:30.786,70,0,3,0,8
156290.985161,2026-07-15T05:50:30.789,70,0,3,0,8
156290.988455,2026-07-15T05:50:30.792,70,0,3,0,8
156290.991270,2026-07-15T05:50:30.794,70,0,3,0,8
156290.993976,2026-07-15T05:50:30.798,70,0,3,0,8
156290.996809,2026-07-15T05:50:30.800,70,0,3,0,8
156290.999197,2026-07-15T05:50:30.803,70,0,3,0,8
156291.001504,2026-07-15T05:50:30.806,70,0,3,0,8
156291.004480,2026-07-15T05:50:30.808,70,0,3,0,8
156291.007042,2026-07-15T05:50:30.811,70,0,3,0,8
156291.009629,2026-07-15T05:50:30.813,70,0,3,0,8
156291.012497,2026-07-15T05:50:30.816,70,0,3,0,8
156291.015261,2026-07-15T05:50:30.819,70,0,3,0,8
156291.018149,2026-07-15T05:50:30.821,70,0,3,0,8
156291.020503,2026-07-15T05:50:30.825,70,0,3,0,8
156291.023082,2026-07-15T05:50:30.827,70,0,3,0,8
156291.025729,2026-07-15T05:50:30.830,70,0,3,0,8
156291.028342,2026-07-15T05:50:30.832,70,0,3,0,8
156291.030718,2026-07-15T05:50:30.834,70,0,3,0,8
156291.033408,2026-07-15T05:50:30.837,70,0,3,0,8
156291.036279,2026-07-15T05:50:30.839,70,0,3,0,8
156291.038798,2026-07-15T05:50:30.842,70,0,3,0,8
156291.041429,2026-07-15T05:50:30.845,70,0,3,0,8
156291.044156,2026-07-15T05:50:30.848,70,0,3,0,8
156291.047012,2026-07-15T05:50:30.850,70,0,3,0,8
156291.049447,2026-07-15T05:50:30.853,70,0,3,0,8
156291.052003,2026-07-15T05:50:30.855,70,0,3,0,8
156291.054334,2026-07-15T05:50:30.858,70,0,3,0,8
156291.056844,2026-07-15T05:50:30.860,70,0,3,0,8
156291.059194,2026-07-15T05:50:30.862,70,0,3,0,8
156291.061642,2026-07-15T05:50:30.865,70,0,3,0,8
156291.064249,2026-07-15T05:50:30.868,70,0,3,0,8
156291.066328,2026-07-15T05:50:30.870,70,0,3,0,8
156291.069003,2026-07-15T05:50:30.873,70,0,3,0,8
156291.071300,2026-07-15T05:50:30.875,70,0,3,0,8
156291.074267,2026-07-15T05:50:30.877,70,0,3,0,8
156291.077226,2026-07-15T05:50:30.880,70,0,3,0,8
156291.079860,2026-07-15T05:50:30.883,70,0,3,0,8
156291.082812,2026-07-15T05:50:30.886,70,0,3,0,8
156291.085687,2026-07-15T05:50:30.889,70,0,3,0,8
156291.089589,2026-07-15T05:50:30.893,70,0,3,0,8
156291.092443,2026-07-15T05:50:30.896,70,0,3,0,8
156291.095156,2026-07-15T05:50:30.899,70,0,3,0,8
156291.097963,2026-07-15T05:50:30.901,28,0,3,0,8
156291.100214,2026-07-15T05:50:30.903,28,0,3,0,8
156291.102412,2026-07-15T05:50:30.906,28,0,3,0,8
156291.105223,2026-07-15T05:50:30.909,28,0,3,0,8
156291.107945,2026-07-15T05:50:30.911,28,0,3,0,8
156291.110347,2026-07-15T05:50:30.914,28,0,3,0,8
156291.113152,2026-07-15T05:50:30.916,28,0,3,0,8
156291.115937,2026-07-15T05:50:30.920,28,0,3,0,8
156291.118540,2026-07-15T05:50:30.922,28,0,3,0,8
156291.120972,2026-07-15T05:50:30.925,28,0,3,0,8
156291.123743,2026-07-15T05:50:30.927,28,0,3,0,8
156291.126210,2026-07-15T05:50:30.930,28,0,3,0,8
156291.128542,2026-07-15T05:50:30.932,28,0,3,0,8
156291.130803,2026-07-15T05:50:30.934,28,0,3,0,8
156291.133354,2026-07-15T05:50:30.937,28,0,3,0,8
156291.135645,2026-07-15T05:50:30.940,28,0,3,0,8
156291.137801,2026-07-15T05:50:30.941,28,0,3,0,8
156291.140661,2026-07-15T05:50:30.944,28,0,3,0,8
156291.144453,2026-07-15T05:50:30.948,28,0,3,0,8
156291.147265,2026-07-15T05:50:30.951,28,0,3,0,8
156291.150157,2026-07-15T05:50:30.954,28,0,3,0,8
156291.152918,2026-07-15T05:50:30.956,28,0,3,0,8
156291.155528,2026-07-15T05:50:30.959,28,0,3,0,8
156291.158156,2026-07-15T05:50:30.962,28,0,3,0,8
156291.160667,2026-07-15T05:50:30.964,28,0,3,0,8
156291.163248,2026-07-15T05:50:30.967,28,0,3,0,8
156291.165706,2026-07-15T05:50:30.969,28,0,3,0,8
156291.168116,2026-07-15T05:50:30.972,28,0,3,0,8
156291.170560,2026-07-15T05:50:30.974,28,0,3,0,8
156291.173218,2026-07-15T05:50:30.977,28,0,3,0,8
156291.175985,2026-07-15T05:50:30.979,28,0,3,0,8
156291.178439,2026-07-15T05:50:30.982,28,0,3,0,8
156291.180757,2026-07-15T05:50:30.984,28,0,3,0,8
156291.183384,2026-07-15T05:50:30.987,28,0,3,0,8
156291.185834,2026-07-15T05:50:30.989,28,0,3,0,8
156291.188569,2026-07-15T05:50:30.993,28,0,3,0,8
156291.191002,2026-07-15T05:50:30.995,28,0,3,0,8
156291.193767,2026-07-15T05:50:30.998,28,0,3,0,8
156291.196513,2026-07-15T05:50:31.000,28,0,3,0,8
156291.199217,2026-07-15T05:50:31.003,28,0,3,0,8
156291.201734,2026-07-15T05:50:31.005,28,0,3,0,8
156291.204574,2026-07-15T05:50:31.008,28,0,3,0,8
156291.206948,2026-07-15T05:50:31.010,28,0,3,0,8
156291.209598,2026-07-15T05:50:31.014,28,0,3,0,8
156291.212123,2026-07-15T05:50:31.016,28,0,3,0,8
156291.214355,2026-07-15T05:50:31.018,28,0,3,0,8
156291.216561,2026-07-15T05:50:31.020,28,0,3,0,8
156291.219197,2026-07-15T05:50:31.022,28,0,3,0,8
156291.222060,2026-07-15T05:50:31.026,28,0,3,0,8
156291.224774,2026-07-15T05:50:31.029,28,0,3,0,8
156291.227327,2026-07-15T05:50:31.031,28,0,3,0,8
156291.229925,2026-07-15T05:50:31.034,28,0,3,0,8
156291.231991,2026-07-15T05:50:31.035,28,0,3,0,8
156291.234738,2026-07-15T05:50:31.038,28,0,3,0,8
156291.236899,2026-07-15T05:50:31.041,28,0,3,0,8
156291.239574,2026-07-15T05:50:31.043,28,0,3,0,8
156291.242337,2026-07-15T05:50:31.046,28,0,3,0,8
156291.245209,2026-07-15T05:50:31.048,28,0,3,0,8
156291.247591,2026-07-15T05:50:31.052,28,0,3,0,8
156291.250334,2026-07-15T05:50:31.053,28,0,3,0,8
156291.253084,2026-07-15T05:50:31.057,28,0,3,0,8
156291.255546,2026-07-15T05:50:31.059,28,0,3,0,8
156291.258336,2026-07-15T05:50:31.061,28,0,3,0,8
156291.261026,2026-07-15T05:50:31.065,28,0,3,0,8
156291.263636,2026-07-15T05:50:31.067,28,0,3,0,8
156291.266264,2026-07-15T05:50:31.069,28,0,3,0,8
156291.268956,2026-07-15T05:50:31.072,28,0,3,0,8
156291.271373,2026-07-15T05:50:31.075,28,0,3,0,8
156291.273877,2026-07-15T05:50:31.077,28,0,3,0,8
156291.276488,2026-07-15T05:50:31.080,28,0,3,0,8
156291.279463,2026-07-15T05:50:31.083,28,0,3,0,8
156291.281817,2026-07-15T05:50:31.086,28,0,3,0,8
156291.284422,2026-07-15T05:50:31.088,28,0,3,0,8
156291.288009,2026-07-15T05:50:31.092,28,0,3,0,8
156291.290253,2026-07-15T05:50:31.094,28,0,3,0,8
156291.292634,2026-07-15T05:50:31.097,28,0,3,0,8
156291.294729,2026-07-15T05:50:31.098,28,0,3,0,8
156291.297363,2026-07-15T05:50:31.101,28,0,3,0,8
156291.299742,2026-07-15T05:50:31.104,28,0,3,0,8
156291.301841,2026-07-15T05:50:31.105,28,0,3,0,8
156291.304471,2026-07-15T05:50:31.108,28,0,3,0,8
156291.307084,2026-07-15T05:50:31.111,28,0,3,0,8
156291.309227,2026-07-15T05:50:31.113,28,0,3,0,8
156291.312256,2026-07-15T05:50:31.116,28,0,3,0,8
156291.314909,2026-07-15T05:50:31.119,28,0,3,0,8
156291.317672,2026-07-15T05:50:31.121,28,0,3,0,8
156291.320369,2026-07-15T05:50:31.124,28,0,3,0,8
156291.322658,2026-07-15T05:50:31.126,28,0,3,0,8
156291.324894,2026-07-15T05:50:31.129,28,0,3,0,8
156291.327475,2026-07-15T05:50:31.131,28,0,3,0,8
156291.329953,2026-07-15T05:50:31.134,28,0,3,0,8
156291.331999,2026-07-15T05:50:31.136,28,0,3,0,8
156291.334354,2026-07-15T05:50:31.138,28,0,3,0,8
156291.336964,2026-07-15T05:50:31.140,28,0,3,0,8
156291.339073,2026-07-15T05:50:31.142,3,3,3,0,0
156291.341185,2026-07-15T05:50:31.145,3,3,3,0,0
156291.343675,2026-07-15T05:50:31.148,3,3,3,0,0
156291.346262,2026-07-15T05:50:31.150,3,3,3,0,0
156291.350558,2026-07-15T05:50:31.154,3,3,3,0,0
156291.352615,2026-07-15T05:50:31.157,3,3,3,0,0
156291.354748,2026-07-15T05:50:31.159,3,3,3,0,0
156291.357063,2026-07-15T05:50:31.161,3,3,3,0,0
156291.359605,2026-07-15T05:50:31.163,3,3,3,0,0
156291.361909,2026-07-15T05:50:31.165,3,3,3,0,0
156291.364521,2026-07-15T05:50:31.168,3,3,3,0,0
156291.366839,2026-07-15T05:50:31.170,3,3,3,0,0
156291.369367,2026-07-15T05:50:31.173,3,3,3,0,0
156291.371887,2026-07-15T05:50:31.175,3,3,3,0,0
156291.373976,2026-07-15T05:50:31.177,3,3,3,0,0
156291.376407,2026-07-15T05:50:31.180,3,3,3,0,0
156291.378871,2026-07-15T05:50:31.182,3,3,3,0,0
156291.381248,2026-07-15T05:50:31.185,3,3,3,0,0
156291.383418,2026-07-15T05:50:31.187,3,3,3,0,0
156291.385491,2026-07-15T05:50:31.188,3,3,3,0,0
156291.387560,2026-07-15T05:50:31.191,3,3,3,0,0
156291.390233,2026-07-15T05:50:31.194,3,3,3,0,0
156291.392420,2026-07-15T05:50:31.196,3,3,3,0,0
156291.394675,2026-07-15T05:50:31.198,3,3,3,0,0
156291.396994,2026-07-15T05:50:31.201,3,3,3,0,0
156291.399422,2026-07-15T05:50:31.203,3,3,3,0,0
156291.401479,2026-07-15T05:50:31.205,3,3,3,0,0
156291.404076,2026-07-15T05:50:31.208,3,3,3,0,0
156291.406558,2026-07-15T05:50:31.210,3,3,3,0,0
156291.408706,2026-07-15T05:50:31.212,3,3,3,0,0
156291.410714,2026-07-15T05:50:31.215,3,3,3,0,0
156291.412966,2026-07-15T05:50:31.217,3,3,3,0,0
156291.415338,2026-07-15T05:50:31.219,3,3,3,0,0
156291.417908,2026-07-15T05:50:31.222,3,3,3,0,0
156291.420456,2026-07-15T05:50:31.224,3,3,3,0,0
156291.423046,2026-07-15T05:50:31.227,3,3,3,0,0
156291.425654,2026-07-15T05:50:31.229,3,3,3,0,0
156291.428259,2026-07-15T05:50:31.231,3,3,3,0,0
156291.430610,2026-07-15T05:50:31.234,3,3,3,0,0
156291.433372,2026-07-15T05:50:31.237,3,3,3,0,0
156291.436500,2026-07-15T05:50:31.239,3,3,3,0,0
156291.439024,2026-07-15T05:50:31.242,3,3,3,0,0
156291.441504,2026-07-15T05:50:31.245,3,3,3,0,0
156291.443911,2026-07-15T05:50:31.247,3,3,3,0,0
156291.446523,2026-07-15T05:50:31.250,3,3,3,0,0
156291.449004,2026-07-15T05:50:31.252,3,3,3,0,0
156291.451782,2026-07-15T05:50:31.256,3,3,3,0,0
156291.454250,2026-07-15T05:50:31.257,3,3,3,0,0
156291.456836,2026-07-15T05:50:31.260,3,3,3,0,0
156291.459762,2026-07-15T05:50:31.264,3,3,3,0,0
156291.462892,2026-07-15T05:50:31.267,3,3,3,0,0
156291.465398,2026-07-15T05:50:31.268,3,3,3,0,0
156291.468102,2026-07-15T05:50:31.272,3,3,3,0,0
156291.470286,2026-07-15T05:50:31.273,3,3,3,0,0
156291.473037,2026-07-15T05:50:31.276,3,3,3,0,0
156291.476306,2026-07-15T05:50:31.280,3,3,3,0,0
156291.479189,2026-07-15T05:50:31.283,3,3,3,0,0
156291.481994,2026-07-15T05:50:31.285,3,3,3,0,0
156291.484772,2026-07-15T05:50:31.288,3,3,3,0,0
156291.487203,2026-07-15T05:50:31.291,3,3,3,0,0
156291.490298,2026-07-15T05:50:31.294,3,3,3,0,0
156291.493192,2026-07-15T05:50:31.297,3,3,3,0,0
156291.495522,2026-07-15T05:50:31.299,3,3,3,0,0
156291.498045,2026-07-15T05:50:31.302,3,3,3,0,0
156291.500538,2026-07-15T05:50:31.304,3,3,3,0,0
156291.503299,2026-07-15T05:50:31.307,3,3,3,0,0
156291.506232,2026-07-15T05:50:31.310,3,3,3,0,0
156291.509074,2026-07-15T05:50:31.313,3,3,3,0,0
156291.512364,2026-07-15T05:50:31.316,3,3,3,0,0
156291.515275,2026-07-15T05:50:31.319,3,3,3,0,0
156291.517622,2026-07-15T05:50:31.322,3,3,3,0,0
156291.519937,2026-07-15T05:50:31.323,3,3,3,0,0
156291.522540,2026-07-15T05:50:31.327,3,3,3,0,0
156291.525107,2026-07-15T05:50:31.329,3,3,3,0,0
156291.527409,2026-07-15T05:50:31.331,3,3,3,0,0
156291.529795,2026-07-15T05:50:31.334,3,3,3,0,0
156291.532120,2026-07-15T05:50:31.336,3,3,3,0,0
156291.534581,2026-07-15T05:50:31.338,3,3,3,0,0
156291.536912,2026-07-15T05:50:31.341,3,3,3,0,0
156291.539127,2026-07-15T05:50:31.343,3,3,3,0,0
156291.541488,2026-07-15T05:50:31.345,3,3,3,0,0
156291.543842,2026-07-15T05:50:31.348,3,3,3,0,0
156291.546157,2026-07-15T05:50:31.350,3,3,3,0,0
156291.548801,2026-07-15T05:50:31.353,3,3,3,0,0
156291.551024,2026-07-15T05:50:31.355,3,3,3,0,0
156291.553810,2026-07-15T05:50:31.358,3,3,3,0,0
156291.556279,2026-07-15T05:50:31.360,3,3,3,0,0
156291.558711,2026-07-15T05:50:31.363,3,3,3,0,0
156291.560841,2026-07-15T05:50:31.365,3,3,3,0,0
156291.563727,2026-07-15T05:50:31.368,3,3,3,0,0
156291.565946,2026-07-15T05:50:31.369,3,3,3,0,0
156291.568598,2026-07-15T05:50:31.372,3,3,3,0,0
156291.571220,2026-07-15T05:50:31.375,3,3,3,0,0
156291.574409,2026-07-15T05:50:31.378,3,3,3,0,0
156291.577112,2026-07-15T05:50:31.380,3,3,3,0,0
156291.579695,2026-07-15T05:50:31.383,3,3,3,0,0
156291.582006,2026-07-15T05:50:31.386,3,3,3,0,0
156291.584600,2026-07-15T05:50:31.388,3,3,3,0,0
156291.587444,2026-07-15T05:50:31.391,3,3,3,0,0
156291.591354,2026-07-15T05:50:31.395,3,3,3,0,0
156291.593986,2026-07-15T05:50:31.398,3,3,3,0,0
156291.596635,2026-07-15T05:50:31.400,3,3,3,0,0
156291.599296,2026-07-15T05:50:31.402,3,3,3,0,0
156291.601996,2026-07-15T05:50:31.405,3,3,3,0,0
156291.604863,2026-07-15T05:50:31.408,3,3,3,0,0
156291.607686,2026-07-15T05:50:31.412,3,3,3,0,0
156291.610346,2026-07-15T05:50:31.413,3,3,3,0,0
156291.613101,2026-07-15T05:50:31.416,3,3,3,0,0
156291.616101,2026-07-15T05:50:31.420,3,3,3,0,0
156291.618886,2026-07-15T05:50:31.422,3,3,3,0,0
156291.621691,2026-07-15T05:50:31.425,3,3,3,0,0
156291.624437,2026-07-15T05:50:31.428,3,3,3,0,0
156291.627782,2026-07-15T05:50:31.431,3,3,3,0,0
156291.630582,2026-07-15T05:50:31.435,3,3,3,0,0
156291.632830,2026-07-15T05:50:31.436,3,3,3,0,0
156291.635772,2026-07-15T05:50:31.439,3,3,3,0,0
156291.638449,2026-07-15T05:50:31.442,3,3,3,0,0
156291.641874,2026-07-15T05:50:31.445,3,3,3,0,0
156291.644683,2026-07-15T05:50:31.448,3,3,3,0,0
156291.647493,2026-07-15T05:50:31.451,3,3,3,0,0
156291.650061,2026-07-15T05:50:31.453,3,3,3,0,0
156291.652436,2026-07-15T05:50:31.456,3,3,3,0,0
156291.654475,2026-07-15T05:50:31.458,3,3,3,0,0
156291.656600,2026-07-15T05:50:31.459,3,3,3,0,0
156291.659254,2026-07-15T05:50:31.463,3,3,3,0,0
156291.662015,2026-07-15T05:50:31.466,3,3,3,0,0
156291.664514,2026-07-15T05:50:31.467,3,3,3,0,0
156291.666986,2026-07-15T05:50:31.471,3,3,3,0,0
156291.669034,2026-07-15T05:50:31.472,3,3,3,0,0
156291.671396,2026-07-15T05:50:31.474,3,3,3,0,0
156291.673603,2026-07-15T05:50:31.477,3,3,3,0,0
156291.676329,2026-07-15T05:50:31.480,3,3,3,0,0
156291.678979,2026-07-15T05:50:31.482,3,3,3,0,0
156291.681323,2026-07-15T05:50:31.485,3,3,3,0,0
156291.683802,2026-07-15T05:50:31.487,3,3,3,0,0
156291.686361,2026-07-15T05:50:31.490,3,3,3,0,0
156291.689069,2026-07-15T05:50:31.493,3,3,3,0,0
156291.691645,2026-07-15T05:50:31.495,3,3,3,0,0
156291.694334,2026-07-15T05:50:31.498,3,3,3,0,0
156291.696990,2026-07-15T05:50:31.500,3,3,3,0,0
156291.699832,2026-07-15T05:50:31.503,3,3,3,0,0
156291.702312,2026-07-15T05:50:31.506,3,3,3,0,0
156291.704899,2026-07-15T05:50:31.508,3,3,3,0,0
156291.707375,2026-07-15T05:50:31.510,3,3,3,0,0
156291.710428,2026-07-15T05:50:31.514,3,3,3,0,0
156291.713111,2026-07-15T05:50:31.517,3,3,3,0,0
156291.715809,2026-07-15T05:50:31.520,3,3,3,0,0
156291.718477,2026-07-15T05:50:31.522,3,3,3,0,0
156291.720742,2026-07-15T05:50:31.524,3,3,3,0,0
156291.722974,2026-07-15T05:50:31.527,3,3,3,0,0
156291.725145,2026-07-15T05:50:31.529,3,3,3,0,0
156291.727348,2026-07-15T05:50:31.531,3,3,3,0,0
156291.729575,2026-07-15T05:50:31.533,3,3,3,0,0
156291.732395,2026-07-15T05:50:31.536,3,3,3,0,0
156291.734820,2026-07-15T05:50:31.538,3,3,3,0,0
156291.737933,2026-07-15T05:50:31.541,3,3,3,0,0
156291.740839,2026-07-15T05:50:31.544,3,3,3,0,0
156291.743416,2026-07-15T05:50:31.547,3,3,3,0,0
156291.746080,2026-07-15T05:50:31.549,3,3,3,0,0
156291.748813,2026-07-15T05:50:31.552,3,3,3,0,0
156291.751448,2026-07-15T05:50:31.555,3,3,3,0,0
156291.753663,2026-07-15T05:50:31.557,3,3,3,0,0
156291.756182,2026-07-15T05:50:31.560,3,3,3,0,0
156291.758702,2026-07-15T05:50:31.563,3,3,3,0,0
156291.761382,2026-07-15T05:50:31.565,3,3,3,0,0
156291.764321,2026-07-15T05:50:31.568,3,3,3,0,0
156291.767078,2026-07-15T05:50:31.571,3,3,3,0,0
156291.769923,2026-07-15T05:50:31.574,3,3,3,0,0
156291.772654,2026-07-15T05:50:31.576,3,3,3,0,0
156291.775484,2026-07-15T05:50:31.579,3,3,3,0,0
156291.778256,2026-07-15T05:50:31.582,3,3,3,0,0
156291.781336,2026-07-15T05:50:31.585,3,3,3,0,0
156291.784030,2026-07-15T05:50:31.588,3,3,3,0,0
156291.786689,2026-07-15T05:50:31.591,3,3,3,0,0
156291.789503,2026-07-15T05:50:31.593,3,3,3,0,0
156291.792650,2026-07-15T05:50:31.596,3,3,3,0,0
156291.795328,2026-07-15T05:50:31.599,3,3,3,0,0
156291.797686,2026-07-15T05:50:31.602,3,3,3,0,0
156291.800119,2026-07-15T05:50:31.604,3,3,3,0,0
156291.802808,2026-07-15T05:50:31.607,3,3,3,0,0
156291.805593,2026-07-15T05:50:31.609,3,3,3,0,0
156291.808293,2026-07-15T05:50:31.612,3,3,3,0,0
156291.811143,2026-07-15T05:50:31.615,3,3,3,0,0
156291.814109,2026-07-15T05:50:31.618,3,3,3,0,0
156291.816799,2026-07-15T05:50:31.621,3,3,3,0,0
156291.819641,2026-07-15T05:50:31.623,3,3,3,0,0
156291.822486,2026-07-15T05:50:31.626,3,3,3,0,0
156291.825300,2026-07-15T05:50:31.629,3,3,3,0,0
156291.828317,2026-07-15T05:50:31.632,3,3,3,0,0
156291.831307,2026-07-15T05:50:31.635,3,3,3,0,0
156291.834176,2026-07-15T05:50:31.638,3,3,3,0,0
156291.837165,2026-07-15T05:50:31.640,3,3,3,0,0
156291.839908,2026-07-15T05:50:31.644,3,3,3,0,0
156291.843606,2026-07-15T05:50:31.647,3,3,3,0,0
156291.846154,2026-07-15T05:50:31.650,3,3,3,0,0
156291.848687,2026-07-15T05:50:31.653,3,3,3,0,0
156291.851536,2026-07-15T05:50:31.655,3,3,3,0,0
156291.854313,2026-07-15T05:50:31.657,3,3,3,0,0
156291.857079,2026-07-15T05:50:31.660,3,3,3,0,0
156291.859922,2026-07-15T05:50:31.663,3,3,3,0,0
156291.862704,2026-07-15T05:50:31.666,3,3,3,0,0
156291.865398,2026-07-15T05:50:31.669,3,3,3,0,0
156291.867968,2026-07-15T05:50:31.672,3,3,3,0,0
156291.870783,2026-07-15T05:50:31.674,3,3,3,0,0
156291.873599,2026-07-15T05:50:31.677,3,3,3,0,0
156291.876395,2026-07-15T05:50:31.680,3,3,3,0,0
156291.878517,2026-07-15T05:50:31.682,3,3,3,0,0
156291.881522,2026-07-15T05:50:31.685,3,3,3,0,0
156291.883713,2026-07-15T05:50:31.688,3,3,3,0,0
156291.886320,2026-07-15T05:50:31.690,3,3,3,0,0
156291.890675,2026-07-15T05:50:31.694,3,3,3,0,0
156291.893653,2026-07-15T05:50:31.697,3,3,3,0,0
156291.896552,2026-07-15T05:50:31.701,3,3,3,0,0
156291.899186,2026-07-15T05:50:31.703,3,3,3,0,0
156291.902171,2026-07-15T05:50:31.706,3,3,3,0,0
156291.904686,2026-07-15T05:50:31.708,3,3,3,0,0
156291.907196,2026-07-15T05:50:31.711,3,3,3,0,0
156291.909997,2026-07-15T05:50:31.714,3,3,3,0,0
156291.912909,2026-07-15T05:50:31.716,3,3,3,0,0
156291.916123,2026-07-15T05:50:31.719,3,3,3,0,0
156291.918382,2026-07-15T05:50:31.721,3,3,3,0,0
156291.921196,2026-07-15T05:50:31.725,3,3,3,0,0
156291.923806,2026-07-15T05:50:31.728,3,3,3,0,0
156291.925953,2026-07-15T05:50:31.729,3,3,3,0,0
156291.928521,2026-07-15T05:50:31.731,3,3,3,0,0
156291.931103,2026-07-15T05:50:31.735,3,3,3,0,0
156291.933655,2026-07-15T05:50:31.738,3,3,3,0,0
156291.936238,2026-07-15T05:50:31.740,3,3,3,0,0
156291.939014,2026-07-15T05:50:31.742,3,3,3,0,0
156291.941567,2026-07-15T05:50:31.746,3,3,3,0,0
156291.944052,2026-07-15T05:50:31.748,3,3,3,0,0
156291.946705,2026-07-15T05:50:31.751,3,3,3,0,0
156291.949015,2026-07-15T05:50:31.753,3,3,3,0,0
156291.951817,2026-07-15T05:50:31.756,3,3,3,0,0
156291.954555,2026-07-15T05:50:31.759,3,3,3,0,0
156291.957265,2026-07-15T05:50:31.760,3,3,3,0,0
156291.959864,2026-07-15T05:50:31.764,3,3,3,0,0
156291.962741,2026-07-15T05:50:31.766,3,3,3,0,0
156291.965456,2026-07-15T05:50:31.768,3,3,3,0,0
156291.968324,2026-07-15T05:50:31.771,3,3,3,0,0
156291.970675,2026-07-15T05:50:31.774,3,3,3,0,0
156291.973547,2026-07-15T05:50:31.777,3,3,3,0,0
156291.976323,2026-07-15T05:50:31.780,3,3,3,0,0
156291.979087,2026-07-15T05:50:31.782,3,3,3,0,0
156291.981744,2026-07-15T05:50:31.786,3,3,3,0,0
156291.984223,2026-07-15T05:50:31.787,3,3,3,0,0
156291.986993,2026-07-15T05:50:31.791,3,3,3,0,0
156291.990455,2026-07-15T05:50:31.794,3,3,3,0,0
156291.993004,2026-07-15T05:50:31.797,3,3,3,0,0
156291.995413,2026-07-15T05:50:31.799,3,3,3,0,0
156291.998151,2026-07-15T05:50:31.802,3,3,3,0,0
156292.000153,2026-07-15T05:50:31.803,3,3,3,0,0
156292.002581,2026-07-15T05:50:31.806,3,3,3,0,0
156292.004946,2026-07-15T05:50:31.808,3,3,3,0,0
156292.007416,2026-07-15T05:50:31.811,3,3,3,0,0
156292.010231,2026-07-15T05:50:31.813,3,3,3,0,0
156292.013189,2026-07-15T05:50:31.817,3,3,3,0,0
156292.015489,2026-07-15T05:50:31.819,3,3,3,0,0
156292.018194,2026-07-15T05:50:31.822,3,3,3,0,0
156292.020926,2026-07-15T05:50:31.824,3,3,3,0,0
156292.023615,2026-07-15T05:50:31.827,3,3,3,0,0
156292.026281,2026-07-15T05:50:31.829,3,3,3,0,0
156292.028765,2026-07-15T05:50:31.832,3,3,3,0,0
156292.030989,2026-07-15T05:50:31.834,3,3,3,0,0
156292.033614,2026-07-15T05:50:31.837,3,3,3,0,0
156292.036152,2026-07-15T05:50:31.840,3,3,3,0,0
156292.038949,2026-07-15T05:50:31.842,3,3,3,0,0
156292.041729,2026-07-15T05:50:31.845,3,3,3,0,0
156292.044355,2026-07-15T05:50:31.847,3,3,3,0,0
156292.046966,2026-07-15T05:50:31.850,3,3,3,0,0
156292.049709,2026-07-15T05:50:31.853,3,3,3,0,0
156292.052231,2026-07-15T05:50:31.856,3,3,3,0,0
156292.054966,2026-07-15T05:50:31.859,3,3,3,0,0
156292.057373,2026-07-15T05:50:31.861,3,3,3,0,0
156292.060240,2026-07-15T05:50:31.864,3,3,3,0,0
156292.062823,2026-07-15T05:50:31.867,3,3,3,0,0
156292.065446,2026-07-15T05:50:31.869,3,3,3,0,0
156292.067858,2026-07-15T05:50:31.870,3,3,3,0,0
156292.069887,2026-07-15T05:50:31.873,3,3,3,0,0
156292.072333,2026-07-15T05:50:31.876,3,3,3,0,0
156292.074640,2026-07-15T05:50:31.878,3,3,3,0,0
156292.077117,2026-07-15T05:50:31.881,3,3,3,0,0
156292.079256,2026-07-15T05:50:31.883,3,3,3,0,0
156292.081502,2026-07-15T05:50:31.886,3,3,3,0,0
156292.084070,2026-07-15T05:50:31.888,3,3,3,0,0
156292.086745,2026-07-15T05:50:31.890,3,3,3,0,0
156292.090915,2026-07-15T05:50:31.895,3,3,3,0,0
156292.093829,2026-07-15T05:50:31.898,3,3,3,0,0
156292.096382,2026-07-15T05:50:31.900,3,3,3,0,0
156292.099240,2026-07-15T05:50:31.902,3,3,3,0,0
156292.101991,2026-07-15T05:50:31.905,3,3,3,0,0
156292.104854,2026-07-15T05:50:31.909,3,3,3,0,0
156292.107710,2026-07-15T05:50:31.911,3,3,3,0,0
156292.110260,2026-07-15T05:50:31.913,3,3,3,0,0
156292.112492,2026-07-15T05:50:31.916,3,3,3,0,0
156292.114927,2026-07-15T05:50:31.919,3,3,3,0,0
156292.117535,2026-07-15T05:50:31.921,3,3,3,0,0
156292.119572,2026-07-15T05:50:31.923,3,3,3,0,0
156292.121841,2026-07-15T05:50:31.926,3,3,3,0,0
156292.124324,2026-07-15T05:50:31.928,3,3,3,0,0
156292.126406,2026-07-15T05:50:31.930,3,3,3,0,0
156292.128491,2026-07-15T05:50:31.932,3,3,3,0,0
156292.130509,2026-07-15T05:50:31.934,3,3,3,0,0
156292.133107,2026-07-15T05:50:31.937,3,3,3,0,0
156292.135734,2026-07-15T05:50:31.940,3,3,3,0,0
156292.137837,2026-07-15T05:50:31.942,3,3,3,0,0
156292.139846,2026-07-15T05:50:31.943,3,3,3,0,0
156292.141874,2026-07-15T05:50:31.945,3,3,3,0,0
156292.144359,2026-07-15T05:50:31.948,3,3,3,0,0
156292.146650,2026-07-15T05:50:31.951,3,3,3,0,0
156292.149127,2026-07-15T05:50:31.953,3,3,3,0,0
156292.151262,2026-07-15T05:50:31.955,3,3,3,0,0
156292.153904,2026-07-15T05:50:31.958,3,3,3,0,0
156292.156423,2026-07-15T05:50:31.960,3,3,3,0,0
156292.158833,2026-07-15T05:50:31.962,3,3,3,0,0
156292.161306,2026-07-15T05:50:31.965,3,3,3,0,0
156292.163674,2026-07-15T05:50:31.968,3,0,3,0,10
156292.165916,2026-07-15T05:50:31.969,26,0,3,0,10
156292.168361,2026-07-15T05:50:31.972,26,0,3,0,10
156292.171361,2026-07-15T05:50:31.975,26,0,3,0,10
156292.173953,2026-07-15T05:50:31.977,26,0,3,0,10
156292.176388,2026-07-15T05:50:31.980,26,0,3,0,10
156292.179431,2026-07-15T05:50:31.983,26,0,3,0,10
156292.181777,2026-07-15T05:50:31.985,26,0,3,0,10
156292.183810,2026-07-15T05:50:31.987,26,0,3,0,10
156292.186515,2026-07-15T05:50:31.990,26,0,3,0,10
156292.189158,2026-07-15T05:50:31.993,26,0,3,0,10
156292.192214,2026-07-15T05:50:31.996,26,0,3,0,10
156292.194957,2026-07-15T05:50:31.998,26,0,3,0,10
156292.197630,2026-07-15T05:50:32.001,26,0,3,0,10
156292.200294,2026-07-15T05:50:32.004,26,0,3,0,10
156292.203001,2026-07-15T05:50:32.007,26,0,3,0,10
156292.205304,2026-07-15T05:50:32.009,26,0,3,0,10
156292.207888,2026-07-15T05:50:32.012,26,0,3,0,10
156292.210831,2026-07-15T05:50:32.014,26,0,3,0,10
156292.213623,2026-07-15T05:50:32.018,26,0,3,0,10
156292.216243,2026-07-15T05:50:32.020,26,0,3,0,10
156292.219298,2026-07-15T05:50:32.023,26,0,3,0,10
156292.222226,2026-07-15T05:50:32.026,26,0,3,0,10
156292.224563,2026-07-15T05:50:32.029,26,0,3,0,10
156292.227091,2026-07-15T05:50:32.031,26,0,3,0,10
156292.229748,2026-07-15T05:50:32.033,26,0,3,0,10
156292.232604,2026-07-15T05:50:32.036,26,0,3,0,10
156292.235149,2026-07-15T05:50:32.038,26,0,3,0,10
156292.237908,2026-07-15T05:50:32.042,26,0,3,0,10
156292.240560,2026-07-15T05:50:32.044,26,0,3,0,10
156292.243313,2026-07-15T05:50:32.047,26,0,3,0,10
156292.245972,2026-07-15T05:50:32.050,26,0,3,0,10
156292.248636,2026-07-15T05:50:32.052,26,0,3,0,10
156292.251455,2026-07-15T05:50:32.055,26,0,3,0,10
156292.254229,2026-07-15T05:50:32.058,26,0,3,0,10
156292.256955,2026-07-15T05:50:32.060,26,0,3,0,10
156292.259521,2026-07-15T05:50:32.063,26,0,3,0,10
156292.262320,2026-07-15T05:50:32.066,26,0,3,0,10
156292.264613,2026-07-15T05:50:32.069,26,0,3,0,10
156292.267420,2026-07-15T05:50:32.071,26,0,3,0,10
156292.269866,2026-07-15T05:50:32.074,26,0,3,0,10
156292.272393,2026-07-15T05:50:32.075,26,0,3,0,10
156292.275143,2026-07-15T05:50:32.079,26,0,3,0,10
156292.277557,2026-07-15T05:50:32.081,26,0,3,0,10
156292.280197,2026-07-15T05:50:32.084,26,0,3,0,10
156292.282615,2026-07-15T05:50:32.086,26,0,3,0,10
156292.285101,2026-07-15T05:50:32.089,26,0,3,0,10
156292.287757,2026-07-15T05:50:32.092,26,0,3,0,10
156292.290542,2026-07-15T05:50:32.094,26,0,3,0,10
156292.293430,2026-07-15T05:50:32.097,26,0,3,0,10
156292.296261,2026-07-15T05:50:32.100,26,0,3,0,10
156292.299098,2026-07-15T05:50:32.103,26,0,3,0,10
156292.301736,2026-07-15T05:50:32.105,26,0,3,0,10
156292.304279,2026-07-15T05:50:32.108,26,0,3,0,10
156292.306765,2026-07-15T05:50:32.110,26,0,3,0,10
156292.309317,2026-07-15T05:50:32.112,26,0,3,0,10
156292.312256,2026-07-15T05:50:32.116,26,0,3,0,10
156292.314961,2026-07-15T05:50:32.118,26,0,3,0,10
156292.317703,2026-07-15T05:50:32.122,26,0,3,0,10
156292.320545,2026-07-15T05:50:32.124,26,0,3,0,10
156292.323332,2026-07-15T05:50:32.127,26,0,3,0,10
156292.326126,2026-07-15T05:50:32.130,26,0,3,0,10
156292.328826,2026-07-15T05:50:32.132,26,0,3,0,10
156292.331697,2026-07-15T05:50:32.135,26,0,3,0,10
156292.334278,2026-07-15T05:50:32.137,26,0,3,0,10
156292.337000,2026-07-15T05:50:32.140,26,0,3,0,10
156292.339128,2026-07-15T05:50:32.143,26,0,3,0,10
156292.341922,2026-07-15T05:50:32.146,26,0,3,0,10
156292.344686,2026-07-15T05:50:32.148,26,0,3,0,10
156292.346939,2026-07-15T05:50:32.150,26,0,3,0,10
156292.349621,2026-07-15T05:50:32.153,26,0,3,0,10
156292.352162,2026-07-15T05:50:32.155,26,0,3,0,10
156292.354773,2026-07-15T05:50:32.157,26,0,3,0,10
156292.357140,2026-07-15T05:50:32.161,26,0,3,0,10
156292.359173,2026-07-15T05:50:32.163,26,0,3,0,10
156292.361666,2026-07-15T05:50:32.165,26,0,3,0,10
156292.364195,2026-07-15T05:50:32.168,26,0,3,0,10
156292.366496,2026-07-15T05:50:32.171,26,0,3,0,10
156292.368778,2026-07-15T05:50:32.173,26,0,3,0,10
156292.371036,2026-07-15T05:50:32.175,26,0,3,0,10
156292.373442,2026-07-15T05:50:32.177,26,0,3,0,10
156292.375632,2026-07-15T05:50:32.180,26,0,3,0,10
156292.378188,2026-07-15T05:50:32.182,26,0,3,0,10
156292.380751,2026-07-15T05:50:32.185,26,0,3,0,10
156292.382987,2026-07-15T05:50:32.187,26,0,3,0,10
156292.385343,2026-07-15T05:50:32.189,26,0,3,0,10
156292.388303,2026-07-15T05:50:32.192,26,0,3,0,10
156292.391258,2026-07-15T05:50:32.195,26,0,3,0,10
156292.394369,2026-07-15T05:50:32.198,26,0,3,0,10
156292.396518,2026-07-15T05:50:32.200,26,0,3,0,10
156292.399206,2026-07-15T05:50:32.203,26,0,3,0,10
156292.401780,2026-07-15T05:50:32.206,26,0,3,0,10
156292.404421,2026-07-15T05:50:32.208,26,0,3,0,10
156292.406997,2026-07-15T05:50:32.211,26,0,3,0,8
156292.409260,2026-07-15T05:50:32.213,86,0,3,0,8
156292.411806,2026-07-15T05:50:32.215,86,0,3,0,8
156292.414435,2026-07-15T05:50:32.218,86,0,3,0,8
156292.416977,2026-07-15T05:50:32.221,86,0,3,0,8
156292.419347,2026-07-15T05:50:32.223,86,0,3,0,8
156292.422220,2026-07-15T05:50:32.226,86,0,3,0,8
156292.424794,2026-07-15T05:50:32.229,86,0,3,0,8
156292.427308,2026-07-15T05:50:32.231,86,0,3,0,8
156292.429558,2026-07-15T05:50:32.233,86,0,3,0,8
156292.431993,2026-07-15T05:50:32.236,86,0,3,0,8
156292.434402,2026-07-15T05:50:32.238,86,0,3,0,8
156292.437176,2026-07-15T05:50:32.241,86,0,3,0,8
156292.439756,2026-07-15T05:50:32.244,86,0,3,0,8
156292.442382,2026-07-15T05:50:32.246,86,0,3,0,8
156292.444883,2026-07-15T05:50:32.248,86,0,3,0,8
156292.447576,2026-07-15T05:50:32.251,86,0,3,0,8
156292.450507,2026-07-15T05:50:32.254,86,0,3,0,8
156292.453189,2026-07-15T05:50:32.256,86,0,3,0,8
156292.455781,2026-07-15T05:50:32.259,86,0,3,0,8
156292.458547,2026-07-15T05:50:32.262,86,0,3,0,8
156292.461061,2026-07-15T05:50:32.264,86,0,3,0,8
156292.464057,2026-07-15T05:50:32.267,86,0,3,0,8
156292.466886,2026-07-15T05:50:32.270,86,0,3,0,8
156292.469334,2026-07-15T05:50:32.273,86,0,3,0,8
156292.472253,2026-07-15T05:50:32.276,86,0,3,0,8
156292.474658,2026-07-15T05:50:32.278,86,0,3,0,8
156292.477258,2026-07-15T05:50:32.281,86,0,3,0,8
156292.479580,2026-07-15T05:50:32.284,86,0,3,0,8
156292.482140,2026-07-15T05:50:32.286,86,0,3,0,8
156292.484653,2026-07-15T05:50:32.288,86,0,3,0,8
156292.487275,2026-07-15T05:50:32.291,86,0,3,0,8
156292.489684,2026-07-15T05:50:32.293,86,0,3,0,8
156292.493458,2026-07-15T05:50:32.297,86,0,3,0,8
156292.496080,2026-07-15T05:50:32.300,86,0,3,0,8
156292.498677,2026-07-15T05:50:32.302,86,0,3,0,8
156292.501595,2026-07-15T05:50:32.306,86,0,3,0,8
156292.504294,2026-07-15T05:50:32.308,86,0,3,0,8
156292.506549,2026-07-15T05:50:32.311,86,0,3,0,8
156292.509457,2026-07-15T05:50:32.313,86,0,3,0,8
156292.512427,2026-07-15T05:50:32.316,86,0,3,0,8
156292.514661,2026-07-15T05:50:32.318,86,0,3,0,8
156292.517552,2026-07-15T05:50:32.321,86,0,3,0,8
156292.520263,2026-07-15T05:50:32.324,86,0,3,0,8
156292.522924,2026-07-15T05:50:32.326,86,0,3,0,8
156292.525649,2026-07-15T05:50:32.330,86,0,3,0,8
156292.528606,2026-07-15T05:50:32.333,86,0,3,0,8
156292.531583,2026-07-15T05:50:32.336,86,0,3,0,8
156292.534292,2026-07-15T05:50:32.338,86,0,3,0,8
156292.537211,2026-07-15T05:50:32.340,86,0,3,0,8
156292.539996,2026-07-15T05:50:32.343,86,0,3,0,8
156292.542801,2026-07-15T05:50:32.347,86,0,3,0,8
156292.545675,2026-07-15T05:50:32.350,86,0,3,0,8
156292.548524,2026-07-15T05:50:32.352,86,0,3,0,8
156292.551135,2026-07-15T05:50:32.355,86,0,3,0,8
156292.553906,2026-07-15T05:50:32.357,86,0,3,0,8
156292.556375,2026-07-15T05:50:32.359,86,0,3,0,8
156292.558945,2026-07-15T05:50:32.363,86,0,3,0,8
156292.561700,2026-07-15T05:50:32.366,86,0,3,0,8
156292.564029,2026-07-15T05:50:32.367,86,0,3,0,8
156292.566209,2026-07-15T05:50:32.370,86,0,3,0,8
156292.568227,2026-07-15T05:50:32.372,86,0,3,0,8
156292.570743,2026-07-15T05:50:32.375,86,0,3,0,8
156292.573132,2026-07-15T05:50:32.377,86,0,3,0,8
156292.575209,2026-07-15T05:50:32.378,86,0,3,0,8
156292.577734,2026-07-15T05:50:32.382,86,0,3,0,8
156292.580350,2026-07-15T05:50:32.384,86,0,3,0,8
156292.582527,2026-07-15T05:50:32.386,86,0,3,0,8
156292.584556,2026-07-15T05:50:32.388,86,0,3,0,8
156292.586849,2026-07-15T05:50:32.391,86,0,3,0,8
156292.589411,2026-07-15T05:50:32.393,86,0,3,0,8
156292.592270,2026-07-15T05:50:32.395,86,0,3,0,8
156292.594955,2026-07-15T05:50:32.399,86,0,3,0,8
156292.597404,2026-07-15T05:50:32.401,86,0,3,0,8
156292.599770,2026-07-15T05:50:32.403,86,0,3,0,8
156292.602335,2026-07-15T05:50:32.406,86,0,3,0,8
156292.604740,2026-07-15T05:50:32.409,86,0,3,0,8
156292.607387,2026-07-15T05:50:32.411,86,0,3,0,8
156292.609664,2026-07-15T05:50:32.413,86,0,3,0,8
156292.611668,2026-07-15T05:50:32.416,86,0,3,0,8
156292.613713,2026-07-15T05:50:32.418,86,0,3,0,8
156292.616162,2026-07-15T05:50:32.420,86,0,3,0,8
156292.618200,2026-07-15T05:50:32.422,86,0,3,0,8
156292.620836,2026-07-15T05:50:32.425,86,0,3,0,8
156292.623220,2026-07-15T05:50:32.427,86,0,3,0,8
156292.625288,2026-07-15T05:50:32.429,86,0,3,0,8
156292.627360,2026-07-15T05:50:32.431,86,0,3,0,8
156292.629574,2026-07-15T05:50:32.433,86,0,3,0,8
156292.631830,2026-07-15T05:50:32.436,86,0,3,0,8
156292.633861,2026-07-15T05:50:32.437,86,0,3,0,8
156292.635939,2026-07-15T05:50:32.439,86,0,3,0,8
156292.637940,2026-07-15T05:50:32.442,86,0,3,0,8
156292.640518,2026-07-15T05:50:32.444,86,0,3,0,8
156292.643017,2026-07-15T05:50:32.447,86,0,3,0,8
156292.645601,2026-07-15T05:50:32.450,86,0,3,0,8
156292.648202,2026-07-15T05:50:32.452,86,0,3,0,8
156292.650277,2026-07-15T05:50:32.454,86,0,3,0,8
156292.652777,2026-07-15T05:50:32.457,86,0,3,0,18
156292.655389,2026-07-15T05:50:32.459,143,0,3,0,18
156292.657881,2026-07-15T05:50:32.462,143,0,3,0,18
156292.660412,2026-07-15T05:50:32.464,143,0,3,0,18
156292.662848,2026-07-15T05:50:32.467,143,0,3,0,18
156292.665338,2026-07-15T05:50:32.469,143,0,3,0,18
156292.667847,2026-07-15T05:50:32.472,143,0,3,0,18
156292.670458,2026-07-15T05:50:32.474,143,0,3,0,18
156292.672522,2026-07-15T05:50:32.477,143,0,3,0,18
156292.674612,2026-07-15T05:50:32.478,143,0,3,0,18
156292.677258,2026-07-15T05:50:32.481,143,0,3,0,18
156292.679303,2026-07-15T05:50:32.483,143,0,3,0,18
156292.681933,2026-07-15T05:50:32.486,143,0,3,0,18
156292.685008,2026-07-15T05:50:32.489,143,0,3,0,18
156292.687071,2026-07-15T05:50:32.491,143,0,3,0,18
156292.689541,2026-07-15T05:50:32.494,143,0,3,0,18
156292.692277,2026-07-15T05:50:32.495,143,0,3,0,18
156292.694546,2026-07-15T05:50:32.498,143,0,3,0,18
156292.696717,2026-07-15T05:50:32.500,143,0,3,0,18
156292.699346,2026-07-15T05:50:32.503,143,0,3,0,18
156292.701387,2026-07-15T05:50:32.505,143,0,3,0,18
156292.703696,2026-07-15T05:50:32.507,143,0,3,0,18
156292.706256,2026-07-15T05:50:32.510,143,0,3,0,18
156292.708576,2026-07-15T05:50:32.513,143,0,3,0,18
156292.710667,2026-07-15T05:50:32.514,143,0,3,0,18
156292.712680,2026-07-15T05:50:32.515,143,0,3,0,18
156292.714787,2026-07-15T05:50:32.519,143,0,3,0,18
156292.717194,2026-07-15T05:50:32.521,143,0,3,0,18
156292.719414,2026-07-15T05:50:32.523,143,0,3,0,18
156292.721422,2026-07-15T05:50:32.525,143,0,3,0,18
156292.723660,2026-07-15T05:50:32.527,143,0,3,0,18
156292.725769,2026-07-15T05:50:32.529,143,0,3,0,18
156292.727965,2026-07-15T05:50:32.531,143,0,3,0,18
156292.730500,2026-07-15T05:50:32.535,143,0,3,0,18
156292.733031,2026-07-15T05:50:32.537,143,0,3,0,18
156292.735355,2026-07-15T05:50:32.538,143,0,3,0,18
156292.738117,2026-07-15T05:50:32.542,143,0,3,0,18
156292.740667,2026-07-15T05:50:32.544,143,0,3,0,18
156292.743193,2026-07-15T05:50:32.547,143,0,3,0,18
156292.745867,2026-07-15T05:50:32.549,143,0,3,0,18
156292.749074,2026-07-15T05:50:32.552,143,0,3,0,18
156292.751401,2026-07-15T05:50:32.555,143,0,3,0,18
156292.754167,2026-07-15T05:50:32.558,143,0,3,0,18
156292.756423,2026-07-15T05:50:32.560,143,0,3,0,18
156292.758943,2026-07-15T05:50:32.562,143,0,3,0,18
156292.761562,2026-07-15T05:50:32.565,143,0,3,0,18
156292.763916,2026-07-15T05:50:32.568,143,0,3,0,18
156292.766205,2026-07-15T05:50:32.569,143,0,3,0,18
156292.768693,2026-07-15T05:50:32.572,143,0,3,0,18
156292.771215,2026-07-15T05:50:32.575,143,0,3,0,18
156292.773470,2026-07-15T05:50:32.577,143,0,3,0,18
156292.775971,2026-07-15T05:50:32.580,143,0,3,0,18
156292.778971,2026-07-15T05:50:32.583,143,0,3,0,18
156292.781764,2026-07-15T05:50:32.586,143,0,3,0,18
156292.784502,2026-07-15T05:50:32.588,143,0,3,0,18
156292.787210,2026-07-15T05:50:32.591,143,0,3,0,18
156292.789603,2026-07-15T05:50:32.594,143,0,3,0,18
156292.792586,2026-07-15T05:50:32.597,143,0,3,0,18
156292.795519,2026-07-15T05:50:32.599,143,0,3,0,18
156292.798355,2026-07-15T05:50:32.602,143,0,3,0,18
156292.800872,2026-07-15T05:50:32.605,143,0,3,0,18
156292.803410,2026-07-15T05:50:32.607,143,0,3,0,18
156292.806146,2026-07-15T05:50:32.610,143,0,3,0,18
156292.808290,2026-07-15T05:50:32.612,143,0,3,0,18
156292.810824,2026-07-15T05:50:32.614,143,0,3,0,18
156292.813233,2026-07-15T05:50:32.616,143,0,3,0,18
156292.816010,2026-07-15T05:50:32.620,143,0,3,0,18
156292.818655,2026-07-15T05:50:32.622,143,0,3,0,18
156292.821452,2026-07-15T05:50:32.626,143,0,3,0,18
156292.824206,2026-07-15T05:50:32.628,143,0,3,0,18
156292.826618,2026-07-15T05:50:32.630,143,0,3,0,18
156292.829423,2026-07-15T05:50:32.633,143,0,3,0,18
156292.832313,2026-07-15T05:50:32.636,143,0,3,0,18
156292.834867,2026-07-15T05:50:32.639,143,0,3,0,18
156292.837787,2026-07-15T05:50:32.642,143,0,3,0,18
156292.840524,2026-07-15T05:50:32.644,143,0,3,0,18
156292.843387,2026-07-15T05:50:32.647,143,0,3,0,18
156292.845973,2026-07-15T05:50:32.649,143,0,3,0,18
156292.848376,2026-07-15T05:50:32.652,143,0,3,0,18
156292.851177,2026-07-15T05:50:32.655,143,0,3,0,18
156292.853991,2026-07-15T05:50:32.657,143,0,3,0,18
156292.856905,2026-07-15T05:50:32.661,143,0,3,0,18
156292.859438,2026-07-15T05:50:32.663,143,0,3,0,18
156292.862081,2026-07-15T05:50:32.666,143,0,3,0,18
156292.864698,2026-07-15T05:50:32.668,143,0,3,0,18
156292.867273,2026-07-15T05:50:32.670,143,0,3,0,18
156292.870086,2026-07-15T05:50:32.673,143,0,3,0,18
156292.872593,2026-07-15T05:50:32.676,143,0,3,0,18
156292.875239,2026-07-15T05:50:32.679,143,0,3,0,18
156292.877602,2026-07-15T05:50:32.681,143,0,3,0,18
156292.880464,2026-07-15T05:50:32.684,143,0,3,0,18
156292.883019,2026-07-15T05:50:32.686,143,0,3,0,18
156292.885483,2026-07-15T05:50:32.689,143,0,3,0,18
156292.888256,2026-07-15T05:50:32.691,143,0,3,0,18
156292.891033,2026-07-15T05:50:32.695,143,0,3,0,18
156292.893760,2026-07-15T05:50:32.697,143,0,3,0,18
156292.896753,2026-07-15T05:50:32.701,143,0,3,0,18
156292.899537,2026-07-15T05:50:32.703,203,0,3,0,16
156292.902268,2026-07-15T05:50:32.706,203,0,3,0,16
156292.904767,2026-07-15T05:50:32.709,203,0,3,0,16
156292.907328,2026-07-15T05:50:32.711,203,0,3,0,16
156292.910208,2026-07-15T05:50:32.714,203,0,3,0,16
156292.913153,2026-07-15T05:50:32.717,203,0,3,0,16
156292.915854,2026-07-15T05:50:32.720,203,0,3,0,16
156292.919384,2026-07-15T05:50:32.723,203,0,3,0,16
156292.922319,2026-07-15T05:50:32.725,203,0,3,0,16
156292.925188,2026-07-15T05:50:32.729,203,0,3,0,16
156292.928028,2026-07-15T05:50:32.731,203,0,3,0,16
156292.930992,2026-07-15T05:50:32.734,203,0,3,0,16
156292.933973,2026-07-15T05:50:32.737,203,0,3,0,16
156292.936669,2026-07-15T05:50:32.740,203,0,3,0,16
156292.939225,2026-07-15T05:50:32.743,203,0,3,0,16
156292.942398,2026-07-15T05:50:32.746,203,0,3,0,16
156292.945210,2026-07-15T05:50:32.748,203,0,3,0,16
156292.948005,2026-07-15T05:50:32.751,203,0,3,0,16
156292.950749,2026-07-15T05:50:32.755,203,0,3,0,16
156292.953433,2026-07-15T05:50:32.756,203,0,3,0,16
156292.956254,2026-07-15T05:50:32.760,203,0,3,0,16
156292.958568,2026-07-15T05:50:32.762,203,0,3,0,16
156292.960986,2026-07-15T05:50:32.765,203,0,3,0,16
156292.963729,2026-07-15T05:50:32.768,203,0,3,0,16
156292.966593,2026-07-15T05:50:32.771,203,0,3,0,16
156292.969226,2026-07-15T05:50:32.773,203,0,3,0,16
156292.971771,2026-07-15T05:50:32.776,203,0,3,0,16
156292.974356,2026-07-15T05:50:32.778,203,0,3,0,16
156292.977306,2026-07-15T05:50:32.781,203,0,3,0,16
156292.980046,2026-07-15T05:50:32.784,203,0,3,0,16
156292.982437,2026-07-15T05:50:32.786,203,0,3,0,16
156292.985020,2026-07-15T05:50:32.789,203,0,3,0,16
156292.987225,2026-07-15T05:50:32.791,203,0,3,0,16
156292.989573,2026-07-15T05:50:32.793,203,0,3,0,16
156292.992065,2026-07-15T05:50:32.796,203,0,3,0,16
156292.995331,2026-07-15T05:50:32.799,203,0,3,0,16
156292.997965,2026-07-15T05:50:32.802,203,0,3,0,16
156293.000308,2026-07-15T05:50:32.804,203,0,3,0,16
156293.003112,2026-07-15T05:50:32.807,203,0,3,0,16
156293.005623,2026-07-15T05:50:32.809,203,0,3,0,16
156293.008314,2026-07-15T05:50:32.812,203,0,3,0,16
156293.010890,2026-07-15T05:50:32.814,203,0,3,0,16
156293.013401,2026-07-15T05:50:32.817,203,0,3,0,16
156293.015927,2026-07-15T05:50:32.820,203,0,3,0,16
156293.019043,2026-07-15T05:50:32.823,203,0,3,0,16
156293.021630,2026-07-15T05:50:32.825,203,0,3,0,16
156293.023884,2026-07-15T05:50:32.827,203,0,3,0,16
156293.026309,2026-07-15T05:50:32.830,203,0,3,0,16
156293.028674,2026-07-15T05:50:32.831,203,0,3,0,16
156293.031549,2026-07-15T05:50:32.835,203,0,3,0,16
156293.034098,2026-07-15T05:50:32.837,203,0,3,0,16
156293.036944,2026-07-15T05:50:32.840,203,0,3,0,16
156293.039593,2026-07-15T05:50:32.843,203,0,3,0,16
156293.042161,2026-07-15T05:50:32.846,203,0,3,0,16
156293.044868,2026-07-15T05:50:32.849,203,0,3,0,16
156293.047480,2026-07-15T05:50:32.851,203,0,3,0,16
156293.050313,2026-07-15T05:50:32.854,203,0,3,0,16
156293.052949,2026-07-15T05:50:32.857,203,0,3,0,16
156293.055618,2026-07-15T05:50:32.859,203,0,3,0,16
156293.058030,2026-07-15T05:50:32.862,203,0,3,0,16
156293.060575,2026-07-15T05:50:32.864,203,0,3,0,16
156293.063234,2026-07-15T05:50:32.867,203,0,3,0,16
156293.065773,2026-07-15T05:50:32.869,203,0,3,0,16
156293.068327,2026-07-15T05:50:32.871,203,0,3,0,16
156293.070976,2026-07-15T05:50:32.874,203,0,3,0,16
156293.073575,2026-07-15T05:50:32.877,203,0,3,0,16
156293.076038,2026-07-15T05:50:32.880,203,0,3,0,16
156293.078834,2026-07-15T05:50:32.883,203,0,3,0,16
156293.081711,2026-07-15T05:50:32.886,203,0,3,0,16
156293.084361,2026-07-15T05:50:32.888,203,0,3,0,16
156293.086887,2026-07-15T05:50:32.891,203,0,3,0,16
156293.089191,2026-07-15T05:50:32.893,203,0,3,0,16
156293.092165,2026-07-15T05:50:32.896,203,0,3,0,16
156293.095314,2026-07-15T05:50:32.899,203,0,3,0,16
156293.097610,2026-07-15T05:50:32.901,203,0,3,0,16
156293.100447,2026-07-15T05:50:32.904,203,0,3,0,16
156293.103097,2026-07-15T05:50:32.907,203,0,3,0,16
156293.105544,2026-07-15T05:50:32.909,203,0,3,0,16
156293.108285,2026-07-15T05:50:32.911,203,0,3,0,16
156293.111010,2026-07-15T05:50:32.915,203,0,3,0,16
156293.113488,2026-07-15T05:50:32.918,203,0,3,0,16
156293.116116,2026-07-15T05:50:32.920,203,0,3,0,16
156293.118654,2026-07-15T05:50:32.922,203,0,3,0,16
156293.121286,2026-07-15T05:50:32.925,203,0,3,0,16
156293.123866,2026-07-15T05:50:32.927,203,0,3,0,16
156293.126635,2026-07-15T05:50:32.929,203,0,3,0,16
156293.128656,2026-07-15T05:50:32.933,203,0,3,0,16
156293.131524,2026-07-15T05:50:32.935,203,0,3,0,16
156293.134234,2026-07-15T05:50:32.938,203,0,3,0,16
156293.136996,2026-07-15T05:50:32.941,203,0,3,0,16
156293.139561,2026-07-15T05:50:32.944,203,0,3,0,16
156293.142310,2026-07-15T05:50:32.946,203,0,3,0,16
156293.144448,2026-07-15T05:50:32.948,203,3,3,0,0
156293.147103,2026-07-15T05:50:32.951,249,3,3,0,0
156293.149949,2026-07-15T05:50:32.953,249,3,3,0,0
156293.152144,2026-07-15T05:50:32.955,249,3,3,0,0
156293.154873,2026-07-15T05:50:32.959,249,3,3,0,0
156293.157550,2026-07-15T05:50:32.962,249,3,3,0,0
156293.160310,2026-07-15T05:50:32.964,249,3,3,0,0
156293.163045,2026-07-15T05:50:32.967,249,3,3,0,0
156293.165942,2026-07-15T05:50:32.970,249,3,3,0,0
156293.168648,2026-07-15T05:50:32.973,249,3,3,0,0
156293.171133,2026-07-15T05:50:32.975,249,3,3,0,0
156293.173544,2026-07-15T05:50:32.977,249,3,3,0,0
156293.176148,2026-07-15T05:50:32.980,249,3,3,0,0
156293.178670,2026-07-15T05:50:32.982,249,3,3,0,0
156293.181116,2026-07-15T05:50:32.985,249,3,3,0,0
156293.183715,2026-07-15T05:50:32.987,249,3,3,0,0
156293.186373,2026-07-15T05:50:32.990,249,3,3,0,0
156293.188973,2026-07-15T05:50:32.993,249,3,3,0,0
156293.191471,2026-07-15T05:50:32.996,249,3,3,0,0
156293.194275,2026-07-15T05:50:32.998,249,3,3,0,0
156293.197110,2026-07-15T05:50:33.001,249,3,3,0,0
156293.199459,2026-07-15T05:50:33.004,249,3,3,0,0
156293.201904,2026-07-15T05:50:33.006,249,3,3,0,0
156293.204288,2026-07-15T05:50:33.008,249,3,3,0,0
156293.206996,2026-07-15T05:50:33.010,249,3,3,0,0
156293.209308,2026-07-15T05:50:33.013,249,3,3,0,0
156293.211740,2026-07-15T05:50:33.015,249,3,3,0,0
156293.214448,2026-07-15T05:50:33.018,249,3,3,0,0
156293.217085,2026-07-15T05:50:33.020,249,3,3,0,0
156293.219588,2026-07-15T05:50:33.024,249,3,3,0,0
156293.222494,2026-07-15T05:50:33.026,249,3,3,0,0
156293.225085,2026-07-15T05:50:33.029,249,3,3,0,0
156293.227693,2026-07-15T05:50:33.032,249,3,3,0,0
156293.230339,2026-07-15T05:50:33.034,249,3,3,0,0
156293.233010,2026-07-15T05:50:33.037,249,3,3,0,0
156293.235639,2026-07-15T05:50:33.039,249,3,3,0,0
156293.238540,2026-07-15T05:50:33.042,249,3,3,0,0
156293.241120,2026-07-15T05:50:33.045,249,3,3,0,0
156293.243544,2026-07-15T05:50:33.047,249,3,3,0,0
156293.245774,2026-07-15T05:50:33.049,249,3,3,0,0
156293.248496,2026-07-15T05:50:33.052,249,3,3,0,0
156293.251128,2026-07-15T05:50:33.055,249,3,3,0,0
156293.253623,2026-07-15T05:50:33.058,249,3,3,0,0
156293.256259,2026-07-15T05:50:33.060,249,3,3,0,0
156293.258482,2026-07-15T05:50:33.062,249,3,3,0,0
156293.261075,2026-07-15T05:50:33.065,249,3,3,0,0
156293.263601,2026-07-15T05:50:33.068,249,3,3,0,0
156293.266167,2026-07-15T05:50:33.070,249,3,3,0,0
156293.268208,2026-07-15T05:50:33.072,249,3,3,0,0
156293.270757,2026-07-15T05:50:33.075,249,3,3,0,0
156293.273243,2026-07-15T05:50:33.077,249,3,3,0,0
156293.275302,2026-07-15T05:50:33.079,249,3,3,0,0
156293.277913,2026-07-15T05:50:33.082,249,3,3,0,0
156293.279978,2026-07-15T05:50:33.084,249,3,3,0,0
156293.282564,2026-07-15T05:50:33.087,249,3,3,0,0
156293.284615,2026-07-15T05:50:33.089,249,3,3,0,0
156293.287161,2026-07-15T05:50:33.091,249,3,3,0,0
156293.289500,2026-07-15T05:50:33.094,249,3,3,0,0
156293.291707,2026-07-15T05:50:33.096,249,3,3,0,0
156293.293869,2026-07-15T05:50:33.098,249,3,3,0,0
156293.296264,2026-07-15T05:50:33.100,249,3,3,0,0
156293.298362,2026-07-15T05:50:33.102,249,3,3,0,0
156293.300372,2026-07-15T05:50:33.104,249,3,3,0,0
156293.302642,2026-07-15T05:50:33.107,249,3,3,0,0
156293.304783,2026-07-15T05:50:33.108,249,3,3,0,0
156293.307551,2026-07-15T05:50:33.111,249,3,3,0,0
156293.310084,2026-07-15T05:50:33.113,249,3,3,0,0
156293.312803,2026-07-15T05:50:33.116,249,3,3,0,0
156293.315232,2026-07-15T05:50:33.118,249,3,3,0,0
156293.317724,2026-07-15T05:50:33.121,249,3,3,0,0
156293.320527,2026-07-15T05:50:33.124,249,3,3,0,0
156293.323052,2026-07-15T05:50:33.126,249,3,3,0,0
156293.325609,2026-07-15T05:50:33.129,249,3,3,0,0
156293.328092,2026-07-15T05:50:33.131,249,3,3,0,0
156293.330829,2026-07-15T05:50:33.134,249,3,3,0,0
156293.333419,2026-07-15T05:50:33.137,249,3,3,0,0
156293.336081,2026-07-15T05:50:33.139,249,3,3,0,0
156293.338552,2026-07-15T05:50:33.142,249,3,3,0,0
156293.341070,2026-07-15T05:50:33.144,249,3,3,0,0
156293.343561,2026-07-15T05:50:33.147,249,3,3,0,0
156293.346048,2026-07-15T05:50:33.149,249,3,3,0,0
156293.348391,2026-07-15T05:50:33.152,249,3,3,0,0
156293.350945,2026-07-15T05:50:33.154,249,3,3,0,0
156293.353372,2026-07-15T05:50:33.157,249,3,3,0,0
156293.355811,2026-07-15T05:50:33.160,249,3,3,0,0
156293.358194,2026-07-15T05:50:33.162,249,3,3,0,0
156293.360597,2026-07-15T05:50:33.164,249,3,3,0,0
156293.363243,2026-07-15T05:50:33.167,249,3,3,0,0
156293.365904,2026-07-15T05:50:33.170,249,3,3,0,0
156293.368481,2026-07-15T05:50:33.172,249,3,3,0,0
156293.370855,2026-07-15T05:50:33.175,249,3,3,0,0
156293.373480,2026-07-15T05:50:33.177,249,3,3,0,0
156293.375917,2026-07-15T05:50:33.179,249,3,3,0,0
156293.379246,2026-07-15T05:50:33.183,249,3,3,0,0
156293.381868,2026-07-15T05:50:33.185,249,3,3,0,0
156293.384460,2026-07-15T05:50:33.188,249,3,3,0,0
156293.387005,2026-07-15T05:50:33.190,249,3,3,0,0
156293.389135,2026-07-15T05:50:33.193,249,3,3,0,0
156293.391457,2026-07-15T05:50:33.195,249,3,3,0,0
156293.393878,2026-07-15T05:50:33.197,249,3,3,0,0
156293.396927,2026-07-15T05:50:33.201,249,3,3,0,0
156293.399496,2026-07-15T05:50:33.203,249,3,3,0,0
156293.402315,2026-07-15T05:50:33.205,249,3,3,0,0
156293.405040,2026-07-15T05:50:33.209,249,3,3,0,0
156293.407616,2026-07-15T05:50:33.211,249,3,3,0,0
156293.410611,2026-07-15T05:50:33.214,249,3,3,0,0
156293.413054,2026-07-15T05:50:33.217,249,3,3,0,0
156293.416070,2026-07-15T05:50:33.220,249,3,3,0,0
156293.418999,2026-07-15T05:50:33.223,249,3,3,0,0
156293.421773,2026-07-15T05:50:33.226,249,3,3,0,0
156293.424379,2026-07-15T05:50:33.228,249,3,3,0,0
156293.427233,2026-07-15T05:50:33.230,249,3,3,0,0
156293.430018,2026-07-15T05:50:33.233,249,3,3,0,0
156293.432223,2026-07-15T05:50:33.235,249,3,3,0,0
156293.434997,2026-07-15T05:50:33.238,249,3,3,0,0
156293.437501,2026-07-15T05:50:33.241,249,3,3,0,0
156293.439989,2026-07-15T05:50:33.244,249,3,3,0,0
156293.442750,2026-07-15T05:50:33.247,249,3,3,0,0
156293.445466,2026-07-15T05:50:33.249,249,3,3,0,0
156293.447938,2026-07-15T05:50:33.252,249,3,3,0,0
156293.450478,2026-07-15T05:50:33.254,249,3,3,0,0
156293.452962,2026-07-15T05:50:33.257,249,3,3,0,0
156293.455280,2026-07-15T05:50:33.259,249,3,3,0,0
156293.457477,2026-07-15T05:50:33.261,249,3,3,0,0
156293.459952,2026-07-15T05:50:33.264,249,3,3,0,0
156293.462821,2026-07-15T05:50:33.266,249,3,3,0,0
156293.465525,2026-07-15T05:50:33.269,249,3,3,0,0
156293.468044,2026-07-15T05:50:33.272,249,3,3,0,0
156293.470841,2026-07-15T05:50:33.274,249,3,3,0,0
156293.473392,2026-07-15T05:50:33.277,249,3,3,0,0
156293.476911,2026-07-15T05:50:33.281,249,3,3,0,0
156293.479632,2026-07-15T05:50:33.284,249,3,3,0,0
156293.482219,2026-07-15T05:50:33.286,249,3,3,0,0
156293.485203,2026-07-15T05:50:33.289,249,3,3,0,0
156293.488013,2026-07-15T05:50:33.292,249,3,3,0,0
156293.490707,2026-07-15T05:50:33.294,249,3,3,0,0
156293.493579,2026-07-15T05:50:33.297,249,3,3,0,0
156293.496598,2026-07-15T05:50:33.300,249,3,3,0,0
156293.499302,2026-07-15T05:50:33.303,249,3,3,0,0
156293.502109,2026-07-15T05:50:33.306,249,3,3,0,0
156293.505276,2026-07-15T05:50:33.309,249,3,3,0,0
156293.507954,2026-07-15T05:50:33.312,249,3,3,0,0
156293.511047,2026-07-15T05:50:33.315,249,3,3,0,0
156293.513782,2026-07-15T05:50:33.317,249,3,3,0,0
156293.516274,2026-07-15T05:50:33.320,249,3,3,0,0
156293.519148,2026-07-15T05:50:33.323,249,3,3,0,0
156293.522001,2026-07-15T05:50:33.325,249,3,3,0,0
156293.524609,2026-07-15T05:50:33.328,249,3,3,0,0
156293.527224,2026-07-15T05:50:33.331,249,3,3,0,0
156293.529419,2026-07-15T05:50:33.333,249,3,3,0,0
156293.532093,2026-07-15T05:50:33.336,249,3,3,0,0
156293.534803,2026-07-15T05:50:33.338,249,3,3,0,0
156293.537541,2026-07-15T05:50:33.341,249,3,3,0,0
156293.540243,2026-07-15T05:50:33.344,249,3,3,0,0
156293.542815,2026-07-15T05:50:33.347,249,3,3,0,0
156293.545333,2026-07-15T05:50:33.349,249,3,3,0,0
156293.547932,2026-07-15T05:50:33.352,249,3,3,0,0
156293.550133,2026-07-15T05:50:33.354,249,3,3,0,0
156293.552339,2026-07-15T05:50:33.356,249,3,3,0,0
156293.554820,2026-07-15T05:50:33.359,249,3,3,0,0
156293.557347,2026-07-15T05:50:33.361,249,3,3,0,0
156293.559857,2026-07-15T05:50:33.364,249,3,3,0,0
156293.562825,2026-07-15T05:50:33.367,249,3,3,0,0
156293.565739,2026-07-15T05:50:33.369,249,3,3,0,0
156293.568359,2026-07-15T05:50:33.372,249,3,3,0,0
156293.571122,2026-07-15T05:50:33.375,249,3,3,0,0
156293.573850,2026-07-15T05:50:33.378,249,3,3,0,0
156293.576103,2026-07-15T05:50:33.380,249,3,3,0,0
156293.578627,2026-07-15T05:50:33.382,249,3,3,0,0
156293.580885,2026-07-15T05:50:33.385,249,3,3,0,0
156293.583371,2026-07-15T05:50:33.387,249,3,3,0,0
156293.585718,2026-07-15T05:50:33.389,249,3,3,0,0
156293.588152,2026-07-15T05:50:33.392,249,3,3,0,0
156293.591130,2026-07-15T05:50:33.395,249,3,3,0,0
156293.593901,2026-07-15T05:50:33.398,249,3,3,0,0
156293.596729,2026-07-15T05:50:33.400,249,3,3,0,0
156293.599345,2026-07-15T05:50:33.403,249,3,3,0,0
156293.601903,2026-07-15T05:50:33.406,249,3,3,0,0
156293.604389,2026-07-15T05:50:33.408,249,3,3,0,0
156293.606560,2026-07-15T05:50:33.410,249,3,3,0,0
156293.608799,2026-07-15T05:50:33.412,249,3,3,0,0
156293.611395,2026-07-15T05:50:33.415,249,3,3,0,0
156293.613624,2026-07-15T05:50:33.417,249,3,3,0,0
156293.615890,2026-07-15T05:50:33.420,249,3,3,0,0
156293.618570,2026-07-15T05:50:33.422,249,3,3,0,0
156293.621173,2026-07-15T05:50:33.425,249,3,3,0,0
156293.623732,2026-07-15T05:50:33.427,249,3,3,0,0
156293.626577,2026-07-15T05:50:33.430,249,3,3,0,0
156293.628963,2026-07-15T05:50:33.432,249,3,3,0,0
156293.631267,2026-07-15T05:50:33.434,249,3,3,0,0
156293.633552,2026-07-15T05:50:33.437,249,3,3,0,0
156293.635978,2026-07-15T05:50:33.439,249,3,3,0,0
156293.638454,2026-07-15T05:50:33.442,249,3,3,0,0
156293.640894,2026-07-15T05:50:33.444,249,3,3,0,0
156293.643483,2026-07-15T05:50:33.447,249,3,3,0,0
156293.645816,2026-07-15T05:50:33.449,249,3,3,0,0
156293.648242,2026-07-15T05:50:33.451,249,3,3,0,0
156293.651021,2026-07-15T05:50:33.455,249,3,3,0,0
156293.653641,2026-07-15T05:50:33.458,249,3,3,0,0
156293.656169,2026-07-15T05:50:33.460,249,3,3,0,0
156293.658513,2026-07-15T05:50:33.462,249,3,3,0,0
156293.660844,2026-07-15T05:50:33.465,249,3,3,0,0
156293.663379,2026-07-15T05:50:33.467,249,3,3,0,0
156293.665531,2026-07-15T05:50:33.470,249,3,3,0,0
156293.667711,2026-07-15T05:50:33.470,249,3,3,0,0
156293.670351,2026-07-15T05:50:33.474,249,3,3,0,0
156293.673177,2026-07-15T05:50:33.477,249,3,3,0,0
156293.675462,2026-07-15T05:50:33.479,249,3,3,0,0
156293.678364,2026-07-15T05:50:33.482,249,3,3,0,0
156293.680776,2026-07-15T05:50:33.484,249,3,3,0,0
156293.683379,2026-07-15T05:50:33.487,249,3,3,0,0
156293.685978,2026-07-15T05:50:33.489,249,3,3,0,0
156293.688811,2026-07-15T05:50:33.492,249,3,3,0,0
156293.690969,2026-07-15T05:50:33.494,249,3,3,0,0
156293.693567,2026-07-15T05:50:33.498,249,3,3,0,0
156293.695941,2026-07-15T05:50:33.500,249,3,3,0,0
156293.698279,2026-07-15T05:50:33.502,249,3,3,0,0
156293.700385,2026-07-15T05:50:33.504,249,3,3,0,0
156293.702423,2026-07-15T05:50:33.506,249,3,3,0,0
156293.704983,2026-07-15T05:50:33.509,249,3,3,0,0
156293.707252,2026-07-15T05:50:33.511,249,3,3,0,0
156293.709786,2026-07-15T05:50:33.514,249,3,3,0,0
156293.711980,2026-07-15T05:50:33.515,249,3,3,0,0
156293.714531,2026-07-15T05:50:33.518,249,3,3,0,0
156293.716626,2026-07-15T05:50:33.520,249,3,3,0,0
156293.718629,2026-07-15T05:50:33.522,249,3,3,0,0
156293.721195,2026-07-15T05:50:33.525,249,3,3,0,0
156293.723272,2026-07-15T05:50:33.527,249,3,3,0,0
156293.725869,2026-07-15T05:50:33.530,249,3,3,0,0
156293.728481,2026-07-15T05:50:33.533,249,3,3,0,0
156293.730771,2026-07-15T05:50:33.535,249,3,3,0,0
156293.733169,2026-07-15T05:50:33.537,249,3,3,0,0
156293.735465,2026-07-15T05:50:33.540,249,3,3,0,0
156293.737556,2026-07-15T05:50:33.542,249,3,3,0,0
156293.740168,2026-07-15T05:50:33.544,249,3,3,0,0
156293.742382,2026-07-15T05:50:33.546,249,3,3,0,0
156293.744814,2026-07-15T05:50:33.549,249,3,3,0,0
156293.746827,2026-07-15T05:50:33.551,249,3,3,0,0
156293.749002,2026-07-15T05:50:33.553,249,3,3,0,0
156293.751639,2026-07-15T05:50:33.556,249,3,3,0,0
156293.753991,2026-07-15T05:50:33.558,249,3,3,0,0
156293.756649,2026-07-15T05:50:33.561,249,3,3,0,0
156293.759062,2026-07-15T05:50:33.563,249,3,3,0,0
156293.761964,2026-07-15T05:50:33.565,249,3,3,0,0
156293.764859,2026-07-15T05:50:33.568,249,3,3,0,0
156293.767505,2026-07-15T05:50:33.571,249,3,3,0,0
156293.770211,2026-07-15T05:50:33.574,249,3,3,0,0
156293.772883,2026-07-15T05:50:33.577,249,3,3,0,0
156293.775378,2026-07-15T05:50:33.579,249,3,3,0,0
156293.778549,2026-07-15T05:50:33.583,249,3,3,0,0
156293.781109,2026-07-15T05:50:33.585,249,3,3,0,0
156293.783517,2026-07-15T05:50:33.587,249,3,3,0,0
156293.786185,2026-07-15T05:50:33.590,249,3,3,0,0
156293.788605,2026-07-15T05:50:33.592,249,3,3,0,0
156293.791056,2026-07-15T05:50:33.595,249,3,3,0,0
156293.793486,2026-07-15T05:50:33.597,249,3,3,0,0
156293.796121,2026-07-15T05:50:33.600,249,3,3,0,0
156293.799075,2026-07-15T05:50:33.603,249,3,3,0,0
156293.801882,2026-07-15T05:50:33.605,249,3,3,0,0
156293.804797,2026-07-15T05:50:33.608,249,3,3,0,0
156293.807044,2026-07-15T05:50:33.611,249,3,3,0,0
156293.809798,2026-07-15T05:50:33.614,249,3,3,0,0
156293.812753,2026-07-15T05:50:33.617,249,3,3,0,0
156293.815703,2026-07-15T05:50:33.620,249,3,3,0,0
156293.818424,2026-07-15T05:50:33.622,249,3,3,0,0
156293.820984,2026-07-15T05:50:33.624,249,3,3,0,0
156293.824125,2026-07-15T05:50:33.627,249,3,3,0,0
156293.826678,2026-07-15T05:50:33.630,249,3,3,0,0
156293.829480,2026-07-15T05:50:33.633,249,3,3,0,0
156293.832594,2026-07-15T05:50:33.636,249,3,3,0,0
156293.834990,2026-07-15T05:50:33.639,249,3,3,0,0
156293.837759,2026-07-15T05:50:33.641,249,3,3,0,0
156293.840273,2026-07-15T05:50:33.644,249,3,3,0,0
156293.843172,2026-07-15T05:50:33.646,249,3,3,0,0
156293.845347,2026-07-15T05:50:33.649,249,3,3,0,0
156293.847384,2026-07-15T05:50:33.651,249,3,3,0,0
156293.850327,2026-07-15T05:50:33.654,249,3,3,0,0
156293.853214,2026-07-15T05:50:33.657,249,3,3,0,0
156293.855673,2026-07-15T05:50:33.660,249,3,3,0,0
156293.858346,2026-07-15T05:50:33.662,249,3,3,0,0
156293.861303,2026-07-15T05:50:33.665,249,3,3,0,0
156293.863799,2026-07-15T05:50:33.667,249,3,3,0,0
156293.866253,2026-07-15T05:50:33.670,249,3,3,0,0
156293.868989,2026-07-15T05:50:33.673,249,3,3,0,0
156293.871776,2026-07-15T05:50:33.675,249,3,3,0,0
156293.874122,2026-07-15T05:50:33.677,249,3,3,0,0
156293.876448,2026-07-15T05:50:33.680,249,3,3,0,0
156293.879297,2026-07-15T05:50:33.683,249,3,3,0,0
156293.882161,2026-07-15T05:50:33.686,249,3,3,0,0
156293.884736,2026-07-15T05:50:33.688,249,3,3,0,0
156293.887642,2026-07-15T05:50:33.692,249,3,3,0,0
156293.890957,2026-07-15T05:50:33.694,249,3,3,0,0
156293.893688,2026-07-15T05:50:33.697,249,3,3,0,0
156293.896891,2026-07-15T05:50:33.701,249,3,3,0,0
156293.899861,2026-07-15T05:50:33.703,249,3,3,0,0
156293.902149,2026-07-15T05:50:33.706,249,3,3,0,0
156293.904689,2026-07-15T05:50:33.709,249,3,3,0,0
156293.907330,2026-07-15T05:50:33.711,249,3,3,0,0
156293.910132,2026-07-15T05:50:33.713,249,3,3,0,0
156293.912529,2026-07-15T05:50:33.716,249,3,3,0,0
156293.915182,2026-07-15T05:50:33.719,249,3,3,0,0
156293.917947,2026-07-15T05:50:33.722,249,3,3,0,0
156293.920784,2026-07-15T05:50:33.725,249,3,3,0,0
156293.923147,2026-07-15T05:50:33.727,249,3,3,0,0
156293.925816,2026-07-15T05:50:33.729,249,3,3,0,0
156293.928463,2026-07-15T05:50:33.732,249,3,3,0,0
156293.930981,2026-07-15T05:50:33.735,249,3,3,0,0
156293.933242,2026-07-15T05:50:33.737,249,3,3,0,0
156293.936016,2026-07-15T05:50:33.740,249,3,3,0,0
156293.938683,2026-07-15T05:50:33.742,249,3,3,0,0
156293.941166,2026-07-15T05:50:33.745,249,3,3,0,0
156293.943602,2026-07-15T05:50:33.747,249,3,3,0,0
156293.946314,2026-07-15T05:50:33.750,249,3,3,0,0
156293.948914,2026-07-15T05:50:33.752,249,3,3,0,0
156293.951239,2026-07-15T05:50:33.755,249,3,3,0,0
156293.953801,2026-07-15T05:50:33.757,249,3,3,0,0
156293.956469,2026-07-15T05:50:33.760,249,3,3,0,0
156293.959155,2026-07-15T05:50:33.762,249,3,3,0,0
156293.961693,2026-07-15T05:50:33.764,249,3,3,0,0
156293.964569,2026-07-15T05:50:33.768,249,3,3,0,0
156293.967061,2026-07-15T05:50:33.770,249,3,3,0,9
156293.970073,2026-07-15T05:50:33.774,227,0,3,0,9
156293.972621,2026-07-15T05:50:33.776,227,0,3,0,9
156293.975137,2026-07-15T05:50:33.778,227,0,3,0,9
156293.977362,2026-07-15T05:50:33.781,227,0,3,0,9
156293.979889,2026-07-15T05:50:33.784,227,0,3,0,9
156293.981934,2026-07-15T05:50:33.786,227,0,3,0,9
156293.984319,2026-07-15T05:50:33.788,227,0,3,0,9
156293.986885,2026-07-15T05:50:33.791,227,0,3,0,9
156293.989574,2026-07-15T05:50:33.793,227,0,3,0,9
156293.992139,2026-07-15T05:50:33.796,227,0,3,0,9
156293.994707,2026-07-15T05:50:33.798,227,0,3,0,9
156293.998097,2026-07-15T05:50:33.802,227,0,3,0,9
156294.001017,2026-07-15T05:50:33.804,227,0,3,0,9
156294.003821,2026-07-15T05:50:33.808,227,0,3,0,9
156294.006027,2026-07-15T05:50:33.810,227,0,3,0,9
156294.008785,2026-07-15T05:50:33.812,227,0,3,0,9
156294.010967,2026-07-15T05:50:33.815,227,0,3,0,9
156294.013687,2026-07-15T05:50:33.818,227,0,3,0,9
156294.016497,2026-07-15T05:50:33.820,227,0,3,0,9
156294.019305,2026-07-15T05:50:33.823,227,0,3,0,9
156294.022771,2026-07-15T05:50:33.827,227,0,3,0,9
156294.027133,2026-07-15T05:50:33.831,227,0,3,0,9
156294.030502,2026-07-15T05:50:33.834,227,0,3,0,9
156294.033332,2026-07-15T05:50:33.837,227,0,3,0,9
156294.036304,2026-07-15T05:50:33.840,227,0,3,0,9
156294.039330,2026-07-15T05:50:33.843,227,0,3,0,9
156294.041997,2026-07-15T05:50:33.845,227,0,3,0,9
156294.044851,2026-07-15T05:50:33.849,227,0,3,0,9
156294.047581,2026-07-15T05:50:33.852,227,0,3,0,9
156294.050175,2026-07-15T05:50:33.854,227,0,3,0,9
156294.052826,2026-07-15T05:50:33.856,227,0,3,0,9
156294.055284,2026-07-15T05:50:33.859,227,0,3,0,9
156294.057616,2026-07-15T05:50:33.861,227,0,3,0,9
156294.060342,2026-07-15T05:50:33.863,227,0,3,0,9
156294.062749,2026-07-15T05:50:33.867,227,0,3,0,9
156294.065295,2026-07-15T05:50:33.869,227,0,3,0,9
156294.068349,2026-07-15T05:50:33.872,227,0,3,0,9
156294.071102,2026-07-15T05:50:33.875,227,0,3,0,9
156294.074164,2026-07-15T05:50:33.878,227,0,3,0,9
156294.076907,2026-07-15T05:50:33.881,227,0,3,0,9
156294.079195,2026-07-15T05:50:33.883,227,0,3,0,9
156294.081978,2026-07-15T05:50:33.886,227,0,3,0,9
156294.084368,2026-07-15T05:50:33.888,227,0,3,0,9
156294.087098,2026-07-15T05:50:33.891,227,0,3,0,9
156294.089444,2026-07-15T05:50:33.893,227,0,3,0,9
156294.092133,2026-07-15T05:50:33.896,227,0,3,0,9
156294.094779,2026-07-15T05:50:33.899,227,0,3,0,9
156294.099148,2026-07-15T05:50:33.903,227,0,3,0,9
156294.101817,2026-07-15T05:50:33.906,227,0,3,0,9
156294.104325,2026-07-15T05:50:33.908,227,0,3,0,9
156294.106561,2026-07-15T05:50:33.910,227,0,3,0,9
156294.109237,2026-07-15T05:50:33.913,227,0,3,0,9
156294.111383,2026-07-15T05:50:33.914,227,0,3,0,9
156294.114066,2026-07-15T05:50:33.917,227,0,3,0,9
156294.116154,2026-07-15T05:50:33.920,227,0,3,0,9
156294.118672,2026-07-15T05:50:33.923,227,0,3,0,9
156294.121274,2026-07-15T05:50:33.925,227,0,3,0,9
156294.123866,2026-07-15T05:50:33.928,227,0,3,0,9
156294.126498,2026-07-15T05:50:33.930,227,0,3,0,9
156294.128613,2026-07-15T05:50:33.932,227,0,3,0,9
156294.130730,2026-07-15T05:50:33.934,227,0,3,0,9
156294.133328,2026-07-15T05:50:33.937,227,0,3,0,9
156294.135429,2026-07-15T05:50:33.939,227,0,3,0,9
156294.137871,2026-07-15T05:50:33.942,227,0,3,0,9
156294.139972,2026-07-15T05:50:33.944,227,0,3,0,9
156294.142023,2026-07-15T05:50:33.946,227,0,3,0,9
156294.144127,2026-07-15T05:50:33.948,227,0,3,0,9
156294.146230,2026-07-15T05:50:33.950,227,0,3,0,9
156294.148751,2026-07-15T05:50:33.953,227,0,3,0,9
156294.150905,2026-07-15T05:50:33.955,227,0,3,0,9
156294.153027,2026-07-15T05:50:33.957,227,0,3,0,9
156294.155684,2026-07-15T05:50:33.960,227,0,3,0,9
156294.157825,2026-07-15T05:50:33.961,227,0,3,0,9
156294.160513,2026-07-15T05:50:33.965,227,0,3,0,9
156294.162568,2026-07-15T05:50:33.966,227,0,3,0,9
156294.164630,2026-07-15T05:50:33.968,227,0,3,0,9
156294.166820,2026-07-15T05:50:33.969,227,0,3,0,9
156294.168838,2026-07-15T05:50:33.973,227,0,3,0,9
156294.171025,2026-07-15T05:50:33.974,227,0,3,0,9
156294.173206,2026-07-15T05:50:33.977,227,0,3,0,9
156294.175511,2026-07-15T05:50:33.979,227,0,3,0,9
156294.178162,2026-07-15T05:50:33.982,227,0,3,0,9
156294.180249,2026-07-15T05:50:33.984,227,0,3,0,9
156294.182251,2026-07-15T05:50:33.986,227,0,3,0,9
156294.184397,2026-07-15T05:50:33.988,227,0,3,0,9
156294.186572,2026-07-15T05:50:33.990,227,0,3,0,9
156294.189059,2026-07-15T05:50:33.992,227,0,3,0,9
156294.191666,2026-07-15T05:50:33.996,227,0,3,0,9
156294.193967,2026-07-15T05:50:33.997,227,0,3,0,9
156294.196160,2026-07-15T05:50:34.000,227,0,3,0,9
156294.199575,2026-07-15T05:50:34.003,227,0,3,0,9
156294.201625,2026-07-15T05:50:34.005,227,0,3,0,9
156294.203796,2026-07-15T05:50:34.008,227,0,3,0,9
156294.206454,2026-07-15T05:50:34.011,227,0,3,0,9
156294.208796,2026-07-15T05:50:34.013,227,0,3,0,9
156294.211318,2026-07-15T05:50:34.015,227,0,3,0,9
156294.213767,2026-07-15T05:50:34.018,168,0,3,0,8
156294.216012,2026-07-15T05:50:34.020,168,0,3,0,8
156294.218523,2026-07-15T05:50:34.023,168,0,3,0,8
156294.221129,2026-07-15T05:50:34.025,168,0,3,0,8
156294.223664,2026-07-15T05:50:34.028,168,0,3,0,8
156294.225900,2026-07-15T05:50:34.029,168,0,3,0,8
156294.228387,2026-07-15T05:50:34.031,168,0,3,0,8
156294.230552,2026-07-15T05:50:34.034,168,0,3,0,8
156294.232957,2026-07-15T05:50:34.037,168,0,3,0,8
156294.234982,2026-07-15T05:50:34.038,168,0,3,0,8
156294.237585,2026-07-15T05:50:34.042,168,0,3,0,8
156294.239880,2026-07-15T05:50:34.044,168,0,3,0,8
156294.242451,2026-07-15T05:50:34.046,168,0,3,0,8
156294.244490,2026-07-15T05:50:34.049,168,0,3,0,8
156294.247643,2026-07-15T05:50:34.052,168,0,3,0,8
156294.249809,2026-07-15T05:50:34.053,168,0,3,0,8
156294.252239,2026-07-15T05:50:34.056,168,0,3,0,8
156294.254842,2026-07-15T05:50:34.059,168,0,3,0,8
156294.256899,2026-07-15T05:50:34.061,168,0,3,0,8
156294.258971,2026-07-15T05:50:34.062,168,0,3,0,8
156294.261141,2026-07-15T05:50:34.065,168,0,3,0,8
156294.263173,2026-07-15T05:50:34.067,168,0,3,0,8
156294.265568,2026-07-15T05:50:34.070,168,0,3,0,8
156294.268297,2026-07-15T05:50:34.072,168,0,3,0,8
156294.271008,2026-07-15T05:50:34.075,168,0,3,0,8
156294.273546,2026-07-15T05:50:34.078,168,0,3,0,8
156294.276233,2026-07-15T05:50:34.080,168,0,3,0,8
156294.279200,2026-07-15T05:50:34.083,168,0,3,0,8
156294.281970,2026-07-15T05:50:34.085,168,0,3,0,8
156294.284712,2026-07-15T05:50:34.089,168,0,3,0,8
156294.287560,2026-07-15T05:50:34.091,168,0,3,0,8
156294.290407,2026-07-15T05:50:34.094,168,0,3,0,8
156294.293096,2026-07-15T05:50:34.096,168,0,3,0,8
156294.295899,2026-07-15T05:50:34.099,168,0,3,0,8
156294.299023,2026-07-15T05:50:34.103,168,0,3,0,8
156294.301973,2026-07-15T05:50:34.106,168,0,3,0,8
156294.304770,2026-07-15T05:50:34.109,168,0,3,0,8
156294.307580,2026-07-15T05:50:34.111,168,0,3,0,8
156294.310330,2026-07-15T05:50:34.114,168,0,3,0,8
156294.313111,2026-07-15T05:50:34.117,168,0,3,0,8
156294.315581,2026-07-15T05:50:34.120,168,0,3,0,8
156294.318224,2026-07-15T05:50:34.122,168,0,3,0,8
156294.320933,2026-07-15T05:50:34.124,168,0,3,0,8
156294.323662,2026-07-15T05:50:34.127,168,0,3,0,8
156294.326670,2026-07-15T05:50:34.130,168,0,3,0,8
156294.329339,2026-07-15T05:50:34.133,168,0,3,0,8
156294.332204,2026-07-15T05:50:34.136,168,0,3,0,8
156294.334835,2026-07-15T05:50:34.139,168,0,3,0,8
156294.337512,2026-07-15T05:50:34.141,168,0,3,0,8
156294.340076,2026-07-15T05:50:34.144,168,0,3,0,8
156294.343185,2026-07-15T05:50:34.147,168,0,3,0,8
156294.345554,2026-07-15T05:50:34.149,168,0,3,0,8
156294.347667,2026-07-15T05:50:34.151,168,0,3,0,8
156294.350148,2026-07-15T05:50:34.153,168,0,3,0,8
156294.352314,2026-07-15T05:50:34.156,168,0,3,0,8
156294.354755,2026-07-15T05:50:34.159,168,0,3,0,8
156294.357242,2026-07-15T05:50:34.161,168,0,3,0,8
156294.359370,2026-07-15T05:50:34.163,168,0,3,0,8
156294.361833,2026-07-15T05:50:34.166,168,0,3,0,8
156294.364451,2026-07-15T05:50:34.168,168,0,3,0,8
156294.366973,2026-07-15T05:50:34.171,168,0,3,0,8
156294.369508,2026-07-15T05:50:34.173,168,0,3,0,8
156294.372013,2026-07-15T05:50:34.176,168,0,3,0,8
156294.374570,2026-07-15T05:50:34.179,168,0,3,0,8
156294.377162,2026-07-15T05:50:34.181,168,0,3,0,8
156294.379600,2026-07-15T05:50:34.184,168,0,3,0,8
156294.381621,2026-07-15T05:50:34.185,168,0,3,0,8
156294.384048,2026-07-15T05:50:34.188,168,0,3,0,8
156294.386457,2026-07-15T05:50:34.191,168,0,3,0,8
156294.388786,2026-07-15T05:50:34.193,168,0,3,0,8
156294.390872,2026-07-15T05:50:34.195,168,0,3,0,8
156294.393479,2026-07-15T05:50:34.198,168,0,3,0,8
156294.396035,2026-07-15T05:50:34.200,168,0,3,0,8
156294.398848,2026-07-15T05:50:34.202,168,0,3,0,8
156294.401876,2026-07-15T05:50:34.206,168,0,3,0,8
156294.404721,2026-07-15T05:50:34.208,168,0,3,0,8
156294.407567,2026-07-15T05:50:34.211,168,0,3,0,8
156294.410461,2026-07-15T05:50:34.214,168,0,3,0,8
156294.413026,2026-07-15T05:50:34.217,168,0,3,0,8
156294.416044,2026-07-15T05:50:34.220,168,0,3,0,8
156294.418568,2026-07-15T05:50:34.222,168,0,3,0,8
156294.421147,2026-07-15T05:50:34.225,168,0,3,0,8
156294.423929,2026-07-15T05:50:34.228,168,0,3,0,8
156294.426607,2026-07-15T05:50:34.230,168,0,3,0,8
156294.429289,2026-07-15T05:50:34.233,168,0,3,0,8
156294.432063,2026-07-15T05:50:34.236,168,0,3,0,8
156294.434880,2026-07-15T05:50:34.238,168,0,3,0,8
156294.437630,2026-07-15T05:50:34.241,168,0,3,0,8
156294.440266,2026-07-15T05:50:34.244,168,0,3,0,8
156294.442937,2026-07-15T05:50:34.247,168,0,3,0,8
156294.445217,2026-07-15T05:50:34.248,168,0,3,0,8
156294.447922,2026-07-15T05:50:34.251,168,0,3,0,8
156294.450589,2026-07-15T05:50:34.254,168,0,3,0,8
156294.452893,2026-07-15T05:50:34.257,168,0,3,0,8
156294.455531,2026-07-15T05:50:34.259,168,0,3,0,8
156294.458371,2026-07-15T05:50:34.262,108,0,3,0,8
156294.461040,2026-07-15T05:50:34.265,108,0,3,0,8
156294.463444,2026-07-15T05:50:34.267,108,0,3,0,8
156294.466037,2026-07-15T05:50:34.270,108,0,3,0,8
156294.468600,2026-07-15T05:50:34.272,108,0,3,0,8
156294.471154,2026-07-15T05:50:34.274,108,0,3,0,8
156294.473242,2026-07-15T05:50:34.276,108,0,3,0,8
156294.475805,2026-07-15T05:50:34.280,108,0,3,0,8
156294.478382,2026-07-15T05:50:34.282,108,0,3,0,8
156294.480937,2026-07-15T05:50:34.285,108,0,3,0,8
156294.484171,2026-07-15T05:50:34.288,108,0,3,0,8
156294.486885,2026-07-15T05:50:34.290,108,0,3,0,8
156294.489320,2026-07-15T05:50:34.292,108,0,3,0,8
156294.491817,2026-07-15T05:50:34.296,108,0,3,0,8
156294.494561,2026-07-15T05:50:34.298,108,0,3,0,8
156294.497353,2026-07-15T05:50:34.301,108,0,3,0,8
156294.500226,2026-07-15T05:50:34.304,108,0,3,0,8
156294.502934,2026-07-15T05:50:34.307,108,0,3,0,8
156294.505707,2026-07-15T05:50:34.309,108,0,3,0,8
156294.508189,2026-07-15T05:50:34.311,108,0,3,0,8
156294.510956,2026-07-15T05:50:34.314,108,0,3,0,8
156294.513786,2026-07-15T05:50:34.318,108,0,3,0,8
156294.516701,2026-07-15T05:50:34.321,108,0,3,0,8
156294.519245,2026-07-15T05:50:34.323,108,0,3,0,8
156294.522243,2026-07-15T05:50:34.326,108,0,3,0,8
156294.524450,2026-07-15T05:50:34.328,108,0,3,0,8
156294.526771,2026-07-15T05:50:34.331,108,0,3,0,8
156294.529199,2026-07-15T05:50:34.333,108,0,3,0,8
156294.532016,2026-07-15T05:50:34.336,108,0,3,0,8
156294.534169,2026-07-15T05:50:34.338,108,0,3,0,8
156294.536245,2026-07-15T05:50:34.340,108,0,3,0,8
156294.538737,2026-07-15T05:50:34.343,108,0,3,0,8
156294.540930,2026-07-15T05:50:34.345,108,0,3,0,8
156294.543434,2026-07-15T05:50:34.347,108,0,3,0,8
156294.545670,2026-07-15T05:50:34.350,108,0,3,0,8
156294.548516,2026-07-15T05:50:34.353,108,0,3,0,8
156294.550571,2026-07-15T05:50:34.354,108,0,3,0,8
156294.553048,2026-07-15T05:50:34.357,108,0,3,0,8
156294.555653,2026-07-15T05:50:34.360,108,0,3,0,8
156294.557885,2026-07-15T05:50:34.362,108,0,3,0,8
156294.560001,2026-07-15T05:50:34.364,108,0,3,0,8
156294.562606,2026-07-15T05:50:34.367,108,0,3,0,8
156294.565166,2026-07-15T05:50:34.369,108,0,3,0,8
156294.567286,2026-07-15T05:50:34.371,108,0,3,0,8
156294.569308,2026-07-15T05:50:34.373,108,0,3,0,8
156294.571421,2026-07-15T05:50:34.374,108,0,3,0,8
156294.573988,2026-07-15T05:50:34.378,108,0,3,0,8
156294.576604,2026-07-15T05:50:34.381,108,0,3,0,8
156294.579251,2026-07-15T05:50:34.383,108,0,3,0,8
156294.581347,2026-07-15T05:50:34.385,108,0,3,0,8
156294.583814,2026-07-15T05:50:34.387,108,0,3,0,8
156294.586314,2026-07-15T05:50:34.390,108,0,3,0,8
156294.588527,2026-07-15T05:50:34.391,108,0,3,0,8
156294.590957,2026-07-15T05:50:34.395,108,0,3,0,8
156294.593453,2026-07-15T05:50:34.398,108,0,3,0,8
156294.595861,2026-07-15T05:50:34.400,108,0,3,0,8
156294.598224,2026-07-15T05:50:34.402,108,0,3,0,8
156294.600614,2026-07-15T05:50:34.405,108,0,3,0,8
156294.603175,2026-07-15T05:50:34.407,108,0,3,0,8
156294.605237,2026-07-15T05:50:34.408,108,0,3,0,8
156294.607752,2026-07-15T05:50:34.412,108,0,3,0,8
156294.610195,2026-07-15T05:50:34.414,108,0,3,0,8
156294.612727,2026-07-15T05:50:34.417,108,0,3,0,8
156294.614897,2026-07-15T05:50:34.419,108,0,3,0,8
156294.616967,2026-07-15T05:50:34.421,108,0,3,0,8
156294.619026,2026-07-15T05:50:34.422,108,0,3,0,8
156294.621723,2026-07-15T05:50:34.426,108,0,3,0,8
156294.623972,2026-07-15T05:50:34.428,108,0,3,0,8
156294.626456,2026-07-15T05:50:34.430,108,0,3,0,8
156294.628979,2026-07-15T05:50:34.433,108,0,3,0,8
156294.630999,2026-07-15T05:50:34.434,108,0,3,0,8
156294.633197,2026-07-15T05:50:34.436,108,0,3,0,8
156294.635829,2026-07-15T05:50:34.440,108,0,3,0,8
156294.638330,2026-07-15T05:50:34.442,108,0,3,0,8
156294.640654,2026-07-15T05:50:34.445,108,0,3,0,8
156294.642756,2026-07-15T05:50:34.446,108,0,3,0,8
156294.646123,2026-07-15T05:50:34.450,108,0,3,0,8
156294.648155,2026-07-15T05:50:34.452,108,0,3,0,8
156294.650252,2026-07-15T05:50:34.454,108,0,3,0,8
156294.652854,2026-07-15T05:50:34.457,108,0,3,0,8
156294.654945,2026-07-15T05:50:34.459,108,0,3,0,8
156294.656948,2026-07-15T05:50:34.461,108,0,3,0,8
156294.659563,2026-07-15T05:50:34.464,108,0,3,0,8
156294.661750,2026-07-15T05:50:34.465,108,0,3,0,8
156294.663852,2026-07-15T05:50:34.468,108,0,3,0,8
156294.666359,2026-07-15T05:50:34.470,108,0,3,0,8
156294.668536,2026-07-15T05:50:34.472,108,0,3,0,8
156294.671179,2026-07-15T05:50:34.475,108,0,3,0,8
156294.673331,2026-07-15T05:50:34.477,108,0,3,0,8
156294.675411,2026-07-15T05:50:34.479,108,0,3,0,8
156294.677429,2026-07-15T05:50:34.481,108,0,3,0,8
156294.679854,2026-07-15T05:50:34.484,108,0,3,0,8
156294.681914,2026-07-15T05:50:34.486,108,0,3,0,8
156294.684271,2026-07-15T05:50:34.488,108,0,3,0,8
156294.686772,2026-07-15T05:50:34.491,108,0,3,0,8
156294.689190,2026-07-15T05:50:34.493,108,0,3,0,8
156294.691862,2026-07-15T05:50:34.496,108,0,3,0,8
156294.694456,2026-07-15T05:50:34.498,108,0,3,0,8
156294.697387,2026-07-15T05:50:34.501,108,0,3,0,8
156294.700430,2026-07-15T05:50:34.504,108,0,3,0,9
156294.703103,2026-07-15T05:50:34.507,48,0,3,0,9
156294.705447,2026-07-15T05:50:34.509,48,0,3,0,9
156294.707719,2026-07-15T05:50:34.512,48,0,3,0,9
156294.709861,2026-07-15T05:50:34.514,48,0,3,0,9
156294.712301,2026-07-15T05:50:34.516,48,0,3,0,9
156294.714437,2026-07-15T05:50:34.518,48,0,3,0,9
156294.716936,2026-07-15T05:50:34.521,48,0,3,0,9
156294.719456,2026-07-15T05:50:34.523,48,0,3,0,9
156294.722151,2026-07-15T05:50:34.526,48,0,3,0,9
156294.724578,2026-07-15T05:50:34.529,48,0,3,0,9
156294.727134,2026-07-15T05:50:34.531,48,0,3,0,9
156294.729955,2026-07-15T05:50:34.534,48,0,3,0,9
156294.732492,2026-07-15T05:50:34.536,48,0,3,0,9
156294.735218,2026-07-15T05:50:34.539,48,0,3,0,9
156294.737921,2026-07-15T05:50:34.541,48,0,3,0,9
156294.740904,2026-07-15T05:50:34.545,48,0,3,0,9
156294.743914,2026-07-15T05:50:34.548,48,0,3,0,9
156294.746727,2026-07-15T05:50:34.551,48,0,3,0,9
156294.749196,2026-07-15T05:50:34.553,48,0,3,0,9
156294.751996,2026-07-15T05:50:34.555,48,0,3,0,9
156294.754519,2026-07-15T05:50:34.559,48,0,3,0,9
156294.757086,2026-07-15T05:50:34.561,48,0,3,0,9
156294.759754,2026-07-15T05:50:34.563,48,0,3,0,9
156294.762395,2026-07-15T05:50:34.566,48,0,3,0,9
156294.764757,2026-07-15T05:50:34.568,48,0,3,0,9
156294.766920,2026-07-15T05:50:34.570,48,0,3,0,9
156294.769773,2026-07-15T05:50:34.574,48,0,3,0,9
156294.772435,2026-07-15T05:50:34.576,48,0,3,0,9
156294.775050,2026-07-15T05:50:34.579,48,0,3,0,9
156294.777615,2026-07-15T05:50:34.581,48,0,3,0,9
156294.780618,2026-07-15T05:50:34.585,48,0,3,0,9
156294.783414,2026-07-15T05:50:34.587,48,0,3,0,9
156294.786353,2026-07-15T05:50:34.590,48,0,3,0,9
156294.789160,2026-07-15T05:50:34.593,48,0,3,0,9
156294.791623,2026-07-15T05:50:34.596,48,0,3,0,9
156294.794225,2026-07-15T05:50:34.598,48,0,3,0,9
156294.796677,2026-07-15T05:50:34.601,48,0,3,0,9
156294.799465,2026-07-15T05:50:34.603,48,0,3,0,9
156294.802390,2026-07-15T05:50:34.606,48,0,3,0,9
156294.804973,2026-07-15T05:50:34.609,48,0,3,0,9
156294.807338,2026-07-15T05:50:34.611,48,0,3,0,9
156294.809588,2026-07-15T05:50:34.613,48,0,3,0,9
156294.812030,2026-07-15T05:50:34.615,48,0,3,0,9
156294.814359,2026-07-15T05:50:34.618,48,0,3,0,9
156294.816601,2026-07-15T05:50:34.620,48,0,3,0,9
156294.819045,2026-07-15T05:50:34.622,48,0,3,0,9
156294.821470,2026-07-15T05:50:34.625,48,0,3,0,9
156294.824616,2026-07-15T05:50:34.628,48,0,3,0,9
156294.827283,2026-07-15T05:50:34.631,48,0,3,0,9
156294.829541,2026-07-15T05:50:34.633,48,0,3,0,9
156294.831568,2026-07-15T05:50:34.635,48,0,3,0,9
156294.834944,2026-07-15T05:50:34.639,48,0,3,0,9
156294.837515,2026-07-15T05:50:34.641,48,0,3,0,9
156294.839932,2026-07-15T05:50:34.644,48,0,3,0,9
156294.842529,2026-07-15T05:50:34.646,48,0,3,0,9
156294.845212,2026-07-15T05:50:34.649,48,0,3,0,9
156294.847992,2026-07-15T05:50:34.651,48,0,3,0,9
156294.850235,2026-07-15T05:50:34.654,48,0,3,0,9
156294.852904,2026-07-15T05:50:34.656,48,0,3,0,9
156294.855660,2026-07-15T05:50:34.660,48,0,3,0,9
156294.858280,2026-07-15T05:50:34.661,48,0,3,0,9
156294.860927,2026-07-15T05:50:34.665,48,0,3,0,9
156294.863547,2026-07-15T05:50:34.667,48,0,3,0,9
156294.866447,2026-07-15T05:50:34.670,48,0,3,0,9
156294.868622,2026-07-15T05:50:34.673,48,0,3,0,9
156294.870953,2026-07-15T05:50:34.674,48,0,3,0,9
156294.873450,2026-07-15T05:50:34.677,48,0,3,0,9
156294.875873,2026-07-15T05:50:34.680,48,0,3,0,9
156294.878290,2026-07-15T05:50:34.681,48,0,3,0,9
156294.881060,2026-07-15T05:50:34.684,48,0,3,0,9
156294.883445,2026-07-15T05:50:34.687,48,0,3,0,9
156294.885792,2026-07-15T05:50:34.690,48,0,3,0,9
156294.888665,2026-07-15T05:50:34.693,48,0,3,0,9
156294.890824,2026-07-15T05:50:34.695,48,0,3,0,9
156294.893505,2026-07-15T05:50:34.697,48,0,3,0,9
156294.897160,2026-07-15T05:50:34.701,48,0,3,0,9
156294.899601,2026-07-15T05:50:34.703,48,0,3,0,9
156294.903762,2026-07-15T05:50:34.707,48,0,3,0,9
156294.907016,2026-07-15T05:50:34.711,48,0,3,0,9
156294.909645,2026-07-15T05:50:34.714,48,0,3,0,9
156294.912441,2026-07-15T05:50:34.716,48,0,3,0,9
156294.915509,2026-07-15T05:50:34.720,48,0,3,0,9
156294.918304,2026-07-15T05:50:34.722,48,0,3,0,9
156294.921136,2026-07-15T05:50:34.725,48,0,3,0,9
156294.923726,2026-07-15T05:50:34.728,48,0,3,0,9
156294.926561,2026-07-15T05:50:34.730,48,0,3,0,9
156294.929255,2026-07-15T05:50:34.733,48,0,3,0,9
156294.931478,2026-07-15T05:50:34.736,48,0,3,0,9
156294.934054,2026-07-15T05:50:34.738,48,0,3,0,9
156294.936755,2026-07-15T05:50:34.741,48,0,3,0,9
156294.939593,2026-07-15T05:50:34.744,48,0,3,0,9
156294.942284,2026-07-15T05:50:34.746,48,0,3,0,9
156294.945085,2026-07-15T05:50:34.749,3,3,3,0,0
156294.949064,2026-07-15T05:50:34.753,3,3,3,0,0
156294.951891,2026-07-15T05:50:34.756,3,3,3,0,0
156294.954391,2026-07-15T05:50:34.758,3,3,3,0,0
156294.957262,2026-07-15T05:50:34.761,3,3,3,0,0
156294.959835,2026-07-15T05:50:34.762,3,3,3,0,0
156294.962341,2026-07-15T05:50:34.766,3,3,3,0,0
156294.964948,2026-07-15T05:50:34.769,3,3,3,0,0
156294.967730,2026-07-15T05:50:34.772,3,3,3,0,0
156294.970617,2026-07-15T05:50:34.773,3,3,3,0,0
156294.973321,2026-07-15T05:50:34.777,3,3,3,0,0
156294.976080,2026-07-15T05:50:34.780,3,3,3,0,0
156294.978786,2026-07-15T05:50:34.783,3,3,3,0,0
156294.981458,2026-07-15T05:50:34.784,3,3,3,0,0
156294.984259,2026-07-15T05:50:34.788,3,3,3,0,0
156294.986919,2026-07-15T05:50:34.791,3,3,3,0,0
156294.989677,2026-07-15T05:50:34.793,3,3,3,0,0
156294.992382,2026-07-15T05:50:34.796,3,3,3,0,0
156294.994990,2026-07-15T05:50:34.799,3,3,3,0,0
156294.997495,2026-07-15T05:50:34.801,3,3,3,0,0
156295.001620,2026-07-15T05:50:34.805,3,3,3,0,0
156295.004776,2026-07-15T05:50:34.808,3,3,3,0,0
156295.007880,2026-07-15T05:50:34.811,3,3,3,0,0
156295.010534,2026-07-15T05:50:34.814,3,3,3,0,0
156295.013378,2026-07-15T05:50:34.817,3,3,3,0,0
156295.015930,2026-07-15T05:50:34.819,3,3,3,0,0
156295.018753,2026-07-15T05:50:34.822,3,3,3,0,0
156295.021585,2026-07-15T05:50:34.825,3,3,3,0,0
156295.024462,2026-07-15T05:50:34.828,3,3,3,0,0
156295.027116,2026-07-15T05:50:34.830,3,3,3,0,0
156295.029725,2026-07-15T05:50:34.833,3,3,3,0,0
156295.033218,2026-07-15T05:50:34.837,3,3,3,0,0
156295.035933,2026-07-15T05:50:34.840,3,3,3,0,0
156295.038660,2026-07-15T05:50:34.842,3,3,3,0,0
156295.040884,2026-07-15T05:50:34.845,3,3,3,0,0
156295.043604,2026-07-15T05:50:34.847,3,3,3,0,0
156295.046715,2026-07-15T05:50:34.850,3,3,3,0,0
156295.049312,2026-07-15T05:50:34.853,3,3,3,0,0
156295.052343,2026-07-15T05:50:34.855,3,3,3,0,0
156295.054647,2026-07-15T05:50:34.859,3,3,3,0,0
156295.057369,2026-07-15T05:50:34.860,3,3,3,0,0
156295.059889,2026-07-15T05:50:34.864,3,3,3,0,0
156295.062611,2026-07-15T05:50:34.866,3,3,3,0,0
156295.065301,2026-07-15T05:50:34.868,3,3,3,0,0
156295.068065,2026-07-15T05:50:34.872,3,3,3,0,0
156295.070615,2026-07-15T05:50:34.874,3,3,3,0,0
156295.073317,2026-07-15T05:50:34.877,3,3,3,0,0
156295.076096,2026-07-15T05:50:34.880,3,3,3,0,0
156295.078665,2026-07-15T05:50:34.882,3,3,3,0,0
156295.081422,2026-07-15T05:50:34.885,3,3,3,0,0
156295.084454,2026-07-15T05:50:34.888,3,3,3,0,0
156295.086768,2026-07-15T05:50:34.891,3,3,3,0,0
156295.089431,2026-07-15T05:50:34.893,3,3,3,0,0
156295.092035,2026-07-15T05:50:34.896,3,3,3,0,0
156295.094529,2026-07-15T05:50:34.898,3,3,3,0,0
156295.097331,2026-07-15T05:50:34.901,3,3,3,0,0
156295.099829,2026-07-15T05:50:34.904,3,3,3,0,0
156295.103527,2026-07-15T05:50:34.907,3,3,3,0,0
156295.106227,2026-07-15T05:50:34.910,3,3,3,0,0
156295.108861,2026-07-15T05:50:34.912,3,3,3,0,0
156295.111368,2026-07-15T05:50:34.915,3,3,3,0,0
156295.113832,2026-07-15T05:50:34.917,3,3,3,0,0
156295.116911,2026-07-15T05:50:34.920,3,3,3,0,0
156295.119566,2026-07-15T05:50:34.923,3,3,3,0,0
156295.122148,2026-07-15T05:50:34.926,3,3,3,0,0
156295.124756,2026-07-15T05:50:34.928,3,3,3,0,0
156295.127612,2026-07-15T05:50:34.931,3,3,3,0,0
156295.130076,2026-07-15T05:50:34.934,3,3,3,0,0
156295.132536,2026-07-15T05:50:34.936,3,3,3,0,0
156295.135092,2026-07-15T05:50:34.939,3,3,3,0,0
156295.137790,2026-07-15T05:50:34.941,3,3,3,0,0
156295.140750,2026-07-15T05:50:34.944,3,3,3,0,0
156295.143787,2026-07-15T05:50:34.947,3,3,3,0,0
156295.146556,2026-07-15T05:50:34.950,3,3,3,0,0
156295.149776,2026-07-15T05:50:34.953,3,3,3,0,0
156295.152786,2026-07-15T05:50:34.956,3,3,3,0,0
156295.155526,2026-07-15T05:50:34.959,3,3,3,0,0
156295.158169,2026-07-15T05:50:34.962,3,3,3,0,0
156295.160732,2026-07-15T05:50:34.964,3,3,3,0,0
156295.163203,2026-07-15T05:50:34.967,3,3,3,0,0
156295.165767,2026-07-15T05:50:34.969,3,3,3,0,0
156295.168219,2026-07-15T05:50:34.972,3,3,3,0,0
156295.170939,2026-07-15T05:50:34.974,3,3,3,0,0
156295.173547,2026-07-15T05:50:34.977,3,3,3,0,0
156295.175743,2026-07-15T05:50:34.979,3,3,3,0,0
156295.178394,2026-07-15T05:50:34.982,3,3,3,0,0
156295.181133,2026-07-15T05:50:34.985,3,3,3,0,0
156295.184020,2026-07-15T05:50:34.988,3,3,3,0,0
156295.186836,2026-07-15T05:50:34.991,3,3,3,0,0
156295.189326,2026-07-15T05:50:34.993,3,3,3,0,0
156295.191990,2026-07-15T05:50:34.996,3,3,3,0,0
156295.194265,2026-07-15T05:50:34.998,3,3,3,0,0
156295.196525,2026-07-15T05:50:35.000,3,3,3,0,0
156295.198873,2026-07-15T05:50:35.003,3,3,3,0,0
156295.201302,2026-07-15T05:50:35.005,3,3,3,0,0
156295.203902,2026-07-15T05:50:35.007,3,3,3,0,0
156295.206372,2026-07-15T05:50:35.010,3,3,3,0,0
156295.209280,2026-07-15T05:50:35.012,3,3,3,0,0
156295.211846,2026-07-15T05:50:35.016,3,3,3,0,0
156295.214214,2026-07-15T05:50:35.018,3,3,3,0,0
156295.217011,2026-07-15T05:50:35.021,3,3,3,0,0
156295.219549,2026-07-15T05:50:35.023,3,3,3,0,0
156295.222347,2026-07-15T05:50:35.026,3,3,3,0,0
156295.224749,2026-07-15T05:50:35.028,3,3,3,0,0
156295.227181,2026-07-15T05:50:35.031,3,3,3,0,0
156295.229946,2026-07-15T05:50:35.033,3,3,3,0,0
156295.232546,2026-07-15T05:50:35.037,3,3,3,0,0
156295.235086,2026-07-15T05:50:35.039,3,3,3,0,0
156295.237307,2026-07-15T05:50:35.041,3,3,3,0,0
156295.239572,2026-07-15T05:50:35.043,3,3,3,0,0
156295.242165,2026-07-15T05:50:35.046,3,3,3,0,0
156295.244812,2026-07-15T05:50:35.048,3,3,3,0,0
156295.247217,2026-07-15T05:50:35.051,3,3,3,0,0
156295.249812,2026-07-15T05:50:35.053,3,3,3,0,0
156295.252506,2026-07-15T05:50:35.056,3,3,3,0,0
156295.255098,2026-07-15T05:50:35.059,3,3,3,0,0
156295.257927,2026-07-15T05:50:35.062,3,3,3,0,0
156295.260559,2026-07-15T05:50:35.064,3,3,3,0,0
156295.263095,2026-07-15T05:50:35.067,3,3,3,0,0
156295.265758,2026-07-15T05:50:35.069,3,3,3,0,0
156295.268298,2026-07-15T05:50:35.072,3,3,3,0,0
156295.271126,2026-07-15T05:50:35.074,3,3,3,0,0
156295.273926,2026-07-15T05:50:35.078,3,3,3,0,0
156295.276267,2026-07-15T05:50:35.079,3,3,3,0,0
156295.278888,2026-07-15T05:50:35.082,3,3,3,0,0
156295.281668,2026-07-15T05:50:35.085,3,3,3,0,0
156295.284237,2026-07-15T05:50:35.087,3,3,3,0,0
156295.286932,2026-07-15T05:50:35.091,3,3,3,0,0
156295.289496,2026-07-15T05:50:35.093,3,3,3,0,0
156295.292064,2026-07-15T05:50:35.095,3,3,3,0,0
156295.294637,2026-07-15T05:50:35.098,3,3,3,0,0
156295.297160,2026-07-15T05:50:35.100,3,3,3,0,0
156295.300042,2026-07-15T05:50:35.103,3,3,3,0,0
156295.303518,2026-07-15T05:50:35.107,3,3,3,0,0
156295.306134,2026-07-15T05:50:35.110,3,3,3,0,0
156295.308949,2026-07-15T05:50:35.113,3,3,3,0,0
156295.311736,2026-07-15T05:50:35.115,3,3,3,0,0
156295.314158,2026-07-15T05:50:35.118,3,3,3,0,0
156295.316385,2026-07-15T05:50:35.120,3,3,3,0,0
156295.319029,2026-07-15T05:50:35.123,3,3,3,0,0
156295.321124,2026-07-15T05:50:35.125,3,3,3,0,0
156295.323181,2026-07-15T05:50:35.127,3,3,3,0,0
156295.325687,2026-07-15T05:50:35.130,3,3,3,0,0
156295.328026,2026-07-15T05:50:35.132,3,3,3,0,0
156295.330613,2026-07-15T05:50:35.135,3,3,3,0,0
156295.333143,2026-07-15T05:50:35.137,3,3,3,0,0
156295.335723,2026-07-15T05:50:35.140,3,3,3,0,0
156295.338352,2026-07-15T05:50:35.142,3,3,3,0,0
156295.340990,2026-07-15T05:50:35.145,3,3,3,0,0
156295.343101,2026-07-15T05:50:35.147,3,3,3,0,0
156295.345153,2026-07-15T05:50:35.149,3,3,3,0,0
156295.347731,2026-07-15T05:50:35.152,3,3,3,0,0
156295.350119,2026-07-15T05:50:35.154,3,3,3,0,0
156295.352722,2026-07-15T05:50:35.157,3,3,3,0,0
156295.354987,2026-07-15T05:50:35.159,3,3,3,0,0
156295.357076,2026-07-15T05:50:35.160,3,3,3,0,0
156295.359447,2026-07-15T05:50:35.163,3,3,3,0,0
156295.362279,2026-07-15T05:50:35.165,3,3,3,0,0
156295.365036,2026-07-15T05:50:35.168,3,3,3,0,0
156295.367579,2026-07-15T05:50:35.171,3,3,3,0,0
156295.370385,2026-07-15T05:50:35.174,3,3,3,0,0
156295.372935,2026-07-15T05:50:35.177,3,3,3,0,0
156295.375657,2026-07-15T05:50:35.179,3,3,3,0,0
156295.377975,2026-07-15T05:50:35.182,3,3,3,0,0
156295.380967,2026-07-15T05:50:35.185,3,3,3,0,0
156295.383318,2026-07-15T05:50:35.187,3,3,3,0,0
156295.385949,2026-07-15T05:50:35.190,3,3,3,0,0
156295.388734,2026-07-15T05:50:35.192,3,3,3,0,0
156295.391412,2026-07-15T05:50:35.195,3,3,3,0,0
156295.394076,2026-07-15T05:50:35.197,3,3,3,0,0
156295.396636,2026-07-15T05:50:35.200,3,3,3,0,0
156295.399404,2026-07-15T05:50:35.203,3,3,3,0,0
156295.402191,2026-07-15T05:50:35.206,3,3,3,0,0
156295.405498,2026-07-15T05:50:35.209,3,3,3,0,0
156295.408249,2026-07-15T05:50:35.212,3,3,3,0,0
156295.411200,2026-07-15T05:50:35.215,3,3,3,0,0
156295.413808,2026-07-15T05:50:35.217,3,3,3,0,0
156295.416516,2026-07-15T05:50:35.221,3,3,3,0,0
156295.419352,2026-07-15T05:50:35.223,3,3,3,0,0
156295.422187,2026-07-15T05:50:35.226,3,3,3,0,0
156295.424907,2026-07-15T05:50:35.228,3,3,3,0,0
156295.427670,2026-07-15T05:50:35.231,3,3,3,0,0
156295.430170,2026-07-15T05:50:35.234,3,3,3,0,0
156295.432415,2026-07-15T05:50:35.236,3,3,3,0,0
156295.434995,2026-07-15T05:50:35.238,3,3,3,0,0
156295.437351,2026-07-15T05:50:35.241,3,3,3,0,0
156295.439636,2026-07-15T05:50:35.243,3,3,3,0,0
156295.442789,2026-07-15T05:50:35.247,3,3,3,0,0
156295.445071,2026-07-15T05:50:35.249,3,3,3,0,0
156295.448116,2026-07-15T05:50:35.252,3,3,3,0,0
156295.450469,2026-07-15T05:50:35.254,3,3,3,0,0
156295.452530,2026-07-15T05:50:35.256,3,3,3,0,0
156295.454660,2026-07-15T05:50:35.259,3,3,3,0,0
156295.456912,2026-07-15T05:50:35.260,3,3,3,0,0
156295.459007,2026-07-15T05:50:35.262,3,3,3,0,0
156295.461627,2026-07-15T05:50:35.266,3,3,3,0,0
156295.463876,2026-07-15T05:50:35.268,3,3,3,0,0
156295.465965,2026-07-15T05:50:35.269,3,3,3,0,0
156295.468148,2026-07-15T05:50:35.272,3,3,3,0,0
156295.470350,2026-07-15T05:50:35.274,3,3,3,0,0
156295.472463,2026-07-15T05:50:35.276,3,3,3,0,0
156295.474574,2026-07-15T05:50:35.278,3,3,3,0,0
156295.476639,2026-07-15T05:50:35.280,3,3,3,0,0
156295.479228,2026-07-15T05:50:35.283,3,3,3,0,0
156295.481769,2026-07-15T05:50:35.286,3,3,3,0,0
156295.484220,2026-07-15T05:50:35.288,3,3,3,0,0
156295.487046,2026-07-15T05:50:35.291,3,3,3,0,0
156295.489556,2026-07-15T05:50:35.293,3,3,3,0,0
156295.492050,2026-07-15T05:50:35.296,3,3,3,0,0
156295.494438,2026-07-15T05:50:35.299,3,3,3,0,0
156295.497060,2026-07-15T05:50:35.301,3,3,3,0,0
156295.499479,2026-07-15T05:50:35.304,3,3,3,0,0
156295.502109,2026-07-15T05:50:35.306,3,3,3,0,0
156295.505410,2026-07-15T05:50:35.308,3,3,3,0,0
156295.507442,2026-07-15T05:50:35.311,3,3,3,0,0
156295.510038,2026-07-15T05:50:35.314,3,3,3,0,0
156295.512151,2026-07-15T05:50:35.316,3,3,3,0,0
156295.514431,2026-07-15T05:50:35.318,3,3,3,0,0
156295.516551,2026-07-15T05:50:35.320,3,3,3,0,0
156295.519002,2026-07-15T05:50:35.323,3,3,3,0,0
156295.521680,2026-07-15T05:50:35.326,3,3,3,0,0
156295.523714,2026-07-15T05:50:35.327,3,3,3,0,0
156295.526072,2026-07-15T05:50:35.330,3,3,3,0,0
156295.528148,2026-07-15T05:50:35.331,3,3,3,0,0
156295.530318,2026-07-15T05:50:35.334,3,3,3,0,0
156295.532643,2026-07-15T05:50:35.337,3,3,3,0,0
156295.534681,2026-07-15T05:50:35.339,3,3,3,0,0
156295.536855,2026-07-15T05:50:35.340,3,3,3,0,0
156295.539074,2026-07-15T05:50:35.343,3,3,3,0,0
156295.541896,2026-07-15T05:50:35.345,3,3,3,0,0
156295.544392,2026-07-15T05:50:35.348,3,3,3,0,0
156295.546996,2026-07-15T05:50:35.351,3,3,3,0,0
156295.549348,2026-07-15T05:50:35.353,3,3,3,0,0
156295.551756,2026-07-15T05:50:35.356,3,3,3,0,0
156295.554284,2026-07-15T05:50:35.358,3,3,3,0,0
156295.556960,2026-07-15T05:50:35.361,3,3,3,0,0
156295.559434,2026-07-15T05:50:35.363,3,3,3,0,0
156295.561507,2026-07-15T05:50:35.365,3,3,3,0,0
156295.564024,2026-07-15T05:50:35.368,3,3,3,0,0
156295.566344,2026-07-15T05:50:35.370,3,3,3,0,0
156295.568699,2026-07-15T05:50:35.372,3,3,3,0,0
156295.571111,2026-07-15T05:50:35.375,3,3,3,0,0
156295.573828,2026-07-15T05:50:35.377,3,3,3,0,0
156295.576672,2026-07-15T05:50:35.380,3,3,3,0,0
156295.579242,2026-07-15T05:50:35.383,3,3,3,0,0
156295.581998,2026-07-15T05:50:35.386,3,3,3,0,0
156295.584578,2026-07-15T05:50:35.388,3,3,3,0,0
156295.587366,2026-07-15T05:50:35.391,3,3,3,0,0
156295.590208,2026-07-15T05:50:35.393,3,3,3,0,0
156295.592946,2026-07-15T05:50:35.397,3,3,3,0,0
156295.595721,2026-07-15T05:50:35.399,3,3,3,0,0
156295.598212,2026-07-15T05:50:35.402,3,3,3,0,0
156295.601004,2026-07-15T05:50:35.404,3,3,3,0,0
156295.603687,2026-07-15T05:50:35.408,3,3,3,0,0
156295.606653,2026-07-15T05:50:35.410,3,3,3,0,0
156295.609481,2026-07-15T05:50:35.412,3,3,3,0,0
156295.612006,2026-07-15T05:50:35.416,3,3,3,0,0
156295.614544,2026-07-15T05:50:35.419,3,3,3,0,0
156295.617330,2026-07-15T05:50:35.421,3,3,3,0,0
156295.620297,2026-07-15T05:50:35.424,3,3,3,0,0
156295.623135,2026-07-15T05:50:35.427,3,3,3,0,0
156295.625793,2026-07-15T05:50:35.429,3,3,3,0,0
156295.628396,2026-07-15T05:50:35.432,3,3,3,0,0
156295.631046,2026-07-15T05:50:35.435,3,3,3,0,0
156295.633599,2026-07-15T05:50:35.438,3,3,3,0,0
156295.636466,2026-07-15T05:50:35.440,3,3,3,0,0
156295.639210,2026-07-15T05:50:35.443,3,3,3,0,0
156295.642019,2026-07-15T05:50:35.445,3,3,3,0,0
156295.644746,2026-07-15T05:50:35.449,3,3,3,0,0
156295.647068,2026-07-15T05:50:35.451,3,3,3,0,0
156295.649800,2026-07-15T05:50:35.453,3,3,3,0,0
156295.652470,2026-07-15T05:50:35.456,3,3,3,0,0
156295.655228,2026-07-15T05:50:35.459,3,3,3,0,0
156295.657884,2026-07-15T05:50:35.461,3,3,3,0,0
156295.660960,2026-07-15T05:50:35.464,3,3,3,0,0
156295.663789,2026-07-15T05:50:35.467,3,3,3,0,0
156295.666636,2026-07-15T05:50:35.470,3,3,3,0,0
156295.669492,2026-07-15T05:50:35.473,3,3,3,0,0
156295.671855,2026-07-15T05:50:35.475,3,3,3,0,0
156295.674672,2026-07-15T05:50:35.478,3,3,3,0,0
156295.677402,2026-07-15T05:50:35.481,3,3,3,0,0
156295.680183,2026-07-15T05:50:35.484,3,3,3,0,0
156295.682722,2026-07-15T05:50:35.487,3,3,3,0,0
156295.685534,2026-07-15T05:50:35.489,3,3,3,0,0
156295.688241,2026-07-15T05:50:35.492,3,3,3,0,0
156295.691026,2026-07-15T05:50:35.495,3,3,3,0,0
156295.694310,2026-07-15T05:50:35.498,3,3,3,0,0
156295.697231,2026-07-15T05:50:35.501,3,3,3,0,0
156295.700010,2026-07-15T05:50:35.504,3,3,3,0,0
156295.704130,2026-07-15T05:50:35.508,3,3,3,0,0
156295.706604,2026-07-15T05:50:35.511,3,3,3,0,0
156295.709171,2026-07-15T05:50:35.513,3,3,3,0,0
156295.711834,2026-07-15T05:50:35.515,3,3,3,0,0
156295.714243,2026-07-15T05:50:35.517,3,3,3,0,0
156295.716770,2026-07-15T05:50:35.520,3,3,3,0,0
156295.719371,2026-07-15T05:50:35.523,3,3,3,0,0
156295.722454,2026-07-15T05:50:35.526,3,3,3,0,0
156295.726719,2026-07-15T05:50:35.530,3,3,3,0,0
156295.728806,2026-07-15T05:50:35.532,3,3,3,0,0
156295.731639,2026-07-15T05:50:35.535,3,3,3,0,0
156295.734199,2026-07-15T05:50:35.537,3,3,3,0,0
156295.736730,2026-07-15T05:50:35.540,3,3,3,0,0
156295.739693,2026-07-15T05:50:35.543,3,3,3,0,0
156295.742499,2026-07-15T05:50:35.545,3,3,3,0,0
156295.745219,2026-07-15T05:50:35.548,3,3,3,0,0
156295.747260,2026-07-15T05:50:35.551,3,3,3,0,0
156295.749952,2026-07-15T05:50:35.554,3,3,3,0,0
156295.752666,2026-07-15T05:50:35.556,3,3,3,0,0
156295.754855,2026-07-15T05:50:35.558,3,3,3,0,0
156295.756914,2026-07-15T05:50:35.560,3,3,3,0,0
156295.767060,2026-07-15T05:50:35.571,3,3,3,0,0
156295.769201,2026-07-15T05:50:35.573,3,3,3,0,0
156295.771724,2026-07-15T05:50:35.576,3,3,3,0,0
156295.774320,2026-07-15T05:50:35.578,3,3,3,0,0
156295.777103,2026-07-15T05:50:35.581,3,3,3,0,0
156295.779490,2026-07-15T05:50:35.583,3,3,3,0,9
156295.781947,2026-07-15T05:50:35.586,23,0,3,0,9
156295.784438,2026-07-15T05:50:35.588,23,0,3,0,9
156295.786639,2026-07-15T05:50:35.590,23,0,3,0,9
156295.788950,2026-07-15T05:50:35.592,23,0,3,0,9
156295.791284,2026-07-15T05:50:35.595,23,0,3,0,9
156295.793543,2026-07-15T05:50:35.597,23,0,3,0,9
156295.796017,2026-07-15T05:50:35.599,23,0,3,0,9
156295.798557,2026-07-15T05:50:35.602,23,0,3,0,9
156295.800823,2026-07-15T05:50:35.604,23,0,3,0,9
156295.802983,2026-07-15T05:50:35.607,23,0,3,0,9
156295.805484,2026-07-15T05:50:35.609,23,0,3,0,9
156295.807889,2026-07-15T05:50:35.610,23,0,3,0,9
156295.810558,2026-07-15T05:50:35.615,23,0,3,0,9
156295.813070,2026-07-15T05:50:35.617,23,0,3,0,9
156295.815198,2026-07-15T05:50:35.619,23,0,3,0,9
156295.817990,2026-07-15T05:50:35.621,23,0,3,0,9
156295.820872,2026-07-15T05:50:35.624,23,0,3,0,9
156295.825921,2026-07-15T05:50:35.630,23,0,3,0,9
156295.828758,2026-07-15T05:50:35.632,23,0,3,0,9
156295.831489,2026-07-15T05:50:35.636,23,0,3,0,9
156295.834155,2026-07-15T05:50:35.638,23,0,3,0,9
156295.836551,2026-07-15T05:50:35.641,23,0,3,0,9
156295.838798,2026-07-15T05:50:35.643,23,0,3,0,9
156295.841790,2026-07-15T05:50:35.645,23,0,3,0,9
156295.844829,2026-07-15T05:50:35.649,23,0,3,0,9
156295.847566,2026-07-15T05:50:35.651,23,0,3,0,9
156295.850332,2026-07-15T05:50:35.654,23,0,3,0,9
156295.853213,2026-07-15T05:50:35.657,23,0,3,0,9
156295.856336,2026-07-15T05:50:35.660,23,0,3,0,9
156295.858831,2026-07-15T05:50:35.663,23,0,3,0,9
156295.861357,2026-07-15T05:50:35.665,23,0,3,0,9
156295.864010,2026-07-15T05:50:35.667,23,0,3,0,9
156295.866791,2026-07-15T05:50:35.670,23,0,3,0,9
156295.869356,2026-07-15T05:50:35.673,23,0,3,0,9
156295.871785,2026-07-15T05:50:35.676,23,0,3,0,9
156295.873959,2026-07-15T05:50:35.678,23,0,3,0,9
156295.876616,2026-07-15T05:50:35.681,23,0,3,0,9
156295.879055,2026-07-15T05:50:35.683,23,0,3,0,9
156295.881782,2026-07-15T05:50:35.685,23,0,3,0,9
156295.884863,2026-07-15T05:50:35.688,23,0,3,0,9
156295.887644,2026-07-15T05:50:35.691,23,0,3,0,9
156295.890598,2026-07-15T05:50:35.694,23,0,3,0,9
156295.893378,2026-07-15T05:50:35.697,23,0,3,0,9
156295.896024,2026-07-15T05:50:35.699,23,0,3,0,9
156295.898542,2026-07-15T05:50:35.703,23,0,3,0,9
156295.901087,2026-07-15T05:50:35.705,23,0,3,0,9
156295.903911,2026-07-15T05:50:35.708,23,0,3,0,9
156295.907063,2026-07-15T05:50:35.711,23,0,3,0,9
156295.909461,2026-07-15T05:50:35.713,23,0,3,0,9
156295.912074,2026-07-15T05:50:35.716,23,0,3,0,9
156295.914500,2026-07-15T05:50:35.718,23,0,3,0,9
156295.916924,2026-07-15T05:50:35.720,23,0,3,0,9
156295.919073,2026-07-15T05:50:35.723,23,0,3,0,9
156295.921408,2026-07-15T05:50:35.725,23,0,3,0,9
156295.924355,2026-07-15T05:50:35.728,23,0,3,0,9
156295.927266,2026-07-15T05:50:35.731,23,0,3,0,9
156295.929984,2026-07-15T05:50:35.734,23,0,3,0,9
156295.932611,2026-07-15T05:50:35.736,23,0,3,0,9
156295.935437,2026-07-15T05:50:35.739,23,0,3,0,9
156295.938001,2026-07-15T05:50:35.742,23,0,3,0,9
156295.940772,2026-07-15T05:50:35.744,23,0,3,0,9
156295.943366,2026-07-15T05:50:35.747,23,0,3,0,9
156295.946016,2026-07-15T05:50:35.750,23,0,3,0,9
156295.948636,2026-07-15T05:50:35.753,23,0,3,0,9
156295.951141,2026-07-15T05:50:35.755,23,0,3,0,9
156295.953550,2026-07-15T05:50:35.757,23,0,3,0,9
156295.956216,2026-07-15T05:50:35.760,23,0,3,0,9
156295.959060,2026-07-15T05:50:35.762,23,0,3,0,9
156295.961641,2026-07-15T05:50:35.765,23,0,3,0,9
156295.964081,2026-07-15T05:50:35.768,23,0,3,0,9
156295.966726,2026-07-15T05:50:35.771,23,0,3,0,9
156295.969334,2026-07-15T05:50:35.773,23,0,3,0,9
156295.971902,2026-07-15T05:50:35.776,23,0,3,0,9
156295.974514,2026-07-15T05:50:35.778,23,0,3,0,9
156295.977053,2026-07-15T05:50:35.780,23,0,3,0,9
156295.979614,2026-07-15T05:50:35.783,23,0,3,0,9
156295.982401,2026-07-15T05:50:35.786,23,0,3,0,9
156295.985341,2026-07-15T05:50:35.789,23,0,3,0,9
156295.988035,2026-07-15T05:50:35.792,23,0,3,0,9
156295.990585,2026-07-15T05:50:35.794,23,0,3,0,9
156295.992849,2026-07-15T05:50:35.797,23,0,3,0,9
156295.995543,2026-07-15T05:50:35.799,23,0,3,0,9
156295.998056,2026-07-15T05:50:35.802,23,0,3,0,9
156296.000662,2026-07-15T05:50:35.804,23,0,3,0,9
156296.003645,2026-07-15T05:50:35.806,23,0,3,0,9
156296.006746,2026-07-15T05:50:35.811,23,0,3,0,9
156296.009551,2026-07-15T05:50:35.813,23,0,3,0,9
156296.012161,2026-07-15T05:50:35.816,23,0,3,0,9
156296.014651,2026-07-15T05:50:35.818,23,0,3,0,9
156296.017769,2026-07-15T05:50:35.821,23,0,3,0,9
156296.020625,2026-07-15T05:50:35.824,23,0,3,0,9
156296.023189,2026-07-15T05:50:35.826,23,0,3,0,9
156296.025669,2026-07-15T05:50:35.829,83,0,3,0,11
156296.028601,2026-07-15T05:50:35.833,83,0,3,0,11
156296.031446,2026-07-15T05:50:35.835,83,0,3,0,11
156296.034033,2026-07-15T05:50:35.838,83,0,3,0,11
156296.036538,2026-07-15T05:50:35.841,83,0,3,0,11
156296.039119,2026-07-15T05:50:35.843,83,0,3,0,11
156296.041434,2026-07-15T05:50:35.845,83,0,3,0,11
156296.043770,2026-07-15T05:50:35.847,83,0,3,0,11
156296.046581,2026-07-15T05:50:35.850,83,0,3,0,11
156296.049233,2026-07-15T05:50:35.853,83,0,3,0,11
156296.051600,2026-07-15T05:50:35.855,83,0,3,0,11
156296.054266,2026-07-15T05:50:35.858,83,0,3,0,11
156296.057086,2026-07-15T05:50:35.861,83,0,3,0,11
156296.060035,2026-07-15T05:50:35.863,83,0,3,0,11
156296.062775,2026-07-15T05:50:35.867,83,0,3,0,11
156296.065427,2026-07-15T05:50:35.869,83,0,3,0,11
156296.068044,2026-07-15T05:50:35.871,83,0,3,0,11
156296.070736,2026-07-15T05:50:35.874,83,0,3,0,11
156296.073301,2026-07-15T05:50:35.877,83,0,3,0,11
156296.075924,2026-07-15T05:50:35.880,83,0,3,0,11
156296.078600,2026-07-15T05:50:35.882,83,0,3,0,11
156296.081651,2026-07-15T05:50:35.885,83,0,3,0,11
156296.083963,2026-07-15T05:50:35.887,83,0,3,0,11
156296.086752,2026-07-15T05:50:35.890,83,0,3,0,11
156296.088962,2026-07-15T05:50:35.893,83,0,3,0,11
156296.091007,2026-07-15T05:50:35.894,83,0,3,0,11
156296.093595,2026-07-15T05:50:35.898,83,0,3,0,11
156296.096054,2026-07-15T05:50:35.900,83,0,3,0,11
156296.098246,2026-07-15T05:50:35.902,83,0,3,0,11
156296.100864,2026-07-15T05:50:35.904,83,0,3,0,11
156296.103780,2026-07-15T05:50:35.907,83,0,3,0,11
156296.106498,2026-07-15T05:50:35.910,83,0,3,0,11
156296.108849,2026-07-15T05:50:35.912,83,0,3,0,11
156296.111455,2026-07-15T05:50:35.915,83,0,3,0,11
156296.113919,2026-07-15T05:50:35.918,83,0,3,0,11
156296.116313,2026-07-15T05:50:35.920,83,0,3,0,11
156296.118956,2026-07-15T05:50:35.923,83,0,3,0,11
156296.120978,2026-07-15T05:50:35.925,83,0,3,0,11
156296.123328,2026-07-15T05:50:35.927,83,0,3,0,11
156296.125921,2026-07-15T05:50:35.930,83,0,3,0,11
156296.128405,2026-07-15T05:50:35.932,83,0,3,0,11
156296.130890,2026-07-15T05:50:35.935,83,0,3,0,11
156296.132954,2026-07-15T05:50:35.937,83,0,3,0,11
156296.135752,2026-07-15T05:50:35.939,83,0,3,0,11
156296.138149,2026-07-15T05:50:35.942,83,0,3,0,11
156296.140172,2026-07-15T05:50:35.943,83,0,3,0,11
156296.142962,2026-07-15T05:50:35.947,83,0,3,0,11
156296.145719,2026-07-15T05:50:35.949,83,0,3,0,11
156296.148278,2026-07-15T05:50:35.952,83,0,3,0,11
156296.150944,2026-07-15T05:50:35.954,83,0,3,0,11
156296.153411,2026-07-15T05:50:35.956,83,0,3,0,11
156296.155900,2026-07-15T05:50:35.960,83,0,3,0,11
156296.158466,2026-07-15T05:50:35.962,83,0,3,0,11
156296.160826,2026-07-15T05:50:35.965,83,0,3,0,11
156296.163295,2026-07-15T05:50:35.967,83,0,3,0,11
156296.165549,2026-07-15T05:50:35.969,83,0,3,0,11
156296.167795,2026-07-15T05:50:35.971,83,0,3,0,11
156296.170241,2026-07-15T05:50:35.974,83,0,3,0,11
156296.172498,2026-07-15T05:50:35.976,83,0,3,0,11
156296.174897,2026-07-15T05:50:35.978,83,0,3,0,11
156296.177228,2026-07-15T05:50:35.980,83,0,3,0,11
156296.179724,2026-07-15T05:50:35.984,83,0,3,0,11
156296.182590,2026-07-15T05:50:35.986,83,0,3,0,11
156296.185357,2026-07-15T05:50:35.989,83,0,3,0,11
156296.187879,2026-07-15T05:50:35.991,83,0,3,0,11
156296.190896,2026-07-15T05:50:35.994,83,0,3,0,11
156296.193416,2026-07-15T05:50:35.997,83,0,3,0,11
156296.196206,2026-07-15T05:50:36.000,83,0,3,0,11
156296.199006,2026-07-15T05:50:36.003,83,0,3,0,11
156296.201786,2026-07-15T05:50:36.006,83,0,3,0,11
156296.204305,2026-07-15T05:50:36.008,83,0,3,0,11
156296.207227,2026-07-15T05:50:36.011,83,0,3,0,11
156296.209864,2026-07-15T05:50:36.013,83,0,3,0,11
156296.212605,2026-07-15T05:50:36.016,83,0,3,0,11
156296.215148,2026-07-15T05:50:36.019,83,0,3,0,11
156296.217297,2026-07-15T05:50:36.021,83,0,3,0,11
156296.219940,2026-07-15T05:50:36.023,83,0,3,0,11
156296.222529,2026-07-15T05:50:36.026,83,0,3,0,11
156296.224751,2026-07-15T05:50:36.028,83,0,3,0,11
156296.227079,2026-07-15T05:50:36.030,83,0,3,0,11
156296.229762,2026-07-15T05:50:36.032,83,0,3,0,11
156296.231767,2026-07-15T05:50:36.036,83,0,3,0,11
156296.234918,2026-07-15T05:50:36.039,83,0,3,0,11
156296.237383,2026-07-15T05:50:36.041,83,0,3,0,11
156296.240220,2026-07-15T05:50:36.044,83,0,3,0,11
156296.242757,2026-07-15T05:50:36.047,83,0,3,0,11
156296.245607,2026-07-15T05:50:36.050,83,0,3,0,11
156296.248140,2026-07-15T05:50:36.052,83,0,3,0,11
156296.250729,2026-07-15T05:50:36.054,83,0,3,0,11
156296.253270,2026-07-15T05:50:36.057,83,0,3,0,11
156296.256271,2026-07-15T05:50:36.060,83,0,3,0,11
156296.259100,2026-07-15T05:50:36.063,83,0,3,0,11
156296.261543,2026-07-15T05:50:36.065,83,0,3,0,11
156296.264066,2026-07-15T05:50:36.067,83,0,3,0,11
156296.266612,2026-07-15T05:50:36.070,83,0,3,0,11
156296.269458,2026-07-15T05:50:36.073,143,0,3,0,12
156296.271899,2026-07-15T05:50:36.075,143,0,3,0,12
156296.274678,2026-07-15T05:50:36.078,143,0,3,0,12
156296.277078,2026-07-15T05:50:36.081,143,0,3,0,12
156296.279916,2026-07-15T05:50:36.083,143,0,3,0,12
156296.282711,2026-07-15T05:50:36.086,143,0,3,0,12
156296.286653,2026-07-15T05:50:36.090,143,0,3,0,12
156296.289346,2026-07-15T05:50:36.093,143,0,3,0,12
156296.291865,2026-07-15T05:50:36.095,143,0,3,0,12
156296.294283,2026-07-15T05:50:36.098,143,0,3,0,12
156296.296933,2026-07-15T05:50:36.100,143,0,3,0,12
156296.299413,2026-07-15T05:50:36.103,143,0,3,0,12
156296.301855,2026-07-15T05:50:36.105,143,0,3,0,12
156296.304574,2026-07-15T05:50:36.108,143,0,3,0,12
156296.307318,2026-07-15T05:50:36.111,143,0,3,0,12
156296.310145,2026-07-15T05:50:36.114,143,0,3,0,12
156296.312318,2026-07-15T05:50:36.116,143,0,3,0,12
156296.316868,2026-07-15T05:50:36.120,143,0,3,0,12
156296.319048,2026-07-15T05:50:36.122,143,0,3,0,12
156296.321286,2026-07-15T05:50:36.125,143,0,3,0,12
156296.324039,2026-07-15T05:50:36.128,143,0,3,0,12
156296.326224,2026-07-15T05:50:36.129,143,0,3,0,12
156296.328333,2026-07-15T05:50:36.131,143,0,3,0,12
156296.331041,2026-07-15T05:50:36.134,143,0,3,0,12
156296.333506,2026-07-15T05:50:36.137,143,0,3,0,12
156296.335971,2026-07-15T05:50:36.140,143,0,3,0,12
156296.338550,2026-07-15T05:50:36.141,143,0,3,0,12
156296.340942,2026-07-15T05:50:36.145,143,0,3,0,12
156296.344172,2026-07-15T05:50:36.148,143,0,3,0,12
156296.346513,2026-07-15T05:50:36.150,143,0,3,0,12
156296.349182,2026-07-15T05:50:36.153,143,0,3,0,12
156296.351608,2026-07-15T05:50:36.156,143,0,3,0,12
156296.354156,2026-07-15T05:50:36.158,143,0,3,0,12
156296.356389,2026-07-15T05:50:36.160,143,0,3,0,12
156296.358560,2026-07-15T05:50:36.161,143,0,3,0,12
156296.360605,2026-07-15T05:50:36.164,143,0,3,0,12
156296.363100,2026-07-15T05:50:36.167,143,0,3,0,12
156296.365399,2026-07-15T05:50:36.169,143,0,3,0,12
156296.367551,2026-07-15T05:50:36.171,143,0,3,0,12
156296.369936,2026-07-15T05:50:36.174,143,0,3,0,12
156296.372082,2026-07-15T05:50:36.176,143,0,3,0,12
156296.374979,2026-07-15T05:50:36.179,143,0,3,0,12
156296.377341,2026-07-15T05:50:36.181,143,0,3,0,12
156296.380362,2026-07-15T05:50:36.183,143,0,3,0,12
156296.383450,2026-07-15T05:50:36.187,143,0,3,0,12
156296.386751,2026-07-15T05:50:36.190,143,0,3,0,12
156296.389495,2026-07-15T05:50:36.193,143,0,3,0,12
156296.391753,2026-07-15T05:50:36.195,143,0,3,0,12
156296.394463,2026-07-15T05:50:36.198,143,0,3,0,12
156296.396850,2026-07-15T05:50:36.201,143,0,3,0,12
156296.401883,2026-07-15T05:50:36.206,143,0,3,0,12
156296.404395,2026-07-15T05:50:36.208,143,0,3,0,12
156296.409721,2026-07-15T05:50:36.213,143,0,3,0,12
156296.411779,2026-07-15T05:50:36.216,143,0,3,0,12
156296.414299,2026-07-15T05:50:36.218,143,0,3,0,12
156296.416361,2026-07-15T05:50:36.220,143,0,3,0,12
156296.418411,2026-07-15T05:50:36.222,143,0,3,0,12
156296.420719,2026-07-15T05:50:36.224,143,0,3,0,12
156296.423850,2026-07-15T05:50:36.227,143,0,3,0,12
156296.426523,2026-07-15T05:50:36.230,143,0,3,0,12
156296.429051,2026-07-15T05:50:36.233,143,0,3,0,12
156296.431207,2026-07-15T05:50:36.235,143,0,3,0,12
156296.433765,2026-07-15T05:50:36.238,143,0,3,0,12
156296.436522,2026-07-15T05:50:36.241,143,0,3,0,12
156296.439095,2026-07-15T05:50:36.243,143,0,3,0,12
156296.441340,2026-07-15T05:50:36.244,143,0,3,0,12
156296.443450,2026-07-15T05:50:36.247,143,0,3,0,12
156296.445941,2026-07-15T05:50:36.250,143,0,3,0,12
156296.448040,2026-07-15T05:50:36.252,143,0,3,0,12
156296.450307,2026-07-15T05:50:36.254,143,0,3,0,12
156296.452429,2026-07-15T05:50:36.256,143,0,3,0,12
156296.454795,2026-07-15T05:50:36.259,143,0,3,0,12
156296.457279,2026-07-15T05:50:36.261,143,0,3,0,12
156296.459899,2026-07-15T05:50:36.264,143,0,3,0,12
156296.462443,2026-07-15T05:50:36.266,143,0,3,0,12
156296.464867,2026-07-15T05:50:36.269,143,0,3,0,12
156296.467364,2026-07-15T05:50:36.271,143,0,3,0,12
156296.469960,2026-07-15T05:50:36.274,143,0,3,0,12
156296.471977,2026-07-15T05:50:36.276,143,0,3,0,12
156296.474249,2026-07-15T05:50:36.278,143,0,3,0,12
156296.476267,2026-07-15T05:50:36.280,143,0,3,0,12
156296.478877,2026-07-15T05:50:36.283,143,0,3,0,12
156296.480878,2026-07-15T05:50:36.284,143,0,3,0,12
156296.483605,2026-07-15T05:50:36.288,143,0,3,0,12
156296.485747,2026-07-15T05:50:36.290,143,0,3,0,12
156296.487924,2026-07-15T05:50:36.291,143,0,3,0,12
156296.490288,2026-07-15T05:50:36.294,143,0,3,0,12
156296.492448,2026-07-15T05:50:36.295,143,0,3,0,12
156296.495182,2026-07-15T05:50:36.299,143,0,3,0,12
156296.497442,2026-07-15T05:50:36.301,143,0,3,0,12
156296.499984,2026-07-15T05:50:36.304,143,0,3,0,12
156296.502843,2026-07-15T05:50:36.307,143,0,3,0,12
156296.504888,2026-07-15T05:50:36.309,143,0,3,0,12
156296.507667,2026-07-15T05:50:36.311,143,0,3,0,12
156296.510165,2026-07-15T05:50:36.314,143,0,3,0,12
156296.512573,2026-07-15T05:50:36.317,143,0,3,0,6
156296.515306,2026-07-15T05:50:36.319,203,0,3,0,6
156296.517454,2026-07-15T05:50:36.321,203,0,3,0,6
156296.520002,2026-07-15T05:50:36.324,203,0,3,0,6
156296.522562,2026-07-15T05:50:36.326,203,0,3,0,6
156296.524775,2026-07-15T05:50:36.328,203,0,3,0,6
156296.527494,2026-07-15T05:50:36.331,203,0,3,0,6
156296.529528,2026-07-15T05:50:36.333,203,0,3,0,6
156296.532244,2026-07-15T05:50:36.336,203,0,3,0,6
156296.534300,2026-07-15T05:50:36.338,203,0,3,0,6
156296.536553,2026-07-15T05:50:36.340,203,0,3,0,6
156296.538978,2026-07-15T05:50:36.343,203,0,3,0,6
156296.541652,2026-07-15T05:50:36.346,203,0,3,0,6
156296.544753,2026-07-15T05:50:36.349,203,0,3,0,6
156296.547349,2026-07-15T05:50:36.351,203,0,3,0,6
156296.549663,2026-07-15T05:50:36.353,203,0,3,0,6
156296.551871,2026-07-15T05:50:36.356,203,0,3,0,6
156296.553956,2026-07-15T05:50:36.358,203,0,3,0,6
156296.556359,2026-07-15T05:50:36.360,203,0,3,0,6
156296.558833,2026-07-15T05:50:36.363,203,0,3,0,6
156296.561440,2026-07-15T05:50:36.365,203,0,3,0,6
156296.563941,2026-07-15T05:50:36.368,203,0,3,0,6
156296.566500,2026-07-15T05:50:36.371,203,0,3,0,6
156296.569009,2026-07-15T05:50:36.373,203,0,3,0,6
156296.571679,2026-07-15T05:50:36.376,203,0,3,0,6
156296.574205,2026-07-15T05:50:36.378,203,0,3,0,6
156296.576230,2026-07-15T05:50:36.380,203,0,3,0,6
156296.578589,2026-07-15T05:50:36.383,203,0,3,0,6
156296.581146,2026-07-15T05:50:36.385,203,0,3,0,6
156296.583647,2026-07-15T05:50:36.388,203,0,3,0,6
156296.585759,2026-07-15T05:50:36.389,203,0,3,0,6
156296.587947,2026-07-15T05:50:36.392,203,0,3,0,6
156296.590001,2026-07-15T05:50:36.393,203,0,3,0,6
156296.592573,2026-07-15T05:50:36.397,203,0,3,0,6
156296.594718,2026-07-15T05:50:36.399,203,0,3,0,6
156296.597309,2026-07-15T05:50:36.401,203,0,3,0,6
156296.599815,2026-07-15T05:50:36.404,203,0,3,0,6
156296.602013,2026-07-15T05:50:36.406,203,0,3,0,6
156296.604057,2026-07-15T05:50:36.407,203,0,3,0,6
156296.606510,2026-07-15T05:50:36.411,203,0,3,0,6
156296.608556,2026-07-15T05:50:36.413,203,0,3,0,6
156296.610982,2026-07-15T05:50:36.415,203,0,3,0,6
156296.613601,2026-07-15T05:50:36.418,203,0,3,0,6
156296.616031,2026-07-15T05:50:36.420,203,0,3,0,6
156296.618253,2026-07-15T05:50:36.422,203,0,3,0,6
156296.620689,2026-07-15T05:50:36.424,203,0,3,0,6
156296.622695,2026-07-15T05:50:36.426,203,0,3,0,6
156296.625460,2026-07-15T05:50:36.429,203,0,3,0,6
156296.627880,2026-07-15T05:50:36.431,203,0,3,0,6
156296.630241,2026-07-15T05:50:36.434,203,0,3,0,6
156296.632414,2026-07-15T05:50:36.436,203,0,3,0,6
156296.634798,2026-07-15T05:50:36.439,203,0,3,0,6
156296.636824,2026-07-15T05:50:36.441,203,0,3,0,6
156296.638963,2026-07-15T05:50:36.443,203,0,3,0,6
156296.641554,2026-07-15T05:50:36.446,203,0,3,0,6
156296.644190,2026-07-15T05:50:36.448,203,0,3,0,6
156296.646397,2026-07-15T05:50:36.450,203,0,3,0,6
156296.648511,2026-07-15T05:50:36.452,203,0,3,0,6
156296.650879,2026-07-15T05:50:36.455,203,0,3,0,6
156296.653147,2026-07-15T05:50:36.457,203,0,3,0,6
156296.655172,2026-07-15T05:50:36.459,203,0,3,0,6
156296.657572,2026-07-15T05:50:36.461,203,0,3,0,6
156296.660261,2026-07-15T05:50:36.464,203,0,3,0,6
156296.662814,2026-07-15T05:50:36.466,203,0,3,0,6
156296.665119,2026-07-15T05:50:36.468,203,0,3,0,6
156296.667650,2026-07-15T05:50:36.471,203,0,3,0,6
156296.670310,2026-07-15T05:50:36.473,203,0,3,0,6
156296.672919,2026-07-15T05:50:36.477,203,0,3,0,6
156296.675189,2026-07-15T05:50:36.479,203,0,3,0,6
156296.678032,2026-07-15T05:50:36.482,203,0,3,0,6
156296.680355,2026-07-15T05:50:36.484,203,0,3,0,6
156296.682800,2026-07-15T05:50:36.487,203,0,3,0,6
156296.684956,2026-07-15T05:50:36.489,203,0,3,0,6
156296.686987,2026-07-15T05:50:36.491,203,0,3,0,6
156296.689610,2026-07-15T05:50:36.494,203,0,3,0,6
156296.692220,2026-07-15T05:50:36.496,203,0,3,0,6
156296.694536,2026-07-15T05:50:36.498,203,0,3,0,6
156296.697016,2026-07-15T05:50:36.501,203,0,3,0,6
156296.699149,2026-07-15T05:50:36.502,203,0,3,0,6
156296.701650,2026-07-15T05:50:36.506,203,0,3,0,6
156296.703749,2026-07-15T05:50:36.508,203,0,3,0,6
156296.705780,2026-07-15T05:50:36.510,203,0,3,0,6
156296.710521,2026-07-15T05:50:36.514,203,0,3,0,6
156296.713052,2026-07-15T05:50:36.517,203,0,3,0,6
156296.715666,2026-07-15T05:50:36.520,203,0,3,0,6
156296.717808,2026-07-15T05:50:36.522,203,0,3,0,6
156296.720191,2026-07-15T05:50:36.524,203,0,3,0,6
156296.722595,2026-07-15T05:50:36.527,203,0,3,0,6
156296.725161,2026-07-15T05:50:36.529,203,0,3,0,6
156296.727473,2026-07-15T05:50:36.532,203,0,3,0,6
156296.729577,2026-07-15T05:50:36.533,203,0,3,0,6
156296.731578,2026-07-15T05:50:36.535,203,0,3,0,6
156296.733584,2026-07-15T05:50:36.537,203,0,3,0,6
156296.736228,2026-07-15T05:50:36.540,203,0,3,0,6
156296.738625,2026-07-15T05:50:36.542,203,0,3,0,6
156296.740646,2026-07-15T05:50:36.544,203,0,3,0,6
156296.743099,2026-07-15T05:50:36.547,203,0,3,0,6
156296.745225,2026-07-15T05:50:36.549,203,0,3,0,6
156296.747447,2026-07-15T05:50:36.551,203,0,3,0,6
156296.749461,2026-07-15T05:50:36.553,203,0,3,0,6
156296.751750,2026-07-15T05:50:36.556,203,0,3,0,6
156296.754282,2026-07-15T05:50:36.558,203,0,3,0,6
156296.756514,2026-07-15T05:50:36.561,203,0,3,0,6
156296.759082,2026-07-15T05:50:36.563,203,0,3,0,0
156296.761461,2026-07-15T05:50:36.566,249,3,3,0,0
156296.764210,2026-07-15T05:50:36.568,249,3,3,0,0
156296.766804,2026-07-15T05:50:36.571,249,3,3,0,0
156296.769613,2026-07-15T05:50:36.573,249,3,3,0,0
156296.772168,2026-07-15T05:50:36.576,249,3,3,0,0
156296.774719,2026-07-15T05:50:36.578,249,3,3,0,0
156296.777071,2026-07-15T05:50:36.581,249,3,3,0,0
156296.779403,2026-07-15T05:50:36.583,249,3,3,0,0
156296.782247,2026-07-15T05:50:36.586,249,3,3,0,0
156296.784926,2026-07-15T05:50:36.588,249,3,3,0,0
156296.787541,2026-07-15T05:50:36.591,249,3,3,0,0
156296.790240,2026-07-15T05:50:36.594,249,3,3,0,0
156296.792261,2026-07-15T05:50:36.596,249,3,3,0,0
156296.794295,2026-07-15T05:50:36.598,249,3,3,0,0
156296.796929,2026-07-15T05:50:36.601,249,3,3,0,0
156296.799885,2026-07-15T05:50:36.604,249,3,3,0,0
156296.802342,2026-07-15T05:50:36.606,249,3,3,0,0
156296.805426,2026-07-15T05:50:36.609,249,3,3,0,0
156296.808034,2026-07-15T05:50:36.611,249,3,3,0,0
156296.810928,2026-07-15T05:50:36.614,249,3,3,0,0
156296.813488,2026-07-15T05:50:36.616,249,3,3,0,0
156296.816296,2026-07-15T05:50:36.619,249,3,3,0,0
156296.819012,2026-07-15T05:50:36.622,249,3,3,0,0
156296.821443,2026-07-15T05:50:36.624,249,3,3,0,0
156296.823538,2026-07-15T05:50:36.627,249,3,3,0,0
156296.825921,2026-07-15T05:50:36.630,249,3,3,0,0
156296.828185,2026-07-15T05:50:36.632,249,3,3,0,0
156296.831471,2026-07-15T05:50:36.635,249,3,3,0,0
156296.834984,2026-07-15T05:50:36.639,249,3,3,0,0
156296.838014,2026-07-15T05:50:36.642,249,3,3,0,0
156296.840716,2026-07-15T05:50:36.645,249,3,3,0,0
156296.843423,2026-07-15T05:50:36.646,249,3,3,0,0
156296.846133,2026-07-15T05:50:36.650,249,3,3,0,0
156296.848930,2026-07-15T05:50:36.652,249,3,3,0,0
156296.851680,2026-07-15T05:50:36.655,249,3,3,0,0
156296.854050,2026-07-15T05:50:36.657,249,3,3,0,0
156296.856096,2026-07-15T05:50:36.659,249,3,3,0,0
156296.859218,2026-07-15T05:50:36.663,249,3,3,0,0
156296.861971,2026-07-15T05:50:36.665,249,3,3,0,0
156296.864764,2026-07-15T05:50:36.669,249,3,3,0,0
156296.867522,2026-07-15T05:50:36.671,249,3,3,0,0
156296.869812,2026-07-15T05:50:36.673,249,3,3,0,0
156296.872215,2026-07-15T05:50:36.676,249,3,3,0,0
156296.874999,2026-07-15T05:50:36.679,249,3,3,0,0
156296.877498,2026-07-15T05:50:36.681,249,3,3,0,0
156296.880117,2026-07-15T05:50:36.684,249,3,3,0,0
156296.882941,2026-07-15T05:50:36.687,249,3,3,0,0
156296.885442,2026-07-15T05:50:36.689,249,3,3,0,0
156296.888358,2026-07-15T05:50:36.692,249,3,3,0,0
156296.891268,2026-07-15T05:50:36.695,249,3,3,0,0
156296.894275,2026-07-15T05:50:36.698,249,3,3,0,0
156296.897104,2026-07-15T05:50:36.701,249,3,3,0,0
156296.900127,2026-07-15T05:50:36.704,249,3,3,0,0
156296.902995,2026-07-15T05:50:36.707,249,3,3,0,0
156296.905627,2026-07-15T05:50:36.709,249,3,3,0,0
156296.908453,2026-07-15T05:50:36.712,249,3,3,0,0
156296.910936,2026-07-15T05:50:36.714,249,3,3,0,0
156296.913555,2026-07-15T05:50:36.717,249,3,3,0,0
156296.916153,2026-07-15T05:50:36.719,249,3,3,0,0
156296.918992,2026-07-15T05:50:36.722,249,3,3,0,0
156296.921660,2026-07-15T05:50:36.725,249,3,3,0,0
156296.924281,2026-07-15T05:50:36.728,249,3,3,0,0
156296.927040,2026-07-15T05:50:36.731,249,3,3,0,0
156296.930001,2026-07-15T05:50:36.734,249,3,3,0,0
156296.932411,2026-07-15T05:50:36.736,249,3,3,0,0
156296.935239,2026-07-15T05:50:36.739,249,3,3,0,0
156296.938233,2026-07-15T05:50:36.742,249,3,3,0,0
156296.940911,2026-07-15T05:50:36.745,249,3,3,0,0
156296.943580,2026-07-15T05:50:36.747,249,3,3,0,0
156296.946562,2026-07-15T05:50:36.750,249,3,3,0,0
156296.949284,2026-07-15T05:50:36.753,249,3,3,0,0
156296.951760,2026-07-15T05:50:36.755,249,3,3,0,0
156296.954281,2026-07-15T05:50:36.758,249,3,3,0,0
156296.957164,2026-07-15T05:50:36.761,249,3,3,0,0
156296.959926,2026-07-15T05:50:36.764,249,3,3,0,0
156296.962559,2026-07-15T05:50:36.766,249,3,3,0,0
156296.965084,2026-07-15T05:50:36.769,249,3,3,0,0
156296.967474,2026-07-15T05:50:36.771,249,3,3,0,0
156296.969926,2026-07-15T05:50:36.774,249,3,3,0,0
156296.972211,2026-07-15T05:50:36.776,249,3,3,0,0
156296.974556,2026-07-15T05:50:36.778,249,3,3,0,0
156296.977055,2026-07-15T05:50:36.781,249,3,3,0,0
156296.979374,2026-07-15T05:50:36.783,249,3,3,0,0
156296.981890,2026-07-15T05:50:36.785,249,3,3,0,0
156296.984493,2026-07-15T05:50:36.788,249,3,3,0,0
156296.987416,2026-07-15T05:50:36.791,249,3,3,0,0
156296.990543,2026-07-15T05:50:36.794,249,3,3,0,0
156296.993352,2026-07-15T05:50:36.797,249,3,3,0,0
156296.996586,2026-07-15T05:50:36.800,249,3,3,0,0
156296.999431,2026-07-15T05:50:36.803,249,3,3,0,0
156297.002374,2026-07-15T05:50:36.806,249,3,3,0,0
156297.005375,2026-07-15T05:50:36.809,249,3,3,0,0
156297.007956,2026-07-15T05:50:36.811,249,3,3,0,0
156297.012626,2026-07-15T05:50:36.816,249,3,3,0,0
156297.014741,2026-07-15T05:50:36.818,249,3,3,0,0
156297.017564,2026-07-15T05:50:36.821,249,3,3,0,0
156297.019988,2026-07-15T05:50:36.823,249,3,3,0,0
156297.022208,2026-07-15T05:50:36.826,249,3,3,0,0
156297.024626,2026-07-15T05:50:36.828,249,3,3,0,0
156297.026869,2026-07-15T05:50:36.831,249,3,3,0,0
156297.029468,2026-07-15T05:50:36.834,249,3,3,0,0
156297.032039,2026-07-15T05:50:36.836,249,3,3,0,0
156297.034534,2026-07-15T05:50:36.839,249,3,3,0,0
156297.037334,2026-07-15T05:50:36.841,249,3,3,0,0
156297.040086,2026-07-15T05:50:36.844,249,3,3,0,0
156297.042810,2026-07-15T05:50:36.847,249,3,3,0,0
156297.047760,2026-07-15T05:50:36.851,249,3,3,0,0
156297.050697,2026-07-15T05:50:36.854,249,3,3,0,0
156297.053322,2026-07-15T05:50:36.857,249,3,3,0,0
156297.056123,2026-07-15T05:50:36.860,249,3,3,0,0
156297.059083,2026-07-15T05:50:36.863,249,3,3,0,0
156297.061445,2026-07-15T05:50:36.865,249,3,3,0,0
156297.064354,2026-07-15T05:50:36.868,249,3,3,0,0
156297.067122,2026-07-15T05:50:36.871,249,3,3,0,0
156297.070233,2026-07-15T05:50:36.874,249,3,3,0,0
156297.073154,2026-07-15T05:50:36.877,249,3,3,0,0
156297.075759,2026-07-15T05:50:36.880,249,3,3,0,0
156297.079365,2026-07-15T05:50:36.883,249,3,3,0,0
156297.082364,2026-07-15T05:50:36.886,249,3,3,0,0
156297.086764,2026-07-15T05:50:36.891,249,3,3,0,0
156297.089562,2026-07-15T05:50:36.892,249,3,3,0,0
156297.092381,2026-07-15T05:50:36.895,249,3,3,0,0
156297.095115,2026-07-15T05:50:36.899,249,3,3,0,0
156297.097970,2026-07-15T05:50:36.902,249,3,3,0,0
156297.101160,2026-07-15T05:50:36.905,249,3,3,0,0
156297.103856,2026-07-15T05:50:36.908,249,3,3,0,0
156297.107162,2026-07-15T05:50:36.911,249,3,3,0,0
156297.110488,2026-07-15T05:50:36.914,249,3,3,0,0
156297.113174,2026-07-15T05:50:36.917,249,3,3,0,0
156297.116505,2026-07-15T05:50:36.920,249,3,3,0,0
156297.119762,2026-07-15T05:50:36.924,249,3,3,0,0
156297.122853,2026-07-15T05:50:36.927,249,3,3,0,0
156297.125073,2026-07-15T05:50:36.929,249,3,3,0,0
156297.127306,2026-07-15T05:50:36.931,249,3,3,0,0
156297.130181,2026-07-15T05:50:36.934,249,3,3,0,0
156297.133026,2026-07-15T05:50:36.937,249,3,3,0,0
156297.135803,2026-07-15T05:50:36.939,249,3,3,0,0
156297.138688,2026-07-15T05:50:36.942,249,3,3,0,0
156297.141699,2026-07-15T05:50:36.945,249,3,3,0,0
156297.144172,2026-07-15T05:50:36.947,249,3,3,0,0
156297.146300,2026-07-15T05:50:36.949,249,3,3,0,0
156297.148748,2026-07-15T05:50:36.953,249,3,3,0,0
156297.151542,2026-07-15T05:50:36.955,249,3,3,0,0
156297.153703,2026-07-15T05:50:36.958,249,3,3,0,0
156297.155822,2026-07-15T05:50:36.960,249,3,3,0,0
156297.157899,2026-07-15T05:50:36.962,249,3,3,0,0
156297.160379,2026-07-15T05:50:36.964,249,3,3,0,0
156297.163152,2026-07-15T05:50:36.966,249,3,3,0,0
156297.165415,2026-07-15T05:50:36.969,249,3,3,0,0
156297.168315,2026-07-15T05:50:36.971,249,3,3,0,0
156297.171353,2026-07-15T05:50:36.974,249,3,3,0,0
156297.174059,2026-07-15T05:50:36.977,249,3,3,0,0
156297.176797,2026-07-15T05:50:36.981,249,3,3,0,0
156297.179761,2026-07-15T05:50:36.983,249,3,3,0,0
156297.182678,2026-07-15T05:50:36.986,249,3,3,0,0
156297.184996,2026-07-15T05:50:36.989,249,3,3,0,0
156297.187645,2026-07-15T05:50:36.991,249,3,3,0,0
156297.190306,2026-07-15T05:50:36.994,249,3,3,0,0
156297.192996,2026-07-15T05:50:36.997,249,3,3,0,0
156297.195305,2026-07-15T05:50:36.999,249,3,3,0,0
156297.197807,2026-07-15T05:50:37.002,249,3,3,0,0
156297.200277,2026-07-15T05:50:37.004,249,3,3,0,0
156297.202901,2026-07-15T05:50:37.007,249,3,3,0,0
156297.204905,2026-07-15T05:50:37.009,249,3,3,0,0
156297.207317,2026-07-15T05:50:37.011,249,3,3,0,0
156297.210092,2026-07-15T05:50:37.013,249,3,3,0,0
156297.212583,2026-07-15T05:50:37.016,249,3,3,0,0
156297.214608,2026-07-15T05:50:37.018,249,3,3,0,0
156297.217146,2026-07-15T05:50:37.021,249,3,3,0,0
156297.220336,2026-07-15T05:50:37.024,249,3,3,0,0
156297.223013,2026-07-15T05:50:37.027,249,3,3,0,0
156297.225591,2026-07-15T05:50:37.029,249,3,3,0,0
156297.228509,2026-07-15T05:50:37.032,249,3,3,0,0
156297.231230,2026-07-15T05:50:37.035,249,3,3,0,0
156297.234039,2026-07-15T05:50:37.038,249,3,3,0,0
156297.236924,2026-07-15T05:50:37.041,249,3,3,0,0
156297.239975,2026-07-15T05:50:37.044,249,3,3,0,0
156297.242225,2026-07-15T05:50:37.046,249,3,3,0,0
156297.244606,2026-07-15T05:50:37.048,249,3,3,0,0
156297.247045,2026-07-15T05:50:37.051,249,3,3,0,0
156297.249513,2026-07-15T05:50:37.053,249,3,3,0,0
156297.251946,2026-07-15T05:50:37.055,249,3,3,0,0
156297.254190,2026-07-15T05:50:37.057,249,3,3,0,0
156297.256449,2026-07-15T05:50:37.060,249,3,3,0,0
156297.259082,2026-07-15T05:50:37.063,249,3,3,0,0
156297.261449,2026-07-15T05:50:37.065,249,3,3,0,0
156297.264550,2026-07-15T05:50:37.068,249,3,3,0,0
156297.267798,2026-07-15T05:50:37.072,249,3,3,0,0
156297.270946,2026-07-15T05:50:37.074,249,3,3,0,0
156297.273462,2026-07-15T05:50:37.077,249,3,3,0,0
156297.276217,2026-07-15T05:50:37.080,249,3,3,0,0
156297.279018,2026-07-15T05:50:37.082,249,3,3,0,0
156297.281735,2026-07-15T05:50:37.085,249,3,3,0,0
156297.284777,2026-07-15T05:50:37.089,249,3,3,0,0
156297.287408,2026-07-15T05:50:37.091,249,3,3,0,0
156297.290012,2026-07-15T05:50:37.094,249,3,3,0,0
156297.292774,2026-07-15T05:50:37.096,249,3,3,0,0
156297.295644,2026-07-15T05:50:37.099,249,3,3,0,0
156297.298648,2026-07-15T05:50:37.102,249,3,3,0,0
156297.301333,2026-07-15T05:50:37.105,249,3,3,0,0
156297.304307,2026-07-15T05:50:37.108,249,3,3,0,0
156297.306906,2026-07-15T05:50:37.111,249,3,3,0,0
156297.310088,2026-07-15T05:50:37.113,249,3,3,0,0
156297.312440,2026-07-15T05:50:37.116,249,3,3,0,0
156297.315017,2026-07-15T05:50:37.119,249,3,3,0,0
156297.317553,2026-07-15T05:50:37.121,249,3,3,0,0
156297.320516,2026-07-15T05:50:37.124,249,3,3,0,0
156297.323206,2026-07-15T05:50:37.127,249,3,3,0,0
156297.325878,2026-07-15T05:50:37.129,249,3,3,0,0
156297.328405,2026-07-15T05:50:37.132,249,3,3,0,0
156297.331071,2026-07-15T05:50:37.134,249,3,3,0,0
156297.333865,2026-07-15T05:50:37.137,249,3,3,0,0
156297.336625,2026-07-15T05:50:37.140,249,3,3,0,0
156297.339492,2026-07-15T05:50:37.143,249,3,3,0,0
156297.341917,2026-07-15T05:50:37.146,249,3,3,0,0
156297.344887,2026-07-15T05:50:37.149,249,3,3,0,0
156297.347516,2026-07-15T05:50:37.151,249,3,3,0,0
156297.350089,2026-07-15T05:50:37.154,249,3,3,0,0
156297.352394,2026-07-15T05:50:37.156,249,3,3,0,0
156297.355207,2026-07-15T05:50:37.158,249,3,3,0,0
156297.357986,2026-07-15T05:50:37.162,249,3,3,0,0
156297.360773,2026-07-15T05:50:37.165,249,3,3,0,0
156297.363701,2026-07-15T05:50:37.168,249,3,3,0,0
156297.366681,2026-07-15T05:50:37.170,249,3,3,0,0
156297.369655,2026-07-15T05:50:37.173,249,3,3,0,0
156297.372571,2026-07-15T05:50:37.176,249,3,3,0,0
156297.375444,2026-07-15T05:50:37.179,249,3,3,0,0
156297.378270,2026-07-15T05:50:37.182,249,3,3,0,0
156297.381001,2026-07-15T05:50:37.184,249,3,3,0,0
156297.383617,2026-07-15T05:50:37.187,249,3,3,0,0
156297.386488,2026-07-15T05:50:37.190,249,3,3,0,0
156297.389370,2026-07-15T05:50:37.193,249,3,3,0,0
156297.392427,2026-07-15T05:50:37.196,249,3,3,0,0
156297.395114,2026-07-15T05:50:37.199,249,3,3,0,0
156297.398426,2026-07-15T05:50:37.201,249,3,3,0,0
156297.401639,2026-07-15T05:50:37.205,249,3,3,0,0
156297.404501,2026-07-15T05:50:37.208,249,3,3,0,0
156297.407314,2026-07-15T05:50:37.211,249,3,3,0,0
156297.411992,2026-07-15T05:50:37.215,249,3,3,0,0
156297.414832,2026-07-15T05:50:37.219,249,3,3,0,0
156297.417550,2026-07-15T05:50:37.221,249,3,3,0,0
156297.420020,2026-07-15T05:50:37.224,249,3,3,0,0
156297.422647,2026-07-15T05:50:37.226,249,3,3,0,0
156297.425543,2026-07-15T05:50:37.229,249,3,3,0,0
156297.427858,2026-07-15T05:50:37.232,249,3,3,0,0
156297.430690,2026-07-15T05:50:37.235,249,3,3,0,0
156297.433417,2026-07-15T05:50:37.236,249,3,3,0,0
156297.436304,2026-07-15T05:50:37.240,249,3,3,0,0
156297.438916,2026-07-15T05:50:37.242,249,3,3,0,0
156297.440941,2026-07-15T05:50:37.244,249,3,3,0,0
156297.443458,2026-07-15T05:50:37.247,249,3,3,0,0
156297.445867,2026-07-15T05:50:37.250,249,3,3,0,0
156297.448549,2026-07-15T05:50:37.252,249,3,3,0,0
156297.451264,2026-07-15T05:50:37.255,249,3,3,0,0
156297.453400,2026-07-15T05:50:37.257,249,3,3,0,0
156297.455999,2026-07-15T05:50:37.259,249,3,3,0,0
156297.458449,2026-07-15T05:50:37.262,249,3,3,0,0
156297.461909,2026-07-15T05:50:37.266,249,3,3,0,0
156297.464062,2026-07-15T05:50:37.268,249,3,3,0,0
156297.466307,2026-07-15T05:50:37.269,249,3,3,0,0
156297.469041,2026-07-15T05:50:37.272,249,3,3,0,0
156297.471694,2026-07-15T05:50:37.276,249,3,3,0,0
156297.474416,2026-07-15T05:50:37.277,249,3,3,0,0
156297.476989,2026-07-15T05:50:37.280,249,3,3,0,0
156297.479816,2026-07-15T05:50:37.284,249,3,3,0,0
156297.482350,2026-07-15T05:50:37.285,249,3,3,0,0
156297.485065,2026-07-15T05:50:37.289,249,3,3,0,0
156297.487779,2026-07-15T05:50:37.291,249,3,3,0,0
156297.490718,2026-07-15T05:50:37.294,249,3,3,0,0
156297.493516,2026-07-15T05:50:37.297,249,3,3,0,0
156297.496270,2026-07-15T05:50:37.300,249,3,3,0,0
156297.499090,2026-07-15T05:50:37.302,249,3,3,0,0
156297.501920,2026-07-15T05:50:37.306,249,3,3,0,0
156297.504188,2026-07-15T05:50:37.308,249,3,3,0,0
156297.506963,2026-07-15T05:50:37.310,249,3,3,0,0
156297.509848,2026-07-15T05:50:37.314,249,3,3,0,0
156297.513495,2026-07-15T05:50:37.317,249,3,3,0,0
156297.516426,2026-07-15T05:50:37.320,249,3,3,0,0
156297.519452,2026-07-15T05:50:37.323,249,3,3,0,0
156297.522326,2026-07-15T05:50:37.326,249,3,3,0,0
156297.525087,2026-07-15T05:50:37.328,249,3,3,0,0
156297.527933,2026-07-15T05:50:37.331,249,3,3,0,0
156297.531404,2026-07-15T05:50:37.335,249,3,3,0,0
156297.535108,2026-07-15T05:50:37.339,249,3,3,0,0
156297.538544,2026-07-15T05:50:37.342,249,3,3,0,0
156297.541512,2026-07-15T05:50:37.345,249,3,3,0,0
156297.544241,2026-07-15T05:50:37.347,249,3,3,0,0
156297.546595,2026-07-15T05:50:37.350,249,3,3,0,0
156297.549704,2026-07-15T05:50:37.353,249,3,3,0,0
156297.552557,2026-07-15T05:50:37.357,249,3,3,0,0
156297.555345,2026-07-15T05:50:37.358,249,3,3,0,0
156297.558186,2026-07-15T05:50:37.361,249,3,3,0,0
156297.561050,2026-07-15T05:50:37.364,249,3,3,0,0
156297.563407,2026-07-15T05:50:37.367,249,3,3,0,0
156297.566341,2026-07-15T05:50:37.370,249,3,3,0,0
156297.569226,2026-07-15T05:50:37.373,249,3,3,0,0
156297.572210,2026-07-15T05:50:37.376,249,3,3,0,0
156297.574810,2026-07-15T05:50:37.379,249,3,3,0,0
156297.577462,2026-07-15T05:50:37.381,249,3,3,0,0
156297.580350,2026-07-15T05:50:37.384,249,3,3,0,0
156297.583120,2026-07-15T05:50:37.386,249,3,3,0,9
156297.586156,2026-07-15T05:50:37.389,227,0,3,0,9
156297.588855,2026-07-15T05:50:37.393,227,0,3,0,9
156297.591835,2026-07-15T05:50:37.395,227,0,3,0,9
156297.594342,2026-07-15T05:50:37.398,227,0,3,0,9
156297.597154,2026-07-15T05:50:37.400,227,0,3,0,9
156297.599290,2026-07-15T05:50:37.403,227,0,3,0,9
156297.602110,2026-07-15T05:50:37.406,227,0,3,0,9
156297.604419,2026-07-15T05:50:37.408,227,0,3,0,9
156297.607060,2026-07-15T05:50:37.410,227,0,3,0,9
156297.611597,2026-07-15T05:50:37.415,227,0,3,0,9
156297.614520,2026-07-15T05:50:37.418,227,0,3,0,9
156297.617001,2026-07-15T05:50:37.421,227,0,3,0,9
156297.619427,2026-07-15T05:50:37.423,227,0,3,0,9
156297.623554,2026-07-15T05:50:37.426,227,0,3,0,9
156297.626281,2026-07-15T05:50:37.430,227,0,3,0,9
156297.628912,2026-07-15T05:50:37.433,227,0,3,0,9
156297.631647,2026-07-15T05:50:37.435,227,0,3,0,9
156297.634434,2026-07-15T05:50:37.438,227,0,3,0,9
156297.637375,2026-07-15T05:50:37.440,227,0,3,0,9
156297.640557,2026-07-15T05:50:37.444,227,0,3,0,9
156297.642996,2026-07-15T05:50:37.447,227,0,3,0,9
156297.645595,2026-07-15T05:50:37.450,227,0,3,0,9
156297.648474,2026-07-15T05:50:37.452,227,0,3,0,9
156297.651308,2026-07-15T05:50:37.455,227,0,3,0,9
156297.653982,2026-07-15T05:50:37.457,227,0,3,0,9
156297.656540,2026-07-15T05:50:37.460,227,0,3,0,9
156297.659640,2026-07-15T05:50:37.464,227,0,3,0,9
156297.661901,2026-07-15T05:50:37.465,227,0,3,0,9
156297.664974,2026-07-15T05:50:37.469,227,0,3,0,9
156297.667623,2026-07-15T05:50:37.471,227,0,3,0,9
156297.670191,2026-07-15T05:50:37.474,227,0,3,0,9
156297.673028,2026-07-15T05:50:37.477,227,0,3,0,9
156297.675973,2026-07-15T05:50:37.479,227,0,3,0,9
156297.678849,2026-07-15T05:50:37.482,227,0,3,0,9
156297.681593,2026-07-15T05:50:37.485,227,0,3,0,9
156297.684353,2026-07-15T05:50:37.488,227,0,3,0,9
156297.686963,2026-07-15T05:50:37.491,227,0,3,0,9
156297.689414,2026-07-15T05:50:37.493,227,0,3,0,9
156297.692028,2026-07-15T05:50:37.496,227,0,3,0,9
156297.694624,2026-07-15T05:50:37.499,227,0,3,0,9
156297.697039,2026-07-15T05:50:37.501,227,0,3,0,9
156297.699631,2026-07-15T05:50:37.503,227,0,3,0,9
156297.702333,2026-07-15T05:50:37.505,227,0,3,0,9
156297.705114,2026-07-15T05:50:37.509,227,0,3,0,9
156297.707314,2026-07-15T05:50:37.511,227,0,3,0,9
156297.710136,2026-07-15T05:50:37.514,227,0,3,0,9
156297.713803,2026-07-15T05:50:37.518,227,0,3,0,9
156297.716533,2026-07-15T05:50:37.520,227,0,3,0,9
156297.719036,2026-07-15T05:50:37.523,227,0,3,0,9
156297.721611,2026-07-15T05:50:37.525,227,0,3,0,9
156297.724531,2026-07-15T05:50:37.528,227,0,3,0,9
156297.727398,2026-07-15T05:50:37.531,227,0,3,0,9
156297.730240,2026-07-15T05:50:37.533,227,0,3,0,9
156297.733148,2026-07-15T05:50:37.536,227,0,3,0,9
156297.735971,2026-07-15T05:50:37.539,227,0,3,0,9
156297.738585,2026-07-15T05:50:37.542,227,0,3,0,9
156297.741471,2026-07-15T05:50:37.545,227,0,3,0,9
156297.744308,2026-07-15T05:50:37.548,227,0,3,0,9
156297.747127,2026-07-15T05:50:37.551,227,0,3,0,9
156297.750025,2026-07-15T05:50:37.554,227,0,3,0,9
156297.752727,2026-07-15T05:50:37.556,227,0,3,0,9
156297.755428,2026-07-15T05:50:37.559,227,0,3,0,9
156297.758144,2026-07-15T05:50:37.561,227,0,3,0,9
156297.761101,2026-07-15T05:50:37.565,227,0,3,0,9
156297.763884,2026-07-15T05:50:37.567,227,0,3,0,9
156297.766706,2026-07-15T05:50:37.571,227,0,3,0,9
156297.769241,2026-07-15T05:50:37.573,227,0,3,0,9
156297.772088,2026-07-15T05:50:37.576,227,0,3,0,9
156297.775288,2026-07-15T05:50:37.579,227,0,3,0,9
156297.778330,2026-07-15T05:50:37.582,227,0,3,0,9
156297.781592,2026-07-15T05:50:37.585,227,0,3,0,9
156297.784491,2026-07-15T05:50:37.588,227,0,3,0,9
156297.787267,2026-07-15T05:50:37.591,227,0,3,0,9
156297.790155,2026-07-15T05:50:37.594,227,0,3,0,9
156297.792873,2026-07-15T05:50:37.596,227,0,3,0,9
156297.795635,2026-07-15T05:50:37.599,227,0,3,0,9
156297.798354,2026-07-15T05:50:37.602,227,0,3,0,9
156297.800924,2026-07-15T05:50:37.605,227,0,3,0,9
156297.803591,2026-07-15T05:50:37.607,227,0,3,0,9
156297.806356,2026-07-15T05:50:37.610,227,0,3,0,9
156297.808445,2026-07-15T05:50:37.612,227,0,3,0,9
156297.811069,2026-07-15T05:50:37.614,227,0,3,0,9
156297.814727,2026-07-15T05:50:37.618,227,0,3,0,9
156297.817199,2026-07-15T05:50:37.621,227,0,3,0,9
156297.819460,2026-07-15T05:50:37.623,227,0,3,0,9
156297.822015,2026-07-15T05:50:37.625,227,0,3,0,9
156297.824541,2026-07-15T05:50:37.627,227,0,3,0,9
156297.826911,2026-07-15T05:50:37.631,227,0,3,0,9
156297.829475,2026-07-15T05:50:37.633,170,0,3,0,9
156297.833465,2026-07-15T05:50:37.637,170,0,3,0,9
156297.836018,2026-07-15T05:50:37.639,170,0,3,0,9
156297.838163,2026-07-15T05:50:37.641,170,0,3,0,9
156297.840693,2026-07-15T05:50:37.644,170,0,3,0,9
156297.843260,2026-07-15T05:50:37.647,170,0,3,0,9
156297.845855,2026-07-15T05:50:37.649,170,0,3,0,9
156297.848518,2026-07-15T05:50:37.652,170,0,3,0,9
156297.851544,2026-07-15T05:50:37.655,170,0,3,0,9
156297.854232,2026-07-15T05:50:37.658,170,0,3,0,9
156297.857073,2026-07-15T05:50:37.660,170,0,3,0,9
156297.859675,2026-07-15T05:50:37.663,170,0,3,0,9
156297.862138,2026-07-15T05:50:37.666,170,0,3,0,9
156297.864831,2026-07-15T05:50:37.669,170,0,3,0,9
156297.867581,2026-07-15T05:50:37.672,170,0,3,0,9
156297.870510,2026-07-15T05:50:37.674,170,0,3,0,9
156297.872894,2026-07-15T05:50:37.677,170,0,3,0,9
156297.875490,2026-07-15T05:50:37.679,170,0,3,0,9
156297.878063,2026-07-15T05:50:37.681,170,0,3,0,9
156297.881063,2026-07-15T05:50:37.685,170,0,3,0,9
156297.883927,2026-07-15T05:50:37.687,170,0,3,0,9
156297.886863,2026-07-15T05:50:37.690,170,0,3,0,9
156297.889665,2026-07-15T05:50:37.692,170,0,3,0,9
156297.892585,2026-07-15T05:50:37.696,170,0,3,0,9
156297.895707,2026-07-15T05:50:37.699,170,0,3,0,9
156297.898168,2026-07-15T05:50:37.702,170,0,3,0,9
156297.900803,2026-07-15T05:50:37.704,170,0,3,0,9
156297.903404,2026-07-15T05:50:37.707,170,0,3,0,9
156297.906253,2026-07-15T05:50:37.709,170,0,3,0,9
156297.909332,2026-07-15T05:50:37.713,170,0,3,0,9
156297.913004,2026-07-15T05:50:37.717,170,0,3,0,9
156297.915841,2026-07-15T05:50:37.720,170,0,3,0,9
156297.918515,2026-07-15T05:50:37.723,170,0,3,0,9
156297.920807,2026-07-15T05:50:37.725,170,0,3,0,9
156297.923382,2026-07-15T05:50:37.727,170,0,3,0,9
156297.926512,2026-07-15T05:50:37.729,170,0,3,0,9
156297.929062,2026-07-15T05:50:37.733,170,0,3,0,9
156297.932178,2026-07-15T05:50:37.736,170,0,3,0,9
156297.934886,2026-07-15T05:50:37.739,170,0,3,0,9
156297.937612,2026-07-15T05:50:37.741,170,0,3,0,9
156297.940625,2026-07-15T05:50:37.744,170,0,3,0,9
156297.943134,2026-07-15T05:50:37.747,170,0,3,0,9
156297.945249,2026-07-15T05:50:37.749,170,0,3,0,9
156297.947688,2026-07-15T05:50:37.751,170,0,3,0,9
156297.950291,2026-07-15T05:50:37.754,170,0,3,0,9
156297.953126,2026-07-15T05:50:37.757,170,0,3,0,9
156297.955627,2026-07-15T05:50:37.759,170,0,3,0,9
156297.958309,2026-07-15T05:50:37.762,170,0,3,0,9
156297.960658,2026-07-15T05:50:37.765,170,0,3,0,9
156297.963220,2026-07-15T05:50:37.767,170,0,3,0,9
156297.965906,2026-07-15T05:50:37.770,170,0,3,0,9
156297.968243,2026-07-15T05:50:37.772,170,0,3,0,9
156297.971213,2026-07-15T05:50:37.775,170,0,3,0,9
156297.973988,2026-07-15T05:50:37.778,170,0,3,0,9
156297.976392,2026-07-15T05:50:37.780,170,0,3,0,9
156297.978860,2026-07-15T05:50:37.782,170,0,3,0,9
156297.981418,2026-07-15T05:50:37.785,170,0,3,0,9
156297.984289,2026-07-15T05:50:37.787,170,0,3,0,9
156297.987015,2026-07-15T05:50:37.790,170,0,3,0,9
156297.990031,2026-07-15T05:50:37.793,170,0,3,0,9
156297.992705,2026-07-15T05:50:37.796,170,0,3,0,9
156297.995065,2026-07-15T05:50:37.799,170,0,3,0,9
156297.997985,2026-07-15T05:50:37.801,170,0,3,0,9
156298.000642,2026-07-15T05:50:37.804,170,0,3,0,9
156298.003410,2026-07-15T05:50:37.807,170,0,3,0,9
156298.006878,2026-07-15T05:50:37.810,170,0,3,0,9
156298.009567,2026-07-15T05:50:37.813,170,0,3,0,9
156298.012565,2026-07-15T05:50:37.816,170,0,3,0,9
156298.015612,2026-07-15T05:50:37.819,170,0,3,0,9
156298.018396,2026-07-15T05:50:37.822,170,0,3,0,9
156298.021299,2026-07-15T05:50:37.825,170,0,3,0,9
156298.024042,2026-07-15T05:50:37.828,170,0,3,0,9
156298.026461,2026-07-15T05:50:37.830,170,0,3,0,9
156298.028482,2026-07-15T05:50:37.832,170,0,3,0,9
156298.030842,2026-07-15T05:50:37.834,170,0,3,0,9
156298.032912,2026-07-15T05:50:37.836,170,0,3,0,9
156298.035369,2026-07-15T05:50:37.839,170,0,3,0,9
156298.037731,2026-07-15T05:50:37.842,170,0,3,0,9
156298.040096,2026-07-15T05:50:37.844,170,0,3,0,9
156298.042378,2026-07-15T05:50:37.846,170,0,3,0,9
156298.044646,2026-07-15T05:50:37.848,170,0,3,0,9
156298.047220,2026-07-15T05:50:37.851,170,0,3,0,9
156298.049488,2026-07-15T05:50:37.853,170,0,3,0,9
156298.051840,2026-07-15T05:50:37.856,170,0,3,0,9
156298.054174,2026-07-15T05:50:37.858,170,0,3,0,9
156298.056679,2026-07-15T05:50:37.860,170,0,3,0,9
156298.059215,2026-07-15T05:50:37.863,170,0,3,0,9
156298.061917,2026-07-15T05:50:37.866,170,0,3,0,9
156298.064695,2026-07-15T05:50:37.869,170,0,3,0,9
156298.066724,2026-07-15T05:50:37.870,170,0,3,0,9
156298.069097,2026-07-15T05:50:37.873,170,0,3,0,9
156298.071248,2026-07-15T05:50:37.875,170,0,3,0,10
156298.073982,2026-07-15T05:50:37.878,108,0,3,0,10
156298.076753,2026-07-15T05:50:37.880,108,0,3,0,10
156298.079148,2026-07-15T05:50:37.882,108,0,3,0,10
156298.081910,2026-07-15T05:50:37.884,108,0,3,0,10
156298.084287,2026-07-15T05:50:37.888,108,0,3,0,10
156298.087009,2026-07-15T05:50:37.890,108,0,3,0,10
156298.089994,2026-07-15T05:50:37.894,108,0,3,0,10
156298.092521,2026-07-15T05:50:37.896,108,0,3,0,10
156298.094937,2026-07-15T05:50:37.899,108,0,3,0,10
156298.097518,2026-07-15T05:50:37.901,108,0,3,0,10
156298.099878,2026-07-15T05:50:37.904,108,0,3,0,10
156298.102280,2026-07-15T05:50:37.906,108,0,3,0,10
156298.104843,2026-07-15T05:50:37.908,108,0,3,0,10
156298.107016,2026-07-15T05:50:37.911,108,0,3,0,10
156298.110312,2026-07-15T05:50:37.913,108,0,3,0,10
156298.112949,2026-07-15T05:50:37.916,108,0,3,0,10
156298.115263,2026-07-15T05:50:37.918,108,0,3,0,10
156298.117426,2026-07-15T05:50:37.921,108,0,3,0,10
156298.120266,2026-07-15T05:50:37.924,108,0,3,0,10
156298.122998,2026-07-15T05:50:37.926,108,0,3,0,10
156298.125974,2026-07-15T05:50:37.929,108,0,3,0,10
156298.128900,2026-07-15T05:50:37.932,108,0,3,0,10
156298.131651,2026-07-15T05:50:37.935,108,0,3,0,10
156298.134368,2026-07-15T05:50:37.938,108,0,3,0,10
156298.137438,2026-07-15T05:50:37.941,108,0,3,0,10
156298.139970,2026-07-15T05:50:37.944,108,0,3,0,10
156298.142756,2026-07-15T05:50:37.946,108,0,3,0,10
156298.145124,2026-07-15T05:50:37.949,108,0,3,0,10
156298.147684,2026-07-15T05:50:37.952,108,0,3,0,10
156298.150348,2026-07-15T05:50:37.953,108,0,3,0,10
156298.153182,2026-07-15T05:50:37.957,108,0,3,0,10
156298.156004,2026-07-15T05:50:37.960,108,0,3,0,10
156298.158794,2026-07-15T05:50:37.962,108,0,3,0,10
156298.160996,2026-07-15T05:50:37.964,108,0,3,0,10
156298.163451,2026-07-15T05:50:37.967,108,0,3,0,10
156298.166178,2026-07-15T05:50:37.970,108,0,3,0,10
156298.168560,2026-07-15T05:50:37.973,108,0,3,0,10
156298.170901,2026-07-15T05:50:37.975,108,0,3,0,10
156298.173472,2026-07-15T05:50:37.977,108,0,3,0,10
156298.175905,2026-07-15T05:50:37.980,108,0,3,0,10
156298.178794,2026-07-15T05:50:37.982,108,0,3,0,10
156298.181181,2026-07-15T05:50:37.985,108,0,3,0,10
156298.183814,2026-07-15T05:50:37.987,108,0,3,0,10
156298.186405,2026-07-15T05:50:37.990,108,0,3,0,10
156298.189272,2026-07-15T05:50:37.993,108,0,3,0,10
156298.191914,2026-07-15T05:50:37.996,108,0,3,0,10
156298.194666,2026-07-15T05:50:37.999,108,0,3,0,10
156298.197551,2026-07-15T05:50:38.001,108,0,3,0,10
156298.200225,2026-07-15T05:50:38.004,108,0,3,0,10
156298.203080,2026-07-15T05:50:38.007,108,0,3,0,10
156298.205828,2026-07-15T05:50:38.010,108,0,3,0,10
156298.208345,2026-07-15T05:50:38.012,108,0,3,0,10
156298.210389,2026-07-15T05:50:38.014,108,0,3,0,10
156298.213216,2026-07-15T05:50:38.016,108,0,3,0,10
156298.216211,2026-07-15T05:50:38.020,108,0,3,0,10
156298.219154,2026-07-15T05:50:38.023,108,0,3,0,10
156298.222201,2026-07-15T05:50:38.026,108,0,3,0,10
156298.225035,2026-07-15T05:50:38.029,108,0,3,0,10
156298.227580,2026-07-15T05:50:38.031,108,0,3,0,10
156298.230522,2026-07-15T05:50:38.033,108,0,3,0,10
156298.233104,2026-07-15T05:50:38.037,108,0,3,0,10
156298.236087,2026-07-15T05:50:38.039,108,0,3,0,10
156298.239014,2026-07-15T05:50:38.042,108,0,3,0,10
156298.242022,2026-07-15T05:50:38.046,108,0,3,0,10
156298.245017,2026-07-15T05:50:38.048,108,0,3,0,10
156298.248053,2026-07-15T05:50:38.051,108,0,3,0,10
156298.250898,2026-07-15T05:50:38.054,108,0,3,0,10
156298.253812,2026-07-15T05:50:38.058,108,0,3,0,10
156298.256923,2026-07-15T05:50:38.060,108,0,3,0,10
156298.259721,2026-07-15T05:50:38.064,108,0,3,0,10
156298.262221,2026-07-15T05:50:38.066,108,0,3,0,10
156298.264924,2026-07-15T05:50:38.068,108,0,3,0,10
156298.267557,2026-07-15T05:50:38.071,108,0,3,0,10
156298.270194,2026-07-15T05:50:38.074,108,0,3,0,10
156298.272699,2026-07-15T05:50:38.077,108,0,3,0,10
156298.275469,2026-07-15T05:50:38.080,108,0,3,0,10
156298.277980,2026-07-15T05:50:38.082,108,0,3,0,10
156298.280685,2026-07-15T05:50:38.084,108,0,3,0,10
156298.283701,2026-07-15T05:50:38.088,108,0,3,0,10
156298.286493,2026-07-15T05:50:38.090,108,0,3,0,10
156298.288990,2026-07-15T05:50:38.092,108,0,3,0,10
156298.291855,2026-07-15T05:50:38.095,108,0,3,0,10
156298.294583,2026-07-15T05:50:38.098,108,0,3,0,10
156298.297013,2026-07-15T05:50:38.100,108,0,3,0,10
156298.299759,2026-07-15T05:50:38.103,108,0,3,0,10
156298.302098,2026-07-15T05:50:38.106,108,0,3,0,10
156298.304891,2026-07-15T05:50:38.108,108,0,3,0,10
156298.307591,2026-07-15T05:50:38.111,108,0,3,0,10
156298.310547,2026-07-15T05:50:38.114,108,0,3,0,10
156298.314679,2026-07-15T05:50:38.119,108,0,3,0,8
156298.318667,2026-07-15T05:50:38.123,48,0,3,0,8
156298.321419,2026-07-15T05:50:38.125,48,0,3,0,8
156298.324481,2026-07-15T05:50:38.128,48,0,3,0,8
156298.326632,2026-07-15T05:50:38.130,48,0,3,0,8
156298.328954,2026-07-15T05:50:38.132,48,0,3,0,8
156298.331494,2026-07-15T05:50:38.135,48,0,3,0,8
156298.334245,2026-07-15T05:50:38.137,48,0,3,0,8
156298.337044,2026-07-15T05:50:38.141,48,0,3,0,8
156298.339735,2026-07-15T05:50:38.144,48,0,3,0,8
156298.342833,2026-07-15T05:50:38.146,48,0,3,0,8
156298.345497,2026-07-15T05:50:38.149,48,0,3,0,8
156298.347911,2026-07-15T05:50:38.152,48,0,3,0,8
156298.350518,2026-07-15T05:50:38.155,48,0,3,0,8
156298.353213,2026-07-15T05:50:38.157,48,0,3,0,8
156298.355627,2026-07-15T05:50:38.159,48,0,3,0,8
156298.358930,2026-07-15T05:50:38.163,48,0,3,0,8
156298.361368,2026-07-15T05:50:38.165,48,0,3,0,8
156298.364000,2026-07-15T05:50:38.167,48,0,3,0,8
156298.366488,2026-07-15T05:50:38.170,48,0,3,0,8
156298.369281,2026-07-15T05:50:38.173,48,0,3,0,8
156298.371568,2026-07-15T05:50:38.175,48,0,3,0,8
156298.374253,2026-07-15T05:50:38.178,48,0,3,0,8
156298.376806,2026-07-15T05:50:38.180,48,0,3,0,8
156298.379470,2026-07-15T05:50:38.183,48,0,3,0,8
156298.381985,2026-07-15T05:50:38.185,48,0,3,0,8
156298.384277,2026-07-15T05:50:38.188,48,0,3,0,8
156298.386948,2026-07-15T05:50:38.190,48,0,3,0,8
156298.389557,2026-07-15T05:50:38.194,48,0,3,0,8
156298.392197,2026-07-15T05:50:38.196,48,0,3,0,8
156298.394770,2026-07-15T05:50:38.199,48,0,3,0,8
156298.397306,2026-07-15T05:50:38.201,48,0,3,0,8
156298.399922,2026-07-15T05:50:38.204,48,0,3,0,8
156298.402367,2026-07-15T05:50:38.206,48,0,3,0,8
156298.404906,2026-07-15T05:50:38.208,48,0,3,0,8
156298.407512,2026-07-15T05:50:38.211,48,0,3,0,8
156298.410200,2026-07-15T05:50:38.214,48,0,3,0,8
156298.412895,2026-07-15T05:50:38.217,48,0,3,0,8
156298.415586,2026-07-15T05:50:38.219,48,0,3,0,8
156298.418319,2026-07-15T05:50:38.222,48,0,3,0,8
156298.421063,2026-07-15T05:50:38.225,48,0,3,0,8
156298.423693,2026-07-15T05:50:38.228,48,0,3,0,8
156298.426466,2026-07-15T05:50:38.230,48,0,3,0,8
156298.429226,2026-07-15T05:50:38.233,48,0,3,0,8
156298.432016,2026-07-15T05:50:38.236,48,0,3,0,8
156298.434888,2026-07-15T05:50:38.239,48,0,3,0,8
156298.437543,2026-07-15T05:50:38.241,48,0,3,0,8
156298.440384,2026-07-15T05:50:38.244,48,0,3,0,8
156298.442846,2026-07-15T05:50:38.246,48,0,3,0,8
156298.445234,2026-07-15T05:50:38.249,48,0,3,0,8
156298.447907,2026-07-15T05:50:38.252,48,0,3,0,8
156298.450789,2026-07-15T05:50:38.254,48,0,3,0,8
156298.453766,2026-07-15T05:50:38.258,48,0,3,0,8
156298.456532,2026-07-15T05:50:38.260,48,0,3,0,8
156298.460497,2026-07-15T05:50:38.264,48,0,3,0,8
156298.463379,2026-07-15T05:50:38.267,48,0,3,0,8
156298.466202,2026-07-15T05:50:38.269,48,0,3,0,8
156298.468419,2026-07-15T05:50:38.272,48,0,3,0,8
156298.470825,2026-07-15T05:50:38.275,48,0,3,0,8
156298.473159,2026-07-15T05:50:38.277,48,0,3,0,8
156298.475403,2026-07-15T05:50:38.279,48,0,3,0,8
156298.477818,2026-07-15T05:50:38.281,48,0,3,0,8
156298.480896,2026-07-15T05:50:38.284,48,0,3,0,8
156298.483112,2026-07-15T05:50:38.287,48,0,3,0,8
156298.486064,2026-07-15T05:50:38.290,48,0,3,0,8
156298.488510,2026-07-15T05:50:38.292,48,0,3,0,8
156298.491372,2026-07-15T05:50:38.295,48,0,3,0,8
156298.493971,2026-07-15T05:50:38.298,48,0,3,0,8
156298.496626,2026-07-15T05:50:38.299,48,0,3,0,8
156298.499001,2026-07-15T05:50:38.303,48,0,3,0,8
156298.501358,2026-07-15T05:50:38.305,48,0,3,0,8
156298.503938,2026-07-15T05:50:38.308,48,0,3,0,8
156298.506541,2026-07-15T05:50:38.310,48,0,3,0,8
156298.509105,2026-07-15T05:50:38.313,48,0,3,0,8
156298.511307,2026-07-15T05:50:38.314,48,0,3,0,8
156298.513676,2026-07-15T05:50:38.318,48,0,3,0,8
156298.516568,2026-07-15T05:50:38.321,48,0,3,0,8
156298.518837,2026-07-15T05:50:38.322,48,0,3,0,8
156298.521706,2026-07-15T05:50:38.325,48,0,3,0,8
156298.524296,2026-07-15T05:50:38.328,48,0,3,0,8
156298.527010,2026-07-15T05:50:38.330,48,0,3,0,8
156298.529863,2026-07-15T05:50:38.332,48,0,3,0,8
156298.532703,2026-07-15T05:50:38.336,48,0,3,0,8
156298.535293,2026-07-15T05:50:38.338,48,0,3,0,8
156298.537372,2026-07-15T05:50:38.341,48,0,3,0,8
156298.540232,2026-07-15T05:50:38.344,48,0,3,0,8
156298.543195,2026-07-15T05:50:38.347,48,0,3,0,8
156298.545329,2026-07-15T05:50:38.349,48,0,3,0,8
156298.547421,2026-07-15T05:50:38.350,48,0,3,0,8
156298.549493,2026-07-15T05:50:38.353,48,0,3,0,8
156298.551857,2026-07-15T05:50:38.356,48,0,3,0,8
156298.554443,2026-07-15T05:50:38.359,48,0,3,0,8
156298.557106,2026-07-15T05:50:38.361,48,0,3,0,8
156298.559643,2026-07-15T05:50:38.362,48,0,3,0,0
156298.562405,2026-07-15T05:50:38.366,3,3,3,0,0
156298.565121,2026-07-15T05:50:38.368,3,3,3,0,0
156298.567789,2026-07-15T05:50:38.372,3,3,3,0,0
156298.570686,2026-07-15T05:50:38.374,3,3,3,0,0
156298.573418,2026-07-15T05:50:38.377,3,3,3,0,0
156298.576244,2026-07-15T05:50:38.380,3,3,3,0,0
156298.578822,2026-07-15T05:50:38.382,3,3,3,0,0
156298.581403,2026-07-15T05:50:38.385,3,3,3,0,0
156298.584280,2026-07-15T05:50:38.388,3,3,3,0,0
156298.587144,2026-07-15T05:50:38.391,3,3,3,0,0
156298.589623,2026-07-15T05:50:38.393,3,3,3,0,0
156298.592467,2026-07-15T05:50:38.396,3,3,3,0,0
156298.595445,2026-07-15T05:50:38.399,3,3,3,0,0
156298.598018,2026-07-15T05:50:38.401,3,3,3,0,0
156298.600827,2026-07-15T05:50:38.404,3,3,3,0,0
156298.603698,2026-07-15T05:50:38.407,3,3,3,0,0
156298.606565,2026-07-15T05:50:38.410,3,3,3,0,0
156298.609666,2026-07-15T05:50:38.413,3,3,3,0,0
156298.612361,2026-07-15T05:50:38.416,3,3,3,0,0
156298.615496,2026-07-15T05:50:38.419,3,3,3,0,0
156298.618461,2026-07-15T05:50:38.422,3,3,3,0,0
156298.621075,2026-07-15T05:50:38.425,3,3,3,0,0
156298.623958,2026-07-15T05:50:38.428,3,3,3,0,0
156298.626744,2026-07-15T05:50:38.430,3,3,3,0,0
156298.629194,2026-07-15T05:50:38.432,3,3,3,0,0
156298.631466,2026-07-15T05:50:38.435,3,3,3,0,0
156298.634286,2026-07-15T05:50:38.437,3,3,3,0,0
156298.637476,2026-07-15T05:50:38.441,3,3,3,0,0
156298.639893,2026-07-15T05:50:38.443,3,3,3,0,0
156298.642509,2026-07-15T05:50:38.446,3,3,3,0,0
156298.645025,2026-07-15T05:50:38.449,3,3,3,0,0
156298.647840,2026-07-15T05:50:38.451,3,3,3,0,0
156298.650720,2026-07-15T05:50:38.454,3,3,3,0,0
156298.653547,2026-07-15T05:50:38.457,3,3,3,0,0
156298.656439,2026-07-15T05:50:38.460,3,3,3,0,0
156298.659133,2026-07-15T05:50:38.462,3,3,3,0,0
156298.661599,2026-07-15T05:50:38.465,3,3,3,0,0
156298.664212,2026-07-15T05:50:38.468,3,3,3,0,0
156298.667113,2026-07-15T05:50:38.470,3,3,3,0,0
156298.669588,2026-07-15T05:50:38.473,3,3,3,0,0
156298.672388,2026-07-15T05:50:38.476,3,3,3,0,0
156298.675073,2026-07-15T05:50:38.479,3,3,3,0,0
156298.677755,2026-07-15T05:50:38.482,3,3,3,0,0
156298.680450,2026-07-15T05:50:38.484,3,3,3,0,0
156298.682979,2026-07-15T05:50:38.487,3,3,3,0,0
156298.685672,2026-07-15T05:50:38.489,3,3,3,0,0
156298.688327,2026-07-15T05:50:38.492,3,3,3,0,0
156298.691090,2026-07-15T05:50:38.494,3,3,3,0,0
156298.693352,2026-07-15T05:50:38.497,3,3,3,0,0
156298.696119,2026-07-15T05:50:38.499,3,3,3,0,0
156298.698833,2026-07-15T05:50:38.502,3,3,3,0,0
156298.701726,2026-07-15T05:50:38.505,3,3,3,0,0
156298.704550,2026-07-15T05:50:38.508,3,3,3,0,0
156298.707433,2026-07-15T05:50:38.511,3,3,3,0,0
156298.709755,2026-07-15T05:50:38.514,3,3,3,0,0
156298.712679,2026-07-15T05:50:38.517,3,3,3,0,0
156298.716782,2026-07-15T05:50:38.521,3,3,3,0,0
156298.719647,2026-07-15T05:50:38.523,3,3,3,0,0
156298.721802,2026-07-15T05:50:38.526,3,3,3,0,0
156298.724792,2026-07-15T05:50:38.529,3,3,3,0,0
156298.727581,2026-07-15T05:50:38.532,3,3,3,0,0
156298.730241,2026-07-15T05:50:38.534,3,3,3,0,0
156298.733679,2026-07-15T05:50:38.538,3,3,3,0,0
156298.736544,2026-07-15T05:50:38.541,3,3,3,0,0
156298.739466,2026-07-15T05:50:38.543,3,3,3,0,0
156298.742122,2026-07-15T05:50:38.546,3,3,3,0,0
156298.744493,2026-07-15T05:50:38.548,3,3,3,0,0
156298.747187,2026-07-15T05:50:38.550,3,3,3,0,0
156298.750019,2026-07-15T05:50:38.553,3,3,3,0,0
156298.752806,2026-07-15T05:50:38.556,3,3,3,0,0
156298.755444,2026-07-15T05:50:38.559,3,3,3,0,0
156298.758371,2026-07-15T05:50:38.561,3,3,3,0,0
156298.761313,2026-07-15T05:50:38.565,3,3,3,0,0
156298.764267,2026-07-15T05:50:38.568,3,3,3,0,0
156298.766788,2026-07-15T05:50:38.570,3,3,3,0,0
156298.769765,2026-07-15T05:50:38.573,3,3,3,0,0
156298.772491,2026-07-15T05:50:38.576,3,3,3,0,0
156298.775199,2026-07-15T05:50:38.579,3,3,3,0,0
156298.778004,2026-07-15T05:50:38.582,3,3,3,0,0
156298.780636,2026-07-15T05:50:38.584,3,3,3,0,0
156298.783519,2026-07-15T05:50:38.587,3,3,3,0,0
156298.786044,2026-07-15T05:50:38.590,3,3,3,0,0
156298.788645,2026-07-15T05:50:38.592,3,3,3,0,0
156298.791161,2026-07-15T05:50:38.595,3,3,3,0,0
156298.793751,2026-07-15T05:50:38.597,3,3,3,0,0
156298.796315,2026-07-15T05:50:38.599,3,3,3,0,0
156298.799083,2026-07-15T05:50:38.602,3,3,3,0,0
156298.801446,2026-07-15T05:50:38.605,3,3,3,0,0
156298.804186,2026-07-15T05:50:38.607,3,3,3,0,0
156298.807119,2026-07-15T05:50:38.610,3,3,3,0,0
156298.809709,2026-07-15T05:50:38.614,3,3,3,0,0
156298.812538,2026-07-15T05:50:38.616,3,3,3,0,0
156298.816528,2026-07-15T05:50:38.620,3,3,3,0,0
156298.819403,2026-07-15T05:50:38.623,3,3,3,0,0
156298.822200,2026-07-15T05:50:38.626,3,3,3,0,0
156298.824976,2026-07-15T05:50:38.629,3,3,3,0,0
156298.827684,2026-07-15T05:50:38.632,3,3,3,0,0
156298.830589,2026-07-15T05:50:38.634,3,3,3,0,0
156298.833380,2026-07-15T05:50:38.637,3,3,3,0,0
156298.835722,2026-07-15T05:50:38.640,3,3,3,0,0
156298.838071,2026-07-15T05:50:38.642,3,3,3,0,0
156298.840421,2026-07-15T05:50:38.644,3,3,3,0,0
156298.842969,2026-07-15T05:50:38.647,3,3,3,0,0
156298.845534,2026-07-15T05:50:38.650,3,3,3,0,0
156298.848616,2026-07-15T05:50:38.652,3,3,3,0,0
156298.851211,2026-07-15T05:50:38.655,3,3,3,0,0
156298.853737,2026-07-15T05:50:38.657,3,3,3,0,0
156298.855889,2026-07-15T05:50:38.659,3,3,3,0,0
156298.858378,2026-07-15T05:50:38.662,3,3,3,0,0
156298.861120,2026-07-15T05:50:38.664,3,3,3,0,0
156298.863886,2026-07-15T05:50:38.668,3,3,3,0,0
156298.866310,2026-07-15T05:50:38.670,3,3,3,0,0
156298.868572,2026-07-15T05:50:38.672,3,3,3,0,0
156298.871250,2026-07-15T05:50:38.675,3,3,3,0,0
156298.873984,2026-07-15T05:50:38.678,3,3,3,0,0
156298.876888,2026-07-15T05:50:38.681,3,3,3,0,0
156298.879756,2026-07-15T05:50:38.683,3,3,3,0,0
156298.882427,2026-07-15T05:50:38.686,3,3,3,0,0
156298.885023,2026-07-15T05:50:38.689,3,3,3,0,0
156298.887715,2026-07-15T05:50:38.691,3,3,3,0,0
156298.890482,2026-07-15T05:50:38.694,3,3,3,0,0
156298.892985,2026-07-15T05:50:38.696,3,3,3,0,0
156298.895553,2026-07-15T05:50:38.699,3,3,3,0,0
156298.898394,2026-07-15T05:50:38.702,3,3,3,0,0
156298.901264,2026-07-15T05:50:38.705,3,3,3,0,0
156298.903961,2026-07-15T05:50:38.708,3,3,3,0,0
156298.906504,2026-07-15T05:50:38.710,3,3,3,0,0
156298.908921,2026-07-15T05:50:38.713,3,3,3,0,0
156298.911474,2026-07-15T05:50:38.715,3,3,3,0,0
156298.914315,2026-07-15T05:50:38.718,3,3,3,0,0
156298.917124,2026-07-15T05:50:38.721,3,3,3,0,0
156298.920211,2026-07-15T05:50:38.724,3,3,3,0,0
156298.923052,2026-07-15T05:50:38.727,3,3,3,0,0
156298.925761,2026-07-15T05:50:38.729,3,3,3,0,0
156298.928145,2026-07-15T05:50:38.732,3,3,3,0,0
156298.930338,2026-07-15T05:50:38.734,3,3,3,0,0
156298.932546,2026-07-15T05:50:38.737,3,3,3,0,0
156298.934559,2026-07-15T05:50:38.739,3,3,3,0,0
156298.936722,2026-07-15T05:50:38.740,3,3,3,0,0
156298.938924,2026-07-15T05:50:38.742,3,3,3,0,0
156298.941145,2026-07-15T05:50:38.744,3,3,3,0,0
156298.943897,2026-07-15T05:50:38.747,3,3,3,0,0
156298.946533,2026-07-15T05:50:38.750,3,3,3,0,0
156298.949133,2026-07-15T05:50:38.752,3,3,3,0,0
156298.952339,2026-07-15T05:50:38.756,3,3,3,0,0
156298.954934,2026-07-15T05:50:38.759,3,3,3,0,0
156298.957429,2026-07-15T05:50:38.761,3,3,3,0,0
156298.960488,2026-07-15T05:50:38.764,3,3,3,0,0
156298.963176,2026-07-15T05:50:38.767,3,3,3,0,0
156298.965889,2026-07-15T05:50:38.770,3,3,3,0,0
156298.968549,2026-07-15T05:50:38.772,3,3,3,0,0
156298.971266,2026-07-15T05:50:38.775,3,3,3,0,0
156298.973948,2026-07-15T05:50:38.777,3,3,3,0,0
156298.976777,2026-07-15T05:50:38.780,3,3,3,0,0
156298.979491,2026-07-15T05:50:38.783,3,3,3,0,0
156298.982423,2026-07-15T05:50:38.786,3,3,3,0,0
156298.984991,2026-07-15T05:50:38.788,3,3,3,0,0
156298.987609,2026-07-15T05:50:38.791,3,3,3,0,0
156298.990471,2026-07-15T05:50:38.794,3,3,3,0,0
156298.993402,2026-07-15T05:50:38.797,3,3,3,0,0
156298.996189,2026-07-15T05:50:38.800,3,3,3,0,0
156298.999084,2026-07-15T05:50:38.803,3,3,3,0,0
156299.001594,2026-07-15T05:50:38.805,3,3,3,0,0
156299.004309,2026-07-15T05:50:38.808,3,3,3,0,0
156299.007066,2026-07-15T05:50:38.811,3,3,3,0,0
156299.010081,2026-07-15T05:50:38.814,3,3,3,0,0
156299.013258,2026-07-15T05:50:38.817,3,3,3,0,0
156299.016097,2026-07-15T05:50:38.820,3,3,3,0,0
156299.019081,2026-07-15T05:50:38.823,3,3,3,0,0
156299.021885,2026-07-15T05:50:38.825,3,3,3,0,0
156299.024586,2026-07-15T05:50:38.828,3,3,3,0,0
156299.027369,2026-07-15T05:50:38.831,3,3,3,0,0
156299.029921,2026-07-15T05:50:38.833,3,3,3,0,0
156299.032800,2026-07-15T05:50:38.836,3,3,3,0,0
156299.035635,2026-07-15T05:50:38.839,3,3,3,0,0
156299.038296,2026-07-15T05:50:38.841,3,3,3,0,0
156299.040988,2026-07-15T05:50:38.844,3,3,3,0,0
156299.043808,2026-07-15T05:50:38.847,3,3,3,0,0
156299.046643,2026-07-15T05:50:38.850,3,3,3,0,0
156299.048971,2026-07-15T05:50:38.852,3,3,3,0,0
156299.051700,2026-07-15T05:50:38.855,3,3,3,0,0
156299.054484,2026-07-15T05:50:38.858,3,3,3,0,0
156299.057236,2026-07-15T05:50:38.861,3,3,3,0,0
156299.060270,2026-07-15T05:50:38.864,3,3,3,0,0
156299.063016,2026-07-15T05:50:38.866,3,3,3,0,0
156299.065475,2026-07-15T05:50:38.869,3,3,3,0,0
156299.068629,2026-07-15T05:50:38.872,3,3,3,0,0
156299.071503,2026-07-15T05:50:38.875,3,3,3,0,0
156299.074240,2026-07-15T05:50:38.878,3,3,3,0,0
156299.076973,2026-07-15T05:50:38.881,3,3,3,0,0
156299.079878,2026-07-15T05:50:38.884,3,3,3,0,0
156299.082408,2026-07-15T05:50:38.886,3,3,3,0,0
156299.085304,2026-07-15T05:50:38.889,3,3,3,0,0
156299.088195,2026-07-15T05:50:38.892,3,3,3,0,0
156299.091010,2026-07-15T05:50:38.895,3,3,3,0,0
156299.093500,2026-07-15T05:50:38.897,3,3,3,0,0
156299.096195,2026-07-15T05:50:38.899,3,3,3,0,0
156299.098692,2026-07-15T05:50:38.903,3,3,3,0,0
156299.101216,2026-07-15T05:50:38.905,3,3,3,0,0
156299.104040,2026-07-15T05:50:38.907,3,3,3,0,0
156299.106779,2026-07-15T05:50:38.910,3,3,3,0,0
156299.109780,2026-07-15T05:50:38.914,3,3,3,0,0
156299.112343,2026-07-15T05:50:38.916,3,3,3,0,0
156299.114862,2026-07-15T05:50:38.918,3,3,3,0,0
156299.117623,2026-07-15T05:50:38.921,3,3,3,0,0
156299.120482,2026-07-15T05:50:38.924,3,3,3,0,0
156299.123094,2026-07-15T05:50:38.927,3,3,3,0,0
156299.125741,2026-07-15T05:50:38.930,3,3,3,0,0
156299.128187,2026-07-15T05:50:38.931,3,3,3,0,0
156299.130422,2026-07-15T05:50:38.934,3,3,3,0,0
156299.132777,2026-07-15T05:50:38.937,3,3,3,0,0
156299.135142,2026-07-15T05:50:38.939,3,3,3,0,0
156299.137221,2026-07-15T05:50:38.941,3,3,3,0,0
156299.139732,2026-07-15T05:50:38.944,3,3,3,0,0
156299.142362,2026-07-15T05:50:38.946,3,3,3,0,0
156299.144836,2026-07-15T05:50:38.949,3,3,3,0,0
156299.146881,2026-07-15T05:50:38.951,3,3,3,0,0
156299.149264,2026-07-15T05:50:38.953,3,3,3,0,0
156299.152013,2026-07-15T05:50:38.955,3,3,3,0,0
156299.154389,2026-07-15T05:50:38.957,3,3,3,0,0
156299.157202,2026-07-15T05:50:38.961,3,3,3,0,0
156299.159985,2026-07-15T05:50:38.963,3,3,3,0,0
156299.162653,2026-07-15T05:50:38.967,3,3,3,0,0
156299.165780,2026-07-15T05:50:38.970,3,3,3,0,0
156299.168547,2026-07-15T05:50:38.972,3,3,3,0,0
156299.170921,2026-07-15T05:50:38.974,3,3,3,0,0
156299.173709,2026-07-15T05:50:38.977,3,3,3,0,0
156299.176289,2026-07-15T05:50:38.980,3,3,3,0,0
156299.179393,2026-07-15T05:50:38.983,3,3,3,0,0
156299.181886,2026-07-15T05:50:38.986,3,3,3,0,0
156299.184522,2026-07-15T05:50:38.989,3,3,3,0,0
156299.187074,2026-07-15T05:50:38.990,3,3,3,0,0
156299.189452,2026-07-15T05:50:38.993,3,3,3,0,0
156299.191974,2026-07-15T05:50:38.995,3,3,3,0,0
156299.194510,2026-07-15T05:50:38.999,3,3,3,0,0
156299.196964,2026-07-15T05:50:39.001,3,3,3,0,0
156299.199677,2026-07-15T05:50:39.003,3,3,3,0,0
156299.202147,2026-07-15T05:50:39.006,3,3,3,0,0
156299.205067,2026-07-15T05:50:39.009,3,3,3,0,0
156299.208047,2026-07-15T05:50:39.011,3,3,3,0,0
156299.210882,2026-07-15T05:50:39.014,3,3,3,0,0
156299.213395,2026-07-15T05:50:39.017,3,3,3,0,0
156299.216240,2026-07-15T05:50:39.020,3,3,3,0,0
156299.220660,2026-07-15T05:50:39.024,3,3,3,0,0
156299.223161,2026-07-15T05:50:39.027,3,3,3,0,0
156299.225967,2026-07-15T05:50:39.030,3,3,3,0,0
156299.228658,2026-07-15T05:50:39.032,3,3,3,0,0
156299.231638,2026-07-15T05:50:39.035,3,3,3,0,0
156299.234405,2026-07-15T05:50:39.038,3,3,3,0,0
156299.237371,2026-07-15T05:50:39.041,3,3,3,0,0
156299.240298,2026-07-15T05:50:39.044,3,3,3,0,0
156299.242868,2026-07-15T05:50:39.047,3,3,3,0,0
156299.245668,2026-07-15T05:50:39.049,3,3,3,0,0
156299.248324,2026-07-15T05:50:39.052,3,3,3,0,0
156299.251049,2026-07-15T05:50:39.054,3,3,3,0,0
156299.253559,2026-07-15T05:50:39.057,3,3,3,0,0
156299.255997,2026-07-15T05:50:39.060,3,3,3,0,0
156299.258693,2026-07-15T05:50:39.063,3,3,3,0,0
156299.261207,2026-07-15T05:50:39.065,3,3,3,0,0
156299.264147,2026-07-15T05:50:39.068,3,3,3,0,0
156299.266948,2026-07-15T05:50:39.070,3,3,3,0,0
156299.269862,2026-07-15T05:50:39.073,3,3,3,0,0
156299.272675,2026-07-15T05:50:39.076,3,3,3,0,0
156299.275542,2026-07-15T05:50:39.079,3,3,3,0,0
156299.278440,2026-07-15T05:50:39.082,3,3,3,0,0
156299.281113,2026-07-15T05:50:39.085,3,3,3,0,0
156299.284176,2026-07-15T05:50:39.088,3,3,3,0,0
156299.286931,2026-07-15T05:50:39.091,3,3,3,0,0
156299.289601,2026-07-15T05:50:39.094,3,3,3,0,0
156299.292349,2026-07-15T05:50:39.096,3,3,3,0,0
156299.295149,2026-07-15T05:50:39.098,3,3,3,0,0
156299.297998,2026-07-15T05:50:39.102,3,3,3,0,0
156299.300713,2026-07-15T05:50:39.105,3,3,3,0,0
156299.303381,2026-07-15T05:50:39.107,3,3,3,0,0
156299.305948,2026-07-15T05:50:39.109,3,3,3,0,0
156299.308986,2026-07-15T05:50:39.113,3,3,3,0,0
156299.312061,2026-07-15T05:50:39.116,3,3,3,0,0
156299.314818,2026-07-15T05:50:39.119,3,3,3,0,0
156299.318951,2026-07-15T05:50:39.123,3,3,3,0,0
156299.322257,2026-07-15T05:50:39.126,3,3,3,0,0
156299.325012,2026-07-15T05:50:39.128,3,3,3,0,0
156299.327990,2026-07-15T05:50:39.132,3,3,3,0,0
156299.330759,2026-07-15T05:50:39.134,3,3,3,0,0
156299.334028,2026-07-15T05:50:39.138,3,3,3,0,0
156299.336763,2026-07-15T05:50:39.141,3,3,3,0,0
156299.339190,2026-07-15T05:50:39.143,3,3,3,0,0
156299.341894,2026-07-15T05:50:39.145,3,3,3,0,0
156299.344696,2026-07-15T05:50:39.148,3,3,3,0,0
156299.347294,2026-07-15T05:50:39.151,3,3,3,0,0
156299.350093,2026-07-15T05:50:39.154,3,3,3,0,0
156299.352728,2026-07-15T05:50:39.156,3,3,3,0,0
156299.355476,2026-07-15T05:50:39.159,3,3,3,0,0
156299.358258,2026-07-15T05:50:39.162,3,3,3,0,0
156299.361260,2026-07-15T05:50:39.165,3,3,3,0,0
156299.363985,2026-07-15T05:50:39.168,3,3,3,0,0
156299.366575,2026-07-15T05:50:39.170,3,3,3,0,0
156299.368759,2026-07-15T05:50:39.172,3,3,3,0,0
156299.371332,2026-07-15T05:50:39.175,3,3,3,0,0
156299.374057,2026-07-15T05:50:39.178,3,3,3,0,0
156299.376577,2026-07-15T05:50:39.181,3,3,3,0,0
156299.378767,2026-07-15T05:50:39.183,3,3,3,0,0
156299.381016,2026-07-15T05:50:39.185,3,3,3,0,0
156299.383216,2026-07-15T05:50:39.187,3,3,3,0,0
156299.385745,2026-07-15T05:50:39.190,3,3,3,0,0
156299.387765,2026-07-15T05:50:39.192,3,3,3,0,0
156299.390664,2026-07-15T05:50:39.194,3,3,3,0,0
156299.393508,2026-07-15T05:50:39.197,3,3,3,0,0
156299.395824,2026-07-15T05:50:39.199,26,0,3,0,11
156299.398286,2026-07-15T05:50:39.202,26,0,3,0,11
156299.401055,2026-07-15T05:50:39.204,26,0,3,0,11
156299.403484,2026-07-15T05:50:39.207,26,0,3,0,11
156299.406188,2026-07-15T05:50:39.210,26,0,3,0,11
156299.408817,2026-07-15T05:50:39.212,26,0,3,0,11
156299.411471,2026-07-15T05:50:39.215,26,0,3,0,11
156299.414720,2026-07-15T05:50:39.218,26,0,3,0,11
156299.417256,2026-07-15T05:50:39.221,26,0,3,0,11
156299.420303,2026-07-15T05:50:39.224,26,0,3,0,11
156299.423925,2026-07-15T05:50:39.227,26,0,3,0,11
156299.426423,2026-07-15T05:50:39.230,26,0,3,0,11
156299.429066,2026-07-15T05:50:39.233,26,0,3,0,11
156299.432356,2026-07-15T05:50:39.236,26,0,3,0,11
156299.435359,2026-07-15T05:50:39.239,26,0,3,0,11
156299.438252,2026-07-15T05:50:39.242,26,0,3,0,11
156299.441113,2026-07-15T05:50:39.245,26,0,3,0,11
156299.443367,2026-07-15T05:50:39.247,26,0,3,0,11
156299.445718,2026-07-15T05:50:39.250,26,0,3,0,11
156299.448024,2026-07-15T05:50:39.251,26,0,3,0,11
156299.450806,2026-07-15T05:50:39.255,26,0,3,0,11
156299.453446,2026-07-15T05:50:39.257,26,0,3,0,11
156299.455950,2026-07-15T05:50:39.260,26,0,3,0,11
156299.458570,2026-07-15T05:50:39.262,26,0,3,0,11
156299.460675,2026-07-15T05:50:39.264,26,0,3,0,11
156299.463452,2026-07-15T05:50:39.267,26,0,3,0,11
156299.466030,2026-07-15T05:50:39.270,26,0,3,0,11
156299.468852,2026-07-15T05:50:39.272,26,0,3,0,11
156299.471657,2026-07-15T05:50:39.275,26,0,3,0,11
156299.473959,2026-07-15T05:50:39.278,26,0,3,0,11
156299.476660,2026-07-15T05:50:39.280,26,0,3,0,11
156299.479152,2026-07-15T05:50:39.283,26,0,3,0,11
156299.481695,2026-07-15T05:50:39.285,26,0,3,0,11
156299.484315,2026-07-15T05:50:39.288,26,0,3,0,11
156299.486991,2026-07-15T05:50:39.291,26,0,3,0,11
156299.489258,2026-07-15T05:50:39.293,26,0,3,0,11
156299.492545,2026-07-15T05:50:39.296,26,0,3,0,11
156299.494998,2026-07-15T05:50:39.298,26,0,3,0,11
156299.497712,2026-07-15T05:50:39.302,26,0,3,0,11
156299.500322,2026-07-15T05:50:39.303,26,0,3,0,11
156299.502995,2026-07-15T05:50:39.307,26,0,3,0,11
156299.505605,2026-07-15T05:50:39.309,26,0,3,0,11
156299.507914,2026-07-15T05:50:39.311,26,0,3,0,11
156299.510467,2026-07-15T05:50:39.314,26,0,3,0,11
156299.512479,2026-07-15T05:50:39.316,26,0,3,0,11
156299.515043,2026-07-15T05:50:39.319,26,0,3,0,11
156299.517549,2026-07-15T05:50:39.321,26,0,3,0,11
156299.520272,2026-07-15T05:50:39.323,26,0,3,0,11
156299.523316,2026-07-15T05:50:39.326,26,0,3,0,11
156299.526019,2026-07-15T05:50:39.330,26,0,3,0,11
156299.528525,2026-07-15T05:50:39.332,26,0,3,0,11
156299.531216,2026-07-15T05:50:39.335,26,0,3,0,11
156299.533404,2026-07-15T05:50:39.337,26,0,3,0,11
156299.535547,2026-07-15T05:50:39.339,26,0,3,0,11
156299.538185,2026-07-15T05:50:39.342,26,0,3,0,11
156299.540826,2026-07-15T05:50:39.345,26,0,3,0,11
156299.543028,2026-07-15T05:50:39.347,26,0,3,0,11
156299.546055,2026-07-15T05:50:39.350,26,0,3,0,11
156299.549213,2026-07-15T05:50:39.353,26,0,3,0,11
156299.552063,2026-07-15T05:50:39.355,26,0,3,0,11
156299.555019,2026-07-15T05:50:39.359,26,0,3,0,11
156299.557546,2026-07-15T05:50:39.361,26,0,3,0,11
156299.560735,2026-07-15T05:50:39.365,26,0,3,0,11
156299.563589,2026-07-15T05:50:39.367,26,0,3,0,11
156299.566419,2026-07-15T05:50:39.370,26,0,3,0,11
156299.568834,2026-07-15T05:50:39.372,26,0,3,0,11
156299.571349,2026-07-15T05:50:39.374,26,0,3,0,11
156299.574106,2026-07-15T05:50:39.378,26,0,3,0,11
156299.577283,2026-07-15T05:50:39.380,26,0,3,0,11
156299.580351,2026-07-15T05:50:39.384,26,0,3,0,11
156299.583068,2026-07-15T05:50:39.386,26,0,3,0,11
156299.585888,2026-07-15T05:50:39.389,26,0,3,0,11
156299.588531,2026-07-15T05:50:39.392,26,0,3,0,11
156299.591454,2026-07-15T05:50:39.395,26,0,3,0,11
156299.593954,2026-07-15T05:50:39.397,26,0,3,0,11
156299.596620,2026-07-15T05:50:39.400,26,0,3,0,11
156299.599179,2026-07-15T05:50:39.402,26,0,3,0,11
156299.601880,2026-07-15T05:50:39.406,26,0,3,0,11
156299.604574,2026-07-15T05:50:39.408,26,0,3,0,11
156299.607113,2026-07-15T05:50:39.411,26,0,3,0,11
156299.610101,2026-07-15T05:50:39.414,26,0,3,0,11
156299.612353,2026-07-15T05:50:39.416,26,0,3,0,11
156299.614954,2026-07-15T05:50:39.419,26,0,3,0,11
156299.617634,2026-07-15T05:50:39.421,26,0,3,0,11
156299.621381,2026-07-15T05:50:39.425,26,0,3,0,11
156299.623848,2026-07-15T05:50:39.428,26,0,3,0,11
156299.626126,2026-07-15T05:50:39.430,26,0,3,0,11
156299.628844,2026-07-15T05:50:39.432,26,0,3,0,11
156299.631663,2026-07-15T05:50:39.436,26,0,3,0,11
156299.634243,2026-07-15T05:50:39.438,26,0,3,0,11
156299.636860,2026-07-15T05:50:39.440,26,0,3,0,11
156299.639420,2026-07-15T05:50:39.443,26,0,3,0,10
156299.642144,2026-07-15T05:50:39.446,86,0,3,0,10
156299.644702,2026-07-15T05:50:39.448,86,0,3,0,10
156299.647247,2026-07-15T05:50:39.451,86,0,3,0,10
156299.650020,2026-07-15T05:50:39.453,86,0,3,0,10
156299.652655,2026-07-15T05:50:39.456,86,0,3,0,10
156299.655570,2026-07-15T05:50:39.459,86,0,3,0,10
156299.657901,2026-07-15T05:50:39.460,86,0,3,0,10
156299.660693,2026-07-15T05:50:39.464,86,0,3,0,10
156299.663448,2026-07-15T05:50:39.467,86,0,3,0,10
156299.666052,2026-07-15T05:50:39.470,86,0,3,0,10
156299.668505,2026-07-15T05:50:39.472,86,0,3,0,10
156299.670868,2026-07-15T05:50:39.475,86,0,3,0,10
156299.673272,2026-07-15T05:50:39.477,86,0,3,0,10
156299.675617,2026-07-15T05:50:39.479,86,0,3,0,10
156299.678164,2026-07-15T05:50:39.482,86,0,3,0,10
156299.681673,2026-07-15T05:50:39.485,86,0,3,0,10
156299.684437,2026-07-15T05:50:39.488,86,0,3,0,10
156299.686925,2026-07-15T05:50:39.491,86,0,3,0,10
156299.689301,2026-07-15T05:50:39.493,86,0,3,0,10
156299.691310,2026-07-15T05:50:39.495,86,0,3,0,10
156299.693931,2026-07-15T05:50:39.497,86,0,3,0,10
156299.696461,2026-07-15T05:50:39.501,86,0,3,0,10
156299.699010,2026-07-15T05:50:39.503,86,0,3,0,10
156299.701180,2026-07-15T05:50:39.505,86,0,3,0,10
156299.703251,2026-07-15T05:50:39.507,86,0,3,0,10
156299.705392,2026-07-15T05:50:39.509,86,0,3,0,10
156299.707766,2026-07-15T05:50:39.512,86,0,3,0,10
156299.710779,2026-07-15T05:50:39.515,86,0,3,0,10
156299.713359,2026-07-15T05:50:39.517,86,0,3,0,10
156299.715841,2026-07-15T05:50:39.520,86,0,3,0,10
156299.718657,2026-07-15T05:50:39.523,86,0,3,0,10
156299.721942,2026-07-15T05:50:39.526,86,0,3,0,10
156299.724504,2026-07-15T05:50:39.528,86,0,3,0,10
156299.726959,2026-07-15T05:50:39.530,86,0,3,0,10
156299.729703,2026-07-15T05:50:39.534,86,0,3,0,10
156299.731824,2026-07-15T05:50:39.535,86,0,3,0,10
156299.734259,2026-07-15T05:50:39.538,86,0,3,0,10
156299.736593,2026-07-15T05:50:39.541,86,0,3,0,10
156299.738672,2026-07-15T05:50:39.543,86,0,3,0,10
156299.741017,2026-07-15T05:50:39.545,86,0,3,0,10
156299.743084,2026-07-15T05:50:39.547,86,0,3,0,10
156299.745220,2026-07-15T05:50:39.549,86,0,3,0,10
156299.747742,2026-07-15T05:50:39.552,86,0,3,0,10
156299.750168,2026-07-15T05:50:39.554,86,0,3,0,10
156299.752738,2026-07-15T05:50:39.557,86,0,3,0,10
156299.754955,2026-07-15T05:50:39.559,86,0,3,0,10
156299.756967,2026-07-15T05:50:39.560,86,0,3,0,10
156299.759375,2026-07-15T05:50:39.563,86,0,3,0,10
156299.761583,2026-07-15T05:50:39.565,86,0,3,0,10
156299.764216,2026-07-15T05:50:39.568,86,0,3,0,10
156299.766323,2026-07-15T05:50:39.570,86,0,3,0,10
156299.769110,2026-07-15T05:50:39.573,86,0,3,0,10
156299.771256,2026-07-15T05:50:39.575,86,0,3,0,10
156299.773451,2026-07-15T05:50:39.577,86,0,3,0,10
156299.775677,2026-07-15T05:50:39.579,86,0,3,0,10
156299.777842,2026-07-15T05:50:39.581,86,0,3,0,10
156299.780020,2026-07-15T05:50:39.583,86,0,3,0,10
156299.782666,2026-07-15T05:50:39.587,86,0,3,0,10
156299.785567,2026-07-15T05:50:39.590,86,0,3,0,10
156299.788306,2026-07-15T05:50:39.592,86,0,3,0,10
156299.791133,2026-07-15T05:50:39.595,86,0,3,0,10
156299.794246,2026-07-15T05:50:39.598,86,0,3,0,10
156299.797188,2026-07-15T05:50:39.601,86,0,3,0,10
156299.800066,2026-07-15T05:50:39.604,86,0,3,0,10
156299.802388,2026-07-15T05:50:39.606,86,0,3,0,10
156299.804908,2026-07-15T05:50:39.609,86,0,3,0,10
156299.807532,2026-07-15T05:50:39.611,86,0,3,0,10
156299.810381,2026-07-15T05:50:39.614,86,0,3,0,10
156299.813035,2026-07-15T05:50:39.617,86,0,3,0,10
156299.815840,2026-07-15T05:50:39.619,86,0,3,0,10
156299.819296,2026-07-15T05:50:39.623,86,0,3,0,10
156299.822529,2026-07-15T05:50:39.626,86,0,3,0,10
156299.825700,2026-07-15T05:50:39.630,86,0,3,0,10
156299.828176,2026-07-15T05:50:39.631,86,0,3,0,10
156299.830618,2026-07-15T05:50:39.634,86,0,3,0,10
156299.834422,2026-07-15T05:50:39.638,86,0,3,0,10
156299.837038,2026-07-15T05:50:39.641,86,0,3,0,10
156299.840812,2026-07-15T05:50:39.645,86,0,3,0,10
156299.843833,2026-07-15T05:50:39.647,86,0,3,0,10
156299.846008,2026-07-15T05:50:39.650,86,0,3,0,10
156299.848764,2026-07-15T05:50:39.653,86,0,3,0,10
156299.850831,2026-07-15T05:50:39.655,86,0,3,0,10
156299.854433,2026-07-15T05:50:39.657,86,0,3,0,10
156299.857647,2026-07-15T05:50:39.660,86,0,3,0,10
156299.860223,2026-07-15T05:50:39.664,86,0,3,0,10
156299.862424,2026-07-15T05:50:39.666,86,0,3,0,10
156299.865132,2026-07-15T05:50:39.669,86,0,3,0,10
156299.867663,2026-07-15T05:50:39.672,86,0,3,0,10
156299.870082,2026-07-15T05:50:39.674,86,0,3,0,10
156299.872456,2026-07-15T05:50:39.676,86,0,3,0,10
156299.874547,2026-07-15T05:50:39.678,86,0,3,0,10
156299.877013,2026-07-15T05:50:39.681,86,0,3,0,10
156299.879252,2026-07-15T05:50:39.683,86,0,3,0,10
156299.881296,2026-07-15T05:50:39.685,86,0,3,0,10
156299.883499,2026-07-15T05:50:39.687,86,0,3,0,8
156299.886276,2026-07-15T05:50:39.690,146,0,3,0,8
156299.889262,2026-07-15T05:50:39.693,146,0,3,0,8
156299.891376,2026-07-15T05:50:39.695,146,0,3,0,8
156299.893977,2026-07-15T05:50:39.698,146,0,3,0,8
156299.896505,2026-07-15T05:50:39.700,146,0,3,0,8
156299.898918,2026-07-15T05:50:39.703,146,0,3,0,8
156299.901337,2026-07-15T05:50:39.705,146,0,3,0,8
156299.903554,2026-07-15T05:50:39.707,146,0,3,0,8
156299.905825,2026-07-15T05:50:39.709,146,0,3,0,8
156299.907836,2026-07-15T05:50:39.712,146,0,3,0,8
156299.909860,2026-07-15T05:50:39.714,146,0,3,0,8
156299.912547,2026-07-15T05:50:39.717,146,0,3,0,8
156299.914551,2026-07-15T05:50:39.719,146,0,3,0,8
156299.916793,2026-07-15T05:50:39.721,146,0,3,0,8
156299.919036,2026-07-15T05:50:39.723,146,0,3,0,8
156299.922951,2026-07-15T05:50:39.726,146,0,3,0,8
156299.924957,2026-07-15T05:50:39.729,146,0,3,0,8
156299.927307,2026-07-15T05:50:39.731,146,0,3,0,8
156299.929483,2026-07-15T05:50:39.733,146,0,3,0,8
156299.931982,2026-07-15T05:50:39.736,146,0,3,0,8
156299.934347,2026-07-15T05:50:39.738,146,0,3,0,8
156299.936930,2026-07-15T05:50:39.740,146,0,3,0,8
156299.939365,2026-07-15T05:50:39.742,146,0,3,0,8
156299.941844,2026-07-15T05:50:39.746,146,0,3,0,8
156299.944377,2026-07-15T05:50:39.748,146,0,3,0,8
156299.946925,2026-07-15T05:50:39.751,146,0,3,0,8
156299.949540,2026-07-15T05:50:39.754,146,0,3,0,8
156299.951854,2026-07-15T05:50:39.756,146,0,3,0,8
156299.954201,2026-07-15T05:50:39.757,146,0,3,0,8
156299.956339,2026-07-15T05:50:39.760,146,0,3,0,8
156299.958654,2026-07-15T05:50:39.762,146,0,3,0,8
156299.961180,2026-07-15T05:50:39.765,146,0,3,0,8
156299.963400,2026-07-15T05:50:39.767,146,0,3,0,8
156299.965806,2026-07-15T05:50:39.770,146,0,3,0,8
156299.968140,2026-07-15T05:50:39.772,146,0,3,0,8
156299.970880,2026-07-15T05:50:39.774,146,0,3,0,8
156299.973583,2026-07-15T05:50:39.777,146,0,3,0,8
156299.976128,2026-07-15T05:50:39.780,146,0,3,0,8
156299.978719,2026-07-15T05:50:39.783,146,0,3,0,8
156299.981291,2026-07-15T05:50:39.785,146,0,3,0,8
156299.984030,2026-07-15T05:50:39.787,146,0,3,0,8
156299.986794,2026-07-15T05:50:39.790,146,0,3,0,8
156299.989457,2026-07-15T05:50:39.793,146,0,3,0,8
156299.991879,2026-07-15T05:50:39.796,146,0,3,0,8
156299.994640,2026-07-15T05:50:39.798,146,0,3,0,8
156299.997267,2026-07-15T05:50:39.801,146,0,3,0,8
156299.999771,2026-07-15T05:50:39.804,146,0,3,0,8
156300.002513,2026-07-15T05:50:39.806,146,0,3,0,8
156300.005294,2026-07-15T05:50:39.809,146,0,3,0,8
156300.007806,2026-07-15T05:50:39.812,146,0,3,0,8
156300.010404,2026-07-15T05:50:39.814,146,0,3,0,8
156300.013058,2026-07-15T05:50:39.816,146,0,3,0,8
156300.015634,2026-07-15T05:50:39.819,146,0,3,0,8
156300.017802,2026-07-15T05:50:39.822,146,0,3,0,8
156300.020843,2026-07-15T05:50:39.825,146,0,3,0,8
156300.023481,2026-07-15T05:50:39.827,146,0,3,0,8
156300.026150,2026-07-15T05:50:39.829,146,0,3,0,8
156300.028876,2026-07-15T05:50:39.832,146,0,3,0,8
156300.031480,2026-07-15T05:50:39.835,146,0,3,0,8
156300.034192,2026-07-15T05:50:39.838,146,0,3,0,8
156300.036591,2026-07-15T05:50:39.840,146,0,3,0,8
156300.039445,2026-07-15T05:50:39.842,146,0,3,0,8
156300.042335,2026-07-15T05:50:39.846,146,0,3,0,8
156300.045073,2026-07-15T05:50:39.848,146,0,3,0,8
156300.047857,2026-07-15T05:50:39.852,146,0,3,0,8
156300.050419,2026-07-15T05:50:39.854,146,0,3,0,8
156300.053195,2026-07-15T05:50:39.857,146,0,3,0,8
156300.056129,2026-07-15T05:50:39.860,146,0,3,0,8
156300.058975,2026-07-15T05:50:39.862,146,0,3,0,8
156300.061748,2026-07-15T05:50:39.865,146,0,3,0,8
156300.064438,2026-07-15T05:50:39.868,146,0,3,0,8
156300.067522,2026-07-15T05:50:39.871,146,0,3,0,8
156300.070001,2026-07-15T05:50:39.873,146,0,3,0,8
156300.072795,2026-07-15T05:50:39.876,146,0,3,0,8
156300.076509,2026-07-15T05:50:39.880,146,0,3,0,8
156300.079280,2026-07-15T05:50:39.882,146,0,3,0,8
156300.082231,2026-07-15T05:50:39.886,146,0,3,0,8
156300.084812,2026-07-15T05:50:39.888,146,0,3,0,8
156300.087531,2026-07-15T05:50:39.891,146,0,3,0,8
156300.089711,2026-07-15T05:50:39.893,146,0,3,0,8
156300.092381,2026-07-15T05:50:39.896,146,0,3,0,8
156300.094466,2026-07-15T05:50:39.899,146,0,3,0,8
156300.096475,2026-07-15T05:50:39.901,146,0,3,0,8
156300.099053,2026-07-15T05:50:39.903,146,0,3,0,8
156300.101656,2026-07-15T05:50:39.906,146,0,3,0,8
156300.104121,2026-07-15T05:50:39.908,146,0,3,0,8
156300.106900,2026-07-15T05:50:39.910,146,0,3,0,8
156300.109469,2026-07-15T05:50:39.913,146,0,3,0,8
156300.112076,2026-07-15T05:50:39.916,146,0,3,0,8
156300.115159,2026-07-15T05:50:39.919,146,0,3,0,8
156300.117828,2026-07-15T05:50:39.922,146,0,3,0,9
156300.120713,2026-07-15T05:50:39.925,206,0,3,0,9
156300.123990,2026-07-15T05:50:39.927,206,0,3,0,9
156300.127054,2026-07-15T05:50:39.930,206,0,3,0,9
156300.129428,2026-07-15T05:50:39.933,206,0,3,0,9
156300.132268,2026-07-15T05:50:39.935,206,0,3,0,9
156300.135113,2026-07-15T05:50:39.939,206,0,3,0,9
156300.138091,2026-07-15T05:50:39.942,206,0,3,0,9
156300.140465,2026-07-15T05:50:39.944,206,0,3,0,9
156300.142903,2026-07-15T05:50:39.947,206,0,3,0,9
156300.146075,2026-07-15T05:50:39.949,206,0,3,0,9
156300.148795,2026-07-15T05:50:39.952,206,0,3,0,9
156300.152131,2026-07-15T05:50:39.956,206,0,3,0,9
156300.154773,2026-07-15T05:50:39.959,206,0,3,0,9
156300.157417,2026-07-15T05:50:39.961,206,0,3,0,9
156300.160255,2026-07-15T05:50:39.964,206,0,3,0,9
156300.162899,2026-07-15T05:50:39.966,206,0,3,0,9
156300.165540,2026-07-15T05:50:39.969,206,0,3,0,9
156300.168103,2026-07-15T05:50:39.972,206,0,3,0,9
156300.170827,2026-07-15T05:50:39.974,206,0,3,0,9
156300.173184,2026-07-15T05:50:39.977,206,0,3,0,9
156300.176035,2026-07-15T05:50:39.980,206,0,3,0,9
156300.178829,2026-07-15T05:50:39.983,206,0,3,0,9
156300.181273,2026-07-15T05:50:39.985,206,0,3,0,9
156300.183988,2026-07-15T05:50:39.988,206,0,3,0,9
156300.186360,2026-07-15T05:50:39.990,206,0,3,0,9
156300.188757,2026-07-15T05:50:39.993,206,0,3,0,9
156300.191034,2026-07-15T05:50:39.995,206,0,3,0,9
156300.193263,2026-07-15T05:50:39.997,206,0,3,0,9
156300.195700,2026-07-15T05:50:40.000,206,0,3,0,9
156300.198249,2026-07-15T05:50:40.002,206,0,3,0,9
156300.200893,2026-07-15T05:50:40.004,206,0,3,0,9
156300.203634,2026-07-15T05:50:40.007,206,0,3,0,9
156300.206495,2026-07-15T05:50:40.010,206,0,3,0,9
156300.209160,2026-07-15T05:50:40.013,206,0,3,0,9
156300.212046,2026-07-15T05:50:40.016,206,0,3,0,9
156300.214889,2026-07-15T05:50:40.018,206,0,3,0,9
156300.217466,2026-07-15T05:50:40.021,206,0,3,0,9
156300.220312,2026-07-15T05:50:40.024,206,0,3,0,9
156300.223274,2026-07-15T05:50:40.027,206,0,3,0,9
156300.225910,2026-07-15T05:50:40.030,206,0,3,0,9
156300.228084,2026-07-15T05:50:40.032,206,0,3,0,9
156300.230346,2026-07-15T05:50:40.034,206,0,3,0,9
156300.232458,2026-07-15T05:50:40.036,206,0,3,0,9
156300.234630,2026-07-15T05:50:40.039,206,0,3,0,9
156300.237580,2026-07-15T05:50:40.041,206,0,3,0,9
156300.240486,2026-07-15T05:50:40.044,206,0,3,0,9
156300.243120,2026-07-15T05:50:40.047,206,0,3,0,9
156300.245731,2026-07-15T05:50:40.049,206,0,3,0,9
156300.248425,2026-07-15T05:50:40.052,206,0,3,0,9
156300.251084,2026-07-15T05:50:40.054,206,0,3,0,9
156300.253795,2026-07-15T05:50:40.056,206,0,3,0,9
156300.256597,2026-07-15T05:50:40.061,206,0,3,0,9
156300.259211,2026-07-15T05:50:40.062,206,0,3,0,9
156300.261761,2026-07-15T05:50:40.065,206,0,3,0,9
156300.264790,2026-07-15T05:50:40.068,206,0,3,0,9
156300.267497,2026-07-15T05:50:40.071,206,0,3,0,9
156300.270506,2026-07-15T05:50:40.074,206,0,3,0,9
156300.272862,2026-07-15T05:50:40.076,206,0,3,0,9
156300.275582,2026-07-15T05:50:40.079,206,0,3,0,9
156300.278464,2026-07-15T05:50:40.082,206,0,3,0,9
156300.281339,2026-07-15T05:50:40.085,206,0,3,0,9
156300.283741,2026-07-15T05:50:40.088,206,0,3,0,9
156300.285845,2026-07-15T05:50:40.090,206,0,3,0,9
156300.288264,2026-07-15T05:50:40.092,206,0,3,0,9
156300.290891,2026-07-15T05:50:40.094,206,0,3,0,9
156300.293316,2026-07-15T05:50:40.097,206,0,3,0,9
156300.295388,2026-07-15T05:50:40.099,206,0,3,0,9
156300.297538,2026-07-15T05:50:40.101,206,0,3,0,9
156300.300207,2026-07-15T05:50:40.104,206,0,3,0,9
156300.302288,2026-07-15T05:50:40.106,206,0,3,0,9
156300.304576,2026-07-15T05:50:40.108,206,0,3,0,9
156300.307128,2026-07-15T05:50:40.111,206,0,3,0,9
156300.310061,2026-07-15T05:50:40.113,206,0,3,0,9
156300.312810,2026-07-15T05:50:40.116,206,0,3,0,9
156300.315820,2026-07-15T05:50:40.119,206,0,3,0,9
156300.318697,2026-07-15T05:50:40.123,206,0,3,0,9
156300.321253,2026-07-15T05:50:40.125,206,0,3,0,9
156300.324062,2026-07-15T05:50:40.128,206,0,3,0,9
156300.326338,2026-07-15T05:50:40.130,206,0,3,0,9
156300.328953,2026-07-15T05:50:40.132,206,0,3,0,9
156300.331472,2026-07-15T05:50:40.135,206,0,3,0,9
156300.333706,2026-07-15T05:50:40.137,206,0,3,0,9
156300.336267,2026-07-15T05:50:40.140,206,0,3,0,9
156300.338880,2026-07-15T05:50:40.142,206,0,3,0,9
156300.341694,2026-07-15T05:50:40.146,206,0,3,0,9
156300.344219,2026-07-15T05:50:40.148,206,0,3,0,9
156300.347056,2026-07-15T05:50:40.151,206,0,3,0,9
156300.349969,2026-07-15T05:50:40.154,206,0,3,0,9
156300.352643,2026-07-15T05:50:40.157,206,0,3,0,9
156300.355075,2026-07-15T05:50:40.158,206,0,3,0,9
156300.357793,2026-07-15T05:50:40.162,206,0,3,0,9
156300.360548,2026-07-15T05:50:40.164,206,0,3,0,9
156300.363394,2026-07-15T05:50:40.167,206,0,3,0,0
156300.366222,2026-07-15T05:50:40.170,249,3,3,0,0
156300.368790,2026-07-15T05:50:40.173,249,3,3,0,0
156300.371501,2026-07-15T05:50:40.175,249,3,3,0,0
156300.374181,2026-07-15T05:50:40.178,249,3,3,0,0
156300.376583,2026-07-15T05:50:40.180,249,3,3,0,0
156300.379041,2026-07-15T05:50:40.182,249,3,3,0,0
156300.381577,2026-07-15T05:50:40.185,249,3,3,0,0
156300.384165,2026-07-15T05:50:40.188,249,3,3,0,0
156300.386941,2026-07-15T05:50:40.190,249,3,3,0,0
156300.389441,2026-07-15T05:50:40.193,249,3,3,0,0
156300.392271,2026-07-15T05:50:40.196,249,3,3,0,0
156300.394897,2026-07-15T05:50:40.199,249,3,3,0,0
156300.397582,2026-07-15T05:50:40.201,249,3,3,0,0
156300.400257,2026-07-15T05:50:40.204,249,3,3,0,0
156300.404995,2026-07-15T05:50:40.208,249,3,3,0,0
156300.407735,2026-07-15T05:50:40.211,249,3,3,0,0
156300.410206,2026-07-15T05:50:40.213,249,3,3,0,0
156300.413147,2026-07-15T05:50:40.216,249,3,3,0,0
156300.415647,2026-07-15T05:50:40.219,249,3,3,0,0
156300.418351,2026-07-15T05:50:40.222,249,3,3,0,0
156300.421127,2026-07-15T05:50:40.225,249,3,3,0,0
156300.424055,2026-07-15T05:50:40.228,249,3,3,0,0
156300.426715,2026-07-15T05:50:40.231,249,3,3,0,0
156300.429451,2026-07-15T05:50:40.233,249,3,3,0,0
156300.432232,2026-07-15T05:50:40.236,249,3,3,0,0
156300.435123,2026-07-15T05:50:40.238,249,3,3,0,0
156300.438052,2026-07-15T05:50:40.242,249,3,3,0,0
156300.440895,2026-07-15T05:50:40.245,249,3,3,0,0
156300.443665,2026-07-15T05:50:40.248,249,3,3,0,0
156300.446759,2026-07-15T05:50:40.251,249,3,3,0,0
156300.449731,2026-07-15T05:50:40.254,249,3,3,0,0
156300.452131,2026-07-15T05:50:40.256,249,3,3,0,0
156300.454867,2026-07-15T05:50:40.259,249,3,3,0,0
156300.457382,2026-07-15T05:50:40.261,249,3,3,0,0
156300.460002,2026-07-15T05:50:40.264,249,3,3,0,0
156300.462749,2026-07-15T05:50:40.266,249,3,3,0,0
156300.465403,2026-07-15T05:50:40.269,249,3,3,0,0
156300.467954,2026-07-15T05:50:40.272,249,3,3,0,0
156300.470469,2026-07-15T05:50:40.274,249,3,3,0,0
156300.472874,2026-07-15T05:50:40.277,249,3,3,0,0
156300.475685,2026-07-15T05:50:40.279,249,3,3,0,0
156300.478131,2026-07-15T05:50:40.281,249,3,3,0,0
156300.480450,2026-07-15T05:50:40.284,249,3,3,0,0
156300.482602,2026-07-15T05:50:40.286,249,3,3,0,0
156300.485026,2026-07-15T05:50:40.288,249,3,3,0,0
156300.487203,2026-07-15T05:50:40.290,249,3,3,0,0
156300.489486,2026-07-15T05:50:40.293,249,3,3,0,0
156300.491941,2026-07-15T05:50:40.296,249,3,3,0,0
156300.494351,2026-07-15T05:50:40.297,249,3,3,0,0
156300.497131,2026-07-15T05:50:40.300,249,3,3,0,0
156300.499525,2026-07-15T05:50:40.303,249,3,3,0,0
156300.502253,2026-07-15T05:50:40.305,249,3,3,0,0
156300.505079,2026-07-15T05:50:40.308,249,3,3,0,0
156300.507615,2026-07-15T05:50:40.311,249,3,3,0,0
156300.510232,2026-07-15T05:50:40.314,249,3,3,0,0
156300.512913,2026-07-15T05:50:40.316,249,3,3,0,0
156300.515576,2026-07-15T05:50:40.319,249,3,3,0,0
156300.518260,2026-07-15T05:50:40.322,249,3,3,0,0
156300.521054,2026-07-15T05:50:40.325,249,3,3,0,0
156300.524287,2026-07-15T05:50:40.328,249,3,3,0,0
156300.527009,2026-07-15T05:50:40.331,249,3,3,0,0
156300.529546,2026-07-15T05:50:40.333,249,3,3,0,0
156300.532076,2026-07-15T05:50:40.336,249,3,3,0,0
156300.534625,2026-07-15T05:50:40.338,249,3,3,0,0
156300.537226,2026-07-15T05:50:40.341,249,3,3,0,0
156300.539880,2026-07-15T05:50:40.343,249,3,3,0,0
156300.542407,2026-07-15T05:50:40.346,249,3,3,0,0
156300.545058,2026-07-15T05:50:40.349,249,3,3,0,0
156300.547764,2026-07-15T05:50:40.352,249,3,3,0,0
156300.550452,2026-07-15T05:50:40.354,249,3,3,0,0
156300.553095,2026-07-15T05:50:40.357,249,3,3,0,0
156300.555975,2026-07-15T05:50:40.360,249,3,3,0,0
156300.559080,2026-07-15T05:50:40.363,249,3,3,0,0
156300.561949,2026-07-15T05:50:40.365,249,3,3,0,0
156300.564517,2026-07-15T05:50:40.368,249,3,3,0,0
156300.566944,2026-07-15T05:50:40.370,249,3,3,0,0
156300.569451,2026-07-15T05:50:40.373,249,3,3,0,0
156300.571942,2026-07-15T05:50:40.375,249,3,3,0,0
156300.574690,2026-07-15T05:50:40.378,249,3,3,0,0
156300.577018,2026-07-15T05:50:40.381,249,3,3,0,0
156300.579437,2026-07-15T05:50:40.383,249,3,3,0,0
156300.582162,2026-07-15T05:50:40.386,249,3,3,0,0
156300.584949,2026-07-15T05:50:40.389,249,3,3,0,0
156300.587641,2026-07-15T05:50:40.391,249,3,3,0,0
156300.590252,2026-07-15T05:50:40.394,249,3,3,0,0
156300.593042,2026-07-15T05:50:40.396,249,3,3,0,0
156300.595443,2026-07-15T05:50:40.399,249,3,3,0,0
156300.598221,2026-07-15T05:50:40.401,249,3,3,0,0
156300.600609,2026-07-15T05:50:40.404,249,3,3,0,0
156300.603472,2026-07-15T05:50:40.407,249,3,3,0,0
156300.605939,2026-07-15T05:50:40.409,249,3,3,0,0
156300.608705,2026-07-15T05:50:40.413,249,3,3,0,0
156300.611517,2026-07-15T05:50:40.416,249,3,3,0,0
156300.614255,2026-07-15T05:50:40.418,249,3,3,0,0
156300.617164,2026-07-15T05:50:40.421,249,3,3,0,0
156300.619821,2026-07-15T05:50:40.423,249,3,3,0,0
156300.623404,2026-07-15T05:50:40.427,249,3,3,0,0
156300.625793,2026-07-15T05:50:40.429,249,3,3,0,0
156300.628575,2026-07-15T05:50:40.433,249,3,3,0,0
156300.631334,2026-07-15T05:50:40.435,249,3,3,0,0
156300.633644,2026-07-15T05:50:40.437,249,3,3,0,0
156300.636156,2026-07-15T05:50:40.440,249,3,3,0,0
156300.639025,2026-07-15T05:50:40.443,249,3,3,0,0
156300.641383,2026-07-15T05:50:40.445,249,3,3,0,0
156300.644084,2026-07-15T05:50:40.448,249,3,3,0,0
156300.646572,2026-07-15T05:50:40.450,249,3,3,0,0
156300.648940,2026-07-15T05:50:40.453,249,3,3,0,0
156300.651365,2026-07-15T05:50:40.455,249,3,3,0,0
156300.653664,2026-07-15T05:50:40.458,249,3,3,0,0
156300.656275,2026-07-15T05:50:40.460,249,3,3,0,0
156300.658881,2026-07-15T05:50:40.463,249,3,3,0,0
156300.661429,2026-07-15T05:50:40.465,249,3,3,0,0
156300.663716,2026-07-15T05:50:40.468,249,3,3,0,0
156300.666188,2026-07-15T05:50:40.470,249,3,3,0,0
156300.668944,2026-07-15T05:50:40.473,249,3,3,0,0
156300.671538,2026-07-15T05:50:40.475,249,3,3,0,0
156300.674151,2026-07-15T05:50:40.477,249,3,3,0,0
156300.676636,2026-07-15T05:50:40.480,249,3,3,0,0
156300.679620,2026-07-15T05:50:40.483,249,3,3,0,0
156300.682156,2026-07-15T05:50:40.485,249,3,3,0,0
156300.684881,2026-07-15T05:50:40.488,249,3,3,0,0
156300.687452,2026-07-15T05:50:40.491,249,3,3,0,0
156300.690052,2026-07-15T05:50:40.493,249,3,3,0,0
156300.692442,2026-07-15T05:50:40.496,249,3,3,0,0
156300.694607,2026-07-15T05:50:40.498,249,3,3,0,0
156300.696991,2026-07-15T05:50:40.500,249,3,3,0,0
156300.699495,2026-07-15T05:50:40.503,249,3,3,0,0
156300.702025,2026-07-15T05:50:40.505,249,3,3,0,0
156300.704286,2026-07-15T05:50:40.507,249,3,3,0,0
156300.706379,2026-07-15T05:50:40.510,249,3,3,0,0
156300.708572,2026-07-15T05:50:40.512,249,3,3,0,0
156300.711400,2026-07-15T05:50:40.515,249,3,3,0,0
156300.713889,2026-07-15T05:50:40.517,249,3,3,0,0
156300.716488,2026-07-15T05:50:40.520,249,3,3,0,0
156300.718993,2026-07-15T05:50:40.523,249,3,3,0,0
156300.721860,2026-07-15T05:50:40.525,249,3,3,0,0
156300.724811,2026-07-15T05:50:40.528,249,3,3,0,0
156300.727596,2026-07-15T05:50:40.532,249,3,3,0,0
156300.730526,2026-07-15T05:50:40.534,249,3,3,0,0
156300.733028,2026-07-15T05:50:40.537,249,3,3,0,0
156300.735637,2026-07-15T05:50:40.539,249,3,3,0,0
156300.738188,2026-07-15T05:50:40.542,249,3,3,0,0
156300.741032,2026-07-15T05:50:40.545,249,3,3,0,0
156300.743684,2026-07-15T05:50:40.547,249,3,3,0,0
156300.746381,2026-07-15T05:50:40.550,249,3,3,0,0
156300.749013,2026-07-15T05:50:40.553,249,3,3,0,0
156300.751627,2026-07-15T05:50:40.555,249,3,3,0,0
156300.754557,2026-07-15T05:50:40.558,249,3,3,0,0
156300.757462,2026-07-15T05:50:40.561,249,3,3,0,0
156300.760218,2026-07-15T05:50:40.564,249,3,3,0,0
156300.763163,2026-07-15T05:50:40.567,249,3,3,0,0
156300.765412,2026-07-15T05:50:40.569,249,3,3,0,0
156300.767948,2026-07-15T05:50:40.571,249,3,3,0,0
156300.770870,2026-07-15T05:50:40.574,249,3,3,0,0
156300.773656,2026-07-15T05:50:40.577,249,3,3,0,0
156300.776494,2026-07-15T05:50:40.580,249,3,3,0,0
156300.779449,2026-07-15T05:50:40.583,249,3,3,0,0
156300.782479,2026-07-15T05:50:40.586,249,3,3,0,0
156300.785425,2026-07-15T05:50:40.589,249,3,3,0,0
156300.788350,2026-07-15T05:50:40.592,249,3,3,0,0
156300.790922,2026-07-15T05:50:40.594,249,3,3,0,0
156300.793383,2026-07-15T05:50:40.597,249,3,3,0,0
156300.796195,2026-07-15T05:50:40.599,249,3,3,0,0
156300.799051,2026-07-15T05:50:40.602,249,3,3,0,0
156300.801571,2026-07-15T05:50:40.605,249,3,3,0,0
156300.804205,2026-07-15T05:50:40.608,249,3,3,0,0
156300.807111,2026-07-15T05:50:40.611,249,3,3,0,0
156300.810246,2026-07-15T05:50:40.614,249,3,3,0,0
156300.813206,2026-07-15T05:50:40.617,249,3,3,0,0
156300.815967,2026-07-15T05:50:40.619,249,3,3,0,0
156300.818965,2026-07-15T05:50:40.622,249,3,3,0,0
156300.821660,2026-07-15T05:50:40.625,249,3,3,0,0
156300.825695,2026-07-15T05:50:40.629,249,3,3,0,0
156300.828306,2026-07-15T05:50:40.632,249,3,3,0,0
156300.831149,2026-07-15T05:50:40.635,249,3,3,0,0
156300.833827,2026-07-15T05:50:40.637,249,3,3,0,0
156300.836509,2026-07-15T05:50:40.640,249,3,3,0,0
156300.839256,2026-07-15T05:50:40.642,249,3,3,0,0
156300.842039,2026-07-15T05:50:40.645,249,3,3,0,0
156300.844748,2026-07-15T05:50:40.648,249,3,3,0,0
156300.847107,2026-07-15T05:50:40.650,249,3,3,0,0
156300.850060,2026-07-15T05:50:40.653,249,3,3,0,0
156300.852446,2026-07-15T05:50:40.656,249,3,3,0,0
156300.854928,2026-07-15T05:50:40.658,249,3,3,0,0
156300.857532,2026-07-15T05:50:40.661,249,3,3,0,0
156300.863346,2026-07-15T05:50:40.667,249,3,3,0,0
156300.866690,2026-07-15T05:50:40.670,249,3,3,0,0
156300.869994,2026-07-15T05:50:40.673,249,3,3,0,0
156300.872910,2026-07-15T05:50:40.677,249,3,3,0,0
156300.875390,2026-07-15T05:50:40.679,249,3,3,0,0
156300.879305,2026-07-15T05:50:40.683,249,3,3,0,0
156300.881886,2026-07-15T05:50:40.686,249,3,3,0,0
156300.884452,2026-07-15T05:50:40.688,249,3,3,0,0
156300.886681,2026-07-15T05:50:40.691,249,3,3,0,0
156300.888879,2026-07-15T05:50:40.693,249,3,3,0,0
156300.891502,2026-07-15T05:50:40.695,249,3,3,0,0
156300.894044,2026-07-15T05:50:40.697,249,3,3,0,0
156300.896462,2026-07-15T05:50:40.700,249,3,3,0,0
156300.899374,2026-07-15T05:50:40.703,249,3,3,0,0
156300.901892,2026-07-15T05:50:40.705,249,3,3,0,0
156300.904072,2026-07-15T05:50:40.708,249,3,3,0,0
156300.906255,2026-07-15T05:50:40.710,249,3,3,0,0
156300.908331,2026-07-15T05:50:40.711,249,3,3,0,0
156300.911052,2026-07-15T05:50:40.715,249,3,3,0,0
156300.913585,2026-07-15T05:50:40.718,249,3,3,0,0
156300.916404,2026-07-15T05:50:40.720,249,3,3,0,0
156300.919117,2026-07-15T05:50:40.723,249,3,3,0,0
156300.921506,2026-07-15T05:50:40.726,249,3,3,0,0
156300.925585,2026-07-15T05:50:40.730,249,3,3,0,0
156300.927942,2026-07-15T05:50:40.731,249,3,3,0,0
156300.931132,2026-07-15T05:50:40.734,249,3,3,0,0
156300.933848,2026-07-15T05:50:40.738,249,3,3,0,0
156300.936632,2026-07-15T05:50:40.740,249,3,3,0,0
156300.939162,2026-07-15T05:50:40.743,249,3,3,0,0
156300.941381,2026-07-15T05:50:40.745,249,3,3,0,0
156300.944376,2026-07-15T05:50:40.748,249,3,3,0,0
156300.946906,2026-07-15T05:50:40.750,249,3,3,0,0
156300.949004,2026-07-15T05:50:40.753,249,3,3,0,0
156300.951242,2026-07-15T05:50:40.755,249,3,3,0,0
156300.954052,2026-07-15T05:50:40.758,249,3,3,0,0
156300.956751,2026-07-15T05:50:40.761,249,3,3,0,0
156300.959454,2026-07-15T05:50:40.763,249,3,3,0,0
156300.961580,2026-07-15T05:50:40.765,249,3,3,0,0
156300.963783,2026-07-15T05:50:40.768,249,3,3,0,0
156300.966028,2026-07-15T05:50:40.769,249,3,3,0,0
156300.968784,2026-07-15T05:50:40.773,249,3,3,0,0
156300.971253,2026-07-15T05:50:40.775,249,3,3,0,0
156300.973438,2026-07-15T05:50:40.777,249,3,3,0,0
156300.975743,2026-07-15T05:50:40.779,249,3,3,0,0
156300.977881,2026-07-15T05:50:40.782,249,3,3,0,0
156300.980443,2026-07-15T05:50:40.784,249,3,3,0,0
156300.982691,2026-07-15T05:50:40.787,249,3,3,0,0
156300.985115,2026-07-15T05:50:40.789,249,3,3,0,0
156300.987835,2026-07-15T05:50:40.791,249,3,3,0,0
156300.990327,2026-07-15T05:50:40.793,249,3,3,0,0
156300.992712,2026-07-15T05:50:40.797,249,3,3,0,0
156300.995438,2026-07-15T05:50:40.799,249,3,3,0,0
156300.998157,2026-07-15T05:50:40.802,249,3,3,0,0
156301.000488,2026-07-15T05:50:40.804,249,3,3,0,0
156301.002970,2026-07-15T05:50:40.806,249,3,3,0,0
156301.005737,2026-07-15T05:50:40.809,249,3,3,0,0
156301.008263,2026-07-15T05:50:40.812,249,3,3,0,0
156301.010887,2026-07-15T05:50:40.814,249,3,3,0,0
156301.013461,2026-07-15T05:50:40.816,249,3,3,0,0
156301.016235,2026-07-15T05:50:40.819,249,3,3,0,0
156301.019179,2026-07-15T05:50:40.823,249,3,3,0,0
156301.021914,2026-07-15T05:50:40.826,249,3,3,0,0
156301.026327,2026-07-15T05:50:40.830,249,3,3,0,0
156301.029611,2026-07-15T05:50:40.832,249,3,3,0,0
156301.032253,2026-07-15T05:50:40.836,249,3,3,0,0
156301.034834,2026-07-15T05:50:40.839,249,3,3,0,0
156301.037357,2026-07-15T05:50:40.841,249,3,3,0,0
156301.040126,2026-07-15T05:50:40.844,249,3,3,0,0
156301.042963,2026-07-15T05:50:40.846,249,3,3,0,0
156301.045741,2026-07-15T05:50:40.850,249,3,3,0,0
156301.048752,2026-07-15T05:50:40.853,249,3,3,0,0
156301.051475,2026-07-15T05:50:40.855,249,3,3,0,0
156301.053937,2026-07-15T05:50:40.857,249,3,3,0,0
156301.056455,2026-07-15T05:50:40.860,249,3,3,0,0
156301.059152,2026-07-15T05:50:40.862,249,3,3,0,0
156301.062029,2026-07-15T05:50:40.865,249,3,3,0,0
156301.064346,2026-07-15T05:50:40.868,249,3,3,0,0
156301.067234,2026-07-15T05:50:40.871,249,3,3,0,0
156301.070001,2026-07-15T05:50:40.874,249,3,3,0,0
156301.072767,2026-07-15T05:50:40.877,249,3,3,0,0
156301.075069,2026-07-15T05:50:40.879,249,3,3,0,0
156301.077921,2026-07-15T05:50:40.881,249,3,3,0,0
156301.080460,2026-07-15T05:50:40.883,249,3,3,0,0
156301.082947,2026-07-15T05:50:40.887,249,3,3,0,0
156301.085661,2026-07-15T05:50:40.889,249,3,3,0,0
156301.088408,2026-07-15T05:50:40.892,249,3,3,0,0
156301.091034,2026-07-15T05:50:40.894,249,3,3,0,0
156301.093546,2026-07-15T05:50:40.897,249,3,3,0,0
156301.095803,2026-07-15T05:50:40.899,249,3,3,0,0
156301.098540,2026-07-15T05:50:40.902,249,3,3,0,0
156301.100796,2026-07-15T05:50:40.904,249,3,3,0,0
156301.103358,2026-07-15T05:50:40.907,249,3,3,0,0
156301.105879,2026-07-15T05:50:40.909,249,3,3,0,0
156301.108497,2026-07-15T05:50:40.913,249,3,3,0,0
156301.110830,2026-07-15T05:50:40.915,249,3,3,0,0
156301.113265,2026-07-15T05:50:40.917,249,3,3,0,0
156301.115969,2026-07-15T05:50:40.919,249,3,3,0,0
156301.118532,2026-07-15T05:50:40.922,249,3,3,0,0
156301.121006,2026-07-15T05:50:40.925,249,3,3,0,0
156301.123736,2026-07-15T05:50:40.928,249,3,3,0,0
156301.126527,2026-07-15T05:50:40.930,249,3,3,0,0
156301.128833,2026-07-15T05:50:40.933,249,3,3,0,0
156301.131590,2026-07-15T05:50:40.935,249,3,3,0,0
156301.134132,2026-07-15T05:50:40.937,249,3,3,0,0
156301.137085,2026-07-15T05:50:40.940,249,3,3,0,0
156301.140064,2026-07-15T05:50:40.944,249,3,3,0,0
156301.142760,2026-07-15T05:50:40.946,249,3,3,0,0
156301.145566,2026-07-15T05:50:40.949,249,3,3,0,0
156301.148401,2026-07-15T05:50:40.952,249,3,3,0,0
156301.151294,2026-07-15T05:50:40.955,249,3,3,0,0
156301.154015,2026-07-15T05:50:40.958,249,3,3,0,0
156301.156845,2026-07-15T05:50:40.961,249,3,3,0,0
156301.159456,2026-07-15T05:50:40.963,249,3,3,0,0
156301.161826,2026-07-15T05:50:40.966,249,3,3,0,0
156301.164500,2026-07-15T05:50:40.968,249,3,3,0,0
156301.167338,2026-07-15T05:50:40.970,249,3,3,0,0
156301.169862,2026-07-15T05:50:40.974,249,3,3,0,0
156301.172700,2026-07-15T05:50:40.977,249,3,3,0,0
156301.175274,2026-07-15T05:50:40.979,249,3,3,0,0
156301.177387,2026-07-15T05:50:40.980,249,3,3,0,0
156301.179552,2026-07-15T05:50:40.983,249,3,3,0,0
156301.181837,2026-07-15T05:50:40.985,249,3,3,0,0
156301.183947,2026-07-15T05:50:40.987,249,3,3,0,0
156301.186030,2026-07-15T05:50:40.990,249,3,3,0,0
156301.189166,2026-07-15T05:50:40.993,249,3,3,0,0
156301.192240,2026-07-15T05:50:40.996,249,3,3,0,0
156301.194952,2026-07-15T05:50:40.998,249,3,3,0,9
156301.197543,2026-07-15T05:50:41.002,230,0,3,0,9
156301.200339,2026-07-15T05:50:41.004,230,0,3,0,9
156301.203075,2026-07-15T05:50:41.006,230,0,3,0,9
156301.205977,2026-07-15T05:50:41.009,230,0,3,0,9
156301.208688,2026-07-15T05:50:41.012,230,0,3,0,9
156301.211565,2026-07-15T05:50:41.015,230,0,3,0,9
156301.214363,2026-07-15T05:50:41.018,230,0,3,0,9
156301.216922,2026-07-15T05:50:41.020,230,0,3,0,9
156301.220286,2026-07-15T05:50:41.023,230,0,3,0,9
156301.225530,2026-07-15T05:50:41.030,230,0,3,0,9
156301.228694,2026-07-15T05:50:41.032,230,0,3,0,9
156301.231899,2026-07-15T05:50:41.036,230,0,3,0,9
156301.234503,2026-07-15T05:50:41.038,230,0,3,0,9
156301.236821,2026-07-15T05:50:41.040,230,0,3,0,9
156301.239605,2026-07-15T05:50:41.044,230,0,3,0,9
156301.242524,2026-07-15T05:50:41.046,230,0,3,0,9
156301.245136,2026-07-15T05:50:41.049,230,0,3,0,9
156301.247896,2026-07-15T05:50:41.052,230,0,3,0,9
156301.250656,2026-07-15T05:50:41.055,230,0,3,0,9
156301.253118,2026-07-15T05:50:41.056,230,0,3,0,9
156301.255835,2026-07-15T05:50:41.060,230,0,3,0,9
156301.258541,2026-07-15T05:50:41.063,230,0,3,0,9
156301.261183,2026-07-15T05:50:41.064,230,0,3,0,9
156301.263616,2026-07-15T05:50:41.068,230,0,3,0,9
156301.266208,2026-07-15T05:50:41.070,230,0,3,0,9
156301.268892,2026-07-15T05:50:41.072,230,0,3,0,9
156301.271648,2026-07-15T05:50:41.075,230,0,3,0,9
156301.274093,2026-07-15T05:50:41.078,230,0,3,0,9
156301.276736,2026-07-15T05:50:41.081,230,0,3,0,9
156301.279166,2026-07-15T05:50:41.083,230,0,3,0,9
156301.281758,2026-07-15T05:50:41.085,230,0,3,0,9
156301.284454,2026-07-15T05:50:41.088,230,0,3,0,9
156301.287219,2026-07-15T05:50:41.091,230,0,3,0,9
156301.289966,2026-07-15T05:50:41.094,230,0,3,0,9
156301.292823,2026-07-15T05:50:41.096,230,0,3,0,9
156301.295405,2026-07-15T05:50:41.099,230,0,3,0,9
156301.297446,2026-07-15T05:50:41.101,230,0,3,0,9
156301.299702,2026-07-15T05:50:41.103,230,0,3,0,9
156301.301747,2026-07-15T05:50:41.105,230,0,3,0,9
156301.303777,2026-07-15T05:50:41.107,230,0,3,0,9
156301.306389,2026-07-15T05:50:41.110,230,0,3,0,9
156301.308446,2026-07-15T05:50:41.111,230,0,3,0,9
156301.310951,2026-07-15T05:50:41.115,230,0,3,0,9
156301.313018,2026-07-15T05:50:41.117,230,0,3,0,9
156301.315457,2026-07-15T05:50:41.120,230,0,3,0,9
156301.317758,2026-07-15T05:50:41.122,230,0,3,0,9
156301.319896,2026-07-15T05:50:41.123,230,0,3,0,9
156301.322144,2026-07-15T05:50:41.126,230,0,3,0,9
156301.324594,2026-07-15T05:50:41.129,230,0,3,0,9
156301.328901,2026-07-15T05:50:41.132,230,0,3,0,9
156301.331312,2026-07-15T05:50:41.134,230,0,3,0,9
156301.334140,2026-07-15T05:50:41.138,230,0,3,0,9
156301.336323,2026-07-15T05:50:41.139,230,0,3,0,9
156301.338939,2026-07-15T05:50:41.142,230,0,3,0,9
156301.341541,2026-07-15T05:50:41.145,230,0,3,0,9
156301.344040,2026-07-15T05:50:41.147,230,0,3,0,9
156301.346602,2026-07-15T05:50:41.151,230,0,3,0,9
156301.349199,2026-07-15T05:50:41.153,230,0,3,0,9
156301.351373,2026-07-15T05:50:41.155,230,0,3,0,9
156301.353939,2026-07-15T05:50:41.158,230,0,3,0,9
156301.356709,2026-07-15T05:50:41.161,230,0,3,0,9
156301.359309,2026-07-15T05:50:41.163,230,0,3,0,9
156301.362146,2026-07-15T05:50:41.166,230,0,3,0,9
156301.364874,2026-07-15T05:50:41.169,230,0,3,0,9
156301.367409,2026-07-15T05:50:41.171,230,0,3,0,9
156301.369833,2026-07-15T05:50:41.173,230,0,3,0,9
156301.372454,2026-07-15T05:50:41.176,230,0,3,0,9
156301.374904,2026-07-15T05:50:41.179,230,0,3,0,9
156301.382163,2026-07-15T05:50:41.185,230,0,3,0,9
156301.384863,2026-07-15T05:50:41.188,230,0,3,0,9
156301.387330,2026-07-15T05:50:41.191,230,0,3,0,9
156301.389976,2026-07-15T05:50:41.194,230,0,3,0,9
156301.392543,2026-07-15T05:50:41.196,230,0,3,0,9
156301.395209,2026-07-15T05:50:41.199,230,0,3,0,9
156301.397395,2026-07-15T05:50:41.201,230,0,3,0,9
156301.399844,2026-07-15T05:50:41.204,230,0,3,0,9
156301.402361,2026-07-15T05:50:41.206,230,0,3,0,9
156301.404560,2026-07-15T05:50:41.208,230,0,3,0,9
156301.407058,2026-07-15T05:50:41.211,230,0,3,0,9
156301.409241,2026-07-15T05:50:41.213,230,0,3,0,9
156301.411370,2026-07-15T05:50:41.215,230,0,3,0,9
156301.413385,2026-07-15T05:50:41.217,230,0,3,0,9
156301.415606,2026-07-15T05:50:41.219,230,0,3,0,9
156301.417662,2026-07-15T05:50:41.222,230,0,3,0,9
156301.420035,2026-07-15T05:50:41.224,230,0,3,0,9
156301.422336,2026-07-15T05:50:41.226,230,0,3,0,9
156301.424343,2026-07-15T05:50:41.228,230,0,3,0,9
156301.428232,2026-07-15T05:50:41.232,230,0,3,0,9
156301.430400,2026-07-15T05:50:41.234,230,0,3,0,9
156301.432496,2026-07-15T05:50:41.236,230,0,3,0,9
156301.434764,2026-07-15T05:50:41.238,230,0,3,0,9
156301.436901,2026-07-15T05:50:41.240,230,0,3,0,9
156301.439325,2026-07-15T05:50:41.243,230,0,3,0,8
156301.441408,2026-07-15T05:50:41.245,168,0,3,0,8
156301.444007,2026-07-15T05:50:41.248,168,0,3,0,8
156301.446884,2026-07-15T05:50:41.251,168,0,3,0,8
156301.450001,2026-07-15T05:50:41.254,168,0,3,0,8
156301.452561,2026-07-15T05:50:41.256,168,0,3,0,8
156301.455192,2026-07-15T05:50:41.259,168,0,3,0,8
156301.457401,2026-07-15T05:50:41.261,168,0,3,0,8
156301.459948,2026-07-15T05:50:41.264,168,0,3,0,8
156301.462556,2026-07-15T05:50:41.266,168,0,3,0,8
156301.464708,2026-07-15T05:50:41.269,168,0,3,0,8
156301.467315,2026-07-15T05:50:41.271,168,0,3,0,8
156301.469413,2026-07-15T05:50:41.273,168,0,3,0,8
156301.471971,2026-07-15T05:50:41.276,168,0,3,0,8
156301.474101,2026-07-15T05:50:41.277,168,0,3,0,8
156301.476499,2026-07-15T05:50:41.280,168,0,3,0,8
156301.478552,2026-07-15T05:50:41.282,168,0,3,0,8
156301.480687,2026-07-15T05:50:41.285,168,0,3,0,8
156301.483225,2026-07-15T05:50:41.287,168,0,3,0,8
156301.485745,2026-07-15T05:50:41.289,168,0,3,0,8
156301.488248,2026-07-15T05:50:41.292,168,0,3,0,8
156301.490777,2026-07-15T05:50:41.295,168,0,3,0,8
156301.493306,2026-07-15T05:50:41.297,168,0,3,0,8
156301.495885,2026-07-15T05:50:41.300,168,0,3,0,8
156301.498443,2026-07-15T05:50:41.302,168,0,3,0,8
156301.501055,2026-07-15T05:50:41.305,168,0,3,0,8
156301.503082,2026-07-15T05:50:41.307,168,0,3,0,8
156301.505582,2026-07-15T05:50:41.310,168,0,3,0,8
156301.507722,2026-07-15T05:50:41.312,168,0,3,0,8
156301.509786,2026-07-15T05:50:41.313,168,0,3,0,8
156301.512101,2026-07-15T05:50:41.316,168,0,3,0,8
156301.514160,2026-07-15T05:50:41.318,168,0,3,0,8
156301.516174,2026-07-15T05:50:41.320,168,0,3,0,8
156301.518680,2026-07-15T05:50:41.323,168,0,3,0,8
156301.520765,2026-07-15T05:50:41.324,168,0,3,0,8
156301.523460,2026-07-15T05:50:41.327,168,0,3,0,8
156301.525546,2026-07-15T05:50:41.330,168,0,3,0,8
156301.527701,2026-07-15T05:50:41.331,168,0,3,0,8
156301.529761,2026-07-15T05:50:41.334,168,0,3,0,8
156301.532578,2026-07-15T05:50:41.337,168,0,3,0,8
156301.534759,2026-07-15T05:50:41.338,168,0,3,0,8
156301.537417,2026-07-15T05:50:41.341,168,0,3,0,8
156301.539531,2026-07-15T05:50:41.343,168,0,3,0,8
156301.542198,2026-07-15T05:50:41.346,168,0,3,0,8
156301.544747,2026-07-15T05:50:41.349,168,0,3,0,8
156301.547126,2026-07-15T05:50:41.351,168,0,3,0,8
156301.549241,2026-07-15T05:50:41.353,168,0,3,0,8
156301.551345,2026-07-15T05:50:41.355,168,0,3,0,8
156301.553393,2026-07-15T05:50:41.357,168,0,3,0,8
156301.556070,2026-07-15T05:50:41.360,168,0,3,0,8
156301.558724,2026-07-15T05:50:41.363,168,0,3,0,8
156301.560752,2026-07-15T05:50:41.365,168,0,3,0,8
156301.563343,2026-07-15T05:50:41.367,168,0,3,0,8
156301.565820,2026-07-15T05:50:41.370,168,0,3,0,8
156301.568335,2026-07-15T05:50:41.372,168,0,3,0,8
156301.570345,2026-07-15T05:50:41.374,168,0,3,0,8
156301.572887,2026-07-15T05:50:41.376,168,0,3,0,8
156301.575062,2026-07-15T05:50:41.378,168,0,3,0,8
156301.577283,2026-07-15T05:50:41.380,168,0,3,0,8
156301.579883,2026-07-15T05:50:41.384,168,0,3,0,8
156301.582429,2026-07-15T05:50:41.386,168,0,3,0,8
156301.584881,2026-07-15T05:50:41.388,168,0,3,0,8
156301.587750,2026-07-15T05:50:41.391,168,0,3,0,8
156301.589976,2026-07-15T05:50:41.393,168,0,3,0,8
156301.592509,2026-07-15T05:50:41.396,168,0,3,0,8
156301.594790,2026-07-15T05:50:41.399,168,0,3,0,8
156301.597016,2026-07-15T05:50:41.400,168,0,3,0,8
156301.599352,2026-07-15T05:50:41.403,168,0,3,0,8
156301.601901,2026-07-15T05:50:41.405,168,0,3,0,8
156301.604542,2026-07-15T05:50:41.408,168,0,3,0,8
156301.606908,2026-07-15T05:50:41.410,168,0,3,0,8
156301.609517,2026-07-15T05:50:41.413,168,0,3,0,8
156301.611953,2026-07-15T05:50:41.416,168,0,3,0,8
156301.614694,2026-07-15T05:50:41.418,168,0,3,0,8
156301.617460,2026-07-15T05:50:41.421,168,0,3,0,8
156301.620256,2026-07-15T05:50:41.424,168,0,3,0,8
156301.622859,2026-07-15T05:50:41.427,168,0,3,0,8
156301.625674,2026-07-15T05:50:41.429,168,0,3,0,8
156301.629232,2026-07-15T05:50:41.433,168,0,3,0,8
156301.632093,2026-07-15T05:50:41.436,168,0,3,0,8
156301.634570,2026-07-15T05:50:41.439,168,0,3,0,8
156301.637409,2026-07-15T05:50:41.441,168,0,3,0,8
156301.640003,2026-07-15T05:50:41.444,168,0,3,0,8
156301.642827,2026-07-15T05:50:41.446,168,0,3,0,8
156301.645617,2026-07-15T05:50:41.449,168,0,3,0,8
156301.648492,2026-07-15T05:50:41.452,168,0,3,0,8
156301.651357,2026-07-15T05:50:41.455,168,0,3,0,8
156301.654210,2026-07-15T05:50:41.458,168,0,3,0,8
156301.656520,2026-07-15T05:50:41.461,168,0,3,0,8
156301.659469,2026-07-15T05:50:41.463,168,0,3,0,8
156301.662183,2026-07-15T05:50:41.466,168,0,3,0,8
156301.665033,2026-07-15T05:50:41.468,168,0,3,0,8
156301.667877,2026-07-15T05:50:41.472,168,0,3,0,8
156301.670725,2026-07-15T05:50:41.474,168,0,3,0,8
156301.673566,2026-07-15T05:50:41.478,168,0,3,0,8
156301.676523,2026-07-15T05:50:41.480,168,0,3,0,8
156301.679313,2026-07-15T05:50:41.483,168,0,3,0,8
156301.681979,2026-07-15T05:50:41.485,168,0,3,0,8
156301.684280,2026-07-15T05:50:41.488,168,0,3,0,8
156301.687046,2026-07-15T05:50:41.491,108,0,3,0,8
156301.690689,2026-07-15T05:50:41.495,108,0,3,0,8
156301.693129,2026-07-15T05:50:41.496,108,0,3,0,8
156301.695650,2026-07-15T05:50:41.499,108,0,3,0,8
156301.698384,2026-07-15T05:50:41.502,108,0,3,0,8
156301.701081,2026-07-15T05:50:41.505,108,0,3,0,8
156301.703818,2026-07-15T05:50:41.507,108,0,3,0,8
156301.706702,2026-07-15T05:50:41.511,108,0,3,0,8
156301.709189,2026-07-15T05:50:41.513,108,0,3,0,8
156301.712041,2026-07-15T05:50:41.515,108,0,3,0,8
156301.714907,2026-07-15T05:50:41.519,108,0,3,0,8
156301.717540,2026-07-15T05:50:41.521,108,0,3,0,8
156301.720713,2026-07-15T05:50:41.524,108,0,3,0,8
156301.723899,2026-07-15T05:50:41.528,108,0,3,0,8
156301.726932,2026-07-15T05:50:41.531,108,0,3,0,8
156301.729824,2026-07-15T05:50:41.533,108,0,3,0,8
156301.732603,2026-07-15T05:50:41.535,108,0,3,0,8
156301.735439,2026-07-15T05:50:41.539,108,0,3,0,8
156301.738518,2026-07-15T05:50:41.542,108,0,3,0,8
156301.741918,2026-07-15T05:50:41.546,108,0,3,0,8
156301.744326,2026-07-15T05:50:41.548,108,0,3,0,8
156301.747260,2026-07-15T05:50:41.551,108,0,3,0,8
156301.750176,2026-07-15T05:50:41.553,108,0,3,0,8
156301.753018,2026-07-15T05:50:41.557,108,0,3,0,8
156301.755976,2026-07-15T05:50:41.559,108,0,3,0,8
156301.758674,2026-07-15T05:50:41.563,108,0,3,0,8
156301.762260,2026-07-15T05:50:41.566,108,0,3,0,8
156301.765222,2026-07-15T05:50:41.569,108,0,3,0,8
156301.768137,2026-07-15T05:50:41.572,108,0,3,0,8
156301.770603,2026-07-15T05:50:41.574,108,0,3,0,8
156301.773320,2026-07-15T05:50:41.577,108,0,3,0,8
156301.776696,2026-07-15T05:50:41.580,108,0,3,0,8
156301.779180,2026-07-15T05:50:41.583,108,0,3,0,8
156301.782266,2026-07-15T05:50:41.586,108,0,3,0,8
156301.785067,2026-07-15T05:50:41.588,108,0,3,0,8
156301.787883,2026-07-15T05:50:41.592,108,0,3,0,8
156301.790076,2026-07-15T05:50:41.594,108,0,3,0,8
156301.792977,2026-07-15T05:50:41.597,108,0,3,0,8
156301.795033,2026-07-15T05:50:41.599,108,0,3,0,8
156301.797404,2026-07-15T05:50:41.601,108,0,3,0,8
156301.799773,2026-07-15T05:50:41.603,108,0,3,0,8
156301.802541,2026-07-15T05:50:41.606,108,0,3,0,8
156301.805446,2026-07-15T05:50:41.609,108,0,3,0,8
156301.808177,2026-07-15T05:50:41.612,108,0,3,0,8
156301.810509,2026-07-15T05:50:41.614,108,0,3,0,8
156301.812982,2026-07-15T05:50:41.617,108,0,3,0,8
156301.815416,2026-07-15T05:50:41.619,108,0,3,0,8
156301.817876,2026-07-15T05:50:41.621,108,0,3,0,8
156301.820377,2026-07-15T05:50:41.624,108,0,3,0,8
156301.823110,2026-07-15T05:50:41.627,108,0,3,0,8
156301.825702,2026-07-15T05:50:41.629,108,0,3,0,8
156301.830067,2026-07-15T05:50:41.634,108,0,3,0,8
156301.832884,2026-07-15T05:50:41.637,108,0,3,0,8
156301.835221,2026-07-15T05:50:41.639,108,0,3,0,8
156301.837870,2026-07-15T05:50:41.642,108,0,3,0,8
156301.840417,2026-07-15T05:50:41.644,108,0,3,0,8
156301.843184,2026-07-15T05:50:41.647,108,0,3,0,8
156301.845897,2026-07-15T05:50:41.650,108,0,3,0,8
156301.848760,2026-07-15T05:50:41.652,108,0,3,0,8
156301.852006,2026-07-15T05:50:41.656,108,0,3,0,8
156301.855109,2026-07-15T05:50:41.659,108,0,3,0,8
156301.858220,2026-07-15T05:50:41.662,108,0,3,0,8
156301.867668,2026-07-15T05:50:41.672,108,0,3,0,8
156301.870175,2026-07-15T05:50:41.674,108,0,3,0,8
156301.872278,2026-07-15T05:50:41.676,108,0,3,0,8
156301.874449,2026-07-15T05:50:41.678,108,0,3,0,8
156301.876817,2026-07-15T05:50:41.681,108,0,3,0,8
156301.879621,2026-07-15T05:50:41.684,108,0,3,0,8
156301.881954,2026-07-15T05:50:41.685,108,0,3,0,8
156301.884201,2026-07-15T05:50:41.688,108,0,3,0,8
156301.886202,2026-07-15T05:50:41.690,108,0,3,0,8
156301.888873,2026-07-15T05:50:41.693,108,0,3,0,8
156301.891235,2026-07-15T05:50:41.694,108,0,3,0,8
156301.894195,2026-07-15T05:50:41.697,108,0,3,0,8
156301.897214,2026-07-15T05:50:41.701,108,0,3,0,8
156301.899640,2026-07-15T05:50:41.704,108,0,3,0,8
156301.901942,2026-07-15T05:50:41.706,108,0,3,0,8
156301.904045,2026-07-15T05:50:41.708,108,0,3,0,8
156301.906397,2026-07-15T05:50:41.710,108,0,3,0,8
156301.909000,2026-07-15T05:50:41.712,108,0,3,0,8
156301.911373,2026-07-15T05:50:41.715,108,0,3,0,8
156301.913483,2026-07-15T05:50:41.717,108,0,3,0,8
156301.916352,2026-07-15T05:50:41.719,108,0,3,0,8
156301.919380,2026-07-15T05:50:41.723,108,0,3,0,8
156301.921905,2026-07-15T05:50:41.725,108,0,3,0,8
156301.924190,2026-07-15T05:50:41.728,108,0,3,0,8
156301.926509,2026-07-15T05:50:41.731,108,0,3,0,9
156301.929324,2026-07-15T05:50:41.733,50,0,3,0,9
156301.931442,2026-07-15T05:50:41.735,50,0,3,0,9
156301.933856,2026-07-15T05:50:41.738,50,0,3,0,9
156301.936030,2026-07-15T05:50:41.740,50,0,3,0,9
156301.938495,2026-07-15T05:50:41.742,50,0,3,0,9
156301.940909,2026-07-15T05:50:41.744,50,0,3,0,9
156301.943502,2026-07-15T05:50:41.748,50,0,3,0,9
156301.945525,2026-07-15T05:50:41.749,50,0,3,0,9
156301.948487,2026-07-15T05:50:41.753,50,0,3,0,9
156301.950980,2026-07-15T05:50:41.755,50,0,3,0,9
156301.953791,2026-07-15T05:50:41.758,50,0,3,0,9
156301.956213,2026-07-15T05:50:41.760,50,0,3,0,9
156301.958962,2026-07-15T05:50:41.763,50,0,3,0,9
156301.961329,2026-07-15T05:50:41.765,50,0,3,0,9
156301.963454,2026-07-15T05:50:41.767,50,0,3,0,9
156301.965659,2026-07-15T05:50:41.769,50,0,3,0,9
156301.968264,2026-07-15T05:50:41.772,50,0,3,0,9
156301.970562,2026-07-15T05:50:41.774,50,0,3,0,9
156301.972765,2026-07-15T05:50:41.777,50,0,3,0,9
156301.974898,2026-07-15T05:50:41.779,50,0,3,0,9
156301.977354,2026-07-15T05:50:41.781,50,0,3,0,9
156301.979448,2026-07-15T05:50:41.783,50,0,3,0,9
156301.982012,2026-07-15T05:50:41.785,50,0,3,0,9
156301.984072,2026-07-15T05:50:41.788,50,0,3,0,9
156301.986466,2026-07-15T05:50:41.790,50,0,3,0,9
156301.988946,2026-07-15T05:50:41.792,50,0,3,0,9
156301.991687,2026-07-15T05:50:41.795,50,0,3,0,9
156301.994309,2026-07-15T05:50:41.798,50,0,3,0,9
156301.996774,2026-07-15T05:50:41.800,50,0,3,0,9
156301.999077,2026-07-15T05:50:41.803,50,0,3,0,9
156302.001348,2026-07-15T05:50:41.805,50,0,3,0,9
156302.003599,2026-07-15T05:50:41.808,50,0,3,0,9
156302.006327,2026-07-15T05:50:41.810,50,0,3,0,9
156302.008490,2026-07-15T05:50:41.812,50,0,3,0,9
156302.010779,2026-07-15T05:50:41.815,50,0,3,0,9
156302.013319,2026-07-15T05:50:41.817,50,0,3,0,9
156302.015600,2026-07-15T05:50:41.820,50,0,3,0,9
156302.018054,2026-07-15T05:50:41.822,50,0,3,0,9
156302.020169,2026-07-15T05:50:41.824,50,0,3,0,9
156302.022252,2026-07-15T05:50:41.826,50,0,3,0,9
156302.025068,2026-07-15T05:50:41.829,50,0,3,0,9
156302.028496,2026-07-15T05:50:41.832,50,0,3,0,9
156302.031102,2026-07-15T05:50:41.835,50,0,3,0,9
156302.034280,2026-07-15T05:50:41.837,50,0,3,0,9
156302.036983,2026-07-15T05:50:41.841,50,0,3,0,9
156302.039783,2026-07-15T05:50:41.843,50,0,3,0,9
156302.042624,2026-07-15T05:50:41.846,50,0,3,0,9
156302.045410,2026-07-15T05:50:41.849,50,0,3,0,9
156302.047904,2026-07-15T05:50:41.851,50,0,3,0,9
156302.050712,2026-07-15T05:50:41.854,50,0,3,0,9
156302.053450,2026-07-15T05:50:41.857,50,0,3,0,9
156302.056029,2026-07-15T05:50:41.860,50,0,3,0,9
156302.058887,2026-07-15T05:50:41.862,50,0,3,0,9
156302.061484,2026-07-15T05:50:41.865,50,0,3,0,9
156302.064112,2026-07-15T05:50:41.868,50,0,3,0,9
156302.067156,2026-07-15T05:50:41.871,50,0,3,0,9
156302.069841,2026-07-15T05:50:41.874,50,0,3,0,9
156302.072705,2026-07-15T05:50:41.876,50,0,3,0,9
156302.075026,2026-07-15T05:50:41.878,50,0,3,0,9
156302.078151,2026-07-15T05:50:41.882,50,0,3,0,9
156302.080794,2026-07-15T05:50:41.885,50,0,3,0,9
156302.083677,2026-07-15T05:50:41.888,50,0,3,0,9
156302.086442,2026-07-15T05:50:41.890,50,0,3,0,9
156302.089269,2026-07-15T05:50:41.893,50,0,3,0,9
156302.092157,2026-07-15T05:50:41.896,50,0,3,0,9
156302.094709,2026-07-15T05:50:41.898,50,0,3,0,9
156302.097646,2026-07-15T05:50:41.902,50,0,3,0,9
156302.100300,2026-07-15T05:50:41.904,50,0,3,0,9
156302.102740,2026-07-15T05:50:41.906,50,0,3,0,9
156302.105490,2026-07-15T05:50:41.908,50,0,3,0,9
156302.108372,2026-07-15T05:50:41.912,50,0,3,0,9
156302.111086,2026-07-15T05:50:41.914,50,0,3,0,9
156302.113428,2026-07-15T05:50:41.916,50,0,3,0,9
156302.116249,2026-07-15T05:50:41.919,50,0,3,0,9
156302.118632,2026-07-15T05:50:41.922,50,0,3,0,9
156302.121532,2026-07-15T05:50:41.926,50,0,3,0,9
156302.124186,2026-07-15T05:50:41.927,50,0,3,0,9
156302.126974,2026-07-15T05:50:41.931,50,0,3,0,9
156302.131334,2026-07-15T05:50:41.934,50,0,3,0,9
156302.134057,2026-07-15T05:50:41.937,50,0,3,0,9
156302.136732,2026-07-15T05:50:41.941,50,0,3,0,9
156302.139510,2026-07-15T05:50:41.943,50,0,3,0,9
156302.142306,2026-07-15T05:50:41.946,50,0,3,0,9
156302.144539,2026-07-15T05:50:41.948,50,0,3,0,9
156302.147370,2026-07-15T05:50:41.950,50,0,3,0,9
156302.150238,2026-07-15T05:50:41.954,50,0,3,0,9
156302.153043,2026-07-15T05:50:41.956,50,0,3,0,9
156302.155645,2026-07-15T05:50:41.960,50,0,3,0,9
156302.158511,2026-07-15T05:50:41.962,50,0,3,0,9
156302.161006,2026-07-15T05:50:41.964,50,0,3,0,9
156302.163663,2026-07-15T05:50:41.967,50,0,3,0,9
156302.166413,2026-07-15T05:50:41.970,50,0,3,0,9
156302.169111,2026-07-15T05:50:41.973,50,0,3,0,9
156302.171896,2026-07-15T05:50:41.976,50,0,3,0,0
156302.174295,2026-07-15T05:50:41.978,3,3,3,0,0
156302.177303,2026-07-15T05:50:41.981,3,3,3,0,0
156302.180032,2026-07-15T05:50:41.984,3,3,3,0,0
156302.182913,2026-07-15T05:50:41.987,3,3,3,0,0
156302.185725,2026-07-15T05:50:41.989,3,3,3,0,0
156302.188600,2026-07-15T05:50:41.992,3,3,3,0,0
156302.191221,2026-07-15T05:50:41.994,3,3,3,0,0
156302.193932,2026-07-15T05:50:41.997,3,3,3,0,0
156302.196172,2026-07-15T05:50:41.999,3,3,3,0,0
156302.198937,2026-07-15T05:50:42.002,3,3,3,0,0
156302.201180,2026-07-15T05:50:42.004,3,3,3,0,0
156302.205114,2026-07-15T05:50:42.009,3,3,3,0,0
156302.207681,2026-07-15T05:50:42.012,3,3,3,0,0
156302.209840,2026-07-15T05:50:42.014,3,3,3,0,0
156302.212213,2026-07-15T05:50:42.016,3,3,3,0,0
156302.214762,2026-07-15T05:50:42.019,3,3,3,0,0
156302.217403,2026-07-15T05:50:42.021,3,3,3,0,0
156302.219691,2026-07-15T05:50:42.023,3,3,3,0,0
156302.221843,2026-07-15T05:50:42.026,3,3,3,0,0
156302.223844,2026-07-15T05:50:42.028,3,3,3,0,0
156302.225873,2026-07-15T05:50:42.030,3,3,3,0,0
156302.228108,2026-07-15T05:50:42.032,3,3,3,0,0
156302.231148,2026-07-15T05:50:42.035,3,3,3,0,0
156302.234181,2026-07-15T05:50:42.038,3,3,3,0,0
156302.236969,2026-07-15T05:50:42.041,3,3,3,0,0
156302.239453,2026-07-15T05:50:42.043,3,3,3,0,0
156302.242207,2026-07-15T05:50:42.046,3,3,3,0,0
156302.244855,2026-07-15T05:50:42.049,3,3,3,0,0
156302.247478,2026-07-15T05:50:42.051,3,3,3,0,0
156302.250178,2026-07-15T05:50:42.054,3,3,3,0,0
156302.252869,2026-07-15T05:50:42.057,3,3,3,0,0
156302.255001,2026-07-15T05:50:42.059,3,3,3,0,0
156302.257498,2026-07-15T05:50:42.061,3,3,3,0,0
156302.259840,2026-07-15T05:50:42.063,3,3,3,0,0
156302.261934,2026-07-15T05:50:42.065,3,3,3,0,0
156302.264114,2026-07-15T05:50:42.068,3,3,3,0,0
156302.266441,2026-07-15T05:50:42.070,3,3,3,0,0
156302.268708,2026-07-15T05:50:42.072,3,3,3,0,0
156302.270887,2026-07-15T05:50:42.074,3,3,3,0,0
156302.273055,2026-07-15T05:50:42.076,3,3,3,0,0
156302.275301,2026-07-15T05:50:42.079,3,3,3,0,0
156302.277316,2026-07-15T05:50:42.081,3,3,3,0,0
156302.279824,2026-07-15T05:50:42.084,3,3,3,0,0
156302.281861,2026-07-15T05:50:42.086,3,3,3,0,0
156302.283960,2026-07-15T05:50:42.088,3,3,3,0,0
156302.286601,2026-07-15T05:50:42.091,3,3,3,0,0
156302.288706,2026-07-15T05:50:42.093,3,3,3,0,0
156302.290888,2026-07-15T05:50:42.095,3,3,3,0,0
156302.293161,2026-07-15T05:50:42.097,3,3,3,0,0
156302.295202,2026-07-15T05:50:42.099,3,3,3,0,0
156302.297233,2026-07-15T05:50:42.101,3,3,3,0,0
156302.299533,2026-07-15T05:50:42.104,3,3,3,0,0
156302.302327,2026-07-15T05:50:42.106,3,3,3,0,0
156302.305148,2026-07-15T05:50:42.108,3,3,3,0,0
156302.307881,2026-07-15T05:50:42.111,3,3,3,0,0
156302.310587,2026-07-15T05:50:42.114,3,3,3,0,0
156302.312893,2026-07-15T05:50:42.117,3,3,3,0,0
156302.315689,2026-07-15T05:50:42.119,3,3,3,0,0
156302.318343,2026-07-15T05:50:42.122,3,3,3,0,0
156302.321043,2026-07-15T05:50:42.125,3,3,3,0,0
156302.323816,2026-07-15T05:50:42.127,3,3,3,0,0
156302.326153,2026-07-15T05:50:42.129,3,3,3,0,0
156302.328708,2026-07-15T05:50:42.132,3,3,3,0,0
156302.331515,2026-07-15T05:50:42.135,3,3,3,0,0
156302.334244,2026-07-15T05:50:42.138,3,3,3,0,0
156302.336426,2026-07-15T05:50:42.140,3,3,3,0,0
156302.339201,2026-07-15T05:50:42.143,3,3,3,0,0
156302.341942,2026-07-15T05:50:42.146,3,3,3,0,0
156302.344675,2026-07-15T05:50:42.149,3,3,3,0,0
156302.346882,2026-07-15T05:50:42.151,3,3,3,0,0
156302.349219,2026-07-15T05:50:42.153,3,3,3,0,0
156302.351447,2026-07-15T05:50:42.155,3,3,3,0,0
156302.353897,2026-07-15T05:50:42.158,3,3,3,0,0
156302.356082,2026-07-15T05:50:42.160,3,3,3,0,0
156302.358306,2026-07-15T05:50:42.162,3,3,3,0,0
156302.360498,2026-07-15T05:50:42.164,3,3,3,0,0
156302.363082,2026-07-15T05:50:42.167,3,3,3,0,0
156302.365495,2026-07-15T05:50:42.169,3,3,3,0,0
156302.367807,2026-07-15T05:50:42.172,3,3,3,0,0
156302.370024,2026-07-15T05:50:42.174,3,3,3,0,0
156302.372209,2026-07-15T05:50:42.176,3,3,3,0,0
156302.374271,2026-07-15T05:50:42.178,3,3,3,0,0
156302.376965,2026-07-15T05:50:42.181,3,3,3,0,0
156302.379175,2026-07-15T05:50:42.183,3,3,3,0,0
156302.381920,2026-07-15T05:50:42.186,3,3,3,0,0
156302.384554,2026-07-15T05:50:42.188,3,3,3,0,0
156302.387136,2026-07-15T05:50:42.191,3,3,3,0,0
156302.389849,2026-07-15T05:50:42.194,3,3,3,0,0
156302.392148,2026-07-15T05:50:42.196,3,3,3,0,0
156302.394857,2026-07-15T05:50:42.198,3,3,3,0,0
156302.397414,2026-07-15T05:50:42.201,3,3,3,0,0
156302.399944,2026-07-15T05:50:42.204,3,3,3,0,0
156302.402478,2026-07-15T05:50:42.206,3,3,3,0,0
156302.404874,2026-07-15T05:50:42.209,3,3,3,0,0
156302.407395,2026-07-15T05:50:42.211,3,3,3,0,0
156302.410255,2026-07-15T05:50:42.214,3,3,3,0,0
156302.413159,2026-07-15T05:50:42.217,3,3,3,0,0
156302.416159,2026-07-15T05:50:42.219,3,3,3,0,0
156302.419099,2026-07-15T05:50:42.222,3,3,3,0,0
156302.422188,2026-07-15T05:50:42.226,3,3,3,0,0
156302.425072,2026-07-15T05:50:42.228,3,3,3,0,0
156302.428040,2026-07-15T05:50:42.231,3,3,3,0,0
156302.431274,2026-07-15T05:50:42.235,3,3,3,0,0
156302.434789,2026-07-15T05:50:42.238,3,3,3,0,0
156302.437519,2026-07-15T05:50:42.241,3,3,3,0,0
156302.440202,2026-07-15T05:50:42.244,3,3,3,0,0
156302.442838,2026-07-15T05:50:42.246,3,3,3,0,0
156302.445524,2026-07-15T05:50:42.249,3,3,3,0,0
156302.448156,2026-07-15T05:50:42.251,3,3,3,0,0
156302.450933,2026-07-15T05:50:42.255,3,3,3,0,0
156302.454200,2026-07-15T05:50:42.258,3,3,3,0,0
156302.456947,2026-07-15T05:50:42.261,3,3,3,0,0
156302.459657,2026-07-15T05:50:42.264,3,3,3,0,0
156302.462760,2026-07-15T05:50:42.267,3,3,3,0,0
156302.465522,2026-07-15T05:50:42.269,3,3,3,0,0
156302.468848,2026-07-15T05:50:42.273,3,3,3,0,0
156302.471653,2026-07-15T05:50:42.276,3,3,3,0,0
156302.474188,2026-07-15T05:50:42.278,3,3,3,0,0
156302.477096,2026-07-15T05:50:42.281,3,3,3,0,0
156302.479972,2026-07-15T05:50:42.284,3,3,3,0,0
156302.483049,2026-07-15T05:50:42.287,3,3,3,0,0
156302.485206,2026-07-15T05:50:42.289,3,3,3,0,0
156302.488185,2026-07-15T05:50:42.292,3,3,3,0,0
156302.490868,2026-07-15T05:50:42.294,3,3,3,0,0
156302.493246,2026-07-15T05:50:42.297,3,3,3,0,0
156302.496421,2026-07-15T05:50:42.300,3,3,3,0,0
156302.498872,2026-07-15T05:50:42.302,3,3,3,0,0
156302.501055,2026-07-15T05:50:42.305,3,3,3,0,0
156302.503475,2026-07-15T05:50:42.307,3,3,3,0,0
156302.506150,2026-07-15T05:50:42.310,3,3,3,0,0
156302.509351,2026-07-15T05:50:42.313,3,3,3,0,0
156302.512243,2026-07-15T05:50:42.316,3,3,3,0,0
156302.515519,2026-07-15T05:50:42.319,3,3,3,0,0
156302.518077,2026-07-15T05:50:42.322,3,3,3,0,0
156302.520780,2026-07-15T05:50:42.324,3,3,3,0,0
156302.523472,2026-07-15T05:50:42.327,3,3,3,0,0
156302.526027,2026-07-15T05:50:42.329,3,3,3,0,0
156302.528537,2026-07-15T05:50:42.332,3,3,3,0,0
156302.533374,2026-07-15T05:50:42.336,3,3,3,0,0
156302.536161,2026-07-15T05:50:42.339,3,3,3,0,0
156302.539650,2026-07-15T05:50:42.343,3,3,3,0,0
156302.542301,2026-07-15T05:50:42.346,3,3,3,0,0
156302.545949,2026-07-15T05:50:42.349,3,3,3,0,0
156302.548632,2026-07-15T05:50:42.352,3,3,3,0,0
156302.551625,2026-07-15T05:50:42.355,3,3,3,0,0
156302.554302,2026-07-15T05:50:42.358,3,3,3,0,0
156302.556826,2026-07-15T05:50:42.360,3,3,3,0,0
156302.559647,2026-07-15T05:50:42.363,3,3,3,0,0
156302.563461,2026-07-15T05:50:42.366,3,3,3,0,0
156302.566044,2026-07-15T05:50:42.369,3,3,3,0,0
156302.568927,2026-07-15T05:50:42.373,3,3,3,0,0
156302.571694,2026-07-15T05:50:42.376,3,3,3,0,0
156302.574416,2026-07-15T05:50:42.377,3,3,3,0,0
156302.577496,2026-07-15T05:50:42.381,3,3,3,0,0
156302.580268,2026-07-15T05:50:42.384,3,3,3,0,0
156302.582542,2026-07-15T05:50:42.386,3,3,3,0,0
156302.584854,2026-07-15T05:50:42.388,3,3,3,0,0
156302.587590,2026-07-15T05:50:42.391,3,3,3,0,0
156302.589903,2026-07-15T05:50:42.393,3,3,3,0,0
156302.593050,2026-07-15T05:50:42.397,3,3,3,0,0
156302.595863,2026-07-15T05:50:42.399,3,3,3,0,0
156302.598842,2026-07-15T05:50:42.402,3,3,3,0,0
156302.601545,2026-07-15T05:50:42.405,3,3,3,0,0
156302.604416,2026-07-15T05:50:42.408,3,3,3,0,0
156302.607055,2026-07-15T05:50:42.411,3,3,3,0,0
156302.609343,2026-07-15T05:50:42.413,3,3,3,0,0
156302.612205,2026-07-15T05:50:42.415,3,3,3,0,0
156302.614948,2026-07-15T05:50:42.418,3,3,3,0,0
156302.618161,2026-07-15T05:50:42.421,3,3,3,0,0
156302.621065,2026-07-15T05:50:42.424,3,3,3,0,0
156302.623771,2026-07-15T05:50:42.427,3,3,3,0,0
156302.626717,2026-07-15T05:50:42.430,3,3,3,0,0
156302.630523,2026-07-15T05:50:42.434,3,3,3,0,0
156302.633441,2026-07-15T05:50:42.437,3,3,3,0,0
156302.636204,2026-07-15T05:50:42.440,3,3,3,0,0
156302.639006,2026-07-15T05:50:42.443,3,3,3,0,0
156302.641851,2026-07-15T05:50:42.446,3,3,3,0,0
156302.644720,2026-07-15T05:50:42.448,3,3,3,0,0
156302.647515,2026-07-15T05:50:42.451,3,3,3,0,0
156302.650712,2026-07-15T05:50:42.454,3,3,3,0,0
156302.653705,2026-07-15T05:50:42.457,3,3,3,0,0
156302.656465,2026-07-15T05:50:42.460,3,3,3,0,0
156302.659073,2026-07-15T05:50:42.462,3,3,3,0,0
156302.661841,2026-07-15T05:50:42.465,3,3,3,0,0
156302.664651,2026-07-15T05:50:42.468,3,3,3,0,0
156302.667745,2026-07-15T05:50:42.471,3,3,3,0,0
156302.670775,2026-07-15T05:50:42.474,3,3,3,0,0
156302.673780,2026-07-15T05:50:42.477,3,3,3,0,0
156302.676387,2026-07-15T05:50:42.480,3,3,3,0,0
156302.679433,2026-07-15T05:50:42.483,3,3,3,0,0
156302.682692,2026-07-15T05:50:42.486,3,3,3,0,0
156302.685281,2026-07-15T05:50:42.489,3,3,3,0,0
156302.687734,2026-07-15T05:50:42.492,3,3,3,0,0
156302.690877,2026-07-15T05:50:42.495,3,3,3,0,0
156302.693557,2026-07-15T05:50:42.498,3,3,3,0,0
156302.696580,2026-07-15T05:50:42.500,3,3,3,0,0
156302.699486,2026-07-15T05:50:42.503,3,3,3,0,0
156302.702248,2026-07-15T05:50:42.506,3,3,3,0,0
156302.705206,2026-07-15T05:50:42.509,3,3,3,0,0
156302.707649,2026-07-15T05:50:42.512,3,3,3,0,0
156302.709866,2026-07-15T05:50:42.514,3,3,3,0,0
156302.712674,2026-07-15T05:50:42.517,3,3,3,0,0
156302.715391,2026-07-15T05:50:42.519,3,3,3,0,0
156302.718187,2026-07-15T05:50:42.522,3,3,3,0,0
156302.721134,2026-07-15T05:50:42.525,3,3,3,0,0
156302.723493,2026-07-15T05:50:42.527,3,3,3,0,0
156302.726267,2026-07-15T05:50:42.530,3,3,3,0,0
156302.729106,2026-07-15T05:50:42.533,3,3,3,0,0
156302.733101,2026-07-15T05:50:42.537,3,3,3,0,0
156302.735816,2026-07-15T05:50:42.538,3,3,3,0,0
156302.738964,2026-07-15T05:50:42.543,3,3,3,0,0
156302.741117,2026-07-15T05:50:42.545,3,3,3,0,0
156302.743629,2026-07-15T05:50:42.548,3,3,3,0,0
156302.746111,2026-07-15T05:50:42.550,3,3,3,0,0
156302.748473,2026-07-15T05:50:42.552,3,3,3,0,0
156302.751035,2026-07-15T05:50:42.554,3,3,3,0,0
156302.753331,2026-07-15T05:50:42.557,3,3,3,0,0
156302.756159,2026-07-15T05:50:42.560,3,3,3,0,0
156302.758873,2026-07-15T05:50:42.563,3,3,3,0,0
156302.761499,2026-07-15T05:50:42.565,3,3,3,0,0
156302.763766,2026-07-15T05:50:42.568,3,3,3,0,0
156302.765900,2026-07-15T05:50:42.569,3,3,3,0,0
156302.768536,2026-07-15T05:50:42.571,3,3,3,0,0
156302.771716,2026-07-15T05:50:42.575,3,3,3,0,0
156302.774620,2026-07-15T05:50:42.579,3,3,3,0,0
156302.777210,2026-07-15T05:50:42.581,3,3,3,0,0
156302.779898,2026-07-15T05:50:42.583,3,3,3,0,0
156302.782678,2026-07-15T05:50:42.586,3,3,3,0,0
156302.785339,2026-07-15T05:50:42.588,3,3,3,0,0
156302.787668,2026-07-15T05:50:42.591,3,3,3,0,0
156302.790404,2026-07-15T05:50:42.594,3,3,3,0,0
156302.793113,2026-07-15T05:50:42.597,3,3,3,0,0
156302.795938,2026-07-15T05:50:42.599,3,3,3,0,0
156302.798887,2026-07-15T05:50:42.603,3,3,3,0,0
156302.802209,2026-07-15T05:50:42.605,3,3,3,0,0
156302.805262,2026-07-15T05:50:42.609,3,3,3,0,0
156302.808020,2026-07-15T05:50:42.612,3,3,3,0,0
156302.810669,2026-07-15T05:50:42.614,3,3,3,0,0
156302.813181,2026-07-15T05:50:42.616,3,3,3,0,0
156302.815656,2026-07-15T05:50:42.620,3,3,3,0,0
156302.818140,2026-07-15T05:50:42.622,3,3,3,0,0
156302.820947,2026-07-15T05:50:42.623,3,3,3,0,0
156302.823683,2026-07-15T05:50:42.627,3,3,3,0,0
156302.826633,2026-07-15T05:50:42.629,3,3,3,0,0
156302.829114,2026-07-15T05:50:42.633,3,3,3,0,0
156302.832081,2026-07-15T05:50:42.635,3,3,3,0,0
156302.834306,2026-07-15T05:50:42.638,3,3,3,0,0
156302.837162,2026-07-15T05:50:42.640,3,3,3,0,0
156302.840091,2026-07-15T05:50:42.644,3,3,3,0,0
156302.842699,2026-07-15T05:50:42.647,3,3,3,0,0
156302.845189,2026-07-15T05:50:42.649,3,3,3,0,0
156302.848052,2026-07-15T05:50:42.651,3,3,3,0,0
156302.850671,2026-07-15T05:50:42.654,3,3,3,0,0
156302.853591,2026-07-15T05:50:42.657,3,3,3,0,0
156302.856497,2026-07-15T05:50:42.661,3,3,3,0,0
156302.859185,2026-07-15T05:50:42.663,3,3,3,0,0
156302.862144,2026-07-15T05:50:42.666,3,3,3,0,0
156302.864893,2026-07-15T05:50:42.668,3,3,3,0,0
156302.867562,2026-07-15T05:50:42.672,3,3,3,0,0
156302.869903,2026-07-15T05:50:42.673,3,3,3,0,0
156302.872743,2026-07-15T05:50:42.675,3,3,3,0,0
156302.875025,2026-07-15T05:50:42.679,3,3,3,0,0
156302.877089,2026-07-15T05:50:42.681,3,3,3,0,0
156302.879213,2026-07-15T05:50:42.683,3,3,3,0,0
156302.882650,2026-07-15T05:50:42.686,3,3,3,0,0
156302.885204,2026-07-15T05:50:42.689,3,3,3,0,0
156302.887563,2026-07-15T05:50:42.691,3,3,3,0,0
156302.890471,2026-07-15T05:50:42.694,3,3,3,0,0
156302.893046,2026-07-15T05:50:42.697,3,3,3,0,0
156302.898693,2026-07-15T05:50:42.702,3,3,3,0,0
156302.901995,2026-07-15T05:50:42.706,3,3,3,0,0
156302.905647,2026-07-15T05:50:42.710,3,3,3,0,0
156302.909375,2026-07-15T05:50:42.713,3,3,3,0,0
156302.912295,2026-07-15T05:50:42.716,3,3,3,0,0
156302.914723,2026-07-15T05:50:42.719,3,3,3,0,0
156302.919935,2026-07-15T05:50:42.724,3,3,3,0,0
156302.922647,2026-07-15T05:50:42.727,3,3,3,0,0
156302.924867,2026-07-15T05:50:42.729,3,3,3,0,0
156302.927432,2026-07-15T05:50:42.731,3,3,3,0,0
156302.930154,2026-07-15T05:50:42.734,3,3,3,0,0
156302.933042,2026-07-15T05:50:42.737,3,3,3,0,0
156302.935335,2026-07-15T05:50:42.739,3,3,3,0,0
156302.937891,2026-07-15T05:50:42.742,3,3,3,0,0
156302.940172,2026-07-15T05:50:42.744,3,3,3,0,0
156302.942496,2026-07-15T05:50:42.746,3,3,3,0,0
156302.944637,2026-07-15T05:50:42.749,3,3,3,0,0
156302.947121,2026-07-15T05:50:42.751,3,3,3,0,0
156302.949374,2026-07-15T05:50:42.752,3,3,3,0,0
156302.951878,2026-07-15T05:50:42.756,3,3,3,0,0
156302.954038,2026-07-15T05:50:42.758,3,3,3,0,0
156302.956495,2026-07-15T05:50:42.760,3,3,3,0,0
156302.958897,2026-07-15T05:50:42.762,3,3,3,0,0
156302.961046,2026-07-15T05:50:42.765,3,3,3,0,0
156302.963832,2026-07-15T05:50:42.768,3,3,3,0,0
156302.966757,2026-07-15T05:50:42.771,3,3,3,0,0
156302.968845,2026-07-15T05:50:42.773,3,3,3,0,0
156302.970977,2026-07-15T05:50:42.775,3,3,3,0,0
156302.973286,2026-07-15T05:50:42.777,3,3,3,0,0
156302.975919,2026-07-15T05:50:42.779,3,3,3,0,0
156302.978364,2026-07-15T05:50:42.781,3,3,3,0,0
156302.980796,2026-07-15T05:50:42.785,3,3,3,0,0
156302.983410,2026-07-15T05:50:42.787,3,3,3,0,0
156302.985858,2026-07-15T05:50:42.790,3,3,3,0,0
156302.988203,2026-07-15T05:50:42.792,3,3,3,0,0
156302.991002,2026-07-15T05:50:42.795,3,3,3,0,0
156302.993260,2026-07-15T05:50:42.797,3,3,3,0,0
156302.995447,2026-07-15T05:50:42.799,3,3,3,0,0
156302.997769,2026-07-15T05:50:42.801,3,3,3,0,0
156302.999935,2026-07-15T05:50:42.803,3,3,3,0,0
156303.002498,2026-07-15T05:50:42.806,3,3,3,0,0
156303.004835,2026-07-15T05:50:42.809,3,3,3,0,8
156303.007110,2026-07-15T05:50:42.811,36,0,3,0,8
156303.009525,2026-07-15T05:50:42.813,36,0,3,0,8
156303.012178,2026-07-15T05:50:42.815,36,0,3,0,8
156303.014389,2026-07-15T05:50:42.818,36,0,3,0,8
156303.016803,2026-07-15T05:50:42.821,36,0,3,0,8
156303.019312,2026-07-15T05:50:42.823,36,0,3,0,8
156303.021592,2026-07-15T05:50:42.826,36,0,3,0,8
156303.023923,2026-07-15T05:50:42.828,36,0,3,0,8
156303.026459,2026-07-15T05:50:42.830,36,0,3,0,8
156303.029113,2026-07-15T05:50:42.833,36,0,3,0,8
156303.031480,2026-07-15T05:50:42.835,36,0,3,0,8
156303.034644,2026-07-15T05:50:42.838,36,0,3,0,8
156303.037326,2026-07-15T05:50:42.841,36,0,3,0,8
156303.040241,2026-07-15T05:50:42.844,36,0,3,0,8
156303.042914,2026-07-15T05:50:42.846,36,0,3,0,8
156303.045842,2026-07-15T05:50:42.850,36,0,3,0,8
156303.048755,2026-07-15T05:50:42.853,36,0,3,0,8
156303.051639,2026-07-15T05:50:42.855,36,0,3,0,8
156303.054525,2026-07-15T05:50:42.858,36,0,3,0,8
156303.057064,2026-07-15T05:50:42.861,36,0,3,0,8
156303.059996,2026-07-15T05:50:42.863,36,0,3,0,8
156303.062593,2026-07-15T05:50:42.866,36,0,3,0,8
156303.065353,2026-07-15T05:50:42.868,36,0,3,0,8
156303.067790,2026-07-15T05:50:42.871,36,0,3,0,8
156303.070668,2026-07-15T05:50:42.874,36,0,3,0,8
156303.072988,2026-07-15T05:50:42.876,36,0,3,0,8
156303.075515,2026-07-15T05:50:42.879,36,0,3,0,8
156303.078176,2026-07-15T05:50:42.882,36,0,3,0,8
156303.081001,2026-07-15T05:50:42.884,36,0,3,0,8
156303.083453,2026-07-15T05:50:42.887,36,0,3,0,8
156303.085806,2026-07-15T05:50:42.889,36,0,3,0,8
156303.088557,2026-07-15T05:50:42.893,36,0,3,0,8
156303.091508,2026-07-15T05:50:42.895,36,0,3,0,8
156303.094524,2026-07-15T05:50:42.898,36,0,3,0,8
156303.097318,2026-07-15T05:50:42.901,36,0,3,0,8
156303.099970,2026-07-15T05:50:42.903,36,0,3,0,8
156303.102749,2026-07-15T05:50:42.906,36,0,3,0,8
156303.105277,2026-07-15T05:50:42.909,36,0,3,0,8
156303.107899,2026-07-15T05:50:42.912,36,0,3,0,8
156303.110658,2026-07-15T05:50:42.915,36,0,3,0,8
156303.112974,2026-07-15T05:50:42.917,36,0,3,0,8
156303.115587,2026-07-15T05:50:42.919,36,0,3,0,8
156303.118282,2026-07-15T05:50:42.922,36,0,3,0,8
156303.121096,2026-07-15T05:50:42.925,36,0,3,0,8
156303.123929,2026-07-15T05:50:42.928,36,0,3,0,8
156303.126688,2026-07-15T05:50:42.930,36,0,3,0,8
156303.129461,2026-07-15T05:50:42.933,36,0,3,0,8
156303.132562,2026-07-15T05:50:42.936,36,0,3,0,8
156303.135744,2026-07-15T05:50:42.940,36,0,3,0,8
156303.138464,2026-07-15T05:50:42.942,36,0,3,0,8
156303.141244,2026-07-15T05:50:42.944,36,0,3,0,8
156303.144056,2026-07-15T05:50:42.947,36,0,3,0,8
156303.146115,2026-07-15T05:50:42.949,36,0,3,0,8
156303.148663,2026-07-15T05:50:42.952,36,0,3,0,8
156303.151477,2026-07-15T05:50:42.955,36,0,3,0,8
156303.154050,2026-07-15T05:50:42.958,36,0,3,0,8
156303.156578,2026-07-15T05:50:42.960,36,0,3,0,8
156303.159161,2026-07-15T05:50:42.963,36,0,3,0,8
156303.162058,2026-07-15T05:50:42.965,36,0,3,0,8
156303.164890,2026-07-15T05:50:42.968,36,0,3,0,8
156303.167813,2026-07-15T05:50:42.972,36,0,3,0,8
156303.170061,2026-07-15T05:50:42.974,36,0,3,0,8
156303.172818,2026-07-15T05:50:42.977,36,0,3,0,8
156303.175367,2026-07-15T05:50:42.979,36,0,3,0,8
156303.177918,2026-07-15T05:50:42.982,36,0,3,0,8
156303.180713,2026-07-15T05:50:42.984,36,0,3,0,8
156303.183568,2026-07-15T05:50:42.988,36,0,3,0,8
156303.186337,2026-07-15T05:50:42.990,36,0,3,0,8
156303.189150,2026-07-15T05:50:42.993,36,0,3,0,8
156303.191562,2026-07-15T05:50:42.995,36,0,3,0,8
156303.194230,2026-07-15T05:50:42.997,36,0,3,0,8
156303.196673,2026-07-15T05:50:43.001,36,0,3,0,8
156303.199537,2026-07-15T05:50:43.003,36,0,3,0,8
156303.202763,2026-07-15T05:50:43.007,36,0,3,0,8
156303.205615,2026-07-15T05:50:43.009,36,0,3,0,8
156303.208484,2026-07-15T05:50:43.012,36,0,3,0,8
156303.211076,2026-07-15T05:50:43.014,36,0,3,0,8
156303.213940,2026-07-15T05:50:43.017,36,0,3,0,8
156303.216219,2026-07-15T05:50:43.019,36,0,3,0,8
156303.218296,2026-07-15T05:50:43.022,36,0,3,0,8
156303.221083,2026-07-15T05:50:43.024,36,0,3,0,8
156303.223686,2026-07-15T05:50:43.028,36,0,3,0,8
156303.226126,2026-07-15T05:50:43.030,36,0,3,0,8
156303.228436,2026-07-15T05:50:43.032,36,0,3,0,8
156303.230526,2026-07-15T05:50:43.034,36,0,3,0,8
156303.232901,2026-07-15T05:50:43.036,36,0,3,0,8
156303.235238,2026-07-15T05:50:43.039,36,0,3,0,8
156303.237838,2026-07-15T05:50:43.042,36,0,3,0,8
156303.240787,2026-07-15T05:50:43.045,36,0,3,0,8
156303.244120,2026-07-15T05:50:43.048,36,0,3,0,8
156303.246952,2026-07-15T05:50:43.051,36,0,3,0,8
156303.249516,2026-07-15T05:50:43.054,36,0,3,0,9
156303.252114,2026-07-15T05:50:43.056,133,0,3,0,9
156303.254634,2026-07-15T05:50:43.058,133,0,3,0,9
156303.257139,2026-07-15T05:50:43.060,133,0,3,0,9
156303.260177,2026-07-15T05:50:43.064,133,0,3,0,9
156303.262998,2026-07-15T05:50:43.066,133,0,3,0,9
156303.265275,2026-07-15T05:50:43.069,133,0,3,0,9
156303.267904,2026-07-15T05:50:43.071,133,0,3,0,9
156303.270415,2026-07-15T05:50:43.074,133,0,3,0,9
156303.273017,2026-07-15T05:50:43.077,133,0,3,0,9
156303.275456,2026-07-15T05:50:43.079,133,0,3,0,9
156303.278556,2026-07-15T05:50:43.081,133,0,3,0,9
156303.281055,2026-07-15T05:50:43.084,133,0,3,0,9
156303.284203,2026-07-15T05:50:43.088,133,0,3,0,9
156303.287016,2026-07-15T05:50:43.091,133,0,3,0,9
156303.290173,2026-07-15T05:50:43.094,133,0,3,0,9
156303.293005,2026-07-15T05:50:43.097,133,0,3,0,9
156303.296062,2026-07-15T05:50:43.099,133,0,3,0,9
156303.298629,2026-07-15T05:50:43.102,133,0,3,0,9
156303.301490,2026-07-15T05:50:43.105,133,0,3,0,9
156303.304104,2026-07-15T05:50:43.108,133,0,3,0,9
156303.307193,2026-07-15T05:50:43.111,133,0,3,0,9
156303.309873,2026-07-15T05:50:43.114,133,0,3,0,9
156303.312234,2026-07-15T05:50:43.116,133,0,3,0,9
156303.314920,2026-07-15T05:50:43.118,133,0,3,0,9
156303.317441,2026-07-15T05:50:43.121,133,0,3,0,9
156303.320228,2026-07-15T05:50:43.123,133,0,3,0,9
156303.323021,2026-07-15T05:50:43.127,133,0,3,0,9
156303.325882,2026-07-15T05:50:43.129,133,0,3,0,9
156303.328934,2026-07-15T05:50:43.133,133,0,3,0,9
156303.331451,2026-07-15T05:50:43.135,133,0,3,0,9
156303.336415,2026-07-15T05:50:43.140,133,0,3,0,9
156303.339409,2026-07-15T05:50:43.143,133,0,3,0,9
156303.342441,2026-07-15T05:50:43.146,133,0,3,0,9
156303.345598,2026-07-15T05:50:43.149,133,0,3,0,9
156303.348153,2026-07-15T05:50:43.152,133,0,3,0,9
156303.350732,2026-07-15T05:50:43.154,133,0,3,0,9
156303.353597,2026-07-15T05:50:43.157,133,0,3,0,9
156303.356585,2026-07-15T05:50:43.159,133,0,3,0,9
156303.359295,2026-07-15T05:50:43.163,133,0,3,0,9
156303.361875,2026-07-15T05:50:43.165,133,0,3,0,9
156303.364481,2026-07-15T05:50:43.168,133,0,3,0,9
156303.367120,2026-07-15T05:50:43.170,133,0,3,0,9
156303.369651,2026-07-15T05:50:43.173,133,0,3,0,9
156303.372082,2026-07-15T05:50:43.176,133,0,3,0,9
156303.374695,2026-07-15T05:50:43.179,133,0,3,0,9
156303.377474,2026-07-15T05:50:43.181,133,0,3,0,9
156303.380325,2026-07-15T05:50:43.184,133,0,3,0,9
156303.383037,2026-07-15T05:50:43.186,133,0,3,0,9
156303.385718,2026-07-15T05:50:43.188,133,0,3,0,9
156303.388531,2026-07-15T05:50:43.193,133,0,3,0,9
156303.391207,2026-07-15T05:50:43.194,133,0,3,0,9
156303.393814,2026-07-15T05:50:43.197,133,0,3,0,9
156303.396730,2026-07-15T05:50:43.200,133,0,3,0,9
156303.399489,2026-07-15T05:50:43.203,133,0,3,0,9
156303.402163,2026-07-15T05:50:43.206,133,0,3,0,9
156303.404695,2026-07-15T05:50:43.208,133,0,3,0,9
156303.407702,2026-07-15T05:50:43.211,133,0,3,0,9
156303.410535,2026-07-15T05:50:43.214,133,0,3,0,9
156303.413285,2026-07-15T05:50:43.217,133,0,3,0,9
156303.415927,2026-07-15T05:50:43.220,133,0,3,0,9
156303.418642,2026-07-15T05:50:43.222,133,0,3,0,9
156303.421273,2026-07-15T05:50:43.225,133,0,3,0,9
156303.424195,2026-07-15T05:50:43.227,133,0,3,0,9
156303.427066,2026-07-15T05:50:43.231,133,0,3,0,9
156303.429468,2026-07-15T05:50:43.233,133,0,3,0,9
156303.432292,2026-07-15T05:50:43.236,133,0,3,0,9
156303.434736,2026-07-15T05:50:43.238,133,0,3,0,9
156303.437615,2026-07-15T05:50:43.241,133,0,3,0,9
156303.439922,2026-07-15T05:50:43.244,133,0,3,0,9
156303.442747,2026-07-15T05:50:43.246,133,0,3,0,9
156303.445582,2026-07-15T05:50:43.249,133,0,3,0,9
156303.448628,2026-07-15T05:50:43.252,133,0,3,0,9
156303.451345,2026-07-15T05:50:43.255,133,0,3,0,9
156303.453631,2026-07-15T05:50:43.257,133,0,3,0,9
156303.456810,2026-07-15T05:50:43.261,133,0,3,0,9
156303.459210,2026-07-15T05:50:43.263,133,0,3,0,9
156303.461438,2026-07-15T05:50:43.265,133,0,3,0,9
156303.464105,2026-07-15T05:50:43.268,133,0,3,0,9
156303.466937,2026-07-15T05:50:43.271,133,0,3,0,9
156303.470221,2026-07-15T05:50:43.273,133,0,3,0,9
156303.472913,2026-07-15T05:50:43.276,133,0,3,0,9
156303.475612,2026-07-15T05:50:43.280,133,0,3,0,9
156303.478333,2026-07-15T05:50:43.282,133,0,3,0,9
156303.480648,2026-07-15T05:50:43.285,133,0,3,0,9
156303.483436,2026-07-15T05:50:43.287,133,0,3,0,9
156303.486066,2026-07-15T05:50:43.290,133,0,3,0,9
156303.488519,2026-07-15T05:50:43.292,133,0,3,0,9
156303.491257,2026-07-15T05:50:43.294,133,0,3,0,9
156303.493401,2026-07-15T05:50:43.297,133,0,3,0,9
156303.496068,2026-07-15T05:50:43.299,231,0,3,0,9
156303.498455,2026-07-15T05:50:43.302,231,0,3,0,9
156303.501031,2026-07-15T05:50:43.305,231,0,3,0,9
156303.503261,2026-07-15T05:50:43.306,231,0,3,0,9
156303.505774,2026-07-15T05:50:43.310,231,0,3,0,9
156303.508176,2026-07-15T05:50:43.312,231,0,3,0,9
156303.510898,2026-07-15T05:50:43.314,231,0,3,0,9
156303.513521,2026-07-15T05:50:43.317,231,0,3,0,9
156303.515920,2026-07-15T05:50:43.320,231,0,3,0,9
156303.518733,2026-07-15T05:50:43.323,231,0,3,0,9
156303.521298,2026-07-15T05:50:43.325,231,0,3,0,9
156303.523959,2026-07-15T05:50:43.328,231,0,3,0,9
156303.526859,2026-07-15T05:50:43.330,231,0,3,0,9
156303.529524,2026-07-15T05:50:43.333,231,0,3,0,9
156303.532149,2026-07-15T05:50:43.336,231,0,3,0,9
156303.535048,2026-07-15T05:50:43.338,231,0,3,0,9
156303.537885,2026-07-15T05:50:43.342,231,0,3,0,9
156303.540735,2026-07-15T05:50:43.344,231,0,3,0,9
156303.543325,2026-07-15T05:50:43.346,231,0,3,0,9
156303.546082,2026-07-15T05:50:43.350,231,0,3,0,9
156303.548799,2026-07-15T05:50:43.352,231,0,3,0,9
156303.551098,2026-07-15T05:50:43.354,231,0,3,0,9
156303.553677,2026-07-15T05:50:43.357,231,0,3,0,9
156303.556513,2026-07-15T05:50:43.360,231,0,3,0,9
156303.558833,2026-07-15T05:50:43.363,231,0,3,0,9
156303.561316,2026-07-15T05:50:43.364,231,0,3,0,9
156303.563376,2026-07-15T05:50:43.367,231,0,3,0,9
156303.565845,2026-07-15T05:50:43.370,231,0,3,0,9
156303.567909,2026-07-15T05:50:43.372,231,0,3,0,9
156303.570439,2026-07-15T05:50:43.374,231,0,3,0,9
156303.572928,2026-07-15T05:50:43.377,231,0,3,0,9
156303.575402,2026-07-15T05:50:43.379,231,0,3,0,9
156303.577976,2026-07-15T05:50:43.382,231,0,3,0,9
156303.580052,2026-07-15T05:50:43.384,231,0,3,0,9
156303.582558,2026-07-15T05:50:43.387,231,0,3,0,9
156303.584762,2026-07-15T05:50:43.388,231,0,3,0,9
156303.587056,2026-07-15T05:50:43.391,231,0,3,0,9
156303.589476,2026-07-15T05:50:43.394,231,0,3,0,9
156303.591610,2026-07-15T05:50:43.396,231,0,3,0,9
156303.593852,2026-07-15T05:50:43.398,231,0,3,0,9
156303.596382,2026-07-15T05:50:43.400,231,0,3,0,9
156303.598474,2026-07-15T05:50:43.403,231,0,3,0,9
156303.601311,2026-07-15T05:50:43.405,231,0,3,0,9
156303.603603,2026-07-15T05:50:43.408,231,0,3,0,9
156303.605753,2026-07-15T05:50:43.410,231,0,3,0,9
156303.608495,2026-07-15T05:50:43.412,231,0,3,0,9
156303.610790,2026-07-15T05:50:43.415,231,0,3,0,9
156303.613428,2026-07-15T05:50:43.417,231,0,3,0,9
156303.615760,2026-07-15T05:50:43.420,231,0,3,0,9
156303.618560,2026-07-15T05:50:43.423,231,0,3,0,9
156303.621181,2026-07-15T05:50:43.425,231,0,3,0,9
156303.623750,2026-07-15T05:50:43.428,231,0,3,0,9
156303.626507,2026-07-15T05:50:43.430,231,0,3,0,9
156303.628804,2026-07-15T05:50:43.432,231,0,3,0,9
156303.631436,2026-07-15T05:50:43.435,231,0,3,0,9
156303.635076,2026-07-15T05:50:43.439,231,0,3,0,9
156303.637794,2026-07-15T05:50:43.441,231,0,3,0,9
156303.640458,2026-07-15T05:50:43.444,231,0,3,0,9
156303.643201,2026-07-15T05:50:43.447,231,0,3,0,9
156303.646130,2026-07-15T05:50:43.450,231,0,3,0,9
156303.648853,2026-07-15T05:50:43.453,231,0,3,0,9
156303.651448,2026-07-15T05:50:43.455,231,0,3,0,9
156303.654127,2026-07-15T05:50:43.457,231,0,3,0,9
156303.656563,2026-07-15T05:50:43.460,231,0,3,0,9
156303.659461,2026-07-15T05:50:43.462,231,0,3,0,9
156303.661886,2026-07-15T05:50:43.465,231,0,3,0,9
156303.664600,2026-07-15T05:50:43.468,231,0,3,0,9
156303.667308,2026-07-15T05:50:43.471,231,0,3,0,9
156303.670042,2026-07-15T05:50:43.474,231,0,3,0,9
156303.672725,2026-07-15T05:50:43.476,231,0,3,0,9
156303.675317,2026-07-15T05:50:43.479,231,0,3,0,9
156303.677596,2026-07-15T05:50:43.482,231,0,3,0,9
156303.680184,2026-07-15T05:50:43.484,231,0,3,0,9
156303.682854,2026-07-15T05:50:43.487,231,0,3,0,9
156303.685348,2026-07-15T05:50:43.489,231,0,3,0,9
156303.687564,2026-07-15T05:50:43.491,231,0,3,0,9
156303.690055,2026-07-15T05:50:43.494,231,0,3,0,9
156303.692473,2026-07-15T05:50:43.497,231,0,3,0,9
156303.694632,2026-07-15T05:50:43.499,231,0,3,0,9
156303.697063,2026-07-15T05:50:43.501,231,0,3,0,9
156303.700000,2026-07-15T05:50:43.503,231,0,3,0,9
156303.702492,2026-07-15T05:50:43.507,231,0,3,0,9
156303.705109,2026-07-15T05:50:43.509,231,0,3,0,9
156303.707611,2026-07-15T05:50:43.511,231,0,3,0,9
156303.709947,2026-07-15T05:50:43.514,231,0,3,0,9
156303.712258,2026-07-15T05:50:43.516,231,0,3,0,9
156303.715319,2026-07-15T05:50:43.519,231,0,3,0,9
156303.718019,2026-07-15T05:50:43.521,231,0,3,0,9
156303.720380,2026-07-15T05:50:43.524,231,0,3,0,9
156303.723131,2026-07-15T05:50:43.527,231,0,3,0,9
156303.725338,2026-07-15T05:50:43.529,231,0,3,0,9
156303.728289,2026-07-15T05:50:43.532,231,0,3,0,9
156303.731119,2026-07-15T05:50:43.534,231,0,3,0,9
156303.733755,2026-07-15T05:50:43.538,231,0,3,0,9
156303.736370,2026-07-15T05:50:43.540,231,0,3,0,9
156303.738882,2026-07-15T05:50:43.542,231,0,3,0,0
156303.741522,2026-07-15T05:50:43.546,249,3,3,0,0
156303.744180,2026-07-15T05:50:43.548,249,3,3,0,0
156303.747297,2026-07-15T05:50:43.551,249,3,3,0,0
156303.751034,2026-07-15T05:50:43.554,249,3,3,0,0
156303.753770,2026-07-15T05:50:43.557,249,3,3,0,0
156303.756573,2026-07-15T05:50:43.560,249,3,3,0,0
156303.759205,2026-07-15T05:50:43.562,249,3,3,0,0
156303.761774,2026-07-15T05:50:43.565,249,3,3,0,0
156303.764579,2026-07-15T05:50:43.568,249,3,3,0,0
156303.767282,2026-07-15T05:50:43.571,249,3,3,0,0
156303.770152,2026-07-15T05:50:43.574,249,3,3,0,0
156303.772986,2026-07-15T05:50:43.577,249,3,3,0,0
156303.775436,2026-07-15T05:50:43.579,249,3,3,0,0
156303.778090,2026-07-15T05:50:43.582,249,3,3,0,0
156303.780923,2026-07-15T05:50:43.584,249,3,3,0,0
156303.783712,2026-07-15T05:50:43.588,249,3,3,0,0
156303.786468,2026-07-15T05:50:43.590,249,3,3,0,0
156303.789107,2026-07-15T05:50:43.593,249,3,3,0,0
156303.791989,2026-07-15T05:50:43.596,249,3,3,0,0
156303.794871,2026-07-15T05:50:43.599,249,3,3,0,0
156303.797386,2026-07-15T05:50:43.601,249,3,3,0,0
156303.800223,2026-07-15T05:50:43.604,249,3,3,0,0
156303.803164,2026-07-15T05:50:43.607,249,3,3,0,0
156303.805795,2026-07-15T05:50:43.609,249,3,3,0,0
156303.808597,2026-07-15T05:50:43.612,249,3,3,0,0
156303.811540,2026-07-15T05:50:43.615,249,3,3,0,0
156303.814571,2026-07-15T05:50:43.618,249,3,3,0,0
156303.816882,2026-07-15T05:50:43.621,249,3,3,0,0
156303.819599,2026-07-15T05:50:43.623,249,3,3,0,0
156303.822320,2026-07-15T05:50:43.626,249,3,3,0,0
156303.825026,2026-07-15T05:50:43.629,249,3,3,0,0
156303.828050,2026-07-15T05:50:43.632,249,3,3,0,0
156303.830863,2026-07-15T05:50:43.634,249,3,3,0,0
156303.833616,2026-07-15T05:50:43.637,249,3,3,0,0
156303.836532,2026-07-15T05:50:43.640,249,3,3,0,0
156303.839248,2026-07-15T05:50:43.643,249,3,3,0,0
156303.841952,2026-07-15T05:50:43.645,249,3,3,0,0
156303.844525,2026-07-15T05:50:43.648,249,3,3,0,0
156303.847284,2026-07-15T05:50:43.651,249,3,3,0,0
156303.850046,2026-07-15T05:50:43.654,249,3,3,0,0
156303.852616,2026-07-15T05:50:43.656,249,3,3,0,0
156303.855350,2026-07-15T05:50:43.658,249,3,3,0,0
156303.857872,2026-07-15T05:50:43.662,249,3,3,0,0
156303.860656,2026-07-15T05:50:43.664,249,3,3,0,0
156303.863395,2026-07-15T05:50:43.666,249,3,3,0,0
156303.866103,2026-07-15T05:50:43.669,249,3,3,0,0
156303.868641,2026-07-15T05:50:43.673,249,3,3,0,0
156303.871420,2026-07-15T05:50:43.675,249,3,3,0,0
156303.874389,2026-07-15T05:50:43.678,249,3,3,0,0
156303.877202,2026-07-15T05:50:43.681,249,3,3,0,0
156303.879882,2026-07-15T05:50:43.684,249,3,3,0,0
156303.882664,2026-07-15T05:50:43.687,249,3,3,0,0
156303.885479,2026-07-15T05:50:43.689,249,3,3,0,0
156303.888270,2026-07-15T05:50:43.691,249,3,3,0,0
156303.890866,2026-07-15T05:50:43.694,249,3,3,0,0
156303.893336,2026-07-15T05:50:43.697,249,3,3,0,0
156303.896033,2026-07-15T05:50:43.699,249,3,3,0,0
156303.898845,2026-07-15T05:50:43.702,249,3,3,0,0
156303.901250,2026-07-15T05:50:43.704,249,3,3,0,0
156303.904080,2026-07-15T05:50:43.707,249,3,3,0,0
156303.907191,2026-07-15T05:50:43.711,249,3,3,0,0
156303.909195,2026-07-15T05:50:43.713,249,3,3,0,0
156303.911744,2026-07-15T05:50:43.716,249,3,3,0,0
156303.914819,2026-07-15T05:50:43.717,249,3,3,0,0
156303.917375,2026-07-15T05:50:43.721,249,3,3,0,0
156303.919842,2026-07-15T05:50:43.722,249,3,3,0,0
156303.924422,2026-07-15T05:50:43.727,249,3,3,0,0
156303.928390,2026-07-15T05:50:43.732,249,3,3,0,0
156303.930767,2026-07-15T05:50:43.734,249,3,3,0,0
156303.932861,2026-07-15T05:50:43.737,249,3,3,0,0
156303.934972,2026-07-15T05:50:43.739,249,3,3,0,0
156303.938483,2026-07-15T05:50:43.742,249,3,3,0,0
156303.940928,2026-07-15T05:50:43.745,249,3,3,0,0
156303.942953,2026-07-15T05:50:43.747,249,3,3,0,0
156303.945588,2026-07-15T05:50:43.750,249,3,3,0,0
156303.948037,2026-07-15T05:50:43.751,249,3,3,0,0
156303.950786,2026-07-15T05:50:43.755,249,3,3,0,0
156303.952900,2026-07-15T05:50:43.757,249,3,3,0,0
156303.955332,2026-07-15T05:50:43.759,249,3,3,0,0
156303.957988,2026-07-15T05:50:43.762,249,3,3,0,0
156303.960064,2026-07-15T05:50:43.764,249,3,3,0,0
156303.962975,2026-07-15T05:50:43.767,249,3,3,0,0
156303.965133,2026-07-15T05:50:43.769,249,3,3,0,0
156303.967213,2026-07-15T05:50:43.771,249,3,3,0,0
156303.969850,2026-07-15T05:50:43.774,249,3,3,0,0
156303.972147,2026-07-15T05:50:43.776,249,3,3,0,0
156303.974269,2026-07-15T05:50:43.778,249,3,3,0,0
156303.976320,2026-07-15T05:50:43.780,249,3,3,0,0
156303.978821,2026-07-15T05:50:43.783,249,3,3,0,0
156303.981059,2026-07-15T05:50:43.785,249,3,3,0,0
156303.983539,2026-07-15T05:50:43.787,249,3,3,0,0
156303.985620,2026-07-15T05:50:43.789,249,3,3,0,0
156303.987808,2026-07-15T05:50:43.791,249,3,3,0,0
156303.990531,2026-07-15T05:50:43.794,249,3,3,0,0
156303.992552,2026-07-15T05:50:43.797,249,3,3,0,0
156303.994876,2026-07-15T05:50:43.799,249,3,3,0,0
156303.997520,2026-07-15T05:50:43.801,249,3,3,0,0
156303.999672,2026-07-15T05:50:43.803,249,3,3,0,0
156304.002168,2026-07-15T05:50:43.806,249,3,3,0,0
156304.004512,2026-07-15T05:50:43.808,249,3,3,0,0
156304.006831,2026-07-15T05:50:43.810,249,3,3,0,0
156304.009508,2026-07-15T05:50:43.813,249,3,3,0,0
156304.011747,2026-07-15T05:50:43.815,249,3,3,0,0
156304.014527,2026-07-15T05:50:43.818,249,3,3,0,0
156304.016748,2026-07-15T05:50:43.820,249,3,3,0,0
156304.018809,2026-07-15T05:50:43.822,249,3,3,0,0
156304.021088,2026-07-15T05:50:43.825,249,3,3,0,0
156304.023875,2026-07-15T05:50:43.827,249,3,3,0,0
156304.026366,2026-07-15T05:50:43.830,249,3,3,0,0
156304.028632,2026-07-15T05:50:43.832,249,3,3,0,0
156304.030978,2026-07-15T05:50:43.834,249,3,3,0,0
156304.033238,2026-07-15T05:50:43.837,249,3,3,0,0
156304.036241,2026-07-15T05:50:43.840,249,3,3,0,0
156304.038910,2026-07-15T05:50:43.843,249,3,3,0,0
156304.041549,2026-07-15T05:50:43.845,249,3,3,0,0
156304.043906,2026-07-15T05:50:43.847,249,3,3,0,0
156304.046261,2026-07-15T05:50:43.850,249,3,3,0,0
156304.048337,2026-07-15T05:50:43.852,249,3,3,0,0
156304.050942,2026-07-15T05:50:43.854,249,3,3,0,0
156304.053188,2026-07-15T05:50:43.857,249,3,3,0,0
156304.055598,2026-07-15T05:50:43.860,249,3,3,0,0
156304.058503,2026-07-15T05:50:43.862,249,3,3,0,0
156304.061279,2026-07-15T05:50:43.865,249,3,3,0,0
156304.063871,2026-07-15T05:50:43.867,249,3,3,0,0
156304.066569,2026-07-15T05:50:43.870,249,3,3,0,0
156304.069312,2026-07-15T05:50:43.873,249,3,3,0,0
156304.072069,2026-07-15T05:50:43.875,249,3,3,0,0
156304.074753,2026-07-15T05:50:43.878,249,3,3,0,0
156304.077564,2026-07-15T05:50:43.881,249,3,3,0,0
156304.079964,2026-07-15T05:50:43.883,249,3,3,0,0
156304.082892,2026-07-15T05:50:43.886,249,3,3,0,0
156304.085218,2026-07-15T05:50:43.888,249,3,3,0,0
156304.087511,2026-07-15T05:50:43.891,249,3,3,0,0
156304.089933,2026-07-15T05:50:43.893,249,3,3,0,0
156304.092442,2026-07-15T05:50:43.896,249,3,3,0,0
156304.095048,2026-07-15T05:50:43.898,249,3,3,0,0
156304.097536,2026-07-15T05:50:43.902,249,3,3,0,0
156304.100160,2026-07-15T05:50:43.904,249,3,3,0,0
156304.102865,2026-07-15T05:50:43.906,249,3,3,0,0
156304.105257,2026-07-15T05:50:43.909,249,3,3,0,0
156304.107920,2026-07-15T05:50:43.912,249,3,3,0,0
156304.110314,2026-07-15T05:50:43.914,249,3,3,0,0
156304.112753,2026-07-15T05:50:43.917,249,3,3,0,0
156304.115327,2026-07-15T05:50:43.919,249,3,3,0,0
156304.117947,2026-07-15T05:50:43.922,249,3,3,0,0
156304.120544,2026-07-15T05:50:43.924,249,3,3,0,0
156304.123339,2026-07-15T05:50:43.927,249,3,3,0,0
156304.126127,2026-07-15T05:50:43.930,249,3,3,0,0
156304.128854,2026-07-15T05:50:43.933,249,3,3,0,0
156304.131638,2026-07-15T05:50:43.935,249,3,3,0,0
156304.134466,2026-07-15T05:50:43.938,249,3,3,0,0
156304.137553,2026-07-15T05:50:43.941,249,3,3,0,0
156304.140234,2026-07-15T05:50:43.944,249,3,3,0,0
156304.143093,2026-07-15T05:50:43.947,249,3,3,0,0
156304.145736,2026-07-15T05:50:43.949,249,3,3,0,0
156304.148448,2026-07-15T05:50:43.952,249,3,3,0,0
156304.151381,2026-07-15T05:50:43.955,249,3,3,0,0
156304.154105,2026-07-15T05:50:43.958,249,3,3,0,0
156304.156882,2026-07-15T05:50:43.960,249,3,3,0,0
156304.159775,2026-07-15T05:50:43.963,249,3,3,0,0
156304.162317,2026-07-15T05:50:43.966,249,3,3,0,0
156304.165261,2026-07-15T05:50:43.969,249,3,3,0,0
156304.168188,2026-07-15T05:50:43.972,249,3,3,0,0
156304.170953,2026-07-15T05:50:43.975,249,3,3,0,0
156304.174123,2026-07-15T05:50:43.978,249,3,3,0,0
156304.176746,2026-07-15T05:50:43.981,249,3,3,0,0
156304.179583,2026-07-15T05:50:43.983,249,3,3,0,0
156304.182521,2026-07-15T05:50:43.986,249,3,3,0,0
156304.185192,2026-07-15T05:50:43.988,249,3,3,0,0
156304.188161,2026-07-15T05:50:43.991,249,3,3,0,0
156304.191057,2026-07-15T05:50:43.994,249,3,3,0,0
156304.193883,2026-07-15T05:50:43.997,249,3,3,0,0
156304.196508,2026-07-15T05:50:44.000,249,3,3,0,0
156304.199205,2026-07-15T05:50:44.002,249,3,3,0,0
156304.202172,2026-07-15T05:50:44.005,249,3,3,0,0
156304.205033,2026-07-15T05:50:44.008,249,3,3,0,0
156304.207767,2026-07-15T05:50:44.011,249,3,3,0,0
156304.210444,2026-07-15T05:50:44.014,249,3,3,0,0
156304.212897,2026-07-15T05:50:44.017,249,3,3,0,0
156304.215485,2026-07-15T05:50:44.019,249,3,3,0,0
156304.218141,2026-07-15T05:50:44.022,249,3,3,0,0
156304.220904,2026-07-15T05:50:44.025,249,3,3,0,0
156304.223648,2026-07-15T05:50:44.027,249,3,3,0,0
156304.226228,2026-07-15T05:50:44.030,249,3,3,0,0
156304.228943,2026-07-15T05:50:44.032,249,3,3,0,0
156304.231613,2026-07-15T05:50:44.035,249,3,3,0,0
156304.234261,2026-07-15T05:50:44.038,249,3,3,0,0
156304.237259,2026-07-15T05:50:44.041,249,3,3,0,0
156304.240077,2026-07-15T05:50:44.044,249,3,3,0,0
156304.242455,2026-07-15T05:50:44.046,249,3,3,0,0
156304.245139,2026-07-15T05:50:44.049,249,3,3,0,0
156304.247808,2026-07-15T05:50:44.052,249,3,3,0,0
156304.250635,2026-07-15T05:50:44.054,249,3,3,0,0
156304.253420,2026-07-15T05:50:44.057,249,3,3,0,0
156304.255863,2026-07-15T05:50:44.059,249,3,3,0,0
156304.258506,2026-07-15T05:50:44.062,249,3,3,0,0
156304.261071,2026-07-15T05:50:44.065,249,3,3,0,0
156304.263790,2026-07-15T05:50:44.067,249,3,3,0,0
156304.266917,2026-07-15T05:50:44.071,249,3,3,0,0
156304.269696,2026-07-15T05:50:44.073,249,3,3,0,0
156304.272705,2026-07-15T05:50:44.077,249,3,3,0,0
156304.275508,2026-07-15T05:50:44.079,249,3,3,0,0
156304.278173,2026-07-15T05:50:44.081,249,3,3,0,0
156304.280778,2026-07-15T05:50:44.084,249,3,3,0,0
156304.283539,2026-07-15T05:50:44.088,249,3,3,0,0
156304.286296,2026-07-15T05:50:44.090,249,3,3,0,0
156304.288839,2026-07-15T05:50:44.093,249,3,3,0,0
156304.291630,2026-07-15T05:50:44.096,249,3,3,0,0
156304.294289,2026-07-15T05:50:44.098,249,3,3,0,0
156304.297140,2026-07-15T05:50:44.101,249,3,3,0,0
156304.300174,2026-07-15T05:50:44.104,249,3,3,0,0
156304.302970,2026-07-15T05:50:44.107,249,3,3,0,0
156304.306096,2026-07-15T05:50:44.110,249,3,3,0,0
156304.308745,2026-07-15T05:50:44.112,249,3,3,0,0
156304.311224,2026-07-15T05:50:44.115,249,3,3,0,0
156304.313560,2026-07-15T05:50:44.117,249,3,3,0,0
156304.316133,2026-07-15T05:50:44.119,249,3,3,0,0
156304.318500,2026-07-15T05:50:44.122,249,3,3,0,0
156304.321244,2026-07-15T05:50:44.125,249,3,3,0,0
156304.324134,2026-07-15T05:50:44.128,249,3,3,0,0
156304.327052,2026-07-15T05:50:44.131,249,3,3,0,0
156304.329987,2026-07-15T05:50:44.133,249,3,3,0,0
156304.332758,2026-07-15T05:50:44.136,249,3,3,0,0
156304.335239,2026-07-15T05:50:44.139,249,3,3,0,0
156304.338289,2026-07-15T05:50:44.142,249,3,3,0,0
156304.340918,2026-07-15T05:50:44.145,249,3,3,0,0
156304.344105,2026-07-15T05:50:44.148,249,3,3,0,0
156304.346526,2026-07-15T05:50:44.151,249,3,3,0,0
156304.349099,2026-07-15T05:50:44.153,249,3,3,0,0
156304.352089,2026-07-15T05:50:44.156,249,3,3,0,0
156304.354606,2026-07-15T05:50:44.158,249,3,3,0,0
156304.357360,2026-07-15T05:50:44.161,249,3,3,0,0
156304.359475,2026-07-15T05:50:44.163,249,3,3,0,0
156304.362198,2026-07-15T05:50:44.165,249,3,3,0,0
156304.365092,2026-07-15T05:50:44.169,249,3,3,0,0
156304.367707,2026-07-15T05:50:44.171,249,3,3,0,0
156304.370275,2026-07-15T05:50:44.174,249,3,3,0,0
156304.372846,2026-07-15T05:50:44.176,249,3,3,0,0
156304.375189,2026-07-15T05:50:44.179,249,3,3,0,0
156304.377688,2026-07-15T05:50:44.182,249,3,3,0,0
156304.380241,2026-07-15T05:50:44.184,249,3,3,0,0
156304.382953,2026-07-15T05:50:44.186,249,3,3,0,0
156304.385491,2026-07-15T05:50:44.189,249,3,3,0,0
156304.388082,2026-07-15T05:50:44.192,249,3,3,0,0
156304.390763,2026-07-15T05:50:44.195,249,3,3,0,0
156304.392777,2026-07-15T05:50:44.196,249,3,3,0,0
156304.395125,2026-07-15T05:50:44.199,249,3,3,0,0
156304.397784,2026-07-15T05:50:44.202,249,3,3,0,0
156304.400631,2026-07-15T05:50:44.204,249,3,3,0,0
156304.403398,2026-07-15T05:50:44.206,249,3,3,0,0
156304.405493,2026-07-15T05:50:44.209,249,3,3,0,0
156304.407712,2026-07-15T05:50:44.212,249,3,3,0,0
156304.410376,2026-07-15T05:50:44.214,249,3,3,0,0
156304.412413,2026-07-15T05:50:44.216,249,3,3,0,0
156304.415183,2026-07-15T05:50:44.218,249,3,3,0,0
156304.417675,2026-07-15T05:50:44.221,249,3,3,0,0
156304.420085,2026-07-15T05:50:44.223,249,3,3,0,0
156304.422375,2026-07-15T05:50:44.226,249,3,3,0,0
156304.424985,2026-07-15T05:50:44.229,249,3,3,0,0
156304.427656,2026-07-15T05:50:44.232,249,3,3,0,0
156304.430401,2026-07-15T05:50:44.234,249,3,3,0,0
156304.432996,2026-07-15T05:50:44.237,249,3,3,0,0
156304.435645,2026-07-15T05:50:44.239,249,3,3,0,0
156304.438777,2026-07-15T05:50:44.242,249,3,3,0,0
156304.441300,2026-07-15T05:50:44.245,249,3,3,0,0
156304.444436,2026-07-15T05:50:44.248,249,3,3,0,0
156304.447166,2026-07-15T05:50:44.251,249,3,3,0,0
156304.450146,2026-07-15T05:50:44.253,249,3,3,0,0
156304.452653,2026-07-15T05:50:44.256,249,3,3,0,0
156304.455195,2026-07-15T05:50:44.258,249,3,3,0,0
156304.457587,2026-07-15T05:50:44.261,249,3,3,0,0
156304.460381,2026-07-15T05:50:44.264,249,3,3,0,0
156304.462808,2026-07-15T05:50:44.267,249,3,3,0,0
156304.465434,2026-07-15T05:50:44.269,249,3,3,0,0
156304.467809,2026-07-15T05:50:44.271,249,3,3,0,0
156304.470588,2026-07-15T05:50:44.274,249,3,3,0,0
156304.473014,2026-07-15T05:50:44.276,249,3,3,0,0
156304.475772,2026-07-15T05:50:44.280,249,3,3,0,0
156304.477942,2026-07-15T05:50:44.282,249,3,3,0,0
156304.480396,2026-07-15T05:50:44.284,249,3,3,0,0
156304.483023,2026-07-15T05:50:44.286,249,3,3,0,0
156304.485273,2026-07-15T05:50:44.288,249,3,3,0,0
156304.488446,2026-07-15T05:50:44.292,249,3,3,0,0
156304.490997,2026-07-15T05:50:44.295,249,3,3,0,0
156304.493825,2026-07-15T05:50:44.298,249,3,3,0,0
156304.496741,2026-07-15T05:50:44.301,249,3,3,0,0
156304.499568,2026-07-15T05:50:44.304,249,3,3,0,0
156304.502524,2026-07-15T05:50:44.307,249,3,3,0,0
156304.505036,2026-07-15T05:50:44.308,249,3,3,0,0
156304.507504,2026-07-15T05:50:44.311,249,3,3,0,0
156304.510096,2026-07-15T05:50:44.314,249,3,3,0,0
156304.512775,2026-07-15T05:50:44.317,249,3,3,0,0
156304.515158,2026-07-15T05:50:44.319,249,3,3,0,0
156304.517513,2026-07-15T05:50:44.321,249,3,3,0,0
156304.519587,2026-07-15T05:50:44.324,249,3,3,0,0
156304.522109,2026-07-15T05:50:44.326,249,3,3,0,0
156304.524381,2026-07-15T05:50:44.328,249,3,3,0,0
156304.526843,2026-07-15T05:50:44.331,249,3,3,0,0
156304.529356,2026-07-15T05:50:44.333,249,3,3,0,0
156304.531743,2026-07-15T05:50:44.336,249,3,3,0,0
156304.534083,2026-07-15T05:50:44.338,249,3,3,0,0
156304.536233,2026-07-15T05:50:44.340,249,3,3,0,0
156304.538881,2026-07-15T05:50:44.343,249,3,3,0,0
156304.541171,2026-07-15T05:50:44.344,249,3,3,0,0
156304.543605,2026-07-15T05:50:44.348,249,3,3,0,0
156304.545887,2026-07-15T05:50:44.350,249,3,3,0,0
156304.547922,2026-07-15T05:50:44.352,249,3,3,0,0
156304.550527,2026-07-15T05:50:44.354,249,3,3,0,0
156304.552604,2026-07-15T05:50:44.356,249,3,3,0,0
156304.554656,2026-07-15T05:50:44.359,249,3,3,0,0
156304.557169,2026-07-15T05:50:44.361,249,3,3,0,0
156304.559282,2026-07-15T05:50:44.363,249,3,3,0,0
156304.561764,2026-07-15T05:50:44.366,249,3,3,0,0
156304.564368,2026-07-15T05:50:44.368,213,0,3,0,11
156304.566560,2026-07-15T05:50:44.371,213,0,3,0,11
156304.568830,2026-07-15T05:50:44.372,213,0,3,0,11
156304.571110,2026-07-15T05:50:44.375,213,0,3,0,11
156304.573122,2026-07-15T05:50:44.377,213,0,3,0,11
156304.575434,2026-07-15T05:50:44.379,213,0,3,0,11
156304.577462,2026-07-15T05:50:44.382,213,0,3,0,11
156304.579638,2026-07-15T05:50:44.383,213,0,3,0,11
156304.581710,2026-07-15T05:50:44.385,213,0,3,0,11
156304.584196,2026-07-15T05:50:44.388,213,0,3,0,11
156304.586213,2026-07-15T05:50:44.390,213,0,3,0,11
156304.588443,2026-07-15T05:50:44.392,213,0,3,0,11
156304.591108,2026-07-15T05:50:44.395,213,0,3,0,11
156304.593573,2026-07-15T05:50:44.398,213,0,3,0,11
156304.595954,2026-07-15T05:50:44.400,213,0,3,0,11
156304.597981,2026-07-15T05:50:44.401,213,0,3,0,11
156304.600192,2026-07-15T05:50:44.404,213,0,3,0,11
156304.602393,2026-07-15T05:50:44.406,213,0,3,0,11
156304.604820,2026-07-15T05:50:44.409,213,0,3,0,11
156304.606904,2026-07-15T05:50:44.410,213,0,3,0,11
156304.609201,2026-07-15T05:50:44.412,213,0,3,0,11
156304.611574,2026-07-15T05:50:44.415,213,0,3,0,11
156304.614152,2026-07-15T05:50:44.418,213,0,3,0,11
156304.616182,2026-07-15T05:50:44.420,213,0,3,0,11
156304.618205,2026-07-15T05:50:44.421,213,0,3,0,11
156304.620717,2026-07-15T05:50:44.425,213,0,3,0,11
156304.623067,2026-07-15T05:50:44.427,213,0,3,0,11
156304.625076,2026-07-15T05:50:44.429,213,0,3,0,11
156304.627112,2026-07-15T05:50:44.431,213,0,3,0,11
156304.629195,2026-07-15T05:50:44.432,213,0,3,0,11
156304.631243,2026-07-15T05:50:44.434,213,0,3,0,11
156304.633860,2026-07-15T05:50:44.438,213,0,3,0,11
156304.636372,2026-07-15T05:50:44.440,213,0,3,0,11
156304.638520,2026-07-15T05:50:44.441,213,0,3,0,11
156304.640857,2026-07-15T05:50:44.444,213,0,3,0,11
156304.643082,2026-07-15T05:50:44.446,213,0,3,0,11
156304.645174,2026-07-15T05:50:44.448,213,0,3,0,11
156304.647264,2026-07-15T05:50:44.451,213,0,3,0,11
156304.649867,2026-07-15T05:50:44.454,213,0,3,0,11
156304.651951,2026-07-15T05:50:44.456,213,0,3,0,11
156304.654060,2026-07-15T05:50:44.458,213,0,3,0,11
156304.656684,2026-07-15T05:50:44.461,213,0,3,0,11
156304.658754,2026-07-15T05:50:44.463,213,0,3,0,11
156304.660868,2026-07-15T05:50:44.465,213,0,3,0,11
156304.662952,2026-07-15T05:50:44.466,213,0,3,0,11
156304.665094,2026-07-15T05:50:44.469,213,0,3,0,11
156304.667497,2026-07-15T05:50:44.472,213,0,3,0,11
156304.669615,2026-07-15T05:50:44.473,213,0,3,0,11
156304.671929,2026-07-15T05:50:44.476,213,0,3,0,11
156304.674231,2026-07-15T05:50:44.478,213,0,3,0,11
156304.676669,2026-07-15T05:50:44.481,213,0,3,0,11
156304.679203,2026-07-15T05:50:44.483,213,0,3,0,11
156304.681269,2026-07-15T05:50:44.484,213,0,3,0,11
156304.683460,2026-07-15T05:50:44.487,213,0,3,0,11
156304.685776,2026-07-15T05:50:44.490,213,0,3,0,11
156304.688385,2026-07-15T05:50:44.492,213,0,3,0,11
156304.691036,2026-07-15T05:50:44.495,213,0,3,0,11
156304.693113,2026-07-15T05:50:44.497,213,0,3,0,11
156304.695661,2026-07-15T05:50:44.500,213,0,3,0,11
156304.698003,2026-07-15T05:50:44.502,213,0,3,0,11
156304.700327,2026-07-15T05:50:44.504,213,0,3,0,11
156304.702876,2026-07-15T05:50:44.507,213,0,3,0,11
156304.704928,2026-07-15T05:50:44.509,213,0,3,0,11
156304.707297,2026-07-15T05:50:44.511,213,0,3,0,11
156304.709627,2026-07-15T05:50:44.514,213,0,3,0,11
156304.712230,2026-07-15T05:50:44.516,213,0,3,0,11
156304.714651,2026-07-15T05:50:44.519,213,0,3,0,11
156304.717008,2026-07-15T05:50:44.521,213,0,3,0,11
156304.719546,2026-07-15T05:50:44.524,213,0,3,0,11
156304.721851,2026-07-15T05:50:44.526,213,0,3,0,11
156304.724121,2026-07-15T05:50:44.528,213,0,3,0,11
156304.726316,2026-07-15T05:50:44.529,213,0,3,0,11
156304.728891,2026-07-15T05:50:44.533,213,0,3,0,11
156304.731359,2026-07-15T05:50:44.535,213,0,3,0,11
156304.733683,2026-07-15T05:50:44.538,213,0,3,0,11
156304.736081,2026-07-15T05:50:44.540,213,0,3,0,11
156304.738135,2026-07-15T05:50:44.542,213,0,3,0,11
156304.740688,2026-07-15T05:50:44.545,213,0,3,0,11
156304.742750,2026-07-15T05:50:44.547,213,0,3,0,11
156304.744842,2026-07-15T05:50:44.549,213,0,3,0,11
156304.747246,2026-07-15T05:50:44.551,213,0,3,0,11
156304.749762,2026-07-15T05:50:44.554,213,0,3,0,11
156304.751817,2026-07-15T05:50:44.556,213,0,3,0,11
156304.754193,2026-07-15T05:50:44.558,213,0,3,0,11
156304.756399,2026-07-15T05:50:44.560,213,0,3,0,11
156304.758495,2026-07-15T05:50:44.562,213,0,3,0,11
156304.760586,2026-07-15T05:50:44.565,213,0,3,0,11
156304.762926,2026-07-15T05:50:44.567,213,0,3,0,11
156304.765130,2026-07-15T05:50:44.569,213,0,3,0,11
156304.767344,2026-07-15T05:50:44.571,213,0,3,0,11
156304.769824,2026-07-15T05:50:44.574,213,0,3,0,11
156304.772413,2026-07-15T05:50:44.576,213,0,3,0,11
156304.774460,2026-07-15T05:50:44.578,213,0,3,0,11
156304.776814,2026-07-15T05:50:44.580,213,0,3,0,11
156304.778972,2026-07-15T05:50:44.582,213,0,3,0,11
156304.781594,2026-07-15T05:50:44.586,213,0,3,0,11
156304.784072,2026-07-15T05:50:44.588,213,0,3,0,11
156304.786156,2026-07-15T05:50:44.589,213,0,3,0,11
156304.788261,2026-07-15T05:50:44.591,213,0,3,0,11
156304.790458,2026-07-15T05:50:44.594,213,0,3,0,11
156304.792724,2026-07-15T05:50:44.596,213,0,3,0,11
156304.795280,2026-07-15T05:50:44.599,213,0,3,0,11
156304.797702,2026-07-15T05:50:44.602,213,0,3,0,11
156304.799720,2026-07-15T05:50:44.604,213,0,3,0,11
156304.801947,2026-07-15T05:50:44.605,213,0,3,0,11
156304.804659,2026-07-15T05:50:44.608,213,0,3,0,11
156304.807341,2026-07-15T05:50:44.611,116,0,3,0,9
156304.810145,2026-07-15T05:50:44.614,116,0,3,0,9
156304.812828,2026-07-15T05:50:44.616,116,0,3,0,9
156304.815306,2026-07-15T05:50:44.619,116,0,3,0,9
156304.818106,2026-07-15T05:50:44.622,116,0,3,0,9
156304.820297,2026-07-15T05:50:44.623,116,0,3,0,9
156304.823028,2026-07-15T05:50:44.626,116,0,3,0,9
156304.825797,2026-07-15T05:50:44.630,116,0,3,0,9
156304.829478,2026-07-15T05:50:44.633,116,0,3,0,9
156304.832043,2026-07-15T05:50:44.635,116,0,3,0,9
156304.834806,2026-07-15T05:50:44.638,116,0,3,0,9
156304.837312,2026-07-15T05:50:44.641,116,0,3,0,9
156304.840107,2026-07-15T05:50:44.644,116,0,3,0,9
156304.842683,2026-07-15T05:50:44.646,116,0,3,0,9
156304.845220,2026-07-15T05:50:44.648,116,0,3,0,9
156304.847834,2026-07-15T05:50:44.651,116,0,3,0,9
156304.850208,2026-07-15T05:50:44.654,116,0,3,0,9
156304.852813,2026-07-15T05:50:44.656,116,0,3,0,9
156304.855401,2026-07-15T05:50:44.659,116,0,3,0,9
156304.857736,2026-07-15T05:50:44.661,116,0,3,0,9
156304.860029,2026-07-15T05:50:44.663,116,0,3,0,9
156304.862533,2026-07-15T05:50:44.666,116,0,3,0,9
156304.865154,2026-07-15T05:50:44.669,116,0,3,0,9
156304.868131,2026-07-15T05:50:44.672,116,0,3,0,9
156304.870690,2026-07-15T05:50:44.675,116,0,3,0,9
156304.873258,2026-07-15T05:50:44.677,116,0,3,0,9
156304.876773,2026-07-15T05:50:44.681,116,0,3,0,9
156304.879512,2026-07-15T05:50:44.683,116,0,3,0,9
156304.882350,2026-07-15T05:50:44.686,116,0,3,0,9
156304.885654,2026-07-15T05:50:44.689,116,0,3,0,9
156304.888397,2026-07-15T05:50:44.692,116,0,3,0,9
156304.890907,2026-07-15T05:50:44.694,116,0,3,0,9
156304.893451,2026-07-15T05:50:44.697,116,0,3,0,9
156304.896237,2026-07-15T05:50:44.700,116,0,3,0,9
156304.898984,2026-07-15T05:50:44.703,116,0,3,0,9
156304.901519,2026-07-15T05:50:44.705,116,0,3,0,9
156304.904022,2026-07-15T05:50:44.708,116,0,3,0,9
156304.907087,2026-07-15T05:50:44.710,116,0,3,0,9
156304.909891,2026-07-15T05:50:44.713,116,0,3,0,9
156304.912711,2026-07-15T05:50:44.717,116,0,3,0,9
156304.915272,2026-07-15T05:50:44.719,116,0,3,0,9
156304.918165,2026-07-15T05:50:44.722,116,0,3,0,9
156304.920495,2026-07-15T05:50:44.724,116,0,3,0,9
156304.923047,2026-07-15T05:50:44.727,116,0,3,0,9
156304.925494,2026-07-15T05:50:44.729,116,0,3,0,9
156304.928444,2026-07-15T05:50:44.732,116,0,3,0,9
156304.931272,2026-07-15T05:50:44.735,116,0,3,0,9
156304.934195,2026-07-15T05:50:44.738,116,0,3,0,9
156304.936737,2026-07-15T05:50:44.740,116,0,3,0,9
156304.939029,2026-07-15T05:50:44.742,116,0,3,0,9
156304.943100,2026-07-15T05:50:44.747,116,0,3,0,9
156304.945531,2026-07-15T05:50:44.749,116,0,3,0,9
156304.948075,2026-07-15T05:50:44.752,116,0,3,0,9
156304.953777,2026-07-15T05:50:44.757,116,0,3,0,9
156304.957382,2026-07-15T05:50:44.761,116,0,3,0,9
156304.959419,2026-07-15T05:50:44.763,116,0,3,0,9
156304.961421,2026-07-15T05:50:44.765,116,0,3,0,9
156304.964347,2026-07-15T05:50:44.768,116,0,3,0,9
156304.966469,2026-07-15T05:50:44.771,116,0,3,0,9
156304.968812,2026-07-15T05:50:44.773,116,0,3,0,9
156304.970911,2026-07-15T05:50:44.775,116,0,3,0,9
156304.973567,2026-07-15T05:50:44.777,116,0,3,0,9
156304.976197,2026-07-15T05:50:44.779,116,0,3,0,9
156304.978502,2026-07-15T05:50:44.782,116,0,3,0,9
156304.980646,2026-07-15T05:50:44.784,116,0,3,0,9
156304.982699,2026-07-15T05:50:44.785,116,0,3,0,9
156304.984706,2026-07-15T05:50:44.788,116,0,3,0,9
156304.987333,2026-07-15T05:50:44.791,116,0,3,0,9
156304.989767,2026-07-15T05:50:44.793,116,0,3,0,9
156304.992196,2026-07-15T05:50:44.796,116,0,3,0,9
156304.994294,2026-07-15T05:50:44.797,116,0,3,0,9
156304.996448,2026-07-15T05:50:44.800,116,0,3,0,9
156304.998657,2026-07-15T05:50:44.803,116,0,3,0,9
156305.001240,2026-07-15T05:50:44.805,116,0,3,0,9
156305.003747,2026-07-15T05:50:44.808,116,0,3,0,9
156305.006545,2026-07-15T05:50:44.811,116,0,3,0,9
156305.008847,2026-07-15T05:50:44.812,116,0,3,0,9
156305.011847,2026-07-15T05:50:44.815,116,0,3,0,9
156305.014318,2026-07-15T05:50:44.818,116,0,3,0,9
156305.016680,2026-07-15T05:50:44.821,116,0,3,0,9
156305.019043,2026-07-15T05:50:44.823,116,0,3,0,9
156305.021493,2026-07-15T05:50:44.825,116,0,3,0,9
156305.024159,2026-07-15T05:50:44.828,116,0,3,0,9
156305.026479,2026-07-15T05:50:44.830,116,0,3,0,9
156305.028650,2026-07-15T05:50:44.832,116,0,3,0,9
156305.031286,2026-07-15T05:50:44.835,116,0,3,0,9
156305.033999,2026-07-15T05:50:44.838,116,0,3,0,9
156305.036247,2026-07-15T05:50:44.839,116,0,3,0,9
156305.039015,2026-07-15T05:50:44.842,116,0,3,0,9
156305.041856,2026-07-15T05:50:44.845,116,0,3,0,9
156305.044257,2026-07-15T05:50:44.847,116,0,3,0,9
156305.046795,2026-07-15T05:50:44.850,116,0,3,0,9
156305.049216,2026-07-15T05:50:44.852,116,0,3,0,9
156305.051757,2026-07-15T05:50:44.855,116,0,3,0,8
156305.053994,2026-07-15T05:50:44.858,18,0,3,0,8
156305.056400,2026-07-15T05:50:44.860,18,0,3,0,8
156305.059004,2026-07-15T05:50:44.863,18,0,3,0,8
156305.061444,2026-07-15T05:50:44.865,18,0,3,0,8
156305.064110,2026-07-15T05:50:44.867,18,0,3,0,8
156305.066296,2026-07-15T05:50:44.870,18,0,3,0,8
156305.068785,2026-07-15T05:50:44.872,18,0,3,0,8
156305.071546,2026-07-15T05:50:44.876,18,0,3,0,8
156305.074097,2026-07-15T05:50:44.878,18,0,3,0,8
156305.077720,2026-07-15T05:50:44.881,18,0,3,0,8
156305.080171,2026-07-15T05:50:44.883,18,0,3,0,8
156305.082910,2026-07-15T05:50:44.886,18,0,3,0,8
156305.085278,2026-07-15T05:50:44.888,18,0,3,0,8
156305.087928,2026-07-15T05:50:44.891,18,0,3,0,8
156305.090410,2026-07-15T05:50:44.894,18,0,3,0,8
156305.093003,2026-07-15T05:50:44.896,18,0,3,0,8
156305.095283,2026-07-15T05:50:44.899,18,0,3,0,8
156305.097848,2026-07-15T05:50:44.901,18,0,3,0,8
156305.100556,2026-07-15T05:50:44.904,18,0,3,0,8
156305.103332,2026-07-15T05:50:44.907,18,0,3,0,8
156305.105947,2026-07-15T05:50:44.909,18,0,3,0,8
156305.108564,2026-07-15T05:50:44.912,18,0,3,0,8
156305.111250,2026-07-15T05:50:44.915,18,0,3,0,8
156305.114138,2026-07-15T05:50:44.918,18,0,3,0,8
156305.116748,2026-07-15T05:50:44.920,18,0,3,0,8
156305.119571,2026-07-15T05:50:44.924,18,0,3,0,8
156305.122577,2026-07-15T05:50:44.927,18,0,3,0,8
156305.125209,2026-07-15T05:50:44.929,18,0,3,0,8
156305.128141,2026-07-15T05:50:44.932,18,0,3,0,8
156305.130154,2026-07-15T05:50:44.934,18,0,3,0,8
156305.132962,2026-07-15T05:50:44.937,18,0,3,0,8
156305.135403,2026-07-15T05:50:44.939,18,0,3,0,8
156305.138309,2026-07-15T05:50:44.942,18,0,3,0,8
156305.142352,2026-07-15T05:50:44.946,18,0,3,0,8
156305.144880,2026-07-15T05:50:44.948,18,0,3,0,8
156305.147559,2026-07-15T05:50:44.952,18,0,3,0,8
156305.150391,2026-07-15T05:50:44.954,18,0,3,0,8
156305.153343,2026-07-15T05:50:44.957,18,0,3,0,8
156305.155769,2026-07-15T05:50:44.960,18,0,3,0,8
156305.158423,2026-07-15T05:50:44.962,18,0,3,0,8
156305.161302,2026-07-15T05:50:44.965,18,0,3,0,8
156305.164004,2026-07-15T05:50:44.968,18,0,3,0,8
156305.166460,2026-07-15T05:50:44.970,18,0,3,0,8
156305.169095,2026-07-15T05:50:44.972,18,0,3,0,8
156305.171970,2026-07-15T05:50:44.976,18,0,3,0,8
156305.174283,2026-07-15T05:50:44.978,18,0,3,0,8
156305.176329,2026-07-15T05:50:44.980,18,0,3,0,8
156305.178927,2026-07-15T05:50:44.983,18,0,3,0,8
156305.181509,2026-07-15T05:50:44.985,18,0,3,0,8
156305.184242,2026-07-15T05:50:44.988,18,0,3,0,8
156305.186759,2026-07-15T05:50:44.990,18,0,3,0,8
156305.189575,2026-07-15T05:50:44.994,18,0,3,0,8
156305.191997,2026-07-15T05:50:44.996,18,0,3,0,8
156305.194675,2026-07-15T05:50:44.999,18,0,3,0,8
156305.197305,2026-07-15T05:50:45.001,18,0,3,0,8
156305.199505,2026-07-15T05:50:45.003,18,0,3,0,8
156305.201894,2026-07-15T05:50:45.005,18,0,3,0,8
156305.204338,2026-07-15T05:50:45.008,18,0,3,0,8
156305.206864,2026-07-15T05:50:45.010,18,0,3,0,8
156305.209250,2026-07-15T05:50:45.013,18,0,3,0,8
156305.211590,2026-07-15T05:50:45.015,18,0,3,0,8
156305.214135,2026-07-15T05:50:45.017,18,0,3,0,8
156305.216546,2026-07-15T05:50:45.020,18,0,3,0,8
156305.219426,2026-07-15T05:50:45.022,18,0,3,0,8
156305.222156,2026-07-15T05:50:45.026,18,0,3,0,8
156305.225041,2026-07-15T05:50:45.029,18,0,3,0,8
156305.227723,2026-07-15T05:50:45.031,18,0,3,0,8
156305.230469,2026-07-15T05:50:45.034,18,0,3,0,8
156305.232852,2026-07-15T05:50:45.037,18,0,3,0,8
156305.235550,2026-07-15T05:50:45.039,18,0,3,0,8
156305.238264,2026-07-15T05:50:45.042,18,0,3,0,8
156305.242581,2026-07-15T05:50:45.046,18,0,3,0,8
156305.244968,2026-07-15T05:50:45.049,18,0,3,0,8
156305.247761,2026-07-15T05:50:45.051,18,0,3,0,8
156305.249998,2026-07-15T05:50:45.054,18,0,3,0,8
156305.252344,2026-07-15T05:50:45.056,18,0,3,0,8
156305.254666,2026-07-15T05:50:45.058,18,0,3,0,8
156305.256686,2026-07-15T05:50:45.061,18,0,3,0,8
156305.259116,2026-07-15T05:50:45.063,18,0,3,0,8
156305.261168,2026-07-15T05:50:45.064,18,0,3,0,8
156305.263476,2026-07-15T05:50:45.067,18,0,3,0,8
156305.266356,2026-07-15T05:50:45.069,18,0,3,0,8
156305.269214,2026-07-15T05:50:45.072,18,0,3,0,8
156305.271906,2026-07-15T05:50:45.075,18,0,3,0,8
156305.274452,2026-07-15T05:50:45.077,18,0,3,0,8
156305.277107,2026-07-15T05:50:45.080,18,0,3,0,8
156305.279960,2026-07-15T05:50:45.083,18,0,3,0,8
156305.282889,2026-07-15T05:50:45.087,18,0,3,0,8
156305.285571,2026-07-15T05:50:45.089,18,0,3,0,8
156305.288465,2026-07-15T05:50:45.091,18,0,3,0,8
156305.291381,2026-07-15T05:50:45.095,18,0,3,0,8
156305.294476,2026-07-15T05:50:45.098,18,0,3,0,0
156305.297250,2026-07-15T05:50:45.101,3,3,3,0,0
156305.299757,2026-07-15T05:50:45.103,3,3,3,0,0
156305.302447,2026-07-15T05:50:45.106,3,3,3,0,0
156305.305242,2026-07-15T05:50:45.109,3,3,3,0,0
156305.308083,2026-07-15T05:50:45.111,3,3,3,0,0
156305.310636,2026-07-15T05:50:45.114,3,3,3,0,0
156305.313327,2026-07-15T05:50:45.117,3,3,3,0,0
156305.316130,2026-07-15T05:50:45.120,3,3,3,0,0
156305.318791,2026-07-15T05:50:45.123,3,3,3,0,0
156305.321591,2026-07-15T05:50:45.126,3,3,3,0,0
156305.324269,2026-07-15T05:50:45.128,3,3,3,0,0
156305.327384,2026-07-15T05:50:45.131,3,3,3,0,0
156305.329977,2026-07-15T05:50:45.134,3,3,3,0,0
156305.332631,2026-07-15T05:50:45.137,3,3,3,0,0
156305.335493,2026-07-15T05:50:45.140,3,3,3,0,0
156305.338435,2026-07-15T05:50:45.142,3,3,3,0,0
156305.342273,2026-07-15T05:50:45.146,3,3,3,0,0
156305.345306,2026-07-15T05:50:45.149,3,3,3,0,0
156305.349311,2026-07-15T05:50:45.153,3,3,3,0,0
156305.352263,2026-07-15T05:50:45.156,3,3,3,0,0
156305.355765,2026-07-15T05:50:45.160,3,3,3,0,0
156305.358435,2026-07-15T05:50:45.163,3,3,3,0,0
156305.360979,2026-07-15T05:50:45.165,3,3,3,0,0
156305.363624,2026-07-15T05:50:45.168,3,3,3,0,0
156305.366133,2026-07-15T05:50:45.170,3,3,3,0,0
156305.368727,2026-07-15T05:50:45.172,3,3,3,0,0
156305.371497,2026-07-15T05:50:45.175,3,3,3,0,0
156305.374442,2026-07-15T05:50:45.178,3,3,3,0,0
156305.377113,2026-07-15T05:50:45.181,3,3,3,0,0
156305.380064,2026-07-15T05:50:45.184,3,3,3,0,0
156305.382789,2026-07-15T05:50:45.186,3,3,3,0,0
156305.385433,2026-07-15T05:50:45.189,3,3,3,0,0
156305.388180,2026-07-15T05:50:45.192,3,3,3,0,0
156305.391001,2026-07-15T05:50:45.194,3,3,3,0,0
156305.393787,2026-07-15T05:50:45.197,3,3,3,0,0
156305.396441,2026-07-15T05:50:45.200,3,3,3,0,0
156305.399190,2026-07-15T05:50:45.203,3,3,3,0,0
156305.401843,2026-07-15T05:50:45.205,3,3,3,0,0
156305.404537,2026-07-15T05:50:45.208,3,3,3,0,0
156305.406826,2026-07-15T05:50:45.210,3,3,3,0,0
156305.409255,2026-07-15T05:50:45.213,3,3,3,0,0
156305.412115,2026-07-15T05:50:45.216,3,3,3,0,0
156305.414727,2026-07-15T05:50:45.218,3,3,3,0,0
156305.417273,2026-07-15T05:50:45.221,3,3,3,0,0
156305.419721,2026-07-15T05:50:45.224,3,3,3,0,0
156305.422124,2026-07-15T05:50:45.226,3,3,3,0,0
156305.424587,2026-07-15T05:50:45.228,3,3,3,0,0
156305.426928,2026-07-15T05:50:45.231,3,3,3,0,0
156305.429348,2026-07-15T05:50:45.233,3,3,3,0,0
156305.431772,2026-07-15T05:50:45.236,3,3,3,0,0
156305.434243,2026-07-15T05:50:45.237,3,3,3,0,0
156305.436960,2026-07-15T05:50:45.240,3,3,3,0,0
156305.439690,2026-07-15T05:50:45.243,3,3,3,0,0
156305.442501,2026-07-15T05:50:45.246,3,3,3,0,0
156305.445403,2026-07-15T05:50:45.249,3,3,3,0,0
156305.448120,2026-07-15T05:50:45.252,3,3,3,0,0
156305.450921,2026-07-15T05:50:45.255,3,3,3,0,0
156305.453606,2026-07-15T05:50:45.258,3,3,3,0,0
156305.456192,2026-07-15T05:50:45.260,3,3,3,0,0
156305.459219,2026-07-15T05:50:45.263,3,3,3,0,0
156305.461976,2026-07-15T05:50:45.266,3,3,3,0,0
156305.464745,2026-07-15T05:50:45.269,3,3,3,0,0
156305.467501,2026-07-15T05:50:45.271,3,3,3,0,0
156305.469790,2026-07-15T05:50:45.273,3,3,3,0,0
156305.472013,2026-07-15T05:50:45.275,3,3,3,0,0
156305.474525,2026-07-15T05:50:45.278,3,3,3,0,0
156305.477123,2026-07-15T05:50:45.280,3,3,3,0,0
156305.479631,2026-07-15T05:50:45.283,3,3,3,0,0
156305.482524,2026-07-15T05:50:45.286,3,3,3,0,0
156305.484882,2026-07-15T05:50:45.288,3,3,3,0,0
156305.487457,2026-07-15T05:50:45.291,3,3,3,0,0
156305.489826,2026-07-15T05:50:45.293,3,3,3,0,0
156305.492123,2026-07-15T05:50:45.295,3,3,3,0,0
156305.494182,2026-07-15T05:50:45.297,3,3,3,0,0
156305.496310,2026-07-15T05:50:45.300,3,3,3,0,0
156305.498958,2026-07-15T05:50:45.303,3,3,3,0,0
156305.501369,2026-07-15T05:50:45.305,3,3,3,0,0
156305.503818,2026-07-15T05:50:45.307,3,3,3,0,0
156305.506377,2026-07-15T05:50:45.310,3,3,3,0,0
156305.509093,2026-07-15T05:50:45.313,3,3,3,0,0
156305.511590,2026-07-15T05:50:45.315,3,3,3,0,0
156305.514342,2026-07-15T05:50:45.318,3,3,3,0,0
156305.517028,2026-07-15T05:50:45.321,3,3,3,0,0
156305.519552,2026-07-15T05:50:45.323,3,3,3,0,0
156305.522336,2026-07-15T05:50:45.326,3,3,3,0,0
156305.524504,2026-07-15T05:50:45.328,3,3,3,0,0
156305.527126,2026-07-15T05:50:45.331,3,3,3,0,0
156305.529801,2026-07-15T05:50:45.333,3,3,3,0,0
156305.531904,2026-07-15T05:50:45.335,3,3,3,0,0
156305.534603,2026-07-15T05:50:45.338,3,3,3,0,0
156305.537340,2026-07-15T05:50:45.340,3,3,3,0,0
156305.540281,2026-07-15T05:50:45.343,3,3,3,0,0
156305.543425,2026-07-15T05:50:45.347,3,3,3,0,0
156305.546277,2026-07-15T05:50:45.350,3,3,3,0,0
156305.548813,2026-07-15T05:50:45.352,3,3,3,0,0
156305.551534,2026-07-15T05:50:45.355,3,3,3,0,0
156305.553968,2026-07-15T05:50:45.358,3,3,3,0,0
156305.556765,2026-07-15T05:50:45.361,3,3,3,0,0
156305.559444,2026-07-15T05:50:45.363,3,3,3,0,0
156305.562026,2026-07-15T05:50:45.366,3,3,3,0,0
156305.564682,2026-07-15T05:50:45.369,3,3,3,0,0
156305.567458,2026-07-15T05:50:45.371,3,3,3,0,0
156305.570249,2026-07-15T05:50:45.373,3,3,3,0,0
156305.572813,2026-07-15T05:50:45.376,3,3,3,0,0
156305.575612,2026-07-15T05:50:45.379,3,3,3,0,0
156305.578374,2026-07-15T05:50:45.382,3,3,3,0,0
156305.581035,2026-07-15T05:50:45.384,3,3,3,0,0
156305.583857,2026-07-15T05:50:45.388,3,3,3,0,0
156305.586767,2026-07-15T05:50:45.390,3,3,3,0,0
156305.589609,2026-07-15T05:50:45.393,3,3,3,0,0
156305.592582,2026-07-15T05:50:45.396,3,3,3,0,0
156305.595171,2026-07-15T05:50:45.398,3,3,3,0,0
156305.597784,2026-07-15T05:50:45.401,3,3,3,0,0
156305.600564,2026-07-15T05:50:45.405,3,3,3,0,0
156305.603344,2026-07-15T05:50:45.406,3,3,3,0,0
156305.606160,2026-07-15T05:50:45.409,3,3,3,0,0
156305.608928,2026-07-15T05:50:45.412,3,3,3,0,0
156305.611585,2026-07-15T05:50:45.415,3,3,3,0,0
156305.614480,2026-07-15T05:50:45.418,3,3,3,0,0
156305.617235,2026-07-15T05:50:45.420,3,3,3,0,0
156305.619960,2026-07-15T05:50:45.423,3,3,3,0,0
156305.622655,2026-07-15T05:50:45.426,3,3,3,0,0
156305.625151,2026-07-15T05:50:45.429,3,3,3,0,0
156305.627521,2026-07-15T05:50:45.431,3,3,3,0,0
156305.630432,2026-07-15T05:50:45.434,3,3,3,0,0
156305.633194,2026-07-15T05:50:45.437,3,3,3,0,0
156305.635977,2026-07-15T05:50:45.439,3,3,3,0,0
156305.638708,2026-07-15T05:50:45.442,3,3,3,0,0
156305.642914,2026-07-15T05:50:45.447,3,3,3,0,0
156305.645802,2026-07-15T05:50:45.450,3,3,3,0,0
156305.648362,2026-07-15T05:50:45.452,3,3,3,0,0
156305.650996,2026-07-15T05:50:45.455,3,3,3,0,0
156305.653963,2026-07-15T05:50:45.458,3,3,3,0,0
156305.656867,2026-07-15T05:50:45.461,3,3,3,0,0
156305.659414,2026-07-15T05:50:45.463,3,3,3,0,0
156305.661855,2026-07-15T05:50:45.466,3,3,3,0,0
156305.664439,2026-07-15T05:50:45.468,3,3,3,0,0
156305.666980,2026-07-15T05:50:45.471,3,3,3,0,0
156305.669786,2026-07-15T05:50:45.473,3,3,3,0,0
156305.672132,2026-07-15T05:50:45.476,3,3,3,0,0
156305.674557,2026-07-15T05:50:45.478,3,3,3,0,0
156305.677081,2026-07-15T05:50:45.481,3,3,3,0,0
156305.679545,2026-07-15T05:50:45.483,3,3,3,0,0
156305.682147,2026-07-15T05:50:45.486,3,3,3,0,0
156305.684452,2026-07-15T05:50:45.488,3,3,3,0,0
156305.686857,2026-07-15T05:50:45.491,3,3,3,0,0
156305.689203,2026-07-15T05:50:45.493,3,3,3,0,0
156305.691876,2026-07-15T05:50:45.496,3,3,3,0,0
156305.694758,2026-07-15T05:50:45.499,3,3,3,0,0
156305.697567,2026-07-15T05:50:45.501,3,3,3,0,0
156305.700389,2026-07-15T05:50:45.504,3,3,3,0,0
156305.703067,2026-07-15T05:50:45.507,3,3,3,0,0
156305.705745,2026-07-15T05:50:45.509,3,3,3,0,0
156305.707953,2026-07-15T05:50:45.511,3,3,3,0,0
156305.710334,2026-07-15T05:50:45.514,3,3,3,0,0
156305.713034,2026-07-15T05:50:45.517,3,3,3,0,0
156305.715873,2026-07-15T05:50:45.519,3,3,3,0,0
156305.718810,2026-07-15T05:50:45.522,3,3,3,0,0
156305.721673,2026-07-15T05:50:45.525,3,3,3,0,0
156305.724144,2026-07-15T05:50:45.528,3,3,3,0,0
156305.726908,2026-07-15T05:50:45.531,3,3,3,0,0
156305.729361,2026-07-15T05:50:45.533,3,3,3,0,0
156305.731861,2026-07-15T05:50:45.536,3,3,3,0,0
156305.734555,2026-07-15T05:50:45.538,3,3,3,0,0
156305.737407,2026-07-15T05:50:45.541,3,3,3,0,0
156305.740116,2026-07-15T05:50:45.544,3,3,3,0,0
156305.743041,2026-07-15T05:50:45.547,3,3,3,0,0
156305.745920,2026-07-15T05:50:45.549,3,3,3,0,0
156305.748587,2026-07-15T05:50:45.552,3,3,3,0,0
156305.751216,2026-07-15T05:50:45.555,3,3,3,0,0
156305.754213,2026-07-15T05:50:45.558,3,3,3,0,0
156305.756910,2026-07-15T05:50:45.561,3,3,3,0,0
156305.759846,2026-07-15T05:50:45.564,3,3,3,0,0
156305.762844,2026-07-15T05:50:45.567,3,3,3,0,0
156305.765887,2026-07-15T05:50:45.570,3,3,3,0,0
156305.768361,2026-07-15T05:50:45.572,3,3,3,0,0
156305.771074,2026-07-15T05:50:45.574,3,3,3,0,0
156305.773844,2026-07-15T05:50:45.577,3,3,3,0,0
156305.776523,2026-07-15T05:50:45.580,3,3,3,0,0
156305.779262,2026-07-15T05:50:45.582,3,3,3,0,0
156305.781755,2026-07-15T05:50:45.585,3,3,3,0,0
156305.784383,2026-07-15T05:50:45.587,3,3,3,0,0
156305.787048,2026-07-15T05:50:45.591,3,3,3,0,0
156305.789723,2026-07-15T05:50:45.593,3,3,3,0,0
156305.792402,2026-07-15T05:50:45.596,3,3,3,0,0
156305.795242,2026-07-15T05:50:45.598,3,3,3,0,0
156305.797609,2026-07-15T05:50:45.601,3,3,3,0,0
156305.799641,2026-07-15T05:50:45.603,3,3,3,0,0
156305.802126,2026-07-15T05:50:45.605,3,3,3,0,0
156305.804509,2026-07-15T05:50:45.608,3,3,3,0,0
156305.807100,2026-07-15T05:50:45.610,3,3,3,0,0
156305.809617,2026-07-15T05:50:45.613,3,3,3,0,0
156305.812361,2026-07-15T05:50:45.616,3,3,3,0,0
156305.815120,2026-07-15T05:50:45.618,3,3,3,0,0
156305.817879,2026-07-15T05:50:45.621,3,3,3,0,0
156305.820691,2026-07-15T05:50:45.624,3,3,3,0,0
156305.823596,2026-07-15T05:50:45.627,3,3,3,0,0
156305.826502,2026-07-15T05:50:45.630,3,3,3,0,0
156305.829568,2026-07-15T05:50:45.633,3,3,3,0,0
156305.832084,2026-07-15T05:50:45.635,3,3,3,0,0
156305.834348,2026-07-15T05:50:45.638,3,3,3,0,0
156305.836807,2026-07-15T05:50:45.640,3,3,3,0,0
156305.839288,2026-07-15T05:50:45.642,3,3,3,0,0
156305.841638,2026-07-15T05:50:45.645,3,3,3,0,0
156305.844225,2026-07-15T05:50:45.648,3,3,3,0,0
156305.846778,2026-07-15T05:50:45.650,3,3,3,0,0
156305.849500,2026-07-15T05:50:45.653,3,3,3,0,0
156305.852161,2026-07-15T05:50:45.656,3,3,3,0,0
156305.854756,2026-07-15T05:50:45.658,3,3,3,0,0
156305.857115,2026-07-15T05:50:45.661,3,3,3,0,0
156305.859861,2026-07-15T05:50:45.664,3,3,3,0,0
156305.862041,2026-07-15T05:50:45.666,3,3,3,0,0
156305.864524,2026-07-15T05:50:45.669,3,3,3,0,0
156305.867315,2026-07-15T05:50:45.670,3,3,3,0,0
156305.870137,2026-07-15T05:50:45.674,3,3,3,0,0
156305.872790,2026-07-15T05:50:45.676,3,3,3,0,0
156305.875029,2026-07-15T05:50:45.679,3,3,3,0,0
156305.877614,2026-07-15T05:50:45.682,3,3,3,0,0
156305.880303,2026-07-15T05:50:45.683,3,3,3,0,0
156305.883069,2026-07-15T05:50:45.687,3,3,3,0,0
156305.885256,2026-07-15T05:50:45.689,3,3,3,0,0
156305.887942,2026-07-15T05:50:45.692,3,3,3,0,0
156305.890497,2026-07-15T05:50:45.694,3,3,3,0,0
156305.892863,2026-07-15T05:50:45.696,3,3,3,0,0
156305.895685,2026-07-15T05:50:45.700,3,3,3,0,0
156305.897773,2026-07-15T05:50:45.701,3,3,3,0,0
156305.900164,2026-07-15T05:50:45.704,3,3,3,0,0
156305.902850,2026-07-15T05:50:45.707,3,3,3,0,0
156305.905131,2026-07-15T05:50:45.709,3,3,3,0,0
156305.908057,2026-07-15T05:50:45.712,3,3,3,0,0
156305.910836,2026-07-15T05:50:45.715,3,3,3,0,0
156305.913257,2026-07-15T05:50:45.717,3,3,3,0,0
156305.915854,2026-07-15T05:50:45.720,3,3,3,0,0
156305.918545,2026-07-15T05:50:45.722,3,3,3,0,0
156305.921033,2026-07-15T05:50:45.724,3,3,3,0,0
156305.923616,2026-07-15T05:50:45.726,3,3,3,0,0
156305.926425,2026-07-15T05:50:45.730,3,3,3,0,0
156305.929044,2026-07-15T05:50:45.732,3,3,3,0,0
156305.931386,2026-07-15T05:50:45.735,3,3,3,0,0
156305.933866,2026-07-15T05:50:45.738,3,3,3,0,0
156305.936384,2026-07-15T05:50:45.740,3,3,3,0,0
156305.939006,2026-07-15T05:50:45.742,3,3,3,0,0
156305.941207,2026-07-15T05:50:45.745,3,3,3,0,0
156305.944164,2026-07-15T05:50:45.748,3,3,3,0,0
156305.947191,2026-07-15T05:50:45.751,3,3,3,0,0
156305.950051,2026-07-15T05:50:45.753,3,3,3,0,0
156305.953064,2026-07-15T05:50:45.756,3,3,3,0,0
156305.955378,2026-07-15T05:50:45.759,3,3,3,0,0
156305.957872,2026-07-15T05:50:45.761,3,3,3,0,0
156305.960662,2026-07-15T05:50:45.764,3,3,3,0,0
156305.963327,2026-07-15T05:50:45.767,3,3,3,0,0
156305.965958,2026-07-15T05:50:45.770,3,3,3,0,0
156305.969858,2026-07-15T05:50:45.773,3,3,3,0,0
156305.972100,2026-07-15T05:50:45.776,3,3,3,0,0
156305.974681,2026-07-15T05:50:45.779,3,3,3,0,0
156305.977011,2026-07-15T05:50:45.780,3,3,3,0,0
156305.979129,2026-07-15T05:50:45.783,3,3,3,0,0
156305.981823,2026-07-15T05:50:45.785,3,3,3,0,0
156305.984271,2026-07-15T05:50:45.788,3,3,3,0,0
156305.989948,2026-07-15T05:50:45.793,3,3,3,0,0
156305.992574,2026-07-15T05:50:45.797,3,3,3,0,0
156305.995258,2026-07-15T05:50:45.799,3,3,3,0,0
156305.997689,2026-07-15T05:50:45.801,3,3,3,0,0
156305.999835,2026-07-15T05:50:45.803,3,3,3,0,0
156306.002470,2026-07-15T05:50:45.807,3,3,3,0,0
156306.005171,2026-07-15T05:50:45.809,3,3,3,0,0
156306.007826,2026-07-15T05:50:45.812,3,3,3,0,0
156306.010631,2026-07-15T05:50:45.814,3,3,3,0,0
156306.013601,2026-07-15T05:50:45.817,3,3,3,0,0
156306.016116,2026-07-15T05:50:45.820,3,3,3,0,0
156306.018956,2026-07-15T05:50:45.823,3,3,3,0,0
156306.021396,2026-07-15T05:50:45.825,3,3,3,0,0
156306.024162,2026-07-15T05:50:45.828,3,3,3,0,0
156306.026205,2026-07-15T05:50:45.830,3,3,3,0,0
156306.028796,2026-07-15T05:50:45.833,3,3,3,0,0
156306.031113,2026-07-15T05:50:45.835,3,3,3,0,0
156306.033690,2026-07-15T05:50:45.837,3,3,3,0,0
156306.036021,2026-07-15T05:50:45.840,3,3,3,0,0
156306.038778,2026-07-15T05:50:45.843,3,3,3,0,0
156306.040955,2026-07-15T05:50:45.844,3,3,3,0,0
156306.043221,2026-07-15T05:50:45.847,3,3,3,0,0
156306.046350,2026-07-15T05:50:45.850,3,3,3,0,0
156306.048953,2026-07-15T05:50:45.852,3,3,3,0,0
156306.051669,2026-07-15T05:50:45.856,3,3,3,0,0
156306.053809,2026-07-15T05:50:45.857,3,3,3,0,0
156306.056059,2026-07-15T05:50:45.859,3,3,3,0,0
156306.058891,2026-07-15T05:50:45.862,3,3,3,0,0
156306.062357,2026-07-15T05:50:45.866,3,3,3,0,0
156306.064614,2026-07-15T05:50:45.868,3,3,3,0,0
156306.066813,2026-07-15T05:50:45.870,3,3,3,0,0
156306.068920,2026-07-15T05:50:45.873,3,3,3,0,0
156306.071612,2026-07-15T05:50:45.875,3,3,3,0,0
156306.073725,2026-07-15T05:50:45.877,3,3,3,0,0
156306.076176,2026-07-15T05:50:45.879,3,3,3,0,0
156306.078387,2026-07-15T05:50:45.882,3,3,3,0,0
156306.080735,2026-07-15T05:50:45.884,3,3,3,0,0
156306.083023,2026-07-15T05:50:45.887,3,3,3,0,0
156306.085178,2026-07-15T05:50:45.889,3,3,3,0,0
156306.087613,2026-07-15T05:50:45.892,3,3,3,0,0
156306.090047,2026-07-15T05:50:45.894,3,3,3,0,0
156306.092894,2026-07-15T05:50:45.897,3,3,3,0,0
156306.095407,2026-07-15T05:50:45.899,3,3,3,0,0
156306.098011,2026-07-15T05:50:45.902,3,3,3,0,0
156306.100809,2026-07-15T05:50:45.904,3,3,3,0,0
156306.103655,2026-07-15T05:50:45.906,3,3,3,0,0
156306.106140,2026-07-15T05:50:45.909,3,3,3,0,0
156306.108936,2026-07-15T05:50:45.912,3,3,3,0,0
156306.111520,2026-07-15T05:50:45.915,3,3,3,0,0
156306.113776,2026-07-15T05:50:45.918,3,3,3,0,0
156306.116260,2026-07-15T05:50:45.920,3,3,3,0,0
156306.118731,2026-07-15T05:50:45.922,3,3,3,0,0
156306.121203,2026-07-15T05:50:45.925,3,3,3,0,0
156306.123679,2026-07-15T05:50:45.928,3,3,3,0,0
156306.126049,2026-07-15T05:50:45.930,3,3,3,0,0
156306.128899,2026-07-15T05:50:45.932,3,0,3,0,8
156306.132033,2026-07-15T05:50:45.935,36,0,3,0,8
156306.134407,2026-07-15T05:50:45.938,36,0,3,0,8
156306.136995,2026-07-15T05:50:45.940,36,0,3,0,8
156306.139641,2026-07-15T05:50:45.944,36,0,3,0,8
156306.142115,2026-07-15T05:50:45.945,36,0,3,0,8
156306.146347,2026-07-15T05:50:45.950,36,0,3,0,8
156306.149199,2026-07-15T05:50:45.953,36,0,3,0,8
156306.151750,2026-07-15T05:50:45.956,36,0,3,0,8
156306.154490,2026-07-15T05:50:45.958,36,0,3,0,8
156306.157290,2026-07-15T05:50:45.961,36,0,3,0,8
156306.160158,2026-07-15T05:50:45.964,36,0,3,0,8
156306.162906,2026-07-15T05:50:45.967,36,0,3,0,8
156306.166209,2026-07-15T05:50:45.970,36,0,3,0,8
156306.169176,2026-07-15T05:50:45.973,36,0,3,0,8
156306.171873,2026-07-15T05:50:45.975,36,0,3,0,8
156306.174442,2026-07-15T05:50:45.978,36,0,3,0,8
156306.177079,2026-07-15T05:50:45.981,36,0,3,0,8
156306.179536,2026-07-15T05:50:45.984,36,0,3,0,8
156306.182268,2026-07-15T05:50:45.986,36,0,3,0,8
156306.184897,2026-07-15T05:50:45.988,36,0,3,0,8
156306.187538,2026-07-15T05:50:45.991,36,0,3,0,8
156306.190136,2026-07-15T05:50:45.994,36,0,3,0,8
156306.192959,2026-07-15T05:50:45.996,36,0,3,0,8
156306.195412,2026-07-15T05:50:45.999,36,0,3,0,8
156306.197874,2026-07-15T05:50:46.002,36,0,3,0,8
156306.200614,2026-07-15T05:50:46.005,36,0,3,0,8
156306.203202,2026-07-15T05:50:46.007,36,0,3,0,8
156306.205801,2026-07-15T05:50:46.010,36,0,3,0,8
156306.208477,2026-07-15T05:50:46.012,36,0,3,0,8
156306.210608,2026-07-15T05:50:46.014,36,0,3,0,8
156306.213467,2026-07-15T05:50:46.017,36,0,3,0,8
156306.216073,2026-07-15T05:50:46.019,36,0,3,0,8
156306.219087,2026-07-15T05:50:46.022,36,0,3,0,8
156306.221852,2026-07-15T05:50:46.025,36,0,3,0,8
156306.224345,2026-07-15T05:50:46.028,36,0,3,0,8
156306.226934,2026-07-15T05:50:46.030,36,0,3,0,8
156306.229899,2026-07-15T05:50:46.033,36,0,3,0,8
156306.232540,2026-07-15T05:50:46.036,36,0,3,0,8
156306.235240,2026-07-15T05:50:46.039,36,0,3,0,8
156306.237863,2026-07-15T05:50:46.042,36,0,3,0,8
156306.240199,2026-07-15T05:50:46.043,36,0,3,0,8
156306.242994,2026-07-15T05:50:46.046,36,0,3,0,8
156306.246438,2026-07-15T05:50:46.050,36,0,3,0,8
156306.249128,2026-07-15T05:50:46.052,36,0,3,0,8
156306.251992,2026-07-15T05:50:46.056,36,0,3,0,8
156306.254270,2026-07-15T05:50:46.058,36,0,3,0,8
156306.256908,2026-07-15T05:50:46.061,36,0,3,0,8
156306.259577,2026-07-15T05:50:46.063,36,0,3,0,8
156306.262259,2026-07-15T05:50:46.066,36,0,3,0,8
156306.264598,2026-07-15T05:50:46.068,36,0,3,0,8
156306.266885,2026-07-15T05:50:46.071,36,0,3,0,8
156306.269423,2026-07-15T05:50:46.073,36,0,3,0,8
156306.272218,2026-07-15T05:50:46.075,36,0,3,0,8
156306.274829,2026-07-15T05:50:46.079,36,0,3,0,8
156306.277054,2026-07-15T05:50:46.081,36,0,3,0,8
156306.279233,2026-07-15T05:50:46.083,36,0,3,0,8
156306.281572,2026-07-15T05:50:46.085,36,0,3,0,8
156306.284244,2026-07-15T05:50:46.087,36,0,3,0,8
156306.286798,2026-07-15T05:50:46.090,36,0,3,0,8
156306.289174,2026-07-15T05:50:46.093,36,0,3,0,8
156306.291371,2026-07-15T05:50:46.095,36,0,3,0,8
156306.293829,2026-07-15T05:50:46.097,36,0,3,0,8
156306.296208,2026-07-15T05:50:46.100,36,0,3,0,8
156306.298698,2026-07-15T05:50:46.103,36,0,3,0,8
156306.301355,2026-07-15T05:50:46.105,36,0,3,0,8
156306.304105,2026-07-15T05:50:46.108,36,0,3,0,8
156306.306912,2026-07-15T05:50:46.111,36,0,3,0,8
156306.309575,2026-07-15T05:50:46.113,36,0,3,0,8
156306.312115,2026-07-15T05:50:46.115,36,0,3,0,8
156306.314503,2026-07-15T05:50:46.118,36,0,3,0,8
156306.316930,2026-07-15T05:50:46.120,36,0,3,0,8
156306.319579,2026-07-15T05:50:46.123,36,0,3,0,8
156306.321867,2026-07-15T05:50:46.125,36,0,3,0,8
156306.324871,2026-07-15T05:50:46.128,36,0,3,0,8
156306.327278,2026-07-15T05:50:46.130,36,0,3,0,8
156306.329932,2026-07-15T05:50:46.134,36,0,3,0,8
156306.332272,2026-07-15T05:50:46.136,36,0,3,0,8
156306.334922,2026-07-15T05:50:46.139,36,0,3,0,8
156306.337577,2026-07-15T05:50:46.141,36,0,3,0,8
156306.340528,2026-07-15T05:50:46.144,36,0,3,0,8
156306.343424,2026-07-15T05:50:46.147,36,0,3,0,8
156306.346804,2026-07-15T05:50:46.150,36,0,3,0,8
156306.349534,2026-07-15T05:50:46.153,36,0,3,0,8
156306.352347,2026-07-15T05:50:46.156,36,0,3,0,8
156306.354978,2026-07-15T05:50:46.158,36,0,3,0,8
156306.357325,2026-07-15T05:50:46.161,36,0,3,0,8
156306.360013,2026-07-15T05:50:46.163,36,0,3,0,8
156306.362459,2026-07-15T05:50:46.166,36,0,3,0,8
156306.364892,2026-07-15T05:50:46.168,36,0,3,0,8
156306.367482,2026-07-15T05:50:46.171,36,0,3,0,8
156306.370695,2026-07-15T05:50:46.174,36,0,3,0,8
156306.373535,2026-07-15T05:50:46.177,36,0,3,0,9
156306.376273,2026-07-15T05:50:46.180,133,0,3,0,9
156306.378928,2026-07-15T05:50:46.182,133,0,3,0,9
156306.381317,2026-07-15T05:50:46.185,133,0,3,0,9
156306.384137,2026-07-15T05:50:46.188,133,0,3,0,9
156306.387244,2026-07-15T05:50:46.191,133,0,3,0,9
156306.389676,2026-07-15T05:50:46.193,133,0,3,0,9
156306.392465,2026-07-15T05:50:46.196,133,0,3,0,9
156306.395241,2026-07-15T05:50:46.199,133,0,3,0,9
156306.397881,2026-07-15T05:50:46.201,133,0,3,0,9
156306.400240,2026-07-15T05:50:46.204,133,0,3,0,9
156306.402421,2026-07-15T05:50:46.206,133,0,3,0,9
156306.404904,2026-07-15T05:50:46.209,133,0,3,0,9
156306.407599,2026-07-15T05:50:46.211,133,0,3,0,9
156306.410390,2026-07-15T05:50:46.214,133,0,3,0,9
156306.412881,2026-07-15T05:50:46.217,133,0,3,0,9
156306.415256,2026-07-15T05:50:46.219,133,0,3,0,9
156306.417901,2026-07-15T05:50:46.221,133,0,3,0,9
156306.420623,2026-07-15T05:50:46.224,133,0,3,0,9
156306.423127,2026-07-15T05:50:46.227,133,0,3,0,9
156306.426184,2026-07-15T05:50:46.230,133,0,3,0,9
156306.428561,2026-07-15T05:50:46.232,133,0,3,0,9
156306.430676,2026-07-15T05:50:46.234,133,0,3,0,9
156306.432765,2026-07-15T05:50:46.236,133,0,3,0,9
156306.434973,2026-07-15T05:50:46.239,133,0,3,0,9
156306.437159,2026-07-15T05:50:46.241,133,0,3,0,9
156306.439430,2026-07-15T05:50:46.243,133,0,3,0,9
156306.441954,2026-07-15T05:50:46.245,133,0,3,0,9
156306.444544,2026-07-15T05:50:46.248,133,0,3,0,9
156306.447447,2026-07-15T05:50:46.251,133,0,3,0,9
156306.450381,2026-07-15T05:50:46.254,133,0,3,0,9
156306.452535,2026-07-15T05:50:46.257,133,0,3,0,9
156306.455125,2026-07-15T05:50:46.259,133,0,3,0,9
156306.457810,2026-07-15T05:50:46.261,133,0,3,0,9
156306.460281,2026-07-15T05:50:46.263,133,0,3,0,9
156306.462903,2026-07-15T05:50:46.266,133,0,3,0,9
156306.465678,2026-07-15T05:50:46.270,133,0,3,0,9
156306.468208,2026-07-15T05:50:46.272,133,0,3,0,9
156306.470386,2026-07-15T05:50:46.274,133,0,3,0,9
156306.472897,2026-07-15T05:50:46.276,133,0,3,0,9
156306.476033,2026-07-15T05:50:46.279,133,0,3,0,9
156306.478786,2026-07-15T05:50:46.282,133,0,3,0,9
156306.481023,2026-07-15T05:50:46.284,133,0,3,0,9
156306.484502,2026-07-15T05:50:46.288,133,0,3,0,9
156306.486971,2026-07-15T05:50:46.290,133,0,3,0,9
156306.489739,2026-07-15T05:50:46.293,133,0,3,0,9
156306.492567,2026-07-15T05:50:46.297,133,0,3,0,9
156306.495389,2026-07-15T05:50:46.299,133,0,3,0,9
156306.498166,2026-07-15T05:50:46.302,133,0,3,0,9
156306.500708,2026-07-15T05:50:46.304,133,0,3,0,9
156306.503460,2026-07-15T05:50:46.307,133,0,3,0,9
156306.506246,2026-07-15T05:50:46.310,133,0,3,0,9
156306.508996,2026-07-15T05:50:46.313,133,0,3,0,9
156306.511582,2026-07-15T05:50:46.315,133,0,3,0,9
156306.514071,2026-07-15T05:50:46.317,133,0,3,0,9
156306.516848,2026-07-15T05:50:46.321,133,0,3,0,9
156306.519792,2026-07-15T05:50:46.323,133,0,3,0,9
156306.522677,2026-07-15T05:50:46.326,133,0,3,0,9
156306.525464,2026-07-15T05:50:46.329,133,0,3,0,9
156306.528216,2026-07-15T05:50:46.332,133,0,3,0,9
156306.531122,2026-07-15T05:50:46.335,133,0,3,0,9
156306.533621,2026-07-15T05:50:46.338,133,0,3,0,9
156306.536094,2026-07-15T05:50:46.340,133,0,3,0,9
156306.538132,2026-07-15T05:50:46.342,133,0,3,0,9
156306.540785,2026-07-15T05:50:46.345,133,0,3,0,9
156306.543458,2026-07-15T05:50:46.347,133,0,3,0,9
156306.546160,2026-07-15T05:50:46.350,133,0,3,0,9
156306.548844,2026-07-15T05:50:46.352,133,0,3,0,9
156306.551396,2026-07-15T05:50:46.354,133,0,3,0,9
156306.553863,2026-07-15T05:50:46.358,133,0,3,0,9
156306.556502,2026-07-15T05:50:46.360,133,0,3,0,9
156306.559086,2026-07-15T05:50:46.362,133,0,3,0,9
156306.561541,2026-07-15T05:50:46.365,133,0,3,0,9
156306.563992,2026-07-15T05:50:46.368,133,0,3,0,9
156306.566513,2026-07-15T05:50:46.370,133,0,3,0,9
156306.568976,2026-07-15T05:50:46.372,133,0,3,0,9
156306.571281,2026-07-15T05:50:46.375,133,0,3,0,9
156306.573582,2026-07-15T05:50:46.377,133,0,3,0,9
156306.575847,2026-07-15T05:50:46.379,133,0,3,0,9
156306.578836,2026-07-15T05:50:46.382,133,0,3,0,9
156306.581255,2026-07-15T05:50:46.385,133,0,3,0,9
156306.583718,2026-07-15T05:50:46.387,133,0,3,0,9
156306.586352,2026-07-15T05:50:46.390,133,0,3,0,9
156306.589102,2026-07-15T05:50:46.393,133,0,3,0,9
156306.591460,2026-07-15T05:50:46.395,133,0,3,0,9
156306.593702,2026-07-15T05:50:46.398,133,0,3,0,9
156306.596138,2026-07-15T05:50:46.400,133,0,3,0,9
156306.598264,2026-07-15T05:50:46.402,133,0,3,0,9
156306.600795,2026-07-15T05:50:46.405,133,0,3,0,9
156306.603257,2026-07-15T05:50:46.406,133,0,3,0,9
156306.605630,2026-07-15T05:50:46.410,133,0,3,0,9
156306.607980,2026-07-15T05:50:46.412,133,0,3,0,9
156306.610369,2026-07-15T05:50:46.414,133,0,3,0,9
156306.612429,2026-07-15T05:50:46.416,133,0,3,0,9
156306.614958,2026-07-15T05:50:46.419,133,0,3,0,9
156306.617206,2026-07-15T05:50:46.421,133,0,3,0,8
156306.619609,2026-07-15T05:50:46.423,231,0,3,0,8
156306.622348,2026-07-15T05:50:46.426,231,0,3,0,8
156306.624974,2026-07-15T05:50:46.428,231,0,3,0,8
156306.627376,2026-07-15T05:50:46.430,231,0,3,0,8
156306.630871,2026-07-15T05:50:46.435,231,0,3,0,8
156306.633907,2026-07-15T05:50:46.438,231,0,3,0,8
156306.636736,2026-07-15T05:50:46.440,231,0,3,0,8
156306.639848,2026-07-15T05:50:46.443,231,0,3,0,8
156306.642693,2026-07-15T05:50:46.447,231,0,3,0,8
156306.645419,2026-07-15T05:50:46.449,231,0,3,0,8
156306.648739,2026-07-15T05:50:46.453,231,0,3,0,8
156306.651521,2026-07-15T05:50:46.455,231,0,3,0,8
156306.654367,2026-07-15T05:50:46.458,231,0,3,0,8
156306.656899,2026-07-15T05:50:46.460,231,0,3,0,8
156306.659099,2026-07-15T05:50:46.463,231,0,3,0,8
156306.661451,2026-07-15T05:50:46.465,231,0,3,0,8
156306.663878,2026-07-15T05:50:46.468,231,0,3,0,8
156306.666475,2026-07-15T05:50:46.470,231,0,3,0,8
156306.669060,2026-07-15T05:50:46.473,231,0,3,0,8
156306.671725,2026-07-15T05:50:46.476,231,0,3,0,8
156306.674307,2026-07-15T05:50:46.478,231,0,3,0,8
156306.677180,2026-07-15T05:50:46.480,231,0,3,0,8
156306.679832,2026-07-15T05:50:46.483,231,0,3,0,8
156306.682533,2026-07-15T05:50:46.486,231,0,3,0,8
156306.684806,2026-07-15T05:50:46.488,231,0,3,0,8
156306.687479,2026-07-15T05:50:46.491,231,0,3,0,8
156306.690077,2026-07-15T05:50:46.493,231,0,3,0,8
156306.692477,2026-07-15T05:50:46.496,231,0,3,0,8
156306.695326,2026-07-15T05:50:46.499,231,0,3,0,8
156306.697975,2026-07-15T05:50:46.502,231,0,3,0,8
156306.700866,2026-07-15T05:50:46.504,231,0,3,0,8
156306.703484,2026-07-15T05:50:46.506,231,0,3,0,8
156306.705966,2026-07-15T05:50:46.510,231,0,3,0,8
156306.708037,2026-07-15T05:50:46.512,231,0,3,0,8
156306.710637,2026-07-15T05:50:46.514,231,0,3,0,8
156306.713151,2026-07-15T05:50:46.516,231,0,3,0,8
156306.715860,2026-07-15T05:50:46.519,231,0,3,0,8
156306.718646,2026-07-15T05:50:46.522,231,0,3,0,8
156306.721488,2026-07-15T05:50:46.525,231,0,3,0,8
156306.724425,2026-07-15T05:50:46.528,231,0,3,0,8
156306.727092,2026-07-15T05:50:46.531,231,0,3,0,8
156306.729581,2026-07-15T05:50:46.533,231,0,3,0,8
156306.732480,2026-07-15T05:50:46.536,231,0,3,0,8
156306.735073,2026-07-15T05:50:46.539,231,0,3,0,8
156306.737501,2026-07-15T05:50:46.541,231,0,3,0,8
156306.740268,2026-07-15T05:50:46.544,231,0,3,0,8
156306.743057,2026-07-15T05:50:46.547,231,0,3,0,8
156306.746284,2026-07-15T05:50:46.550,231,0,3,0,8
156306.749077,2026-07-15T05:50:46.553,231,0,3,0,8
156306.751580,2026-07-15T05:50:46.555,231,0,3,0,8
156306.754136,2026-07-15T05:50:46.558,231,0,3,0,8
156306.756941,2026-07-15T05:50:46.560,231,0,3,0,8
156306.759233,2026-07-15T05:50:46.562,231,0,3,0,8
156306.761705,2026-07-15T05:50:46.566,231,0,3,0,8
156306.764073,2026-07-15T05:50:46.568,231,0,3,0,8
156306.766431,2026-07-15T05:50:46.570,231,0,3,0,8
156306.768902,2026-07-15T05:50:46.572,231,0,3,0,8
156306.771378,2026-07-15T05:50:46.575,231,0,3,0,8
156306.773967,2026-07-15T05:50:46.578,231,0,3,0,8
156306.776858,2026-07-15T05:50:46.581,231,0,3,0,8
156306.779117,2026-07-15T05:50:46.583,231,0,3,0,8
156306.781602,2026-07-15T05:50:46.585,231,0,3,0,8
156306.784469,2026-07-15T05:50:46.587,231,0,3,0,8
156306.787112,2026-07-15T05:50:46.591,231,0,3,0,8
156306.789954,2026-07-15T05:50:46.593,231,0,3,0,8
156306.792319,2026-07-15T05:50:46.596,231,0,3,0,8
156306.794880,2026-07-15T05:50:46.598,231,0,3,0,8
156306.797380,2026-07-15T05:50:46.601,231,0,3,0,8
156306.800082,2026-07-15T05:50:46.604,231,0,3,0,8
156306.802763,2026-07-15T05:50:46.606,231,0,3,0,8
156306.805402,2026-07-15T05:50:46.609,231,0,3,0,8
156306.807732,2026-07-15T05:50:46.611,231,0,3,0,8
156306.810361,2026-07-15T05:50:46.614,231,0,3,0,8
156306.813094,2026-07-15T05:50:46.616,231,0,3,0,8
156306.815808,2026-07-15T05:50:46.619,231,0,3,0,8
156306.818461,2026-07-15T05:50:46.622,231,0,3,0,8
156306.820892,2026-07-15T05:50:46.624,231,0,3,0,8
156306.823054,2026-07-15T05:50:46.626,231,0,3,0,8
156306.825666,2026-07-15T05:50:46.630,231,0,3,0,8
156306.827991,2026-07-15T05:50:46.632,231,0,3,0,8
156306.830584,2026-07-15T05:50:46.635,231,0,3,0,8
156306.832791,2026-07-15T05:50:46.637,231,0,3,0,8
156306.835367,2026-07-15T05:50:46.639,231,0,3,0,8
156306.837396,2026-07-15T05:50:46.641,231,0,3,0,8
156306.839765,2026-07-15T05:50:46.644,231,0,3,0,8
156306.841843,2026-07-15T05:50:46.645,231,0,3,0,8
156306.844455,2026-07-15T05:50:46.649,231,0,3,0,8
156306.846812,2026-07-15T05:50:46.651,231,0,3,0,8
156306.849478,2026-07-15T05:50:46.653,231,0,3,0,8
156306.852309,2026-07-15T05:50:46.656,231,0,3,0,8
156306.854318,2026-07-15T05:50:46.658,231,0,3,0,8
156306.857028,2026-07-15T05:50:46.661,231,0,3,0,8
156306.859172,2026-07-15T05:50:46.662,231,0,3,0,8
156306.861704,2026-07-15T05:50:46.666,231,0,3,0,0
156306.864337,2026-07-15T05:50:46.668,249,3,3,0,0
156306.866906,2026-07-15T05:50:46.671,249,3,3,0,0
156306.869574,2026-07-15T05:50:46.674,249,3,3,0,0
156306.872175,2026-07-15T05:50:46.676,249,3,3,0,0
156306.874199,2026-07-15T05:50:46.678,249,3,3,0,0
156306.876833,2026-07-15T05:50:46.681,249,3,3,0,0
156306.879230,2026-07-15T05:50:46.683,249,3,3,0,0
156306.881355,2026-07-15T05:50:46.685,249,3,3,0,0
156306.883366,2026-07-15T05:50:46.687,249,3,3,0,0
156306.885512,2026-07-15T05:50:46.689,249,3,3,0,0
156306.890130,2026-07-15T05:50:46.694,249,3,3,0,0
156306.893100,2026-07-15T05:50:46.697,249,3,3,0,0
156306.895740,2026-07-15T05:50:46.700,249,3,3,0,0
156306.898150,2026-07-15T05:50:46.701,249,3,3,0,0
156306.900988,2026-07-15T05:50:46.704,249,3,3,0,0
156306.903540,2026-07-15T05:50:46.707,249,3,3,0,0
156306.905943,2026-07-15T05:50:46.708,249,3,3,0,0
156306.908275,2026-07-15T05:50:46.712,249,3,3,0,0
156306.910874,2026-07-15T05:50:46.714,249,3,3,0,0
156306.913129,2026-07-15T05:50:46.717,249,3,3,0,0
156306.915281,2026-07-15T05:50:46.719,249,3,3,0,0
156306.917665,2026-07-15T05:50:46.722,249,3,3,0,0
156306.920069,2026-07-15T05:50:46.723,249,3,3,0,0
156306.922692,2026-07-15T05:50:46.727,249,3,3,0,0
156306.924748,2026-07-15T05:50:46.728,249,3,3,0,0
156306.927401,2026-07-15T05:50:46.731,249,3,3,0,0
156306.929495,2026-07-15T05:50:46.734,249,3,3,0,0
156306.932138,2026-07-15T05:50:46.736,249,3,3,0,0
156306.934290,2026-07-15T05:50:46.738,249,3,3,0,0
156306.936775,2026-07-15T05:50:46.741,249,3,3,0,0
156306.939028,2026-07-15T05:50:46.743,249,3,3,0,0
156306.941174,2026-07-15T05:50:46.745,249,3,3,0,0
156306.943778,2026-07-15T05:50:46.748,249,3,3,0,0
156306.945872,2026-07-15T05:50:46.750,249,3,3,0,0
156306.948065,2026-07-15T05:50:46.752,249,3,3,0,0
156306.950919,2026-07-15T05:50:46.755,249,3,3,0,0
156306.953548,2026-07-15T05:50:46.757,249,3,3,0,0
156306.956209,2026-07-15T05:50:46.759,249,3,3,0,0
156306.958827,2026-07-15T05:50:46.762,249,3,3,0,0
156306.961358,2026-07-15T05:50:46.765,249,3,3,0,0
156306.963613,2026-07-15T05:50:46.767,249,3,3,0,0
156306.966238,2026-07-15T05:50:46.770,249,3,3,0,0
156306.968896,2026-07-15T05:50:46.772,249,3,3,0,0
156306.971582,2026-07-15T05:50:46.775,249,3,3,0,0
156306.974139,2026-07-15T05:50:46.777,249,3,3,0,0
156306.976879,2026-07-15T05:50:46.780,249,3,3,0,0
156306.979418,2026-07-15T05:50:46.783,249,3,3,0,0
156306.982454,2026-07-15T05:50:46.786,249,3,3,0,0
156306.985436,2026-07-15T05:50:46.789,249,3,3,0,0
156306.987856,2026-07-15T05:50:46.792,249,3,3,0,0
156306.989954,2026-07-15T05:50:46.794,249,3,3,0,0
156306.992108,2026-07-15T05:50:46.796,249,3,3,0,0
156306.994299,2026-07-15T05:50:46.798,249,3,3,0,0
156306.996657,2026-07-15T05:50:46.800,249,3,3,0,0
156306.998966,2026-07-15T05:50:46.802,249,3,3,0,0
156307.001290,2026-07-15T05:50:46.805,249,3,3,0,0
156307.003480,2026-07-15T05:50:46.807,249,3,3,0,0
156307.005837,2026-07-15T05:50:46.809,249,3,3,0,0
156307.008062,2026-07-15T05:50:46.811,249,3,3,0,0
156307.010137,2026-07-15T05:50:46.813,249,3,3,0,0
156307.012637,2026-07-15T05:50:46.816,249,3,3,0,0
156307.014821,2026-07-15T05:50:46.819,249,3,3,0,0
156307.019609,2026-07-15T05:50:46.823,249,3,3,0,0
156307.022136,2026-07-15T05:50:46.826,249,3,3,0,0
156307.024739,2026-07-15T05:50:46.829,249,3,3,0,0
156307.027449,2026-07-15T05:50:46.831,249,3,3,0,0
156307.030129,2026-07-15T05:50:46.834,249,3,3,0,0
156307.032308,2026-07-15T05:50:46.836,249,3,3,0,0
156307.034553,2026-07-15T05:50:46.838,249,3,3,0,0
156307.036781,2026-07-15T05:50:46.841,249,3,3,0,0
156307.039068,2026-07-15T05:50:46.843,249,3,3,0,0
156307.041514,2026-07-15T05:50:46.845,249,3,3,0,0
156307.043564,2026-07-15T05:50:46.847,249,3,3,0,0
156307.046808,2026-07-15T05:50:46.850,249,3,3,0,0
156307.048930,2026-07-15T05:50:46.852,249,3,3,0,0
156307.051108,2026-07-15T05:50:46.855,249,3,3,0,0
156307.053333,2026-07-15T05:50:46.857,249,3,3,0,0
156307.055343,2026-07-15T05:50:46.858,249,3,3,0,0
156307.058072,2026-07-15T05:50:46.861,249,3,3,0,0
156307.060696,2026-07-15T05:50:46.865,249,3,3,0,0
156307.062722,2026-07-15T05:50:46.866,249,3,3,0,0
156307.064925,2026-07-15T05:50:46.869,249,3,3,0,0
156307.067015,2026-07-15T05:50:46.871,249,3,3,0,0
156307.069091,2026-07-15T05:50:46.873,249,3,3,0,0
156307.071104,2026-07-15T05:50:46.875,249,3,3,0,0
156307.073157,2026-07-15T05:50:46.877,249,3,3,0,0
156307.075488,2026-07-15T05:50:46.879,249,3,3,0,0
156307.077685,2026-07-15T05:50:46.882,249,3,3,0,0
156307.079906,2026-07-15T05:50:46.884,249,3,3,0,0
156307.082635,2026-07-15T05:50:46.886,249,3,3,0,0
156307.085437,2026-07-15T05:50:46.889,249,3,3,0,0
156307.087869,2026-07-15T05:50:46.891,249,3,3,0,0
156307.090122,2026-07-15T05:50:46.894,249,3,3,0,0
156307.092865,2026-07-15T05:50:46.897,249,3,3,0,0
156307.094944,2026-07-15T05:50:46.899,249,3,3,0,0
156307.097474,2026-07-15T05:50:46.901,249,3,3,0,0
156307.099520,2026-07-15T05:50:46.903,249,3,3,0,0
156307.101728,2026-07-15T05:50:46.906,249,3,3,0,0
156307.104185,2026-07-15T05:50:46.908,249,3,3,0,0
156307.106265,2026-07-15T05:50:46.910,249,3,3,0,0
156307.108295,2026-07-15T05:50:46.912,249,3,3,0,0
156307.110542,2026-07-15T05:50:46.914,249,3,3,0,0
156307.112621,2026-07-15T05:50:46.917,249,3,3,0,0
156307.114826,2026-07-15T05:50:46.919,249,3,3,0,0
156307.117161,2026-07-15T05:50:46.921,249,3,3,0,0
156307.119765,2026-07-15T05:50:46.924,249,3,3,0,0
156307.122071,2026-07-15T05:50:46.926,249,3,3,0,0
156307.124593,2026-07-15T05:50:46.928,249,3,3,0,0
156307.127460,2026-07-15T05:50:46.931,249,3,3,0,0
156307.129955,2026-07-15T05:50:46.934,249,3,3,0,0
156307.132614,2026-07-15T05:50:46.936,249,3,3,0,0
156307.135368,2026-07-15T05:50:46.939,249,3,3,0,0
156307.137958,2026-07-15T05:50:46.942,249,3,3,0,0
156307.140536,2026-07-15T05:50:46.945,249,3,3,0,0
156307.145300,2026-07-15T05:50:46.949,249,3,3,0,0
156307.147312,2026-07-15T05:50:46.951,249,3,3,0,0
156307.150097,2026-07-15T05:50:46.954,249,3,3,0,0
156307.152550,2026-07-15T05:50:46.957,249,3,3,0,0
156307.155069,2026-07-15T05:50:46.959,249,3,3,0,0
156307.157728,2026-07-15T05:50:46.961,249,3,3,0,0
156307.160222,2026-07-15T05:50:46.964,249,3,3,0,0
156307.162463,2026-07-15T05:50:46.966,249,3,3,0,0
156307.165125,2026-07-15T05:50:46.969,249,3,3,0,0
156307.167847,2026-07-15T05:50:46.971,249,3,3,0,0
156307.170007,2026-07-15T05:50:46.973,249,3,3,0,0
156307.172670,2026-07-15T05:50:46.976,249,3,3,0,0
156307.175024,2026-07-15T05:50:46.978,249,3,3,0,0
156307.177614,2026-07-15T05:50:46.981,249,3,3,0,0
156307.179969,2026-07-15T05:50:46.983,249,3,3,0,0
156307.182348,2026-07-15T05:50:46.986,249,3,3,0,0
156307.184946,2026-07-15T05:50:46.988,249,3,3,0,0
156307.187265,2026-07-15T05:50:46.991,249,3,3,0,0
156307.189339,2026-07-15T05:50:46.993,249,3,3,0,0
156307.191939,2026-07-15T05:50:46.996,249,3,3,0,0
156307.194613,2026-07-15T05:50:46.998,249,3,3,0,0
156307.197010,2026-07-15T05:50:47.001,249,3,3,0,0
156307.200046,2026-07-15T05:50:47.004,249,3,3,0,0
156307.202850,2026-07-15T05:50:47.006,249,3,3,0,0
156307.205040,2026-07-15T05:50:47.009,249,3,3,0,0
156307.207352,2026-07-15T05:50:47.011,249,3,3,0,0
156307.209686,2026-07-15T05:50:47.014,249,3,3,0,0
156307.211927,2026-07-15T05:50:47.016,249,3,3,0,0
156307.214306,2026-07-15T05:50:47.018,249,3,3,0,0
156307.217014,2026-07-15T05:50:47.021,249,3,3,0,0
156307.219727,2026-07-15T05:50:47.024,249,3,3,0,0
156307.222333,2026-07-15T05:50:47.026,249,3,3,0,0
156307.224725,2026-07-15T05:50:47.028,249,3,3,0,0
156307.227227,2026-07-15T05:50:47.031,249,3,3,0,0
156307.230023,2026-07-15T05:50:47.033,249,3,3,0,0
156307.232028,2026-07-15T05:50:47.035,249,3,3,0,0
156307.234795,2026-07-15T05:50:47.038,249,3,3,0,0
156307.237481,2026-07-15T05:50:47.041,249,3,3,0,0
156307.239754,2026-07-15T05:50:47.043,249,3,3,0,0
156307.242363,2026-07-15T05:50:47.046,249,3,3,0,0
156307.245239,2026-07-15T05:50:47.049,249,3,3,0,0
156307.248321,2026-07-15T05:50:47.052,249,3,3,0,0
156307.251114,2026-07-15T05:50:47.055,249,3,3,0,0
156307.253820,2026-07-15T05:50:47.057,249,3,3,0,0
156307.256317,2026-07-15T05:50:47.060,249,3,3,0,0
156307.259018,2026-07-15T05:50:47.063,249,3,3,0,0
156307.261445,2026-07-15T05:50:47.065,249,3,3,0,0
156307.264209,2026-07-15T05:50:47.068,249,3,3,0,0
156307.266820,2026-07-15T05:50:47.071,249,3,3,0,0
156307.269478,2026-07-15T05:50:47.073,249,3,3,0,0
156307.271702,2026-07-15T05:50:47.076,249,3,3,0,0
156307.274322,2026-07-15T05:50:47.078,249,3,3,0,0
156307.276819,2026-07-15T05:50:47.081,249,3,3,0,0
156307.279922,2026-07-15T05:50:47.084,249,3,3,0,0
156307.282539,2026-07-15T05:50:47.086,249,3,3,0,0
156307.285236,2026-07-15T05:50:47.089,249,3,3,0,0
156307.287809,2026-07-15T05:50:47.092,249,3,3,0,0
156307.290422,2026-07-15T05:50:47.094,249,3,3,0,0
156307.292492,2026-07-15T05:50:47.095,249,3,3,0,0
156307.295336,2026-07-15T05:50:47.099,249,3,3,0,0
156307.298002,2026-07-15T05:50:47.102,249,3,3,0,0
156307.300675,2026-07-15T05:50:47.105,249,3,3,0,0
156307.303214,2026-07-15T05:50:47.107,249,3,3,0,0
156307.305638,2026-07-15T05:50:47.110,249,3,3,0,0
156307.308437,2026-07-15T05:50:47.112,249,3,3,0,0
156307.310897,2026-07-15T05:50:47.115,249,3,3,0,0
156307.313177,2026-07-15T05:50:47.117,249,3,3,0,0
156307.315550,2026-07-15T05:50:47.119,249,3,3,0,0
156307.317570,2026-07-15T05:50:47.121,249,3,3,0,0
156307.320012,2026-07-15T05:50:47.124,249,3,3,0,0
156307.322607,2026-07-15T05:50:47.127,249,3,3,0,0
156307.325050,2026-07-15T05:50:47.129,249,3,3,0,0
156307.327167,2026-07-15T05:50:47.131,249,3,3,0,0
156307.329493,2026-07-15T05:50:47.134,249,3,3,0,0
156307.331532,2026-07-15T05:50:47.136,249,3,3,0,0
156307.333770,2026-07-15T05:50:47.138,249,3,3,0,0
156307.335886,2026-07-15T05:50:47.140,249,3,3,0,0
156307.338306,2026-07-15T05:50:47.142,249,3,3,0,0
156307.340623,2026-07-15T05:50:47.145,249,3,3,0,0
156307.342832,2026-07-15T05:50:47.147,249,3,3,0,0
156307.345356,2026-07-15T05:50:47.149,249,3,3,0,0
156307.348439,2026-07-15T05:50:47.152,249,3,3,0,0
156307.351297,2026-07-15T05:50:47.154,249,3,3,0,0
156307.354275,2026-07-15T05:50:47.157,249,3,3,0,0
156307.356617,2026-07-15T05:50:47.160,249,3,3,0,0
156307.359173,2026-07-15T05:50:47.162,249,3,3,0,0
156307.362087,2026-07-15T05:50:47.165,249,3,3,0,0
156307.364860,2026-07-15T05:50:47.168,249,3,3,0,0
156307.367927,2026-07-15T05:50:47.172,249,3,3,0,0
156307.370423,2026-07-15T05:50:47.173,249,3,3,0,0
156307.372527,2026-07-15T05:50:47.176,249,3,3,0,0
156307.375083,2026-07-15T05:50:47.179,249,3,3,0,0
156307.377739,2026-07-15T05:50:47.181,249,3,3,0,0
156307.380070,2026-07-15T05:50:47.184,249,3,3,0,0
156307.382722,2026-07-15T05:50:47.187,249,3,3,0,0
156307.385209,2026-07-15T05:50:47.189,249,3,3,0,0
156307.387585,2026-07-15T05:50:47.192,249,3,3,0,0
156307.389759,2026-07-15T05:50:47.194,249,3,3,0,0
156307.391962,2026-07-15T05:50:47.196,249,3,3,0,0
156307.394338,2026-07-15T05:50:47.197,249,3,3,0,0
156307.396650,2026-07-15T05:50:47.200,249,3,3,0,0
156307.399223,2026-07-15T05:50:47.203,249,3,3,0,0
156307.402053,2026-07-15T05:50:47.206,249,3,3,0,0
156307.404837,2026-07-15T05:50:47.208,249,3,3,0,0
156307.407623,2026-07-15T05:50:47.211,249,3,3,0,0
156307.410330,2026-07-15T05:50:47.214,249,3,3,0,0
156307.413355,2026-07-15T05:50:47.217,249,3,3,0,0
156307.416048,2026-07-15T05:50:47.220,249,3,3,0,0
156307.418676,2026-07-15T05:50:47.222,249,3,3,0,0
156307.420995,2026-07-15T05:50:47.225,249,3,3,0,0
156307.423373,2026-07-15T05:50:47.227,249,3,3,0,0
156307.425987,2026-07-15T05:50:47.230,249,3,3,0,0
156307.428532,2026-07-15T05:50:47.233,249,3,3,0,0
156307.431260,2026-07-15T05:50:47.235,249,3,3,0,0
156307.433979,2026-07-15T05:50:47.238,249,3,3,0,0
156307.436941,2026-07-15T05:50:47.240,249,3,3,0,0
156307.439761,2026-07-15T05:50:47.243,249,3,3,0,0
156307.442828,2026-07-15T05:50:47.246,249,3,3,0,0
156307.445524,2026-07-15T05:50:47.249,249,3,3,0,0
156307.448046,2026-07-15T05:50:47.251,249,3,3,0,0
156307.451178,2026-07-15T05:50:47.255,249,3,3,0,0
156307.453932,2026-07-15T05:50:47.258,249,3,3,0,0
156307.456313,2026-07-15T05:50:47.260,249,3,3,0,0
156307.458823,2026-07-15T05:50:47.262,249,3,3,0,0
156307.461385,2026-07-15T05:50:47.265,249,3,3,0,0
156307.464225,2026-07-15T05:50:47.268,249,3,3,0,0
156307.466962,2026-07-15T05:50:47.271,249,3,3,0,0
156307.469427,2026-07-15T05:50:47.273,249,3,3,0,0
156307.472219,2026-07-15T05:50:47.276,249,3,3,0,0
156307.474587,2026-07-15T05:50:47.278,249,3,3,0,0
156307.477226,2026-07-15T05:50:47.281,249,3,3,0,0
156307.480126,2026-07-15T05:50:47.283,249,3,3,0,0
156307.482908,2026-07-15T05:50:47.287,249,3,3,0,0
156307.485320,2026-07-15T05:50:47.289,249,3,3,0,0
156307.488018,2026-07-15T05:50:47.291,249,3,3,0,0
156307.490299,2026-07-15T05:50:47.294,249,3,3,0,0
156307.492747,2026-07-15T05:50:47.297,249,3,3,0,0
156307.495333,2026-07-15T05:50:47.299,249,3,3,0,0
156307.497954,2026-07-15T05:50:47.302,249,3,3,0,0
156307.500714,2026-07-15T05:50:47.304,249,3,3,0,0
156307.503142,2026-07-15T05:50:47.307,249,3,3,0,0
156307.505895,2026-07-15T05:50:47.309,249,3,3,0,0
156307.508393,2026-07-15T05:50:47.312,249,3,3,0,0
156307.511204,2026-07-15T05:50:47.315,249,3,3,0,0
156307.513796,2026-07-15T05:50:47.318,249,3,3,0,0
156307.516333,2026-07-15T05:50:47.320,249,3,3,0,0
156307.518850,2026-07-15T05:50:47.322,249,3,3,0,0
156307.521142,2026-07-15T05:50:47.324,249,3,3,0,0
156307.523705,2026-07-15T05:50:47.326,249,3,3,0,0
156307.526470,2026-07-15T05:50:47.330,249,3,3,0,0
156307.528866,2026-07-15T05:50:47.332,249,3,3,0,0
156307.531131,2026-07-15T05:50:47.335,249,3,3,0,0
156307.534061,2026-07-15T05:50:47.337,249,3,3,0,0
156307.537091,2026-07-15T05:50:47.341,249,3,3,0,0
156307.539662,2026-07-15T05:50:47.343,249,3,3,0,0
156307.541976,2026-07-15T05:50:47.345,249,3,3,0,0
156307.544121,2026-07-15T05:50:47.348,249,3,3,0,0
156307.546730,2026-07-15T05:50:47.351,249,3,3,0,0
156307.550717,2026-07-15T05:50:47.354,249,3,3,0,0
156307.553304,2026-07-15T05:50:47.357,249,3,3,0,0
156307.555763,2026-07-15T05:50:47.359,249,3,3,0,0
156307.558183,2026-07-15T05:50:47.362,249,3,3,0,0
156307.560820,2026-07-15T05:50:47.364,249,3,3,0,0
156307.563159,2026-07-15T05:50:47.367,249,3,3,0,0
156307.565424,2026-07-15T05:50:47.369,249,3,3,0,0
156307.567778,2026-07-15T05:50:47.371,249,3,3,0,0
156307.570429,2026-07-15T05:50:47.374,249,3,3,0,0
156307.572668,2026-07-15T05:50:47.377,249,3,3,0,0
156307.575377,2026-07-15T05:50:47.379,249,3,3,0,0
156307.578174,2026-07-15T05:50:47.381,249,3,3,0,0
156307.580767,2026-07-15T05:50:47.385,249,3,3,0,0
156307.583278,2026-07-15T05:50:47.387,249,3,3,0,0
156307.585661,2026-07-15T05:50:47.390,249,3,3,0,0
156307.588336,2026-07-15T05:50:47.392,249,3,3,0,0
156307.590918,2026-07-15T05:50:47.394,249,3,3,0,0
156307.593443,2026-07-15T05:50:47.396,249,3,3,0,0
156307.596325,2026-07-15T05:50:47.400,249,3,3,0,0
156307.598916,2026-07-15T05:50:47.402,249,3,3,0,0
156307.601881,2026-07-15T05:50:47.406,249,3,3,0,0
156307.604474,2026-07-15T05:50:47.409,249,3,3,0,0
156307.607668,2026-07-15T05:50:47.411,249,3,3,0,0
156307.610433,2026-07-15T05:50:47.414,249,3,3,0,0
156307.612874,2026-07-15T05:50:47.417,249,3,3,0,0
156307.615596,2026-07-15T05:50:47.420,249,3,3,0,0
156307.618524,2026-07-15T05:50:47.422,249,3,3,0,0
156307.621108,2026-07-15T05:50:47.425,249,3,3,0,0
156307.623917,2026-07-15T05:50:47.427,249,3,3,0,0
156307.626576,2026-07-15T05:50:47.430,249,3,3,0,0
156307.628979,2026-07-15T05:50:47.432,249,3,3,0,0
156307.631514,2026-07-15T05:50:47.436,249,3,3,0,0
156307.634082,2026-07-15T05:50:47.438,249,3,3,0,0
156307.636728,2026-07-15T05:50:47.440,249,3,3,0,0
156307.639237,2026-07-15T05:50:47.443,249,3,3,0,0
156307.641394,2026-07-15T05:50:47.445,249,3,3,0,0
156307.643535,2026-07-15T05:50:47.447,249,3,3,0,0
156307.646116,2026-07-15T05:50:47.449,249,3,3,0,0
156307.648191,2026-07-15T05:50:47.452,249,3,3,0,0
156307.652129,2026-07-15T05:50:47.456,249,3,3,0,0
156307.654518,2026-07-15T05:50:47.458,249,3,3,0,0
156307.657273,2026-07-15T05:50:47.461,249,3,3,0,0
156307.660108,2026-07-15T05:50:47.464,249,3,3,0,0
156307.662976,2026-07-15T05:50:47.466,249,3,3,0,0
156307.665934,2026-07-15T05:50:47.469,249,3,3,0,0
156307.668228,2026-07-15T05:50:47.471,249,3,3,0,0
156307.670691,2026-07-15T05:50:47.475,249,3,3,0,0
156307.673387,2026-07-15T05:50:47.477,249,3,3,0,0
156307.676204,2026-07-15T05:50:47.480,249,3,3,0,0
156307.678972,2026-07-15T05:50:47.483,249,3,3,0,0
156307.681543,2026-07-15T05:50:47.486,249,3,3,0,0
156307.684469,2026-07-15T05:50:47.488,249,3,3,0,0
156307.687186,2026-07-15T05:50:47.491,249,3,3,0,10
156307.689992,2026-07-15T05:50:47.494,213,0,3,0,10
156307.692699,2026-07-15T05:50:47.496,213,0,3,0,10
156307.695281,2026-07-15T05:50:47.498,213,0,3,0,10
156307.698013,2026-07-15T05:50:47.501,213,0,3,0,10
156307.700621,2026-07-15T05:50:47.504,213,0,3,0,10
156307.702907,2026-07-15T05:50:47.507,213,0,3,0,10
156307.705725,2026-07-15T05:50:47.510,213,0,3,0,10
156307.707923,2026-07-15T05:50:47.511,213,0,3,0,10
156307.712037,2026-07-15T05:50:47.516,213,0,3,0,10
156307.714266,2026-07-15T05:50:47.518,213,0,3,0,10
156307.717150,2026-07-15T05:50:47.520,213,0,3,0,10
156307.719256,2026-07-15T05:50:47.522,213,0,3,0,10
156307.722072,2026-07-15T05:50:47.525,213,0,3,0,10
156307.724843,2026-07-15T05:50:47.528,213,0,3,0,10
156307.727558,2026-07-15T05:50:47.531,213,0,3,0,10
156307.730136,2026-07-15T05:50:47.534,213,0,3,0,10
156307.732794,2026-07-15T05:50:47.537,213,0,3,0,10
156307.735271,2026-07-15T05:50:47.539,213,0,3,0,10
156307.737789,2026-07-15T05:50:47.541,213,0,3,0,10
156307.740993,2026-07-15T05:50:47.544,213,0,3,0,10
156307.743254,2026-07-15T05:50:47.546,213,0,3,0,10
156307.745564,2026-07-15T05:50:47.549,213,0,3,0,10
156307.748334,2026-07-15T05:50:47.552,213,0,3,0,10
156307.751867,2026-07-15T05:50:47.555,213,0,3,0,10
156307.754649,2026-07-15T05:50:47.558,213,0,3,0,10
156307.756973,2026-07-15T05:50:47.561,213,0,3,0,10
156307.759395,2026-07-15T05:50:47.563,213,0,3,0,10
156307.762034,2026-07-15T05:50:47.566,213,0,3,0,10
156307.764761,2026-07-15T05:50:47.569,213,0,3,0,10
156307.767495,2026-07-15T05:50:47.571,213,0,3,0,10
156307.770848,2026-07-15T05:50:47.575,213,0,3,0,10
156307.773438,2026-07-15T05:50:47.577,213,0,3,0,10
156307.775830,2026-07-15T05:50:47.579,213,0,3,0,10
156307.778217,2026-07-15T05:50:47.582,213,0,3,0,10
156307.781115,2026-07-15T05:50:47.585,213,0,3,0,10
156307.783405,2026-07-15T05:50:47.587,213,0,3,0,10
156307.786183,2026-07-15T05:50:47.589,213,0,3,0,10
156307.788958,2026-07-15T05:50:47.592,213,0,3,0,10
156307.791753,2026-07-15T05:50:47.595,213,0,3,0,10
156307.794496,2026-07-15T05:50:47.598,213,0,3,0,10
156307.797147,2026-07-15T05:50:47.601,213,0,3,0,10
156307.799762,2026-07-15T05:50:47.604,213,0,3,0,10
156307.802368,2026-07-15T05:50:47.606,213,0,3,0,10
156307.804959,2026-07-15T05:50:47.608,213,0,3,0,10
156307.807231,2026-07-15T05:50:47.611,213,0,3,0,10
156307.809881,2026-07-15T05:50:47.613,213,0,3,0,10
156307.812246,2026-07-15T05:50:47.616,213,0,3,0,10
156307.814836,2026-07-15T05:50:47.618,213,0,3,0,10
156307.817308,2026-07-15T05:50:47.621,213,0,3,0,10
156307.819436,2026-07-15T05:50:47.623,213,0,3,0,10
156307.822200,2026-07-15T05:50:47.625,213,0,3,0,10
156307.824598,2026-07-15T05:50:47.628,213,0,3,0,10
156307.827018,2026-07-15T05:50:47.631,213,0,3,0,10
156307.829366,2026-07-15T05:50:47.633,213,0,3,0,10
156307.831861,2026-07-15T05:50:47.635,213,0,3,0,10
156307.834586,2026-07-15T05:50:47.638,213,0,3,0,10
156307.836716,2026-07-15T05:50:47.640,213,0,3,0,10
156307.839386,2026-07-15T05:50:47.643,213,0,3,0,10
156307.841716,2026-07-15T05:50:47.645,213,0,3,0,10
156307.844622,2026-07-15T05:50:47.647,213,0,3,0,10
156307.846736,2026-07-15T05:50:47.651,213,0,3,0,10
156307.849619,2026-07-15T05:50:47.654,213,0,3,0,10
156307.852840,2026-07-15T05:50:47.657,213,0,3,0,10
156307.855786,2026-07-15T05:50:47.660,213,0,3,0,10
156307.858595,2026-07-15T05:50:47.662,213,0,3,0,10
156307.861240,2026-07-15T05:50:47.665,213,0,3,0,10
156307.863803,2026-07-15T05:50:47.667,213,0,3,0,10
156307.866435,2026-07-15T05:50:47.670,213,0,3,0,10
156307.869109,2026-07-15T05:50:47.673,213,0,3,0,10
156307.871180,2026-07-15T05:50:47.675,213,0,3,0,10
156307.873708,2026-07-15T05:50:47.677,213,0,3,0,10
156307.876097,2026-07-15T05:50:47.680,213,0,3,0,10
156307.878518,2026-07-15T05:50:47.682,213,0,3,0,10
156307.881093,2026-07-15T05:50:47.685,213,0,3,0,10
156307.883621,2026-07-15T05:50:47.687,213,0,3,0,10
156307.886146,2026-07-15T05:50:47.689,213,0,3,0,10
156307.888414,2026-07-15T05:50:47.692,213,0,3,0,10
156307.891270,2026-07-15T05:50:47.694,213,0,3,0,10
156307.894069,2026-07-15T05:50:47.698,213,0,3,0,10
156307.896842,2026-07-15T05:50:47.701,213,0,3,0,10
156307.899814,2026-07-15T05:50:47.703,213,0,3,0,10
156307.902636,2026-07-15T05:50:47.706,213,0,3,0,10
156307.905226,2026-07-15T05:50:47.709,213,0,3,0,10
156307.907313,2026-07-15T05:50:47.711,213,0,3,0,10
156307.909587,2026-07-15T05:50:47.713,213,0,3,0,10
156307.911844,2026-07-15T05:50:47.716,213,0,3,0,10
156307.914434,2026-07-15T05:50:47.718,213,0,3,0,10
156307.917167,2026-07-15T05:50:47.721,213,0,3,0,10
156307.919757,2026-07-15T05:50:47.724,213,0,3,0,10
156307.922392,2026-07-15T05:50:47.726,213,0,3,0,10
156307.924561,2026-07-15T05:50:47.728,213,0,3,0,10
156307.926965,2026-07-15T05:50:47.730,213,0,3,0,10
156307.929302,2026-07-15T05:50:47.733,213,0,3,0,10
156307.931862,2026-07-15T05:50:47.736,213,0,3,0,9
156307.934670,2026-07-15T05:50:47.738,115,0,3,0,9
156307.937180,2026-07-15T05:50:47.740,115,0,3,0,9
156307.939859,2026-07-15T05:50:47.744,115,0,3,0,9
156307.942653,2026-07-15T05:50:47.746,115,0,3,0,9
156307.945366,2026-07-15T05:50:47.749,115,0,3,0,9
156307.947517,2026-07-15T05:50:47.751,115,0,3,0,9
156307.949911,2026-07-15T05:50:47.754,115,0,3,0,9
156307.952848,2026-07-15T05:50:47.756,115,0,3,0,9
156307.955271,2026-07-15T05:50:47.759,115,0,3,0,9
156307.957919,2026-07-15T05:50:47.762,115,0,3,0,9
156307.960806,2026-07-15T05:50:47.764,115,0,3,0,9
156307.963464,2026-07-15T05:50:47.767,115,0,3,0,9
156307.965708,2026-07-15T05:50:47.770,115,0,3,0,9
156307.968753,2026-07-15T05:50:47.772,115,0,3,0,9
156307.971453,2026-07-15T05:50:47.775,115,0,3,0,9
156307.974253,2026-07-15T05:50:47.777,115,0,3,0,9
156307.976289,2026-07-15T05:50:47.780,115,0,3,0,9
156307.979047,2026-07-15T05:50:47.783,115,0,3,0,9
156307.981268,2026-07-15T05:50:47.785,115,0,3,0,9
156307.984098,2026-07-15T05:50:47.788,115,0,3,0,9
156307.987055,2026-07-15T05:50:47.791,115,0,3,0,9
156307.989681,2026-07-15T05:50:47.793,115,0,3,0,9
156307.992571,2026-07-15T05:50:47.796,115,0,3,0,9
156307.995340,2026-07-15T05:50:47.798,115,0,3,0,9
156308.001077,2026-07-15T05:50:47.804,115,0,3,0,9
156308.003087,2026-07-15T05:50:47.807,115,0,3,0,9
156308.006045,2026-07-15T05:50:47.810,115,0,3,0,9
156308.008418,2026-07-15T05:50:47.811,115,0,3,0,9
156308.010860,2026-07-15T05:50:47.815,115,0,3,0,9
156308.013197,2026-07-15T05:50:47.816,115,0,3,0,9
156308.015391,2026-07-15T05:50:47.819,115,0,3,0,9
156308.017801,2026-07-15T05:50:47.821,115,0,3,0,9
156308.020046,2026-07-15T05:50:47.824,115,0,3,0,9
156308.022118,2026-07-15T05:50:47.825,115,0,3,0,9
156308.025496,2026-07-15T05:50:47.829,115,0,3,0,9
156308.027550,2026-07-15T05:50:47.831,115,0,3,0,9
156308.029601,2026-07-15T05:50:47.833,115,0,3,0,9
156308.032048,2026-07-15T05:50:47.836,115,0,3,0,9
156308.034103,2026-07-15T05:50:47.837,115,0,3,0,9
156308.036465,2026-07-15T05:50:47.840,115,0,3,0,9
156308.039166,2026-07-15T05:50:47.843,115,0,3,0,9
156308.041195,2026-07-15T05:50:47.845,115,0,3,0,9
156308.043948,2026-07-15T05:50:47.847,115,0,3,0,9
156308.046123,2026-07-15T05:50:47.850,115,0,3,0,9
156308.048698,2026-07-15T05:50:47.853,115,0,3,0,9
156308.051452,2026-07-15T05:50:47.855,115,0,3,0,9
156308.054629,2026-07-15T05:50:47.858,115,0,3,0,9
156308.056779,2026-07-15T05:50:47.860,115,0,3,0,9
156308.059173,2026-07-15T05:50:47.863,115,0,3,0,9
156308.061896,2026-07-15T05:50:47.865,115,0,3,0,9
156308.064322,2026-07-15T05:50:47.867,115,0,3,0,9
156308.066536,2026-07-15T05:50:47.870,115,0,3,0,9
156308.068722,2026-07-15T05:50:47.872,115,0,3,0,9
156308.070843,2026-07-15T05:50:47.874,115,0,3,0,9
156308.072969,2026-07-15T05:50:47.876,115,0,3,0,9
156308.075074,2026-07-15T05:50:47.879,115,0,3,0,9
156308.077263,2026-07-15T05:50:47.881,115,0,3,0,9
156308.079319,2026-07-15T05:50:47.883,115,0,3,0,9
156308.081741,2026-07-15T05:50:47.885,115,0,3,0,9
156308.084083,2026-07-15T05:50:47.887,115,0,3,0,9
156308.086483,2026-07-15T05:50:47.890,115,0,3,0,9
156308.089088,2026-07-15T05:50:47.893,115,0,3,0,9
156308.091396,2026-07-15T05:50:47.895,115,0,3,0,9
156308.093942,2026-07-15T05:50:47.898,115,0,3,0,9
156308.096702,2026-07-15T05:50:47.900,115,0,3,0,9
156308.098953,2026-07-15T05:50:47.903,115,0,3,0,9
156308.101349,2026-07-15T05:50:47.905,115,0,3,0,9
156308.104113,2026-07-15T05:50:47.908,115,0,3,0,9
156308.106363,2026-07-15T05:50:47.910,115,0,3,0,9
156308.108831,2026-07-15T05:50:47.912,115,0,3,0,9
156308.111244,2026-07-15T05:50:47.915,115,0,3,0,9
156308.113397,2026-07-15T05:50:47.917,115,0,3,0,9
156308.116135,2026-07-15T05:50:47.919,115,0,3,0,9
156308.118717,2026-07-15T05:50:47.923,115,0,3,0,9
156308.121082,2026-07-15T05:50:47.925,115,0,3,0,9
156308.123085,2026-07-15T05:50:47.926,115,0,3,0,9
156308.125163,2026-07-15T05:50:47.928,115,0,3,0,9
156308.127719,2026-07-15T05:50:47.932,115,0,3,0,9
156308.130003,2026-07-15T05:50:47.934,115,0,3,0,9
156308.132689,2026-07-15T05:50:47.936,115,0,3,0,9
156308.135226,2026-07-15T05:50:47.939,115,0,3,0,9
156308.137478,2026-07-15T05:50:47.941,115,0,3,0,9
156308.139940,2026-07-15T05:50:47.943,115,0,3,0,9
156308.142484,2026-07-15T05:50:47.946,115,0,3,0,9
156308.144805,2026-07-15T05:50:47.949,115,0,3,0,9
156308.147123,2026-07-15T05:50:47.951,115,0,3,0,9
156308.149319,2026-07-15T05:50:47.953,115,0,3,0,9
156308.152201,2026-07-15T05:50:47.956,115,0,3,0,9
156308.155179,2026-07-15T05:50:47.958,115,0,3,0,9
156308.157312,2026-07-15T05:50:47.961,115,0,3,0,9
156308.159857,2026-07-15T05:50:47.964,115,0,3,0,9
156308.162329,2026-07-15T05:50:47.966,115,0,3,0,9
156308.164769,2026-07-15T05:50:47.968,115,0,3,0,9
156308.167161,2026-07-15T05:50:47.970,115,0,3,0,9
156308.169420,2026-07-15T05:50:47.973,115,0,3,0,9
156308.172100,2026-07-15T05:50:47.976,115,0,3,0,9
156308.174272,2026-07-15T05:50:47.978,115,0,3,0,9
156308.176745,2026-07-15T05:50:47.980,17,0,3,0,8
156308.179299,2026-07-15T05:50:47.983,17,0,3,0,8
156308.181685,2026-07-15T05:50:47.986,17,0,3,0,8
156308.184008,2026-07-15T05:50:47.988,17,0,3,0,8
156308.186392,2026-07-15T05:50:47.990,17,0,3,0,8
156308.189233,2026-07-15T05:50:47.993,17,0,3,0,8
156308.192135,2026-07-15T05:50:47.996,17,0,3,0,8
156308.194856,2026-07-15T05:50:47.999,17,0,3,0,8
156308.197731,2026-07-15T05:50:48.001,17,0,3,0,8
156308.200285,2026-07-15T05:50:48.004,17,0,3,0,8
156308.202959,2026-07-15T05:50:48.006,17,0,3,0,8
156308.204974,2026-07-15T05:50:48.008,17,0,3,0,8
156308.207680,2026-07-15T05:50:48.011,17,0,3,0,8
156308.210233,2026-07-15T05:50:48.014,17,0,3,0,8
156308.212945,2026-07-15T05:50:48.017,17,0,3,0,8
156308.215714,2026-07-15T05:50:48.019,17,0,3,0,8
156308.217968,2026-07-15T05:50:48.021,17,0,3,0,8
156308.220221,2026-07-15T05:50:48.023,17,0,3,0,8
156308.222460,2026-07-15T05:50:48.026,17,0,3,0,8
156308.226428,2026-07-15T05:50:48.030,17,0,3,0,8
156308.228526,2026-07-15T05:50:48.032,17,0,3,0,8
156308.230715,2026-07-15T05:50:48.034,17,0,3,0,8
156308.232975,2026-07-15T05:50:48.037,17,0,3,0,8
156308.235599,2026-07-15T05:50:48.039,17,0,3,0,8
156308.238198,2026-07-15T05:50:48.042,17,0,3,0,8
156308.240646,2026-07-15T05:50:48.044,17,0,3,0,8
156308.243013,2026-07-15T05:50:48.046,17,0,3,0,8
156308.245327,2026-07-15T05:50:48.048,17,0,3,0,8
156308.247845,2026-07-15T05:50:48.052,17,0,3,0,8
156308.250396,2026-07-15T05:50:48.054,17,0,3,0,8
156308.253362,2026-07-15T05:50:48.057,17,0,3,0,8
156308.255941,2026-07-15T05:50:48.060,17,0,3,0,8
156308.258540,2026-07-15T05:50:48.062,17,0,3,0,8
156308.261075,2026-07-15T05:50:48.065,17,0,3,0,8
156308.263179,2026-07-15T05:50:48.067,17,0,3,0,8
156308.265734,2026-07-15T05:50:48.069,17,0,3,0,8
156308.268688,2026-07-15T05:50:48.073,17,0,3,0,8
156308.271232,2026-07-15T05:50:48.075,17,0,3,0,8
156308.273738,2026-07-15T05:50:48.078,17,0,3,0,8
156308.276327,2026-07-15T05:50:48.080,17,0,3,0,8
156308.279672,2026-07-15T05:50:48.084,17,0,3,0,8
156308.282356,2026-07-15T05:50:48.086,17,0,3,0,8
156308.285063,2026-07-15T05:50:48.088,17,0,3,0,8
156308.287874,2026-07-15T05:50:48.092,17,0,3,0,8
156308.291010,2026-07-15T05:50:48.094,17,0,3,0,8
156308.293896,2026-07-15T05:50:48.098,17,0,3,0,8
156308.296815,2026-07-15T05:50:48.100,17,0,3,0,8
156308.299403,2026-07-15T05:50:48.103,17,0,3,0,8
156308.302143,2026-07-15T05:50:48.106,17,0,3,0,8
156308.304704,2026-07-15T05:50:48.108,17,0,3,0,8
156308.307189,2026-07-15T05:50:48.110,17,0,3,0,8
156308.310686,2026-07-15T05:50:48.114,17,0,3,0,8
156308.313868,2026-07-15T05:50:48.117,17,0,3,0,8
156308.316596,2026-07-15T05:50:48.120,17,0,3,0,8
156308.319459,2026-07-15T05:50:48.123,17,0,3,0,8
156308.322351,2026-07-15T05:50:48.126,17,0,3,0,8
156308.324916,2026-07-15T05:50:48.128,17,0,3,0,8
156308.327579,2026-07-15T05:50:48.131,17,0,3,0,8
156308.330321,2026-07-15T05:50:48.134,17,0,3,0,8
156308.332955,2026-07-15T05:50:48.137,17,0,3,0,8
156308.335875,2026-07-15T05:50:48.140,17,0,3,0,8
156308.338632,2026-07-15T05:50:48.143,17,0,3,0,8
156308.341796,2026-07-15T05:50:48.145,17,0,3,0,8
156308.344372,2026-07-15T05:50:48.148,17,0,3,0,8
156308.347002,2026-07-15T05:50:48.151,17,0,3,0,8
156308.349600,2026-07-15T05:50:48.153,17,0,3,0,8
156308.352212,2026-07-15T05:50:48.156,17,0,3,0,8
156308.354857,2026-07-15T05:50:48.159,17,0,3,0,8
156308.357508,2026-07-15T05:50:48.161,17,0,3,0,8
156308.360214,2026-07-15T05:50:48.164,17,0,3,0,8
156308.362817,2026-07-15T05:50:48.166,17,0,3,0,8
156308.365374,2026-07-15T05:50:48.169,17,0,3,0,8
156308.367727,2026-07-15T05:50:48.171,17,0,3,0,8
156308.370304,2026-07-15T05:50:48.174,17,0,3,0,8
156308.372730,2026-07-15T05:50:48.176,17,0,3,0,8
156308.374987,2026-07-15T05:50:48.178,17,0,3,0,8
156308.377211,2026-07-15T05:50:48.180,17,0,3,0,8
156308.379697,2026-07-15T05:50:48.183,17,0,3,0,8
156308.382541,2026-07-15T05:50:48.186,17,0,3,0,8
156308.384836,2026-07-15T05:50:48.189,17,0,3,0,8
156308.386943,2026-07-15T05:50:48.191,17,0,3,0,8
156308.389362,2026-07-15T05:50:48.192,17,0,3,0,8
156308.391825,2026-07-15T05:50:48.196,17,0,3,0,8
156308.393952,2026-07-15T05:50:48.198,17,0,3,0,8
156308.396611,2026-07-15T05:50:48.201,17,0,3,0,8
156308.398902,2026-07-15T05:50:48.203,17,0,3,0,8
156308.401208,2026-07-15T05:50:48.205,17,0,3,0,8
156308.403941,2026-07-15T05:50:48.207,17,0,3,0,8
156308.405987,2026-07-15T05:50:48.210,17,0,3,0,8
156308.408300,2026-07-15T05:50:48.212,17,0,3,0,8
156308.410782,2026-07-15T05:50:48.214,17,0,3,0,8
156308.413372,2026-07-15T05:50:48.217,17,0,3,0,8
156308.416059,2026-07-15T05:50:48.220,17,0,3,0,8
156308.418810,2026-07-15T05:50:48.222,17,0,3,0,8
156308.421222,2026-07-15T05:50:48.225,17,0,3,0,0
156308.424563,2026-07-15T05:50:48.227,3,3,3,0,0
156308.427179,2026-07-15T05:50:48.231,3,3,3,0,0
156308.429797,2026-07-15T05:50:48.234,3,3,3,0,0
156308.433320,2026-07-15T05:50:48.237,3,3,3,0,0
156308.435895,2026-07-15T05:50:48.240,3,3,3,0,0
156308.438622,2026-07-15T05:50:48.242,3,3,3,0,0
156308.441382,2026-07-15T05:50:48.245,3,3,3,0,0
156308.443839,2026-07-15T05:50:48.248,3,3,3,0,0
156308.446067,2026-07-15T05:50:48.250,3,3,3,0,0
156308.448845,2026-07-15T05:50:48.252,3,3,3,0,0
156308.451765,2026-07-15T05:50:48.255,3,3,3,0,0
156308.454771,2026-07-15T05:50:48.259,3,3,3,0,0
156308.457505,2026-07-15T05:50:48.261,3,3,3,0,0
156308.460040,2026-07-15T05:50:48.264,3,3,3,0,0
156308.462917,2026-07-15T05:50:48.267,3,3,3,0,0
156308.465617,2026-07-15T05:50:48.269,3,3,3,0,0
156308.467788,2026-07-15T05:50:48.271,3,3,3,0,0
156308.469991,2026-07-15T05:50:48.274,3,3,3,0,0
156308.472639,2026-07-15T05:50:48.276,3,3,3,0,0
156308.475482,2026-07-15T05:50:48.279,3,3,3,0,0
156308.478001,2026-07-15T05:50:48.282,3,3,3,0,0
156308.480724,2026-07-15T05:50:48.285,3,3,3,0,0
156308.483335,2026-07-15T05:50:48.287,3,3,3,0,0
156308.486114,2026-07-15T05:50:48.290,3,3,3,0,0
156308.488921,2026-07-15T05:50:48.293,3,3,3,0,0
156308.491706,2026-07-15T05:50:48.295,3,3,3,0,0
156308.494682,2026-07-15T05:50:48.298,3,3,3,0,0
156308.497371,2026-07-15T05:50:48.301,3,3,3,0,0
156308.499913,2026-07-15T05:50:48.303,3,3,3,0,0
156308.502571,2026-07-15T05:50:48.306,3,3,3,0,0
156308.505368,2026-07-15T05:50:48.309,3,3,3,0,0
156308.507920,2026-07-15T05:50:48.311,3,3,3,0,0
156308.510737,2026-07-15T05:50:48.314,3,3,3,0,0
156308.513489,2026-07-15T05:50:48.317,3,3,3,0,0
156308.516168,2026-07-15T05:50:48.320,3,3,3,0,0
156308.518927,2026-07-15T05:50:48.322,3,3,3,0,0
156308.521953,2026-07-15T05:50:48.325,3,3,3,0,0
156308.524658,2026-07-15T05:50:48.329,3,3,3,0,0
156308.527347,2026-07-15T05:50:48.331,3,3,3,0,0
156308.529702,2026-07-15T05:50:48.333,3,3,3,0,0
156308.532491,2026-07-15T05:50:48.336,3,3,3,0,0
156308.535340,2026-07-15T05:50:48.339,3,3,3,0,0
156308.538166,2026-07-15T05:50:48.342,3,3,3,0,0
156308.540868,2026-07-15T05:50:48.345,3,3,3,0,0
156308.543393,2026-07-15T05:50:48.347,3,3,3,0,0
156308.546002,2026-07-15T05:50:48.350,3,3,3,0,0
156308.548621,2026-07-15T05:50:48.352,3,3,3,0,0
156308.551457,2026-07-15T05:50:48.355,3,3,3,0,0
156308.554396,2026-07-15T05:50:48.358,3,3,3,0,0
156308.557486,2026-07-15T05:50:48.361,3,3,3,0,0
156308.560221,2026-07-15T05:50:48.364,3,3,3,0,0
156308.563037,2026-07-15T05:50:48.367,3,3,3,0,0
156308.565826,2026-07-15T05:50:48.370,3,3,3,0,0
156308.568592,2026-07-15T05:50:48.372,3,3,3,0,0
156308.571014,2026-07-15T05:50:48.375,3,3,3,0,0
156308.573769,2026-07-15T05:50:48.378,3,3,3,0,0
156308.576381,2026-07-15T05:50:48.380,3,3,3,0,0
156308.578790,2026-07-15T05:50:48.382,3,3,3,0,0
156308.581578,2026-07-15T05:50:48.385,3,3,3,0,0
156308.584127,2026-07-15T05:50:48.387,3,3,3,0,0
156308.587141,2026-07-15T05:50:48.390,3,3,3,0,0
156308.590113,2026-07-15T05:50:48.393,3,3,3,0,0
156308.592954,2026-07-15T05:50:48.396,3,3,3,0,0
156308.595330,2026-07-15T05:50:48.399,3,3,3,0,0
156308.597981,2026-07-15T05:50:48.401,3,3,3,0,0
156308.600337,2026-07-15T05:50:48.403,3,3,3,0,0
156308.602869,2026-07-15T05:50:48.406,3,3,3,0,0
156308.605734,2026-07-15T05:50:48.409,3,3,3,0,0
156308.608441,2026-07-15T05:50:48.412,3,3,3,0,0
156308.610760,2026-07-15T05:50:48.415,3,3,3,0,0
156308.613384,2026-07-15T05:50:48.417,3,3,3,0,0
156308.615917,2026-07-15T05:50:48.419,3,3,3,0,0
156308.618467,2026-07-15T05:50:48.422,3,3,3,0,0
156308.621020,2026-07-15T05:50:48.425,3,3,3,0,0
156308.623529,2026-07-15T05:50:48.427,3,3,3,0,0
156308.625979,2026-07-15T05:50:48.430,3,3,3,0,0
156308.628627,2026-07-15T05:50:48.433,3,3,3,0,0
156308.631342,2026-07-15T05:50:48.434,3,3,3,0,0
156308.634012,2026-07-15T05:50:48.438,3,3,3,0,0
156308.636849,2026-07-15T05:50:48.440,3,3,3,0,0
156308.639538,2026-07-15T05:50:48.443,3,3,3,0,0
156308.642210,2026-07-15T05:50:48.445,3,3,3,0,0
156308.644931,2026-07-15T05:50:48.448,3,3,3,0,0
156308.647288,2026-07-15T05:50:48.450,3,3,3,0,0
156308.649909,2026-07-15T05:50:48.454,3,3,3,0,0
156308.652633,2026-07-15T05:50:48.457,3,3,3,0,0
156308.655992,2026-07-15T05:50:48.460,3,3,3,0,0
156308.658519,2026-07-15T05:50:48.462,3,3,3,0,0
156308.660830,2026-07-15T05:50:48.465,3,3,3,0,0
156308.663105,2026-07-15T05:50:48.467,3,3,3,0,0
156308.665887,2026-07-15T05:50:48.470,3,3,3,0,0
156308.668376,2026-07-15T05:50:48.472,3,3,3,0,0
156308.670910,2026-07-15T05:50:48.475,3,3,3,0,0
156308.673083,2026-07-15T05:50:48.477,3,3,3,0,0
156308.675708,2026-07-15T05:50:48.480,3,3,3,0,0
156308.677962,2026-07-15T05:50:48.481,3,3,3,0,0
156308.680171,2026-07-15T05:50:48.484,3,3,3,0,0
156308.682795,2026-07-15T05:50:48.486,3,3,3,0,0
156308.685283,2026-07-15T05:50:48.489,3,3,3,0,0
156308.687350,2026-07-15T05:50:48.491,3,3,3,0,0
156308.689536,2026-07-15T05:50:48.493,3,3,3,0,0
156308.691997,2026-07-15T05:50:48.496,3,3,3,0,0
156308.694089,2026-07-15T05:50:48.497,3,3,3,0,0
156308.696183,2026-07-15T05:50:48.499,3,3,3,0,0
156308.698693,2026-07-15T05:50:48.503,3,3,3,0,0
156308.701057,2026-07-15T05:50:48.505,3,3,3,0,0
156308.703786,2026-07-15T05:50:48.508,3,3,3,0,0
156308.706080,2026-07-15T05:50:48.510,3,3,3,0,0
156308.708973,2026-07-15T05:50:48.513,3,3,3,0,0
156308.711422,2026-07-15T05:50:48.515,3,3,3,0,0
156308.714007,2026-07-15T05:50:48.518,3,3,3,0,0
156308.716529,2026-07-15T05:50:48.520,3,3,3,0,0
156308.718649,2026-07-15T05:50:48.523,3,3,3,0,0
156308.720673,2026-07-15T05:50:48.525,3,3,3,0,0
156308.722692,2026-07-15T05:50:48.527,3,3,3,0,0
156308.724719,2026-07-15T05:50:48.529,3,3,3,0,0
156308.726754,2026-07-15T05:50:48.531,3,3,3,0,0
156308.728790,2026-07-15T05:50:48.533,3,3,3,0,0
156308.731282,2026-07-15T05:50:48.535,3,3,3,0,0
156308.733291,2026-07-15T05:50:48.537,3,3,3,0,0
156308.735790,2026-07-15T05:50:48.540,3,3,3,0,0
156308.737958,2026-07-15T05:50:48.542,3,3,3,0,0
156308.740313,2026-07-15T05:50:48.544,3,3,3,0,0
156308.742340,2026-07-15T05:50:48.546,3,3,3,0,0
156308.744733,2026-07-15T05:50:48.549,3,3,3,0,0
156308.747303,2026-07-15T05:50:48.551,3,3,3,0,0
156308.749383,2026-07-15T05:50:48.553,3,3,3,0,0
156308.751552,2026-07-15T05:50:48.556,3,3,3,0,0
156308.753976,2026-07-15T05:50:48.558,3,3,3,0,0
156308.756562,2026-07-15T05:50:48.561,3,3,3,0,0
156308.758843,2026-07-15T05:50:48.563,3,3,3,0,0
156308.761280,2026-07-15T05:50:48.565,3,3,3,0,0
156308.763652,2026-07-15T05:50:48.568,3,3,3,0,0
156308.765901,2026-07-15T05:50:48.570,3,3,3,0,0
156308.768218,2026-07-15T05:50:48.572,3,3,3,0,0
156308.770242,2026-07-15T05:50:48.574,3,3,3,0,0
156308.772266,2026-07-15T05:50:48.576,3,3,3,0,0
156308.774328,2026-07-15T05:50:48.578,3,3,3,0,0
156308.776504,2026-07-15T05:50:48.580,3,3,3,0,0
156308.778634,2026-07-15T05:50:48.582,3,3,3,0,0
156308.780684,2026-07-15T05:50:48.584,3,3,3,0,0
156308.783032,2026-07-15T05:50:48.587,3,3,3,0,0
156308.785502,2026-07-15T05:50:48.590,3,3,3,0,0
156308.787816,2026-07-15T05:50:48.592,3,3,3,0,0
156308.790384,2026-07-15T05:50:48.594,3,3,3,0,0
156308.792527,2026-07-15T05:50:48.597,3,3,3,0,0
156308.794965,2026-07-15T05:50:48.599,3,3,3,0,0
156308.797239,2026-07-15T05:50:48.601,3,3,3,0,0
156308.799761,2026-07-15T05:50:48.604,3,3,3,0,0
156308.802097,2026-07-15T05:50:48.606,3,3,3,0,0
156308.804402,2026-07-15T05:50:48.608,3,3,3,0,0
156308.806622,2026-07-15T05:50:48.611,3,3,3,0,0
156308.808869,2026-07-15T05:50:48.613,3,3,3,0,0
156308.811315,2026-07-15T05:50:48.615,3,3,3,0,0
156308.813466,2026-07-15T05:50:48.618,3,3,3,0,0
156308.815785,2026-07-15T05:50:48.620,3,3,3,0,0
156308.818350,2026-07-15T05:50:48.622,3,3,3,0,0
156308.820965,2026-07-15T05:50:48.625,3,3,3,0,0
156308.823157,2026-07-15T05:50:48.627,3,3,3,0,0
156308.825398,2026-07-15T05:50:48.629,3,3,3,0,0
156308.827826,2026-07-15T05:50:48.632,3,3,3,0,0
156308.830135,2026-07-15T05:50:48.634,3,3,3,0,0
156308.832153,2026-07-15T05:50:48.636,3,3,3,0,0
156308.834627,2026-07-15T05:50:48.639,3,3,3,0,0
156308.836903,2026-07-15T05:50:48.641,3,3,3,0,0
156308.839274,2026-07-15T05:50:48.643,3,3,3,0,0
156308.841667,2026-07-15T05:50:48.646,3,3,3,0,0
156308.843793,2026-07-15T05:50:48.648,3,3,3,0,0
156308.846168,2026-07-15T05:50:48.650,3,3,3,0,0
156308.848743,2026-07-15T05:50:48.653,3,3,3,0,0
156308.851225,2026-07-15T05:50:48.655,3,3,3,0,0
156308.853672,2026-07-15T05:50:48.658,3,3,3,0,0
156308.856169,2026-07-15T05:50:48.660,3,3,3,0,0
156308.858695,2026-07-15T05:50:48.663,3,3,3,0,0
156308.860813,2026-07-15T05:50:48.665,3,3,3,0,0
156308.863373,2026-07-15T05:50:48.667,3,3,3,0,0
156308.865409,2026-07-15T05:50:48.669,3,3,3,0,0
156308.867770,2026-07-15T05:50:48.672,3,3,3,0,0
156308.869898,2026-07-15T05:50:48.674,3,3,3,0,0
156308.871931,2026-07-15T05:50:48.676,3,3,3,0,0
156308.873964,2026-07-15T05:50:48.678,3,3,3,0,0
156308.876317,2026-07-15T05:50:48.680,3,3,3,0,0
156308.878889,2026-07-15T05:50:48.683,3,3,3,0,0
156308.881284,2026-07-15T05:50:48.685,3,3,3,0,0
156308.883890,2026-07-15T05:50:48.688,3,3,3,0,0
156308.885971,2026-07-15T05:50:48.690,3,3,3,0,0
156308.887998,2026-07-15T05:50:48.692,3,3,3,0,0
156308.890565,2026-07-15T05:50:48.695,3,3,3,0,0
156308.892583,2026-07-15T05:50:48.697,3,3,3,0,0
156308.894781,2026-07-15T05:50:48.699,3,3,3,0,0
156308.897448,2026-07-15T05:50:48.702,3,3,3,0,0
156308.899721,2026-07-15T05:50:48.704,3,3,3,0,0
156308.901974,2026-07-15T05:50:48.706,3,3,3,0,0
156308.904136,2026-07-15T05:50:48.708,3,3,3,0,0
156308.906424,2026-07-15T05:50:48.710,3,3,3,0,0
156308.908520,2026-07-15T05:50:48.713,3,3,3,0,0
156308.910786,2026-07-15T05:50:48.715,3,3,3,0,0
156308.913003,2026-07-15T05:50:48.717,3,3,3,0,0
156308.915346,2026-07-15T05:50:48.719,3,3,3,0,0
156308.917622,2026-07-15T05:50:48.722,3,3,3,0,0
156308.920225,2026-07-15T05:50:48.724,3,3,3,0,0
156308.922518,2026-07-15T05:50:48.727,3,3,3,0,0
156308.924772,2026-07-15T05:50:48.729,3,3,3,0,0
156308.927054,2026-07-15T05:50:48.731,3,3,3,0,0
156308.929484,2026-07-15T05:50:48.734,3,3,3,0,0
156308.931803,2026-07-15T05:50:48.736,3,3,3,0,0
156308.933892,2026-07-15T05:50:48.738,3,3,3,0,0
156308.936340,2026-07-15T05:50:48.740,3,3,3,0,0
156308.938976,2026-07-15T05:50:48.743,3,3,3,0,0
156308.941590,2026-07-15T05:50:48.746,3,3,3,0,0
156308.943629,2026-07-15T05:50:48.748,3,3,3,0,0
156308.946245,2026-07-15T05:50:48.750,3,3,3,0,0
156308.948354,2026-07-15T05:50:48.752,3,3,3,0,0
156308.950411,2026-07-15T05:50:48.754,3,3,3,0,0
156308.952429,2026-07-15T05:50:48.756,3,3,3,0,0
156308.955052,2026-07-15T05:50:48.759,3,3,3,0,0
156308.957609,2026-07-15T05:50:48.761,3,3,3,0,0
156308.960141,2026-07-15T05:50:48.764,3,3,3,0,0
156308.962646,2026-07-15T05:50:48.767,3,3,3,0,0
156308.964782,2026-07-15T05:50:48.769,3,3,3,0,0
156308.967376,2026-07-15T05:50:48.771,3,3,3,0,0
156308.969487,2026-07-15T05:50:48.773,3,3,3,0,0
156308.972073,2026-07-15T05:50:48.776,3,3,3,0,0
156308.974182,2026-07-15T05:50:48.778,3,3,3,0,0
156308.976354,2026-07-15T05:50:48.780,3,3,3,0,0
156308.978694,2026-07-15T05:50:48.783,3,3,3,0,0
156308.980845,2026-07-15T05:50:48.785,3,3,3,0,0
156308.983056,2026-07-15T05:50:48.787,3,3,3,0,0
156308.985604,2026-07-15T05:50:48.790,3,3,3,0,0
156308.988157,2026-07-15T05:50:48.792,3,3,3,0,0
156308.990395,2026-07-15T05:50:48.794,3,3,3,0,0
156308.992999,2026-07-15T05:50:48.797,3,3,3,0,0
156308.995134,2026-07-15T05:50:48.799,3,3,3,0,0
156308.997358,2026-07-15T05:50:48.801,3,3,3,0,0
156308.999463,2026-07-15T05:50:48.804,3,3,3,0,0
156309.001903,2026-07-15T05:50:48.806,3,3,3,0,0
156309.004036,2026-07-15T05:50:48.808,3,3,3,0,0
156309.006190,2026-07-15T05:50:48.809,3,3,3,0,0
156309.008224,2026-07-15T05:50:48.812,3,3,3,0,0
156309.010321,2026-07-15T05:50:48.814,3,3,3,0,0
156309.012524,2026-07-15T05:50:48.816,3,3,3,0,0
156309.015095,2026-07-15T05:50:48.818,3,3,3,0,0
156309.017292,2026-07-15T05:50:48.820,3,3,3,0,0
156309.020174,2026-07-15T05:50:48.824,3,3,3,0,0
156309.022526,2026-07-15T05:50:48.827,3,3,3,0,0
156309.025234,2026-07-15T05:50:48.829,3,3,3,0,0
156309.027944,2026-07-15T05:50:48.831,3,3,3,0,0
156309.030139,2026-07-15T05:50:48.834,3,3,3,0,0
156309.032289,2026-07-15T05:50:48.836,3,3,3,0,0
156309.034907,2026-07-15T05:50:48.838,3,3,3,0,0
156309.037290,2026-07-15T05:50:48.841,3,3,3,0,0
156309.039646,2026-07-15T05:50:48.844,3,3,3,0,0
156309.042067,2026-07-15T05:50:48.845,3,3,3,0,0
156309.044223,2026-07-15T05:50:48.847,3,3,3,0,0
156309.046378,2026-07-15T05:50:48.850,3,3,3,0,0
156309.049017,2026-07-15T05:50:48.853,3,3,3,0,0
156309.052851,2026-07-15T05:50:48.856,3,3,3,0,0
156309.056166,2026-07-15T05:50:48.859,3,3,3,0,0
156309.058370,2026-07-15T05:50:48.862,3,3,3,0,0
156309.060919,2026-07-15T05:50:48.865,3,3,3,0,0
156309.063037,2026-07-15T05:50:48.867,3,3,3,0,0
156309.065109,2026-07-15T05:50:48.869,3,3,3,0,0
156309.067790,2026-07-15T05:50:48.871,3,3,3,0,0
156309.070579,2026-07-15T05:50:48.875,3,3,3,0,0
156309.072754,2026-07-15T05:50:48.876,3,3,3,0,0
156309.075241,2026-07-15T05:50:48.879,3,3,3,0,0
156309.077306,2026-07-15T05:50:48.881,3,3,3,0,0
156309.079593,2026-07-15T05:50:48.883,3,3,3,0,0
156309.081656,2026-07-15T05:50:48.885,3,3,3,0,0
156309.083673,2026-07-15T05:50:48.886,3,3,3,0,0
156309.086180,2026-07-15T05:50:48.890,3,3,3,0,0
156309.088695,2026-07-15T05:50:48.892,3,3,3,0,0
156309.091078,2026-07-15T05:50:48.895,3,3,3,0,0
156309.093218,2026-07-15T05:50:48.897,3,3,3,0,0
156309.095487,2026-07-15T05:50:48.899,3,3,3,0,0
156309.098397,2026-07-15T05:50:48.902,3,3,3,0,0
156309.100584,2026-07-15T05:50:48.904,3,3,3,0,0
156309.103190,2026-07-15T05:50:48.907,3,3,3,0,0
156309.105624,2026-07-15T05:50:48.910,3,3,3,0,0
156309.107859,2026-07-15T05:50:48.911,3,3,3,0,0
156309.110265,2026-07-15T05:50:48.914,3,3,3,0,0
156309.112624,2026-07-15T05:50:48.916,3,3,3,0,0
156309.114796,2026-07-15T05:50:48.919,3,3,3,0,0
156309.117064,2026-07-15T05:50:48.920,3,3,3,0,0
156309.119152,2026-07-15T05:50:48.922,3,3,3,0,0
156309.121997,2026-07-15T05:50:48.925,3,3,3,0,0
156309.124252,2026-07-15T05:50:48.927,3,3,3,0,0
156309.126680,2026-07-15T05:50:48.931,3,3,3,0,0
156309.129107,2026-07-15T05:50:48.933,3,3,3,0,0
156309.131278,2026-07-15T05:50:48.935,3,3,3,0,0
156309.133835,2026-07-15T05:50:48.937,3,3,3,0,0
156309.136333,2026-07-15T05:50:48.940,3,3,3,0,0
156309.139351,2026-07-15T05:50:48.943,3,3,3,0,0
156309.141447,2026-07-15T05:50:48.945,3,3,3,0,0
156309.143656,2026-07-15T05:50:48.947,3,3,3,0,0
156309.146137,2026-07-15T05:50:48.949,3,3,3,0,0
156309.148632,2026-07-15T05:50:48.952,3,3,3,0,0
156309.152015,2026-07-15T05:50:48.956,3,3,3,0,0
156309.154453,2026-07-15T05:50:48.958,3,3,3,0,0
156309.157099,2026-07-15T05:50:48.961,3,3,3,0,0
156309.159932,2026-07-15T05:50:48.963,3,3,3,0,0
156309.162195,2026-07-15T05:50:48.966,3,3,3,0,0
156309.165084,2026-07-15T05:50:48.969,3,3,3,0,0
156309.167192,2026-07-15T05:50:48.971,3,3,3,0,0
156309.169284,2026-07-15T05:50:48.972,3,3,3,0,0
156309.171458,2026-07-15T05:50:48.975,3,3,3,0,0
156309.173746,2026-07-15T05:50:48.977,3,3,3,0,0
156309.176271,2026-07-15T05:50:48.980,3,3,3,0,0
156309.178633,2026-07-15T05:50:48.981,3,3,3,0,0
156309.181339,2026-07-15T05:50:48.984,3,3,3,0,0
156309.183813,2026-07-15T05:50:48.987,3,3,3,0,0
156309.186486,2026-07-15T05:50:48.990,3,3,3,0,0
156309.189159,2026-07-15T05:50:48.992,3,3,3,0,0
156309.192154,2026-07-15T05:50:48.996,3,3,3,0,0
156309.195040,2026-07-15T05:50:48.998,3,3,3,0,0
156309.197641,2026-07-15T05:50:49.002,3,3,3,0,0
156309.199895,2026-07-15T05:50:49.004,3,3,3,0,0
156309.202736,2026-07-15T05:50:49.006,3,3,3,0,0
156309.205207,2026-07-15T05:50:49.009,3,3,3,0,0
156309.207718,2026-07-15T05:50:49.011,3,3,3,0,0
156309.210360,2026-07-15T05:50:49.014,3,3,3,0,0
156309.212958,2026-07-15T05:50:49.017,3,3,3,0,0
156309.215502,2026-07-15T05:50:49.019,3,3,3,0,0
156309.218194,2026-07-15T05:50:49.022,3,3,3,0,0
156309.220600,2026-07-15T05:50:49.025,3,3,3,0,0
156309.223195,2026-07-15T05:50:49.027,3,3,3,0,0
156309.225720,2026-07-15T05:50:49.029,3,3,3,0,0
156309.227869,2026-07-15T05:50:49.031,3,3,3,0,0
156309.230485,2026-07-15T05:50:49.034,3,3,3,0,0
156309.233068,2026-07-15T05:50:49.037,3,3,3,0,0
156309.235162,2026-07-15T05:50:49.039,3,3,3,0,0
156309.237703,2026-07-15T05:50:49.042,3,3,3,0,0
156309.240194,2026-07-15T05:50:49.044,3,3,3,0,0
156309.242758,2026-07-15T05:50:49.046,3,3,3,0,0
156309.245057,2026-07-15T05:50:49.048,3,3,3,0,0
156309.247685,2026-07-15T05:50:49.051,3,3,3,0,0
156309.250380,2026-07-15T05:50:49.054,3,3,3,0,0
156309.252845,2026-07-15T05:50:49.056,3,3,3,0,0
156309.255736,2026-07-15T05:50:49.059,36,0,3,0,8
156309.258913,2026-07-15T05:50:49.063,36,0,3,0,8
156309.261370,2026-07-15T05:50:49.065,36,0,3,0,8
156309.263903,2026-07-15T05:50:49.067,36,0,3,0,8
156309.266389,2026-07-15T05:50:49.070,36,0,3,0,8
156309.268528,2026-07-15T05:50:49.072,36,0,3,0,8
156309.271337,2026-07-15T05:50:49.075,36,0,3,0,8
156309.273989,2026-07-15T05:50:49.077,36,0,3,0,8
156309.276592,2026-07-15T05:50:49.080,36,0,3,0,8
156309.279389,2026-07-15T05:50:49.083,36,0,3,0,8
156309.282502,2026-07-15T05:50:49.086,36,0,3,0,8
156309.285044,2026-07-15T05:50:49.089,36,0,3,0,8
156309.287237,2026-07-15T05:50:49.091,36,0,3,0,8
156309.289823,2026-07-15T05:50:49.093,36,0,3,0,8
156309.292385,2026-07-15T05:50:49.096,36,0,3,0,8
156309.294993,2026-07-15T05:50:49.098,36,0,3,0,8
156309.297455,2026-07-15T05:50:49.101,36,0,3,0,8
156309.300065,2026-07-15T05:50:49.104,36,0,3,0,8
156309.302716,2026-07-15T05:50:49.107,36,0,3,0,8
156309.305494,2026-07-15T05:50:49.109,36,0,3,0,8
156309.308333,2026-07-15T05:50:49.112,36,0,3,0,8
156309.310956,2026-07-15T05:50:49.114,36,0,3,0,8
156309.313305,2026-07-15T05:50:49.116,36,0,3,0,8
156309.315853,2026-07-15T05:50:49.119,36,0,3,0,8
156309.318328,2026-07-15T05:50:49.122,36,0,3,0,8
156309.320671,2026-07-15T05:50:49.124,36,0,3,0,8
156309.323340,2026-07-15T05:50:49.127,36,0,3,0,8
156309.326102,2026-07-15T05:50:49.130,36,0,3,0,8
156309.328720,2026-07-15T05:50:49.133,36,0,3,0,8
156309.331273,2026-07-15T05:50:49.135,36,0,3,0,8
156309.333585,2026-07-15T05:50:49.138,36,0,3,0,8
156309.336355,2026-07-15T05:50:49.140,36,0,3,0,8
156309.338952,2026-07-15T05:50:49.143,36,0,3,0,8
156309.341554,2026-07-15T05:50:49.146,36,0,3,0,8
156309.344001,2026-07-15T05:50:49.148,36,0,3,0,8
156309.346960,2026-07-15T05:50:49.151,36,0,3,0,8
156309.349065,2026-07-15T05:50:49.153,36,0,3,0,8
156309.351599,2026-07-15T05:50:49.156,36,0,3,0,8
156309.353916,2026-07-15T05:50:49.158,36,0,3,0,8
156309.357351,2026-07-15T05:50:49.161,36,0,3,0,8
156309.359952,2026-07-15T05:50:49.164,36,0,3,0,8
156309.361982,2026-07-15T05:50:49.166,36,0,3,0,8
156309.364112,2026-07-15T05:50:49.167,36,0,3,0,8
156309.366116,2026-07-15T05:50:49.170,36,0,3,0,8
156309.368235,2026-07-15T05:50:49.171,36,0,3,0,8
156309.370529,2026-07-15T05:50:49.174,36,0,3,0,8
156309.372956,2026-07-15T05:50:49.177,36,0,3,0,8
156309.375216,2026-07-15T05:50:49.179,36,0,3,0,8
156309.378208,2026-07-15T05:50:49.182,36,0,3,0,8
156309.381080,2026-07-15T05:50:49.185,36,0,3,0,8
156309.383221,2026-07-15T05:50:49.187,36,0,3,0,8
156309.385392,2026-07-15T05:50:49.188,36,0,3,0,8
156309.387843,2026-07-15T05:50:49.192,36,0,3,0,8
156309.390021,2026-07-15T05:50:49.194,36,0,3,0,8
156309.392253,2026-07-15T05:50:49.196,36,0,3,0,8
156309.394293,2026-07-15T05:50:49.198,36,0,3,0,8
156309.420693,2026-07-15T05:50:49.225,36,0,3,0,8
156309.423355,2026-07-15T05:50:49.227,36,0,3,0,8
156309.426080,2026-07-15T05:50:49.230,36,0,3,0,8
156309.428878,2026-07-15T05:50:49.232,36,0,3,0,8
156309.431676,2026-07-15T05:50:49.234,36,0,3,0,8
156309.433953,2026-07-15T05:50:49.237,36,0,3,0,8
156309.436481,2026-07-15T05:50:49.240,36,0,3,0,8
156309.438816,2026-07-15T05:50:49.242,36,0,3,0,8
156309.441494,2026-07-15T05:50:49.245,36,0,3,0,8
156309.443990,2026-07-15T05:50:49.248,36,0,3,0,8
156309.446487,2026-07-15T05:50:49.250,36,0,3,0,8
156309.449161,2026-07-15T05:50:49.252,36,0,3,0,8
156309.451990,2026-07-15T05:50:49.256,36,0,3,0,8
156309.454891,2026-07-15T05:50:49.259,36,0,3,0,8
156309.458675,2026-07-15T05:50:49.262,36,0,3,0,8
156309.462012,2026-07-15T05:50:49.266,36,0,3,0,8
156309.464873,2026-07-15T05:50:49.268,36,0,3,0,8
156309.467676,2026-07-15T05:50:49.271,36,0,3,0,8
156309.470302,2026-07-15T05:50:49.274,36,0,3,0,8
156309.473056,2026-07-15T05:50:49.276,36,0,3,0,8
156309.476034,2026-07-15T05:50:49.280,36,0,3,0,8
156309.478757,2026-07-15T05:50:49.283,36,0,3,0,8
156309.481394,2026-07-15T05:50:49.285,36,0,3,0,8
156309.483739,2026-07-15T05:50:49.287,36,0,3,0,8
156309.486458,2026-07-15T05:50:49.290,36,0,3,0,8
156309.489024,2026-07-15T05:50:49.293,36,0,3,0,8
156309.491651,2026-07-15T05:50:49.295,36,0,3,0,8
156309.493685,2026-07-15T05:50:49.297,36,0,3,0,8
156309.495952,2026-07-15T05:50:49.300,36,0,3,0,8
156309.498726,2026-07-15T05:50:49.302,36,0,3,0,8
156309.501550,2026-07-15T05:50:49.305,36,0,3,0,11
156309.504243,2026-07-15T05:50:49.308,133,0,3,0,11
156309.506856,2026-07-15T05:50:49.310,133,0,3,0,11
156309.509561,2026-07-15T05:50:49.313,133,0,3,0,11
156309.512236,2026-07-15T05:50:49.316,133,0,3,0,11
156309.514992,2026-07-15T05:50:49.319,133,0,3,0,11
156309.517284,2026-07-15T05:50:49.321,133,0,3,0,11
156309.520153,2026-07-15T05:50:49.324,133,0,3,0,11
156309.522798,2026-07-15T05:50:49.326,133,0,3,0,11
156309.525484,2026-07-15T05:50:49.329,133,0,3,0,11
156309.528146,2026-07-15T05:50:49.332,133,0,3,0,11
156309.530839,2026-07-15T05:50:49.334,133,0,3,0,11
156309.533322,2026-07-15T05:50:49.337,133,0,3,0,11
156309.535887,2026-07-15T05:50:49.339,133,0,3,0,11
156309.538689,2026-07-15T05:50:49.342,133,0,3,0,11
156309.541175,2026-07-15T05:50:49.345,133,0,3,0,11
156309.543866,2026-07-15T05:50:49.347,133,0,3,0,11
156309.546192,2026-07-15T05:50:49.350,133,0,3,0,11
156309.548897,2026-07-15T05:50:49.353,133,0,3,0,11
156309.551490,2026-07-15T05:50:49.355,133,0,3,0,11
156309.553999,2026-07-15T05:50:49.357,133,0,3,0,11
156309.559060,2026-07-15T05:50:49.362,133,0,3,0,11
156309.561795,2026-07-15T05:50:49.366,133,0,3,0,11
156309.564055,2026-07-15T05:50:49.368,133,0,3,0,11
156309.566648,2026-07-15T05:50:49.370,133,0,3,0,11
156309.569462,2026-07-15T05:50:49.373,133,0,3,0,11
156309.572043,2026-07-15T05:50:49.375,133,0,3,0,11
156309.574715,2026-07-15T05:50:49.378,133,0,3,0,11
156309.577290,2026-07-15T05:50:49.381,133,0,3,0,11
156309.580100,2026-07-15T05:50:49.384,133,0,3,0,11
156309.582816,2026-07-15T05:50:49.386,133,0,3,0,11
156309.585554,2026-07-15T05:50:49.389,133,0,3,0,11
156309.588384,2026-07-15T05:50:49.391,133,0,3,0,11
156309.590989,2026-07-15T05:50:49.395,133,0,3,0,11
156309.593757,2026-07-15T05:50:49.397,133,0,3,0,11
156309.596413,2026-07-15T05:50:49.400,133,0,3,0,11
156309.599027,2026-07-15T05:50:49.403,133,0,3,0,11
156309.601833,2026-07-15T05:50:49.405,133,0,3,0,11
156309.604404,2026-07-15T05:50:49.408,133,0,3,0,11
156309.607058,2026-07-15T05:50:49.411,133,0,3,0,11
156309.609957,2026-07-15T05:50:49.414,133,0,3,0,11
156309.612610,2026-07-15T05:50:49.416,133,0,3,0,11
156309.615587,2026-07-15T05:50:49.419,133,0,3,0,11
156309.618272,2026-07-15T05:50:49.422,133,0,3,0,11
156309.620836,2026-07-15T05:50:49.424,133,0,3,0,11
156309.623292,2026-07-15T05:50:49.427,133,0,3,0,11
156309.625656,2026-07-15T05:50:49.430,133,0,3,0,11
156309.628332,2026-07-15T05:50:49.432,133,0,3,0,11
156309.630701,2026-07-15T05:50:49.434,133,0,3,0,11
156309.632854,2026-07-15T05:50:49.436,133,0,3,0,11
156309.635751,2026-07-15T05:50:49.440,133,0,3,0,11
156309.637994,2026-07-15T05:50:49.441,133,0,3,0,11
156309.640795,2026-07-15T05:50:49.443,133,0,3,0,11
156309.643503,2026-07-15T05:50:49.447,133,0,3,0,11
156309.645837,2026-07-15T05:50:49.449,133,0,3,0,11
156309.647928,2026-07-15T05:50:49.452,133,0,3,0,11
156309.650528,2026-07-15T05:50:49.454,133,0,3,0,11
156309.653000,2026-07-15T05:50:49.457,133,0,3,0,11
156309.655923,2026-07-15T05:50:49.459,133,0,3,0,11
156309.658789,2026-07-15T05:50:49.463,133,0,3,0,11
156309.661315,2026-07-15T05:50:49.465,133,0,3,0,11
156309.663994,2026-07-15T05:50:49.467,133,0,3,0,11
156309.666143,2026-07-15T05:50:49.470,133,0,3,0,11
156309.668785,2026-07-15T05:50:49.473,133,0,3,0,11
156309.671360,2026-07-15T05:50:49.475,133,0,3,0,11
156309.674128,2026-07-15T05:50:49.478,133,0,3,0,11
156309.676641,2026-07-15T05:50:49.481,133,0,3,0,11
156309.678884,2026-07-15T05:50:49.483,133,0,3,0,11
156309.681254,2026-07-15T05:50:49.485,133,0,3,0,11
156309.683617,2026-07-15T05:50:49.487,133,0,3,0,11
156309.686064,2026-07-15T05:50:49.490,133,0,3,0,11
156309.688310,2026-07-15T05:50:49.492,133,0,3,0,11
156309.690856,2026-07-15T05:50:49.495,133,0,3,0,11
156309.692956,2026-07-15T05:50:49.496,133,0,3,0,11
156309.695212,2026-07-15T05:50:49.499,133,0,3,0,11
156309.697842,2026-07-15T05:50:49.501,133,0,3,0,11
156309.700610,2026-07-15T05:50:49.504,133,0,3,0,11
156309.703071,2026-07-15T05:50:49.507,133,0,3,0,11
156309.705690,2026-07-15T05:50:49.509,133,0,3,0,11
156309.708045,2026-07-15T05:50:49.512,133,0,3,0,11
156309.710650,2026-07-15T05:50:49.514,133,0,3,0,11
156309.712908,2026-07-15T05:50:49.516,133,0,3,0,11
156309.715528,2026-07-15T05:50:49.519,133,0,3,0,11
156309.718232,2026-07-15T05:50:49.522,133,0,3,0,11
156309.721009,2026-07-15T05:50:49.525,133,0,3,0,11
156309.723741,2026-07-15T05:50:49.528,133,0,3,0,11
156309.725891,2026-07-15T05:50:49.530,133,0,3,0,11
156309.728381,2026-07-15T05:50:49.532,133,0,3,0,11
156309.730720,2026-07-15T05:50:49.535,133,0,3,0,11
156309.733492,2026-07-15T05:50:49.537,133,0,3,0,11
156309.736108,2026-07-15T05:50:49.540,133,0,3,0,11
156309.738835,2026-07-15T05:50:49.543,133,0,3,0,11
156309.741534,2026-07-15T05:50:49.546,133,0,3,0,11
156309.744108,2026-07-15T05:50:49.548,133,0,3,0,8
156309.746786,2026-07-15T05:50:49.550,231,0,3,0,8
156309.749163,2026-07-15T05:50:49.552,231,0,3,0,8
156309.751890,2026-07-15T05:50:49.556,231,0,3,0,8
156309.754358,2026-07-15T05:50:49.558,231,0,3,0,8
156309.756743,2026-07-15T05:50:49.561,231,0,3,0,8
156309.759637,2026-07-15T05:50:49.563,231,0,3,0,8
156309.762394,2026-07-15T05:50:49.566,231,0,3,0,8
156309.764820,2026-07-15T05:50:49.568,231,0,3,0,8
156309.767543,2026-07-15T05:50:49.571,231,0,3,0,8
156309.770546,2026-07-15T05:50:49.574,231,0,3,0,8
156309.773108,2026-07-15T05:50:49.577,231,0,3,0,8
156309.775891,2026-07-15T05:50:49.580,231,0,3,0,8
156309.778349,2026-07-15T05:50:49.582,231,0,3,0,8
156309.781074,2026-07-15T05:50:49.585,231,0,3,0,8
156309.783740,2026-07-15T05:50:49.588,231,0,3,0,8
156309.786243,2026-07-15T05:50:49.590,231,0,3,0,8
156309.788926,2026-07-15T05:50:49.593,231,0,3,0,8
156309.792467,2026-07-15T05:50:49.596,231,0,3,0,8
156309.795331,2026-07-15T05:50:49.599,231,0,3,0,8
156309.797848,2026-07-15T05:50:49.601,231,0,3,0,8
156309.800640,2026-07-15T05:50:49.604,231,0,3,0,8
156309.803349,2026-07-15T05:50:49.607,231,0,3,0,8
156309.806030,2026-07-15T05:50:49.609,231,0,3,0,8
156309.808363,2026-07-15T05:50:49.612,231,0,3,0,8
156309.811252,2026-07-15T05:50:49.615,231,0,3,0,8
156309.813449,2026-07-15T05:50:49.617,231,0,3,0,8
156309.816259,2026-07-15T05:50:49.620,231,0,3,0,8
156309.818941,2026-07-15T05:50:49.623,231,0,3,0,8
156309.821659,2026-07-15T05:50:49.625,231,0,3,0,8
156309.824336,2026-07-15T05:50:49.628,231,0,3,0,8
156309.826879,2026-07-15T05:50:49.630,231,0,3,0,8
156309.829479,2026-07-15T05:50:49.633,231,0,3,0,8
156309.831870,2026-07-15T05:50:49.636,231,0,3,0,8
156309.834527,2026-07-15T05:50:49.638,231,0,3,0,8
156309.837295,2026-07-15T05:50:49.641,231,0,3,0,8
156309.840181,2026-07-15T05:50:49.644,231,0,3,0,8
156309.842833,2026-07-15T05:50:49.647,231,0,3,0,8
156309.845324,2026-07-15T05:50:49.649,231,0,3,0,8
156309.848041,2026-07-15T05:50:49.652,231,0,3,0,8
156309.850735,2026-07-15T05:50:49.654,231,0,3,0,8
156309.853503,2026-07-15T05:50:49.656,231,0,3,0,8
156309.856049,2026-07-15T05:50:49.659,231,0,3,0,8
156309.858594,2026-07-15T05:50:49.662,231,0,3,0,8
156309.861372,2026-07-15T05:50:49.664,231,0,3,0,8
156309.864073,2026-07-15T05:50:49.668,231,0,3,0,8
156309.866874,2026-07-15T05:50:49.670,231,0,3,0,8
156309.869447,2026-07-15T05:50:49.673,231,0,3,0,8
156309.872629,2026-07-15T05:50:49.676,231,0,3,0,8
156309.875555,2026-07-15T05:50:49.680,231,0,3,0,8
156309.878017,2026-07-15T05:50:49.681,231,0,3,0,8
156309.880559,2026-07-15T05:50:49.684,231,0,3,0,8
156309.883046,2026-07-15T05:50:49.686,231,0,3,0,8
156309.885843,2026-07-15T05:50:49.690,231,0,3,0,8
156309.895749,2026-07-15T05:50:49.699,231,0,3,0,8
156309.898251,2026-07-15T05:50:49.702,231,0,3,0,8
156309.901664,2026-07-15T05:50:49.706,231,0,3,0,8
156309.904177,2026-07-15T05:50:49.708,231,0,3,0,8
156309.906250,2026-07-15T05:50:49.710,231,0,3,0,8
156309.908809,2026-07-15T05:50:49.713,231,0,3,0,8
156309.911029,2026-07-15T05:50:49.715,231,0,3,0,8
156309.913809,2026-07-15T05:50:49.718,231,0,3,0,8
156309.916280,2026-07-15T05:50:49.720,231,0,3,0,8
156309.918572,2026-07-15T05:50:49.722,231,0,3,0,8
156309.920738,2026-07-15T05:50:49.725,231,0,3,0,8
156309.923458,2026-07-15T05:50:49.727,231,0,3,0,8
156309.926138,2026-07-15T05:50:49.729,231,0,3,0,8
156309.928736,2026-07-15T05:50:49.733,231,0,3,0,8
156309.931166,2026-07-15T05:50:49.735,231,0,3,0,8
156309.933359,2026-07-15T05:50:49.737,231,0,3,0,8
156309.936405,2026-07-15T05:50:49.740,231,0,3,0,8
156309.939018,2026-07-15T05:50:49.742,231,0,3,0,8
156309.941135,2026-07-15T05:50:49.745,231,0,3,0,8
156309.943554,2026-07-15T05:50:49.747,231,0,3,0,8
156309.945566,2026-07-15T05:50:49.749,231,0,3,0,8
156309.947599,2026-07-15T05:50:49.750,231,0,3,0,8
156309.949793,2026-07-15T05:50:49.753,231,0,3,0,8
156309.952038,2026-07-15T05:50:49.755,231,0,3,0,8
156309.954246,2026-07-15T05:50:49.757,231,0,3,0,8
156309.956594,2026-07-15T05:50:49.760,231,0,3,0,8
156309.960996,2026-07-15T05:50:49.764,231,0,3,0,8
156309.963396,2026-07-15T05:50:49.767,231,0,3,0,8
156309.965917,2026-07-15T05:50:49.770,231,0,3,0,8
156309.967987,2026-07-15T05:50:49.771,231,0,3,0,8
156309.970316,2026-07-15T05:50:49.774,231,0,3,0,8
156309.972365,2026-07-15T05:50:49.776,231,0,3,0,8
156309.974466,2026-07-15T05:50:49.778,231,0,3,0,8
156309.976648,2026-07-15T05:50:49.780,231,0,3,0,8
156309.978816,2026-07-15T05:50:49.783,231,0,3,0,8
156309.980827,2026-07-15T05:50:49.785,231,0,3,0,8
156309.983207,2026-07-15T05:50:49.787,231,0,3,0,8
156309.985885,2026-07-15T05:50:49.790,231,0,3,0,8
156309.988176,2026-07-15T05:50:49.791,231,0,3,0,0
156309.990762,2026-07-15T05:50:49.794,249,3,3,0,0
156309.992965,2026-07-15T05:50:49.797,249,3,3,0,0
156309.995256,2026-07-15T05:50:49.799,249,3,3,0,0
156309.997363,2026-07-15T05:50:49.801,249,3,3,0,0
156309.999816,2026-07-15T05:50:49.803,249,3,3,0,0
156310.002243,2026-07-15T05:50:49.805,249,3,3,0,0
156310.004402,2026-07-15T05:50:49.808,249,3,3,0,0
156310.006772,2026-07-15T05:50:49.810,249,3,3,0,0
156310.008789,2026-07-15T05:50:49.812,249,3,3,0,0
156310.010995,2026-07-15T05:50:49.814,249,3,3,0,0
156310.013455,2026-07-15T05:50:49.817,249,3,3,0,0
156310.015523,2026-07-15T05:50:49.819,249,3,3,0,0
156310.017705,2026-07-15T05:50:49.822,249,3,3,0,0
156310.020072,2026-07-15T05:50:49.824,249,3,3,0,0
156310.022480,2026-07-15T05:50:49.826,249,3,3,0,0
156310.026023,2026-07-15T05:50:49.830,249,3,3,0,0
156310.032603,2026-07-15T05:50:49.837,249,3,3,0,0
156310.035271,2026-07-15T05:50:49.839,249,3,3,0,0
156310.037773,2026-07-15T05:50:49.842,249,3,3,0,0
156310.040051,2026-07-15T05:50:49.844,249,3,3,0,0
156310.042664,2026-07-15T05:50:49.847,249,3,3,0,0
156310.045360,2026-07-15T05:50:49.849,249,3,3,0,0
156310.047620,2026-07-15T05:50:49.851,249,3,3,0,0
156310.050095,2026-07-15T05:50:49.854,249,3,3,0,0
156310.052566,2026-07-15T05:50:49.856,249,3,3,0,0
156310.054794,2026-07-15T05:50:49.858,249,3,3,0,0
156310.057105,2026-07-15T05:50:49.860,249,3,3,0,0
156310.059424,2026-07-15T05:50:49.863,249,3,3,0,0
156310.061802,2026-07-15T05:50:49.865,249,3,3,0,0
156310.064212,2026-07-15T05:50:49.867,249,3,3,0,0
156310.066854,2026-07-15T05:50:49.870,249,3,3,0,0
156310.069134,2026-07-15T05:50:49.872,249,3,3,0,0
156310.071330,2026-07-15T05:50:49.875,249,3,3,0,0
156310.074181,2026-07-15T05:50:49.877,249,3,3,0,0
156310.076669,2026-07-15T05:50:49.881,249,3,3,0,0
156310.079290,2026-07-15T05:50:49.883,249,3,3,0,0
156310.081870,2026-07-15T05:50:49.886,249,3,3,0,0
156310.083998,2026-07-15T05:50:49.888,249,3,3,0,0
156310.086249,2026-07-15T05:50:49.890,249,3,3,0,0
156310.088413,2026-07-15T05:50:49.892,249,3,3,0,0
156310.090812,2026-07-15T05:50:49.895,249,3,3,0,0
156310.093274,2026-07-15T05:50:49.897,249,3,3,0,0
156310.095761,2026-07-15T05:50:49.899,249,3,3,0,0
156310.098401,2026-07-15T05:50:49.902,249,3,3,0,0
156310.100821,2026-07-15T05:50:49.905,249,3,3,0,0
156310.103214,2026-07-15T05:50:49.907,249,3,3,0,0
156310.105639,2026-07-15T05:50:49.909,249,3,3,0,0
156310.107713,2026-07-15T05:50:49.911,249,3,3,0,0
156310.110197,2026-07-15T05:50:49.914,249,3,3,0,0
156310.112417,2026-07-15T05:50:49.916,249,3,3,0,0
156310.114761,2026-07-15T05:50:49.918,249,3,3,0,0
156310.117047,2026-07-15T05:50:49.921,249,3,3,0,0
156310.119793,2026-07-15T05:50:49.924,249,3,3,0,0
156310.122171,2026-07-15T05:50:49.926,249,3,3,0,0
156310.124232,2026-07-15T05:50:49.928,249,3,3,0,0
156310.126801,2026-07-15T05:50:49.931,249,3,3,0,0
156310.129006,2026-07-15T05:50:49.933,249,3,3,0,0
156310.131420,2026-07-15T05:50:49.935,249,3,3,0,0
156310.133683,2026-07-15T05:50:49.937,249,3,3,0,0
156310.135988,2026-07-15T05:50:49.940,249,3,3,0,0
156310.138759,2026-07-15T05:50:49.943,249,3,3,0,0
156310.141138,2026-07-15T05:50:49.945,249,3,3,0,0
156310.143954,2026-07-15T05:50:49.948,249,3,3,0,0
156310.146629,2026-07-15T05:50:49.950,249,3,3,0,0
156310.149465,2026-07-15T05:50:49.953,249,3,3,0,0
156310.151675,2026-07-15T05:50:49.955,249,3,3,0,0
156310.153981,2026-07-15T05:50:49.957,249,3,3,0,0
156310.156212,2026-07-15T05:50:49.959,249,3,3,0,0
156310.158388,2026-07-15T05:50:49.962,249,3,3,0,0
156310.161119,2026-07-15T05:50:49.964,249,3,3,0,0
156310.163797,2026-07-15T05:50:49.967,249,3,3,0,0
156310.166242,2026-07-15T05:50:49.970,249,3,3,0,0
156310.168355,2026-07-15T05:50:49.972,249,3,3,0,0
156310.170747,2026-07-15T05:50:49.974,249,3,3,0,0
156310.172892,2026-07-15T05:50:49.976,249,3,3,0,0
156310.175090,2026-07-15T05:50:49.979,249,3,3,0,0
156310.177310,2026-07-15T05:50:49.981,249,3,3,0,0
156310.179669,2026-07-15T05:50:49.983,249,3,3,0,0
156310.182150,2026-07-15T05:50:49.986,249,3,3,0,0
156310.184813,2026-07-15T05:50:49.988,249,3,3,0,0
156310.187331,2026-07-15T05:50:49.990,249,3,3,0,0
156310.189853,2026-07-15T05:50:49.994,249,3,3,0,0
156310.192482,2026-07-15T05:50:49.996,249,3,3,0,0
156310.194966,2026-07-15T05:50:49.999,249,3,3,0,0
156310.197142,2026-07-15T05:50:50.001,249,3,3,0,0
156310.199741,2026-07-15T05:50:50.004,249,3,3,0,0
156310.202245,2026-07-15T05:50:50.006,249,3,3,0,0
156310.204831,2026-07-15T05:50:50.008,249,3,3,0,0
156310.207440,2026-07-15T05:50:50.011,249,3,3,0,0
156310.209855,2026-07-15T05:50:50.013,249,3,3,0,0
156310.212611,2026-07-15T05:50:50.016,249,3,3,0,0
156310.215277,2026-07-15T05:50:50.019,249,3,3,0,0
156310.217695,2026-07-15T05:50:50.021,249,3,3,0,0
156310.219988,2026-07-15T05:50:50.024,249,3,3,0,0
156310.222271,2026-07-15T05:50:50.026,249,3,3,0,0
156310.224693,2026-07-15T05:50:50.028,249,3,3,0,0
156310.227706,2026-07-15T05:50:50.031,249,3,3,0,0
156310.229814,2026-07-15T05:50:50.034,249,3,3,0,0
156310.232661,2026-07-15T05:50:50.036,249,3,3,0,0
156310.235195,2026-07-15T05:50:50.039,249,3,3,0,0
156310.238032,2026-07-15T05:50:50.042,249,3,3,0,0
156310.240401,2026-07-15T05:50:50.044,249,3,3,0,0
156310.243076,2026-07-15T05:50:50.047,249,3,3,0,0
156310.245804,2026-07-15T05:50:50.050,249,3,3,0,0
156310.248371,2026-07-15T05:50:50.052,249,3,3,0,0
156310.251115,2026-07-15T05:50:50.055,249,3,3,0,0
156310.254117,2026-07-15T05:50:50.057,249,3,3,0,0
156310.256891,2026-07-15T05:50:50.060,249,3,3,0,0
156310.259629,2026-07-15T05:50:50.063,249,3,3,0,0
156310.262974,2026-07-15T05:50:50.066,249,3,3,0,0
156310.265383,2026-07-15T05:50:50.069,249,3,3,0,0
156310.267855,2026-07-15T05:50:50.071,249,3,3,0,0
156310.270945,2026-07-15T05:50:50.074,249,3,3,0,0
156310.273481,2026-07-15T05:50:50.077,249,3,3,0,0
156310.275874,2026-07-15T05:50:50.079,249,3,3,0,0
156310.278565,2026-07-15T05:50:50.082,249,3,3,0,0
156310.281097,2026-07-15T05:50:50.085,249,3,3,0,0
156310.283970,2026-07-15T05:50:50.087,249,3,3,0,0
156310.286260,2026-07-15T05:50:50.090,249,3,3,0,0
156310.288788,2026-07-15T05:50:50.093,249,3,3,0,0
156310.291007,2026-07-15T05:50:50.095,249,3,3,0,0
156310.293621,2026-07-15T05:50:50.097,249,3,3,0,0
156310.296272,2026-07-15T05:50:50.100,249,3,3,0,0
156310.298754,2026-07-15T05:50:50.102,249,3,3,0,0
156310.301209,2026-07-15T05:50:50.105,249,3,3,0,0
156310.303831,2026-07-15T05:50:50.107,249,3,3,0,0
156310.306159,2026-07-15T05:50:50.110,249,3,3,0,0
156310.308828,2026-07-15T05:50:50.112,249,3,3,0,0
156310.311204,2026-07-15T05:50:50.115,249,3,3,0,0
156310.313384,2026-07-15T05:50:50.117,249,3,3,0,0
156310.315873,2026-07-15T05:50:50.120,249,3,3,0,0
156310.318171,2026-07-15T05:50:50.122,249,3,3,0,0
156310.320734,2026-07-15T05:50:50.125,249,3,3,0,0
156310.322978,2026-07-15T05:50:50.127,249,3,3,0,0
156310.325405,2026-07-15T05:50:50.129,249,3,3,0,0
156310.327961,2026-07-15T05:50:50.132,249,3,3,0,0
156310.329968,2026-07-15T05:50:50.134,249,3,3,0,0
156310.332553,2026-07-15T05:50:50.137,249,3,3,0,0
156310.334691,2026-07-15T05:50:50.139,249,3,3,0,0
156310.337041,2026-07-15T05:50:50.141,249,3,3,0,0
156310.339104,2026-07-15T05:50:50.143,249,3,3,0,0
156310.341698,2026-07-15T05:50:50.146,249,3,3,0,0
156310.343744,2026-07-15T05:50:50.148,249,3,3,0,0
156310.346241,2026-07-15T05:50:50.150,249,3,3,0,0
156310.348787,2026-07-15T05:50:50.153,249,3,3,0,0
156310.351347,2026-07-15T05:50:50.155,249,3,3,0,0
156310.353730,2026-07-15T05:50:50.158,249,3,3,0,0
156310.355758,2026-07-15T05:50:50.159,249,3,3,0,0
156310.357775,2026-07-15T05:50:50.161,249,3,3,0,0
156310.361215,2026-07-15T05:50:50.165,249,3,3,0,0
156310.363715,2026-07-15T05:50:50.167,249,3,3,0,0
156310.365875,2026-07-15T05:50:50.169,249,3,3,0,0
156310.368394,2026-07-15T05:50:50.172,249,3,3,0,0
156310.371010,2026-07-15T05:50:50.175,249,3,3,0,0
156310.373491,2026-07-15T05:50:50.177,249,3,3,0,0
156310.376116,2026-07-15T05:50:50.180,249,3,3,0,0
156310.378228,2026-07-15T05:50:50.182,249,3,3,0,0
156310.380567,2026-07-15T05:50:50.184,249,3,3,0,0
156310.382940,2026-07-15T05:50:50.187,249,3,3,0,0
156310.385172,2026-07-15T05:50:50.189,249,3,3,0,0
156310.387351,2026-07-15T05:50:50.191,249,3,3,0,0
156310.389778,2026-07-15T05:50:50.194,249,3,3,0,0
156310.392237,2026-07-15T05:50:50.196,249,3,3,0,0
156310.394903,2026-07-15T05:50:50.199,249,3,3,0,0
156310.397180,2026-07-15T05:50:50.201,249,3,3,0,0
156310.399441,2026-07-15T05:50:50.204,249,3,3,0,0
156310.401966,2026-07-15T05:50:50.206,249,3,3,0,0
156310.404409,2026-07-15T05:50:50.208,249,3,3,0,0
156310.406753,2026-07-15T05:50:50.210,249,3,3,0,0
156310.408896,2026-07-15T05:50:50.213,249,3,3,0,0
156310.411451,2026-07-15T05:50:50.215,249,3,3,0,0
156310.413975,2026-07-15T05:50:50.218,249,3,3,0,0
156310.416049,2026-07-15T05:50:50.220,249,3,3,0,0
156310.418128,2026-07-15T05:50:50.222,249,3,3,0,0
156310.420527,2026-07-15T05:50:50.225,249,3,3,0,0
156310.423020,2026-07-15T05:50:50.227,249,3,3,0,0
156310.425570,2026-07-15T05:50:50.230,249,3,3,0,0
156310.427985,2026-07-15T05:50:50.232,249,3,3,0,0
156310.430538,2026-07-15T05:50:50.235,249,3,3,0,0
156310.432695,2026-07-15T05:50:50.237,249,3,3,0,0
156310.435282,2026-07-15T05:50:50.239,249,3,3,0,0
156310.437542,2026-07-15T05:50:50.241,249,3,3,0,0
156310.439818,2026-07-15T05:50:50.243,249,3,3,0,0
156310.442292,2026-07-15T05:50:50.246,249,3,3,0,0
156310.444865,2026-07-15T05:50:50.249,249,3,3,0,0
156310.446875,2026-07-15T05:50:50.251,249,3,3,0,0
156310.449322,2026-07-15T05:50:50.253,249,3,3,0,0
156310.451452,2026-07-15T05:50:50.255,249,3,3,0,0
156310.453938,2026-07-15T05:50:50.258,249,3,3,0,0
156310.456357,2026-07-15T05:50:50.260,249,3,3,0,0
156310.458436,2026-07-15T05:50:50.262,249,3,3,0,0
156310.460660,2026-07-15T05:50:50.264,249,3,3,0,0
156310.463005,2026-07-15T05:50:50.267,249,3,3,0,0
156310.465228,2026-07-15T05:50:50.268,249,3,3,0,0
156310.468107,2026-07-15T05:50:50.271,249,3,3,0,0
156310.471017,2026-07-15T05:50:50.274,249,3,3,0,0
156310.473822,2026-07-15T05:50:50.277,249,3,3,0,0
156310.476729,2026-07-15T05:50:50.281,249,3,3,0,0
156310.479325,2026-07-15T05:50:50.283,249,3,3,0,0
156310.482360,2026-07-15T05:50:50.286,249,3,3,0,0
156310.485165,2026-07-15T05:50:50.289,249,3,3,0,0
156310.488007,2026-07-15T05:50:50.292,249,3,3,0,0
156310.490963,2026-07-15T05:50:50.295,249,3,3,0,0
156310.493794,2026-07-15T05:50:50.298,249,3,3,0,0
156310.496366,2026-07-15T05:50:50.300,249,3,3,0,0
156310.499245,2026-07-15T05:50:50.303,249,3,3,0,0
156310.501691,2026-07-15T05:50:50.305,249,3,3,0,0
156310.503697,2026-07-15T05:50:50.308,249,3,3,0,0
156310.506099,2026-07-15T05:50:50.310,249,3,3,0,0
156310.508318,2026-07-15T05:50:50.312,249,3,3,0,0
156310.510884,2026-07-15T05:50:50.315,249,3,3,0,0
156310.513439,2026-07-15T05:50:50.317,249,3,3,0,0
156310.515768,2026-07-15T05:50:50.319,249,3,3,0,0
156310.517950,2026-07-15T05:50:50.321,249,3,3,0,0
156310.520525,2026-07-15T05:50:50.324,249,3,3,0,0
156310.522633,2026-07-15T05:50:50.326,249,3,3,0,0
156310.524675,2026-07-15T05:50:50.328,249,3,3,0,0
156310.527100,2026-07-15T05:50:50.331,249,3,3,0,0
156310.529274,2026-07-15T05:50:50.333,249,3,3,0,0
156310.531688,2026-07-15T05:50:50.336,249,3,3,0,0
156310.534282,2026-07-15T05:50:50.338,249,3,3,0,0
156310.536943,2026-07-15T05:50:50.341,249,3,3,0,0
156310.539378,2026-07-15T05:50:50.343,249,3,3,0,0
156310.542010,2026-07-15T05:50:50.345,249,3,3,0,0
156310.544860,2026-07-15T05:50:50.349,249,3,3,0,0
156310.547508,2026-07-15T05:50:50.350,249,3,3,0,0
156310.550008,2026-07-15T05:50:50.353,249,3,3,0,0
156310.552517,2026-07-15T05:50:50.356,249,3,3,0,0
156310.555085,2026-07-15T05:50:50.358,249,3,3,0,0
156310.557704,2026-07-15T05:50:50.361,249,3,3,0,0
156310.560142,2026-07-15T05:50:50.363,249,3,3,0,0
156310.564348,2026-07-15T05:50:50.368,249,3,3,0,0
156310.566913,2026-07-15T05:50:50.370,249,3,3,0,0
156310.569518,2026-07-15T05:50:50.373,249,3,3,0,0
156310.571914,2026-07-15T05:50:50.375,249,3,3,0,0
156310.575033,2026-07-15T05:50:50.378,249,3,3,0,0
156310.577766,2026-07-15T05:50:50.381,249,3,3,0,0
156310.580493,2026-07-15T05:50:50.384,249,3,3,0,0
156310.583270,2026-07-15T05:50:50.387,249,3,3,0,0
156310.585902,2026-07-15T05:50:50.389,249,3,3,0,0
156310.588302,2026-07-15T05:50:50.392,249,3,3,0,0
156310.590756,2026-07-15T05:50:50.394,249,3,3,0,0
156310.593279,2026-07-15T05:50:50.396,249,3,3,0,0
156310.595986,2026-07-15T05:50:50.400,249,3,3,0,0
156310.598553,2026-07-15T05:50:50.402,249,3,3,0,0
156310.601037,2026-07-15T05:50:50.405,249,3,3,0,0
156310.603471,2026-07-15T05:50:50.407,249,3,3,0,0
156310.605938,2026-07-15T05:50:50.409,249,3,3,0,0
156310.608397,2026-07-15T05:50:50.412,249,3,3,0,0
156310.611213,2026-07-15T05:50:50.415,249,3,3,0,0
156310.614155,2026-07-15T05:50:50.418,249,3,3,0,0
156310.616822,2026-07-15T05:50:50.421,249,3,3,0,0
156310.619388,2026-07-15T05:50:50.423,249,3,3,0,0
156310.622109,2026-07-15T05:50:50.425,249,3,3,0,0
156310.624810,2026-07-15T05:50:50.428,249,3,3,0,0
156310.627463,2026-07-15T05:50:50.431,249,3,3,0,0
156310.629672,2026-07-15T05:50:50.434,249,3,3,0,0
156310.632133,2026-07-15T05:50:50.436,249,3,3,0,0
156310.634905,2026-07-15T05:50:50.439,249,3,3,0,0
156310.637397,2026-07-15T05:50:50.441,249,3,3,0,0
156310.639699,2026-07-15T05:50:50.443,249,3,3,0,0
156310.642302,2026-07-15T05:50:50.446,249,3,3,0,0
156310.644585,2026-07-15T05:50:50.448,249,3,3,0,0
156310.647055,2026-07-15T05:50:50.451,249,3,3,0,0
156310.649509,2026-07-15T05:50:50.453,249,3,3,0,0
156310.652162,2026-07-15T05:50:50.456,249,3,3,0,0
156310.654948,2026-07-15T05:50:50.459,249,3,3,0,0
156310.657548,2026-07-15T05:50:50.462,249,3,3,0,0
156310.661245,2026-07-15T05:50:50.465,249,3,3,0,0
156310.664407,2026-07-15T05:50:50.468,249,3,3,0,0
156310.667348,2026-07-15T05:50:50.471,249,3,3,0,0
156310.669795,2026-07-15T05:50:50.474,249,3,3,0,0
156310.672331,2026-07-15T05:50:50.476,249,3,3,0,0
156310.674800,2026-07-15T05:50:50.479,249,3,3,0,0
156310.677365,2026-07-15T05:50:50.481,249,3,3,0,0
156310.680124,2026-07-15T05:50:50.483,249,3,3,0,0
156310.682718,2026-07-15T05:50:50.487,249,3,3,0,0
156310.685857,2026-07-15T05:50:50.489,249,3,3,0,0
156310.687960,2026-07-15T05:50:50.491,249,3,3,0,0
156310.691054,2026-07-15T05:50:50.494,249,3,3,0,0
156310.693426,2026-07-15T05:50:50.497,249,3,3,0,0
156310.696503,2026-07-15T05:50:50.500,249,3,3,0,0
156310.699232,2026-07-15T05:50:50.503,249,3,3,0,0
156310.701767,2026-07-15T05:50:50.505,249,3,3,0,0
156310.704294,2026-07-15T05:50:50.508,249,3,3,0,0
156310.706888,2026-07-15T05:50:50.511,249,3,3,0,0
156310.709286,2026-07-15T05:50:50.513,249,3,3,0,0
156310.712119,2026-07-15T05:50:50.516,249,3,3,0,0
156310.714842,2026-07-15T05:50:50.518,249,3,3,0,0
156310.717143,2026-07-15T05:50:50.520,249,3,3,0,0
156310.719968,2026-07-15T05:50:50.524,249,3,3,0,0
156310.722036,2026-07-15T05:50:50.526,249,3,3,0,0
156310.724385,2026-07-15T05:50:50.528,249,3,3,0,0
156310.726538,2026-07-15T05:50:50.530,249,3,3,0,0
156310.729368,2026-07-15T05:50:50.533,249,3,3,0,0
156310.732245,2026-07-15T05:50:50.536,249,3,3,0,0
156310.734709,2026-07-15T05:50:50.539,249,3,3,0,0
156310.736835,2026-07-15T05:50:50.540,249,3,3,0,0
156310.739381,2026-07-15T05:50:50.543,249,3,3,0,0
156310.742167,2026-07-15T05:50:50.546,249,3,3,0,0
156310.744816,2026-07-15T05:50:50.549,249,3,3,0,0
156310.747082,2026-07-15T05:50:50.551,249,3,3,0,0
156310.749468,2026-07-15T05:50:50.553,249,3,3,0,0
156310.751667,2026-07-15T05:50:50.555,249,3,3,0,0
156310.754028,2026-07-15T05:50:50.557,249,3,3,0,0
156310.756660,2026-07-15T05:50:50.560,249,3,3,0,0
156310.759529,2026-07-15T05:50:50.564,249,3,3,0,0
156310.763006,2026-07-15T05:50:50.567,249,3,3,0,0
156310.765989,2026-07-15T05:50:50.570,249,3,3,0,0
156310.768876,2026-07-15T05:50:50.573,249,3,3,0,0
156310.771527,2026-07-15T05:50:50.575,249,3,3,0,0
156310.774460,2026-07-15T05:50:50.578,249,3,3,0,0
156310.777157,2026-07-15T05:50:50.581,249,3,3,0,0
156310.780109,2026-07-15T05:50:50.583,249,3,3,0,0
156310.783072,2026-07-15T05:50:50.587,249,3,3,0,0
156310.786032,2026-07-15T05:50:50.590,249,3,3,0,0
156310.788541,2026-07-15T05:50:50.593,249,3,3,0,0
156310.791686,2026-07-15T05:50:50.596,249,3,3,0,0
156310.794945,2026-07-15T05:50:50.598,249,3,3,0,0
156310.797500,2026-07-15T05:50:50.601,249,3,3,0,0
156310.800174,2026-07-15T05:50:50.604,249,3,3,0,0
156310.803296,2026-07-15T05:50:50.607,249,3,3,0,0
156310.806002,2026-07-15T05:50:50.610,249,3,3,0,0
156310.809168,2026-07-15T05:50:50.612,249,3,3,0,0
156310.811647,2026-07-15T05:50:50.616,249,3,3,0,0
156310.814024,2026-07-15T05:50:50.618,249,3,3,0,0
156310.816365,2026-07-15T05:50:50.620,213,0,3,0,10
156310.818955,2026-07-15T05:50:50.623,213,0,3,0,10
156310.821790,2026-07-15T05:50:50.625,213,0,3,0,10
156310.824206,2026-07-15T05:50:50.628,213,0,3,0,10
156310.826985,2026-07-15T05:50:50.631,213,0,3,0,10
156310.829705,2026-07-15T05:50:50.633,213,0,3,0,10
156310.832590,2026-07-15T05:50:50.636,213,0,3,0,10
156310.835473,2026-07-15T05:50:50.639,213,0,3,0,10
156310.838373,2026-07-15T05:50:50.642,213,0,3,0,10
156310.841460,2026-07-15T05:50:50.645,213,0,3,0,10
156310.844223,2026-07-15T05:50:50.648,213,0,3,0,10
156310.846318,2026-07-15T05:50:50.650,213,0,3,0,10
156310.849306,2026-07-15T05:50:50.653,213,0,3,0,10
156310.852717,2026-07-15T05:50:50.656,213,0,3,0,10
156310.856697,2026-07-15T05:50:50.660,213,0,3,0,10
156310.859850,2026-07-15T05:50:50.663,213,0,3,0,10
156310.862995,2026-07-15T05:50:50.667,213,0,3,0,10
156310.865254,2026-07-15T05:50:50.669,213,0,3,0,10
156310.867909,2026-07-15T05:50:50.671,213,0,3,0,10
156310.869937,2026-07-15T05:50:50.673,213,0,3,0,10
156310.872399,2026-07-15T05:50:50.676,213,0,3,0,10
156310.874947,2026-07-15T05:50:50.678,213,0,3,0,10
156310.877614,2026-07-15T05:50:50.681,213,0,3,0,10
156310.880423,2026-07-15T05:50:50.684,213,0,3,0,10
156310.882566,2026-07-15T05:50:50.686,213,0,3,0,10
156310.885941,2026-07-15T05:50:50.689,213,0,3,0,10
156310.888114,2026-07-15T05:50:50.692,213,0,3,0,10
156310.891285,2026-07-15T05:50:50.695,213,0,3,0,10
156310.894077,2026-07-15T05:50:50.698,213,0,3,0,10
156310.896840,2026-07-15T05:50:50.701,213,0,3,0,10
156310.899330,2026-07-15T05:50:50.703,213,0,3,0,10
156310.902022,2026-07-15T05:50:50.706,213,0,3,0,10
156310.904841,2026-07-15T05:50:50.709,213,0,3,0,10
156310.907768,2026-07-15T05:50:50.712,213,0,3,0,10
156310.910542,2026-07-15T05:50:50.714,213,0,3,0,10
156310.913054,2026-07-15T05:50:50.717,213,0,3,0,10
156310.915812,2026-07-15T05:50:50.720,213,0,3,0,10
156310.918354,2026-07-15T05:50:50.722,213,0,3,0,10
156310.920768,2026-07-15T05:50:50.724,213,0,3,0,10
156310.923247,2026-07-15T05:50:50.727,213,0,3,0,10
156310.925736,2026-07-15T05:50:50.730,213,0,3,0,10
156310.928233,2026-07-15T05:50:50.732,213,0,3,0,10
156310.930518,2026-07-15T05:50:50.734,213,0,3,0,10
156310.933389,2026-07-15T05:50:50.737,213,0,3,0,10
156310.936246,2026-07-15T05:50:50.739,213,0,3,0,10
156310.939027,2026-07-15T05:50:50.743,213,0,3,0,10
156310.942059,2026-07-15T05:50:50.746,213,0,3,0,10
156310.944878,2026-07-15T05:50:50.749,213,0,3,0,10
156310.947963,2026-07-15T05:50:50.752,213,0,3,0,10
156310.950408,2026-07-15T05:50:50.754,213,0,3,0,10
156310.953103,2026-07-15T05:50:50.756,213,0,3,0,10
156310.955895,2026-07-15T05:50:50.760,213,0,3,0,10
156310.958493,2026-07-15T05:50:50.762,213,0,3,0,10
156310.961046,2026-07-15T05:50:50.765,213,0,3,0,10
156310.963996,2026-07-15T05:50:50.768,213,0,3,0,10
156310.966752,2026-07-15T05:50:50.770,213,0,3,0,10
156310.969191,2026-07-15T05:50:50.773,213,0,3,0,10
156310.971812,2026-07-15T05:50:50.775,213,0,3,0,10
156310.974403,2026-07-15T05:50:50.778,213,0,3,0,10
156310.977201,2026-07-15T05:50:50.780,213,0,3,0,10
156310.979313,2026-07-15T05:50:50.783,213,0,3,0,10
156310.981685,2026-07-15T05:50:50.786,213,0,3,0,10
156310.984840,2026-07-15T05:50:50.789,213,0,3,0,10
156310.987534,2026-07-15T05:50:50.791,213,0,3,0,10
156310.990334,2026-07-15T05:50:50.793,213,0,3,0,10
156310.992760,2026-07-15T05:50:50.797,213,0,3,0,10
156310.995210,2026-07-15T05:50:50.799,213,0,3,0,10
156310.997756,2026-07-15T05:50:50.802,213,0,3,0,10
156311.000341,2026-07-15T05:50:50.804,213,0,3,0,10
156311.002927,2026-07-15T05:50:50.807,213,0,3,0,10
156311.005452,2026-07-15T05:50:50.809,213,0,3,0,10
156311.008169,2026-07-15T05:50:50.812,213,0,3,0,10
156311.011072,2026-07-15T05:50:50.814,213,0,3,0,10
156311.013345,2026-07-15T05:50:50.817,213,0,3,0,10
156311.015757,2026-07-15T05:50:50.820,213,0,3,0,10
156311.018900,2026-07-15T05:50:50.823,213,0,3,0,10
156311.021245,2026-07-15T05:50:50.825,213,0,3,0,10
156311.023831,2026-07-15T05:50:50.827,213,0,3,0,10
156311.025914,2026-07-15T05:50:50.828,213,0,3,0,10
156311.028507,2026-07-15T05:50:50.832,213,0,3,0,10
156311.031539,2026-07-15T05:50:50.835,213,0,3,0,10
156311.033601,2026-07-15T05:50:50.837,213,0,3,0,10
156311.036430,2026-07-15T05:50:50.840,213,0,3,0,10
156311.040420,2026-07-15T05:50:50.844,213,0,3,0,10
156311.042452,2026-07-15T05:50:50.846,213,0,3,0,10
156311.044892,2026-07-15T05:50:50.849,213,0,3,0,10
156311.046895,2026-07-15T05:50:50.850,213,0,3,0,10
156311.049067,2026-07-15T05:50:50.852,213,0,3,0,10
156311.052019,2026-07-15T05:50:50.856,213,0,3,0,10
156311.054310,2026-07-15T05:50:50.858,213,0,3,0,10
156311.057267,2026-07-15T05:50:50.861,213,0,3,0,10
156311.059809,2026-07-15T05:50:50.863,213,0,3,0,8
156311.062952,2026-07-15T05:50:50.866,119,0,3,0,8
156311.065322,2026-07-15T05:50:50.869,119,0,3,0,8
156311.067478,2026-07-15T05:50:50.870,119,0,3,0,8
156311.069972,2026-07-15T05:50:50.874,119,0,3,0,8
156311.072248,2026-07-15T05:50:50.876,119,0,3,0,8
156311.074409,2026-07-15T05:50:50.878,119,0,3,0,8
156311.076799,2026-07-15T05:50:50.880,119,0,3,0,8
156311.079484,2026-07-15T05:50:50.883,119,0,3,0,8
156311.082213,2026-07-15T05:50:50.885,119,0,3,0,8
156311.084912,2026-07-15T05:50:50.889,119,0,3,0,8
156311.087270,2026-07-15T05:50:50.891,119,0,3,0,8
156311.093231,2026-07-15T05:50:50.897,119,0,3,0,8
156311.095377,2026-07-15T05:50:50.899,119,0,3,0,8
156311.097733,2026-07-15T05:50:50.901,119,0,3,0,8
156311.100334,2026-07-15T05:50:50.904,119,0,3,0,8
156311.102510,2026-07-15T05:50:50.906,119,0,3,0,8
156311.104519,2026-07-15T05:50:50.908,119,0,3,0,8
156311.107311,2026-07-15T05:50:50.911,119,0,3,0,8
156311.109898,2026-07-15T05:50:50.914,119,0,3,0,8
156311.113714,2026-07-15T05:50:50.917,119,0,3,0,8
156311.116796,2026-07-15T05:50:50.921,119,0,3,0,8
156311.119335,2026-07-15T05:50:50.923,119,0,3,0,8
156311.121820,2026-07-15T05:50:50.925,119,0,3,0,8
156311.124665,2026-07-15T05:50:50.928,119,0,3,0,8
156311.127909,2026-07-15T05:50:50.932,119,0,3,0,8
156311.130234,2026-07-15T05:50:50.934,119,0,3,0,8
156311.132730,2026-07-15T05:50:50.936,119,0,3,0,8
156311.135439,2026-07-15T05:50:50.939,119,0,3,0,8
156311.138259,2026-07-15T05:50:50.942,119,0,3,0,8
156311.141108,2026-07-15T05:50:50.945,119,0,3,0,8
156311.143971,2026-07-15T05:50:50.948,119,0,3,0,8
156311.146474,2026-07-15T05:50:50.950,119,0,3,0,8
156311.149187,2026-07-15T05:50:50.952,119,0,3,0,8
156311.151820,2026-07-15T05:50:50.955,119,0,3,0,8
156311.154468,2026-07-15T05:50:50.958,119,0,3,0,8
156311.156580,2026-07-15T05:50:50.960,119,0,3,0,8
156311.159304,2026-07-15T05:50:50.963,119,0,3,0,8
156311.163085,2026-07-15T05:50:50.967,119,0,3,0,8
156311.166922,2026-07-15T05:50:50.970,119,0,3,0,8
156311.169056,2026-07-15T05:50:50.972,119,0,3,0,8
156311.171173,2026-07-15T05:50:50.975,119,0,3,0,8
156311.173898,2026-07-15T05:50:50.977,119,0,3,0,8
156311.176118,2026-07-15T05:50:50.980,119,0,3,0,8
156311.178188,2026-07-15T05:50:50.982,119,0,3,0,8
156311.180854,2026-07-15T05:50:50.984,119,0,3,0,8
156311.183602,2026-07-15T05:50:50.987,119,0,3,0,8
156311.186355,2026-07-15T05:50:50.990,119,0,3,0,8
156311.188874,2026-07-15T05:50:50.992,119,0,3,0,8
156311.191538,2026-07-15T05:50:50.994,119,0,3,0,8
156311.194185,2026-07-15T05:50:50.998,119,0,3,0,8
156311.196824,2026-07-15T05:50:51.001,119,0,3,0,8
156311.199329,2026-07-15T05:50:51.003,119,0,3,0,8
156311.201995,2026-07-15T05:50:51.006,119,0,3,0,8
156311.204728,2026-07-15T05:50:51.008,119,0,3,0,8
156311.207441,2026-07-15T05:50:51.011,119,0,3,0,8
156311.210076,2026-07-15T05:50:51.013,119,0,3,0,8
156311.212886,2026-07-15T05:50:51.016,119,0,3,0,8
156311.216028,2026-07-15T05:50:51.020,119,0,3,0,8
156311.218868,2026-07-15T05:50:51.023,119,0,3,0,8
156311.221583,2026-07-15T05:50:51.026,119,0,3,0,8
156311.224906,2026-07-15T05:50:51.028,119,0,3,0,8
156311.227483,2026-07-15T05:50:51.031,119,0,3,0,8
156311.229594,2026-07-15T05:50:51.033,119,0,3,0,8
156311.231687,2026-07-15T05:50:51.035,119,0,3,0,8
156311.234280,2026-07-15T05:50:51.038,119,0,3,0,8
156311.236800,2026-07-15T05:50:51.040,119,0,3,0,8
156311.239258,2026-07-15T05:50:51.043,119,0,3,0,8
156311.241690,2026-07-15T05:50:51.045,119,0,3,0,8
156311.244427,2026-07-15T05:50:51.048,119,0,3,0,8
156311.246825,2026-07-15T05:50:51.050,119,0,3,0,8
156311.249530,2026-07-15T05:50:51.052,119,0,3,0,8
156311.251994,2026-07-15T05:50:51.055,119,0,3,0,8
156311.254536,2026-07-15T05:50:51.058,119,0,3,0,8
156311.257165,2026-07-15T05:50:51.061,119,0,3,0,8
156311.259817,2026-07-15T05:50:51.063,119,0,3,0,8
156311.262321,2026-07-15T05:50:51.066,119,0,3,0,8
156311.265137,2026-07-15T05:50:51.069,119,0,3,0,8
156311.268506,2026-07-15T05:50:51.072,119,0,3,0,8
156311.271222,2026-07-15T05:50:51.074,119,0,3,0,8
156311.273860,2026-07-15T05:50:51.078,119,0,3,0,8
156311.276878,2026-07-15T05:50:51.081,119,0,3,0,8
156311.279656,2026-07-15T05:50:51.083,119,0,3,0,8
156311.281979,2026-07-15T05:50:51.086,119,0,3,0,8
156311.284594,2026-07-15T05:50:51.088,119,0,3,0,8
156311.287291,2026-07-15T05:50:51.091,119,0,3,0,8
156311.289825,2026-07-15T05:50:51.093,119,0,3,0,8
156311.292696,2026-07-15T05:50:51.097,119,0,3,0,8
156311.295479,2026-07-15T05:50:51.099,119,0,3,0,8
156311.297892,2026-07-15T05:50:51.102,119,0,3,0,8
156311.300510,2026-07-15T05:50:51.104,119,0,3,0,8
156311.303204,2026-07-15T05:50:51.107,119,0,3,0,8
156311.305349,2026-07-15T05:50:51.108,21,0,3,0,10
156311.308326,2026-07-15T05:50:51.112,21,0,3,0,10
156311.310643,2026-07-15T05:50:51.114,21,0,3,0,10
156311.313770,2026-07-15T05:50:51.117,21,0,3,0,10
156311.316624,2026-07-15T05:50:51.120,21,0,3,0,10
156311.319846,2026-07-15T05:50:51.124,21,0,3,0,10
156311.322378,2026-07-15T05:50:51.126,21,0,3,0,10
156311.325141,2026-07-15T05:50:51.128,21,0,3,0,10
156311.329022,2026-07-15T05:50:51.133,21,0,3,0,10
156311.332211,2026-07-15T05:50:51.136,21,0,3,0,10
156311.335239,2026-07-15T05:50:51.139,21,0,3,0,10
156311.338013,2026-07-15T05:50:51.141,21,0,3,0,10
156311.340474,2026-07-15T05:50:51.144,21,0,3,0,10
156311.343259,2026-07-15T05:50:51.146,21,0,3,0,10
156311.345898,2026-07-15T05:50:51.149,21,0,3,0,10
156311.348488,2026-07-15T05:50:51.152,21,0,3,0,10
156311.351270,2026-07-15T05:50:51.154,21,0,3,0,10
156311.353917,2026-07-15T05:50:51.157,21,0,3,0,10
156311.356431,2026-07-15T05:50:51.159,21,0,3,0,10
156311.358906,2026-07-15T05:50:51.163,21,0,3,0,10
156311.361683,2026-07-15T05:50:51.165,21,0,3,0,10
156311.364605,2026-07-15T05:50:51.168,21,0,3,0,10
156311.367171,2026-07-15T05:50:51.171,21,0,3,0,10
156311.370365,2026-07-15T05:50:51.174,21,0,3,0,10
156311.373245,2026-07-15T05:50:51.177,21,0,3,0,10
156311.376066,2026-07-15T05:50:51.180,21,0,3,0,10
156311.378915,2026-07-15T05:50:51.182,21,0,3,0,10
156311.381803,2026-07-15T05:50:51.186,21,0,3,0,10
156311.384471,2026-07-15T05:50:51.188,21,0,3,0,10
156311.387226,2026-07-15T05:50:51.191,21,0,3,0,10
156311.389741,2026-07-15T05:50:51.193,21,0,3,0,10
156311.392529,2026-07-15T05:50:51.196,21,0,3,0,10
156311.395221,2026-07-15T05:50:51.199,21,0,3,0,10
156311.398107,2026-07-15T05:50:51.202,21,0,3,0,10
156311.401047,2026-07-15T05:50:51.204,21,0,3,0,10
156311.403924,2026-07-15T05:50:51.208,21,0,3,0,10
156311.406596,2026-07-15T05:50:51.211,21,0,3,0,10
156311.409033,2026-07-15T05:50:51.213,21,0,3,0,10
156311.411788,2026-07-15T05:50:51.215,21,0,3,0,10
156311.414407,2026-07-15T05:50:51.218,21,0,3,0,10
156311.416800,2026-07-15T05:50:51.220,21,0,3,0,10
156311.419493,2026-07-15T05:50:51.223,21,0,3,0,10
156311.422150,2026-07-15T05:50:51.226,21,0,3,0,10
156311.425110,2026-07-15T05:50:51.228,21,0,3,0,10
156311.427593,2026-07-15T05:50:51.231,21,0,3,0,10
156311.430423,2026-07-15T05:50:51.234,21,0,3,0,10
156311.432469,2026-07-15T05:50:51.236,21,0,3,0,10
156311.434668,2026-07-15T05:50:51.238,21,0,3,0,10
156311.436893,2026-07-15T05:50:51.240,21,0,3,0,10
156311.439331,2026-07-15T05:50:51.243,21,0,3,0,10
156311.441939,2026-07-15T05:50:51.246,21,0,3,0,10
156311.444713,2026-07-15T05:50:51.248,21,0,3,0,10
156311.447345,2026-07-15T05:50:51.251,21,0,3,0,10
156311.451044,2026-07-15T05:50:51.255,21,0,3,0,10
156311.454125,2026-07-15T05:50:51.258,21,0,3,0,10
156311.456781,2026-07-15T05:50:51.260,21,0,3,0,10
156311.459456,2026-07-15T05:50:51.263,21,0,3,0,10
156311.461743,2026-07-15T05:50:51.265,21,0,3,0,10
156311.464192,2026-07-15T05:50:51.268,21,0,3,0,10
156311.466435,2026-07-15T05:50:51.269,21,0,3,0,10
156311.468957,2026-07-15T05:50:51.273,21,0,3,0,10
156311.471604,2026-07-15T05:50:51.275,21,0,3,0,10
156311.474528,2026-07-15T05:50:51.278,21,0,3,0,10
156311.477361,2026-07-15T05:50:51.281,21,0,3,0,10
156311.479978,2026-07-15T05:50:51.284,21,0,3,0,10
156311.482290,2026-07-15T05:50:51.286,21,0,3,0,10
156311.485021,2026-07-15T05:50:51.289,21,0,3,0,10
156311.487565,2026-07-15T05:50:51.291,21,0,3,0,10
156311.490526,2026-07-15T05:50:51.295,21,0,3,0,10
156311.493358,2026-07-15T05:50:51.297,21,0,3,0,10
156311.495586,2026-07-15T05:50:51.300,21,0,3,0,10
156311.498357,2026-07-15T05:50:51.302,21,0,3,0,10
156311.501794,2026-07-15T05:50:51.305,21,0,3,0,10
156311.504623,2026-07-15T05:50:51.308,21,0,3,0,10
156311.507648,2026-07-15T05:50:51.311,21,0,3,0,10
156311.509715,2026-07-15T05:50:51.314,21,0,3,0,10
156311.512006,2026-07-15T05:50:51.316,21,0,3,0,10
156311.514608,2026-07-15T05:50:51.318,21,0,3,0,10
156311.516670,2026-07-15T05:50:51.320,21,0,3,0,10
156311.518779,2026-07-15T05:50:51.322,21,0,3,0,10
156311.520826,2026-07-15T05:50:51.324,21,0,3,0,10
156311.523263,2026-07-15T05:50:51.327,21,0,3,0,10
156311.525844,2026-07-15T05:50:51.330,21,0,3,0,10
156311.527846,2026-07-15T05:50:51.332,21,0,3,0,10
156311.530376,2026-07-15T05:50:51.334,21,0,3,0,10
156311.532660,2026-07-15T05:50:51.337,21,0,3,0,10
156311.534711,2026-07-15T05:50:51.339,21,0,3,0,10
156311.536764,2026-07-15T05:50:51.340,21,0,3,0,10
156311.539126,2026-07-15T05:50:51.343,21,0,3,0,10
156311.541931,2026-07-15T05:50:51.346,21,0,3,0,10
156311.544174,2026-07-15T05:50:51.347,21,0,3,0,10
156311.546612,2026-07-15T05:50:51.350,21,0,3,0,10
156311.548734,2026-07-15T05:50:51.352,21,0,3,0,0
156311.550751,2026-07-15T05:50:51.354,3,3,3,0,0
156311.552861,2026-07-15T05:50:51.357,3,3,3,0,0
156311.555036,2026-07-15T05:50:51.359,3,3,3,0,0
156311.557463,2026-07-15T05:50:51.361,3,3,3,0,0
156311.559861,2026-07-15T05:50:51.363,3,3,3,0,0
156311.562004,2026-07-15T05:50:51.366,3,3,3,0,0
156311.564110,2026-07-15T05:50:51.367,3,3,3,0,0
156311.567382,2026-07-15T05:50:51.371,3,3,3,0,0
156311.569602,2026-07-15T05:50:51.373,3,3,3,0,0
156311.571698,2026-07-15T05:50:51.375,3,3,3,0,0
156311.573922,2026-07-15T05:50:51.377,3,3,3,0,0
156311.576043,2026-07-15T05:50:51.379,3,3,3,0,0
156311.578766,2026-07-15T05:50:51.382,3,3,3,0,0
156311.581188,2026-07-15T05:50:51.384,3,3,3,0,0
156311.583274,2026-07-15T05:50:51.387,3,3,3,0,0
156311.585390,2026-07-15T05:50:51.389,3,3,3,0,0
156311.587447,2026-07-15T05:50:51.391,3,3,3,0,0
156311.589471,2026-07-15T05:50:51.393,3,3,3,0,0
156311.592066,2026-07-15T05:50:51.396,3,3,3,0,0
156311.594712,2026-07-15T05:50:51.398,3,3,3,0,0
156311.597227,2026-07-15T05:50:51.400,3,3,3,0,0
156311.599692,2026-07-15T05:50:51.402,3,3,3,0,0
156311.602096,2026-07-15T05:50:51.406,3,3,3,0,0
156311.604632,2026-07-15T05:50:51.409,3,3,3,0,0
156311.607046,2026-07-15T05:50:51.411,3,3,3,0,0
156311.609309,2026-07-15T05:50:51.413,3,3,3,0,0
156311.611492,2026-07-15T05:50:51.415,3,3,3,0,0
156311.614005,2026-07-15T05:50:51.418,3,3,3,0,0
156311.616077,2026-07-15T05:50:51.419,3,3,3,0,0
156311.618133,2026-07-15T05:50:51.422,3,3,3,0,0
156311.620585,2026-07-15T05:50:51.424,3,3,3,0,0
156311.623048,2026-07-15T05:50:51.427,3,3,3,0,0
156311.625460,2026-07-15T05:50:51.429,3,3,3,0,0
156311.628030,2026-07-15T05:50:51.432,3,3,3,0,0
156311.630280,2026-07-15T05:50:51.434,3,3,3,0,0
156311.632996,2026-07-15T05:50:51.437,3,3,3,0,0
156311.636069,2026-07-15T05:50:51.440,3,3,3,0,0
156311.638534,2026-07-15T05:50:51.442,3,3,3,0,0
156311.640845,2026-07-15T05:50:51.445,3,3,3,0,0
156311.643117,2026-07-15T05:50:51.447,3,3,3,0,0
156311.645829,2026-07-15T05:50:51.450,3,3,3,0,0
156311.647888,2026-07-15T05:50:51.452,3,3,3,0,0
156311.650773,2026-07-15T05:50:51.455,3,3,3,0,0
156311.653423,2026-07-15T05:50:51.457,3,3,3,0,0
156311.655790,2026-07-15T05:50:51.460,3,3,3,0,0
156311.658225,2026-07-15T05:50:51.462,3,3,3,0,0
156311.660980,2026-07-15T05:50:51.465,3,3,3,0,0
156311.663325,2026-07-15T05:50:51.467,3,3,3,0,0
156311.666058,2026-07-15T05:50:51.470,3,3,3,0,0
156311.668650,2026-07-15T05:50:51.473,3,3,3,0,0
156311.671045,2026-07-15T05:50:51.474,3,3,3,0,0
156311.673635,2026-07-15T05:50:51.477,3,3,3,0,0
156311.676153,2026-07-15T05:50:51.479,3,3,3,0,0
156311.678753,2026-07-15T05:50:51.483,3,3,3,0,0
156311.681173,2026-07-15T05:50:51.485,3,3,3,0,0
156311.683852,2026-07-15T05:50:51.488,3,3,3,0,0
156311.686653,2026-07-15T05:50:51.490,3,3,3,0,0
156311.689365,2026-07-15T05:50:51.493,3,3,3,0,0
156311.692036,2026-07-15T05:50:51.496,3,3,3,0,0
156311.695178,2026-07-15T05:50:51.499,3,3,3,0,0
156311.697247,2026-07-15T05:50:51.501,3,3,3,0,0
156311.700055,2026-07-15T05:50:51.504,3,3,3,0,0
156311.702836,2026-07-15T05:50:51.507,3,3,3,0,0
156311.705243,2026-07-15T05:50:51.509,3,3,3,0,0
156311.707648,2026-07-15T05:50:51.512,3,3,3,0,0
156311.710165,2026-07-15T05:50:51.514,3,3,3,0,0
156311.712616,2026-07-15T05:50:51.517,3,3,3,0,0
156311.715921,2026-07-15T05:50:51.520,3,3,3,0,0
156311.718646,2026-07-15T05:50:51.522,3,3,3,0,0
156311.721173,2026-07-15T05:50:51.525,3,3,3,0,0
156311.724102,2026-07-15T05:50:51.527,3,3,3,0,0
156311.726741,2026-07-15T05:50:51.530,3,3,3,0,0
156311.728837,2026-07-15T05:50:51.532,3,3,3,0,0
156311.731934,2026-07-15T05:50:51.535,3,3,3,0,0
156311.734645,2026-07-15T05:50:51.538,3,3,3,0,0
156311.737267,2026-07-15T05:50:51.541,3,3,3,0,0
156311.740155,2026-07-15T05:50:51.544,3,3,3,0,0
156311.742898,2026-07-15T05:50:51.547,3,3,3,0,0
156311.745256,2026-07-15T05:50:51.549,3,3,3,0,0
156311.748066,2026-07-15T05:50:51.552,3,3,3,0,0
156311.750821,2026-07-15T05:50:51.555,3,3,3,0,0
156311.753684,2026-07-15T05:50:51.557,3,3,3,0,0
156311.756637,2026-07-15T05:50:51.560,3,3,3,0,0
156311.759798,2026-07-15T05:50:51.563,3,3,3,0,0
156311.762696,2026-07-15T05:50:51.566,3,3,3,0,0
156311.765620,2026-07-15T05:50:51.569,3,3,3,0,0
156311.769014,2026-07-15T05:50:51.573,3,3,3,0,0
156311.771892,2026-07-15T05:50:51.576,3,3,3,0,0
156311.774657,2026-07-15T05:50:51.578,3,3,3,0,0
156311.777271,2026-07-15T05:50:51.581,3,3,3,0,0
156311.779289,2026-07-15T05:50:51.583,3,3,3,0,0
156311.781437,2026-07-15T05:50:51.585,3,3,3,0,0
156311.783677,2026-07-15T05:50:51.587,3,3,3,0,0
156311.786187,2026-07-15T05:50:51.590,3,3,3,0,0
156311.788947,2026-07-15T05:50:51.593,3,3,3,0,0
156311.791732,2026-07-15T05:50:51.595,3,3,3,0,0
156311.794239,2026-07-15T05:50:51.598,3,3,3,0,0
156311.796849,2026-07-15T05:50:51.601,3,3,3,0,0
156311.799071,2026-07-15T05:50:51.603,3,3,3,0,0
156311.801154,2026-07-15T05:50:51.605,3,3,3,0,0
156311.803761,2026-07-15T05:50:51.607,3,3,3,0,0
156311.806186,2026-07-15T05:50:51.610,3,3,3,0,0
156311.809007,2026-07-15T05:50:51.613,3,3,3,0,0
156311.811182,2026-07-15T05:50:51.615,3,3,3,0,0
156311.813776,2026-07-15T05:50:51.618,3,3,3,0,0
156311.816126,2026-07-15T05:50:51.620,3,3,3,0,0
156311.818759,2026-07-15T05:50:51.623,3,3,3,0,0
156311.820991,2026-07-15T05:50:51.625,3,3,3,0,0
156311.823113,2026-07-15T05:50:51.627,3,3,3,0,0
156311.825341,2026-07-15T05:50:51.629,3,3,3,0,0
156311.827694,2026-07-15T05:50:51.632,3,3,3,0,0
156311.830243,2026-07-15T05:50:51.634,3,3,3,0,0
156311.832702,2026-07-15T05:50:51.637,3,3,3,0,0
156311.835540,2026-07-15T05:50:51.639,3,3,3,0,0
156311.838082,2026-07-15T05:50:51.642,3,3,3,0,0
156311.841025,2026-07-15T05:50:51.645,3,3,3,0,0
156311.843737,2026-07-15T05:50:51.648,3,3,3,0,0
156311.846484,2026-07-15T05:50:51.650,3,3,3,0,0
156311.849451,2026-07-15T05:50:51.653,3,3,3,0,0
156311.851843,2026-07-15T05:50:51.655,3,3,3,0,0
156311.854596,2026-07-15T05:50:51.658,3,3,3,0,0
156311.857561,2026-07-15T05:50:51.661,3,3,3,0,0
156311.860334,2026-07-15T05:50:51.664,3,3,3,0,0
156311.862835,2026-07-15T05:50:51.667,3,3,3,0,0
156311.864878,2026-07-15T05:50:51.669,3,3,3,0,0
156311.867836,2026-07-15T05:50:51.672,3,3,3,0,0
156311.870633,2026-07-15T05:50:51.674,3,3,3,0,0
156311.873632,2026-07-15T05:50:51.677,3,3,3,0,0
156311.876081,2026-07-15T05:50:51.680,3,3,3,0,0
156311.879001,2026-07-15T05:50:51.683,3,3,3,0,0
156311.881849,2026-07-15T05:50:51.686,3,3,3,0,0
156311.884524,2026-07-15T05:50:51.688,3,3,3,0,0
156311.887351,2026-07-15T05:50:51.691,3,3,3,0,0
156311.890135,2026-07-15T05:50:51.694,3,3,3,0,0
156311.893260,2026-07-15T05:50:51.697,3,3,3,0,0
156311.895932,2026-07-15T05:50:51.700,3,3,3,0,0
156311.898799,2026-07-15T05:50:51.703,3,3,3,0,0
156311.901412,2026-07-15T05:50:51.705,3,3,3,0,0
156311.903956,2026-07-15T05:50:51.708,3,3,3,0,0
156311.907080,2026-07-15T05:50:51.711,3,3,3,0,0
156311.909805,2026-07-15T05:50:51.714,3,3,3,0,0
156311.912239,2026-07-15T05:50:51.716,3,3,3,0,0
156311.914436,2026-07-15T05:50:51.718,3,3,3,0,0
156311.916836,2026-07-15T05:50:51.720,3,3,3,0,0
156311.919128,2026-07-15T05:50:51.723,3,3,3,0,0
156311.922399,2026-07-15T05:50:51.726,3,3,3,0,0
156311.925082,2026-07-15T05:50:51.728,3,3,3,0,0
156311.927943,2026-07-15T05:50:51.731,3,3,3,0,0
156311.930271,2026-07-15T05:50:51.734,3,3,3,0,0
156311.932534,2026-07-15T05:50:51.736,3,3,3,0,0
156311.935426,2026-07-15T05:50:51.739,3,3,3,0,0
156311.938396,2026-07-15T05:50:51.742,3,3,3,0,0
156311.941093,2026-07-15T05:50:51.744,3,3,3,0,0
156311.943938,2026-07-15T05:50:51.747,3,3,3,0,0
156311.946184,2026-07-15T05:50:51.749,3,3,3,0,0
156311.949377,2026-07-15T05:50:51.752,3,3,3,0,0
156311.952088,2026-07-15T05:50:51.755,3,3,3,0,0
156311.954526,2026-07-15T05:50:51.758,3,3,3,0,0
156311.957375,2026-07-15T05:50:51.761,3,3,3,0,0
156311.960265,2026-07-15T05:50:51.763,3,3,3,0,0
156311.962950,2026-07-15T05:50:51.766,3,3,3,0,0
156311.965549,2026-07-15T05:50:51.769,3,3,3,0,0
156311.969101,2026-07-15T05:50:51.772,3,3,3,0,0
156311.971896,2026-07-15T05:50:51.776,3,3,3,0,0
156311.974415,2026-07-15T05:50:51.778,3,3,3,0,0
156311.976937,2026-07-15T05:50:51.780,3,3,3,0,0
156311.979386,2026-07-15T05:50:51.783,3,3,3,0,0
156311.982096,2026-07-15T05:50:51.785,3,3,3,0,0
156311.984854,2026-07-15T05:50:51.788,3,3,3,0,0
156311.987431,2026-07-15T05:50:51.791,3,3,3,0,0
156311.990109,2026-07-15T05:50:51.794,3,3,3,0,0
156311.992826,2026-07-15T05:50:51.796,3,3,3,0,0
156311.995084,2026-07-15T05:50:51.799,3,3,3,0,0
156311.997787,2026-07-15T05:50:51.801,3,3,3,0,0
156312.000258,2026-07-15T05:50:51.804,3,3,3,0,0
156312.002774,2026-07-15T05:50:51.806,3,3,3,0,0
156312.004987,2026-07-15T05:50:51.809,3,3,3,0,0
156312.007077,2026-07-15T05:50:51.811,3,3,3,0,0
156312.009170,2026-07-15T05:50:51.813,3,3,3,0,0
156312.011778,2026-07-15T05:50:51.816,3,3,3,0,0
156312.014355,2026-07-15T05:50:51.818,3,3,3,0,0
156312.017175,2026-07-15T05:50:51.821,3,3,3,0,0
156312.020368,2026-07-15T05:50:51.824,3,3,3,0,0
156312.022785,2026-07-15T05:50:51.827,3,3,3,0,0
156312.025307,2026-07-15T05:50:51.829,3,3,3,0,0
156312.027505,2026-07-15T05:50:51.831,3,3,3,0,0
156312.030625,2026-07-15T05:50:51.834,3,3,3,0,0
156312.033472,2026-07-15T05:50:51.837,3,3,3,0,0
156312.036252,2026-07-15T05:50:51.840,3,3,3,0,0
156312.039040,2026-07-15T05:50:51.843,3,3,3,0,0
156312.041960,2026-07-15T05:50:51.845,3,3,3,0,0
156312.044747,2026-07-15T05:50:51.848,3,3,3,0,0
156312.047441,2026-07-15T05:50:51.851,3,3,3,0,0
156312.050665,2026-07-15T05:50:51.855,3,3,3,0,0
156312.054401,2026-07-15T05:50:51.858,3,3,3,0,0
156312.057498,2026-07-15T05:50:51.861,3,3,3,0,0
156312.059714,2026-07-15T05:50:51.863,3,3,3,0,0
156312.061884,2026-07-15T05:50:51.865,3,3,3,0,0
156312.064069,2026-07-15T05:50:51.868,3,3,3,0,0
156312.066530,2026-07-15T05:50:51.870,3,3,3,0,0
156312.069680,2026-07-15T05:50:51.874,3,3,3,0,0
156312.071785,2026-07-15T05:50:51.875,3,3,3,0,0
156312.074148,2026-07-15T05:50:51.877,3,3,3,0,0
156312.076895,2026-07-15T05:50:51.881,3,3,3,0,0
156312.079415,2026-07-15T05:50:51.883,3,3,3,0,0
156312.081816,2026-07-15T05:50:51.885,3,3,3,0,0
156312.084324,2026-07-15T05:50:51.888,3,3,3,0,0
156312.086821,2026-07-15T05:50:51.891,3,3,3,0,0
156312.088823,2026-07-15T05:50:51.893,3,3,3,0,0
156312.091248,2026-07-15T05:50:51.894,3,3,3,0,0
156312.093813,2026-07-15T05:50:51.897,3,3,3,0,0
156312.096394,2026-07-15T05:50:51.899,3,3,3,0,0
156312.098934,2026-07-15T05:50:51.903,3,3,3,0,0
156312.102961,2026-07-15T05:50:51.907,3,3,3,0,0
156312.105659,2026-07-15T05:50:51.910,3,3,3,0,0
156312.109701,2026-07-15T05:50:51.914,3,3,3,0,0
156312.113389,2026-07-15T05:50:51.917,3,3,3,0,0
156312.115850,2026-07-15T05:50:51.920,3,3,3,0,0
156312.118644,2026-07-15T05:50:51.922,3,3,3,0,0
156312.121335,2026-07-15T05:50:51.925,3,3,3,0,0
156312.123981,2026-07-15T05:50:51.928,3,3,3,0,0
156312.126546,2026-07-15T05:50:51.930,3,3,3,0,0
156312.128724,2026-07-15T05:50:51.932,3,3,3,0,0
156312.131318,2026-07-15T05:50:51.935,3,3,3,0,0
156312.134104,2026-07-15T05:50:51.937,3,3,3,0,0
156312.136753,2026-07-15T05:50:51.940,3,3,3,0,0
156312.138812,2026-07-15T05:50:51.943,3,3,3,0,0
156312.141133,2026-07-15T05:50:51.945,3,3,3,0,0
156312.143683,2026-07-15T05:50:51.948,3,3,3,0,0
156312.146478,2026-07-15T05:50:51.950,3,3,3,0,0
156312.149227,2026-07-15T05:50:51.952,3,3,3,0,0
156312.151532,2026-07-15T05:50:51.955,3,3,3,0,0
156312.154299,2026-07-15T05:50:51.958,3,3,3,0,0
156312.156888,2026-07-15T05:50:51.961,3,3,3,0,0
156312.159931,2026-07-15T05:50:51.963,3,3,3,0,0
156312.162461,2026-07-15T05:50:51.967,3,3,3,0,0
156312.164616,2026-07-15T05:50:51.969,3,3,3,0,0
156312.166784,2026-07-15T05:50:51.971,3,3,3,0,0
156312.170179,2026-07-15T05:50:51.974,3,3,3,0,0
156312.172883,2026-07-15T05:50:51.977,3,3,3,0,0
156312.175240,2026-07-15T05:50:51.979,3,3,3,0,0
156312.177795,2026-07-15T05:50:51.982,3,3,3,0,0
156312.180314,2026-07-15T05:50:51.984,3,3,3,0,0
156312.182841,2026-07-15T05:50:51.986,3,3,3,0,0
156312.185383,2026-07-15T05:50:51.989,3,3,3,0,0
156312.188298,2026-07-15T05:50:51.992,3,3,3,0,0
156312.191333,2026-07-15T05:50:51.995,3,3,3,0,0
156312.194231,2026-07-15T05:50:51.998,3,3,3,0,0
156312.197263,2026-07-15T05:50:52.001,3,3,3,0,0
156312.199866,2026-07-15T05:50:52.003,3,3,3,0,0
156312.202424,2026-07-15T05:50:52.006,3,3,3,0,0
156312.204537,2026-07-15T05:50:52.008,3,3,3,0,0
156312.207393,2026-07-15T05:50:52.011,3,3,3,0,0
156312.209858,2026-07-15T05:50:52.013,3,3,3,0,0
156312.212478,2026-07-15T05:50:52.015,3,3,3,0,0
156312.214724,2026-07-15T05:50:52.018,3,3,3,0,0
156312.217457,2026-07-15T05:50:52.021,3,3,3,0,0
156312.219874,2026-07-15T05:50:52.024,3,3,3,0,0
156312.222287,2026-07-15T05:50:52.026,3,3,3,0,0
156312.225070,2026-07-15T05:50:52.028,3,3,3,0,0
156312.227822,2026-07-15T05:50:52.031,3,3,3,0,0
156312.230418,2026-07-15T05:50:52.034,3,3,3,0,0
156312.232830,2026-07-15T05:50:52.037,3,3,3,0,0
156312.235500,2026-07-15T05:50:52.039,3,3,3,0,0
156312.238031,2026-07-15T05:50:52.041,3,3,3,0,0
156312.240328,2026-07-15T05:50:52.043,3,3,3,0,0
156312.243024,2026-07-15T05:50:52.047,3,3,3,0,0
156312.246020,2026-07-15T05:50:52.050,3,3,3,0,0
156312.248622,2026-07-15T05:50:52.052,3,3,3,0,0
156312.251411,2026-07-15T05:50:52.055,3,3,3,0,0
156312.254211,2026-07-15T05:50:52.058,3,3,3,0,0
156312.256503,2026-07-15T05:50:52.060,3,3,3,0,0
156312.258975,2026-07-15T05:50:52.062,3,3,3,0,0
156312.261007,2026-07-15T05:50:52.065,3,3,3,0,0
156312.263177,2026-07-15T05:50:52.067,3,3,3,0,0
156312.265823,2026-07-15T05:50:52.070,3,3,3,0,0
156312.268693,2026-07-15T05:50:52.072,3,3,3,0,0
156312.271472,2026-07-15T05:50:52.075,3,3,3,0,0
156312.273941,2026-07-15T05:50:52.077,3,3,3,0,0
156312.276309,2026-07-15T05:50:52.080,3,3,3,0,0
156312.279284,2026-07-15T05:50:52.083,3,3,3,0,0
156312.281744,2026-07-15T05:50:52.085,3,3,3,0,0
156312.284530,2026-07-15T05:50:52.088,3,3,3,0,0
156312.287310,2026-07-15T05:50:52.091,3,3,3,0,0
156312.290021,2026-07-15T05:50:52.094,3,3,3,0,0
156312.293161,2026-07-15T05:50:52.096,3,3,3,0,0
156312.296166,2026-07-15T05:50:52.100,3,3,3,0,0
156312.298992,2026-07-15T05:50:52.102,3,3,3,0,0
156312.301639,2026-07-15T05:50:52.105,3,3,3,0,0
156312.304151,2026-07-15T05:50:52.108,3,3,3,0,0
156312.306898,2026-07-15T05:50:52.110,3,3,3,0,0
156312.309395,2026-07-15T05:50:52.113,3,3,3,0,0
156312.312003,2026-07-15T05:50:52.115,3,3,3,0,0
156312.314888,2026-07-15T05:50:52.118,3,3,3,0,0
156312.317419,2026-07-15T05:50:52.121,3,3,3,0,0
156312.319626,2026-07-15T05:50:52.123,3,3,3,0,0
156312.321884,2026-07-15T05:50:52.126,3,3,3,0,0
156312.324013,2026-07-15T05:50:52.128,3,3,3,0,0
156312.326813,2026-07-15T05:50:52.131,3,3,3,0,0
156312.329757,2026-07-15T05:50:52.134,3,3,3,0,0
156312.332351,2026-07-15T05:50:52.136,3,3,3,0,0
156312.334923,2026-07-15T05:50:52.138,3,3,3,0,0
156312.337536,2026-07-15T05:50:52.141,3,3,3,0,0
156312.339881,2026-07-15T05:50:52.144,3,3,3,0,0
156312.342474,2026-07-15T05:50:52.146,3,3,3,0,0
156312.345208,2026-07-15T05:50:52.149,3,3,3,0,0
156312.348338,2026-07-15T05:50:52.152,3,3,3,0,0
156312.350877,2026-07-15T05:50:52.154,3,3,3,0,0
156312.353191,2026-07-15T05:50:52.157,3,3,3,0,0
156312.355837,2026-07-15T05:50:52.159,3,3,3,0,0
156312.358392,2026-07-15T05:50:52.161,3,3,3,0,0
156312.360967,2026-07-15T05:50:52.165,3,3,3,0,0
156312.363214,2026-07-15T05:50:52.167,3,3,3,0,0
156312.366837,2026-07-15T05:50:52.170,3,3,3,0,0
156312.370061,2026-07-15T05:50:52.172,3,3,3,0,0
156312.372842,2026-07-15T05:50:52.177,3,3,3,0,0
156312.375755,2026-07-15T05:50:52.179,3,3,3,0,0
156312.378166,2026-07-15T05:50:52.181,3,3,3,0,0
156312.380588,2026-07-15T05:50:52.184,3,3,3,0,0
156312.382915,2026-07-15T05:50:52.187,3,3,3,0,14
156312.384970,2026-07-15T05:50:52.188,54,0,3,0,14
156312.386990,2026-07-15T05:50:52.190,54,0,3,0,14
156312.389084,2026-07-15T05:50:52.193,54,0,3,0,14
156312.391166,2026-07-15T05:50:52.195,54,0,3,0,14
156312.393184,2026-07-15T05:50:52.196,54,0,3,0,14
156312.395741,2026-07-15T05:50:52.199,54,0,3,0,14
156312.398721,2026-07-15T05:50:52.203,54,0,3,0,14
156312.402096,2026-07-15T05:50:52.206,54,0,3,0,14
156312.404862,2026-07-15T05:50:52.209,54,0,3,0,14
156312.407302,2026-07-15T05:50:52.211,54,0,3,0,14
156312.410054,2026-07-15T05:50:52.214,54,0,3,0,14
156312.412361,2026-07-15T05:50:52.215,54,0,3,0,14
156312.414812,2026-07-15T05:50:52.218,54,0,3,0,14
156312.416872,2026-07-15T05:50:52.220,54,0,3,0,14
156312.418923,2026-07-15T05:50:52.223,54,0,3,0,14
156312.421047,2026-07-15T05:50:52.225,54,0,3,0,14
156312.423304,2026-07-15T05:50:52.226,54,0,3,0,14
156312.425552,2026-07-15T05:50:52.229,54,0,3,0,14
156312.428289,2026-07-15T05:50:52.232,54,0,3,0,14
156312.430901,2026-07-15T05:50:52.235,54,0,3,0,14
156312.433583,2026-07-15T05:50:52.237,54,0,3,0,14
156312.436061,2026-07-15T05:50:52.239,54,0,3,0,14
156312.438523,2026-07-15T05:50:52.242,54,0,3,0,14
156312.440967,2026-07-15T05:50:52.244,54,0,3,0,14
156312.444029,2026-07-15T05:50:52.247,54,0,3,0,14
156312.446158,2026-07-15T05:50:52.250,54,0,3,0,14
156312.448972,2026-07-15T05:50:52.253,54,0,3,0,14
156312.451741,2026-07-15T05:50:52.256,54,0,3,0,14
156312.454267,2026-07-15T05:50:52.258,54,0,3,0,14
156312.456823,2026-07-15T05:50:52.261,54,0,3,0,14
156312.459832,2026-07-15T05:50:52.264,54,0,3,0,14
156312.461976,2026-07-15T05:50:52.266,54,0,3,0,14
156312.464062,2026-07-15T05:50:52.268,54,0,3,0,14
156312.467750,2026-07-15T05:50:52.271,54,0,3,0,14
156312.470575,2026-07-15T05:50:52.274,54,0,3,0,14
156312.473123,2026-07-15T05:50:52.276,54,0,3,0,14
156312.475602,2026-07-15T05:50:52.280,54,0,3,0,14
156312.477880,2026-07-15T05:50:52.282,54,0,3,0,14
156312.480230,2026-07-15T05:50:52.284,54,0,3,0,14
156312.482782,2026-07-15T05:50:52.287,54,0,3,0,14
156312.485368,2026-07-15T05:50:52.289,54,0,3,0,14
156312.488432,2026-07-15T05:50:52.292,54,0,3,0,14
156312.490731,2026-07-15T05:50:52.295,54,0,3,0,14
156312.494053,2026-07-15T05:50:52.297,54,0,3,0,14
156312.496664,2026-07-15T05:50:52.299,54,0,3,0,14
156312.498780,2026-07-15T05:50:52.302,54,0,3,0,14
156312.501445,2026-07-15T05:50:52.305,54,0,3,0,14
156312.504396,2026-07-15T05:50:52.308,54,0,3,0,14
156312.507181,2026-07-15T05:50:52.311,54,0,3,0,14
156312.509749,2026-07-15T05:50:52.313,54,0,3,0,14
156312.511894,2026-07-15T05:50:52.316,54,0,3,0,14
156312.514334,2026-07-15T05:50:52.318,54,0,3,0,14
156312.516980,2026-07-15T05:50:52.321,54,0,3,0,14
156312.519822,2026-07-15T05:50:52.324,54,0,3,0,14
156312.522542,2026-07-15T05:50:52.326,54,0,3,0,14
156312.525168,2026-07-15T05:50:52.329,54,0,3,0,14
156312.528115,2026-07-15T05:50:52.332,54,0,3,0,14
156312.530953,2026-07-15T05:50:52.334,54,0,3,0,14
156312.533393,2026-07-15T05:50:52.337,54,0,3,0,14
156312.535989,2026-07-15T05:50:52.340,54,0,3,0,14
156312.538697,2026-07-15T05:50:52.343,54,0,3,0,14
156312.541530,2026-07-15T05:50:52.346,54,0,3,0,14
156312.544116,2026-07-15T05:50:52.347,54,0,3,0,14
156312.546886,2026-07-15T05:50:52.350,54,0,3,0,14
156312.549806,2026-07-15T05:50:52.354,54,0,3,0,14
156312.552528,2026-07-15T05:50:52.356,54,0,3,0,14
156312.555371,2026-07-15T05:50:52.359,54,0,3,0,14
156312.557880,2026-07-15T05:50:52.361,54,0,3,0,14
156312.560519,2026-07-15T05:50:52.364,54,0,3,0,14
156312.563414,2026-07-15T05:50:52.367,54,0,3,0,14
156312.566278,2026-07-15T05:50:52.370,54,0,3,0,14
156312.569166,2026-07-15T05:50:52.373,54,0,3,0,14
156312.572750,2026-07-15T05:50:52.376,54,0,3,0,14
156312.575460,2026-07-15T05:50:52.379,54,0,3,0,14
156312.577914,2026-07-15T05:50:52.382,54,0,3,0,14
156312.580982,2026-07-15T05:50:52.384,54,0,3,0,14
156312.583504,2026-07-15T05:50:52.386,54,0,3,0,14
156312.585841,2026-07-15T05:50:52.390,54,0,3,0,14
156312.588326,2026-07-15T05:50:52.392,54,0,3,0,14
156312.590917,2026-07-15T05:50:52.394,54,0,3,0,14
156312.593197,2026-07-15T05:50:52.396,54,0,3,0,14
156312.595751,2026-07-15T05:50:52.399,54,0,3,0,14
156312.598391,2026-07-15T05:50:52.402,54,0,3,0,14
156312.600771,2026-07-15T05:50:52.404,54,0,3,0,14
156312.603409,2026-07-15T05:50:52.407,54,0,3,0,14
156312.606100,2026-07-15T05:50:52.409,54,0,3,0,14
156312.608641,2026-07-15T05:50:52.412,54,0,3,0,14
156312.611214,2026-07-15T05:50:52.415,54,0,3,0,14
156312.613859,2026-07-15T05:50:52.418,54,0,3,0,14
156312.616966,2026-07-15T05:50:52.421,54,0,3,0,14
156312.619742,2026-07-15T05:50:52.423,189,0,3,0,9
156312.622402,2026-07-15T05:50:52.426,189,0,3,0,9
156312.624900,2026-07-15T05:50:52.429,189,0,3,0,9
156312.627505,2026-07-15T05:50:52.431,189,0,3,0,9
156312.630703,2026-07-15T05:50:52.435,189,0,3,0,9
156312.632970,2026-07-15T05:50:52.436,189,0,3,0,9
156312.635237,2026-07-15T05:50:52.438,189,0,3,0,9
156312.637490,2026-07-15T05:50:52.441,189,0,3,0,9
156312.639977,2026-07-15T05:50:52.444,189,0,3,0,9
156312.642134,2026-07-15T05:50:52.445,189,0,3,0,9
156312.644345,2026-07-15T05:50:52.447,189,0,3,0,9
156312.646580,2026-07-15T05:50:52.450,189,0,3,0,9
156312.648646,2026-07-15T05:50:52.452,189,0,3,0,9
156312.651050,2026-07-15T05:50:52.454,189,0,3,0,9
156312.653253,2026-07-15T05:50:52.457,189,0,3,0,9
156312.655813,2026-07-15T05:50:52.460,189,0,3,0,9
156312.659366,2026-07-15T05:50:52.463,189,0,3,0,9
156312.661490,2026-07-15T05:50:52.465,189,0,3,0,9
156312.663522,2026-07-15T05:50:52.467,189,0,3,0,9
156312.666075,2026-07-15T05:50:52.470,189,0,3,0,9
156312.668999,2026-07-15T05:50:52.473,189,0,3,0,9
156312.671813,2026-07-15T05:50:52.476,189,0,3,0,9
156312.674597,2026-07-15T05:50:52.478,189,0,3,0,9
156312.677331,2026-07-15T05:50:52.481,189,0,3,0,9
156312.679936,2026-07-15T05:50:52.484,189,0,3,0,9
156312.682605,2026-07-15T05:50:52.486,189,0,3,0,9
156312.684814,2026-07-15T05:50:52.488,189,0,3,0,9
156312.687538,2026-07-15T05:50:52.491,189,0,3,0,9
156312.689871,2026-07-15T05:50:52.494,189,0,3,0,9
156312.692703,2026-07-15T05:50:52.497,189,0,3,0,9
156312.695266,2026-07-15T05:50:52.499,189,0,3,0,9
156312.697680,2026-07-15T05:50:52.501,189,0,3,0,9
156312.700407,2026-07-15T05:50:52.504,189,0,3,0,9
156312.703146,2026-07-15T05:50:52.507,189,0,3,0,9
156312.705789,2026-07-15T05:50:52.509,189,0,3,0,9
156312.708001,2026-07-15T05:50:52.512,189,0,3,0,9
156312.710895,2026-07-15T05:50:52.515,189,0,3,0,9
156312.713423,2026-07-15T05:50:52.517,189,0,3,0,9
156312.715994,2026-07-15T05:50:52.520,189,0,3,0,9
156312.718459,2026-07-15T05:50:52.522,189,0,3,0,9
156312.720986,2026-07-15T05:50:52.525,189,0,3,0,9
156312.723636,2026-07-15T05:50:52.528,189,0,3,0,9
156312.726075,2026-07-15T05:50:52.530,189,0,3,0,9
156312.728447,2026-07-15T05:50:52.532,189,0,3,0,9
156312.731319,2026-07-15T05:50:52.535,189,0,3,0,9
156312.733863,2026-07-15T05:50:52.538,189,0,3,0,9
156312.736231,2026-07-15T05:50:52.540,189,0,3,0,9
156312.738881,2026-07-15T05:50:52.542,189,0,3,0,9
156312.741444,2026-07-15T05:50:52.544,189,0,3,0,9
156312.743807,2026-07-15T05:50:52.548,189,0,3,0,9
156312.746380,2026-07-15T05:50:52.550,189,0,3,0,9
156312.748965,2026-07-15T05:50:52.553,189,0,3,0,9
156312.751430,2026-07-15T05:50:52.555,189,0,3,0,9
156312.754088,2026-07-15T05:50:52.558,189,0,3,0,9
156312.756324,2026-07-15T05:50:52.560,189,0,3,0,9
156312.759103,2026-07-15T05:50:52.563,189,0,3,0,9
156312.762624,2026-07-15T05:50:52.566,189,0,3,0,9
156312.765290,2026-07-15T05:50:52.568,189,0,3,0,9
156312.767849,2026-07-15T05:50:52.572,189,0,3,0,9
156312.770924,2026-07-15T05:50:52.574,189,0,3,0,9
156312.773544,2026-07-15T05:50:52.577,189,0,3,0,9
156312.776345,2026-07-15T05:50:52.579,189,0,3,0,9
156312.778945,2026-07-15T05:50:52.583,189,0,3,0,9
156312.781720,2026-07-15T05:50:52.586,189,0,3,0,9
156312.784117,2026-07-15T05:50:52.588,189,0,3,0,9
156312.786691,2026-07-15T05:50:52.591,189,0,3,0,9
156312.789953,2026-07-15T05:50:52.594,189,0,3,0,9
156312.792734,2026-07-15T05:50:52.597,189,0,3,0,9
156312.795125,2026-07-15T05:50:52.599,189,0,3,0,9
156312.797649,2026-07-15T05:50:52.601,189,0,3,0,9
156312.800252,2026-07-15T05:50:52.604,189,0,3,0,9
156312.802278,2026-07-15T05:50:52.606,189,0,3,0,9
156312.804949,2026-07-15T05:50:52.608,189,0,3,0,9
156312.806964,2026-07-15T05:50:52.610,189,0,3,0,9
156312.809670,2026-07-15T05:50:52.613,189,0,3,0,9
156312.812875,2026-07-15T05:50:52.617,189,0,3,0,9
156312.815498,2026-07-15T05:50:52.619,189,0,3,0,9
156312.818227,2026-07-15T05:50:52.622,189,0,3,0,9
156312.821036,2026-07-15T05:50:52.625,189,0,3,0,9
156312.823279,2026-07-15T05:50:52.627,189,0,3,0,9
156312.825632,2026-07-15T05:50:52.629,189,0,3,0,9
156312.828242,2026-07-15T05:50:52.632,189,0,3,0,9
156312.830860,2026-07-15T05:50:52.634,189,0,3,0,9
156312.832935,2026-07-15T05:50:52.636,189,0,3,0,9
156312.835728,2026-07-15T05:50:52.639,189,0,3,0,9
156312.838327,2026-07-15T05:50:52.642,189,0,3,0,9
156312.840672,2026-07-15T05:50:52.644,189,0,3,0,9
156312.842814,2026-07-15T05:50:52.646,189,0,3,0,9
156312.845004,2026-07-15T05:50:52.649,189,0,3,0,9
156312.847870,2026-07-15T05:50:52.651,189,0,3,0,9
156312.850490,2026-07-15T05:50:52.654,189,0,3,0,9
156312.852839,2026-07-15T05:50:52.657,189,0,3,0,9
156312.855442,2026-07-15T05:50:52.659,189,0,3,0,9
156312.858010,2026-07-15T05:50:52.662,189,0,3,0,9
156312.860814,2026-07-15T05:50:52.664,189,0,3,0,9
156312.862979,2026-07-15T05:50:52.666,189,0,3,0,0
156312.865691,2026-07-15T05:50:52.669,249,3,3,0,0
156312.868137,2026-07-15T05:50:52.671,249,3,3,0,0
156312.872092,2026-07-15T05:50:52.675,249,3,3,0,0
156312.874727,2026-07-15T05:50:52.678,249,3,3,0,0
156312.877172,2026-07-15T05:50:52.681,249,3,3,0,0
156312.879823,2026-07-15T05:50:52.683,249,3,3,0,0
156312.882323,2026-07-15T05:50:52.686,249,3,3,0,0
156312.885194,2026-07-15T05:50:52.689,249,3,3,0,0
156312.887888,2026-07-15T05:50:52.691,249,3,3,0,0
156312.890625,2026-07-15T05:50:52.695,249,3,3,0,0
156312.893223,2026-07-15T05:50:52.697,249,3,3,0,0
156312.895876,2026-07-15T05:50:52.700,249,3,3,0,0
156312.898351,2026-07-15T05:50:52.702,249,3,3,0,0
156312.900997,2026-07-15T05:50:52.705,249,3,3,0,0
156312.903852,2026-07-15T05:50:52.708,249,3,3,0,0
156312.906860,2026-07-15T05:50:52.711,249,3,3,0,0
156312.909503,2026-07-15T05:50:52.713,249,3,3,0,0
156312.912350,2026-07-15T05:50:52.716,249,3,3,0,0
156312.918536,2026-07-15T05:50:52.723,249,3,3,0,0
156312.921248,2026-07-15T05:50:52.724,249,3,3,0,0
156312.924008,2026-07-15T05:50:52.727,249,3,3,0,0
156312.926861,2026-07-15T05:50:52.731,249,3,3,0,0
156312.929715,2026-07-15T05:50:52.734,249,3,3,0,0
156312.932498,2026-07-15T05:50:52.736,249,3,3,0,0
156312.935289,2026-07-15T05:50:52.739,249,3,3,0,0
156312.938036,2026-07-15T05:50:52.742,249,3,3,0,0
156312.941023,2026-07-15T05:50:52.745,249,3,3,0,0
156312.943792,2026-07-15T05:50:52.748,249,3,3,0,0
156312.946064,2026-07-15T05:50:52.750,249,3,3,0,0
156312.948952,2026-07-15T05:50:52.753,249,3,3,0,0
156312.951706,2026-07-15T05:50:52.755,249,3,3,0,0
156312.953932,2026-07-15T05:50:52.757,249,3,3,0,0
156312.956231,2026-07-15T05:50:52.760,249,3,3,0,0
156312.958902,2026-07-15T05:50:52.763,249,3,3,0,0
156312.961211,2026-07-15T05:50:52.765,249,3,3,0,0
156312.963644,2026-07-15T05:50:52.767,249,3,3,0,0
156312.966116,2026-07-15T05:50:52.769,249,3,3,0,0
156312.969998,2026-07-15T05:50:52.773,249,3,3,0,0
156312.972854,2026-07-15T05:50:52.776,249,3,3,0,0
156312.975271,2026-07-15T05:50:52.779,249,3,3,0,0
156312.977731,2026-07-15T05:50:52.781,249,3,3,0,0
156312.980322,2026-07-15T05:50:52.784,249,3,3,0,0
156312.983039,2026-07-15T05:50:52.787,249,3,3,0,0
156312.985749,2026-07-15T05:50:52.789,249,3,3,0,0
156312.988299,2026-07-15T05:50:52.792,249,3,3,0,0
156312.990823,2026-07-15T05:50:52.794,249,3,3,0,0
156312.993470,2026-07-15T05:50:52.797,249,3,3,0,0
156312.996002,2026-07-15T05:50:52.799,249,3,3,0,0
156312.998554,2026-07-15T05:50:52.802,249,3,3,0,0
156313.001472,2026-07-15T05:50:52.805,249,3,3,0,0
156313.003919,2026-07-15T05:50:52.807,249,3,3,0,0
156313.006702,2026-07-15T05:50:52.810,249,3,3,0,0
156313.009410,2026-07-15T05:50:52.813,249,3,3,0,0
156313.012038,2026-07-15T05:50:52.815,249,3,3,0,0
156313.014220,2026-07-15T05:50:52.818,249,3,3,0,0
156313.016757,2026-07-15T05:50:52.820,249,3,3,0,0
156313.019653,2026-07-15T05:50:52.823,249,3,3,0,0
156313.022355,2026-07-15T05:50:52.826,249,3,3,0,0
156313.025133,2026-07-15T05:50:52.829,249,3,3,0,0
156313.027981,2026-07-15T05:50:52.832,249,3,3,0,0
156313.030621,2026-07-15T05:50:52.834,249,3,3,0,0
156313.033300,2026-07-15T05:50:52.837,249,3,3,0,0
156313.036092,2026-07-15T05:50:52.840,249,3,3,0,0
156313.038289,2026-07-15T05:50:52.842,249,3,3,0,0
156313.040831,2026-07-15T05:50:52.844,249,3,3,0,0
156313.043740,2026-07-15T05:50:52.847,249,3,3,0,0
156313.046362,2026-07-15T05:50:52.850,249,3,3,0,0
156313.049157,2026-07-15T05:50:52.853,249,3,3,0,0
156313.052144,2026-07-15T05:50:52.856,249,3,3,0,0
156313.054859,2026-07-15T05:50:52.858,249,3,3,0,0
156313.057389,2026-07-15T05:50:52.861,249,3,3,0,0
156313.060059,2026-07-15T05:50:52.864,249,3,3,0,0
156313.062527,2026-07-15T05:50:52.866,249,3,3,0,0
156313.067394,2026-07-15T05:50:52.871,249,3,3,0,0
156313.069904,2026-07-15T05:50:52.873,249,3,3,0,0
156313.072026,2026-07-15T05:50:52.875,249,3,3,0,0
156313.074169,2026-07-15T05:50:52.878,249,3,3,0,0
156313.076844,2026-07-15T05:50:52.881,249,3,3,0,0
156313.079754,2026-07-15T05:50:52.884,249,3,3,0,0
156313.082315,2026-07-15T05:50:52.886,249,3,3,0,0
156313.084620,2026-07-15T05:50:52.889,249,3,3,0,0
156313.086962,2026-07-15T05:50:52.891,249,3,3,0,0
156313.089794,2026-07-15T05:50:52.894,249,3,3,0,0
156313.092414,2026-07-15T05:50:52.896,249,3,3,0,0
156313.094660,2026-07-15T05:50:52.898,249,3,3,0,0
156313.097052,2026-07-15T05:50:52.900,249,3,3,0,0
156313.099228,2026-07-15T05:50:52.903,249,3,3,0,0
156313.101698,2026-07-15T05:50:52.905,249,3,3,0,0
156313.104095,2026-07-15T05:50:52.907,249,3,3,0,0
156313.106368,2026-07-15T05:50:52.910,249,3,3,0,0
156313.108624,2026-07-15T05:50:52.912,249,3,3,0,0
156313.110977,2026-07-15T05:50:52.915,249,3,3,0,0
156313.113175,2026-07-15T05:50:52.917,249,3,3,0,0
156313.115596,2026-07-15T05:50:52.919,249,3,3,0,0
156313.117738,2026-07-15T05:50:52.921,249,3,3,0,0
156313.120054,2026-07-15T05:50:52.923,249,3,3,0,0
156313.122437,2026-07-15T05:50:52.926,249,3,3,0,0
156313.124974,2026-07-15T05:50:52.928,249,3,3,0,0
156313.127835,2026-07-15T05:50:52.931,249,3,3,0,0
156313.130294,2026-07-15T05:50:52.934,249,3,3,0,0
156313.132833,2026-07-15T05:50:52.937,249,3,3,0,0
156313.135263,2026-07-15T05:50:52.939,249,3,3,0,0
156313.137789,2026-07-15T05:50:52.942,249,3,3,0,0
156313.139935,2026-07-15T05:50:52.944,249,3,3,0,0
156313.142195,2026-07-15T05:50:52.946,249,3,3,0,0
156313.144908,2026-07-15T05:50:52.949,249,3,3,0,0
156313.147086,2026-07-15T05:50:52.950,249,3,3,0,0
156313.149231,2026-07-15T05:50:52.953,249,3,3,0,0
156313.151892,2026-07-15T05:50:52.955,249,3,3,0,0
156313.154299,2026-07-15T05:50:52.957,249,3,3,0,0
156313.157141,2026-07-15T05:50:52.960,249,3,3,0,0
156313.159181,2026-07-15T05:50:52.962,249,3,3,0,0
156313.161549,2026-07-15T05:50:52.966,249,3,3,0,0
156313.164150,2026-07-15T05:50:52.968,249,3,3,0,0
156313.166430,2026-07-15T05:50:52.970,249,3,3,0,0
156313.169055,2026-07-15T05:50:52.973,249,3,3,0,0
156313.173097,2026-07-15T05:50:52.977,249,3,3,0,0
156313.175792,2026-07-15T05:50:52.979,249,3,3,0,0
156313.178452,2026-07-15T05:50:52.982,249,3,3,0,0
156313.180827,2026-07-15T05:50:52.985,249,3,3,0,0
156313.183116,2026-07-15T05:50:52.987,249,3,3,0,0
156313.185702,2026-07-15T05:50:52.989,249,3,3,0,0
156313.188236,2026-07-15T05:50:52.992,249,3,3,0,0
156313.190954,2026-07-15T05:50:52.995,249,3,3,0,0
156313.193052,2026-07-15T05:50:52.997,249,3,3,0,0
156313.195645,2026-07-15T05:50:52.999,249,3,3,0,0
156313.197927,2026-07-15T05:50:53.002,249,3,3,0,0
156313.200114,2026-07-15T05:50:53.003,249,3,3,0,0
156313.202240,2026-07-15T05:50:53.006,249,3,3,0,0
156313.204320,2026-07-15T05:50:53.007,249,3,3,0,0
156313.206796,2026-07-15T05:50:53.010,249,3,3,0,0
156313.209129,2026-07-15T05:50:53.013,249,3,3,0,0
156313.211659,2026-07-15T05:50:53.016,249,3,3,0,0
156313.214015,2026-07-15T05:50:53.017,249,3,3,0,0
156313.216275,2026-07-15T05:50:53.020,249,3,3,0,0
156313.219278,2026-07-15T05:50:53.023,249,3,3,0,0
156313.221535,2026-07-15T05:50:53.025,249,3,3,0,0
156313.223759,2026-07-15T05:50:53.027,249,3,3,0,0
156313.226409,2026-07-15T05:50:53.030,249,3,3,0,0
156313.228698,2026-07-15T05:50:53.032,249,3,3,0,0
156313.231073,2026-07-15T05:50:53.034,249,3,3,0,0
156313.233971,2026-07-15T05:50:53.038,249,3,3,0,0
156313.236518,2026-07-15T05:50:53.040,249,3,3,0,0
156313.238608,2026-07-15T05:50:53.042,249,3,3,0,0
156313.241193,2026-07-15T05:50:53.045,249,3,3,0,0
156313.243849,2026-07-15T05:50:53.048,249,3,3,0,0
156313.246095,2026-07-15T05:50:53.050,249,3,3,0,0
156313.248197,2026-07-15T05:50:53.052,249,3,3,0,0
156313.250788,2026-07-15T05:50:53.054,249,3,3,0,0
156313.253662,2026-07-15T05:50:53.056,249,3,3,0,0
156313.255779,2026-07-15T05:50:53.059,249,3,3,0,0
156313.258413,2026-07-15T05:50:53.062,249,3,3,0,0
156313.260929,2026-07-15T05:50:53.065,249,3,3,0,0
156313.263061,2026-07-15T05:50:53.067,249,3,3,0,0
156313.265412,2026-07-15T05:50:53.069,249,3,3,0,0
156313.267599,2026-07-15T05:50:53.071,249,3,3,0,0
156313.269806,2026-07-15T05:50:53.073,249,3,3,0,0
156313.273783,2026-07-15T05:50:53.077,249,3,3,0,0
156313.276324,2026-07-15T05:50:53.079,249,3,3,0,0
156313.278816,2026-07-15T05:50:53.082,249,3,3,0,0
156313.281223,2026-07-15T05:50:53.084,249,3,3,0,0
156313.283556,2026-07-15T05:50:53.087,249,3,3,0,0
156313.286143,2026-07-15T05:50:53.090,249,3,3,0,0
156313.288717,2026-07-15T05:50:53.092,249,3,3,0,0
156313.291117,2026-07-15T05:50:53.095,249,3,3,0,0
156313.293355,2026-07-15T05:50:53.097,249,3,3,0,0
156313.295618,2026-07-15T05:50:53.099,249,3,3,0,0
156313.298522,2026-07-15T05:50:53.102,249,3,3,0,0
156313.300806,2026-07-15T05:50:53.105,249,3,3,0,0
156313.303270,2026-07-15T05:50:53.107,249,3,3,0,0
156313.305835,2026-07-15T05:50:53.109,249,3,3,0,0
156313.308153,2026-07-15T05:50:53.112,249,3,3,0,0
156313.310852,2026-07-15T05:50:53.114,249,3,3,0,0
156313.313320,2026-07-15T05:50:53.117,249,3,3,0,0
156313.315888,2026-07-15T05:50:53.119,249,3,3,0,0
156313.318184,2026-07-15T05:50:53.122,249,3,3,0,0
156313.320570,2026-07-15T05:50:53.125,249,3,3,0,0
156313.323242,2026-07-15T05:50:53.127,249,3,3,0,0
156313.325936,2026-07-15T05:50:53.130,249,3,3,0,0
156313.328155,2026-07-15T05:50:53.132,249,3,3,0,0
156313.330875,2026-07-15T05:50:53.135,249,3,3,0,0
156313.332954,2026-07-15T05:50:53.137,249,3,3,0,0
156313.335805,2026-07-15T05:50:53.139,249,3,3,0,0
156313.338133,2026-07-15T05:50:53.142,249,3,3,0,0
156313.340341,2026-07-15T05:50:53.144,249,3,3,0,0
156313.342705,2026-07-15T05:50:53.147,249,3,3,0,0
156313.345112,2026-07-15T05:50:53.149,249,3,3,0,0
156313.347547,2026-07-15T05:50:53.152,249,3,3,0,0
156313.349886,2026-07-15T05:50:53.154,249,3,3,0,0
156313.352823,2026-07-15T05:50:53.156,249,3,3,0,0
156313.354984,2026-07-15T05:50:53.158,249,3,3,0,0
156313.357062,2026-07-15T05:50:53.160,249,3,3,0,0
156313.359301,2026-07-15T05:50:53.162,249,3,3,0,0
156313.361340,2026-07-15T05:50:53.165,249,3,3,0,0
156313.363669,2026-07-15T05:50:53.167,249,3,3,0,0
156313.365883,2026-07-15T05:50:53.169,249,3,3,0,0
156313.368772,2026-07-15T05:50:53.172,249,3,3,0,0
156313.371045,2026-07-15T05:50:53.175,249,3,3,0,0
156313.373729,2026-07-15T05:50:53.178,249,3,3,0,0
156313.375838,2026-07-15T05:50:53.180,249,3,3,0,0
156313.377950,2026-07-15T05:50:53.182,249,3,3,0,0
156313.379977,2026-07-15T05:50:53.184,249,3,3,0,0
156313.382417,2026-07-15T05:50:53.186,249,3,3,0,0
156313.384776,2026-07-15T05:50:53.187,249,3,3,0,0
156313.387246,2026-07-15T05:50:53.190,249,3,3,0,0
156313.389484,2026-07-15T05:50:53.193,249,3,3,0,0
156313.391991,2026-07-15T05:50:53.195,249,3,3,0,0
156313.394220,2026-07-15T05:50:53.197,249,3,3,0,0
156313.396351,2026-07-15T05:50:53.199,249,3,3,0,0
156313.398717,2026-07-15T05:50:53.203,249,3,3,0,0
156313.400893,2026-07-15T05:50:53.205,249,3,3,0,0
156313.403211,2026-07-15T05:50:53.207,249,3,3,0,0
156313.405621,2026-07-15T05:50:53.209,249,3,3,0,0
156313.407661,2026-07-15T05:50:53.211,249,3,3,0,0
156313.410055,2026-07-15T05:50:53.214,249,3,3,0,0
156313.412344,2026-07-15T05:50:53.215,249,3,3,0,0
156313.414761,2026-07-15T05:50:53.217,249,3,3,0,0
156313.417168,2026-07-15T05:50:53.221,249,3,3,0,0
156313.419752,2026-07-15T05:50:53.223,249,3,3,0,0
156313.422148,2026-07-15T05:50:53.226,249,3,3,0,0
156313.424774,2026-07-15T05:50:53.228,249,3,3,0,0
156313.427155,2026-07-15T05:50:53.231,249,3,3,0,0
156313.429774,2026-07-15T05:50:53.233,249,3,3,0,0
156313.432044,2026-07-15T05:50:53.235,249,3,3,0,0
156313.435101,2026-07-15T05:50:53.239,249,3,3,0,0
156313.437484,2026-07-15T05:50:53.241,249,3,3,0,0
156313.440180,2026-07-15T05:50:53.244,249,3,3,0,0
156313.442402,2026-07-15T05:50:53.246,249,3,3,0,0
156313.444693,2026-07-15T05:50:53.248,249,3,3,0,0
156313.446989,2026-07-15T05:50:53.251,249,3,3,0,0
156313.449035,2026-07-15T05:50:53.253,249,3,3,0,0
156313.451373,2026-07-15T05:50:53.254,249,3,3,0,0
156313.453620,2026-07-15T05:50:53.258,249,3,3,0,0
156313.455684,2026-07-15T05:50:53.259,249,3,3,0,0
156313.458321,2026-07-15T05:50:53.262,249,3,3,0,0
156313.460886,2026-07-15T05:50:53.264,249,3,3,0,0
156313.464042,2026-07-15T05:50:53.267,249,3,3,0,0
156313.466435,2026-07-15T05:50:53.270,249,3,3,0,0
156313.469148,2026-07-15T05:50:53.272,249,3,3,0,0
156313.472809,2026-07-15T05:50:53.275,249,3,3,0,0
156313.475650,2026-07-15T05:50:53.279,249,3,3,0,0
156313.478002,2026-07-15T05:50:53.282,249,3,3,0,0
156313.480100,2026-07-15T05:50:53.284,249,3,3,0,0
156313.482648,2026-07-15T05:50:53.286,249,3,3,0,0
156313.485268,2026-07-15T05:50:53.289,249,3,3,0,0
156313.487289,2026-07-15T05:50:53.291,249,3,3,0,0
156313.489804,2026-07-15T05:50:53.294,249,3,3,0,0
156313.492730,2026-07-15T05:50:53.296,249,3,3,0,0
156313.495236,2026-07-15T05:50:53.299,249,3,3,0,0
156313.497386,2026-07-15T05:50:53.300,249,3,3,0,0
156313.500013,2026-07-15T05:50:53.304,249,3,3,0,0
156313.502262,2026-07-15T05:50:53.306,249,3,3,0,0
156313.504740,2026-07-15T05:50:53.308,249,3,3,0,0
156313.507447,2026-07-15T05:50:53.311,249,3,3,0,0
156313.509994,2026-07-15T05:50:53.314,249,3,3,0,0
156313.512149,2026-07-15T05:50:53.316,249,3,3,0,0
156313.514843,2026-07-15T05:50:53.318,249,3,3,0,0
156313.517132,2026-07-15T05:50:53.321,249,3,3,0,0
156313.519816,2026-07-15T05:50:53.324,249,3,3,0,0
156313.522096,2026-07-15T05:50:53.326,249,3,3,0,0
156313.524120,2026-07-15T05:50:53.328,249,3,3,0,0
156313.526375,2026-07-15T05:50:53.330,249,3,3,0,0
156313.528471,2026-07-15T05:50:53.332,249,3,3,0,0
156313.530669,2026-07-15T05:50:53.334,249,3,3,0,0
156313.533064,2026-07-15T05:50:53.337,249,3,3,0,0
156313.535953,2026-07-15T05:50:53.340,249,3,3,0,0
156313.538376,2026-07-15T05:50:53.342,249,3,3,0,0
156313.540982,2026-07-15T05:50:53.345,249,3,3,0,0
156313.543256,2026-07-15T05:50:53.347,249,3,3,0,0
156313.545924,2026-07-15T05:50:53.350,249,3,3,0,0
156313.548197,2026-07-15T05:50:53.351,249,3,3,0,0
156313.550640,2026-07-15T05:50:53.353,249,3,3,0,0
156313.552953,2026-07-15T05:50:53.357,249,3,3,0,0
156313.555416,2026-07-15T05:50:53.359,249,3,3,0,0
156313.557875,2026-07-15T05:50:53.361,249,3,3,0,0
156313.560332,2026-07-15T05:50:53.363,249,3,3,0,0
156313.563109,2026-07-15T05:50:53.366,249,3,3,0,0
156313.565988,2026-07-15T05:50:53.370,249,3,3,0,0
156313.568872,2026-07-15T05:50:53.373,249,3,3,0,0
156313.571272,2026-07-15T05:50:53.375,249,3,3,0,0
156313.574114,2026-07-15T05:50:53.377,249,3,3,0,0
156313.576876,2026-07-15T05:50:53.381,249,3,3,0,0
156313.579062,2026-07-15T05:50:53.383,249,3,3,0,0
156313.582008,2026-07-15T05:50:53.386,249,3,3,0,0
156313.584620,2026-07-15T05:50:53.389,249,3,3,0,0
156313.587183,2026-07-15T05:50:53.391,249,3,3,0,0
156313.589273,2026-07-15T05:50:53.393,249,3,3,0,0
156313.591403,2026-07-15T05:50:53.395,249,3,3,0,0
156313.593924,2026-07-15T05:50:53.398,249,3,3,0,0
156313.596465,2026-07-15T05:50:53.400,249,3,3,0,0
156313.599252,2026-07-15T05:50:53.403,249,3,3,0,0
156313.601954,2026-07-15T05:50:53.406,249,3,3,0,0
156313.604614,2026-07-15T05:50:53.408,249,3,3,0,0
156313.607351,2026-07-15T05:50:53.411,249,3,3,0,0
156313.610124,2026-07-15T05:50:53.413,249,3,3,0,0
156313.612977,2026-07-15T05:50:53.416,249,3,3,0,0
156313.615823,2026-07-15T05:50:53.419,249,3,3,0,0
156313.618701,2026-07-15T05:50:53.423,249,3,3,0,0
156313.621347,2026-07-15T05:50:53.424,249,3,3,0,0
156313.624196,2026-07-15T05:50:53.428,249,3,3,0,0
156313.626803,2026-07-15T05:50:53.431,249,3,3,0,0
156313.629215,2026-07-15T05:50:53.433,249,3,3,0,0
156313.631805,2026-07-15T05:50:53.435,249,3,3,0,0
156313.634495,2026-07-15T05:50:53.438,249,3,3,0,0
156313.636849,2026-07-15T05:50:53.441,249,3,3,0,0
156313.639547,2026-07-15T05:50:53.443,249,3,3,0,0
156313.641786,2026-07-15T05:50:53.446,249,3,3,0,0
156313.644356,2026-07-15T05:50:53.448,249,3,3,0,0
156313.646546,2026-07-15T05:50:53.450,249,3,3,0,0
156313.648883,2026-07-15T05:50:53.453,249,3,3,0,0
156313.651301,2026-07-15T05:50:53.454,249,3,3,0,0
156313.653569,2026-07-15T05:50:53.458,249,3,3,0,0
156313.656300,2026-07-15T05:50:53.460,249,3,3,0,0
156313.659077,2026-07-15T05:50:53.463,249,3,3,0,0
156313.661229,2026-07-15T05:50:53.465,249,3,3,0,0
156313.663853,2026-07-15T05:50:53.468,249,3,3,0,0
156313.666561,2026-07-15T05:50:53.470,249,3,3,0,0
156313.669291,2026-07-15T05:50:53.473,249,3,3,0,0
156313.671995,2026-07-15T05:50:53.476,249,3,3,0,0
156313.674552,2026-07-15T05:50:53.478,249,3,3,0,0
156313.676936,2026-07-15T05:50:53.481,249,3,3,0,0
156313.679766,2026-07-15T05:50:53.483,249,3,3,0,0
156313.682259,2026-07-15T05:50:53.486,249,3,3,0,0
156313.684834,2026-07-15T05:50:53.488,249,3,3,0,0
156313.687318,2026-07-15T05:50:53.491,249,3,3,0,0
156313.689803,2026-07-15T05:50:53.493,249,3,3,0,0
156313.692155,2026-07-15T05:50:53.496,249,3,3,0,0
156313.695360,2026-07-15T05:50:53.499,249,3,3,0,9
156313.698168,2026-07-15T05:50:53.502,198,0,3,0,9
156313.700997,2026-07-15T05:50:53.505,198,0,3,0,9
156313.703852,2026-07-15T05:50:53.507,198,0,3,0,9
156313.706266,2026-07-15T05:50:53.510,198,0,3,0,9
156313.708498,2026-07-15T05:50:53.512,198,0,3,0,9
156313.710966,2026-07-15T05:50:53.515,198,0,3,0,9
156313.713668,2026-07-15T05:50:53.517,198,0,3,0,9
156313.716288,2026-07-15T05:50:53.520,198,0,3,0,9
156313.718604,2026-07-15T05:50:53.522,198,0,3,0,9
156313.721407,2026-07-15T05:50:53.525,198,0,3,0,9
156313.723638,2026-07-15T05:50:53.528,198,0,3,0,9
156313.726092,2026-07-15T05:50:53.530,198,0,3,0,9
156313.728487,2026-07-15T05:50:53.532,198,0,3,0,9
156313.731085,2026-07-15T05:50:53.534,198,0,3,0,9
156313.733880,2026-07-15T05:50:53.538,198,0,3,0,9
156313.736552,2026-07-15T05:50:53.540,198,0,3,0,9
156313.739319,2026-07-15T05:50:53.542,198,0,3,0,9
156313.742436,2026-07-15T05:50:53.546,198,0,3,0,9
156313.745391,2026-07-15T05:50:53.549,198,0,3,0,9
156313.748047,2026-07-15T05:50:53.552,198,0,3,0,9
156313.750646,2026-07-15T05:50:53.554,198,0,3,0,9
156313.753232,2026-07-15T05:50:53.557,198,0,3,0,9
156313.755913,2026-07-15T05:50:53.560,198,0,3,0,9
156313.758147,2026-07-15T05:50:53.562,198,0,3,0,9
156313.760890,2026-07-15T05:50:53.564,198,0,3,0,9
156313.763498,2026-07-15T05:50:53.568,198,0,3,0,9
156313.766390,2026-07-15T05:50:53.570,198,0,3,0,9
156313.768803,2026-07-15T05:50:53.573,198,0,3,0,9
156313.771475,2026-07-15T05:50:53.575,198,0,3,0,9
156313.775619,2026-07-15T05:50:53.579,198,0,3,0,9
156313.778488,2026-07-15T05:50:53.582,198,0,3,0,9
156313.780747,2026-07-15T05:50:53.585,198,0,3,0,9
156313.783477,2026-07-15T05:50:53.587,198,0,3,0,9
156313.786134,2026-07-15T05:50:53.590,198,0,3,0,9
156313.788722,2026-07-15T05:50:53.592,198,0,3,0,9
156313.791424,2026-07-15T05:50:53.595,198,0,3,0,9
156313.794141,2026-07-15T05:50:53.598,198,0,3,0,9
156313.796660,2026-07-15T05:50:53.600,198,0,3,0,9
156313.799205,2026-07-15T05:50:53.603,198,0,3,0,9
156313.801876,2026-07-15T05:50:53.605,198,0,3,0,9
156313.804438,2026-07-15T05:50:53.608,198,0,3,0,9
156313.807227,2026-07-15T05:50:53.611,198,0,3,0,9
156313.809846,2026-07-15T05:50:53.613,198,0,3,0,9
156313.812339,2026-07-15T05:50:53.616,198,0,3,0,9
156313.815271,2026-07-15T05:50:53.619,198,0,3,0,9
156313.818071,2026-07-15T05:50:53.622,198,0,3,0,9
156313.820785,2026-07-15T05:50:53.625,198,0,3,0,9
156313.823267,2026-07-15T05:50:53.627,198,0,3,0,9
156313.825965,2026-07-15T05:50:53.629,198,0,3,0,9
156313.828433,2026-07-15T05:50:53.632,198,0,3,0,9
156313.831376,2026-07-15T05:50:53.635,198,0,3,0,9
156313.833989,2026-07-15T05:50:53.638,198,0,3,0,9
156313.836504,2026-07-15T05:50:53.640,198,0,3,0,9
156313.838839,2026-07-15T05:50:53.643,198,0,3,0,9
156313.841743,2026-07-15T05:50:53.646,198,0,3,0,9
156313.844553,2026-07-15T05:50:53.648,198,0,3,0,9
156313.847502,2026-07-15T05:50:53.651,198,0,3,0,9
156313.850299,2026-07-15T05:50:53.654,198,0,3,0,9
156313.853010,2026-07-15T05:50:53.657,198,0,3,0,9
156313.855481,2026-07-15T05:50:53.659,198,0,3,0,9
156313.857954,2026-07-15T05:50:53.661,198,0,3,0,9
156313.860670,2026-07-15T05:50:53.663,198,0,3,0,9
156313.862910,2026-07-15T05:50:53.667,198,0,3,0,9
156313.865432,2026-07-15T05:50:53.669,198,0,3,0,9
156313.868007,2026-07-15T05:50:53.672,198,0,3,0,9
156313.870806,2026-07-15T05:50:53.674,198,0,3,0,9
156313.873850,2026-07-15T05:50:53.677,198,0,3,0,9
156313.876526,2026-07-15T05:50:53.680,198,0,3,0,9
156313.878677,2026-07-15T05:50:53.682,198,0,3,0,9
156313.881462,2026-07-15T05:50:53.685,198,0,3,0,9
156313.883944,2026-07-15T05:50:53.688,198,0,3,0,9
156313.886367,2026-07-15T05:50:53.690,198,0,3,0,9
156313.889129,2026-07-15T05:50:53.692,198,0,3,0,9
156313.892551,2026-07-15T05:50:53.696,198,0,3,0,9
156313.895114,2026-07-15T05:50:53.699,198,0,3,0,9
156313.898412,2026-07-15T05:50:53.702,198,0,3,0,9
156313.900967,2026-07-15T05:50:53.705,198,0,3,0,9
156313.903828,2026-07-15T05:50:53.708,198,0,3,0,9
156313.906103,2026-07-15T05:50:53.710,198,0,3,0,9
156313.908996,2026-07-15T05:50:53.713,198,0,3,0,9
156313.911500,2026-07-15T05:50:53.715,198,0,3,0,9
156313.914098,2026-07-15T05:50:53.718,198,0,3,0,9
156313.917012,2026-07-15T05:50:53.720,198,0,3,0,9
156313.919518,2026-07-15T05:50:53.724,198,0,3,0,9
156313.921956,2026-07-15T05:50:53.726,198,0,3,0,9
156313.924534,2026-07-15T05:50:53.728,198,0,3,0,9
156313.927120,2026-07-15T05:50:53.730,198,0,3,0,9
156313.930158,2026-07-15T05:50:53.733,198,0,3,0,9
156313.932919,2026-07-15T05:50:53.737,198,0,3,0,9
156313.935618,2026-07-15T05:50:53.739,198,0,3,0,9
156313.937650,2026-07-15T05:50:53.741,198,0,3,0,9
156313.940273,2026-07-15T05:50:53.744,198,0,3,0,8
156313.943029,2026-07-15T05:50:53.747,69,0,3,0,8
156313.945926,2026-07-15T05:50:53.750,69,0,3,0,8
156313.949333,2026-07-15T05:50:53.753,69,0,3,0,8
156313.951818,2026-07-15T05:50:53.756,69,0,3,0,8
156313.954738,2026-07-15T05:50:53.759,69,0,3,0,8
156313.957411,2026-07-15T05:50:53.761,69,0,3,0,8
156313.960002,2026-07-15T05:50:53.763,69,0,3,0,8
156313.962740,2026-07-15T05:50:53.766,69,0,3,0,8
156313.965440,2026-07-15T05:50:53.769,69,0,3,0,8
156313.968261,2026-07-15T05:50:53.771,69,0,3,0,8
156313.971035,2026-07-15T05:50:53.775,69,0,3,0,8
156313.974048,2026-07-15T05:50:53.778,69,0,3,0,8
156313.977144,2026-07-15T05:50:53.781,69,0,3,0,8
156313.980045,2026-07-15T05:50:53.784,69,0,3,0,8
156313.982877,2026-07-15T05:50:53.786,69,0,3,0,8
156313.985846,2026-07-15T05:50:53.789,69,0,3,0,8
156313.988539,2026-07-15T05:50:53.791,69,0,3,0,8
156313.991449,2026-07-15T05:50:53.795,69,0,3,0,8
156313.994220,2026-07-15T05:50:53.797,69,0,3,0,8
156313.996841,2026-07-15T05:50:53.800,69,0,3,0,8
156313.999264,2026-07-15T05:50:53.803,69,0,3,0,8
156314.001499,2026-07-15T05:50:53.805,69,0,3,0,8
156314.004193,2026-07-15T05:50:53.808,69,0,3,0,8
156314.006855,2026-07-15T05:50:53.811,69,0,3,0,8
156314.009512,2026-07-15T05:50:53.813,69,0,3,0,8
156314.011856,2026-07-15T05:50:53.816,69,0,3,0,8
156314.013975,2026-07-15T05:50:53.818,69,0,3,0,8
156314.016079,2026-07-15T05:50:53.820,69,0,3,0,8
156314.018851,2026-07-15T05:50:53.823,69,0,3,0,8
156314.021558,2026-07-15T05:50:53.825,69,0,3,0,8
156314.024377,2026-07-15T05:50:53.828,69,0,3,0,8
156314.026737,2026-07-15T05:50:53.831,69,0,3,0,8
156314.029239,2026-07-15T05:50:53.833,69,0,3,0,8
156314.031558,2026-07-15T05:50:53.836,69,0,3,0,8
156314.034327,2026-07-15T05:50:53.838,69,0,3,0,8
156314.036548,2026-07-15T05:50:53.840,69,0,3,0,8
156314.039178,2026-07-15T05:50:53.843,69,0,3,0,8
156314.041403,2026-07-15T05:50:53.845,69,0,3,0,8
156314.044146,2026-07-15T05:50:53.847,69,0,3,0,8
156314.046443,2026-07-15T05:50:53.850,69,0,3,0,8
156314.048716,2026-07-15T05:50:53.852,69,0,3,0,8
156314.051519,2026-07-15T05:50:53.855,69,0,3,0,8
156314.053672,2026-07-15T05:50:53.858,69,0,3,0,8
156314.056342,2026-07-15T05:50:53.860,69,0,3,0,8
156314.058691,2026-07-15T05:50:53.863,69,0,3,0,8
156314.060766,2026-07-15T05:50:53.864,69,0,3,0,8
156314.063312,2026-07-15T05:50:53.866,69,0,3,0,8
156314.065355,2026-07-15T05:50:53.869,69,0,3,0,8
156314.067698,2026-07-15T05:50:53.871,69,0,3,0,8
156314.069810,2026-07-15T05:50:53.873,69,0,3,0,8
156314.072245,2026-07-15T05:50:53.876,69,0,3,0,8
156314.074813,2026-07-15T05:50:53.878,69,0,3,0,8
156314.077864,2026-07-15T05:50:53.882,69,0,3,0,8
156314.079873,2026-07-15T05:50:53.884,69,0,3,0,8
156314.081930,2026-07-15T05:50:53.885,69,0,3,0,8
156314.083931,2026-07-15T05:50:53.888,69,0,3,0,8
156314.086280,2026-07-15T05:50:53.890,69,0,3,0,8
156314.088713,2026-07-15T05:50:53.892,69,0,3,0,8
156314.091191,2026-07-15T05:50:53.895,69,0,3,0,8
156314.093326,2026-07-15T05:50:53.897,69,0,3,0,8
156314.095819,2026-07-15T05:50:53.900,69,0,3,0,8
156314.097834,2026-07-15T05:50:53.902,69,0,3,0,8
156314.099844,2026-07-15T05:50:53.904,69,0,3,0,8
156314.102471,2026-07-15T05:50:53.906,69,0,3,0,8
156314.105105,2026-07-15T05:50:53.908,69,0,3,0,8
156314.107733,2026-07-15T05:50:53.912,69,0,3,0,8
156314.109904,2026-07-15T05:50:53.914,69,0,3,0,8
156314.112331,2026-07-15T05:50:53.916,69,0,3,0,8
156314.115005,2026-07-15T05:50:53.919,69,0,3,0,8
156314.117479,2026-07-15T05:50:53.922,69,0,3,0,8
156314.120093,2026-07-15T05:50:53.924,69,0,3,0,8
156314.122773,2026-07-15T05:50:53.926,69,0,3,0,8
156314.124795,2026-07-15T05:50:53.928,69,0,3,0,8
156314.127129,2026-07-15T05:50:53.931,69,0,3,0,8
156314.129775,2026-07-15T05:50:53.933,69,0,3,0,8
156314.132189,2026-07-15T05:50:53.936,69,0,3,0,8
156314.134355,2026-07-15T05:50:53.938,69,0,3,0,8
156314.136824,2026-07-15T05:50:53.941,69,0,3,0,8
156314.138974,2026-07-15T05:50:53.942,69,0,3,0,8
156314.141593,2026-07-15T05:50:53.946,69,0,3,0,8
156314.143605,2026-07-15T05:50:53.948,69,0,3,0,8
156314.146054,2026-07-15T05:50:53.950,69,0,3,0,8
156314.148254,2026-07-15T05:50:53.952,69,0,3,0,8
156314.150350,2026-07-15T05:50:53.954,69,0,3,0,8
156314.152369,2026-07-15T05:50:53.955,69,0,3,0,8
156314.155136,2026-07-15T05:50:53.959,69,0,3,0,8
156314.157709,2026-07-15T05:50:53.962,69,0,3,0,8
156314.160396,2026-07-15T05:50:53.964,69,0,3,0,8
156314.162841,2026-07-15T05:50:53.966,69,0,3,0,8
156314.165182,2026-07-15T05:50:53.969,69,0,3,0,8
156314.167882,2026-07-15T05:50:53.972,69,0,3,0,8
156314.170288,2026-07-15T05:50:53.974,69,0,3,0,8
156314.172605,2026-07-15T05:50:53.976,69,0,3,0,8
156314.175178,2026-07-15T05:50:53.978,69,0,3,0,8
156314.178125,2026-07-15T05:50:53.982,69,0,3,0,8
156314.180690,2026-07-15T05:50:53.984,69,0,3,0,8
156314.183099,2026-07-15T05:50:53.987,69,0,3,0,8
156314.185379,2026-07-15T05:50:53.989,69,3,3,0,0
156314.188414,2026-07-15T05:50:53.992,3,3,3,0,0
156314.190935,2026-07-15T05:50:53.994,3,3,3,0,0
156314.193110,2026-07-15T05:50:53.997,3,3,3,0,0
156314.195571,2026-07-15T05:50:53.999,3,3,3,0,0
156314.197792,2026-07-15T05:50:54.002,3,3,3,0,0
156314.200218,2026-07-15T05:50:54.003,3,3,3,0,0
156314.202339,2026-07-15T05:50:54.005,3,3,3,0,0
156314.204580,2026-07-15T05:50:54.008,3,3,3,0,0
156314.207284,2026-07-15T05:50:54.011,3,3,3,0,0
156314.209848,2026-07-15T05:50:54.014,3,3,3,0,0
156314.212137,2026-07-15T05:50:54.016,3,3,3,0,0
156314.214705,2026-07-15T05:50:54.019,3,3,3,0,0
156314.216863,2026-07-15T05:50:54.021,3,3,3,0,0
156314.219073,2026-07-15T05:50:54.023,3,3,3,0,0
156314.221370,2026-07-15T05:50:54.025,3,3,3,0,0
156314.223731,2026-07-15T05:50:54.028,3,3,3,0,0
156314.225781,2026-07-15T05:50:54.030,3,3,3,0,0
156314.228409,2026-07-15T05:50:54.032,3,3,3,0,0
156314.230883,2026-07-15T05:50:54.035,3,3,3,0,0
156314.233414,2026-07-15T05:50:54.037,3,3,3,0,0
156314.235679,2026-07-15T05:50:54.040,3,3,3,0,0
156314.238216,2026-07-15T05:50:54.042,3,3,3,0,0
156314.240548,2026-07-15T05:50:54.045,3,3,3,0,0
156314.242894,2026-07-15T05:50:54.046,3,3,3,0,0
156314.244984,2026-07-15T05:50:54.048,3,3,3,0,0
156314.247039,2026-07-15T05:50:54.050,3,3,3,0,0
156314.249128,2026-07-15T05:50:54.052,3,3,3,0,0
156314.251408,2026-07-15T05:50:54.055,3,3,3,0,0
156314.253787,2026-07-15T05:50:54.058,3,3,3,0,0
156314.256115,2026-07-15T05:50:54.060,3,3,3,0,0
156314.258763,2026-07-15T05:50:54.063,3,3,3,0,0
156314.261360,2026-07-15T05:50:54.065,3,3,3,0,0
156314.263997,2026-07-15T05:50:54.068,3,3,3,0,0
156314.266158,2026-07-15T05:50:54.070,3,3,3,0,0
156314.268736,2026-07-15T05:50:54.073,3,3,3,0,0
156314.271163,2026-07-15T05:50:54.075,3,3,3,0,0
156314.273429,2026-07-15T05:50:54.077,3,3,3,0,0
156314.278725,2026-07-15T05:50:54.082,3,3,3,0,0
156314.281372,2026-07-15T05:50:54.084,3,3,3,0,0
156314.283965,2026-07-15T05:50:54.088,3,3,3,0,0
156314.286216,2026-07-15T05:50:54.089,3,3,3,0,0
156314.288580,2026-07-15T05:50:54.092,3,3,3,0,0
156314.291219,2026-07-15T05:50:54.095,3,3,3,0,0
156314.293644,2026-07-15T05:50:54.097,3,3,3,0,0
156314.296026,2026-07-15T05:50:54.100,3,3,3,0,0
156314.298824,2026-07-15T05:50:54.102,3,3,3,0,0
156314.301545,2026-07-15T05:50:54.105,3,3,3,0,0
156314.303737,2026-07-15T05:50:54.107,3,3,3,0,0
156314.306565,2026-07-15T05:50:54.110,3,3,3,0,0
156314.309444,2026-07-15T05:50:54.113,3,3,3,0,0
156314.311779,2026-07-15T05:50:54.115,3,3,3,0,0
156314.314240,2026-07-15T05:50:54.118,3,3,3,0,0
156314.316795,2026-07-15T05:50:54.120,3,3,3,0,0
156314.319360,2026-07-15T05:50:54.123,3,3,3,0,0
156314.322045,2026-07-15T05:50:54.126,3,3,3,0,0
156314.324514,2026-07-15T05:50:54.128,3,3,3,0,0
156314.327247,2026-07-15T05:50:54.131,3,3,3,0,0
156314.329694,2026-07-15T05:50:54.134,3,3,3,0,0
156314.332432,2026-07-15T05:50:54.136,3,3,3,0,0
156314.335004,2026-07-15T05:50:54.139,3,3,3,0,0
156314.337698,2026-07-15T05:50:54.142,3,3,3,0,0
156314.340340,2026-07-15T05:50:54.144,3,3,3,0,0
156314.342942,2026-07-15T05:50:54.147,3,3,3,0,0
156314.345193,2026-07-15T05:50:54.149,3,3,3,0,0
156314.347665,2026-07-15T05:50:54.151,3,3,3,0,0
156314.349865,2026-07-15T05:50:54.154,3,3,3,0,0
156314.352508,2026-07-15T05:50:54.156,3,3,3,0,0
156314.354939,2026-07-15T05:50:54.158,3,3,3,0,0
156314.357188,2026-07-15T05:50:54.160,3,3,3,0,0
156314.359209,2026-07-15T05:50:54.163,3,3,3,0,0
156314.361383,2026-07-15T05:50:54.165,3,3,3,0,0
156314.363776,2026-07-15T05:50:54.167,3,3,3,0,0
156314.366335,2026-07-15T05:50:54.170,3,3,3,0,0
156314.368362,2026-07-15T05:50:54.172,3,3,3,0,0
156314.370594,2026-07-15T05:50:54.174,3,3,3,0,0
156314.372919,2026-07-15T05:50:54.177,3,3,3,0,0
156314.375321,2026-07-15T05:50:54.179,3,3,3,0,0
156314.378314,2026-07-15T05:50:54.182,3,3,3,0,0
156314.380894,2026-07-15T05:50:54.185,3,3,3,0,0
156314.383450,2026-07-15T05:50:54.187,3,3,3,0,0
156314.385935,2026-07-15T05:50:54.190,3,3,3,0,0
156314.388663,2026-07-15T05:50:54.192,3,3,3,0,0
156314.391202,2026-07-15T05:50:54.195,3,3,3,0,0
156314.393763,2026-07-15T05:50:54.197,3,3,3,0,0
156314.396228,2026-07-15T05:50:54.200,3,3,3,0,0
156314.398757,2026-07-15T05:50:54.202,3,3,3,0,0
156314.401208,2026-07-15T05:50:54.205,3,3,3,0,0
156314.403777,2026-07-15T05:50:54.207,3,3,3,0,0
156314.406264,2026-07-15T05:50:54.210,3,3,3,0,0
156314.408770,2026-07-15T05:50:54.212,3,3,3,0,0
156314.410999,2026-07-15T05:50:54.214,3,3,3,0,0
156314.413610,2026-07-15T05:50:54.217,3,3,3,0,0
156314.416108,2026-07-15T05:50:54.220,3,3,3,0,0
156314.418317,2026-07-15T05:50:54.222,3,3,3,0,0
156314.420854,2026-07-15T05:50:54.224,3,3,3,0,0
156314.423388,2026-07-15T05:50:54.227,3,3,3,0,0
156314.425998,2026-07-15T05:50:54.229,3,3,3,0,0
156314.428498,2026-07-15T05:50:54.232,3,3,3,0,0
156314.431081,2026-07-15T05:50:54.234,3,3,3,0,0
156314.434181,2026-07-15T05:50:54.237,3,3,3,0,0
156314.438495,2026-07-15T05:50:54.242,3,3,3,0,0
156314.441075,2026-07-15T05:50:54.245,3,3,3,0,0
156314.444628,2026-07-15T05:50:54.248,3,3,3,0,0
156314.447829,2026-07-15T05:50:54.251,3,3,3,0,0
156314.450383,2026-07-15T05:50:54.254,3,3,3,0,0
156314.453072,2026-07-15T05:50:54.257,3,3,3,0,0
156314.456168,2026-07-15T05:50:54.260,3,3,3,0,0
156314.458874,2026-07-15T05:50:54.263,3,3,3,0,0
156314.461268,2026-07-15T05:50:54.264,3,3,3,0,0
156314.464518,2026-07-15T05:50:54.268,3,3,3,0,0
156314.467353,2026-07-15T05:50:54.271,3,3,3,0,0
156314.469959,2026-07-15T05:50:54.273,3,3,3,0,0
156314.472547,2026-07-15T05:50:54.276,3,3,3,0,0
156314.475638,2026-07-15T05:50:54.279,3,3,3,0,0
156314.478313,2026-07-15T05:50:54.281,3,3,3,0,0
156314.480779,2026-07-15T05:50:54.285,3,3,3,0,0
156314.483269,2026-07-15T05:50:54.287,3,3,3,0,0
156314.486193,2026-07-15T05:50:54.290,3,3,3,0,0
156314.488853,2026-07-15T05:50:54.293,3,3,3,0,0
156314.491681,2026-07-15T05:50:54.295,3,3,3,0,0
156314.494196,2026-07-15T05:50:54.298,3,3,3,0,0
156314.496767,2026-07-15T05:50:54.300,3,3,3,0,0
156314.499092,2026-07-15T05:50:54.303,3,3,3,0,0
156314.501807,2026-07-15T05:50:54.305,3,3,3,0,0
156314.504233,2026-07-15T05:50:54.308,3,3,3,0,0
156314.506804,2026-07-15T05:50:54.311,3,3,3,0,0
156314.509251,2026-07-15T05:50:54.313,3,3,3,0,0
156314.511641,2026-07-15T05:50:54.315,3,3,3,0,0
156314.514168,2026-07-15T05:50:54.318,3,3,3,0,0
156314.516726,2026-07-15T05:50:54.320,3,3,3,0,0
156314.519490,2026-07-15T05:50:54.323,3,3,3,0,0
156314.522202,2026-07-15T05:50:54.325,3,3,3,0,0
156314.524914,2026-07-15T05:50:54.328,3,3,3,0,0
156314.527859,2026-07-15T05:50:54.331,3,3,3,0,0
156314.530409,2026-07-15T05:50:54.334,3,3,3,0,0
156314.533170,2026-07-15T05:50:54.337,3,3,3,0,0
156314.535861,2026-07-15T05:50:54.339,3,3,3,0,0
156314.538530,2026-07-15T05:50:54.342,3,3,3,0,0
156314.541179,2026-07-15T05:50:54.344,3,3,3,0,0
156314.543955,2026-07-15T05:50:54.347,3,3,3,0,0
156314.546816,2026-07-15T05:50:54.350,3,3,3,0,0
156314.549435,2026-07-15T05:50:54.353,3,3,3,0,0
156314.551693,2026-07-15T05:50:54.355,3,3,3,0,0
156314.554306,2026-07-15T05:50:54.357,3,3,3,0,0
156314.556915,2026-07-15T05:50:54.361,3,3,3,0,0
156314.559434,2026-07-15T05:50:54.363,3,3,3,0,0
156314.561868,2026-07-15T05:50:54.366,3,3,3,0,0
156314.564578,2026-07-15T05:50:54.369,3,3,3,0,0
156314.567395,2026-07-15T05:50:54.371,3,3,3,0,0
156314.570044,2026-07-15T05:50:54.373,3,3,3,0,0
156314.572902,2026-07-15T05:50:54.376,3,3,3,0,0
156314.575435,2026-07-15T05:50:54.379,3,3,3,0,0
156314.578258,2026-07-15T05:50:54.382,3,3,3,0,0
156314.581065,2026-07-15T05:50:54.384,3,3,3,0,0
156314.583997,2026-07-15T05:50:54.387,3,3,3,0,0
156314.586517,2026-07-15T05:50:54.390,3,3,3,0,0
156314.589322,2026-07-15T05:50:54.393,3,3,3,0,0
156314.592148,2026-07-15T05:50:54.395,3,3,3,0,0
156314.594841,2026-07-15T05:50:54.398,3,3,3,0,0
156314.597319,2026-07-15T05:50:54.401,3,3,3,0,0
156314.599853,2026-07-15T05:50:54.404,3,3,3,0,0
156314.602498,2026-07-15T05:50:54.406,3,3,3,0,0
156314.605108,2026-07-15T05:50:54.409,3,3,3,0,0
156314.607679,2026-07-15T05:50:54.412,3,3,3,0,0
156314.610502,2026-07-15T05:50:54.413,3,3,3,0,0
156314.612995,2026-07-15T05:50:54.416,3,3,3,0,0
156314.615436,2026-07-15T05:50:54.419,3,3,3,0,0
156314.618225,2026-07-15T05:50:54.421,3,3,3,0,0
156314.621236,2026-07-15T05:50:54.424,3,3,3,0,0
156314.623826,2026-07-15T05:50:54.428,3,3,3,0,0
156314.626748,2026-07-15T05:50:54.431,3,3,3,0,0
156314.629209,2026-07-15T05:50:54.432,3,3,3,0,0
156314.631982,2026-07-15T05:50:54.435,3,3,3,0,0
156314.634408,2026-07-15T05:50:54.437,3,3,3,0,0
156314.636931,2026-07-15T05:50:54.440,3,3,3,0,0
156314.639547,2026-07-15T05:50:54.443,3,3,3,0,0
156314.642412,2026-07-15T05:50:54.446,3,3,3,0,0
156314.645162,2026-07-15T05:50:54.448,3,3,3,0,0
156314.647996,2026-07-15T05:50:54.452,3,3,3,0,0
156314.650929,2026-07-15T05:50:54.455,3,3,3,0,0
156314.653031,2026-07-15T05:50:54.457,3,3,3,0,0
156314.655880,2026-07-15T05:50:54.460,3,3,3,0,0
156314.658745,2026-07-15T05:50:54.463,3,3,3,0,0
156314.661403,2026-07-15T05:50:54.465,3,3,3,0,0
156314.664034,2026-07-15T05:50:54.468,3,3,3,0,0
156314.666837,2026-07-15T05:50:54.470,3,3,3,0,0
156314.669633,2026-07-15T05:50:54.473,3,3,3,0,0
156314.672341,2026-07-15T05:50:54.476,3,3,3,0,0
156314.675099,2026-07-15T05:50:54.479,3,3,3,0,0
156314.677997,2026-07-15T05:50:54.481,3,3,3,0,0
156314.681462,2026-07-15T05:50:54.485,3,3,3,0,0
156314.683790,2026-07-15T05:50:54.487,3,3,3,0,0
156314.686595,2026-07-15T05:50:54.490,3,3,3,0,0
156314.689291,2026-07-15T05:50:54.493,3,3,3,0,0
156314.691819,2026-07-15T05:50:54.495,3,3,3,0,0
156314.694299,2026-07-15T05:50:54.498,3,3,3,0,0
156314.696682,2026-07-15T05:50:54.501,3,3,3,0,0
156314.699567,2026-07-15T05:50:54.504,3,3,3,0,0
156314.702289,2026-07-15T05:50:54.506,3,3,3,0,0
156314.704876,2026-07-15T05:50:54.508,3,3,3,0,0
156314.707622,2026-07-15T05:50:54.512,3,3,3,0,0
156314.709933,2026-07-15T05:50:54.514,3,3,3,0,0
156314.712197,2026-07-15T05:50:54.516,3,3,3,0,0
156314.714480,2026-07-15T05:50:54.518,3,3,3,0,0
156314.717192,2026-07-15T05:50:54.520,3,3,3,0,0
156314.720381,2026-07-15T05:50:54.524,3,3,3,0,0
156314.722783,2026-07-15T05:50:54.527,3,3,3,0,0
156314.725272,2026-07-15T05:50:54.529,3,3,3,0,0
156314.728024,2026-07-15T05:50:54.532,3,3,3,0,0
156314.730469,2026-07-15T05:50:54.535,3,3,3,0,0
156314.732964,2026-07-15T05:50:54.537,3,3,3,0,0
156314.735630,2026-07-15T05:50:54.539,3,3,3,0,0
156314.738383,2026-07-15T05:50:54.542,3,3,3,0,0
156314.741089,2026-07-15T05:50:54.544,3,3,3,0,0
156314.743834,2026-07-15T05:50:54.547,3,3,3,0,0
156314.746370,2026-07-15T05:50:54.550,3,3,3,0,0
156314.748590,2026-07-15T05:50:54.552,3,3,3,0,0
156314.751024,2026-07-15T05:50:54.555,3,3,3,0,0
156314.753609,2026-07-15T05:50:54.558,3,3,3,0,0
156314.756243,2026-07-15T05:50:54.560,3,3,3,0,0
156314.759002,2026-07-15T05:50:54.562,3,3,3,0,0
156314.761327,2026-07-15T05:50:54.565,3,3,3,0,0
156314.763784,2026-07-15T05:50:54.567,3,3,3,0,0
156314.766178,2026-07-15T05:50:54.570,3,3,3,0,0
156314.768666,2026-07-15T05:50:54.572,3,3,3,0,0
156314.771396,2026-07-15T05:50:54.575,3,3,3,0,0
156314.773731,2026-07-15T05:50:54.577,3,3,3,0,0
156314.775775,2026-07-15T05:50:54.579,3,3,3,0,0
156314.778058,2026-07-15T05:50:54.582,3,3,3,0,0
156314.780638,2026-07-15T05:50:54.585,3,3,3,0,0
156314.783195,2026-07-15T05:50:54.587,3,3,3,0,0
156314.785660,2026-07-15T05:50:54.590,3,3,3,0,0
156314.788224,2026-07-15T05:50:54.592,3,3,3,0,0
156314.790619,2026-07-15T05:50:54.594,3,3,3,0,0
156314.793342,2026-07-15T05:50:54.597,3,3,3,0,0
156314.795449,2026-07-15T05:50:54.599,3,3,3,0,0
156314.798239,2026-07-15T05:50:54.601,3,3,3,0,0
156314.800685,2026-07-15T05:50:54.605,3,3,3,0,0
156314.803385,2026-07-15T05:50:54.607,3,3,3,0,0
156314.806076,2026-07-15T05:50:54.610,3,3,3,0,0
156314.808660,2026-07-15T05:50:54.612,3,3,3,0,0
156314.811204,2026-07-15T05:50:54.615,3,3,3,0,0
156314.813823,2026-07-15T05:50:54.617,3,3,3,0,0
156314.816170,2026-07-15T05:50:54.619,3,3,3,0,0
156314.818702,2026-07-15T05:50:54.623,3,3,3,0,0
156314.820990,2026-07-15T05:50:54.624,3,3,3,0,0
156314.823033,2026-07-15T05:50:54.626,3,3,3,0,0
156314.825848,2026-07-15T05:50:54.629,3,3,3,0,0
156314.828065,2026-07-15T05:50:54.631,3,3,3,0,0
156314.830336,2026-07-15T05:50:54.634,3,3,3,0,0
156314.832504,2026-07-15T05:50:54.635,3,3,3,0,0
156314.834955,2026-07-15T05:50:54.639,3,3,3,0,0
156314.837134,2026-07-15T05:50:54.641,3,3,3,0,0
156314.839172,2026-07-15T05:50:54.643,3,3,3,0,0
156314.841224,2026-07-15T05:50:54.645,3,3,3,0,0
156314.843567,2026-07-15T05:50:54.648,3,3,3,0,0
156314.846181,2026-07-15T05:50:54.650,3,3,3,0,0
156314.849120,2026-07-15T05:50:54.653,3,3,3,0,0
156314.851648,2026-07-15T05:50:54.654,3,3,3,0,0
156314.854474,2026-07-15T05:50:54.657,3,3,3,0,0
156314.857009,2026-07-15T05:50:54.660,3,3,3,0,0
156314.859628,2026-07-15T05:50:54.663,3,3,3,0,0
156314.862000,2026-07-15T05:50:54.666,3,3,3,0,0
156314.864590,2026-07-15T05:50:54.668,3,3,3,0,0
156314.866677,2026-07-15T05:50:54.670,3,3,3,0,0
156314.869389,2026-07-15T05:50:54.673,3,3,3,0,0
156314.871690,2026-07-15T05:50:54.675,3,3,3,0,0
156314.874620,2026-07-15T05:50:54.678,3,3,3,0,0
156314.877239,2026-07-15T05:50:54.681,3,3,3,0,0
156314.880092,2026-07-15T05:50:54.683,3,3,3,0,0
156314.882891,2026-07-15T05:50:54.687,3,3,3,0,0
156314.885761,2026-07-15T05:50:54.689,3,3,3,0,0
156314.888073,2026-07-15T05:50:54.692,3,3,3,0,0
156314.890801,2026-07-15T05:50:54.694,3,3,3,0,0
156314.893654,2026-07-15T05:50:54.698,3,3,3,0,0
156314.896214,2026-07-15T05:50:54.700,3,3,3,0,0
156314.899015,2026-07-15T05:50:54.703,3,3,3,0,0
156314.901435,2026-07-15T05:50:54.705,3,3,3,0,0
156314.904133,2026-07-15T05:50:54.708,3,3,3,0,0
156314.906801,2026-07-15T05:50:54.710,3,3,3,0,0
156314.909106,2026-07-15T05:50:54.713,3,3,3,0,0
156314.911919,2026-07-15T05:50:54.715,3,3,3,0,0
156314.914308,2026-07-15T05:50:54.718,3,3,3,0,0
156314.916767,2026-07-15T05:50:54.721,3,3,3,0,0
156314.919016,2026-07-15T05:50:54.723,3,3,3,0,0
156314.921344,2026-07-15T05:50:54.725,3,3,3,0,0
156314.923636,2026-07-15T05:50:54.727,3,3,3,0,0
156314.926300,2026-07-15T05:50:54.729,3,3,3,0,0
156314.929138,2026-07-15T05:50:54.733,3,3,3,0,0
156314.931866,2026-07-15T05:50:54.736,3,3,3,0,0
156314.935314,2026-07-15T05:50:54.739,3,3,3,0,0
156314.938047,2026-07-15T05:50:54.741,3,3,3,0,0
156314.940959,2026-07-15T05:50:54.745,3,3,3,0,0
156314.943793,2026-07-15T05:50:54.747,3,3,3,0,0
156314.945999,2026-07-15T05:50:54.750,3,3,3,0,0
156314.948280,2026-07-15T05:50:54.752,3,3,3,0,0
156314.950764,2026-07-15T05:50:54.754,3,3,3,0,0
156314.953569,2026-07-15T05:50:54.757,3,3,3,0,0
156314.956339,2026-07-15T05:50:54.760,3,3,3,0,0
156314.958497,2026-07-15T05:50:54.762,3,3,3,0,0
156314.961618,2026-07-15T05:50:54.765,3,3,3,0,0
156314.964460,2026-07-15T05:50:54.768,3,3,3,0,0
156314.967072,2026-07-15T05:50:54.771,3,3,3,0,0
156314.969660,2026-07-15T05:50:54.774,3,3,3,0,0
156314.972321,2026-07-15T05:50:54.776,3,3,3,0,0
156314.975034,2026-07-15T05:50:54.779,3,3,3,0,0
156314.978816,2026-07-15T05:50:54.782,3,3,3,0,0
156314.980927,2026-07-15T05:50:54.785,3,3,3,0,0
156314.983702,2026-07-15T05:50:54.788,3,3,3,0,0
156314.986092,2026-07-15T05:50:54.790,3,3,3,0,0
156314.988863,2026-07-15T05:50:54.792,3,3,3,0,0
156314.991296,2026-07-15T05:50:54.794,3,3,3,0,0
156314.994188,2026-07-15T05:50:54.798,3,3,3,0,0
156314.996533,2026-07-15T05:50:54.800,3,3,3,0,0
156314.999199,2026-07-15T05:50:54.803,3,3,3,0,0
156315.001937,2026-07-15T05:50:54.805,3,3,3,0,0
156315.004447,2026-07-15T05:50:54.808,3,3,3,0,0
156315.007134,2026-07-15T05:50:54.811,3,3,3,0,0
156315.009627,2026-07-15T05:50:54.813,3,3,3,0,0
156315.011779,2026-07-15T05:50:54.816,3,3,3,0,0
156315.013943,2026-07-15T05:50:54.818,3,3,3,0,0
156315.016044,2026-07-15T05:50:54.820,3,3,3,0,0
156315.018202,2026-07-15T05:50:54.822,3,3,3,0,0
156315.021537,2026-07-15T05:50:54.825,54,0,3,0,9
156315.023961,2026-07-15T05:50:54.828,54,0,3,0,9
156315.026061,2026-07-15T05:50:54.830,54,0,3,0,9
156315.029288,2026-07-15T05:50:54.833,54,0,3,0,9
156315.031509,2026-07-15T05:50:54.835,54,0,3,0,9
156315.033969,2026-07-15T05:50:54.838,54,0,3,0,9
156315.036562,2026-07-15T05:50:54.840,54,0,3,0,9
156315.039281,2026-07-15T05:50:54.842,54,0,3,0,9
156315.041920,2026-07-15T05:50:54.846,54,0,3,0,9
156315.044620,2026-07-15T05:50:54.848,54,0,3,0,9
156315.047481,2026-07-15T05:50:54.851,54,0,3,0,9
156315.049920,2026-07-15T05:50:54.854,54,0,3,0,9
156315.052454,2026-07-15T05:50:54.856,54,0,3,0,9
156315.054851,2026-07-15T05:50:54.858,54,0,3,0,9
156315.057349,2026-07-15T05:50:54.861,54,0,3,0,9
156315.059948,2026-07-15T05:50:54.864,54,0,3,0,9
156315.062467,2026-07-15T05:50:54.866,54,0,3,0,9
156315.064801,2026-07-15T05:50:54.868,54,0,3,0,9
156315.067353,2026-07-15T05:50:54.871,54,0,3,0,9
156315.069770,2026-07-15T05:50:54.874,54,0,3,0,9
156315.072491,2026-07-15T05:50:54.876,54,0,3,0,9
156315.074923,2026-07-15T05:50:54.879,54,0,3,0,9
156315.077597,2026-07-15T05:50:54.881,54,0,3,0,9
156315.080452,2026-07-15T05:50:54.884,54,0,3,0,9
156315.083079,2026-07-15T05:50:54.887,54,0,3,0,9
156315.085783,2026-07-15T05:50:54.889,54,0,3,0,9
156315.088273,2026-07-15T05:50:54.891,54,0,3,0,9
156315.091995,2026-07-15T05:50:54.896,54,0,3,0,9
156315.094985,2026-07-15T05:50:54.899,54,0,3,0,9
156315.098116,2026-07-15T05:50:54.902,54,0,3,0,9
156315.100283,2026-07-15T05:50:54.904,54,0,3,0,9
156315.102341,2026-07-15T05:50:54.906,54,0,3,0,9
156315.104917,2026-07-15T05:50:54.908,54,0,3,0,9
156315.106971,2026-07-15T05:50:54.910,54,0,3,0,9
156315.109131,2026-07-15T05:50:54.913,54,0,3,0,9
156315.111249,2026-07-15T05:50:54.915,54,0,3,0,9
156315.113740,2026-07-15T05:50:54.918,54,0,3,0,9
156315.116126,2026-07-15T05:50:54.920,54,0,3,0,9
156315.118635,2026-07-15T05:50:54.922,54,0,3,0,9
156315.121172,2026-07-15T05:50:54.925,54,0,3,0,9
156315.123759,2026-07-15T05:50:54.927,54,0,3,0,9
156315.126268,2026-07-15T05:50:54.929,54,0,3,0,9
156315.128347,2026-07-15T05:50:54.932,54,0,3,0,9
156315.131094,2026-07-15T05:50:54.934,54,0,3,0,9
156315.133126,2026-07-15T05:50:54.937,54,0,3,0,9
156315.136268,2026-07-15T05:50:54.940,54,0,3,0,9
156315.138911,2026-07-15T05:50:54.942,54,0,3,0,9
156315.141534,2026-07-15T05:50:54.946,54,0,3,0,9
156315.144087,2026-07-15T05:50:54.948,54,0,3,0,9
156315.146787,2026-07-15T05:50:54.951,54,0,3,0,9
156315.149421,2026-07-15T05:50:54.953,54,0,3,0,9
156315.152532,2026-07-15T05:50:54.956,54,0,3,0,9
156315.154946,2026-07-15T05:50:54.959,54,0,3,0,9
156315.156974,2026-07-15T05:50:54.961,54,0,3,0,9
156315.159054,2026-07-15T05:50:54.963,54,0,3,0,9
156315.161571,2026-07-15T05:50:54.966,54,0,3,0,9
156315.164100,2026-07-15T05:50:54.968,54,0,3,0,9
156315.166806,2026-07-15T05:50:54.971,54,0,3,0,9
156315.169272,2026-07-15T05:50:54.973,54,0,3,0,9
156315.171929,2026-07-15T05:50:54.975,54,0,3,0,9
156315.174293,2026-07-15T05:50:54.978,54,0,3,0,9
156315.176809,2026-07-15T05:50:54.981,54,0,3,0,9
156315.179335,2026-07-15T05:50:54.983,54,0,3,0,9
156315.182375,2026-07-15T05:50:54.986,54,0,3,0,9
156315.185070,2026-07-15T05:50:54.988,54,0,3,0,9
156315.187996,2026-07-15T05:50:54.991,54,0,3,0,9
156315.190538,2026-07-15T05:50:54.994,54,0,3,0,9
156315.192922,2026-07-15T05:50:54.997,54,0,3,0,9
156315.195529,2026-07-15T05:50:55.000,54,0,3,0,9
156315.197740,2026-07-15T05:50:55.002,54,0,3,0,9
156315.200201,2026-07-15T05:50:55.004,54,0,3,0,9
156315.202372,2026-07-15T05:50:55.006,54,0,3,0,9
156315.204823,2026-07-15T05:50:55.008,54,0,3,0,9
156315.207118,2026-07-15T05:50:55.011,54,0,3,0,9
156315.209788,2026-07-15T05:50:55.014,54,0,3,0,9
156315.212732,2026-07-15T05:50:55.017,54,0,3,0,9
156315.215218,2026-07-15T05:50:55.019,54,0,3,0,9
156315.217796,2026-07-15T05:50:55.021,54,0,3,0,9
156315.220182,2026-07-15T05:50:55.024,54,0,3,0,9
156315.222321,2026-07-15T05:50:55.026,54,0,3,0,9
156315.225034,2026-07-15T05:50:55.028,54,0,3,0,9
156315.227446,2026-07-15T05:50:55.031,54,0,3,0,9
156315.230078,2026-07-15T05:50:55.034,54,0,3,0,9
156315.232750,2026-07-15T05:50:55.036,54,0,3,0,9
156315.235258,2026-07-15T05:50:55.039,54,0,3,0,9
156315.237864,2026-07-15T05:50:55.042,54,0,3,0,9
156315.240175,2026-07-15T05:50:55.044,54,0,3,0,9
156315.242474,2026-07-15T05:50:55.046,54,0,3,0,9
156315.244688,2026-07-15T05:50:55.048,54,0,3,0,9
156315.247108,2026-07-15T05:50:55.050,54,0,3,0,9
156315.249435,2026-07-15T05:50:55.053,54,0,3,0,9
156315.252443,2026-07-15T05:50:55.056,54,0,3,0,9
156315.255246,2026-07-15T05:50:55.059,54,0,3,0,9
156315.258038,2026-07-15T05:50:55.061,54,0,3,0,9
156315.260490,2026-07-15T05:50:55.064,54,0,3,0,9
156315.263228,2026-07-15T05:50:55.067,54,0,3,0,9
156315.265854,2026-07-15T05:50:55.070,188,0,3,0,12
156315.268255,2026-07-15T05:50:55.072,188,0,3,0,12
156315.270417,2026-07-15T05:50:55.074,188,0,3,0,12
156315.272581,2026-07-15T05:50:55.077,188,0,3,0,12
156315.275243,2026-07-15T05:50:55.079,188,0,3,0,12
156315.277529,2026-07-15T05:50:55.081,188,0,3,0,12
156315.279831,2026-07-15T05:50:55.084,188,0,3,0,12
156315.282418,2026-07-15T05:50:55.086,188,0,3,0,12
156315.284720,2026-07-15T05:50:55.088,188,0,3,0,12
156315.287305,2026-07-15T05:50:55.090,188,0,3,0,12
156315.289702,2026-07-15T05:50:55.094,188,0,3,0,12
156315.292447,2026-07-15T05:50:55.096,188,0,3,0,12
156315.294861,2026-07-15T05:50:55.098,188,0,3,0,12
156315.297648,2026-07-15T05:50:55.101,188,0,3,0,12
156315.300061,2026-07-15T05:50:55.104,188,0,3,0,12
156315.302834,2026-07-15T05:50:55.106,188,0,3,0,12
156315.305507,2026-07-15T05:50:55.109,188,0,3,0,12
156315.308029,2026-07-15T05:50:55.112,188,0,3,0,12
156315.310522,2026-07-15T05:50:55.115,188,0,3,0,12
156315.313004,2026-07-15T05:50:55.117,188,0,3,0,12
156315.315817,2026-07-15T05:50:55.119,188,0,3,0,12
156315.318347,2026-07-15T05:50:55.122,188,0,3,0,12
156315.320783,2026-07-15T05:50:55.124,188,0,3,0,12
156315.323276,2026-07-15T05:50:55.127,188,0,3,0,12
156315.325894,2026-07-15T05:50:55.130,188,0,3,0,12
156315.328398,2026-07-15T05:50:55.131,188,0,3,0,12
156315.330893,2026-07-15T05:50:55.134,188,0,3,0,12
156315.333676,2026-07-15T05:50:55.137,188,0,3,0,12
156315.336062,2026-07-15T05:50:55.140,188,0,3,0,12
156315.338658,2026-07-15T05:50:55.143,188,0,3,0,12
156315.340891,2026-07-15T05:50:55.145,188,0,3,0,12
156315.343638,2026-07-15T05:50:55.147,188,0,3,0,12
156315.345697,2026-07-15T05:50:55.150,188,0,3,0,12
156315.347955,2026-07-15T05:50:55.152,188,0,3,0,12
156315.350189,2026-07-15T05:50:55.154,188,0,3,0,12
156315.352711,2026-07-15T05:50:55.157,188,0,3,0,12
156315.355221,2026-07-15T05:50:55.159,188,0,3,0,12
156315.357869,2026-07-15T05:50:55.162,188,0,3,0,12
156315.360527,2026-07-15T05:50:55.165,188,0,3,0,12
156315.362652,2026-07-15T05:50:55.166,188,0,3,0,12
156315.365806,2026-07-15T05:50:55.169,188,0,3,0,12
156315.368771,2026-07-15T05:50:55.173,188,0,3,0,12
156315.371430,2026-07-15T05:50:55.175,188,0,3,0,12
156315.373991,2026-07-15T05:50:55.178,188,0,3,0,12
156315.376781,2026-07-15T05:50:55.180,188,0,3,0,12
156315.379150,2026-07-15T05:50:55.182,188,0,3,0,12
156315.381896,2026-07-15T05:50:55.185,188,0,3,0,12
156315.384450,2026-07-15T05:50:55.188,188,0,3,0,12
156315.387229,2026-07-15T05:50:55.191,188,0,3,0,12
156315.390009,2026-07-15T05:50:55.193,188,0,3,0,12
156315.392748,2026-07-15T05:50:55.196,188,0,3,0,12
156315.395381,2026-07-15T05:50:55.199,188,0,3,0,12
156315.398201,2026-07-15T05:50:55.202,188,0,3,0,12
156315.401122,2026-07-15T05:50:55.205,188,0,3,0,12
156315.403947,2026-07-15T05:50:55.208,188,0,3,0,12
156315.405982,2026-07-15T05:50:55.210,188,0,3,0,12
156315.408145,2026-07-15T05:50:55.212,188,0,3,0,12
156315.410565,2026-07-15T05:50:55.215,188,0,3,0,12
156315.412758,2026-07-15T05:50:55.217,188,0,3,0,12
156315.415173,2026-07-15T05:50:55.219,188,0,3,0,12
156315.417714,2026-07-15T05:50:55.222,188,0,3,0,12
156315.420134,2026-07-15T05:50:55.224,188,0,3,0,12
156315.422203,2026-07-15T05:50:55.226,188,0,3,0,12
156315.424452,2026-07-15T05:50:55.228,188,0,3,0,12
156315.426999,2026-07-15T05:50:55.231,188,0,3,0,12
156315.429454,2026-07-15T05:50:55.233,188,0,3,0,12
156315.431472,2026-07-15T05:50:55.235,188,0,3,0,12
156315.433714,2026-07-15T05:50:55.237,188,0,3,0,12
156315.436305,2026-07-15T05:50:55.240,188,0,3,0,12
156315.438511,2026-07-15T05:50:55.242,188,0,3,0,12
156315.440580,2026-07-15T05:50:55.245,188,0,3,0,12
156315.443086,2026-07-15T05:50:55.247,188,0,3,0,12
156315.445995,2026-07-15T05:50:55.250,188,0,3,0,12
156315.448469,2026-07-15T05:50:55.252,188,0,3,0,12
156315.451211,2026-07-15T05:50:55.255,188,0,3,0,12
156315.453814,2026-07-15T05:50:55.257,188,0,3,0,12
156315.456474,2026-07-15T05:50:55.260,188,0,3,0,12
156315.458721,2026-07-15T05:50:55.262,188,0,3,0,12
156315.461393,2026-07-15T05:50:55.264,188,0,3,0,12
156315.463956,2026-07-15T05:50:55.268,188,0,3,0,12
156315.466873,2026-07-15T05:50:55.270,188,0,3,0,12
156315.469291,2026-07-15T05:50:55.273,188,0,3,0,12
156315.471873,2026-07-15T05:50:55.275,188,0,3,0,12
156315.474965,2026-07-15T05:50:55.279,188,0,3,0,12
156315.477445,2026-07-15T05:50:55.281,188,0,3,0,12
156315.480022,2026-07-15T05:50:55.283,188,0,3,0,12
156315.483334,2026-07-15T05:50:55.287,188,0,3,0,12
156315.486072,2026-07-15T05:50:55.290,188,0,3,0,12
156315.488863,2026-07-15T05:50:55.293,188,0,3,0,12
156315.491306,2026-07-15T05:50:55.295,188,0,3,0,12
156315.493862,2026-07-15T05:50:55.297,188,0,3,0,12
156315.496479,2026-07-15T05:50:55.300,188,0,3,0,12
156315.499275,2026-07-15T05:50:55.302,188,0,3,0,12
156315.501987,2026-07-15T05:50:55.305,188,0,3,0,12
156315.504622,2026-07-15T05:50:55.308,188,0,3,0,12
156315.507509,2026-07-15T05:50:55.311,188,0,3,0,0
156315.510291,2026-07-15T05:50:55.314,249,3,3,0,0
156315.512497,2026-07-15T05:50:55.316,249,3,3,0,0
156315.515577,2026-07-15T05:50:55.319,249,3,3,0,0
156315.518162,2026-07-15T05:50:55.321,249,3,3,0,0
156315.520764,2026-07-15T05:50:55.324,249,3,3,0,0
156315.523005,2026-07-15T05:50:55.326,249,3,3,0,0
156315.525393,2026-07-15T05:50:55.329,249,3,3,0,0
156315.527890,2026-07-15T05:50:55.331,249,3,3,0,0
156315.529929,2026-07-15T05:50:55.333,249,3,3,0,0
156315.532310,2026-07-15T05:50:55.336,249,3,3,0,0
156315.534450,2026-07-15T05:50:55.338,249,3,3,0,0
156315.536982,2026-07-15T05:50:55.341,249,3,3,0,0
156315.539483,2026-07-15T05:50:55.343,249,3,3,0,0
156315.542536,2026-07-15T05:50:55.346,249,3,3,0,0
156315.545034,2026-07-15T05:50:55.349,249,3,3,0,0
156315.547582,2026-07-15T05:50:55.351,249,3,3,0,0
156315.550624,2026-07-15T05:50:55.354,249,3,3,0,0
156315.553243,2026-07-15T05:50:55.357,249,3,3,0,0
156315.555704,2026-07-15T05:50:55.360,249,3,3,0,0
156315.558218,2026-07-15T05:50:55.362,249,3,3,0,0
156315.560952,2026-07-15T05:50:55.365,249,3,3,0,0
156315.563812,2026-07-15T05:50:55.368,249,3,3,0,0
156315.566556,2026-07-15T05:50:55.370,249,3,3,0,0
156315.569269,2026-07-15T05:50:55.373,249,3,3,0,0
156315.572013,2026-07-15T05:50:55.375,249,3,3,0,0
156315.574461,2026-07-15T05:50:55.378,249,3,3,0,0
156315.576760,2026-07-15T05:50:55.380,249,3,3,0,0
156315.579406,2026-07-15T05:50:55.383,249,3,3,0,0
156315.582244,2026-07-15T05:50:55.386,249,3,3,0,0
156315.584861,2026-07-15T05:50:55.389,249,3,3,0,0
156315.587515,2026-07-15T05:50:55.391,249,3,3,0,0
156315.590001,2026-07-15T05:50:55.394,249,3,3,0,0
156315.592736,2026-07-15T05:50:55.396,249,3,3,0,0
156315.595446,2026-07-15T05:50:55.399,249,3,3,0,0
156315.597797,2026-07-15T05:50:55.402,249,3,3,0,0
156315.600462,2026-07-15T05:50:55.404,249,3,3,0,0
156315.603245,2026-07-15T05:50:55.407,249,3,3,0,0
156315.606015,2026-07-15T05:50:55.409,249,3,3,0,0
156315.608919,2026-07-15T05:50:55.412,249,3,3,0,0
156315.611334,2026-07-15T05:50:55.415,249,3,3,0,0
156315.614204,2026-07-15T05:50:55.418,249,3,3,0,0
156315.617101,2026-07-15T05:50:55.421,249,3,3,0,0
156315.620181,2026-07-15T05:50:55.424,249,3,3,0,0
156315.622414,2026-07-15T05:50:55.426,249,3,3,0,0
156315.624979,2026-07-15T05:50:55.429,249,3,3,0,0
156315.627611,2026-07-15T05:50:55.431,249,3,3,0,0
156315.630026,2026-07-15T05:50:55.434,249,3,3,0,0
156315.632780,2026-07-15T05:50:55.436,249,3,3,0,0
156315.635457,2026-07-15T05:50:55.439,249,3,3,0,0
156315.638093,2026-07-15T05:50:55.441,249,3,3,0,0
156315.641109,2026-07-15T05:50:55.444,249,3,3,0,0
156315.643808,2026-07-15T05:50:55.447,249,3,3,0,0
156315.646151,2026-07-15T05:50:55.449,249,3,3,0,0
156315.648489,2026-07-15T05:50:55.452,249,3,3,0,0
156315.651017,2026-07-15T05:50:55.455,249,3,3,0,0
156315.653396,2026-07-15T05:50:55.457,249,3,3,0,0
156315.655947,2026-07-15T05:50:55.460,249,3,3,0,0
156315.658477,2026-07-15T05:50:55.462,249,3,3,0,0
156315.661280,2026-07-15T05:50:55.465,249,3,3,0,0
156315.663932,2026-07-15T05:50:55.468,249,3,3,0,0
156315.666760,2026-07-15T05:50:55.470,249,3,3,0,0
156315.669542,2026-07-15T05:50:55.474,249,3,3,0,0
156315.672201,2026-07-15T05:50:55.476,249,3,3,0,0
156315.674813,2026-07-15T05:50:55.479,249,3,3,0,0
156315.677251,2026-07-15T05:50:55.481,249,3,3,0,0
156315.680866,2026-07-15T05:50:55.485,249,3,3,0,0
156315.683673,2026-07-15T05:50:55.487,249,3,3,0,0
156315.686218,2026-07-15T05:50:55.490,249,3,3,0,0
156315.688707,2026-07-15T05:50:55.493,249,3,3,0,0
156315.691474,2026-07-15T05:50:55.495,249,3,3,0,0
156315.694228,2026-07-15T05:50:55.497,249,3,3,0,0
156315.696867,2026-07-15T05:50:55.500,249,3,3,0,0
156315.699585,2026-07-15T05:50:55.503,249,3,3,0,0
156315.702069,2026-07-15T05:50:55.506,249,3,3,0,0
156315.704691,2026-07-15T05:50:55.508,249,3,3,0,0
156315.707333,2026-07-15T05:50:55.511,249,3,3,0,0
156315.709920,2026-07-15T05:50:55.514,249,3,3,0,0
156315.712143,2026-07-15T05:50:55.516,249,3,3,0,0
156315.714925,2026-07-15T05:50:55.519,249,3,3,0,0
156315.717354,2026-07-15T05:50:55.521,249,3,3,0,0
156315.720060,2026-07-15T05:50:55.524,249,3,3,0,0
156315.722819,2026-07-15T05:50:55.526,249,3,3,0,0
156315.725048,2026-07-15T05:50:55.528,249,3,3,0,0
156315.727589,2026-07-15T05:50:55.531,249,3,3,0,0
156315.730452,2026-07-15T05:50:55.534,249,3,3,0,0
156315.733109,2026-07-15T05:50:55.536,249,3,3,0,0
156315.735550,2026-07-15T05:50:55.539,249,3,3,0,0
156315.737864,2026-07-15T05:50:55.542,249,3,3,0,0
156315.740332,2026-07-15T05:50:55.544,249,3,3,0,0
156315.742965,2026-07-15T05:50:55.547,249,3,3,0,0
156315.745328,2026-07-15T05:50:55.549,249,3,3,0,0
156315.748222,2026-07-15T05:50:55.552,249,3,3,0,0
156315.751130,2026-07-15T05:50:55.555,249,3,3,0,0
156315.753989,2026-07-15T05:50:55.558,249,3,3,0,0
156315.756740,2026-07-15T05:50:55.560,249,3,3,0,0
156315.759745,2026-07-15T05:50:55.563,249,3,3,0,0
156315.761924,2026-07-15T05:50:55.565,249,3,3,0,0
156315.764428,2026-07-15T05:50:55.568,249,3,3,0,0
156315.767204,2026-07-15T05:50:55.570,249,3,3,0,0
156315.769888,2026-07-15T05:50:55.574,249,3,3,0,0
156315.772512,2026-07-15T05:50:55.576,249,3,3,0,0
156315.775292,2026-07-15T05:50:55.579,249,3,3,0,0
156315.777850,2026-07-15T05:50:55.581,249,3,3,0,0
156315.780564,2026-07-15T05:50:55.584,249,3,3,0,0
156315.783873,2026-07-15T05:50:55.587,249,3,3,0,0
156315.786566,2026-07-15T05:50:55.590,249,3,3,0,0
156315.789335,2026-07-15T05:50:55.593,249,3,3,0,0
156315.792114,2026-07-15T05:50:55.595,249,3,3,0,0
156315.794876,2026-07-15T05:50:55.598,249,3,3,0,0
156315.797757,2026-07-15T05:50:55.601,249,3,3,0,0
156315.800510,2026-07-15T05:50:55.604,249,3,3,0,0
156315.803256,2026-07-15T05:50:55.607,249,3,3,0,0
156315.805695,2026-07-15T05:50:55.610,249,3,3,0,0
156315.808247,2026-07-15T05:50:55.612,249,3,3,0,0
156315.811075,2026-07-15T05:50:55.614,249,3,3,0,0
156315.813690,2026-07-15T05:50:55.617,249,3,3,0,0
156315.816318,2026-07-15T05:50:55.620,249,3,3,0,0
156315.818718,2026-07-15T05:50:55.622,249,3,3,0,0
156315.821281,2026-07-15T05:50:55.625,249,3,3,0,0
156315.823875,2026-07-15T05:50:55.627,249,3,3,0,0
156315.826524,2026-07-15T05:50:55.630,249,3,3,0,0
156315.829020,2026-07-15T05:50:55.632,249,3,3,0,0
156315.831808,2026-07-15T05:50:55.635,249,3,3,0,0
156315.834542,2026-07-15T05:50:55.638,249,3,3,0,0
156315.837171,2026-07-15T05:50:55.641,249,3,3,0,0
156315.839950,2026-07-15T05:50:55.643,249,3,3,0,0
156315.842795,2026-07-15T05:50:55.646,249,3,3,0,0
156315.845046,2026-07-15T05:50:55.648,249,3,3,0,0
156315.847391,2026-07-15T05:50:55.650,249,3,3,0,0
156315.849779,2026-07-15T05:50:55.653,249,3,3,0,0
156315.852303,2026-07-15T05:50:55.655,249,3,3,0,0
156315.854724,2026-07-15T05:50:55.658,249,3,3,0,0
156315.856988,2026-07-15T05:50:55.661,249,3,3,0,0
156315.859517,2026-07-15T05:50:55.663,249,3,3,0,0
156315.861980,2026-07-15T05:50:55.665,249,3,3,0,0
156315.864438,2026-07-15T05:50:55.668,249,3,3,0,0
156315.866987,2026-07-15T05:50:55.670,249,3,3,0,0
156315.869398,2026-07-15T05:50:55.673,249,3,3,0,0
156315.871794,2026-07-15T05:50:55.675,249,3,3,0,0
156315.874592,2026-07-15T05:50:55.678,249,3,3,0,0
156315.876821,2026-07-15T05:50:55.681,249,3,3,0,0
156315.878968,2026-07-15T05:50:55.683,249,3,3,0,0
156315.882246,2026-07-15T05:50:55.686,249,3,3,0,0
156315.884816,2026-07-15T05:50:55.689,249,3,3,0,0
156315.887291,2026-07-15T05:50:55.691,249,3,3,0,0
156315.889797,2026-07-15T05:50:55.694,249,3,3,0,0
156315.892312,2026-07-15T05:50:55.696,249,3,3,0,0
156315.894869,2026-07-15T05:50:55.698,249,3,3,0,0
156315.897548,2026-07-15T05:50:55.701,249,3,3,0,0
156315.901062,2026-07-15T05:50:55.704,249,3,3,0,0
156315.904335,2026-07-15T05:50:55.708,249,3,3,0,0
156315.906900,2026-07-15T05:50:55.710,249,3,3,0,0
156315.909906,2026-07-15T05:50:55.713,249,3,3,0,0
156315.912346,2026-07-15T05:50:55.716,249,3,3,0,0
156315.914854,2026-07-15T05:50:55.718,249,3,3,0,0
156315.917438,2026-07-15T05:50:55.721,249,3,3,0,0
156315.920505,2026-07-15T05:50:55.724,249,3,3,0,0
156315.923544,2026-07-15T05:50:55.727,249,3,3,0,0
156315.926434,2026-07-15T05:50:55.730,249,3,3,0,0
156315.929294,2026-07-15T05:50:55.733,249,3,3,0,0
156315.931775,2026-07-15T05:50:55.736,249,3,3,0,0
156315.934219,2026-07-15T05:50:55.738,249,3,3,0,0
156315.937004,2026-07-15T05:50:55.741,249,3,3,0,0
156315.939588,2026-07-15T05:50:55.744,249,3,3,0,0
156315.942278,2026-07-15T05:50:55.746,249,3,3,0,0
156315.944759,2026-07-15T05:50:55.748,249,3,3,0,0
156315.947379,2026-07-15T05:50:55.751,249,3,3,0,0
156315.949816,2026-07-15T05:50:55.753,249,3,3,0,0
156315.952672,2026-07-15T05:50:55.756,249,3,3,0,0
156315.955447,2026-07-15T05:50:55.759,249,3,3,0,0
156315.958006,2026-07-15T05:50:55.761,249,3,3,0,0
156315.960656,2026-07-15T05:50:55.764,249,3,3,0,0
156315.963068,2026-07-15T05:50:55.767,249,3,3,0,0
156315.965441,2026-07-15T05:50:55.769,249,3,3,0,0
156315.967626,2026-07-15T05:50:55.771,249,3,3,0,0
156315.970203,2026-07-15T05:50:55.774,249,3,3,0,0
156315.972838,2026-07-15T05:50:55.777,249,3,3,0,0
156315.975425,2026-07-15T05:50:55.779,249,3,3,0,0
156315.978005,2026-07-15T05:50:55.781,249,3,3,0,0
156315.980148,2026-07-15T05:50:55.783,249,3,3,0,0
156315.984257,2026-07-15T05:50:55.788,249,3,3,0,0
156315.987116,2026-07-15T05:50:55.791,249,3,3,0,0
156315.989885,2026-07-15T05:50:55.794,249,3,3,0,0
156315.992490,2026-07-15T05:50:55.796,249,3,3,0,0
156315.995164,2026-07-15T05:50:55.799,249,3,3,0,0
156315.997731,2026-07-15T05:50:55.800,249,3,3,0,0
156316.000609,2026-07-15T05:50:55.803,249,3,3,0,0
156316.003227,2026-07-15T05:50:55.807,249,3,3,0,0
156316.005948,2026-07-15T05:50:55.810,249,3,3,0,0
156316.008654,2026-07-15T05:50:55.812,249,3,3,0,0
156316.011389,2026-07-15T05:50:55.815,249,3,3,0,0
156316.013678,2026-07-15T05:50:55.816,249,3,3,0,0
156316.016198,2026-07-15T05:50:55.820,249,3,3,0,0
156316.020056,2026-07-15T05:50:55.823,249,3,3,0,0
156316.022888,2026-07-15T05:50:55.826,249,3,3,0,0
156316.025251,2026-07-15T05:50:55.828,249,3,3,0,0
156316.027970,2026-07-15T05:50:55.831,249,3,3,0,0
156316.030602,2026-07-15T05:50:55.834,249,3,3,0,0
156316.033076,2026-07-15T05:50:55.837,249,3,3,0,0
156316.035910,2026-07-15T05:50:55.840,249,3,3,0,0
156316.038212,2026-07-15T05:50:55.842,249,3,3,0,0
156316.040819,2026-07-15T05:50:55.844,249,3,3,0,0
156316.043316,2026-07-15T05:50:55.847,249,3,3,0,0
156316.045855,2026-07-15T05:50:55.849,249,3,3,0,0
156316.048473,2026-07-15T05:50:55.853,249,3,3,0,0
156316.051413,2026-07-15T05:50:55.855,249,3,3,0,0
156316.054170,2026-07-15T05:50:55.858,249,3,3,0,0
156316.056492,2026-07-15T05:50:55.860,249,3,3,0,0
156316.059034,2026-07-15T05:50:55.862,249,3,3,0,0
156316.061847,2026-07-15T05:50:55.866,249,3,3,0,0
156316.064470,2026-07-15T05:50:55.868,249,3,3,0,0
156316.066757,2026-07-15T05:50:55.870,249,3,3,0,0
156316.069482,2026-07-15T05:50:55.873,249,3,3,0,0
156316.072055,2026-07-15T05:50:55.875,249,3,3,0,0
156316.074811,2026-07-15T05:50:55.879,249,3,3,0,0
156316.077107,2026-07-15T05:50:55.881,249,3,3,0,0
156316.079790,2026-07-15T05:50:55.883,249,3,3,0,0
156316.082087,2026-07-15T05:50:55.886,249,3,3,0,0
156316.084704,2026-07-15T05:50:55.888,249,3,3,0,0
156316.087366,2026-07-15T05:50:55.891,249,3,3,0,0
156316.090055,2026-07-15T05:50:55.893,249,3,3,0,0
156316.092898,2026-07-15T05:50:55.896,249,3,3,0,0
156316.095501,2026-07-15T05:50:55.899,249,3,3,0,0
156316.098094,2026-07-15T05:50:55.902,249,3,3,0,0
156316.100245,2026-07-15T05:50:55.904,249,3,3,0,0
156316.102881,2026-07-15T05:50:55.907,249,3,3,0,0
156316.105189,2026-07-15T05:50:55.909,249,3,3,0,0
156316.109415,2026-07-15T05:50:55.913,249,3,3,0,0
156316.111933,2026-07-15T05:50:55.916,249,3,3,0,0
156316.114376,2026-07-15T05:50:55.917,249,3,3,0,0
156316.117029,2026-07-15T05:50:55.921,249,3,3,0,0
156316.119514,2026-07-15T05:50:55.923,249,3,3,0,0
156316.121618,2026-07-15T05:50:55.926,249,3,3,0,0
156316.123626,2026-07-15T05:50:55.928,249,3,3,0,0
156316.125969,2026-07-15T05:50:55.930,249,3,3,0,0
156316.128416,2026-07-15T05:50:55.932,249,3,3,0,0
156316.130822,2026-07-15T05:50:55.934,249,3,3,0,0
156316.133084,2026-07-15T05:50:55.936,249,3,3,0,0
156316.135641,2026-07-15T05:50:55.940,249,3,3,0,0
156316.137940,2026-07-15T05:50:55.941,249,3,3,0,0
156316.140186,2026-07-15T05:50:55.943,249,3,3,0,0
156316.142644,2026-07-15T05:50:55.947,249,3,3,0,0
156316.144973,2026-07-15T05:50:55.949,249,3,3,0,0
156316.147329,2026-07-15T05:50:55.951,249,3,3,0,0
156316.149826,2026-07-15T05:50:55.953,249,3,3,0,0
156316.151960,2026-07-15T05:50:55.955,249,3,3,0,0
156316.154199,2026-07-15T05:50:55.958,249,3,3,0,0
156316.156380,2026-07-15T05:50:55.960,249,3,3,0,0
156316.158679,2026-07-15T05:50:55.963,249,3,3,0,0
156316.160730,2026-07-15T05:50:55.964,249,3,3,0,0
156316.163300,2026-07-15T05:50:55.967,249,3,3,0,0
156316.165911,2026-07-15T05:50:55.970,249,3,3,0,0
156316.168297,2026-07-15T05:50:55.972,249,3,3,0,0
156316.170697,2026-07-15T05:50:55.975,249,3,3,0,0
156316.173083,2026-07-15T05:50:55.976,249,3,3,0,0
156316.175264,2026-07-15T05:50:55.979,249,3,3,0,0
156316.178418,2026-07-15T05:50:55.982,249,3,3,0,0
156316.180532,2026-07-15T05:50:55.984,249,3,3,0,0
156316.182739,2026-07-15T05:50:55.986,249,3,3,0,0
156316.185155,2026-07-15T05:50:55.989,249,3,3,0,0
156316.187733,2026-07-15T05:50:55.991,249,3,3,0,0
156316.190691,2026-07-15T05:50:55.994,249,3,3,0,0
156316.193412,2026-07-15T05:50:55.997,249,3,3,0,0
156316.195573,2026-07-15T05:50:55.999,249,3,3,0,0
156316.197910,2026-07-15T05:50:56.002,249,3,3,0,0
156316.200002,2026-07-15T05:50:56.003,249,3,3,0,0
156316.202159,2026-07-15T05:50:56.005,249,3,3,0,0
156316.204270,2026-07-15T05:50:56.007,249,3,3,0,0
156316.206724,2026-07-15T05:50:56.011,249,3,3,0,0
156316.209084,2026-07-15T05:50:56.013,249,3,3,0,0
156316.211934,2026-07-15T05:50:56.016,249,3,3,0,0
156316.214157,2026-07-15T05:50:56.018,249,3,3,0,0
156316.216581,2026-07-15T05:50:56.021,249,3,3,0,0
156316.219209,2026-07-15T05:50:56.023,249,3,3,0,0
156316.221459,2026-07-15T05:50:56.025,249,3,3,0,0
156316.224310,2026-07-15T05:50:56.027,249,3,3,0,0
156316.226442,2026-07-15T05:50:56.030,249,3,3,0,0
156316.229114,2026-07-15T05:50:56.033,249,3,3,0,0
156316.231279,2026-07-15T05:50:56.035,249,3,3,0,0
156316.233962,2026-07-15T05:50:56.038,249,3,3,0,0
156316.236180,2026-07-15T05:50:56.040,249,3,3,0,0
156316.238391,2026-07-15T05:50:56.042,249,3,3,0,0
156316.240663,2026-07-15T05:50:56.044,249,3,3,0,0
156316.242672,2026-07-15T05:50:56.046,249,3,3,0,0
156316.244705,2026-07-15T05:50:56.048,249,3,3,0,0
156316.246851,2026-07-15T05:50:56.051,249,3,3,0,0
156316.249481,2026-07-15T05:50:56.053,249,3,3,0,0
156316.251833,2026-07-15T05:50:56.055,249,3,3,0,0
156316.253894,2026-07-15T05:50:56.058,249,3,3,0,0
156316.256167,2026-07-15T05:50:56.060,249,3,3,0,0
156316.258338,2026-07-15T05:50:56.062,249,3,3,0,0
156316.260882,2026-07-15T05:50:56.065,249,3,3,0,0
156316.263634,2026-07-15T05:50:56.068,249,3,3,0,0
156316.266348,2026-07-15T05:50:56.070,249,3,3,0,0
156316.268758,2026-07-15T05:50:56.072,249,3,3,0,0
156316.270980,2026-07-15T05:50:56.074,249,3,3,0,0
156316.273117,2026-07-15T05:50:56.077,249,3,3,0,0
156316.275753,2026-07-15T05:50:56.079,249,3,3,0,0
156316.278569,2026-07-15T05:50:56.082,249,3,3,0,0
156316.280982,2026-07-15T05:50:56.084,249,3,3,0,0
156316.285294,2026-07-15T05:50:56.089,249,3,3,0,0
156316.287671,2026-07-15T05:50:56.091,249,3,3,0,0
156316.290229,2026-07-15T05:50:56.094,249,3,3,0,0
156316.292612,2026-07-15T05:50:56.096,249,3,3,0,0
156316.295287,2026-07-15T05:50:56.099,249,3,3,0,0
156316.297789,2026-07-15T05:50:56.101,249,3,3,0,0
156316.300325,2026-07-15T05:50:56.104,249,3,3,0,0
156316.302720,2026-07-15T05:50:56.107,249,3,3,0,0
156316.304840,2026-07-15T05:50:56.109,249,3,3,0,0
156316.307267,2026-07-15T05:50:56.111,249,3,3,0,0
156316.309585,2026-07-15T05:50:56.113,249,3,3,0,0
156316.311897,2026-07-15T05:50:56.116,249,3,3,0,0
156316.314288,2026-07-15T05:50:56.118,249,3,3,0,0
156316.316321,2026-07-15T05:50:56.120,249,3,3,0,0
156316.318548,2026-07-15T05:50:56.122,249,3,3,0,0
156316.320690,2026-07-15T05:50:56.124,249,3,3,0,0
156316.322815,2026-07-15T05:50:56.126,249,3,3,0,0
156316.325123,2026-07-15T05:50:56.129,249,3,3,0,0
156316.327134,2026-07-15T05:50:56.131,249,3,3,0,0
156316.329494,2026-07-15T05:50:56.134,249,3,3,0,0
156316.331767,2026-07-15T05:50:56.136,249,3,3,0,8
156316.334001,2026-07-15T05:50:56.138,198,0,3,0,8
156316.336718,2026-07-15T05:50:56.141,198,0,3,0,8
156316.338806,2026-07-15T05:50:56.143,198,0,3,0,8
156316.341133,2026-07-15T05:50:56.145,198,0,3,0,8
156316.343670,2026-07-15T05:50:56.147,198,0,3,0,8
156316.346261,2026-07-15T05:50:56.150,198,0,3,0,8
156316.348864,2026-07-15T05:50:56.152,198,0,3,0,8
156316.351280,2026-07-15T05:50:56.155,198,0,3,0,8
156316.353952,2026-07-15T05:50:56.158,198,0,3,0,8
156316.356539,2026-07-15T05:50:56.160,198,0,3,0,8
156316.358994,2026-07-15T05:50:56.163,198,0,3,0,8
156316.361416,2026-07-15T05:50:56.165,198,0,3,0,8
156316.365017,2026-07-15T05:50:56.168,198,0,3,0,8
156316.368322,2026-07-15T05:50:56.172,198,0,3,0,8
156316.370877,2026-07-15T05:50:56.174,198,0,3,0,8
156316.373153,2026-07-15T05:50:56.176,198,0,3,0,8
156316.375889,2026-07-15T05:50:56.179,198,0,3,0,8
156316.378276,2026-07-15T05:50:56.182,198,0,3,0,8
156316.380885,2026-07-15T05:50:56.185,198,0,3,0,8
156316.383129,2026-07-15T05:50:56.186,198,0,3,0,8
156316.386319,2026-07-15T05:50:56.190,198,0,3,0,8
156316.388562,2026-07-15T05:50:56.192,198,0,3,0,8
156316.390886,2026-07-15T05:50:56.195,198,0,3,0,8
156316.392988,2026-07-15T05:50:56.197,198,0,3,0,8
156316.395203,2026-07-15T05:50:56.199,198,0,3,0,8
156316.397314,2026-07-15T05:50:56.201,198,0,3,0,8
156316.399724,2026-07-15T05:50:56.204,198,0,3,0,8
156316.401823,2026-07-15T05:50:56.205,198,0,3,0,8
156316.404154,2026-07-15T05:50:56.207,198,0,3,0,8
156316.406320,2026-07-15T05:50:56.210,198,0,3,0,8
156316.408431,2026-07-15T05:50:56.212,198,0,3,0,8
156316.410775,2026-07-15T05:50:56.214,198,0,3,0,8
156316.413190,2026-07-15T05:50:56.217,198,0,3,0,8
156316.416102,2026-07-15T05:50:56.220,198,0,3,0,8
156316.418872,2026-07-15T05:50:56.222,198,0,3,0,8
156316.421007,2026-07-15T05:50:56.224,198,0,3,0,8
156316.423928,2026-07-15T05:50:56.228,198,0,3,0,8
156316.426681,2026-07-15T05:50:56.230,198,0,3,0,8
156316.429479,2026-07-15T05:50:56.233,198,0,3,0,8
156316.432116,2026-07-15T05:50:56.235,198,0,3,0,8
156316.434934,2026-07-15T05:50:56.238,198,0,3,0,8
156316.437796,2026-07-15T05:50:56.242,198,0,3,0,8
156316.440194,2026-07-15T05:50:56.243,198,0,3,0,8
156316.442930,2026-07-15T05:50:56.247,198,0,3,0,8
156316.445456,2026-07-15T05:50:56.249,198,0,3,0,8
156316.448418,2026-07-15T05:50:56.252,198,0,3,0,8
156316.451216,2026-07-15T05:50:56.255,198,0,3,0,8
156316.453850,2026-07-15T05:50:56.257,198,0,3,0,8
156316.456916,2026-07-15T05:50:56.260,198,0,3,0,8
156316.459889,2026-07-15T05:50:56.264,198,0,3,0,8
156316.462242,2026-07-15T05:50:56.265,198,0,3,0,8
156316.464830,2026-07-15T05:50:56.268,198,0,3,0,8
156316.468324,2026-07-15T05:50:56.272,198,0,3,0,8
156316.470801,2026-07-15T05:50:56.274,198,0,3,0,8
156316.473296,2026-07-15T05:50:56.277,198,0,3,0,8
156316.476005,2026-07-15T05:50:56.280,198,0,3,0,8
156316.478841,2026-07-15T05:50:56.282,198,0,3,0,8
156316.480861,2026-07-15T05:50:56.284,198,0,3,0,8
156316.483249,2026-07-15T05:50:56.287,198,0,3,0,8
156316.487367,2026-07-15T05:50:56.290,198,0,3,0,8
156316.490064,2026-07-15T05:50:56.294,198,0,3,0,8
156316.492462,2026-07-15T05:50:56.296,198,0,3,0,8
156316.495171,2026-07-15T05:50:56.299,198,0,3,0,8
156316.497541,2026-07-15T05:50:56.301,198,0,3,0,8
156316.500576,2026-07-15T05:50:56.304,198,0,3,0,8
156316.503359,2026-07-15T05:50:56.307,198,0,3,0,8
156316.505986,2026-07-15T05:50:56.310,198,0,3,0,8
156316.508644,2026-07-15T05:50:56.312,198,0,3,0,8
156316.511330,2026-07-15T05:50:56.315,198,0,3,0,8
156316.514188,2026-07-15T05:50:56.318,198,0,3,0,8
156316.516825,2026-07-15T05:50:56.321,198,0,3,0,8
156316.519584,2026-07-15T05:50:56.323,198,0,3,0,8
156316.522424,2026-07-15T05:50:56.326,198,0,3,0,8
156316.524658,2026-07-15T05:50:56.328,198,0,3,0,8
156316.527060,2026-07-15T05:50:56.330,198,0,3,0,8
156316.529856,2026-07-15T05:50:56.333,198,0,3,0,8
156316.532124,2026-07-15T05:50:56.336,198,0,3,0,8
156316.534548,2026-07-15T05:50:56.339,198,0,3,0,8
156316.537129,2026-07-15T05:50:56.341,198,0,3,0,8
156316.539856,2026-07-15T05:50:56.344,198,0,3,0,8
156316.542396,2026-07-15T05:50:56.346,198,0,3,0,8
156316.544529,2026-07-15T05:50:56.348,198,0,3,0,8
156316.546977,2026-07-15T05:50:56.350,198,0,3,0,8
156316.549498,2026-07-15T05:50:56.353,198,0,3,0,8
156316.551949,2026-07-15T05:50:56.356,198,0,3,0,8
156316.554644,2026-07-15T05:50:56.358,198,0,3,0,8
156316.557429,2026-07-15T05:50:56.360,198,0,3,0,8
156316.560165,2026-07-15T05:50:56.364,198,0,3,0,8
156316.562245,2026-07-15T05:50:56.366,198,0,3,0,8
156316.564986,2026-07-15T05:50:56.369,198,0,3,0,8
156316.567381,2026-07-15T05:50:56.371,198,0,3,0,8
156316.570233,2026-07-15T05:50:56.374,198,0,3,0,8
156316.572599,2026-07-15T05:50:56.376,198,0,3,0,8
156316.574836,2026-07-15T05:50:56.379,198,0,3,0,8
156316.577119,2026-07-15T05:50:56.381,198,0,3,0,9
156316.579669,2026-07-15T05:50:56.383,69,0,3,0,9
156316.582118,2026-07-15T05:50:56.386,69,0,3,0,9
156316.585563,2026-07-15T05:50:56.389,69,0,3,0,9
156316.588363,2026-07-15T05:50:56.391,69,0,3,0,9
156316.591050,2026-07-15T05:50:56.395,69,0,3,0,9
156316.593501,2026-07-15T05:50:56.397,69,0,3,0,9
156316.596023,2026-07-15T05:50:56.400,69,0,3,0,9
156316.598939,2026-07-15T05:50:56.403,69,0,3,0,9
156316.601767,2026-07-15T05:50:56.406,69,0,3,0,9
156316.604516,2026-07-15T05:50:56.409,69,0,3,0,9
156316.607329,2026-07-15T05:50:56.411,69,0,3,0,9
156316.610166,2026-07-15T05:50:56.413,69,0,3,0,9
156316.612667,2026-07-15T05:50:56.416,69,0,3,0,9
156316.615521,2026-07-15T05:50:56.419,69,0,3,0,9
156316.618658,2026-07-15T05:50:56.423,69,0,3,0,9
156316.621484,2026-07-15T05:50:56.425,69,0,3,0,9
156316.624982,2026-07-15T05:50:56.428,69,0,3,0,9
156316.627470,2026-07-15T05:50:56.431,69,0,3,0,9
156316.630148,2026-07-15T05:50:56.434,69,0,3,0,9
156316.632768,2026-07-15T05:50:56.436,69,0,3,0,9
156316.635344,2026-07-15T05:50:56.439,69,0,3,0,9
156316.638169,2026-07-15T05:50:56.442,69,0,3,0,9
156316.640824,2026-07-15T05:50:56.444,69,0,3,0,9
156316.643459,2026-07-15T05:50:56.447,69,0,3,0,9
156316.646012,2026-07-15T05:50:56.450,69,0,3,0,9
156316.648718,2026-07-15T05:50:56.453,69,0,3,0,9
156316.651329,2026-07-15T05:50:56.455,69,0,3,0,9
156316.653907,2026-07-15T05:50:56.458,69,0,3,0,9
156316.656588,2026-07-15T05:50:56.460,69,0,3,0,9
156316.659003,2026-07-15T05:50:56.463,69,0,3,0,9
156316.662015,2026-07-15T05:50:56.466,69,0,3,0,9
156316.664493,2026-07-15T05:50:56.468,69,0,3,0,9
156316.667133,2026-07-15T05:50:56.471,69,0,3,0,9
156316.669224,2026-07-15T05:50:56.473,69,0,3,0,9
156316.671895,2026-07-15T05:50:56.476,69,0,3,0,9
156316.674827,2026-07-15T05:50:56.478,69,0,3,0,9
156316.677333,2026-07-15T05:50:56.481,69,0,3,0,9
156316.680037,2026-07-15T05:50:56.483,69,0,3,0,9
156316.682860,2026-07-15T05:50:56.487,69,0,3,0,9
156316.685738,2026-07-15T05:50:56.489,69,0,3,0,9
156316.688386,2026-07-15T05:50:56.492,69,0,3,0,9
156316.691204,2026-07-15T05:50:56.495,69,0,3,0,9
156316.693781,2026-07-15T05:50:56.498,69,0,3,0,9
156316.696238,2026-07-15T05:50:56.500,69,0,3,0,9
156316.698667,2026-07-15T05:50:56.502,69,0,3,0,9
156316.701208,2026-07-15T05:50:56.505,69,0,3,0,9
156316.703973,2026-07-15T05:50:56.508,69,0,3,0,9
156316.706109,2026-07-15T05:50:56.510,69,0,3,0,9
156316.708786,2026-07-15T05:50:56.512,69,0,3,0,9
156316.711288,2026-07-15T05:50:56.515,69,0,3,0,9
156316.714080,2026-07-15T05:50:56.518,69,0,3,0,9
156316.716889,2026-07-15T05:50:56.520,69,0,3,0,9
156316.719496,2026-07-15T05:50:56.523,69,0,3,0,9
156316.721936,2026-07-15T05:50:56.526,69,0,3,0,9
156316.724588,2026-07-15T05:50:56.528,69,0,3,0,9
156316.727496,2026-07-15T05:50:56.531,69,0,3,0,9
156316.730017,2026-07-15T05:50:56.533,69,0,3,0,9
156316.732889,2026-07-15T05:50:56.535,69,0,3,0,9
156316.735187,2026-07-15T05:50:56.539,69,0,3,0,9
156316.737802,2026-07-15T05:50:56.542,69,0,3,0,9
156316.740265,2026-07-15T05:50:56.544,69,0,3,0,9
156316.743059,2026-07-15T05:50:56.546,69,0,3,0,9
156316.745756,2026-07-15T05:50:56.549,69,0,3,0,9
156316.748462,2026-07-15T05:50:56.552,69,0,3,0,9
156316.751268,2026-07-15T05:50:56.554,69,0,3,0,9
156316.754027,2026-07-15T05:50:56.557,69,0,3,0,9
156316.756425,2026-07-15T05:50:56.560,69,0,3,0,9
156316.759012,2026-07-15T05:50:56.563,69,0,3,0,9
156316.761407,2026-07-15T05:50:56.565,69,0,3,0,9
156316.764048,2026-07-15T05:50:56.567,69,0,3,0,9
156316.766855,2026-07-15T05:50:56.570,69,0,3,0,9
156316.769114,2026-07-15T05:50:56.573,69,0,3,0,9
156316.771864,2026-07-15T05:50:56.575,69,0,3,0,9
156316.774466,2026-07-15T05:50:56.578,69,0,3,0,9
156316.777019,2026-07-15T05:50:56.580,69,0,3,0,9
156316.779826,2026-07-15T05:50:56.583,69,0,3,0,9
156316.781944,2026-07-15T05:50:56.585,69,0,3,0,9
156316.784863,2026-07-15T05:50:56.588,69,0,3,0,9
156316.788162,2026-07-15T05:50:56.592,69,0,3,0,9
156316.790833,2026-07-15T05:50:56.594,69,0,3,0,9
156316.794010,2026-07-15T05:50:56.598,69,0,3,0,9
156316.796663,2026-07-15T05:50:56.601,69,0,3,0,9
156316.799286,2026-07-15T05:50:56.603,69,0,3,0,9
156316.801829,2026-07-15T05:50:56.605,69,0,3,0,9
156316.804433,2026-07-15T05:50:56.608,69,0,3,0,9
156316.806850,2026-07-15T05:50:56.610,69,0,3,0,9
156316.809461,2026-07-15T05:50:56.613,69,0,3,0,9
156316.811981,2026-07-15T05:50:56.616,69,0,3,0,9
156316.814420,2026-07-15T05:50:56.618,69,0,3,0,9
156316.816974,2026-07-15T05:50:56.620,69,0,3,0,9
156316.819670,2026-07-15T05:50:56.624,69,0,3,0,9
156316.822374,2026-07-15T05:50:56.626,3,3,3,0,0
156316.825186,2026-07-15T05:50:56.628,3,3,3,0,0
156316.827520,2026-07-15T05:50:56.631,3,3,3,0,0
156316.830761,2026-07-15T05:50:56.635,3,3,3,0,0
156316.833251,2026-07-15T05:50:56.637,3,3,3,0,0
156316.835710,2026-07-15T05:50:56.639,3,3,3,0,0
156316.838410,2026-07-15T05:50:56.642,3,3,3,0,0
156316.841360,2026-07-15T05:50:56.645,3,3,3,0,0
156316.843784,2026-07-15T05:50:56.648,3,3,3,0,0
156316.846335,2026-07-15T05:50:56.650,3,3,3,0,0
156316.848337,2026-07-15T05:50:56.651,3,3,3,0,0
156316.850537,2026-07-15T05:50:56.655,3,3,3,0,0
156316.852973,2026-07-15T05:50:56.656,3,3,3,0,0
156316.855066,2026-07-15T05:50:56.658,3,3,3,0,0
156316.857675,2026-07-15T05:50:56.662,3,3,3,0,0
156316.860125,2026-07-15T05:50:56.664,3,3,3,0,0
156316.862154,2026-07-15T05:50:56.666,3,3,3,0,0
156316.864297,2026-07-15T05:50:56.668,3,3,3,0,0
156316.867105,2026-07-15T05:50:56.670,3,3,3,0,0
156316.869632,2026-07-15T05:50:56.673,3,3,3,0,0
156316.872158,2026-07-15T05:50:56.675,3,3,3,0,0
156316.874831,2026-07-15T05:50:56.678,3,3,3,0,0
156316.877514,2026-07-15T05:50:56.681,3,3,3,0,0
156316.880132,2026-07-15T05:50:56.684,3,3,3,0,0
156316.882716,2026-07-15T05:50:56.686,3,3,3,0,0
156316.885058,2026-07-15T05:50:56.689,3,3,3,0,0
156316.889102,2026-07-15T05:50:56.693,3,3,3,0,0
156316.891887,2026-07-15T05:50:56.695,3,3,3,0,0
156316.893945,2026-07-15T05:50:56.698,3,3,3,0,0
156316.896625,2026-07-15T05:50:56.700,3,3,3,0,0
156316.899255,2026-07-15T05:50:56.703,3,3,3,0,0
156316.901837,2026-07-15T05:50:56.705,3,3,3,0,0
156316.904204,2026-07-15T05:50:56.708,3,3,3,0,0
156316.906806,2026-07-15T05:50:56.711,3,3,3,0,0
156316.909029,2026-07-15T05:50:56.713,3,3,3,0,0
156316.911978,2026-07-15T05:50:56.716,3,3,3,0,0
156316.914254,2026-07-15T05:50:56.718,3,3,3,0,0
156316.916969,2026-07-15T05:50:56.721,3,3,3,0,0
156316.919737,2026-07-15T05:50:56.724,3,3,3,0,0
156316.922049,2026-07-15T05:50:56.726,3,3,3,0,0
156316.924629,2026-07-15T05:50:56.728,3,3,3,0,0
156316.927158,2026-07-15T05:50:56.731,3,3,3,0,0
156316.929672,2026-07-15T05:50:56.733,3,3,3,0,0
156316.932608,2026-07-15T05:50:56.736,3,3,3,0,0
156316.935373,2026-07-15T05:50:56.739,3,3,3,0,0
156316.938017,2026-07-15T05:50:56.742,3,3,3,0,0
156316.940500,2026-07-15T05:50:56.745,3,3,3,0,0
156316.942966,2026-07-15T05:50:56.746,3,3,3,0,0
156316.945102,2026-07-15T05:50:56.748,3,3,3,0,0
156316.947287,2026-07-15T05:50:56.750,3,3,3,0,0
156316.949985,2026-07-15T05:50:56.753,3,3,3,0,0
156316.952469,2026-07-15T05:50:56.756,3,3,3,0,0
156316.955110,2026-07-15T05:50:56.759,3,3,3,0,0
156316.957952,2026-07-15T05:50:56.762,3,3,3,0,0
156316.960548,2026-07-15T05:50:56.764,3,3,3,0,0
156316.963001,2026-07-15T05:50:56.767,3,3,3,0,0
156316.965645,2026-07-15T05:50:56.770,3,3,3,0,0
156316.968238,2026-07-15T05:50:56.772,3,3,3,0,0
156316.970652,2026-07-15T05:50:56.774,3,3,3,0,0
156316.973055,2026-07-15T05:50:56.776,3,3,3,0,0
156316.975660,2026-07-15T05:50:56.779,3,3,3,0,0
156316.977934,2026-07-15T05:50:56.781,3,3,3,0,0
156316.980338,2026-07-15T05:50:56.784,3,3,3,0,0
156316.983016,2026-07-15T05:50:56.787,3,3,3,0,0
156316.985656,2026-07-15T05:50:56.789,3,3,3,0,0
156316.988649,2026-07-15T05:50:56.792,3,3,3,0,0
156316.991064,2026-07-15T05:50:56.795,3,3,3,0,0
156316.993668,2026-07-15T05:50:56.797,3,3,3,0,0
156316.996258,2026-07-15T05:50:56.800,3,3,3,0,0
156316.998906,2026-07-15T05:50:56.803,3,3,3,0,0
156317.001436,2026-07-15T05:50:56.805,3,3,3,0,0
156317.003751,2026-07-15T05:50:56.808,3,3,3,0,0
156317.006111,2026-07-15T05:50:56.809,3,3,3,0,0
156317.008637,2026-07-15T05:50:56.812,3,3,3,0,0
156317.011338,2026-07-15T05:50:56.815,3,3,3,0,0
156317.013833,2026-07-15T05:50:56.818,3,3,3,0,0
156317.016349,2026-07-15T05:50:56.820,3,3,3,0,0
156317.018904,2026-07-15T05:50:56.823,3,3,3,0,0
156317.021490,2026-07-15T05:50:56.825,3,3,3,0,0
156317.023820,2026-07-15T05:50:56.828,3,3,3,0,0
156317.026473,2026-07-15T05:50:56.830,3,3,3,0,0
156317.029109,2026-07-15T05:50:56.833,3,3,3,0,0
156317.031961,2026-07-15T05:50:56.836,3,3,3,0,0
156317.034999,2026-07-15T05:50:56.839,3,3,3,0,0
156317.037827,2026-07-15T05:50:56.841,3,3,3,0,0
156317.040656,2026-07-15T05:50:56.844,3,3,3,0,0
156317.043358,2026-07-15T05:50:56.847,3,3,3,0,0
156317.045890,2026-07-15T05:50:56.849,3,3,3,0,0
156317.048808,2026-07-15T05:50:56.852,3,3,3,0,0
156317.051220,2026-07-15T05:50:56.855,3,3,3,0,0
156317.054002,2026-07-15T05:50:56.858,3,3,3,0,0
156317.056551,2026-07-15T05:50:56.860,3,3,3,0,0
156317.059239,2026-07-15T05:50:56.863,3,3,3,0,0
156317.061933,2026-07-15T05:50:56.866,3,3,3,0,0
156317.064641,2026-07-15T05:50:56.868,3,3,3,0,0
156317.067385,2026-07-15T05:50:56.871,3,3,3,0,0
156317.069865,2026-07-15T05:50:56.874,3,3,3,0,0
156317.072407,2026-07-15T05:50:56.876,3,3,3,0,0
156317.074776,2026-07-15T05:50:56.878,3,3,3,0,0
156317.077527,2026-07-15T05:50:56.881,3,3,3,0,0
156317.079858,2026-07-15T05:50:56.884,3,3,3,0,0
156317.081983,2026-07-15T05:50:56.886,3,3,3,0,0
156317.084887,2026-07-15T05:50:56.888,3,3,3,0,0
156317.088091,2026-07-15T05:50:56.891,3,3,3,0,0
156317.091905,2026-07-15T05:50:56.895,3,3,3,0,0
156317.094116,2026-07-15T05:50:56.897,3,3,3,0,0
156317.096631,2026-07-15T05:50:56.900,3,3,3,0,0
156317.099261,2026-07-15T05:50:56.903,3,3,3,0,0
156317.101894,2026-07-15T05:50:56.906,3,3,3,0,0
156317.104383,2026-07-15T05:50:56.908,3,3,3,0,0
156317.107134,2026-07-15T05:50:56.911,3,3,3,0,0
156317.110359,2026-07-15T05:50:56.914,3,3,3,0,0
156317.113160,2026-07-15T05:50:56.917,3,3,3,0,0
156317.115814,2026-07-15T05:50:56.920,3,3,3,0,0
156317.118519,2026-07-15T05:50:56.922,3,3,3,0,0
156317.121349,2026-07-15T05:50:56.924,3,3,3,0,0
156317.123883,2026-07-15T05:50:56.927,3,3,3,0,0
156317.127112,2026-07-15T05:50:56.930,3,3,3,0,0
156317.129361,2026-07-15T05:50:56.933,3,3,3,0,0
156317.131656,2026-07-15T05:50:56.936,3,3,3,0,0
156317.133895,2026-07-15T05:50:56.938,3,3,3,0,0
156317.136313,2026-07-15T05:50:56.940,3,3,3,0,0
156317.138991,2026-07-15T05:50:56.943,3,3,3,0,0
156317.141623,2026-07-15T05:50:56.945,3,3,3,0,0
156317.144057,2026-07-15T05:50:56.948,3,3,3,0,0
156317.146494,2026-07-15T05:50:56.951,3,3,3,0,0
156317.148952,2026-07-15T05:50:56.953,3,3,3,0,0
156317.151233,2026-07-15T05:50:56.955,3,3,3,0,0
156317.153964,2026-07-15T05:50:56.958,3,3,3,0,0
156317.156054,2026-07-15T05:50:56.959,3,3,3,0,0
156317.158680,2026-07-15T05:50:56.962,3,3,3,0,0
156317.161221,2026-07-15T05:50:56.964,3,3,3,0,0
156317.163869,2026-07-15T05:50:56.967,3,3,3,0,0
156317.166242,2026-07-15T05:50:56.970,3,3,3,0,0
156317.168504,2026-07-15T05:50:56.972,3,3,3,0,0
156317.170875,2026-07-15T05:50:56.975,3,3,3,0,0
156317.173385,2026-07-15T05:50:56.977,3,3,3,0,0
156317.176119,2026-07-15T05:50:56.980,3,3,3,0,0
156317.178745,2026-07-15T05:50:56.982,3,3,3,0,0
156317.181149,2026-07-15T05:50:56.985,3,3,3,0,0
156317.183464,2026-07-15T05:50:56.987,3,3,3,0,0
156317.186232,2026-07-15T05:50:56.990,3,3,3,0,0
156317.189346,2026-07-15T05:50:56.993,3,3,3,0,0
156317.191570,2026-07-15T05:50:56.995,3,3,3,0,0
156317.194032,2026-07-15T05:50:56.998,3,3,3,0,0
156317.196118,2026-07-15T05:50:56.999,3,3,3,0,0
156317.198988,2026-07-15T05:50:57.002,3,3,3,0,0
156317.201505,2026-07-15T05:50:57.005,3,3,3,0,0
156317.203760,2026-07-15T05:50:57.008,3,3,3,0,0
156317.206072,2026-07-15T05:50:57.010,3,3,3,0,0
156317.208479,2026-07-15T05:50:57.012,3,3,3,0,0
156317.210757,2026-07-15T05:50:57.015,3,3,3,0,0
156317.212790,2026-07-15T05:50:57.017,3,3,3,0,0
156317.215010,2026-07-15T05:50:57.019,3,3,3,0,0
156317.217837,2026-07-15T05:50:57.022,3,3,3,0,0
156317.219856,2026-07-15T05:50:57.024,3,3,3,0,0
156317.222335,2026-07-15T05:50:57.026,3,3,3,0,0
156317.225022,2026-07-15T05:50:57.029,3,3,3,0,0
156317.227701,2026-07-15T05:50:57.032,3,3,3,0,0
156317.230349,2026-07-15T05:50:57.034,3,3,3,0,0
156317.232899,2026-07-15T05:50:57.037,3,3,3,0,0
156317.234922,2026-07-15T05:50:57.039,3,3,3,0,0
156317.237358,2026-07-15T05:50:57.041,3,3,3,0,0
156317.239673,2026-07-15T05:50:57.044,3,3,3,0,0
156317.241889,2026-07-15T05:50:57.046,3,3,3,0,0
156317.244238,2026-07-15T05:50:57.048,3,3,3,0,0
156317.246669,2026-07-15T05:50:57.051,3,3,3,0,0
156317.248690,2026-07-15T05:50:57.053,3,3,3,0,0
156317.250991,2026-07-15T05:50:57.055,3,3,3,0,0
156317.253051,2026-07-15T05:50:57.057,3,3,3,0,0
156317.255544,2026-07-15T05:50:57.059,3,3,3,0,0
156317.257636,2026-07-15T05:50:57.061,3,3,3,0,0
156317.260123,2026-07-15T05:50:57.063,3,3,3,0,0
156317.262219,2026-07-15T05:50:57.065,3,3,3,0,0
156317.264733,2026-07-15T05:50:57.068,3,3,3,0,0
156317.267180,2026-07-15T05:50:57.070,3,3,3,0,0
156317.269697,2026-07-15T05:50:57.073,3,3,3,0,0
156317.272295,2026-07-15T05:50:57.076,3,3,3,0,0
156317.274404,2026-07-15T05:50:57.078,3,3,3,0,0
156317.276845,2026-07-15T05:50:57.080,3,3,3,0,0
156317.279196,2026-07-15T05:50:57.083,3,3,3,0,0
156317.281652,2026-07-15T05:50:57.085,3,3,3,0,0
156317.284211,2026-07-15T05:50:57.088,3,3,3,0,0
156317.286924,2026-07-15T05:50:57.091,3,3,3,0,0
156317.289252,2026-07-15T05:50:57.093,3,3,3,0,0
156317.291982,2026-07-15T05:50:57.096,3,3,3,0,0
156317.294648,2026-07-15T05:50:57.098,3,3,3,0,0
156317.297171,2026-07-15T05:50:57.101,3,3,3,0,0
156317.299407,2026-07-15T05:50:57.103,3,3,3,0,0
156317.301488,2026-07-15T05:50:57.105,3,3,3,0,0
156317.304135,2026-07-15T05:50:57.108,3,3,3,0,0
156317.306661,2026-07-15T05:50:57.110,3,3,3,0,0
156317.308887,2026-07-15T05:50:57.113,3,3,3,0,0
156317.311702,2026-07-15T05:50:57.116,3,3,3,0,0
156317.314166,2026-07-15T05:50:57.118,3,3,3,0,0
156317.316614,2026-07-15T05:50:57.121,3,3,3,0,0
156317.319146,2026-07-15T05:50:57.123,3,3,3,0,0
156317.321634,2026-07-15T05:50:57.126,3,3,3,0,0
156317.324650,2026-07-15T05:50:57.128,3,3,3,0,0
156317.327415,2026-07-15T05:50:57.130,3,3,3,0,0
156317.330101,2026-07-15T05:50:57.134,3,3,3,0,0
156317.332686,2026-07-15T05:50:57.136,3,3,3,0,0
156317.335347,2026-07-15T05:50:57.139,3,3,3,0,0
156317.338052,2026-07-15T05:50:57.141,3,3,3,0,0
156317.340367,2026-07-15T05:50:57.144,3,3,3,0,0
156317.343236,2026-07-15T05:50:57.147,3,3,3,0,0
156317.345925,2026-07-15T05:50:57.149,3,3,3,0,0
156317.348449,2026-07-15T05:50:57.152,3,3,3,0,0
156317.351172,2026-07-15T05:50:57.155,3,3,3,0,0
156317.353942,2026-07-15T05:50:57.157,3,3,3,0,0
156317.356952,2026-07-15T05:50:57.160,3,3,3,0,0
156317.360032,2026-07-15T05:50:57.164,3,3,3,0,0
156317.363053,2026-07-15T05:50:57.167,3,3,3,0,0
156317.366046,2026-07-15T05:50:57.169,3,3,3,0,0
156317.369320,2026-07-15T05:50:57.173,3,3,3,0,0
156317.372022,2026-07-15T05:50:57.176,3,3,3,0,0
156317.375086,2026-07-15T05:50:57.179,3,3,3,0,0
156317.377846,2026-07-15T05:50:57.182,3,3,3,0,0
156317.380794,2026-07-15T05:50:57.184,3,3,3,0,0
156317.383176,2026-07-15T05:50:57.187,3,3,3,0,0
156317.386070,2026-07-15T05:50:57.190,3,3,3,0,0
156317.389003,2026-07-15T05:50:57.192,3,3,3,0,0
156317.391915,2026-07-15T05:50:57.195,3,3,3,0,0
156317.395276,2026-07-15T05:50:57.199,3,3,3,0,0
156317.397971,2026-07-15T05:50:57.202,3,3,3,0,0
156317.400635,2026-07-15T05:50:57.204,3,3,3,0,0
156317.403301,2026-07-15T05:50:57.207,3,3,3,0,0
156317.405830,2026-07-15T05:50:57.209,3,3,3,0,0
156317.408553,2026-07-15T05:50:57.212,3,3,3,0,0
156317.410930,2026-07-15T05:50:57.214,3,3,3,0,0
156317.413747,2026-07-15T05:50:57.217,3,3,3,0,0
156317.416307,2026-07-15T05:50:57.220,3,3,3,0,0
156317.419132,2026-07-15T05:50:57.223,3,3,3,0,0
156317.421682,2026-07-15T05:50:57.225,3,3,3,0,0
156317.424055,2026-07-15T05:50:57.228,3,3,3,0,0
156317.426875,2026-07-15T05:50:57.231,3,3,3,0,0
156317.429692,2026-07-15T05:50:57.234,3,3,3,0,0
156317.432243,2026-07-15T05:50:57.236,3,3,3,0,0
156317.434922,2026-07-15T05:50:57.239,3,3,3,0,0
156317.437631,2026-07-15T05:50:57.241,3,3,3,0,0
156317.440531,2026-07-15T05:50:57.244,3,3,3,0,0
156317.443598,2026-07-15T05:50:57.247,3,3,3,0,0
156317.446322,2026-07-15T05:50:57.250,3,3,3,0,0
156317.448712,2026-07-15T05:50:57.252,3,3,3,0,0
156317.451484,2026-07-15T05:50:57.255,3,3,3,0,0
156317.453686,2026-07-15T05:50:57.258,3,3,3,0,0
156317.456343,2026-07-15T05:50:57.260,3,3,3,0,0
156317.458936,2026-07-15T05:50:57.262,3,3,3,0,0
156317.462212,2026-07-15T05:50:57.265,3,3,3,0,0
156317.465025,2026-07-15T05:50:57.269,3,3,3,0,0
156317.468044,2026-07-15T05:50:57.272,3,3,3,0,0
156317.470785,2026-07-15T05:50:57.274,3,3,3,0,0
156317.473355,2026-07-15T05:50:57.277,3,3,3,0,0
156317.476003,2026-07-15T05:50:57.280,3,3,3,0,0
156317.478451,2026-07-15T05:50:57.282,3,3,3,0,0
156317.481326,2026-07-15T05:50:57.285,3,3,3,0,0
156317.483918,2026-07-15T05:50:57.287,3,3,3,0,0
156317.486342,2026-07-15T05:50:57.290,3,3,3,0,0
156317.489437,2026-07-15T05:50:57.293,3,3,3,0,0
156317.491872,2026-07-15T05:50:57.296,3,3,3,0,0
156317.494223,2026-07-15T05:50:57.298,3,3,3,0,0
156317.497040,2026-07-15T05:50:57.300,3,3,3,0,0
156317.499957,2026-07-15T05:50:57.303,3,3,3,0,0
156317.502472,2026-07-15T05:50:57.306,3,3,3,0,0
156317.504813,2026-07-15T05:50:57.308,3,3,3,0,0
156317.507408,2026-07-15T05:50:57.310,3,3,3,0,0
156317.510233,2026-07-15T05:50:57.314,3,3,3,0,0
156317.512594,2026-07-15T05:50:57.316,3,3,3,0,0
156317.515028,2026-07-15T05:50:57.318,3,3,3,0,0
156317.517545,2026-07-15T05:50:57.321,3,3,3,0,0
156317.519976,2026-07-15T05:50:57.324,3,3,3,0,0
156317.522718,2026-07-15T05:50:57.326,3,3,3,0,0
156317.525270,2026-07-15T05:50:57.329,3,3,3,0,0
156317.527541,2026-07-15T05:50:57.332,3,3,3,0,0
156317.530350,2026-07-15T05:50:57.334,3,3,3,0,0
156317.533178,2026-07-15T05:50:57.337,3,3,3,0,0
156317.536771,2026-07-15T05:50:57.339,3,3,3,0,0
156317.539001,2026-07-15T05:50:57.342,3,3,3,0,0
156317.541753,2026-07-15T05:50:57.346,3,3,3,0,0
156317.544228,2026-07-15T05:50:57.347,3,3,3,0,0
156317.546519,2026-07-15T05:50:57.349,3,3,3,0,0
156317.548994,2026-07-15T05:50:57.352,3,3,3,0,0
156317.551648,2026-07-15T05:50:57.355,3,3,3,0,0
156317.554026,2026-07-15T05:50:57.357,3,3,3,0,0
156317.556776,2026-07-15T05:50:57.360,3,3,3,0,0
156317.559093,2026-07-15T05:50:57.363,3,3,3,0,0
156317.561349,2026-07-15T05:50:57.364,3,3,3,0,0
156317.563810,2026-07-15T05:50:57.368,3,3,3,0,0
156317.566152,2026-07-15T05:50:57.369,3,3,3,0,0
156317.568591,2026-07-15T05:50:57.372,3,3,3,0,0
156317.570940,2026-07-15T05:50:57.375,3,3,3,0,0
156317.573118,2026-07-15T05:50:57.377,3,3,3,0,0
156317.575278,2026-07-15T05:50:57.379,3,3,3,0,0
156317.577553,2026-07-15T05:50:57.381,3,3,3,0,0
156317.580333,2026-07-15T05:50:57.384,3,3,3,0,0
156317.583011,2026-07-15T05:50:57.387,3,3,3,0,0
156317.585884,2026-07-15T05:50:57.389,3,3,3,0,0
156317.588773,2026-07-15T05:50:57.393,3,3,3,0,0
156317.592135,2026-07-15T05:50:57.396,3,3,3,0,0
156317.594553,2026-07-15T05:50:57.398,3,3,3,0,0
156317.596599,2026-07-15T05:50:57.400,3,3,3,0,0
156317.598687,2026-07-15T05:50:57.403,3,3,3,0,0
156317.601305,2026-07-15T05:50:57.405,3,3,3,0,0
156317.603834,2026-07-15T05:50:57.407,3,3,3,0,0
156317.606066,2026-07-15T05:50:57.410,3,3,3,0,0
156317.608737,2026-07-15T05:50:57.412,3,3,3,0,0
156317.610965,2026-07-15T05:50:57.414,3,3,3,0,0
156317.613512,2026-07-15T05:50:57.417,3,3,3,0,0
156317.615936,2026-07-15T05:50:57.420,3,3,3,0,0
156317.618691,2026-07-15T05:50:57.422,3,3,3,0,0
156317.621355,2026-07-15T05:50:57.424,3,3,3,0,0
156317.623938,2026-07-15T05:50:57.428,3,3,3,0,0
156317.626856,2026-07-15T05:50:57.431,3,3,3,0,0
156317.629160,2026-07-15T05:50:57.432,3,3,3,0,0
156317.631585,2026-07-15T05:50:57.435,3,3,3,0,0
156317.633817,2026-07-15T05:50:57.437,3,3,3,0,0
156317.636175,2026-07-15T05:50:57.440,3,3,3,0,0
156317.638731,2026-07-15T05:50:57.443,3,3,3,0,0
156317.641324,2026-07-15T05:50:57.445,3,3,3,0,0
156317.643327,2026-07-15T05:50:57.447,3,3,3,0,0
156317.645446,2026-07-15T05:50:57.449,3,3,3,0,0
156317.647748,2026-07-15T05:50:57.452,3,3,3,0,0
156317.650302,2026-07-15T05:50:57.454,3,3,3,0,0
156317.652363,2026-07-15T05:50:57.456,3,3,3,0,10
156317.655016,2026-07-15T05:50:57.459,48,0,3,0,10
156317.657519,2026-07-15T05:50:57.461,48,0,3,0,10
156317.660095,2026-07-15T05:50:57.464,48,0,3,0,10
156317.662585,2026-07-15T05:50:57.467,48,0,3,0,10
156317.664731,2026-07-15T05:50:57.469,48,0,3,0,10
156317.667390,2026-07-15T05:50:57.471,48,0,3,0,10
156317.669400,2026-07-15T05:50:57.473,48,0,3,0,10
156317.671437,2026-07-15T05:50:57.475,48,0,3,0,10
156317.673708,2026-07-15T05:50:57.476,48,0,3,0,10
156317.676227,2026-07-15T05:50:57.480,48,0,3,0,10
156317.678799,2026-07-15T05:50:57.483,48,0,3,0,10
156317.680809,2026-07-15T05:50:57.484,48,0,3,0,10
156317.683425,2026-07-15T05:50:57.487,48,0,3,0,10
156317.685544,2026-07-15T05:50:57.490,48,0,3,0,10
156317.687901,2026-07-15T05:50:57.492,48,0,3,0,10
156317.690243,2026-07-15T05:50:57.494,48,0,3,0,10
156317.692309,2026-07-15T05:50:57.496,48,0,3,0,10
156317.694353,2026-07-15T05:50:57.498,48,0,3,0,10
156317.697019,2026-07-15T05:50:57.501,48,0,3,0,10
156317.699538,2026-07-15T05:50:57.504,48,0,3,0,10
156317.702214,2026-07-15T05:50:57.506,48,0,3,0,10
156317.705161,2026-07-15T05:50:57.509,48,0,3,0,10
156317.707166,2026-07-15T05:50:57.511,48,0,3,0,10
156317.709366,2026-07-15T05:50:57.513,48,0,3,0,10
156317.712068,2026-07-15T05:50:57.516,48,0,3,0,10
156317.715024,2026-07-15T05:50:57.518,48,0,3,0,10
156317.717861,2026-07-15T05:50:57.521,48,0,3,0,10
156317.720503,2026-07-15T05:50:57.524,48,0,3,0,10
156317.723332,2026-07-15T05:50:57.527,48,0,3,0,10
156317.725938,2026-07-15T05:50:57.530,48,0,3,0,10
156317.728195,2026-07-15T05:50:57.532,48,0,3,0,10
156317.730825,2026-07-15T05:50:57.534,48,0,3,0,10
156317.733238,2026-07-15T05:50:57.536,48,0,3,0,10
156317.736069,2026-07-15T05:50:57.539,48,0,3,0,10
156317.738697,2026-07-15T05:50:57.542,48,0,3,0,10
156317.740951,2026-07-15T05:50:57.545,48,0,3,0,10
156317.743022,2026-07-15T05:50:57.547,48,0,3,0,10
156317.745091,2026-07-15T05:50:57.549,48,0,3,0,10
156317.747314,2026-07-15T05:50:57.551,48,0,3,0,10
156317.749437,2026-07-15T05:50:57.553,48,0,3,0,10
156317.751820,2026-07-15T05:50:57.555,48,0,3,0,10
156317.754180,2026-07-15T05:50:57.557,48,0,3,0,10
156317.756763,2026-07-15T05:50:57.560,48,0,3,0,10
156317.759061,2026-07-15T05:50:57.563,48,0,3,0,10
156317.761265,2026-07-15T05:50:57.565,48,0,3,0,10
156317.763828,2026-07-15T05:50:57.568,48,0,3,0,10
156317.766173,2026-07-15T05:50:57.570,48,0,3,0,10
156317.768561,2026-07-15T05:50:57.572,48,0,3,0,10
156317.770920,2026-07-15T05:50:57.575,48,0,3,0,10
156317.773479,2026-07-15T05:50:57.577,48,0,3,0,10
156317.775726,2026-07-15T05:50:57.579,48,0,3,0,10
156317.777775,2026-07-15T05:50:57.581,48,0,3,0,10
156317.779923,2026-07-15T05:50:57.584,48,0,3,0,10
156317.781942,2026-07-15T05:50:57.586,48,0,3,0,10
156317.784335,2026-07-15T05:50:57.588,48,0,3,0,10
156317.786724,2026-07-15T05:50:57.591,48,0,3,0,10
156317.789538,2026-07-15T05:50:57.593,48,0,3,0,10
156317.792227,2026-07-15T05:50:57.596,48,0,3,0,10
156317.794486,2026-07-15T05:50:57.598,48,0,3,0,10
156317.796965,2026-07-15T05:50:57.601,48,0,3,0,10
156317.799598,2026-07-15T05:50:57.604,48,0,3,0,10
156317.802081,2026-07-15T05:50:57.606,48,0,3,0,10
156317.804861,2026-07-15T05:50:57.608,48,0,3,0,10
156317.807681,2026-07-15T05:50:57.612,48,0,3,0,10
156317.810217,2026-07-15T05:50:57.613,48,0,3,0,10
156317.812746,2026-07-15T05:50:57.616,48,0,3,0,10
156317.815724,2026-07-15T05:50:57.619,48,0,3,0,10
156317.818625,2026-07-15T05:50:57.622,48,0,3,0,10
156317.820892,2026-07-15T05:50:57.624,48,0,3,0,10
156317.823305,2026-07-15T05:50:57.627,48,0,3,0,10
156317.825940,2026-07-15T05:50:57.629,48,0,3,0,10
156317.828574,2026-07-15T05:50:57.632,48,0,3,0,10
156317.831991,2026-07-15T05:50:57.636,48,0,3,0,10
156317.834812,2026-07-15T05:50:57.638,48,0,3,0,10
156317.837332,2026-07-15T05:50:57.641,48,0,3,0,10
156317.840160,2026-07-15T05:50:57.644,48,0,3,0,10
156317.842937,2026-07-15T05:50:57.647,48,0,3,0,10
156317.845566,2026-07-15T05:50:57.649,48,0,3,0,10
156317.848049,2026-07-15T05:50:57.652,48,0,3,0,10
156317.850744,2026-07-15T05:50:57.654,48,0,3,0,10
156317.853026,2026-07-15T05:50:57.656,48,0,3,0,10
156317.855623,2026-07-15T05:50:57.660,48,0,3,0,10
156317.858625,2026-07-15T05:50:57.662,48,0,3,0,10
156317.861306,2026-07-15T05:50:57.665,48,0,3,0,10
156317.864070,2026-07-15T05:50:57.668,48,0,3,0,10
156317.866913,2026-07-15T05:50:57.671,48,0,3,0,10
156317.869736,2026-07-15T05:50:57.673,48,0,3,0,10
156317.872566,2026-07-15T05:50:57.676,48,0,3,0,10
156317.875275,2026-07-15T05:50:57.679,48,0,3,0,10
156317.877767,2026-07-15T05:50:57.681,48,0,3,0,10
156317.880608,2026-07-15T05:50:57.685,48,0,3,0,10
156317.882993,2026-07-15T05:50:57.687,48,0,3,0,10
156317.885720,2026-07-15T05:50:57.689,48,0,3,0,10
156317.888297,2026-07-15T05:50:57.692,48,0,3,0,10
156317.891300,2026-07-15T05:50:57.695,48,0,3,0,10
156317.894384,2026-07-15T05:50:57.698,48,0,3,0,10
156317.896765,2026-07-15T05:50:57.701,48,0,3,0,19
156317.899264,2026-07-15T05:50:57.703,182,0,3,0,19
156317.902060,2026-07-15T05:50:57.706,182,0,3,0,19
156317.904944,2026-07-15T05:50:57.709,182,0,3,0,19
156317.908695,2026-07-15T05:50:57.712,182,0,3,0,19
156317.911314,2026-07-15T05:50:57.715,182,0,3,0,19
156317.913957,2026-07-15T05:50:57.718,182,0,3,0,19
156317.916474,2026-07-15T05:50:57.720,182,0,3,0,19
156317.918932,2026-07-15T05:50:57.723,182,0,3,0,19
156317.921594,2026-07-15T05:50:57.726,182,0,3,0,19
156317.924406,2026-07-15T05:50:57.728,182,0,3,0,19
156317.927073,2026-07-15T05:50:57.731,182,0,3,0,19
156317.929567,2026-07-15T05:50:57.733,182,0,3,0,19
156317.931728,2026-07-15T05:50:57.735,182,0,3,0,19
156317.934391,2026-07-15T05:50:57.738,182,0,3,0,19
156317.936632,2026-07-15T05:50:57.740,182,0,3,0,19
156317.938921,2026-07-15T05:50:57.743,182,0,3,0,19
156317.941608,2026-07-15T05:50:57.745,182,0,3,0,19
156317.944162,2026-07-15T05:50:57.748,182,0,3,0,19
156317.946883,2026-07-15T05:50:57.750,182,0,3,0,19
156317.948923,2026-07-15T05:50:57.752,182,0,3,0,19
156317.951147,2026-07-15T05:50:57.755,182,0,3,0,19
156317.953479,2026-07-15T05:50:57.757,182,0,3,0,19
156317.955818,2026-07-15T05:50:57.760,182,0,3,0,19
156317.958334,2026-07-15T05:50:57.762,182,0,3,0,19
156317.960774,2026-07-15T05:50:57.765,182,0,3,0,19
156317.963302,2026-07-15T05:50:57.767,182,0,3,0,19
156317.965515,2026-07-15T05:50:57.769,182,0,3,0,19
156317.967635,2026-07-15T05:50:57.771,182,0,3,0,19
156317.970447,2026-07-15T05:50:57.774,182,0,3,0,19
156317.972832,2026-07-15T05:50:57.777,182,0,3,0,19
156317.975457,2026-07-15T05:50:57.779,182,0,3,0,19
156317.977988,2026-07-15T05:50:57.781,182,0,3,0,19
156317.980856,2026-07-15T05:50:57.784,182,0,3,0,19
156317.983204,2026-07-15T05:50:57.787,182,0,3,0,19
156317.985965,2026-07-15T05:50:57.790,182,0,3,0,19
156317.988661,2026-07-15T05:50:57.792,182,0,3,0,19
156317.991462,2026-07-15T05:50:57.795,182,0,3,0,19
156317.994074,2026-07-15T05:50:57.798,182,0,3,0,19
156317.996816,2026-07-15T05:50:57.801,182,0,3,0,19
156317.999561,2026-07-15T05:50:57.804,182,0,3,0,19
156318.002176,2026-07-15T05:50:57.806,182,0,3,0,19
156318.004563,2026-07-15T05:50:57.808,182,0,3,0,19
156318.007328,2026-07-15T05:50:57.811,182,0,3,0,19
156318.010038,2026-07-15T05:50:57.813,182,0,3,0,19
156318.012232,2026-07-15T05:50:57.816,182,0,3,0,19
156318.014809,2026-07-15T05:50:57.818,182,0,3,0,19
156318.017222,2026-07-15T05:50:57.821,182,0,3,0,19
156318.019932,2026-07-15T05:50:57.823,182,0,3,0,19
156318.022582,2026-07-15T05:50:57.826,182,0,3,0,19
156318.025423,2026-07-15T05:50:57.829,182,0,3,0,19
156318.028347,2026-07-15T05:50:57.831,182,0,3,0,19
156318.030856,2026-07-15T05:50:57.835,182,0,3,0,19
156318.033520,2026-07-15T05:50:57.837,182,0,3,0,19
156318.036091,2026-07-15T05:50:57.840,182,0,3,0,19
156318.038849,2026-07-15T05:50:57.843,182,0,3,0,19
156318.041625,2026-07-15T05:50:57.845,182,0,3,0,19
156318.044114,2026-07-15T05:50:57.848,182,0,3,0,19
156318.046492,2026-07-15T05:50:57.850,182,0,3,0,19
156318.048656,2026-07-15T05:50:57.853,182,0,3,0,19
156318.051254,2026-07-15T05:50:57.854,182,0,3,0,19
156318.053961,2026-07-15T05:50:57.858,182,0,3,0,19
156318.056308,2026-07-15T05:50:57.860,182,0,3,0,19
156318.058902,2026-07-15T05:50:57.862,182,0,3,0,19
156318.061536,2026-07-15T05:50:57.865,182,0,3,0,19
156318.064061,2026-07-15T05:50:57.868,182,0,3,0,19
156318.066430,2026-07-15T05:50:57.870,182,0,3,0,19
156318.068910,2026-07-15T05:50:57.873,182,0,3,0,19
156318.071134,2026-07-15T05:50:57.875,182,0,3,0,19
156318.073619,2026-07-15T05:50:57.877,182,0,3,0,19
156318.076296,2026-07-15T05:50:57.880,182,0,3,0,19
156318.078661,2026-07-15T05:50:57.882,182,0,3,0,19
156318.081352,2026-07-15T05:50:57.885,182,0,3,0,19
156318.083867,2026-07-15T05:50:57.888,182,0,3,0,19
156318.086384,2026-07-15T05:50:57.890,182,0,3,0,19
156318.090324,2026-07-15T05:50:57.894,182,0,3,0,19
156318.092978,2026-07-15T05:50:57.896,182,0,3,0,19
156318.095555,2026-07-15T05:50:57.900,182,0,3,0,19
156318.097944,2026-07-15T05:50:57.901,182,0,3,0,19
156318.100465,2026-07-15T05:50:57.904,182,0,3,0,19
156318.103056,2026-07-15T05:50:57.906,182,0,3,0,19
156318.105930,2026-07-15T05:50:57.910,182,0,3,0,19
156318.108674,2026-07-15T05:50:57.912,182,0,3,0,19
156318.111367,2026-07-15T05:50:57.915,182,0,3,0,19
156318.113780,2026-07-15T05:50:57.917,182,0,3,0,19
156318.116118,2026-07-15T05:50:57.920,182,0,3,0,19
156318.118829,2026-07-15T05:50:57.923,182,0,3,0,19
156318.121430,2026-07-15T05:50:57.925,182,0,3,0,19
156318.123487,2026-07-15T05:50:57.927,182,0,3,0,19
156318.126115,2026-07-15T05:50:57.930,182,0,3,0,19
156318.129475,2026-07-15T05:50:57.933,182,0,3,0,19
156318.132650,2026-07-15T05:50:57.936,182,0,3,0,19
156318.135170,2026-07-15T05:50:57.939,182,0,3,0,19
156318.137969,2026-07-15T05:50:57.942,182,0,3,0,19
156318.140860,2026-07-15T05:50:57.945,182,3,3,0,0
156318.145870,2026-07-15T05:50:57.950,249,3,3,0,0
156318.148293,2026-07-15T05:50:57.952,249,3,3,0,0
156318.150974,2026-07-15T05:50:57.954,249,3,3,0,0
156318.153192,2026-07-15T05:50:57.957,249,3,3,0,0
156318.155710,2026-07-15T05:50:57.959,249,3,3,0,0
156318.158502,2026-07-15T05:50:57.961,249,3,3,0,0
156318.160804,2026-07-15T05:50:57.965,249,3,3,0,0
156318.162972,2026-07-15T05:50:57.967,249,3,3,0,0
156318.166912,2026-07-15T05:50:57.971,249,3,3,0,0
156318.169251,2026-07-15T05:50:57.973,249,3,3,0,0
156318.171733,2026-07-15T05:50:57.975,249,3,3,0,0
156318.174351,2026-07-15T05:50:57.978,249,3,3,0,0
156318.176943,2026-07-15T05:50:57.981,249,3,3,0,0
156318.179086,2026-07-15T05:50:57.983,249,3,3,0,0
156318.181599,2026-07-15T05:50:57.985,249,3,3,0,0
156318.183658,2026-07-15T05:50:57.988,249,3,3,0,0
156318.185935,2026-07-15T05:50:57.990,249,3,3,0,0
156318.188186,2026-07-15T05:50:57.992,249,3,3,0,0
156318.190936,2026-07-15T05:50:57.995,249,3,3,0,0
156318.193746,2026-07-15T05:50:57.998,249,3,3,0,0
156318.196017,2026-07-15T05:50:58.000,249,3,3,0,0
156318.198138,2026-07-15T05:50:58.002,249,3,3,0,0
156318.200270,2026-07-15T05:50:58.004,249,3,3,0,0
156318.202630,2026-07-15T05:50:58.006,249,3,3,0,0
156318.205233,2026-07-15T05:50:58.009,249,3,3,0,0
156318.207617,2026-07-15T05:50:58.012,249,3,3,0,0
156318.210090,2026-07-15T05:50:58.014,249,3,3,0,0
156318.212636,2026-07-15T05:50:58.017,249,3,3,0,0
156318.214719,2026-07-15T05:50:58.019,249,3,3,0,0
156318.216821,2026-07-15T05:50:58.021,249,3,3,0,0
156318.219265,2026-07-15T05:50:58.023,249,3,3,0,0
156318.221554,2026-07-15T05:50:58.026,249,3,3,0,0
156318.224186,2026-07-15T05:50:58.028,249,3,3,0,0
156318.226639,2026-07-15T05:50:58.030,249,3,3,0,0
156318.228927,2026-07-15T05:50:58.032,249,3,3,0,0
156318.231693,2026-07-15T05:50:58.035,249,3,3,0,0
156318.234371,2026-07-15T05:50:58.038,249,3,3,0,0
156318.236668,2026-07-15T05:50:58.041,249,3,3,0,0
156318.239196,2026-07-15T05:50:58.043,249,3,3,0,0
156318.241720,2026-07-15T05:50:58.046,249,3,3,0,0
156318.244362,2026-07-15T05:50:58.048,249,3,3,0,0
156318.247177,2026-07-15T05:50:58.051,249,3,3,0,0
156318.249730,2026-07-15T05:50:58.054,249,3,3,0,0
156318.251810,2026-07-15T05:50:58.056,249,3,3,0,0
156318.254070,2026-07-15T05:50:58.058,249,3,3,0,0
156318.256776,2026-07-15T05:50:58.061,249,3,3,0,0
156318.259178,2026-07-15T05:50:58.063,249,3,3,0,0
156318.261519,2026-07-15T05:50:58.065,249,3,3,0,0
156318.263884,2026-07-15T05:50:58.067,249,3,3,0,0
156318.266445,2026-07-15T05:50:58.071,249,3,3,0,0
156318.269077,2026-07-15T05:50:58.073,249,3,3,0,0
156318.271611,2026-07-15T05:50:58.075,249,3,3,0,0
156318.273686,2026-07-15T05:50:58.077,249,3,3,0,0
156318.276151,2026-07-15T05:50:58.079,249,3,3,0,0
156318.278159,2026-07-15T05:50:58.082,249,3,3,0,0
156318.280811,2026-07-15T05:50:58.084,249,3,3,0,0
156318.283141,2026-07-15T05:50:58.087,249,3,3,0,0
156318.285408,2026-07-15T05:50:58.089,249,3,3,0,0
156318.287639,2026-07-15T05:50:58.092,249,3,3,0,0
156318.290410,2026-07-15T05:50:58.094,249,3,3,0,0
156318.293381,2026-07-15T05:50:58.097,249,3,3,0,0
156318.295522,2026-07-15T05:50:58.099,249,3,3,0,0
156318.297926,2026-07-15T05:50:58.101,249,3,3,0,0
156318.300631,2026-07-15T05:50:58.104,249,3,3,0,0
156318.303149,2026-07-15T05:50:58.106,249,3,3,0,0
156318.305798,2026-07-15T05:50:58.109,249,3,3,0,0
156318.308570,2026-07-15T05:50:58.112,249,3,3,0,0
156318.311469,2026-07-15T05:50:58.115,249,3,3,0,0
156318.314043,2026-07-15T05:50:58.117,249,3,3,0,0
156318.316500,2026-07-15T05:50:58.120,249,3,3,0,0
156318.318928,2026-07-15T05:50:58.122,249,3,3,0,0
156318.321652,2026-07-15T05:50:58.126,249,3,3,0,0
156318.324255,2026-07-15T05:50:58.128,249,3,3,0,0
156318.327247,2026-07-15T05:50:58.131,249,3,3,0,0
156318.329565,2026-07-15T05:50:58.133,249,3,3,0,0
156318.332324,2026-07-15T05:50:58.136,249,3,3,0,0
156318.334894,2026-07-15T05:50:58.138,249,3,3,0,0
156318.337782,2026-07-15T05:50:58.141,249,3,3,0,0
156318.340447,2026-07-15T05:50:58.144,249,3,3,0,0
156318.343489,2026-07-15T05:50:58.147,249,3,3,0,0
156318.346069,2026-07-15T05:50:58.150,249,3,3,0,0
156318.349381,2026-07-15T05:50:58.153,249,3,3,0,0
156318.352014,2026-07-15T05:50:58.156,249,3,3,0,0
156318.354866,2026-07-15T05:50:58.158,249,3,3,0,0
156318.358040,2026-07-15T05:50:58.161,249,3,3,0,0
156318.360811,2026-07-15T05:50:58.165,249,3,3,0,0
156318.363308,2026-07-15T05:50:58.167,249,3,3,0,0
156318.366100,2026-07-15T05:50:58.170,249,3,3,0,0
156318.369047,2026-07-15T05:50:58.173,249,3,3,0,0
156318.372477,2026-07-15T05:50:58.176,249,3,3,0,0
156318.375048,2026-07-15T05:50:58.179,249,3,3,0,0
156318.377830,2026-07-15T05:50:58.182,249,3,3,0,0
156318.380596,2026-07-15T05:50:58.184,249,3,3,0,0
156318.383499,2026-07-15T05:50:58.187,249,3,3,0,0
156318.386383,2026-07-15T05:50:58.190,249,3,3,0,0
156318.389062,2026-07-15T05:50:58.193,249,3,3,0,0
156318.391936,2026-07-15T05:50:58.196,249,3,3,0,0
156318.394906,2026-07-15T05:50:58.199,249,3,3,0,0
156318.397808,2026-07-15T05:50:58.202,249,3,3,0,0
156318.400593,2026-07-15T05:50:58.204,249,3,3,0,0
156318.403384,2026-07-15T05:50:58.207,249,3,3,0,0
156318.406002,2026-07-15T05:50:58.210,249,3,3,0,0
156318.408662,2026-07-15T05:50:58.212,249,3,3,0,0
156318.410997,2026-07-15T05:50:58.214,249,3,3,0,0
156318.413597,2026-07-15T05:50:58.217,249,3,3,0,0
156318.416315,2026-07-15T05:50:58.220,249,3,3,0,0
156318.419265,2026-07-15T05:50:58.223,249,3,3,0,0
156318.422161,2026-07-15T05:50:58.226,249,3,3,0,0
156318.424535,2026-07-15T05:50:58.228,249,3,3,0,0
156318.427234,2026-07-15T05:50:58.231,249,3,3,0,0
156318.429829,2026-07-15T05:50:58.233,249,3,3,0,0
156318.432561,2026-07-15T05:50:58.236,249,3,3,0,0
156318.435112,2026-07-15T05:50:58.239,249,3,3,0,0
156318.438103,2026-07-15T05:50:58.242,249,3,3,0,0
156318.441827,2026-07-15T05:50:58.245,249,3,3,0,0
156318.444222,2026-07-15T05:50:58.248,249,3,3,0,0
156318.446376,2026-07-15T05:50:58.250,249,3,3,0,0
156318.448641,2026-07-15T05:50:58.253,249,3,3,0,0
156318.451288,2026-07-15T05:50:58.255,249,3,3,0,0
156318.454086,2026-07-15T05:50:58.258,249,3,3,0,0
156318.456776,2026-07-15T05:50:58.260,249,3,3,0,0
156318.459681,2026-07-15T05:50:58.264,249,3,3,0,0
156318.462501,2026-07-15T05:50:58.267,249,3,3,0,0
156318.465239,2026-07-15T05:50:58.269,249,3,3,0,0
156318.467960,2026-07-15T05:50:58.271,249,3,3,0,0
156318.470680,2026-07-15T05:50:58.274,249,3,3,0,0
156318.472774,2026-07-15T05:50:58.276,249,3,3,0,0
156318.474812,2026-07-15T05:50:58.278,249,3,3,0,0
156318.477304,2026-07-15T05:50:58.281,249,3,3,0,0
156318.480103,2026-07-15T05:50:58.284,249,3,3,0,0
156318.482799,2026-07-15T05:50:58.286,249,3,3,0,0
156318.485241,2026-07-15T05:50:58.289,249,3,3,0,0
156318.487352,2026-07-15T05:50:58.291,249,3,3,0,0
156318.489998,2026-07-15T05:50:58.294,249,3,3,0,0
156318.493919,2026-07-15T05:50:58.298,249,3,3,0,0
156318.496225,2026-07-15T05:50:58.300,249,3,3,0,0
156318.498976,2026-07-15T05:50:58.303,249,3,3,0,0
156318.501975,2026-07-15T05:50:58.305,249,3,3,0,0
156318.505034,2026-07-15T05:50:58.309,249,3,3,0,0
156318.508160,2026-07-15T05:50:58.312,249,3,3,0,0
156318.510905,2026-07-15T05:50:58.314,249,3,3,0,0
156318.513643,2026-07-15T05:50:58.317,249,3,3,0,0
156318.516328,2026-07-15T05:50:58.320,249,3,3,0,0
156318.518895,2026-07-15T05:50:58.322,249,3,3,0,0
156318.521865,2026-07-15T05:50:58.325,249,3,3,0,0
156318.524830,2026-07-15T05:50:58.328,249,3,3,0,0
156318.527476,2026-07-15T05:50:58.331,249,3,3,0,0
156318.530105,2026-07-15T05:50:58.334,249,3,3,0,0
156318.532624,2026-07-15T05:50:58.336,249,3,3,0,0
156318.534980,2026-07-15T05:50:58.339,249,3,3,0,0
156318.537469,2026-07-15T05:50:58.341,249,3,3,0,0
156318.539866,2026-07-15T05:50:58.344,249,3,3,0,0
156318.542832,2026-07-15T05:50:58.347,249,3,3,0,0
156318.545102,2026-07-15T05:50:58.349,249,3,3,0,0
156318.547778,2026-07-15T05:50:58.352,249,3,3,0,0
156318.550077,2026-07-15T05:50:58.354,249,3,3,0,0
156318.552749,2026-07-15T05:50:58.357,249,3,3,0,0
156318.555523,2026-07-15T05:50:58.359,249,3,3,0,0
156318.557907,2026-07-15T05:50:58.362,249,3,3,0,0
156318.560303,2026-07-15T05:50:58.364,249,3,3,0,0
156318.563102,2026-07-15T05:50:58.366,249,3,3,0,0
156318.565906,2026-07-15T05:50:58.369,249,3,3,0,0
156318.568386,2026-07-15T05:50:58.372,249,3,3,0,0
156318.571152,2026-07-15T05:50:58.375,249,3,3,0,0
156318.573822,2026-07-15T05:50:58.377,249,3,3,0,0
156318.576447,2026-07-15T05:50:58.380,249,3,3,0,0
156318.579155,2026-07-15T05:50:58.383,249,3,3,0,0
156318.581912,2026-07-15T05:50:58.386,249,3,3,0,0
156318.584600,2026-07-15T05:50:58.388,249,3,3,0,0
156318.587403,2026-07-15T05:50:58.390,249,3,3,0,0
156318.590138,2026-07-15T05:50:58.394,249,3,3,0,0
156318.594022,2026-07-15T05:50:58.397,249,3,3,0,0
156318.597829,2026-07-15T05:50:58.401,249,3,3,0,0
156318.600147,2026-07-15T05:50:58.404,249,3,3,0,0
156318.603612,2026-07-15T05:50:58.407,249,3,3,0,0
156318.606222,2026-07-15T05:50:58.410,249,3,3,0,0
156318.608697,2026-07-15T05:50:58.411,249,3,3,0,0
156318.610861,2026-07-15T05:50:58.415,249,3,3,0,0
156318.613700,2026-07-15T05:50:58.418,249,3,3,0,0
156318.615806,2026-07-15T05:50:58.418,249,3,3,0,0
156318.618130,2026-07-15T05:50:58.422,249,3,3,0,0
156318.620615,2026-07-15T05:50:58.424,249,3,3,0,0
156318.622910,2026-07-15T05:50:58.427,249,3,3,0,0
156318.625354,2026-07-15T05:50:58.428,249,3,3,0,0
156318.628762,2026-07-15T05:50:58.432,249,3,3,0,0
156318.631207,2026-07-15T05:50:58.435,249,3,3,0,0
156318.633252,2026-07-15T05:50:58.437,249,3,3,0,0
156318.635571,2026-07-15T05:50:58.438,249,3,3,0,0
156318.638138,2026-07-15T05:50:58.441,249,3,3,0,0
156318.640774,2026-07-15T05:50:58.444,249,3,3,0,0
156318.643121,2026-07-15T05:50:58.446,249,3,3,0,0
156318.645465,2026-07-15T05:50:58.449,249,3,3,0,0
156318.648102,2026-07-15T05:50:58.452,249,3,3,0,0
156318.650952,2026-07-15T05:50:58.454,249,3,3,0,0
156318.653654,2026-07-15T05:50:58.458,249,3,3,0,0
156318.656353,2026-07-15T05:50:58.460,249,3,3,0,0
156318.658887,2026-07-15T05:50:58.463,249,3,3,0,0
156318.661756,2026-07-15T05:50:58.465,249,3,3,0,0
156318.664425,2026-07-15T05:50:58.468,249,3,3,0,0
156318.667302,2026-07-15T05:50:58.471,249,3,3,0,0
156318.670211,2026-07-15T05:50:58.473,249,3,3,0,0
156318.672911,2026-07-15T05:50:58.477,249,3,3,0,0
156318.675618,2026-07-15T05:50:58.479,249,3,3,0,0
156318.678460,2026-07-15T05:50:58.482,249,3,3,0,0
156318.681138,2026-07-15T05:50:58.485,249,3,3,0,0
156318.683759,2026-07-15T05:50:58.488,249,3,3,0,0
156318.686508,2026-07-15T05:50:58.490,249,3,3,0,0
156318.688786,2026-07-15T05:50:58.492,249,3,3,0,0
156318.691299,2026-07-15T05:50:58.495,249,3,3,0,0
156318.694840,2026-07-15T05:50:58.498,249,3,3,0,0
156318.697387,2026-07-15T05:50:58.501,249,3,3,0,0
156318.700063,2026-07-15T05:50:58.503,249,3,3,0,0
156318.702878,2026-07-15T05:50:58.506,249,3,3,0,0
156318.705477,2026-07-15T05:50:58.510,249,3,3,0,0
156318.708061,2026-07-15T05:50:58.512,249,3,3,0,0
156318.710857,2026-07-15T05:50:58.514,249,3,3,0,0
156318.713845,2026-07-15T05:50:58.518,249,3,3,0,0
156318.716582,2026-07-15T05:50:58.520,249,3,3,0,0
156318.718988,2026-07-15T05:50:58.523,249,3,3,0,0
156318.721682,2026-07-15T05:50:58.525,249,3,3,0,0
156318.724414,2026-07-15T05:50:58.528,249,3,3,0,0
156318.727093,2026-07-15T05:50:58.531,249,3,3,0,0
156318.729742,2026-07-15T05:50:58.533,249,3,3,0,0
156318.732410,2026-07-15T05:50:58.536,249,3,3,0,0
156318.734789,2026-07-15T05:50:58.538,249,3,3,0,0
156318.737655,2026-07-15T05:50:58.541,249,3,3,0,0
156318.740408,2026-07-15T05:50:58.544,249,3,3,0,0
156318.743279,2026-07-15T05:50:58.547,249,3,3,0,0
156318.745703,2026-07-15T05:50:58.549,249,3,3,0,0
156318.748501,2026-07-15T05:50:58.552,249,3,3,0,0
156318.751335,2026-07-15T05:50:58.555,249,3,3,0,0
156318.753373,2026-07-15T05:50:58.557,249,3,3,0,0
156318.755916,2026-07-15T05:50:58.559,249,3,3,0,0
156318.758748,2026-07-15T05:50:58.562,249,3,3,0,0
156318.761582,2026-07-15T05:50:58.564,249,3,3,0,0
156318.764444,2026-07-15T05:50:58.568,249,3,3,0,0
156318.767179,2026-07-15T05:50:58.570,249,3,3,0,0
156318.769884,2026-07-15T05:50:58.573,249,3,3,0,0
156318.772749,2026-07-15T05:50:58.576,249,3,3,0,0
156318.775371,2026-07-15T05:50:58.579,249,3,3,0,0
156318.777930,2026-07-15T05:50:58.582,249,3,3,0,0
156318.780609,2026-07-15T05:50:58.584,249,3,3,0,0
156318.782870,2026-07-15T05:50:58.586,249,3,3,0,0
156318.785249,2026-07-15T05:50:58.589,249,3,3,0,0
156318.787973,2026-07-15T05:50:58.591,249,3,3,0,0
156318.790348,2026-07-15T05:50:58.593,249,3,3,0,0
156318.793661,2026-07-15T05:50:58.598,249,3,3,0,0
156318.796528,2026-07-15T05:50:58.601,249,3,3,0,0
156318.799303,2026-07-15T05:50:58.603,249,3,3,0,0
156318.802074,2026-07-15T05:50:58.606,249,3,3,0,0
156318.804800,2026-07-15T05:50:58.609,249,3,3,0,0
156318.807804,2026-07-15T05:50:58.611,249,3,3,0,0
156318.810380,2026-07-15T05:50:58.614,249,3,3,0,0
156318.812961,2026-07-15T05:50:58.617,249,3,3,0,0
156318.815466,2026-07-15T05:50:58.620,249,3,3,0,0
156318.818560,2026-07-15T05:50:58.623,249,3,3,0,0
156318.821385,2026-07-15T05:50:58.625,249,3,3,0,0
156318.824077,2026-07-15T05:50:58.628,249,3,3,0,0
156318.826879,2026-07-15T05:50:58.631,249,3,3,0,0
156318.829904,2026-07-15T05:50:58.634,249,3,3,0,0
156318.832471,2026-07-15T05:50:58.636,249,3,3,0,0
156318.835768,2026-07-15T05:50:58.639,249,3,3,0,0
156318.838466,2026-07-15T05:50:58.643,249,3,3,0,0
156318.841152,2026-07-15T05:50:58.644,249,3,3,0,0
156318.843972,2026-07-15T05:50:58.648,249,3,3,0,0
156318.846704,2026-07-15T05:50:58.650,249,3,3,0,0
156318.849122,2026-07-15T05:50:58.653,249,3,3,0,0
156318.851723,2026-07-15T05:50:58.655,249,3,3,0,0
156318.854427,2026-07-15T05:50:58.658,249,3,3,0,0
156318.856721,2026-07-15T05:50:58.660,249,3,3,0,0
156318.859131,2026-07-15T05:50:58.662,249,3,3,0,0
156318.861926,2026-07-15T05:50:58.666,249,3,3,0,0
156318.864174,2026-07-15T05:50:58.668,249,3,3,0,0
156318.866275,2026-07-15T05:50:58.670,249,3,3,0,0
156318.868678,2026-07-15T05:50:58.672,249,3,3,0,0
156318.870741,2026-07-15T05:50:58.674,249,3,3,0,0
156318.873232,2026-07-15T05:50:58.677,249,3,3,0,0
156318.875740,2026-07-15T05:50:58.680,249,3,3,0,0
156318.878433,2026-07-15T05:50:58.682,249,3,3,0,0
156318.881365,2026-07-15T05:50:58.685,249,3,3,0,0
156318.884159,2026-07-15T05:50:58.688,249,3,3,0,0
156318.886955,2026-07-15T05:50:58.691,249,3,3,0,0
156318.889738,2026-07-15T05:50:58.694,249,3,3,0,0
156318.894740,2026-07-15T05:50:58.699,249,3,3,0,0
156318.897297,2026-07-15T05:50:58.700,249,3,3,0,0
156318.900122,2026-07-15T05:50:58.703,249,3,3,0,0
156318.902788,2026-07-15T05:50:58.707,249,3,3,0,0
156318.905172,2026-07-15T05:50:58.708,249,3,3,0,0
156318.907339,2026-07-15T05:50:58.711,249,3,3,0,0
156318.910278,2026-07-15T05:50:58.714,249,3,3,0,0
156318.912508,2026-07-15T05:50:58.716,249,3,3,0,0
156318.915057,2026-07-15T05:50:58.719,249,3,3,0,0
156318.917707,2026-07-15T05:50:58.722,249,3,3,0,0
156318.920017,2026-07-15T05:50:58.724,249,3,3,0,0
156318.922165,2026-07-15T05:50:58.725,249,3,3,0,0
156318.924644,2026-07-15T05:50:58.727,249,3,3,0,0
156318.927075,2026-07-15T05:50:58.730,249,3,3,0,0
156318.929909,2026-07-15T05:50:58.734,249,3,3,0,0
156318.932194,2026-07-15T05:50:58.736,249,3,3,0,0
156318.934708,2026-07-15T05:50:58.739,249,3,3,0,0
156318.937125,2026-07-15T05:50:58.740,249,3,3,0,0
156318.939708,2026-07-15T05:50:58.744,249,3,3,0,0
156318.942433,2026-07-15T05:50:58.746,249,3,3,0,0
156318.944897,2026-07-15T05:50:58.749,249,3,3,0,0
156318.947689,2026-07-15T05:50:58.751,249,3,3,0,0
156318.949861,2026-07-15T05:50:58.754,249,3,3,0,0
156318.952160,2026-07-15T05:50:58.756,249,3,3,0,0
156318.954654,2026-07-15T05:50:58.758,249,3,3,0,0
156318.956804,2026-07-15T05:50:58.761,249,3,3,0,0
156318.959453,2026-07-15T05:50:58.763,249,3,3,0,0
156318.962253,2026-07-15T05:50:58.766,249,3,3,0,0
156318.964962,2026-07-15T05:50:58.768,249,3,3,0,0
156318.967686,2026-07-15T05:50:58.771,249,3,3,0,0
156318.970693,2026-07-15T05:50:58.774,249,3,3,0,0
156318.973353,2026-07-15T05:50:58.777,249,3,3,0,9
156318.976025,2026-07-15T05:50:58.780,199,0,3,0,9
156318.978779,2026-07-15T05:50:58.782,199,0,3,0,9
156318.981498,2026-07-15T05:50:58.785,199,0,3,0,9
156318.984176,2026-07-15T05:50:58.787,199,0,3,0,9
156318.988020,2026-07-15T05:50:58.792,199,0,3,0,9
156318.990778,2026-07-15T05:50:58.795,199,0,3,0,9
156318.993582,2026-07-15T05:50:58.797,199,0,3,0,9
156318.996260,2026-07-15T05:50:58.800,199,0,3,0,9
156318.999042,2026-07-15T05:50:58.803,199,0,3,0,9
156319.001927,2026-07-15T05:50:58.806,199,0,3,0,9
156319.004661,2026-07-15T05:50:58.808,199,0,3,0,9
156319.007626,2026-07-15T05:50:58.811,199,0,3,0,9
156319.010312,2026-07-15T05:50:58.814,199,0,3,0,9
156319.013168,2026-07-15T05:50:58.817,199,0,3,0,9
156319.016112,2026-07-15T05:50:58.820,199,0,3,0,9
156319.018835,2026-07-15T05:50:58.822,199,0,3,0,9
156319.021689,2026-07-15T05:50:58.826,199,0,3,0,9
156319.024321,2026-07-15T05:50:58.828,199,0,3,0,9
156319.027065,2026-07-15T05:50:58.831,199,0,3,0,9
156319.029761,2026-07-15T05:50:58.833,199,0,3,0,9
156319.032822,2026-07-15T05:50:58.837,199,0,3,0,9
156319.035192,2026-07-15T05:50:58.839,199,0,3,0,9
156319.038069,2026-07-15T05:50:58.842,199,0,3,0,9
156319.040435,2026-07-15T05:50:58.844,199,0,3,0,9
156319.043180,2026-07-15T05:50:58.847,199,0,3,0,9
156319.045239,2026-07-15T05:50:58.849,199,0,3,0,9
156319.047798,2026-07-15T05:50:58.851,199,0,3,0,9
156319.050617,2026-07-15T05:50:58.854,199,0,3,0,9
156319.053161,2026-07-15T05:50:58.857,199,0,3,0,9
156319.055256,2026-07-15T05:50:58.859,199,0,3,0,9
156319.057714,2026-07-15T05:50:58.862,199,0,3,0,9
156319.059889,2026-07-15T05:50:58.864,199,0,3,0,9
156319.062588,2026-07-15T05:50:58.867,199,0,3,0,9
156319.065145,2026-07-15T05:50:58.868,199,0,3,0,9
156319.067719,2026-07-15T05:50:58.871,199,0,3,0,9
156319.070261,2026-07-15T05:50:58.874,199,0,3,0,9
156319.073100,2026-07-15T05:50:58.877,199,0,3,0,9
156319.075396,2026-07-15T05:50:58.879,199,0,3,0,9
156319.078249,2026-07-15T05:50:58.882,199,0,3,0,9
156319.080685,2026-07-15T05:50:58.885,199,0,3,0,9
156319.082893,2026-07-15T05:50:58.886,199,0,3,0,9
156319.085961,2026-07-15T05:50:58.890,199,0,3,0,9
156319.088931,2026-07-15T05:50:58.893,199,0,3,0,9
156319.092060,2026-07-15T05:50:58.896,199,0,3,0,9
156319.095920,2026-07-15T05:50:58.900,199,0,3,0,9
156319.098632,2026-07-15T05:50:58.902,199,0,3,0,9
156319.101247,2026-07-15T05:50:58.905,199,0,3,0,9
156319.103900,2026-07-15T05:50:58.908,199,0,3,0,9
156319.106696,2026-07-15T05:50:58.911,199,0,3,0,9
156319.109174,2026-07-15T05:50:58.912,199,0,3,0,9
156319.111775,2026-07-15T05:50:58.915,199,0,3,0,9
156319.114197,2026-07-15T05:50:58.918,199,0,3,0,9
156319.116906,2026-07-15T05:50:58.921,199,0,3,0,9
156319.119358,2026-07-15T05:50:58.923,199,0,3,0,9
156319.121907,2026-07-15T05:50:58.925,199,0,3,0,9
156319.124313,2026-07-15T05:50:58.928,199,0,3,0,9
156319.126880,2026-07-15T05:50:58.931,199,0,3,0,9
156319.129162,2026-07-15T05:50:58.933,199,0,3,0,9
156319.131292,2026-07-15T05:50:58.935,199,0,3,0,9
156319.134119,2026-07-15T05:50:58.938,199,0,3,0,9
156319.137128,2026-07-15T05:50:58.941,199,0,3,0,9
156319.139766,2026-07-15T05:50:58.943,199,0,3,0,9
156319.142048,2026-07-15T05:50:58.946,199,0,3,0,9
156319.144788,2026-07-15T05:50:58.949,199,0,3,0,9
156319.147258,2026-07-15T05:50:58.951,199,0,3,0,9
156319.150081,2026-07-15T05:50:58.954,199,0,3,0,9
156319.152810,2026-07-15T05:50:58.957,199,0,3,0,9
156319.155576,2026-07-15T05:50:58.960,199,0,3,0,9
156319.158566,2026-07-15T05:50:58.963,199,0,3,0,9
156319.162011,2026-07-15T05:50:58.966,199,0,3,0,9
156319.164184,2026-07-15T05:50:58.968,199,0,3,0,9
156319.166769,2026-07-15T05:50:58.971,199,0,3,0,9
156319.169359,2026-07-15T05:50:58.973,199,0,3,0,9
156319.171545,2026-07-15T05:50:58.976,199,0,3,0,9
156319.173843,2026-07-15T05:50:58.978,199,0,3,0,9
156319.175902,2026-07-15T05:50:58.980,199,0,3,0,9
156319.178277,2026-07-15T05:50:58.982,199,0,3,0,9
156319.180887,2026-07-15T05:50:58.985,199,0,3,0,9
156319.183521,2026-07-15T05:50:58.988,199,0,3,0,9
156319.186357,2026-07-15T05:50:58.990,199,0,3,0,9
156319.188953,2026-07-15T05:50:58.993,199,0,3,0,9
156319.191452,2026-07-15T05:50:58.995,199,0,3,0,9
156319.194924,2026-07-15T05:50:58.998,199,0,3,0,9
156319.197686,2026-07-15T05:50:59.001,199,0,3,0,9
156319.199965,2026-07-15T05:50:59.004,199,0,3,0,9
156319.202886,2026-07-15T05:50:59.007,199,0,3,0,9
156319.205155,2026-07-15T05:50:59.008,199,0,3,0,9
156319.207476,2026-07-15T05:50:59.011,199,0,3,0,9
156319.209787,2026-07-15T05:50:59.013,199,0,3,0,9
156319.212187,2026-07-15T05:50:59.016,199,0,3,0,9
156319.214243,2026-07-15T05:50:59.018,199,0,3,0,9
156319.216261,2026-07-15T05:50:59.020,199,0,3,0,9
156319.218528,2026-07-15T05:50:59.022,199,0,3,0,10
156319.221133,2026-07-15T05:50:59.025,64,0,3,0,10
156319.223184,2026-07-15T05:50:59.027,64,0,3,0,10
156319.225522,2026-07-15T05:50:59.029,64,0,3,0,10
156319.227974,2026-07-15T05:50:59.032,64,0,3,0,10
156319.230141,2026-07-15T05:50:59.034,64,0,3,0,10
156319.232548,2026-07-15T05:50:59.036,64,0,3,0,10
156319.234679,2026-07-15T05:50:59.038,64,0,3,0,10
156319.236903,2026-07-15T05:50:59.041,64,0,3,0,10
156319.239109,2026-07-15T05:50:59.043,64,0,3,0,10
156319.241243,2026-07-15T05:50:59.045,64,0,3,0,10
156319.244914,2026-07-15T05:50:59.049,64,0,3,0,10
156319.247970,2026-07-15T05:50:59.052,64,0,3,0,10
156319.250304,2026-07-15T05:50:59.054,64,0,3,0,10
156319.252892,2026-07-15T05:50:59.057,64,0,3,0,10
156319.255452,2026-07-15T05:50:59.059,64,0,3,0,10
156319.257708,2026-07-15T05:50:59.061,64,0,3,0,10
156319.260084,2026-07-15T05:50:59.064,64,0,3,0,10
156319.262229,2026-07-15T05:50:59.066,64,0,3,0,10
156319.264431,2026-07-15T05:50:59.068,64,0,3,0,10
156319.267142,2026-07-15T05:50:59.070,64,0,3,0,10
156319.269512,2026-07-15T05:50:59.072,64,0,3,0,10
156319.271561,2026-07-15T05:50:59.075,64,0,3,0,10
156319.274024,2026-07-15T05:50:59.077,64,0,3,0,10
156319.276165,2026-07-15T05:50:59.080,64,0,3,0,10
156319.278743,2026-07-15T05:50:59.082,64,0,3,0,10
156319.281090,2026-07-15T05:50:59.084,64,0,3,0,10
156319.283347,2026-07-15T05:50:59.087,64,0,3,0,10
156319.285672,2026-07-15T05:50:59.089,64,0,3,0,10
156319.288012,2026-07-15T05:50:59.092,64,0,3,0,10
156319.290642,2026-07-15T05:50:59.094,64,0,3,0,10
156319.292926,2026-07-15T05:50:59.097,64,0,3,0,10
156319.295776,2026-07-15T05:50:59.099,64,0,3,0,10
156319.298606,2026-07-15T05:50:59.102,64,0,3,0,10
156319.301250,2026-07-15T05:50:59.105,64,0,3,0,10
156319.303814,2026-07-15T05:50:59.107,64,0,3,0,10
156319.306005,2026-07-15T05:50:59.110,64,0,3,0,10
156319.308167,2026-07-15T05:50:59.111,64,0,3,0,10
156319.310651,2026-07-15T05:50:59.114,64,0,3,0,10
156319.312671,2026-07-15T05:50:59.116,64,0,3,0,10
156319.314918,2026-07-15T05:50:59.119,64,0,3,0,10
156319.317339,2026-07-15T05:50:59.121,64,0,3,0,10
156319.319645,2026-07-15T05:50:59.123,64,0,3,0,10
156319.321987,2026-07-15T05:50:59.125,64,0,3,0,10
156319.324422,2026-07-15T05:50:59.128,64,0,3,0,10
156319.326919,2026-07-15T05:50:59.130,64,0,3,0,10
156319.329382,2026-07-15T05:50:59.132,64,0,3,0,10
156319.331921,2026-07-15T05:50:59.136,64,0,3,0,10
156319.334003,2026-07-15T05:50:59.138,64,0,3,0,10
156319.336741,2026-07-15T05:50:59.140,64,0,3,0,10
156319.339138,2026-07-15T05:50:59.143,64,0,3,0,10
156319.341692,2026-07-15T05:50:59.146,64,0,3,0,10
156319.344077,2026-07-15T05:50:59.148,64,0,3,0,10
156319.346087,2026-07-15T05:50:59.150,64,0,3,0,10
156319.348794,2026-07-15T05:50:59.152,64,0,3,0,10
156319.350900,2026-07-15T05:50:59.155,64,0,3,0,10
156319.353193,2026-07-15T05:50:59.156,64,0,3,0,10
156319.355512,2026-07-15T05:50:59.159,64,0,3,0,10
156319.358089,2026-07-15T05:50:59.162,64,0,3,0,10
156319.360628,2026-07-15T05:50:59.165,64,0,3,0,10
156319.363115,2026-07-15T05:50:59.167,64,0,3,0,10
156319.365456,2026-07-15T05:50:59.169,64,0,3,0,10
156319.367995,2026-07-15T05:50:59.171,64,0,3,0,10
156319.370790,2026-07-15T05:50:59.174,64,0,3,0,10
156319.373324,2026-07-15T05:50:59.177,64,0,3,0,10
156319.376091,2026-07-15T05:50:59.179,64,0,3,0,10
156319.379064,2026-07-15T05:50:59.183,64,0,3,0,10
156319.381998,2026-07-15T05:50:59.185,64,0,3,0,10
156319.384817,2026-07-15T05:50:59.189,64,0,3,0,10
156319.387448,2026-07-15T05:50:59.191,64,0,3,0,10
156319.390684,2026-07-15T05:50:59.195,64,0,3,0,10
156319.393397,2026-07-15T05:50:59.197,64,0,3,0,10
156319.396110,2026-07-15T05:50:59.199,64,0,3,0,10
156319.399435,2026-07-15T05:50:59.203,64,0,3,0,10
156319.402242,2026-07-15T05:50:59.206,64,0,3,0,10
156319.404958,2026-07-15T05:50:59.209,64,0,3,0,10
156319.407679,2026-07-15T05:50:59.212,64,0,3,0,10
156319.410484,2026-07-15T05:50:59.214,64,0,3,0,10
156319.413099,2026-07-15T05:50:59.216,64,0,3,0,10
156319.415946,2026-07-15T05:50:59.220,64,0,3,0,10
156319.418918,2026-07-15T05:50:59.223,64,0,3,0,10
156319.422085,2026-07-15T05:50:59.226,64,0,3,0,10
156319.425083,2026-07-15T05:50:59.229,64,0,3,0,10
156319.428442,2026-07-15T05:50:59.232,64,0,3,0,10
156319.431034,2026-07-15T05:50:59.235,64,0,3,0,10
156319.433787,2026-07-15T05:50:59.238,64,0,3,0,10
156319.436392,2026-07-15T05:50:59.240,64,0,3,0,10
156319.439307,2026-07-15T05:50:59.243,64,0,3,0,10
156319.442247,2026-07-15T05:50:59.246,64,0,3,0,10
156319.444617,2026-07-15T05:50:59.248,64,0,3,0,10
156319.447074,2026-07-15T05:50:59.251,64,0,3,0,10
156319.449928,2026-07-15T05:50:59.254,64,0,3,0,10
156319.452807,2026-07-15T05:50:59.257,64,0,3,0,10
156319.455246,2026-07-15T05:50:59.259,64,0,3,0,10
156319.457939,2026-07-15T05:50:59.261,64,0,3,0,10
156319.460393,2026-07-15T05:50:59.264,64,0,3,0,10
156319.462554,2026-07-15T05:50:59.266,64,0,3,0,0
156319.465008,2026-07-15T05:50:59.269,3,3,3,0,0
156319.467452,2026-07-15T05:50:59.271,3,3,3,0,0
156319.469706,2026-07-15T05:50:59.273,3,3,3,0,0
156319.472270,2026-07-15T05:50:59.275,3,3,3,0,0
156319.475116,2026-07-15T05:50:59.279,3,3,3,0,0
156319.477539,2026-07-15T05:50:59.282,3,3,3,0,0
156319.480068,2026-07-15T05:50:59.283,3,3,3,0,0
156319.482501,2026-07-15T05:50:59.286,3,3,3,0,0
156319.485384,2026-07-15T05:50:59.288,3,3,3,0,0
156319.487876,2026-07-15T05:50:59.292,3,3,3,0,0
156319.490277,2026-07-15T05:50:59.294,3,3,3,0,0
156319.492841,2026-07-15T05:50:59.297,3,3,3,0,0
156319.496164,2026-07-15T05:50:59.300,3,3,3,0,0
156319.498744,2026-07-15T05:50:59.302,3,3,3,0,0
156319.501019,2026-07-15T05:50:59.305,3,3,3,0,0
156319.504140,2026-07-15T05:50:59.308,3,3,3,0,0
156319.506835,2026-07-15T05:50:59.310,3,3,3,0,0
156319.509399,2026-07-15T05:50:59.313,3,3,3,0,0
156319.512155,2026-07-15T05:50:59.316,3,3,3,0,0
156319.515085,2026-07-15T05:50:59.319,3,3,3,0,0
156319.517742,2026-07-15T05:50:59.321,3,3,3,0,0
156319.520585,2026-07-15T05:50:59.324,3,3,3,0,0
156319.523978,2026-07-15T05:50:59.327,3,3,3,0,0
156319.526792,2026-07-15T05:50:59.330,3,3,3,0,0
156319.529841,2026-07-15T05:50:59.333,3,3,3,0,0
156319.532842,2026-07-15T05:50:59.336,3,3,3,0,0
156319.535827,2026-07-15T05:50:59.339,3,3,3,0,0
156319.538762,2026-07-15T05:50:59.342,3,3,3,0,0
156319.541760,2026-07-15T05:50:59.345,3,3,3,0,0
156319.544622,2026-07-15T05:50:59.348,3,3,3,0,0
156319.546998,2026-07-15T05:50:59.350,3,3,3,0,0
156319.549954,2026-07-15T05:50:59.353,3,3,3,0,0
156319.552780,2026-07-15T05:50:59.356,3,3,3,0,0
156319.555959,2026-07-15T05:50:59.360,3,3,3,0,0
156319.559007,2026-07-15T05:50:59.363,3,3,3,0,0
156319.561834,2026-07-15T05:50:59.366,3,3,3,0,0
156319.564667,2026-07-15T05:50:59.369,3,3,3,0,0
156319.567111,2026-07-15T05:50:59.371,3,3,3,0,0
156319.570029,2026-07-15T05:50:59.374,3,3,3,0,0
156319.572847,2026-07-15T05:50:59.377,3,3,3,0,0
156319.575555,2026-07-15T05:50:59.379,3,3,3,0,0
156319.577806,2026-07-15T05:50:59.381,3,3,3,0,0
156319.580536,2026-07-15T05:50:59.384,3,3,3,0,0
156319.583219,2026-07-15T05:50:59.387,3,3,3,0,0
156319.585925,2026-07-15T05:50:59.390,3,3,3,0,0
156319.588510,2026-07-15T05:50:59.392,3,3,3,0,0
156319.591234,2026-07-15T05:50:59.395,3,3,3,0,0
156319.594002,2026-07-15T05:50:59.398,3,3,3,0,0
156319.597689,2026-07-15T05:50:59.401,3,3,3,0,0
156319.600441,2026-07-15T05:50:59.404,3,3,3,0,0
156319.602972,2026-07-15T05:50:59.407,3,3,3,0,0
156319.606013,2026-07-15T05:50:59.410,3,3,3,0,0
156319.608523,2026-07-15T05:50:59.412,3,3,3,0,0
156319.610632,2026-07-15T05:50:59.415,3,3,3,0,0
156319.612910,2026-07-15T05:50:59.417,3,3,3,0,0
156319.615573,2026-07-15T05:50:59.420,3,3,3,0,0
156319.618213,2026-07-15T05:50:59.422,3,3,3,0,0
156319.620656,2026-07-15T05:50:59.425,3,3,3,0,0
156319.622773,2026-07-15T05:50:59.427,3,3,3,0,0
156319.625175,2026-07-15T05:50:59.429,3,3,3,0,0
156319.627928,2026-07-15T05:50:59.431,3,3,3,0,0
156319.630739,2026-07-15T05:50:59.435,3,3,3,0,0
156319.633377,2026-07-15T05:50:59.437,3,3,3,0,0
156319.635978,2026-07-15T05:50:59.440,3,3,3,0,0
156319.638820,2026-07-15T05:50:59.443,3,3,3,0,0
156319.641326,2026-07-15T05:50:59.445,3,3,3,0,0
156319.643571,2026-07-15T05:50:59.448,3,3,3,0,0
156319.646151,2026-07-15T05:50:59.450,3,3,3,0,0
156319.648684,2026-07-15T05:50:59.452,3,3,3,0,0
156319.651332,2026-07-15T05:50:59.455,3,3,3,0,0
156319.654143,2026-07-15T05:50:59.458,3,3,3,0,0
156319.656913,2026-07-15T05:50:59.460,3,3,3,0,0
156319.659803,2026-07-15T05:50:59.463,3,3,3,0,0
156319.662657,2026-07-15T05:50:59.467,3,3,3,0,0
156319.665453,2026-07-15T05:50:59.469,3,3,3,0,0
156319.668428,2026-07-15T05:50:59.472,3,3,3,0,0
156319.671298,2026-07-15T05:50:59.475,3,3,3,0,0
156319.673771,2026-07-15T05:50:59.478,3,3,3,0,0
156319.676414,2026-07-15T05:50:59.480,3,3,3,0,0
156319.679236,2026-07-15T05:50:59.483,3,3,3,0,0
156319.682096,2026-07-15T05:50:59.485,3,3,3,0,0
156319.684609,2026-07-15T05:50:59.488,3,3,3,0,0
156319.687334,2026-07-15T05:50:59.491,3,3,3,0,0
156319.689720,2026-07-15T05:50:59.493,3,3,3,0,0
156319.692206,2026-07-15T05:50:59.496,3,3,3,0,0
156319.694459,2026-07-15T05:50:59.498,3,3,3,0,0
156319.697230,2026-07-15T05:50:59.501,3,3,3,0,0
156319.699863,2026-07-15T05:50:59.504,3,3,3,0,0
156319.702322,2026-07-15T05:50:59.506,3,3,3,0,0
156319.704330,2026-07-15T05:50:59.508,3,3,3,0,0
156319.706386,2026-07-15T05:50:59.510,3,3,3,0,0
156319.708713,2026-07-15T05:50:59.513,3,3,3,0,0
156319.711295,2026-07-15T05:50:59.515,3,3,3,0,0
156319.713369,2026-07-15T05:50:59.517,3,3,3,0,0
156319.715946,2026-07-15T05:50:59.520,3,3,3,0,0
156319.717976,2026-07-15T05:50:59.522,3,3,3,0,0
156319.720004,2026-07-15T05:50:59.524,3,3,3,0,0
156319.722037,2026-07-15T05:50:59.526,3,3,3,0,0
156319.724095,2026-07-15T05:50:59.528,3,3,3,0,0
156319.726101,2026-07-15T05:50:59.530,3,3,3,0,0
156319.728125,2026-07-15T05:50:59.532,3,3,3,0,0
156319.730731,2026-07-15T05:50:59.535,3,3,3,0,0
156319.732842,2026-07-15T05:50:59.537,3,3,3,0,0
156319.735401,2026-07-15T05:50:59.539,3,3,3,0,0
156319.737578,2026-07-15T05:50:59.542,3,3,3,0,0
156319.740206,2026-07-15T05:50:59.544,3,3,3,0,0
156319.742344,2026-07-15T05:50:59.546,3,3,3,0,0
156319.744486,2026-07-15T05:50:59.548,3,3,3,0,0
156319.746516,2026-07-15T05:50:59.550,3,3,3,0,0
156319.748677,2026-07-15T05:50:59.552,3,3,3,0,0
156319.750767,2026-07-15T05:50:59.554,3,3,3,0,0
156319.753294,2026-07-15T05:50:59.557,3,3,3,0,0
156319.755334,2026-07-15T05:50:59.559,3,3,3,0,0
156319.757966,2026-07-15T05:50:59.562,3,3,3,0,0
156319.760356,2026-07-15T05:50:59.564,3,3,3,0,0
156319.762787,2026-07-15T05:50:59.567,3,3,3,0,0
156319.765405,2026-07-15T05:50:59.569,3,3,3,0,0
156319.767442,2026-07-15T05:50:59.571,3,3,3,0,0
156319.769957,2026-07-15T05:50:59.574,3,3,3,0,0
156319.772492,2026-07-15T05:50:59.576,3,3,3,0,0
156319.774889,2026-07-15T05:50:59.579,3,3,3,0,0
156319.777740,2026-07-15T05:50:59.582,3,3,3,0,0
156319.780294,2026-07-15T05:50:59.584,3,3,3,0,0
156319.782989,2026-07-15T05:50:59.587,3,3,3,0,0
156319.785093,2026-07-15T05:50:59.589,3,3,3,0,0
156319.787390,2026-07-15T05:50:59.591,3,3,3,0,0
156319.789529,2026-07-15T05:50:59.594,3,3,3,0,0
156319.792274,2026-07-15T05:50:59.596,3,3,3,0,0
156319.794707,2026-07-15T05:50:59.599,3,3,3,0,0
156319.797717,2026-07-15T05:50:59.601,3,3,3,0,0
156319.800336,2026-07-15T05:50:59.604,3,3,3,0,0
156319.803190,2026-07-15T05:50:59.607,3,3,3,0,0
156319.806084,2026-07-15T05:50:59.610,3,3,3,0,0
156319.808927,2026-07-15T05:50:59.613,3,3,3,0,0
156319.811890,2026-07-15T05:50:59.616,3,3,3,0,0
156319.814755,2026-07-15T05:50:59.618,3,3,3,0,0
156319.817732,2026-07-15T05:50:59.621,3,3,3,0,0
156319.820424,2026-07-15T05:50:59.624,3,3,3,0,0
156319.823421,2026-07-15T05:50:59.627,3,3,3,0,0
156319.826321,2026-07-15T05:50:59.629,3,3,3,0,0
156319.828846,2026-07-15T05:50:59.632,3,3,3,0,0
156319.831587,2026-07-15T05:50:59.635,3,3,3,0,0
156319.834247,2026-07-15T05:50:59.638,3,3,3,0,0
156319.836791,2026-07-15T05:50:59.640,3,3,3,0,0
156319.839423,2026-07-15T05:50:59.643,3,3,3,0,0
156319.842426,2026-07-15T05:50:59.646,3,3,3,0,0
156319.844813,2026-07-15T05:50:59.648,3,3,3,0,0
156319.847373,2026-07-15T05:50:59.651,3,3,3,0,0
156319.850128,2026-07-15T05:50:59.654,3,3,3,0,0
156319.852838,2026-07-15T05:50:59.657,3,3,3,0,0
156319.855564,2026-07-15T05:50:59.659,3,3,3,0,0
156319.858344,2026-07-15T05:50:59.662,3,3,3,0,0
156319.861156,2026-07-15T05:50:59.665,3,3,3,0,0
156319.863994,2026-07-15T05:50:59.667,3,3,3,0,0
156319.866814,2026-07-15T05:50:59.670,3,3,3,0,0
156319.869410,2026-07-15T05:50:59.673,3,3,3,0,0
156319.872256,2026-07-15T05:50:59.675,3,3,3,0,0
156319.874999,2026-07-15T05:50:59.678,3,3,3,0,0
156319.877625,2026-07-15T05:50:59.681,3,3,3,0,0
156319.879949,2026-07-15T05:50:59.684,3,3,3,0,0
156319.882497,2026-07-15T05:50:59.686,3,3,3,0,0
156319.885195,2026-07-15T05:50:59.689,3,3,3,0,0
156319.887608,2026-07-15T05:50:59.691,3,3,3,0,0
156319.889962,2026-07-15T05:50:59.694,3,3,3,0,0
156319.892631,2026-07-15T05:50:59.697,3,3,3,0,0
156319.894927,2026-07-15T05:50:59.699,3,3,3,0,0
156319.898303,2026-07-15T05:50:59.702,3,3,3,0,0
156319.901013,2026-07-15T05:50:59.705,3,3,3,0,0
156319.903250,2026-07-15T05:50:59.707,3,3,3,0,0
156319.905839,2026-07-15T05:50:59.710,3,3,3,0,0
156319.908443,2026-07-15T05:50:59.712,3,3,3,0,0
156319.910611,2026-07-15T05:50:59.715,3,3,3,0,0
156319.913091,2026-07-15T05:50:59.717,3,3,3,0,0
156319.915484,2026-07-15T05:50:59.720,3,3,3,0,0
156319.917846,2026-07-15T05:50:59.722,3,3,3,0,0
156319.920383,2026-07-15T05:50:59.724,3,3,3,0,0
156319.922652,2026-07-15T05:50:59.727,3,3,3,0,0
156319.925549,2026-07-15T05:50:59.729,3,3,3,0,0
156319.928344,2026-07-15T05:50:59.732,3,3,3,0,0
156319.931139,2026-07-15T05:50:59.734,3,3,3,0,0
156319.933881,2026-07-15T05:50:59.737,3,3,3,0,0
156319.936272,2026-07-15T05:50:59.740,3,3,3,0,0
156319.938818,2026-07-15T05:50:59.742,3,3,3,0,0
156319.941714,2026-07-15T05:50:59.745,3,3,3,0,0
156319.944311,2026-07-15T05:50:59.748,3,3,3,0,0
156319.947012,2026-07-15T05:50:59.751,3,3,3,0,0
156319.949315,2026-07-15T05:50:59.753,3,3,3,0,0
156319.951792,2026-07-15T05:50:59.756,3,3,3,0,0
156319.954621,2026-07-15T05:50:59.758,3,3,3,0,0
156319.957123,2026-07-15T05:50:59.761,3,3,3,0,0
156319.959595,2026-07-15T05:50:59.763,3,3,3,0,0
156319.962305,2026-07-15T05:50:59.766,3,3,3,0,0
156319.965000,2026-07-15T05:50:59.769,3,3,3,0,0
156319.968350,2026-07-15T05:50:59.772,3,3,3,0,0
156319.970892,2026-07-15T05:50:59.774,3,3,3,0,0
156319.973560,2026-07-15T05:50:59.777,3,3,3,0,0
156319.975920,2026-07-15T05:50:59.780,3,3,3,0,0
156319.978690,2026-07-15T05:50:59.782,3,3,3,0,0
156319.981349,2026-07-15T05:50:59.785,3,3,3,0,0
156319.983947,2026-07-15T05:50:59.787,3,3,3,0,0
156319.986619,2026-07-15T05:50:59.790,3,3,3,0,0
156319.989612,2026-07-15T05:50:59.793,3,3,3,0,0
156319.992450,2026-07-15T05:50:59.796,3,3,3,0,0
156319.997077,2026-07-15T05:50:59.801,3,3,3,0,0
156319.999959,2026-07-15T05:50:59.804,3,3,3,0,0
156320.002538,2026-07-15T05:50:59.806,3,3,3,0,0
156320.005250,2026-07-15T05:50:59.809,3,3,3,0,0
156320.008159,2026-07-15T05:50:59.812,3,3,3,0,0
156320.010783,2026-07-15T05:50:59.815,3,3,3,0,0
156320.013582,2026-07-15T05:50:59.817,3,3,3,0,0
156320.016023,2026-07-15T05:50:59.819,3,3,3,0,0
156320.018668,2026-07-15T05:50:59.822,3,3,3,0,0
156320.021611,2026-07-15T05:50:59.825,3,3,3,0,0
156320.024273,2026-07-15T05:50:59.828,3,3,3,0,0
156320.027092,2026-07-15T05:50:59.831,3,3,3,0,0
156320.029767,2026-07-15T05:50:59.833,3,3,3,0,0
156320.032061,2026-07-15T05:50:59.836,3,3,3,0,0
156320.034830,2026-07-15T05:50:59.839,3,3,3,0,0
156320.037604,2026-07-15T05:50:59.841,3,3,3,0,0
156320.040266,2026-07-15T05:50:59.844,3,3,3,0,0
156320.042951,2026-07-15T05:50:59.847,3,3,3,0,0
156320.044973,2026-07-15T05:50:59.848,3,3,3,0,0
156320.047399,2026-07-15T05:50:59.851,3,3,3,0,0
156320.050272,2026-07-15T05:50:59.854,3,3,3,0,0
156320.052637,2026-07-15T05:50:59.855,3,3,3,0,0
156320.055199,2026-07-15T05:50:59.859,3,3,3,0,0
156320.058153,2026-07-15T05:50:59.862,3,3,3,0,0
156320.060230,2026-07-15T05:50:59.863,3,3,3,0,0
156320.062975,2026-07-15T05:50:59.866,3,3,3,0,0
156320.065697,2026-07-15T05:50:59.869,3,3,3,0,0
156320.068623,2026-07-15T05:50:59.872,3,3,3,0,0
156320.071537,2026-07-15T05:50:59.875,3,3,3,0,0
156320.074243,2026-07-15T05:50:59.878,3,3,3,0,0
156320.077016,2026-07-15T05:50:59.881,3,3,3,0,0
156320.079913,2026-07-15T05:50:59.883,3,3,3,0,0
156320.082390,2026-07-15T05:50:59.886,3,3,3,0,0
156320.085144,2026-07-15T05:50:59.889,3,3,3,0,0
156320.087788,2026-07-15T05:50:59.892,3,3,3,0,0
156320.090354,2026-07-15T05:50:59.894,3,3,3,0,0
156320.093159,2026-07-15T05:50:59.897,3,3,3,0,0
156320.095727,2026-07-15T05:50:59.900,3,3,3,0,0
156320.099433,2026-07-15T05:50:59.903,3,3,3,0,0
156320.102415,2026-07-15T05:50:59.906,3,3,3,0,0
156320.104817,2026-07-15T05:50:59.909,3,3,3,0,0
156320.107736,2026-07-15T05:50:59.911,3,3,3,0,0
156320.110299,2026-07-15T05:50:59.914,3,3,3,0,0
156320.112817,2026-07-15T05:50:59.916,3,3,3,0,0
156320.115847,2026-07-15T05:50:59.919,3,3,3,0,0
156320.118381,2026-07-15T05:50:59.922,3,3,3,0,0
156320.120866,2026-07-15T05:50:59.925,3,3,3,0,0
156320.123394,2026-07-15T05:50:59.927,3,3,3,0,0
156320.125854,2026-07-15T05:50:59.929,3,3,3,0,0
156320.128346,2026-07-15T05:50:59.932,3,3,3,0,0
156320.131010,2026-07-15T05:50:59.934,3,3,3,0,0
156320.133696,2026-07-15T05:50:59.937,3,3,3,0,0
156320.136229,2026-07-15T05:50:59.940,3,3,3,0,0
156320.138766,2026-07-15T05:50:59.942,3,3,3,0,0
156320.140853,2026-07-15T05:50:59.944,3,3,3,0,0
156320.143778,2026-07-15T05:50:59.948,3,3,3,0,0
156320.146869,2026-07-15T05:50:59.951,3,3,3,0,0
156320.149690,2026-07-15T05:50:59.953,3,3,3,0,0
156320.152296,2026-07-15T05:50:59.956,3,3,3,0,0
156320.154972,2026-07-15T05:50:59.959,3,3,3,0,0
156320.157769,2026-07-15T05:50:59.961,3,3,3,0,0
156320.160272,2026-07-15T05:50:59.964,3,3,3,0,0
156320.162947,2026-07-15T05:50:59.966,3,3,3,0,0
156320.165785,2026-07-15T05:50:59.969,3,3,3,0,0
156320.168440,2026-07-15T05:50:59.972,3,3,3,0,0
156320.171925,2026-07-15T05:50:59.976,3,3,3,0,0
156320.174336,2026-07-15T05:50:59.978,3,3,3,0,0
156320.178674,2026-07-15T05:50:59.983,3,3,3,0,0
156320.180941,2026-07-15T05:50:59.985,3,3,3,0,0
156320.183128,2026-07-15T05:50:59.987,3,3,3,0,0
156320.185603,2026-07-15T05:50:59.990,3,3,3,0,0
156320.188212,2026-07-15T05:50:59.992,3,3,3,0,0
156320.190337,2026-07-15T05:50:59.994,3,3,3,0,0
156320.192641,2026-07-15T05:50:59.996,3,3,3,0,0
156320.195247,2026-07-15T05:50:59.999,3,3,3,0,0
156320.198127,2026-07-15T05:51:00.001,3,3,3,0,0
156320.200722,2026-07-15T05:51:00.004,3,3,3,0,0
156320.203791,2026-07-15T05:51:00.007,3,3,3,0,0
156320.209010,2026-07-15T05:51:00.013,3,3,3,0,0
156320.211563,2026-07-15T05:51:00.016,3,3,3,0,0
156320.214073,2026-07-15T05:51:00.018,3,3,3,0,0
156320.216341,2026-07-15T05:51:00.020,3,3,3,0,0
156320.218722,2026-07-15T05:51:00.022,3,3,3,0,0
156320.221295,2026-07-15T05:51:00.024,3,3,3,0,0
156320.223838,2026-07-15T05:51:00.027,3,3,3,0,0
156320.226040,2026-07-15T05:51:00.030,3,3,3,0,0
156320.228059,2026-07-15T05:51:00.032,3,3,3,0,0
156320.230229,2026-07-15T05:51:00.034,3,3,3,0,0
156320.232635,2026-07-15T05:51:00.036,3,3,3,0,0
156320.234921,2026-07-15T05:51:00.039,3,3,3,0,0
156320.237305,2026-07-15T05:51:00.041,3,3,3,0,0
156320.239459,2026-07-15T05:51:00.043,3,3,3,0,0
156320.241509,2026-07-15T05:51:00.045,3,3,3,0,0
156320.244016,2026-07-15T05:51:00.048,3,3,3,0,0
156320.246779,2026-07-15T05:51:00.051,3,3,3,0,0
156320.248960,2026-07-15T05:51:00.053,3,3,3,0,0
156320.251007,2026-07-15T05:51:00.054,3,3,3,0,0
156320.253247,2026-07-15T05:51:00.057,3,3,3,0,0
156320.255543,2026-07-15T05:51:00.059,3,3,3,0,0
156320.257945,2026-07-15T05:51:00.062,3,3,3,0,0
156320.260380,2026-07-15T05:51:00.064,3,3,3,0,0
156320.263111,2026-07-15T05:51:00.067,3,3,3,0,0
156320.265259,2026-07-15T05:51:00.069,3,3,3,0,0
156320.268528,2026-07-15T05:51:00.072,3,3,3,0,0
156320.270641,2026-07-15T05:51:00.074,3,3,3,0,0
156320.272995,2026-07-15T05:51:00.077,3,3,3,0,0
156320.275458,2026-07-15T05:51:00.079,3,3,3,0,0
156320.277585,2026-07-15T05:51:00.081,3,3,3,0,0
156320.279671,2026-07-15T05:51:00.083,3,3,3,0,0
156320.281893,2026-07-15T05:51:00.086,3,3,3,0,0
156320.284122,2026-07-15T05:51:00.088,3,3,3,0,0
156320.286650,2026-07-15T05:51:00.090,67,0,3,0,12
156320.289109,2026-07-15T05:51:00.092,67,0,3,0,12
156320.291986,2026-07-15T05:51:00.095,67,0,3,0,12
156320.294006,2026-07-15T05:51:00.098,67,0,3,0,12
156320.296069,2026-07-15T05:51:00.100,67,0,3,0,12
156320.298504,2026-07-15T05:51:00.102,67,0,3,0,12
156320.300848,2026-07-15T05:51:00.104,67,0,3,0,12
156320.302894,2026-07-15T05:51:00.107,67,0,3,0,12
156320.305120,2026-07-15T05:51:00.109,67,0,3,0,12
156320.307254,2026-07-15T05:51:00.110,67,0,3,0,12
156320.309605,2026-07-15T05:51:00.113,67,0,3,0,12
156320.311923,2026-07-15T05:51:00.115,67,0,3,0,12
156320.314662,2026-07-15T05:51:00.119,67,0,3,0,12
156320.316782,2026-07-15T05:51:00.121,67,0,3,0,12
156320.319443,2026-07-15T05:51:00.123,67,0,3,0,12
156320.321705,2026-07-15T05:51:00.126,67,0,3,0,12
156320.325357,2026-07-15T05:51:00.128,67,0,3,0,12
156320.327520,2026-07-15T05:51:00.131,67,0,3,0,12
156320.330256,2026-07-15T05:51:00.134,67,0,3,0,12
156320.332461,2026-07-15T05:51:00.136,67,0,3,0,12
156320.335084,2026-07-15T05:51:00.139,67,0,3,0,12
156320.337501,2026-07-15T05:51:00.141,67,0,3,0,12
156320.339721,2026-07-15T05:51:00.143,67,0,3,0,12
156320.341911,2026-07-15T05:51:00.146,67,0,3,0,12
156320.344662,2026-07-15T05:51:00.148,67,0,3,0,12
156320.346787,2026-07-15T05:51:00.150,67,0,3,0,12
156320.348859,2026-07-15T05:51:00.151,67,0,3,0,12
156320.351021,2026-07-15T05:51:00.154,67,0,3,0,12
156320.353567,2026-07-15T05:51:00.157,67,0,3,0,12
156320.355770,2026-07-15T05:51:00.160,67,0,3,0,12
156320.358028,2026-07-15T05:51:00.162,67,0,3,0,12
156320.360676,2026-07-15T05:51:00.165,67,0,3,0,12
156320.363092,2026-07-15T05:51:00.167,67,0,3,0,12
156320.365601,2026-07-15T05:51:00.169,67,0,3,0,12
156320.368283,2026-07-15T05:51:00.171,67,0,3,0,12
156320.370430,2026-07-15T05:51:00.173,67,0,3,0,12
156320.372791,2026-07-15T05:51:00.177,67,0,3,0,12
156320.375236,2026-07-15T05:51:00.179,67,0,3,0,12
156320.377778,2026-07-15T05:51:00.181,67,0,3,0,12
156320.380159,2026-07-15T05:51:00.184,67,0,3,0,12
156320.382854,2026-07-15T05:51:00.187,67,0,3,0,12
156320.385207,2026-07-15T05:51:00.189,67,0,3,0,12
156320.387425,2026-07-15T05:51:00.191,67,0,3,0,12
156320.389773,2026-07-15T05:51:00.193,67,0,3,0,12
156320.392373,2026-07-15T05:51:00.196,67,0,3,0,12
156320.394518,2026-07-15T05:51:00.198,67,0,3,0,12
156320.396602,2026-07-15T05:51:00.200,67,0,3,0,12
156320.398709,2026-07-15T05:51:00.202,67,0,3,0,12
156320.401264,2026-07-15T05:51:00.204,67,0,3,0,12
156320.403332,2026-07-15T05:51:00.207,67,0,3,0,12
156320.405594,2026-07-15T05:51:00.209,67,0,3,0,12
156320.408005,2026-07-15T05:51:00.212,67,0,3,0,12
156320.410687,2026-07-15T05:51:00.214,67,0,3,0,12
156320.413414,2026-07-15T05:51:00.216,67,0,3,0,12
156320.416024,2026-07-15T05:51:00.219,67,0,3,0,12
156320.418594,2026-07-15T05:51:00.222,67,0,3,0,12
156320.420608,2026-07-15T05:51:00.224,67,0,3,0,12
156320.422646,2026-07-15T05:51:00.226,67,0,3,0,12
156320.425077,2026-07-15T05:51:00.229,67,0,3,0,12
156320.427652,2026-07-15T05:51:00.231,67,0,3,0,12
156320.430057,2026-07-15T05:51:00.234,67,0,3,0,12
156320.432410,2026-07-15T05:51:00.236,67,0,3,0,12
156320.434476,2026-07-15T05:51:00.239,67,0,3,0,12
156320.437308,2026-07-15T05:51:00.241,67,0,3,0,12
156320.439556,2026-07-15T05:51:00.243,67,0,3,0,12
156320.442021,2026-07-15T05:51:00.245,67,0,3,0,12
156320.444601,2026-07-15T05:51:00.248,67,0,3,0,12
156320.446889,2026-07-15T05:51:00.251,67,0,3,0,12
156320.449094,2026-07-15T05:51:00.253,67,0,3,0,12
156320.451579,2026-07-15T05:51:00.255,67,0,3,0,12
156320.454001,2026-07-15T05:51:00.258,67,0,3,0,12
156320.456599,2026-07-15T05:51:00.261,67,0,3,0,12
156320.458998,2026-07-15T05:51:00.263,67,0,3,0,12
156320.461807,2026-07-15T05:51:00.266,67,0,3,0,12
156320.464197,2026-07-15T05:51:00.267,67,0,3,0,12
156320.466786,2026-07-15T05:51:00.271,67,0,3,0,12
156320.469682,2026-07-15T05:51:00.273,67,0,3,0,12
156320.472140,2026-07-15T05:51:00.276,67,0,3,0,12
156320.474994,2026-07-15T05:51:00.279,67,0,3,0,12
156320.477895,2026-07-15T05:51:00.281,67,0,3,0,12
156320.480580,2026-07-15T05:51:00.284,67,0,3,0,12
156320.483168,2026-07-15T05:51:00.287,67,0,3,0,12
156320.485793,2026-07-15T05:51:00.290,67,0,3,0,12
156320.488221,2026-07-15T05:51:00.292,67,0,3,0,12
156320.490820,2026-07-15T05:51:00.294,67,0,3,0,12
156320.493294,2026-07-15T05:51:00.297,67,0,3,0,12
156320.496201,2026-07-15T05:51:00.300,67,0,3,0,12
156320.498905,2026-07-15T05:51:00.302,67,0,3,0,12
156320.502727,2026-07-15T05:51:00.306,67,0,3,0,12
156320.505594,2026-07-15T05:51:00.309,67,0,3,0,12
156320.508094,2026-07-15T05:51:00.312,67,0,3,0,12
156320.510892,2026-07-15T05:51:00.315,67,0,3,0,12
156320.513631,2026-07-15T05:51:00.317,67,0,3,0,12
156320.516364,2026-07-15T05:51:00.320,67,0,3,0,12
156320.519142,2026-07-15T05:51:00.323,67,0,3,0,12
156320.521918,2026-07-15T05:51:00.326,67,0,3,0,12
156320.524229,2026-07-15T05:51:00.328,67,0,3,0,12
156320.527117,2026-07-15T05:51:00.330,67,0,3,0,12
156320.529835,2026-07-15T05:51:00.333,67,0,3,0,10
156320.532587,2026-07-15T05:51:00.337,236,0,3,0,10
156320.535470,2026-07-15T05:51:00.339,236,0,3,0,10
156320.538146,2026-07-15T05:51:00.342,236,0,3,0,10
156320.540803,2026-07-15T05:51:00.344,236,0,3,0,10
156320.543133,2026-07-15T05:51:00.347,236,0,3,0,10
156320.545546,2026-07-15T05:51:00.349,236,0,3,0,10
156320.547996,2026-07-15T05:51:00.352,236,0,3,0,10
156320.550738,2026-07-15T05:51:00.354,236,0,3,0,10
156320.553116,2026-07-15T05:51:00.357,236,0,3,0,10
156320.555682,2026-07-15T05:51:00.359,236,0,3,0,10
156320.558368,2026-07-15T05:51:00.362,236,0,3,0,10
156320.560754,2026-07-15T05:51:00.364,236,0,3,0,10
156320.563414,2026-07-15T05:51:00.367,236,0,3,0,10
156320.565967,2026-07-15T05:51:00.370,236,0,3,0,10
156320.568602,2026-07-15T05:51:00.373,236,0,3,0,10
156320.570948,2026-07-15T05:51:00.375,236,0,3,0,10
156320.573572,2026-07-15T05:51:00.377,236,0,3,0,10
156320.576046,2026-07-15T05:51:00.380,236,0,3,0,10
156320.578436,2026-07-15T05:51:00.382,236,0,3,0,10
156320.582126,2026-07-15T05:51:00.385,236,0,3,0,10
156320.584387,2026-07-15T05:51:00.388,236,0,3,0,10
156320.586799,2026-07-15T05:51:00.390,236,0,3,0,10
156320.588951,2026-07-15T05:51:00.392,236,0,3,0,10
156320.591272,2026-07-15T05:51:00.395,236,0,3,0,10
156320.593894,2026-07-15T05:51:00.397,236,0,3,0,10
156320.596403,2026-07-15T05:51:00.400,236,0,3,0,10
156320.598934,2026-07-15T05:51:00.402,236,0,3,0,10
156320.601779,2026-07-15T05:51:00.406,236,0,3,0,10
156320.604269,2026-07-15T05:51:00.408,236,0,3,0,10
156320.606439,2026-07-15T05:51:00.410,236,0,3,0,10
156320.608587,2026-07-15T05:51:00.412,236,0,3,0,10
156320.611457,2026-07-15T05:51:00.415,236,0,3,0,10
156320.613943,2026-07-15T05:51:00.418,236,0,3,0,10
156320.616597,2026-07-15T05:51:00.420,236,0,3,0,10
156320.619008,2026-07-15T05:51:00.422,236,0,3,0,10
156320.621526,2026-07-15T05:51:00.425,236,0,3,0,10
156320.624129,2026-07-15T05:51:00.428,236,0,3,0,10
156320.626456,2026-07-15T05:51:00.430,236,0,3,0,10
156320.629214,2026-07-15T05:51:00.433,236,0,3,0,10
156320.631349,2026-07-15T05:51:00.435,236,0,3,0,10
156320.634388,2026-07-15T05:51:00.438,236,0,3,0,10
156320.637265,2026-07-15T05:51:00.441,236,0,3,0,10
156320.640079,2026-07-15T05:51:00.444,236,0,3,0,10
156320.642713,2026-07-15T05:51:00.447,236,0,3,0,10
156320.645163,2026-07-15T05:51:00.449,236,0,3,0,10
156320.647597,2026-07-15T05:51:00.451,236,0,3,0,10
156320.650194,2026-07-15T05:51:00.454,236,0,3,0,10
156320.652610,2026-07-15T05:51:00.456,236,0,3,0,10
156320.655185,2026-07-15T05:51:00.459,236,0,3,0,10
156320.657752,2026-07-15T05:51:00.462,236,0,3,0,10
156320.660311,2026-07-15T05:51:00.464,236,0,3,0,10
156320.662967,2026-07-15T05:51:00.466,236,0,3,0,10
156320.664989,2026-07-15T05:51:00.469,236,0,3,0,10
156320.667704,2026-07-15T05:51:00.472,236,0,3,0,10
156320.670404,2026-07-15T05:51:00.474,236,0,3,0,10
156320.673178,2026-07-15T05:51:00.477,236,0,3,0,10
156320.675722,2026-07-15T05:51:00.480,236,0,3,0,10
156320.678260,2026-07-15T05:51:00.482,236,0,3,0,10
156320.680984,2026-07-15T05:51:00.485,236,0,3,0,10
156320.683202,2026-07-15T05:51:00.487,236,0,3,0,10
156320.685960,2026-07-15T05:51:00.489,236,0,3,0,10
156320.688683,2026-07-15T05:51:00.492,236,0,3,0,10
156320.691347,2026-07-15T05:51:00.495,236,0,3,0,10
156320.693995,2026-07-15T05:51:00.498,236,0,3,0,10
156320.696858,2026-07-15T05:51:00.500,236,0,3,0,10
156320.699391,2026-07-15T05:51:00.503,236,0,3,0,10
156320.702808,2026-07-15T05:51:00.506,236,0,3,0,10
156320.705237,2026-07-15T05:51:00.509,236,0,3,0,10
156320.707330,2026-07-15T05:51:00.511,236,0,3,0,10
156320.709758,2026-07-15T05:51:00.514,236,0,3,0,10
156320.712233,2026-07-15T05:51:00.516,236,0,3,0,10
156320.714801,2026-07-15T05:51:00.518,236,0,3,0,10
156320.717339,2026-07-15T05:51:00.521,236,0,3,0,10
156320.720036,2026-07-15T05:51:00.524,236,0,3,0,10
156320.722698,2026-07-15T05:51:00.526,236,0,3,0,10
156320.725303,2026-07-15T05:51:00.528,236,0,3,0,10
156320.727335,2026-07-15T05:51:00.531,236,0,3,0,10
156320.730239,2026-07-15T05:51:00.534,236,0,3,0,10
156320.733158,2026-07-15T05:51:00.537,236,0,3,0,10
156320.735921,2026-07-15T05:51:00.540,236,0,3,0,10
156320.738516,2026-07-15T05:51:00.542,236,0,3,0,10
156320.741266,2026-07-15T05:51:00.545,236,0,3,0,10
156320.743958,2026-07-15T05:51:00.548,236,0,3,0,10
156320.746635,2026-07-15T05:51:00.550,236,0,3,0,10
156320.749070,2026-07-15T05:51:00.552,236,0,3,0,10
156320.751589,2026-07-15T05:51:00.556,236,0,3,0,10
156320.754061,2026-07-15T05:51:00.558,236,0,3,0,10
156320.756450,2026-07-15T05:51:00.560,236,0,3,0,10
156320.759264,2026-07-15T05:51:00.562,236,0,3,0,10
156320.761929,2026-07-15T05:51:00.565,236,0,3,0,10
156320.764713,2026-07-15T05:51:00.568,236,0,3,0,10
156320.766827,2026-07-15T05:51:00.571,236,0,3,0,10
156320.768849,2026-07-15T05:51:00.572,236,0,3,0,10
156320.771228,2026-07-15T05:51:00.575,236,0,3,0,10
156320.773259,2026-07-15T05:51:00.577,236,0,3,0,0
156320.775876,2026-07-15T05:51:00.580,249,3,3,0,0
156320.778811,2026-07-15T05:51:00.583,249,3,3,0,0
156320.781313,2026-07-15T05:51:00.585,249,3,3,0,0
156320.783907,2026-07-15T05:51:00.587,249,3,3,0,0
156320.787144,2026-07-15T05:51:00.590,249,3,3,0,0
156320.790300,2026-07-15T05:51:00.594,249,3,3,0,0
156320.792904,2026-07-15T05:51:00.596,249,3,3,0,0
156320.795243,2026-07-15T05:51:00.599,249,3,3,0,0
156320.797625,2026-07-15T05:51:00.601,249,3,3,0,0
156320.800340,2026-07-15T05:51:00.604,249,3,3,0,0
156320.803591,2026-07-15T05:51:00.607,249,3,3,0,0
156320.806219,2026-07-15T05:51:00.610,249,3,3,0,0
156320.808878,2026-07-15T05:51:00.612,249,3,3,0,0
156320.811212,2026-07-15T05:51:00.615,249,3,3,0,0
156320.813781,2026-07-15T05:51:00.617,249,3,3,0,0
156320.816226,2026-07-15T05:51:00.620,249,3,3,0,0
156320.818597,2026-07-15T05:51:00.622,249,3,3,0,0
156320.820984,2026-07-15T05:51:00.625,249,3,3,0,0
156320.823551,2026-07-15T05:51:00.627,249,3,3,0,0
156320.826275,2026-07-15T05:51:00.630,249,3,3,0,0
156320.828737,2026-07-15T05:51:00.633,249,3,3,0,0
156320.831131,2026-07-15T05:51:00.635,249,3,3,0,0
156320.833185,2026-07-15T05:51:00.637,249,3,3,0,0
156320.835465,2026-07-15T05:51:00.639,249,3,3,0,0
156320.838113,2026-07-15T05:51:00.642,249,3,3,0,0
156320.840455,2026-07-15T05:51:00.644,249,3,3,0,0
156320.843206,2026-07-15T05:51:00.647,249,3,3,0,0
156320.845598,2026-07-15T05:51:00.650,249,3,3,0,0
156320.848422,2026-07-15T05:51:00.652,249,3,3,0,0
156320.851409,2026-07-15T05:51:00.655,249,3,3,0,0
156320.854308,2026-07-15T05:51:00.658,249,3,3,0,0
156320.856879,2026-07-15T05:51:00.660,249,3,3,0,0
156320.859781,2026-07-15T05:51:00.663,249,3,3,0,0
156320.862091,2026-07-15T05:51:00.665,249,3,3,0,0
156320.864847,2026-07-15T05:51:00.669,249,3,3,0,0
156320.867322,2026-07-15T05:51:00.671,249,3,3,0,0
156320.870118,2026-07-15T05:51:00.674,249,3,3,0,0
156320.872662,2026-07-15T05:51:00.676,249,3,3,0,0
156320.875420,2026-07-15T05:51:00.679,249,3,3,0,0
156320.877516,2026-07-15T05:51:00.681,249,3,3,0,0
156320.880049,2026-07-15T05:51:00.684,249,3,3,0,0
156320.882804,2026-07-15T05:51:00.687,249,3,3,0,0
156320.885256,2026-07-15T05:51:00.689,249,3,3,0,0
156320.887812,2026-07-15T05:51:00.691,249,3,3,0,0
156320.890364,2026-07-15T05:51:00.693,249,3,3,0,0
156320.893123,2026-07-15T05:51:00.696,249,3,3,0,0
156320.895737,2026-07-15T05:51:00.699,249,3,3,0,0
156320.898339,2026-07-15T05:51:00.701,249,3,3,0,0
156320.902386,2026-07-15T05:51:00.706,249,3,3,0,0
156320.905139,2026-07-15T05:51:00.709,249,3,3,0,0
156320.907759,2026-07-15T05:51:00.712,249,3,3,0,0
156320.910207,2026-07-15T05:51:00.714,249,3,3,0,0
156320.912954,2026-07-15T05:51:00.717,249,3,3,0,0
156320.915690,2026-07-15T05:51:00.720,249,3,3,0,0
156320.918070,2026-07-15T05:51:00.722,249,3,3,0,0
156320.920484,2026-07-15T05:51:00.724,249,3,3,0,0
156320.923251,2026-07-15T05:51:00.726,249,3,3,0,0
156320.925966,2026-07-15T05:51:00.729,249,3,3,0,0
156320.928791,2026-07-15T05:51:00.732,249,3,3,0,0
156320.931432,2026-07-15T05:51:00.735,249,3,3,0,0
156320.934168,2026-07-15T05:51:00.737,249,3,3,0,0
156320.936925,2026-07-15T05:51:00.740,249,3,3,0,0
156320.939459,2026-07-15T05:51:00.743,249,3,3,0,0
156320.942233,2026-07-15T05:51:00.746,249,3,3,0,0
156320.944601,2026-07-15T05:51:00.748,249,3,3,0,0
156320.947139,2026-07-15T05:51:00.751,249,3,3,0,0
156320.949979,2026-07-15T05:51:00.753,249,3,3,0,0
156320.952629,2026-07-15T05:51:00.756,249,3,3,0,0
156320.954971,2026-07-15T05:51:00.758,249,3,3,0,0
156320.957292,2026-07-15T05:51:00.760,249,3,3,0,0
156320.960369,2026-07-15T05:51:00.764,249,3,3,0,0
156320.962703,2026-07-15T05:51:00.766,249,3,3,0,0
156320.965210,2026-07-15T05:51:00.769,249,3,3,0,0
156320.967842,2026-07-15T05:51:00.771,249,3,3,0,0
156320.970375,2026-07-15T05:51:00.774,249,3,3,0,0
156320.973196,2026-07-15T05:51:00.777,249,3,3,0,0
156320.975675,2026-07-15T05:51:00.780,249,3,3,0,0
156320.978387,2026-07-15T05:51:00.782,249,3,3,0,0
156320.980775,2026-07-15T05:51:00.785,249,3,3,0,0
156320.983121,2026-07-15T05:51:00.787,249,3,3,0,0
156320.985890,2026-07-15T05:51:00.790,249,3,3,0,0
156320.988578,2026-07-15T05:51:00.792,249,3,3,0,0
156320.991272,2026-07-15T05:51:00.795,249,3,3,0,0
156320.994103,2026-07-15T05:51:00.797,249,3,3,0,0
156320.996805,2026-07-15T05:51:00.800,249,3,3,0,0
156320.999138,2026-07-15T05:51:00.803,249,3,3,0,0
156321.001784,2026-07-15T05:51:00.805,249,3,3,0,0
156321.004448,2026-07-15T05:51:00.808,249,3,3,0,0
156321.007218,2026-07-15T05:51:00.811,249,3,3,0,0
156321.009760,2026-07-15T05:51:00.814,249,3,3,0,0
156321.012353,2026-07-15T05:51:00.816,249,3,3,0,0
156321.015184,2026-07-15T05:51:00.819,249,3,3,0,0
156321.018016,2026-07-15T05:51:00.822,249,3,3,0,0
156321.020986,2026-07-15T05:51:00.824,249,3,3,0,0
156321.023494,2026-07-15T05:51:00.827,249,3,3,0,0
156321.026329,2026-07-15T05:51:00.830,249,3,3,0,0
156321.028964,2026-07-15T05:51:00.832,249,3,3,0,0
156321.031465,2026-07-15T05:51:00.835,249,3,3,0,0
156321.034311,2026-07-15T05:51:00.838,249,3,3,0,0
156321.037170,2026-07-15T05:51:00.841,249,3,3,0,0
156321.039610,2026-07-15T05:51:00.844,249,3,3,0,0
156321.042192,2026-07-15T05:51:00.846,249,3,3,0,0
156321.044846,2026-07-15T05:51:00.849,249,3,3,0,0
156321.047550,2026-07-15T05:51:00.851,249,3,3,0,0
156321.050115,2026-07-15T05:51:00.854,249,3,3,0,0
156321.052882,2026-07-15T05:51:00.857,249,3,3,0,0
156321.055035,2026-07-15T05:51:00.859,249,3,3,0,0
156321.057557,2026-07-15T05:51:00.861,249,3,3,0,0
156321.060083,2026-07-15T05:51:00.864,249,3,3,0,0
156321.062479,2026-07-15T05:51:00.866,249,3,3,0,0
156321.064913,2026-07-15T05:51:00.868,249,3,3,0,0
156321.067181,2026-07-15T05:51:00.871,249,3,3,0,0
156321.069765,2026-07-15T05:51:00.874,249,3,3,0,0
156321.072362,2026-07-15T05:51:00.876,249,3,3,0,0
156321.075035,2026-07-15T05:51:00.878,249,3,3,0,0
156321.077436,2026-07-15T05:51:00.881,249,3,3,0,0
156321.079969,2026-07-15T05:51:00.883,249,3,3,0,0
156321.082713,2026-07-15T05:51:00.886,249,3,3,0,0
156321.085436,2026-07-15T05:51:00.889,249,3,3,0,0
156321.088151,2026-07-15T05:51:00.892,249,3,3,0,0
156321.090562,2026-07-15T05:51:00.894,249,3,3,0,0
156321.093087,2026-07-15T05:51:00.897,249,3,3,0,0
156321.095749,2026-07-15T05:51:00.899,249,3,3,0,0
156321.098573,2026-07-15T05:51:00.902,249,3,3,0,0
156321.102421,2026-07-15T05:51:00.906,249,3,3,0,0
156321.105197,2026-07-15T05:51:00.908,249,3,3,0,0
156321.107942,2026-07-15T05:51:00.911,249,3,3,0,0
156321.110786,2026-07-15T05:51:00.914,249,3,3,0,0
156321.113736,2026-07-15T05:51:00.917,249,3,3,0,0
156321.116317,2026-07-15T05:51:00.919,249,3,3,0,0
156321.119096,2026-07-15T05:51:00.922,249,3,3,0,0
156321.121712,2026-07-15T05:51:00.926,249,3,3,0,0
156321.124379,2026-07-15T05:51:00.928,249,3,3,0,0
156321.126938,2026-07-15T05:51:00.930,249,3,3,0,0
156321.129502,2026-07-15T05:51:00.933,249,3,3,0,0
156321.132101,2026-07-15T05:51:00.935,249,3,3,0,0
156321.134876,2026-07-15T05:51:00.938,249,3,3,0,0
156321.137400,2026-07-15T05:51:00.941,249,3,3,0,0
156321.139929,2026-07-15T05:51:00.944,249,3,3,0,0
156321.142784,2026-07-15T05:51:00.947,249,3,3,0,0
156321.145730,2026-07-15T05:51:00.950,249,3,3,0,0
156321.148286,2026-07-15T05:51:00.952,249,3,3,0,0
156321.151141,2026-07-15T05:51:00.955,249,3,3,0,0
156321.153638,2026-07-15T05:51:00.958,249,3,3,0,0
156321.156254,2026-07-15T05:51:00.960,249,3,3,0,0
156321.159092,2026-07-15T05:51:00.963,249,3,3,0,0
156321.161421,2026-07-15T05:51:00.965,249,3,3,0,0
156321.163470,2026-07-15T05:51:00.967,249,3,3,0,0
156321.165961,2026-07-15T05:51:00.969,249,3,3,0,0
156321.168318,2026-07-15T05:51:00.971,249,3,3,0,0
156321.170592,2026-07-15T05:51:00.975,249,3,3,0,0
156321.172823,2026-07-15T05:51:00.977,249,3,3,0,0
156321.175157,2026-07-15T05:51:00.978,249,3,3,0,0
156321.177605,2026-07-15T05:51:00.981,249,3,3,0,0
156321.180087,2026-07-15T05:51:00.984,249,3,3,0,0
156321.183012,2026-07-15T05:51:00.987,249,3,3,0,0
156321.187520,2026-07-15T05:51:00.991,249,3,3,0,0
156321.190013,2026-07-15T05:51:00.994,249,3,3,0,0
156321.192559,2026-07-15T05:51:00.997,249,3,3,0,0
156321.194860,2026-07-15T05:51:00.999,249,3,3,0,0
156321.197061,2026-07-15T05:51:01.001,249,3,3,0,0
156321.199712,2026-07-15T05:51:01.004,249,3,3,0,0
156321.202850,2026-07-15T05:51:01.007,249,3,3,0,0
156321.205623,2026-07-15T05:51:01.010,249,3,3,0,0
156321.207817,2026-07-15T05:51:01.012,249,3,3,0,0
156321.209999,2026-07-15T05:51:01.014,249,3,3,0,0
156321.212307,2026-07-15T05:51:01.016,249,3,3,0,0
156321.214471,2026-07-15T05:51:01.018,249,3,3,0,0
156321.216580,2026-07-15T05:51:01.021,249,3,3,0,0
156321.218802,2026-07-15T05:51:01.023,249,3,3,0,0
156321.220880,2026-07-15T05:51:01.025,249,3,3,0,0
156321.223496,2026-07-15T05:51:01.028,249,3,3,0,0
156321.225640,2026-07-15T05:51:01.029,249,3,3,0,0
156321.227985,2026-07-15T05:51:01.031,249,3,3,0,0
156321.230258,2026-07-15T05:51:01.034,249,3,3,0,0
156321.232637,2026-07-15T05:51:01.036,249,3,3,0,0
156321.235056,2026-07-15T05:51:01.038,249,3,3,0,0
156321.237302,2026-07-15T05:51:01.041,249,3,3,0,0
156321.239304,2026-07-15T05:51:01.043,249,3,3,0,0
156321.241986,2026-07-15T05:51:01.045,249,3,3,0,0
156321.244252,2026-07-15T05:51:01.048,249,3,3,0,0
156321.246871,2026-07-15T05:51:01.051,249,3,3,0,0
156321.249057,2026-07-15T05:51:01.053,249,3,3,0,0
156321.251680,2026-07-15T05:51:01.055,249,3,3,0,0
156321.254006,2026-07-15T05:51:01.058,249,3,3,0,0
156321.256769,2026-07-15T05:51:01.060,249,3,3,0,0
156321.259112,2026-07-15T05:51:01.063,249,3,3,0,0
156321.261450,2026-07-15T05:51:01.065,249,3,3,0,0
156321.263966,2026-07-15T05:51:01.067,249,3,3,0,0
156321.266626,2026-07-15T05:51:01.071,249,3,3,0,0
156321.269314,2026-07-15T05:51:01.073,249,3,3,0,0
156321.271588,2026-07-15T05:51:01.075,249,3,3,0,0
156321.273864,2026-07-15T05:51:01.078,249,3,3,0,0
156321.276046,2026-07-15T05:51:01.079,249,3,3,0,0
156321.278097,2026-07-15T05:51:01.081,249,3,3,0,0
156321.280809,2026-07-15T05:51:01.085,249,3,3,0,0
156321.282975,2026-07-15T05:51:01.087,249,3,3,0,0
156321.285292,2026-07-15T05:51:01.089,249,3,3,0,0
156321.287907,2026-07-15T05:51:01.092,249,3,3,0,0
156321.290267,2026-07-15T05:51:01.094,249,3,3,0,0
156321.292522,2026-07-15T05:51:01.096,249,3,3,0,0
156321.295031,2026-07-15T05:51:01.098,249,3,3,0,0
156321.297079,2026-07-15T05:51:01.101,249,3,3,0,0
156321.299553,2026-07-15T05:51:01.103,249,3,3,0,0
156321.303278,2026-07-15T05:51:01.107,249,3,3,0,0
156321.305631,2026-07-15T05:51:01.109,249,3,3,0,0
156321.308241,2026-07-15T05:51:01.112,249,3,3,0,0
156321.310386,2026-07-15T05:51:01.114,249,3,3,0,0
156321.312453,2026-07-15T05:51:01.116,249,3,3,0,0
156321.314741,2026-07-15T05:51:01.119,249,3,3,0,0
156321.317092,2026-07-15T05:51:01.121,249,3,3,0,0
156321.319862,2026-07-15T05:51:01.124,249,3,3,0,0
156321.322613,2026-07-15T05:51:01.126,249,3,3,0,0
156321.325138,2026-07-15T05:51:01.129,249,3,3,0,0
156321.327934,2026-07-15T05:51:01.131,249,3,3,0,0
156321.330583,2026-07-15T05:51:01.134,249,3,3,0,0
156321.333454,2026-07-15T05:51:01.137,249,3,3,0,0
156321.336097,2026-07-15T05:51:01.140,249,3,3,0,0
156321.338793,2026-07-15T05:51:01.142,249,3,3,0,0
156321.341617,2026-07-15T05:51:01.145,249,3,3,0,0
156321.344517,2026-07-15T05:51:01.148,249,3,3,0,0
156321.347289,2026-07-15T05:51:01.151,249,3,3,0,0
156321.350052,2026-07-15T05:51:01.154,249,3,3,0,0
156321.352804,2026-07-15T05:51:01.157,249,3,3,0,0
156321.355097,2026-07-15T05:51:01.159,249,3,3,0,0
156321.357234,2026-07-15T05:51:01.160,249,3,3,0,0
156321.359928,2026-07-15T05:51:01.163,249,3,3,0,0
156321.361995,2026-07-15T05:51:01.165,249,3,3,0,0
156321.364555,2026-07-15T05:51:01.169,249,3,3,0,0
156321.367463,2026-07-15T05:51:01.171,249,3,3,0,0
156321.369900,2026-07-15T05:51:01.173,249,3,3,0,0
156321.372450,2026-07-15T05:51:01.176,249,3,3,0,0
156321.375178,2026-07-15T05:51:01.178,249,3,3,0,0
156321.377867,2026-07-15T05:51:01.182,249,3,3,0,0
156321.380425,2026-07-15T05:51:01.184,249,3,3,0,0
156321.382873,2026-07-15T05:51:01.187,249,3,3,0,0
156321.385440,2026-07-15T05:51:01.189,249,3,3,0,0
156321.388470,2026-07-15T05:51:01.192,249,3,3,0,0
156321.391078,2026-07-15T05:51:01.195,249,3,3,0,0
156321.394014,2026-07-15T05:51:01.197,249,3,3,0,0
156321.396945,2026-07-15T05:51:01.200,249,3,3,0,0
156321.399798,2026-07-15T05:51:01.204,249,3,3,0,0
156321.402357,2026-07-15T05:51:01.206,249,3,3,0,0
156321.405528,2026-07-15T05:51:01.209,249,3,3,0,0
156321.408195,2026-07-15T05:51:01.211,249,3,3,0,0
156321.410814,2026-07-15T05:51:01.214,249,3,3,0,0
156321.413269,2026-07-15T05:51:01.217,249,3,3,0,0
156321.416085,2026-07-15T05:51:01.219,249,3,3,0,0
156321.418563,2026-07-15T05:51:01.222,249,3,3,0,0
156321.421074,2026-07-15T05:51:01.225,249,3,3,0,0
156321.423861,2026-07-15T05:51:01.228,249,3,3,0,0
156321.426468,2026-07-15T05:51:01.230,249,3,3,0,0
156321.428905,2026-07-15T05:51:01.233,249,3,3,0,0
156321.431593,2026-07-15T05:51:01.236,249,3,3,0,0
156321.435287,2026-07-15T05:51:01.238,249,3,3,0,0
156321.438142,2026-07-15T05:51:01.241,249,3,3,0,0
156321.440506,2026-07-15T05:51:01.244,249,3,3,0,0
156321.443048,2026-07-15T05:51:01.246,249,3,3,0,0
156321.445596,2026-07-15T05:51:01.250,249,3,3,0,0
156321.448562,2026-07-15T05:51:01.251,249,3,3,0,0
156321.451370,2026-07-15T05:51:01.255,249,3,3,0,0
156321.453936,2026-07-15T05:51:01.257,249,3,3,0,0
156321.457063,2026-07-15T05:51:01.261,249,3,3,0,0
156321.459257,2026-07-15T05:51:01.263,249,3,3,0,0
156321.462087,2026-07-15T05:51:01.265,249,3,3,0,0
156321.464603,2026-07-15T05:51:01.268,249,3,3,0,0
156321.467130,2026-07-15T05:51:01.271,249,3,3,0,0
156321.469443,2026-07-15T05:51:01.273,249,3,3,0,0
156321.471787,2026-07-15T05:51:01.276,249,3,3,0,0
156321.474049,2026-07-15T05:51:01.277,249,3,3,0,0
156321.476749,2026-07-15T05:51:01.281,249,3,3,0,0
156321.478978,2026-07-15T05:51:01.283,249,3,3,0,0
156321.481339,2026-07-15T05:51:01.285,249,3,3,0,0
156321.483955,2026-07-15T05:51:01.288,249,3,3,0,0
156321.486757,2026-07-15T05:51:01.290,249,3,3,0,0
156321.489434,2026-07-15T05:51:01.293,249,3,3,0,0
156321.491907,2026-07-15T05:51:01.296,249,3,3,0,0
156321.494182,2026-07-15T05:51:01.298,249,3,3,0,0
156321.496736,2026-07-15T05:51:01.300,249,3,3,0,0
156321.499348,2026-07-15T05:51:01.303,249,3,3,0,0
156321.501794,2026-07-15T05:51:01.306,249,3,3,0,0
156321.504544,2026-07-15T05:51:01.308,249,3,3,0,0
156321.506649,2026-07-15T05:51:01.310,249,3,3,0,0
156321.508970,2026-07-15T05:51:01.313,249,3,3,0,0
156321.511419,2026-07-15T05:51:01.315,249,3,3,0,0
156321.513490,2026-07-15T05:51:01.317,249,3,3,0,0
156321.516092,2026-07-15T05:51:01.320,249,3,3,0,0
156321.518171,2026-07-15T05:51:01.322,249,3,3,0,0
156321.520192,2026-07-15T05:51:01.323,249,3,3,0,0
156321.522680,2026-07-15T05:51:01.327,249,3,3,0,0
156321.524693,2026-07-15T05:51:01.329,249,3,3,0,0
156321.527320,2026-07-15T05:51:01.331,249,3,3,0,0
156321.529847,2026-07-15T05:51:01.334,249,3,3,0,0
156321.532447,2026-07-15T05:51:01.336,249,3,3,0,0
156321.534522,2026-07-15T05:51:01.339,249,3,3,0,0
156321.537328,2026-07-15T05:51:01.341,249,3,3,0,0
156321.539976,2026-07-15T05:51:01.344,249,3,3,0,0
156321.542623,2026-07-15T05:51:01.347,249,3,3,0,0
156321.544911,2026-07-15T05:51:01.349,249,3,3,0,0
156321.546999,2026-07-15T05:51:01.350,249,3,3,0,0
156321.549165,2026-07-15T05:51:01.353,249,3,3,0,0
156321.551376,2026-07-15T05:51:01.355,249,3,3,0,0
156321.553769,2026-07-15T05:51:01.358,249,3,3,0,0
156321.556014,2026-07-15T05:51:01.360,249,3,3,0,0
156321.558404,2026-07-15T05:51:01.362,249,3,3,0,0
156321.560562,2026-07-15T05:51:01.365,249,3,3,0,0
156321.562809,2026-07-15T05:51:01.367,249,3,3,0,0
156321.565002,2026-07-15T05:51:01.368,249,3,3,0,0
156321.567419,2026-07-15T05:51:01.371,249,3,3,0,0
156321.569977,2026-07-15T05:51:01.374,249,3,3,0,0
156321.572011,2026-07-15T05:51:01.376,249,3,3,0,0
156321.574176,2026-07-15T05:51:01.378,249,3,3,0,0
156321.576269,2026-07-15T05:51:01.380,249,3,3,0,0
156321.578679,2026-07-15T05:51:01.383,249,3,3,0,0
156321.581316,2026-07-15T05:51:01.385,249,3,3,0,0
156321.583832,2026-07-15T05:51:01.388,249,3,3,0,0
156321.585876,2026-07-15T05:51:01.390,249,3,3,0,0
156321.588547,2026-07-15T05:51:01.392,249,3,3,0,0
156321.591100,2026-07-15T05:51:01.395,249,3,3,0,0
156321.593554,2026-07-15T05:51:01.398,249,3,3,0,0
156321.596080,2026-07-15T05:51:01.400,249,3,3,0,0
156321.598160,2026-07-15T05:51:01.402,249,3,3,0,0
156321.600257,2026-07-15T05:51:01.404,249,3,3,0,0
156321.603147,2026-07-15T05:51:01.406,249,3,3,0,0
156321.605866,2026-07-15T05:51:01.410,249,3,3,0,10
156321.608479,2026-07-15T05:51:01.412,193,0,3,0,10
156321.611854,2026-07-15T05:51:01.416,193,0,3,0,10
156321.614106,2026-07-15T05:51:01.418,193,0,3,0,10
156321.616813,2026-07-15T05:51:01.421,193,0,3,0,10
156321.619152,2026-07-15T05:51:01.423,193,0,3,0,10
156321.621551,2026-07-15T05:51:01.425,193,0,3,0,10
156321.623792,2026-07-15T05:51:01.426,193,0,3,0,10
156321.626235,2026-07-15T05:51:01.430,193,0,3,0,10
156321.628414,2026-07-15T05:51:01.431,193,0,3,0,10
156321.630805,2026-07-15T05:51:01.434,193,0,3,0,10
156321.633596,2026-07-15T05:51:01.437,193,0,3,0,10
156321.636022,2026-07-15T05:51:01.440,193,0,3,0,10
156321.638503,2026-07-15T05:51:01.441,193,0,3,0,10
156321.640831,2026-07-15T05:51:01.444,193,0,3,0,10
156321.642966,2026-07-15T05:51:01.446,193,0,3,0,10
156321.644979,2026-07-15T05:51:01.448,193,0,3,0,10
156321.647001,2026-07-15T05:51:01.451,193,0,3,0,10
156321.649194,2026-07-15T05:51:01.453,193,0,3,0,10
156321.651958,2026-07-15T05:51:01.456,193,0,3,0,10
156321.654576,2026-07-15T05:51:01.458,193,0,3,0,10
156321.657020,2026-07-15T05:51:01.460,193,0,3,0,10
156321.659804,2026-07-15T05:51:01.463,193,0,3,0,10
156321.662529,2026-07-15T05:51:01.466,193,0,3,0,10
156321.665662,2026-07-15T05:51:01.470,193,0,3,0,10
156321.668284,2026-07-15T05:51:01.472,193,0,3,0,10
156321.670874,2026-07-15T05:51:01.474,193,0,3,0,10
156321.673520,2026-07-15T05:51:01.478,193,0,3,0,10
156321.675618,2026-07-15T05:51:01.479,193,0,3,0,10
156321.677841,2026-07-15T05:51:01.481,193,0,3,0,10
156321.680173,2026-07-15T05:51:01.484,193,0,3,0,10
156321.682304,2026-07-15T05:51:01.486,193,0,3,0,10
156321.684736,2026-07-15T05:51:01.488,193,0,3,0,10
156321.687044,2026-07-15T05:51:01.491,193,0,3,0,10
156321.689514,2026-07-15T05:51:01.494,193,0,3,0,10
156321.691827,2026-07-15T05:51:01.496,193,0,3,0,10
156321.693838,2026-07-15T05:51:01.497,193,0,3,0,10
156321.696441,2026-07-15T05:51:01.500,193,0,3,0,10
156321.698716,2026-07-15T05:51:01.503,193,0,3,0,10
156321.701057,2026-07-15T05:51:01.505,193,0,3,0,10
156321.703552,2026-07-15T05:51:01.508,193,0,3,0,10
156321.705848,2026-07-15T05:51:01.509,193,0,3,0,10
156321.707894,2026-07-15T05:51:01.511,193,0,3,0,10
156321.710249,2026-07-15T05:51:01.514,193,0,3,0,10
156321.712785,2026-07-15T05:51:01.517,193,0,3,0,10
156321.715649,2026-07-15T05:51:01.520,193,0,3,0,10
156321.718171,2026-07-15T05:51:01.522,193,0,3,0,10
156321.720455,2026-07-15T05:51:01.524,193,0,3,0,10
156321.722734,2026-07-15T05:51:01.527,193,0,3,0,10
156321.725380,2026-07-15T05:51:01.529,193,0,3,0,10
156321.727986,2026-07-15T05:51:01.532,193,0,3,0,10
156321.730357,2026-07-15T05:51:01.534,193,0,3,0,10
156321.732417,2026-07-15T05:51:01.536,193,0,3,0,10
156321.734504,2026-07-15T05:51:01.538,193,0,3,0,10
156321.736543,2026-07-15T05:51:01.540,193,0,3,0,10
156321.738873,2026-07-15T05:51:01.543,193,0,3,0,10
156321.740978,2026-07-15T05:51:01.545,193,0,3,0,10
156321.743018,2026-07-15T05:51:01.547,193,0,3,0,10
156321.745048,2026-07-15T05:51:01.549,193,0,3,0,10
156321.747555,2026-07-15T05:51:01.552,193,0,3,0,10
156321.750164,2026-07-15T05:51:01.554,193,0,3,0,10
156321.752684,2026-07-15T05:51:01.557,193,0,3,0,10
156321.755543,2026-07-15T05:51:01.560,193,0,3,0,10
156321.757880,2026-07-15T05:51:01.562,193,0,3,0,10
156321.760199,2026-07-15T05:51:01.564,193,0,3,0,10
156321.762744,2026-07-15T05:51:01.567,193,0,3,0,10
156321.765146,2026-07-15T05:51:01.569,193,0,3,0,10
156321.767711,2026-07-15T05:51:01.572,193,0,3,0,10
156321.769875,2026-07-15T05:51:01.574,193,0,3,0,10
156321.772058,2026-07-15T05:51:01.576,193,0,3,0,10
156321.774673,2026-07-15T05:51:01.579,193,0,3,0,10
156321.777152,2026-07-15T05:51:01.581,193,0,3,0,10
156321.779197,2026-07-15T05:51:01.583,193,0,3,0,10
156321.781263,2026-07-15T05:51:01.585,193,0,3,0,10
156321.783352,2026-07-15T05:51:01.587,193,0,3,0,10
156321.785449,2026-07-15T05:51:01.590,193,0,3,0,10
156321.787562,2026-07-15T05:51:01.592,193,0,3,0,10
156321.789937,2026-07-15T05:51:01.594,193,0,3,0,10
156321.792110,2026-07-15T05:51:01.596,193,0,3,0,10
156321.794537,2026-07-15T05:51:01.598,193,0,3,0,10
156321.796677,2026-07-15T05:51:01.600,193,0,3,0,10
156321.799030,2026-07-15T05:51:01.602,193,0,3,0,10
156321.801724,2026-07-15T05:51:01.604,193,0,3,0,10
156321.804390,2026-07-15T05:51:01.608,193,0,3,0,10
156321.807093,2026-07-15T05:51:01.611,193,0,3,0,10
156321.809864,2026-07-15T05:51:01.613,193,0,3,0,10
156321.812096,2026-07-15T05:51:01.616,193,0,3,0,10
156321.814119,2026-07-15T05:51:01.618,193,0,3,0,10
156321.816958,2026-07-15T05:51:01.621,193,0,3,0,10
156321.819413,2026-07-15T05:51:01.623,193,0,3,0,10
156321.822008,2026-07-15T05:51:01.626,193,0,3,0,10
156321.824614,2026-07-15T05:51:01.628,193,0,3,0,10
156321.826875,2026-07-15T05:51:01.630,193,0,3,0,10
156321.829559,2026-07-15T05:51:01.633,193,0,3,0,10
156321.831990,2026-07-15T05:51:01.635,193,0,3,0,10
156321.834574,2026-07-15T05:51:01.638,193,0,3,0,10
156321.837117,2026-07-15T05:51:01.640,193,0,3,0,10
156321.839776,2026-07-15T05:51:01.644,193,0,3,0,10
156321.842235,2026-07-15T05:51:01.646,193,0,3,0,10
156321.844584,2026-07-15T05:51:01.648,193,0,3,0,10
156321.847125,2026-07-15T05:51:01.650,193,0,3,0,10
156321.849575,2026-07-15T05:51:01.653,193,0,3,0,10
156321.852136,2026-07-15T05:51:01.656,22,0,3,0,10
156321.854571,2026-07-15T05:51:01.658,22,0,3,0,10
156321.856838,2026-07-15T05:51:01.661,22,0,3,0,10
156321.859420,2026-07-15T05:51:01.663,22,0,3,0,10
156321.861984,2026-07-15T05:51:01.665,22,0,3,0,10
156321.864692,2026-07-15T05:51:01.668,22,0,3,0,10
156321.867439,2026-07-15T05:51:01.671,22,0,3,0,10
156321.869918,2026-07-15T05:51:01.674,22,0,3,0,10
156321.872387,2026-07-15T05:51:01.676,22,0,3,0,10
156321.875069,2026-07-15T05:51:01.679,22,0,3,0,10
156321.877598,2026-07-15T05:51:01.681,22,0,3,0,10
156321.880119,2026-07-15T05:51:01.683,22,0,3,0,10
156321.882603,2026-07-15T05:51:01.686,22,0,3,0,10
156321.885041,2026-07-15T05:51:01.688,22,0,3,0,10
156321.887832,2026-07-15T05:51:01.692,22,0,3,0,10
156321.890343,2026-07-15T05:51:01.693,22,0,3,0,10
156321.892720,2026-07-15T05:51:01.697,22,0,3,0,10
156321.895738,2026-07-15T05:51:01.699,22,0,3,0,10
156321.898084,2026-07-15T05:51:01.702,22,0,3,0,10
156321.900705,2026-07-15T05:51:01.704,22,0,3,0,10
156321.902748,2026-07-15T05:51:01.706,22,0,3,0,10
156321.905439,2026-07-15T05:51:01.709,22,0,3,0,10
156321.907967,2026-07-15T05:51:01.712,22,0,3,0,10
156321.910398,2026-07-15T05:51:01.713,22,0,3,0,10
156321.913009,2026-07-15T05:51:01.716,22,0,3,0,10
156321.915244,2026-07-15T05:51:01.719,22,0,3,0,10
156321.917843,2026-07-15T05:51:01.721,22,0,3,0,10
156321.920546,2026-07-15T05:51:01.724,22,0,3,0,10
156321.923207,2026-07-15T05:51:01.727,22,0,3,0,10
156321.925814,2026-07-15T05:51:01.729,22,0,3,0,10
156321.928375,2026-07-15T05:51:01.732,22,0,3,0,10
156321.930823,2026-07-15T05:51:01.734,22,0,3,0,10
156321.933121,2026-07-15T05:51:01.737,22,0,3,0,10
156321.935758,2026-07-15T05:51:01.740,22,0,3,0,10
156321.938145,2026-07-15T05:51:01.742,22,0,3,0,10
156321.940852,2026-07-15T05:51:01.744,22,0,3,0,10
156321.943340,2026-07-15T05:51:01.747,22,0,3,0,10
156321.945522,2026-07-15T05:51:01.749,22,0,3,0,10
156321.947662,2026-07-15T05:51:01.751,22,0,3,0,10
156321.950226,2026-07-15T05:51:01.754,22,0,3,0,10
156321.952715,2026-07-15T05:51:01.756,22,0,3,0,10
156321.955101,2026-07-15T05:51:01.758,22,0,3,0,10
156321.957507,2026-07-15T05:51:01.762,22,0,3,0,10
156321.960129,2026-07-15T05:51:01.764,22,0,3,0,10
156321.962684,2026-07-15T05:51:01.767,22,0,3,0,10
156321.965152,2026-07-15T05:51:01.769,22,0,3,0,10
156321.967731,2026-07-15T05:51:01.772,22,0,3,0,10
156321.970284,2026-07-15T05:51:01.773,22,0,3,0,10
156321.972667,2026-07-15T05:51:01.775,22,0,3,0,10
156321.975113,2026-07-15T05:51:01.779,22,0,3,0,10
156321.977763,2026-07-15T05:51:01.781,22,0,3,0,10
156321.980066,2026-07-15T05:51:01.784,22,0,3,0,10
156321.982653,2026-07-15T05:51:01.786,22,0,3,0,10
156321.985275,2026-07-15T05:51:01.789,22,0,3,0,10
156321.987794,2026-07-15T05:51:01.791,22,0,3,0,10
156321.990108,2026-07-15T05:51:01.794,22,0,3,0,10
156321.992519,2026-07-15T05:51:01.796,22,0,3,0,10
156321.995203,2026-07-15T05:51:01.799,22,0,3,0,10
156321.997582,2026-07-15T05:51:01.801,22,0,3,0,10
156322.000361,2026-07-15T05:51:01.804,22,0,3,0,10
156322.002747,2026-07-15T05:51:01.806,22,0,3,0,10
156322.005403,2026-07-15T05:51:01.809,22,0,3,0,10
156322.008347,2026-07-15T05:51:01.812,22,0,3,0,10
156322.010774,2026-07-15T05:51:01.814,22,0,3,0,10
156322.013260,2026-07-15T05:51:01.817,22,0,3,0,10
156322.015500,2026-07-15T05:51:01.819,22,0,3,0,10
156322.017911,2026-07-15T05:51:01.821,22,0,3,0,10
156322.020340,2026-07-15T05:51:01.824,22,0,3,0,10
156322.022757,2026-07-15T05:51:01.827,22,0,3,0,10
156322.025179,2026-07-15T05:51:01.828,22,0,3,0,10
156322.027560,2026-07-15T05:51:01.832,22,0,3,0,10
156322.030143,2026-07-15T05:51:01.834,22,0,3,0,10
156322.032749,2026-07-15T05:51:01.837,22,0,3,0,10
156322.034916,2026-07-15T05:51:01.838,22,0,3,0,10
156322.037067,2026-07-15T05:51:01.841,22,0,3,0,10
156322.039727,2026-07-15T05:51:01.843,22,0,3,0,10
156322.042151,2026-07-15T05:51:01.846,22,0,3,0,10
156322.044575,2026-07-15T05:51:01.847,22,0,3,0,10
156322.047007,2026-07-15T05:51:01.850,22,0,3,0,10
156322.049585,2026-07-15T05:51:01.853,22,0,3,0,10
156322.051983,2026-07-15T05:51:01.854,22,0,3,0,10
156322.054638,2026-07-15T05:51:01.858,22,0,3,0,10
156322.057191,2026-07-15T05:51:01.861,22,0,3,0,10
156322.059980,2026-07-15T05:51:01.863,22,0,3,0,10
156322.062590,2026-07-15T05:51:01.866,22,0,3,0,10
156322.065306,2026-07-15T05:51:01.869,22,0,3,0,10
156322.068120,2026-07-15T05:51:01.871,22,0,3,0,10
156322.070645,2026-07-15T05:51:01.875,22,0,3,0,10
156322.073032,2026-07-15T05:51:01.877,22,0,3,0,10
156322.075493,2026-07-15T05:51:01.879,22,0,3,0,10
156322.077878,2026-07-15T05:51:01.882,22,0,3,0,10
156322.080150,2026-07-15T05:51:01.884,22,0,3,0,10
156322.082575,2026-07-15T05:51:01.886,22,0,3,0,10
156322.084890,2026-07-15T05:51:01.889,22,0,3,0,10
156322.087345,2026-07-15T05:51:01.891,22,0,3,0,10
156322.090312,2026-07-15T05:51:01.894,22,0,3,0,10
156322.092881,2026-07-15T05:51:01.896,22,0,3,0,10
156322.095444,2026-07-15T05:51:01.899,22,0,3,0,0
156322.098060,2026-07-15T05:51:01.902,3,3,3,0,0
156322.100601,2026-07-15T05:51:01.904,3,3,3,0,0
156322.103286,2026-07-15T05:51:01.907,3,3,3,0,0
156322.106363,2026-07-15T05:51:01.910,3,3,3,0,0
156322.108850,2026-07-15T05:51:01.913,3,3,3,0,0
156322.111387,2026-07-15T05:51:01.915,3,3,3,0,0
156322.113814,2026-07-15T05:51:01.918,3,3,3,0,0
156322.116253,2026-07-15T05:51:01.920,3,3,3,0,0
156322.118630,2026-07-15T05:51:01.922,3,3,3,0,0
156322.121255,2026-07-15T05:51:01.925,3,3,3,0,0
156322.124537,2026-07-15T05:51:01.928,3,3,3,0,0
156322.127259,2026-07-15T05:51:01.931,3,3,3,0,0
156322.129904,2026-07-15T05:51:01.933,3,3,3,0,0
156322.132539,2026-07-15T05:51:01.936,3,3,3,0,0
156322.135372,2026-07-15T05:51:01.939,3,3,3,0,0
156322.137649,2026-07-15T05:51:01.941,3,3,3,0,0
156322.140188,2026-07-15T05:51:01.944,3,3,3,0,0
156322.142608,2026-07-15T05:51:01.946,3,3,3,0,0
156322.145188,2026-07-15T05:51:01.949,3,3,3,0,0
156322.147784,2026-07-15T05:51:01.951,3,3,3,0,0
156322.150069,2026-07-15T05:51:01.954,3,3,3,0,0
156322.152538,2026-07-15T05:51:01.956,3,3,3,0,0
156322.155182,2026-07-15T05:51:01.959,3,3,3,0,0
156322.157676,2026-07-15T05:51:01.961,3,3,3,0,0
156322.160156,2026-07-15T05:51:01.964,3,3,3,0,0
156322.162701,2026-07-15T05:51:01.966,3,3,3,0,0
156322.165270,2026-07-15T05:51:01.969,3,3,3,0,0
156322.167882,2026-07-15T05:51:01.971,3,3,3,0,0
156322.170399,2026-07-15T05:51:01.974,3,3,3,0,0
156322.173159,2026-07-15T05:51:01.977,3,3,3,0,0
156322.175843,2026-07-15T05:51:01.979,3,3,3,0,0
156322.178283,2026-07-15T05:51:01.982,3,3,3,0,0
156322.180621,2026-07-15T05:51:01.984,3,3,3,0,0
156322.182682,2026-07-15T05:51:01.986,3,3,3,0,0
156322.184887,2026-07-15T05:51:01.988,3,3,3,0,0
156322.187195,2026-07-15T05:51:01.991,3,3,3,0,0
156322.189290,2026-07-15T05:51:01.993,3,3,3,0,0
156322.191798,2026-07-15T05:51:01.995,3,3,3,0,0
156322.194199,2026-07-15T05:51:01.997,3,3,3,0,0
156322.196689,2026-07-15T05:51:02.000,3,3,3,0,0
156322.199408,2026-07-15T05:51:02.003,3,3,3,0,0
156322.201776,2026-07-15T05:51:02.005,3,3,3,0,0
156322.203798,2026-07-15T05:51:02.007,3,3,3,0,0
156322.206588,2026-07-15T05:51:02.010,3,3,3,0,0
156322.208946,2026-07-15T05:51:02.012,3,3,3,0,0
156322.211933,2026-07-15T05:51:02.015,3,3,3,0,0
156322.214758,2026-07-15T05:51:02.018,3,3,3,0,0
156322.217015,2026-07-15T05:51:02.020,3,3,3,0,0
156322.219707,2026-07-15T05:51:02.023,3,3,3,0,0
156322.222141,2026-07-15T05:51:02.026,3,3,3,0,0
156322.224712,2026-07-15T05:51:02.029,3,3,3,0,0
156322.227239,2026-07-15T05:51:02.031,3,3,3,0,0
156322.229472,2026-07-15T05:51:02.033,3,3,3,0,0
156322.231938,2026-07-15T05:51:02.035,3,3,3,0,0
156322.234703,2026-07-15T05:51:02.038,3,3,3,0,0
156322.237255,2026-07-15T05:51:02.041,3,3,3,0,0
156322.239696,2026-07-15T05:51:02.043,3,3,3,0,0
156322.242507,2026-07-15T05:51:02.046,3,3,3,0,0
156322.245157,2026-07-15T05:51:02.049,3,3,3,0,0
156322.247689,2026-07-15T05:51:02.051,3,3,3,0,0
156322.250286,2026-07-15T05:51:02.053,3,3,3,0,0
156322.253023,2026-07-15T05:51:02.057,3,3,3,0,0
156322.255587,2026-07-15T05:51:02.060,3,3,3,0,0
156322.258350,2026-07-15T05:51:02.062,3,3,3,0,0
156322.261079,2026-07-15T05:51:02.065,3,3,3,0,0
156322.263155,2026-07-15T05:51:02.067,3,3,3,0,0
156322.265596,2026-07-15T05:51:02.069,3,3,3,0,0
156322.267982,2026-07-15T05:51:02.071,3,3,3,0,0
156322.270430,2026-07-15T05:51:02.074,3,3,3,0,0
156322.272771,2026-07-15T05:51:02.076,3,3,3,0,0
156322.275324,2026-07-15T05:51:02.079,3,3,3,0,0
156322.277872,2026-07-15T05:51:02.082,3,3,3,0,0
156322.280133,2026-07-15T05:51:02.084,3,3,3,0,0
156322.282533,2026-07-15T05:51:02.086,3,3,3,0,0
156322.284973,2026-07-15T05:51:02.089,3,3,3,0,0
156322.287252,2026-07-15T05:51:02.091,3,3,3,0,0
156322.289809,2026-07-15T05:51:02.094,3,3,3,0,0
156322.292712,2026-07-15T05:51:02.096,3,3,3,0,0
156322.295624,2026-07-15T05:51:02.099,3,3,3,0,0
156322.298273,2026-07-15T05:51:02.102,3,3,3,0,0
156322.300621,2026-07-15T05:51:02.104,3,3,3,0,0
156322.303197,2026-07-15T05:51:02.107,3,3,3,0,0
156322.305644,2026-07-15T05:51:02.109,3,3,3,0,0
156322.308374,2026-07-15T05:51:02.112,3,3,3,0,0
156322.310563,2026-07-15T05:51:02.114,3,3,3,0,0
156322.313032,2026-07-15T05:51:02.116,3,3,3,0,0
156322.315405,2026-07-15T05:51:02.119,3,3,3,0,0
156322.317606,2026-07-15T05:51:02.121,3,3,3,0,0
156322.319609,2026-07-15T05:51:02.123,3,3,3,0,0
156322.322220,2026-07-15T05:51:02.126,3,3,3,0,0
156322.324729,2026-07-15T05:51:02.128,3,3,3,0,0
156322.327007,2026-07-15T05:51:02.131,3,3,3,0,0
156322.330567,2026-07-15T05:51:02.134,3,3,3,0,0
156322.333081,2026-07-15T05:51:02.137,3,3,3,0,0
156322.335869,2026-07-15T05:51:02.140,3,3,3,0,0
156322.338570,2026-07-15T05:51:02.142,3,3,3,0,0
156322.341108,2026-07-15T05:51:02.145,3,3,3,0,0
156322.343584,2026-07-15T05:51:02.147,3,3,3,0,0
156322.346035,2026-07-15T05:51:02.150,3,3,3,0,0
156322.348693,2026-07-15T05:51:02.153,3,3,3,0,0
156322.351126,2026-07-15T05:51:02.155,3,3,3,0,0
156322.353871,2026-07-15T05:51:02.158,3,3,3,0,0
156322.356919,2026-07-15T05:51:02.161,3,3,3,0,0
156322.359521,2026-07-15T05:51:02.163,3,3,3,0,0
156322.362085,2026-07-15T05:51:02.166,3,3,3,0,0
156322.364557,2026-07-15T05:51:02.168,3,3,3,0,0
156322.367147,2026-07-15T05:51:02.171,3,3,3,0,0
156322.369832,2026-07-15T05:51:02.173,3,3,3,0,0
156322.372005,2026-07-15T05:51:02.175,3,3,3,0,0
156322.374570,2026-07-15T05:51:02.178,3,3,3,0,0
156322.377069,2026-07-15T05:51:02.180,3,3,3,0,0
156322.379441,2026-07-15T05:51:02.183,3,3,3,0,0
156322.382266,2026-07-15T05:51:02.186,3,3,3,0,0
156322.385171,2026-07-15T05:51:02.189,3,3,3,0,0
156322.388049,2026-07-15T05:51:02.191,3,3,3,0,0
156322.390703,2026-07-15T05:51:02.194,3,3,3,0,0
156322.393257,2026-07-15T05:51:02.197,3,3,3,0,0
156322.395730,2026-07-15T05:51:02.199,3,3,3,0,0
156322.398226,2026-07-15T05:51:02.202,3,3,3,0,0
156322.400759,2026-07-15T05:51:02.204,3,3,3,0,0
156322.403576,2026-07-15T05:51:02.207,3,3,3,0,0
156322.407062,2026-07-15T05:51:02.210,3,3,3,0,0
156322.409894,2026-07-15T05:51:02.213,3,3,3,0,0
156322.412378,2026-07-15T05:51:02.216,3,3,3,0,0
156322.415205,2026-07-15T05:51:02.219,3,3,3,0,0
156322.417871,2026-07-15T05:51:02.221,3,3,3,0,0
156322.420329,2026-07-15T05:51:02.224,3,3,3,0,0
156322.422916,2026-07-15T05:51:02.226,3,3,3,0,0
156322.425469,2026-07-15T05:51:02.229,3,3,3,0,0
156322.428075,2026-07-15T05:51:02.232,3,3,3,0,0
156322.431221,2026-07-15T05:51:02.235,3,3,3,0,0
156322.434407,2026-07-15T05:51:02.238,3,3,3,0,0
156322.437233,2026-07-15T05:51:02.241,3,3,3,0,0
156322.440046,2026-07-15T05:51:02.244,3,3,3,0,0
156322.442659,2026-07-15T05:51:02.247,3,3,3,0,0
156322.445116,2026-07-15T05:51:02.249,3,3,3,0,0
156322.447703,2026-07-15T05:51:02.252,3,3,3,0,0
156322.449914,2026-07-15T05:51:02.254,3,3,3,0,0
156322.452625,2026-07-15T05:51:02.257,3,3,3,0,0
156322.455437,2026-07-15T05:51:02.259,3,3,3,0,0
156322.458320,2026-07-15T05:51:02.262,3,3,3,0,0
156322.461129,2026-07-15T05:51:02.265,3,3,3,0,0
156322.463923,2026-07-15T05:51:02.267,3,3,3,0,0
156322.466653,2026-07-15T05:51:02.270,3,3,3,0,0
156322.469510,2026-07-15T05:51:02.273,3,3,3,0,0
156322.472202,2026-07-15T05:51:02.276,3,3,3,0,0
156322.474764,2026-07-15T05:51:02.278,3,3,3,0,0
156322.477659,2026-07-15T05:51:02.281,3,3,3,0,0
156322.480528,2026-07-15T05:51:02.284,3,3,3,0,0
156322.483112,2026-07-15T05:51:02.287,3,3,3,0,0
156322.485481,2026-07-15T05:51:02.289,3,3,3,0,0
156322.488309,2026-07-15T05:51:02.292,3,3,3,0,0
156322.491127,2026-07-15T05:51:02.295,3,3,3,0,0
156322.493863,2026-07-15T05:51:02.297,3,3,3,0,0
156322.496383,2026-07-15T05:51:02.300,3,3,3,0,0
156322.498970,2026-07-15T05:51:02.303,3,3,3,0,0
156322.501781,2026-07-15T05:51:02.306,3,3,3,0,0
156322.504296,2026-07-15T05:51:02.307,3,3,3,0,0
156322.506907,2026-07-15T05:51:02.311,3,3,3,0,0
156322.509216,2026-07-15T05:51:02.313,3,3,3,0,0
156322.511814,2026-07-15T05:51:02.315,3,3,3,0,0
156322.514078,2026-07-15T05:51:02.318,3,3,3,0,0
156322.516417,2026-07-15T05:51:02.320,3,3,3,0,0
156322.521116,2026-07-15T05:51:02.325,3,3,3,0,0
156322.523862,2026-07-15T05:51:02.327,3,3,3,0,0
156322.526079,2026-07-15T05:51:02.330,3,3,3,0,0
156322.528612,2026-07-15T05:51:02.333,3,3,3,0,0
156322.531112,2026-07-15T05:51:02.335,3,3,3,0,0
156322.533876,2026-07-15T05:51:02.338,3,3,3,0,0
156322.536668,2026-07-15T05:51:02.341,3,3,3,0,0
156322.539066,2026-07-15T05:51:02.343,3,3,3,0,0
156322.541336,2026-07-15T05:51:02.345,3,3,3,0,0
156322.543921,2026-07-15T05:51:02.348,3,3,3,0,0
156322.546320,2026-07-15T05:51:02.350,3,3,3,0,0
156322.548784,2026-07-15T05:51:02.352,3,3,3,0,0
156322.551099,2026-07-15T05:51:02.354,3,3,3,0,0
156322.553580,2026-07-15T05:51:02.357,3,3,3,0,0
156322.555878,2026-07-15T05:51:02.359,3,3,3,0,0
156322.558494,2026-07-15T05:51:02.363,3,3,3,0,0
156322.560818,2026-07-15T05:51:02.365,3,3,3,0,0
156322.563579,2026-07-15T05:51:02.367,3,3,3,0,0
156322.566161,2026-07-15T05:51:02.369,3,3,3,0,0
156322.568417,2026-07-15T05:51:02.371,3,3,3,0,0
156322.571124,2026-07-15T05:51:02.375,3,3,3,0,0
156322.573612,2026-07-15T05:51:02.378,3,3,3,0,0
156322.575930,2026-07-15T05:51:02.380,3,3,3,0,0
156322.578004,2026-07-15T05:51:02.382,3,3,3,0,0
156322.581035,2026-07-15T05:51:02.384,3,3,3,0,0
156322.583186,2026-07-15T05:51:02.386,3,3,3,0,0
156322.585861,2026-07-15T05:51:02.389,3,3,3,0,0
156322.588558,2026-07-15T05:51:02.393,3,3,3,0,0
156322.591254,2026-07-15T05:51:02.394,3,3,3,0,0
156322.594334,2026-07-15T05:51:02.398,3,3,3,0,0
156322.596979,2026-07-15T05:51:02.401,3,3,3,0,0
156322.599668,2026-07-15T05:51:02.403,3,3,3,0,0
156322.602501,2026-07-15T05:51:02.406,3,3,3,0,0
156322.605365,2026-07-15T05:51:02.409,3,3,3,0,0
156322.608341,2026-07-15T05:51:02.412,3,3,3,0,0
156322.611683,2026-07-15T05:51:02.416,3,3,3,0,0
156322.614276,2026-07-15T05:51:02.418,3,3,3,0,0
156322.617040,2026-07-15T05:51:02.421,3,3,3,0,0
156322.620034,2026-07-15T05:51:02.423,3,3,3,0,0
156322.622714,2026-07-15T05:51:02.426,3,3,3,0,0
156322.625002,2026-07-15T05:51:02.429,3,3,3,0,0
156322.627811,2026-07-15T05:51:02.432,3,3,3,0,0
156322.630599,2026-07-15T05:51:02.434,3,3,3,0,0
156322.633211,2026-07-15T05:51:02.436,3,3,3,0,0
156322.635605,2026-07-15T05:51:02.439,3,3,3,0,0
156322.638354,2026-07-15T05:51:02.442,3,3,3,0,0
156322.641169,2026-07-15T05:51:02.445,3,3,3,0,0
156322.643818,2026-07-15T05:51:02.448,3,3,3,0,0
156322.646579,2026-07-15T05:51:02.450,3,3,3,0,0
156322.649030,2026-07-15T05:51:02.453,3,3,3,0,0
156322.651544,2026-07-15T05:51:02.455,3,3,3,0,0
156322.654329,2026-07-15T05:51:02.458,3,3,3,0,0
156322.657007,2026-07-15T05:51:02.460,3,3,3,0,0
156322.659684,2026-07-15T05:51:02.463,3,3,3,0,0
156322.662423,2026-07-15T05:51:02.466,3,3,3,0,0
156322.664761,2026-07-15T05:51:02.468,3,3,3,0,0
156322.667478,2026-07-15T05:51:02.471,3,3,3,0,0
156322.670264,2026-07-15T05:51:02.474,3,3,3,0,0
156322.672943,2026-07-15T05:51:02.477,3,3,3,0,0
156322.675746,2026-07-15T05:51:02.479,3,3,3,0,0
156322.678420,2026-07-15T05:51:02.482,3,3,3,0,0
156322.681028,2026-07-15T05:51:02.485,3,3,3,0,0
156322.683661,2026-07-15T05:51:02.487,3,3,3,0,0
156322.686278,2026-07-15T05:51:02.490,3,3,3,0,0
156322.689156,2026-07-15T05:51:02.493,3,3,3,0,0
156322.691734,2026-07-15T05:51:02.495,3,3,3,0,0
156322.694159,2026-07-15T05:51:02.498,3,3,3,0,0
156322.696522,2026-07-15T05:51:02.500,3,3,3,0,0
156322.699115,2026-07-15T05:51:02.503,3,3,3,0,0
156322.702082,2026-07-15T05:51:02.505,3,3,3,0,0
156322.704815,2026-07-15T05:51:02.509,3,3,3,0,0
156322.707475,2026-07-15T05:51:02.512,3,3,3,0,0
156322.710208,2026-07-15T05:51:02.514,3,3,3,0,0
156322.712761,2026-07-15T05:51:02.516,3,3,3,0,0
156322.715495,2026-07-15T05:51:02.519,3,3,3,0,0
156322.717858,2026-07-15T05:51:02.521,3,3,3,0,0
156322.719929,2026-07-15T05:51:02.524,3,3,3,0,0
156322.722537,2026-07-15T05:51:02.526,3,3,3,0,0
156322.724805,2026-07-15T05:51:02.528,3,3,3,0,0
156322.726957,2026-07-15T05:51:02.531,3,3,3,0,0
156322.729334,2026-07-15T05:51:02.533,3,3,3,0,0
156322.731998,2026-07-15T05:51:02.535,3,3,3,0,0
156322.734545,2026-07-15T05:51:02.538,3,3,3,0,0
156322.736959,2026-07-15T05:51:02.540,3,3,3,0,0
156322.739562,2026-07-15T05:51:02.543,3,3,3,0,0
156322.741956,2026-07-15T05:51:02.546,3,3,3,0,0
156322.744687,2026-07-15T05:51:02.549,3,3,3,0,0
156322.747093,2026-07-15T05:51:02.550,3,3,3,0,0
156322.749589,2026-07-15T05:51:02.552,3,3,3,0,0
156322.752344,2026-07-15T05:51:02.556,3,3,3,0,0
156322.755017,2026-07-15T05:51:02.559,3,3,3,0,0
156322.757373,2026-07-15T05:51:02.561,3,3,3,0,0
156322.759917,2026-07-15T05:51:02.563,3,3,3,0,0
156322.762602,2026-07-15T05:51:02.566,3,3,3,0,0
156322.765094,2026-07-15T05:51:02.569,3,3,3,0,0
156322.767671,2026-07-15T05:51:02.572,3,3,3,0,0
156322.770041,2026-07-15T05:51:02.574,3,3,3,0,0
156322.772657,2026-07-15T05:51:02.576,3,3,3,0,0
156322.775375,2026-07-15T05:51:02.578,3,3,3,0,0
156322.777961,2026-07-15T05:51:02.582,3,3,3,0,0
156322.780544,2026-07-15T05:51:02.584,3,3,3,0,0
156322.783127,2026-07-15T05:51:02.586,3,3,3,0,0
156322.785710,2026-07-15T05:51:02.590,3,3,3,0,0
156322.788158,2026-07-15T05:51:02.592,3,3,3,0,0
156322.790753,2026-07-15T05:51:02.594,3,3,3,0,0
156322.793052,2026-07-15T05:51:02.597,3,3,3,0,0
156322.795850,2026-07-15T05:51:02.600,3,3,3,0,0
156322.798568,2026-07-15T05:51:02.602,3,3,3,0,0
156322.801210,2026-07-15T05:51:02.605,3,3,3,0,0
156322.803751,2026-07-15T05:51:02.607,3,3,3,0,0
156322.806112,2026-07-15T05:51:02.610,3,3,3,0,0
156322.808995,2026-07-15T05:51:02.613,3,3,3,0,0
156322.811735,2026-07-15T05:51:02.615,3,3,3,0,0
156322.814351,2026-07-15T05:51:02.618,3,3,3,0,0
156322.816605,2026-07-15T05:51:02.620,3,3,3,0,0
156322.819187,2026-07-15T05:51:02.623,3,3,3,0,0
156322.822209,2026-07-15T05:51:02.626,3,3,3,0,0
156322.824967,2026-07-15T05:51:02.629,3,3,3,0,0
156322.827111,2026-07-15T05:51:02.630,3,3,3,0,0
156322.829755,2026-07-15T05:51:02.633,3,3,3,0,0
156322.832192,2026-07-15T05:51:02.635,3,3,3,0,0
156322.834358,2026-07-15T05:51:02.638,3,3,3,0,0
156322.837117,2026-07-15T05:51:02.641,3,3,3,0,0
156322.839904,2026-07-15T05:51:02.644,3,3,3,0,0
156322.842752,2026-07-15T05:51:02.647,3,3,3,0,0
156322.845049,2026-07-15T05:51:02.648,3,3,3,0,0
156322.847636,2026-07-15T05:51:02.651,3,3,3,0,0
156322.850248,2026-07-15T05:51:02.653,3,3,3,0,0
156322.853082,2026-07-15T05:51:02.657,3,3,3,0,0
156322.855890,2026-07-15T05:51:02.660,3,3,3,0,0
156322.858132,2026-07-15T05:51:02.662,3,3,3,0,0
156322.860702,2026-07-15T05:51:02.664,3,3,3,0,0
156322.863126,2026-07-15T05:51:02.667,3,3,3,0,0
156322.865966,2026-07-15T05:51:02.669,3,3,3,0,0
156322.868727,2026-07-15T05:51:02.673,3,3,3,0,0
156322.871529,2026-07-15T05:51:02.675,3,3,3,0,0
156322.874318,2026-07-15T05:51:02.677,3,3,3,0,0
156322.876558,2026-07-15T05:51:02.680,3,3,3,0,0
156322.878755,2026-07-15T05:51:02.682,3,3,3,0,0
156322.880904,2026-07-15T05:51:02.685,3,3,3,0,0
156322.883599,2026-07-15T05:51:02.687,3,3,3,0,0
156322.886163,2026-07-15T05:51:02.690,3,3,3,0,0
156322.888581,2026-07-15T05:51:02.692,3,3,3,0,0
156322.891109,2026-07-15T05:51:02.695,3,3,3,0,0
156322.893761,2026-07-15T05:51:02.698,3,3,3,0,0
156322.895997,2026-07-15T05:51:02.700,3,3,3,0,0
156322.898533,2026-07-15T05:51:02.702,3,3,3,0,0
156322.901044,2026-07-15T05:51:02.704,3,3,3,0,0
156322.903629,2026-07-15T05:51:02.706,3,3,3,0,0
156322.905960,2026-07-15T05:51:02.710,3,3,3,0,0
156322.909728,2026-07-15T05:51:02.714,3,3,3,0,0
156322.912437,2026-07-15T05:51:02.716,3,3,3,0,0
156322.915000,2026-07-15T05:51:02.718,3,3,3,0,0
156322.917623,2026-07-15T05:51:02.722,3,3,3,0,0
156322.920246,2026-07-15T05:51:02.724,3,3,3,0,0
156322.922753,2026-07-15T05:51:02.727,3,3,3,0,0
156322.925188,2026-07-15T05:51:02.729,3,3,3,0,0
156322.927695,2026-07-15T05:51:02.731,3,3,3,0,0
156322.930187,2026-07-15T05:51:02.734,3,0,3,0,11
156322.932590,2026-07-15T05:51:02.736,67,0,3,0,11
156322.935133,2026-07-15T05:51:02.739,67,0,3,0,11
156322.937864,2026-07-15T05:51:02.741,67,0,3,0,11
156322.940568,2026-07-15T05:51:02.744,67,0,3,0,11
156322.943070,2026-07-15T05:51:02.747,67,0,3,0,11
156322.947207,2026-07-15T05:51:02.751,67,0,3,0,11
156322.949599,2026-07-15T05:51:02.753,67,0,3,0,11
156322.952409,2026-07-15T05:51:02.756,67,0,3,0,11
156322.955106,2026-07-15T05:51:02.758,67,0,3,0,11
156322.958016,2026-07-15T05:51:02.761,67,0,3,0,11
156322.960782,2026-07-15T05:51:02.764,67,0,3,0,11
156322.963643,2026-07-15T05:51:02.767,67,0,3,0,11
156322.966085,2026-07-15T05:51:02.770,67,0,3,0,11
156322.968627,2026-07-15T05:51:02.772,67,0,3,0,11
156322.971154,2026-07-15T05:51:02.775,67,0,3,0,11
156322.973718,2026-07-15T05:51:02.778,67,0,3,0,11
156322.976325,2026-07-15T05:51:02.780,67,0,3,0,11
156322.978619,2026-07-15T05:51:02.782,67,0,3,0,11
156322.981242,2026-07-15T05:51:02.784,67,0,3,0,11
156322.983919,2026-07-15T05:51:02.787,67,0,3,0,11
156322.986581,2026-07-15T05:51:02.790,67,0,3,0,11
156322.989226,2026-07-15T05:51:02.793,67,0,3,0,11
156322.992460,2026-07-15T05:51:02.796,67,0,3,0,11
156322.994587,2026-07-15T05:51:02.798,67,0,3,0,11
156322.997339,2026-07-15T05:51:02.801,67,0,3,0,11
156323.000025,2026-07-15T05:51:02.804,67,0,3,0,11
156323.002684,2026-07-15T05:51:02.806,67,0,3,0,11
156323.005279,2026-07-15T05:51:02.809,67,0,3,0,11
156323.008062,2026-07-15T05:51:02.812,67,0,3,0,11
156323.011576,2026-07-15T05:51:02.815,67,0,3,0,11
156323.013838,2026-07-15T05:51:02.817,67,0,3,0,11
156323.016043,2026-07-15T05:51:02.820,67,0,3,0,11
156323.018762,2026-07-15T05:51:02.822,67,0,3,0,11
156323.021360,2026-07-15T05:51:02.825,67,0,3,0,11
156323.024003,2026-07-15T05:51:02.828,67,0,3,0,11
156323.026562,2026-07-15T05:51:02.830,67,0,3,0,11
156323.028829,2026-07-15T05:51:02.833,67,0,3,0,11
156323.031006,2026-07-15T05:51:02.835,67,0,3,0,11
156323.033556,2026-07-15T05:51:02.836,67,0,3,0,11
156323.035832,2026-07-15T05:51:02.839,67,0,3,0,11
156323.038108,2026-07-15T05:51:02.842,67,0,3,0,11
156323.040747,2026-07-15T05:51:02.844,67,0,3,0,11
156323.043331,2026-07-15T05:51:02.847,67,0,3,0,11
156323.045754,2026-07-15T05:51:02.849,67,0,3,0,11
156323.048045,2026-07-15T05:51:02.852,67,0,3,0,11
156323.050508,2026-07-15T05:51:02.854,67,0,3,0,11
156323.052847,2026-07-15T05:51:02.857,67,0,3,0,11
156323.055284,2026-07-15T05:51:02.859,67,0,3,0,11
156323.057769,2026-07-15T05:51:02.861,67,0,3,0,11
156323.060337,2026-07-15T05:51:02.863,67,0,3,0,11
156323.062875,2026-07-15T05:51:02.866,67,0,3,0,11
156323.065509,2026-07-15T05:51:02.869,67,0,3,0,11
156323.067983,2026-07-15T05:51:02.872,67,0,3,0,11
156323.070502,2026-07-15T05:51:02.874,67,0,3,0,11
156323.073188,2026-07-15T05:51:02.877,67,0,3,0,11
156323.076209,2026-07-15T05:51:02.880,67,0,3,0,11
156323.078695,2026-07-15T05:51:02.882,67,0,3,0,11
156323.081534,2026-07-15T05:51:02.885,67,0,3,0,11
156323.084220,2026-07-15T05:51:02.888,67,0,3,0,11
156323.086708,2026-07-15T05:51:02.890,67,0,3,0,11
156323.089264,2026-07-15T05:51:02.892,67,0,3,0,11
156323.092178,2026-07-15T05:51:02.896,67,0,3,0,11
156323.094429,2026-07-15T05:51:02.898,67,0,3,0,11
156323.096724,2026-07-15T05:51:02.901,67,0,3,0,11
156323.099190,2026-07-15T05:51:02.903,67,0,3,0,11
156323.101760,2026-07-15T05:51:02.906,67,0,3,0,11
156323.104308,2026-07-15T05:51:02.908,67,0,3,0,11
156323.106701,2026-07-15T05:51:02.910,67,0,3,0,11
156323.109262,2026-07-15T05:51:02.913,67,0,3,0,11
156323.111820,2026-07-15T05:51:02.915,67,0,3,0,11
156323.114022,2026-07-15T05:51:02.918,67,0,3,0,11
156323.116517,2026-07-15T05:51:02.920,67,0,3,0,11
156323.119001,2026-07-15T05:51:02.923,67,0,3,0,11
156323.121701,2026-07-15T05:51:02.925,67,0,3,0,11
156323.124220,2026-07-15T05:51:02.927,67,0,3,0,11
156323.126702,2026-07-15T05:51:02.931,67,0,3,0,11
156323.129340,2026-07-15T05:51:02.932,67,0,3,0,11
156323.131993,2026-07-15T05:51:02.936,67,0,3,0,11
156323.134822,2026-07-15T05:51:02.939,67,0,3,0,11
156323.137336,2026-07-15T05:51:02.941,67,0,3,0,11
156323.139772,2026-07-15T05:51:02.943,67,0,3,0,11
156323.142247,2026-07-15T05:51:02.946,67,0,3,0,11
156323.144789,2026-07-15T05:51:02.948,67,0,3,0,11
156323.147287,2026-07-15T05:51:02.950,67,0,3,0,11
156323.149721,2026-07-15T05:51:02.953,67,0,3,0,11
156323.152193,2026-07-15T05:51:02.956,67,0,3,0,11
156323.154722,2026-07-15T05:51:02.959,67,0,3,0,11
156323.157284,2026-07-15T05:51:02.961,67,0,3,0,11
156323.159958,2026-07-15T05:51:02.964,67,0,3,0,11
156323.162677,2026-07-15T05:51:02.966,67,0,3,0,11
156323.165343,2026-07-15T05:51:02.969,67,0,3,0,11
156323.168143,2026-07-15T05:51:02.972,67,0,3,0,11
156323.170906,2026-07-15T05:51:02.974,67,0,3,0,11
156323.173525,2026-07-15T05:51:02.977,67,0,3,0,15
156323.176101,2026-07-15T05:51:02.980,239,0,3,0,15
156323.178121,2026-07-15T05:51:02.982,239,0,3,0,15
156323.180668,2026-07-15T05:51:02.985,239,0,3,0,15
156323.182711,2026-07-15T05:51:02.986,239,0,3,0,15
156323.185422,2026-07-15T05:51:02.989,239,0,3,0,15
156323.188161,2026-07-15T05:51:02.992,239,0,3,0,15
156323.190858,2026-07-15T05:51:02.994,239,0,3,0,15
156323.193523,2026-07-15T05:51:02.998,239,0,3,0,15
156323.195658,2026-07-15T05:51:03.000,239,0,3,0,15
156323.198281,2026-07-15T05:51:03.002,239,0,3,0,15
156323.200618,2026-07-15T05:51:03.005,239,0,3,0,15
156323.204700,2026-07-15T05:51:03.008,239,0,3,0,15
156323.207072,2026-07-15T05:51:03.011,239,0,3,0,15
156323.209777,2026-07-15T05:51:03.013,239,0,3,0,15
156323.212651,2026-07-15T05:51:03.017,239,0,3,0,15
156323.215102,2026-07-15T05:51:03.019,239,0,3,0,15
156323.217946,2026-07-15T05:51:03.021,239,0,3,0,15
156323.220731,2026-07-15T05:51:03.025,239,0,3,0,15
156323.223182,2026-07-15T05:51:03.027,239,0,3,0,15
156323.225242,2026-07-15T05:51:03.028,239,0,3,0,15
156323.227735,2026-07-15T05:51:03.031,239,0,3,0,15
156323.230753,2026-07-15T05:51:03.034,239,0,3,0,15
156323.233166,2026-07-15T05:51:03.036,239,0,3,0,15
156323.235778,2026-07-15T05:51:03.040,239,0,3,0,15
156323.238254,2026-07-15T05:51:03.042,239,0,3,0,15
156323.240555,2026-07-15T05:51:03.044,239,0,3,0,15
156323.243721,2026-07-15T05:51:03.048,239,0,3,0,15
156323.246268,2026-07-15T05:51:03.050,239,0,3,0,15
156323.248904,2026-07-15T05:51:03.052,239,0,3,0,15
156323.251553,2026-07-15T05:51:03.055,239,0,3,0,15
156323.254581,2026-07-15T05:51:03.058,239,0,3,0,15
156323.257219,2026-07-15T05:51:03.061,239,0,3,0,15
156323.260035,2026-07-15T05:51:03.064,239,0,3,0,15
156323.262687,2026-07-15T05:51:03.067,239,0,3,0,15
156323.265278,2026-07-15T05:51:03.069,239,0,3,0,15
156323.267931,2026-07-15T05:51:03.072,239,0,3,0,15
156323.270542,2026-07-15T05:51:03.074,239,0,3,0,15
156323.272964,2026-07-15T05:51:03.076,239,0,3,0,15
156323.275606,2026-07-15T05:51:03.079,239,0,3,0,15
156323.278277,2026-07-15T05:51:03.082,239,0,3,0,15
156323.280628,2026-07-15T05:51:03.084,239,0,3,0,15
156323.283055,2026-07-15T05:51:03.087,239,0,3,0,15
156323.285552,2026-07-15T05:51:03.090,239,0,3,0,15
156323.288225,2026-07-15T05:51:03.092,239,0,3,0,15
156323.290773,2026-07-15T05:51:03.095,239,0,3,0,15
156323.293039,2026-07-15T05:51:03.096,239,0,3,0,15
156323.295509,2026-07-15T05:51:03.099,239,0,3,0,15
156323.297940,2026-07-15T05:51:03.101,239,0,3,0,15
156323.300623,2026-07-15T05:51:03.105,239,0,3,0,15
156323.303066,2026-07-15T05:51:03.107,239,0,3,0,15
156323.305741,2026-07-15T05:51:03.110,239,0,3,0,15
156323.308026,2026-07-15T05:51:03.111,239,0,3,0,15
156323.310882,2026-07-15T05:51:03.113,239,0,3,0,15
156323.313660,2026-07-15T05:51:03.117,239,0,3,0,15
156323.316200,2026-07-15T05:51:03.120,239,0,3,0,15
156323.318786,2026-07-15T05:51:03.122,239,0,3,0,15
156323.321327,2026-07-15T05:51:03.125,239,0,3,0,15
156323.323837,2026-07-15T05:51:03.127,239,0,3,0,15
156323.326017,2026-07-15T05:51:03.129,239,0,3,0,15
156323.328393,2026-07-15T05:51:03.132,239,0,3,0,15
156323.330715,2026-07-15T05:51:03.134,239,0,3,0,15
156323.333302,2026-07-15T05:51:03.137,239,0,3,0,15
156323.335459,2026-07-15T05:51:03.139,239,0,3,0,15
156323.338159,2026-07-15T05:51:03.142,239,0,3,0,15
156323.340562,2026-07-15T05:51:03.145,239,0,3,0,15
156323.343251,2026-07-15T05:51:03.147,239,0,3,0,15
156323.345893,2026-07-15T05:51:03.150,239,0,3,0,15
156323.348173,2026-07-15T05:51:03.152,239,0,3,0,15
156323.350908,2026-07-15T05:51:03.154,239,0,3,0,15
156323.353299,2026-07-15T05:51:03.157,239,0,3,0,15
156323.355848,2026-07-15T05:51:03.160,239,0,3,0,15
156323.359469,2026-07-15T05:51:03.163,239,0,3,0,15
156323.362146,2026-07-15T05:51:03.166,239,0,3,0,15
156323.364623,2026-07-15T05:51:03.168,239,0,3,0,15
156323.367650,2026-07-15T05:51:03.171,239,0,3,0,15
156323.370235,2026-07-15T05:51:03.174,239,0,3,0,15
156323.372847,2026-07-15T05:51:03.177,239,0,3,0,15
156323.375058,2026-07-15T05:51:03.179,239,0,3,0,15
156323.377914,2026-07-15T05:51:03.181,239,0,3,0,15
156323.380842,2026-07-15T05:51:03.185,239,0,3,0,15
156323.383056,2026-07-15T05:51:03.187,239,0,3,0,15
156323.385938,2026-07-15T05:51:03.190,239,0,3,0,15
156323.388569,2026-07-15T05:51:03.192,239,0,3,0,15
156323.391363,2026-07-15T05:51:03.195,239,0,3,0,15
156323.394129,2026-07-15T05:51:03.198,239,0,3,0,15
156323.396739,2026-07-15T05:51:03.201,239,0,3,0,15
156323.399269,2026-07-15T05:51:03.203,239,0,3,0,15
156323.402435,2026-07-15T05:51:03.206,239,0,3,0,15
156323.405367,2026-07-15T05:51:03.209,239,0,3,0,15
156323.408171,2026-07-15T05:51:03.212,239,0,3,0,15
156323.413207,2026-07-15T05:51:03.217,239,0,3,0,15
156323.415929,2026-07-15T05:51:03.219,239,0,3,0,15
156323.418897,2026-07-15T05:51:03.222,239,0,3,0,0
156323.421992,2026-07-15T05:51:03.226,249,3,3,0,0
156323.425221,2026-07-15T05:51:03.229,249,3,3,0,0
156323.428167,2026-07-15T05:51:03.232,249,3,3,0,0
156323.430640,2026-07-15T05:51:03.235,249,3,3,0,0
156323.433250,2026-07-15T05:51:03.237,249,3,3,0,0
156323.436178,2026-07-15T05:51:03.240,249,3,3,0,0
156323.438745,2026-07-15T05:51:03.243,249,3,3,0,0
156323.441630,2026-07-15T05:51:03.245,249,3,3,0,0
156323.444118,2026-07-15T05:51:03.247,249,3,3,0,0
156323.446833,2026-07-15T05:51:03.250,249,3,3,0,0
156323.449690,2026-07-15T05:51:03.254,249,3,3,0,0
156323.452408,2026-07-15T05:51:03.256,249,3,3,0,0
156323.455088,2026-07-15T05:51:03.258,249,3,3,0,0
156323.457748,2026-07-15T05:51:03.262,249,3,3,0,0
156323.460051,2026-07-15T05:51:03.264,249,3,3,0,0
156323.462888,2026-07-15T05:51:03.267,249,3,3,0,0
156323.469178,2026-07-15T05:51:03.273,249,3,3,0,0
156323.471976,2026-07-15T05:51:03.275,249,3,3,0,0
156323.475722,2026-07-15T05:51:03.279,249,3,3,0,0
156323.477949,2026-07-15T05:51:03.281,249,3,3,0,0
156323.480698,2026-07-15T05:51:03.284,249,3,3,0,0
156323.483337,2026-07-15T05:51:03.287,249,3,3,0,0
156323.485977,2026-07-15T05:51:03.289,249,3,3,0,0
156323.488681,2026-07-15T05:51:03.292,249,3,3,0,0
156323.490970,2026-07-15T05:51:03.294,249,3,3,0,0
156323.493564,2026-07-15T05:51:03.297,249,3,3,0,0
156323.496213,2026-07-15T05:51:03.300,249,3,3,0,0
156323.498891,2026-07-15T05:51:03.303,249,3,3,0,0
156323.501633,2026-07-15T05:51:03.306,249,3,3,0,0
156323.504244,2026-07-15T05:51:03.308,249,3,3,0,0
156323.506790,2026-07-15T05:51:03.311,249,3,3,0,0
156323.510275,2026-07-15T05:51:03.314,249,3,3,0,0
156323.513316,2026-07-15T05:51:03.316,249,3,3,0,0
156323.516167,2026-07-15T05:51:03.319,249,3,3,0,0
156323.518931,2026-07-15T05:51:03.322,249,3,3,0,0
156323.521710,2026-07-15T05:51:03.325,249,3,3,0,0
156323.523969,2026-07-15T05:51:03.327,249,3,3,0,0
156323.526768,2026-07-15T05:51:03.330,249,3,3,0,0
156323.529869,2026-07-15T05:51:03.333,249,3,3,0,0
156323.532255,2026-07-15T05:51:03.336,249,3,3,0,0
156323.534470,2026-07-15T05:51:03.338,249,3,3,0,0
156323.536940,2026-07-15T05:51:03.340,249,3,3,0,0
156323.539026,2026-07-15T05:51:03.342,249,3,3,0,0
156323.541802,2026-07-15T05:51:03.345,249,3,3,0,0
156323.544334,2026-07-15T05:51:03.348,249,3,3,0,0
156323.546703,2026-07-15T05:51:03.351,249,3,3,0,0
156323.549194,2026-07-15T05:51:03.353,249,3,3,0,0
156323.551727,2026-07-15T05:51:03.356,249,3,3,0,0
156323.554394,2026-07-15T05:51:03.358,249,3,3,0,0
156323.557080,2026-07-15T05:51:03.361,249,3,3,0,0
156323.559907,2026-07-15T05:51:03.364,249,3,3,0,0
156323.562640,2026-07-15T05:51:03.366,249,3,3,0,0
156323.565308,2026-07-15T05:51:03.369,249,3,3,0,0
156323.567895,2026-07-15T05:51:03.371,249,3,3,0,0
156323.570605,2026-07-15T05:51:03.374,249,3,3,0,0
156323.573514,2026-07-15T05:51:03.378,249,3,3,0,0
156323.576254,2026-07-15T05:51:03.379,249,3,3,0,0
156323.578893,2026-07-15T05:51:03.383,249,3,3,0,0
156323.581553,2026-07-15T05:51:03.386,249,3,3,0,0
156323.584088,2026-07-15T05:51:03.387,249,3,3,0,0
156323.586882,2026-07-15T05:51:03.390,249,3,3,0,0
156323.589666,2026-07-15T05:51:03.393,249,3,3,0,0
156323.592464,2026-07-15T05:51:03.396,249,3,3,0,0
156323.595158,2026-07-15T05:51:03.398,249,3,3,0,0
156323.597862,2026-07-15T05:51:03.401,249,3,3,0,0
156323.600541,2026-07-15T05:51:03.404,249,3,3,0,0
156323.603593,2026-07-15T05:51:03.407,249,3,3,0,0
156323.606250,2026-07-15T05:51:03.410,249,3,3,0,0
156323.608792,2026-07-15T05:51:03.412,249,3,3,0,0
156323.611251,2026-07-15T05:51:03.415,249,3,3,0,0
156323.614964,2026-07-15T05:51:03.419,249,3,3,0,0
156323.617810,2026-07-15T05:51:03.421,249,3,3,0,0
156323.620587,2026-07-15T05:51:03.424,249,3,3,0,0
156323.623315,2026-07-15T05:51:03.427,249,3,3,0,0
156323.626128,2026-07-15T05:51:03.430,249,3,3,0,0
156323.628770,2026-07-15T05:51:03.432,249,3,3,0,0
156323.631344,2026-07-15T05:51:03.435,249,3,3,0,0
156323.634214,2026-07-15T05:51:03.437,249,3,3,0,0
156323.636794,2026-07-15T05:51:03.440,249,3,3,0,0
156323.639480,2026-07-15T05:51:03.443,249,3,3,0,0
156323.642311,2026-07-15T05:51:03.446,249,3,3,0,0
156323.645074,2026-07-15T05:51:03.448,249,3,3,0,0
156323.647885,2026-07-15T05:51:03.452,249,3,3,0,0
156323.650538,2026-07-15T05:51:03.454,249,3,3,0,0
156323.653010,2026-07-15T05:51:03.457,249,3,3,0,0
156323.655852,2026-07-15T05:51:03.460,249,3,3,0,0
156323.658665,2026-07-15T05:51:03.462,249,3,3,0,0
156323.660847,2026-07-15T05:51:03.465,249,3,3,0,0
156323.663345,2026-07-15T05:51:03.467,249,3,3,0,0
156323.665830,2026-07-15T05:51:03.469,249,3,3,0,0
156323.668396,2026-07-15T05:51:03.472,249,3,3,0,0
156323.671173,2026-07-15T05:51:03.475,249,3,3,0,0
156323.673960,2026-07-15T05:51:03.477,249,3,3,0,0
156323.676710,2026-07-15T05:51:03.480,249,3,3,0,0
156323.679501,2026-07-15T05:51:03.483,249,3,3,0,0
156323.682198,2026-07-15T05:51:03.486,249,3,3,0,0
156323.684921,2026-07-15T05:51:03.489,249,3,3,0,0
156323.687448,2026-07-15T05:51:03.491,249,3,3,0,0
156323.690345,2026-07-15T05:51:03.494,249,3,3,0,0
156323.693012,2026-07-15T05:51:03.497,249,3,3,0,0
156323.696133,2026-07-15T05:51:03.500,249,3,3,0,0
156323.698842,2026-07-15T05:51:03.502,249,3,3,0,0
156323.701474,2026-07-15T05:51:03.505,249,3,3,0,0
156323.704779,2026-07-15T05:51:03.508,249,3,3,0,0
156323.707744,2026-07-15T05:51:03.511,249,3,3,0,0
156323.710319,2026-07-15T05:51:03.514,249,3,3,0,0
156323.713152,2026-07-15T05:51:03.516,249,3,3,0,0
156323.715981,2026-07-15T05:51:03.519,249,3,3,0,0
156323.719002,2026-07-15T05:51:03.522,249,3,3,0,0
156323.721697,2026-07-15T05:51:03.525,249,3,3,0,0
156323.724576,2026-07-15T05:51:03.528,249,3,3,0,0
156323.727351,2026-07-15T05:51:03.531,249,3,3,0,0
156323.729972,2026-07-15T05:51:03.533,249,3,3,0,0
156323.732770,2026-07-15T05:51:03.536,249,3,3,0,0
156323.735492,2026-07-15T05:51:03.539,249,3,3,0,0
156323.738404,2026-07-15T05:51:03.542,249,3,3,0,0
156323.740901,2026-07-15T05:51:03.545,249,3,3,0,0
156323.743165,2026-07-15T05:51:03.547,249,3,3,0,0
156323.745877,2026-07-15T05:51:03.550,249,3,3,0,0
156323.747899,2026-07-15T05:51:03.552,249,3,3,0,0
156323.750205,2026-07-15T05:51:03.554,249,3,3,0,0
156323.752674,2026-07-15T05:51:03.556,249,3,3,0,0
156323.755204,2026-07-15T05:51:03.558,249,3,3,0,0
156323.757729,2026-07-15T05:51:03.561,249,3,3,0,0
156323.760186,2026-07-15T05:51:03.563,249,3,3,0,0
156323.762875,2026-07-15T05:51:03.566,249,3,3,0,0
156323.765768,2026-07-15T05:51:03.569,249,3,3,0,0
156323.768206,2026-07-15T05:51:03.571,249,3,3,0,0
156323.771096,2026-07-15T05:51:03.575,249,3,3,0,0
156323.773616,2026-07-15T05:51:03.577,249,3,3,0,0
156323.776165,2026-07-15T05:51:03.580,249,3,3,0,0
156323.778401,2026-07-15T05:51:03.582,249,3,3,0,0
156323.781040,2026-07-15T05:51:03.585,249,3,3,0,0
156323.783171,2026-07-15T05:51:03.587,249,3,3,0,0
156323.785176,2026-07-15T05:51:03.589,249,3,3,0,0
156323.787644,2026-07-15T05:51:03.591,249,3,3,0,0
156323.790064,2026-07-15T05:51:03.593,249,3,3,0,0
156323.792267,2026-07-15T05:51:03.596,249,3,3,0,0
156323.794440,2026-07-15T05:51:03.599,249,3,3,0,0
156323.797050,2026-07-15T05:51:03.601,249,3,3,0,0
156323.799821,2026-07-15T05:51:03.604,249,3,3,0,0
156323.802067,2026-07-15T05:51:03.606,249,3,3,0,0
156323.804506,2026-07-15T05:51:03.609,249,3,3,0,0
156323.807346,2026-07-15T05:51:03.611,249,3,3,0,0
156323.810270,2026-07-15T05:51:03.613,249,3,3,0,0
156323.813174,2026-07-15T05:51:03.616,249,3,3,0,0
156323.815821,2026-07-15T05:51:03.619,249,3,3,0,0
156323.818872,2026-07-15T05:51:03.622,249,3,3,0,0
156323.821748,2026-07-15T05:51:03.625,249,3,3,0,0
156323.824673,2026-07-15T05:51:03.628,249,3,3,0,0
156323.827160,2026-07-15T05:51:03.630,249,3,3,0,0
156323.829658,2026-07-15T05:51:03.633,249,3,3,0,0
156323.832171,2026-07-15T05:51:03.635,249,3,3,0,0
156323.834638,2026-07-15T05:51:03.638,249,3,3,0,0
156323.837385,2026-07-15T05:51:03.641,249,3,3,0,0
156323.840101,2026-07-15T05:51:03.644,249,3,3,0,0
156323.842689,2026-07-15T05:51:03.646,249,3,3,0,0
156323.845120,2026-07-15T05:51:03.648,249,3,3,0,0
156323.847839,2026-07-15T05:51:03.651,249,3,3,0,0
156323.850710,2026-07-15T05:51:03.654,249,3,3,0,0
156323.853334,2026-07-15T05:51:03.657,249,3,3,0,0
156323.856130,2026-07-15T05:51:03.659,249,3,3,0,0
156323.858649,2026-07-15T05:51:03.662,249,3,3,0,0
156323.861288,2026-07-15T05:51:03.665,249,3,3,0,0
156323.863925,2026-07-15T05:51:03.667,249,3,3,0,0
156323.866623,2026-07-15T05:51:03.670,249,3,3,0,0
156323.869222,2026-07-15T05:51:03.672,249,3,3,0,0
156323.871858,2026-07-15T05:51:03.676,249,3,3,0,0
156323.874496,2026-07-15T05:51:03.678,249,3,3,0,0
156323.877015,2026-07-15T05:51:03.680,249,3,3,0,0
156323.879575,2026-07-15T05:51:03.683,249,3,3,0,0
156323.882346,2026-07-15T05:51:03.685,249,3,3,0,0
156323.885077,2026-07-15T05:51:03.689,249,3,3,0,0
156323.887662,2026-07-15T05:51:03.691,249,3,3,0,0
156323.890392,2026-07-15T05:51:03.693,249,3,3,0,0
156323.893047,2026-07-15T05:51:03.697,249,3,3,0,0
156323.895732,2026-07-15T05:51:03.700,249,3,3,0,0
156323.898426,2026-07-15T05:51:03.702,249,3,3,0,0
156323.901052,2026-07-15T05:51:03.705,249,3,3,0,0
156323.903688,2026-07-15T05:51:03.708,249,3,3,0,0
156323.906341,2026-07-15T05:51:03.710,249,3,3,0,0
156323.909002,2026-07-15T05:51:03.713,249,3,3,0,0
156323.911874,2026-07-15T05:51:03.715,249,3,3,0,0
156323.915421,2026-07-15T05:51:03.719,249,3,3,0,0
156323.918226,2026-07-15T05:51:03.722,249,3,3,0,0
156323.920942,2026-07-15T05:51:03.725,249,3,3,0,0
156323.923620,2026-07-15T05:51:03.728,249,3,3,0,0
156323.926502,2026-07-15T05:51:03.730,249,3,3,0,0
156323.929308,2026-07-15T05:51:03.733,249,3,3,0,0
156323.931915,2026-07-15T05:51:03.735,249,3,3,0,0
156323.934864,2026-07-15T05:51:03.739,249,3,3,0,0
156323.937123,2026-07-15T05:51:03.741,249,3,3,0,0
156323.939694,2026-07-15T05:51:03.743,249,3,3,0,0
156323.942281,2026-07-15T05:51:03.746,249,3,3,0,0
156323.944930,2026-07-15T05:51:03.749,249,3,3,0,0
156323.947745,2026-07-15T05:51:03.751,249,3,3,0,0
156323.950477,2026-07-15T05:51:03.754,249,3,3,0,0
156323.952985,2026-07-15T05:51:03.757,249,3,3,0,0
156323.955927,2026-07-15T05:51:03.760,249,3,3,0,0
156323.958812,2026-07-15T05:51:03.762,249,3,3,0,0
156323.961699,2026-07-15T05:51:03.766,249,3,3,0,0
156323.964329,2026-07-15T05:51:03.768,249,3,3,0,0
156323.967290,2026-07-15T05:51:03.771,249,3,3,0,0
156323.970083,2026-07-15T05:51:03.773,249,3,3,0,0
156323.972592,2026-07-15T05:51:03.776,249,3,3,0,0
156323.975360,2026-07-15T05:51:03.779,249,3,3,0,0
156323.978211,2026-07-15T05:51:03.782,249,3,3,0,0
156323.980794,2026-07-15T05:51:03.784,249,3,3,0,0
156323.983563,2026-07-15T05:51:03.787,249,3,3,0,0
156323.986230,2026-07-15T05:51:03.790,249,3,3,0,0
156323.988855,2026-07-15T05:51:03.792,249,3,3,0,0
156323.990970,2026-07-15T05:51:03.795,249,3,3,0,0
156323.993621,2026-07-15T05:51:03.797,249,3,3,0,0
156323.996015,2026-07-15T05:51:03.800,249,3,3,0,0
156323.998850,2026-07-15T05:51:03.802,249,3,3,0,0
156324.001500,2026-07-15T05:51:03.805,249,3,3,0,0
156324.003915,2026-07-15T05:51:03.807,249,3,3,0,0
156324.006849,2026-07-15T05:51:03.810,249,3,3,0,0
156324.008874,2026-07-15T05:51:03.813,249,3,3,0,0
156324.011479,2026-07-15T05:51:03.815,249,3,3,0,0
156324.014123,2026-07-15T05:51:03.818,249,3,3,0,0
156324.016811,2026-07-15T05:51:03.820,249,3,3,0,0
156324.019373,2026-07-15T05:51:03.823,249,3,3,0,0
156324.021620,2026-07-15T05:51:03.826,249,3,3,0,0
156324.024321,2026-07-15T05:51:03.828,249,3,3,0,0
156324.026723,2026-07-15T05:51:03.831,249,3,3,0,0
156324.029158,2026-07-15T05:51:03.833,249,3,3,0,0
156324.032047,2026-07-15T05:51:03.835,249,3,3,0,0
156324.035196,2026-07-15T05:51:03.839,249,3,3,0,0
156324.037890,2026-07-15T05:51:03.842,249,3,3,0,0
156324.040759,2026-07-15T05:51:03.844,249,3,3,0,0
156324.043013,2026-07-15T05:51:03.847,249,3,3,0,0
156324.045496,2026-07-15T05:51:03.849,249,3,3,0,0
156324.048162,2026-07-15T05:51:03.852,249,3,3,0,0
156324.050485,2026-07-15T05:51:03.854,249,3,3,0,0
156324.053153,2026-07-15T05:51:03.856,249,3,3,0,0
156324.055633,2026-07-15T05:51:03.859,249,3,3,0,0
156324.058294,2026-07-15T05:51:03.862,249,3,3,0,0
156324.060888,2026-07-15T05:51:03.865,249,3,3,0,0
156324.063816,2026-07-15T05:51:03.868,249,3,3,0,0
156324.066446,2026-07-15T05:51:03.870,249,3,3,0,0
156324.069171,2026-07-15T05:51:03.872,249,3,3,0,0
156324.071920,2026-07-15T05:51:03.875,249,3,3,0,0
156324.074897,2026-07-15T05:51:03.878,249,3,3,0,0
156324.077634,2026-07-15T05:51:03.881,249,3,3,0,0
156324.080241,2026-07-15T05:51:03.884,249,3,3,0,0
156324.083363,2026-07-15T05:51:03.887,249,3,3,0,0
156324.086081,2026-07-15T05:51:03.889,249,3,3,0,0
156324.088759,2026-07-15T05:51:03.893,249,3,3,0,0
156324.091396,2026-07-15T05:51:03.895,249,3,3,0,0
156324.094096,2026-07-15T05:51:03.898,249,3,3,0,0
156324.096578,2026-07-15T05:51:03.900,249,3,3,0,0
156324.099011,2026-07-15T05:51:03.903,249,3,3,0,0
156324.101896,2026-07-15T05:51:03.906,249,3,3,0,0
156324.104725,2026-07-15T05:51:03.908,249,3,3,0,0
156324.107003,2026-07-15T05:51:03.910,249,3,3,0,0
156324.109445,2026-07-15T05:51:03.913,249,3,3,0,0
156324.111592,2026-07-15T05:51:03.915,249,3,3,0,0
156324.114202,2026-07-15T05:51:03.918,249,3,3,0,0
156324.117057,2026-07-15T05:51:03.920,249,3,3,0,0
156324.119703,2026-07-15T05:51:03.923,249,3,3,0,0
156324.122402,2026-07-15T05:51:03.926,249,3,3,0,0
156324.124975,2026-07-15T05:51:03.928,249,3,3,0,0
156324.127934,2026-07-15T05:51:03.931,249,3,3,0,0
156324.130518,2026-07-15T05:51:03.934,249,3,3,0,0
156324.133265,2026-07-15T05:51:03.937,249,3,3,0,0
156324.135843,2026-07-15T05:51:03.940,249,3,3,0,0
156324.138242,2026-07-15T05:51:03.942,249,3,3,0,0
156324.140830,2026-07-15T05:51:03.944,249,3,3,0,0
156324.143182,2026-07-15T05:51:03.946,249,3,3,0,0
156324.145799,2026-07-15T05:51:03.950,249,3,3,0,0
156324.148474,2026-07-15T05:51:03.952,249,3,3,0,0
156324.151007,2026-07-15T05:51:03.954,249,3,3,0,0
156324.153833,2026-07-15T05:51:03.958,249,3,3,0,0
156324.156193,2026-07-15T05:51:03.960,249,3,3,0,0
156324.159002,2026-07-15T05:51:03.962,249,3,3,0,0
156324.161665,2026-07-15T05:51:03.966,249,3,3,0,0
156324.164659,2026-07-15T05:51:03.967,249,3,3,0,0
156324.167059,2026-07-15T05:51:03.970,249,3,3,0,0
156324.169614,2026-07-15T05:51:03.972,249,3,3,0,0
156324.171808,2026-07-15T05:51:03.975,249,3,3,0,0
156324.174383,2026-07-15T05:51:03.977,249,3,3,0,0
156324.176624,2026-07-15T05:51:03.981,249,3,3,0,0
156324.179117,2026-07-15T05:51:03.982,249,3,3,0,0
156324.181672,2026-07-15T05:51:03.985,249,3,3,0,0
156324.184088,2026-07-15T05:51:03.987,249,3,3,0,0
156324.186704,2026-07-15T05:51:03.990,249,3,3,0,0
156324.189202,2026-07-15T05:51:03.992,249,3,3,0,0
156324.191753,2026-07-15T05:51:03.995,249,3,3,0,0
156324.194357,2026-07-15T05:51:03.998,249,3,3,0,0
156324.196870,2026-07-15T05:51:03.999,249,3,3,0,0
156324.199273,2026-07-15T05:51:04.003,249,3,3,0,0
156324.201814,2026-07-15T05:51:04.005,249,3,3,0,0
156324.204720,2026-07-15T05:51:04.009,249,3,3,0,0
156324.207276,2026-07-15T05:51:04.010,249,3,3,0,0
156324.209826,2026-07-15T05:51:04.013,249,3,3,0,0
156324.212387,2026-07-15T05:51:04.016,249,3,3,0,0
156324.215241,2026-07-15T05:51:04.019,249,3,3,0,0
156324.218288,2026-07-15T05:51:04.022,249,3,3,0,0
156324.221219,2026-07-15T05:51:04.025,249,3,3,0,0
156324.223710,2026-07-15T05:51:04.028,249,3,3,0,0
156324.226606,2026-07-15T05:51:04.030,249,3,3,0,0
156324.229305,2026-07-15T05:51:04.033,249,3,3,0,0
156324.232083,2026-07-15T05:51:04.036,249,3,3,0,0
156324.234579,2026-07-15T05:51:04.039,249,3,3,0,0
156324.237042,2026-07-15T05:51:04.040,249,3,3,0,0
156324.239311,2026-07-15T05:51:04.042,249,3,3,0,0
156324.241987,2026-07-15T05:51:04.045,249,3,3,0,10
156324.244681,2026-07-15T05:51:04.048,193,0,3,0,10
156324.247484,2026-07-15T05:51:04.050,193,0,3,0,10
156324.250486,2026-07-15T05:51:04.054,193,0,3,0,10
156324.253408,2026-07-15T05:51:04.057,193,0,3,0,10
156324.256182,2026-07-15T05:51:04.060,193,0,3,0,10
156324.258742,2026-07-15T05:51:04.063,193,0,3,0,10
156324.261223,2026-07-15T05:51:04.065,193,0,3,0,10
156324.263818,2026-07-15T05:51:04.068,193,0,3,0,10
156324.266602,2026-07-15T05:51:04.070,193,0,3,0,10
156324.269154,2026-07-15T05:51:04.073,193,0,3,0,10
156324.271888,2026-07-15T05:51:04.075,193,0,3,0,10
156324.274418,2026-07-15T05:51:04.078,193,0,3,0,10
156324.276919,2026-07-15T05:51:04.081,193,0,3,0,10
156324.279867,2026-07-15T05:51:04.084,193,0,3,0,10
156324.282534,2026-07-15T05:51:04.087,193,0,3,0,10
156324.285233,2026-07-15T05:51:04.089,193,0,3,0,10
156324.289663,2026-07-15T05:51:04.094,193,0,3,0,10
156324.292040,2026-07-15T05:51:04.096,193,0,3,0,10
156324.294673,2026-07-15T05:51:04.099,193,0,3,0,10
156324.297040,2026-07-15T05:51:04.101,193,0,3,0,10
156324.299527,2026-07-15T05:51:04.103,193,0,3,0,10
156324.301825,2026-07-15T05:51:04.106,193,0,3,0,10
156324.303878,2026-07-15T05:51:04.108,193,0,3,0,10
156324.306463,2026-07-15T05:51:04.110,193,0,3,0,10
156324.308868,2026-07-15T05:51:04.112,193,0,3,0,10
156324.311449,2026-07-15T05:51:04.114,193,0,3,0,10
156324.315179,2026-07-15T05:51:04.119,193,0,3,0,10
156324.317676,2026-07-15T05:51:04.120,193,0,3,0,10
156324.320083,2026-07-15T05:51:04.124,193,0,3,0,10
156324.322169,2026-07-15T05:51:04.126,193,0,3,0,10
156324.324283,2026-07-15T05:51:04.128,193,0,3,0,10
156324.326975,2026-07-15T05:51:04.130,193,0,3,0,10
156324.329568,2026-07-15T05:51:04.133,193,0,3,0,10
156324.332029,2026-07-15T05:51:04.136,193,0,3,0,10
156324.334856,2026-07-15T05:51:04.138,193,0,3,0,10
156324.337281,2026-07-15T05:51:04.141,193,0,3,0,10
156324.340912,2026-07-15T05:51:04.145,193,0,3,0,10
156324.343781,2026-07-15T05:51:04.147,193,0,3,0,10
156324.346203,2026-07-15T05:51:04.149,193,0,3,0,10
156324.350317,2026-07-15T05:51:04.154,193,0,3,0,10
156324.352757,2026-07-15T05:51:04.156,193,0,3,0,10
156324.355119,2026-07-15T05:51:04.159,193,0,3,0,10
156324.358015,2026-07-15T05:51:04.162,193,0,3,0,10
156324.360745,2026-07-15T05:51:04.164,193,0,3,0,10
156324.363610,2026-07-15T05:51:04.167,193,0,3,0,10
156324.366361,2026-07-15T05:51:04.170,193,0,3,0,10
156324.369131,2026-07-15T05:51:04.173,193,0,3,0,10
156324.372024,2026-07-15T05:51:04.176,193,0,3,0,10
156324.374643,2026-07-15T05:51:04.178,193,0,3,0,10
156324.377296,2026-07-15T05:51:04.181,193,0,3,0,10
156324.379928,2026-07-15T05:51:04.182,193,0,3,0,10
156324.382719,2026-07-15T05:51:04.186,193,0,3,0,10
156324.385416,2026-07-15T05:51:04.189,193,0,3,0,10
156324.388168,2026-07-15T05:51:04.192,193,0,3,0,10
156324.390916,2026-07-15T05:51:04.194,193,0,3,0,10
156324.393543,2026-07-15T05:51:04.197,193,0,3,0,10
156324.395697,2026-07-15T05:51:04.199,193,0,3,0,10
156324.397837,2026-07-15T05:51:04.202,193,0,3,0,10
156324.400494,2026-07-15T05:51:04.204,193,0,3,0,10
156324.403246,2026-07-15T05:51:04.207,193,0,3,0,10
156324.405868,2026-07-15T05:51:04.209,193,0,3,0,10
156324.408464,2026-07-15T05:51:04.212,193,0,3,0,10
156324.411178,2026-07-15T05:51:04.215,193,0,3,0,10
156324.413829,2026-07-15T05:51:04.217,193,0,3,0,10
156324.417971,2026-07-15T05:51:04.222,193,0,3,0,10
156324.420908,2026-07-15T05:51:04.225,193,0,3,0,10
156324.423536,2026-07-15T05:51:04.227,193,0,3,0,10
156324.426185,2026-07-15T05:51:04.230,193,0,3,0,10
156324.428818,2026-07-15T05:51:04.233,193,0,3,0,10
156324.431603,2026-07-15T05:51:04.235,193,0,3,0,10
156324.434142,2026-07-15T05:51:04.238,193,0,3,0,10
156324.436477,2026-07-15T05:51:04.240,193,0,3,0,10
156324.439104,2026-07-15T05:51:04.242,193,0,3,0,10
156324.441605,2026-07-15T05:51:04.245,193,0,3,0,10
156324.444180,2026-07-15T05:51:04.247,193,0,3,0,10
156324.446574,2026-07-15T05:51:04.250,193,0,3,0,10
156324.449075,2026-07-15T05:51:04.253,193,0,3,0,10
156324.451664,2026-07-15T05:51:04.256,193,0,3,0,10
156324.454114,2026-07-15T05:51:04.258,193,0,3,0,10
156324.456543,2026-07-15T05:51:04.260,193,0,3,0,10
156324.459222,2026-07-15T05:51:04.263,193,0,3,0,10
156324.461786,2026-07-15T05:51:04.266,193,0,3,0,10
156324.464200,2026-07-15T05:51:04.267,193,0,3,0,10
156324.466663,2026-07-15T05:51:04.270,193,0,3,0,10
156324.469435,2026-07-15T05:51:04.272,193,0,3,0,10
156324.472126,2026-07-15T05:51:04.276,193,0,3,0,10
156324.474941,2026-07-15T05:51:04.279,193,0,3,0,10
156324.477559,2026-07-15T05:51:04.282,193,0,3,0,10
156324.480174,2026-07-15T05:51:04.284,193,0,3,0,10
156324.482659,2026-07-15T05:51:04.286,193,0,3,0,10
156324.485222,2026-07-15T05:51:04.288,193,0,3,0,10
156324.487946,2026-07-15T05:51:04.292,15,0,3,0,13
156324.490680,2026-07-15T05:51:04.294,15,0,3,0,13
156324.493334,2026-07-15T05:51:04.297,15,0,3,0,13
156324.496321,2026-07-15T05:51:04.300,15,0,3,0,13
156324.498819,2026-07-15T05:51:04.303,15,0,3,0,13
156324.501342,2026-07-15T05:51:04.305,15,0,3,0,13
156324.504183,2026-07-15T05:51:04.308,15,0,3,0,13
156324.507086,2026-07-15T05:51:04.311,15,0,3,0,13
156324.509649,2026-07-15T05:51:04.313,15,0,3,0,13
156324.512444,2026-07-15T05:51:04.316,15,0,3,0,13
156324.515640,2026-07-15T05:51:04.319,15,0,3,0,13
156324.518695,2026-07-15T05:51:04.322,15,0,3,0,13
156324.521239,2026-07-15T05:51:04.325,15,0,3,0,13
156324.523854,2026-07-15T05:51:04.328,15,0,3,0,13
156324.526596,2026-07-15T05:51:04.330,15,0,3,0,13
156324.529119,2026-07-15T05:51:04.333,15,0,3,0,13
156324.531612,2026-07-15T05:51:04.336,15,0,3,0,13
156324.534204,2026-07-15T05:51:04.338,15,0,3,0,13
156324.536403,2026-07-15T05:51:04.340,15,0,3,0,13
156324.538598,2026-07-15T05:51:04.342,15,0,3,0,13
156324.541113,2026-07-15T05:51:04.344,15,0,3,0,13
156324.543652,2026-07-15T05:51:04.348,15,0,3,0,13
156324.546329,2026-07-15T05:51:04.350,15,0,3,0,13
156324.548862,2026-07-15T05:51:04.352,15,0,3,0,13
156324.551099,2026-07-15T05:51:04.355,15,0,3,0,13
156324.553770,2026-07-15T05:51:04.357,15,0,3,0,13
156324.556591,2026-07-15T05:51:04.360,15,0,3,0,13
156324.559405,2026-07-15T05:51:04.363,15,0,3,0,13
156324.561604,2026-07-15T05:51:04.364,15,0,3,0,13
156324.564394,2026-07-15T05:51:04.368,15,0,3,0,13
156324.566696,2026-07-15T05:51:04.370,15,0,3,0,13
156324.569274,2026-07-15T05:51:04.373,15,0,3,0,13
156324.571587,2026-07-15T05:51:04.374,15,0,3,0,13
156324.574468,2026-07-15T05:51:04.378,15,0,3,0,13
156324.577099,2026-07-15T05:51:04.381,15,0,3,0,13
156324.579143,2026-07-15T05:51:04.383,15,0,3,0,13
156324.581447,2026-07-15T05:51:04.385,15,0,3,0,13
156324.584027,2026-07-15T05:51:04.387,15,0,3,0,13
156324.586732,2026-07-15T05:51:04.391,15,0,3,0,13
156324.589202,2026-07-15T05:51:04.393,15,0,3,0,13
156324.591884,2026-07-15T05:51:04.396,15,0,3,0,13
156324.594661,2026-07-15T05:51:04.398,15,0,3,0,13
156324.597430,2026-07-15T05:51:04.401,15,0,3,0,13
156324.600197,2026-07-15T05:51:04.404,15,0,3,0,13
156324.602455,2026-07-15T05:51:04.406,15,0,3,0,13
156324.605380,2026-07-15T05:51:04.409,15,0,3,0,13
156324.607883,2026-07-15T05:51:04.411,15,0,3,0,13
156324.610702,2026-07-15T05:51:04.415,15,0,3,0,13
156324.613290,2026-07-15T05:51:04.416,15,0,3,0,13
156324.616015,2026-07-15T05:51:04.420,15,0,3,0,13
156324.618876,2026-07-15T05:51:04.423,15,0,3,0,13
156324.621294,2026-07-15T05:51:04.425,15,0,3,0,13
156324.624022,2026-07-15T05:51:04.428,15,0,3,0,13
156324.626634,2026-07-15T05:51:04.430,15,0,3,0,13
156324.629056,2026-07-15T05:51:04.433,15,0,3,0,13
156324.631326,2026-07-15T05:51:04.434,15,0,3,0,13
156324.633810,2026-07-15T05:51:04.438,15,0,3,0,13
156324.636400,2026-07-15T05:51:04.440,15,0,3,0,13
156324.639066,2026-07-15T05:51:04.443,15,0,3,0,13
156324.641576,2026-07-15T05:51:04.445,15,0,3,0,13
156324.644588,2026-07-15T05:51:04.448,15,0,3,0,13
156324.647198,2026-07-15T05:51:04.450,15,0,3,0,13
156324.649945,2026-07-15T05:51:04.453,15,0,3,0,13
156324.652581,2026-07-15T05:51:04.456,15,0,3,0,13
156324.655074,2026-07-15T05:51:04.459,15,0,3,0,13
156324.657727,2026-07-15T05:51:04.462,15,0,3,0,13
156324.660011,2026-07-15T05:51:04.463,15,0,3,0,13
156324.662703,2026-07-15T05:51:04.467,15,0,3,0,13
156324.665268,2026-07-15T05:51:04.469,15,0,3,0,13
156324.667546,2026-07-15T05:51:04.471,15,0,3,0,13
156324.670405,2026-07-15T05:51:04.474,15,0,3,0,13
156324.673156,2026-07-15T05:51:04.477,15,0,3,0,13
156324.675903,2026-07-15T05:51:04.480,15,0,3,0,13
156324.678627,2026-07-15T05:51:04.482,15,0,3,0,13
156324.681243,2026-07-15T05:51:04.485,15,0,3,0,13
156324.683843,2026-07-15T05:51:04.488,15,0,3,0,13
156324.686422,2026-07-15T05:51:04.490,15,0,3,0,13
156324.689121,2026-07-15T05:51:04.492,15,0,3,0,13
156324.691598,2026-07-15T05:51:04.495,15,0,3,0,13
156324.694408,2026-07-15T05:51:04.497,15,0,3,0,13
156324.696798,2026-07-15T05:51:04.501,15,0,3,0,13
156324.699176,2026-07-15T05:51:04.502,15,0,3,0,13
156324.701805,2026-07-15T05:51:04.506,15,0,3,0,13
156324.704366,2026-07-15T05:51:04.508,15,0,3,0,13
156324.707346,2026-07-15T05:51:04.511,15,0,3,0,13
156324.709550,2026-07-15T05:51:04.513,15,0,3,0,13
156324.712230,2026-07-15T05:51:04.516,15,0,3,0,13
156324.714894,2026-07-15T05:51:04.519,15,0,3,0,13
156324.719071,2026-07-15T05:51:04.523,15,0,3,0,13
156324.721763,2026-07-15T05:51:04.525,15,0,3,0,13
156324.724443,2026-07-15T05:51:04.528,15,0,3,0,13
156324.727166,2026-07-15T05:51:04.531,15,0,3,0,13
156324.729741,2026-07-15T05:51:04.534,15,0,3,0,0
156324.732015,2026-07-15T05:51:04.536,3,3,3,0,0
156324.734723,2026-07-15T05:51:04.538,3,3,3,0,0
156324.737212,2026-07-15T05:51:04.541,3,3,3,0,0
156324.739472,2026-07-15T05:51:04.543,3,3,3,0,0
156324.741900,2026-07-15T05:51:04.545,3,3,3,0,0
156324.744957,2026-07-15T05:51:04.548,3,3,3,0,0
156324.747725,2026-07-15T05:51:04.551,3,3,3,0,0
156324.750558,2026-07-15T05:51:04.554,3,3,3,0,0
156324.753047,2026-07-15T05:51:04.556,3,3,3,0,0
156324.756078,2026-07-15T05:51:04.559,3,3,3,0,0
156324.758746,2026-07-15T05:51:04.562,3,3,3,0,0
156324.761042,2026-07-15T05:51:04.564,3,3,3,0,0
156324.763615,2026-07-15T05:51:04.567,3,3,3,0,0
156324.766201,2026-07-15T05:51:04.570,3,3,3,0,0
156324.768621,2026-07-15T05:51:04.572,3,3,3,0,0
156324.771064,2026-07-15T05:51:04.574,3,3,3,0,0
156324.773619,2026-07-15T05:51:04.577,3,3,3,0,0
156324.776093,2026-07-15T05:51:04.579,3,3,3,0,0
156324.778315,2026-07-15T05:51:04.582,3,3,3,0,0
156324.780699,2026-07-15T05:51:04.584,3,3,3,0,0
156324.783135,2026-07-15T05:51:04.586,3,3,3,0,0
156324.785711,2026-07-15T05:51:04.589,3,3,3,0,0
156324.788297,2026-07-15T05:51:04.592,3,3,3,0,0
156324.790651,2026-07-15T05:51:04.594,3,3,3,0,0
156324.793082,2026-07-15T05:51:04.596,3,3,3,0,0
156324.795642,2026-07-15T05:51:04.599,3,3,3,0,0
156324.798381,2026-07-15T05:51:04.602,3,3,3,0,0
156324.801023,2026-07-15T05:51:04.605,3,3,3,0,0
156324.803584,2026-07-15T05:51:04.607,3,3,3,0,0
156324.806087,2026-07-15T05:51:04.610,3,3,3,0,0
156324.808689,2026-07-15T05:51:04.612,3,3,3,0,0
156324.811058,2026-07-15T05:51:04.615,3,3,3,0,0
156324.813668,2026-07-15T05:51:04.617,3,3,3,0,0
156324.816516,2026-07-15T05:51:04.620,3,3,3,0,0
156324.819918,2026-07-15T05:51:04.623,3,3,3,0,0
156324.822635,2026-07-15T05:51:04.626,3,3,3,0,0
156324.825227,2026-07-15T05:51:04.628,3,3,3,0,0
156324.827593,2026-07-15T05:51:04.631,3,3,3,0,0
156324.830508,2026-07-15T05:51:04.634,3,3,3,0,0
156324.833268,2026-07-15T05:51:04.636,3,3,3,0,0
156324.835802,2026-07-15T05:51:04.639,3,3,3,0,0
156324.838790,2026-07-15T05:51:04.642,3,3,3,0,0
156324.841587,2026-07-15T05:51:04.645,3,3,3,0,0
156324.843977,2026-07-15T05:51:04.647,3,3,3,0,0
156324.846580,2026-07-15T05:51:04.650,3,3,3,0,0
156324.848989,2026-07-15T05:51:04.652,3,3,3,0,0
156324.851561,2026-07-15T05:51:04.655,3,3,3,0,0
156324.854126,2026-07-15T05:51:04.658,3,3,3,0,0
156324.856809,2026-07-15T05:51:04.660,3,3,3,0,0
156324.859416,2026-07-15T05:51:04.663,3,3,3,0,0
156324.862055,2026-07-15T05:51:04.665,3,3,3,0,0
156324.864481,2026-07-15T05:51:04.668,3,3,3,0,0
156324.866981,2026-07-15T05:51:04.670,3,3,3,0,0
156324.869820,2026-07-15T05:51:04.673,3,3,3,0,0
156324.872142,2026-07-15T05:51:04.676,3,3,3,0,0
156324.874478,2026-07-15T05:51:04.678,3,3,3,0,0
156324.876940,2026-07-15T05:51:04.681,3,3,3,0,0
156324.879436,2026-07-15T05:51:04.683,3,3,3,0,0
156324.881584,2026-07-15T05:51:04.685,3,3,3,0,0
156324.884471,2026-07-15T05:51:04.688,3,3,3,0,0
156324.887153,2026-07-15T05:51:04.690,3,3,3,0,0
156324.889976,2026-07-15T05:51:04.693,3,3,3,0,0
156324.892798,2026-07-15T05:51:04.696,3,3,3,0,0
156324.895569,2026-07-15T05:51:04.699,3,3,3,0,0
156324.898238,2026-07-15T05:51:04.701,3,3,3,0,0
156324.900839,2026-07-15T05:51:04.704,3,3,3,0,0
156324.903825,2026-07-15T05:51:04.708,3,3,3,0,0
156324.906326,2026-07-15T05:51:04.710,3,3,3,0,0
156324.908976,2026-07-15T05:51:04.713,3,3,3,0,0
156324.911774,2026-07-15T05:51:04.716,3,3,3,0,0
156324.914489,2026-07-15T05:51:04.718,3,3,3,0,0
156324.917384,2026-07-15T05:51:04.721,3,3,3,0,0
156324.920077,2026-07-15T05:51:04.723,3,3,3,0,0
156324.922681,2026-07-15T05:51:04.726,3,3,3,0,0
156324.925183,2026-07-15T05:51:04.728,3,3,3,0,0
156324.927636,2026-07-15T05:51:04.731,3,3,3,0,0
156324.930380,2026-07-15T05:51:04.734,3,3,3,0,0
156324.933177,2026-07-15T05:51:04.736,3,3,3,0,0
156324.935712,2026-07-15T05:51:04.740,3,3,3,0,0
156324.938550,2026-07-15T05:51:04.742,3,3,3,0,0
156324.941085,2026-07-15T05:51:04.745,3,3,3,0,0
156324.943885,2026-07-15T05:51:04.747,3,3,3,0,0
156324.946296,2026-07-15T05:51:04.750,3,3,3,0,0
156324.948733,2026-07-15T05:51:04.752,3,3,3,0,0
156324.951428,2026-07-15T05:51:04.755,3,3,3,0,0
156324.954189,2026-07-15T05:51:04.758,3,3,3,0,0
156324.956658,2026-07-15T05:51:04.761,3,3,3,0,0
156324.958943,2026-07-15T05:51:04.763,3,3,3,0,0
156324.961251,2026-07-15T05:51:04.765,3,3,3,0,0
156324.963791,2026-07-15T05:51:04.768,3,3,3,0,0
156324.966403,2026-07-15T05:51:04.770,3,3,3,0,0
156324.969283,2026-07-15T05:51:04.773,3,3,3,0,0
156324.971979,2026-07-15T05:51:04.775,3,3,3,0,0
156324.974736,2026-07-15T05:51:04.778,3,3,3,0,0
156324.977429,2026-07-15T05:51:04.781,3,3,3,0,0
156324.979991,2026-07-15T05:51:04.783,3,3,3,0,0
156324.982695,2026-07-15T05:51:04.786,3,3,3,0,0
156324.985386,2026-07-15T05:51:04.789,3,3,3,0,0
156324.988114,2026-07-15T05:51:04.792,3,3,3,0,0
156324.990618,2026-07-15T05:51:04.795,3,3,3,0,0
156324.993297,2026-07-15T05:51:04.797,3,3,3,0,0
156324.995538,2026-07-15T05:51:04.800,3,3,3,0,0
156324.998300,2026-07-15T05:51:04.802,3,3,3,0,0
156325.001070,2026-07-15T05:51:04.805,3,3,3,0,0
156325.003844,2026-07-15T05:51:04.808,3,3,3,0,0
156325.006395,2026-07-15T05:51:04.810,3,3,3,0,0
156325.008742,2026-07-15T05:51:04.812,3,3,3,0,0
156325.011384,2026-07-15T05:51:04.815,3,3,3,0,0
156325.014159,2026-07-15T05:51:04.818,3,3,3,0,0
156325.016552,2026-07-15T05:51:04.820,3,3,3,0,0
156325.019119,2026-07-15T05:51:04.823,3,3,3,0,0
156325.021698,2026-07-15T05:51:04.826,3,3,3,0,0
156325.024342,2026-07-15T05:51:04.828,3,3,3,0,0
156325.026983,2026-07-15T05:51:04.831,3,3,3,0,0
156325.029539,2026-07-15T05:51:04.833,3,3,3,0,0
156325.032151,2026-07-15T05:51:04.836,3,3,3,0,0
156325.034594,2026-07-15T05:51:04.839,3,3,3,0,0
156325.037010,2026-07-15T05:51:04.841,3,3,3,0,0
156325.039512,2026-07-15T05:51:04.843,3,3,3,0,0
156325.042050,2026-07-15T05:51:04.846,3,3,3,0,0
156325.044457,2026-07-15T05:51:04.848,3,3,3,0,0
156325.047034,2026-07-15T05:51:04.851,3,3,3,0,0
156325.049565,2026-07-15T05:51:04.853,3,3,3,0,0
156325.052329,2026-07-15T05:51:04.856,3,3,3,0,0
156325.054873,2026-07-15T05:51:04.859,3,3,3,0,0
156325.057372,2026-07-15T05:51:04.861,3,3,3,0,0
156325.060067,2026-07-15T05:51:04.864,3,3,3,0,0
156325.062584,2026-07-15T05:51:04.866,3,3,3,0,0
156325.065181,2026-07-15T05:51:04.869,3,3,3,0,0
156325.067888,2026-07-15T05:51:04.872,3,3,3,0,0
156325.070561,2026-07-15T05:51:04.875,3,3,3,0,0
156325.073169,2026-07-15T05:51:04.876,3,3,3,0,0
156325.075849,2026-07-15T05:51:04.879,3,3,3,0,0
156325.078582,2026-07-15T05:51:04.882,3,3,3,0,0
156325.081188,2026-07-15T05:51:04.884,3,3,3,0,0
156325.084189,2026-07-15T05:51:04.887,3,3,3,0,0
156325.086796,2026-07-15T05:51:04.890,3,3,3,0,0
156325.089580,2026-07-15T05:51:04.893,3,3,3,0,0
156325.092369,2026-07-15T05:51:04.896,3,3,3,0,0
156325.095071,2026-07-15T05:51:04.899,3,3,3,0,0
156325.097673,2026-07-15T05:51:04.901,3,3,3,0,0
156325.100220,2026-07-15T05:51:04.904,3,3,3,0,0
156325.102913,2026-07-15T05:51:04.907,3,3,3,0,0
156325.105623,2026-07-15T05:51:04.910,3,3,3,0,0
156325.108175,2026-07-15T05:51:04.912,3,3,3,0,0
156325.110902,2026-07-15T05:51:04.915,3,3,3,0,0
156325.113665,2026-07-15T05:51:04.918,3,3,3,0,0
156325.116346,2026-07-15T05:51:04.920,3,3,3,0,0
156325.119254,2026-07-15T05:51:04.923,3,3,3,0,0
156325.121971,2026-07-15T05:51:04.925,3,3,3,0,0
156325.124619,2026-07-15T05:51:04.928,3,3,3,0,0
156325.127280,2026-07-15T05:51:04.931,3,3,3,0,0
156325.130627,2026-07-15T05:51:04.934,3,3,3,0,0
156325.133221,2026-07-15T05:51:04.937,3,3,3,0,0
156325.135899,2026-07-15T05:51:04.939,3,3,3,0,0
156325.138809,2026-07-15T05:51:04.943,3,3,3,0,0
156325.141459,2026-07-15T05:51:04.945,3,3,3,0,0
156325.144187,2026-07-15T05:51:04.948,3,3,3,0,0
156325.146819,2026-07-15T05:51:04.951,3,3,3,0,0
156325.149544,2026-07-15T05:51:04.954,3,3,3,0,0
156325.152124,2026-07-15T05:51:04.956,3,3,3,0,0
156325.154715,2026-07-15T05:51:04.958,3,3,3,0,0
156325.157301,2026-07-15T05:51:04.961,3,3,3,0,0
156325.160077,2026-07-15T05:51:04.963,3,3,3,0,0
156325.162717,2026-07-15T05:51:04.966,3,3,3,0,0
156325.165496,2026-07-15T05:51:04.969,3,3,3,0,0
156325.168184,2026-07-15T05:51:04.972,3,3,3,0,0
156325.170761,2026-07-15T05:51:04.975,3,3,3,0,0
156325.173370,2026-07-15T05:51:04.977,3,3,3,0,0
156325.175877,2026-07-15T05:51:04.980,3,3,3,0,0
156325.178582,2026-07-15T05:51:04.982,3,3,3,0,0
156325.181302,2026-07-15T05:51:04.985,3,3,3,0,0
156325.183861,2026-07-15T05:51:04.988,3,3,3,0,0
156325.186760,2026-07-15T05:51:04.991,3,3,3,0,0
156325.189422,2026-07-15T05:51:04.993,3,3,3,0,0
156325.192469,2026-07-15T05:51:04.996,3,3,3,0,0
156325.194915,2026-07-15T05:51:04.999,3,3,3,0,0
156325.197670,2026-07-15T05:51:05.001,3,3,3,0,0
156325.200202,2026-07-15T05:51:05.004,3,3,3,0,0
156325.202514,2026-07-15T05:51:05.006,3,3,3,0,0
156325.205101,2026-07-15T05:51:05.009,3,3,3,0,0
156325.207823,2026-07-15T05:51:05.011,3,3,3,0,0
156325.210690,2026-07-15T05:51:05.014,3,3,3,0,0
156325.213460,2026-07-15T05:51:05.017,3,3,3,0,0
156325.216254,2026-07-15T05:51:05.019,3,3,3,0,0
156325.219029,2026-07-15T05:51:05.022,3,3,3,0,0
156325.221857,2026-07-15T05:51:05.025,3,3,3,0,0
156325.224768,2026-07-15T05:51:05.028,3,3,3,0,0
156325.227459,2026-07-15T05:51:05.031,3,3,3,0,0
156325.230005,2026-07-15T05:51:05.034,3,3,3,0,0
156325.232953,2026-07-15T05:51:05.037,3,3,3,0,0
156325.235650,2026-07-15T05:51:05.039,3,3,3,0,0
156325.238783,2026-07-15T05:51:05.042,3,3,3,0,0
156325.241509,2026-07-15T05:51:05.045,3,3,3,0,0
156325.244136,2026-07-15T05:51:05.048,3,3,3,0,0
156325.246709,2026-07-15T05:51:05.050,3,3,3,0,0
156325.249590,2026-07-15T05:51:05.053,3,3,3,0,0
156325.252391,2026-07-15T05:51:05.056,3,3,3,0,0
156325.255299,2026-07-15T05:51:05.059,3,3,3,0,0
156325.258275,2026-07-15T05:51:05.061,3,3,3,0,0
156325.261339,2026-07-15T05:51:05.065,3,3,3,0,0
156325.264377,2026-07-15T05:51:05.068,3,3,3,0,0
156325.267088,2026-07-15T05:51:05.070,3,3,3,0,0
156325.269477,2026-07-15T05:51:05.074,3,3,3,0,0
156325.272132,2026-07-15T05:51:05.076,3,3,3,0,0
156325.274194,2026-07-15T05:51:05.078,3,3,3,0,0
156325.276955,2026-07-15T05:51:05.080,3,3,3,0,0
156325.279249,2026-07-15T05:51:05.083,3,3,3,0,0
156325.281766,2026-07-15T05:51:05.086,3,3,3,0,0
156325.284092,2026-07-15T05:51:05.088,3,3,3,0,0
156325.286839,2026-07-15T05:51:05.091,3,3,3,0,0
156325.289463,2026-07-15T05:51:05.093,3,3,3,0,0
156325.292048,2026-07-15T05:51:05.096,3,3,3,0,0
156325.294583,2026-07-15T05:51:05.098,3,3,3,0,0
156325.297137,2026-07-15T05:51:05.101,3,3,3,0,0
156325.299913,2026-07-15T05:51:05.104,3,3,3,0,0
156325.302304,2026-07-15T05:51:05.106,3,3,3,0,0
156325.304877,2026-07-15T05:51:05.108,3,3,3,0,0
156325.307284,2026-07-15T05:51:05.111,3,3,3,0,0
156325.309724,2026-07-15T05:51:05.113,3,3,3,0,0
156325.312250,2026-07-15T05:51:05.116,3,3,3,0,0
156325.314561,2026-07-15T05:51:05.118,3,3,3,0,0
156325.317037,2026-07-15T05:51:05.121,3,3,3,0,0
156325.320033,2026-07-15T05:51:05.123,3,3,3,0,0
156325.322574,2026-07-15T05:51:05.126,3,3,3,0,0
156325.324941,2026-07-15T05:51:05.128,3,3,3,0,0
156325.327661,2026-07-15T05:51:05.131,3,3,3,0,0
156325.330064,2026-07-15T05:51:05.133,3,3,3,0,0
156325.332437,2026-07-15T05:51:05.136,3,3,3,0,0
156325.334953,2026-07-15T05:51:05.139,3,3,3,0,0
156325.337670,2026-07-15T05:51:05.141,3,3,3,0,0
156325.340219,2026-07-15T05:51:05.144,3,3,3,0,0
156325.342685,2026-07-15T05:51:05.147,3,3,3,0,0
156325.344841,2026-07-15T05:51:05.148,3,3,3,0,0
156325.347025,2026-07-15T05:51:05.151,3,3,3,0,0
156325.349754,2026-07-15T05:51:05.153,3,3,3,0,0
156325.352012,2026-07-15T05:51:05.155,3,3,3,0,0
156325.354599,2026-07-15T05:51:05.159,3,3,3,0,0
156325.357014,2026-07-15T05:51:05.161,3,3,3,0,0
156325.359775,2026-07-15T05:51:05.163,3,3,3,0,0
156325.362225,2026-07-15T05:51:05.166,3,3,3,0,0
156325.365130,2026-07-15T05:51:05.168,3,3,3,0,0
156325.367907,2026-07-15T05:51:05.172,3,3,3,0,0
156325.370658,2026-07-15T05:51:05.174,3,3,3,0,0
156325.373193,2026-07-15T05:51:05.176,3,3,3,0,0
156325.375876,2026-07-15T05:51:05.179,3,3,3,0,0
156325.378020,2026-07-15T05:51:05.182,3,3,3,0,0
156325.381155,2026-07-15T05:51:05.185,3,3,3,0,0
156325.383807,2026-07-15T05:51:05.187,3,3,3,0,0
156325.386114,2026-07-15T05:51:05.190,3,3,3,0,0
156325.388902,2026-07-15T05:51:05.193,3,3,3,0,0
156325.391998,2026-07-15T05:51:05.195,3,3,3,0,0
156325.394765,2026-07-15T05:51:05.199,3,3,3,0,0
156325.397404,2026-07-15T05:51:05.201,3,3,3,0,0
156325.400287,2026-07-15T05:51:05.204,3,3,3,0,0
156325.402791,2026-07-15T05:51:05.207,3,3,3,0,0
156325.405417,2026-07-15T05:51:05.209,3,3,3,0,0
156325.408274,2026-07-15T05:51:05.212,3,3,3,0,0
156325.410551,2026-07-15T05:51:05.214,3,3,3,0,0
156325.413248,2026-07-15T05:51:05.217,3,3,3,0,0
156325.416545,2026-07-15T05:51:05.220,3,3,3,0,0
156325.419305,2026-07-15T05:51:05.223,3,3,3,0,0
156325.422147,2026-07-15T05:51:05.226,3,3,3,0,0
156325.424615,2026-07-15T05:51:05.228,3,3,3,0,0
156325.427595,2026-07-15T05:51:05.231,3,3,3,0,0
156325.429980,2026-07-15T05:51:05.234,3,3,3,0,0
156325.432529,2026-07-15T05:51:05.237,3,3,3,0,0
156325.435100,2026-07-15T05:51:05.239,3,3,3,0,0
156325.437857,2026-07-15T05:51:05.242,3,3,3,0,0
156325.440380,2026-07-15T05:51:05.244,3,3,3,0,0
156325.442739,2026-07-15T05:51:05.246,3,3,3,0,0
156325.445237,2026-07-15T05:51:05.248,3,3,3,0,0
156325.447623,2026-07-15T05:51:05.251,3,3,3,0,0
156325.450172,2026-07-15T05:51:05.253,3,3,3,0,0
156325.452692,2026-07-15T05:51:05.257,3,3,3,0,0
156325.455070,2026-07-15T05:51:05.258,3,3,3,0,0
156325.457730,2026-07-15T05:51:05.262,3,3,3,0,0
156325.460074,2026-07-15T05:51:05.264,3,3,3,0,0
156325.462756,2026-07-15T05:51:05.267,3,3,3,0,0
156325.465022,2026-07-15T05:51:05.268,3,3,3,0,0
156325.467870,2026-07-15T05:51:05.271,3,3,3,0,0
156325.470625,2026-07-15T05:51:05.275,3,3,3,0,0
156325.473249,2026-07-15T05:51:05.277,3,3,3,0,0
156325.475855,2026-07-15T05:51:05.280,3,3,3,0,0
156325.478183,2026-07-15T05:51:05.282,3,3,3,0,0
156325.480712,2026-07-15T05:51:05.284,3,3,3,0,0
156325.483448,2026-07-15T05:51:05.287,3,3,3,0,0
156325.486240,2026-07-15T05:51:05.290,3,3,3,0,0
156325.488785,2026-07-15T05:51:05.292,3,3,3,0,0
156325.491313,2026-07-15T05:51:05.294,3,3,3,0,0
156325.494199,2026-07-15T05:51:05.298,3,3,3,0,0
156325.496861,2026-07-15T05:51:05.301,3,3,3,0,0
156325.499751,2026-07-15T05:51:05.303,3,3,3,0,0
156325.502300,2026-07-15T05:51:05.306,3,3,3,0,0
156325.504718,2026-07-15T05:51:05.309,3,3,3,0,0
156325.507289,2026-07-15T05:51:05.311,3,3,3,0,0
156325.510149,2026-07-15T05:51:05.314,3,3,3,0,0
156325.512756,2026-07-15T05:51:05.316,3,3,3,0,0
156325.515337,2026-07-15T05:51:05.319,3,3,3,0,0
156325.519079,2026-07-15T05:51:05.323,3,3,3,0,0
156325.521576,2026-07-15T05:51:05.326,3,3,3,0,0
156325.524450,2026-07-15T05:51:05.328,3,3,3,0,0
156325.526982,2026-07-15T05:51:05.331,3,3,3,0,0
156325.529579,2026-07-15T05:51:05.334,3,3,3,0,0
156325.532403,2026-07-15T05:51:05.336,3,3,3,0,0
156325.536038,2026-07-15T05:51:05.339,3,3,3,0,0
156325.538781,2026-07-15T05:51:05.343,3,3,3,0,0
156325.541342,2026-07-15T05:51:05.345,3,3,3,0,0
156325.543849,2026-07-15T05:51:05.347,3,3,3,0,0
156325.546283,2026-07-15T05:51:05.350,3,3,3,0,0
156325.548806,2026-07-15T05:51:05.351,3,3,3,0,0
156325.551061,2026-07-15T05:51:05.355,3,3,3,0,0
156325.553496,2026-07-15T05:51:05.356,3,3,3,0,0
156325.556119,2026-07-15T05:51:05.360,3,3,3,0,0
156325.558799,2026-07-15T05:51:05.362,3,3,3,0,0
156325.561086,2026-07-15T05:51:05.364,3,3,3,0,0
156325.563601,2026-07-15T05:51:05.367,3,3,3,0,9
156325.565945,2026-07-15T05:51:05.369,60,0,3,0,9
156325.568360,2026-07-15T05:51:05.372,60,0,3,0,9
156325.571060,2026-07-15T05:51:05.375,60,0,3,0,9
156325.574862,2026-07-15T05:51:05.378,60,0,3,0,9
156325.577494,2026-07-15T05:51:05.381,60,0,3,0,9
156325.580100,2026-07-15T05:51:05.384,60,0,3,0,9
156325.582208,2026-07-15T05:51:05.386,60,0,3,0,9
156325.584812,2026-07-15T05:51:05.388,60,0,3,0,9
156325.587049,2026-07-15T05:51:05.391,60,0,3,0,9
156325.589853,2026-07-15T05:51:05.394,60,0,3,0,9
156325.592638,2026-07-15T05:51:05.397,60,0,3,0,9
156325.595546,2026-07-15T05:51:05.400,60,0,3,0,9
156325.598492,2026-07-15T05:51:05.402,60,0,3,0,9
156325.600910,2026-07-15T05:51:05.405,60,0,3,0,9
156325.603389,2026-07-15T05:51:05.407,60,0,3,0,9
156325.606174,2026-07-15T05:51:05.409,60,0,3,0,9
156325.608927,2026-07-15T05:51:05.413,60,0,3,0,9
156325.611585,2026-07-15T05:51:05.415,60,0,3,0,9
156325.614618,2026-07-15T05:51:05.419,60,0,3,0,9
156325.617047,2026-07-15T05:51:05.420,60,0,3,0,9
156325.620353,2026-07-15T05:51:05.424,60,0,3,0,9
156325.623075,2026-07-15T05:51:05.427,60,0,3,0,9
156325.625821,2026-07-15T05:51:05.429,60,0,3,0,9
156325.628357,2026-07-15T05:51:05.432,60,0,3,0,9
156325.630985,2026-07-15T05:51:05.434,60,0,3,0,9
156325.633583,2026-07-15T05:51:05.437,60,0,3,0,9
156325.636089,2026-07-15T05:51:05.439,60,0,3,0,9
156325.638609,2026-07-15T05:51:05.442,60,0,3,0,9
156325.641116,2026-07-15T05:51:05.445,60,0,3,0,9
156325.643701,2026-07-15T05:51:05.447,60,0,3,0,9
156325.646399,2026-07-15T05:51:05.450,60,0,3,0,9
156325.648884,2026-07-15T05:51:05.453,60,0,3,0,9
156325.651558,2026-07-15T05:51:05.456,60,0,3,0,9
156325.654302,2026-07-15T05:51:05.457,60,0,3,0,9
156325.657049,2026-07-15T05:51:05.461,60,0,3,0,9
156325.659804,2026-07-15T05:51:05.464,60,0,3,0,9
156325.662660,2026-07-15T05:51:05.467,60,0,3,0,9
156325.665366,2026-07-15T05:51:05.469,60,0,3,0,9
156325.667478,2026-07-15T05:51:05.471,60,0,3,0,9
156325.670092,2026-07-15T05:51:05.474,60,0,3,0,9
156325.672639,2026-07-15T05:51:05.476,60,0,3,0,9
156325.675312,2026-07-15T05:51:05.479,60,0,3,0,9
156325.678150,2026-07-15T05:51:05.482,60,0,3,0,9
156325.680635,2026-07-15T05:51:05.484,60,0,3,0,9
156325.683316,2026-07-15T05:51:05.487,60,0,3,0,9
156325.686089,2026-07-15T05:51:05.490,60,0,3,0,9
156325.688797,2026-07-15T05:51:05.493,60,0,3,0,9
156325.691309,2026-07-15T05:51:05.494,60,0,3,0,9
156325.694109,2026-07-15T05:51:05.498,60,0,3,0,9
156325.696592,2026-07-15T05:51:05.501,60,0,3,0,9
156325.698956,2026-07-15T05:51:05.503,60,0,3,0,9
156325.701583,2026-07-15T05:51:05.506,60,0,3,0,9
156325.704138,2026-07-15T05:51:05.508,60,0,3,0,9
156325.707028,2026-07-15T05:51:05.511,60,0,3,0,9
156325.709626,2026-07-15T05:51:05.514,60,0,3,0,9
156325.712084,2026-07-15T05:51:05.515,60,0,3,0,9
156325.714334,2026-07-15T05:51:05.518,60,0,3,0,9
156325.717143,2026-07-15T05:51:05.520,60,0,3,0,9
156325.719652,2026-07-15T05:51:05.523,60,0,3,0,9
156325.722440,2026-07-15T05:51:05.526,60,0,3,0,9
156325.725220,2026-07-15T05:51:05.529,60,0,3,0,9
156325.728107,2026-07-15T05:51:05.531,60,0,3,0,9
156325.730612,2026-07-15T05:51:05.534,60,0,3,0,9
156325.733196,2026-07-15T05:51:05.537,60,0,3,0,9
156325.735855,2026-07-15T05:51:05.539,60,0,3,0,9
156325.738425,2026-07-15T05:51:05.542,60,0,3,0,9
156325.740911,2026-07-15T05:51:05.544,60,0,3,0,9
156325.743436,2026-07-15T05:51:05.547,60,0,3,0,9
156325.746074,2026-07-15T05:51:05.549,60,0,3,0,9
156325.748514,2026-07-15T05:51:05.552,60,0,3,0,9
156325.751042,2026-07-15T05:51:05.554,60,0,3,0,9
156325.753404,2026-07-15T05:51:05.557,60,0,3,0,9
156325.755982,2026-07-15T05:51:05.559,60,0,3,0,9
156325.758706,2026-07-15T05:51:05.562,60,0,3,0,9
156325.761231,2026-07-15T05:51:05.565,60,0,3,0,9
156325.763776,2026-07-15T05:51:05.567,60,0,3,0,9
156325.766379,2026-07-15T05:51:05.570,60,0,3,0,9
156325.768876,2026-07-15T05:51:05.572,60,0,3,0,9
156325.771567,2026-07-15T05:51:05.574,60,0,3,0,9
156325.773830,2026-07-15T05:51:05.577,60,0,3,0,9
156325.776262,2026-07-15T05:51:05.579,60,0,3,0,9
156325.778840,2026-07-15T05:51:05.583,60,0,3,0,9
156325.781366,2026-07-15T05:51:05.585,60,0,3,0,9
156325.783980,2026-07-15T05:51:05.588,60,0,3,0,9
156325.786668,2026-07-15T05:51:05.590,60,0,3,0,9
156325.788917,2026-07-15T05:51:05.593,60,0,3,0,9
156325.790956,2026-07-15T05:51:05.595,60,0,3,0,9
156325.793716,2026-07-15T05:51:05.597,60,0,3,0,9
156325.795936,2026-07-15T05:51:05.599,60,0,3,0,9
156325.798639,2026-07-15T05:51:05.602,60,0,3,0,9
156325.801070,2026-07-15T05:51:05.605,60,0,3,0,9
156325.803517,2026-07-15T05:51:05.607,60,0,3,0,9
156325.806033,2026-07-15T05:51:05.610,60,0,3,0,9
156325.808415,2026-07-15T05:51:05.612,60,0,3,0,19
156325.811159,2026-07-15T05:51:05.614,231,0,3,0,19
156325.813752,2026-07-15T05:51:05.617,231,0,3,0,19
156325.816167,2026-07-15T05:51:05.620,231,0,3,0,19
156325.818729,2026-07-15T05:51:05.623,231,0,3,0,19
156325.821588,2026-07-15T05:51:05.625,231,0,3,0,19
156325.823852,2026-07-15T05:51:05.628,231,0,3,0,19
156325.825876,2026-07-15T05:51:05.629,231,0,3,0,19
156325.828621,2026-07-15T05:51:05.631,231,0,3,0,19
156325.831434,2026-07-15T05:51:05.635,231,0,3,0,19
156325.834233,2026-07-15T05:51:05.638,231,0,3,0,19
156325.836857,2026-07-15T05:51:05.641,231,0,3,0,19
156325.839645,2026-07-15T05:51:05.643,231,0,3,0,19
156325.842045,2026-07-15T05:51:05.646,231,0,3,0,19
156325.844714,2026-07-15T05:51:05.648,231,0,3,0,19
156325.847339,2026-07-15T05:51:05.651,231,0,3,0,19
156325.849757,2026-07-15T05:51:05.653,231,0,3,0,19
156325.852258,2026-07-15T05:51:05.656,231,0,3,0,19
156325.854805,2026-07-15T05:51:05.659,231,0,3,0,19
156325.857429,2026-07-15T05:51:05.661,231,0,3,0,19
156325.859857,2026-07-15T05:51:05.663,231,0,3,0,19
156325.862384,2026-07-15T05:51:05.666,231,0,3,0,19
156325.865032,2026-07-15T05:51:05.669,231,0,3,0,19
156325.867823,2026-07-15T05:51:05.671,231,0,3,0,19
156325.870607,2026-07-15T05:51:05.675,231,0,3,0,19
156325.873263,2026-07-15T05:51:05.677,231,0,3,0,19
156325.875828,2026-07-15T05:51:05.680,231,0,3,0,19
156325.878540,2026-07-15T05:51:05.682,231,0,3,0,19
156325.881178,2026-07-15T05:51:05.685,231,0,3,0,19
156325.883779,2026-07-15T05:51:05.687,231,0,3,0,19
156325.886683,2026-07-15T05:51:05.691,231,0,3,0,19
156325.889325,2026-07-15T05:51:05.693,231,0,3,0,19
156325.891931,2026-07-15T05:51:05.695,231,0,3,0,19
156325.894668,2026-07-15T05:51:05.698,231,0,3,0,19
156325.896969,2026-07-15T05:51:05.701,231,0,3,0,19
156325.899490,2026-07-15T05:51:05.703,231,0,3,0,19
156325.902096,2026-07-15T05:51:05.706,231,0,3,0,19
156325.904647,2026-07-15T05:51:05.708,231,0,3,0,19
156325.907351,2026-07-15T05:51:05.711,231,0,3,0,19
156325.909850,2026-07-15T05:51:05.714,231,0,3,0,19
156325.912348,2026-07-15T05:51:05.716,231,0,3,0,19
156325.914622,2026-07-15T05:51:05.718,231,0,3,0,19
156325.916634,2026-07-15T05:51:05.720,231,0,3,0,19
156325.919154,2026-07-15T05:51:05.723,231,0,3,0,19
156325.921898,2026-07-15T05:51:05.726,231,0,3,0,19
156325.924693,2026-07-15T05:51:05.729,231,0,3,0,19
156325.927185,2026-07-15T05:51:05.731,231,0,3,0,19
156325.929566,2026-07-15T05:51:05.733,231,0,3,0,19
156325.932174,2026-07-15T05:51:05.736,231,0,3,0,19
156325.934331,2026-07-15T05:51:05.738,231,0,3,0,19
156325.936862,2026-07-15T05:51:05.740,231,0,3,0,19
156325.939539,2026-07-15T05:51:05.744,231,0,3,0,19
156325.942194,2026-07-15T05:51:05.746,231,0,3,0,19
156325.944625,2026-07-15T05:51:05.748,231,0,3,0,19
156325.947175,2026-07-15T05:51:05.750,231,0,3,0,19
156325.949773,2026-07-15T05:51:05.753,231,0,3,0,19
156325.952182,2026-07-15T05:51:05.756,231,0,3,0,19
156325.954583,2026-07-15T05:51:05.758,231,0,3,0,19
156325.957025,2026-07-15T05:51:05.761,231,0,3,0,19
156325.959722,2026-07-15T05:51:05.763,231,0,3,0,19
156325.962343,2026-07-15T05:51:05.765,231,0,3,0,19
156325.964622,2026-07-15T05:51:05.768,231,0,3,0,19
156325.967398,2026-07-15T05:51:05.771,231,0,3,0,19
156325.970125,2026-07-15T05:51:05.774,231,0,3,0,19
156325.972927,2026-07-15T05:51:05.777,231,0,3,0,19
156325.975569,2026-07-15T05:51:05.779,231,0,3,0,19
156325.977988,2026-07-15T05:51:05.782,231,0,3,0,19
156325.980530,2026-07-15T05:51:05.784,231,0,3,0,19
156325.983284,2026-07-15T05:51:05.787,231,0,3,0,19
156325.986231,2026-07-15T05:51:05.790,231,0,3,0,19
156325.988963,2026-07-15T05:51:05.792,231,0,3,0,19
156325.991834,2026-07-15T05:51:05.796,231,0,3,0,19
156325.993857,2026-07-15T05:51:05.797,231,0,3,0,19
156325.996401,2026-07-15T05:51:05.800,231,0,3,0,19
156325.999128,2026-07-15T05:51:05.803,231,0,3,0,19
156326.001227,2026-07-15T05:51:05.805,231,0,3,0,19
156326.004089,2026-07-15T05:51:05.808,231,0,3,0,19
156326.006554,2026-07-15T05:51:05.810,231,0,3,0,19
156326.008926,2026-07-15T05:51:05.813,231,0,3,0,19
156326.011271,2026-07-15T05:51:05.815,231,0,3,0,19
156326.013937,2026-07-15T05:51:05.817,231,0,3,0,19
156326.016574,2026-07-15T05:51:05.820,231,0,3,0,19
156326.019181,2026-07-15T05:51:05.823,231,0,3,0,19
156326.023437,2026-07-15T05:51:05.827,231,0,3,0,19
156326.026206,2026-07-15T05:51:05.830,231,0,3,0,19
156326.028664,2026-07-15T05:51:05.832,231,0,3,0,19
156326.031196,2026-07-15T05:51:05.834,231,0,3,0,19
156326.033743,2026-07-15T05:51:05.837,231,0,3,0,19
156326.036623,2026-07-15T05:51:05.840,231,0,3,0,19
156326.039116,2026-07-15T05:51:05.843,231,0,3,0,19
156326.041874,2026-07-15T05:51:05.846,231,0,3,0,19
156326.044863,2026-07-15T05:51:05.848,231,0,3,0,19
156326.047538,2026-07-15T05:51:05.851,231,0,3,0,19
156326.049863,2026-07-15T05:51:05.854,231,0,3,0,19
156326.052278,2026-07-15T05:51:05.856,231,0,3,0,19
156326.054771,2026-07-15T05:51:05.859,249,3,3,0,0
156326.057353,2026-07-15T05:51:05.861,249,3,3,0,0
156326.059791,2026-07-15T05:51:05.863,249,3,3,0,0
156326.062608,2026-07-15T05:51:05.866,249,3,3,0,0
156326.065042,2026-07-15T05:51:05.869,249,3,3,0,0
156326.067235,2026-07-15T05:51:05.871,249,3,3,0,0
156326.069784,2026-07-15T05:51:05.874,249,3,3,0,0
156326.072154,2026-07-15T05:51:05.876,249,3,3,0,0
156326.074436,2026-07-15T05:51:05.878,249,3,3,0,0
156326.076835,2026-07-15T05:51:05.881,249,3,3,0,0
156326.079195,2026-07-15T05:51:05.883,249,3,3,0,0
156326.081582,2026-07-15T05:51:05.885,249,3,3,0,0
156326.084151,2026-07-15T05:51:05.888,249,3,3,0,0
156326.087208,2026-07-15T05:51:05.891,249,3,3,0,0
156326.090195,2026-07-15T05:51:05.894,249,3,3,0,0
156326.092838,2026-07-15T05:51:05.897,249,3,3,0,0
156326.094989,2026-07-15T05:51:05.899,249,3,3,0,0
156326.097639,2026-07-15T05:51:05.902,249,3,3,0,0
156326.100295,2026-07-15T05:51:05.904,249,3,3,0,0
156326.102988,2026-07-15T05:51:05.906,249,3,3,0,0
156326.105891,2026-07-15T05:51:05.909,249,3,3,0,0
156326.108419,2026-07-15T05:51:05.912,249,3,3,0,0
156326.111277,2026-07-15T05:51:05.915,249,3,3,0,0
156326.113788,2026-07-15T05:51:05.917,249,3,3,0,0
156326.116440,2026-07-15T05:51:05.920,249,3,3,0,0
156326.119239,2026-07-15T05:51:05.923,249,3,3,0,0
156326.121910,2026-07-15T05:51:05.925,249,3,3,0,0
156326.124425,2026-07-15T05:51:05.928,249,3,3,0,0
156326.127078,2026-07-15T05:51:05.931,249,3,3,0,0
156326.129604,2026-07-15T05:51:05.933,249,3,3,0,0
156326.132007,2026-07-15T05:51:05.935,249,3,3,0,0
156326.134780,2026-07-15T05:51:05.938,249,3,3,0,0
156326.137508,2026-07-15T05:51:05.941,249,3,3,0,0
156326.140350,2026-07-15T05:51:05.944,249,3,3,0,0
156326.143068,2026-07-15T05:51:05.947,249,3,3,0,0
156326.145834,2026-07-15T05:51:05.949,249,3,3,0,0
156326.148719,2026-07-15T05:51:05.952,249,3,3,0,0
156326.151403,2026-07-15T05:51:05.955,249,3,3,0,0
156326.154124,2026-07-15T05:51:05.958,249,3,3,0,0
156326.156745,2026-07-15T05:51:05.960,249,3,3,0,0
156326.159287,2026-07-15T05:51:05.963,249,3,3,0,0
156326.161848,2026-07-15T05:51:05.965,249,3,3,0,0
156326.164512,2026-07-15T05:51:05.968,249,3,3,0,0
156326.167042,2026-07-15T05:51:05.971,249,3,3,0,0
156326.169685,2026-07-15T05:51:05.974,249,3,3,0,0
156326.172322,2026-07-15T05:51:05.976,249,3,3,0,0
156326.174812,2026-07-15T05:51:05.978,249,3,3,0,0
156326.177382,2026-07-15T05:51:05.981,249,3,3,0,0
156326.180127,2026-07-15T05:51:05.984,249,3,3,0,0
156326.182748,2026-07-15T05:51:05.987,249,3,3,0,0
156326.185393,2026-07-15T05:51:05.989,249,3,3,0,0
156326.188065,2026-07-15T05:51:05.992,249,3,3,0,0
156326.190801,2026-07-15T05:51:05.995,249,3,3,0,0
156326.193607,2026-07-15T05:51:05.998,249,3,3,0,0
156326.196295,2026-07-15T05:51:06.000,249,3,3,0,0
156326.199087,2026-07-15T05:51:06.002,249,3,3,0,0
156326.201787,2026-07-15T05:51:06.005,249,3,3,0,0
156326.204528,2026-07-15T05:51:06.008,249,3,3,0,0
156326.207211,2026-07-15T05:51:06.011,249,3,3,0,0
156326.209827,2026-07-15T05:51:06.013,249,3,3,0,0
156326.212564,2026-07-15T05:51:06.016,249,3,3,0,0
156326.215161,2026-07-15T05:51:06.019,249,3,3,0,0
156326.217696,2026-07-15T05:51:06.022,249,3,3,0,0
156326.220279,2026-07-15T05:51:06.024,249,3,3,0,0
156326.223213,2026-07-15T05:51:06.027,249,3,3,0,0
156326.226225,2026-07-15T05:51:06.030,249,3,3,0,0
156326.228958,2026-07-15T05:51:06.033,249,3,3,0,0
156326.231905,2026-07-15T05:51:06.035,249,3,3,0,0
156326.234821,2026-07-15T05:51:06.038,249,3,3,0,0
156326.237383,2026-07-15T05:51:06.041,249,3,3,0,0
156326.239760,2026-07-15T05:51:06.044,249,3,3,0,0
156326.242444,2026-07-15T05:51:06.046,249,3,3,0,0
156326.245278,2026-07-15T05:51:06.049,249,3,3,0,0
156326.248180,2026-07-15T05:51:06.052,249,3,3,0,0
156326.250648,2026-07-15T05:51:06.054,249,3,3,0,0
156326.253530,2026-07-15T05:51:06.057,249,3,3,0,0
156326.256294,2026-07-15T05:51:06.060,249,3,3,0,0
156326.259201,2026-07-15T05:51:06.063,249,3,3,0,0
156326.262012,2026-07-15T05:51:06.066,249,3,3,0,0
156326.264746,2026-07-15T05:51:06.068,249,3,3,0,0
156326.267099,2026-07-15T05:51:06.070,249,3,3,0,0
156326.269725,2026-07-15T05:51:06.073,249,3,3,0,0
156326.272536,2026-07-15T05:51:06.075,249,3,3,0,0
156326.275038,2026-07-15T05:51:06.079,249,3,3,0,0
156326.277675,2026-07-15T05:51:06.081,249,3,3,0,0
156326.280691,2026-07-15T05:51:06.084,249,3,3,0,0
156326.282727,2026-07-15T05:51:06.087,249,3,3,0,0
156326.285131,2026-07-15T05:51:06.089,249,3,3,0,0
156326.287590,2026-07-15T05:51:06.091,249,3,3,0,0
156326.290088,2026-07-15T05:51:06.094,249,3,3,0,0
156326.292719,2026-07-15T05:51:06.096,249,3,3,0,0
156326.295288,2026-07-15T05:51:06.099,249,3,3,0,0
156326.297790,2026-07-15T05:51:06.101,249,3,3,0,0
156326.300338,2026-07-15T05:51:06.104,249,3,3,0,0
156326.302890,2026-07-15T05:51:06.107,249,3,3,0,0
156326.305191,2026-07-15T05:51:06.109,249,3,3,0,0
156326.307198,2026-07-15T05:51:06.111,249,3,3,0,0
156326.309879,2026-07-15T05:51:06.114,249,3,3,0,0
156326.312124,2026-07-15T05:51:06.116,249,3,3,0,0
156326.314589,2026-07-15T05:51:06.118,249,3,3,0,0
156326.317157,2026-07-15T05:51:06.121,249,3,3,0,0
156326.319556,2026-07-15T05:51:06.123,249,3,3,0,0
156326.322146,2026-07-15T05:51:06.126,249,3,3,0,0
156326.324558,2026-07-15T05:51:06.128,249,3,3,0,0
156326.327085,2026-07-15T05:51:06.131,249,3,3,0,0
156326.329672,2026-07-15T05:51:06.133,249,3,3,0,0
156326.332010,2026-07-15T05:51:06.136,249,3,3,0,0
156326.334559,2026-07-15T05:51:06.139,249,3,3,0,0
156326.336995,2026-07-15T05:51:06.141,249,3,3,0,0
156326.339789,2026-07-15T05:51:06.144,249,3,3,0,0
156326.342363,2026-07-15T05:51:06.146,249,3,3,0,0
156326.345277,2026-07-15T05:51:06.149,249,3,3,0,0
156326.347676,2026-07-15T05:51:06.151,249,3,3,0,0
156326.350761,2026-07-15T05:51:06.154,249,3,3,0,0
156326.353181,2026-07-15T05:51:06.157,249,3,3,0,0
156326.355742,2026-07-15T05:51:06.159,249,3,3,0,0
156326.358373,2026-07-15T05:51:06.162,249,3,3,0,0
156326.361260,2026-07-15T05:51:06.165,249,3,3,0,0
156326.363854,2026-07-15T05:51:06.168,249,3,3,0,0
156326.366230,2026-07-15T05:51:06.170,249,3,3,0,0
156326.368847,2026-07-15T05:51:06.173,249,3,3,0,0
156326.371354,2026-07-15T05:51:06.175,249,3,3,0,0
156326.373792,2026-07-15T05:51:06.177,249,3,3,0,0
156326.376312,2026-07-15T05:51:06.180,249,3,3,0,0
156326.378603,2026-07-15T05:51:06.182,249,3,3,0,0
156326.380609,2026-07-15T05:51:06.184,249,3,3,0,0
156326.383191,2026-07-15T05:51:06.186,249,3,3,0,0
156326.385864,2026-07-15T05:51:06.189,249,3,3,0,0
156326.388469,2026-07-15T05:51:06.192,249,3,3,0,0
156326.391149,2026-07-15T05:51:06.194,249,3,3,0,0
156326.393642,2026-07-15T05:51:06.197,249,3,3,0,0
156326.396147,2026-07-15T05:51:06.200,249,3,3,0,0
156326.398637,2026-07-15T05:51:06.203,249,3,3,0,0
156326.401201,2026-07-15T05:51:06.205,249,3,3,0,0
156326.403697,2026-07-15T05:51:06.208,249,3,3,0,0
156326.406106,2026-07-15T05:51:06.210,249,3,3,0,0
156326.408780,2026-07-15T05:51:06.213,249,3,3,0,0
156326.411486,2026-07-15T05:51:06.215,249,3,3,0,0
156326.413999,2026-07-15T05:51:06.218,249,3,3,0,0
156326.416507,2026-07-15T05:51:06.220,249,3,3,0,0
156326.419380,2026-07-15T05:51:06.223,249,3,3,0,0
156326.424279,2026-07-15T05:51:06.228,249,3,3,0,0
156326.427164,2026-07-15T05:51:06.231,249,3,3,0,0
156326.430004,2026-07-15T05:51:06.234,249,3,3,0,0
156326.433106,2026-07-15T05:51:06.236,249,3,3,0,0
156326.435827,2026-07-15T05:51:06.239,249,3,3,0,0
156326.438587,2026-07-15T05:51:06.242,249,3,3,0,0
156326.441511,2026-07-15T05:51:06.245,249,3,3,0,0
156326.444218,2026-07-15T05:51:06.247,249,3,3,0,0
156326.447091,2026-07-15T05:51:06.250,249,3,3,0,0
156326.449897,2026-07-15T05:51:06.253,249,3,3,0,0
156326.452721,2026-07-15T05:51:06.256,249,3,3,0,0
156326.455574,2026-07-15T05:51:06.259,249,3,3,0,0
156326.458151,2026-07-15T05:51:06.261,249,3,3,0,0
156326.460691,2026-07-15T05:51:06.264,249,3,3,0,0
156326.463218,2026-07-15T05:51:06.266,249,3,3,0,0
156326.465900,2026-07-15T05:51:06.270,249,3,3,0,0
156326.468682,2026-07-15T05:51:06.273,249,3,3,0,0
156326.471296,2026-07-15T05:51:06.275,249,3,3,0,0
156326.473661,2026-07-15T05:51:06.278,249,3,3,0,0
156326.476208,2026-07-15T05:51:06.280,249,3,3,0,0
156326.479030,2026-07-15T05:51:06.283,249,3,3,0,0
156326.481887,2026-07-15T05:51:06.286,249,3,3,0,0
156326.484559,2026-07-15T05:51:06.288,249,3,3,0,0
156326.487114,2026-07-15T05:51:06.291,249,3,3,0,0
156326.489878,2026-07-15T05:51:06.293,249,3,3,0,0
156326.492567,2026-07-15T05:51:06.296,249,3,3,0,0
156326.495434,2026-07-15T05:51:06.299,249,3,3,0,0
156326.498216,2026-07-15T05:51:06.302,249,3,3,0,0
156326.500623,2026-07-15T05:51:06.304,249,3,3,0,0
156326.503062,2026-07-15T05:51:06.307,249,3,3,0,0
156326.505691,2026-07-15T05:51:06.309,249,3,3,0,0
156326.508225,2026-07-15T05:51:06.312,249,3,3,0,0
156326.510845,2026-07-15T05:51:06.315,249,3,3,0,0
156326.514454,2026-07-15T05:51:06.318,249,3,3,0,0
156326.517011,2026-07-15T05:51:06.321,249,3,3,0,0
156326.519770,2026-07-15T05:51:06.324,249,3,3,0,0
156326.522607,2026-07-15T05:51:06.327,249,3,3,0,0
156326.525692,2026-07-15T05:51:06.330,249,3,3,0,0
156326.528274,2026-07-15T05:51:06.332,249,3,3,0,0
156326.531297,2026-07-15T05:51:06.335,249,3,3,0,0
156326.533580,2026-07-15T05:51:06.337,249,3,3,0,0
156326.536139,2026-07-15T05:51:06.340,249,3,3,0,0
156326.538792,2026-07-15T05:51:06.342,249,3,3,0,0
156326.541253,2026-07-15T05:51:06.345,249,3,3,0,0
156326.543886,2026-07-15T05:51:06.347,249,3,3,0,0
156326.546650,2026-07-15T05:51:06.350,249,3,3,0,0
156326.549350,2026-07-15T05:51:06.353,249,3,3,0,0
156326.552118,2026-07-15T05:51:06.356,249,3,3,0,0
156326.554192,2026-07-15T05:51:06.358,249,3,3,0,0
156326.556886,2026-07-15T05:51:06.361,249,3,3,0,0
156326.559945,2026-07-15T05:51:06.364,249,3,3,0,0
156326.562603,2026-07-15T05:51:06.367,249,3,3,0,0
156326.565185,2026-07-15T05:51:06.369,249,3,3,0,0
156326.567721,2026-07-15T05:51:06.371,249,3,3,0,0
156326.570111,2026-07-15T05:51:06.374,249,3,3,0,0
156326.572792,2026-07-15T05:51:06.376,249,3,3,0,0
156326.575341,2026-07-15T05:51:06.379,249,3,3,0,0
156326.577855,2026-07-15T05:51:06.381,249,3,3,0,0
156326.580155,2026-07-15T05:51:06.384,249,3,3,0,0
156326.582692,2026-07-15T05:51:06.386,249,3,3,0,0
156326.585225,2026-07-15T05:51:06.388,249,3,3,0,0
156326.587368,2026-07-15T05:51:06.391,249,3,3,0,0
156326.589702,2026-07-15T05:51:06.394,249,3,3,0,0
156326.592335,2026-07-15T05:51:06.396,249,3,3,0,0
156326.594634,2026-07-15T05:51:06.398,249,3,3,0,0
156326.597300,2026-07-15T05:51:06.401,249,3,3,0,0
156326.599868,2026-07-15T05:51:06.403,249,3,3,0,0
156326.602250,2026-07-15T05:51:06.406,249,3,3,0,0
156326.604798,2026-07-15T05:51:06.409,249,3,3,0,0
156326.607263,2026-07-15T05:51:06.411,249,3,3,0,0
156326.609701,2026-07-15T05:51:06.414,249,3,3,0,0
156326.611722,2026-07-15T05:51:06.415,249,3,3,0,0
156326.614236,2026-07-15T05:51:06.418,249,3,3,0,0
156326.616827,2026-07-15T05:51:06.421,249,3,3,0,0
156326.619119,2026-07-15T05:51:06.422,249,3,3,0,0
156326.621155,2026-07-15T05:51:06.425,249,3,3,0,0
156326.625324,2026-07-15T05:51:06.429,249,3,3,0,0
156326.627783,2026-07-15T05:51:06.431,249,3,3,0,0
156326.630128,2026-07-15T05:51:06.434,249,3,3,0,0
156326.632827,2026-07-15T05:51:06.437,249,3,3,0,0
156326.635429,2026-07-15T05:51:06.439,249,3,3,0,0
156326.638055,2026-07-15T05:51:06.442,249,3,3,0,0
156326.640605,2026-07-15T05:51:06.445,249,3,3,0,0
156326.643055,2026-07-15T05:51:06.447,249,3,3,0,0
156326.646012,2026-07-15T05:51:06.450,249,3,3,0,0
156326.648651,2026-07-15T05:51:06.452,249,3,3,0,0
156326.651309,2026-07-15T05:51:06.454,249,3,3,0,0
156326.653912,2026-07-15T05:51:06.457,249,3,3,0,0
156326.656620,2026-07-15T05:51:06.461,249,3,3,0,0
156326.659031,2026-07-15T05:51:06.463,249,3,3,0,0
156326.661557,2026-07-15T05:51:06.466,249,3,3,0,0
156326.664280,2026-07-15T05:51:06.468,249,3,3,0,0
156326.666969,2026-07-15T05:51:06.471,249,3,3,0,0
156326.669634,2026-07-15T05:51:06.474,249,3,3,0,0
156326.672279,2026-07-15T05:51:06.476,249,3,3,0,0
156326.675028,2026-07-15T05:51:06.479,249,3,3,0,0
156326.677577,2026-07-15T05:51:06.481,249,3,3,0,0
156326.680050,2026-07-15T05:51:06.483,249,3,3,0,0
156326.682617,2026-07-15T05:51:06.486,249,3,3,0,0
156326.685091,2026-07-15T05:51:06.488,249,3,3,0,0
156326.687742,2026-07-15T05:51:06.491,249,3,3,0,0
156326.690086,2026-07-15T05:51:06.494,249,3,3,0,0
156326.692378,2026-07-15T05:51:06.496,249,3,3,0,0
156326.694768,2026-07-15T05:51:06.498,249,3,3,0,0
156326.697443,2026-07-15T05:51:06.501,249,3,3,0,0
156326.700063,2026-07-15T05:51:06.504,249,3,3,0,0
156326.702648,2026-07-15T05:51:06.507,249,3,3,0,0
156326.705344,2026-07-15T05:51:06.509,249,3,3,0,0
156326.707889,2026-07-15T05:51:06.512,249,3,3,0,0
156326.710484,2026-07-15T05:51:06.514,249,3,3,0,0
156326.713074,2026-07-15T05:51:06.517,249,3,3,0,0
156326.715650,2026-07-15T05:51:06.519,249,3,3,0,0
156326.718419,2026-07-15T05:51:06.522,249,3,3,0,0
156326.720952,2026-07-15T05:51:06.525,249,3,3,0,0
156326.723854,2026-07-15T05:51:06.528,249,3,3,0,0
156326.726388,2026-07-15T05:51:06.530,249,3,3,0,0
156326.729129,2026-07-15T05:51:06.532,249,3,3,0,0
156326.731875,2026-07-15T05:51:06.535,249,3,3,0,0
156326.734539,2026-07-15T05:51:06.539,249,3,3,0,0
156326.737091,2026-07-15T05:51:06.540,249,3,3,0,0
156326.739675,2026-07-15T05:51:06.544,249,3,3,0,0
156326.742161,2026-07-15T05:51:06.546,249,3,3,0,0
156326.744649,2026-07-15T05:51:06.549,249,3,3,0,0
156326.747292,2026-07-15T05:51:06.551,249,3,3,0,0
156326.749581,2026-07-15T05:51:06.553,249,3,3,0,0
156326.752016,2026-07-15T05:51:06.555,249,3,3,0,0
156326.754704,2026-07-15T05:51:06.559,249,3,3,0,0
156326.757338,2026-07-15T05:51:06.561,249,3,3,0,0
156326.760281,2026-07-15T05:51:06.564,249,3,3,0,0
156326.762888,2026-07-15T05:51:06.566,249,3,3,0,0
156326.765581,2026-07-15T05:51:06.568,249,3,3,0,0
156326.768193,2026-07-15T05:51:06.571,249,3,3,0,0
156326.770867,2026-07-15T05:51:06.574,249,3,3,0,0
156326.773345,2026-07-15T05:51:06.577,249,3,3,0,0
156326.776031,2026-07-15T05:51:06.580,249,3,3,0,0
156326.778758,2026-07-15T05:51:06.583,249,3,3,0,0
156326.781735,2026-07-15T05:51:06.586,249,3,3,0,0
156326.784225,2026-07-15T05:51:06.588,249,3,3,0,0
156326.786648,2026-07-15T05:51:06.590,249,3,3,0,0
156326.789163,2026-07-15T05:51:06.592,249,3,3,0,0
156326.792131,2026-07-15T05:51:06.596,249,3,3,0,0
156326.794901,2026-07-15T05:51:06.599,249,3,3,0,0
156326.797736,2026-07-15T05:51:06.601,249,3,3,0,0
156326.800307,2026-07-15T05:51:06.604,249,3,3,0,0
156326.802564,2026-07-15T05:51:06.606,249,3,3,0,0
156326.805172,2026-07-15T05:51:06.609,249,3,3,0,0
156326.807774,2026-07-15T05:51:06.611,249,3,3,0,0
156326.810057,2026-07-15T05:51:06.613,249,3,3,0,0
156326.812495,2026-07-15T05:51:06.616,249,3,3,0,0
156326.815259,2026-07-15T05:51:06.619,249,3,3,0,0
156326.817531,2026-07-15T05:51:06.621,249,3,3,0,0
156326.820243,2026-07-15T05:51:06.624,249,3,3,0,0
156326.822489,2026-07-15T05:51:06.626,249,3,3,0,0
156326.826588,2026-07-15T05:51:06.630,249,3,3,0,0
156326.828917,2026-07-15T05:51:06.633,249,3,3,0,0
156326.831872,2026-07-15T05:51:06.636,249,3,3,0,0
156326.834124,2026-07-15T05:51:06.638,249,3,3,0,0
156326.836412,2026-07-15T05:51:06.639,249,3,3,0,0
156326.838983,2026-07-15T05:51:06.643,249,3,3,0,0
156326.841903,2026-07-15T05:51:06.646,249,3,3,0,0
156326.844605,2026-07-15T05:51:06.648,249,3,3,0,0
156326.847062,2026-07-15T05:51:06.651,249,3,3,0,0
156326.849663,2026-07-15T05:51:06.654,249,3,3,0,0
156326.852195,2026-07-15T05:51:06.656,249,3,3,0,0
156326.854706,2026-07-15T05:51:06.658,249,3,3,0,0
156326.857325,2026-07-15T05:51:06.660,249,3,3,0,0
156326.859665,2026-07-15T05:51:06.663,249,3,3,0,0
156326.862266,2026-07-15T05:51:06.666,249,3,3,0,0
156326.864943,2026-07-15T05:51:06.669,249,3,3,0,0
156326.867684,2026-07-15T05:51:06.671,249,3,3,0,0
156326.869985,2026-07-15T05:51:06.674,249,3,3,0,0
156326.872842,2026-07-15T05:51:06.676,249,3,3,0,0
156326.875313,2026-07-15T05:51:06.678,249,3,3,0,0
156326.878767,2026-07-15T05:51:06.682,185,0,3,0,12
156326.881391,2026-07-15T05:51:06.685,185,0,3,0,12
156326.884059,2026-07-15T05:51:06.687,185,0,3,0,12
156326.886582,2026-07-15T05:51:06.690,185,0,3,0,12
156326.889673,2026-07-15T05:51:06.693,185,0,3,0,12
156326.892436,2026-07-15T05:51:06.695,185,0,3,0,12
156326.895105,2026-07-15T05:51:06.698,185,0,3,0,12
156326.897891,2026-07-15T05:51:06.701,185,0,3,0,12
156326.900664,2026-07-15T05:51:06.704,185,0,3,0,12
156326.903647,2026-07-15T05:51:06.708,185,0,3,0,12
156326.906354,2026-07-15T05:51:06.709,185,0,3,0,12
156326.910222,2026-07-15T05:51:06.714,185,0,3,0,12
156326.913010,2026-07-15T05:51:06.717,185,0,3,0,12
156326.915738,2026-07-15T05:51:06.719,185,0,3,0,12
156326.918641,2026-07-15T05:51:06.722,185,0,3,0,12
156326.921541,2026-07-15T05:51:06.725,185,0,3,0,12
156326.924705,2026-07-15T05:51:06.728,185,0,3,0,12
156326.927443,2026-07-15T05:51:06.731,185,0,3,0,12
156326.930354,2026-07-15T05:51:06.734,185,0,3,0,12
156326.933425,2026-07-15T05:51:06.737,185,0,3,0,12
156326.936076,2026-07-15T05:51:06.739,185,0,3,0,12
156326.938719,2026-07-15T05:51:06.742,185,0,3,0,12
156326.941222,2026-07-15T05:51:06.745,185,0,3,0,12
156326.944275,2026-07-15T05:51:06.748,185,0,3,0,12
156326.947032,2026-07-15T05:51:06.751,185,0,3,0,12
156326.949902,2026-07-15T05:51:06.754,185,0,3,0,12
156326.952774,2026-07-15T05:51:06.756,185,0,3,0,12
156326.955250,2026-07-15T05:51:06.759,185,0,3,0,12
156326.957740,2026-07-15T05:51:06.762,185,0,3,0,12
156326.960295,2026-07-15T05:51:06.764,185,0,3,0,12
156326.962817,2026-07-15T05:51:06.766,185,0,3,0,12
156326.965151,2026-07-15T05:51:06.768,185,0,3,0,12
156326.967825,2026-07-15T05:51:06.771,185,0,3,0,12
156326.970319,2026-07-15T05:51:06.774,185,0,3,0,12
156326.972665,2026-07-15T05:51:06.777,185,0,3,0,12
156326.975088,2026-07-15T05:51:06.779,185,0,3,0,12
156326.977666,2026-07-15T05:51:06.781,185,0,3,0,12
156326.980240,2026-07-15T05:51:06.784,185,0,3,0,12
156326.982666,2026-07-15T05:51:06.786,185,0,3,0,12
156326.985140,2026-07-15T05:51:06.788,185,0,3,0,12
156326.987367,2026-07-15T05:51:06.791,185,0,3,0,12
156326.989695,2026-07-15T05:51:06.793,185,0,3,0,12
156326.992115,2026-07-15T05:51:06.795,185,0,3,0,12
156326.994644,2026-07-15T05:51:06.797,185,0,3,0,12
156326.997177,2026-07-15T05:51:06.801,185,0,3,0,12
156326.999641,2026-07-15T05:51:06.803,185,0,3,0,12
156327.001819,2026-07-15T05:51:06.806,185,0,3,0,12
156327.004529,2026-07-15T05:51:06.809,185,0,3,0,12
156327.007055,2026-07-15T05:51:06.811,185,0,3,0,12
156327.009648,2026-07-15T05:51:06.813,185,0,3,0,12
156327.012377,2026-07-15T05:51:06.816,185,0,3,0,12
156327.014886,2026-07-15T05:51:06.819,185,0,3,0,12
156327.017495,2026-07-15T05:51:06.822,185,0,3,0,12
156327.020066,2026-07-15T05:51:06.823,185,0,3,0,12
156327.022526,2026-07-15T05:51:06.826,185,0,3,0,12
156327.025186,2026-07-15T05:51:06.829,185,0,3,0,12
156327.027714,2026-07-15T05:51:06.831,185,0,3,0,12
156327.030070,2026-07-15T05:51:06.834,185,0,3,0,12
156327.032436,2026-07-15T05:51:06.836,185,0,3,0,12
156327.034772,2026-07-15T05:51:06.837,185,0,3,0,12
156327.037163,2026-07-15T05:51:06.841,185,0,3,0,12
156327.039655,2026-07-15T05:51:06.843,185,0,3,0,12
156327.041898,2026-07-15T05:51:06.846,185,0,3,0,12
156327.044503,2026-07-15T05:51:06.848,185,0,3,0,12
156327.047114,2026-07-15T05:51:06.851,185,0,3,0,12
156327.049385,2026-07-15T05:51:06.853,185,0,3,0,12
156327.052043,2026-07-15T05:51:06.856,185,0,3,0,12
156327.054652,2026-07-15T05:51:06.858,185,0,3,0,12
156327.057280,2026-07-15T05:51:06.861,185,0,3,0,12
156327.060030,2026-07-15T05:51:06.863,185,0,3,0,12
156327.062547,2026-07-15T05:51:06.866,185,0,3,0,12
156327.064752,2026-07-15T05:51:06.869,185,0,3,0,12
156327.067250,2026-07-15T05:51:06.871,185,0,3,0,12
156327.070050,2026-07-15T05:51:06.874,185,0,3,0,12
156327.072572,2026-07-15T05:51:06.876,185,0,3,0,12
156327.075248,2026-07-15T05:51:06.879,185,0,3,0,12
156327.077767,2026-07-15T05:51:06.881,185,0,3,0,12
156327.080256,2026-07-15T05:51:06.884,185,0,3,0,12
156327.084151,2026-07-15T05:51:06.888,185,0,3,0,12
156327.086882,2026-07-15T05:51:06.891,185,0,3,0,12
156327.089360,2026-07-15T05:51:06.892,185,0,3,0,12
156327.091952,2026-07-15T05:51:06.896,185,0,3,0,12
156327.094635,2026-07-15T05:51:06.898,185,0,3,0,12
156327.096835,2026-07-15T05:51:06.900,185,0,3,0,12
156327.099121,2026-07-15T05:51:06.903,185,0,3,0,12
156327.101957,2026-07-15T05:51:06.906,185,0,3,0,12
156327.104678,2026-07-15T05:51:06.907,185,0,3,0,12
156327.107099,2026-07-15T05:51:06.910,185,0,3,0,12
156327.109509,2026-07-15T05:51:06.913,185,0,3,0,12
156327.112220,2026-07-15T05:51:06.916,185,0,3,0,12
156327.114705,2026-07-15T05:51:06.918,185,0,3,0,12
156327.117549,2026-07-15T05:51:06.921,185,0,3,0,12
156327.120074,2026-07-15T05:51:06.923,185,0,3,0,12
156327.122557,2026-07-15T05:51:06.926,185,0,3,0,14
156327.126517,2026-07-15T05:51:06.930,15,0,3,0,14
156327.142482,2026-07-15T05:51:06.946,15,0,3,0,14
156327.145126,2026-07-15T05:51:06.948,15,0,3,0,14
156327.147690,2026-07-15T05:51:06.951,15,0,3,0,14
156327.150135,2026-07-15T05:51:06.953,15,0,3,0,14
156327.152516,2026-07-15T05:51:06.956,15,0,3,0,14
156327.155170,2026-07-15T05:51:06.959,15,0,3,0,14
156327.157846,2026-07-15T05:51:06.962,15,0,3,0,14
156327.160809,2026-07-15T05:51:06.964,15,0,3,0,14
156327.163641,2026-07-15T05:51:06.968,15,0,3,0,14
156327.166359,2026-07-15T05:51:06.970,15,0,3,0,14
156327.169588,2026-07-15T05:51:06.973,15,0,3,0,14
156327.172330,2026-07-15T05:51:06.976,15,0,3,0,14
156327.174569,2026-07-15T05:51:06.979,15,0,3,0,14
156327.177210,2026-07-15T05:51:06.981,15,0,3,0,14
156327.179884,2026-07-15T05:51:06.984,15,0,3,0,14
156327.182527,2026-07-15T05:51:06.987,15,0,3,0,14
156327.185359,2026-07-15T05:51:06.989,15,0,3,0,14
156327.188267,2026-07-15T05:51:06.992,15,0,3,0,14
156327.191224,2026-07-15T05:51:06.995,15,0,3,0,14
156327.194080,2026-07-15T05:51:06.997,15,0,3,0,14
156327.196640,2026-07-15T05:51:07.000,15,0,3,0,14
156327.199119,2026-07-15T05:51:07.003,15,0,3,0,14
156327.201767,2026-07-15T05:51:07.005,15,0,3,0,14
156327.204408,2026-07-15T05:51:07.008,15,0,3,0,14
156327.206889,2026-07-15T05:51:07.010,15,0,3,0,14
156327.209746,2026-07-15T05:51:07.013,15,0,3,0,14
156327.212341,2026-07-15T05:51:07.016,15,0,3,0,14
156327.215013,2026-07-15T05:51:07.019,15,0,3,0,14
156327.217650,2026-07-15T05:51:07.022,15,0,3,0,14
156327.220476,2026-07-15T05:51:07.024,15,0,3,0,14
156327.222509,2026-07-15T05:51:07.026,15,0,3,0,14
156327.224778,2026-07-15T05:51:07.029,15,0,3,0,14
156327.227628,2026-07-15T05:51:07.031,15,0,3,0,14
156327.230367,2026-07-15T05:51:07.034,15,0,3,0,14
156327.233192,2026-07-15T05:51:07.037,15,0,3,0,14
156327.235741,2026-07-15T05:51:07.039,15,0,3,0,14
156327.238246,2026-07-15T05:51:07.042,15,0,3,0,14
156327.240881,2026-07-15T05:51:07.045,15,0,3,0,14
156327.243530,2026-07-15T05:51:07.047,15,0,3,0,14
156327.246384,2026-07-15T05:51:07.050,15,0,3,0,14
156327.249190,2026-07-15T05:51:07.052,15,0,3,0,14
156327.251641,2026-07-15T05:51:07.055,15,0,3,0,14
156327.254197,2026-07-15T05:51:07.058,15,0,3,0,14
156327.256782,2026-07-15T05:51:07.060,15,0,3,0,14
156327.259108,2026-07-15T05:51:07.062,15,0,3,0,14
156327.261721,2026-07-15T05:51:07.065,15,0,3,0,14
156327.263762,2026-07-15T05:51:07.067,15,0,3,0,14
156327.266561,2026-07-15T05:51:07.070,15,0,3,0,14
156327.269030,2026-07-15T05:51:07.073,15,0,3,0,14
156327.271542,2026-07-15T05:51:07.075,15,0,3,0,14
156327.274258,2026-07-15T05:51:07.077,15,0,3,0,14
156327.276734,2026-07-15T05:51:07.080,15,0,3,0,14
156327.279684,2026-07-15T05:51:07.083,15,0,3,0,14
156327.282223,2026-07-15T05:51:07.086,15,0,3,0,14
156327.284485,2026-07-15T05:51:07.088,15,0,3,0,14
156327.287351,2026-07-15T05:51:07.091,15,0,3,0,14
156327.289719,2026-07-15T05:51:07.093,15,0,3,0,14
156327.292311,2026-07-15T05:51:07.095,15,0,3,0,14
156327.294743,2026-07-15T05:51:07.098,15,0,3,0,14
156327.297283,2026-07-15T05:51:07.101,15,0,3,0,14
156327.299756,2026-07-15T05:51:07.104,15,0,3,0,14
156327.301866,2026-07-15T05:51:07.105,15,0,3,0,14
156327.304265,2026-07-15T05:51:07.108,15,0,3,0,14
156327.306827,2026-07-15T05:51:07.110,15,0,3,0,14
156327.309152,2026-07-15T05:51:07.112,15,0,3,0,14
156327.311211,2026-07-15T05:51:07.115,15,0,3,0,14
156327.313576,2026-07-15T05:51:07.118,15,0,3,0,14
156327.315814,2026-07-15T05:51:07.119,15,0,3,0,14
156327.318269,2026-07-15T05:51:07.122,15,0,3,0,14
156327.320874,2026-07-15T05:51:07.125,15,0,3,0,14
156327.323178,2026-07-15T05:51:07.126,15,0,3,0,14
156327.325844,2026-07-15T05:51:07.129,15,0,3,0,14
156327.328719,2026-07-15T05:51:07.132,15,0,3,0,14
156327.331373,2026-07-15T05:51:07.135,15,0,3,0,14
156327.333967,2026-07-15T05:51:07.138,15,0,3,0,14
156327.336716,2026-07-15T05:51:07.140,15,0,3,0,14
156327.338982,2026-07-15T05:51:07.143,15,0,3,0,14
156327.341700,2026-07-15T05:51:07.145,15,0,3,0,14
156327.344350,2026-07-15T05:51:07.148,15,0,3,0,14
156327.346582,2026-07-15T05:51:07.151,15,0,3,0,14
156327.349617,2026-07-15T05:51:07.154,15,0,3,0,14
156327.351958,2026-07-15T05:51:07.156,15,0,3,0,14
156327.354610,2026-07-15T05:51:07.158,15,0,3,0,14
156327.357095,2026-07-15T05:51:07.161,15,0,3,0,14
156327.359266,2026-07-15T05:51:07.163,15,0,3,0,14
156327.361991,2026-07-15T05:51:07.166,15,0,3,0,14
156327.364670,2026-07-15T05:51:07.168,15,0,3,0,0
156327.367438,2026-07-15T05:51:07.171,3,3,3,0,0
156327.369780,2026-07-15T05:51:07.174,3,3,3,0,0
156327.373203,2026-07-15T05:51:07.177,3,3,3,0,0
156327.375390,2026-07-15T05:51:07.179,3,3,3,0,0
156327.377969,2026-07-15T05:51:07.181,3,3,3,0,0
156327.380855,2026-07-15T05:51:07.185,3,3,3,0,0
156327.383817,2026-07-15T05:51:07.186,3,3,3,0,0
156327.386076,2026-07-15T05:51:07.190,3,3,3,0,0
156327.388704,2026-07-15T05:51:07.193,3,3,3,0,0
156327.391139,2026-07-15T05:51:07.194,3,3,3,0,0
156327.394177,2026-07-15T05:51:07.198,3,3,3,0,0
156327.396640,2026-07-15T05:51:07.201,3,3,3,0,0
156327.399499,2026-07-15T05:51:07.202,3,3,3,0,0
156327.402869,2026-07-15T05:51:07.206,3,3,3,0,0
156327.405811,2026-07-15T05:51:07.209,3,3,3,0,0
156327.408574,2026-07-15T05:51:07.212,3,3,3,0,0
