t_perf,wall_time,POS,OBJ,STA,FLT,CUR
86357.093985,2026-07-22T15:14:31.050,3,3,3,0,0
86357.098547,2026-07-22T15:14:31.054,3,3,3,0,0
86357.102973,2026-07-22T15:14:31.059,3,3,3,0,0
86357.106863,2026-07-22T15:14:31.063,3,3,3,0,0
86357.110649,2026-07-22T15:14:31.066,3,3,3,0,0
86357.114436,2026-07-22T15:14:31.070,3,3,3,0,0
86357.118196,2026-07-22T15:14:31.074,3,3,3,0,0
86357.122469,2026-07-22T15:14:31.078,3,3,3,0,0
86357.126370,2026-07-22T15:14:31.082,3,3,3,0,0
86357.130348,2026-07-22T15:14:31.086,3,3,3,0,0
86357.134102,2026-07-22T15:14:31.090,3,3,3,0,0
86357.138073,2026-07-22T15:14:31.094,3,3,3,0,0
86357.142533,2026-07-22T15:14:31.099,3,3,3,0,0
86357.146531,2026-07-22T15:14:31.103,3,3,3,0,0
86357.150683,2026-07-22T15:14:31.107,3,3,3,0,0
86357.154822,2026-07-22T15:14:31.111,3,3,3,0,0
86357.158968,2026-07-22T15:14:31.115,3,3,3,0,0
86357.162714,2026-07-22T15:14:31.119,3,3,3,0,0
86357.166473,2026-07-22T15:14:31.123,3,3,3,0,0
86357.170478,2026-07-22T15:14:31.126,3,3,3,0,0
86357.174202,2026-07-22T15:14:31.130,3,3,3,0,0
86357.177770,2026-07-22T15:14:31.134,3,3,3,0,0
86357.181415,2026-07-22T15:14:31.138,3,3,3,0,0
86357.185178,2026-07-22T15:14:31.141,3,3,3,0,0
86357.188920,2026-07-22T15:14:31.145,3,3,3,0,0
86357.193692,2026-07-22T15:14:31.150,3,3,3,0,0
86357.198541,2026-07-22T15:14:31.155,3,3,3,0,0
86357.202593,2026-07-22T15:14:31.159,3,3,3,0,0
86357.206594,2026-07-22T15:14:31.163,3,3,3,0,0
86357.210523,2026-07-22T15:14:31.167,3,3,3,0,0
86357.214465,2026-07-22T15:14:31.171,3,3,3,0,0
86357.218457,2026-07-22T15:14:31.175,3,3,3,0,0
86357.222239,2026-07-22T15:14:31.178,3,3,3,0,0
86357.226220,2026-07-22T15:14:31.182,3,3,3,0,0
86357.229939,2026-07-22T15:14:31.186,3,3,3,0,0
86357.233656,2026-07-22T15:14:31.189,3,3,3,0,0
86357.237476,2026-07-22T15:14:31.193,3,3,3,0,0
86357.241653,2026-07-22T15:14:31.197,3,3,3,0,0
86357.246446,2026-07-22T15:14:31.202,3,3,3,0,0
86357.250202,2026-07-22T15:14:31.206,3,3,3,0,0
86357.254711,2026-07-22T15:14:31.210,3,3,3,0,0
86357.258627,2026-07-22T15:14:31.214,3,3,3,0,0
86357.262564,2026-07-22T15:14:31.218,3,3,3,0,0
86357.266525,2026-07-22T15:14:31.222,3,3,3,0,0
86357.270378,2026-07-22T15:14:31.226,3,3,3,0,0
86357.273948,2026-07-22T15:14:31.230,3,3,3,0,0
86357.278031,2026-07-22T15:14:31.234,3,3,3,0,0
86357.281452,2026-07-22T15:14:31.237,3,3,3,0,0
86357.285185,2026-07-22T15:14:31.241,3,3,3,0,0
86357.288990,2026-07-22T15:14:31.245,3,3,3,0,0
86357.293135,2026-07-22T15:14:31.249,3,3,3,0,0
86357.295622,2026-07-22T15:14:31.252,3,3,3,0,0
86357.297706,2026-07-22T15:14:31.254,3,3,3,0,0
86357.300219,2026-07-22T15:14:31.257,3,3,3,0,0
86357.302815,2026-07-22T15:14:31.259,3,3,3,0,0
86357.305333,2026-07-22T15:14:31.262,3,3,3,0,0
86357.308073,2026-07-22T15:14:31.264,3,3,3,0,0
86357.310860,2026-07-22T15:14:31.267,3,3,3,0,0
86357.313391,2026-07-22T15:14:31.270,3,3,3,0,0
86357.316115,2026-07-22T15:14:31.272,3,3,3,0,0
86357.318745,2026-07-22T15:14:31.275,3,3,3,0,0
86357.321271,2026-07-22T15:14:31.278,3,3,3,0,0
86357.323603,2026-07-22T15:14:31.280,3,3,3,0,0
86357.326328,2026-07-22T15:14:31.283,3,3,3,0,0
86357.328716,2026-07-22T15:14:31.285,3,3,3,0,0
86357.331466,2026-07-22T15:14:31.288,3,3,3,0,0
86357.333947,2026-07-22T15:14:31.290,3,3,3,0,0
86357.336311,2026-07-22T15:14:31.293,3,3,3,0,0
86357.338689,2026-07-22T15:14:31.295,3,3,3,0,0
86357.340830,2026-07-22T15:14:31.297,3,3,3,0,0
86357.343311,2026-07-22T15:14:31.300,3,3,3,0,0
86357.346108,2026-07-22T15:14:31.302,3,3,3,0,0
86357.348431,2026-07-22T15:14:31.305,3,3,3,0,0
86357.351065,2026-07-22T15:14:31.307,3,3,3,0,0
86357.353380,2026-07-22T15:14:31.310,3,3,3,0,0
86357.355848,2026-07-22T15:14:31.312,3,3,3,0,0
86357.358282,2026-07-22T15:14:31.315,3,3,3,0,0
86357.360309,2026-07-22T15:14:31.317,3,3,3,0,0
86357.362925,2026-07-22T15:14:31.319,3,3,3,0,0
86357.365674,2026-07-22T15:14:31.322,3,3,3,0,0
86357.368157,2026-07-22T15:14:31.324,3,3,3,0,0
86357.370575,2026-07-22T15:14:31.327,3,3,3,0,0
86357.373205,2026-07-22T15:14:31.330,3,3,3,0,0
86357.375922,2026-07-22T15:14:31.332,3,3,3,0,0
86357.378403,2026-07-22T15:14:31.335,3,3,3,0,0
86357.381074,2026-07-22T15:14:31.337,3,3,3,0,0
86357.383627,2026-07-22T15:14:31.340,3,3,3,0,0
86357.386161,2026-07-22T15:14:31.343,3,3,3,0,0
86357.388555,2026-07-22T15:14:31.345,3,3,3,0,0
86357.391413,2026-07-22T15:14:31.347,3,3,3,0,0
86357.393557,2026-07-22T15:14:31.350,3,3,3,0,0
86357.395789,2026-07-22T15:14:31.352,3,3,3,0,0
86357.398580,2026-07-22T15:14:31.355,3,3,3,0,0
86357.401099,2026-07-22T15:14:31.357,3,3,3,0,0
86357.403843,2026-07-22T15:14:31.360,3,3,3,0,0
86357.406261,2026-07-22T15:14:31.363,3,3,3,0,0
86357.409042,2026-07-22T15:14:31.365,3,3,3,0,0
86357.411465,2026-07-22T15:14:31.368,3,3,3,0,0
86357.414048,2026-07-22T15:14:31.370,3,3,3,0,0
86357.416644,2026-07-22T15:14:31.373,3,3,3,0,0
86357.418673,2026-07-22T15:14:31.374,3,3,3,0,0
86357.420719,2026-07-22T15:14:31.377,3,3,3,0,0
86357.423460,2026-07-22T15:14:31.380,3,3,3,0,0
86357.425978,2026-07-22T15:14:31.382,3,3,3,0,0
86357.428632,2026-07-22T15:14:31.385,3,3,3,0,0
86357.431211,2026-07-22T15:14:31.388,3,3,3,0,0
86357.433724,2026-07-22T15:14:31.390,3,3,3,0,0
86357.436256,2026-07-22T15:14:31.393,3,3,3,0,0
86357.438761,2026-07-22T15:14:31.395,3,3,3,0,0
86357.441063,2026-07-22T15:14:31.397,3,3,3,0,0
86357.443296,2026-07-22T15:14:31.400,3,3,3,0,0
86357.445361,2026-07-22T15:14:31.402,3,3,3,0,0
86357.447427,2026-07-22T15:14:31.404,3,3,3,0,0
86357.449559,2026-07-22T15:14:31.406,3,3,3,0,0
86357.451601,2026-07-22T15:14:31.408,3,3,3,0,0
86357.453737,2026-07-22T15:14:31.410,3,3,3,0,0
86357.455750,2026-07-22T15:14:31.412,3,3,3,0,0
86357.457856,2026-07-22T15:14:31.414,3,3,3,0,0
86357.460294,2026-07-22T15:14:31.417,3,3,3,0,0
86357.462733,2026-07-22T15:14:31.419,3,3,3,0,0
86357.465272,2026-07-22T15:14:31.422,3,3,3,0,0
86357.467621,2026-07-22T15:14:31.424,3,3,3,0,0
86357.469919,2026-07-22T15:14:31.426,3,3,3,0,0
86357.471931,2026-07-22T15:14:31.428,3,3,3,0,0
86357.474448,2026-07-22T15:14:31.431,3,3,3,0,0
86357.476986,2026-07-22T15:14:31.433,3,3,3,0,0
86357.478995,2026-07-22T15:14:31.435,3,3,3,0,0
86357.481264,2026-07-22T15:14:31.438,3,3,3,0,0
86357.483325,2026-07-22T15:14:31.440,3,3,3,0,0
86357.485824,2026-07-22T15:14:31.442,3,3,3,0,0
86357.488299,2026-07-22T15:14:31.445,3,3,3,0,0
86357.491489,2026-07-22T15:14:31.447,3,3,3,0,0
86357.493532,2026-07-22T15:14:31.449,3,3,3,0,0
86357.495916,2026-07-22T15:14:31.452,3,3,3,0,0
86357.498632,2026-07-22T15:14:31.455,3,3,3,0,0
86357.500848,2026-07-22T15:14:31.457,3,3,3,0,0
86357.503193,2026-07-22T15:14:31.460,3,3,3,0,0
86357.505873,2026-07-22T15:14:31.462,3,3,3,0,0
86357.508676,2026-07-22T15:14:31.465,3,3,3,0,0
86357.511399,2026-07-22T15:14:31.468,3,3,3,0,0
86357.514040,2026-07-22T15:14:31.470,3,3,3,0,0
86357.516608,2026-07-22T15:14:31.473,3,3,3,0,0
86357.518646,2026-07-22T15:14:31.475,3,3,3,0,0
86357.521001,2026-07-22T15:14:31.477,3,3,3,0,0
86357.523457,2026-07-22T15:14:31.480,3,3,3,0,0
86357.525975,2026-07-22T15:14:31.482,3,3,3,0,0
86357.528013,2026-07-22T15:14:31.484,3,3,3,0,0
86357.530090,2026-07-22T15:14:31.486,3,3,3,0,0
86357.532250,2026-07-22T15:14:31.489,3,3,3,0,0
86357.534425,2026-07-22T15:14:31.491,3,3,3,0,0
86357.536443,2026-07-22T15:14:31.493,3,3,3,0,0
86357.538535,2026-07-22T15:14:31.495,3,3,3,0,0
86357.540832,2026-07-22T15:14:31.497,3,3,3,0,0
86357.543095,2026-07-22T15:14:31.499,3,3,3,0,0
86357.545499,2026-07-22T15:14:31.502,3,3,3,0,0
86357.547854,2026-07-22T15:14:31.504,3,3,3,0,0
86357.550295,2026-07-22T15:14:31.507,3,3,3,0,0
86357.552636,2026-07-22T15:14:31.509,3,3,3,0,0
86357.555043,2026-07-22T15:14:31.511,3,3,3,0,0
86357.557420,2026-07-22T15:14:31.514,3,3,3,0,0
86357.560105,2026-07-22T15:14:31.516,3,3,3,0,0
86357.562175,2026-07-22T15:14:31.519,3,3,3,0,0
86357.564825,2026-07-22T15:14:31.521,3,3,3,0,0
86357.567574,2026-07-22T15:14:31.524,3,3,3,0,0
86357.570323,2026-07-22T15:14:31.527,3,3,3,0,0
86357.572822,2026-07-22T15:14:31.529,3,3,3,0,0
86357.575291,2026-07-22T15:14:31.532,3,3,3,0,0
86357.577783,2026-07-22T15:14:31.534,3,3,3,0,0
86357.580321,2026-07-22T15:14:31.537,3,3,3,0,0
86357.583109,2026-07-22T15:14:31.539,3,3,3,0,0
86357.585148,2026-07-22T15:14:31.541,3,3,3,0,0
86357.587939,2026-07-22T15:14:31.544,3,3,3,0,0
86357.590502,2026-07-22T15:14:31.547,3,3,3,0,0
86357.592685,2026-07-22T15:14:31.549,3,3,3,0,0
86357.594818,2026-07-22T15:14:31.551,3,3,3,0,0
86357.597323,2026-07-22T15:14:31.554,3,3,3,0,0
86357.599643,2026-07-22T15:14:31.556,3,3,3,0,0
86357.602155,2026-07-22T15:14:31.558,3,3,3,0,0
86357.604668,2026-07-22T15:14:31.561,3,3,3,0,0
86357.607178,2026-07-22T15:14:31.564,3,3,3,0,0
86357.609800,2026-07-22T15:14:31.566,3,3,3,0,0
86357.612145,2026-07-22T15:14:31.568,3,3,3,0,0
86357.614173,2026-07-22T15:14:31.571,3,3,3,0,0
86357.616558,2026-07-22T15:14:31.573,3,3,3,0,0
86357.619083,2026-07-22T15:14:31.575,3,3,3,0,0
86357.621396,2026-07-22T15:14:31.578,3,3,3,0,0
86357.623543,2026-07-22T15:14:31.580,3,3,3,0,0
86357.625594,2026-07-22T15:14:31.582,3,3,3,0,0
86357.628119,2026-07-22T15:14:31.584,3,3,3,0,0
86357.630614,2026-07-22T15:14:31.587,3,3,3,0,0
86357.632704,2026-07-22T15:14:31.589,3,3,3,0,0
86357.635291,2026-07-22T15:14:31.592,3,3,3,0,0
86357.637600,2026-07-22T15:14:31.594,3,3,3,0,0
86357.640116,2026-07-22T15:14:31.596,3,3,3,0,0
86357.642218,2026-07-22T15:14:31.599,3,3,3,0,0
86357.644593,2026-07-22T15:14:31.601,3,3,3,0,0
86357.646741,2026-07-22T15:14:31.603,3,3,3,0,0
86357.649526,2026-07-22T15:14:31.606,3,3,3,0,0
86357.652071,2026-07-22T15:14:31.608,3,3,3,0,0
86357.654748,2026-07-22T15:14:31.611,3,3,3,0,0
86357.657283,2026-07-22T15:14:31.614,3,3,3,0,0
86357.659671,2026-07-22T15:14:31.616,3,3,3,0,0
86357.661726,2026-07-22T15:14:31.618,3,3,3,0,0
86357.663770,2026-07-22T15:14:31.620,3,3,3,0,0
86357.666270,2026-07-22T15:14:31.623,3,3,3,0,0
86357.668650,2026-07-22T15:14:31.625,3,3,3,0,0
86357.670825,2026-07-22T15:14:31.627,3,3,3,0,0
86357.673580,2026-07-22T15:14:31.630,3,3,3,0,0
86357.675604,2026-07-22T15:14:31.632,3,3,3,0,0
86357.677634,2026-07-22T15:14:31.634,3,3,3,0,0
86357.679720,2026-07-22T15:14:31.636,3,3,3,0,0
86357.681768,2026-07-22T15:14:31.638,3,3,3,0,0
86357.684025,2026-07-22T15:14:31.640,3,3,3,0,0
86357.686282,2026-07-22T15:14:31.642,3,3,3,0,0
86357.688447,2026-07-22T15:14:31.645,3,3,3,0,0
86357.692339,2026-07-22T15:14:31.648,3,3,3,0,0
86357.694551,2026-07-22T15:14:31.651,3,3,3,0,0
86357.697062,2026-07-22T15:14:31.653,3,3,3,0,0
86357.699678,2026-07-22T15:14:31.656,3,3,3,0,0
86357.702209,2026-07-22T15:14:31.659,3,3,3,0,0
86357.704578,2026-07-22T15:14:31.661,3,3,3,0,0
86357.707313,2026-07-22T15:14:31.664,3,3,3,0,0
86357.709345,2026-07-22T15:14:31.666,3,3,3,0,0
86357.711941,2026-07-22T15:14:31.668,3,3,3,0,0
86357.714001,2026-07-22T15:14:31.670,3,3,3,0,0
86357.716431,2026-07-22T15:14:31.673,3,3,3,0,0
86357.718953,2026-07-22T15:14:31.675,3,3,3,0,0
86357.721578,2026-07-22T15:14:31.678,3,3,3,0,0
86357.724361,2026-07-22T15:14:31.681,3,3,3,0,0
86357.727165,2026-07-22T15:14:31.684,3,3,3,0,0
86357.729731,2026-07-22T15:14:31.686,3,3,3,0,0
86357.732438,2026-07-22T15:14:31.689,3,3,3,0,0
86357.734551,2026-07-22T15:14:31.691,3,3,3,0,0
86357.736599,2026-07-22T15:14:31.693,3,3,3,0,0
86357.739089,2026-07-22T15:14:31.695,3,3,3,0,0
86357.741619,2026-07-22T15:14:31.698,3,3,3,0,0
86357.744415,2026-07-22T15:14:31.701,3,3,3,0,0
86357.746929,2026-07-22T15:14:31.703,3,3,3,0,0
86357.748950,2026-07-22T15:14:31.705,3,3,3,0,0
86357.751475,2026-07-22T15:14:31.708,3,3,3,0,0
86357.753984,2026-07-22T15:14:31.710,3,3,3,0,0
86357.756413,2026-07-22T15:14:31.713,3,3,3,0,0
86357.758928,2026-07-22T15:14:31.715,3,3,3,0,0
86357.761105,2026-07-22T15:14:31.717,3,3,3,0,0
86357.763451,2026-07-22T15:14:31.720,3,3,3,0,0
86357.765980,2026-07-22T15:14:31.722,3,3,3,0,0
86357.768751,2026-07-22T15:14:31.725,3,3,3,0,0
86357.771107,2026-07-22T15:14:31.727,3,3,3,0,0
86357.773744,2026-07-22T15:14:31.730,3,3,3,0,0
86357.776243,2026-07-22T15:14:31.733,3,3,3,0,0
86357.778686,2026-07-22T15:14:31.735,3,3,3,0,0
86357.781196,2026-07-22T15:14:31.738,3,3,3,0,0
86357.783449,2026-07-22T15:14:31.740,3,3,3,0,0
86357.785946,2026-07-22T15:14:31.742,3,3,3,0,0
86357.788612,2026-07-22T15:14:31.745,3,3,3,0,0
86357.791126,2026-07-22T15:14:31.747,3,3,3,0,0
86357.793553,2026-07-22T15:14:31.750,3,3,3,0,0
86357.795935,2026-07-22T15:14:31.752,3,3,3,0,0
86357.798485,2026-07-22T15:14:31.755,3,3,3,0,0
86357.801148,2026-07-22T15:14:31.757,3,3,3,0,0
86357.803197,2026-07-22T15:14:31.760,3,3,3,0,0
86357.805529,2026-07-22T15:14:31.762,3,3,3,0,0
86357.808078,2026-07-22T15:14:31.764,3,3,3,0,0
86357.810349,2026-07-22T15:14:31.767,3,3,3,0,0
86357.812853,2026-07-22T15:14:31.769,3,3,3,0,0
86357.815358,2026-07-22T15:14:31.772,3,3,3,0,0
86357.817851,2026-07-22T15:14:31.774,3,3,3,0,0
86357.820369,2026-07-22T15:14:31.777,3,3,3,0,0
86357.822547,2026-07-22T15:14:31.779,3,3,3,0,0
86357.825059,2026-07-22T15:14:31.781,3,3,3,0,0
86357.827764,2026-07-22T15:14:31.784,3,3,3,0,0
86357.830390,2026-07-22T15:14:31.787,3,3,3,0,0
86357.832420,2026-07-22T15:14:31.789,3,3,3,0,0
86357.834538,2026-07-22T15:14:31.791,3,3,3,0,0
86357.837068,2026-07-22T15:14:31.793,3,3,3,0,0
86357.839843,2026-07-22T15:14:31.796,3,3,3,0,0
86357.842199,2026-07-22T15:14:31.798,3,3,3,0,0
86357.844324,2026-07-22T15:14:31.801,3,3,3,0,0
86357.846764,2026-07-22T15:14:31.803,3,3,3,0,0
86357.849257,2026-07-22T15:14:31.806,3,3,3,0,0
86357.851512,2026-07-22T15:14:31.808,3,3,3,0,0
86357.854011,2026-07-22T15:14:31.810,3,3,3,0,0
86357.856373,2026-07-22T15:14:31.813,3,3,3,0,0
86357.858891,2026-07-22T15:14:31.815,3,3,3,0,0
86357.861544,2026-07-22T15:14:31.818,3,3,3,0,0
86357.864081,2026-07-22T15:14:31.820,3,3,3,0,0
86357.866587,2026-07-22T15:14:31.823,19,0,3,0,8
86357.868745,2026-07-22T15:14:31.825,19,0,3,0,8
86357.871269,2026-07-22T15:14:31.828,19,0,3,0,8
86357.873296,2026-07-22T15:14:31.830,19,0,3,0,8
86357.875824,2026-07-22T15:14:31.832,19,0,3,0,8
86357.878042,2026-07-22T15:14:31.834,19,0,3,0,8
86357.880632,2026-07-22T15:14:31.837,19,0,3,0,8
86357.883174,2026-07-22T15:14:31.840,19,0,3,0,8
86357.885761,2026-07-22T15:14:31.842,19,0,3,0,8
86357.888274,2026-07-22T15:14:31.845,19,0,3,0,8
86357.891430,2026-07-22T15:14:31.848,19,0,3,0,8
86357.893886,2026-07-22T15:14:31.850,19,0,3,0,8
86357.895924,2026-07-22T15:14:31.852,19,0,3,0,8
86357.897978,2026-07-22T15:14:31.854,19,0,3,0,8
86357.900000,2026-07-22T15:14:31.856,19,0,3,0,8
86357.902559,2026-07-22T15:14:31.859,19,0,3,0,8
86357.905324,2026-07-22T15:14:31.862,19,0,3,0,8
86357.907790,2026-07-22T15:14:31.864,19,0,3,0,8
86357.910100,2026-07-22T15:14:31.866,19,0,3,0,8
86357.912131,2026-07-22T15:14:31.868,19,0,3,0,8
86357.914181,2026-07-22T15:14:31.871,19,0,3,0,8
86357.916691,2026-07-22T15:14:31.873,19,0,3,0,8
86357.918718,2026-07-22T15:14:31.875,19,0,3,0,8
86357.920757,2026-07-22T15:14:31.877,19,0,3,0,8
86357.922983,2026-07-22T15:14:31.879,19,0,3,0,8
86357.925511,2026-07-22T15:14:31.882,19,0,3,0,8
86357.928023,2026-07-22T15:14:31.884,19,0,3,0,8
86357.930542,2026-07-22T15:14:31.887,19,0,3,0,8
86357.932573,2026-07-22T15:14:31.889,19,0,3,0,8
86357.935106,2026-07-22T15:14:31.891,19,0,3,0,8
86357.937153,2026-07-22T15:14:31.894,19,0,3,0,8
86357.939186,2026-07-22T15:14:31.896,19,0,3,0,8
86357.941225,2026-07-22T15:14:31.898,19,0,3,0,8
86357.943767,2026-07-22T15:14:31.900,19,0,3,0,8
86357.946052,2026-07-22T15:14:31.902,19,0,3,0,8
86357.948084,2026-07-22T15:14:31.904,19,0,3,0,8
86357.950850,2026-07-22T15:14:31.907,19,0,3,0,8
86357.953590,2026-07-22T15:14:31.910,19,0,3,0,8
86357.955716,2026-07-22T15:14:31.912,19,0,3,0,8
86357.957751,2026-07-22T15:14:31.914,19,0,3,0,8
86357.960255,2026-07-22T15:14:31.916,19,0,3,0,8
86357.962402,2026-07-22T15:14:31.919,19,0,3,0,8
86357.964906,2026-07-22T15:14:31.921,19,0,3,0,8
86357.967192,2026-07-22T15:14:31.924,19,0,3,0,8
86357.969704,2026-07-22T15:14:31.926,19,0,3,0,8
86357.972207,2026-07-22T15:14:31.929,19,0,3,0,8
86357.974221,2026-07-22T15:14:31.931,19,0,3,0,8
86357.976492,2026-07-22T15:14:31.933,19,0,3,0,8
86357.978588,2026-07-22T15:14:31.935,19,0,3,0,8
86357.981123,2026-07-22T15:14:31.937,19,0,3,0,8
86357.983637,2026-07-22T15:14:31.940,19,0,3,0,8
86357.986169,2026-07-22T15:14:31.942,19,0,3,0,8
86357.988862,2026-07-22T15:14:31.945,19,0,3,0,8
86357.991651,2026-07-22T15:14:31.948,19,0,3,0,8
86357.994072,2026-07-22T15:14:31.950,19,0,3,0,8
86357.996607,2026-07-22T15:14:31.953,19,0,3,0,8
86357.999126,2026-07-22T15:14:31.955,19,0,3,0,8
86358.001157,2026-07-22T15:14:31.958,19,0,3,0,8
86358.003203,2026-07-22T15:14:31.960,19,0,3,0,8
86358.005698,2026-07-22T15:14:31.962,19,0,3,0,8
86358.008222,2026-07-22T15:14:31.965,19,0,3,0,8
86358.010258,2026-07-22T15:14:31.967,19,0,3,0,8
86358.012409,2026-07-22T15:14:31.969,19,0,3,0,8
86358.014927,2026-07-22T15:14:31.971,19,0,3,0,8
86358.017448,2026-07-22T15:14:31.974,19,0,3,0,8
86358.019481,2026-07-22T15:14:31.976,19,0,3,0,8
86358.021545,2026-07-22T15:14:31.978,19,0,3,0,8
86358.024132,2026-07-22T15:14:31.980,19,0,3,0,8
86358.026171,2026-07-22T15:14:31.983,19,0,3,0,8
86358.028688,2026-07-22T15:14:31.985,19,0,3,0,8
86358.030718,2026-07-22T15:14:31.987,19,0,3,0,8
86358.032734,2026-07-22T15:14:31.989,19,0,3,0,8
86358.035253,2026-07-22T15:14:31.992,19,0,3,0,8
86358.037852,2026-07-22T15:14:31.994,19,0,3,0,8
86358.040390,2026-07-22T15:14:31.997,19,0,3,0,8
86358.042832,2026-07-22T15:14:31.999,19,0,3,0,8
86358.045431,2026-07-22T15:14:32.002,19,0,3,0,8
86358.047461,2026-07-22T15:14:32.004,19,0,3,0,8
86358.049501,2026-07-22T15:14:32.006,19,0,3,0,8
86358.051534,2026-07-22T15:14:32.008,19,0,3,0,8
86358.053614,2026-07-22T15:14:32.010,19,0,3,0,8
86358.055756,2026-07-22T15:14:32.012,19,0,3,0,8
86358.058254,2026-07-22T15:14:32.015,19,0,3,0,8
86358.060780,2026-07-22T15:14:32.017,19,0,3,0,8
86358.062844,2026-07-22T15:14:32.019,19,0,3,0,8
86358.065626,2026-07-22T15:14:32.022,19,0,3,0,8
86358.068368,2026-07-22T15:14:32.025,19,0,3,0,8
86358.070921,2026-07-22T15:14:32.027,19,0,3,0,8
86358.073405,2026-07-22T15:14:32.030,19,0,3,0,8
86358.075917,2026-07-22T15:14:32.032,19,0,3,0,8
86358.078425,2026-07-22T15:14:32.035,19,0,3,0,8
86358.080947,2026-07-22T15:14:32.037,19,0,3,0,8
86358.082986,2026-07-22T15:14:32.039,19,0,3,0,8
86358.085496,2026-07-22T15:14:32.042,19,0,3,0,8
86358.088308,2026-07-22T15:14:32.045,19,0,3,0,8
86358.091082,2026-07-22T15:14:32.047,19,0,3,0,8
86358.093421,2026-07-22T15:14:32.050,19,0,3,0,8
86358.095469,2026-07-22T15:14:32.052,19,0,3,0,8
86358.097980,2026-07-22T15:14:32.054,19,0,3,0,8
86358.100760,2026-07-22T15:14:32.057,19,0,3,0,8
86358.103099,2026-07-22T15:14:32.059,19,0,3,0,8
86358.105241,2026-07-22T15:14:32.062,19,0,3,0,8
86358.107559,2026-07-22T15:14:32.064,19,0,3,0,8
86358.110076,2026-07-22T15:14:32.066,19,0,3,0,3
86358.112600,2026-07-22T15:14:32.069,35,2,3,0,3
86358.114832,2026-07-22T15:14:32.071,35,2,3,0,3
86358.117321,2026-07-22T15:14:32.074,35,2,3,0,3
86358.119822,2026-07-22T15:14:32.076,35,2,3,0,3
86358.122355,2026-07-22T15:14:32.079,35,2,3,0,3
86358.124880,2026-07-22T15:14:32.081,35,2,3,0,3
86358.127633,2026-07-22T15:14:32.084,35,2,3,0,3
86358.130102,2026-07-22T15:14:32.086,35,2,3,0,3
86358.132610,2026-07-22T15:14:32.089,35,2,3,0,3
86358.135082,2026-07-22T15:14:32.091,35,2,3,0,3
86358.137234,2026-07-22T15:14:32.093,35,2,3,0,3
86358.139629,2026-07-22T15:14:32.096,35,2,3,0,3
86358.142488,2026-07-22T15:14:32.098,35,2,3,0,3
86358.144665,2026-07-22T15:14:32.101,35,2,3,0,3
86358.147184,2026-07-22T15:14:32.104,35,2,3,0,3
86358.149693,2026-07-22T15:14:32.106,35,2,3,0,3
86358.152014,2026-07-22T15:14:32.108,35,2,3,0,3
86358.154625,2026-07-22T15:14:32.111,35,2,3,0,3
86358.156635,2026-07-22T15:14:32.113,35,2,3,0,3
86358.158883,2026-07-22T15:14:32.115,35,2,3,0,3
86358.160950,2026-07-22T15:14:32.117,35,2,3,0,3
86358.163219,2026-07-22T15:14:32.120,35,2,3,0,3
86358.165536,2026-07-22T15:14:32.122,35,2,3,0,3
86358.167988,2026-07-22T15:14:32.124,35,2,3,0,3
86358.170513,2026-07-22T15:14:32.127,35,2,3,0,3
86358.173030,2026-07-22T15:14:32.129,35,2,3,0,3
86358.175043,2026-07-22T15:14:32.131,35,2,3,0,3
86358.177076,2026-07-22T15:14:32.133,35,2,3,0,3
86358.179504,2026-07-22T15:14:32.136,35,2,3,0,3
86358.182026,2026-07-22T15:14:32.138,35,2,3,0,3
86358.184545,2026-07-22T15:14:32.141,35,2,3,0,3
86358.187059,2026-07-22T15:14:32.143,35,2,3,0,3
86358.189429,2026-07-22T15:14:32.146,35,2,3,0,3
86358.191650,2026-07-22T15:14:32.148,35,2,3,0,3
86358.193971,2026-07-22T15:14:32.150,35,2,3,0,3
86358.196554,2026-07-22T15:14:32.153,35,2,3,0,3
86358.199032,2026-07-22T15:14:32.155,35,2,3,0,3
86358.201781,2026-07-22T15:14:32.158,35,2,3,0,3
86358.204306,2026-07-22T15:14:32.161,35,2,3,0,3
86358.206946,2026-07-22T15:14:32.163,35,2,3,0,3
86358.209377,2026-07-22T15:14:32.166,35,2,3,0,3
86358.211413,2026-07-22T15:14:32.168,35,2,3,0,3
86358.213870,2026-07-22T15:14:32.170,35,2,3,0,3
86358.216398,2026-07-22T15:14:32.173,35,2,3,0,3
86358.218798,2026-07-22T15:14:32.175,35,2,3,0,3
86358.221319,2026-07-22T15:14:32.178,35,2,3,0,3
86358.223952,2026-07-22T15:14:32.180,35,2,3,0,3
86358.226449,2026-07-22T15:14:32.183,35,2,3,0,3
86358.229347,2026-07-22T15:14:32.186,35,2,3,0,3
86358.232035,2026-07-22T15:14:32.188,35,2,3,0,3
86358.234090,2026-07-22T15:14:32.190,35,2,3,0,3
86358.236116,2026-07-22T15:14:32.192,35,2,3,0,3
86358.238650,2026-07-22T15:14:32.195,35,2,3,0,3
86358.240857,2026-07-22T15:14:32.197,35,2,3,0,3
86358.243268,2026-07-22T15:14:32.198,35,2,3,0,3
86358.245374,2026-07-22T15:14:32.202,35,2,3,0,3
86358.247470,2026-07-22T15:14:32.204,35,2,3,0,3
86358.249518,2026-07-22T15:14:32.206,35,2,3,0,3
86358.252103,2026-07-22T15:14:32.208,35,2,3,0,3
86358.254636,2026-07-22T15:14:32.211,35,2,3,0,3
86358.256741,2026-07-22T15:14:32.213,35,2,3,0,3
86358.259241,2026-07-22T15:14:32.216,35,2,3,0,3
86358.261313,2026-07-22T15:14:32.218,35,2,3,0,3
86358.263414,2026-07-22T15:14:32.220,35,2,3,0,3
86358.266026,2026-07-22T15:14:32.222,35,2,3,0,3
86358.268064,2026-07-22T15:14:32.224,35,2,3,0,3
86358.270591,2026-07-22T15:14:32.227,35,2,3,0,3
86358.272944,2026-07-22T15:14:32.229,35,2,3,0,3
86358.275399,2026-07-22T15:14:32.232,35,2,3,0,3
86358.277898,2026-07-22T15:14:32.234,35,2,3,0,3
86358.280295,2026-07-22T15:14:32.237,35,2,3,0,3
86358.282813,2026-07-22T15:14:32.239,35,2,3,0,3
86358.285031,2026-07-22T15:14:32.241,35,2,3,0,3
86358.287769,2026-07-22T15:14:32.244,35,2,3,0,3
86358.290262,2026-07-22T15:14:32.247,35,2,3,0,3
86358.294763,2026-07-22T15:14:32.251,35,2,3,0,3
86358.297169,2026-07-22T15:14:32.254,35,2,3,0,3
86358.299334,2026-07-22T15:14:32.256,35,2,3,0,3
86358.301702,2026-07-22T15:14:32.258,35,2,3,0,3
86358.304232,2026-07-22T15:14:32.261,35,2,3,0,3
86358.306752,2026-07-22T15:14:32.263,35,2,3,0,3
86358.309396,2026-07-22T15:14:32.265,35,2,3,0,3
86358.311793,2026-07-22T15:14:32.268,35,2,3,0,3
86358.313831,2026-07-22T15:14:32.270,35,2,3,0,3
86358.315879,2026-07-22T15:14:32.272,35,2,3,0,3
86358.317915,2026-07-22T15:14:32.274,35,2,3,0,3
86358.319956,2026-07-22T15:14:32.276,35,2,3,0,3
86358.321996,2026-07-22T15:14:32.278,35,2,3,0,3
86358.324113,2026-07-22T15:14:32.280,35,2,3,0,3
86358.326168,2026-07-22T15:14:32.283,35,2,3,0,3
86358.328205,2026-07-22T15:14:32.285,35,2,3,0,3
86358.330246,2026-07-22T15:14:32.287,35,2,3,0,3
86358.332307,2026-07-22T15:14:32.289,35,2,3,0,3
86358.334371,2026-07-22T15:14:32.291,35,2,3,0,3
86358.336410,2026-07-22T15:14:32.293,35,2,3,0,3
86358.338471,2026-07-22T15:14:32.295,35,2,3,0,3
86358.340500,2026-07-22T15:14:32.297,35,2,3,0,3
86358.342543,2026-07-22T15:14:32.299,35,2,3,0,3
86358.345085,2026-07-22T15:14:32.301,35,2,3,0,3
86358.347120,2026-07-22T15:14:32.303,35,2,3,0,3
86358.349224,2026-07-22T15:14:32.306,35,2,3,0,3
86358.351736,2026-07-22T15:14:32.308,35,2,3,0,3
86358.354045,2026-07-22T15:14:32.310,35,2,3,0,3
86358.356334,2026-07-22T15:14:32.313,35,2,3,0,3
86358.358883,2026-07-22T15:14:32.315,35,2,3,0,3
86358.361325,2026-07-22T15:14:32.318,35,2,3,0,3
86358.363646,2026-07-22T15:14:32.320,35,2,3,0,3
86358.366101,2026-07-22T15:14:32.322,35,2,3,0,3
86358.368629,2026-07-22T15:14:32.325,35,2,3,0,3
86358.370961,2026-07-22T15:14:32.327,35,2,3,0,3
86358.373621,2026-07-22T15:14:32.330,35,2,3,0,3
86358.375682,2026-07-22T15:14:32.332,35,2,3,0,3
86358.378167,2026-07-22T15:14:32.335,35,2,3,0,3
86358.380198,2026-07-22T15:14:32.337,35,2,3,0,3
86358.382678,2026-07-22T15:14:32.339,35,2,3,0,3
86358.385213,2026-07-22T15:14:32.342,35,2,3,0,3
86358.387977,2026-07-22T15:14:32.344,35,2,3,0,3
86358.390622,2026-07-22T15:14:32.347,35,2,3,0,3
86358.392817,2026-07-22T15:14:32.349,35,2,3,0,3
86358.395201,2026-07-22T15:14:32.352,35,2,3,0,3
86358.397236,2026-07-22T15:14:32.354,35,2,3,0,3
86358.399717,2026-07-22T15:14:32.356,35,2,3,0,3
86358.402254,2026-07-22T15:14:32.359,35,2,3,0,3
86358.404652,2026-07-22T15:14:32.361,35,2,3,0,3
86358.407342,2026-07-22T15:14:32.364,35,2,3,0,3
86358.409363,2026-07-22T15:14:32.366,35,2,3,0,3
86358.411828,2026-07-22T15:14:32.368,35,2,3,0,3
86358.413863,2026-07-22T15:14:32.370,35,2,3,0,3
86358.416642,2026-07-22T15:14:32.373,35,2,3,0,3
86358.419095,2026-07-22T15:14:32.375,35,2,3,0,3
86358.421890,2026-07-22T15:14:32.378,35,2,3,0,3
86358.424266,2026-07-22T15:14:32.381,35,2,3,0,3
86358.426589,2026-07-22T15:14:32.383,35,2,3,0,3
86358.429050,2026-07-22T15:14:32.385,35,2,3,0,3
86358.431583,2026-07-22T15:14:32.388,35,2,3,0,3
86358.434117,2026-07-22T15:14:32.390,35,2,3,0,3
86358.436644,2026-07-22T15:14:32.393,35,2,3,0,3
86358.439272,2026-07-22T15:14:32.396,35,2,3,0,3
86358.441838,2026-07-22T15:14:32.398,35,2,3,0,3
86358.443931,2026-07-22T15:14:32.400,35,2,3,0,3
86358.445974,2026-07-22T15:14:32.402,35,2,3,0,3
86358.448490,2026-07-22T15:14:32.405,4,0,3,0,7
86358.451139,2026-07-22T15:14:32.407,4,0,3,0,7
86358.453149,2026-07-22T15:14:32.409,4,0,3,0,7
86358.455441,2026-07-22T15:14:32.411,4,0,3,0,7
86358.457685,2026-07-22T15:14:32.414,4,0,3,0,7
86358.460200,2026-07-22T15:14:32.417,4,0,3,0,7
86358.462910,2026-07-22T15:14:32.419,4,0,3,0,7
86358.465276,2026-07-22T15:14:32.422,4,0,3,0,7
86358.467777,2026-07-22T15:14:32.424,4,0,3,0,7
86358.470293,2026-07-22T15:14:32.427,4,0,3,0,7
86358.472489,2026-07-22T15:14:32.429,4,0,3,0,7
86358.474932,2026-07-22T15:14:32.431,4,0,3,0,7
86358.477660,2026-07-22T15:14:32.434,4,0,3,0,7
86358.480373,2026-07-22T15:14:32.437,4,0,3,0,7
86358.483056,2026-07-22T15:14:32.439,4,0,3,0,7
86358.485576,2026-07-22T15:14:32.442,4,0,3,0,7
86358.488059,2026-07-22T15:14:32.444,4,0,3,0,7
86358.490568,2026-07-22T15:14:32.447,4,0,3,0,7
86358.492830,2026-07-22T15:14:32.449,4,0,3,0,7
86358.495413,2026-07-22T15:14:32.452,4,0,3,0,7
86358.497727,2026-07-22T15:14:32.454,4,0,3,0,7
86358.500405,2026-07-22T15:14:32.457,4,0,3,0,7
86358.503085,2026-07-22T15:14:32.459,4,0,3,0,7
86358.505865,2026-07-22T15:14:32.462,4,0,3,0,7
86358.508366,2026-07-22T15:14:32.465,4,0,3,0,7
86358.511135,2026-07-22T15:14:32.467,4,0,3,0,7
86358.513195,2026-07-22T15:14:32.470,4,0,3,0,7
86358.515240,2026-07-22T15:14:32.472,4,0,3,0,7
86358.517911,2026-07-22T15:14:32.474,4,0,3,0,7
86358.520308,2026-07-22T15:14:32.477,4,0,3,0,7
86358.522992,2026-07-22T15:14:32.479,4,0,3,0,7
86358.525724,2026-07-22T15:14:32.482,4,0,3,0,7
86358.528020,2026-07-22T15:14:32.484,4,0,3,0,7
86358.530725,2026-07-22T15:14:32.487,4,0,3,0,7
86358.533246,2026-07-22T15:14:32.490,4,0,3,0,7
86358.535284,2026-07-22T15:14:32.492,4,0,3,0,7
86358.537809,2026-07-22T15:14:32.494,4,0,3,0,7
86358.540344,2026-07-22T15:14:32.497,4,0,3,0,7
86358.543182,2026-07-22T15:14:32.499,4,0,3,0,7
86358.545505,2026-07-22T15:14:32.502,4,0,3,0,7
86358.547942,2026-07-22T15:14:32.504,4,0,3,0,7
86358.550396,2026-07-22T15:14:32.507,4,0,3,0,7
86358.552933,2026-07-22T15:14:32.509,4,0,3,0,7
86358.555277,2026-07-22T15:14:32.512,4,0,3,0,7
86358.557290,2026-07-22T15:14:32.514,4,0,3,0,7
86358.559787,2026-07-22T15:14:32.516,4,0,3,0,7
86358.561895,2026-07-22T15:14:32.518,4,0,3,0,7
86358.564430,2026-07-22T15:14:32.521,4,0,3,0,7
86358.567005,2026-07-22T15:14:32.523,4,0,3,0,7
86358.569604,2026-07-22T15:14:32.526,4,0,3,0,7
86358.572145,2026-07-22T15:14:32.528,4,0,3,0,7
86358.574675,2026-07-22T15:14:32.531,4,0,3,0,7
86358.577067,2026-07-22T15:14:32.533,4,0,3,0,7
86358.579844,2026-07-22T15:14:32.536,4,0,3,0,7
86358.582379,2026-07-22T15:14:32.539,4,0,3,0,7
86358.585025,2026-07-22T15:14:32.541,4,0,3,0,7
86358.587782,2026-07-22T15:14:32.544,4,0,3,0,7
86358.590372,2026-07-22T15:14:32.547,4,0,3,0,7
86358.592614,2026-07-22T15:14:32.549,4,0,3,0,7
86358.595128,2026-07-22T15:14:32.551,4,0,3,0,7
86358.597556,2026-07-22T15:14:32.553,4,0,3,0,7
86358.599904,2026-07-22T15:14:32.556,4,0,3,0,7
86358.602485,2026-07-22T15:14:32.559,4,0,3,0,7
86358.605151,2026-07-22T15:14:32.561,4,0,3,0,7
86358.607890,2026-07-22T15:14:32.564,4,0,3,0,7
86358.609995,2026-07-22T15:14:32.566,4,0,3,0,7
86358.612631,2026-07-22T15:14:32.569,4,0,3,0,7
86358.615253,2026-07-22T15:14:32.572,4,0,3,0,7
86358.617294,2026-07-22T15:14:32.574,4,0,3,0,7
86358.619660,2026-07-22T15:14:32.576,4,0,3,0,7
86358.622413,2026-07-22T15:14:32.579,4,0,3,0,7
86358.625003,2026-07-22T15:14:32.581,4,0,3,0,7
86358.627657,2026-07-22T15:14:32.584,4,0,3,0,7
86358.630201,2026-07-22T15:14:32.587,4,0,3,0,7
86358.632746,2026-07-22T15:14:32.589,4,0,3,0,7
86358.635244,2026-07-22T15:14:32.592,4,0,3,0,7
86358.637774,2026-07-22T15:14:32.594,4,0,3,0,7
86358.640072,2026-07-22T15:14:32.596,4,0,3,0,7
86358.642741,2026-07-22T15:14:32.599,4,0,3,0,7
86358.645260,2026-07-22T15:14:32.602,4,0,3,0,7
86358.647274,2026-07-22T15:14:32.604,4,0,3,0,7
86358.649760,2026-07-22T15:14:32.606,4,0,3,0,7
86358.652520,2026-07-22T15:14:32.609,4,0,3,0,7
86358.655310,2026-07-22T15:14:32.612,4,0,3,0,7
86358.657811,2026-07-22T15:14:32.614,4,0,3,0,7
86358.659823,2026-07-22T15:14:32.616,4,0,3,0,7
86358.662333,2026-07-22T15:14:32.619,4,0,3,0,7
86358.664689,2026-07-22T15:14:32.621,4,0,3,0,7
86358.667127,2026-07-22T15:14:32.623,4,0,3,0,7
86358.669735,2026-07-22T15:14:32.626,4,0,3,0,7
86358.672196,2026-07-22T15:14:32.628,4,0,3,0,7
86358.674911,2026-07-22T15:14:32.631,4,0,3,0,7
86358.677378,2026-07-22T15:14:32.634,4,0,3,0,7
86358.679451,2026-07-22T15:14:32.636,4,0,3,0,7
86358.681946,2026-07-22T15:14:32.638,4,0,3,0,7
86358.684557,2026-07-22T15:14:32.641,4,0,3,0,7
86358.687305,2026-07-22T15:14:32.644,4,0,3,0,7
86358.689859,2026-07-22T15:14:32.646,4,0,3,0,7
86358.692370,2026-07-22T15:14:32.649,4,0,3,0,0
86358.694742,2026-07-22T15:14:32.651,3,3,3,0,0
86358.696923,2026-07-22T15:14:32.653,3,3,3,0,0
86358.698956,2026-07-22T15:14:32.655,3,3,3,0,0
86358.701786,2026-07-22T15:14:32.658,3,3,3,0,0
86358.704579,2026-07-22T15:14:32.661,3,3,3,0,0
86358.706590,2026-07-22T15:14:32.663,3,3,3,0,0
86358.708703,2026-07-22T15:14:32.665,3,3,3,0,0
86358.711404,2026-07-22T15:14:32.668,3,3,3,0,0
86358.713756,2026-07-22T15:14:32.670,3,3,3,0,0
86358.716332,2026-07-22T15:14:32.673,3,3,3,0,0
86358.718367,2026-07-22T15:14:32.675,3,3,3,0,0
86358.720855,2026-07-22T15:14:32.677,3,3,3,0,0
86358.723324,2026-07-22T15:14:32.680,3,3,3,0,0
86358.725757,2026-07-22T15:14:32.682,3,3,3,0,0
86358.728364,2026-07-22T15:14:32.685,3,3,3,0,0
86358.730991,2026-07-22T15:14:32.687,3,3,3,0,0
86358.733589,2026-07-22T15:14:32.690,3,3,3,0,0
86358.735772,2026-07-22T15:14:32.692,3,3,3,0,0
86358.738257,2026-07-22T15:14:32.695,3,3,3,0,0
86358.740729,2026-07-22T15:14:32.697,3,3,3,0,0
86358.742761,2026-07-22T15:14:32.699,3,3,3,0,0
86358.745518,2026-07-22T15:14:32.702,3,3,3,0,0
86358.748138,2026-07-22T15:14:32.704,3,3,3,0,0
86358.750623,2026-07-22T15:14:32.707,3,3,3,0,0
86358.753340,2026-07-22T15:14:32.710,3,3,3,0,0
86358.756033,2026-07-22T15:14:32.712,3,3,3,0,0
86358.758044,2026-07-22T15:14:32.714,3,3,3,0,0
86358.760093,2026-07-22T15:14:32.716,3,3,3,0,0
86358.762615,2026-07-22T15:14:32.719,3,3,3,0,0
86358.765370,2026-07-22T15:14:32.722,3,3,3,0,0
86358.767948,2026-07-22T15:14:32.724,3,3,3,0,0
86358.770361,2026-07-22T15:14:32.727,3,3,3,0,0
86358.772886,2026-07-22T15:14:32.729,3,3,3,0,0
86358.775344,2026-07-22T15:14:32.732,3,3,3,0,0
86358.777356,2026-07-22T15:14:32.734,3,3,3,0,0
86358.779437,2026-07-22T15:14:32.736,3,3,3,0,0
86358.781926,2026-07-22T15:14:32.738,3,3,3,0,0
86358.784347,2026-07-22T15:14:32.741,3,3,3,0,0
86358.786783,2026-07-22T15:14:32.743,3,3,3,0,0
86358.789378,2026-07-22T15:14:32.746,3,3,3,0,0
86358.791976,2026-07-22T15:14:32.748,3,3,3,0,0
86358.794372,2026-07-22T15:14:32.751,3,3,3,0,0
86358.796889,2026-07-22T15:14:32.753,3,3,3,0,0
86358.799329,2026-07-22T15:14:32.756,3,3,3,0,0
86358.801970,2026-07-22T15:14:32.758,3,3,3,0,0
86358.803990,2026-07-22T15:14:32.760,3,3,3,0,0
86358.806012,2026-07-22T15:14:32.762,3,3,3,0,0
86358.808025,2026-07-22T15:14:32.764,3,3,3,0,0
86358.810051,2026-07-22T15:14:32.766,3,3,3,0,0
86358.812077,2026-07-22T15:14:32.768,3,3,3,0,0
86358.814553,2026-07-22T15:14:32.771,3,3,3,0,0
86358.817227,2026-07-22T15:14:32.774,3,3,3,0,0
86358.819795,2026-07-22T15:14:32.776,3,3,3,0,0
86358.822355,2026-07-22T15:14:32.779,3,3,3,0,0
86358.824775,2026-07-22T15:14:32.781,3,3,3,0,0
86358.827385,2026-07-22T15:14:32.784,3,3,3,0,0
86358.829907,2026-07-22T15:14:32.786,3,3,3,0,0
86358.832291,2026-07-22T15:14:32.789,3,3,3,0,0
86358.834301,2026-07-22T15:14:32.791,3,3,3,0,0
86358.836728,2026-07-22T15:14:32.793,3,3,3,0,0
86358.839207,2026-07-22T15:14:32.796,3,3,3,0,0
86358.841705,2026-07-22T15:14:32.798,3,3,3,0,0
86358.843873,2026-07-22T15:14:32.800,3,3,3,0,0
86358.846552,2026-07-22T15:14:32.803,3,3,3,0,0
86358.848879,2026-07-22T15:14:32.805,3,3,3,0,0
86358.850912,2026-07-22T15:14:32.807,3,3,3,0,0
86358.853383,2026-07-22T15:14:32.810,3,3,3,0,0
86358.855905,2026-07-22T15:14:32.812,3,3,3,0,0
86358.858347,2026-07-22T15:14:32.815,3,3,3,0,0
86358.860877,2026-07-22T15:14:32.817,3,3,3,0,0
86358.863303,2026-07-22T15:14:32.820,3,3,3,0,0
86358.865673,2026-07-22T15:14:32.822,3,3,3,0,0
86358.868383,2026-07-22T15:14:32.825,3,3,3,0,0
86358.870913,2026-07-22T15:14:32.827,3,3,3,0,0
86358.873342,2026-07-22T15:14:32.830,3,3,3,0,0
86358.875813,2026-07-22T15:14:32.832,3,3,3,0,0
86358.878622,2026-07-22T15:14:32.835,3,3,3,0,0
86358.881339,2026-07-22T15:14:32.838,3,3,3,0,0
86358.883813,2026-07-22T15:14:32.840,3,3,3,0,0
86358.886331,2026-07-22T15:14:32.843,3,3,3,0,0
86358.888353,2026-07-22T15:14:32.845,3,3,3,0,0
86358.890377,2026-07-22T15:14:32.847,3,3,3,0,0
86358.893154,2026-07-22T15:14:32.850,3,3,3,0,0
86358.895531,2026-07-22T15:14:32.852,3,3,3,0,0
86358.898203,2026-07-22T15:14:32.855,3,3,3,0,0
86358.900223,2026-07-22T15:14:32.857,3,3,3,0,0
86358.902259,2026-07-22T15:14:32.859,3,3,3,0,0
86358.904837,2026-07-22T15:14:32.861,3,3,3,0,0
86358.907566,2026-07-22T15:14:32.864,3,3,3,0,0
86358.910173,2026-07-22T15:14:32.866,3,3,3,0,0
86358.912593,2026-07-22T15:14:32.869,3,3,3,0,0
86358.915039,2026-07-22T15:14:32.871,3,3,3,0,0
86358.917052,2026-07-22T15:14:32.873,3,3,3,0,0
86358.919097,2026-07-22T15:14:32.875,3,3,3,0,0
86358.921616,2026-07-22T15:14:32.878,3,3,3,0,0
86358.924214,2026-07-22T15:14:32.881,3,3,3,0,0
86358.926686,2026-07-22T15:14:32.883,3,3,3,0,0
86358.929371,2026-07-22T15:14:32.886,3,3,3,0,0
86358.931895,2026-07-22T15:14:32.888,3,3,3,0,0
86358.934392,2026-07-22T15:14:32.891,3,3,3,0,0
86358.936854,2026-07-22T15:14:32.893,3,3,3,0,0
86358.939337,2026-07-22T15:14:32.896,3,3,3,0,0
86358.941738,2026-07-22T15:14:32.898,3,3,3,0,0
86358.944310,2026-07-22T15:14:32.901,3,3,3,0,0
86358.946876,2026-07-22T15:14:32.903,3,3,3,0,0
86358.948890,2026-07-22T15:14:32.905,3,3,3,0,0
86358.951327,2026-07-22T15:14:32.908,3,3,3,0,0
86358.953826,2026-07-22T15:14:32.910,3,3,3,0,0
86358.956361,2026-07-22T15:14:32.913,3,3,3,0,0
86358.958884,2026-07-22T15:14:32.915,3,3,3,0,0
86358.961352,2026-07-22T15:14:32.918,3,3,3,0,0
86358.963780,2026-07-22T15:14:32.920,3,3,3,0,0
86358.966258,2026-07-22T15:14:32.923,3,3,3,0,0
86358.968283,2026-07-22T15:14:32.925,3,3,3,0,0
86358.970331,2026-07-22T15:14:32.927,3,3,3,0,0
86358.972380,2026-07-22T15:14:32.929,3,3,3,0,0
86358.974561,2026-07-22T15:14:32.931,3,3,3,0,0
86358.976720,2026-07-22T15:14:32.933,3,3,3,0,0
86358.978729,2026-07-22T15:14:32.935,3,3,3,0,0
86358.981057,2026-07-22T15:14:32.937,3,3,3,0,0
86358.983567,2026-07-22T15:14:32.940,3,3,3,0,0
86358.986031,2026-07-22T15:14:32.942,3,3,3,0,0
86358.988619,2026-07-22T15:14:32.945,3,3,3,0,0
86358.991227,2026-07-22T15:14:32.948,3,3,3,0,0
86358.993815,2026-07-22T15:14:32.950,3,3,3,0,0
86358.996226,2026-07-22T15:14:32.953,3,3,3,0,0
86358.998643,2026-07-22T15:14:32.955,3,3,3,0,0
86359.000982,2026-07-22T15:14:32.957,3,3,3,0,0
86359.003004,2026-07-22T15:14:32.959,3,3,3,0,0
86359.005054,2026-07-22T15:14:32.961,3,3,3,0,0
86359.007322,2026-07-22T15:14:32.964,3,3,3,0,0
86359.010032,2026-07-22T15:14:32.966,3,3,3,0,0
86359.012170,2026-07-22T15:14:32.969,3,3,3,0,0
86359.014697,2026-07-22T15:14:32.971,3,3,3,0,0
86359.017305,2026-07-22T15:14:32.974,3,3,3,0,0
86359.020059,2026-07-22T15:14:32.976,3,3,3,0,0
86359.022420,2026-07-22T15:14:32.979,3,3,3,0,0
86359.025066,2026-07-22T15:14:32.981,3,3,3,0,0
86359.027779,2026-07-22T15:14:32.984,3,3,3,0,0
86359.030325,2026-07-22T15:14:32.987,3,3,3,0,0
86359.032831,2026-07-22T15:14:32.989,3,3,3,0,0
86359.035367,2026-07-22T15:14:32.992,3,3,3,0,0
86359.037615,2026-07-22T15:14:32.994,3,3,3,0,0
86359.040063,2026-07-22T15:14:32.996,3,3,3,0,0
86359.042554,2026-07-22T15:14:32.999,3,3,3,0,0
86359.045074,2026-07-22T15:14:33.001,3,3,3,0,0
86359.047592,2026-07-22T15:14:33.004,3,3,3,0,0
86359.049605,2026-07-22T15:14:33.006,3,3,3,0,0
86359.051790,2026-07-22T15:14:33.008,3,3,3,0,0
86359.054313,2026-07-22T15:14:33.011,3,3,3,0,0
86359.057066,2026-07-22T15:14:33.013,3,3,3,0,0
86359.059772,2026-07-22T15:14:33.016,3,3,3,0,0
86359.062209,2026-07-22T15:14:33.019,3,3,3,0,0
86359.064888,2026-07-22T15:14:33.021,3,3,3,0,0
86359.066973,2026-07-22T15:14:33.023,3,3,3,0,0
86359.069586,2026-07-22T15:14:33.026,3,3,3,0,0
86359.072180,2026-07-22T15:14:33.029,3,3,3,0,0
86359.074577,2026-07-22T15:14:33.031,3,3,3,0,0
86359.077197,2026-07-22T15:14:33.034,3,3,3,0,0
86359.079809,2026-07-22T15:14:33.036,3,3,3,0,0
86359.081929,2026-07-22T15:14:33.038,3,3,3,0,0
86359.084262,2026-07-22T15:14:33.041,3,3,3,0,0
86359.086919,2026-07-22T15:14:33.043,3,3,3,0,0
86359.089391,2026-07-22T15:14:33.046,3,3,3,0,0
86359.092128,2026-07-22T15:14:33.048,3,3,3,0,0
86359.094912,2026-07-22T15:14:33.051,3,3,3,0,0
86359.097259,2026-07-22T15:14:33.054,3,3,3,0,0
86359.099930,2026-07-22T15:14:33.056,3,3,3,0,0
86359.102562,2026-07-22T15:14:33.059,3,3,3,0,0
86359.105379,2026-07-22T15:14:33.062,3,3,3,0,0
86359.108032,2026-07-22T15:14:33.064,3,3,3,0,0
86359.110613,2026-07-22T15:14:33.067,3,3,3,0,0
86359.113141,2026-07-22T15:14:33.069,3,3,3,0,0
86359.115249,2026-07-22T15:14:33.072,3,3,3,0,0
86359.117917,2026-07-22T15:14:33.074,3,3,3,0,0
86359.120671,2026-07-22T15:14:33.077,3,3,3,0,0
86359.122750,2026-07-22T15:14:33.079,3,3,3,0,0
86359.125400,2026-07-22T15:14:33.082,3,3,3,0,0
86359.128159,2026-07-22T15:14:33.084,3,3,3,0,0
86359.130929,2026-07-22T15:14:33.087,3,3,3,0,0
86359.133409,2026-07-22T15:14:33.090,3,3,3,0,0
86359.135927,2026-07-22T15:14:33.092,3,3,3,0,0
86359.138277,2026-07-22T15:14:33.095,3,3,3,0,0
86359.140308,2026-07-22T15:14:33.097,3,3,3,0,0
86359.142331,2026-07-22T15:14:33.099,3,3,3,0,0
86359.144853,2026-07-22T15:14:33.101,3,3,3,0,0
86359.147603,2026-07-22T15:14:33.104,3,3,3,0,0
86359.150331,2026-07-22T15:14:33.107,3,3,3,0,0
86359.152931,2026-07-22T15:14:33.109,3,3,3,0,0
86359.155385,2026-07-22T15:14:33.112,3,3,3,0,0
86359.157981,2026-07-22T15:14:33.114,3,3,3,0,0
86359.160071,2026-07-22T15:14:33.116,3,3,3,0,0
86359.162561,2026-07-22T15:14:33.119,3,3,3,0,0
86359.165056,2026-07-22T15:14:33.121,3,3,3,0,0
86359.167197,2026-07-22T15:14:33.124,3,3,3,0,0
86359.169659,2026-07-22T15:14:33.126,3,3,3,0,0
86359.172137,2026-07-22T15:14:33.128,3,3,3,0,0
86359.174588,2026-07-22T15:14:33.131,3,3,3,0,0
86359.176613,2026-07-22T15:14:33.133,3,3,3,0,0
86359.179311,2026-07-22T15:14:33.136,3,3,3,0,0
86359.181785,2026-07-22T15:14:33.138,3,3,3,0,0
86359.183855,2026-07-22T15:14:33.140,3,3,3,0,0
86359.186356,2026-07-22T15:14:33.143,3,3,3,0,0
86359.188926,2026-07-22T15:14:33.145,3,3,3,0,0
86359.191570,2026-07-22T15:14:33.148,3,3,3,0,0
86359.194647,2026-07-22T15:14:33.151,3,3,3,0,0
86359.197320,2026-07-22T15:14:33.154,3,3,3,0,0
86359.199850,2026-07-22T15:14:33.156,3,3,3,0,0
86359.202098,2026-07-22T15:14:33.158,3,3,3,0,0
86359.204751,2026-07-22T15:14:33.161,3,3,3,0,0
86359.206960,2026-07-22T15:14:33.163,3,3,3,0,0
86359.209302,2026-07-22T15:14:33.166,3,3,3,0,0
86359.211829,2026-07-22T15:14:33.168,3,3,3,0,0
86359.214473,2026-07-22T15:14:33.171,3,3,3,0,0
86359.217037,2026-07-22T15:14:33.173,3,3,3,0,0
86359.219348,2026-07-22T15:14:33.176,3,3,3,0,0
86359.221956,2026-07-22T15:14:33.178,3,3,3,0,0
86359.224554,2026-07-22T15:14:33.181,3,3,3,0,0
86359.227151,2026-07-22T15:14:33.183,3,3,3,0,0
86359.229189,2026-07-22T15:14:33.186,3,3,3,0,0
86359.231199,2026-07-22T15:14:33.188,3,3,3,0,0
86359.233430,2026-07-22T15:14:33.190,3,3,3,0,0
86359.235711,2026-07-22T15:14:33.192,3,3,3,0,0
86359.238196,2026-07-22T15:14:33.195,3,3,3,0,0
86359.240213,2026-07-22T15:14:33.197,3,3,3,0,0
86359.242242,2026-07-22T15:14:33.199,3,3,3,0,0
86359.244388,2026-07-22T15:14:33.201,3,3,3,0,0
86359.246425,2026-07-22T15:14:33.203,3,3,3,0,0
86359.249185,2026-07-22T15:14:33.206,3,3,3,0,0
86359.251726,2026-07-22T15:14:33.208,3,3,3,0,0
86359.254176,2026-07-22T15:14:33.210,3,3,3,0,0
86359.256251,2026-07-22T15:14:33.213,3,3,3,0,0
86359.258343,2026-07-22T15:14:33.215,3,3,3,0,0
86359.260802,2026-07-22T15:14:33.217,3,3,3,0,0
86359.263310,2026-07-22T15:14:33.220,3,3,3,0,0
86359.266024,2026-07-22T15:14:33.222,3,3,3,0,0
86359.268581,2026-07-22T15:14:33.225,3,3,3,0,0
86359.270618,2026-07-22T15:14:33.227,3,3,3,0,0
86359.273404,2026-07-22T15:14:33.230,3,3,3,0,0
86359.276131,2026-07-22T15:14:33.232,3,3,3,0,0
86359.278663,2026-07-22T15:14:33.235,3,3,3,0,0
86359.281218,2026-07-22T15:14:33.238,3,3,3,0,0
86359.283733,2026-07-22T15:14:33.240,3,3,3,0,0
86359.286245,2026-07-22T15:14:33.243,3,3,3,0,0
86359.288764,2026-07-22T15:14:33.245,3,3,3,0,0
86359.291305,2026-07-22T15:14:33.248,3,3,3,0,0
86359.293800,2026-07-22T15:14:33.250,3,3,3,0,0
86359.296126,2026-07-22T15:14:33.252,3,3,3,0,0
86359.298641,2026-07-22T15:14:33.255,3,3,3,0,0
86359.300778,2026-07-22T15:14:33.257,3,3,3,0,0
86359.302791,2026-07-22T15:14:33.259,3,3,3,0,0
86359.305063,2026-07-22T15:14:33.261,3,3,3,0,0
86359.307318,2026-07-22T15:14:33.264,3,3,3,0,0
86359.309363,2026-07-22T15:14:33.266,3,3,3,0,0
86359.311588,2026-07-22T15:14:33.268,3,3,3,0,0
86359.313828,2026-07-22T15:14:33.270,3,3,3,0,0
86359.316183,2026-07-22T15:14:33.273,3,3,3,0,0
86359.318598,2026-07-22T15:14:33.275,3,3,3,0,0
86359.320651,2026-07-22T15:14:33.277,3,3,3,0,0
86359.322889,2026-07-22T15:14:33.279,3,3,3,0,0
86359.325114,2026-07-22T15:14:33.281,3,3,3,0,0
86359.327145,2026-07-22T15:14:33.283,3,3,3,0,0
86359.329409,2026-07-22T15:14:33.286,3,3,3,0,0
86359.331703,2026-07-22T15:14:33.288,3,3,3,0,0
86359.333732,2026-07-22T15:14:33.290,3,3,3,0,0
86359.336153,2026-07-22T15:14:33.292,3,3,3,0,0
86359.338410,2026-07-22T15:14:33.295,3,3,3,0,0
86359.340662,2026-07-22T15:14:33.297,3,3,3,0,0
86359.342997,2026-07-22T15:14:33.299,3,3,3,0,0
86359.345387,2026-07-22T15:14:33.302,3,3,3,0,0
86359.348027,2026-07-22T15:14:33.304,3,3,3,0,0
86359.350557,2026-07-22T15:14:33.307,3,3,3,0,0
86359.353071,2026-07-22T15:14:33.309,3,3,3,0,0
86359.355418,2026-07-22T15:14:33.312,3,3,3,0,0
86359.357979,2026-07-22T15:14:33.314,3,3,3,0,0
86359.360509,2026-07-22T15:14:33.317,3,3,3,0,0
86359.363155,2026-07-22T15:14:33.319,3,3,3,0,0
86359.365753,2026-07-22T15:14:33.322,3,3,3,0,0
86359.368275,2026-07-22T15:14:33.325,3,3,3,0,0
86359.370317,2026-07-22T15:14:33.327,3,3,3,0,0
86359.372844,2026-07-22T15:14:33.329,3,3,3,0,0
86359.374877,2026-07-22T15:14:33.331,3,3,3,0,0
86359.377421,2026-07-22T15:14:33.334,3,3,3,0,0
86359.380044,2026-07-22T15:14:33.336,3,3,3,0,0
86359.382603,2026-07-22T15:14:33.339,3,3,3,0,0
86359.384633,2026-07-22T15:14:33.341,3,3,3,0,0
86359.387267,2026-07-22T15:14:33.344,3,3,3,0,0
86359.389306,2026-07-22T15:14:33.346,3,3,3,0,0
86359.391786,2026-07-22T15:14:33.348,3,3,3,0,0
86359.393852,2026-07-22T15:14:33.349,3,3,3,0,0
86359.396322,2026-07-22T15:14:33.353,3,3,3,0,0
86359.398834,2026-07-22T15:14:33.355,3,3,3,0,0
86359.400867,2026-07-22T15:14:33.357,3,3,3,0,0
86359.403097,2026-07-22T15:14:33.359,3,3,3,0,0
86359.405129,2026-07-22T15:14:33.361,3,3,3,0,0
86359.407690,2026-07-22T15:14:33.364,3,3,3,0,0
86359.409887,2026-07-22T15:14:33.366,3,3,3,0,0
86359.411920,2026-07-22T15:14:33.368,3,3,3,0,0
86359.414283,2026-07-22T15:14:33.371,3,3,3,0,0
86359.416292,2026-07-22T15:14:33.373,3,3,3,0,0
86359.418890,2026-07-22T15:14:33.375,3,3,3,0,0
86359.421490,2026-07-22T15:14:33.378,3,3,3,0,0
86359.423519,2026-07-22T15:14:33.380,3,3,3,0,0
86359.425973,2026-07-22T15:14:33.382,3,3,3,0,0
86359.428494,2026-07-22T15:14:33.385,3,3,3,0,0
86359.431019,2026-07-22T15:14:33.387,3,3,3,0,0
86359.433550,2026-07-22T15:14:33.390,3,3,3,0,0
86359.436173,2026-07-22T15:14:33.392,3,3,3,0,0
86359.438541,2026-07-22T15:14:33.395,3,3,3,0,0
86359.441264,2026-07-22T15:14:33.398,3,3,3,0,0
86359.443931,2026-07-22T15:14:33.400,3,3,3,0,0
86359.446070,2026-07-22T15:14:33.402,3,3,3,0,0
86359.448080,2026-07-22T15:14:33.404,3,3,3,0,0
86359.450112,2026-07-22T15:14:33.406,3,3,3,0,0
86359.452361,2026-07-22T15:14:33.409,3,3,3,0,0
86359.454393,2026-07-22T15:14:33.411,3,3,3,0,0
86359.456967,2026-07-22T15:14:33.413,3,3,3,0,0
86359.459416,2026-07-22T15:14:33.416,3,3,3,0,0
86359.461923,2026-07-22T15:14:33.418,3,3,3,0,0
86359.464424,2026-07-22T15:14:33.421,3,3,3,0,0
86359.466780,2026-07-22T15:14:33.422,3,3,3,0,0
86359.469024,2026-07-22T15:14:33.425,3,3,3,0,0
86359.471690,2026-07-22T15:14:33.428,3,3,3,0,0
86359.474197,2026-07-22T15:14:33.431,3,3,3,0,0
86359.476704,2026-07-22T15:14:33.433,3,3,3,0,0
86359.479210,2026-07-22T15:14:33.436,3,3,3,0,0
86359.481696,2026-07-22T15:14:33.438,3,3,3,0,0
86359.484214,2026-07-22T15:14:33.441,3,3,3,0,0
86359.486651,2026-07-22T15:14:33.443,3,3,3,0,0
86359.489080,2026-07-22T15:14:33.445,3,3,3,0,0
86359.491267,2026-07-22T15:14:33.448,3,3,3,0,0
86359.494004,2026-07-22T15:14:33.450,3,3,3,0,0
86359.496223,2026-07-22T15:14:33.452,3,3,3,0,0
86359.498533,2026-07-22T15:14:33.455,3,3,3,0,0
86359.500561,2026-07-22T15:14:33.457,3,3,3,0,0
86359.503187,2026-07-22T15:14:33.460,3,3,3,0,0
86359.505707,2026-07-22T15:14:33.462,3,3,3,0,0
86359.508021,2026-07-22T15:14:33.464,3,3,3,0,0
86359.510592,2026-07-22T15:14:33.467,3,3,3,0,0
86359.513101,2026-07-22T15:14:33.469,3,3,3,0,0
86359.515734,2026-07-22T15:14:33.472,3,3,3,0,0
86359.518249,2026-07-22T15:14:33.475,3,3,3,0,0
86359.520305,2026-07-22T15:14:33.477,3,3,3,0,0
86359.522811,2026-07-22T15:14:33.479,3,3,3,0,0
86359.525112,2026-07-22T15:14:33.481,3,3,3,0,0
86359.527803,2026-07-22T15:14:33.484,3,0,3,0,8
86359.530420,2026-07-22T15:14:33.487,19,0,3,0,8
86359.532951,2026-07-22T15:14:33.489,19,0,3,0,8
86359.534981,2026-07-22T15:14:33.491,19,0,3,0,8
86359.537362,2026-07-22T15:14:33.494,19,0,3,0,8
86359.539868,2026-07-22T15:14:33.496,19,0,3,0,8
86359.542382,2026-07-22T15:14:33.499,19,0,3,0,8
86359.544880,2026-07-22T15:14:33.501,19,0,3,0,8
86359.547411,2026-07-22T15:14:33.504,19,0,3,0,8
86359.549905,2026-07-22T15:14:33.506,19,0,3,0,8
86359.552495,2026-07-22T15:14:33.509,19,0,3,0,8
86359.555031,2026-07-22T15:14:33.511,19,0,3,0,8
86359.557565,2026-07-22T15:14:33.514,19,0,3,0,8
86359.560091,2026-07-22T15:14:33.516,19,0,3,0,8
86359.562106,2026-07-22T15:14:33.518,19,0,3,0,8
86359.564162,2026-07-22T15:14:33.521,19,0,3,0,8
86359.566204,2026-07-22T15:14:33.523,19,0,3,0,8
86359.568364,2026-07-22T15:14:33.524,19,0,3,0,8
86359.570637,2026-07-22T15:14:33.527,19,0,3,0,8
86359.573157,2026-07-22T15:14:33.530,19,0,3,0,8
86359.575175,2026-07-22T15:14:33.532,19,0,3,0,8
86359.577254,2026-07-22T15:14:33.534,19,0,3,0,8
86359.579999,2026-07-22T15:14:33.536,19,0,3,0,8
86359.582883,2026-07-22T15:14:33.539,19,0,3,0,8
86359.585617,2026-07-22T15:14:33.542,19,0,3,0,8
86359.588257,2026-07-22T15:14:33.545,19,0,3,0,8
86359.590305,2026-07-22T15:14:33.547,19,0,3,0,8
86359.592832,2026-07-22T15:14:33.549,19,0,3,0,8
86359.594971,2026-07-22T15:14:33.551,19,0,3,0,8
86359.597437,2026-07-22T15:14:33.554,19,0,3,0,8
86359.599722,2026-07-22T15:14:33.556,19,0,3,0,8
86359.602233,2026-07-22T15:14:33.559,19,0,3,0,8
86359.604753,2026-07-22T15:14:33.561,19,0,3,0,8
86359.607262,2026-07-22T15:14:33.564,19,0,3,0,8
86359.609765,2026-07-22T15:14:33.566,19,0,3,0,8
86359.612276,2026-07-22T15:14:33.569,19,0,3,0,8
86359.614930,2026-07-22T15:14:33.571,19,0,3,0,8
86359.617445,2026-07-22T15:14:33.574,19,0,3,0,8
86359.619956,2026-07-22T15:14:33.576,19,0,3,0,8
86359.622468,2026-07-22T15:14:33.579,19,0,3,0,8
86359.624480,2026-07-22T15:14:33.581,19,0,3,0,8
86359.626647,2026-07-22T15:14:33.583,19,0,3,0,8
86359.629255,2026-07-22T15:14:33.586,19,0,3,0,8
86359.631298,2026-07-22T15:14:33.588,19,0,3,0,8
86359.633807,2026-07-22T15:14:33.590,19,0,3,0,8
86359.635844,2026-07-22T15:14:33.592,19,0,3,0,8
86359.638356,2026-07-22T15:14:33.595,19,0,3,0,8
86359.640886,2026-07-22T15:14:33.597,19,0,3,0,8
86359.642924,2026-07-22T15:14:33.599,19,0,3,0,8
86359.645388,2026-07-22T15:14:33.602,19,0,3,0,8
86359.647450,2026-07-22T15:14:33.604,19,0,3,0,8
86359.649737,2026-07-22T15:14:33.606,19,0,3,0,8
86359.651875,2026-07-22T15:14:33.608,19,0,3,0,8
86359.653905,2026-07-22T15:14:33.610,19,0,3,0,8
86359.656251,2026-07-22T15:14:33.613,19,0,3,0,8
86359.658718,2026-07-22T15:14:33.615,19,0,3,0,8
86359.660813,2026-07-22T15:14:33.617,19,0,3,0,8
86359.662877,2026-07-22T15:14:33.619,19,0,3,0,8
86359.665399,2026-07-22T15:14:33.622,19,0,3,0,8
86359.667656,2026-07-22T15:14:33.624,19,0,3,0,8
86359.669965,2026-07-22T15:14:33.626,19,0,3,0,8
86359.672004,2026-07-22T15:14:33.628,19,0,3,0,8
86359.674069,2026-07-22T15:14:33.630,19,0,3,0,8
86359.676597,2026-07-22T15:14:33.633,19,0,3,0,8
86359.678679,2026-07-22T15:14:33.635,19,0,3,0,8
86359.681197,2026-07-22T15:14:33.638,19,0,3,0,8
86359.683264,2026-07-22T15:14:33.640,19,0,3,0,8
86359.685309,2026-07-22T15:14:33.642,19,0,3,0,8
86359.687512,2026-07-22T15:14:33.644,19,0,3,0,8
86359.690068,2026-07-22T15:14:33.646,19,0,3,0,8
86359.692097,2026-07-22T15:14:33.648,19,0,3,0,8
86359.694126,2026-07-22T15:14:33.650,19,0,3,0,8
86359.696650,2026-07-22T15:14:33.653,19,0,3,0,8
86359.699158,2026-07-22T15:14:33.656,19,0,3,0,8
86359.701171,2026-07-22T15:14:33.658,19,0,3,0,8
86359.703692,2026-07-22T15:14:33.660,19,0,3,0,8
86359.706203,2026-07-22T15:14:33.663,19,0,3,0,8
86359.708712,2026-07-22T15:14:33.665,19,0,3,0,8
86359.710909,2026-07-22T15:14:33.667,19,0,3,0,8
86359.713039,2026-07-22T15:14:33.669,19,0,3,0,8
86359.715086,2026-07-22T15:14:33.671,19,0,3,0,8
86359.717141,2026-07-22T15:14:33.673,19,0,3,0,8
86359.719178,2026-07-22T15:14:33.676,19,0,3,0,8
86359.721699,2026-07-22T15:14:33.678,19,0,3,0,8
86359.723712,2026-07-22T15:14:33.680,19,0,3,0,8
86359.725758,2026-07-22T15:14:33.682,19,0,3,0,8
86359.728358,2026-07-22T15:14:33.685,19,0,3,0,8
86359.730380,2026-07-22T15:14:33.687,19,0,3,0,8
86359.732895,2026-07-22T15:14:33.689,19,0,3,0,8
86359.734975,2026-07-22T15:14:33.691,19,0,3,0,8
86359.737503,2026-07-22T15:14:33.694,19,0,3,0,8
86359.740046,2026-07-22T15:14:33.696,19,0,3,0,8
86359.742543,2026-07-22T15:14:33.699,19,0,3,0,8
86359.744571,2026-07-22T15:14:33.701,19,0,3,0,8
86359.746952,2026-07-22T15:14:33.703,19,0,3,0,8
86359.748996,2026-07-22T15:14:33.705,19,0,3,0,8
86359.751037,2026-07-22T15:14:33.707,19,0,3,0,8
86359.753548,2026-07-22T15:14:33.710,19,0,3,0,8
86359.755599,2026-07-22T15:14:33.712,19,0,3,0,8
86359.758046,2026-07-22T15:14:33.714,19,0,3,0,8
86359.760084,2026-07-22T15:14:33.716,19,0,3,0,8
86359.762127,2026-07-22T15:14:33.718,19,0,3,0,8
86359.764653,2026-07-22T15:14:33.721,35,2,3,0,3
86359.767192,2026-07-22T15:14:33.723,35,2,3,0,3
86359.769671,2026-07-22T15:14:33.726,35,2,3,0,3
86359.772178,2026-07-22T15:14:33.729,35,2,3,0,3
86359.774699,2026-07-22T15:14:33.731,35,2,3,0,3
86359.777175,2026-07-22T15:14:33.734,35,2,3,0,3
86359.779207,2026-07-22T15:14:33.736,35,2,3,0,3
86359.781686,2026-07-22T15:14:33.738,35,2,3,0,3
86359.784216,2026-07-22T15:14:33.741,35,2,3,0,3
86359.786661,2026-07-22T15:14:33.743,35,2,3,0,3
86359.789164,2026-07-22T15:14:33.746,35,2,3,0,3
86359.791899,2026-07-22T15:14:33.748,35,2,3,0,3
86359.794472,2026-07-22T15:14:33.750,35,2,3,0,3
86359.797147,2026-07-22T15:14:33.753,35,2,3,0,3
86359.799295,2026-07-22T15:14:33.756,35,2,3,0,3
86359.801840,2026-07-22T15:14:33.758,35,2,3,0,3
86359.804408,2026-07-22T15:14:33.761,35,2,3,0,3
86359.806943,2026-07-22T15:14:33.763,35,2,3,0,3
86359.809321,2026-07-22T15:14:33.766,35,2,3,0,3
86359.811848,2026-07-22T15:14:33.768,35,2,3,0,3
86359.813877,2026-07-22T15:14:33.770,35,2,3,0,3
86359.816427,2026-07-22T15:14:33.773,35,2,3,0,3
86359.818487,2026-07-22T15:14:33.775,35,2,3,0,3
86359.820976,2026-07-22T15:14:33.777,35,2,3,0,3
86359.823478,2026-07-22T15:14:33.780,35,2,3,0,3
86359.826064,2026-07-22T15:14:33.782,35,2,3,0,3
86359.828733,2026-07-22T15:14:33.785,35,2,3,0,3
86359.831107,2026-07-22T15:14:33.787,35,2,3,0,3
86359.833652,2026-07-22T15:14:33.790,35,2,3,0,3
86359.836090,2026-07-22T15:14:33.792,35,2,3,0,3
86359.838115,2026-07-22T15:14:33.794,35,2,3,0,3
86359.840637,2026-07-22T15:14:33.797,35,2,3,0,3
86359.843161,2026-07-22T15:14:33.800,35,2,3,0,3
86359.845684,2026-07-22T15:14:33.802,35,2,3,0,3
86359.848202,2026-07-22T15:14:33.805,35,2,3,0,3
86359.850700,2026-07-22T15:14:33.807,35,2,3,0,3
86359.853064,2026-07-22T15:14:33.809,35,2,3,0,3
86359.855590,2026-07-22T15:14:33.812,35,2,3,0,3
86359.858299,2026-07-22T15:14:33.815,35,2,3,0,3
86359.860826,2026-07-22T15:14:33.817,35,2,3,0,3
86359.862865,2026-07-22T15:14:33.819,35,2,3,0,3
86359.865361,2026-07-22T15:14:33.822,35,2,3,0,3
86359.867833,2026-07-22T15:14:33.824,35,2,3,0,3
86359.869890,2026-07-22T15:14:33.826,35,2,3,0,3
86359.872470,2026-07-22T15:14:33.829,35,2,3,0,3
86359.875174,2026-07-22T15:14:33.832,35,2,3,0,3
86359.877183,2026-07-22T15:14:33.834,35,2,3,0,3
86359.879211,2026-07-22T15:14:33.836,35,2,3,0,3
86359.881834,2026-07-22T15:14:33.838,35,2,3,0,3
86359.884516,2026-07-22T15:14:33.841,35,2,3,0,3
86359.886708,2026-07-22T15:14:33.843,35,2,3,0,3
86359.889286,2026-07-22T15:14:33.846,35,2,3,0,3
86359.891322,2026-07-22T15:14:33.848,35,2,3,0,3
86359.893892,2026-07-22T15:14:33.850,35,2,3,0,3
86359.896418,2026-07-22T15:14:33.853,35,2,3,0,3
86359.898493,2026-07-22T15:14:33.855,35,2,3,0,3
86359.900802,2026-07-22T15:14:33.857,35,2,3,0,3
86359.903619,2026-07-22T15:14:33.860,35,2,3,0,3
86359.906167,2026-07-22T15:14:33.863,35,2,3,0,3
86359.908203,2026-07-22T15:14:33.865,35,2,3,0,3
86359.910302,2026-07-22T15:14:33.867,35,2,3,0,3
86359.912965,2026-07-22T15:14:33.869,35,2,3,0,3
86359.915481,2026-07-22T15:14:33.872,35,2,3,0,3
86359.917731,2026-07-22T15:14:33.874,35,2,3,0,3
86359.919763,2026-07-22T15:14:33.876,35,2,3,0,3
86359.922226,2026-07-22T15:14:33.879,35,2,3,0,3
86359.924246,2026-07-22T15:14:33.881,35,2,3,0,3
86359.926738,2026-07-22T15:14:33.883,35,2,3,0,3
86359.929245,2026-07-22T15:14:33.886,35,2,3,0,3
86359.931392,2026-07-22T15:14:33.888,35,2,3,0,3
86359.933872,2026-07-22T15:14:33.890,35,2,3,0,3
86359.935913,2026-07-22T15:14:33.892,35,2,3,0,3
86359.938302,2026-07-22T15:14:33.895,35,2,3,0,3
86359.940828,2026-07-22T15:14:33.897,35,2,3,0,3
86359.943358,2026-07-22T15:14:33.900,35,2,3,0,3
86359.946007,2026-07-22T15:14:33.902,35,2,3,0,3
86359.948116,2026-07-22T15:14:33.904,35,2,3,0,3
86359.950127,2026-07-22T15:14:33.906,35,2,3,0,3
86359.952161,2026-07-22T15:14:33.908,35,2,3,0,3
86359.954914,2026-07-22T15:14:33.911,35,2,3,0,3
86359.957554,2026-07-22T15:14:33.914,35,2,3,0,3
86359.960401,2026-07-22T15:14:33.917,35,2,3,0,3
86359.962874,2026-07-22T15:14:33.919,35,2,3,0,3
86359.965219,2026-07-22T15:14:33.922,35,2,3,0,3
86359.967748,2026-07-22T15:14:33.924,35,2,3,0,3
86359.969999,2026-07-22T15:14:33.926,35,2,3,0,3
86359.972387,2026-07-22T15:14:33.929,35,2,3,0,3
86359.974923,2026-07-22T15:14:33.931,35,2,3,0,3
86359.977280,2026-07-22T15:14:33.934,35,2,3,0,3
86359.980021,2026-07-22T15:14:33.936,35,2,3,0,3
86359.982091,2026-07-22T15:14:33.938,35,2,3,0,3
86359.984101,2026-07-22T15:14:33.940,35,2,3,0,3
86359.986129,2026-07-22T15:14:33.942,35,2,3,0,3
86359.988655,2026-07-22T15:14:33.945,35,2,3,0,3
86359.991233,2026-07-22T15:14:33.948,35,2,3,0,3
86359.993434,2026-07-22T15:14:33.950,35,2,3,0,3
86359.995926,2026-07-22T15:14:33.952,35,2,3,0,3
86359.998447,2026-07-22T15:14:33.955,35,2,3,0,3
86360.000868,2026-07-22T15:14:33.957,35,2,3,0,3
86360.003383,2026-07-22T15:14:33.960,35,2,3,0,3
86360.006044,2026-07-22T15:14:33.962,35,2,3,0,3
86360.008567,2026-07-22T15:14:33.965,35,2,3,0,3
86360.011390,2026-07-22T15:14:33.968,35,2,3,0,3
86360.013964,2026-07-22T15:14:33.970,35,2,3,0,3
86360.016075,2026-07-22T15:14:33.972,35,2,3,0,3
86360.018560,2026-07-22T15:14:33.975,35,2,3,0,3
86360.020617,2026-07-22T15:14:33.977,35,2,3,0,3
86360.023301,2026-07-22T15:14:33.980,35,2,3,0,3
86360.025819,2026-07-22T15:14:33.982,35,2,3,0,3
86360.028526,2026-07-22T15:14:33.985,35,2,3,0,3
86360.031114,2026-07-22T15:14:33.987,35,2,3,0,3
86360.033626,2026-07-22T15:14:33.990,35,2,3,0,3
86360.036158,2026-07-22T15:14:33.992,35,2,3,0,3
86360.038741,2026-07-22T15:14:33.995,35,2,3,0,3
86360.041405,2026-07-22T15:14:33.998,35,2,3,0,3
86360.043447,2026-07-22T15:14:34.000,35,2,3,0,3
86360.045736,2026-07-22T15:14:34.002,35,2,3,0,3
86360.048252,2026-07-22T15:14:34.005,35,2,3,0,3
86360.050892,2026-07-22T15:14:34.007,35,2,3,0,3
86360.053474,2026-07-22T15:14:34.010,35,2,3,0,3
86360.055525,2026-07-22T15:14:34.012,35,2,3,0,3
86360.058324,2026-07-22T15:14:34.015,35,2,3,0,3
86360.060849,2026-07-22T15:14:34.017,35,2,3,0,3
86360.063359,2026-07-22T15:14:34.020,35,2,3,0,3
86360.065384,2026-07-22T15:14:34.022,35,2,3,0,3
86360.067906,2026-07-22T15:14:34.024,35,2,3,0,3
86360.070415,2026-07-22T15:14:34.027,35,2,3,0,3
86360.072443,2026-07-22T15:14:34.029,35,2,3,0,3
86360.075082,2026-07-22T15:14:34.031,35,2,3,0,3
86360.077121,2026-07-22T15:14:34.033,35,2,3,0,3
86360.079848,2026-07-22T15:14:34.036,35,2,3,0,3
86360.082358,2026-07-22T15:14:34.039,35,2,3,0,3
86360.084925,2026-07-22T15:14:34.041,35,2,3,0,3
86360.087448,2026-07-22T15:14:34.044,35,2,3,0,3
86360.090110,2026-07-22T15:14:34.046,35,2,3,0,3
86360.092575,2026-07-22T15:14:34.049,35,2,3,0,3
86360.094603,2026-07-22T15:14:34.051,35,2,3,0,3
86360.097013,2026-07-22T15:14:34.053,35,2,3,0,3
86360.099541,2026-07-22T15:14:34.056,35,2,3,0,3
86360.102126,2026-07-22T15:14:34.058,35,2,3,0,3
86360.104598,2026-07-22T15:14:34.061,35,2,3,0,3
86360.107177,2026-07-22T15:14:34.064,35,2,3,0,3
86360.109687,2026-07-22T15:14:34.066,4,0,3,0,8
86360.112477,2026-07-22T15:14:34.069,4,0,3,0,8
86360.114991,2026-07-22T15:14:34.071,4,0,3,0,8
86360.117659,2026-07-22T15:14:34.074,4,0,3,0,8
86360.120303,2026-07-22T15:14:34.077,4,0,3,0,8
86360.122824,2026-07-22T15:14:34.079,4,0,3,0,8
86360.125390,2026-07-22T15:14:34.082,4,0,3,0,8
86360.128070,2026-07-22T15:14:34.084,4,0,3,0,8
86360.130581,2026-07-22T15:14:34.087,4,0,3,0,8
86360.133304,2026-07-22T15:14:34.090,4,0,3,0,8
86360.135811,2026-07-22T15:14:34.092,4,0,3,0,8
86360.138353,2026-07-22T15:14:34.095,4,0,3,0,8
86360.141006,2026-07-22T15:14:34.097,4,0,3,0,8
86360.143417,2026-07-22T15:14:34.100,4,0,3,0,8
86360.145548,2026-07-22T15:14:34.102,4,0,3,0,8
86360.147780,2026-07-22T15:14:34.104,4,0,3,0,8
86360.150505,2026-07-22T15:14:34.107,4,0,3,0,8
86360.152835,2026-07-22T15:14:34.109,4,0,3,0,8
86360.155452,2026-07-22T15:14:34.112,4,0,3,0,8
86360.157843,2026-07-22T15:14:34.114,4,0,3,0,8
86360.160292,2026-07-22T15:14:34.117,4,0,3,0,8
86360.162646,2026-07-22T15:14:34.119,4,0,3,0,8
86360.164691,2026-07-22T15:14:34.121,4,0,3,0,8
86360.167333,2026-07-22T15:14:34.124,4,0,3,0,8
86360.169695,2026-07-22T15:14:34.126,4,0,3,0,8
86360.172222,2026-07-22T15:14:34.129,4,0,3,0,8
86360.174541,2026-07-22T15:14:34.131,4,0,3,0,8
86360.177035,2026-07-22T15:14:34.133,4,0,3,0,8
86360.179047,2026-07-22T15:14:34.135,4,0,3,0,8
86360.181154,2026-07-22T15:14:34.138,4,0,3,0,8
86360.183761,2026-07-22T15:14:34.140,4,0,3,0,8
86360.186238,2026-07-22T15:14:34.143,4,0,3,0,8
86360.188703,2026-07-22T15:14:34.145,4,0,3,0,8
86360.191199,2026-07-22T15:14:34.148,4,0,3,0,8
86360.193244,2026-07-22T15:14:34.150,4,0,3,0,8
86360.195272,2026-07-22T15:14:34.152,4,0,3,0,8
86360.197945,2026-07-22T15:14:34.154,4,0,3,0,8
86360.199958,2026-07-22T15:14:34.156,4,0,3,0,8
86360.202131,2026-07-22T15:14:34.158,4,0,3,0,8
86360.204674,2026-07-22T15:14:34.161,4,0,3,0,8
86360.206696,2026-07-22T15:14:34.163,4,0,3,0,8
86360.209215,2026-07-22T15:14:34.166,4,0,3,0,8
86360.211746,2026-07-22T15:14:34.168,4,0,3,0,8
86360.214244,2026-07-22T15:14:34.171,4,0,3,0,8
86360.216339,2026-07-22T15:14:34.173,4,0,3,0,8
86360.218874,2026-07-22T15:14:34.175,4,0,3,0,8
86360.221294,2026-07-22T15:14:34.178,4,0,3,0,8
86360.223780,2026-07-22T15:14:34.180,4,0,3,0,8
86360.226166,2026-07-22T15:14:34.183,4,0,3,0,8
86360.228623,2026-07-22T15:14:34.185,4,0,3,0,8
86360.231230,2026-07-22T15:14:34.188,4,0,3,0,8
86360.233733,2026-07-22T15:14:34.190,4,0,3,0,8
86360.236227,2026-07-22T15:14:34.193,4,0,3,0,8
86360.238838,2026-07-22T15:14:34.195,4,0,3,0,8
86360.241358,2026-07-22T15:14:34.198,4,0,3,0,8
86360.243664,2026-07-22T15:14:34.200,4,0,3,0,8
86360.246178,2026-07-22T15:14:34.203,4,0,3,0,8
86360.248849,2026-07-22T15:14:34.205,4,0,3,0,8
86360.251303,2026-07-22T15:14:34.208,4,0,3,0,8
86360.253314,2026-07-22T15:14:34.210,4,0,3,0,8
86360.255360,2026-07-22T15:14:34.212,4,0,3,0,8
86360.257411,2026-07-22T15:14:34.214,4,0,3,0,8
86360.259530,2026-07-22T15:14:34.216,4,0,3,0,8
86360.261787,2026-07-22T15:14:34.218,4,0,3,0,8
86360.264579,2026-07-22T15:14:34.221,4,0,3,0,8
86360.267080,2026-07-22T15:14:34.223,4,0,3,0,8
86360.269562,2026-07-22T15:14:34.226,4,0,3,0,8
86360.272242,2026-07-22T15:14:34.229,4,0,3,0,8
86360.274807,2026-07-22T15:14:34.231,4,0,3,0,8
86360.277526,2026-07-22T15:14:34.234,4,0,3,0,8
86360.280034,2026-07-22T15:14:34.236,4,0,3,0,8
86360.282511,2026-07-22T15:14:34.239,4,0,3,0,8
86360.284522,2026-07-22T15:14:34.241,4,0,3,0,8
86360.286605,2026-07-22T15:14:34.243,4,0,3,0,8
86360.289115,2026-07-22T15:14:34.245,4,0,3,0,8
86360.291128,2026-07-22T15:14:34.247,4,0,3,0,8
86360.293217,2026-07-22T15:14:34.250,4,0,3,0,8
86360.295240,2026-07-22T15:14:34.252,4,0,3,0,8
86360.297287,2026-07-22T15:14:34.254,4,0,3,0,8
86360.299322,2026-07-22T15:14:34.256,4,0,3,0,8
86360.301697,2026-07-22T15:14:34.258,4,0,3,0,8
86360.303750,2026-07-22T15:14:34.260,4,0,3,0,8
86360.306097,2026-07-22T15:14:34.262,4,0,3,0,8
86360.308843,2026-07-22T15:14:34.265,4,0,3,0,8
86360.311648,2026-07-22T15:14:34.268,4,0,3,0,8
86360.314230,2026-07-22T15:14:34.271,4,0,3,0,8
86360.316290,2026-07-22T15:14:34.273,4,0,3,0,8
86360.318958,2026-07-22T15:14:34.275,4,0,3,0,8
86360.321555,2026-07-22T15:14:34.278,4,0,3,0,8
86360.324336,2026-07-22T15:14:34.281,4,0,3,0,8
86360.326909,2026-07-22T15:14:34.283,4,0,3,0,8
86360.329336,2026-07-22T15:14:34.286,4,0,3,0,8
86360.331803,2026-07-22T15:14:34.288,4,0,3,0,8
86360.334222,2026-07-22T15:14:34.291,4,0,3,0,8
86360.336266,2026-07-22T15:14:34.293,4,0,3,0,8
86360.338811,2026-07-22T15:14:34.295,4,0,3,0,8
86360.341353,2026-07-22T15:14:34.298,4,0,3,0,8
86360.343961,2026-07-22T15:14:34.300,4,0,3,0,8
86360.346566,2026-07-22T15:14:34.302,4,0,3,0,8
86360.348964,2026-07-22T15:14:34.305,4,0,3,0,8
86360.351014,2026-07-22T15:14:34.307,4,0,3,0,8
86360.353734,2026-07-22T15:14:34.310,4,0,3,0,8
86360.356304,2026-07-22T15:14:34.313,3,3,3,0,0
86360.358831,2026-07-22T15:14:34.315,3,3,3,0,0
86360.360867,2026-07-22T15:14:34.317,3,3,3,0,0
86360.363324,2026-07-22T15:14:34.320,3,3,3,0,0
86360.365759,2026-07-22T15:14:34.322,3,3,3,0,0
86360.367770,2026-07-22T15:14:34.324,3,3,3,0,0
86360.370096,2026-07-22T15:14:34.326,3,3,3,0,0
86360.372302,2026-07-22T15:14:34.329,3,3,3,0,0
86360.374829,2026-07-22T15:14:34.331,3,3,3,0,0
86360.377364,2026-07-22T15:14:34.334,3,3,3,0,0
86360.379928,2026-07-22T15:14:34.336,3,3,3,0,0
86360.382351,2026-07-22T15:14:34.339,3,3,3,0,0
86360.384816,2026-07-22T15:14:34.341,3,3,3,0,0
86360.387483,2026-07-22T15:14:34.344,3,3,3,0,0
86360.389991,2026-07-22T15:14:34.346,3,3,3,0,0
86360.392442,2026-07-22T15:14:34.349,3,3,3,0,0
86360.394452,2026-07-22T15:14:34.351,3,3,3,0,0
86360.398138,2026-07-22T15:14:34.354,3,3,3,0,0
86360.400268,2026-07-22T15:14:34.357,3,3,3,0,0
86360.402407,2026-07-22T15:14:34.359,3,3,3,0,0
86360.405114,2026-07-22T15:14:34.361,3,3,3,0,0
86360.407125,2026-07-22T15:14:34.363,3,3,3,0,0
86360.409163,2026-07-22T15:14:34.366,3,3,3,0,0
86360.411459,2026-07-22T15:14:34.368,3,3,3,0,0
86360.413949,2026-07-22T15:14:34.370,3,3,3,0,0
86360.415982,2026-07-22T15:14:34.372,3,3,3,0,0
86360.418046,2026-07-22T15:14:34.374,3,3,3,0,0
86360.420072,2026-07-22T15:14:34.376,3,3,3,0,0
86360.422578,2026-07-22T15:14:34.379,3,3,3,0,0
86360.425203,2026-07-22T15:14:34.382,3,3,3,0,0
86360.427902,2026-07-22T15:14:34.384,3,3,3,0,0
86360.430384,2026-07-22T15:14:34.387,3,3,3,0,0
86360.432395,2026-07-22T15:14:34.389,3,3,3,0,0
86360.434446,2026-07-22T15:14:34.391,3,3,3,0,0
86360.436964,2026-07-22T15:14:34.393,3,3,3,0,0
86360.438997,2026-07-22T15:14:34.395,3,3,3,0,0
86360.441537,2026-07-22T15:14:34.398,3,3,3,0,0
86360.444275,2026-07-22T15:14:34.401,3,3,3,0,0
86360.447101,2026-07-22T15:14:34.403,3,3,3,0,0
86360.449890,2026-07-22T15:14:34.406,3,3,3,0,0
86360.452528,2026-07-22T15:14:34.409,3,3,3,0,0
86360.454859,2026-07-22T15:14:34.411,3,3,3,0,0
86360.457624,2026-07-22T15:14:34.414,3,3,3,0,0
86360.460340,2026-07-22T15:14:34.417,3,3,3,0,0
86360.462983,2026-07-22T15:14:34.419,3,3,3,0,0
86360.465544,2026-07-22T15:14:34.422,3,3,3,0,0
86360.468174,2026-07-22T15:14:34.425,3,3,3,0,0
86360.470616,2026-07-22T15:14:34.427,3,3,3,0,0
86360.472706,2026-07-22T15:14:34.429,3,3,3,0,0
86360.474819,2026-07-22T15:14:34.431,3,3,3,0,0
86360.476833,2026-07-22T15:14:34.433,3,3,3,0,0
86360.479336,2026-07-22T15:14:34.436,3,3,3,0,0
86360.481889,2026-07-22T15:14:34.438,3,3,3,0,0
86360.484360,2026-07-22T15:14:34.441,3,3,3,0,0
86360.487009,2026-07-22T15:14:34.443,3,3,3,0,0
86360.489532,2026-07-22T15:14:34.446,3,3,3,0,0
86360.492162,2026-07-22T15:14:34.448,3,3,3,0,0
86360.494709,2026-07-22T15:14:34.451,3,3,3,0,0
86360.497470,2026-07-22T15:14:34.453,3,3,3,0,0
86360.499681,2026-07-22T15:14:34.456,3,3,3,0,0
86360.502001,2026-07-22T15:14:34.458,3,3,3,0,0
86360.504468,2026-07-22T15:14:34.461,3,3,3,0,0
86360.506956,2026-07-22T15:14:34.463,3,3,3,0,0
86360.509593,2026-07-22T15:14:34.466,3,3,3,0,0
86360.512200,2026-07-22T15:14:34.469,3,3,3,0,0
86360.514860,2026-07-22T15:14:34.471,3,3,3,0,0
86360.517347,2026-07-22T15:14:34.474,3,3,3,0,0
86360.519852,2026-07-22T15:14:34.476,3,3,3,0,0
86360.522261,2026-07-22T15:14:34.479,3,3,3,0,0
86360.525053,2026-07-22T15:14:34.481,3,3,3,0,0
86360.527658,2026-07-22T15:14:34.484,3,3,3,0,0
86360.530116,2026-07-22T15:14:34.486,3,3,3,0,0
86360.532594,2026-07-22T15:14:34.489,3,3,3,0,0
86360.535085,2026-07-22T15:14:34.491,3,3,3,0,0
86360.537118,2026-07-22T15:14:34.493,3,3,3,0,0
86360.539786,2026-07-22T15:14:34.496,3,3,3,0,0
86360.542268,2026-07-22T15:14:34.499,3,3,3,0,0
86360.544897,2026-07-22T15:14:34.501,3,3,3,0,0
86360.547294,2026-07-22T15:14:34.504,3,3,3,0,0
86360.550111,2026-07-22T15:14:34.506,3,3,3,0,0
86360.552842,2026-07-22T15:14:34.509,3,3,3,0,0
86360.555191,2026-07-22T15:14:34.512,3,3,3,0,0
86360.557898,2026-07-22T15:14:34.514,3,3,3,0,0
86360.560045,2026-07-22T15:14:34.516,3,3,3,0,0
86360.562596,2026-07-22T15:14:34.519,3,3,3,0,0
86360.565244,2026-07-22T15:14:34.522,3,3,3,0,0
86360.567763,2026-07-22T15:14:34.524,3,3,3,0,0
86360.569860,2026-07-22T15:14:34.526,3,3,3,0,0
86360.571957,2026-07-22T15:14:34.528,3,3,3,0,0
86360.574652,2026-07-22T15:14:34.531,3,3,3,0,0
86360.576807,2026-07-22T15:14:34.533,3,3,3,0,0
86360.579320,2026-07-22T15:14:34.536,3,3,3,0,0
86360.581915,2026-07-22T15:14:34.538,3,3,3,0,0
86360.584426,2026-07-22T15:14:34.541,3,3,3,0,0
86360.587102,2026-07-22T15:14:34.543,3,3,3,0,0
86360.589679,2026-07-22T15:14:34.546,3,3,3,0,0
86360.592173,2026-07-22T15:14:34.549,3,3,3,0,0
86360.594934,2026-07-22T15:14:34.551,3,3,3,0,0
86360.597372,2026-07-22T15:14:34.554,3,3,3,0,0
86360.600095,2026-07-22T15:14:34.556,3,3,3,0,0
86360.602446,2026-07-22T15:14:34.559,3,3,3,0,0
86360.604777,2026-07-22T15:14:34.561,3,3,3,0,0
86360.607467,2026-07-22T15:14:34.564,3,3,3,0,0
86360.610160,2026-07-22T15:14:34.566,3,3,3,0,0
86360.612910,2026-07-22T15:14:34.569,3,3,3,0,0
86360.615318,2026-07-22T15:14:34.572,3,3,3,0,0
86360.617778,2026-07-22T15:14:34.574,3,3,3,0,0
86360.620510,2026-07-22T15:14:34.577,3,3,3,0,0
86360.623129,2026-07-22T15:14:34.579,3,3,3,0,0
86360.625872,2026-07-22T15:14:34.582,3,3,3,0,0
86360.628640,2026-07-22T15:14:34.585,3,3,3,0,0
86360.631147,2026-07-22T15:14:34.587,3,3,3,0,0
86360.633708,2026-07-22T15:14:34.590,3,3,3,0,0
86360.636255,2026-07-22T15:14:34.593,3,3,3,0,0
86360.639044,2026-07-22T15:14:34.595,3,3,3,0,0
86360.641770,2026-07-22T15:14:34.598,3,3,3,0,0
86360.644195,2026-07-22T15:14:34.601,3,3,3,0,0
86360.646669,2026-07-22T15:14:34.603,3,3,3,0,0
86360.648792,2026-07-22T15:14:34.605,3,3,3,0,0
86360.651336,2026-07-22T15:14:34.608,3,3,3,0,0
86360.653814,2026-07-22T15:14:34.610,3,3,3,0,0
86360.656282,2026-07-22T15:14:34.613,3,3,3,0,0
86360.658744,2026-07-22T15:14:34.615,3,3,3,0,0
86360.661225,2026-07-22T15:14:34.618,3,3,3,0,0
86360.663714,2026-07-22T15:14:34.620,3,3,3,0,0
86360.666223,2026-07-22T15:14:34.623,3,3,3,0,0
86360.668759,2026-07-22T15:14:34.625,3,3,3,0,0
86360.671326,2026-07-22T15:14:34.628,3,3,3,0,0
86360.673861,2026-07-22T15:14:34.630,3,3,3,0,0
86360.676349,2026-07-22T15:14:34.633,3,3,3,0,0
86360.678961,2026-07-22T15:14:34.635,3,3,3,0,0
86360.681730,2026-07-22T15:14:34.638,3,3,3,0,0
86360.684430,2026-07-22T15:14:34.641,3,3,3,0,0
86360.686873,2026-07-22T15:14:34.643,3,3,3,0,0
86360.689510,2026-07-22T15:14:34.646,3,3,3,0,0
86360.692155,2026-07-22T15:14:34.648,3,3,3,0,0
86360.694923,2026-07-22T15:14:34.651,3,3,3,0,0
86360.697158,2026-07-22T15:14:34.653,3,3,3,0,0
86360.699233,2026-07-22T15:14:34.656,3,3,3,0,0
86360.701827,2026-07-22T15:14:34.658,3,3,3,0,0
86360.703940,2026-07-22T15:14:34.660,3,3,3,0,0
86360.706565,2026-07-22T15:14:34.663,3,3,3,0,0
86360.709175,2026-07-22T15:14:34.666,3,3,3,0,0
86360.711924,2026-07-22T15:14:34.668,3,3,3,0,0
86360.714556,2026-07-22T15:14:34.671,3,3,3,0,0
86360.716653,2026-07-22T15:14:34.673,3,3,3,0,0
86360.719160,2026-07-22T15:14:34.676,3,3,3,0,0
86360.721715,2026-07-22T15:14:34.678,3,3,3,0,0
86360.724119,2026-07-22T15:14:34.680,3,3,3,0,0
86360.726579,2026-07-22T15:14:34.683,3,3,3,0,0
86360.729042,2026-07-22T15:14:34.685,3,3,3,0,0
86360.731427,2026-07-22T15:14:34.688,3,3,3,0,0
86360.734172,2026-07-22T15:14:34.690,3,3,3,0,0
86360.736586,2026-07-22T15:14:34.693,3,3,3,0,0
86360.739108,2026-07-22T15:14:34.695,3,3,3,0,0
86360.741547,2026-07-22T15:14:34.698,3,3,3,0,0
86360.744043,2026-07-22T15:14:34.700,3,3,3,0,0
86360.746464,2026-07-22T15:14:34.703,3,3,3,0,0
86360.749202,2026-07-22T15:14:34.706,3,3,3,0,0
86360.751553,2026-07-22T15:14:34.708,3,3,3,0,0
86360.753911,2026-07-22T15:14:34.710,3,3,3,0,0
86360.756565,2026-07-22T15:14:34.713,3,3,3,0,0
86360.759043,2026-07-22T15:14:34.715,3,3,3,0,0
86360.761135,2026-07-22T15:14:34.717,3,3,3,0,0
86360.763699,2026-07-22T15:14:34.720,3,3,3,0,0
86360.766231,2026-07-22T15:14:34.723,3,3,3,0,0
86360.768692,2026-07-22T15:14:34.725,3,3,3,0,0
86360.771185,2026-07-22T15:14:34.728,3,3,3,0,0
86360.773767,2026-07-22T15:14:34.730,3,3,3,0,0
86360.776280,2026-07-22T15:14:34.733,3,3,3,0,0
86360.778719,2026-07-22T15:14:34.735,3,3,3,0,0
86360.781325,2026-07-22T15:14:34.738,3,3,3,0,0
86360.783767,2026-07-22T15:14:34.740,3,3,3,0,0
86360.786204,2026-07-22T15:14:34.743,3,3,3,0,0
86360.788664,2026-07-22T15:14:34.745,3,3,3,0,0
86360.791223,2026-07-22T15:14:34.748,3,3,3,0,0
86360.793675,2026-07-22T15:14:34.750,3,3,3,0,0
86360.796283,2026-07-22T15:14:34.753,3,3,3,0,0
86360.798762,2026-07-22T15:14:34.755,3,3,3,0,0
86360.801184,2026-07-22T15:14:34.758,3,3,3,0,0
86360.803195,2026-07-22T15:14:34.760,3,3,3,0,0
86360.805268,2026-07-22T15:14:34.762,3,3,3,0,0
86360.807340,2026-07-22T15:14:34.764,3,3,3,0,0
86360.809415,2026-07-22T15:14:34.766,3,3,3,0,0
86360.811609,2026-07-22T15:14:34.768,3,3,3,0,0
86360.814098,2026-07-22T15:14:34.770,3,3,3,0,0
86360.816144,2026-07-22T15:14:34.772,3,3,3,0,0
86360.818664,2026-07-22T15:14:34.775,3,3,3,0,0
86360.821183,2026-07-22T15:14:34.778,3,3,3,0,0
86360.823835,2026-07-22T15:14:34.780,3,3,3,0,0
86360.826342,2026-07-22T15:14:34.783,3,3,3,0,0
86360.828810,2026-07-22T15:14:34.785,3,3,3,0,0
86360.831190,2026-07-22T15:14:34.788,3,3,3,0,0
86360.833827,2026-07-22T15:14:34.790,3,3,3,0,0
86360.836333,2026-07-22T15:14:34.793,3,3,3,0,0
86360.838821,2026-07-22T15:14:34.795,3,3,3,0,0
86360.841281,2026-07-22T15:14:34.798,3,3,3,0,0
86360.843949,2026-07-22T15:14:34.800,3,3,3,0,0
86360.846601,2026-07-22T15:14:34.803,3,3,3,0,0
86360.848734,2026-07-22T15:14:34.805,3,3,3,0,0
86360.851361,2026-07-22T15:14:34.808,3,3,3,0,0
86360.854071,2026-07-22T15:14:34.810,3,3,3,0,0
86360.856856,2026-07-22T15:14:34.813,3,3,3,0,0
86360.859011,2026-07-22T15:14:34.815,3,3,3,0,0
86360.861138,2026-07-22T15:14:34.817,3,3,3,0,0
86360.863784,2026-07-22T15:14:34.820,3,3,3,0,0
86360.865893,2026-07-22T15:14:34.822,3,3,3,0,0
86360.868496,2026-07-22T15:14:34.825,3,3,3,0,0
86360.871018,2026-07-22T15:14:34.827,3,3,3,0,0
86360.873583,2026-07-22T15:14:34.830,3,3,3,0,0
86360.875807,2026-07-22T15:14:34.832,3,3,3,0,0
86360.878362,2026-07-22T15:14:34.835,3,3,3,0,0
86360.880880,2026-07-22T15:14:34.837,3,3,3,0,0
86360.883605,2026-07-22T15:14:34.840,3,3,3,0,0
86360.886312,2026-07-22T15:14:34.843,3,3,3,0,0
86360.888428,2026-07-22T15:14:34.845,3,3,3,0,0
86360.890665,2026-07-22T15:14:34.847,3,3,3,0,0
86360.893183,2026-07-22T15:14:34.850,3,3,3,0,0
86360.895939,2026-07-22T15:14:34.852,3,3,3,0,0
86360.898734,2026-07-22T15:14:34.855,3,3,3,0,0
86360.900879,2026-07-22T15:14:34.857,3,3,3,0,0
86360.902994,2026-07-22T15:14:34.859,3,3,3,0,0
86360.905032,2026-07-22T15:14:34.861,3,3,3,0,0
86360.907179,2026-07-22T15:14:34.863,3,3,3,0,0
86360.909538,2026-07-22T15:14:34.866,3,3,3,0,0
86360.911712,2026-07-22T15:14:34.868,3,3,3,0,0
86360.914366,2026-07-22T15:14:34.871,3,3,3,0,0
86360.916861,2026-07-22T15:14:34.873,3,3,3,0,0
86360.919306,2026-07-22T15:14:34.876,3,3,3,0,0
86360.921906,2026-07-22T15:14:34.878,3,3,3,0,0
86360.924166,2026-07-22T15:14:34.881,3,3,3,0,0
86360.926211,2026-07-22T15:14:34.883,3,3,3,0,0
86360.928681,2026-07-22T15:14:34.885,3,3,3,0,0
86360.931151,2026-07-22T15:14:34.888,3,3,3,0,0
86360.933220,2026-07-22T15:14:34.890,3,3,3,0,0
86360.935734,2026-07-22T15:14:34.892,3,3,3,0,0
86360.938484,2026-07-22T15:14:34.895,3,3,3,0,0
86360.941011,2026-07-22T15:14:34.897,3,3,3,0,0
86360.943052,2026-07-22T15:14:34.899,3,3,3,0,0
86360.945104,2026-07-22T15:14:34.901,3,3,3,0,0
86360.947156,2026-07-22T15:14:34.903,3,3,3,0,0
86360.949185,2026-07-22T15:14:34.906,3,3,3,0,0
86360.951239,2026-07-22T15:14:34.908,3,3,3,0,0
86360.953340,2026-07-22T15:14:34.910,3,3,3,0,0
86360.955402,2026-07-22T15:14:34.912,3,3,3,0,0
86360.957450,2026-07-22T15:14:34.914,3,3,3,0,0
86360.959487,2026-07-22T15:14:34.916,3,3,3,0,0
86360.961540,2026-07-22T15:14:34.918,3,3,3,0,0
86360.963605,2026-07-22T15:14:34.920,3,3,3,0,0
86360.966134,2026-07-22T15:14:34.922,3,3,3,0,0
86360.968188,2026-07-22T15:14:34.925,3,3,3,0,0
86360.970224,2026-07-22T15:14:34.927,3,3,3,0,0
86360.972284,2026-07-22T15:14:34.929,3,3,3,0,0
86360.974642,2026-07-22T15:14:34.931,3,3,3,0,0
86360.976673,2026-07-22T15:14:34.933,3,3,3,0,0
86360.978730,2026-07-22T15:14:34.935,3,3,3,0,0
86360.980741,2026-07-22T15:14:34.937,3,3,3,0,0
86360.982786,2026-07-22T15:14:34.939,3,3,3,0,0
86360.985322,2026-07-22T15:14:34.942,3,3,3,0,0
86360.987842,2026-07-22T15:14:34.944,3,3,3,0,0
86360.990475,2026-07-22T15:14:34.947,3,3,3,0,0
86360.992989,2026-07-22T15:14:34.949,3,3,3,0,0
86360.995077,2026-07-22T15:14:34.951,3,3,3,0,0
86360.997520,2026-07-22T15:14:34.954,3,3,3,0,0
86360.999671,2026-07-22T15:14:34.956,3,3,3,0,0
86361.002173,2026-07-22T15:14:34.959,3,3,3,0,0
86361.004865,2026-07-22T15:14:34.961,3,3,3,0,0
86361.006885,2026-07-22T15:14:34.963,3,3,3,0,0
86361.009368,2026-07-22T15:14:34.966,3,3,3,0,0
86361.011406,2026-07-22T15:14:34.968,3,3,3,0,0
86361.014227,2026-07-22T15:14:34.971,3,3,3,0,0
86361.016697,2026-07-22T15:14:34.973,3,3,3,0,0
86361.019270,2026-07-22T15:14:34.976,3,3,3,0,0
86361.021684,2026-07-22T15:14:34.978,3,3,3,0,0
86361.024191,2026-07-22T15:14:34.981,3,3,3,0,0
86361.026294,2026-07-22T15:14:34.983,3,3,3,0,0
86361.028813,2026-07-22T15:14:34.985,3,3,3,0,0
86361.031307,2026-07-22T15:14:34.988,3,3,3,0,0
86361.033342,2026-07-22T15:14:34.990,3,3,3,0,0
86361.035862,2026-07-22T15:14:34.992,3,3,3,0,0
86361.037888,2026-07-22T15:14:34.994,3,3,3,0,0
86361.039923,2026-07-22T15:14:34.996,3,3,3,0,0
86361.042304,2026-07-22T15:14:34.999,3,3,3,0,0
86361.044854,2026-07-22T15:14:35.001,3,3,3,0,0
86361.047575,2026-07-22T15:14:35.004,3,3,3,0,0
86361.050070,2026-07-22T15:14:35.006,3,3,3,0,0
86361.052759,2026-07-22T15:14:35.009,3,3,3,0,0
86361.055264,2026-07-22T15:14:35.012,3,3,3,0,0
86361.057746,2026-07-22T15:14:35.014,3,3,3,0,0
86361.059787,2026-07-22T15:14:35.016,3,3,3,0,0
86361.062279,2026-07-22T15:14:35.019,3,3,3,0,0
86361.064749,2026-07-22T15:14:35.021,3,3,3,0,0
86361.067278,2026-07-22T15:14:35.024,3,3,3,0,0
86361.069372,2026-07-22T15:14:35.026,3,3,3,0,0
86361.071881,2026-07-22T15:14:35.028,3,3,3,0,0
86361.074317,2026-07-22T15:14:35.031,3,3,3,0,0
86361.076909,2026-07-22T15:14:35.033,3,3,3,0,0
86361.079018,2026-07-22T15:14:35.035,3,3,3,0,0
86361.081398,2026-07-22T15:14:35.038,3,3,3,0,0
86361.083911,2026-07-22T15:14:35.040,3,3,3,0,0
86361.086197,2026-07-22T15:14:35.043,3,3,3,0,0
86361.088707,2026-07-22T15:14:35.045,3,3,3,0,0
86361.090789,2026-07-22T15:14:35.047,3,3,3,0,0
86361.093515,2026-07-22T15:14:35.050,3,3,3,0,0
86361.096102,2026-07-22T15:14:35.052,3,3,3,0,0
86361.098882,2026-07-22T15:14:35.055,3,3,3,0,0
86361.101280,2026-07-22T15:14:35.058,3,3,3,0,0
86361.103291,2026-07-22T15:14:35.060,3,3,3,0,0
86361.105342,2026-07-22T15:14:35.062,3,3,3,0,0
86361.107824,2026-07-22T15:14:35.064,3,3,3,0,0
86361.109839,2026-07-22T15:14:35.066,3,3,3,0,0
86361.111883,2026-07-22T15:14:35.068,3,3,3,0,0
86361.114696,2026-07-22T15:14:35.071,3,3,3,0,0
86361.116730,2026-07-22T15:14:35.073,3,3,3,0,0
86361.119370,2026-07-22T15:14:35.076,3,3,3,0,0
86361.121886,2026-07-22T15:14:35.078,3,3,3,0,0
86361.124489,2026-07-22T15:14:35.081,3,3,3,0,0
86361.127234,2026-07-22T15:14:35.084,3,3,3,0,0
86361.129263,2026-07-22T15:14:35.086,3,3,3,0,0
86361.131801,2026-07-22T15:14:35.088,3,3,3,0,0
86361.134328,2026-07-22T15:14:35.091,3,3,3,0,0
86361.136343,2026-07-22T15:14:35.093,3,3,3,0,0
86361.138976,2026-07-22T15:14:35.095,3,3,3,0,0
86361.141724,2026-07-22T15:14:35.098,3,3,3,0,0
86361.144226,2026-07-22T15:14:35.101,3,3,3,0,0
86361.146726,2026-07-22T15:14:35.103,3,3,3,0,0
86361.149163,2026-07-22T15:14:35.106,3,3,3,0,0
86361.151843,2026-07-22T15:14:35.108,3,3,3,0,0
86361.154357,2026-07-22T15:14:35.111,3,3,3,0,0
86361.156417,2026-07-22T15:14:35.113,3,3,3,0,0
86361.158851,2026-07-22T15:14:35.115,3,3,3,0,0
86361.161354,2026-07-22T15:14:35.118,3,3,3,0,0
86361.163370,2026-07-22T15:14:35.120,3,3,3,0,0
86361.165397,2026-07-22T15:14:35.122,3,3,3,0,0
86361.167431,2026-07-22T15:14:35.124,3,3,3,0,0
86361.169850,2026-07-22T15:14:35.126,3,3,3,0,0
86361.172416,2026-07-22T15:14:35.129,3,3,3,0,0
86361.174864,2026-07-22T15:14:35.131,3,3,3,0,0
86361.177292,2026-07-22T15:14:35.134,3,3,3,0,0
86361.179805,2026-07-22T15:14:35.136,3,3,3,0,29
86361.182239,2026-07-22T15:14:35.139,36,0,3,0,29
86361.184297,2026-07-22T15:14:35.141,36,0,3,0,29
86361.186536,2026-07-22T15:14:35.143,36,0,3,0,29
86361.189047,2026-07-22T15:14:35.145,36,0,3,0,29
86361.191568,2026-07-22T15:14:35.148,36,0,3,0,29
86361.194085,2026-07-22T15:14:35.150,36,0,3,0,29
86361.196577,2026-07-22T15:14:35.153,36,0,3,0,29
86361.199447,2026-07-22T15:14:35.155,36,0,3,0,29
86361.202148,2026-07-22T15:14:35.158,36,0,3,0,29
86361.204915,2026-07-22T15:14:35.161,36,0,3,0,29
86361.207429,2026-07-22T15:14:35.164,36,0,3,0,29
86361.209476,2026-07-22T15:14:35.166,36,0,3,0,29
86361.212026,2026-07-22T15:14:35.168,36,0,3,0,29
86361.214369,2026-07-22T15:14:35.171,36,0,3,0,29
86361.216471,2026-07-22T15:14:35.172,36,0,3,0,29
86361.218988,2026-07-22T15:14:35.175,36,0,3,0,29
86361.221032,2026-07-22T15:14:35.177,36,0,3,0,29
86361.223561,2026-07-22T15:14:35.180,36,0,3,0,29
86361.226042,2026-07-22T15:14:35.182,36,0,3,0,29
86361.228070,2026-07-22T15:14:35.184,36,0,3,0,29
86361.230126,2026-07-22T15:14:35.186,36,0,3,0,29
86361.232166,2026-07-22T15:14:35.189,36,0,3,0,29
86361.234673,2026-07-22T15:14:35.191,36,0,3,0,29
86361.236724,2026-07-22T15:14:35.193,36,0,3,0,29
86361.239502,2026-07-22T15:14:35.196,36,0,3,0,29
86361.242034,2026-07-22T15:14:35.198,36,0,3,0,29
86361.244549,2026-07-22T15:14:35.201,36,0,3,0,29
86361.247255,2026-07-22T15:14:35.204,36,0,3,0,29
86361.249766,2026-07-22T15:14:35.206,36,0,3,0,29
86361.252243,2026-07-22T15:14:35.209,36,0,3,0,29
86361.254757,2026-07-22T15:14:35.211,36,0,3,0,29
86361.257258,2026-07-22T15:14:35.214,36,0,3,0,29
86361.259765,2026-07-22T15:14:35.216,36,0,3,0,29
86361.262269,2026-07-22T15:14:35.219,36,0,3,0,29
86361.264781,2026-07-22T15:14:35.221,36,0,3,0,29
86361.267032,2026-07-22T15:14:35.223,36,0,3,0,29
86361.269540,2026-07-22T15:14:35.226,36,0,3,0,29
86361.272038,2026-07-22T15:14:35.228,36,0,3,0,29
86361.274063,2026-07-22T15:14:35.230,36,0,3,0,29
86361.276693,2026-07-22T15:14:35.233,36,0,3,0,29
86361.279198,2026-07-22T15:14:35.236,36,0,3,0,29
86361.281715,2026-07-22T15:14:35.238,36,0,3,0,29
86361.284259,2026-07-22T15:14:35.241,36,0,3,0,29
86361.286824,2026-07-22T15:14:35.243,36,0,3,0,29
86361.289397,2026-07-22T15:14:35.246,36,0,3,0,29
86361.291973,2026-07-22T15:14:35.248,36,0,3,0,29
86361.294519,2026-07-22T15:14:35.251,36,0,3,0,29
86361.296608,2026-07-22T15:14:35.253,36,0,3,0,29
86361.298664,2026-07-22T15:14:35.255,36,0,3,0,29
86361.302145,2026-07-22T15:14:35.258,36,0,3,0,29
86361.304174,2026-07-22T15:14:35.261,36,0,3,0,29
86361.306187,2026-07-22T15:14:35.263,36,0,3,0,29
86361.308221,2026-07-22T15:14:35.265,36,0,3,0,29
86361.310244,2026-07-22T15:14:35.267,36,0,3,0,29
86361.312783,2026-07-22T15:14:35.269,36,0,3,0,29
86361.314905,2026-07-22T15:14:35.271,36,0,3,0,29
86361.316953,2026-07-22T15:14:35.273,36,0,3,0,29
86361.318986,2026-07-22T15:14:35.275,36,0,3,0,29
86361.321003,2026-07-22T15:14:35.277,36,0,3,0,29
86361.323134,2026-07-22T15:14:35.279,36,0,3,0,29
86361.325722,2026-07-22T15:14:35.282,36,0,3,0,29
86361.327769,2026-07-22T15:14:35.284,36,0,3,0,29
86361.330291,2026-07-22T15:14:35.287,36,0,3,0,29
86361.332352,2026-07-22T15:14:35.289,36,0,3,0,29
86361.334392,2026-07-22T15:14:35.291,36,0,3,0,29
86361.336427,2026-07-22T15:14:35.293,36,0,3,0,29
86361.338446,2026-07-22T15:14:35.295,36,0,3,0,29
86361.340676,2026-07-22T15:14:35.297,36,0,3,0,29
86361.343230,2026-07-22T15:14:35.300,36,0,3,0,29
86361.345715,2026-07-22T15:14:35.302,36,0,3,0,29
86361.347771,2026-07-22T15:14:35.304,36,0,3,0,29
86361.350161,2026-07-22T15:14:35.306,36,0,3,0,29
86361.352314,2026-07-22T15:14:35.309,36,0,3,0,29
86361.354840,2026-07-22T15:14:35.311,36,0,3,0,29
86361.356887,2026-07-22T15:14:35.313,36,0,3,0,29
86361.358945,2026-07-22T15:14:35.315,36,0,3,0,29
86361.361481,2026-07-22T15:14:35.318,36,0,3,0,29
86361.363981,2026-07-22T15:14:35.320,36,0,3,0,29
86361.366515,2026-07-22T15:14:35.323,36,0,3,0,29
86361.368545,2026-07-22T15:14:35.325,36,0,3,0,29
86361.370582,2026-07-22T15:14:35.327,36,0,3,0,29
86361.373102,2026-07-22T15:14:35.329,36,0,3,0,29
86361.375625,2026-07-22T15:14:35.332,36,0,3,0,29
86361.378145,2026-07-22T15:14:35.334,36,0,3,0,29
86361.380161,2026-07-22T15:14:35.337,36,0,3,0,29
86361.382189,2026-07-22T15:14:35.339,36,0,3,0,29
86361.384694,2026-07-22T15:14:35.341,36,0,3,0,29
86361.387247,2026-07-22T15:14:35.344,36,0,3,0,29
86361.389321,2026-07-22T15:14:35.346,36,0,3,0,29
86361.391827,2026-07-22T15:14:35.348,36,0,3,0,29
86361.394333,2026-07-22T15:14:35.351,36,0,3,0,29
86361.396837,2026-07-22T15:14:35.353,36,0,3,0,29
86361.399374,2026-07-22T15:14:35.356,36,0,3,0,29
86361.401509,2026-07-22T15:14:35.358,36,0,3,0,29
86361.404028,2026-07-22T15:14:35.360,36,0,3,0,29
86361.406520,2026-07-22T15:14:35.363,36,0,3,0,29
86361.409025,2026-07-22T15:14:35.365,36,0,3,0,29
86361.411548,2026-07-22T15:14:35.368,36,0,3,0,29
86361.414053,2026-07-22T15:14:35.370,36,0,3,0,29
86361.416558,2026-07-22T15:14:35.373,36,0,3,0,29
86361.419057,2026-07-22T15:14:35.375,36,0,3,0,29
86361.421157,2026-07-22T15:14:35.378,36,0,3,0,29
86361.423685,2026-07-22T15:14:35.380,36,0,3,0,29
86361.426047,2026-07-22T15:14:35.382,36,2,3,0,4
86361.428421,2026-07-22T15:14:35.385,36,2,3,0,4
86361.430904,2026-07-22T15:14:35.387,36,2,3,0,4
86361.433213,2026-07-22T15:14:35.390,36,2,3,0,4
86361.435382,2026-07-22T15:14:35.392,36,2,3,0,4
86361.437894,2026-07-22T15:14:35.394,36,2,3,0,4
86361.440428,2026-07-22T15:14:35.397,36,2,3,0,4
86361.442933,2026-07-22T15:14:35.399,36,2,3,0,4
86361.444954,2026-07-22T15:14:35.401,36,2,3,0,4
86361.447619,2026-07-22T15:14:35.404,36,2,3,0,4
86361.450151,2026-07-22T15:14:35.406,36,2,3,0,4
86361.452672,2026-07-22T15:14:35.409,36,2,3,0,4
86361.455191,2026-07-22T15:14:35.412,36,2,3,0,4
86361.457244,2026-07-22T15:14:35.414,36,2,3,0,4
86361.459719,2026-07-22T15:14:35.416,36,2,3,0,4
86361.462109,2026-07-22T15:14:35.418,36,2,3,0,4
86361.464138,2026-07-22T15:14:35.420,36,2,3,0,4
86361.466762,2026-07-22T15:14:35.423,36,2,3,0,4
86361.468818,2026-07-22T15:14:35.425,36,2,3,0,4
86361.471300,2026-07-22T15:14:35.428,36,2,3,0,4
86361.473822,2026-07-22T15:14:35.430,36,2,3,0,4
86361.476157,2026-07-22T15:14:35.433,36,2,3,0,4
86361.478691,2026-07-22T15:14:35.435,36,2,3,0,4
86361.481250,2026-07-22T15:14:35.438,36,2,3,0,4
86361.483833,2026-07-22T15:14:35.440,36,2,3,0,4
86361.485863,2026-07-22T15:14:35.442,36,2,3,0,4
86361.488252,2026-07-22T15:14:35.445,36,2,3,0,4
86361.490263,2026-07-22T15:14:35.447,36,2,3,0,4
86361.492776,2026-07-22T15:14:35.449,36,2,3,0,4
86361.494819,2026-07-22T15:14:35.451,36,2,3,0,4
86361.496969,2026-07-22T15:14:35.453,36,2,3,0,4
86361.499470,2026-07-22T15:14:35.456,36,2,3,0,4
86361.501548,2026-07-22T15:14:35.458,36,2,3,0,4
86361.503580,2026-07-22T15:14:35.460,36,2,3,0,4
86361.505591,2026-07-22T15:14:35.462,36,2,3,0,4
86361.508127,2026-07-22T15:14:35.464,36,2,3,0,4
86361.510641,2026-07-22T15:14:35.467,36,2,3,0,4
86361.512712,2026-07-22T15:14:35.469,36,2,3,0,4
86361.514969,2026-07-22T15:14:35.471,36,2,3,0,4
86361.517539,2026-07-22T15:14:35.474,36,2,3,0,4
86361.519552,2026-07-22T15:14:35.476,36,2,3,0,4
86361.522068,2026-07-22T15:14:35.478,36,2,3,0,4
86361.524485,2026-07-22T15:14:35.481,36,2,3,0,4
86361.526503,2026-07-22T15:14:35.483,36,2,3,0,4
86361.528991,2026-07-22T15:14:35.485,36,2,3,0,4
86361.531497,2026-07-22T15:14:35.488,36,2,3,0,4
86361.533627,2026-07-22T15:14:35.490,36,2,3,0,4
86361.536133,2026-07-22T15:14:35.492,36,2,3,0,4
86361.538144,2026-07-22T15:14:35.494,36,2,3,0,4
86361.540631,2026-07-22T15:14:35.497,36,2,3,0,4
86361.543157,2026-07-22T15:14:35.499,36,2,3,0,4
86361.545646,2026-07-22T15:14:35.502,36,2,3,0,4
86361.547681,2026-07-22T15:14:35.504,36,2,3,0,4
86361.550087,2026-07-22T15:14:35.506,36,2,3,0,4
86361.552609,2026-07-22T15:14:35.509,36,2,3,0,4
86361.555051,2026-07-22T15:14:35.511,36,2,3,0,4
86361.557568,2026-07-22T15:14:35.514,36,2,3,0,4
86361.559673,2026-07-22T15:14:35.516,36,2,3,0,4
86361.561848,2026-07-22T15:14:35.518,36,2,3,0,4
86361.564366,2026-07-22T15:14:35.521,36,2,3,0,4
86361.566872,2026-07-22T15:14:35.523,36,2,3,0,4
86361.569294,2026-07-22T15:14:35.526,36,2,3,0,4
86361.571833,2026-07-22T15:14:35.528,36,2,3,0,4
86361.574309,2026-07-22T15:14:35.531,36,2,3,0,4
86361.576363,2026-07-22T15:14:35.533,36,2,3,0,4
86361.578954,2026-07-22T15:14:35.535,36,2,3,0,4
86361.581471,2026-07-22T15:14:35.538,36,2,3,0,4
86361.584058,2026-07-22T15:14:35.540,36,2,3,0,4
86361.586068,2026-07-22T15:14:35.542,36,2,3,0,4
86361.588098,2026-07-22T15:14:35.544,36,2,3,0,4
86361.590554,2026-07-22T15:14:35.547,36,2,3,0,4
86361.592601,2026-07-22T15:14:35.549,36,2,3,0,4
86361.595203,2026-07-22T15:14:35.552,36,2,3,0,4
86361.597713,2026-07-22T15:14:35.554,36,2,3,0,4
86361.600000,2026-07-22T15:14:35.556,36,2,3,0,4
86361.602519,2026-07-22T15:14:35.559,36,2,3,0,4
86361.604560,2026-07-22T15:14:35.561,36,2,3,0,4
86361.607175,2026-07-22T15:14:35.564,36,2,3,0,4
86361.609480,2026-07-22T15:14:35.566,36,2,3,0,4
86361.611547,2026-07-22T15:14:35.568,36,2,3,0,4
86361.613605,2026-07-22T15:14:35.570,36,2,3,0,4
86361.615651,2026-07-22T15:14:35.572,36,2,3,0,4
86361.617696,2026-07-22T15:14:35.574,36,2,3,0,4
86361.619748,2026-07-22T15:14:35.576,36,2,3,0,4
86361.621820,2026-07-22T15:14:35.578,36,2,3,0,4
86361.623855,2026-07-22T15:14:35.580,36,2,3,0,4
86361.625916,2026-07-22T15:14:35.582,36,2,3,0,4
86361.627947,2026-07-22T15:14:35.584,36,2,3,0,4
86361.629984,2026-07-22T15:14:35.586,36,2,3,0,4
86361.632122,2026-07-22T15:14:35.588,36,2,3,0,4
86361.634291,2026-07-22T15:14:35.591,36,2,3,0,4
86361.636401,2026-07-22T15:14:35.593,36,2,3,0,4
86361.638446,2026-07-22T15:14:35.595,36,2,3,0,4
86361.640492,2026-07-22T15:14:35.597,36,2,3,0,4
86361.642548,2026-07-22T15:14:35.599,36,2,3,0,4
86361.644585,2026-07-22T15:14:35.601,36,2,3,0,4
86361.646655,2026-07-22T15:14:35.603,36,2,3,0,4
86361.649152,2026-07-22T15:14:35.605,36,2,3,0,4
86361.651529,2026-07-22T15:14:35.608,36,2,3,0,4
86361.654278,2026-07-22T15:14:35.611,36,2,3,0,4
86361.656559,2026-07-22T15:14:35.613,36,2,3,0,4
86361.658572,2026-07-22T15:14:35.615,36,2,3,0,4
86361.660598,2026-07-22T15:14:35.617,36,2,3,0,4
86361.662751,2026-07-22T15:14:35.619,36,2,3,0,4
86361.665259,2026-07-22T15:14:35.622,36,2,3,0,4
86361.667282,2026-07-22T15:14:35.624,36,2,3,0,4
86361.669785,2026-07-22T15:14:35.626,36,2,3,0,4
86361.672297,2026-07-22T15:14:35.629,36,2,3,0,4
86361.675074,2026-07-22T15:14:35.631,36,2,3,0,4
86361.677581,2026-07-22T15:14:35.634,36,2,3,0,4
86361.680133,2026-07-22T15:14:35.636,36,2,3,0,4
86361.682652,2026-07-22T15:14:35.639,36,2,3,0,4
86361.685345,2026-07-22T15:14:35.642,36,2,3,0,4
86361.687918,2026-07-22T15:14:35.644,36,2,3,0,4
86361.689963,2026-07-22T15:14:35.646,36,2,3,0,4
86361.692435,2026-07-22T15:14:35.649,36,2,3,0,4
86361.694952,2026-07-22T15:14:35.651,36,2,3,0,4
86361.697032,2026-07-22T15:14:35.653,36,2,3,0,4
86361.699560,2026-07-22T15:14:35.656,36,2,3,0,4
86361.701937,2026-07-22T15:14:35.658,36,2,3,0,4
86361.704455,2026-07-22T15:14:35.661,36,2,3,0,4
86361.706798,2026-07-22T15:14:35.663,36,2,3,0,4
86361.709307,2026-07-22T15:14:35.666,36,2,3,0,4
86361.711352,2026-07-22T15:14:35.668,36,2,3,0,4
86361.713915,2026-07-22T15:14:35.670,36,2,3,0,4
86361.716381,2026-07-22T15:14:35.673,36,2,3,0,4
86361.719170,2026-07-22T15:14:35.676,36,2,3,0,4
86361.721679,2026-07-22T15:14:35.678,36,2,3,0,4
86361.723708,2026-07-22T15:14:35.680,36,2,3,0,4
86361.726194,2026-07-22T15:14:35.683,36,2,3,0,4
86361.728236,2026-07-22T15:14:35.685,36,2,3,0,4
86361.730689,2026-07-22T15:14:35.687,36,2,3,0,4
86361.733205,2026-07-22T15:14:35.690,36,2,3,0,4
86361.735855,2026-07-22T15:14:35.692,36,2,3,0,4
86361.738571,2026-07-22T15:14:35.695,36,2,3,0,4
86361.741154,2026-07-22T15:14:35.698,36,2,3,0,4
86361.743666,2026-07-22T15:14:35.700,36,2,3,0,4
86361.745706,2026-07-22T15:14:35.702,36,2,3,0,4
86361.748254,2026-07-22T15:14:35.705,36,2,3,0,4
86361.750281,2026-07-22T15:14:35.707,36,2,3,0,4
86361.752300,2026-07-22T15:14:35.709,36,2,3,0,4
86361.754811,2026-07-22T15:14:35.711,36,2,3,0,4
86361.756839,2026-07-22T15:14:35.713,36,2,3,0,4
86361.758850,2026-07-22T15:14:35.715,36,2,3,0,4
86361.760931,2026-07-22T15:14:35.717,36,2,3,0,4
86361.763128,2026-07-22T15:14:35.719,36,2,3,0,4
86361.765702,2026-07-22T15:14:35.722,36,2,3,0,4
86361.768231,2026-07-22T15:14:35.725,36,2,3,0,4
86361.770824,2026-07-22T15:14:35.727,36,2,3,0,4
86361.773355,2026-07-22T15:14:35.730,5,0,3,0,6
86361.775738,2026-07-22T15:14:35.731,5,0,3,0,6
86361.777881,2026-07-22T15:14:35.734,5,0,3,0,6
86361.780391,2026-07-22T15:14:35.737,5,0,3,0,6
86361.782441,2026-07-22T15:14:35.739,5,0,3,0,6
86361.784951,2026-07-22T15:14:35.741,5,0,3,0,6
86361.787471,2026-07-22T15:14:35.744,5,0,3,0,6
86361.789991,2026-07-22T15:14:35.746,5,0,3,0,6
86361.792526,2026-07-22T15:14:35.749,5,0,3,0,6
86361.794769,2026-07-22T15:14:35.751,5,0,3,0,6
86361.797328,2026-07-22T15:14:35.754,5,0,3,0,6
86361.800681,2026-07-22T15:14:35.757,5,0,3,0,6
86361.802774,2026-07-22T15:14:35.759,5,0,3,0,6
86361.804946,2026-07-22T15:14:35.761,5,0,3,0,6
86361.807272,2026-07-22T15:14:35.764,5,0,3,0,6
86361.809596,2026-07-22T15:14:35.766,5,0,3,0,6
86361.811976,2026-07-22T15:14:35.768,5,0,3,0,6
86361.814502,2026-07-22T15:14:35.771,5,0,3,0,6
86361.816735,2026-07-22T15:14:35.773,5,0,3,0,6
86361.818939,2026-07-22T15:14:35.775,5,0,3,0,6
86361.821056,2026-07-22T15:14:35.777,5,0,3,0,6
86361.823700,2026-07-22T15:14:35.780,5,0,3,0,6
86361.826230,2026-07-22T15:14:35.783,5,0,3,0,6
86361.828687,2026-07-22T15:14:35.785,5,0,3,0,6
86361.831161,2026-07-22T15:14:35.788,5,0,3,0,6
86361.833644,2026-07-22T15:14:35.790,5,0,3,0,6
86361.836152,2026-07-22T15:14:35.792,5,0,3,0,6
86361.838192,2026-07-22T15:14:35.795,5,0,3,0,6
86361.840663,2026-07-22T15:14:35.797,5,0,3,0,6
86361.843123,2026-07-22T15:14:35.799,5,0,3,0,6
86361.845542,2026-07-22T15:14:35.802,5,0,3,0,6
86361.848011,2026-07-22T15:14:35.804,5,0,3,0,6
86361.850791,2026-07-22T15:14:35.807,5,0,3,0,6
86361.853335,2026-07-22T15:14:35.810,5,0,3,0,6
86361.855414,2026-07-22T15:14:35.812,5,0,3,0,6
86361.857905,2026-07-22T15:14:35.814,5,0,3,0,6
86361.860589,2026-07-22T15:14:35.817,5,0,3,0,6
86361.863274,2026-07-22T15:14:35.820,5,0,3,0,6
86361.865867,2026-07-22T15:14:35.822,5,0,3,0,6
86361.868349,2026-07-22T15:14:35.825,5,0,3,0,6
86361.870870,2026-07-22T15:14:35.827,5,0,3,0,6
86361.873305,2026-07-22T15:14:35.830,5,0,3,0,6
86361.875319,2026-07-22T15:14:35.832,5,0,3,0,6
86361.877346,2026-07-22T15:14:35.834,5,0,3,0,6
86361.879362,2026-07-22T15:14:35.836,5,0,3,0,6
86361.881391,2026-07-22T15:14:35.838,5,0,3,0,6
86361.883402,2026-07-22T15:14:35.840,5,0,3,0,6
86361.885839,2026-07-22T15:14:35.842,5,0,3,0,6
86361.888266,2026-07-22T15:14:35.845,5,0,3,0,6
86361.890927,2026-07-22T15:14:35.847,5,0,3,0,6
86361.893373,2026-07-22T15:14:35.850,5,0,3,0,6
86361.895894,2026-07-22T15:14:35.852,5,0,3,0,6
86361.898346,2026-07-22T15:14:35.855,5,0,3,0,6
86361.900775,2026-07-22T15:14:35.857,5,0,3,0,6
86361.903537,2026-07-22T15:14:35.860,5,0,3,0,6
86361.906314,2026-07-22T15:14:35.863,5,0,3,0,6
86361.909088,2026-07-22T15:14:35.865,5,0,3,0,6
86361.911497,2026-07-22T15:14:35.868,5,0,3,0,6
86361.913853,2026-07-22T15:14:35.870,5,0,3,0,6
86361.916365,2026-07-22T15:14:35.873,5,0,3,0,6
86361.919351,2026-07-22T15:14:35.875,5,0,3,0,6
86361.921907,2026-07-22T15:14:35.878,5,0,3,0,6
86361.924389,2026-07-22T15:14:35.881,5,0,3,0,6
86361.926908,2026-07-22T15:14:35.883,5,0,3,0,6
86361.929348,2026-07-22T15:14:35.886,5,0,3,0,6
86361.931934,2026-07-22T15:14:35.888,5,0,3,0,6
86361.934488,2026-07-22T15:14:35.891,5,0,3,0,6
86361.936965,2026-07-22T15:14:35.893,5,0,3,0,6
86361.939133,2026-07-22T15:14:35.895,5,0,3,0,6
86361.941537,2026-07-22T15:14:35.898,5,0,3,0,6
86361.944012,2026-07-22T15:14:35.900,5,0,3,0,6
86361.946437,2026-07-22T15:14:35.903,5,0,3,0,6
86361.948960,2026-07-22T15:14:35.905,5,0,3,0,6
86361.951790,2026-07-22T15:14:35.908,5,0,3,0,6
86361.954005,2026-07-22T15:14:35.910,5,0,3,0,6
86361.956662,2026-07-22T15:14:35.913,5,0,3,0,6
86361.958711,2026-07-22T15:14:35.915,5,0,3,0,6
86361.960732,2026-07-22T15:14:35.917,5,0,3,0,6
86361.962764,2026-07-22T15:14:35.919,5,0,3,0,6
86361.964797,2026-07-22T15:14:35.921,5,0,3,0,6
86361.966825,2026-07-22T15:14:35.923,5,0,3,0,6
86361.969261,2026-07-22T15:14:35.926,5,0,3,0,6
86361.971727,2026-07-22T15:14:35.928,5,0,3,0,6
86361.974490,2026-07-22T15:14:35.931,5,0,3,0,6
86361.977142,2026-07-22T15:14:35.933,5,0,3,0,6
86361.979167,2026-07-22T15:14:35.936,5,0,3,0,6
86361.981691,2026-07-22T15:14:35.938,5,0,3,0,6
86361.984445,2026-07-22T15:14:35.941,5,0,3,0,6
86361.986972,2026-07-22T15:14:35.943,5,0,3,0,6
86361.989417,2026-07-22T15:14:35.946,5,0,3,0,6
86361.991889,2026-07-22T15:14:35.948,5,0,3,0,6
86361.994318,2026-07-22T15:14:35.951,5,0,3,0,6
86361.996861,2026-07-22T15:14:35.953,5,0,3,0,6
86361.999395,2026-07-22T15:14:35.956,5,0,3,0,6
86362.001417,2026-07-22T15:14:35.958,5,0,3,0,6
86362.003436,2026-07-22T15:14:35.960,5,0,3,0,6
86362.005476,2026-07-22T15:14:35.962,5,0,3,0,6
86362.007528,2026-07-22T15:14:35.964,5,0,3,0,6
86362.009570,2026-07-22T15:14:35.966,5,0,3,0,6
86362.011645,2026-07-22T15:14:35.968,5,0,3,0,6
86362.013994,2026-07-22T15:14:35.970,5,0,3,0,6
86362.016043,2026-07-22T15:14:35.972,5,0,3,0,6
86362.018526,2026-07-22T15:14:35.975,3,3,3,0,0
86362.020762,2026-07-22T15:14:35.977,3,3,3,0,0
86362.023342,2026-07-22T15:14:35.980,3,3,3,0,0
86362.025738,2026-07-22T15:14:35.982,3,3,3,0,0
86362.028253,2026-07-22T15:14:35.985,3,3,3,0,0
86362.030697,2026-07-22T15:14:35.987,3,3,3,0,0
86362.033216,2026-07-22T15:14:35.990,3,3,3,0,0
86362.035226,2026-07-22T15:14:35.992,3,3,3,0,0
86362.037266,2026-07-22T15:14:35.994,3,3,3,0,0
86362.039738,2026-07-22T15:14:35.996,3,3,3,0,0
86362.042169,2026-07-22T15:14:35.999,3,3,3,0,0
86362.044815,2026-07-22T15:14:36.001,3,3,3,0,0
86362.047280,2026-07-22T15:14:36.004,3,3,3,0,0
86362.049305,2026-07-22T15:14:36.006,3,3,3,0,0
86362.051315,2026-07-22T15:14:36.008,3,3,3,0,0
86362.053824,2026-07-22T15:14:36.010,3,3,3,0,0
86362.055834,2026-07-22T15:14:36.012,3,3,3,0,0
86362.057866,2026-07-22T15:14:36.014,3,3,3,0,0
86362.059896,2026-07-22T15:14:36.016,3,3,3,0,0
86362.061912,2026-07-22T15:14:36.018,3,3,3,0,0
86362.063965,2026-07-22T15:14:36.020,3,3,3,0,0
86362.066033,2026-07-22T15:14:36.022,3,3,3,0,0
86362.068084,2026-07-22T15:14:36.024,3,3,3,0,0
86362.070124,2026-07-22T15:14:36.026,3,3,3,0,0
86362.072179,2026-07-22T15:14:36.029,3,3,3,0,0
86362.074700,2026-07-22T15:14:36.031,3,3,3,0,0
86362.076956,2026-07-22T15:14:36.033,3,3,3,0,0
86362.079188,2026-07-22T15:14:36.036,3,3,3,0,0
86362.081686,2026-07-22T15:14:36.038,3,3,3,0,0
86362.084420,2026-07-22T15:14:36.041,3,3,3,0,0
86362.086911,2026-07-22T15:14:36.043,3,3,3,0,0
86362.089444,2026-07-22T15:14:36.046,3,3,3,0,0
86362.092137,2026-07-22T15:14:36.048,3,3,3,0,0
86362.094704,2026-07-22T15:14:36.051,3,3,3,0,0
86362.097296,2026-07-22T15:14:36.054,3,3,3,0,0
86362.100225,2026-07-22T15:14:36.056,3,3,3,0,0
86362.102302,2026-07-22T15:14:36.059,3,3,3,0,0
86362.104615,2026-07-22T15:14:36.061,3,3,3,0,0
86362.106893,2026-07-22T15:14:36.063,3,3,3,0,0
86362.109821,2026-07-22T15:14:36.066,3,3,3,0,0
86362.112192,2026-07-22T15:14:36.069,3,3,3,0,0
86362.114847,2026-07-22T15:14:36.071,3,3,3,0,0
86362.117564,2026-07-22T15:14:36.074,3,3,3,0,0
86362.120138,2026-07-22T15:14:36.076,3,3,3,0,0
86362.122609,2026-07-22T15:14:36.079,3,3,3,0,0
86362.125094,2026-07-22T15:14:36.081,3,3,3,0,0
86362.127697,2026-07-22T15:14:36.084,3,3,3,0,0
86362.130301,2026-07-22T15:14:36.087,3,3,3,0,0
86362.132994,2026-07-22T15:14:36.089,3,3,3,0,0
86362.135556,2026-07-22T15:14:36.092,3,3,3,0,0
86362.137567,2026-07-22T15:14:36.094,3,3,3,0,0
86362.139621,2026-07-22T15:14:36.096,3,3,3,0,0
86362.142143,2026-07-22T15:14:36.098,3,3,3,0,0
86362.144656,2026-07-22T15:14:36.101,3,3,3,0,0
86362.146680,2026-07-22T15:14:36.103,3,3,3,0,0
86362.148691,2026-07-22T15:14:36.105,3,3,3,0,0
86362.151224,2026-07-22T15:14:36.108,3,3,3,0,0
86362.153246,2026-07-22T15:14:36.110,3,3,3,0,0
86362.155297,2026-07-22T15:14:36.112,3,3,3,0,0
86362.157784,2026-07-22T15:14:36.114,3,3,3,0,0
86362.159820,2026-07-22T15:14:36.116,3,3,3,0,0
86362.162314,2026-07-22T15:14:36.119,3,3,3,0,0
86362.164967,2026-07-22T15:14:36.121,3,3,3,0,0
86362.167487,2026-07-22T15:14:36.124,3,3,3,0,0
86362.169948,2026-07-22T15:14:36.126,3,3,3,0,0
86362.172298,2026-07-22T15:14:36.129,3,3,3,0,0
86362.174827,2026-07-22T15:14:36.131,3,3,3,0,0
86362.176836,2026-07-22T15:14:36.133,3,3,3,0,0
86362.179149,2026-07-22T15:14:36.135,3,3,3,0,0
86362.181183,2026-07-22T15:14:36.138,3,3,3,0,0
86362.183667,2026-07-22T15:14:36.140,3,3,3,0,0
86362.186157,2026-07-22T15:14:36.142,3,3,3,0,0
86362.188804,2026-07-22T15:14:36.145,3,3,3,0,0
86362.191225,2026-07-22T15:14:36.147,3,3,3,0,0
86362.193771,2026-07-22T15:14:36.150,3,3,3,0,0
86362.196550,2026-07-22T15:14:36.153,3,3,3,0,0
86362.199148,2026-07-22T15:14:36.155,3,3,3,0,0
86362.201614,2026-07-22T15:14:36.158,3,3,3,0,0
86362.203936,2026-07-22T15:14:36.160,3,3,3,0,0
86362.206559,2026-07-22T15:14:36.163,3,3,3,0,0
86362.209208,2026-07-22T15:14:36.166,3,3,3,0,0
86362.211880,2026-07-22T15:14:36.168,3,3,3,0,0
86362.214473,2026-07-22T15:14:36.171,3,3,3,0,0
86362.216558,2026-07-22T15:14:36.173,3,3,3,0,0
86362.219148,2026-07-22T15:14:36.175,3,3,3,0,0
86362.221784,2026-07-22T15:14:36.178,3,3,3,0,0
86362.224492,2026-07-22T15:14:36.181,3,3,3,0,0
86362.227196,2026-07-22T15:14:36.184,3,3,3,0,0
86362.229760,2026-07-22T15:14:36.186,3,3,3,0,0
86362.232356,2026-07-22T15:14:36.189,3,3,3,0,0
86362.234917,2026-07-22T15:14:36.191,3,3,3,0,0
86362.237458,2026-07-22T15:14:36.194,3,3,3,0,0
86362.240040,2026-07-22T15:14:36.196,3,3,3,0,0
86362.242683,2026-07-22T15:14:36.199,3,3,3,0,0
86362.244693,2026-07-22T15:14:36.201,3,3,3,0,0
86362.247136,2026-07-22T15:14:36.203,3,3,3,0,0
86362.249583,2026-07-22T15:14:36.206,3,3,3,0,0
86362.251863,2026-07-22T15:14:36.208,3,3,3,0,0
86362.253873,2026-07-22T15:14:36.210,3,3,3,0,0
86362.255961,2026-07-22T15:14:36.212,3,3,3,0,0
86362.258490,2026-07-22T15:14:36.215,3,3,3,0,0
86362.261088,2026-07-22T15:14:36.217,3,3,3,0,0
86362.263817,2026-07-22T15:14:36.220,3,3,3,0,0
86362.265860,2026-07-22T15:14:36.222,3,3,3,0,0
86362.268350,2026-07-22T15:14:36.225,3,3,3,0,0
86362.270997,2026-07-22T15:14:36.227,3,3,3,0,0
86362.273712,2026-07-22T15:14:36.230,3,3,3,0,0
86362.275783,2026-07-22T15:14:36.232,3,3,3,0,0
86362.278201,2026-07-22T15:14:36.235,3,3,3,0,0
86362.280920,2026-07-22T15:14:36.237,3,3,3,0,0
86362.282942,2026-07-22T15:14:36.239,3,3,3,0,0
86362.285545,2026-07-22T15:14:36.242,3,3,3,0,0
86362.288019,2026-07-22T15:14:36.244,3,3,3,0,0
86362.290475,2026-07-22T15:14:36.247,3,3,3,0,0
86362.293085,2026-07-22T15:14:36.249,3,3,3,0,0
86362.295685,2026-07-22T15:14:36.252,3,3,3,0,0
86362.298016,2026-07-22T15:14:36.254,3,3,3,0,0
86362.300176,2026-07-22T15:14:36.256,3,3,3,0,0
86362.302370,2026-07-22T15:14:36.259,3,3,3,0,0
86362.304700,2026-07-22T15:14:36.261,3,3,3,0,0
86362.307378,2026-07-22T15:14:36.264,3,3,3,0,0
86362.309968,2026-07-22T15:14:36.266,3,3,3,0,0
86362.312686,2026-07-22T15:14:36.269,3,3,3,0,0
86362.315367,2026-07-22T15:14:36.272,3,3,3,0,0
86362.318001,2026-07-22T15:14:36.274,3,3,3,0,0
86362.320477,2026-07-22T15:14:36.277,3,3,3,0,0
86362.323008,2026-07-22T15:14:36.279,3,3,3,0,0
86362.325511,2026-07-22T15:14:36.282,3,3,3,0,0
86362.327963,2026-07-22T15:14:36.284,3,3,3,0,0
86362.330472,2026-07-22T15:14:36.287,3,3,3,0,0
86362.333168,2026-07-22T15:14:36.290,3,3,3,0,0
86362.335794,2026-07-22T15:14:36.292,3,3,3,0,0
86362.338317,2026-07-22T15:14:36.295,3,3,3,0,0
86362.340399,2026-07-22T15:14:36.297,3,3,3,0,0
86362.342468,2026-07-22T15:14:36.299,3,3,3,0,0
86362.344501,2026-07-22T15:14:36.301,3,3,3,0,0
86362.346555,2026-07-22T15:14:36.303,3,3,3,0,0
86362.348603,2026-07-22T15:14:36.305,3,3,3,0,0
86362.350646,2026-07-22T15:14:36.307,3,3,3,0,0
86362.352700,2026-07-22T15:14:36.309,3,3,3,0,0
86362.355093,2026-07-22T15:14:36.311,3,3,3,0,0
86362.357727,2026-07-22T15:14:36.314,3,3,3,0,0
86362.360414,2026-07-22T15:14:36.317,3,3,3,0,0
86362.362920,2026-07-22T15:14:36.319,3,3,3,0,0
86362.365432,2026-07-22T15:14:36.322,3,3,3,0,0
86362.368027,2026-07-22T15:14:36.324,3,3,3,0,0
86362.370063,2026-07-22T15:14:36.326,3,3,3,0,0
86362.372537,2026-07-22T15:14:36.329,3,3,3,0,0
86362.375322,2026-07-22T15:14:36.332,3,3,3,0,0
86362.377887,2026-07-22T15:14:36.334,3,3,3,0,0
86362.380367,2026-07-22T15:14:36.337,3,3,3,0,0
86362.383040,2026-07-22T15:14:36.339,3,3,3,0,0
86362.385357,2026-07-22T15:14:36.342,3,3,3,0,0
86362.388092,2026-07-22T15:14:36.344,3,3,3,0,0
86362.390684,2026-07-22T15:14:36.347,3,3,3,0,0
86362.393212,2026-07-22T15:14:36.350,3,3,3,0,0
86362.395911,2026-07-22T15:14:36.352,3,3,3,0,0
86362.398348,2026-07-22T15:14:36.355,3,3,3,0,0
86362.400735,2026-07-22T15:14:36.357,3,3,3,0,0
86362.403271,2026-07-22T15:14:36.360,3,3,3,0,0
86362.405752,2026-07-22T15:14:36.362,3,3,3,0,0
86362.408078,2026-07-22T15:14:36.364,3,3,3,0,0
86362.410121,2026-07-22T15:14:36.366,3,3,3,0,0
86362.412179,2026-07-22T15:14:36.369,3,3,3,0,0
86362.414763,2026-07-22T15:14:36.371,3,3,3,0,0
86362.416791,2026-07-22T15:14:36.373,3,3,3,0,0
86362.418840,2026-07-22T15:14:36.375,3,3,3,0,0
86362.420916,2026-07-22T15:14:36.377,3,3,3,0,0
86362.422950,2026-07-22T15:14:36.379,3,3,3,0,0
86362.425003,2026-07-22T15:14:36.381,3,3,3,0,0
86362.427050,2026-07-22T15:14:36.383,3,3,3,0,0
86362.429108,2026-07-22T15:14:36.385,3,3,3,0,0
86362.431164,2026-07-22T15:14:36.388,3,3,3,0,0
86362.433213,2026-07-22T15:14:36.390,3,3,3,0,0
86362.435255,2026-07-22T15:14:36.392,3,3,3,0,0
86362.437351,2026-07-22T15:14:36.394,3,3,3,0,0
86362.439388,2026-07-22T15:14:36.396,3,3,3,0,0
86362.441447,2026-07-22T15:14:36.398,3,3,3,0,0
86362.443490,2026-07-22T15:14:36.400,3,3,3,0,0
86362.445543,2026-07-22T15:14:36.402,3,3,3,0,0
86362.448058,2026-07-22T15:14:36.404,3,3,3,0,0
86362.450576,2026-07-22T15:14:36.407,3,3,3,0,0
86362.453180,2026-07-22T15:14:36.409,3,3,3,0,0
86362.455456,2026-07-22T15:14:36.412,3,3,3,0,0
86362.457969,2026-07-22T15:14:36.414,3,3,3,0,0
86362.460472,2026-07-22T15:14:36.417,3,3,3,0,0
86362.462903,2026-07-22T15:14:36.419,3,3,3,0,0
86362.465689,2026-07-22T15:14:36.422,3,3,3,0,0
86362.467700,2026-07-22T15:14:36.424,3,3,3,0,0
86362.469742,2026-07-22T15:14:36.426,3,3,3,0,0
86362.471976,2026-07-22T15:14:36.428,3,3,3,0,0
86362.474342,2026-07-22T15:14:36.431,3,3,3,0,0
86362.476582,2026-07-22T15:14:36.433,3,3,3,0,0
86362.479254,2026-07-22T15:14:36.436,3,3,3,0,0
86362.481767,2026-07-22T15:14:36.438,3,3,3,0,0
86362.484197,2026-07-22T15:14:36.441,3,3,3,0,0
86362.486714,2026-07-22T15:14:36.443,3,3,3,0,0
86362.489056,2026-07-22T15:14:36.445,3,3,3,0,0
86362.491696,2026-07-22T15:14:36.448,3,3,3,0,0
86362.494440,2026-07-22T15:14:36.451,3,3,3,0,0
86362.496888,2026-07-22T15:14:36.453,3,3,3,0,0
86362.500249,2026-07-22T15:14:36.456,3,3,3,0,0
86362.502396,2026-07-22T15:14:36.459,3,3,3,0,0
86362.505021,2026-07-22T15:14:36.461,3,3,3,0,0
86362.507723,2026-07-22T15:14:36.464,3,3,3,0,0
86362.510270,2026-07-22T15:14:36.467,3,3,3,0,0
86362.512287,2026-07-22T15:14:36.469,3,3,3,0,0
86362.514948,2026-07-22T15:14:36.471,3,3,3,0,0
86362.517301,2026-07-22T15:14:36.474,3,3,3,0,0
86362.519833,2026-07-22T15:14:36.476,3,3,3,0,0
86362.521878,2026-07-22T15:14:36.478,3,3,3,0,0
86362.524698,2026-07-22T15:14:36.481,3,3,3,0,0
86362.526733,2026-07-22T15:14:36.483,3,3,3,0,0
86362.529250,2026-07-22T15:14:36.486,3,3,3,0,0
86362.531801,2026-07-22T15:14:36.488,3,3,3,0,0
86362.534288,2026-07-22T15:14:36.491,3,3,3,0,0
86362.536815,2026-07-22T15:14:36.493,3,3,3,0,0
86362.539330,2026-07-22T15:14:36.496,3,3,3,0,0
86362.541849,2026-07-22T15:14:36.498,3,3,3,0,0
86362.544388,2026-07-22T15:14:36.501,3,3,3,0,0
86362.547165,2026-07-22T15:14:36.503,3,3,3,0,0
86362.549645,2026-07-22T15:14:36.506,3,3,3,0,0
86362.552163,2026-07-22T15:14:36.509,3,3,3,0,0
86362.554187,2026-07-22T15:14:36.511,3,3,3,0,0
86362.556247,2026-07-22T15:14:36.513,3,3,3,0,0
86362.558695,2026-07-22T15:14:36.515,3,3,3,0,0
86362.560726,2026-07-22T15:14:36.517,3,3,3,0,0
86362.563253,2026-07-22T15:14:36.520,3,3,3,0,0
86362.565751,2026-07-22T15:14:36.522,3,3,3,0,0
86362.568235,2026-07-22T15:14:36.525,3,3,3,0,0
86362.570745,2026-07-22T15:14:36.527,3,3,3,0,0
86362.573344,2026-07-22T15:14:36.530,3,3,3,0,0
86362.575853,2026-07-22T15:14:36.532,3,3,3,0,0
86362.577954,2026-07-22T15:14:36.534,3,3,3,0,0
86362.580063,2026-07-22T15:14:36.536,3,3,3,0,0
86362.582581,2026-07-22T15:14:36.539,3,3,3,0,0
86362.585153,2026-07-22T15:14:36.541,3,3,3,0,0
86362.587633,2026-07-22T15:14:36.544,3,3,3,0,0
86362.589650,2026-07-22T15:14:36.546,3,3,3,0,0
86362.592138,2026-07-22T15:14:36.548,3,3,3,0,0
86362.594200,2026-07-22T15:14:36.551,3,3,3,0,0
86362.596786,2026-07-22T15:14:36.553,3,3,3,0,0
86362.599130,2026-07-22T15:14:36.555,3,3,3,0,0
86362.601331,2026-07-22T15:14:36.558,3,3,3,0,0
86362.603356,2026-07-22T15:14:36.560,3,3,3,0,0
86362.605399,2026-07-22T15:14:36.562,3,3,3,0,0
86362.607862,2026-07-22T15:14:36.564,3,3,3,0,0
86362.609919,2026-07-22T15:14:36.566,3,3,3,0,0
86362.612400,2026-07-22T15:14:36.569,3,3,3,0,0
86362.614424,2026-07-22T15:14:36.571,3,3,3,0,0
86362.616457,2026-07-22T15:14:36.573,3,3,3,0,0
86362.618470,2026-07-22T15:14:36.575,3,3,3,0,0
86362.620502,2026-07-22T15:14:36.577,3,3,3,0,0
86362.623054,2026-07-22T15:14:36.579,3,3,3,0,0
86362.625524,2026-07-22T15:14:36.582,3,3,3,0,0
86362.627558,2026-07-22T15:14:36.584,3,3,3,0,0
86362.629570,2026-07-22T15:14:36.586,3,3,3,0,0
86362.632041,2026-07-22T15:14:36.588,3,3,3,0,0
86362.634531,2026-07-22T15:14:36.591,3,3,3,0,0
86362.637159,2026-07-22T15:14:36.594,3,3,3,0,0
86362.639197,2026-07-22T15:14:36.596,3,3,3,0,0
86362.641719,2026-07-22T15:14:36.598,3,3,3,0,0
86362.644219,2026-07-22T15:14:36.601,3,3,3,0,0
86362.646817,2026-07-22T15:14:36.603,3,3,3,0,0
86362.648842,2026-07-22T15:14:36.605,3,3,3,0,0
86362.651349,2026-07-22T15:14:36.608,3,3,3,0,0
86362.653597,2026-07-22T15:14:36.610,3,3,3,0,0
86362.655635,2026-07-22T15:14:36.612,3,3,3,0,0
86362.658223,2026-07-22T15:14:36.615,3,3,3,0,0
86362.660689,2026-07-22T15:14:36.617,3,3,3,0,0
86362.663077,2026-07-22T15:14:36.619,3,3,3,0,0
86362.665474,2026-07-22T15:14:36.622,3,3,3,0,0
86362.667974,2026-07-22T15:14:36.624,3,3,3,0,0
86362.670477,2026-07-22T15:14:36.627,3,3,3,0,0
86362.672994,2026-07-22T15:14:36.629,3,3,3,0,0
86362.675575,2026-07-22T15:14:36.632,3,3,3,0,0
86362.678102,2026-07-22T15:14:36.634,3,3,3,0,0
86362.680635,2026-07-22T15:14:36.637,3,3,3,0,0
86362.683227,2026-07-22T15:14:36.640,3,3,3,0,0
86362.685255,2026-07-22T15:14:36.642,3,3,3,0,0
86362.687695,2026-07-22T15:14:36.644,3,3,3,0,0
86362.689768,2026-07-22T15:14:36.646,3,3,3,0,0
86362.692190,2026-07-22T15:14:36.649,3,3,3,0,0
86362.694720,2026-07-22T15:14:36.651,3,3,3,0,0
86362.697371,2026-07-22T15:14:36.654,3,3,3,0,0
86362.701661,2026-07-22T15:14:36.658,3,3,3,0,0
86362.704131,2026-07-22T15:14:36.660,3,3,3,0,0
86362.706658,2026-07-22T15:14:36.663,3,3,3,0,0
86362.709025,2026-07-22T15:14:36.665,3,3,3,0,0
86362.711046,2026-07-22T15:14:36.667,3,3,3,0,0
86362.713089,2026-07-22T15:14:36.669,3,3,3,0,0
86362.715728,2026-07-22T15:14:36.672,3,3,3,0,0
86362.718241,2026-07-22T15:14:36.675,3,3,3,0,0
86362.720888,2026-07-22T15:14:36.677,3,3,3,0,0
86362.723560,2026-07-22T15:14:36.680,3,3,3,0,0
86362.725592,2026-07-22T15:14:36.682,3,3,3,0,0
86362.728111,2026-07-22T15:14:36.684,3,3,3,0,0
86362.730147,2026-07-22T15:14:36.686,3,3,3,0,0
86362.732576,2026-07-22T15:14:36.689,3,3,3,0,0
86362.734722,2026-07-22T15:14:36.691,3,3,3,0,0
86362.736741,2026-07-22T15:14:36.693,3,3,3,0,0
86362.739248,2026-07-22T15:14:36.696,3,3,3,0,0
86362.741765,2026-07-22T15:14:36.698,3,3,3,0,0
86362.744258,2026-07-22T15:14:36.701,3,3,3,0,0
86362.746774,2026-07-22T15:14:36.703,3,3,3,0,0
86362.748985,2026-07-22T15:14:36.705,3,3,3,0,0
86362.751501,2026-07-22T15:14:36.708,3,3,3,0,0
86362.754204,2026-07-22T15:14:36.711,3,3,3,0,0
86362.756664,2026-07-22T15:14:36.713,3,3,3,0,0
86362.759171,2026-07-22T15:14:36.716,3,3,3,0,0
86362.761188,2026-07-22T15:14:36.718,3,3,3,0,0
86362.763697,2026-07-22T15:14:36.720,3,3,3,0,0
86362.766165,2026-07-22T15:14:36.723,3,3,3,0,0
86362.768669,2026-07-22T15:14:36.725,3,3,3,0,0
86362.771127,2026-07-22T15:14:36.727,3,3,3,0,0
86362.773634,2026-07-22T15:14:36.730,3,3,3,0,0
86362.776144,2026-07-22T15:14:36.732,3,3,3,0,0
86362.778775,2026-07-22T15:14:36.735,3,3,3,0,0
86362.780945,2026-07-22T15:14:36.737,3,3,3,0,0
86362.783492,2026-07-22T15:14:36.740,3,3,3,0,0
86362.785994,2026-07-22T15:14:36.742,3,3,3,0,0
86362.788496,2026-07-22T15:14:36.745,3,3,3,0,0
86362.791012,2026-07-22T15:14:36.747,3,3,3,0,0
86362.793478,2026-07-22T15:14:36.750,3,3,3,0,0
86362.795992,2026-07-22T15:14:36.752,3,3,3,0,0
86362.798819,2026-07-22T15:14:36.755,3,3,3,0,0
86362.801230,2026-07-22T15:14:36.758,3,3,3,0,0
86362.803244,2026-07-22T15:14:36.760,3,3,3,0,0
86362.805703,2026-07-22T15:14:36.762,3,3,3,0,0
86362.807738,2026-07-22T15:14:36.764,3,3,3,0,0
86362.810162,2026-07-22T15:14:36.767,3,3,3,0,0
86362.812684,2026-07-22T15:14:36.769,3,3,3,0,0
86362.815367,2026-07-22T15:14:36.772,3,3,3,0,0
86362.817858,2026-07-22T15:14:36.774,3,3,3,0,0
86362.820330,2026-07-22T15:14:36.777,3,3,3,0,0
86362.822952,2026-07-22T15:14:36.779,3,3,3,0,0
86362.825004,2026-07-22T15:14:36.781,3,3,3,0,0
86362.827182,2026-07-22T15:14:36.784,3,3,3,0,0
86362.829227,2026-07-22T15:14:36.786,3,3,3,0,0
86362.831707,2026-07-22T15:14:36.788,3,3,3,0,0
86362.834202,2026-07-22T15:14:36.791,3,3,3,0,0
86362.836780,2026-07-22T15:14:36.793,3,3,3,0,0
86362.838878,2026-07-22T15:14:36.795,3,3,3,0,0
86362.840920,2026-07-22T15:14:36.797,3,3,3,0,0
86362.843493,2026-07-22T15:14:36.800,36,0,3,0,30
86362.846018,2026-07-22T15:14:36.802,36,0,3,0,30
86362.848532,2026-07-22T15:14:36.805,36,0,3,0,30
86362.850919,2026-07-22T15:14:36.807,36,0,3,0,30
86362.853429,2026-07-22T15:14:36.810,36,0,3,0,30
86362.855942,2026-07-22T15:14:36.812,36,0,3,0,30
86362.858452,2026-07-22T15:14:36.815,36,0,3,0,30
86362.860969,2026-07-22T15:14:36.817,36,0,3,0,30
86362.863484,2026-07-22T15:14:36.820,36,0,3,0,30
86362.865980,2026-07-22T15:14:36.822,36,0,3,0,30
86362.868485,2026-07-22T15:14:36.825,36,0,3,0,30
86362.870495,2026-07-22T15:14:36.827,36,0,3,0,30
86362.873009,2026-07-22T15:14:36.829,36,0,3,0,30
86362.875505,2026-07-22T15:14:36.832,36,0,3,0,30
86362.878010,2026-07-22T15:14:36.834,36,0,3,0,30
86362.880181,2026-07-22T15:14:36.837,36,0,3,0,30
86362.882222,2026-07-22T15:14:36.839,36,0,3,0,30
86362.884246,2026-07-22T15:14:36.841,36,0,3,0,30
86362.886801,2026-07-22T15:14:36.843,36,0,3,0,30
86362.889533,2026-07-22T15:14:36.846,36,0,3,0,30
86362.892058,2026-07-22T15:14:36.848,36,0,3,0,30
86362.894649,2026-07-22T15:14:36.851,36,0,3,0,30
86362.896704,2026-07-22T15:14:36.853,36,0,3,0,30
86362.899220,2026-07-22T15:14:36.855,36,0,3,0,30
86362.901742,2026-07-22T15:14:36.858,36,0,3,0,30
86362.903879,2026-07-22T15:14:36.860,36,0,3,0,30
86362.906425,2026-07-22T15:14:36.863,36,0,3,0,30
86362.908459,2026-07-22T15:14:36.865,36,0,3,0,30
86362.910515,2026-07-22T15:14:36.867,36,0,3,0,30
86362.912601,2026-07-22T15:14:36.869,36,0,3,0,30
86362.914825,2026-07-22T15:14:36.871,36,0,3,0,30
86362.916858,2026-07-22T15:14:36.873,36,0,3,0,30
86362.919211,2026-07-22T15:14:36.876,36,0,3,0,30
86362.921811,2026-07-22T15:14:36.878,36,0,3,0,30
86362.924327,2026-07-22T15:14:36.881,36,0,3,0,30
86362.926452,2026-07-22T15:14:36.883,36,0,3,0,30
86362.928897,2026-07-22T15:14:36.885,36,0,3,0,30
86362.930935,2026-07-22T15:14:36.887,36,0,3,0,30
86362.932950,2026-07-22T15:14:36.889,36,0,3,0,30
86362.935473,2026-07-22T15:14:36.892,36,0,3,0,30
86362.937494,2026-07-22T15:14:36.894,36,0,3,0,30
86362.939530,2026-07-22T15:14:36.896,36,0,3,0,30
86362.942054,2026-07-22T15:14:36.898,36,0,3,0,30
86362.944577,2026-07-22T15:14:36.901,36,0,3,0,30
86362.946798,2026-07-22T15:14:36.903,36,0,3,0,30
86362.948830,2026-07-22T15:14:36.905,36,0,3,0,30
86362.950864,2026-07-22T15:14:36.907,36,0,3,0,30
86362.952891,2026-07-22T15:14:36.909,36,0,3,0,30
86362.954959,2026-07-22T15:14:36.911,36,0,3,0,30
86362.957003,2026-07-22T15:14:36.913,36,0,3,0,30
86362.959504,2026-07-22T15:14:36.916,36,0,3,0,30
86362.961525,2026-07-22T15:14:36.918,36,0,3,0,30
86362.964036,2026-07-22T15:14:36.920,36,0,3,0,30
86362.966074,2026-07-22T15:14:36.922,36,0,3,0,30
86362.968096,2026-07-22T15:14:36.924,36,0,3,0,30
86362.970220,2026-07-22T15:14:36.927,36,0,3,0,30
86362.972749,2026-07-22T15:14:36.929,36,0,3,0,30
86362.975311,2026-07-22T15:14:36.932,36,0,3,0,30
86362.977349,2026-07-22T15:14:36.934,36,0,3,0,30
86362.979382,2026-07-22T15:14:36.936,36,0,3,0,30
86362.981433,2026-07-22T15:14:36.938,36,0,3,0,30
86362.983927,2026-07-22T15:14:36.940,36,0,3,0,30
86362.986455,2026-07-22T15:14:36.943,36,0,3,0,30
86362.988518,2026-07-22T15:14:36.945,36,0,3,0,30
86362.990537,2026-07-22T15:14:36.947,36,0,3,0,30
86362.993058,2026-07-22T15:14:36.949,36,0,3,0,30
86362.995080,2026-07-22T15:14:36.951,36,0,3,0,30
86362.997125,2026-07-22T15:14:36.953,36,0,3,0,30
86362.999675,2026-07-22T15:14:36.956,36,0,3,0,30
86363.002215,2026-07-22T15:14:36.959,36,0,3,0,30
86363.004680,2026-07-22T15:14:36.961,36,0,3,0,30
86363.007043,2026-07-22T15:14:36.963,36,0,3,0,30
86363.009066,2026-07-22T15:14:36.965,36,0,3,0,30
86363.011585,2026-07-22T15:14:36.968,36,0,3,0,30
86363.014104,2026-07-22T15:14:36.970,36,0,3,0,30
86363.016631,2026-07-22T15:14:36.973,36,0,3,0,30
86363.019252,2026-07-22T15:14:36.976,36,0,3,0,30
86363.021757,2026-07-22T15:14:36.978,36,0,3,0,30
86363.024232,2026-07-22T15:14:36.981,36,0,3,0,30
86363.026265,2026-07-22T15:14:36.983,36,0,3,0,30
86363.028303,2026-07-22T15:14:36.985,36,0,3,0,30
86363.030324,2026-07-22T15:14:36.987,36,0,3,0,30
86363.032622,2026-07-22T15:14:36.989,36,0,3,0,30
86363.034663,2026-07-22T15:14:36.991,36,0,3,0,30
86363.037306,2026-07-22T15:14:36.994,36,0,3,0,30
86363.039352,2026-07-22T15:14:36.996,36,0,3,0,30
86363.041390,2026-07-22T15:14:36.998,36,0,3,0,30
86363.043896,2026-07-22T15:14:37.000,36,0,3,0,30
86363.046401,2026-07-22T15:14:37.003,36,0,3,0,30
86363.048930,2026-07-22T15:14:37.005,36,0,3,0,30
86363.051014,2026-07-22T15:14:37.007,36,0,3,0,30
86363.053045,2026-07-22T15:14:37.009,36,0,3,0,30
86363.055078,2026-07-22T15:14:37.011,36,0,3,0,30
86363.057098,2026-07-22T15:14:37.013,36,0,3,0,30
86363.059134,2026-07-22T15:14:37.015,36,0,3,0,30
86363.061437,2026-07-22T15:14:37.018,36,0,3,0,30
86363.063672,2026-07-22T15:14:37.020,36,0,3,0,30
86363.065703,2026-07-22T15:14:37.022,36,0,3,0,30
86363.067843,2026-07-22T15:14:37.024,36,0,3,0,30
86363.070356,2026-07-22T15:14:37.027,36,0,3,0,30
86363.072869,2026-07-22T15:14:37.029,36,0,3,0,30
86363.075393,2026-07-22T15:14:37.032,36,0,3,0,30
86363.077914,2026-07-22T15:14:37.034,36,0,3,0,30
86363.079982,2026-07-22T15:14:37.036,36,0,3,0,30
86363.082064,2026-07-22T15:14:37.038,36,0,3,0,30
86363.084285,2026-07-22T15:14:37.041,36,0,3,0,30
86363.086326,2026-07-22T15:14:37.043,36,0,3,0,5
86363.089035,2026-07-22T15:14:37.045,36,2,3,0,5
86363.091602,2026-07-22T15:14:37.048,36,2,3,0,5
86363.094123,2026-07-22T15:14:37.050,36,2,3,0,5
86363.096831,2026-07-22T15:14:37.053,36,2,3,0,5
86363.099759,2026-07-22T15:14:37.055,36,2,3,0,5
86363.102037,2026-07-22T15:14:37.058,36,2,3,0,5
86363.104791,2026-07-22T15:14:37.061,36,2,3,0,5
86363.106821,2026-07-22T15:14:37.063,36,2,3,0,5
86363.109372,2026-07-22T15:14:37.066,36,2,3,0,5
86363.111893,2026-07-22T15:14:37.068,36,2,3,0,5
86363.114165,2026-07-22T15:14:37.070,36,2,3,0,5
86363.116577,2026-07-22T15:14:37.073,36,2,3,0,5
86363.118612,2026-07-22T15:14:37.075,36,2,3,0,5
86363.121215,2026-07-22T15:14:37.078,36,2,3,0,5
86363.123260,2026-07-22T15:14:37.080,36,2,3,0,5
86363.125920,2026-07-22T15:14:37.082,36,2,3,0,5
86363.128443,2026-07-22T15:14:37.085,36,2,3,0,5
86363.131029,2026-07-22T15:14:37.087,36,2,3,0,5
86363.133666,2026-07-22T15:14:37.090,36,2,3,0,5
86363.136194,2026-07-22T15:14:37.093,36,2,3,0,5
86363.138235,2026-07-22T15:14:37.095,36,2,3,0,5
86363.140763,2026-07-22T15:14:37.097,36,2,3,0,5
86363.143370,2026-07-22T15:14:37.100,36,2,3,0,5
86363.145942,2026-07-22T15:14:37.102,36,2,3,0,5
86363.148479,2026-07-22T15:14:37.105,36,2,3,0,5
86363.150993,2026-07-22T15:14:37.107,36,2,3,0,5
86363.153403,2026-07-22T15:14:37.109,36,2,3,0,5
86363.155894,2026-07-22T15:14:37.112,36,2,3,0,5
86363.158414,2026-07-22T15:14:37.115,36,2,3,0,5
86363.161113,2026-07-22T15:14:37.117,36,2,3,0,5
86363.163632,2026-07-22T15:14:37.120,36,2,3,0,5
86363.166117,2026-07-22T15:14:37.122,36,2,3,0,5
86363.168636,2026-07-22T15:14:37.125,36,2,3,0,5
86363.171056,2026-07-22T15:14:37.127,36,2,3,0,5
86363.173564,2026-07-22T15:14:37.130,36,2,3,0,5
86363.176145,2026-07-22T15:14:37.132,36,2,3,0,5
86363.178720,2026-07-22T15:14:37.135,36,2,3,0,5
86363.180950,2026-07-22T15:14:37.137,36,2,3,0,5
86363.183246,2026-07-22T15:14:37.140,36,2,3,0,5
86363.185306,2026-07-22T15:14:37.142,36,2,3,0,5
86363.188014,2026-07-22T15:14:37.144,36,2,3,0,5
86363.190526,2026-07-22T15:14:37.147,36,2,3,0,5
86363.193350,2026-07-22T15:14:37.150,36,2,3,0,5
86363.195947,2026-07-22T15:14:37.152,36,2,3,0,5
86363.198686,2026-07-22T15:14:37.155,36,2,3,0,5
86363.200780,2026-07-22T15:14:37.157,36,2,3,0,5
86363.202816,2026-07-22T15:14:37.159,36,2,3,0,5
86363.204837,2026-07-22T15:14:37.161,36,2,3,0,5
86363.207361,2026-07-22T15:14:37.164,36,2,3,0,5
86363.209429,2026-07-22T15:14:37.166,36,2,3,0,5
86363.211516,2026-07-22T15:14:37.168,36,2,3,0,5
86363.213551,2026-07-22T15:14:37.170,36,2,3,0,5
86363.216060,2026-07-22T15:14:37.172,36,2,3,0,5
86363.218584,2026-07-22T15:14:37.175,36,2,3,0,5
86363.220982,2026-07-22T15:14:37.177,36,2,3,0,5
86363.223592,2026-07-22T15:14:37.180,36,2,3,0,5
86363.225798,2026-07-22T15:14:37.182,36,2,3,0,5
86363.227970,2026-07-22T15:14:37.184,36,2,3,0,5
86363.230489,2026-07-22T15:14:37.187,36,2,3,0,5
86363.233022,2026-07-22T15:14:37.189,36,2,3,0,5
86363.235045,2026-07-22T15:14:37.191,36,2,3,0,5
86363.237572,2026-07-22T15:14:37.194,36,2,3,0,5
86363.240135,2026-07-22T15:14:37.196,36,2,3,0,5
86363.242616,2026-07-22T15:14:37.199,36,2,3,0,5
86363.245179,2026-07-22T15:14:37.202,36,2,3,0,5
86363.247217,2026-07-22T15:14:37.204,36,2,3,0,5
86363.249913,2026-07-22T15:14:37.206,36,2,3,0,5
86363.252430,2026-07-22T15:14:37.209,36,2,3,0,5
86363.254761,2026-07-22T15:14:37.211,36,2,3,0,5
86363.257241,2026-07-22T15:14:37.214,36,2,3,0,5
86363.259986,2026-07-22T15:14:37.216,36,2,3,0,5
86363.262679,2026-07-22T15:14:37.219,36,2,3,0,5
86363.265323,2026-07-22T15:14:37.222,36,2,3,0,5
86363.267828,2026-07-22T15:14:37.224,36,2,3,0,5
86363.269865,2026-07-22T15:14:37.226,36,2,3,0,5
86363.272314,2026-07-22T15:14:37.229,36,2,3,0,5
86363.274778,2026-07-22T15:14:37.231,36,2,3,0,5
86363.277349,2026-07-22T15:14:37.234,36,2,3,0,5
86363.279364,2026-07-22T15:14:37.236,36,2,3,0,5
86363.281418,2026-07-22T15:14:37.238,36,2,3,0,5
86363.283545,2026-07-22T15:14:37.240,36,2,3,0,5
86363.285951,2026-07-22T15:14:37.242,36,2,3,0,5
86363.288493,2026-07-22T15:14:37.245,36,2,3,0,5
86363.291158,2026-07-22T15:14:37.248,36,2,3,0,5
86363.293763,2026-07-22T15:14:37.250,36,2,3,0,5
86363.296218,2026-07-22T15:14:37.253,36,2,3,0,5
86363.298248,2026-07-22T15:14:37.255,36,2,3,0,5
86363.300608,2026-07-22T15:14:37.257,36,2,3,0,5
86363.302866,2026-07-22T15:14:37.259,36,2,3,0,5
86363.305235,2026-07-22T15:14:37.262,36,2,3,0,5
86363.307880,2026-07-22T15:14:37.264,36,2,3,0,5
86363.309905,2026-07-22T15:14:37.266,36,2,3,0,5
86363.312338,2026-07-22T15:14:37.269,36,2,3,0,5
86363.314391,2026-07-22T15:14:37.271,36,2,3,0,5
86363.316860,2026-07-22T15:14:37.273,36,2,3,0,5
86363.318906,2026-07-22T15:14:37.275,36,2,3,0,5
86363.321399,2026-07-22T15:14:37.278,36,2,3,0,5
86363.323440,2026-07-22T15:14:37.280,36,2,3,0,5
86363.325483,2026-07-22T15:14:37.282,36,2,3,0,5
86363.328066,2026-07-22T15:14:37.284,36,2,3,0,5
86363.330588,2026-07-22T15:14:37.287,36,2,3,0,5
86363.333096,2026-07-22T15:14:37.289,36,2,3,0,5
86363.335703,2026-07-22T15:14:37.292,36,2,3,0,5
86363.337751,2026-07-22T15:14:37.294,36,2,3,0,5
86363.340234,2026-07-22T15:14:37.297,36,2,3,0,5
86363.342280,2026-07-22T15:14:37.299,36,2,3,0,5
86363.344708,2026-07-22T15:14:37.301,36,2,3,0,5
86363.347233,2026-07-22T15:14:37.304,36,2,3,0,5
86363.350086,2026-07-22T15:14:37.306,36,2,3,0,5
86363.353413,2026-07-22T15:14:37.310,36,2,3,0,5
86363.356198,2026-07-22T15:14:37.313,36,2,3,0,5
86363.358792,2026-07-22T15:14:37.315,36,2,3,0,5
86363.361193,2026-07-22T15:14:37.318,36,2,3,0,5
86363.363901,2026-07-22T15:14:37.320,36,2,3,0,5
86363.366088,2026-07-22T15:14:37.322,36,2,3,0,5
86363.368522,2026-07-22T15:14:37.325,36,2,3,0,5
86363.370569,2026-07-22T15:14:37.327,36,2,3,0,5
86363.372976,2026-07-22T15:14:37.329,36,2,3,0,5
86363.375505,2026-07-22T15:14:37.332,36,2,3,0,5
86363.377975,2026-07-22T15:14:37.334,36,2,3,0,5
86363.380409,2026-07-22T15:14:37.337,36,2,3,0,5
86363.383129,2026-07-22T15:14:37.339,36,2,3,0,5
86363.385717,2026-07-22T15:14:37.342,36,2,3,0,5
86363.387738,2026-07-22T15:14:37.344,36,2,3,0,5
86363.390141,2026-07-22T15:14:37.346,36,2,3,0,5
86363.392157,2026-07-22T15:14:37.349,36,2,3,0,5
86363.394184,2026-07-22T15:14:37.351,36,2,3,0,5
86363.396617,2026-07-22T15:14:37.353,36,2,3,0,5
86363.399129,2026-07-22T15:14:37.355,36,2,3,0,5
86363.401532,2026-07-22T15:14:37.357,36,2,3,0,5
86363.403633,2026-07-22T15:14:37.360,36,2,3,0,5
86363.406153,2026-07-22T15:14:37.363,36,2,3,0,5
86363.408695,2026-07-22T15:14:37.365,36,2,3,0,5
86363.411292,2026-07-22T15:14:37.368,36,2,3,0,5
86363.413909,2026-07-22T15:14:37.370,36,2,3,0,5
86363.416235,2026-07-22T15:14:37.373,36,2,3,0,5
86363.418838,2026-07-22T15:14:37.375,36,2,3,0,5
86363.421344,2026-07-22T15:14:37.378,36,2,3,0,5
86363.423810,2026-07-22T15:14:37.380,36,2,3,0,5
86363.425836,2026-07-22T15:14:37.382,36,2,3,0,5
86363.427946,2026-07-22T15:14:37.384,36,2,3,0,5
86363.430359,2026-07-22T15:14:37.387,36,2,3,0,5
86363.432868,2026-07-22T15:14:37.389,36,2,3,0,5
86363.435059,2026-07-22T15:14:37.391,4,0,3,0,21
86363.437579,2026-07-22T15:14:37.394,4,0,3,0,21
86363.440070,2026-07-22T15:14:37.396,4,0,3,0,21
86363.442206,2026-07-22T15:14:37.399,4,0,3,0,21
86363.444786,2026-07-22T15:14:37.401,4,0,3,0,21
86363.447181,2026-07-22T15:14:37.404,4,0,3,0,21
86363.449988,2026-07-22T15:14:37.406,4,0,3,0,21
86363.452370,2026-07-22T15:14:37.409,4,0,3,0,21
86363.455144,2026-07-22T15:14:37.411,4,0,3,0,21
86363.457650,2026-07-22T15:14:37.414,4,0,3,0,21
86363.460201,2026-07-22T15:14:37.417,4,0,3,0,21
86363.462712,2026-07-22T15:14:37.419,4,0,3,0,21
86363.464723,2026-07-22T15:14:37.421,4,0,3,0,21
86363.467227,2026-07-22T15:14:37.424,4,0,3,0,21
86363.469684,2026-07-22T15:14:37.426,4,0,3,0,21
86363.472157,2026-07-22T15:14:37.428,4,0,3,0,21
86363.474702,2026-07-22T15:14:37.431,4,0,3,0,21
86363.476942,2026-07-22T15:14:37.433,4,0,3,0,21
86363.479144,2026-07-22T15:14:37.435,4,0,3,0,21
86363.481653,2026-07-22T15:14:37.438,4,0,3,0,21
86363.484149,2026-07-22T15:14:37.441,4,0,3,0,21
86363.486169,2026-07-22T15:14:37.443,4,0,3,0,21
86363.488647,2026-07-22T15:14:37.445,4,0,3,0,21
86363.491167,2026-07-22T15:14:37.447,4,0,3,0,21
86363.493706,2026-07-22T15:14:37.450,4,0,3,0,21
86363.496247,2026-07-22T15:14:37.453,4,0,3,0,21
86363.498264,2026-07-22T15:14:37.455,4,0,3,0,21
86363.500403,2026-07-22T15:14:37.456,4,0,3,0,21
86363.502604,2026-07-22T15:14:37.459,4,0,3,0,21
86363.504670,2026-07-22T15:14:37.461,4,0,3,0,21
86363.507064,2026-07-22T15:14:37.463,4,0,3,0,21
86363.509558,2026-07-22T15:14:37.466,4,0,3,0,21
86363.512069,2026-07-22T15:14:37.468,4,0,3,0,21
86363.514494,2026-07-22T15:14:37.471,4,0,3,0,21
86363.516986,2026-07-22T15:14:37.473,4,0,3,0,21
86363.519525,2026-07-22T15:14:37.476,4,0,3,0,21
86363.522032,2026-07-22T15:14:37.478,4,0,3,0,21
86363.524797,2026-07-22T15:14:37.481,4,0,3,0,21
86363.527318,2026-07-22T15:14:37.484,4,0,3,0,21
86363.529944,2026-07-22T15:14:37.486,4,0,3,0,21
86363.532452,2026-07-22T15:14:37.489,4,0,3,0,21
86363.535013,2026-07-22T15:14:37.491,4,0,3,0,21
86363.537024,2026-07-22T15:14:37.493,4,0,3,0,21
86363.539171,2026-07-22T15:14:37.495,4,0,3,0,21
86363.541586,2026-07-22T15:14:37.498,4,0,3,0,21
86363.544041,2026-07-22T15:14:37.500,4,0,3,0,21
86363.546505,2026-07-22T15:14:37.503,4,0,3,0,21
86363.548996,2026-07-22T15:14:37.505,4,0,3,0,21
86363.551492,2026-07-22T15:14:37.508,4,0,3,0,21
86363.554119,2026-07-22T15:14:37.510,4,0,3,0,21
86363.556626,2026-07-22T15:14:37.513,4,0,3,0,21
86363.559171,2026-07-22T15:14:37.516,4,0,3,0,21
86363.561222,2026-07-22T15:14:37.518,4,0,3,0,21
86363.563899,2026-07-22T15:14:37.520,4,0,3,0,21
86363.566474,2026-07-22T15:14:37.523,4,0,3,0,21
86363.568992,2026-07-22T15:14:37.525,4,0,3,0,21
86363.571503,2026-07-22T15:14:37.528,4,0,3,0,21
86363.573996,2026-07-22T15:14:37.530,4,0,3,0,21
86363.576432,2026-07-22T15:14:37.533,4,0,3,0,21
86363.579052,2026-07-22T15:14:37.535,4,0,3,0,21
86363.581548,2026-07-22T15:14:37.538,4,0,3,0,21
86363.584002,2026-07-22T15:14:37.540,4,0,3,0,21
86363.586509,2026-07-22T15:14:37.543,4,0,3,0,21
86363.589260,2026-07-22T15:14:37.546,4,0,3,0,21
86363.591832,2026-07-22T15:14:37.548,4,0,3,0,21
86363.594323,2026-07-22T15:14:37.551,4,0,3,0,21
86363.596980,2026-07-22T15:14:37.553,4,0,3,0,21
86363.599575,2026-07-22T15:14:37.556,4,0,3,0,21
86363.601633,2026-07-22T15:14:37.558,4,0,3,0,21
86363.603669,2026-07-22T15:14:37.560,4,0,3,0,21
86363.605717,2026-07-22T15:14:37.562,4,0,3,0,21
86363.607848,2026-07-22T15:14:37.564,4,0,3,0,21
86363.610365,2026-07-22T15:14:37.567,4,0,3,0,21
86363.613050,2026-07-22T15:14:37.569,4,0,3,0,21
86363.615538,2026-07-22T15:14:37.572,4,0,3,0,21
86363.618235,2026-07-22T15:14:37.575,4,0,3,0,21
86363.620556,2026-07-22T15:14:37.577,4,0,3,0,21
86363.623076,2026-07-22T15:14:37.579,4,0,3,0,21
86363.625513,2026-07-22T15:14:37.582,4,0,3,0,21
86363.628120,2026-07-22T15:14:37.584,4,0,3,0,21
86363.630878,2026-07-22T15:14:37.587,4,0,3,0,21
86363.633544,2026-07-22T15:14:37.590,4,0,3,0,21
86363.636228,2026-07-22T15:14:37.593,4,0,3,0,21
86363.638759,2026-07-22T15:14:37.595,4,0,3,0,21
86363.641282,2026-07-22T15:14:37.598,4,0,3,0,21
86363.643640,2026-07-22T15:14:37.600,4,0,3,0,21
86363.646266,2026-07-22T15:14:37.603,4,0,3,0,21
86363.648963,2026-07-22T15:14:37.605,4,0,3,0,21
86363.651311,2026-07-22T15:14:37.608,4,0,3,0,21
86363.653898,2026-07-22T15:14:37.610,4,0,3,0,21
86363.656680,2026-07-22T15:14:37.613,4,0,3,0,21
86363.659309,2026-07-22T15:14:37.616,4,0,3,0,21
86363.661972,2026-07-22T15:14:37.618,4,0,3,0,21
86363.664008,2026-07-22T15:14:37.620,4,0,3,0,21
86363.666050,2026-07-22T15:14:37.622,4,0,3,0,21
86363.668114,2026-07-22T15:14:37.624,4,0,3,0,21
86363.670151,2026-07-22T15:14:37.626,4,0,3,0,21
86363.672405,2026-07-22T15:14:37.629,4,0,3,0,21
86363.674647,2026-07-22T15:14:37.631,4,0,3,0,21
86363.676701,2026-07-22T15:14:37.633,4,0,3,0,21
86363.678733,2026-07-22T15:14:37.635,3,3,3,0,0
86363.681050,2026-07-22T15:14:37.637,3,3,3,0,0
86363.683520,2026-07-22T15:14:37.640,3,3,3,0,0
86363.685853,2026-07-22T15:14:37.642,3,3,3,0,0
86363.688338,2026-07-22T15:14:37.645,3,3,3,0,0
86363.690845,2026-07-22T15:14:37.647,3,3,3,0,0
86363.693249,2026-07-22T15:14:37.650,3,3,3,0,0
86363.695705,2026-07-22T15:14:37.652,3,3,3,0,0
86363.698181,2026-07-22T15:14:37.655,3,3,3,0,0
86363.700636,2026-07-22T15:14:37.657,3,3,3,0,0
86363.702704,2026-07-22T15:14:37.659,3,3,3,0,0
86363.705270,2026-07-22T15:14:37.662,3,3,3,0,0
86363.707911,2026-07-22T15:14:37.664,3,3,3,0,0
86363.710441,2026-07-22T15:14:37.667,3,3,3,0,0
86363.712983,2026-07-22T15:14:37.669,3,3,3,0,0
86363.715756,2026-07-22T15:14:37.672,3,3,3,0,0
86363.718246,2026-07-22T15:14:37.675,3,3,3,0,0
86363.720579,2026-07-22T15:14:37.677,3,3,3,0,0
86363.723066,2026-07-22T15:14:37.679,3,3,3,0,0
86363.725505,2026-07-22T15:14:37.682,3,3,3,0,0
86363.728028,2026-07-22T15:14:37.684,3,3,3,0,0
86363.730503,2026-07-22T15:14:37.687,3,3,3,0,0
86363.732813,2026-07-22T15:14:37.689,3,3,3,0,0
86363.735511,2026-07-22T15:14:37.692,3,3,3,0,0
86363.738022,2026-07-22T15:14:37.694,3,3,3,0,0
86363.740768,2026-07-22T15:14:37.697,3,3,3,0,0
86363.743261,2026-07-22T15:14:37.700,3,3,3,0,0
86363.745670,2026-07-22T15:14:37.702,3,3,3,0,0
86363.748148,2026-07-22T15:14:37.704,3,3,3,0,0
86363.750563,2026-07-22T15:14:37.707,3,3,3,0,0
86363.752734,2026-07-22T15:14:37.709,3,3,3,0,0
86363.754747,2026-07-22T15:14:37.711,3,3,3,0,0
86363.756775,2026-07-22T15:14:37.713,3,3,3,0,0
86363.758786,2026-07-22T15:14:37.715,3,3,3,0,0
86363.760953,2026-07-22T15:14:37.717,3,3,3,0,0
86363.762988,2026-07-22T15:14:37.719,3,3,3,0,0
86363.765050,2026-07-22T15:14:37.721,3,3,3,0,0
86363.767117,2026-07-22T15:14:37.723,3,3,3,0,0
86363.769181,2026-07-22T15:14:37.726,3,3,3,0,0
86363.771703,2026-07-22T15:14:37.728,3,3,3,0,0
86363.773756,2026-07-22T15:14:37.730,3,3,3,0,0
86363.775857,2026-07-22T15:14:37.732,3,3,3,0,0
86363.777899,2026-07-22T15:14:37.734,3,3,3,0,0
86363.779969,2026-07-22T15:14:37.736,3,3,3,0,0
86363.782026,2026-07-22T15:14:37.738,3,3,3,0,0
86363.784071,2026-07-22T15:14:37.740,3,3,3,0,0
86363.786144,2026-07-22T15:14:37.742,3,3,3,0,0
86363.788181,2026-07-22T15:14:37.745,3,3,3,0,0
86363.790232,2026-07-22T15:14:37.747,3,3,3,0,0
86363.792297,2026-07-22T15:14:37.749,3,3,3,0,0
86363.794342,2026-07-22T15:14:37.751,3,3,3,0,0
86363.796397,2026-07-22T15:14:37.753,3,3,3,0,0
86363.798466,2026-07-22T15:14:37.755,3,3,3,0,0
86363.800523,2026-07-22T15:14:37.757,3,3,3,0,0
86363.803132,2026-07-22T15:14:37.759,3,3,3,0,0
86363.805649,2026-07-22T15:14:37.762,3,3,3,0,0
86363.808319,2026-07-22T15:14:37.765,3,3,3,0,0
86363.810683,2026-07-22T15:14:37.767,3,3,3,0,0
86363.813292,2026-07-22T15:14:37.770,3,3,3,0,0
86363.815849,2026-07-22T15:14:37.772,3,3,3,0,0
86363.818341,2026-07-22T15:14:37.775,3,3,3,0,0
86363.820832,2026-07-22T15:14:37.777,3,3,3,0,0
86363.823232,2026-07-22T15:14:37.780,3,3,3,0,0
86363.825653,2026-07-22T15:14:37.782,3,3,3,0,0
86363.828243,2026-07-22T15:14:37.785,3,3,3,0,0
86363.830945,2026-07-22T15:14:37.787,3,3,3,0,0
86363.833588,2026-07-22T15:14:37.790,3,3,3,0,0
86363.836155,2026-07-22T15:14:37.793,3,3,3,0,0
86363.838669,2026-07-22T15:14:37.795,3,3,3,0,0
86363.841486,2026-07-22T15:14:37.798,3,3,3,0,0
86363.844150,2026-07-22T15:14:37.800,3,3,3,0,0
86363.846657,2026-07-22T15:14:37.803,3,3,3,0,0
86363.849310,2026-07-22T15:14:37.806,3,3,3,0,0
86363.851712,2026-07-22T15:14:37.808,3,3,3,0,0
86363.854372,2026-07-22T15:14:37.811,3,3,3,0,0
86363.857004,2026-07-22T15:14:37.813,3,3,3,0,0
86363.859649,2026-07-22T15:14:37.816,3,3,3,0,0
86363.862218,2026-07-22T15:14:37.819,3,3,3,0,0
86363.864566,2026-07-22T15:14:37.821,3,3,3,0,0
86363.867066,2026-07-22T15:14:37.823,3,3,3,0,0
86363.869502,2026-07-22T15:14:37.826,3,3,3,0,0
86363.872010,2026-07-22T15:14:37.828,3,3,3,0,0
86363.874458,2026-07-22T15:14:37.831,3,3,3,0,0
86363.876934,2026-07-22T15:14:37.833,3,3,3,0,0
86363.878944,2026-07-22T15:14:37.835,3,3,3,0,0
86363.881478,2026-07-22T15:14:37.838,3,3,3,0,0
86363.883995,2026-07-22T15:14:37.840,3,3,3,0,0
86363.886555,2026-07-22T15:14:37.843,3,3,3,0,0
86363.889132,2026-07-22T15:14:37.845,3,3,3,0,0
86363.891696,2026-07-22T15:14:37.848,3,3,3,0,0
86363.894161,2026-07-22T15:14:37.851,3,3,3,0,0
86363.896625,2026-07-22T15:14:37.853,3,3,3,0,0
86363.899132,2026-07-22T15:14:37.855,3,3,3,0,0
86363.901655,2026-07-22T15:14:37.857,3,3,3,0,0
86363.903830,2026-07-22T15:14:37.860,3,3,3,0,0
86363.906158,2026-07-22T15:14:37.863,3,3,3,0,0
86363.908643,2026-07-22T15:14:37.865,3,3,3,0,0
86363.911149,2026-07-22T15:14:37.867,3,3,3,0,0
86363.913670,2026-07-22T15:14:37.870,3,3,3,0,0
86363.916326,2026-07-22T15:14:37.873,3,3,3,0,0
86363.918854,2026-07-22T15:14:37.875,3,3,3,0,0
86363.921321,2026-07-22T15:14:37.878,3,3,3,0,0
86363.923332,2026-07-22T15:14:37.880,3,3,3,0,0
86363.925818,2026-07-22T15:14:37.882,3,3,3,0,0
86363.928199,2026-07-22T15:14:37.885,3,3,3,0,0
86363.930661,2026-07-22T15:14:37.887,3,3,3,0,0
86363.933157,2026-07-22T15:14:37.890,3,3,3,0,0
86363.935707,2026-07-22T15:14:37.892,3,3,3,0,0
86363.938219,2026-07-22T15:14:37.895,3,3,3,0,0
86363.940939,2026-07-22T15:14:37.897,3,3,3,0,0
86363.943582,2026-07-22T15:14:37.900,3,3,3,0,0
86363.946135,2026-07-22T15:14:37.902,3,3,3,0,0
86363.948752,2026-07-22T15:14:37.905,3,3,3,0,0
86363.951356,2026-07-22T15:14:37.908,3,3,3,0,0
86363.953690,2026-07-22T15:14:37.910,3,3,3,0,0
86363.956361,2026-07-22T15:14:37.913,3,3,3,0,0
86363.958374,2026-07-22T15:14:37.915,3,3,3,0,0
86363.960906,2026-07-22T15:14:37.917,3,3,3,0,0
86363.963082,2026-07-22T15:14:37.919,3,3,3,0,0
86363.965165,2026-07-22T15:14:37.921,3,3,3,0,0
86363.967734,2026-07-22T15:14:37.924,3,3,3,0,0
86363.970248,2026-07-22T15:14:37.927,3,3,3,0,0
86363.972738,2026-07-22T15:14:37.929,3,3,3,0,0
86363.975189,2026-07-22T15:14:37.932,3,3,3,0,0
86363.977865,2026-07-22T15:14:37.934,3,3,3,0,0
86363.980525,2026-07-22T15:14:37.937,3,3,3,0,0
86363.983192,2026-07-22T15:14:37.940,3,3,3,0,0
86363.985856,2026-07-22T15:14:37.942,3,3,3,0,0
86363.988418,2026-07-22T15:14:37.945,3,3,3,0,0
86363.990946,2026-07-22T15:14:37.947,3,3,3,0,0
86363.993457,2026-07-22T15:14:37.950,3,3,3,0,0
86363.996060,2026-07-22T15:14:37.952,3,3,3,0,0
86363.998664,2026-07-22T15:14:37.955,3,3,3,0,0
86364.001184,2026-07-22T15:14:37.958,3,3,3,0,0
86364.003207,2026-07-22T15:14:37.960,3,3,3,0,0
86364.005248,2026-07-22T15:14:37.962,3,3,3,0,0
86364.007543,2026-07-22T15:14:37.964,3,3,3,0,0
86364.009589,2026-07-22T15:14:37.966,3,3,3,0,0
86364.011709,2026-07-22T15:14:37.968,3,3,3,0,0
86364.014226,2026-07-22T15:14:37.970,3,3,3,0,0
86364.016256,2026-07-22T15:14:37.973,3,3,3,0,0
86364.018267,2026-07-22T15:14:37.975,3,3,3,0,0
86364.020764,2026-07-22T15:14:37.977,3,3,3,0,0
86364.023360,2026-07-22T15:14:37.980,3,3,3,0,0
86364.025745,2026-07-22T15:14:37.982,3,3,3,0,0
86364.028180,2026-07-22T15:14:37.985,3,3,3,0,0
86364.030190,2026-07-22T15:14:37.987,3,3,3,0,0
86364.032433,2026-07-22T15:14:37.989,3,3,3,0,0
86364.034876,2026-07-22T15:14:37.991,3,3,3,0,0
86364.036889,2026-07-22T15:14:37.993,3,3,3,0,0
86364.038928,2026-07-22T15:14:37.995,3,3,3,0,0
86364.041449,2026-07-22T15:14:37.998,3,3,3,0,0
86364.044232,2026-07-22T15:14:38.001,3,3,3,0,0
86364.046981,2026-07-22T15:14:38.003,3,3,3,0,0
86364.049683,2026-07-22T15:14:38.006,3,3,3,0,0
86364.051916,2026-07-22T15:14:38.008,3,3,3,0,0
86364.054545,2026-07-22T15:14:38.011,3,3,3,0,0
86364.057039,2026-07-22T15:14:38.013,3,3,3,0,0
86364.059783,2026-07-22T15:14:38.016,3,3,3,0,0
86364.062339,2026-07-22T15:14:38.019,3,3,3,0,0
86364.064679,2026-07-22T15:14:38.021,3,3,3,0,0
86364.067095,2026-07-22T15:14:38.023,3,3,3,0,0
86364.069609,2026-07-22T15:14:38.026,3,3,3,0,0
86364.072098,2026-07-22T15:14:38.028,3,3,3,0,0
86364.074919,2026-07-22T15:14:38.031,3,3,3,0,0
86364.077596,2026-07-22T15:14:38.034,3,3,3,0,0
86364.080092,2026-07-22T15:14:38.036,3,3,3,0,0
86364.082722,2026-07-22T15:14:38.039,3,3,3,0,0
86364.085501,2026-07-22T15:14:38.042,3,3,3,0,0
86364.087754,2026-07-22T15:14:38.044,3,3,3,0,0
86364.090309,2026-07-22T15:14:38.047,3,3,3,0,0
86364.092935,2026-07-22T15:14:38.049,3,3,3,0,0
86364.095690,2026-07-22T15:14:38.052,3,3,3,0,0
86364.098345,2026-07-22T15:14:38.055,3,3,3,0,0
86364.100935,2026-07-22T15:14:38.057,3,3,3,0,0
86364.103054,2026-07-22T15:14:38.059,3,3,3,0,0
86364.105161,2026-07-22T15:14:38.062,3,3,3,0,0
86364.107664,2026-07-22T15:14:38.064,3,3,3,0,0
86364.110322,2026-07-22T15:14:38.067,3,3,3,0,0
86364.112334,2026-07-22T15:14:38.069,3,3,3,0,0
86364.114629,2026-07-22T15:14:38.071,3,3,3,0,0
86364.117287,2026-07-22T15:14:38.074,3,3,3,0,0
86364.119785,2026-07-22T15:14:38.076,3,3,3,0,0
86364.122247,2026-07-22T15:14:38.079,3,3,3,0,0
86364.124883,2026-07-22T15:14:38.081,3,3,3,0,0
86364.127519,2026-07-22T15:14:38.084,3,3,3,0,0
86364.130025,2026-07-22T15:14:38.086,3,3,3,0,0
86364.132449,2026-07-22T15:14:38.089,3,3,3,0,0
86364.135058,2026-07-22T15:14:38.091,3,3,3,0,0
86364.137683,2026-07-22T15:14:38.094,3,3,3,0,0
86364.140181,2026-07-22T15:14:38.097,3,3,3,0,0
86364.142794,2026-07-22T15:14:38.099,3,3,3,0,0
86364.145305,2026-07-22T15:14:38.102,3,3,3,0,0
86364.147773,2026-07-22T15:14:38.104,3,3,3,0,0
86364.150189,2026-07-22T15:14:38.107,3,3,3,0,0
86364.152719,2026-07-22T15:14:38.109,3,3,3,0,0
86364.155338,2026-07-22T15:14:38.112,3,3,3,0,0
86364.157994,2026-07-22T15:14:38.114,3,3,3,0,0
86364.160515,2026-07-22T15:14:38.117,3,3,3,0,0
86364.162562,2026-07-22T15:14:38.119,3,3,3,0,0
86364.164911,2026-07-22T15:14:38.121,3,3,3,0,0
86364.167548,2026-07-22T15:14:38.124,3,3,3,0,0
86364.169621,2026-07-22T15:14:38.126,3,3,3,0,0
86364.171688,2026-07-22T15:14:38.128,3,3,3,0,0
86364.173699,2026-07-22T15:14:38.130,3,3,3,0,0
86364.176168,2026-07-22T15:14:38.133,3,3,3,0,0
86364.178784,2026-07-22T15:14:38.135,3,3,3,0,0
86364.181287,2026-07-22T15:14:38.138,3,3,3,0,0
86364.183730,2026-07-22T15:14:38.140,3,3,3,0,0
86364.186222,2026-07-22T15:14:38.143,3,3,3,0,0
86364.188781,2026-07-22T15:14:38.145,3,3,3,0,0
86364.190826,2026-07-22T15:14:38.147,3,3,3,0,0
86364.192893,2026-07-22T15:14:38.149,3,3,3,0,0
86364.194954,2026-07-22T15:14:38.151,3,3,3,0,0
86364.197009,2026-07-22T15:14:38.153,3,3,3,0,0
86364.199061,2026-07-22T15:14:38.155,3,3,3,0,0
86364.201708,2026-07-22T15:14:38.157,3,3,3,0,0
86364.204204,2026-07-22T15:14:38.161,3,3,3,0,0
86364.206255,2026-07-22T15:14:38.163,3,3,3,0,0
86364.208292,2026-07-22T15:14:38.165,3,3,3,0,0
86364.210353,2026-07-22T15:14:38.167,3,3,3,0,0
86364.212393,2026-07-22T15:14:38.169,3,3,3,0,0
86364.214454,2026-07-22T15:14:38.171,3,3,3,0,0
86364.216531,2026-07-22T15:14:38.173,3,3,3,0,0
86364.218576,2026-07-22T15:14:38.175,3,3,3,0,0
86364.220606,2026-07-22T15:14:38.177,3,3,3,0,0
86364.222672,2026-07-22T15:14:38.179,3,3,3,0,0
86364.224726,2026-07-22T15:14:38.181,3,3,3,0,0
86364.226760,2026-07-22T15:14:38.183,3,3,3,0,0
86364.229013,2026-07-22T15:14:38.185,3,3,3,0,0
86364.231530,2026-07-22T15:14:38.188,3,3,3,0,0
86364.233589,2026-07-22T15:14:38.190,3,3,3,0,0
86364.236072,2026-07-22T15:14:38.192,3,3,3,0,0
86364.238622,2026-07-22T15:14:38.195,3,3,3,0,0
86364.241341,2026-07-22T15:14:38.198,3,3,3,0,0
86364.243362,2026-07-22T15:14:38.200,3,3,3,0,0
86364.245385,2026-07-22T15:14:38.202,3,3,3,0,0
86364.247460,2026-07-22T15:14:38.204,3,3,3,0,0
86364.249968,2026-07-22T15:14:38.206,3,3,3,0,0
86364.252046,2026-07-22T15:14:38.208,3,3,3,0,0
86364.254383,2026-07-22T15:14:38.211,3,3,3,0,0
86364.256892,2026-07-22T15:14:38.213,3,3,3,0,0
86364.259394,2026-07-22T15:14:38.216,3,3,3,0,0
86364.261904,2026-07-22T15:14:38.218,3,3,3,0,0
86364.264321,2026-07-22T15:14:38.221,3,3,3,0,0
86364.266810,2026-07-22T15:14:38.223,3,3,3,0,0
86364.269301,2026-07-22T15:14:38.226,3,3,3,0,0
86364.271727,2026-07-22T15:14:38.228,3,3,3,0,0
86364.274237,2026-07-22T15:14:38.231,3,3,3,0,0
86364.276374,2026-07-22T15:14:38.233,3,3,3,0,0
86364.278881,2026-07-22T15:14:38.235,3,3,3,0,0
86364.281387,2026-07-22T15:14:38.238,3,3,3,0,0
86364.283893,2026-07-22T15:14:38.240,3,3,3,0,0
86364.286268,2026-07-22T15:14:38.243,3,3,3,0,0
86364.288787,2026-07-22T15:14:38.245,3,3,3,0,0
86364.291531,2026-07-22T15:14:38.248,3,3,3,0,0
86364.294034,2026-07-22T15:14:38.250,3,3,3,0,0
86364.296528,2026-07-22T15:14:38.253,3,3,3,0,0
86364.299214,2026-07-22T15:14:38.256,3,3,3,0,0
86364.301251,2026-07-22T15:14:38.258,3,3,3,0,0
86364.303262,2026-07-22T15:14:38.260,3,3,3,0,0
86364.305304,2026-07-22T15:14:38.262,3,3,3,0,0
86364.307974,2026-07-22T15:14:38.264,3,3,3,0,0
86364.310515,2026-07-22T15:14:38.267,3,3,3,0,0
86364.313021,2026-07-22T15:14:38.269,3,3,3,0,0
86364.315348,2026-07-22T15:14:38.272,3,3,3,0,0
86364.317396,2026-07-22T15:14:38.274,3,3,3,0,0
86364.319957,2026-07-22T15:14:38.276,3,3,3,0,0
86364.322475,2026-07-22T15:14:38.279,3,3,3,0,0
86364.325111,2026-07-22T15:14:38.281,3,3,3,0,0
86364.327764,2026-07-22T15:14:38.284,3,3,3,0,0
86364.329887,2026-07-22T15:14:38.286,3,3,3,0,0
86364.332347,2026-07-22T15:14:38.289,3,3,3,0,0
86364.334878,2026-07-22T15:14:38.291,3,3,3,0,0
86364.337395,2026-07-22T15:14:38.294,3,3,3,0,0
86364.339438,2026-07-22T15:14:38.296,3,3,3,0,0
86364.342074,2026-07-22T15:14:38.298,3,3,3,0,0
86364.344825,2026-07-22T15:14:38.301,3,3,3,0,0
86364.347323,2026-07-22T15:14:38.304,3,3,3,0,0
86364.349757,2026-07-22T15:14:38.306,3,3,3,0,0
86364.351826,2026-07-22T15:14:38.308,3,3,3,0,0
86364.353839,2026-07-22T15:14:38.310,3,3,3,0,0
86364.355862,2026-07-22T15:14:38.312,3,3,3,0,0
86364.358496,2026-07-22T15:14:38.315,3,3,3,0,0
86364.361077,2026-07-22T15:14:38.317,3,3,3,0,0
86364.363414,2026-07-22T15:14:38.320,3,3,3,0,0
86364.366030,2026-07-22T15:14:38.322,3,3,3,0,0
86364.368066,2026-07-22T15:14:38.324,3,3,3,0,0
86364.370481,2026-07-22T15:14:38.327,3,3,3,0,0
86364.372492,2026-07-22T15:14:38.329,3,3,3,0,0
86364.374520,2026-07-22T15:14:38.331,3,3,3,0,0
86364.377028,2026-07-22T15:14:38.333,3,3,3,0,0
86364.379553,2026-07-22T15:14:38.336,3,3,3,0,0
86364.382034,2026-07-22T15:14:38.338,3,3,3,0,0
86364.384555,2026-07-22T15:14:38.341,3,3,3,0,0
86364.386672,2026-07-22T15:14:38.343,3,3,3,0,0
86364.389175,2026-07-22T15:14:38.346,3,3,3,0,0
86364.391787,2026-07-22T15:14:38.348,3,3,3,0,0
86364.394266,2026-07-22T15:14:38.351,3,3,3,0,0
86364.396296,2026-07-22T15:14:38.353,3,3,3,0,0
86364.398708,2026-07-22T15:14:38.355,3,3,3,0,0
86364.401227,2026-07-22T15:14:38.358,3,3,3,0,0
86364.403241,2026-07-22T15:14:38.360,3,3,3,0,0
86364.405914,2026-07-22T15:14:38.362,3,3,3,0,0
86364.407975,2026-07-22T15:14:38.364,3,3,3,0,0
86364.410492,2026-07-22T15:14:38.367,3,3,3,0,0
86364.412535,2026-07-22T15:14:38.369,3,3,3,0,0
86364.415277,2026-07-22T15:14:38.372,3,3,3,0,0
86364.417797,2026-07-22T15:14:38.374,3,3,3,0,0
86364.420317,2026-07-22T15:14:38.377,3,3,3,0,0
86364.422846,2026-07-22T15:14:38.379,3,3,3,0,0
86364.425474,2026-07-22T15:14:38.382,3,3,3,0,0
86364.428046,2026-07-22T15:14:38.384,3,3,3,0,0
86364.430099,2026-07-22T15:14:38.386,3,3,3,0,0
86364.432466,2026-07-22T15:14:38.389,3,3,3,0,0
86364.434984,2026-07-22T15:14:38.391,3,3,3,0,0
86364.437480,2026-07-22T15:14:38.394,3,3,3,0,0
86364.439521,2026-07-22T15:14:38.396,3,3,3,0,0
86364.442034,2026-07-22T15:14:38.398,3,3,3,0,0
86364.444496,2026-07-22T15:14:38.401,3,3,3,0,0
86364.447085,2026-07-22T15:14:38.403,3,3,3,0,0
86364.449479,2026-07-22T15:14:38.406,3,3,3,0,0
86364.451604,2026-07-22T15:14:38.408,3,3,3,0,0
86364.453692,2026-07-22T15:14:38.410,3,3,3,0,0
86364.456020,2026-07-22T15:14:38.412,3,3,3,0,0
86364.458691,2026-07-22T15:14:38.415,3,3,3,0,0
86364.461360,2026-07-22T15:14:38.418,3,3,3,0,0
86364.463372,2026-07-22T15:14:38.420,3,3,3,0,0
86364.465817,2026-07-22T15:14:38.422,3,3,3,0,0
86364.468413,2026-07-22T15:14:38.425,3,3,3,0,0
86364.470880,2026-07-22T15:14:38.427,3,3,3,0,0
86364.473399,2026-07-22T15:14:38.430,3,3,3,0,0
86364.475897,2026-07-22T15:14:38.432,3,3,3,0,0
86364.478411,2026-07-22T15:14:38.435,3,3,3,0,0
86364.481042,2026-07-22T15:14:38.437,3,3,3,0,0
86364.483109,2026-07-22T15:14:38.439,3,3,3,0,0
86364.485188,2026-07-22T15:14:38.442,3,3,3,0,0
86364.487704,2026-07-22T15:14:38.444,3,3,3,0,0
86364.489738,2026-07-22T15:14:38.446,3,3,3,0,0
86364.491747,2026-07-22T15:14:38.448,3,3,3,0,0
86364.493778,2026-07-22T15:14:38.450,3,3,3,0,0
86364.496037,2026-07-22T15:14:38.452,3,3,3,0,0
86364.498049,2026-07-22T15:14:38.454,3,3,3,0,0
86364.500086,2026-07-22T15:14:38.456,3,3,3,0,0
86364.502386,2026-07-22T15:14:38.459,3,3,3,0,0
86364.504653,2026-07-22T15:14:38.461,3,3,3,0,32
86364.507176,2026-07-22T15:14:38.464,36,0,3,0,32
86364.509375,2026-07-22T15:14:38.466,36,0,3,0,32
86364.511401,2026-07-22T15:14:38.468,36,0,3,0,32
86364.513416,2026-07-22T15:14:38.470,36,0,3,0,32
86364.515677,2026-07-22T15:14:38.472,36,0,3,0,32
86364.517772,2026-07-22T15:14:38.474,36,0,3,0,32
86364.519797,2026-07-22T15:14:38.476,36,0,3,0,32
86364.522020,2026-07-22T15:14:38.478,36,0,3,0,32
86364.524526,2026-07-22T15:14:38.481,36,0,3,0,32
86364.526630,2026-07-22T15:14:38.483,36,0,3,0,32
86364.528660,2026-07-22T15:14:38.485,36,0,3,0,32
86364.530708,2026-07-22T15:14:38.487,36,0,3,0,32
86364.533215,2026-07-22T15:14:38.490,36,0,3,0,32
86364.535722,2026-07-22T15:14:38.492,36,0,3,0,32
86364.538220,2026-07-22T15:14:38.495,36,0,3,0,32
86364.540727,2026-07-22T15:14:38.497,36,0,3,0,32
86364.543050,2026-07-22T15:14:38.499,36,0,3,0,32
86364.545091,2026-07-22T15:14:38.501,36,0,3,0,32
86364.547647,2026-07-22T15:14:38.504,36,0,3,0,32
86364.550161,2026-07-22T15:14:38.507,36,0,3,0,32
86364.552308,2026-07-22T15:14:38.508,36,0,3,0,32
86364.554491,2026-07-22T15:14:38.511,36,0,3,0,32
86364.556743,2026-07-22T15:14:38.513,36,0,3,0,32
86364.559221,2026-07-22T15:14:38.516,36,0,3,0,32
86364.561828,2026-07-22T15:14:38.518,36,0,3,0,32
86364.563981,2026-07-22T15:14:38.520,36,0,3,0,32
86364.566228,2026-07-22T15:14:38.523,36,0,3,0,32
86364.568601,2026-07-22T15:14:38.525,36,0,3,0,32
86364.571113,2026-07-22T15:14:38.527,36,0,3,0,32
86364.573627,2026-07-22T15:14:38.530,36,0,3,0,32
86364.576128,2026-07-22T15:14:38.532,36,0,3,0,32
86364.578721,2026-07-22T15:14:38.535,36,0,3,0,32
86364.580780,2026-07-22T15:14:38.537,36,0,3,0,32
86364.582802,2026-07-22T15:14:38.539,36,0,3,0,32
86364.584840,2026-07-22T15:14:38.541,36,0,3,0,32
86364.586866,2026-07-22T15:14:38.543,36,0,3,0,32
86364.588913,2026-07-22T15:14:38.545,36,0,3,0,32
86364.591239,2026-07-22T15:14:38.548,36,0,3,0,32
86364.593285,2026-07-22T15:14:38.550,36,0,3,0,32
86364.595778,2026-07-22T15:14:38.552,36,0,3,0,32
86364.597810,2026-07-22T15:14:38.554,36,0,3,0,32
86364.599842,2026-07-22T15:14:38.556,36,0,3,0,32
86364.601881,2026-07-22T15:14:38.558,36,0,3,0,32
86364.603933,2026-07-22T15:14:38.560,36,0,3,0,32
86364.605964,2026-07-22T15:14:38.562,36,0,3,0,32
86364.608523,2026-07-22T15:14:38.565,36,0,3,0,32
86364.610559,2026-07-22T15:14:38.567,36,0,3,0,32
86364.612583,2026-07-22T15:14:38.569,36,0,3,0,32
86364.614621,2026-07-22T15:14:38.571,36,0,3,0,32
86364.616641,2026-07-22T15:14:38.573,36,0,3,0,32
86364.619156,2026-07-22T15:14:38.576,36,0,3,0,32
86364.621188,2026-07-22T15:14:38.578,36,0,3,0,32
86364.623221,2026-07-22T15:14:38.580,36,0,3,0,32
86364.625288,2026-07-22T15:14:38.582,36,0,3,0,32
86364.627307,2026-07-22T15:14:38.584,36,0,3,0,32
86364.629511,2026-07-22T15:14:38.586,36,0,3,0,32
86364.632084,2026-07-22T15:14:38.588,36,0,3,0,32
86364.634115,2026-07-22T15:14:38.590,36,0,3,0,32
86364.636158,2026-07-22T15:14:38.592,36,0,3,0,32
86364.638675,2026-07-22T15:14:38.595,36,0,3,0,32
86364.640853,2026-07-22T15:14:38.597,36,0,3,0,32
86364.642883,2026-07-22T15:14:38.599,36,0,3,0,32
86364.644912,2026-07-22T15:14:38.601,36,0,3,0,32
86364.646929,2026-07-22T15:14:38.603,36,0,3,0,32
86364.649109,2026-07-22T15:14:38.605,36,0,3,0,32
86364.651367,2026-07-22T15:14:38.608,36,0,3,0,32
86364.653400,2026-07-22T15:14:38.610,36,0,3,0,32
86364.655437,2026-07-22T15:14:38.612,36,0,3,0,32
86364.658072,2026-07-22T15:14:38.614,36,0,3,0,32
86364.660588,2026-07-22T15:14:38.617,36,0,3,0,32
86364.662869,2026-07-22T15:14:38.619,36,0,3,0,32
86364.665281,2026-07-22T15:14:38.622,36,0,3,0,32
86364.667314,2026-07-22T15:14:38.624,36,0,3,0,32
86364.669827,2026-07-22T15:14:38.626,36,0,3,0,32
86364.672643,2026-07-22T15:14:38.629,36,0,3,0,32
86364.675051,2026-07-22T15:14:38.631,36,0,3,0,32
86364.677083,2026-07-22T15:14:38.633,36,0,3,0,32
86364.679115,2026-07-22T15:14:38.635,36,0,3,0,32
86364.681151,2026-07-22T15:14:38.637,36,0,3,0,32
86364.683668,2026-07-22T15:14:38.640,36,0,3,0,32
86364.685688,2026-07-22T15:14:38.642,36,0,3,0,32
86364.688201,2026-07-22T15:14:38.645,36,0,3,0,32
86364.690217,2026-07-22T15:14:38.647,36,0,3,0,32
86364.692248,2026-07-22T15:14:38.649,36,0,3,0,32
86364.694266,2026-07-22T15:14:38.651,36,0,3,0,32
86364.696292,2026-07-22T15:14:38.653,36,0,3,0,32
86364.698303,2026-07-22T15:14:38.655,36,0,3,0,32
86364.700336,2026-07-22T15:14:38.657,36,0,3,0,32
86364.703689,2026-07-22T15:14:38.659,36,0,3,0,32
86364.706374,2026-07-22T15:14:38.663,36,0,3,0,32
86364.708639,2026-07-22T15:14:38.665,36,0,3,0,32
86364.710681,2026-07-22T15:14:38.667,36,0,3,0,32
86364.712936,2026-07-22T15:14:38.669,36,0,3,0,32
86364.714977,2026-07-22T15:14:38.671,36,0,3,0,32
86364.717078,2026-07-22T15:14:38.673,36,0,3,0,32
86364.719597,2026-07-22T15:14:38.676,36,0,3,0,32
86364.721627,2026-07-22T15:14:38.678,36,0,3,0,32
86364.723666,2026-07-22T15:14:38.680,36,0,3,0,32
86364.726243,2026-07-22T15:14:38.683,36,0,3,0,32
86364.728375,2026-07-22T15:14:38.685,36,0,3,0,32
86364.730751,2026-07-22T15:14:38.687,36,0,3,0,32
86364.733340,2026-07-22T15:14:38.690,36,0,3,0,32
86364.735467,2026-07-22T15:14:38.692,36,0,3,0,32
86364.737513,2026-07-22T15:14:38.694,36,0,3,0,32
86364.740011,2026-07-22T15:14:38.696,36,0,3,0,32
86364.742552,2026-07-22T15:14:38.699,36,0,3,0,32
86364.744823,2026-07-22T15:14:38.701,36,0,3,0,32
86364.746857,2026-07-22T15:14:38.703,36,0,3,0,32
86364.748909,2026-07-22T15:14:38.705,36,0,3,0,32
86364.751417,2026-07-22T15:14:38.708,36,2,3,0,4
86364.754576,2026-07-22T15:14:38.711,36,2,3,0,4
86364.757115,2026-07-22T15:14:38.713,36,2,3,0,4
86364.759645,2026-07-22T15:14:38.716,36,2,3,0,4
86364.762249,2026-07-22T15:14:38.719,36,2,3,0,4
86364.764528,2026-07-22T15:14:38.721,36,2,3,0,4
86364.766915,2026-07-22T15:14:38.723,36,2,3,0,4
86364.769290,2026-07-22T15:14:38.726,36,2,3,0,4
86364.771820,2026-07-22T15:14:38.728,36,2,3,0,4
86364.773850,2026-07-22T15:14:38.730,36,2,3,0,4
86364.776367,2026-07-22T15:14:38.733,36,2,3,0,4
86364.779010,2026-07-22T15:14:38.735,36,2,3,0,4
86364.781539,2026-07-22T15:14:38.738,36,2,3,0,4
86364.784049,2026-07-22T15:14:38.740,36,2,3,0,4
86364.786171,2026-07-22T15:14:38.743,36,2,3,0,4
86364.788204,2026-07-22T15:14:38.745,36,2,3,0,4
86364.790226,2026-07-22T15:14:38.747,36,2,3,0,4
86364.792257,2026-07-22T15:14:38.749,36,2,3,0,4
86364.794838,2026-07-22T15:14:38.751,36,2,3,0,4
86364.797505,2026-07-22T15:14:38.754,36,2,3,0,4
86364.799860,2026-07-22T15:14:38.756,36,2,3,0,4
86364.802265,2026-07-22T15:14:38.759,36,2,3,0,4
86364.804697,2026-07-22T15:14:38.761,36,2,3,0,4
86364.806821,2026-07-22T15:14:38.763,36,2,3,0,4
86364.808831,2026-07-22T15:14:38.765,36,2,3,0,4
86364.810900,2026-07-22T15:14:38.767,36,2,3,0,4
86364.813523,2026-07-22T15:14:38.770,36,2,3,0,4
86364.816021,2026-07-22T15:14:38.772,36,2,3,0,4
86364.818506,2026-07-22T15:14:38.775,36,2,3,0,4
86364.821116,2026-07-22T15:14:38.777,36,2,3,0,4
86364.823198,2026-07-22T15:14:38.780,36,2,3,0,4
86364.825969,2026-07-22T15:14:38.782,36,2,3,0,4
86364.828457,2026-07-22T15:14:38.785,36,2,3,0,4
86364.831208,2026-07-22T15:14:38.788,36,2,3,0,4
86364.833739,2026-07-22T15:14:38.790,36,2,3,0,4
86364.836259,2026-07-22T15:14:38.793,36,2,3,0,4
86364.838278,2026-07-22T15:14:38.795,36,2,3,0,4
86364.840322,2026-07-22T15:14:38.797,36,2,3,0,4
86364.842735,2026-07-22T15:14:38.799,36,2,3,0,4
86364.845073,2026-07-22T15:14:38.801,36,2,3,0,4
86364.847641,2026-07-22T15:14:38.804,36,2,3,0,4
86364.850160,2026-07-22T15:14:38.807,36,2,3,0,4
86364.852605,2026-07-22T15:14:38.809,36,2,3,0,4
86364.854620,2026-07-22T15:14:38.811,36,2,3,0,4
86364.856655,2026-07-22T15:14:38.813,36,2,3,0,4
86364.858864,2026-07-22T15:14:38.815,36,2,3,0,4
86364.861332,2026-07-22T15:14:38.818,36,2,3,0,4
86364.863579,2026-07-22T15:14:38.820,36,2,3,0,4
86364.865808,2026-07-22T15:14:38.822,36,2,3,0,4
86364.867886,2026-07-22T15:14:38.824,36,2,3,0,4
86364.870338,2026-07-22T15:14:38.827,36,2,3,0,4
86364.872373,2026-07-22T15:14:38.829,36,2,3,0,4
86364.874848,2026-07-22T15:14:38.831,36,2,3,0,4
86364.877343,2026-07-22T15:14:38.834,36,2,3,0,4
86364.879911,2026-07-22T15:14:38.836,36,2,3,0,4
86364.882369,2026-07-22T15:14:38.839,36,2,3,0,4
86364.884874,2026-07-22T15:14:38.841,36,2,3,0,4
86364.887298,2026-07-22T15:14:38.844,36,2,3,0,4
86364.889930,2026-07-22T15:14:38.846,36,2,3,0,4
86364.892528,2026-07-22T15:14:38.849,36,2,3,0,4
86364.895039,2026-07-22T15:14:38.851,36,2,3,0,4
86364.897504,2026-07-22T15:14:38.854,36,2,3,0,4
86364.900027,2026-07-22T15:14:38.856,36,2,3,0,4
86364.902475,2026-07-22T15:14:38.859,36,2,3,0,4
86364.904902,2026-07-22T15:14:38.860,36,2,3,0,4
86364.907014,2026-07-22T15:14:38.863,36,2,3,0,4
86364.909529,2026-07-22T15:14:38.866,36,2,3,0,4
86364.912114,2026-07-22T15:14:38.868,36,2,3,0,4
86364.914703,2026-07-22T15:14:38.871,36,2,3,0,4
86364.917235,2026-07-22T15:14:38.874,36,2,3,0,4
86364.919754,2026-07-22T15:14:38.876,36,2,3,0,4
86364.922307,2026-07-22T15:14:38.879,36,2,3,0,4
86364.924910,2026-07-22T15:14:38.881,36,2,3,0,4
86364.927437,2026-07-22T15:14:38.884,36,2,3,0,4
86364.930062,2026-07-22T15:14:38.886,36,2,3,0,4
86364.932645,2026-07-22T15:14:38.889,36,2,3,0,4
86364.934685,2026-07-22T15:14:38.891,36,2,3,0,4
86364.937311,2026-07-22T15:14:38.894,36,2,3,0,4
86364.939474,2026-07-22T15:14:38.896,36,2,3,0,4
86364.941903,2026-07-22T15:14:38.898,36,2,3,0,4
86364.944415,2026-07-22T15:14:38.901,36,2,3,0,4
86364.946940,2026-07-22T15:14:38.903,36,2,3,0,4
86364.949451,2026-07-22T15:14:38.906,36,2,3,0,4
86364.951491,2026-07-22T15:14:38.908,36,2,3,0,4
86364.953934,2026-07-22T15:14:38.910,36,2,3,0,4
86364.955996,2026-07-22T15:14:38.912,36,2,3,0,4
86364.958488,2026-07-22T15:14:38.915,36,2,3,0,4
86364.960999,2026-07-22T15:14:38.917,36,2,3,0,4
86364.963661,2026-07-22T15:14:38.920,36,2,3,0,4
86364.965671,2026-07-22T15:14:38.922,36,2,3,0,4
86364.967699,2026-07-22T15:14:38.924,36,2,3,0,4
86364.970147,2026-07-22T15:14:38.926,36,2,3,0,4
86364.972758,2026-07-22T15:14:38.929,36,2,3,0,4
86364.975133,2026-07-22T15:14:38.931,36,2,3,0,4
86364.977655,2026-07-22T15:14:38.934,36,2,3,0,4
86364.980406,2026-07-22T15:14:38.937,36,2,3,0,4
86364.983001,2026-07-22T15:14:38.939,36,2,3,0,4
86364.985030,2026-07-22T15:14:38.941,36,2,3,0,4
86364.987587,2026-07-22T15:14:38.944,36,2,3,0,4
86364.989691,2026-07-22T15:14:38.946,36,2,3,0,4
86364.991709,2026-07-22T15:14:38.948,36,2,3,0,4
86364.993731,2026-07-22T15:14:38.950,36,2,3,0,4
86364.995767,2026-07-22T15:14:38.952,36,2,3,0,4
86364.998179,2026-07-22T15:14:38.955,36,2,3,0,4
86365.000700,2026-07-22T15:14:38.957,36,2,3,0,4
86365.003249,2026-07-22T15:14:38.960,36,2,3,0,4
86365.005757,2026-07-22T15:14:38.962,36,2,3,0,4
86365.007785,2026-07-22T15:14:38.964,36,2,3,0,4
86365.009797,2026-07-22T15:14:38.966,36,2,3,0,4
86365.011845,2026-07-22T15:14:38.968,36,2,3,0,4
86365.014195,2026-07-22T15:14:38.971,36,2,3,0,4
86365.016679,2026-07-22T15:14:38.973,36,2,3,0,4
86365.018940,2026-07-22T15:14:38.975,36,2,3,0,4
86365.021480,2026-07-22T15:14:38.978,36,2,3,0,4
86365.023511,2026-07-22T15:14:38.980,36,2,3,0,4
86365.025960,2026-07-22T15:14:38.982,36,2,3,0,4
86365.027981,2026-07-22T15:14:38.984,36,2,3,0,4
86365.030494,2026-07-22T15:14:38.987,36,2,3,0,4
86365.032999,2026-07-22T15:14:38.989,36,2,3,0,4
86365.035020,2026-07-22T15:14:38.991,36,2,3,0,4
86365.037477,2026-07-22T15:14:38.994,36,2,3,0,4
86365.039493,2026-07-22T15:14:38.996,36,2,3,0,4
86365.041518,2026-07-22T15:14:38.998,36,2,3,0,4
86365.044043,2026-07-22T15:14:39.000,36,2,3,0,4
86365.046071,2026-07-22T15:14:39.002,36,2,3,0,4
86365.048467,2026-07-22T15:14:39.005,36,2,3,0,4
86365.050494,2026-07-22T15:14:39.007,36,2,3,0,4
86365.052533,2026-07-22T15:14:39.009,36,2,3,0,4
86365.054744,2026-07-22T15:14:39.010,36,2,3,0,4
86365.057078,2026-07-22T15:14:39.013,36,2,3,0,4
86365.059424,2026-07-22T15:14:39.016,36,2,3,0,4
86365.061440,2026-07-22T15:14:39.018,36,2,3,0,4
86365.063475,2026-07-22T15:14:39.020,36,2,3,0,4
86365.065883,2026-07-22T15:14:39.022,36,2,3,0,4
86365.068372,2026-07-22T15:14:39.025,36,2,3,0,4
86365.070405,2026-07-22T15:14:39.027,36,2,3,0,4
86365.072433,2026-07-22T15:14:39.029,36,2,3,0,4
86365.074455,2026-07-22T15:14:39.031,36,2,3,0,4
86365.076863,2026-07-22T15:14:39.033,36,2,3,0,4
86365.078900,2026-07-22T15:14:39.035,36,2,3,0,4
86365.080951,2026-07-22T15:14:39.037,36,2,3,0,4
86365.083206,2026-07-22T15:14:39.040,36,2,3,0,4
86365.085717,2026-07-22T15:14:39.042,36,2,3,0,6
86365.087745,2026-07-22T15:14:39.044,4,0,3,0,6
86365.089784,2026-07-22T15:14:39.046,4,0,3,0,6
86365.091805,2026-07-22T15:14:39.048,4,0,3,0,6
86365.093829,2026-07-22T15:14:39.050,4,0,3,0,6
86365.096282,2026-07-22T15:14:39.053,4,0,3,0,6
86365.098962,2026-07-22T15:14:39.055,4,0,3,0,6
86365.101447,2026-07-22T15:14:39.058,4,0,3,0,6
86365.103950,2026-07-22T15:14:39.060,4,0,3,0,6
86365.106620,2026-07-22T15:14:39.063,4,0,3,0,6
86365.109191,2026-07-22T15:14:39.066,4,0,3,0,6
86365.111739,2026-07-22T15:14:39.068,4,0,3,0,6
86365.114269,2026-07-22T15:14:39.071,4,0,3,0,6
86365.116857,2026-07-22T15:14:39.073,4,0,3,0,6
86365.119184,2026-07-22T15:14:39.076,4,0,3,0,6
86365.121615,2026-07-22T15:14:39.078,4,0,3,0,6
86365.124105,2026-07-22T15:14:39.080,4,0,3,0,6
86365.126480,2026-07-22T15:14:39.083,4,0,3,0,6
86365.129086,2026-07-22T15:14:39.085,4,0,3,0,6
86365.131411,2026-07-22T15:14:39.088,4,0,3,0,6
86365.133443,2026-07-22T15:14:39.090,4,0,3,0,6
86365.135508,2026-07-22T15:14:39.092,4,0,3,0,6
86365.138033,2026-07-22T15:14:39.094,4,0,3,0,6
86365.140301,2026-07-22T15:14:39.097,4,0,3,0,6
86365.142348,2026-07-22T15:14:39.099,4,0,3,0,6
86365.144402,2026-07-22T15:14:39.101,4,0,3,0,6
86365.146609,2026-07-22T15:14:39.103,4,0,3,0,6
86365.148677,2026-07-22T15:14:39.105,4,0,3,0,6
86365.150728,2026-07-22T15:14:39.107,4,0,3,0,6
86365.152769,2026-07-22T15:14:39.109,4,0,3,0,6
86365.154836,2026-07-22T15:14:39.111,4,0,3,0,6
86365.156903,2026-07-22T15:14:39.113,4,0,3,0,6
86365.158960,2026-07-22T15:14:39.115,4,0,3,0,6
86365.161045,2026-07-22T15:14:39.117,4,0,3,0,6
86365.163065,2026-07-22T15:14:39.119,4,0,3,0,6
86365.165140,2026-07-22T15:14:39.121,4,0,3,0,6
86365.167197,2026-07-22T15:14:39.124,4,0,3,0,6
86365.169257,2026-07-22T15:14:39.126,4,0,3,0,6
86365.171268,2026-07-22T15:14:39.128,4,0,3,0,6
86365.173300,2026-07-22T15:14:39.130,4,0,3,0,6
86365.175906,2026-07-22T15:14:39.132,4,0,3,0,6
86365.178332,2026-07-22T15:14:39.135,4,0,3,0,6
86365.181110,2026-07-22T15:14:39.137,4,0,3,0,6
86365.183613,2026-07-22T15:14:39.140,4,0,3,0,6
86365.186031,2026-07-22T15:14:39.142,4,0,3,0,6
86365.188418,2026-07-22T15:14:39.145,4,0,3,0,6
86365.190815,2026-07-22T15:14:39.147,4,0,3,0,6
86365.192864,2026-07-22T15:14:39.149,4,0,3,0,6
86365.195548,2026-07-22T15:14:39.152,4,0,3,0,6
86365.198131,2026-07-22T15:14:39.154,4,0,3,0,6
86365.200724,2026-07-22T15:14:39.157,4,0,3,0,6
86365.203195,2026-07-22T15:14:39.160,4,0,3,0,6
86365.205599,2026-07-22T15:14:39.162,4,0,3,0,6
86365.207642,2026-07-22T15:14:39.164,4,0,3,0,6
86365.210070,2026-07-22T15:14:39.166,4,0,3,0,6
86365.212315,2026-07-22T15:14:39.169,4,0,3,0,6
86365.214345,2026-07-22T15:14:39.171,4,0,3,0,6
86365.216357,2026-07-22T15:14:39.173,4,0,3,0,6
86365.218695,2026-07-22T15:14:39.175,4,0,3,0,6
86365.221203,2026-07-22T15:14:39.178,4,0,3,0,6
86365.223700,2026-07-22T15:14:39.180,4,0,3,0,6
86365.226225,2026-07-22T15:14:39.183,4,0,3,0,6
86365.228684,2026-07-22T15:14:39.185,4,0,3,0,6
86365.231237,2026-07-22T15:14:39.188,4,0,3,0,6
86365.233753,2026-07-22T15:14:39.190,4,0,3,0,6
86365.235762,2026-07-22T15:14:39.192,4,0,3,0,6
86365.238166,2026-07-22T15:14:39.195,4,0,3,0,6
86365.240180,2026-07-22T15:14:39.197,4,0,3,0,6
86365.242203,2026-07-22T15:14:39.199,4,0,3,0,6
86365.244634,2026-07-22T15:14:39.201,4,0,3,0,6
86365.247097,2026-07-22T15:14:39.203,4,0,3,0,6
86365.249495,2026-07-22T15:14:39.206,4,0,3,0,6
86365.252075,2026-07-22T15:14:39.208,4,0,3,0,6
86365.254112,2026-07-22T15:14:39.210,4,0,3,0,6
86365.256847,2026-07-22T15:14:39.213,4,0,3,0,6
86365.259528,2026-07-22T15:14:39.216,4,0,3,0,6
86365.262047,2026-07-22T15:14:39.218,4,0,3,0,6
86365.264500,2026-07-22T15:14:39.221,4,0,3,0,6
86365.267200,2026-07-22T15:14:39.224,4,0,3,0,6
86365.269263,2026-07-22T15:14:39.226,4,0,3,0,6
86365.271751,2026-07-22T15:14:39.228,4,0,3,0,6
86365.274253,2026-07-22T15:14:39.231,4,0,3,0,6
86365.276829,2026-07-22T15:14:39.233,4,0,3,0,6
86365.279253,2026-07-22T15:14:39.236,4,0,3,0,6
86365.281728,2026-07-22T15:14:39.238,4,0,3,0,6
86365.284276,2026-07-22T15:14:39.241,4,0,3,0,6
86365.286747,2026-07-22T15:14:39.243,4,0,3,0,6
86365.289147,2026-07-22T15:14:39.245,4,0,3,0,6
86365.291757,2026-07-22T15:14:39.248,4,0,3,0,6
86365.294247,2026-07-22T15:14:39.251,4,0,3,0,6
86365.296265,2026-07-22T15:14:39.253,4,0,3,0,6
86365.298701,2026-07-22T15:14:39.255,4,0,3,0,6
86365.301300,2026-07-22T15:14:39.258,4,0,3,0,6
86365.303733,2026-07-22T15:14:39.260,4,0,3,0,6
86365.305903,2026-07-22T15:14:39.262,4,0,3,0,6
86365.308571,2026-07-22T15:14:39.265,4,0,3,0,6
86365.310997,2026-07-22T15:14:39.267,4,0,3,0,6
86365.313028,2026-07-22T15:14:39.269,4,0,3,0,6
86365.315531,2026-07-22T15:14:39.272,4,0,3,0,6
86365.317559,2026-07-22T15:14:39.274,4,0,3,0,6
86365.319600,2026-07-22T15:14:39.276,4,0,3,0,6
86365.321983,2026-07-22T15:14:39.278,4,0,3,0,6
86365.324021,2026-07-22T15:14:39.280,4,0,3,0,6
86365.326448,2026-07-22T15:14:39.283,4,0,3,0,6
86365.328919,2026-07-22T15:14:39.285,4,0,3,0,6
86365.330932,2026-07-22T15:14:39.287,4,0,3,0,6
86365.332958,2026-07-22T15:14:39.289,3,3,3,0,0
86365.335065,2026-07-22T15:14:39.291,3,3,3,0,0
86365.337378,2026-07-22T15:14:39.294,3,3,3,0,0
86365.339938,2026-07-22T15:14:39.296,3,3,3,0,0
86365.341966,2026-07-22T15:14:39.298,3,3,3,0,0
86365.343978,2026-07-22T15:14:39.300,3,3,3,0,0
86365.346395,2026-07-22T15:14:39.303,3,3,3,0,0
86365.348839,2026-07-22T15:14:39.305,3,3,3,0,0
86365.351342,2026-07-22T15:14:39.308,3,3,3,0,0
86365.353886,2026-07-22T15:14:39.310,3,3,3,0,0
86365.356499,2026-07-22T15:14:39.313,3,3,3,0,0
86365.358974,2026-07-22T15:14:39.315,3,3,3,0,0
86365.361463,2026-07-22T15:14:39.318,3,3,3,0,0
86365.363963,2026-07-22T15:14:39.320,3,3,3,0,0
86365.365974,2026-07-22T15:14:39.322,3,3,3,0,0
86365.368486,2026-07-22T15:14:39.325,3,3,3,0,0
86365.370985,2026-07-22T15:14:39.327,3,3,3,0,0
86365.373466,2026-07-22T15:14:39.330,3,3,3,0,0
86365.375958,2026-07-22T15:14:39.332,3,3,3,0,0
86365.378441,2026-07-22T15:14:39.335,3,3,3,0,0
86365.380937,2026-07-22T15:14:39.337,3,3,3,0,0
86365.383509,2026-07-22T15:14:39.340,3,3,3,0,0
86365.386209,2026-07-22T15:14:39.343,3,3,3,0,0
86365.388734,2026-07-22T15:14:39.345,3,3,3,0,0
86365.391232,2026-07-22T15:14:39.348,3,3,3,0,0
86365.393791,2026-07-22T15:14:39.350,3,3,3,0,0
86365.396185,2026-07-22T15:14:39.353,3,3,3,0,0
86365.398646,2026-07-22T15:14:39.355,3,3,3,0,0
86365.401148,2026-07-22T15:14:39.357,3,3,3,0,0
86365.403687,2026-07-22T15:14:39.360,3,3,3,0,0
86365.405862,2026-07-22T15:14:39.362,3,3,3,0,0
86365.408260,2026-07-22T15:14:39.365,3,3,3,0,0
86365.410779,2026-07-22T15:14:39.367,3,3,3,0,0
86365.413224,2026-07-22T15:14:39.370,3,3,3,0,0
86365.415713,2026-07-22T15:14:39.372,3,3,3,0,0
86365.417829,2026-07-22T15:14:39.374,3,3,3,0,0
86365.420651,2026-07-22T15:14:39.377,3,3,3,0,0
86365.423124,2026-07-22T15:14:39.379,3,3,3,0,0
86365.425565,2026-07-22T15:14:39.382,3,3,3,0,0
86365.427577,2026-07-22T15:14:39.384,3,3,3,0,0
86365.430021,2026-07-22T15:14:39.386,3,3,3,0,0
86365.432322,2026-07-22T15:14:39.389,3,3,3,0,0
86365.434935,2026-07-22T15:14:39.391,3,3,3,0,0
86365.437562,2026-07-22T15:14:39.394,3,3,3,0,0
86365.439997,2026-07-22T15:14:39.396,3,3,3,0,0
86365.442423,2026-07-22T15:14:39.399,3,3,3,0,0
86365.445060,2026-07-22T15:14:39.401,3,3,3,0,0
86365.447519,2026-07-22T15:14:39.404,3,3,3,0,0
86365.449989,2026-07-22T15:14:39.406,3,3,3,0,0
86365.452450,2026-07-22T15:14:39.409,3,3,3,0,0
86365.454630,2026-07-22T15:14:39.411,3,3,3,0,0
86365.457161,2026-07-22T15:14:39.414,3,3,3,0,0
86365.459793,2026-07-22T15:14:39.416,3,3,3,0,0
86365.462356,2026-07-22T15:14:39.419,3,3,3,0,0
86365.465136,2026-07-22T15:14:39.421,3,3,3,0,0
86365.467916,2026-07-22T15:14:39.424,3,3,3,0,0
86365.470283,2026-07-22T15:14:39.427,3,3,3,0,0
86365.472724,2026-07-22T15:14:39.429,3,3,3,0,0
86365.475120,2026-07-22T15:14:39.431,3,3,3,0,0
86365.477607,2026-07-22T15:14:39.434,3,3,3,0,0
86365.480105,2026-07-22T15:14:39.436,3,3,3,0,0
86365.482600,2026-07-22T15:14:39.439,3,3,3,0,0
86365.485009,2026-07-22T15:14:39.441,3,3,3,0,0
86365.487496,2026-07-22T15:14:39.444,3,3,3,0,0
86365.489972,2026-07-22T15:14:39.446,3,3,3,0,0
86365.492644,2026-07-22T15:14:39.449,3,3,3,0,0
86365.494961,2026-07-22T15:14:39.451,3,3,3,0,0
86365.497612,2026-07-22T15:14:39.454,3,3,3,0,0
86365.500312,2026-07-22T15:14:39.457,3,3,3,0,0
86365.502963,2026-07-22T15:14:39.459,3,3,3,0,0
86365.505989,2026-07-22T15:14:39.462,3,3,3,0,0
86365.508388,2026-07-22T15:14:39.465,3,3,3,0,0
86365.511136,2026-07-22T15:14:39.467,3,3,3,0,0
86365.513618,2026-07-22T15:14:39.470,3,3,3,0,0
86365.516186,2026-07-22T15:14:39.473,3,3,3,0,0
86365.518731,2026-07-22T15:14:39.475,3,3,3,0,0
86365.521262,2026-07-22T15:14:39.478,3,3,3,0,0
86365.523804,2026-07-22T15:14:39.480,3,3,3,0,0
86365.526302,2026-07-22T15:14:39.483,3,3,3,0,0
86365.528831,2026-07-22T15:14:39.485,3,3,3,0,0
86365.531259,2026-07-22T15:14:39.488,3,3,3,0,0
86365.533768,2026-07-22T15:14:39.490,3,3,3,0,0
86365.536233,2026-07-22T15:14:39.493,3,3,3,0,0
86365.538788,2026-07-22T15:14:39.495,3,3,3,0,0
86365.540799,2026-07-22T15:14:39.497,3,3,3,0,0
86365.543281,2026-07-22T15:14:39.500,3,3,3,0,0
86365.545807,2026-07-22T15:14:39.502,3,3,3,0,0
86365.548265,2026-07-22T15:14:39.505,3,3,3,0,0
86365.550722,2026-07-22T15:14:39.507,3,3,3,0,0
86365.553398,2026-07-22T15:14:39.510,3,3,3,0,0
86365.555442,2026-07-22T15:14:39.512,3,3,3,0,0
86365.557461,2026-07-22T15:14:39.514,3,3,3,0,0
86365.560082,2026-07-22T15:14:39.516,3,3,3,0,0
86365.562622,2026-07-22T15:14:39.519,3,3,3,0,0
86365.565149,2026-07-22T15:14:39.522,3,3,3,0,0
86365.567748,2026-07-22T15:14:39.524,3,3,3,0,0
86365.570397,2026-07-22T15:14:39.527,3,3,3,0,0
86365.572921,2026-07-22T15:14:39.529,3,3,3,0,0
86365.575619,2026-07-22T15:14:39.532,3,3,3,0,0
86365.578184,2026-07-22T15:14:39.535,3,3,3,0,0
86365.580768,2026-07-22T15:14:39.537,3,3,3,0,0
86365.583350,2026-07-22T15:14:39.540,3,3,3,0,0
86365.585899,2026-07-22T15:14:39.542,3,3,3,0,0
86365.588445,2026-07-22T15:14:39.545,3,3,3,0,0
86365.590787,2026-07-22T15:14:39.547,3,3,3,0,0
86365.592927,2026-07-22T15:14:39.549,3,3,3,0,0
86365.595544,2026-07-22T15:14:39.552,3,3,3,0,0
86365.598198,2026-07-22T15:14:39.555,3,3,3,0,0
86365.600689,2026-07-22T15:14:39.557,3,3,3,0,0
86365.603257,2026-07-22T15:14:39.560,3,3,3,0,0
86365.605669,2026-07-22T15:14:39.562,3,3,3,0,0
86365.608285,2026-07-22T15:14:39.565,3,3,3,0,0
86365.610684,2026-07-22T15:14:39.567,3,3,3,0,0
86365.613203,2026-07-22T15:14:39.570,3,3,3,0,0
86365.615706,2026-07-22T15:14:39.572,3,3,3,0,0
86365.618224,2026-07-22T15:14:39.575,3,3,3,0,0
86365.620814,2026-07-22T15:14:39.577,3,3,3,0,0
86365.623418,2026-07-22T15:14:39.580,3,3,3,0,0
86365.625803,2026-07-22T15:14:39.582,3,3,3,0,0
86365.628231,2026-07-22T15:14:39.585,3,3,3,0,0
86365.630762,2026-07-22T15:14:39.587,3,3,3,0,0
86365.633214,2026-07-22T15:14:39.590,3,3,3,0,0
86365.635821,2026-07-22T15:14:39.592,3,3,3,0,0
86365.638228,2026-07-22T15:14:39.595,3,3,3,0,0
86365.640735,2026-07-22T15:14:39.597,3,3,3,0,0
86365.643245,2026-07-22T15:14:39.600,3,3,3,0,0
86365.645780,2026-07-22T15:14:39.602,3,3,3,0,0
86365.648150,2026-07-22T15:14:39.605,3,3,3,0,0
86365.650569,2026-07-22T15:14:39.607,3,3,3,0,0
86365.652998,2026-07-22T15:14:39.609,3,3,3,0,0
86365.655518,2026-07-22T15:14:39.612,3,3,3,0,0
86365.658040,2026-07-22T15:14:39.614,3,3,3,0,0
86365.660626,2026-07-22T15:14:39.617,3,3,3,0,0
86365.662651,2026-07-22T15:14:39.619,3,3,3,0,0
86365.665172,2026-07-22T15:14:39.622,3,3,3,0,0
86365.667203,2026-07-22T15:14:39.624,3,3,3,0,0
86365.669793,2026-07-22T15:14:39.626,3,3,3,0,0
86365.672199,2026-07-22T15:14:39.629,3,3,3,0,0
86365.674634,2026-07-22T15:14:39.631,3,3,3,0,0
86365.677122,2026-07-22T15:14:39.633,3,3,3,0,0
86365.679647,2026-07-22T15:14:39.636,3,3,3,0,0
86365.682254,2026-07-22T15:14:39.639,3,3,3,0,0
86365.684929,2026-07-22T15:14:39.641,3,3,3,0,0
86365.687496,2026-07-22T15:14:39.644,3,3,3,0,0
86365.689935,2026-07-22T15:14:39.646,3,3,3,0,0
86365.692156,2026-07-22T15:14:39.648,3,3,3,0,0
86365.694517,2026-07-22T15:14:39.651,3,3,3,0,0
86365.696529,2026-07-22T15:14:39.653,3,3,3,0,0
86365.698959,2026-07-22T15:14:39.655,3,3,3,0,0
86365.701688,2026-07-22T15:14:39.658,3,3,3,0,0
86365.703700,2026-07-22T15:14:39.660,3,3,3,0,0
86365.705995,2026-07-22T15:14:39.662,3,3,3,0,0
86365.708604,2026-07-22T15:14:39.665,3,3,3,0,0
86365.711299,2026-07-22T15:14:39.668,3,3,3,0,0
86365.713781,2026-07-22T15:14:39.670,3,3,3,0,0
86365.716262,2026-07-22T15:14:39.673,3,3,3,0,0
86365.719006,2026-07-22T15:14:39.675,3,3,3,0,0
86365.721565,2026-07-22T15:14:39.678,3,3,3,0,0
86365.724034,2026-07-22T15:14:39.680,3,3,3,0,0
86365.726477,2026-07-22T15:14:39.683,3,3,3,0,0
86365.729124,2026-07-22T15:14:39.685,3,3,3,0,0
86365.731739,2026-07-22T15:14:39.688,3,3,3,0,0
86365.734317,2026-07-22T15:14:39.691,3,3,3,0,0
86365.737058,2026-07-22T15:14:39.693,3,3,3,0,0
86365.739744,2026-07-22T15:14:39.696,3,3,3,0,0
86365.741852,2026-07-22T15:14:39.698,3,3,3,0,0
86365.744459,2026-07-22T15:14:39.701,3,3,3,0,0
86365.747260,2026-07-22T15:14:39.704,3,3,3,0,0
86365.749920,2026-07-22T15:14:39.706,3,3,3,0,0
86365.752649,2026-07-22T15:14:39.709,3,3,3,0,0
86365.755069,2026-07-22T15:14:39.711,3,3,3,0,0
86365.757815,2026-07-22T15:14:39.714,3,3,3,0,0
86365.760521,2026-07-22T15:14:39.717,3,3,3,0,0
86365.763334,2026-07-22T15:14:39.720,3,3,3,0,0
86365.765955,2026-07-22T15:14:39.722,3,3,3,0,0
86365.768328,2026-07-22T15:14:39.725,3,3,3,0,0
86365.770888,2026-07-22T15:14:39.727,3,3,3,0,0
86365.773456,2026-07-22T15:14:39.730,3,3,3,0,0
86365.776032,2026-07-22T15:14:39.732,3,3,3,0,0
86365.778620,2026-07-22T15:14:39.735,3,3,3,0,0
86365.781146,2026-07-22T15:14:39.737,3,3,3,0,0
86365.783638,2026-07-22T15:14:39.740,3,3,3,0,0
86365.786105,2026-07-22T15:14:39.742,3,3,3,0,0
86365.788596,2026-07-22T15:14:39.745,3,3,3,0,0
86365.791098,2026-07-22T15:14:39.747,3,3,3,0,0
86365.793536,2026-07-22T15:14:39.750,3,3,3,0,0
86365.796034,2026-07-22T15:14:39.752,3,3,3,0,0
86365.798639,2026-07-22T15:14:39.755,3,3,3,0,0
86365.801209,2026-07-22T15:14:39.758,3,3,3,0,0
86365.803724,2026-07-22T15:14:39.760,3,3,3,0,0
86365.806054,2026-07-22T15:14:39.762,3,3,3,0,0
86365.808246,2026-07-22T15:14:39.765,3,3,3,0,0
86365.810617,2026-07-22T15:14:39.767,3,3,3,0,0
86365.813359,2026-07-22T15:14:39.770,3,3,3,0,0
86365.815929,2026-07-22T15:14:39.772,3,3,3,0,0
86365.818677,2026-07-22T15:14:39.775,3,3,3,0,0
86365.821468,2026-07-22T15:14:39.778,3,3,3,0,0
86365.824015,2026-07-22T15:14:39.780,3,3,3,0,0
86365.826546,2026-07-22T15:14:39.783,3,3,3,0,0
86365.829086,2026-07-22T15:14:39.785,3,3,3,0,0
86365.831564,2026-07-22T15:14:39.788,3,3,3,0,0
86365.833987,2026-07-22T15:14:39.790,3,3,3,0,0
86365.836514,2026-07-22T15:14:39.793,3,3,3,0,0
86365.838645,2026-07-22T15:14:39.795,3,3,3,0,0
86365.841164,2026-07-22T15:14:39.798,3,3,3,0,0
86365.843699,2026-07-22T15:14:39.800,3,3,3,0,0
86365.846170,2026-07-22T15:14:39.803,3,3,3,0,0
86365.848195,2026-07-22T15:14:39.805,3,3,3,0,0
86365.850704,2026-07-22T15:14:39.807,3,3,3,0,0
86365.852720,2026-07-22T15:14:39.809,3,3,3,0,0
86365.855233,2026-07-22T15:14:39.812,3,3,3,0,0
86365.857889,2026-07-22T15:14:39.814,3,3,3,0,0
86365.859995,2026-07-22T15:14:39.815,3,3,3,0,0
86365.862461,2026-07-22T15:14:39.819,3,3,3,0,0
86365.864934,2026-07-22T15:14:39.821,3,3,3,0,0
86365.867460,2026-07-22T15:14:39.824,3,3,3,0,0
86365.869494,2026-07-22T15:14:39.826,3,3,3,0,0
86365.871509,2026-07-22T15:14:39.828,3,3,3,0,0
86365.873966,2026-07-22T15:14:39.830,3,3,3,0,0
86365.876485,2026-07-22T15:14:39.833,3,3,3,0,0
86365.879048,2026-07-22T15:14:39.835,3,3,3,0,0
86365.881495,2026-07-22T15:14:39.838,3,3,3,0,0
86365.884068,2026-07-22T15:14:39.840,3,3,3,0,0
86365.886536,2026-07-22T15:14:39.843,3,3,3,0,0
86365.888569,2026-07-22T15:14:39.845,3,3,3,0,0
86365.891044,2026-07-22T15:14:39.847,3,3,3,0,0
86365.893539,2026-07-22T15:14:39.848,3,3,3,0,0
86365.895576,2026-07-22T15:14:39.852,3,3,3,0,0
86365.897984,2026-07-22T15:14:39.854,3,3,3,0,0
86365.900007,2026-07-22T15:14:39.856,3,3,3,0,0
86365.902776,2026-07-22T15:14:39.859,3,3,3,0,0
86365.904817,2026-07-22T15:14:39.861,3,3,3,0,0
86365.907234,2026-07-22T15:14:39.864,3,3,3,0,0
86365.909748,2026-07-22T15:14:39.866,3,3,3,0,0
86365.912432,2026-07-22T15:14:39.869,3,3,3,0,0
86365.915179,2026-07-22T15:14:39.872,3,3,3,0,0
86365.917619,2026-07-22T15:14:39.874,3,3,3,0,0
86365.920054,2026-07-22T15:14:39.876,3,3,3,0,0
86365.922075,2026-07-22T15:14:39.878,3,3,3,0,0
86365.924485,2026-07-22T15:14:39.881,3,3,3,0,0
86365.926500,2026-07-22T15:14:39.883,3,3,3,0,0
86365.928535,2026-07-22T15:14:39.885,3,3,3,0,0
86365.930717,2026-07-22T15:14:39.887,3,3,3,0,0
86365.933232,2026-07-22T15:14:39.890,3,3,3,0,0
86365.935274,2026-07-22T15:14:39.892,3,3,3,0,0
86365.937464,2026-07-22T15:14:39.894,3,3,3,0,0
86365.939979,2026-07-22T15:14:39.896,3,3,3,0,0
86365.942497,2026-07-22T15:14:39.899,3,3,3,0,0
86365.944530,2026-07-22T15:14:39.901,3,3,3,0,0
86365.946906,2026-07-22T15:14:39.903,3,3,3,0,0
86365.948938,2026-07-22T15:14:39.905,3,3,3,0,0
86365.951269,2026-07-22T15:14:39.908,3,3,3,0,0
86365.953793,2026-07-22T15:14:39.910,3,3,3,0,0
86365.956235,2026-07-22T15:14:39.913,3,3,3,0,0
86365.958795,2026-07-22T15:14:39.915,3,3,3,0,0
86365.960905,2026-07-22T15:14:39.917,3,3,3,0,0
86365.962917,2026-07-22T15:14:39.919,3,3,3,0,0
86365.964980,2026-07-22T15:14:39.921,3,3,3,0,0
86365.967460,2026-07-22T15:14:39.924,3,3,3,0,0
86365.969502,2026-07-22T15:14:39.926,3,3,3,0,0
86365.971542,2026-07-22T15:14:39.928,3,3,3,0,0
86365.973569,2026-07-22T15:14:39.930,3,3,3,0,0
86365.975608,2026-07-22T15:14:39.932,3,3,3,0,0
86365.978119,2026-07-22T15:14:39.934,3,3,3,0,0
86365.980659,2026-07-22T15:14:39.937,3,3,3,0,0
86365.982976,2026-07-22T15:14:39.939,3,3,3,0,0
86365.985461,2026-07-22T15:14:39.942,3,3,3,0,0
86365.987978,2026-07-22T15:14:39.944,3,3,3,0,0
86365.990414,2026-07-22T15:14:39.947,3,3,3,0,0
86365.992977,2026-07-22T15:14:39.949,3,3,3,0,0
86365.995418,2026-07-22T15:14:39.952,3,3,3,0,0
86365.997463,2026-07-22T15:14:39.954,3,3,3,0,0
86365.999510,2026-07-22T15:14:39.956,3,3,3,0,0
86366.001566,2026-07-22T15:14:39.958,3,3,3,0,0
86366.003615,2026-07-22T15:14:39.960,3,3,3,0,0
86366.005664,2026-07-22T15:14:39.962,3,3,3,0,0
86366.007696,2026-07-22T15:14:39.964,3,3,3,0,0
86366.009814,2026-07-22T15:14:39.966,3,3,3,0,0
86366.011829,2026-07-22T15:14:39.968,3,3,3,0,0
86366.013861,2026-07-22T15:14:39.970,3,3,3,0,0
86366.015898,2026-07-22T15:14:39.972,3,3,3,0,0
86366.017945,2026-07-22T15:14:39.974,3,3,3,0,0
86366.020000,2026-07-22T15:14:39.976,3,3,3,0,0
86366.022045,2026-07-22T15:14:39.978,3,3,3,0,0
86366.024100,2026-07-22T15:14:39.980,3,3,3,0,0
86366.026147,2026-07-22T15:14:39.982,3,3,3,0,0
86366.028210,2026-07-22T15:14:39.985,3,3,3,0,0
86366.030292,2026-07-22T15:14:39.987,3,3,3,0,0
86366.032816,2026-07-22T15:14:39.989,3,3,3,0,0
86366.034868,2026-07-22T15:14:39.991,3,3,3,0,0
86366.037359,2026-07-22T15:14:39.994,3,3,3,0,0
86366.039962,2026-07-22T15:14:39.996,3,3,3,0,0
86366.042423,2026-07-22T15:14:39.999,3,3,3,0,0
86366.044942,2026-07-22T15:14:40.001,3,3,3,0,0
86366.047066,2026-07-22T15:14:40.003,3,3,3,0,0
86366.049077,2026-07-22T15:14:40.005,3,3,3,0,0
86366.051453,2026-07-22T15:14:40.008,3,3,3,0,0
86366.053989,2026-07-22T15:14:40.010,3,3,3,0,0
86366.056584,2026-07-22T15:14:40.013,3,3,3,0,0
86366.059313,2026-07-22T15:14:40.016,3,3,3,0,0
86366.061838,2026-07-22T15:14:40.018,3,3,3,0,0
86366.064532,2026-07-22T15:14:40.021,3,3,3,0,0
86366.066544,2026-07-22T15:14:40.023,3,3,3,0,0
86366.068753,2026-07-22T15:14:40.025,3,3,3,0,0
86366.071174,2026-07-22T15:14:40.028,3,3,3,0,0
86366.073664,2026-07-22T15:14:40.030,3,3,3,0,0
86366.076189,2026-07-22T15:14:40.033,3,3,3,0,0
86366.078713,2026-07-22T15:14:40.035,3,3,3,0,0
86366.080762,2026-07-22T15:14:40.037,3,3,3,0,0
86366.083187,2026-07-22T15:14:40.040,3,3,3,0,0
86366.085222,2026-07-22T15:14:40.042,3,3,3,0,0
86366.087819,2026-07-22T15:14:40.044,3,3,3,0,0
86366.090325,2026-07-22T15:14:40.047,3,3,3,0,0
86366.092668,2026-07-22T15:14:40.049,3,3,3,0,0
86366.095099,2026-07-22T15:14:40.051,3,3,3,0,0
86366.097178,2026-07-22T15:14:40.054,3,3,3,0,0
86366.099730,2026-07-22T15:14:40.056,3,3,3,0,0
86366.102251,2026-07-22T15:14:40.059,3,3,3,0,0
86366.104731,2026-07-22T15:14:40.061,3,3,3,0,0
86366.106942,2026-07-22T15:14:40.062,3,3,3,0,0
86366.109132,2026-07-22T15:14:40.065,3,3,3,0,0
86366.111502,2026-07-22T15:14:40.068,3,3,3,0,0
86366.114021,2026-07-22T15:14:40.070,3,3,3,0,0
86366.116334,2026-07-22T15:14:40.073,3,3,3,0,0
86366.118873,2026-07-22T15:14:40.075,3,3,3,0,0
86366.121619,2026-07-22T15:14:40.078,3,3,3,0,0
86366.124030,2026-07-22T15:14:40.080,3,3,3,0,0
86366.126567,2026-07-22T15:14:40.083,3,3,3,0,0
86366.129077,2026-07-22T15:14:40.085,3,3,3,0,0
86366.131645,2026-07-22T15:14:40.088,3,3,3,0,0
86366.134200,2026-07-22T15:14:40.091,3,3,3,0,0
86366.136731,2026-07-22T15:14:40.093,3,3,3,0,0
86366.139240,2026-07-22T15:14:40.096,3,3,3,0,0
86366.141332,2026-07-22T15:14:40.098,3,3,3,0,0
86366.143858,2026-07-22T15:14:40.100,3,3,3,0,0
86366.146262,2026-07-22T15:14:40.103,3,3,3,0,0
86366.148283,2026-07-22T15:14:40.105,3,3,3,0,0
86366.150807,2026-07-22T15:14:40.107,3,3,3,0,0
86366.152852,2026-07-22T15:14:40.109,3,3,3,0,0
86366.155277,2026-07-22T15:14:40.112,3,3,3,0,0
86366.157806,2026-07-22T15:14:40.114,3,3,3,0,0
86366.160443,2026-07-22T15:14:40.117,3,3,3,0,0
86366.163060,2026-07-22T15:14:40.119,3,3,3,0,0
86366.165637,2026-07-22T15:14:40.122,3,3,3,0,0
86366.168446,2026-07-22T15:14:40.125,36,2,3,0,0
86366.170954,2026-07-22T15:14:40.127,36,2,3,0,0
86366.173041,2026-07-22T15:14:40.129,36,2,3,0,0
86366.175501,2026-07-22T15:14:40.132,36,2,3,0,0
86366.178020,2026-07-22T15:14:40.134,36,2,3,0,0
86366.180031,2026-07-22T15:14:40.136,36,2,3,0,0
86366.182207,2026-07-22T15:14:40.139,36,2,3,0,0
86366.184668,2026-07-22T15:14:40.141,36,2,3,0,0
86366.187333,2026-07-22T15:14:40.144,36,2,3,0,0
86366.189867,2026-07-22T15:14:40.146,36,2,3,0,0
86366.192388,2026-07-22T15:14:40.149,36,2,3,0,0
86366.194453,2026-07-22T15:14:40.151,36,2,3,0,0
86366.197141,2026-07-22T15:14:40.153,36,2,3,0,0
86366.199657,2026-07-22T15:14:40.156,36,2,3,0,0
86366.202398,2026-07-22T15:14:40.159,36,2,3,0,0
86366.204412,2026-07-22T15:14:40.161,36,2,3,0,0
86366.207921,2026-07-22T15:14:40.164,36,2,3,0,0
86366.210365,2026-07-22T15:14:40.167,36,2,3,0,0
86366.213008,2026-07-22T15:14:40.169,36,2,3,0,0
86366.215624,2026-07-22T15:14:40.172,36,2,3,0,0
86366.217651,2026-07-22T15:14:40.174,36,2,3,0,0
86366.220013,2026-07-22T15:14:40.176,36,2,3,0,0
86366.222539,2026-07-22T15:14:40.179,36,2,3,0,0
86366.224663,2026-07-22T15:14:40.181,36,2,3,0,0
86366.227185,2026-07-22T15:14:40.184,36,2,3,0,0
86366.229216,2026-07-22T15:14:40.186,36,2,3,0,0
86366.231708,2026-07-22T15:14:40.188,36,2,3,0,0
86366.234220,2026-07-22T15:14:40.191,36,2,3,0,0
86366.236639,2026-07-22T15:14:40.193,36,2,3,0,0
86366.239159,2026-07-22T15:14:40.196,36,2,3,0,0
86366.241205,2026-07-22T15:14:40.198,36,2,3,0,0
86366.243912,2026-07-22T15:14:40.200,36,2,3,0,0
86366.246430,2026-07-22T15:14:40.203,36,2,3,0,0
86366.248941,2026-07-22T15:14:40.205,36,2,3,0,0
86366.251446,2026-07-22T15:14:40.208,36,2,3,0,0
86366.253944,2026-07-22T15:14:40.210,36,2,3,0,0
86366.256479,2026-07-22T15:14:40.213,36,2,3,0,0
86366.258820,2026-07-22T15:14:40.215,36,2,3,0,0
86366.261250,2026-07-22T15:14:40.218,36,2,3,0,0
86366.263282,2026-07-22T15:14:40.220,36,2,3,0,0
86366.265623,2026-07-22T15:14:40.222,36,2,3,0,0
86366.268142,2026-07-22T15:14:40.224,36,2,3,0,0
86366.270460,2026-07-22T15:14:40.227,36,2,3,0,0
86366.272979,2026-07-22T15:14:40.229,36,2,3,0,0
86366.275400,2026-07-22T15:14:40.232,36,2,3,0,0
86366.277942,2026-07-22T15:14:40.234,36,2,3,0,0
86366.280148,2026-07-22T15:14:40.237,36,2,3,0,0
86366.282663,2026-07-22T15:14:40.239,36,2,3,0,0
86366.284706,2026-07-22T15:14:40.241,36,2,3,0,0
86366.287295,2026-07-22T15:14:40.244,36,2,3,0,0
86366.289305,2026-07-22T15:14:40.246,36,2,3,0,0
86366.291345,2026-07-22T15:14:40.248,36,2,3,0,0
86366.293787,2026-07-22T15:14:40.250,36,2,3,0,0
86366.295823,2026-07-22T15:14:40.252,36,2,3,0,0
86366.298258,2026-07-22T15:14:40.255,36,2,3,0,0
86366.300814,2026-07-22T15:14:40.257,36,2,3,0,0
86366.303290,2026-07-22T15:14:40.260,36,2,3,0,0
86366.305715,2026-07-22T15:14:40.262,36,2,3,0,0
86366.308215,2026-07-22T15:14:40.265,36,2,3,0,0
86366.310237,2026-07-22T15:14:40.267,36,2,3,0,0
86366.312574,2026-07-22T15:14:40.269,36,2,3,0,0
86366.315135,2026-07-22T15:14:40.271,36,2,3,0,0
86366.317649,2026-07-22T15:14:40.274,36,2,3,0,0
86366.319858,2026-07-22T15:14:40.276,36,2,3,0,0
86366.321883,2026-07-22T15:14:40.278,36,2,3,0,0
86366.323949,2026-07-22T15:14:40.280,36,2,3,0,0
86366.326465,2026-07-22T15:14:40.283,36,2,3,0,0
86366.328964,2026-07-22T15:14:40.285,36,2,3,0,0
86366.331608,2026-07-22T15:14:40.288,36,2,3,0,0
86366.333619,2026-07-22T15:14:40.290,36,2,3,0,0
86366.335668,2026-07-22T15:14:40.292,36,2,3,0,0
86366.337699,2026-07-22T15:14:40.294,36,2,3,0,0
86366.339731,2026-07-22T15:14:40.296,36,2,3,0,0
86366.341773,2026-07-22T15:14:40.298,36,2,3,0,0
86366.344286,2026-07-22T15:14:40.301,36,2,3,0,0
86366.346333,2026-07-22T15:14:40.303,36,2,3,0,0
86366.348812,2026-07-22T15:14:40.305,36,2,3,0,0
86366.351335,2026-07-22T15:14:40.308,36,2,3,0,0
86366.353942,2026-07-22T15:14:40.310,36,2,3,0,0
86366.355982,2026-07-22T15:14:40.312,36,2,3,0,0
86366.358490,2026-07-22T15:14:40.315,36,2,3,0,0
86366.361259,2026-07-22T15:14:40.318,36,2,3,0,0
86366.363757,2026-07-22T15:14:40.320,36,2,3,0,0
86366.366259,2026-07-22T15:14:40.323,36,2,3,0,0
86366.368791,2026-07-22T15:14:40.325,36,2,3,0,0
86366.371447,2026-07-22T15:14:40.328,36,2,3,0,0
86366.373954,2026-07-22T15:14:40.330,36,2,3,0,0
86366.376408,2026-07-22T15:14:40.333,36,2,3,0,0
86366.378871,2026-07-22T15:14:40.335,36,2,3,0,0
86366.380898,2026-07-22T15:14:40.337,36,2,3,0,0
86366.383528,2026-07-22T15:14:40.340,36,2,3,0,0
86366.386044,2026-07-22T15:14:40.342,36,2,3,0,0
86366.388542,2026-07-22T15:14:40.345,36,2,3,0,0
86366.390558,2026-07-22T15:14:40.347,36,2,3,0,0
86366.392598,2026-07-22T15:14:40.349,36,2,3,0,0
86366.394871,2026-07-22T15:14:40.350,36,2,3,0,0
86366.397138,2026-07-22T15:14:40.353,36,2,3,0,0
86366.399651,2026-07-22T15:14:40.356,36,2,3,0,0
86366.402131,2026-07-22T15:14:40.358,36,2,3,0,0
86366.404593,2026-07-22T15:14:40.361,36,2,3,0,0
86366.407328,2026-07-22T15:14:40.363,36,2,3,0,0
86366.409560,2026-07-22T15:14:40.366,36,2,3,0,0
86366.412309,2026-07-22T15:14:40.369,36,2,3,0,0
86366.414457,2026-07-22T15:14:40.371,36,2,3,0,0
86366.416472,2026-07-22T15:14:40.373,36,2,3,0,0
86366.418740,2026-07-22T15:14:40.375,36,2,3,0,0
86366.421505,2026-07-22T15:14:40.378,36,2,3,0,0
86366.423994,2026-07-22T15:14:40.380,36,2,3,0,0
86366.426491,2026-07-22T15:14:40.383,36,2,3,0,0
86366.429089,2026-07-22T15:14:40.385,36,2,3,0,0
86366.431242,2026-07-22T15:14:40.387,36,2,3,0,0
86366.433784,2026-07-22T15:14:40.390,36,2,3,0,0
86366.435819,2026-07-22T15:14:40.392,36,2,3,0,0
86366.438252,2026-07-22T15:14:40.395,36,2,3,0,0
86366.440787,2026-07-22T15:14:40.397,36,2,3,0,0
86366.443353,2026-07-22T15:14:40.400,36,2,3,0,0
86366.445882,2026-07-22T15:14:40.402,36,2,3,0,0
86366.447976,2026-07-22T15:14:40.404,36,2,3,0,0
86366.450464,2026-07-22T15:14:40.407,36,2,3,0,0
86366.452499,2026-07-22T15:14:40.409,36,2,3,0,0
86366.454983,2026-07-22T15:14:40.411,36,2,3,0,0
86366.457530,2026-07-22T15:14:40.414,36,2,3,0,0
86366.460218,2026-07-22T15:14:40.417,36,2,3,0,0
86366.462879,2026-07-22T15:14:40.419,36,2,3,0,0
86366.465397,2026-07-22T15:14:40.422,36,2,3,0,0
86366.467423,2026-07-22T15:14:40.424,36,2,3,0,0
86366.469469,2026-07-22T15:14:40.426,36,2,3,0,0
86366.472051,2026-07-22T15:14:40.428,36,2,3,0,0
86366.474063,2026-07-22T15:14:40.430,36,2,3,0,0
86366.476092,2026-07-22T15:14:40.432,36,2,3,0,0
86366.478545,2026-07-22T15:14:40.435,36,2,3,0,0
86366.480572,2026-07-22T15:14:40.437,36,2,3,0,0
86366.483024,2026-07-22T15:14:40.439,36,2,3,0,0
86366.485549,2026-07-22T15:14:40.442,36,2,3,0,0
86366.487747,2026-07-22T15:14:40.444,36,2,3,0,0
86366.490145,2026-07-22T15:14:40.446,36,2,3,0,0
86366.492168,2026-07-22T15:14:40.449,36,2,3,0,0
86366.494784,2026-07-22T15:14:40.451,36,2,3,0,0
86366.497292,2026-07-22T15:14:40.454,36,2,3,0,0
86366.499326,2026-07-22T15:14:40.456,36,2,3,0,0
86366.501347,2026-07-22T15:14:40.458,36,2,3,0,0
86366.535609,2026-07-22T15:14:40.492,4,0,3,0,6
86366.538266,2026-07-22T15:14:40.495,4,0,3,0,6
86366.540784,2026-07-22T15:14:40.497,4,0,3,0,6
86366.543524,2026-07-22T15:14:40.500,4,0,3,0,6
86366.545960,2026-07-22T15:14:40.502,4,0,3,0,6
86366.548388,2026-07-22T15:14:40.505,4,0,3,0,6
86366.550895,2026-07-22T15:14:40.507,4,0,3,0,6
86366.553290,2026-07-22T15:14:40.510,4,0,3,0,6
86366.555818,2026-07-22T15:14:40.512,4,0,3,0,6
86366.558148,2026-07-22T15:14:40.514,4,0,3,0,6
86366.560759,2026-07-22T15:14:40.517,4,0,3,0,6
86366.563391,2026-07-22T15:14:40.520,4,0,3,0,6
86366.565950,2026-07-22T15:14:40.522,4,0,3,0,6
86366.568465,2026-07-22T15:14:40.525,4,0,3,0,6
86366.570990,2026-07-22T15:14:40.527,4,0,3,0,6
86366.573501,2026-07-22T15:14:40.530,4,0,3,0,6
86366.575532,2026-07-22T15:14:40.532,4,0,3,0,6
86366.577555,2026-07-22T15:14:40.534,4,0,3,0,6
86366.580062,2026-07-22T15:14:40.536,4,0,3,0,6
86366.582537,2026-07-22T15:14:40.539,4,0,3,0,6
86366.585020,2026-07-22T15:14:40.541,4,0,3,0,6
86366.587641,2026-07-22T15:14:40.544,4,0,3,0,6
86366.590086,2026-07-22T15:14:40.546,4,0,3,0,6
86366.592111,2026-07-22T15:14:40.548,4,0,3,0,6
86366.594504,2026-07-22T15:14:40.551,4,0,3,0,6
86366.596916,2026-07-22T15:14:40.553,4,0,3,0,6
86366.599461,2026-07-22T15:14:40.556,4,0,3,0,6
86366.601912,2026-07-22T15:14:40.558,4,0,3,0,6
86366.604415,2026-07-22T15:14:40.561,4,0,3,0,6
86366.606916,2026-07-22T15:14:40.563,4,0,3,0,6
86366.609142,2026-07-22T15:14:40.565,4,0,3,0,6
86366.611649,2026-07-22T15:14:40.568,4,0,3,0,6
86366.614130,2026-07-22T15:14:40.570,4,0,3,0,6
86366.616625,2026-07-22T15:14:40.573,4,0,3,0,6
86366.618985,2026-07-22T15:14:40.575,4,0,3,0,6
86366.621496,2026-07-22T15:14:40.578,4,0,3,0,6
86366.623959,2026-07-22T15:14:40.580,4,0,3,0,6
86366.626322,2026-07-22T15:14:40.583,4,0,3,0,6
86366.628765,2026-07-22T15:14:40.585,4,0,3,0,6
86366.630803,2026-07-22T15:14:40.587,4,0,3,0,6
86366.633050,2026-07-22T15:14:40.589,4,0,3,0,6
86366.635474,2026-07-22T15:14:40.592,4,0,3,0,6
86366.637504,2026-07-22T15:14:40.594,4,0,3,0,6
86366.639966,2026-07-22T15:14:40.596,4,0,3,0,6
86366.642447,2026-07-22T15:14:40.599,4,0,3,0,6
86366.644974,2026-07-22T15:14:40.601,4,0,3,0,6
86366.647533,2026-07-22T15:14:40.604,4,0,3,0,6
86366.650077,2026-07-22T15:14:40.606,4,0,3,0,6
86366.652601,2026-07-22T15:14:40.609,4,0,3,0,6
86366.655108,2026-07-22T15:14:40.611,4,0,3,0,6
86366.657773,2026-07-22T15:14:40.614,4,0,3,0,6
86366.659796,2026-07-22T15:14:40.616,4,0,3,0,6
86366.662303,2026-07-22T15:14:40.619,4,0,3,0,6
86366.664342,2026-07-22T15:14:40.621,4,0,3,0,6
86366.666864,2026-07-22T15:14:40.623,4,0,3,0,6
86366.669512,2026-07-22T15:14:40.626,4,0,3,0,6
86366.671955,2026-07-22T15:14:40.628,4,0,3,0,6
86366.673989,2026-07-22T15:14:40.630,4,0,3,0,6
86366.676432,2026-07-22T15:14:40.633,4,0,3,0,6
86366.678968,2026-07-22T15:14:40.635,4,0,3,0,6
86366.681139,2026-07-22T15:14:40.637,4,0,3,0,6
86366.683645,2026-07-22T15:14:40.640,4,0,3,0,6
86366.686100,2026-07-22T15:14:40.642,4,0,3,0,6
86366.688446,2026-07-22T15:14:40.645,4,0,3,0,6
86366.691178,2026-07-22T15:14:40.648,4,0,3,0,6
86366.693685,2026-07-22T15:14:40.650,4,0,3,0,6
86366.696141,2026-07-22T15:14:40.652,4,0,3,0,6
86366.698763,2026-07-22T15:14:40.655,4,0,3,0,6
86366.701166,2026-07-22T15:14:40.658,4,0,3,0,6
86366.703613,2026-07-22T15:14:40.660,4,0,3,0,6
86366.706135,2026-07-22T15:14:40.662,4,0,3,0,6
86366.708574,2026-07-22T15:14:40.665,4,0,3,0,6
86366.710857,2026-07-22T15:14:40.667,4,0,3,0,6
86366.712998,2026-07-22T15:14:40.669,4,0,3,0,6
86366.715043,2026-07-22T15:14:40.671,4,0,3,0,6
86366.717812,2026-07-22T15:14:40.674,4,0,3,0,6
86366.720347,2026-07-22T15:14:40.677,4,0,3,0,6
86366.722358,2026-07-22T15:14:40.679,4,0,3,0,6
86366.724790,2026-07-22T15:14:40.681,4,0,3,0,6
86366.726831,2026-07-22T15:14:40.683,4,0,3,0,6
86366.729306,2026-07-22T15:14:40.686,4,0,3,0,6
86366.731996,2026-07-22T15:14:40.688,4,0,3,0,6
86366.734484,2026-07-22T15:14:40.691,4,0,3,0,6
86366.736631,2026-07-22T15:14:40.693,4,0,3,0,6
86366.739133,2026-07-22T15:14:40.695,4,0,3,0,6
86366.741638,2026-07-22T15:14:40.698,4,0,3,0,6
86366.744338,2026-07-22T15:14:40.701,4,0,3,0,6
86366.746781,2026-07-22T15:14:40.703,4,0,3,0,6
86366.749208,2026-07-22T15:14:40.706,4,0,3,0,6
86366.751662,2026-07-22T15:14:40.708,3,3,3,0,0
86366.754117,2026-07-22T15:14:40.710,3,3,3,0,0
86366.756152,2026-07-22T15:14:40.713,3,3,3,0,0
86366.758654,2026-07-22T15:14:40.715,3,3,3,0,0
86366.761112,2026-07-22T15:14:40.717,3,3,3,0,0
86366.763816,2026-07-22T15:14:40.720,3,3,3,0,0
86366.766270,2026-07-22T15:14:40.723,3,3,3,0,0
86366.768879,2026-07-22T15:14:40.725,3,3,3,0,0
86366.770898,2026-07-22T15:14:40.727,3,3,3,0,0
86366.772917,2026-07-22T15:14:40.729,3,3,3,0,0
86366.775263,2026-07-22T15:14:40.732,3,3,3,0,0
86366.777659,2026-07-22T15:14:40.734,3,3,3,0,0
86366.780219,2026-07-22T15:14:40.737,3,3,3,0,0
86366.782617,2026-07-22T15:14:40.739,3,3,3,0,0
86366.785124,2026-07-22T15:14:40.741,3,3,3,0,0
86366.787829,2026-07-22T15:14:40.744,3,3,3,0,0
86366.790095,2026-07-22T15:14:40.746,3,3,3,0,0
86366.792540,2026-07-22T15:14:40.749,3,3,3,0,0
86366.795015,2026-07-22T15:14:40.751,3,3,3,0,0
86366.797700,2026-07-22T15:14:40.754,3,3,3,0,0
86366.800111,2026-07-22T15:14:40.756,3,3,3,0,0
86366.802479,2026-07-22T15:14:40.759,3,3,3,0,0
86366.805126,2026-07-22T15:14:40.761,3,3,3,0,0
86366.807332,2026-07-22T15:14:40.764,3,3,3,0,0
86366.810049,2026-07-22T15:14:40.766,3,3,3,0,0
86366.812500,2026-07-22T15:14:40.769,3,3,3,0,0
86366.815035,2026-07-22T15:14:40.771,3,3,3,0,0
86366.817046,2026-07-22T15:14:40.773,3,3,3,0,0
86366.819098,2026-07-22T15:14:40.775,3,3,3,0,0
86366.821732,2026-07-22T15:14:40.778,3,3,3,0,0
86366.823743,2026-07-22T15:14:40.780,3,3,3,0,0
86366.826129,2026-07-22T15:14:40.782,3,3,3,0,0
86366.828574,2026-07-22T15:14:40.785,3,3,3,0,0
86366.830964,2026-07-22T15:14:40.787,3,3,3,0,0
86366.833379,2026-07-22T15:14:40.790,3,3,3,0,0
86366.836009,2026-07-22T15:14:40.792,3,3,3,0,0
86366.838616,2026-07-22T15:14:40.795,3,3,3,0,0
86366.841154,2026-07-22T15:14:40.797,3,3,3,0,0
86366.843846,2026-07-22T15:14:40.800,3,3,3,0,0
86366.846280,2026-07-22T15:14:40.803,3,3,3,0,0
86366.848791,2026-07-22T15:14:40.805,3,3,3,0,0
86366.851235,2026-07-22T15:14:40.808,3,3,3,0,0
86366.853690,2026-07-22T15:14:40.810,3,3,3,0,0
86366.855701,2026-07-22T15:14:40.812,3,3,3,0,0
86366.858112,2026-07-22T15:14:40.814,3,3,3,0,0
86366.860370,2026-07-22T15:14:40.817,3,3,3,0,0
86366.862412,2026-07-22T15:14:40.819,3,3,3,0,0
86366.864699,2026-07-22T15:14:40.821,3,3,3,0,0
86366.867177,2026-07-22T15:14:40.824,3,3,3,0,0
86366.869500,2026-07-22T15:14:40.826,3,3,3,0,0
86366.872220,2026-07-22T15:14:40.829,3,3,3,0,0
86366.874524,2026-07-22T15:14:40.831,3,3,3,0,0
86366.877123,2026-07-22T15:14:40.833,3,3,3,0,0
86366.879785,2026-07-22T15:14:40.836,3,3,3,0,0
86366.882307,2026-07-22T15:14:40.839,3,3,3,0,0
86366.884798,2026-07-22T15:14:40.841,3,3,3,0,0
86366.887225,2026-07-22T15:14:40.844,3,3,3,0,0
86366.889634,2026-07-22T15:14:40.846,3,3,3,0,0
86366.891945,2026-07-22T15:14:40.848,3,3,3,0,0
86366.894332,2026-07-22T15:14:40.851,3,3,3,0,0
86366.896974,2026-07-22T15:14:40.853,3,3,3,0,0
86366.899647,2026-07-22T15:14:40.856,3,3,3,0,0
86366.902259,2026-07-22T15:14:40.859,3,3,3,0,0
86366.904631,2026-07-22T15:14:40.861,3,3,3,0,0
86366.906775,2026-07-22T15:14:40.863,3,3,3,0,0
86366.908835,2026-07-22T15:14:40.865,3,3,3,0,0
86366.911496,2026-07-22T15:14:40.868,3,3,3,0,0
86366.914188,2026-07-22T15:14:40.871,3,3,3,0,0
86366.916844,2026-07-22T15:14:40.873,3,3,3,0,0
86366.919323,2026-07-22T15:14:40.876,3,3,3,0,0
86366.922010,2026-07-22T15:14:40.878,3,3,3,0,0
86366.924603,2026-07-22T15:14:40.881,3,3,3,0,0
86366.927112,2026-07-22T15:14:40.883,3,3,3,0,0
86366.929886,2026-07-22T15:14:40.886,3,3,3,0,0
86366.931979,2026-07-22T15:14:40.888,3,3,3,0,0
86366.934485,2026-07-22T15:14:40.891,3,3,3,0,0
86366.936987,2026-07-22T15:14:40.893,3,3,3,0,0
86366.939502,2026-07-22T15:14:40.896,3,3,3,0,0
86366.941538,2026-07-22T15:14:40.898,3,3,3,0,0
86366.944194,2026-07-22T15:14:40.901,3,3,3,0,0
86366.946674,2026-07-22T15:14:40.903,3,3,3,0,0
86366.949169,2026-07-22T15:14:40.906,3,3,3,0,0
86366.951181,2026-07-22T15:14:40.908,3,3,3,0,0
86366.953630,2026-07-22T15:14:40.910,3,3,3,0,0
86366.956103,2026-07-22T15:14:40.912,3,3,3,0,0
86366.958117,2026-07-22T15:14:40.914,3,3,3,0,0
86366.960156,2026-07-22T15:14:40.916,3,3,3,0,0
86366.962854,2026-07-22T15:14:40.919,3,3,3,0,0
86366.965401,2026-07-22T15:14:40.922,3,3,3,0,0
86366.967964,2026-07-22T15:14:40.924,3,3,3,0,0
86366.970280,2026-07-22T15:14:40.927,3,3,3,0,0
86366.972796,2026-07-22T15:14:40.929,3,3,3,0,0
86366.975212,2026-07-22T15:14:40.932,3,3,3,0,0
86366.977815,2026-07-22T15:14:40.934,3,3,3,0,0
86366.980434,2026-07-22T15:14:40.937,3,3,3,0,0
86366.982951,2026-07-22T15:14:40.939,3,3,3,0,0
86366.985422,2026-07-22T15:14:40.942,3,3,3,0,0
86366.987965,2026-07-22T15:14:40.944,3,3,3,0,0
86366.990358,2026-07-22T15:14:40.947,3,3,3,0,0
86366.992772,2026-07-22T15:14:40.949,3,3,3,0,0
86366.995193,2026-07-22T15:14:40.952,3,3,3,0,0
86366.997827,2026-07-22T15:14:40.954,3,3,3,0,0
86367.000480,2026-07-22T15:14:40.957,3,3,3,0,0
86367.003002,2026-07-22T15:14:40.959,3,3,3,0,0
86367.005476,2026-07-22T15:14:40.962,3,3,3,0,0
86367.007653,2026-07-22T15:14:40.964,3,3,3,0,0
86367.009932,2026-07-22T15:14:40.966,3,3,3,0,0
86367.012695,2026-07-22T15:14:40.969,3,3,3,0,0
86367.015375,2026-07-22T15:14:40.972,3,3,3,0,0
86367.017978,2026-07-22T15:14:40.974,3,3,3,0,0
86367.020332,2026-07-22T15:14:40.977,3,3,3,0,0
86367.022972,2026-07-22T15:14:40.979,3,3,3,0,0
86367.025530,2026-07-22T15:14:40.982,3,3,3,0,0
86367.028267,2026-07-22T15:14:40.985,3,3,3,0,0
86367.030856,2026-07-22T15:14:40.987,3,3,3,0,0
86367.033409,2026-07-22T15:14:40.990,3,3,3,0,0
86367.035730,2026-07-22T15:14:40.992,3,3,3,0,0
86367.038213,2026-07-22T15:14:40.995,3,3,3,0,0
86367.040761,2026-07-22T15:14:40.997,3,3,3,0,0
86367.042807,2026-07-22T15:14:40.999,3,3,3,0,0
86367.045424,2026-07-22T15:14:41.002,3,3,3,0,0
86367.047846,2026-07-22T15:14:41.004,3,3,3,0,0
86367.050255,2026-07-22T15:14:41.007,3,3,3,0,0
86367.052751,2026-07-22T15:14:41.009,3,3,3,0,0
86367.055167,2026-07-22T15:14:41.012,3,3,3,0,0
86367.057179,2026-07-22T15:14:41.014,3,3,3,0,0
86367.059711,2026-07-22T15:14:41.016,3,3,3,0,0
86367.062242,2026-07-22T15:14:41.019,3,3,3,0,0
86367.064833,2026-07-22T15:14:41.021,3,3,3,0,0
86367.067513,2026-07-22T15:14:41.024,3,3,3,0,0
86367.069947,2026-07-22T15:14:41.026,3,3,3,0,0
86367.072460,2026-07-22T15:14:41.029,3,3,3,0,0
86367.074938,2026-07-22T15:14:41.031,3,3,3,0,0
86367.077381,2026-07-22T15:14:41.034,3,3,3,0,0
86367.079787,2026-07-22T15:14:41.036,3,3,3,0,0
86367.082179,2026-07-22T15:14:41.039,3,3,3,0,0
86367.084650,2026-07-22T15:14:41.041,3,3,3,0,0
86367.087093,2026-07-22T15:14:41.043,3,3,3,0,0
86367.089550,2026-07-22T15:14:41.046,3,3,3,0,0
86367.092004,2026-07-22T15:14:41.048,3,3,3,0,0
86367.094647,2026-07-22T15:14:41.051,3,3,3,0,0
86367.097128,2026-07-22T15:14:41.053,3,3,3,0,0
86367.099610,2026-07-22T15:14:41.055,3,3,3,0,0
86367.102136,2026-07-22T15:14:41.058,3,3,3,0,0
86367.104625,2026-07-22T15:14:41.061,3,3,3,0,0
86367.106970,2026-07-22T15:14:41.063,3,3,3,0,0
86367.109476,2026-07-22T15:14:41.066,3,3,3,0,0
86367.112129,2026-07-22T15:14:41.068,3,3,3,0,0
86367.114633,2026-07-22T15:14:41.071,3,3,3,0,0
86367.117191,2026-07-22T15:14:41.074,3,3,3,0,0
86367.119884,2026-07-22T15:14:41.076,3,3,3,0,0
86367.121960,2026-07-22T15:14:41.078,3,3,3,0,0
86367.124388,2026-07-22T15:14:41.081,3,3,3,0,0
86367.126867,2026-07-22T15:14:41.083,3,3,3,0,0
86367.129411,2026-07-22T15:14:41.086,3,3,3,0,0
86367.131998,2026-07-22T15:14:41.088,3,3,3,0,0
86367.134446,2026-07-22T15:14:41.091,3,3,3,0,0
86367.136920,2026-07-22T15:14:41.093,3,3,3,0,0
86367.139437,2026-07-22T15:14:41.096,3,3,3,0,0
86367.141958,2026-07-22T15:14:41.098,3,3,3,0,0
86367.144372,2026-07-22T15:14:41.101,3,3,3,0,0
86367.146789,2026-07-22T15:14:41.103,3,3,3,0,0
86367.149308,2026-07-22T15:14:41.106,3,3,3,0,0
86367.152029,2026-07-22T15:14:41.108,3,3,3,0,0
86367.154600,2026-07-22T15:14:41.111,3,3,3,0,0
86367.157074,2026-07-22T15:14:41.113,3,3,3,0,0
86367.159083,2026-07-22T15:14:41.115,3,3,3,0,0
86367.161135,2026-07-22T15:14:41.117,3,3,3,0,0
86367.163204,2026-07-22T15:14:41.120,3,3,3,0,0
86367.165619,2026-07-22T15:14:41.122,3,3,3,0,0
86367.168149,2026-07-22T15:14:41.124,3,3,3,0,0
86367.170876,2026-07-22T15:14:41.127,3,3,3,0,0
86367.173494,2026-07-22T15:14:41.130,3,3,3,0,0
86367.176013,2026-07-22T15:14:41.132,3,3,3,0,0
86367.178478,2026-07-22T15:14:41.135,3,3,3,0,0
86367.181099,2026-07-22T15:14:41.137,3,3,3,0,0
86367.183829,2026-07-22T15:14:41.140,3,3,3,0,0
86367.186106,2026-07-22T15:14:41.142,3,3,3,0,0
86367.188661,2026-07-22T15:14:41.145,3,3,3,0,0
86367.191294,2026-07-22T15:14:41.148,3,3,3,0,0
86367.193875,2026-07-22T15:14:41.150,3,3,3,0,0
86367.196442,2026-07-22T15:14:41.153,3,3,3,0,0
86367.198948,2026-07-22T15:14:41.155,3,3,3,0,0
86367.201618,2026-07-22T15:14:41.158,3,3,3,0,0
86367.204188,2026-07-22T15:14:41.161,3,3,3,0,0
86367.206649,2026-07-22T15:14:41.163,3,3,3,0,0
86367.209319,2026-07-22T15:14:41.165,3,3,3,0,0
86367.211653,2026-07-22T15:14:41.168,3,3,3,0,0
86367.213736,2026-07-22T15:14:41.170,3,3,3,0,0
86367.216600,2026-07-22T15:14:41.173,3,3,3,0,0
86367.219242,2026-07-22T15:14:41.176,3,3,3,0,0
86367.221834,2026-07-22T15:14:41.178,3,3,3,0,0
86367.224475,2026-07-22T15:14:41.181,3,3,3,0,0
86367.226996,2026-07-22T15:14:41.183,3,3,3,0,0
86367.229682,2026-07-22T15:14:41.186,3,3,3,0,0
86367.232376,2026-07-22T15:14:41.189,3,3,3,0,0
86367.234799,2026-07-22T15:14:41.191,3,3,3,0,0
86367.237315,2026-07-22T15:14:41.194,3,3,3,0,0
86367.239883,2026-07-22T15:14:41.196,3,3,3,0,0
86367.242408,2026-07-22T15:14:41.199,3,3,3,0,0
86367.244956,2026-07-22T15:14:41.201,3,3,3,0,0
86367.247331,2026-07-22T15:14:41.204,3,3,3,0,0
86367.249378,2026-07-22T15:14:41.206,3,3,3,0,0
86367.251984,2026-07-22T15:14:41.208,3,3,3,0,0
86367.254665,2026-07-22T15:14:41.211,3,3,3,0,0
86367.257188,2026-07-22T15:14:41.214,3,3,3,0,0
86367.259719,2026-07-22T15:14:41.216,3,3,3,0,0
86367.262237,2026-07-22T15:14:41.219,3,3,3,0,0
86367.264860,2026-07-22T15:14:41.221,3,3,3,0,0
86367.267275,2026-07-22T15:14:41.224,3,3,3,0,0
86367.269309,2026-07-22T15:14:41.226,3,3,3,0,0
86367.271339,2026-07-22T15:14:41.228,3,3,3,0,0
86367.273855,2026-07-22T15:14:41.230,3,3,3,0,0
86367.276377,2026-07-22T15:14:41.233,3,3,3,0,0
86367.278886,2026-07-22T15:14:41.235,3,3,3,0,0
86367.280920,2026-07-22T15:14:41.237,3,3,3,0,0
86367.283327,2026-07-22T15:14:41.240,3,3,3,0,0
86367.285839,2026-07-22T15:14:41.242,3,3,3,0,0
86367.288276,2026-07-22T15:14:41.245,3,3,3,0,0
86367.290287,2026-07-22T15:14:41.247,3,3,3,0,0
86367.292318,2026-07-22T15:14:41.249,3,3,3,0,0
86367.294983,2026-07-22T15:14:41.251,3,3,3,0,0
86367.297014,2026-07-22T15:14:41.253,3,3,3,0,0
86367.299353,2026-07-22T15:14:41.255,3,3,3,0,0
86367.301610,2026-07-22T15:14:41.258,3,3,3,0,0
86367.304382,2026-07-22T15:14:41.261,3,3,3,0,0
86367.307053,2026-07-22T15:14:41.263,3,3,3,0,0
86367.309263,2026-07-22T15:14:41.266,3,3,3,0,0
86367.311845,2026-07-22T15:14:41.268,3,3,3,0,0
86367.313868,2026-07-22T15:14:41.270,3,3,3,0,0
86367.316583,2026-07-22T15:14:41.273,3,3,3,0,0
86367.319086,2026-07-22T15:14:41.275,3,3,3,0,0
86367.321645,2026-07-22T15:14:41.278,3,3,3,0,0
86367.323802,2026-07-22T15:14:41.280,3,3,3,0,0
86367.325856,2026-07-22T15:14:41.282,3,3,3,0,0
86367.328332,2026-07-22T15:14:41.285,3,3,3,0,0
86367.330347,2026-07-22T15:14:41.287,3,3,3,0,0
86367.332388,2026-07-22T15:14:41.289,3,3,3,0,0
86367.334811,2026-07-22T15:14:41.291,3,3,3,0,0
86367.336866,2026-07-22T15:14:41.293,3,3,3,0,0
86367.339631,2026-07-22T15:14:41.296,3,3,3,0,0
86367.341665,2026-07-22T15:14:41.298,3,3,3,0,0
86367.344114,2026-07-22T15:14:41.300,3,3,3,0,0
86367.346638,2026-07-22T15:14:41.303,3,3,3,0,0
86367.349269,2026-07-22T15:14:41.306,3,3,3,0,0
86367.351777,2026-07-22T15:14:41.308,3,3,3,0,0
86367.353844,2026-07-22T15:14:41.310,3,3,3,0,0
86367.356150,2026-07-22T15:14:41.313,3,3,3,0,0
86367.358197,2026-07-22T15:14:41.315,3,3,3,0,0
86367.360889,2026-07-22T15:14:41.317,3,3,3,0,0
86367.363414,2026-07-22T15:14:41.320,3,3,3,0,0
86367.365898,2026-07-22T15:14:41.322,3,3,3,0,0
86367.368342,2026-07-22T15:14:41.325,3,3,3,0,0
86367.370535,2026-07-22T15:14:41.327,3,3,3,0,0
86367.373203,2026-07-22T15:14:41.330,3,3,3,0,0
86367.375237,2026-07-22T15:14:41.332,3,3,3,0,0
86367.377758,2026-07-22T15:14:41.334,3,3,3,0,0
86367.380263,2026-07-22T15:14:41.337,3,3,3,0,0
86367.382274,2026-07-22T15:14:41.339,3,3,3,0,0
86367.384374,2026-07-22T15:14:41.341,3,3,3,0,0
86367.386410,2026-07-22T15:14:41.343,3,3,3,0,0
86367.389026,2026-07-22T15:14:41.345,3,3,3,0,0
86367.391532,2026-07-22T15:14:41.348,3,3,3,0,0
86367.393957,2026-07-22T15:14:41.350,3,3,3,0,0
86367.396473,2026-07-22T15:14:41.353,3,3,3,0,0
86367.399526,2026-07-22T15:14:41.356,3,3,3,0,0
86367.402045,2026-07-22T15:14:41.358,3,3,3,0,0
86367.404609,2026-07-22T15:14:41.361,3,3,3,0,0
86367.407118,2026-07-22T15:14:41.363,3,3,3,0,0
86367.409376,2026-07-22T15:14:41.366,3,3,3,0,0
86367.412108,2026-07-22T15:14:41.368,3,3,3,0,0
86367.414613,2026-07-22T15:14:41.371,3,3,3,0,0
86367.417173,2026-07-22T15:14:41.373,3,3,3,0,0
86367.419210,2026-07-22T15:14:41.376,3,3,3,0,0
86367.421826,2026-07-22T15:14:41.378,3,3,3,0,0
86367.424340,2026-07-22T15:14:41.381,3,3,3,0,0
86367.426846,2026-07-22T15:14:41.383,3,3,3,0,0
86367.429615,2026-07-22T15:14:41.386,3,3,3,0,0
86367.432134,2026-07-22T15:14:41.388,3,3,3,0,0
86367.434472,2026-07-22T15:14:41.391,3,3,3,0,0
86367.436497,2026-07-22T15:14:41.393,3,3,3,0,0
86367.439015,2026-07-22T15:14:41.395,3,3,3,0,0
86367.441031,2026-07-22T15:14:41.397,3,3,3,0,0
86367.443157,2026-07-22T15:14:41.400,3,3,3,0,0
86367.445756,2026-07-22T15:14:41.402,3,3,3,0,0
86367.447785,2026-07-22T15:14:41.404,3,3,3,0,0
86367.450158,2026-07-22T15:14:41.406,3,3,3,0,0
86367.452681,2026-07-22T15:14:41.409,3,3,3,0,0
86367.455287,2026-07-22T15:14:41.412,3,3,3,0,0
86367.457923,2026-07-22T15:14:41.414,3,3,3,0,0
86367.460006,2026-07-22T15:14:41.416,3,3,3,0,0
86367.462570,2026-07-22T15:14:41.419,3,3,3,0,0
86367.464634,2026-07-22T15:14:41.421,3,3,3,0,0
86367.467131,2026-07-22T15:14:41.423,3,3,3,0,0
86367.469690,2026-07-22T15:14:41.426,3,3,3,0,0
86367.472456,2026-07-22T15:14:41.429,3,3,3,0,0
86367.474982,2026-07-22T15:14:41.431,3,3,3,0,0
86367.477060,2026-07-22T15:14:41.433,3,3,3,0,0
86367.479645,2026-07-22T15:14:41.436,3,3,3,0,0
86367.481685,2026-07-22T15:14:41.438,3,3,3,0,0
86367.484130,2026-07-22T15:14:41.440,3,3,3,0,0
86367.486648,2026-07-22T15:14:41.443,3,3,3,0,0
86367.489167,2026-07-22T15:14:41.446,3,3,3,0,0
86367.491791,2026-07-22T15:14:41.448,3,3,3,0,0
86367.493821,2026-07-22T15:14:41.450,3,3,3,0,0
86367.496358,2026-07-22T15:14:41.453,3,3,3,0,0
86367.498881,2026-07-22T15:14:41.455,3,3,3,0,0
86367.501016,2026-07-22T15:14:41.457,3,3,3,0,0
86367.503292,2026-07-22T15:14:41.460,3,3,3,0,0
86367.505816,2026-07-22T15:14:41.462,3,3,3,0,0
86367.508256,2026-07-22T15:14:41.465,3,3,3,0,0
86367.510810,2026-07-22T15:14:41.467,3,3,3,0,0
86367.513312,2026-07-22T15:14:41.470,3,3,3,0,0
86367.515347,2026-07-22T15:14:41.472,3,3,3,0,0
86367.517490,2026-07-22T15:14:41.474,3,3,3,0,0
86367.520005,2026-07-22T15:14:41.476,3,3,3,0,0
86367.522464,2026-07-22T15:14:41.479,3,3,3,0,0
86367.524979,2026-07-22T15:14:41.481,3,3,3,0,0
86367.527009,2026-07-22T15:14:41.483,3,3,3,0,0
86367.529441,2026-07-22T15:14:41.486,3,3,3,0,0
86367.531476,2026-07-22T15:14:41.488,3,3,3,0,0
86367.533938,2026-07-22T15:14:41.490,3,3,3,0,0
86367.536459,2026-07-22T15:14:41.493,3,3,3,0,0
86367.538958,2026-07-22T15:14:41.495,3,3,3,0,0
86367.541524,2026-07-22T15:14:41.498,3,3,3,0,0
86367.544015,2026-07-22T15:14:41.500,3,3,3,0,0
86367.546454,2026-07-22T15:14:41.503,3,3,3,0,0
86367.548487,2026-07-22T15:14:41.505,3,3,3,0,0
86367.550499,2026-07-22T15:14:41.507,3,3,3,0,0
86367.553041,2026-07-22T15:14:41.509,3,3,3,0,0
86367.555649,2026-07-22T15:14:41.512,3,3,3,0,0
86367.557997,2026-07-22T15:14:41.514,3,3,3,0,0
86367.560321,2026-07-22T15:14:41.517,3,3,3,0,0
86367.563068,2026-07-22T15:14:41.519,3,3,3,0,0
86367.565305,2026-07-22T15:14:41.522,3,3,3,0,0
86367.567315,2026-07-22T15:14:41.524,3,3,3,0,0
86367.569557,2026-07-22T15:14:41.526,3,3,3,0,0
86367.572049,2026-07-22T15:14:41.528,3,3,3,0,0
86367.574837,2026-07-22T15:14:41.531,3,3,3,0,4
86367.576868,2026-07-22T15:14:41.533,37,2,3,0,4
86367.578930,2026-07-22T15:14:41.535,37,2,3,0,4
86367.581608,2026-07-22T15:14:41.538,37,2,3,0,4
86367.583641,2026-07-22T15:14:41.540,37,2,3,0,4
86367.585651,2026-07-22T15:14:41.542,37,2,3,0,4
86367.587825,2026-07-22T15:14:41.544,37,2,3,0,4
86367.590323,2026-07-22T15:14:41.547,37,2,3,0,4
86367.592831,2026-07-22T15:14:41.549,37,2,3,0,4
86367.594871,2026-07-22T15:14:41.551,37,2,3,0,4
86367.597597,2026-07-22T15:14:41.554,37,2,3,0,4
86367.599612,2026-07-22T15:14:41.556,37,2,3,0,4
86367.601654,2026-07-22T15:14:41.558,37,2,3,0,4
86367.604200,2026-07-22T15:14:41.561,37,2,3,0,4
86367.606767,2026-07-22T15:14:41.563,37,2,3,0,4
86367.608800,2026-07-22T15:14:41.565,37,2,3,0,4
86367.611320,2026-07-22T15:14:41.568,37,2,3,0,4
86367.614118,2026-07-22T15:14:41.570,37,2,3,0,4
86367.616647,2026-07-22T15:14:41.573,37,2,3,0,4
86367.618808,2026-07-22T15:14:41.575,37,2,3,0,4
86367.621522,2026-07-22T15:14:41.578,37,2,3,0,4
86367.624026,2026-07-22T15:14:41.580,37,2,3,0,4
86367.626549,2026-07-22T15:14:41.583,37,2,3,0,4
86367.629133,2026-07-22T15:14:41.585,37,2,3,0,4
86367.631575,2026-07-22T15:14:41.588,37,2,3,0,4
86367.633605,2026-07-22T15:14:41.590,37,2,3,0,4
86367.635657,2026-07-22T15:14:41.592,37,2,3,0,4
86367.638137,2026-07-22T15:14:41.594,37,2,3,0,4
86367.640215,2026-07-22T15:14:41.597,37,2,3,0,4
86367.642248,2026-07-22T15:14:41.599,37,2,3,0,4
86367.644279,2026-07-22T15:14:41.601,37,2,3,0,4
86367.646627,2026-07-22T15:14:41.603,37,2,3,0,4
86367.649151,2026-07-22T15:14:41.606,37,2,3,0,4
86367.651748,2026-07-22T15:14:41.608,37,2,3,0,4
86367.654345,2026-07-22T15:14:41.611,37,2,3,0,4
86367.656508,2026-07-22T15:14:41.613,37,2,3,0,4
86367.659174,2026-07-22T15:14:41.616,37,2,3,0,4
86367.661217,2026-07-22T15:14:41.618,37,2,3,0,4
86367.663228,2026-07-22T15:14:41.620,37,2,3,0,4
86367.665267,2026-07-22T15:14:41.622,37,2,3,0,4
86367.667309,2026-07-22T15:14:41.624,37,2,3,0,4
86367.669875,2026-07-22T15:14:41.626,37,2,3,0,4
86367.671919,2026-07-22T15:14:41.628,37,2,3,0,4
86367.674281,2026-07-22T15:14:41.631,37,2,3,0,4
86367.676807,2026-07-22T15:14:41.633,37,2,3,0,4
86367.679618,2026-07-22T15:14:41.636,37,2,3,0,4
86367.682069,2026-07-22T15:14:41.638,37,2,3,0,4
86367.684610,2026-07-22T15:14:41.641,37,2,3,0,4
86367.687193,2026-07-22T15:14:41.644,37,2,3,0,4
86367.689229,2026-07-22T15:14:41.646,37,2,3,0,4
86367.691752,2026-07-22T15:14:41.648,37,2,3,0,4
86367.694273,2026-07-22T15:14:41.651,37,2,3,0,4
86367.696626,2026-07-22T15:14:41.653,37,2,3,0,4
86367.699139,2026-07-22T15:14:41.655,37,2,3,0,4
86367.701447,2026-07-22T15:14:41.658,37,2,3,0,4
86367.703931,2026-07-22T15:14:41.660,37,2,3,0,4
86367.705964,2026-07-22T15:14:41.662,37,2,3,0,4
86367.709335,2026-07-22T15:14:41.665,37,2,3,0,4
86367.711499,2026-07-22T15:14:41.668,37,2,3,0,4
86367.713960,2026-07-22T15:14:41.670,37,2,3,0,4
86367.716058,2026-07-22T15:14:41.672,37,2,3,0,4
86367.718682,2026-07-22T15:14:41.675,37,2,3,0,4
86367.721203,2026-07-22T15:14:41.678,37,2,3,0,4
86367.723872,2026-07-22T15:14:41.680,37,2,3,0,4
86367.726418,2026-07-22T15:14:41.683,37,2,3,0,4
86367.729132,2026-07-22T15:14:41.685,37,2,3,0,4
86367.731535,2026-07-22T15:14:41.688,37,2,3,0,4
86367.734061,2026-07-22T15:14:41.690,37,2,3,0,4
86367.736266,2026-07-22T15:14:41.693,37,2,3,0,4
86367.738800,2026-07-22T15:14:41.695,37,2,3,0,4
86367.741413,2026-07-22T15:14:41.698,37,2,3,0,4
86367.743443,2026-07-22T15:14:41.700,37,2,3,0,4
86367.746157,2026-07-22T15:14:41.703,37,2,3,0,4
86367.748587,2026-07-22T15:14:41.705,37,2,3,0,4
86367.750621,2026-07-22T15:14:41.707,37,2,3,0,4
86367.752632,2026-07-22T15:14:41.709,37,2,3,0,4
86367.755142,2026-07-22T15:14:41.711,37,2,3,0,4
86367.757836,2026-07-22T15:14:41.714,37,2,3,0,4
86367.760519,2026-07-22T15:14:41.717,37,2,3,0,4
86367.763246,2026-07-22T15:14:41.720,37,2,3,0,4
86367.765800,2026-07-22T15:14:41.722,37,2,3,0,4
86367.767831,2026-07-22T15:14:41.724,37,2,3,0,4
86367.770287,2026-07-22T15:14:41.727,37,2,3,0,4
86367.772814,2026-07-22T15:14:41.729,37,2,3,0,4
86367.775686,2026-07-22T15:14:41.732,37,2,3,0,4
86367.778220,2026-07-22T15:14:41.735,37,2,3,0,4
86367.780696,2026-07-22T15:14:41.737,37,2,3,0,4
86367.783282,2026-07-22T15:14:41.740,37,2,3,0,4
86367.785354,2026-07-22T15:14:41.742,37,2,3,0,4
86367.787872,2026-07-22T15:14:41.744,37,2,3,0,4
86367.789886,2026-07-22T15:14:41.746,37,2,3,0,4
86367.792411,2026-07-22T15:14:41.749,37,2,3,0,4
86367.795144,2026-07-22T15:14:41.751,37,2,3,0,4
86367.797242,2026-07-22T15:14:41.754,37,2,3,0,4
86367.799784,2026-07-22T15:14:41.756,37,2,3,0,4
86367.801968,2026-07-22T15:14:41.758,37,2,3,0,4
86367.804425,2026-07-22T15:14:41.761,37,2,3,0,4
86367.807062,2026-07-22T15:14:41.763,37,2,3,0,4
86367.809248,2026-07-22T15:14:41.766,37,2,3,0,4
86367.811997,2026-07-22T15:14:41.768,37,2,3,0,4
86367.814041,2026-07-22T15:14:41.770,37,2,3,0,4
86367.816629,2026-07-22T15:14:41.773,37,2,3,0,4
86367.819159,2026-07-22T15:14:41.776,37,2,3,0,4
86367.821628,2026-07-22T15:14:41.778,37,2,3,0,4
86367.823946,2026-07-22T15:14:41.780,37,2,3,0,4
86367.825977,2026-07-22T15:14:41.782,37,2,3,0,4
86367.828464,2026-07-22T15:14:41.785,37,2,3,0,4
86367.830479,2026-07-22T15:14:41.787,37,2,3,0,4
86367.832503,2026-07-22T15:14:41.789,37,2,3,0,4
86367.834514,2026-07-22T15:14:41.791,37,2,3,0,4
86367.836554,2026-07-22T15:14:41.793,37,2,3,0,4
86367.838591,2026-07-22T15:14:41.795,37,2,3,0,4
86367.840910,2026-07-22T15:14:41.797,37,2,3,0,4
86367.842936,2026-07-22T15:14:41.799,37,2,3,0,4
86367.845411,2026-07-22T15:14:41.802,37,2,3,0,4
86367.847444,2026-07-22T15:14:41.804,37,2,3,0,4
86367.849978,2026-07-22T15:14:41.806,37,2,3,0,4
86367.852477,2026-07-22T15:14:41.809,37,2,3,0,4
86367.854989,2026-07-22T15:14:41.811,37,2,3,0,4
86367.857286,2026-07-22T15:14:41.814,37,2,3,0,4
86367.859845,2026-07-22T15:14:41.816,37,2,3,0,4
86367.861910,2026-07-22T15:14:41.818,37,2,3,0,4
86367.863946,2026-07-22T15:14:41.820,37,2,3,0,4
86367.865997,2026-07-22T15:14:41.822,37,2,3,0,4
86367.868060,2026-07-22T15:14:41.824,37,2,3,0,4
86367.870206,2026-07-22T15:14:41.826,37,2,3,0,4
86367.872677,2026-07-22T15:14:41.829,37,2,3,0,4
86367.875202,2026-07-22T15:14:41.832,37,2,3,0,4
86367.877306,2026-07-22T15:14:41.834,37,2,3,0,4
86367.879363,2026-07-22T15:14:41.836,37,2,3,0,4
86367.881399,2026-07-22T15:14:41.838,37,2,3,0,4
86367.883452,2026-07-22T15:14:41.840,37,2,3,0,4
86367.885486,2026-07-22T15:14:41.842,37,2,3,0,4
86367.887522,2026-07-22T15:14:41.844,37,2,3,0,4
86367.889558,2026-07-22T15:14:41.846,37,2,3,0,4
86367.891629,2026-07-22T15:14:41.848,37,2,3,0,4
86367.893680,2026-07-22T15:14:41.850,37,2,3,0,4
86367.895710,2026-07-22T15:14:41.852,37,2,3,0,4
86367.897735,2026-07-22T15:14:41.854,37,2,3,0,4
86367.899744,2026-07-22T15:14:41.856,37,2,3,0,4
86367.901825,2026-07-22T15:14:41.858,37,2,3,0,4
86367.903870,2026-07-22T15:14:41.860,37,2,3,0,4
86367.906256,2026-07-22T15:14:41.863,37,2,3,0,4
86367.908780,2026-07-22T15:14:41.865,37,2,3,0,4
86367.911199,2026-07-22T15:14:41.868,37,2,3,0,4
86367.913219,2026-07-22T15:14:41.870,37,2,3,0,4
86367.915283,2026-07-22T15:14:41.872,37,2,3,0,4
86367.917844,2026-07-22T15:14:41.874,37,2,3,0,4
86367.920321,2026-07-22T15:14:41.877,37,2,3,0,12
86367.922677,2026-07-22T15:14:41.879,6,0,3,0,12
86367.925125,2026-07-22T15:14:41.881,6,0,3,0,12
86367.927671,2026-07-22T15:14:41.884,6,0,3,0,12
86367.929695,2026-07-22T15:14:41.886,6,0,3,0,12
86367.931749,2026-07-22T15:14:41.888,6,0,3,0,12
86367.934158,2026-07-22T15:14:41.890,6,0,3,0,12
86367.936768,2026-07-22T15:14:41.893,6,0,3,0,12
86367.939263,2026-07-22T15:14:41.896,6,0,3,0,12
86367.941273,2026-07-22T15:14:41.898,6,0,3,0,12
86367.943786,2026-07-22T15:14:41.900,6,0,3,0,12
86367.946153,2026-07-22T15:14:41.902,6,0,3,0,12
86367.948172,2026-07-22T15:14:41.905,6,0,3,0,12
86367.950630,2026-07-22T15:14:41.907,6,0,3,0,12
86367.953335,2026-07-22T15:14:41.910,6,0,3,0,12
86367.956026,2026-07-22T15:14:41.912,6,0,3,0,12
86367.958040,2026-07-22T15:14:41.914,6,0,3,0,12
86367.960119,2026-07-22T15:14:41.916,6,0,3,0,12
86367.962636,2026-07-22T15:14:41.919,6,0,3,0,12
86367.965154,2026-07-22T15:14:41.921,6,0,3,0,12
86367.967707,2026-07-22T15:14:41.924,6,0,3,0,12
86367.970313,2026-07-22T15:14:41.927,6,0,3,0,12
86367.972891,2026-07-22T15:14:41.929,6,0,3,0,12
86367.975515,2026-07-22T15:14:41.932,6,0,3,0,12
86367.978043,2026-07-22T15:14:41.934,6,0,3,0,12
86367.980785,2026-07-22T15:14:41.937,6,0,3,0,12
86367.983116,2026-07-22T15:14:41.939,6,0,3,0,12
86367.985595,2026-07-22T15:14:41.942,6,0,3,0,12
86367.987608,2026-07-22T15:14:41.944,6,0,3,0,12
86367.990062,2026-07-22T15:14:41.946,6,0,3,0,12
86367.992492,2026-07-22T15:14:41.949,6,0,3,0,12
86367.995120,2026-07-22T15:14:41.951,6,0,3,0,12
86367.997675,2026-07-22T15:14:41.954,6,0,3,0,12
86368.000179,2026-07-22T15:14:41.957,6,0,3,0,12
86368.002526,2026-07-22T15:14:41.959,6,0,3,0,12
86368.005045,2026-07-22T15:14:41.961,6,0,3,0,12
86368.007573,2026-07-22T15:14:41.964,6,0,3,0,12
86368.009833,2026-07-22T15:14:41.966,6,0,3,0,12
86368.011855,2026-07-22T15:14:41.968,6,0,3,0,12
86368.013880,2026-07-22T15:14:41.970,6,0,3,0,12
86368.015892,2026-07-22T15:14:41.972,6,0,3,0,12
86368.018343,2026-07-22T15:14:41.975,6,0,3,0,12
86368.020603,2026-07-22T15:14:41.977,6,0,3,0,12
86368.023210,2026-07-22T15:14:41.980,6,0,3,0,12
86368.025705,2026-07-22T15:14:41.982,6,0,3,0,12
86368.028493,2026-07-22T15:14:41.985,6,0,3,0,12
86368.031213,2026-07-22T15:14:41.988,6,0,3,0,12
86368.033659,2026-07-22T15:14:41.990,6,0,3,0,12
86368.035669,2026-07-22T15:14:41.992,6,0,3,0,12
86368.038131,2026-07-22T15:14:41.994,6,0,3,0,12
86368.040600,2026-07-22T15:14:41.997,6,0,3,0,12
86368.043321,2026-07-22T15:14:42.000,6,0,3,0,12
86368.045842,2026-07-22T15:14:42.002,6,0,3,0,12
86368.048270,2026-07-22T15:14:42.005,6,0,3,0,12
86368.050317,2026-07-22T15:14:42.007,6,0,3,0,12
86368.052791,2026-07-22T15:14:42.009,6,0,3,0,12
86368.054812,2026-07-22T15:14:42.011,6,0,3,0,12
86368.057331,2026-07-22T15:14:42.014,6,0,3,0,12
86368.060043,2026-07-22T15:14:42.016,6,0,3,0,12
86368.062494,2026-07-22T15:14:42.019,6,0,3,0,12
86368.064831,2026-07-22T15:14:42.021,6,0,3,0,12
86368.067626,2026-07-22T15:14:42.024,6,0,3,0,12
86368.070076,2026-07-22T15:14:42.026,6,0,3,0,12
86368.072568,2026-07-22T15:14:42.029,6,0,3,0,12
86368.075188,2026-07-22T15:14:42.032,6,0,3,0,12
86368.077649,2026-07-22T15:14:42.034,6,0,3,0,12
86368.080275,2026-07-22T15:14:42.037,6,0,3,0,12
86368.082926,2026-07-22T15:14:42.039,6,0,3,0,12
86368.085322,2026-07-22T15:14:42.042,6,0,3,0,12
86368.087798,2026-07-22T15:14:42.044,6,0,3,0,12
86368.090327,2026-07-22T15:14:42.047,6,0,3,0,12
86368.092947,2026-07-22T15:14:42.049,6,0,3,0,12
86368.095484,2026-07-22T15:14:42.052,6,0,3,0,12
86368.097942,2026-07-22T15:14:42.054,6,0,3,0,12
86368.100388,2026-07-22T15:14:42.057,6,0,3,0,12
86368.102857,2026-07-22T15:14:42.059,6,0,3,0,12
86368.105504,2026-07-22T15:14:42.062,6,0,3,0,12
86368.109055,2026-07-22T15:14:42.065,6,0,3,0,12
86368.111511,2026-07-22T15:14:42.068,6,0,3,0,12
86368.114049,2026-07-22T15:14:42.070,6,0,3,0,12
86368.116616,2026-07-22T15:14:42.073,6,0,3,0,12
86368.119168,2026-07-22T15:14:42.076,6,0,3,0,12
86368.121705,2026-07-22T15:14:42.078,6,0,3,0,12
86368.124116,2026-07-22T15:14:42.080,6,0,3,0,12
86368.126660,2026-07-22T15:14:42.083,6,0,3,0,12
86368.129145,2026-07-22T15:14:42.085,6,0,3,0,12
86368.131161,2026-07-22T15:14:42.088,6,0,3,0,12
86368.133192,2026-07-22T15:14:42.090,6,0,3,0,12
86368.135774,2026-07-22T15:14:42.092,6,0,3,0,12
86368.138221,2026-07-22T15:14:42.095,6,0,3,0,12
86368.140921,2026-07-22T15:14:42.097,6,0,3,0,12
86368.142959,2026-07-22T15:14:42.099,6,0,3,0,12
86368.145432,2026-07-22T15:14:42.102,6,0,3,0,12
86368.147963,2026-07-22T15:14:42.104,6,0,3,0,12
86368.150481,2026-07-22T15:14:42.107,6,0,3,0,12
86368.152514,2026-07-22T15:14:42.109,6,0,3,0,12
86368.154963,2026-07-22T15:14:42.111,6,0,3,0,12
86368.157431,2026-07-22T15:14:42.114,6,0,3,0,12
86368.159981,2026-07-22T15:14:42.116,6,0,3,0,12
86368.162027,2026-07-22T15:14:42.118,6,0,3,0,12
86368.164722,2026-07-22T15:14:42.121,6,0,3,0,0
86368.167477,2026-07-22T15:14:42.124,3,3,3,0,0
86368.170059,2026-07-22T15:14:42.126,3,3,3,0,0
86368.172191,2026-07-22T15:14:42.129,3,3,3,0,0
86368.174821,2026-07-22T15:14:42.131,3,3,3,0,0
86368.177393,2026-07-22T15:14:42.134,3,3,3,0,0
86368.179948,2026-07-22T15:14:42.136,3,3,3,0,0
86368.182380,2026-07-22T15:14:42.139,3,3,3,0,0
86368.184834,2026-07-22T15:14:42.141,3,3,3,0,0
86368.187202,2026-07-22T15:14:42.144,3,3,3,0,0
86368.189281,2026-07-22T15:14:42.146,3,3,3,0,0
86368.191829,2026-07-22T15:14:42.148,3,3,3,0,0
86368.194612,2026-07-22T15:14:42.151,3,3,3,0,0
86368.196622,2026-07-22T15:14:42.153,3,3,3,0,0
86368.198703,2026-07-22T15:14:42.155,3,3,3,0,0
86368.200754,2026-07-22T15:14:42.157,3,3,3,0,0
86368.203245,2026-07-22T15:14:42.160,3,3,3,0,0
86368.205273,2026-07-22T15:14:42.162,3,3,3,0,0
86368.207588,2026-07-22T15:14:42.164,3,3,3,0,0
86368.209840,2026-07-22T15:14:42.166,3,3,3,0,0
86368.212470,2026-07-22T15:14:42.169,3,3,3,0,0
86368.215216,2026-07-22T15:14:42.172,3,3,3,0,0
86368.217712,2026-07-22T15:14:42.174,3,3,3,0,0
86368.220389,2026-07-22T15:14:42.177,3,3,3,0,0
86368.222706,2026-07-22T15:14:42.179,3,3,3,0,0
86368.224715,2026-07-22T15:14:42.181,3,3,3,0,0
86368.226992,2026-07-22T15:14:42.183,3,3,3,0,0
86368.229450,2026-07-22T15:14:42.186,3,3,3,0,0
86368.231479,2026-07-22T15:14:42.188,3,3,3,0,0
86368.233992,2026-07-22T15:14:42.190,3,3,3,0,0
86368.236017,2026-07-22T15:14:42.192,3,3,3,0,0
86368.238423,2026-07-22T15:14:42.195,3,3,3,0,0
86368.240437,2026-07-22T15:14:42.197,3,3,3,0,0
86368.242479,2026-07-22T15:14:42.199,3,3,3,0,0
86368.244494,2026-07-22T15:14:42.201,3,3,3,0,0
86368.247000,2026-07-22T15:14:42.203,3,3,3,0,0
86368.249657,2026-07-22T15:14:42.206,3,3,3,0,0
86368.252166,2026-07-22T15:14:42.209,3,3,3,0,0
86368.254584,2026-07-22T15:14:42.211,3,3,3,0,0
86368.257006,2026-07-22T15:14:42.213,3,3,3,0,0
86368.259356,2026-07-22T15:14:42.216,3,3,3,0,0
86368.262055,2026-07-22T15:14:42.218,3,3,3,0,0
86368.264880,2026-07-22T15:14:42.221,3,3,3,0,0
86368.267684,2026-07-22T15:14:42.224,3,3,3,0,0
86368.270169,2026-07-22T15:14:42.227,3,3,3,0,0
86368.272977,2026-07-22T15:14:42.229,3,3,3,0,0
86368.275595,2026-07-22T15:14:42.232,3,3,3,0,0
86368.278135,2026-07-22T15:14:42.234,3,3,3,0,0
86368.280607,2026-07-22T15:14:42.237,3,3,3,0,0
86368.283238,2026-07-22T15:14:42.240,3,3,3,0,0
86368.285694,2026-07-22T15:14:42.242,3,3,3,0,0
86368.288144,2026-07-22T15:14:42.244,3,3,3,0,0
86368.290581,2026-07-22T15:14:42.247,3,3,3,0,0
86368.293400,2026-07-22T15:14:42.250,3,3,3,0,0
86368.296119,2026-07-22T15:14:42.252,3,3,3,0,0
86368.298577,2026-07-22T15:14:42.255,3,3,3,0,0
86368.301096,2026-07-22T15:14:42.257,3,3,3,0,0
86368.303106,2026-07-22T15:14:42.259,3,3,3,0,0
86368.305176,2026-07-22T15:14:42.262,3,3,3,0,0
86368.307198,2026-07-22T15:14:42.264,3,3,3,0,0
86368.309233,2026-07-22T15:14:42.266,3,3,3,0,0
86368.312021,2026-07-22T15:14:42.268,3,3,3,0,0
86368.314823,2026-07-22T15:14:42.271,3,3,3,0,0
86368.317501,2026-07-22T15:14:42.274,3,3,3,0,0
86368.320247,2026-07-22T15:14:42.277,3,3,3,0,0
86368.322730,2026-07-22T15:14:42.279,3,3,3,0,0
86368.324780,2026-07-22T15:14:42.281,3,3,3,0,0
86368.327278,2026-07-22T15:14:42.284,3,3,3,0,0
86368.329799,2026-07-22T15:14:42.286,3,3,3,0,0
86368.332317,2026-07-22T15:14:42.289,3,3,3,0,0
86368.334836,2026-07-22T15:14:42.291,3,3,3,0,0
86368.337355,2026-07-22T15:14:42.294,3,3,3,0,0
86368.339875,2026-07-22T15:14:42.296,3,3,3,0,0
86368.342401,2026-07-22T15:14:42.299,3,3,3,0,0
86368.344914,2026-07-22T15:14:42.301,3,3,3,0,0
86368.346927,2026-07-22T15:14:42.303,3,3,3,0,0
86368.348973,2026-07-22T15:14:42.305,3,3,3,0,0
86368.351011,2026-07-22T15:14:42.307,3,3,3,0,0
86368.353050,2026-07-22T15:14:42.309,3,3,3,0,0
86368.355553,2026-07-22T15:14:42.312,3,3,3,0,0
86368.357607,2026-07-22T15:14:42.314,3,3,3,0,0
86368.359843,2026-07-22T15:14:42.316,3,3,3,0,0
86368.362539,2026-07-22T15:14:42.319,3,3,3,0,0
86368.364547,2026-07-22T15:14:42.321,3,3,3,0,0
86368.367057,2026-07-22T15:14:42.323,3,3,3,0,0
86368.369665,2026-07-22T15:14:42.326,3,3,3,0,0
86368.371724,2026-07-22T15:14:42.328,3,3,3,0,0
86368.374213,2026-07-22T15:14:42.331,3,3,3,0,0
86368.376806,2026-07-22T15:14:42.333,3,3,3,0,0
86368.379499,2026-07-22T15:14:42.336,3,3,3,0,0
86368.382049,2026-07-22T15:14:42.338,3,3,3,0,0
86368.384600,2026-07-22T15:14:42.341,3,3,3,0,0
86368.387346,2026-07-22T15:14:42.344,3,3,3,0,0
86368.389873,2026-07-22T15:14:42.346,3,3,3,0,0
86368.392442,2026-07-22T15:14:42.349,3,3,3,0,0
86368.394761,2026-07-22T15:14:42.351,3,3,3,0,0
86368.397266,2026-07-22T15:14:42.354,3,3,3,0,0
86368.399810,2026-07-22T15:14:42.356,3,3,3,0,0
86368.402305,2026-07-22T15:14:42.359,3,3,3,0,0
86368.404827,2026-07-22T15:14:42.361,3,3,3,0,0
86368.406981,2026-07-22T15:14:42.363,3,3,3,0,0
86368.409388,2026-07-22T15:14:42.366,3,3,3,0,0
86368.411766,2026-07-22T15:14:42.368,3,3,3,0,0
86368.414443,2026-07-22T15:14:42.371,3,3,3,0,0
86368.416783,2026-07-22T15:14:42.373,3,3,3,0,0
86368.419327,2026-07-22T15:14:42.376,3,3,3,0,0
86368.421508,2026-07-22T15:14:42.378,3,3,3,0,0
86368.423890,2026-07-22T15:14:42.380,3,3,3,0,0
86368.426474,2026-07-22T15:14:42.383,3,3,3,0,0
86368.429104,2026-07-22T15:14:42.385,3,3,3,0,0
86368.431642,2026-07-22T15:14:42.388,3,3,3,0,0
86368.434130,2026-07-22T15:14:42.390,3,3,3,0,0
86368.436765,2026-07-22T15:14:42.393,3,3,3,0,0
86368.439219,2026-07-22T15:14:42.396,3,3,3,0,0
86368.441755,2026-07-22T15:14:42.398,3,3,3,0,0
86368.444266,2026-07-22T15:14:42.401,3,3,3,0,0
86368.446998,2026-07-22T15:14:42.403,3,3,3,0,0
86368.449511,2026-07-22T15:14:42.406,3,3,3,0,0
86368.451523,2026-07-22T15:14:42.408,3,3,3,0,0
86368.453561,2026-07-22T15:14:42.410,3,3,3,0,0
86368.456055,2026-07-22T15:14:42.412,3,3,3,0,0
86368.458311,2026-07-22T15:14:42.414,3,3,3,0,0
86368.460435,2026-07-22T15:14:42.417,3,3,3,0,0
86368.462948,2026-07-22T15:14:42.419,3,3,3,0,0
86368.465370,2026-07-22T15:14:42.422,3,3,3,0,0
86368.467912,2026-07-22T15:14:42.424,3,3,3,0,0
86368.470582,2026-07-22T15:14:42.427,3,3,3,0,0
86368.473228,2026-07-22T15:14:42.430,3,3,3,0,0
86368.475816,2026-07-22T15:14:42.432,3,3,3,0,0
86368.478255,2026-07-22T15:14:42.435,3,3,3,0,0
86368.480665,2026-07-22T15:14:42.437,3,3,3,0,0
86368.483334,2026-07-22T15:14:42.440,3,3,3,0,0
86368.485810,2026-07-22T15:14:42.442,3,3,3,0,0
86368.488242,2026-07-22T15:14:42.445,3,3,3,0,0
86368.490614,2026-07-22T15:14:42.447,3,3,3,0,0
86368.493118,2026-07-22T15:14:42.449,3,3,3,0,0
86368.495562,2026-07-22T15:14:42.452,3,3,3,0,0
86368.498206,2026-07-22T15:14:42.455,3,3,3,0,0
86368.500667,2026-07-22T15:14:42.457,3,3,3,0,0
86368.503139,2026-07-22T15:14:42.459,3,3,3,0,0
86368.505617,2026-07-22T15:14:42.462,3,3,3,0,0
86368.507639,2026-07-22T15:14:42.464,3,3,3,0,0
86368.510189,2026-07-22T15:14:42.467,3,3,3,0,0
86368.512975,2026-07-22T15:14:42.469,3,3,3,0,0
86368.515653,2026-07-22T15:14:42.472,3,3,3,0,0
86368.518176,2026-07-22T15:14:42.475,3,3,3,0,0
86368.520899,2026-07-22T15:14:42.477,3,3,3,0,0
86368.523651,2026-07-22T15:14:42.480,3,3,3,0,0
86368.526110,2026-07-22T15:14:42.482,3,3,3,0,0
86368.528653,2026-07-22T15:14:42.485,3,3,3,0,0
86368.531248,2026-07-22T15:14:42.488,3,3,3,0,0
86368.533654,2026-07-22T15:14:42.490,3,3,3,0,0
86368.536182,2026-07-22T15:14:42.493,3,3,3,0,0
86368.538622,2026-07-22T15:14:42.495,3,3,3,0,0
86368.541125,2026-07-22T15:14:42.497,3,3,3,0,0
86368.543160,2026-07-22T15:14:42.500,3,3,3,0,0
86368.545592,2026-07-22T15:14:42.502,3,3,3,0,0
86368.548098,2026-07-22T15:14:42.504,3,3,3,0,0
86368.550549,2026-07-22T15:14:42.507,3,3,3,0,0
86368.553011,2026-07-22T15:14:42.509,3,3,3,0,0
86368.555594,2026-07-22T15:14:42.512,3,3,3,0,0
86368.558217,2026-07-22T15:14:42.515,3,3,3,0,0
86368.560876,2026-07-22T15:14:42.517,3,3,3,0,0
86368.563652,2026-07-22T15:14:42.520,3,3,3,0,0
86368.566432,2026-07-22T15:14:42.523,3,3,3,0,0
86368.569090,2026-07-22T15:14:42.525,3,3,3,0,0
86368.571537,2026-07-22T15:14:42.528,3,3,3,0,0
86368.574025,2026-07-22T15:14:42.530,3,3,3,0,0
86368.576608,2026-07-22T15:14:42.533,3,3,3,0,0
86368.578968,2026-07-22T15:14:42.535,3,3,3,0,0
86368.581450,2026-07-22T15:14:42.538,3,3,3,0,0
86368.583951,2026-07-22T15:14:42.540,3,3,3,0,0
86368.586472,2026-07-22T15:14:42.543,3,3,3,0,0
86368.589055,2026-07-22T15:14:42.545,3,3,3,0,0
86368.591659,2026-07-22T15:14:42.548,3,3,3,0,0
86368.594326,2026-07-22T15:14:42.551,3,3,3,0,0
86368.596407,2026-07-22T15:14:42.553,3,3,3,0,0
86368.598775,2026-07-22T15:14:42.555,3,3,3,0,0
86368.601607,2026-07-22T15:14:42.558,3,3,3,0,0
86368.603943,2026-07-22T15:14:42.560,3,3,3,0,0
86368.606329,2026-07-22T15:14:42.563,3,3,3,0,0
86368.608803,2026-07-22T15:14:42.565,3,3,3,0,0
86368.611232,2026-07-22T15:14:42.568,3,3,3,0,0
86368.613569,2026-07-22T15:14:42.570,3,3,3,0,0
86368.615583,2026-07-22T15:14:42.572,3,3,3,0,0
86368.617850,2026-07-22T15:14:42.574,3,3,3,0,0
86368.620153,2026-07-22T15:14:42.577,3,3,3,0,0
86368.622485,2026-07-22T15:14:42.579,3,3,3,0,0
86368.624784,2026-07-22T15:14:42.581,3,3,3,0,0
86368.626804,2026-07-22T15:14:42.583,3,3,3,0,0
86368.629309,2026-07-22T15:14:42.586,3,3,3,0,0
86368.631319,2026-07-22T15:14:42.588,3,3,3,0,0
86368.633842,2026-07-22T15:14:42.590,3,3,3,0,0
86368.636308,2026-07-22T15:14:42.593,3,3,3,0,0
86368.638991,2026-07-22T15:14:42.595,3,3,3,0,0
86368.641435,2026-07-22T15:14:42.598,3,3,3,0,0
86368.643484,2026-07-22T15:14:42.600,3,3,3,0,0
86368.646047,2026-07-22T15:14:42.602,3,3,3,0,0
86368.648643,2026-07-22T15:14:42.605,3,3,3,0,0
86368.651240,2026-07-22T15:14:42.608,3,3,3,0,0
86368.653911,2026-07-22T15:14:42.610,3,3,3,0,0
86368.656459,2026-07-22T15:14:42.613,3,3,3,0,0
86368.658788,2026-07-22T15:14:42.615,3,3,3,0,0
86368.661436,2026-07-22T15:14:42.618,3,3,3,0,0
86368.664012,2026-07-22T15:14:42.620,3,3,3,0,0
86368.666559,2026-07-22T15:14:42.623,3,3,3,0,0
86368.669299,2026-07-22T15:14:42.626,3,3,3,0,0
86368.671462,2026-07-22T15:14:42.628,3,3,3,0,0
86368.674047,2026-07-22T15:14:42.630,3,3,3,0,0
86368.676578,2026-07-22T15:14:42.633,3,3,3,0,0
86368.679081,2026-07-22T15:14:42.635,3,3,3,0,0
86368.681612,2026-07-22T15:14:42.638,3,3,3,0,0
86368.684113,2026-07-22T15:14:42.640,3,3,3,0,0
86368.686147,2026-07-22T15:14:42.642,3,3,3,0,0
86368.688760,2026-07-22T15:14:42.645,3,3,3,0,0
86368.691014,2026-07-22T15:14:42.647,3,3,3,0,0
86368.693607,2026-07-22T15:14:42.650,3,3,3,0,0
86368.695646,2026-07-22T15:14:42.652,3,3,3,0,0
86368.698238,2026-07-22T15:14:42.655,3,3,3,0,0
86368.700766,2026-07-22T15:14:42.657,3,3,3,0,0
86368.703252,2026-07-22T15:14:42.660,3,3,3,0,0
86368.705273,2026-07-22T15:14:42.662,3,3,3,0,0
86368.707307,2026-07-22T15:14:42.664,3,3,3,0,0
86368.709820,2026-07-22T15:14:42.666,3,3,3,0,0
86368.711866,2026-07-22T15:14:42.668,3,3,3,0,0
86368.714304,2026-07-22T15:14:42.671,3,3,3,0,0
86368.716346,2026-07-22T15:14:42.673,3,3,3,0,0
86368.718533,2026-07-22T15:14:42.675,3,3,3,0,0
86368.721054,2026-07-22T15:14:42.677,3,3,3,0,0
86368.723579,2026-07-22T15:14:42.680,3,3,3,0,0
86368.726166,2026-07-22T15:14:42.683,3,3,3,0,0
86368.728686,2026-07-22T15:14:42.685,3,3,3,0,0
86368.731277,2026-07-22T15:14:42.688,3,3,3,0,0
86368.733916,2026-07-22T15:14:42.690,3,3,3,0,0
86368.735960,2026-07-22T15:14:42.692,3,3,3,0,0
86368.738651,2026-07-22T15:14:42.695,3,3,3,0,0
86368.741174,2026-07-22T15:14:42.698,3,3,3,0,0
86368.743199,2026-07-22T15:14:42.700,3,3,3,0,0
86368.745237,2026-07-22T15:14:42.702,3,3,3,0,0
86368.747557,2026-07-22T15:14:42.704,3,3,3,0,0
86368.750143,2026-07-22T15:14:42.706,3,3,3,0,0
86368.752657,2026-07-22T15:14:42.709,3,3,3,0,0
86368.754833,2026-07-22T15:14:42.711,3,3,3,0,0
86368.757336,2026-07-22T15:14:42.714,3,3,3,0,0
86368.759650,2026-07-22T15:14:42.716,3,3,3,0,0
86368.761828,2026-07-22T15:14:42.718,3,3,3,0,0
86368.764227,2026-07-22T15:14:42.721,3,3,3,0,0
86368.766492,2026-07-22T15:14:42.723,3,3,3,0,0
86368.768761,2026-07-22T15:14:42.725,3,3,3,0,0
86368.771008,2026-07-22T15:14:42.727,3,3,3,0,0
86368.773583,2026-07-22T15:14:42.730,3,3,3,0,0
86368.775684,2026-07-22T15:14:42.732,3,3,3,0,0
86368.778148,2026-07-22T15:14:42.734,3,3,3,0,0
86368.780625,2026-07-22T15:14:42.737,3,3,3,0,0
86368.782965,2026-07-22T15:14:42.739,3,3,3,0,0
86368.785488,2026-07-22T15:14:42.742,3,3,3,0,0
86368.788104,2026-07-22T15:14:42.744,3,3,3,0,0
86368.790578,2026-07-22T15:14:42.747,3,3,3,0,0
86368.792663,2026-07-22T15:14:42.749,3,3,3,0,0
86368.795164,2026-07-22T15:14:42.752,3,3,3,0,0
86368.797679,2026-07-22T15:14:42.754,3,3,3,0,0
86368.800178,2026-07-22T15:14:42.757,3,3,3,0,0
86368.802688,2026-07-22T15:14:42.759,3,3,3,0,0
86368.805199,2026-07-22T15:14:42.762,3,3,3,0,0
86368.807704,2026-07-22T15:14:42.764,3,3,3,0,0
86368.809881,2026-07-22T15:14:42.766,3,3,3,0,0
86368.812486,2026-07-22T15:14:42.769,3,3,3,0,0
86368.814509,2026-07-22T15:14:42.771,3,3,3,0,0
86368.817070,2026-07-22T15:14:42.773,3,3,3,0,0
86368.819593,2026-07-22T15:14:42.776,3,3,3,0,0
86368.822134,2026-07-22T15:14:42.778,3,3,3,0,0
86368.824694,2026-07-22T15:14:42.781,3,3,3,0,0
86368.827267,2026-07-22T15:14:42.784,3,3,3,0,0
86368.829737,2026-07-22T15:14:42.786,3,3,3,0,0
86368.832133,2026-07-22T15:14:42.788,3,3,3,0,0
86368.834613,2026-07-22T15:14:42.791,3,3,3,0,0
86368.836763,2026-07-22T15:14:42.793,3,3,3,0,0
86368.839225,2026-07-22T15:14:42.796,3,3,3,0,0
86368.841731,2026-07-22T15:14:42.798,3,3,3,0,0
86368.843747,2026-07-22T15:14:42.800,3,3,3,0,0
86368.846168,2026-07-22T15:14:42.803,3,3,3,0,0
86368.848289,2026-07-22T15:14:42.805,3,3,3,0,0
86368.850787,2026-07-22T15:14:42.807,3,3,3,0,0
86368.853298,2026-07-22T15:14:42.810,3,3,3,0,0
86368.855884,2026-07-22T15:14:42.812,3,3,3,0,0
86368.858164,2026-07-22T15:14:42.815,3,3,3,0,0
86368.860541,2026-07-22T15:14:42.817,3,3,3,0,0
86368.863057,2026-07-22T15:14:42.819,3,3,3,0,0
86368.865537,2026-07-22T15:14:42.822,3,3,3,0,0
86368.867556,2026-07-22T15:14:42.824,3,3,3,0,0
86368.869867,2026-07-22T15:14:42.826,3,3,3,0,0
86368.872408,2026-07-22T15:14:42.829,3,3,3,0,0
86368.874898,2026-07-22T15:14:42.831,3,3,3,0,0
86368.877678,2026-07-22T15:14:42.834,3,3,3,0,0
86368.880195,2026-07-22T15:14:42.837,3,3,3,0,0
86368.882811,2026-07-22T15:14:42.839,3,3,3,0,0
86368.885348,2026-07-22T15:14:42.842,3,3,3,0,0
86368.888056,2026-07-22T15:14:42.844,3,3,3,0,0
86368.890599,2026-07-22T15:14:42.847,3,3,3,0,0
86368.892640,2026-07-22T15:14:42.849,3,3,3,0,0
86368.895320,2026-07-22T15:14:42.852,3,3,3,0,0
86368.897851,2026-07-22T15:14:42.854,3,3,3,0,0
86368.900370,2026-07-22T15:14:42.857,3,3,3,0,0
86368.902950,2026-07-22T15:14:42.859,3,3,3,0,0
86368.905652,2026-07-22T15:14:42.862,3,3,3,0,0
86368.909221,2026-07-22T15:14:42.866,3,3,3,0,0
86368.911501,2026-07-22T15:14:42.868,3,3,3,0,0
86368.914026,2026-07-22T15:14:42.870,3,3,3,0,0
86368.916408,2026-07-22T15:14:42.873,3,3,3,0,0
86368.919154,2026-07-22T15:14:42.875,3,3,3,0,0
86368.921515,2026-07-22T15:14:42.878,3,3,3,0,0
86368.923928,2026-07-22T15:14:42.880,3,3,3,0,0
86368.926456,2026-07-22T15:14:42.883,3,3,3,0,0
86368.929040,2026-07-22T15:14:42.885,3,3,3,0,0
86368.931570,2026-07-22T15:14:42.888,3,3,3,0,0
86368.934111,2026-07-22T15:14:42.890,3,3,3,0,0
86368.936363,2026-07-22T15:14:42.893,3,3,3,0,0
86368.938428,2026-07-22T15:14:42.895,3,3,3,0,0
86368.940958,2026-07-22T15:14:42.897,3,3,3,0,0
86368.943394,2026-07-22T15:14:42.900,3,3,3,0,0
86368.945914,2026-07-22T15:14:42.902,3,3,3,0,0
86368.948452,2026-07-22T15:14:42.905,3,3,3,0,0
86368.951085,2026-07-22T15:14:42.907,3,3,3,0,0
86368.953616,2026-07-22T15:14:42.910,3,3,3,0,0
86368.955981,2026-07-22T15:14:42.912,3,3,3,0,0
86368.957998,2026-07-22T15:14:42.914,3,3,3,0,0
86368.960136,2026-07-22T15:14:42.916,3,3,3,0,0
86368.962145,2026-07-22T15:14:42.919,3,3,3,0,0
86368.964265,2026-07-22T15:14:42.921,3,3,3,0,0
86368.966299,2026-07-22T15:14:42.923,3,3,3,0,0
86368.969131,2026-07-22T15:14:42.925,3,3,3,0,0
86368.971700,2026-07-22T15:14:42.928,3,3,3,0,0
86368.974163,2026-07-22T15:14:42.931,3,3,3,0,0
86368.976198,2026-07-22T15:14:42.933,3,3,3,0,0
86368.978520,2026-07-22T15:14:42.935,3,3,3,0,0
86368.981059,2026-07-22T15:14:42.937,3,3,3,0,0
86368.983674,2026-07-22T15:14:42.940,3,3,3,0,0
86368.986123,2026-07-22T15:14:42.942,3,3,3,0,0
86368.988640,2026-07-22T15:14:42.945,3,3,3,0,0
86368.991135,2026-07-22T15:14:42.947,3,3,3,0,0
86368.993170,2026-07-22T15:14:42.950,3,3,3,0,0
86368.995613,2026-07-22T15:14:42.952,3,3,3,0,0
86368.997627,2026-07-22T15:14:42.954,3,3,3,0,0
86368.999657,2026-07-22T15:14:42.956,37,2,3,0,4
86369.002108,2026-07-22T15:14:42.958,37,2,3,0,4
86369.004639,2026-07-22T15:14:42.961,37,2,3,0,4
86369.006915,2026-07-22T15:14:42.963,37,2,3,0,4
86369.010001,2026-07-22T15:14:42.966,37,2,3,0,4
86369.012429,2026-07-22T15:14:42.969,37,2,3,0,4
86369.014479,2026-07-22T15:14:42.971,37,2,3,0,4
86369.016510,2026-07-22T15:14:42.973,37,2,3,0,4
86369.018547,2026-07-22T15:14:42.975,37,2,3,0,4
86369.021207,2026-07-22T15:14:42.978,37,2,3,0,4
86369.023244,2026-07-22T15:14:42.980,37,2,3,0,4
86369.025694,2026-07-22T15:14:42.982,37,2,3,0,4
86369.028725,2026-07-22T15:14:42.985,37,2,3,0,4
86369.031205,2026-07-22T15:14:42.988,37,2,3,0,4
86369.033600,2026-07-22T15:14:42.990,37,2,3,0,4
86369.035629,2026-07-22T15:14:42.992,37,2,3,0,4
86369.038134,2026-07-22T15:14:42.994,37,2,3,0,4
86369.040172,2026-07-22T15:14:42.997,37,2,3,0,4
86369.042728,2026-07-22T15:14:42.999,37,2,3,0,4
86369.045209,2026-07-22T15:14:43.002,37,2,3,0,4
86369.047840,2026-07-22T15:14:43.004,37,2,3,0,4
86369.050272,2026-07-22T15:14:43.007,37,2,3,0,4
86369.052308,2026-07-22T15:14:43.009,37,2,3,0,4
86369.054760,2026-07-22T15:14:43.011,37,2,3,0,4
86369.056774,2026-07-22T15:14:43.013,37,2,3,0,4
86369.059295,2026-07-22T15:14:43.016,37,2,3,0,4
86369.061394,2026-07-22T15:14:43.018,37,2,3,0,4
86369.063428,2026-07-22T15:14:43.020,37,2,3,0,4
86369.065452,2026-07-22T15:14:43.022,37,2,3,0,4
86369.067961,2026-07-22T15:14:43.024,37,2,3,0,4
86369.069991,2026-07-22T15:14:43.026,37,2,3,0,4
86369.072000,2026-07-22T15:14:43.028,37,2,3,0,4
86369.074075,2026-07-22T15:14:43.030,37,2,3,0,4
86369.076823,2026-07-22T15:14:43.033,37,2,3,0,4
86369.079604,2026-07-22T15:14:43.036,37,2,3,0,4
86369.082134,2026-07-22T15:14:43.038,37,2,3,0,4
86369.084624,2026-07-22T15:14:43.041,37,2,3,0,4
86369.087223,2026-07-22T15:14:43.044,37,2,3,0,4
86369.089696,2026-07-22T15:14:43.046,37,2,3,0,4
86369.091733,2026-07-22T15:14:43.048,37,2,3,0,4
86369.094124,2026-07-22T15:14:43.050,37,2,3,0,4
86369.096646,2026-07-22T15:14:43.053,37,2,3,0,4
86369.099221,2026-07-22T15:14:43.056,37,2,3,0,4
86369.101740,2026-07-22T15:14:43.058,37,2,3,0,4
86369.104243,2026-07-22T15:14:43.061,37,2,3,0,4
86369.107271,2026-07-22T15:14:43.063,37,2,3,0,4
86369.109769,2026-07-22T15:14:43.066,37,2,3,0,4
86369.111817,2026-07-22T15:14:43.068,37,2,3,0,4
86369.113857,2026-07-22T15:14:43.070,37,2,3,0,4
86369.115877,2026-07-22T15:14:43.072,37,2,3,0,4
86369.117897,2026-07-22T15:14:43.074,37,2,3,0,4
86369.119955,2026-07-22T15:14:43.076,37,2,3,0,4
86369.122344,2026-07-22T15:14:43.079,37,2,3,0,4
86369.124862,2026-07-22T15:14:43.081,37,2,3,0,4
86369.127591,2026-07-22T15:14:43.084,37,2,3,0,4
86369.130052,2026-07-22T15:14:43.086,37,2,3,0,4
86369.132257,2026-07-22T15:14:43.089,37,2,3,0,4
86369.134770,2026-07-22T15:14:43.091,37,2,3,0,4
86369.137394,2026-07-22T15:14:43.094,37,2,3,0,4
86369.139793,2026-07-22T15:14:43.096,37,2,3,0,4
86369.141826,2026-07-22T15:14:43.098,37,2,3,0,4
86369.144349,2026-07-22T15:14:43.101,37,2,3,0,4
86369.146811,2026-07-22T15:14:43.103,37,2,3,0,4
86369.148909,2026-07-22T15:14:43.105,37,2,3,0,4
86369.151471,2026-07-22T15:14:43.108,37,2,3,0,4
86369.153510,2026-07-22T15:14:43.110,37,2,3,0,4
86369.155521,2026-07-22T15:14:43.112,37,2,3,0,4
86369.157732,2026-07-22T15:14:43.114,37,2,3,0,4
86369.160249,2026-07-22T15:14:43.117,37,2,3,0,4
86369.162348,2026-07-22T15:14:43.119,37,2,3,0,4
86369.164389,2026-07-22T15:14:43.121,37,2,3,0,4
86369.166399,2026-07-22T15:14:43.123,37,2,3,0,4
86369.168920,2026-07-22T15:14:43.125,37,2,3,0,4
86369.171111,2026-07-22T15:14:43.127,37,2,3,0,4
86369.173606,2026-07-22T15:14:43.130,37,2,3,0,4
86369.176135,2026-07-22T15:14:43.132,37,2,3,0,4
86369.178644,2026-07-22T15:14:43.135,37,2,3,0,4
86369.180669,2026-07-22T15:14:43.137,37,2,3,0,4
86369.183277,2026-07-22T15:14:43.140,37,2,3,0,4
86369.185869,2026-07-22T15:14:43.142,37,2,3,0,4
86369.187902,2026-07-22T15:14:43.144,37,2,3,0,4
86369.190387,2026-07-22T15:14:43.147,37,2,3,0,4
86369.192420,2026-07-22T15:14:43.149,37,2,3,0,4
86369.194838,2026-07-22T15:14:43.151,37,2,3,0,4
86369.197365,2026-07-22T15:14:43.154,37,2,3,0,4
86369.199974,2026-07-22T15:14:43.156,37,2,3,0,4
86369.202388,2026-07-22T15:14:43.159,37,2,3,0,4
86369.205000,2026-07-22T15:14:43.161,37,2,3,0,4
86369.207869,2026-07-22T15:14:43.163,37,2,3,0,4
86369.209922,2026-07-22T15:14:43.166,37,2,3,0,4
86369.212419,2026-07-22T15:14:43.169,37,2,3,0,4
86369.214473,2026-07-22T15:14:43.171,37,2,3,0,4
86369.216510,2026-07-22T15:14:43.173,37,2,3,0,4
86369.218557,2026-07-22T15:14:43.175,37,2,3,0,4
86369.221078,2026-07-22T15:14:43.177,37,2,3,0,4
86369.223114,2026-07-22T15:14:43.179,37,2,3,0,4
86369.225195,2026-07-22T15:14:43.182,37,2,3,0,4
86369.227245,2026-07-22T15:14:43.184,37,2,3,0,4
86369.229324,2026-07-22T15:14:43.186,37,2,3,0,4
86369.231359,2026-07-22T15:14:43.188,37,2,3,0,4
86369.233413,2026-07-22T15:14:43.190,37,2,3,0,4
86369.235464,2026-07-22T15:14:43.192,37,2,3,0,4
86369.237505,2026-07-22T15:14:43.194,37,2,3,0,4
86369.239556,2026-07-22T15:14:43.196,37,2,3,0,4
86369.241619,2026-07-22T15:14:43.198,37,2,3,0,4
86369.244133,2026-07-22T15:14:43.200,37,2,3,0,4
86369.246663,2026-07-22T15:14:43.203,37,2,3,0,4
86369.249177,2026-07-22T15:14:43.206,37,2,3,0,4
86369.251190,2026-07-22T15:14:43.208,37,2,3,0,4
86369.253227,2026-07-22T15:14:43.210,37,2,3,0,4
86369.255237,2026-07-22T15:14:43.212,37,2,3,0,4
86369.257254,2026-07-22T15:14:43.214,37,2,3,0,4
86369.259775,2026-07-22T15:14:43.216,37,2,3,0,4
86369.262245,2026-07-22T15:14:43.219,37,2,3,0,4
86369.264770,2026-07-22T15:14:43.221,37,2,3,0,4
86369.267495,2026-07-22T15:14:43.224,37,2,3,0,4
86369.269972,2026-07-22T15:14:43.226,37,2,3,0,4
86369.272258,2026-07-22T15:14:43.229,37,2,3,0,4
86369.274688,2026-07-22T15:14:43.231,37,2,3,0,4
86369.276730,2026-07-22T15:14:43.233,37,2,3,0,4
86369.279528,2026-07-22T15:14:43.236,37,2,3,0,4
86369.282042,2026-07-22T15:14:43.238,37,2,3,0,4
86369.284446,2026-07-22T15:14:43.241,37,2,3,0,4
86369.286457,2026-07-22T15:14:43.243,37,2,3,0,4
86369.288486,2026-07-22T15:14:43.245,37,2,3,0,4
86369.290985,2026-07-22T15:14:43.247,37,2,3,0,4
86369.293050,2026-07-22T15:14:43.249,37,2,3,0,4
86369.295339,2026-07-22T15:14:43.252,37,2,3,0,4
86369.297838,2026-07-22T15:14:43.254,37,2,3,0,4
86369.300345,2026-07-22T15:14:43.257,37,2,3,0,4
86369.302804,2026-07-22T15:14:43.259,37,2,3,0,4
86369.305312,2026-07-22T15:14:43.262,37,2,3,0,4
86369.307503,2026-07-22T15:14:43.264,37,2,3,0,4
86369.310010,2026-07-22T15:14:43.266,37,2,3,0,4
86369.312113,2026-07-22T15:14:43.268,37,2,3,0,4
86369.314612,2026-07-22T15:14:43.271,37,2,3,0,4
86369.317167,2026-07-22T15:14:43.274,37,2,3,0,4
86369.319806,2026-07-22T15:14:43.276,37,2,3,0,4
86369.322319,2026-07-22T15:14:43.279,37,2,3,0,4
86369.325078,2026-07-22T15:14:43.281,37,2,3,0,4
86369.327535,2026-07-22T15:14:43.284,37,2,3,0,4
86369.330031,2026-07-22T15:14:43.286,37,2,3,0,4
86369.332558,2026-07-22T15:14:43.289,37,2,3,0,4
86369.335067,2026-07-22T15:14:43.291,37,0,3,0,6
86369.337573,2026-07-22T15:14:43.294,4,0,3,0,6
86369.340102,2026-07-22T15:14:43.296,4,0,3,0,6
86369.342819,2026-07-22T15:14:43.299,4,0,3,0,6
86369.345056,2026-07-22T15:14:43.301,4,0,3,0,6
86369.347067,2026-07-22T15:14:43.303,4,0,3,0,6
86369.349465,2026-07-22T15:14:43.306,4,0,3,0,6
86369.351963,2026-07-22T15:14:43.308,4,0,3,0,6
86369.353976,2026-07-22T15:14:43.310,4,0,3,0,6
86369.356465,2026-07-22T15:14:43.313,4,0,3,0,6
86369.358961,2026-07-22T15:14:43.315,4,0,3,0,6
86369.361729,2026-07-22T15:14:43.318,4,0,3,0,6
86369.364085,2026-07-22T15:14:43.320,4,0,3,0,6
86369.366590,2026-07-22T15:14:43.323,4,0,3,0,6
86369.368605,2026-07-22T15:14:43.325,4,0,3,0,6
86369.371124,2026-07-22T15:14:43.327,4,0,3,0,6
86369.373505,2026-07-22T15:14:43.330,4,0,3,0,6
86369.375993,2026-07-22T15:14:43.332,4,0,3,0,6
86369.378506,2026-07-22T15:14:43.335,4,0,3,0,6
86369.380688,2026-07-22T15:14:43.337,4,0,3,0,6
86369.383140,2026-07-22T15:14:43.339,4,0,3,0,6
86369.385571,2026-07-22T15:14:43.342,4,0,3,0,6
86369.387862,2026-07-22T15:14:43.344,4,0,3,0,6
86369.389882,2026-07-22T15:14:43.346,4,0,3,0,6
86369.391904,2026-07-22T15:14:43.348,4,0,3,0,6
86369.394451,2026-07-22T15:14:43.351,4,0,3,0,6
86369.396990,2026-07-22T15:14:43.353,4,0,3,0,6
86369.399477,2026-07-22T15:14:43.356,4,0,3,0,6
86369.401558,2026-07-22T15:14:43.358,4,0,3,0,6
86369.404305,2026-07-22T15:14:43.361,4,0,3,0,6
86369.406479,2026-07-22T15:14:43.363,4,0,3,0,6
86369.408947,2026-07-22T15:14:43.365,4,0,3,0,6
86369.411609,2026-07-22T15:14:43.367,4,0,3,0,6
86369.413949,2026-07-22T15:14:43.370,4,0,3,0,6
86369.416462,2026-07-22T15:14:43.373,4,0,3,0,6
86369.418659,2026-07-22T15:14:43.375,4,0,3,0,6
86369.421165,2026-07-22T15:14:43.377,4,0,3,0,6
86369.423913,2026-07-22T15:14:43.380,4,0,3,0,6
86369.425945,2026-07-22T15:14:43.382,4,0,3,0,6
86369.428446,2026-07-22T15:14:43.385,4,0,3,0,6
86369.430593,2026-07-22T15:14:43.387,4,0,3,0,6
86369.433121,2026-07-22T15:14:43.389,4,0,3,0,6
86369.435712,2026-07-22T15:14:43.392,4,0,3,0,6
86369.438405,2026-07-22T15:14:43.395,4,0,3,0,6
86369.440991,2026-07-22T15:14:43.397,4,0,3,0,6
86369.443037,2026-07-22T15:14:43.399,4,0,3,0,6
86369.445291,2026-07-22T15:14:43.402,4,0,3,0,6
86369.447808,2026-07-22T15:14:43.404,4,0,3,0,6
86369.450424,2026-07-22T15:14:43.407,4,0,3,0,6
86369.453027,2026-07-22T15:14:43.409,4,0,3,0,6
86369.455581,2026-07-22T15:14:43.412,4,0,3,0,6
86369.458065,2026-07-22T15:14:43.414,4,0,3,0,6
86369.460793,2026-07-22T15:14:43.417,4,0,3,0,6
86369.462823,2026-07-22T15:14:43.419,4,0,3,0,6
86369.465305,2026-07-22T15:14:43.422,4,0,3,0,6
86369.467827,2026-07-22T15:14:43.424,4,0,3,0,6
86369.469837,2026-07-22T15:14:43.426,4,0,3,0,6
86369.472017,2026-07-22T15:14:43.428,4,0,3,0,6
86369.474588,2026-07-22T15:14:43.431,4,0,3,0,6
86369.476924,2026-07-22T15:14:43.433,4,0,3,0,6
86369.479447,2026-07-22T15:14:43.436,4,0,3,0,6
86369.482195,2026-07-22T15:14:43.439,4,0,3,0,6
86369.484340,2026-07-22T15:14:43.441,4,0,3,0,6
86369.486352,2026-07-22T15:14:43.443,4,0,3,0,6
86369.488391,2026-07-22T15:14:43.445,4,0,3,0,6
86369.490418,2026-07-22T15:14:43.447,4,0,3,0,6
86369.492457,2026-07-22T15:14:43.449,4,0,3,0,6
86369.494491,2026-07-22T15:14:43.451,4,0,3,0,6
86369.496524,2026-07-22T15:14:43.453,4,0,3,0,6
86369.498559,2026-07-22T15:14:43.455,4,0,3,0,6
86369.500746,2026-07-22T15:14:43.457,4,0,3,0,6
86369.503249,2026-07-22T15:14:43.460,4,0,3,0,6
86369.505626,2026-07-22T15:14:43.462,4,0,3,0,6
86369.508267,2026-07-22T15:14:43.465,4,0,3,0,6
86369.510516,2026-07-22T15:14:43.467,4,0,3,0,6
86369.512921,2026-07-22T15:14:43.469,4,0,3,0,6
86369.515379,2026-07-22T15:14:43.472,4,0,3,0,6
86369.517759,2026-07-22T15:14:43.474,4,0,3,0,6
86369.520234,2026-07-22T15:14:43.477,4,0,3,0,6
86369.522565,2026-07-22T15:14:43.479,4,0,3,0,6
86369.524800,2026-07-22T15:14:43.481,4,0,3,0,6
86369.527490,2026-07-22T15:14:43.484,4,0,3,0,6
86369.530048,2026-07-22T15:14:43.486,4,0,3,0,6
86369.532516,2026-07-22T15:14:43.489,4,0,3,0,6
86369.535025,2026-07-22T15:14:43.491,4,0,3,0,6
86369.537554,2026-07-22T15:14:43.494,4,0,3,0,6
86369.540022,2026-07-22T15:14:43.496,4,0,3,0,6
86369.542526,2026-07-22T15:14:43.499,4,0,3,0,6
86369.545054,2026-07-22T15:14:43.501,4,0,3,0,6
86369.547557,2026-07-22T15:14:43.504,4,0,3,0,6
86369.549586,2026-07-22T15:14:43.506,4,0,3,0,6
86369.552078,2026-07-22T15:14:43.508,4,0,3,0,6
86369.554525,2026-07-22T15:14:43.511,4,0,3,0,6
86369.556948,2026-07-22T15:14:43.513,4,0,3,0,6
86369.559483,2026-07-22T15:14:43.516,4,0,3,0,6
86369.562056,2026-07-22T15:14:43.518,4,0,3,0,6
86369.564549,2026-07-22T15:14:43.521,4,0,3,0,6
86369.567170,2026-07-22T15:14:43.524,4,0,3,0,6
86369.569592,2026-07-22T15:14:43.526,4,0,3,0,6
86369.572173,2026-07-22T15:14:43.529,4,0,3,0,6
86369.574811,2026-07-22T15:14:43.531,4,0,3,0,6
86369.577413,2026-07-22T15:14:43.534,4,0,3,0,6
86369.580011,2026-07-22T15:14:43.536,4,0,3,0,0
86369.582411,2026-07-22T15:14:43.539,3,3,3,0,0
86369.584906,2026-07-22T15:14:43.541,3,3,3,0,0
86369.586917,2026-07-22T15:14:43.543,3,3,3,0,0
86369.589168,2026-07-22T15:14:43.546,3,3,3,0,0
86369.591624,2026-07-22T15:14:43.548,3,3,3,0,0
86369.594137,2026-07-22T15:14:43.550,3,3,3,0,0
86369.596648,2026-07-22T15:14:43.553,3,3,3,0,0
86369.599226,2026-07-22T15:14:43.556,3,3,3,0,0
86369.601665,2026-07-22T15:14:43.558,3,3,3,0,0
86369.604200,2026-07-22T15:14:43.561,3,3,3,0,0
86369.606968,2026-07-22T15:14:43.563,3,3,3,0,0
86369.609607,2026-07-22T15:14:43.565,3,3,3,0,0
86369.611751,2026-07-22T15:14:43.568,3,3,3,0,0
86369.614416,2026-07-22T15:14:43.571,3,3,3,0,0
86369.617031,2026-07-22T15:14:43.573,3,3,3,0,0
86369.619340,2026-07-22T15:14:43.576,3,3,3,0,0
86369.621826,2026-07-22T15:14:43.578,3,3,3,0,0
86369.624446,2026-07-22T15:14:43.581,3,3,3,0,0
86369.627174,2026-07-22T15:14:43.584,3,3,3,0,0
86369.629607,2026-07-22T15:14:43.586,3,3,3,0,0
86369.632075,2026-07-22T15:14:43.588,3,3,3,0,0
86369.634589,2026-07-22T15:14:43.591,3,3,3,0,0
86369.637083,2026-07-22T15:14:43.593,3,3,3,0,0
86369.639603,2026-07-22T15:14:43.596,3,3,3,0,0
86369.642105,2026-07-22T15:14:43.598,3,3,3,0,0
86369.644653,2026-07-22T15:14:43.601,3,3,3,0,0
86369.647146,2026-07-22T15:14:43.603,3,3,3,0,0
86369.649610,2026-07-22T15:14:43.606,3,3,3,0,0
86369.652128,2026-07-22T15:14:43.608,3,3,3,0,0
86369.654179,2026-07-22T15:14:43.610,3,3,3,0,0
86369.656385,2026-07-22T15:14:43.613,3,3,3,0,0
86369.658427,2026-07-22T15:14:43.615,3,3,3,0,0
86369.661097,2026-07-22T15:14:43.617,3,3,3,0,0
86369.663618,2026-07-22T15:14:43.620,3,3,3,0,0
86369.665640,2026-07-22T15:14:43.622,3,3,3,0,0
86369.667658,2026-07-22T15:14:43.624,3,3,3,0,0
86369.670111,2026-07-22T15:14:43.626,3,3,3,0,0
86369.672704,2026-07-22T15:14:43.629,3,3,3,0,0
86369.675381,2026-07-22T15:14:43.632,3,3,3,0,0
86369.677861,2026-07-22T15:14:43.634,3,3,3,0,0
86369.680394,2026-07-22T15:14:43.637,3,3,3,0,0
86369.682973,2026-07-22T15:14:43.639,3,3,3,0,0
86369.685458,2026-07-22T15:14:43.642,3,3,3,0,0
86369.688202,2026-07-22T15:14:43.645,3,3,3,0,0
86369.690827,2026-07-22T15:14:43.647,3,3,3,0,0
86369.693360,2026-07-22T15:14:43.650,3,3,3,0,0
86369.695869,2026-07-22T15:14:43.652,3,3,3,0,0
86369.698231,2026-07-22T15:14:43.655,3,3,3,0,0
86369.700762,2026-07-22T15:14:43.657,3,3,3,0,0
86369.703194,2026-07-22T15:14:43.660,3,3,3,0,0
86369.705841,2026-07-22T15:14:43.662,3,3,3,0,0
86369.708268,2026-07-22T15:14:43.665,3,3,3,0,0
86369.711870,2026-07-22T15:14:43.668,3,3,3,0,0
86369.714369,2026-07-22T15:14:43.671,3,3,3,0,0
86369.717152,2026-07-22T15:14:43.673,3,3,3,0,0
86369.719534,2026-07-22T15:14:43.676,3,3,3,0,0
86369.722160,2026-07-22T15:14:43.678,3,3,3,0,0
86369.724362,2026-07-22T15:14:43.681,3,3,3,0,0
86369.726373,2026-07-22T15:14:43.683,3,3,3,0,0
86369.728399,2026-07-22T15:14:43.685,3,3,3,0,0
86369.731053,2026-07-22T15:14:43.687,3,3,3,0,0
86369.733500,2026-07-22T15:14:43.690,3,3,3,0,0
86369.735897,2026-07-22T15:14:43.692,3,3,3,0,0
86369.738409,2026-07-22T15:14:43.695,3,3,3,0,0
86369.740803,2026-07-22T15:14:43.697,3,3,3,0,0
86369.743311,2026-07-22T15:14:43.700,3,3,3,0,0
86369.745332,2026-07-22T15:14:43.702,3,3,3,0,0
86369.747842,2026-07-22T15:14:43.704,3,3,3,0,0
86369.750560,2026-07-22T15:14:43.707,3,3,3,0,0
86369.753064,2026-07-22T15:14:43.709,3,3,3,0,0
86369.755590,2026-07-22T15:14:43.712,3,3,3,0,0
86369.758118,2026-07-22T15:14:43.714,3,3,3,0,0
86369.760313,2026-07-22T15:14:43.716,3,3,3,0,0
86369.762568,2026-07-22T15:14:43.719,3,3,3,0,0
86369.764690,2026-07-22T15:14:43.721,3,3,3,0,0
86369.767114,2026-07-22T15:14:43.723,3,3,3,0,0
86369.769611,2026-07-22T15:14:43.726,3,3,3,0,0
86369.771924,2026-07-22T15:14:43.728,3,3,3,0,0
86369.774182,2026-07-22T15:14:43.730,3,3,3,0,0
86369.776646,2026-07-22T15:14:43.733,3,3,3,0,0
86369.778657,2026-07-22T15:14:43.735,3,3,3,0,0
86369.780842,2026-07-22T15:14:43.737,3,3,3,0,0
86369.783221,2026-07-22T15:14:43.740,3,3,3,0,0
86369.785258,2026-07-22T15:14:43.742,3,3,3,0,0
86369.787303,2026-07-22T15:14:43.744,3,3,3,0,0
86369.789793,2026-07-22T15:14:43.746,3,3,3,0,0
86369.792212,2026-07-22T15:14:43.749,3,3,3,0,0
86369.794897,2026-07-22T15:14:43.751,3,3,3,0,0
86369.797431,2026-07-22T15:14:43.754,3,3,3,0,0
86369.799923,2026-07-22T15:14:43.756,3,3,3,0,0
86369.802431,2026-07-22T15:14:43.759,3,3,3,0,0
86369.804951,2026-07-22T15:14:43.761,3,3,3,0,0
86369.807418,2026-07-22T15:14:43.764,3,3,3,0,0
86369.809904,2026-07-22T15:14:43.766,3,3,3,0,0
86369.812156,2026-07-22T15:14:43.768,3,3,3,0,0
86369.814706,2026-07-22T15:14:43.771,3,3,3,0,0
86369.816716,2026-07-22T15:14:43.773,3,3,3,0,0
86369.819006,2026-07-22T15:14:43.775,3,3,3,0,0
86369.821321,2026-07-22T15:14:43.778,3,3,3,0,0
86369.823757,2026-07-22T15:14:43.780,3,3,3,0,0
86369.826502,2026-07-22T15:14:43.783,3,3,3,0,0
86369.829256,2026-07-22T15:14:43.786,3,3,3,0,0
86369.831747,2026-07-22T15:14:43.788,3,3,3,0,0
86369.834156,2026-07-22T15:14:43.791,3,3,3,0,0
86369.836659,2026-07-22T15:14:43.793,3,3,3,0,0
86369.839387,2026-07-22T15:14:43.796,3,3,3,0,0
86369.841869,2026-07-22T15:14:43.798,3,3,3,0,0
86369.844342,2026-07-22T15:14:43.801,3,3,3,0,0
86369.846353,2026-07-22T15:14:43.803,3,3,3,0,0
86369.848572,2026-07-22T15:14:43.805,3,3,3,0,0
86369.851081,2026-07-22T15:14:43.807,3,3,3,0,0
86369.853599,2026-07-22T15:14:43.810,3,3,3,0,0
86369.855608,2026-07-22T15:14:43.812,3,3,3,0,0
86369.858121,2026-07-22T15:14:43.814,3,3,3,0,0
86369.860434,2026-07-22T15:14:43.817,3,3,3,0,0
86369.862921,2026-07-22T15:14:43.819,3,3,3,0,0
86369.865698,2026-07-22T15:14:43.822,3,3,3,0,0
86369.868197,2026-07-22T15:14:43.825,3,3,3,0,0
86369.870818,2026-07-22T15:14:43.827,3,3,3,0,0
86369.873157,2026-07-22T15:14:43.830,3,3,3,0,0
86369.875645,2026-07-22T15:14:43.832,3,3,3,0,0
86369.878205,2026-07-22T15:14:43.835,3,3,3,0,0
86369.881007,2026-07-22T15:14:43.837,3,3,3,0,0
86369.883830,2026-07-22T15:14:43.840,3,3,3,0,0
86369.886448,2026-07-22T15:14:43.843,3,3,3,0,0
86369.889131,2026-07-22T15:14:43.845,3,3,3,0,0
86369.891647,2026-07-22T15:14:43.848,3,3,3,0,0
86369.893730,2026-07-22T15:14:43.850,3,3,3,0,0
86369.896359,2026-07-22T15:14:43.853,3,3,3,0,0
86369.899089,2026-07-22T15:14:43.855,3,3,3,0,0
86369.901690,2026-07-22T15:14:43.858,3,3,3,0,0
86369.904363,2026-07-22T15:14:43.861,3,3,3,0,0
86369.907092,2026-07-22T15:14:43.863,3,3,3,0,0
86369.910217,2026-07-22T15:14:43.866,3,3,3,0,0
86369.912427,2026-07-22T15:14:43.869,3,3,3,0,0
86369.914502,2026-07-22T15:14:43.871,3,3,3,0,0
86369.917214,2026-07-22T15:14:43.874,3,3,3,0,0
86369.919767,2026-07-22T15:14:43.876,3,3,3,0,0
86369.922244,2026-07-22T15:14:43.879,3,3,3,0,0
86369.924905,2026-07-22T15:14:43.881,3,3,3,0,0
86369.926918,2026-07-22T15:14:43.883,3,3,3,0,0
86369.929393,2026-07-22T15:14:43.886,3,3,3,0,0
86369.931946,2026-07-22T15:14:43.888,3,3,3,0,0
86369.934415,2026-07-22T15:14:43.891,3,3,3,0,0
86369.936993,2026-07-22T15:14:43.893,3,3,3,0,0
86369.939692,2026-07-22T15:14:43.896,3,3,3,0,0
86369.942201,2026-07-22T15:14:43.899,3,3,3,0,0
86369.944719,2026-07-22T15:14:43.901,3,3,3,0,0
86369.946792,2026-07-22T15:14:43.903,3,3,3,0,0
86369.949310,2026-07-22T15:14:43.906,3,3,3,0,0
86369.951841,2026-07-22T15:14:43.908,3,3,3,0,0
86369.954301,2026-07-22T15:14:43.911,3,3,3,0,0
86369.956855,2026-07-22T15:14:43.913,3,3,3,0,0
86369.959359,2026-07-22T15:14:43.916,3,3,3,0,0
86369.961391,2026-07-22T15:14:43.918,3,3,3,0,0
86369.963658,2026-07-22T15:14:43.920,3,3,3,0,0
86369.966149,2026-07-22T15:14:43.923,3,3,3,0,0
86369.968172,2026-07-22T15:14:43.925,3,3,3,0,0
86369.970410,2026-07-22T15:14:43.927,3,3,3,0,0
86369.972930,2026-07-22T15:14:43.929,3,3,3,0,0
86369.975455,2026-07-22T15:14:43.932,3,3,3,0,0
86369.977977,2026-07-22T15:14:43.934,3,3,3,0,0
86369.980050,2026-07-22T15:14:43.936,3,3,3,0,0
86369.982572,2026-07-22T15:14:43.939,3,3,3,0,0
86369.985086,2026-07-22T15:14:43.941,3,3,3,0,0
86369.987173,2026-07-22T15:14:43.944,3,3,3,0,0
86369.989825,2026-07-22T15:14:43.946,3,3,3,0,0
86369.992408,2026-07-22T15:14:43.949,3,3,3,0,0
86369.994740,2026-07-22T15:14:43.951,3,3,3,0,0
86369.997196,2026-07-22T15:14:43.954,3,3,3,0,0
86369.999871,2026-07-22T15:14:43.956,3,3,3,0,0
86370.002374,2026-07-22T15:14:43.959,3,3,3,0,0
86370.004880,2026-07-22T15:14:43.961,3,3,3,0,0
86370.007422,2026-07-22T15:14:43.964,3,3,3,0,0
86370.010236,2026-07-22T15:14:43.967,3,3,3,0,0
86370.012929,2026-07-22T15:14:43.969,3,3,3,0,0
86370.015580,2026-07-22T15:14:43.972,3,3,3,0,0
86370.018305,2026-07-22T15:14:43.975,3,3,3,0,0
86370.020835,2026-07-22T15:14:43.977,3,3,3,0,0
86370.023380,2026-07-22T15:14:43.980,3,3,3,0,0
86370.025888,2026-07-22T15:14:43.982,3,3,3,0,0
86370.028412,2026-07-22T15:14:43.985,3,3,3,0,0
86370.030973,2026-07-22T15:14:43.987,3,3,3,0,0
86370.033429,2026-07-22T15:14:43.990,3,3,3,0,0
86370.035983,2026-07-22T15:14:43.992,3,3,3,0,0
86370.037994,2026-07-22T15:14:43.994,3,3,3,0,0
86370.040470,2026-07-22T15:14:43.997,3,3,3,0,0
86370.042484,2026-07-22T15:14:43.999,3,3,3,0,0
86370.044521,2026-07-22T15:14:44.001,3,3,3,0,0
86370.046566,2026-07-22T15:14:44.003,3,3,3,0,0
86370.049062,2026-07-22T15:14:44.005,3,3,3,0,0
86370.051092,2026-07-22T15:14:44.007,3,3,3,0,0
86370.053573,2026-07-22T15:14:44.010,3,3,3,0,0
86370.056030,2026-07-22T15:14:44.012,3,3,3,0,0
86370.058445,2026-07-22T15:14:44.015,3,3,3,0,0
86370.060877,2026-07-22T15:14:44.017,3,3,3,0,0
86370.063650,2026-07-22T15:14:44.020,3,3,3,0,0
86370.065742,2026-07-22T15:14:44.022,3,3,3,0,0
86370.068186,2026-07-22T15:14:44.025,3,3,3,0,0
86370.070717,2026-07-22T15:14:44.027,3,3,3,0,0
86370.073306,2026-07-22T15:14:44.030,3,3,3,0,0
86370.076056,2026-07-22T15:14:44.032,3,3,3,0,0
86370.078568,2026-07-22T15:14:44.035,3,3,3,0,0
86370.081233,2026-07-22T15:14:44.038,3,3,3,0,0
86370.083730,2026-07-22T15:14:44.040,3,3,3,0,0
86370.086131,2026-07-22T15:14:44.042,3,3,3,0,0
86370.088641,2026-07-22T15:14:44.045,3,3,3,0,0
86370.090968,2026-07-22T15:14:44.047,3,3,3,0,0
86370.093511,2026-07-22T15:14:44.050,3,3,3,0,0
86370.095712,2026-07-22T15:14:44.052,3,3,3,0,0
86370.098118,2026-07-22T15:14:44.054,3,3,3,0,0
86370.100633,2026-07-22T15:14:44.057,3,3,3,0,0
86370.102687,2026-07-22T15:14:44.059,3,3,3,0,0
86370.105220,2026-07-22T15:14:44.062,3,3,3,0,0
86370.107847,2026-07-22T15:14:44.064,3,3,3,0,0
86370.110201,2026-07-22T15:14:44.066,3,3,3,0,0
86370.112386,2026-07-22T15:14:44.069,3,3,3,0,0
86370.114901,2026-07-22T15:14:44.071,3,3,3,0,0
86370.116926,2026-07-22T15:14:44.073,3,3,3,0,0
86370.119441,2026-07-22T15:14:44.076,3,3,3,0,0
86370.121794,2026-07-22T15:14:44.078,3,3,3,0,0
86370.123835,2026-07-22T15:14:44.080,3,3,3,0,0
86370.126368,2026-07-22T15:14:44.083,3,3,3,0,0
86370.128859,2026-07-22T15:14:44.085,3,3,3,0,0
86370.130897,2026-07-22T15:14:44.087,3,3,3,0,0
86370.133438,2026-07-22T15:14:44.090,3,3,3,0,0
86370.135951,2026-07-22T15:14:44.092,3,3,3,0,0
86370.138233,2026-07-22T15:14:44.095,3,3,3,0,0
86370.140357,2026-07-22T15:14:44.097,3,3,3,0,0
86370.142573,2026-07-22T15:14:44.099,3,3,3,0,0
86370.144614,2026-07-22T15:14:44.101,3,3,3,0,0
86370.147090,2026-07-22T15:14:44.103,3,3,3,0,0
86370.149599,2026-07-22T15:14:44.106,3,3,3,0,0
86370.151629,2026-07-22T15:14:44.108,3,3,3,0,0
86370.153643,2026-07-22T15:14:44.110,3,3,3,0,0
86370.155719,2026-07-22T15:14:44.112,3,3,3,0,0
86370.158212,2026-07-22T15:14:44.115,3,3,3,0,0
86370.160994,2026-07-22T15:14:44.117,3,3,3,0,0
86370.163304,2026-07-22T15:14:44.120,3,3,3,0,0
86370.165835,2026-07-22T15:14:44.122,3,3,3,0,0
86370.168344,2026-07-22T15:14:44.125,3,3,3,0,0
86370.170968,2026-07-22T15:14:44.127,3,3,3,0,0
86370.173489,2026-07-22T15:14:44.130,3,3,3,0,0
86370.175571,2026-07-22T15:14:44.132,3,3,3,0,0
86370.178087,2026-07-22T15:14:44.134,3,3,3,0,0
86370.180740,2026-07-22T15:14:44.137,3,3,3,0,0
86370.183265,2026-07-22T15:14:44.140,3,3,3,0,0
86370.185326,2026-07-22T15:14:44.142,3,3,3,0,0
86370.187928,2026-07-22T15:14:44.144,3,3,3,0,0
86370.190442,2026-07-22T15:14:44.147,3,3,3,0,0
86370.192951,2026-07-22T15:14:44.149,3,3,3,0,0
86370.195464,2026-07-22T15:14:44.152,3,3,3,0,0
86370.197475,2026-07-22T15:14:44.154,3,3,3,0,0
86370.199524,2026-07-22T15:14:44.156,3,3,3,0,0
86370.201608,2026-07-22T15:14:44.158,3,3,3,0,0
86370.204028,2026-07-22T15:14:44.160,3,3,3,0,0
86370.206547,2026-07-22T15:14:44.163,3,3,3,0,0
86370.209054,2026-07-22T15:14:44.165,3,3,3,0,0
86370.211330,2026-07-22T15:14:44.166,3,3,3,0,0
86370.213578,2026-07-22T15:14:44.170,3,3,3,0,0
86370.215804,2026-07-22T15:14:44.172,3,3,3,0,0
86370.217875,2026-07-22T15:14:44.174,3,3,3,0,0
86370.220405,2026-07-22T15:14:44.177,3,3,3,0,0
86370.222925,2026-07-22T15:14:44.179,3,3,3,0,0
86370.225256,2026-07-22T15:14:44.182,3,3,3,0,0
86370.227266,2026-07-22T15:14:44.184,3,3,3,0,0
86370.229319,2026-07-22T15:14:44.186,3,3,3,0,0
86370.231350,2026-07-22T15:14:44.188,3,3,3,0,0
86370.233838,2026-07-22T15:14:44.190,3,3,3,0,0
86370.235918,2026-07-22T15:14:44.192,3,3,3,0,0
86370.238394,2026-07-22T15:14:44.195,3,3,3,0,0
86370.240442,2026-07-22T15:14:44.197,3,3,3,0,0
86370.243059,2026-07-22T15:14:44.199,3,3,3,0,0
86370.245091,2026-07-22T15:14:44.201,3,3,3,0,0
86370.247124,2026-07-22T15:14:44.203,3,3,3,0,0
86370.249616,2026-07-22T15:14:44.206,3,3,3,0,0
86370.252149,2026-07-22T15:14:44.208,3,3,3,0,0
86370.254659,2026-07-22T15:14:44.211,3,3,3,0,0
86370.256686,2026-07-22T15:14:44.213,3,3,3,0,0
86370.259369,2026-07-22T15:14:44.216,3,3,3,0,0
86370.261520,2026-07-22T15:14:44.218,3,3,3,0,0
86370.263543,2026-07-22T15:14:44.220,3,3,3,0,0
86370.266080,2026-07-22T15:14:44.222,3,3,3,0,0
86370.268589,2026-07-22T15:14:44.225,3,3,3,0,0
86370.271249,2026-07-22T15:14:44.228,3,3,3,0,0
86370.273277,2026-07-22T15:14:44.230,3,3,3,0,0
86370.275783,2026-07-22T15:14:44.232,3,3,3,0,0
86370.278199,2026-07-22T15:14:44.235,3,3,3,0,0
86370.280230,2026-07-22T15:14:44.237,3,3,3,0,0
86370.282675,2026-07-22T15:14:44.239,3,3,3,0,0
86370.285140,2026-07-22T15:14:44.241,3,3,3,0,0
86370.287579,2026-07-22T15:14:44.244,3,3,3,0,0
86370.290114,2026-07-22T15:14:44.246,3,3,3,0,0
86370.292626,2026-07-22T15:14:44.249,3,3,3,0,0
86370.295123,2026-07-22T15:14:44.251,3,3,3,0,0
86370.297156,2026-07-22T15:14:44.253,3,3,3,0,0
86370.299666,2026-07-22T15:14:44.256,3,3,3,0,0
86370.301697,2026-07-22T15:14:44.258,3,3,3,0,0
86370.304101,2026-07-22T15:14:44.260,3,3,3,0,0
86370.306121,2026-07-22T15:14:44.262,3,3,3,0,0
86370.308150,2026-07-22T15:14:44.264,3,3,3,0,0
86370.311729,2026-07-22T15:14:44.268,3,3,3,0,0
86370.314476,2026-07-22T15:14:44.271,3,3,3,0,0
86370.317152,2026-07-22T15:14:44.273,3,3,3,0,0
86370.319876,2026-07-22T15:14:44.276,3,3,3,0,0
86370.321885,2026-07-22T15:14:44.278,3,3,3,0,0
86370.324134,2026-07-22T15:14:44.280,3,3,3,0,0
86370.326143,2026-07-22T15:14:44.282,3,3,3,0,0
86370.328455,2026-07-22T15:14:44.285,3,3,3,0,0
86370.330568,2026-07-22T15:14:44.287,3,3,3,0,0
86370.333121,2026-07-22T15:14:44.289,3,3,3,0,0
86370.335151,2026-07-22T15:14:44.292,3,3,3,0,0
86370.337620,2026-07-22T15:14:44.294,3,3,3,0,0
86370.340150,2026-07-22T15:14:44.296,3,3,3,0,0
86370.342764,2026-07-22T15:14:44.299,3,3,3,0,0
86370.344805,2026-07-22T15:14:44.301,3,3,3,0,0
86370.346830,2026-07-22T15:14:44.303,3,3,3,0,0
86370.349430,2026-07-22T15:14:44.306,3,3,3,0,0
86370.351949,2026-07-22T15:14:44.308,3,3,3,0,0
86370.354353,2026-07-22T15:14:44.311,3,3,3,0,0
86370.356878,2026-07-22T15:14:44.313,3,3,3,0,0
86370.359578,2026-07-22T15:14:44.316,3,3,3,0,0
86370.362289,2026-07-22T15:14:44.319,3,3,3,0,0
86370.364511,2026-07-22T15:14:44.321,3,3,3,0,0
86370.367235,2026-07-22T15:14:44.324,3,3,3,0,0
86370.369267,2026-07-22T15:14:44.326,3,3,3,0,0
86370.371842,2026-07-22T15:14:44.328,3,3,3,0,0
86370.374364,2026-07-22T15:14:44.331,3,3,3,0,0
86370.376934,2026-07-22T15:14:44.333,3,3,3,0,0
86370.379442,2026-07-22T15:14:44.336,3,3,3,0,0
86370.381989,2026-07-22T15:14:44.338,3,3,3,0,0
86370.384557,2026-07-22T15:14:44.341,3,3,3,0,0
86370.387067,2026-07-22T15:14:44.343,3,3,3,0,0
86370.389153,2026-07-22T15:14:44.345,3,3,3,0,0
86370.391667,2026-07-22T15:14:44.348,3,3,3,0,0
86370.393770,2026-07-22T15:14:44.350,3,3,3,0,0
86370.396228,2026-07-22T15:14:44.353,3,3,3,0,0
86370.398896,2026-07-22T15:14:44.355,3,3,3,0,0
86370.401452,2026-07-22T15:14:44.358,3,3,3,0,0
86370.404084,2026-07-22T15:14:44.360,3,3,3,0,0
86370.406828,2026-07-22T15:14:44.363,3,3,3,0,0
86370.409395,2026-07-22T15:14:44.366,3,3,3,0,0
86370.411438,2026-07-22T15:14:44.368,3,3,3,0,0
86370.413975,2026-07-22T15:14:44.370,3,3,3,0,0
86370.416495,2026-07-22T15:14:44.373,19,0,3,0,8
86370.419002,2026-07-22T15:14:44.375,19,0,3,0,8
86370.421033,2026-07-22T15:14:44.377,19,0,3,0,8
86370.423062,2026-07-22T15:14:44.379,19,0,3,0,8
86370.425624,2026-07-22T15:14:44.382,19,0,3,0,8
86370.428122,2026-07-22T15:14:44.383,19,0,3,0,8
86370.430172,2026-07-22T15:14:44.387,19,0,3,0,8
86370.432695,2026-07-22T15:14:44.389,19,0,3,0,8
86370.435085,2026-07-22T15:14:44.391,19,0,3,0,8
86370.437115,2026-07-22T15:14:44.393,19,0,3,0,8
86370.439148,2026-07-22T15:14:44.396,19,0,3,0,8
86370.442386,2026-07-22T15:14:44.399,19,0,3,0,8
86370.444850,2026-07-22T15:14:44.401,19,0,3,0,8
86370.447352,2026-07-22T15:14:44.404,19,0,3,0,8
86370.449856,2026-07-22T15:14:44.406,19,0,3,0,8
86370.452358,2026-07-22T15:14:44.409,19,0,3,0,8
86370.454568,2026-07-22T15:14:44.411,19,0,3,0,8
86370.457287,2026-07-22T15:14:44.414,19,0,3,0,8
86370.459728,2026-07-22T15:14:44.416,19,0,3,0,8
86370.462076,2026-07-22T15:14:44.418,19,0,3,0,8
86370.464629,2026-07-22T15:14:44.421,19,0,3,0,8
86370.466789,2026-07-22T15:14:44.423,19,0,3,0,8
86370.469286,2026-07-22T15:14:44.426,19,0,3,0,8
86370.471794,2026-07-22T15:14:44.428,19,0,3,0,8
86370.474473,2026-07-22T15:14:44.431,19,0,3,0,8
86370.476497,2026-07-22T15:14:44.433,19,0,3,0,8
86370.478528,2026-07-22T15:14:44.435,19,0,3,0,8
86370.480547,2026-07-22T15:14:44.437,19,0,3,0,8
86370.482572,2026-07-22T15:14:44.439,19,0,3,0,8
86370.484606,2026-07-22T15:14:44.441,19,0,3,0,8
86370.486648,2026-07-22T15:14:44.443,19,0,3,0,8
86370.488703,2026-07-22T15:14:44.445,19,0,3,0,8
86370.490963,2026-07-22T15:14:44.447,19,0,3,0,8
86370.492984,2026-07-22T15:14:44.449,19,0,3,0,8
86370.495034,2026-07-22T15:14:44.451,19,0,3,0,8
86370.497105,2026-07-22T15:14:44.453,19,0,3,0,8
86370.499617,2026-07-22T15:14:44.456,19,0,3,0,8
86370.502421,2026-07-22T15:14:44.459,19,0,3,0,8
86370.504977,2026-07-22T15:14:44.461,19,0,3,0,8
86370.507135,2026-07-22T15:14:44.463,19,0,3,0,8
86370.509165,2026-07-22T15:14:44.466,19,0,3,0,8
86370.512442,2026-07-22T15:14:44.468,19,0,3,0,8
86370.514701,2026-07-22T15:14:44.471,19,0,3,0,8
86370.516723,2026-07-22T15:14:44.473,19,0,3,0,8
86370.518757,2026-07-22T15:14:44.475,19,0,3,0,8
86370.520827,2026-07-22T15:14:44.477,19,0,3,0,8
86370.523330,2026-07-22T15:14:44.480,19,0,3,0,8
86370.525853,2026-07-22T15:14:44.482,19,0,3,0,8
86370.528360,2026-07-22T15:14:44.485,19,0,3,0,8
86370.530855,2026-07-22T15:14:44.487,19,0,3,0,8
86370.532988,2026-07-22T15:14:44.489,19,0,3,0,8
86370.535532,2026-07-22T15:14:44.492,19,0,3,0,8
86370.538001,2026-07-22T15:14:44.494,19,0,3,0,8
86370.540505,2026-07-22T15:14:44.497,19,0,3,0,8
86370.543012,2026-07-22T15:14:44.499,19,0,3,0,8
86370.545529,2026-07-22T15:14:44.502,19,0,3,0,8
86370.548026,2026-07-22T15:14:44.504,19,0,3,0,8
86370.550540,2026-07-22T15:14:44.507,19,0,3,0,8
86370.552698,2026-07-22T15:14:44.509,19,0,3,0,8
86370.555203,2026-07-22T15:14:44.512,19,0,3,0,8
86370.557218,2026-07-22T15:14:44.514,19,0,3,0,8
86370.559232,2026-07-22T15:14:44.516,19,0,3,0,8
86370.561742,2026-07-22T15:14:44.518,19,0,3,0,8
86370.564045,2026-07-22T15:14:44.520,19,0,3,0,8
86370.566411,2026-07-22T15:14:44.523,19,0,3,0,8
86370.568916,2026-07-22T15:14:44.525,19,0,3,0,8
86370.571348,2026-07-22T15:14:44.528,19,0,3,0,8
86370.573435,2026-07-22T15:14:44.530,19,0,3,0,8
86370.575953,2026-07-22T15:14:44.532,19,0,3,0,8
86370.578451,2026-07-22T15:14:44.535,19,0,3,0,8
86370.580964,2026-07-22T15:14:44.537,19,0,3,0,8
86370.583660,2026-07-22T15:14:44.540,19,0,3,0,8
86370.585693,2026-07-22T15:14:44.542,19,0,3,0,8
86370.587724,2026-07-22T15:14:44.544,19,0,3,0,8
86370.589775,2026-07-22T15:14:44.546,19,0,3,0,8
86370.592350,2026-07-22T15:14:44.549,19,0,3,0,8
86370.594917,2026-07-22T15:14:44.551,19,0,3,0,8
86370.596951,2026-07-22T15:14:44.553,19,0,3,0,8
86370.599002,2026-07-22T15:14:44.555,19,0,3,0,8
86370.601056,2026-07-22T15:14:44.557,19,0,3,0,8
86370.603095,2026-07-22T15:14:44.559,19,0,3,0,8
86370.605158,2026-07-22T15:14:44.562,19,0,3,0,8
86370.607189,2026-07-22T15:14:44.564,19,0,3,0,8
86370.609267,2026-07-22T15:14:44.566,19,0,3,0,8
86370.613116,2026-07-22T15:14:44.568,19,0,3,0,8
86370.615419,2026-07-22T15:14:44.572,19,0,3,0,8
86370.617972,2026-07-22T15:14:44.574,19,0,3,0,8
86370.620503,2026-07-22T15:14:44.577,19,0,3,0,8
86370.622536,2026-07-22T15:14:44.579,19,0,3,0,8
86370.624629,2026-07-22T15:14:44.581,19,0,3,0,8
86370.626774,2026-07-22T15:14:44.583,19,0,3,0,8
86370.628892,2026-07-22T15:14:44.585,19,0,3,0,8
86370.631387,2026-07-22T15:14:44.588,19,0,3,0,8
86370.633914,2026-07-22T15:14:44.590,19,0,3,0,8
86370.636182,2026-07-22T15:14:44.593,19,0,3,0,8
86370.638706,2026-07-22T15:14:44.595,19,0,3,0,8
86370.641227,2026-07-22T15:14:44.598,19,0,3,0,8
86370.643749,2026-07-22T15:14:44.600,19,0,3,0,8
86370.646280,2026-07-22T15:14:44.603,19,0,3,0,8
86370.648766,2026-07-22T15:14:44.605,19,0,3,0,8
86370.651141,2026-07-22T15:14:44.607,19,0,3,0,8
86370.653197,2026-07-22T15:14:44.610,19,0,3,0,8
86370.655754,2026-07-22T15:14:44.612,19,0,3,0,8
86370.658262,2026-07-22T15:14:44.615,19,0,3,0,8
86370.660578,2026-07-22T15:14:44.617,36,2,3,0,3
86370.663096,2026-07-22T15:14:44.619,36,2,3,0,3
86370.665327,2026-07-22T15:14:44.622,36,2,3,0,3
86370.668007,2026-07-22T15:14:44.624,36,2,3,0,3
86370.670524,2026-07-22T15:14:44.627,36,2,3,0,3
86370.673244,2026-07-22T15:14:44.630,36,2,3,0,3
86370.675780,2026-07-22T15:14:44.632,36,2,3,0,3
86370.678071,2026-07-22T15:14:44.634,36,2,3,0,3
86370.680742,2026-07-22T15:14:44.637,36,2,3,0,3
86370.683238,2026-07-22T15:14:44.640,36,2,3,0,3
86370.685782,2026-07-22T15:14:44.642,36,2,3,0,3
86370.688293,2026-07-22T15:14:44.645,36,2,3,0,3
86370.690486,2026-07-22T15:14:44.647,36,2,3,0,3
86370.693006,2026-07-22T15:14:44.649,36,2,3,0,3
86370.695657,2026-07-22T15:14:44.652,36,2,3,0,3
86370.698214,2026-07-22T15:14:44.655,36,2,3,0,3
86370.700373,2026-07-22T15:14:44.657,36,2,3,0,3
86370.702839,2026-07-22T15:14:44.659,36,2,3,0,3
86370.704883,2026-07-22T15:14:44.661,36,2,3,0,3
86370.707462,2026-07-22T15:14:44.664,36,2,3,0,3
86370.710100,2026-07-22T15:14:44.666,36,2,3,0,3
86370.712127,2026-07-22T15:14:44.668,36,2,3,0,3
86370.714870,2026-07-22T15:14:44.671,36,2,3,0,3
86370.716913,2026-07-22T15:14:44.673,36,2,3,0,3
86370.719618,2026-07-22T15:14:44.676,36,2,3,0,3
86370.722127,2026-07-22T15:14:44.678,36,2,3,0,3
86370.724139,2026-07-22T15:14:44.680,36,2,3,0,3
86370.726224,2026-07-22T15:14:44.683,36,2,3,0,3
86370.728245,2026-07-22T15:14:44.685,36,2,3,0,3
86370.730749,2026-07-22T15:14:44.687,36,2,3,0,3
86370.733257,2026-07-22T15:14:44.690,36,2,3,0,3
86370.735767,2026-07-22T15:14:44.692,36,2,3,0,3
86370.738321,2026-07-22T15:14:44.695,36,2,3,0,3
86370.741076,2026-07-22T15:14:44.697,36,2,3,0,3
86370.743625,2026-07-22T15:14:44.700,36,2,3,0,3
86370.745643,2026-07-22T15:14:44.702,36,2,3,0,3
86370.748141,2026-07-22T15:14:44.704,36,2,3,0,3
86370.750656,2026-07-22T15:14:44.707,36,2,3,0,3
86370.752724,2026-07-22T15:14:44.709,36,2,3,0,3
86370.755237,2026-07-22T15:14:44.712,36,2,3,0,3
86370.757756,2026-07-22T15:14:44.714,36,2,3,0,3
86370.760211,2026-07-22T15:14:44.717,36,2,3,0,3
86370.762505,2026-07-22T15:14:44.719,36,2,3,0,3
86370.765071,2026-07-22T15:14:44.721,36,2,3,0,3
86370.767099,2026-07-22T15:14:44.723,36,2,3,0,3
86370.769595,2026-07-22T15:14:44.726,36,2,3,0,3
86370.772087,2026-07-22T15:14:44.728,36,2,3,0,3
86370.774530,2026-07-22T15:14:44.731,36,2,3,0,3
86370.777052,2026-07-22T15:14:44.733,36,2,3,0,3
86370.779776,2026-07-22T15:14:44.736,36,2,3,0,3
86370.782202,2026-07-22T15:14:44.739,36,2,3,0,3
86370.784757,2026-07-22T15:14:44.741,36,2,3,0,3
86370.787207,2026-07-22T15:14:44.744,36,2,3,0,3
86370.789238,2026-07-22T15:14:44.746,36,2,3,0,3
86370.791250,2026-07-22T15:14:44.748,36,2,3,0,3
86370.793285,2026-07-22T15:14:44.750,36,2,3,0,3
86370.795313,2026-07-22T15:14:44.752,36,2,3,0,3
86370.797762,2026-07-22T15:14:44.754,36,2,3,0,3
86370.799797,2026-07-22T15:14:44.756,36,2,3,0,3
86370.802243,2026-07-22T15:14:44.759,36,2,3,0,3
86370.804755,2026-07-22T15:14:44.761,36,2,3,0,3
86370.807245,2026-07-22T15:14:44.764,36,2,3,0,3
86370.809725,2026-07-22T15:14:44.766,36,2,3,0,3
86370.812404,2026-07-22T15:14:44.769,36,2,3,0,3
86370.814650,2026-07-22T15:14:44.771,36,2,3,0,3
86370.816903,2026-07-22T15:14:44.773,36,2,3,0,3
86370.819159,2026-07-22T15:14:44.776,36,2,3,0,3
86370.821670,2026-07-22T15:14:44.778,36,2,3,0,3
86370.824436,2026-07-22T15:14:44.781,36,2,3,0,3
86370.827017,2026-07-22T15:14:44.783,36,2,3,0,3
86370.829535,2026-07-22T15:14:44.786,36,2,3,0,3
86370.832153,2026-07-22T15:14:44.788,36,2,3,0,3
86370.834601,2026-07-22T15:14:44.791,36,2,3,0,3
86370.837216,2026-07-22T15:14:44.794,36,2,3,0,3
86370.839250,2026-07-22T15:14:44.796,36,2,3,0,3
86370.841718,2026-07-22T15:14:44.798,36,2,3,0,3
86370.844225,2026-07-22T15:14:44.801,36,2,3,0,3
86370.846265,2026-07-22T15:14:44.803,36,2,3,0,3
86370.848858,2026-07-22T15:14:44.805,36,2,3,0,3
86370.850881,2026-07-22T15:14:44.807,36,2,3,0,3
86370.852891,2026-07-22T15:14:44.809,36,2,3,0,3
86370.854931,2026-07-22T15:14:44.811,36,2,3,0,3
86370.857427,2026-07-22T15:14:44.814,36,2,3,0,3
86370.859910,2026-07-22T15:14:44.816,36,2,3,0,3
86370.862518,2026-07-22T15:14:44.819,36,2,3,0,3
86370.865239,2026-07-22T15:14:44.822,36,2,3,0,3
86370.867797,2026-07-22T15:14:44.824,36,2,3,0,3
86370.870260,2026-07-22T15:14:44.827,36,2,3,0,3
86370.872291,2026-07-22T15:14:44.829,36,2,3,0,3
86370.874800,2026-07-22T15:14:44.831,36,2,3,0,3
86370.877312,2026-07-22T15:14:44.834,36,2,3,0,3
86370.879829,2026-07-22T15:14:44.836,36,2,3,0,3
86370.881840,2026-07-22T15:14:44.838,36,2,3,0,3
86370.883889,2026-07-22T15:14:44.840,36,2,3,0,3
86370.886252,2026-07-22T15:14:44.843,36,2,3,0,3
86370.888763,2026-07-22T15:14:44.845,36,2,3,0,3
86370.891210,2026-07-22T15:14:44.848,36,2,3,0,3
86370.893260,2026-07-22T15:14:44.850,36,2,3,0,3
86370.895743,2026-07-22T15:14:44.852,36,2,3,0,3
86370.898161,2026-07-22T15:14:44.855,36,2,3,0,3
86370.900717,2026-07-22T15:14:44.857,36,2,3,0,3
86370.903167,2026-07-22T15:14:44.860,36,2,3,0,3
86370.905215,2026-07-22T15:14:44.862,36,2,3,0,3
86370.907910,2026-07-22T15:14:44.864,36,2,3,0,3
86370.910434,2026-07-22T15:14:44.867,36,2,3,0,3
86370.913610,2026-07-22T15:14:44.870,36,2,3,0,3
86370.915762,2026-07-22T15:14:44.872,36,2,3,0,3
86370.917928,2026-07-22T15:14:44.874,36,2,3,0,3
86370.920442,2026-07-22T15:14:44.877,36,2,3,0,3
86370.922964,2026-07-22T15:14:44.879,36,2,3,0,3
86370.925467,2026-07-22T15:14:44.882,36,2,3,0,3
86370.927957,2026-07-22T15:14:44.884,36,2,3,0,3
86370.930447,2026-07-22T15:14:44.887,36,2,3,0,3
86370.932969,2026-07-22T15:14:44.889,36,2,3,0,3
86370.935630,2026-07-22T15:14:44.892,36,2,3,0,3
86370.938259,2026-07-22T15:14:44.895,36,2,3,0,3
86370.940891,2026-07-22T15:14:44.897,36,2,3,0,3
86370.943295,2026-07-22T15:14:44.900,36,2,3,0,3
86370.945381,2026-07-22T15:14:44.902,36,2,3,0,3
86370.947872,2026-07-22T15:14:44.904,36,2,3,0,3
86370.949893,2026-07-22T15:14:44.906,36,2,3,0,3
86370.952218,2026-07-22T15:14:44.909,36,2,3,0,3
86370.954461,2026-07-22T15:14:44.911,36,2,3,0,3
86370.956526,2026-07-22T15:14:44.913,36,2,3,0,3
86370.958586,2026-07-22T15:14:44.915,36,2,3,0,3
86370.961085,2026-07-22T15:14:44.917,36,2,3,0,3
86370.963772,2026-07-22T15:14:44.920,36,2,3,0,3
86370.966322,2026-07-22T15:14:44.923,36,2,3,0,3
86370.968342,2026-07-22T15:14:44.925,36,2,3,0,3
86370.970928,2026-07-22T15:14:44.927,36,2,3,0,3
86370.973448,2026-07-22T15:14:44.930,36,2,3,0,3
86370.975747,2026-07-22T15:14:44.932,36,2,3,0,3
86370.978247,2026-07-22T15:14:44.935,36,2,3,0,3
86370.980733,2026-07-22T15:14:44.937,36,2,3,0,3
86370.983151,2026-07-22T15:14:44.940,36,2,3,0,3
86370.985671,2026-07-22T15:14:44.942,36,2,3,0,3
86370.987801,2026-07-22T15:14:44.944,36,2,3,0,3
86370.990321,2026-07-22T15:14:44.947,36,2,3,0,3
86370.992818,2026-07-22T15:14:44.949,36,2,3,0,3
86370.995332,2026-07-22T15:14:44.952,36,2,3,0,3
86370.997863,2026-07-22T15:14:44.954,5,0,3,0,5
86371.000369,2026-07-22T15:14:44.957,5,0,3,0,5
86371.002850,2026-07-22T15:14:44.959,5,0,3,0,5
86371.005432,2026-07-22T15:14:44.962,5,0,3,0,5
86371.007917,2026-07-22T15:14:44.964,5,0,3,0,5
86371.010054,2026-07-22T15:14:44.966,5,0,3,0,5
86371.012714,2026-07-22T15:14:44.969,5,0,3,0,5
86371.015162,2026-07-22T15:14:44.972,5,0,3,0,5
86371.017820,2026-07-22T15:14:44.974,5,0,3,0,5
86371.020354,2026-07-22T15:14:44.977,5,0,3,0,5
86371.022838,2026-07-22T15:14:44.979,5,0,3,0,5
86371.025608,2026-07-22T15:14:44.982,5,0,3,0,5
86371.028366,2026-07-22T15:14:44.985,5,0,3,0,5
86371.030655,2026-07-22T15:14:44.987,5,0,3,0,5
86371.033092,2026-07-22T15:14:44.989,5,0,3,0,5
86371.035805,2026-07-22T15:14:44.992,5,0,3,0,5
86371.038540,2026-07-22T15:14:44.995,5,0,3,0,5
86371.041069,2026-07-22T15:14:44.997,5,0,3,0,5
86371.043283,2026-07-22T15:14:45.000,5,0,3,0,5
86371.045327,2026-07-22T15:14:45.002,5,0,3,0,5
86371.047820,2026-07-22T15:14:45.004,5,0,3,0,5
86371.050373,2026-07-22T15:14:45.007,5,0,3,0,5
86371.052933,2026-07-22T15:14:45.009,5,0,3,0,5
86371.055228,2026-07-22T15:14:45.012,5,0,3,0,5
86371.057297,2026-07-22T15:14:45.014,5,0,3,0,5
86371.059349,2026-07-22T15:14:45.016,5,0,3,0,5
86371.061402,2026-07-22T15:14:45.018,5,0,3,0,5
86371.063434,2026-07-22T15:14:45.020,5,0,3,0,5
86371.065488,2026-07-22T15:14:45.022,5,0,3,0,5
86371.067550,2026-07-22T15:14:45.024,5,0,3,0,5
86371.069591,2026-07-22T15:14:45.026,5,0,3,0,5
86371.071641,2026-07-22T15:14:45.028,5,0,3,0,5
86371.073721,2026-07-22T15:14:45.030,5,0,3,0,5
86371.075781,2026-07-22T15:14:45.032,5,0,3,0,5
86371.077842,2026-07-22T15:14:45.034,5,0,3,0,5
86371.079894,2026-07-22T15:14:45.036,5,0,3,0,5
86371.081965,2026-07-22T15:14:45.038,5,0,3,0,5
86371.083977,2026-07-22T15:14:45.040,5,0,3,0,5
86371.086004,2026-07-22T15:14:45.042,5,0,3,0,5
86371.088031,2026-07-22T15:14:45.044,5,0,3,0,5
86371.090547,2026-07-22T15:14:45.047,5,0,3,0,5
86371.092562,2026-07-22T15:14:45.049,5,0,3,0,5
86371.095068,2026-07-22T15:14:45.051,5,0,3,0,5
86371.097549,2026-07-22T15:14:45.054,5,0,3,0,5
86371.100028,2026-07-22T15:14:45.056,5,0,3,0,5
86371.102417,2026-07-22T15:14:45.059,5,0,3,0,5
86371.104923,2026-07-22T15:14:45.061,5,0,3,0,5
86371.107475,2026-07-22T15:14:45.064,5,0,3,0,5
86371.109954,2026-07-22T15:14:45.066,5,0,3,0,5
86371.112512,2026-07-22T15:14:45.069,5,0,3,0,5
86371.114928,2026-07-22T15:14:45.071,5,0,3,0,5
86371.117604,2026-07-22T15:14:45.074,5,0,3,0,5
86371.120203,2026-07-22T15:14:45.077,5,0,3,0,5
86371.122742,2026-07-22T15:14:45.079,5,0,3,0,5
86371.125251,2026-07-22T15:14:45.082,5,0,3,0,5
86371.127840,2026-07-22T15:14:45.084,5,0,3,0,5
86371.130351,2026-07-22T15:14:45.087,5,0,3,0,5
86371.133102,2026-07-22T15:14:45.089,5,0,3,0,5
86371.135579,2026-07-22T15:14:45.092,5,0,3,0,5
86371.138145,2026-07-22T15:14:45.095,5,0,3,0,5
86371.140879,2026-07-22T15:14:45.097,5,0,3,0,5
86371.143489,2026-07-22T15:14:45.100,5,0,3,0,5
86371.146035,2026-07-22T15:14:45.102,5,0,3,0,5
86371.148197,2026-07-22T15:14:45.105,5,0,3,0,5
86371.150222,2026-07-22T15:14:45.107,5,0,3,0,5
86371.152726,2026-07-22T15:14:45.109,5,0,3,0,5
86371.155206,2026-07-22T15:14:45.112,5,0,3,0,5
86371.157564,2026-07-22T15:14:45.114,5,0,3,0,5
86371.160035,2026-07-22T15:14:45.116,5,0,3,0,5
86371.162850,2026-07-22T15:14:45.119,5,0,3,0,5
86371.165335,2026-07-22T15:14:45.122,5,0,3,0,5
86371.167776,2026-07-22T15:14:45.124,5,0,3,0,5
86371.170233,2026-07-22T15:14:45.127,5,0,3,0,5
86371.172955,2026-07-22T15:14:45.129,5,0,3,0,5
86371.175577,2026-07-22T15:14:45.132,5,0,3,0,5
86371.178169,2026-07-22T15:14:45.134,5,0,3,0,5
86371.180789,2026-07-22T15:14:45.137,5,0,3,0,5
86371.183237,2026-07-22T15:14:45.140,5,0,3,0,5
86371.185746,2026-07-22T15:14:45.142,5,0,3,0,5
86371.188088,2026-07-22T15:14:45.144,5,0,3,0,5
86371.190109,2026-07-22T15:14:45.146,5,0,3,0,5
86371.192620,2026-07-22T15:14:45.149,5,0,3,0,5
86371.195138,2026-07-22T15:14:45.151,5,0,3,0,5
86371.197160,2026-07-22T15:14:45.154,5,0,3,0,5
86371.199618,2026-07-22T15:14:45.156,5,0,3,0,5
86371.202053,2026-07-22T15:14:45.158,5,0,3,0,5
86371.204463,2026-07-22T15:14:45.161,5,0,3,0,5
86371.206493,2026-07-22T15:14:45.163,5,0,3,0,5
86371.209046,2026-07-22T15:14:45.165,5,0,3,0,5
86371.211174,2026-07-22T15:14:45.168,5,0,3,0,5
86371.213713,2026-07-22T15:14:45.170,5,0,3,0,5
86371.216250,2026-07-22T15:14:45.172,5,0,3,0,5
86371.218722,2026-07-22T15:14:45.175,5,0,3,0,5
86371.220928,2026-07-22T15:14:45.177,5,0,3,0,5
86371.223575,2026-07-22T15:14:45.180,5,0,3,0,5
86371.226148,2026-07-22T15:14:45.182,5,0,3,0,5
86371.228383,2026-07-22T15:14:45.185,5,0,3,0,5
86371.230972,2026-07-22T15:14:45.187,5,0,3,0,5
86371.233404,2026-07-22T15:14:45.190,5,0,3,0,5
86371.235951,2026-07-22T15:14:45.192,5,0,3,0,5
86371.238396,2026-07-22T15:14:45.195,5,0,3,0,5
86371.241082,2026-07-22T15:14:45.197,5,0,3,0,0
86371.243828,2026-07-22T15:14:45.200,3,3,3,0,0
86371.245851,2026-07-22T15:14:45.202,3,3,3,0,0
86371.247903,2026-07-22T15:14:45.204,3,3,3,0,0
86371.250452,2026-07-22T15:14:45.207,3,3,3,0,0
86371.253240,2026-07-22T15:14:45.210,3,3,3,0,0
86371.255931,2026-07-22T15:14:45.212,3,3,3,0,0
86371.258494,2026-07-22T15:14:45.215,3,3,3,0,0
86371.260763,2026-07-22T15:14:45.217,3,3,3,0,0
86371.263534,2026-07-22T15:14:45.220,3,3,3,0,0
86371.266043,2026-07-22T15:14:45.222,3,3,3,0,0
86371.268537,2026-07-22T15:14:45.225,3,3,3,0,0
86371.271046,2026-07-22T15:14:45.227,3,3,3,0,0
86371.273569,2026-07-22T15:14:45.230,3,3,3,0,0
86371.275908,2026-07-22T15:14:45.232,3,3,3,0,0
86371.278368,2026-07-22T15:14:45.235,3,3,3,0,0
86371.280753,2026-07-22T15:14:45.237,3,3,3,0,0
86371.283189,2026-07-22T15:14:45.240,3,3,3,0,0
86371.285571,2026-07-22T15:14:45.242,3,3,3,0,0
86371.288029,2026-07-22T15:14:45.244,3,3,3,0,0
86371.290456,2026-07-22T15:14:45.247,3,3,3,0,0
86371.292885,2026-07-22T15:14:45.249,3,3,3,0,0
86371.295552,2026-07-22T15:14:45.252,3,3,3,0,0
86371.297964,2026-07-22T15:14:45.254,3,3,3,0,0
86371.300403,2026-07-22T15:14:45.257,3,3,3,0,0
86371.302893,2026-07-22T15:14:45.259,3,3,3,0,0
86371.305427,2026-07-22T15:14:45.262,3,3,3,0,0
86371.308161,2026-07-22T15:14:45.265,3,3,3,0,0
86371.310506,2026-07-22T15:14:45.267,3,3,3,0,0
86371.312602,2026-07-22T15:14:45.269,3,3,3,0,0
86371.314913,2026-07-22T15:14:45.271,3,3,3,0,0
86371.316986,2026-07-22T15:14:45.273,3,3,3,0,0
86371.319651,2026-07-22T15:14:45.276,3,3,3,0,0
86371.322278,2026-07-22T15:14:45.279,3,3,3,0,0
86371.325011,2026-07-22T15:14:45.281,3,3,3,0,0
86371.327607,2026-07-22T15:14:45.284,3,3,3,0,0
86371.330037,2026-07-22T15:14:45.286,3,3,3,0,0
86371.332442,2026-07-22T15:14:45.289,3,3,3,0,0
86371.335042,2026-07-22T15:14:45.291,3,3,3,0,0
86371.337716,2026-07-22T15:14:45.294,3,3,3,0,0
86371.340263,2026-07-22T15:14:45.297,3,3,3,0,0
86371.342759,2026-07-22T15:14:45.299,3,3,3,0,0
86371.345271,2026-07-22T15:14:45.302,3,3,3,0,0
86371.347764,2026-07-22T15:14:45.304,3,3,3,0,0
86371.350131,2026-07-22T15:14:45.306,3,3,3,0,0
86371.352550,2026-07-22T15:14:45.309,3,3,3,0,0
86371.355017,2026-07-22T15:14:45.311,3,3,3,0,0
86371.357448,2026-07-22T15:14:45.314,3,3,3,0,0
86371.359927,2026-07-22T15:14:45.316,3,3,3,0,0
86371.362529,2026-07-22T15:14:45.319,3,3,3,0,0
86371.365112,2026-07-22T15:14:45.321,3,3,3,0,0
86371.367611,2026-07-22T15:14:45.324,3,3,3,0,0
86371.370092,2026-07-22T15:14:45.326,3,3,3,0,0
86371.372674,2026-07-22T15:14:45.329,3,3,3,0,0
86371.375111,2026-07-22T15:14:45.331,3,3,3,0,0
86371.377762,2026-07-22T15:14:45.334,3,3,3,0,0
86371.380190,2026-07-22T15:14:45.337,3,3,3,0,0
86371.382607,2026-07-22T15:14:45.339,3,3,3,0,0
86371.385463,2026-07-22T15:14:45.342,3,3,3,0,0
86371.387810,2026-07-22T15:14:45.344,3,3,3,0,0
86371.390226,2026-07-22T15:14:45.347,3,3,3,0,0
86371.392698,2026-07-22T15:14:45.349,3,3,3,0,0
86371.395175,2026-07-22T15:14:45.352,3,3,3,0,0
86371.397582,2026-07-22T15:14:45.354,3,3,3,0,0
86371.400043,2026-07-22T15:14:45.356,3,3,3,0,0
86371.402426,2026-07-22T15:14:45.359,3,3,3,0,0
86371.404895,2026-07-22T15:14:45.361,3,3,3,0,0
86371.407496,2026-07-22T15:14:45.364,3,3,3,0,0
86371.409939,2026-07-22T15:14:45.366,3,3,3,0,0
86371.412710,2026-07-22T15:14:45.369,3,3,3,0,0
86371.415396,2026-07-22T15:14:45.372,3,3,3,0,0
86371.418081,2026-07-22T15:14:45.374,3,3,3,0,0
86371.420413,2026-07-22T15:14:45.377,3,3,3,0,0
86371.423098,2026-07-22T15:14:45.379,3,3,3,0,0
86371.425779,2026-07-22T15:14:45.382,3,3,3,0,0
86371.428421,2026-07-22T15:14:45.385,3,3,3,0,0
86371.430952,2026-07-22T15:14:45.387,3,3,3,0,0
86371.433348,2026-07-22T15:14:45.390,3,3,3,0,0
86371.435908,2026-07-22T15:14:45.392,3,3,3,0,0
86371.438340,2026-07-22T15:14:45.395,3,3,3,0,0
86371.441054,2026-07-22T15:14:45.397,3,3,3,0,0
86371.443741,2026-07-22T15:14:45.400,3,3,3,0,0
86371.445767,2026-07-22T15:14:45.402,3,3,3,0,0
86371.448486,2026-07-22T15:14:45.405,3,3,3,0,0
86371.451061,2026-07-22T15:14:45.407,3,3,3,0,0
86371.453449,2026-07-22T15:14:45.410,3,3,3,0,0
86371.456087,2026-07-22T15:14:45.412,3,3,3,0,0
86371.458700,2026-07-22T15:14:45.415,3,3,3,0,0
86371.460974,2026-07-22T15:14:45.417,3,3,3,0,0
86371.463353,2026-07-22T15:14:45.420,3,3,3,0,0
86371.465744,2026-07-22T15:14:45.422,3,3,3,0,0
86371.468434,2026-07-22T15:14:45.425,3,3,3,0,0
86371.471085,2026-07-22T15:14:45.427,3,3,3,0,0
86371.473612,2026-07-22T15:14:45.430,3,3,3,0,0
86371.476355,2026-07-22T15:14:45.433,3,3,3,0,0
86371.479108,2026-07-22T15:14:45.435,3,3,3,0,0
86371.481640,2026-07-22T15:14:45.438,3,3,3,0,0
86371.484309,2026-07-22T15:14:45.441,3,3,3,0,0
86371.486895,2026-07-22T15:14:45.443,3,3,3,0,0
86371.489511,2026-07-22T15:14:45.446,3,3,3,0,0
86371.491595,2026-07-22T15:14:45.448,3,3,3,0,0
86371.494298,2026-07-22T15:14:45.451,3,3,3,0,0
86371.496893,2026-07-22T15:14:45.453,3,3,3,0,0
86371.498912,2026-07-22T15:14:45.455,3,3,3,0,0
86371.500934,2026-07-22T15:14:45.457,3,3,3,0,0
86371.502967,2026-07-22T15:14:45.459,3,3,3,0,0
86371.504987,2026-07-22T15:14:45.461,3,3,3,0,0
86371.507452,2026-07-22T15:14:45.464,3,3,3,0,0
86371.509941,2026-07-22T15:14:45.466,3,3,3,0,0
86371.512207,2026-07-22T15:14:45.469,3,3,3,0,0
86371.514945,2026-07-22T15:14:45.471,3,3,3,0,0
86371.518403,2026-07-22T15:14:45.474,3,3,3,0,0
86371.520592,2026-07-22T15:14:45.477,3,3,3,0,0
86371.522852,2026-07-22T15:14:45.479,3,3,3,0,0
86371.525348,2026-07-22T15:14:45.482,3,3,3,0,0
86371.527979,2026-07-22T15:14:45.484,3,3,3,0,0
86371.530453,2026-07-22T15:14:45.487,3,3,3,0,0
86371.532927,2026-07-22T15:14:45.489,3,3,3,0,0
86371.535436,2026-07-22T15:14:45.492,3,3,3,0,0
86371.537882,2026-07-22T15:14:45.494,3,3,3,0,0
86371.540331,2026-07-22T15:14:45.497,3,3,3,0,0
86371.543058,2026-07-22T15:14:45.499,3,3,3,0,0
86371.545548,2026-07-22T15:14:45.502,3,3,3,0,0
86371.548355,2026-07-22T15:14:45.505,3,3,3,0,0
86371.550613,2026-07-22T15:14:45.507,3,3,3,0,0
86371.553358,2026-07-22T15:14:45.510,3,3,3,0,0
86371.555793,2026-07-22T15:14:45.512,3,3,3,0,0
86371.558239,2026-07-22T15:14:45.515,3,3,3,0,0
86371.560937,2026-07-22T15:14:45.517,3,3,3,0,0
86371.563394,2026-07-22T15:14:45.520,3,3,3,0,0
86371.565417,2026-07-22T15:14:45.522,3,3,3,0,0
86371.567926,2026-07-22T15:14:45.524,3,3,3,0,0
86371.569954,2026-07-22T15:14:45.526,3,3,3,0,0
86371.572418,2026-07-22T15:14:45.529,3,3,3,0,0
86371.574923,2026-07-22T15:14:45.531,3,3,3,0,0
86371.577349,2026-07-22T15:14:45.534,3,3,3,0,0
86371.580018,2026-07-22T15:14:45.536,3,3,3,0,0
86371.582427,2026-07-22T15:14:45.539,3,3,3,0,0
86371.584858,2026-07-22T15:14:45.541,3,3,3,0,0
86371.587518,2026-07-22T15:14:45.544,3,3,3,0,0
86371.590003,2026-07-22T15:14:45.546,3,3,3,0,0
86371.592717,2026-07-22T15:14:45.549,3,3,3,0,0
86371.595239,2026-07-22T15:14:45.552,3,3,3,0,0
86371.597740,2026-07-22T15:14:45.554,3,3,3,0,0
86371.600182,2026-07-22T15:14:45.557,3,3,3,0,0
86371.602893,2026-07-22T15:14:45.559,3,3,3,0,0
86371.605426,2026-07-22T15:14:45.562,3,3,3,0,0
86371.608009,2026-07-22T15:14:45.564,3,3,3,0,0
86371.610559,2026-07-22T15:14:45.567,3,3,3,0,0
86371.613267,2026-07-22T15:14:45.570,3,3,3,0,0
86371.615764,2026-07-22T15:14:45.572,3,3,3,0,0
86371.618290,2026-07-22T15:14:45.575,3,3,3,0,0
86371.621056,2026-07-22T15:14:45.577,3,3,3,0,0
86371.623800,2026-07-22T15:14:45.580,3,3,3,0,0
86371.626345,2026-07-22T15:14:45.583,3,3,3,0,0
86371.628881,2026-07-22T15:14:45.585,3,3,3,0,0
86371.631448,2026-07-22T15:14:45.588,3,3,3,0,0
86371.633878,2026-07-22T15:14:45.590,3,3,3,0,0
86371.636297,2026-07-22T15:14:45.593,3,3,3,0,0
86371.638885,2026-07-22T15:14:45.595,3,3,3,0,0
86371.641587,2026-07-22T15:14:45.598,3,3,3,0,0
86371.644137,2026-07-22T15:14:45.600,3,3,3,0,0
86371.646159,2026-07-22T15:14:45.603,3,3,3,0,0
86371.648580,2026-07-22T15:14:45.605,3,3,3,0,0
86371.651069,2026-07-22T15:14:45.607,3,3,3,0,0
86371.653161,2026-07-22T15:14:45.610,3,3,3,0,0
86371.655586,2026-07-22T15:14:45.612,3,3,3,0,0
86371.658064,2026-07-22T15:14:45.614,3,3,3,0,0
86371.660672,2026-07-22T15:14:45.617,3,3,3,0,0
86371.663313,2026-07-22T15:14:45.620,3,3,3,0,0
86371.666027,2026-07-22T15:14:45.622,3,3,3,0,0
86371.668640,2026-07-22T15:14:45.625,3,3,3,0,0
86371.671058,2026-07-22T15:14:45.627,3,3,3,0,0
86371.673623,2026-07-22T15:14:45.630,3,3,3,0,0
86371.676408,2026-07-22T15:14:45.633,3,3,3,0,0
86371.678928,2026-07-22T15:14:45.635,3,3,3,0,0
86371.681492,2026-07-22T15:14:45.638,3,3,3,0,0
86371.684212,2026-07-22T15:14:45.641,3,3,3,0,0
86371.686847,2026-07-22T15:14:45.643,3,3,3,0,0
86371.689427,2026-07-22T15:14:45.646,3,3,3,0,0
86371.692060,2026-07-22T15:14:45.648,3,3,3,0,0
86371.694776,2026-07-22T15:14:45.651,3,3,3,0,0
86371.697183,2026-07-22T15:14:45.654,3,3,3,0,0
86371.699642,2026-07-22T15:14:45.656,3,3,3,0,0
86371.702354,2026-07-22T15:14:45.659,3,3,3,0,0
86371.705094,2026-07-22T15:14:45.661,3,3,3,0,0
86371.707760,2026-07-22T15:14:45.664,3,3,3,0,0
86371.710409,2026-07-22T15:14:45.667,3,3,3,0,0
86371.712804,2026-07-22T15:14:45.669,3,3,3,0,0
86371.715319,2026-07-22T15:14:45.672,3,3,3,0,0
86371.719258,2026-07-22T15:14:45.675,3,3,3,0,0
86371.721287,2026-07-22T15:14:45.678,3,3,3,0,0
86371.723770,2026-07-22T15:14:45.680,3,3,3,0,0
86371.726281,2026-07-22T15:14:45.683,3,3,3,0,0
86371.728881,2026-07-22T15:14:45.685,3,3,3,0,0
86371.731507,2026-07-22T15:14:45.688,3,3,3,0,0
86371.734085,2026-07-22T15:14:45.690,3,3,3,0,0
86371.736725,2026-07-22T15:14:45.693,3,3,3,0,0
86371.739212,2026-07-22T15:14:45.696,3,3,3,0,0
86371.741778,2026-07-22T15:14:45.698,3,3,3,0,0
86371.744372,2026-07-22T15:14:45.701,3,3,3,0,0
86371.746892,2026-07-22T15:14:45.703,3,3,3,0,0
86371.749389,2026-07-22T15:14:45.706,3,3,3,0,0
86371.751969,2026-07-22T15:14:45.708,3,3,3,0,0
86371.754482,2026-07-22T15:14:45.711,3,3,3,0,0
86371.757049,2026-07-22T15:14:45.713,3,3,3,0,0
86371.759555,2026-07-22T15:14:45.716,3,3,3,0,0
86371.761564,2026-07-22T15:14:45.718,3,3,3,0,0
86371.763640,2026-07-22T15:14:45.720,3,3,3,0,0
86371.766162,2026-07-22T15:14:45.723,3,3,3,0,0
86371.768383,2026-07-22T15:14:45.725,3,3,3,0,0
86371.770910,2026-07-22T15:14:45.727,3,3,3,0,0
86371.773270,2026-07-22T15:14:45.730,3,3,3,0,0
86371.775689,2026-07-22T15:14:45.732,3,3,3,0,0
86371.778216,2026-07-22T15:14:45.735,3,3,3,0,0
86371.780904,2026-07-22T15:14:45.737,3,3,3,0,0
86371.782938,2026-07-22T15:14:45.739,3,3,3,0,0
86371.784974,2026-07-22T15:14:45.741,3,3,3,0,0
86371.787564,2026-07-22T15:14:45.744,3,3,3,0,0
86371.790080,2026-07-22T15:14:45.746,3,3,3,0,0
86371.792717,2026-07-22T15:14:45.749,3,3,3,0,0
86371.795544,2026-07-22T15:14:45.752,3,3,3,0,0
86371.798030,2026-07-22T15:14:45.754,3,3,3,0,0
86371.800060,2026-07-22T15:14:45.756,3,3,3,0,0
86371.802458,2026-07-22T15:14:45.759,3,3,3,0,0
86371.804990,2026-07-22T15:14:45.761,3,3,3,0,0
86371.807683,2026-07-22T15:14:45.764,3,3,3,0,0
86371.810209,2026-07-22T15:14:45.767,3,3,3,0,0
86371.812229,2026-07-22T15:14:45.768,3,3,3,0,0
86371.814723,2026-07-22T15:14:45.771,3,3,3,0,0
86371.818607,2026-07-22T15:14:45.774,3,3,3,0,0
86371.821035,2026-07-22T15:14:45.777,3,3,3,0,0
86371.823569,2026-07-22T15:14:45.780,3,3,3,0,0
86371.825848,2026-07-22T15:14:45.782,3,3,3,0,0
86371.828417,2026-07-22T15:14:45.785,3,3,3,0,0
86371.830935,2026-07-22T15:14:45.787,3,3,3,0,0
86371.833393,2026-07-22T15:14:45.790,3,3,3,0,0
86371.835424,2026-07-22T15:14:45.792,3,3,3,0,0
86371.837884,2026-07-22T15:14:45.794,3,3,3,0,0
86371.840407,2026-07-22T15:14:45.797,3,3,3,0,0
86371.842940,2026-07-22T15:14:45.799,3,3,3,0,0
86371.845450,2026-07-22T15:14:45.802,3,3,3,0,0
86371.847470,2026-07-22T15:14:45.804,3,3,3,0,0
86371.849912,2026-07-22T15:14:45.806,3,3,3,0,0
86371.851948,2026-07-22T15:14:45.808,3,3,3,0,0
86371.854373,2026-07-22T15:14:45.811,3,3,3,0,0
86371.856940,2026-07-22T15:14:45.813,3,3,3,0,0
86371.859407,2026-07-22T15:14:45.816,3,3,3,0,0
86371.861800,2026-07-22T15:14:45.818,3,3,3,0,0
86371.863988,2026-07-22T15:14:45.820,3,3,3,0,0
86371.866005,2026-07-22T15:14:45.822,3,3,3,0,0
86371.868030,2026-07-22T15:14:45.824,3,3,3,0,0
86371.870527,2026-07-22T15:14:45.827,3,3,3,0,0
86371.873121,2026-07-22T15:14:45.829,3,3,3,0,0
86371.875611,2026-07-22T15:14:45.832,3,3,3,0,0
86371.878106,2026-07-22T15:14:45.834,3,3,3,0,0
86371.880628,2026-07-22T15:14:45.837,3,3,3,0,0
86371.882975,2026-07-22T15:14:45.839,3,3,3,0,0
86371.885474,2026-07-22T15:14:45.842,3,3,3,0,0
86371.888080,2026-07-22T15:14:45.844,3,3,3,0,0
86371.890548,2026-07-22T15:14:45.847,3,3,3,0,0
86371.892697,2026-07-22T15:14:45.849,3,3,3,0,0
86371.895155,2026-07-22T15:14:45.852,3,3,3,0,0
86371.897675,2026-07-22T15:14:45.854,3,3,3,0,0
86371.900178,2026-07-22T15:14:45.857,3,3,3,0,0
86371.902692,2026-07-22T15:14:45.859,3,3,3,0,0
86371.905283,2026-07-22T15:14:45.862,3,3,3,0,0
86371.907711,2026-07-22T15:14:45.864,3,3,3,0,0
86371.910375,2026-07-22T15:14:45.867,3,3,3,0,0
86371.913036,2026-07-22T15:14:45.869,3,3,3,0,0
86371.915356,2026-07-22T15:14:45.872,3,3,3,0,0
86371.919342,2026-07-22T15:14:45.876,3,3,3,0,0
86371.921853,2026-07-22T15:14:45.878,3,3,3,0,0
86371.924359,2026-07-22T15:14:45.881,3,3,3,0,0
86371.927139,2026-07-22T15:14:45.883,3,3,3,0,0
86371.929954,2026-07-22T15:14:45.886,3,3,3,0,0
86371.932686,2026-07-22T15:14:45.889,3,3,3,0,0
86371.935244,2026-07-22T15:14:45.892,3,3,3,0,0
86371.938131,2026-07-22T15:14:45.894,3,3,3,0,0
86371.940188,2026-07-22T15:14:45.897,3,3,3,0,0
86371.942220,2026-07-22T15:14:45.899,3,3,3,0,0
86371.944289,2026-07-22T15:14:45.901,3,3,3,0,0
86371.946326,2026-07-22T15:14:45.903,3,3,3,0,0
86371.948358,2026-07-22T15:14:45.905,3,3,3,0,0
86371.950402,2026-07-22T15:14:45.907,3,3,3,0,0
86371.952461,2026-07-22T15:14:45.909,3,3,3,0,0
86371.954548,2026-07-22T15:14:45.911,3,3,3,0,0
86371.956598,2026-07-22T15:14:45.913,3,3,3,0,0
86371.958623,2026-07-22T15:14:45.915,3,3,3,0,0
86371.960662,2026-07-22T15:14:45.917,3,3,3,0,0
86371.962907,2026-07-22T15:14:45.919,3,3,3,0,0
86371.964956,2026-07-22T15:14:45.921,3,3,3,0,0
86371.967016,2026-07-22T15:14:45.923,3,3,3,0,0
86371.969041,2026-07-22T15:14:45.925,3,3,3,0,0
86371.971139,2026-07-22T15:14:45.927,3,3,3,0,0
86371.973192,2026-07-22T15:14:45.930,3,3,3,0,0
86371.975238,2026-07-22T15:14:45.932,3,3,3,0,0
86371.977296,2026-07-22T15:14:45.934,3,3,3,0,0
86371.979357,2026-07-22T15:14:45.936,3,3,3,0,0
86371.981387,2026-07-22T15:14:45.938,3,3,3,0,0
86371.983966,2026-07-22T15:14:45.940,3,3,3,0,0
86371.986493,2026-07-22T15:14:45.943,3,3,3,0,0
86371.989010,2026-07-22T15:14:45.945,3,3,3,0,0
86371.991533,2026-07-22T15:14:45.948,3,3,3,0,0
86371.994187,2026-07-22T15:14:45.951,3,3,3,0,0
86371.996662,2026-07-22T15:14:45.953,3,3,3,0,0
86371.998908,2026-07-22T15:14:45.955,3,3,3,0,0
86372.001497,2026-07-22T15:14:45.958,3,3,3,0,0
86372.003958,2026-07-22T15:14:45.960,3,3,3,0,0
86372.006549,2026-07-22T15:14:45.963,3,3,3,0,0
86372.008592,2026-07-22T15:14:45.965,3,3,3,0,0
86372.011281,2026-07-22T15:14:45.968,3,3,3,0,0
86372.013813,2026-07-22T15:14:45.970,3,3,3,0,0
86372.016538,2026-07-22T15:14:45.973,3,3,3,0,0
86372.018646,2026-07-22T15:14:45.975,3,3,3,0,0
86372.021166,2026-07-22T15:14:45.978,3,3,3,0,0
86372.023522,2026-07-22T15:14:45.980,3,3,3,0,0
86372.025555,2026-07-22T15:14:45.982,3,3,3,0,0
86372.027596,2026-07-22T15:14:45.984,3,3,3,0,0
86372.030346,2026-07-22T15:14:45.987,3,3,3,0,0
86372.032405,2026-07-22T15:14:45.989,3,3,3,0,0
86372.035192,2026-07-22T15:14:45.992,3,3,3,0,0
86372.037224,2026-07-22T15:14:45.994,3,3,3,0,0
86372.039759,2026-07-22T15:14:45.996,3,3,3,0,0
86372.042275,2026-07-22T15:14:45.999,3,3,3,0,0
86372.044789,2026-07-22T15:14:46.001,3,3,3,0,0
86372.047190,2026-07-22T15:14:46.004,3,3,3,0,0
86372.049621,2026-07-22T15:14:46.006,3,3,3,0,0
86372.052204,2026-07-22T15:14:46.009,3,3,3,0,0
86372.054712,2026-07-22T15:14:46.011,3,3,3,0,0
86372.057127,2026-07-22T15:14:46.013,3,3,3,0,0
86372.059642,2026-07-22T15:14:46.016,3,3,3,0,0
86372.061834,2026-07-22T15:14:46.018,3,3,3,0,0
86372.064352,2026-07-22T15:14:46.021,3,3,3,0,0
86372.066589,2026-07-22T15:14:46.023,3,3,3,0,0
86372.069094,2026-07-22T15:14:46.025,19,0,3,0,8
86372.071607,2026-07-22T15:14:46.028,19,0,3,0,8
86372.074115,2026-07-22T15:14:46.030,19,0,3,0,8
86372.076630,2026-07-22T15:14:46.033,19,0,3,0,8
86372.079134,2026-07-22T15:14:46.035,19,0,3,0,8
86372.081649,2026-07-22T15:14:46.038,19,0,3,0,8
86372.084140,2026-07-22T15:14:46.040,19,0,3,0,8
86372.086659,2026-07-22T15:14:46.043,19,0,3,0,8
86372.089162,2026-07-22T15:14:46.046,19,0,3,0,8
86372.091664,2026-07-22T15:14:46.048,19,0,3,0,8
86372.093979,2026-07-22T15:14:46.050,19,0,3,0,8
86372.096484,2026-07-22T15:14:46.053,19,0,3,0,8
86372.099100,2026-07-22T15:14:46.055,19,0,3,0,8
86372.101202,2026-07-22T15:14:46.058,19,0,3,0,8
86372.103469,2026-07-22T15:14:46.060,19,0,3,0,8
86372.106056,2026-07-22T15:14:46.062,19,0,3,0,8
86372.108097,2026-07-22T15:14:46.064,19,0,3,0,8
86372.110629,2026-07-22T15:14:46.067,19,0,3,0,8
86372.113337,2026-07-22T15:14:46.069,19,0,3,0,8
86372.115657,2026-07-22T15:14:46.072,19,0,3,0,8
86372.119352,2026-07-22T15:14:46.076,19,0,3,0,8
86372.121398,2026-07-22T15:14:46.078,19,0,3,0,8
86372.123407,2026-07-22T15:14:46.080,19,0,3,0,8
86372.125711,2026-07-22T15:14:46.082,19,0,3,0,8
86372.127758,2026-07-22T15:14:46.084,19,0,3,0,8
86372.129789,2026-07-22T15:14:46.086,19,0,3,0,8
86372.131824,2026-07-22T15:14:46.088,19,0,3,0,8
86372.134342,2026-07-22T15:14:46.091,19,0,3,0,8
86372.136436,2026-07-22T15:14:46.093,19,0,3,0,8
86372.138482,2026-07-22T15:14:46.095,19,0,3,0,8
86372.140509,2026-07-22T15:14:46.097,19,0,3,0,8
86372.142568,2026-07-22T15:14:46.099,19,0,3,0,8
86372.145087,2026-07-22T15:14:46.101,19,0,3,0,8
86372.147217,2026-07-22T15:14:46.104,19,0,3,0,8
86372.149315,2026-07-22T15:14:46.106,19,0,3,0,8
86372.151894,2026-07-22T15:14:46.108,19,0,3,0,8
86372.154461,2026-07-22T15:14:46.111,19,0,3,0,8
86372.157302,2026-07-22T15:14:46.114,19,0,3,0,8
86372.159801,2026-07-22T15:14:46.116,19,0,3,0,8
86372.162505,2026-07-22T15:14:46.119,19,0,3,0,8
86372.164724,2026-07-22T15:14:46.121,19,0,3,0,8
86372.166752,2026-07-22T15:14:46.123,19,0,3,0,8
86372.168781,2026-07-22T15:14:46.125,19,0,3,0,8
86372.171334,2026-07-22T15:14:46.128,19,0,3,0,8
86372.173967,2026-07-22T15:14:46.130,19,0,3,0,8
86372.176003,2026-07-22T15:14:46.132,19,0,3,0,8
86372.178036,2026-07-22T15:14:46.134,19,0,3,0,8
86372.180556,2026-07-22T15:14:46.137,19,0,3,0,8
86372.182861,2026-07-22T15:14:46.139,19,0,3,0,8
86372.184898,2026-07-22T15:14:46.141,19,0,3,0,8
86372.187431,2026-07-22T15:14:46.144,19,0,3,0,8
86372.189980,2026-07-22T15:14:46.146,19,0,3,0,8
86372.192026,2026-07-22T15:14:46.148,19,0,3,0,8
86372.194541,2026-07-22T15:14:46.151,19,0,3,0,8
86372.197059,2026-07-22T15:14:46.153,19,0,3,0,8
86372.199582,2026-07-22T15:14:46.156,19,0,3,0,8
86372.202095,2026-07-22T15:14:46.158,19,0,3,0,8
86372.204620,2026-07-22T15:14:46.161,19,0,3,0,8
86372.206787,2026-07-22T15:14:46.163,19,0,3,0,8
86372.209493,2026-07-22T15:14:46.166,19,0,3,0,8
86372.211518,2026-07-22T15:14:46.168,19,0,3,0,8
86372.213610,2026-07-22T15:14:46.170,19,0,3,0,8
86372.216128,2026-07-22T15:14:46.172,19,0,3,0,8
86372.218143,2026-07-22T15:14:46.174,19,0,3,0,8
86372.220595,2026-07-22T15:14:46.176,19,0,3,0,8
86372.222691,2026-07-22T15:14:46.179,19,0,3,0,8
86372.225207,2026-07-22T15:14:46.182,19,0,3,0,8
86372.227745,2026-07-22T15:14:46.184,19,0,3,0,8
86372.230099,2026-07-22T15:14:46.186,19,0,3,0,8
86372.232135,2026-07-22T15:14:46.188,19,0,3,0,8
86372.234168,2026-07-22T15:14:46.191,19,0,3,0,8
86372.236686,2026-07-22T15:14:46.193,19,0,3,0,8
86372.238723,2026-07-22T15:14:46.195,19,0,3,0,8
86372.241225,2026-07-22T15:14:46.198,19,0,3,0,8
86372.243247,2026-07-22T15:14:46.200,19,0,3,0,8
86372.245279,2026-07-22T15:14:46.202,19,0,3,0,8
86372.247314,2026-07-22T15:14:46.204,19,0,3,0,8
86372.249838,2026-07-22T15:14:46.206,19,0,3,0,8
86372.252380,2026-07-22T15:14:46.209,19,0,3,0,8
86372.255049,2026-07-22T15:14:46.211,19,0,3,0,8
86372.257744,2026-07-22T15:14:46.214,19,0,3,0,8
86372.260258,2026-07-22T15:14:46.217,19,0,3,0,8
86372.262924,2026-07-22T15:14:46.219,19,0,3,0,8
86372.265270,2026-07-22T15:14:46.222,19,0,3,0,8
86372.267849,2026-07-22T15:14:46.224,19,0,3,0,8
86372.270314,2026-07-22T15:14:46.227,19,0,3,0,8
86372.272372,2026-07-22T15:14:46.229,19,0,3,0,8
86372.274424,2026-07-22T15:14:46.231,19,0,3,0,8
86372.276952,2026-07-22T15:14:46.233,19,0,3,0,8
86372.279657,2026-07-22T15:14:46.236,19,0,3,0,8
86372.281926,2026-07-22T15:14:46.238,19,0,3,0,8
86372.283958,2026-07-22T15:14:46.240,19,0,3,0,8
86372.286478,2026-07-22T15:14:46.243,19,0,3,0,8
86372.288996,2026-07-22T15:14:46.245,19,0,3,0,8
86372.291519,2026-07-22T15:14:46.248,19,0,3,0,8
86372.293614,2026-07-22T15:14:46.250,19,0,3,0,8
86372.295811,2026-07-22T15:14:46.252,19,0,3,0,8
86372.297841,2026-07-22T15:14:46.254,19,0,3,0,8
86372.299870,2026-07-22T15:14:46.256,19,0,3,0,8
86372.302390,2026-07-22T15:14:46.259,19,0,3,0,8
86372.304405,2026-07-22T15:14:46.261,19,0,3,0,8
86372.307125,2026-07-22T15:14:46.263,19,0,3,0,8
86372.309163,2026-07-22T15:14:46.266,19,0,3,0,8
86372.311192,2026-07-22T15:14:46.268,19,0,3,0,8
86372.313250,2026-07-22T15:14:46.270,36,2,3,0,3
86372.315732,2026-07-22T15:14:46.272,36,2,3,0,3
86372.318262,2026-07-22T15:14:46.275,36,2,3,0,3
86372.320537,2026-07-22T15:14:46.276,36,2,3,0,3
86372.322647,2026-07-22T15:14:46.279,36,2,3,0,3
86372.325322,2026-07-22T15:14:46.282,36,2,3,0,3
86372.327834,2026-07-22T15:14:46.284,36,2,3,0,3
86372.330193,2026-07-22T15:14:46.287,36,2,3,0,3
86372.332332,2026-07-22T15:14:46.288,36,2,3,0,3
86372.334709,2026-07-22T15:14:46.291,36,2,3,0,3
86372.337220,2026-07-22T15:14:46.294,36,2,3,0,3
86372.339858,2026-07-22T15:14:46.296,36,2,3,0,3
86372.342503,2026-07-22T15:14:46.299,36,2,3,0,3
86372.344530,2026-07-22T15:14:46.301,36,2,3,0,3
86372.346691,2026-07-22T15:14:46.303,36,2,3,0,3
86372.349072,2026-07-22T15:14:46.305,36,2,3,0,3
86372.351104,2026-07-22T15:14:46.307,36,2,3,0,3
86372.353620,2026-07-22T15:14:46.310,36,2,3,0,3
86372.356212,2026-07-22T15:14:46.313,36,2,3,0,3
86372.358678,2026-07-22T15:14:46.315,36,2,3,0,3
86372.360719,2026-07-22T15:14:46.317,36,2,3,0,3
86372.362858,2026-07-22T15:14:46.319,36,2,3,0,3
86372.365058,2026-07-22T15:14:46.321,36,2,3,0,3
86372.367315,2026-07-22T15:14:46.324,36,2,3,0,3
86372.369975,2026-07-22T15:14:46.326,36,2,3,0,3
86372.371998,2026-07-22T15:14:46.328,36,2,3,0,3
86372.374016,2026-07-22T15:14:46.330,36,2,3,0,3
86372.376546,2026-07-22T15:14:46.333,36,2,3,0,3
86372.378857,2026-07-22T15:14:46.335,36,2,3,0,3
86372.381387,2026-07-22T15:14:46.338,36,2,3,0,3
86372.383910,2026-07-22T15:14:46.340,36,2,3,0,3
86372.386063,2026-07-22T15:14:46.342,36,2,3,0,3
86372.388098,2026-07-22T15:14:46.344,36,2,3,0,3
86372.390530,2026-07-22T15:14:46.347,36,2,3,0,3
86372.393074,2026-07-22T15:14:46.349,36,2,3,0,3
86372.395130,2026-07-22T15:14:46.351,36,2,3,0,3
86372.397630,2026-07-22T15:14:46.354,36,2,3,0,3
86372.399993,2026-07-22T15:14:46.356,36,2,3,0,3
86372.402196,2026-07-22T15:14:46.359,36,2,3,0,3
86372.404351,2026-07-22T15:14:46.361,36,2,3,0,3
86372.406871,2026-07-22T15:14:46.363,36,2,3,0,3
86372.409167,2026-07-22T15:14:46.365,36,2,3,0,3
86372.411213,2026-07-22T15:14:46.368,36,2,3,0,3
86372.414545,2026-07-22T15:14:46.370,36,2,3,0,3
86372.416657,2026-07-22T15:14:46.373,36,2,3,0,3
86372.419182,2026-07-22T15:14:46.375,36,2,3,0,3
86372.421702,2026-07-22T15:14:46.378,36,2,3,0,3
86372.423858,2026-07-22T15:14:46.380,36,2,3,0,3
86372.426064,2026-07-22T15:14:46.382,36,2,3,0,3
86372.428496,2026-07-22T15:14:46.385,36,2,3,0,3
86372.430646,2026-07-22T15:14:46.387,36,2,3,0,3
86372.432675,2026-07-22T15:14:46.389,36,2,3,0,3
86372.434696,2026-07-22T15:14:46.391,36,2,3,0,3
86372.437204,2026-07-22T15:14:46.394,36,2,3,0,3
86372.439232,2026-07-22T15:14:46.396,36,2,3,0,3
86372.441704,2026-07-22T15:14:46.398,36,2,3,0,3
86372.444234,2026-07-22T15:14:46.401,36,2,3,0,3
86372.446733,2026-07-22T15:14:46.403,36,2,3,0,3
86372.449233,2026-07-22T15:14:46.406,36,2,3,0,3
86372.451901,2026-07-22T15:14:46.408,36,2,3,0,3
86372.454412,2026-07-22T15:14:46.411,36,2,3,0,3
86372.456995,2026-07-22T15:14:46.413,36,2,3,0,3
86372.459692,2026-07-22T15:14:46.416,36,2,3,0,3
86372.462206,2026-07-22T15:14:46.419,36,2,3,0,3
86372.464425,2026-07-22T15:14:46.421,36,2,3,0,3
86372.466951,2026-07-22T15:14:46.423,36,2,3,0,3
86372.469469,2026-07-22T15:14:46.426,36,2,3,0,3
86372.472039,2026-07-22T15:14:46.428,36,2,3,0,3
86372.474597,2026-07-22T15:14:46.431,36,2,3,0,3
86372.477118,2026-07-22T15:14:46.433,36,2,3,0,3
86372.479612,2026-07-22T15:14:46.436,36,2,3,0,3
86372.482082,2026-07-22T15:14:46.438,36,2,3,0,3
86372.484592,2026-07-22T15:14:46.441,36,2,3,0,3
86372.487259,2026-07-22T15:14:46.444,36,2,3,0,3
86372.489740,2026-07-22T15:14:46.446,36,2,3,0,3
86372.492223,2026-07-22T15:14:46.449,36,2,3,0,3
86372.494741,2026-07-22T15:14:46.451,36,2,3,0,3
86372.497232,2026-07-22T15:14:46.454,36,2,3,0,3
86372.499741,2026-07-22T15:14:46.456,36,2,3,0,3
86372.502105,2026-07-22T15:14:46.458,36,2,3,0,3
86372.504616,2026-07-22T15:14:46.461,36,2,3,0,3
86372.507239,2026-07-22T15:14:46.464,36,2,3,0,3
86372.509781,2026-07-22T15:14:46.466,36,2,3,0,3
86372.511893,2026-07-22T15:14:46.468,36,2,3,0,3
86372.514013,2026-07-22T15:14:46.470,36,2,3,0,3
86372.516399,2026-07-22T15:14:46.473,36,2,3,0,3
86372.519098,2026-07-22T15:14:46.475,36,2,3,0,3
86372.521600,2026-07-22T15:14:46.478,36,2,3,0,3
86372.523842,2026-07-22T15:14:46.480,36,2,3,0,3
86372.526356,2026-07-22T15:14:46.483,36,2,3,0,3
86372.528848,2026-07-22T15:14:46.485,36,2,3,0,3
86372.531417,2026-07-22T15:14:46.488,36,2,3,0,3
86372.533984,2026-07-22T15:14:46.490,36,2,3,0,3
86372.536243,2026-07-22T15:14:46.493,36,2,3,0,3
86372.538259,2026-07-22T15:14:46.495,36,2,3,0,3
86372.540743,2026-07-22T15:14:46.497,36,2,3,0,3
86372.542753,2026-07-22T15:14:46.499,36,2,3,0,3
86372.544786,2026-07-22T15:14:46.501,36,2,3,0,3
86372.546814,2026-07-22T15:14:46.503,36,2,3,0,3
86372.549361,2026-07-22T15:14:46.506,36,2,3,0,3
86372.551915,2026-07-22T15:14:46.508,36,2,3,0,3
86372.554434,2026-07-22T15:14:46.511,36,2,3,0,3
86372.556521,2026-07-22T15:14:46.513,36,2,3,0,3
86372.559102,2026-07-22T15:14:46.515,36,2,3,0,3
86372.561634,2026-07-22T15:14:46.518,36,2,3,0,3
86372.564153,2026-07-22T15:14:46.520,36,2,3,0,3
86372.566703,2026-07-22T15:14:46.523,36,2,3,0,3
86372.569169,2026-07-22T15:14:46.526,36,2,3,0,3
86372.571684,2026-07-22T15:14:46.528,36,2,3,0,3
86372.574103,2026-07-22T15:14:46.530,36,2,3,0,3
86372.576826,2026-07-22T15:14:46.533,36,2,3,0,3
86372.579295,2026-07-22T15:14:46.536,36,2,3,0,3
86372.581742,2026-07-22T15:14:46.538,36,2,3,0,3
86372.583772,2026-07-22T15:14:46.540,36,2,3,0,3
86372.586224,2026-07-22T15:14:46.543,36,2,3,0,3
86372.588736,2026-07-22T15:14:46.545,36,2,3,0,3
86372.591273,2026-07-22T15:14:46.548,36,2,3,0,3
86372.593796,2026-07-22T15:14:46.550,36,2,3,0,3
86372.596344,2026-07-22T15:14:46.553,36,2,3,0,3
86372.598882,2026-07-22T15:14:46.555,36,2,3,0,3
86372.601415,2026-07-22T15:14:46.558,36,2,3,0,3
86372.603940,2026-07-22T15:14:46.560,36,2,3,0,3
86372.605967,2026-07-22T15:14:46.562,36,2,3,0,3
86372.608415,2026-07-22T15:14:46.565,36,2,3,0,3
86372.610933,2026-07-22T15:14:46.567,36,2,3,0,3
86372.613410,2026-07-22T15:14:46.570,36,2,3,0,3
86372.615921,2026-07-22T15:14:46.572,36,2,3,0,3
86372.618298,2026-07-22T15:14:46.575,36,2,3,0,3
86372.620648,2026-07-22T15:14:46.577,36,2,3,0,3
86372.623166,2026-07-22T15:14:46.580,36,2,3,0,3
86372.625520,2026-07-22T15:14:46.582,36,2,3,0,3
86372.628169,2026-07-22T15:14:46.584,36,2,3,0,3
86372.630556,2026-07-22T15:14:46.587,36,2,3,0,3
86372.632574,2026-07-22T15:14:46.589,36,2,3,0,3
86372.634954,2026-07-22T15:14:46.591,36,2,3,0,3
86372.637576,2026-07-22T15:14:46.594,36,2,3,0,3
86372.639610,2026-07-22T15:14:46.596,36,2,3,0,3
86372.642121,2026-07-22T15:14:46.598,36,2,3,0,3
86372.644204,2026-07-22T15:14:46.601,36,2,3,0,3
86372.646729,2026-07-22T15:14:46.603,36,2,3,0,3
86372.649245,2026-07-22T15:14:46.606,36,2,3,0,3
86372.651878,2026-07-22T15:14:46.608,36,2,3,0,3
86372.654445,2026-07-22T15:14:46.611,36,2,3,0,3
86372.656638,2026-07-22T15:14:46.613,36,2,3,0,3
86372.659043,2026-07-22T15:14:46.615,5,0,3,0,5
86372.661086,2026-07-22T15:14:46.617,5,0,3,0,5
86372.663165,2026-07-22T15:14:46.620,5,0,3,0,5
86372.665229,2026-07-22T15:14:46.622,5,0,3,0,5
86372.667560,2026-07-22T15:14:46.624,5,0,3,0,5
86372.669963,2026-07-22T15:14:46.626,5,0,3,0,5
86372.672418,2026-07-22T15:14:46.629,5,0,3,0,5
86372.675024,2026-07-22T15:14:46.631,5,0,3,0,5
86372.677441,2026-07-22T15:14:46.634,5,0,3,0,5
86372.680192,2026-07-22T15:14:46.637,5,0,3,0,5
86372.682856,2026-07-22T15:14:46.639,5,0,3,0,5
86372.685478,2026-07-22T15:14:46.642,5,0,3,0,5
86372.687924,2026-07-22T15:14:46.644,5,0,3,0,5
86372.690397,2026-07-22T15:14:46.647,5,0,3,0,5
86372.692513,2026-07-22T15:14:46.649,5,0,3,0,5
86372.695176,2026-07-22T15:14:46.652,5,0,3,0,5
86372.697628,2026-07-22T15:14:46.654,5,0,3,0,5
86372.700106,2026-07-22T15:14:46.656,5,0,3,0,5
86372.702649,2026-07-22T15:14:46.659,5,0,3,0,5
86372.704667,2026-07-22T15:14:46.661,5,0,3,0,5
86372.707081,2026-07-22T15:14:46.663,5,0,3,0,5
86372.709614,2026-07-22T15:14:46.666,5,0,3,0,5
86372.712218,2026-07-22T15:14:46.669,5,0,3,0,5
86372.714532,2026-07-22T15:14:46.671,5,0,3,0,5
86372.717168,2026-07-22T15:14:46.674,5,0,3,0,5
86372.719862,2026-07-22T15:14:46.676,5,0,3,0,5
86372.722403,2026-07-22T15:14:46.679,5,0,3,0,5
86372.725215,2026-07-22T15:14:46.682,5,0,3,0,5
86372.727693,2026-07-22T15:14:46.684,5,0,3,0,5
86372.730384,2026-07-22T15:14:46.687,5,0,3,0,5
86372.732960,2026-07-22T15:14:46.689,5,0,3,0,5
86372.735631,2026-07-22T15:14:46.692,5,0,3,0,5
86372.738430,2026-07-22T15:14:46.695,5,0,3,0,5
86372.740921,2026-07-22T15:14:46.697,5,0,3,0,5
86372.743420,2026-07-22T15:14:46.700,5,0,3,0,5
86372.745958,2026-07-22T15:14:46.702,5,0,3,0,5
86372.747976,2026-07-22T15:14:46.704,5,0,3,0,5
86372.750007,2026-07-22T15:14:46.706,5,0,3,0,5
86372.752542,2026-07-22T15:14:46.709,5,0,3,0,5
86372.755088,2026-07-22T15:14:46.711,5,0,3,0,5
86372.757520,2026-07-22T15:14:46.714,5,0,3,0,5
86372.760169,2026-07-22T15:14:46.717,5,0,3,0,5
86372.762751,2026-07-22T15:14:46.719,5,0,3,0,5
86372.765056,2026-07-22T15:14:46.721,5,0,3,0,5
86372.767616,2026-07-22T15:14:46.724,5,0,3,0,5
86372.769911,2026-07-22T15:14:46.726,5,0,3,0,5
86372.772540,2026-07-22T15:14:46.729,5,0,3,0,5
86372.775258,2026-07-22T15:14:46.732,5,0,3,0,5
86372.777980,2026-07-22T15:14:46.734,5,0,3,0,5
86372.780540,2026-07-22T15:14:46.737,5,0,3,0,5
86372.783032,2026-07-22T15:14:46.739,5,0,3,0,5
86372.785077,2026-07-22T15:14:46.741,5,0,3,0,5
86372.787568,2026-07-22T15:14:46.744,5,0,3,0,5
86372.790117,2026-07-22T15:14:46.746,5,0,3,0,5
86372.792520,2026-07-22T15:14:46.749,5,0,3,0,5
86372.795132,2026-07-22T15:14:46.751,5,0,3,0,5
86372.797558,2026-07-22T15:14:46.754,5,0,3,0,5
86372.800038,2026-07-22T15:14:46.756,5,0,3,0,5
86372.802668,2026-07-22T15:14:46.759,5,0,3,0,5
86372.805185,2026-07-22T15:14:46.762,5,0,3,0,5
86372.807203,2026-07-22T15:14:46.764,5,0,3,0,5
86372.809685,2026-07-22T15:14:46.766,5,0,3,0,5
86372.812144,2026-07-22T15:14:46.768,5,0,3,0,5
86372.814280,2026-07-22T15:14:46.771,5,0,3,0,5
86372.816950,2026-07-22T15:14:46.773,5,0,3,0,5
86372.819434,2026-07-22T15:14:46.776,5,0,3,0,5
86372.822672,2026-07-22T15:14:46.779,5,0,3,0,5
86372.824937,2026-07-22T15:14:46.781,5,0,3,0,5
86372.827509,2026-07-22T15:14:46.784,5,0,3,0,5
86372.830079,2026-07-22T15:14:46.786,5,0,3,0,5
86372.832530,2026-07-22T15:14:46.789,5,0,3,0,5
86372.835000,2026-07-22T15:14:46.791,5,0,3,0,5
86372.837501,2026-07-22T15:14:46.794,5,0,3,0,5
86372.839938,2026-07-22T15:14:46.796,5,0,3,0,5
86372.842409,2026-07-22T15:14:46.799,5,0,3,0,5
86372.844938,2026-07-22T15:14:46.801,5,0,3,0,5
86372.847458,2026-07-22T15:14:46.804,5,0,3,0,5
86372.849966,2026-07-22T15:14:46.806,5,0,3,0,5
86372.852425,2026-07-22T15:14:46.809,5,0,3,0,5
86372.854900,2026-07-22T15:14:46.811,5,0,3,0,5
86372.857367,2026-07-22T15:14:46.814,5,0,3,0,5
86372.859965,2026-07-22T15:14:46.816,5,0,3,0,5
86372.862508,2026-07-22T15:14:46.819,5,0,3,0,5
86372.864943,2026-07-22T15:14:46.821,5,0,3,0,5
86372.867129,2026-07-22T15:14:46.823,5,0,3,0,5
86372.869743,2026-07-22T15:14:46.826,5,0,3,0,5
86372.872206,2026-07-22T15:14:46.829,5,0,3,0,5
86372.874564,2026-07-22T15:14:46.831,5,0,3,0,5
86372.877175,2026-07-22T15:14:46.834,5,0,3,0,5
86372.879589,2026-07-22T15:14:46.836,5,0,3,0,5
86372.882079,2026-07-22T15:14:46.838,5,0,3,0,5
86372.884648,2026-07-22T15:14:46.841,5,0,3,0,5
86372.886680,2026-07-22T15:14:46.843,5,0,3,0,5
86372.889349,2026-07-22T15:14:46.846,5,0,3,0,5
86372.891975,2026-07-22T15:14:46.848,5,0,3,0,5
86372.894574,2026-07-22T15:14:46.851,5,0,3,0,5
86372.897204,2026-07-22T15:14:46.854,5,0,3,0,5
86372.899960,2026-07-22T15:14:46.856,5,0,3,0,5
86372.902559,2026-07-22T15:14:46.859,3,3,3,0,0
86372.905154,2026-07-22T15:14:46.861,3,3,3,0,0
86372.907187,2026-07-22T15:14:46.864,3,3,3,0,0
86372.909742,2026-07-22T15:14:46.866,3,3,3,0,0
86372.912350,2026-07-22T15:14:46.869,3,3,3,0,0
86372.914432,2026-07-22T15:14:46.871,3,3,3,0,0
86372.917148,2026-07-22T15:14:46.873,3,3,3,0,0
86372.919596,2026-07-22T15:14:46.876,3,3,3,0,0
86372.922204,2026-07-22T15:14:46.879,3,3,3,0,0
86372.925020,2026-07-22T15:14:46.881,3,3,3,0,0
86372.927754,2026-07-22T15:14:46.884,3,3,3,0,0
86372.930503,2026-07-22T15:14:46.887,3,3,3,0,0
86372.933177,2026-07-22T15:14:46.890,3,3,3,0,0
86372.935795,2026-07-22T15:14:46.892,3,3,3,0,0
86372.938361,2026-07-22T15:14:46.895,3,3,3,0,0
86372.940986,2026-07-22T15:14:46.897,3,3,3,0,0
86372.943459,2026-07-22T15:14:46.900,3,3,3,0,0
86372.946143,2026-07-22T15:14:46.902,3,3,3,0,0
86372.948172,2026-07-22T15:14:46.905,3,3,3,0,0
86372.950674,2026-07-22T15:14:46.907,3,3,3,0,0
86372.953387,2026-07-22T15:14:46.910,3,3,3,0,0
86372.955926,2026-07-22T15:14:46.912,3,3,3,0,0
86372.958292,2026-07-22T15:14:46.915,3,3,3,0,0
86372.960709,2026-07-22T15:14:46.917,3,3,3,0,0
86372.963370,2026-07-22T15:14:46.920,3,3,3,0,0
86372.965924,2026-07-22T15:14:46.922,3,3,3,0,0
86372.968594,2026-07-22T15:14:46.925,3,3,3,0,0
86372.971192,2026-07-22T15:14:46.928,3,3,3,0,0
86372.973912,2026-07-22T15:14:46.930,3,3,3,0,0
86372.976634,2026-07-22T15:14:46.933,3,3,3,0,0
86372.979184,2026-07-22T15:14:46.936,3,3,3,0,0
86372.981680,2026-07-22T15:14:46.938,3,3,3,0,0
86372.984052,2026-07-22T15:14:46.940,3,3,3,0,0
86372.986696,2026-07-22T15:14:46.943,3,3,3,0,0
86372.989160,2026-07-22T15:14:46.946,3,3,3,0,0
86372.991634,2026-07-22T15:14:46.948,3,3,3,0,0
86372.994397,2026-07-22T15:14:46.951,3,3,3,0,0
86372.996869,2026-07-22T15:14:46.953,3,3,3,0,0
86372.999387,2026-07-22T15:14:46.956,3,3,3,0,0
86373.001815,2026-07-22T15:14:46.958,3,3,3,0,0
86373.004489,2026-07-22T15:14:46.961,3,3,3,0,0
86373.007018,2026-07-22T15:14:46.963,3,3,3,0,0
86373.009537,2026-07-22T15:14:46.966,3,3,3,0,0
86373.012039,2026-07-22T15:14:46.968,3,3,3,0,0
86373.014137,2026-07-22T15:14:46.970,3,3,3,0,0
86373.016635,2026-07-22T15:14:46.973,3,3,3,0,0
86373.018965,2026-07-22T15:14:46.975,3,3,3,0,0
86373.021604,2026-07-22T15:14:46.978,3,3,3,0,0
86373.023748,2026-07-22T15:14:46.980,3,3,3,0,0
86373.026395,2026-07-22T15:14:46.983,3,3,3,0,0
86373.029102,2026-07-22T15:14:46.985,3,3,3,0,0
86373.031656,2026-07-22T15:14:46.988,3,3,3,0,0
86373.034218,2026-07-22T15:14:46.991,3,3,3,0,0
86373.036866,2026-07-22T15:14:46.993,3,3,3,0,0
86373.039618,2026-07-22T15:14:46.996,3,3,3,0,0
86373.042384,2026-07-22T15:14:46.999,3,3,3,0,0
86373.044732,2026-07-22T15:14:47.001,3,3,3,0,0
86373.046743,2026-07-22T15:14:47.003,3,3,3,0,0
86373.048774,2026-07-22T15:14:47.005,3,3,3,0,0
86373.051483,2026-07-22T15:14:47.008,3,3,3,0,0
86373.054010,2026-07-22T15:14:47.010,3,3,3,0,0
86373.056691,2026-07-22T15:14:47.013,3,3,3,0,0
86373.059212,2026-07-22T15:14:47.016,3,3,3,0,0
86373.061764,2026-07-22T15:14:47.018,3,3,3,0,0
86373.064132,2026-07-22T15:14:47.020,3,3,3,0,0
86373.066525,2026-07-22T15:14:47.023,3,3,3,0,0
86373.068635,2026-07-22T15:14:47.025,3,3,3,0,0
86373.070988,2026-07-22T15:14:47.027,3,3,3,0,0
86373.073536,2026-07-22T15:14:47.030,3,3,3,0,0
86373.076258,2026-07-22T15:14:47.033,3,3,3,0,0
86373.079057,2026-07-22T15:14:47.035,3,3,3,0,0
86373.081559,2026-07-22T15:14:47.038,3,3,3,0,0
86373.084151,2026-07-22T15:14:47.040,3,3,3,0,0
86373.086754,2026-07-22T15:14:47.043,3,3,3,0,0
86373.089261,2026-07-22T15:14:47.046,3,3,3,0,0
86373.091729,2026-07-22T15:14:47.048,3,3,3,0,0
86373.094210,2026-07-22T15:14:47.051,3,3,3,0,0
86373.096954,2026-07-22T15:14:47.053,3,3,3,0,0
86373.099586,2026-07-22T15:14:47.056,3,3,3,0,0
86373.102060,2026-07-22T15:14:47.058,3,3,3,0,0
86373.104534,2026-07-22T15:14:47.061,3,3,3,0,0
86373.107330,2026-07-22T15:14:47.064,3,3,3,0,0
86373.109754,2026-07-22T15:14:47.066,3,3,3,0,0
86373.112203,2026-07-22T15:14:47.069,3,3,3,0,0
86373.114298,2026-07-22T15:14:47.071,3,3,3,0,0
86373.116679,2026-07-22T15:14:47.073,3,3,3,0,0
86373.119460,2026-07-22T15:14:47.076,3,3,3,0,0
86373.121915,2026-07-22T15:14:47.078,3,3,3,0,0
86373.124257,2026-07-22T15:14:47.080,3,3,3,0,0
86373.126656,2026-07-22T15:14:47.083,3,3,3,0,0
86373.129115,2026-07-22T15:14:47.085,3,3,3,0,0
86373.131712,2026-07-22T15:14:47.088,3,3,3,0,0
86373.134118,2026-07-22T15:14:47.090,3,3,3,0,0
86373.136671,2026-07-22T15:14:47.093,3,3,3,0,0
86373.139209,2026-07-22T15:14:47.096,3,3,3,0,0
86373.141684,2026-07-22T15:14:47.098,3,3,3,0,0
86373.144009,2026-07-22T15:14:47.100,3,3,3,0,0
86373.146647,2026-07-22T15:14:47.103,3,3,3,0,0
86373.148822,2026-07-22T15:14:47.105,3,3,3,0,0
86373.151429,2026-07-22T15:14:47.108,3,3,3,0,0
86373.154081,2026-07-22T15:14:47.110,3,3,3,0,0
86373.156722,2026-07-22T15:14:47.113,3,3,3,0,0
86373.159232,2026-07-22T15:14:47.116,3,3,3,0,0
86373.161780,2026-07-22T15:14:47.118,3,3,3,0,0
86373.163999,2026-07-22T15:14:47.120,3,3,3,0,0
86373.166725,2026-07-22T15:14:47.123,3,3,3,0,0
86373.169456,2026-07-22T15:14:47.126,3,3,3,0,0
86373.172108,2026-07-22T15:14:47.128,3,3,3,0,0
86373.174956,2026-07-22T15:14:47.131,3,3,3,0,0
86373.177600,2026-07-22T15:14:47.134,3,3,3,0,0
86373.180375,2026-07-22T15:14:47.137,3,3,3,0,0
86373.182925,2026-07-22T15:14:47.139,3,3,3,0,0
86373.185389,2026-07-22T15:14:47.142,3,3,3,0,0
86373.187924,2026-07-22T15:14:47.144,3,3,3,0,0
86373.190475,2026-07-22T15:14:47.147,3,3,3,0,0
86373.193054,2026-07-22T15:14:47.149,3,3,3,0,0
86373.195839,2026-07-22T15:14:47.152,3,3,3,0,0
86373.198293,2026-07-22T15:14:47.155,3,3,3,0,0
86373.200755,2026-07-22T15:14:47.157,3,3,3,0,0
86373.203206,2026-07-22T15:14:47.160,3,3,3,0,0
86373.205838,2026-07-22T15:14:47.162,3,3,3,0,0
86373.208577,2026-07-22T15:14:47.165,3,3,3,0,0
86373.211346,2026-07-22T15:14:47.168,3,3,3,0,0
86373.213648,2026-07-22T15:14:47.170,3,3,3,0,0
86373.216383,2026-07-22T15:14:47.173,3,3,3,0,0
86373.219103,2026-07-22T15:14:47.175,3,3,3,0,0
86373.221617,2026-07-22T15:14:47.178,3,3,3,0,0
86373.224433,2026-07-22T15:14:47.180,3,3,3,0,0
86373.226923,2026-07-22T15:14:47.183,3,3,3,0,0
86373.229527,2026-07-22T15:14:47.186,3,3,3,0,0
86373.231939,2026-07-22T15:14:47.188,3,3,3,0,0
86373.234342,2026-07-22T15:14:47.191,3,3,3,0,0
86373.236758,2026-07-22T15:14:47.193,3,3,3,0,0
86373.239396,2026-07-22T15:14:47.196,3,3,3,0,0
86373.241899,2026-07-22T15:14:47.198,3,3,3,0,0
86373.244508,2026-07-22T15:14:47.201,3,3,3,0,0
86373.247046,2026-07-22T15:14:47.203,3,3,3,0,0
86373.249512,2026-07-22T15:14:47.206,3,3,3,0,0
86373.252082,2026-07-22T15:14:47.208,3,3,3,0,0
86373.254769,2026-07-22T15:14:47.211,3,3,3,0,0
86373.257256,2026-07-22T15:14:47.214,3,3,3,0,0
86373.259946,2026-07-22T15:14:47.216,3,3,3,0,0
86373.262392,2026-07-22T15:14:47.219,3,3,3,0,0
86373.264523,2026-07-22T15:14:47.221,3,3,3,0,0
86373.267042,2026-07-22T15:14:47.223,3,3,3,0,0
86373.269670,2026-07-22T15:14:47.226,3,3,3,0,0
86373.272223,2026-07-22T15:14:47.229,3,3,3,0,0
86373.274770,2026-07-22T15:14:47.231,3,3,3,0,0
86373.277424,2026-07-22T15:14:47.234,3,3,3,0,0
86373.279916,2026-07-22T15:14:47.236,3,3,3,0,0
86373.282351,2026-07-22T15:14:47.239,3,3,3,0,0
86373.284839,2026-07-22T15:14:47.241,3,3,3,0,0
86373.287378,2026-07-22T15:14:47.244,3,3,3,0,0
86373.289823,2026-07-22T15:14:47.246,3,3,3,0,0
86373.292346,2026-07-22T15:14:47.249,3,3,3,0,0
86373.294963,2026-07-22T15:14:47.251,3,3,3,0,0
86373.297385,2026-07-22T15:14:47.254,3,3,3,0,0
86373.299929,2026-07-22T15:14:47.256,3,3,3,0,0
86373.302429,2026-07-22T15:14:47.259,3,3,3,0,0
86373.304479,2026-07-22T15:14:47.261,3,3,3,0,0
86373.306540,2026-07-22T15:14:47.263,3,3,3,0,0
86373.308595,2026-07-22T15:14:47.265,3,3,3,0,0
86373.310651,2026-07-22T15:14:47.267,3,3,3,0,0
86373.312818,2026-07-22T15:14:47.269,3,3,3,0,0
86373.315278,2026-07-22T15:14:47.272,3,3,3,0,0
86373.317791,2026-07-22T15:14:47.274,3,3,3,0,0
86373.319820,2026-07-22T15:14:47.276,3,3,3,0,0
86373.321873,2026-07-22T15:14:47.278,3,3,3,0,0
86373.326051,2026-07-22T15:14:47.282,3,3,3,0,0
86373.328526,2026-07-22T15:14:47.285,3,3,3,0,0
86373.330617,2026-07-22T15:14:47.287,3,3,3,0,0
86373.332653,2026-07-22T15:14:47.289,3,3,3,0,0
86373.334674,2026-07-22T15:14:47.291,3,3,3,0,0
86373.337201,2026-07-22T15:14:47.294,3,3,3,0,0
86373.339701,2026-07-22T15:14:47.296,3,3,3,0,0
86373.341725,2026-07-22T15:14:47.298,3,3,3,0,0
86373.344305,2026-07-22T15:14:47.301,3,3,3,0,0
86373.346779,2026-07-22T15:14:47.303,3,3,3,0,0
86373.349125,2026-07-22T15:14:47.305,3,3,3,0,0
86373.351200,2026-07-22T15:14:47.308,3,3,3,0,0
86373.353963,2026-07-22T15:14:47.310,3,3,3,0,0
86373.356591,2026-07-22T15:14:47.313,3,3,3,0,0
86373.359201,2026-07-22T15:14:47.316,3,3,3,0,0
86373.361772,2026-07-22T15:14:47.318,3,3,3,0,0
86373.364251,2026-07-22T15:14:47.321,3,3,3,0,0
86373.366748,2026-07-22T15:14:47.323,3,3,3,0,0
86373.369356,2026-07-22T15:14:47.326,3,3,3,0,0
86373.372111,2026-07-22T15:14:47.328,3,3,3,0,0
86373.374768,2026-07-22T15:14:47.331,3,3,3,0,0
86373.376778,2026-07-22T15:14:47.333,3,3,3,0,0
86373.379144,2026-07-22T15:14:47.335,3,3,3,0,0
86373.381650,2026-07-22T15:14:47.338,3,3,3,0,0
86373.384117,2026-07-22T15:14:47.340,3,3,3,0,0
86373.386739,2026-07-22T15:14:47.343,3,3,3,0,0
86373.389181,2026-07-22T15:14:47.346,3,3,3,0,0
86373.391843,2026-07-22T15:14:47.348,3,3,3,0,0
86373.394608,2026-07-22T15:14:47.351,3,3,3,0,0
86373.397179,2026-07-22T15:14:47.354,3,3,3,0,0
86373.399759,2026-07-22T15:14:47.356,3,3,3,0,0
86373.402219,2026-07-22T15:14:47.359,3,3,3,0,0
86373.404808,2026-07-22T15:14:47.361,3,3,3,0,0
86373.407333,2026-07-22T15:14:47.364,3,3,3,0,0
86373.409874,2026-07-22T15:14:47.366,3,3,3,0,0
86373.412529,2026-07-22T15:14:47.369,3,3,3,0,0
86373.414908,2026-07-22T15:14:47.371,3,3,3,0,0
86373.417313,2026-07-22T15:14:47.374,3,3,3,0,0
86373.419827,2026-07-22T15:14:47.376,3,3,3,0,0
86373.422545,2026-07-22T15:14:47.379,3,3,3,0,0
86373.425097,2026-07-22T15:14:47.381,3,3,3,0,0
86373.427825,2026-07-22T15:14:47.384,3,3,3,0,0
86373.430349,2026-07-22T15:14:47.387,3,3,3,0,0
86373.432867,2026-07-22T15:14:47.389,3,3,3,0,0
86373.435385,2026-07-22T15:14:47.392,3,3,3,0,0
86373.438086,2026-07-22T15:14:47.394,3,3,3,0,0
86373.440696,2026-07-22T15:14:47.397,3,3,3,0,0
86373.443134,2026-07-22T15:14:47.399,3,3,3,0,0
86373.445154,2026-07-22T15:14:47.402,3,3,3,0,0
86373.447190,2026-07-22T15:14:47.404,3,3,3,0,0
86373.449663,2026-07-22T15:14:47.406,3,3,3,0,0
86373.452179,2026-07-22T15:14:47.409,3,3,3,0,0
86373.454845,2026-07-22T15:14:47.411,3,3,3,0,0
86373.457357,2026-07-22T15:14:47.414,3,3,3,0,0
86373.459402,2026-07-22T15:14:47.416,3,3,3,0,0
86373.461883,2026-07-22T15:14:47.418,3,3,3,0,0
86373.464320,2026-07-22T15:14:47.421,3,3,3,0,0
86373.466986,2026-07-22T15:14:47.423,3,3,3,0,0
86373.469515,2026-07-22T15:14:47.426,3,3,3,0,0
86373.472030,2026-07-22T15:14:47.428,3,3,3,0,0
86373.474498,2026-07-22T15:14:47.431,3,3,3,0,0
86373.476814,2026-07-22T15:14:47.433,3,3,3,0,0
86373.479196,2026-07-22T15:14:47.436,3,3,3,0,0
86373.481231,2026-07-22T15:14:47.438,3,3,3,0,0
86373.483901,2026-07-22T15:14:47.440,3,3,3,0,0
86373.485946,2026-07-22T15:14:47.442,3,3,3,0,0
86373.488368,2026-07-22T15:14:47.445,3,3,3,0,0
86373.490900,2026-07-22T15:14:47.447,3,3,3,0,0
86373.493496,2026-07-22T15:14:47.450,3,3,3,0,0
86373.496108,2026-07-22T15:14:47.452,3,3,3,0,0
86373.498168,2026-07-22T15:14:47.455,3,3,3,0,0
86373.500657,2026-07-22T15:14:47.457,3,3,3,0,0
86373.502719,2026-07-22T15:14:47.459,3,3,3,0,0
86373.505133,2026-07-22T15:14:47.461,3,3,3,0,0
86373.507666,2026-07-22T15:14:47.464,3,3,3,0,0
86373.510220,2026-07-22T15:14:47.467,3,3,3,0,0
86373.512714,2026-07-22T15:14:47.469,3,3,3,0,0
86373.514927,2026-07-22T15:14:47.471,3,3,3,0,0
86373.516939,2026-07-22T15:14:47.473,3,3,3,0,0
86373.518968,2026-07-22T15:14:47.475,3,3,3,0,0
86373.521574,2026-07-22T15:14:47.478,3,3,3,0,0
86373.523698,2026-07-22T15:14:47.480,3,3,3,0,0
86373.526139,2026-07-22T15:14:47.482,3,3,3,0,0
86373.528258,2026-07-22T15:14:47.485,3,3,3,0,0
86373.530772,2026-07-22T15:14:47.487,3,3,3,0,0
86373.533432,2026-07-22T15:14:47.490,3,3,3,0,0
86373.535987,2026-07-22T15:14:47.492,3,3,3,0,0
86373.538285,2026-07-22T15:14:47.495,3,3,3,0,0
86373.540892,2026-07-22T15:14:47.497,3,3,3,0,0
86373.542919,2026-07-22T15:14:47.499,3,3,3,0,0
86373.545469,2026-07-22T15:14:47.502,3,3,3,0,0
86373.547940,2026-07-22T15:14:47.504,3,3,3,0,0
86373.550421,2026-07-22T15:14:47.507,3,3,3,0,0
86373.552943,2026-07-22T15:14:47.509,3,3,3,0,0
86373.555445,2026-07-22T15:14:47.512,3,3,3,0,0
86373.557880,2026-07-22T15:14:47.514,3,3,3,0,0
86373.560340,2026-07-22T15:14:47.517,3,3,3,0,0
86373.562829,2026-07-22T15:14:47.519,3,3,3,0,0
86373.564859,2026-07-22T15:14:47.521,3,3,3,0,0
86373.567041,2026-07-22T15:14:47.523,3,3,3,0,0
86373.569553,2026-07-22T15:14:47.526,3,3,3,0,0
86373.572241,2026-07-22T15:14:47.529,3,3,3,0,0
86373.574935,2026-07-22T15:14:47.531,3,3,3,0,0
86373.577091,2026-07-22T15:14:47.533,3,3,3,0,0
86373.579782,2026-07-22T15:14:47.536,3,3,3,0,0
86373.581811,2026-07-22T15:14:47.538,3,3,3,0,0
86373.584185,2026-07-22T15:14:47.541,3,3,3,0,0
86373.586705,2026-07-22T15:14:47.543,3,3,3,0,0
86373.589354,2026-07-22T15:14:47.546,3,3,3,0,0
86373.591863,2026-07-22T15:14:47.548,3,3,3,0,0
86373.593932,2026-07-22T15:14:47.550,3,3,3,0,0
86373.596415,2026-07-22T15:14:47.553,3,3,3,0,0
86373.598940,2026-07-22T15:14:47.555,3,3,3,0,0
86373.601447,2026-07-22T15:14:47.558,3,3,3,0,0
86373.603474,2026-07-22T15:14:47.560,3,3,3,0,0
86373.606014,2026-07-22T15:14:47.562,3,3,3,0,0
86373.608633,2026-07-22T15:14:47.565,3,3,3,0,0
86373.611177,2026-07-22T15:14:47.568,3,3,3,0,0
86373.613442,2026-07-22T15:14:47.570,3,3,3,0,0
86373.615966,2026-07-22T15:14:47.572,3,3,3,0,0
86373.618476,2026-07-22T15:14:47.575,3,3,3,0,0
86373.620510,2026-07-22T15:14:47.577,3,3,3,0,0
86373.622555,2026-07-22T15:14:47.579,3,3,3,0,0
86373.625165,2026-07-22T15:14:47.582,3,3,3,0,0
86373.627198,2026-07-22T15:14:47.584,3,3,3,0,0
86373.629886,2026-07-22T15:14:47.586,3,3,3,0,0
86373.632400,2026-07-22T15:14:47.589,3,3,3,0,0
86373.634873,2026-07-22T15:14:47.591,3,3,3,0,0
86373.637391,2026-07-22T15:14:47.594,3,3,3,0,0
86373.640073,2026-07-22T15:14:47.596,3,3,3,0,0
86373.642523,2026-07-22T15:14:47.599,3,3,3,0,0
86373.645016,2026-07-22T15:14:47.601,3,3,3,0,0
86373.647523,2026-07-22T15:14:47.604,3,3,3,0,0
86373.650032,2026-07-22T15:14:47.606,3,3,3,0,0
86373.652502,2026-07-22T15:14:47.609,3,3,3,0,0
86373.655017,2026-07-22T15:14:47.611,3,3,3,0,0
86373.657521,2026-07-22T15:14:47.614,3,3,3,0,0
86373.660045,2026-07-22T15:14:47.616,3,3,3,0,0
86373.662558,2026-07-22T15:14:47.619,3,3,3,0,0
86373.665070,2026-07-22T15:14:47.621,3,3,3,0,0
86373.667733,2026-07-22T15:14:47.624,3,3,3,0,0
86373.669763,2026-07-22T15:14:47.626,3,3,3,0,0
86373.672482,2026-07-22T15:14:47.629,3,3,3,0,0
86373.675125,2026-07-22T15:14:47.631,3,3,3,0,0
86373.677937,2026-07-22T15:14:47.634,3,3,3,0,0
86373.680546,2026-07-22T15:14:47.637,3,3,3,0,0
86373.683471,2026-07-22T15:14:47.640,3,3,3,0,0
86373.686084,2026-07-22T15:14:47.642,3,3,3,0,0
86373.688679,2026-07-22T15:14:47.645,3,3,3,0,0
86373.691088,2026-07-22T15:14:47.647,3,3,3,0,0
86373.693618,2026-07-22T15:14:47.650,3,3,3,0,0
86373.696126,2026-07-22T15:14:47.652,3,3,3,0,0
86373.698150,2026-07-22T15:14:47.655,3,3,3,0,0
86373.700697,2026-07-22T15:14:47.657,3,3,3,0,0
86373.703184,2026-07-22T15:14:47.660,3,3,3,0,0
86373.705254,2026-07-22T15:14:47.662,3,3,3,0,0
86373.707718,2026-07-22T15:14:47.664,3,3,3,0,0
86373.709757,2026-07-22T15:14:47.666,3,3,3,0,0
86373.712148,2026-07-22T15:14:47.669,3,3,3,0,0
86373.714684,2026-07-22T15:14:47.671,3,3,3,0,0
86373.717379,2026-07-22T15:14:47.674,3,3,3,0,0
86373.720026,2026-07-22T15:14:47.676,3,3,3,0,0
86373.722674,2026-07-22T15:14:47.679,3,3,3,0,0
86373.724711,2026-07-22T15:14:47.681,3,3,3,0,0
86373.727203,2026-07-22T15:14:47.684,3,3,3,0,44
86373.730306,2026-07-22T15:14:47.686,36,0,3,0,44
86373.732726,2026-07-22T15:14:47.689,36,0,3,0,44
86373.735394,2026-07-22T15:14:47.692,36,0,3,0,44
86373.737857,2026-07-22T15:14:47.694,36,0,3,0,44
86373.739870,2026-07-22T15:14:47.696,36,0,3,0,44
86373.741883,2026-07-22T15:14:47.698,36,0,3,0,44
86373.743917,2026-07-22T15:14:47.700,36,0,3,0,44
86373.746447,2026-07-22T15:14:47.703,36,0,3,0,44
86373.748473,2026-07-22T15:14:47.705,36,0,3,0,44
86373.750681,2026-07-22T15:14:47.707,36,0,3,0,44
86373.753150,2026-07-22T15:14:47.710,36,0,3,0,44
86373.755182,2026-07-22T15:14:47.712,36,0,3,0,44
86373.757208,2026-07-22T15:14:47.714,36,0,3,0,44
86373.759255,2026-07-22T15:14:47.716,36,0,3,0,44
86373.761289,2026-07-22T15:14:47.718,36,0,3,0,44
86373.763324,2026-07-22T15:14:47.720,36,0,3,0,44
86373.765748,2026-07-22T15:14:47.722,36,0,3,0,44
86373.767822,2026-07-22T15:14:47.724,36,0,3,0,44
86373.770358,2026-07-22T15:14:47.727,36,0,3,0,44
86373.772869,2026-07-22T15:14:47.729,36,0,3,0,44
86373.775095,2026-07-22T15:14:47.731,36,0,3,0,44
86373.777133,2026-07-22T15:14:47.733,36,0,3,0,44
86373.779161,2026-07-22T15:14:47.736,36,0,3,0,44
86373.781696,2026-07-22T15:14:47.738,36,0,3,0,44
86373.784265,2026-07-22T15:14:47.741,36,0,3,0,44
86373.786371,2026-07-22T15:14:47.743,36,0,3,0,44
86373.788624,2026-07-22T15:14:47.745,36,0,3,0,44
86373.790930,2026-07-22T15:14:47.747,36,0,3,0,44
86373.793445,2026-07-22T15:14:47.750,36,0,3,0,44
86373.795475,2026-07-22T15:14:47.752,36,0,3,0,44
86373.797554,2026-07-22T15:14:47.754,36,0,3,0,44
86373.800058,2026-07-22T15:14:47.756,36,0,3,0,44
86373.802569,2026-07-22T15:14:47.759,36,0,3,0,44
86373.805077,2026-07-22T15:14:47.761,36,0,3,0,44
86373.807589,2026-07-22T15:14:47.764,36,0,3,0,44
86373.810098,2026-07-22T15:14:47.766,36,0,3,0,44
86373.812628,2026-07-22T15:14:47.769,36,0,3,0,44
86373.815112,2026-07-22T15:14:47.771,36,0,3,0,44
86373.817238,2026-07-22T15:14:47.774,36,0,3,0,44
86373.819746,2026-07-22T15:14:47.776,36,0,3,0,44
86373.822240,2026-07-22T15:14:47.779,36,0,3,0,44
86373.824756,2026-07-22T15:14:47.781,36,0,3,0,44
86373.827253,2026-07-22T15:14:47.784,36,0,3,0,44
86373.829788,2026-07-22T15:14:47.786,36,0,3,0,44
86373.832275,2026-07-22T15:14:47.789,36,0,3,0,44
86373.834785,2026-07-22T15:14:47.791,36,0,3,0,44
86373.837278,2026-07-22T15:14:47.794,36,0,3,0,44
86373.839791,2026-07-22T15:14:47.796,36,0,3,0,44
86373.842298,2026-07-22T15:14:47.799,36,0,3,0,44
86373.844795,2026-07-22T15:14:47.801,36,0,3,0,44
86373.847304,2026-07-22T15:14:47.804,36,0,3,0,44
86373.849819,2026-07-22T15:14:47.806,36,0,3,0,44
86373.852325,2026-07-22T15:14:47.809,36,0,3,0,44
86373.854818,2026-07-22T15:14:47.811,36,0,3,0,44
86373.857333,2026-07-22T15:14:47.814,36,0,3,0,44
86373.859929,2026-07-22T15:14:47.816,36,0,3,0,44
86373.862472,2026-07-22T15:14:47.819,36,0,3,0,44
86373.864506,2026-07-22T15:14:47.821,36,0,3,0,44
86373.866529,2026-07-22T15:14:47.823,36,0,3,0,44
86373.869044,2026-07-22T15:14:47.825,36,0,3,0,44
86373.871565,2026-07-22T15:14:47.828,36,0,3,0,44
86373.873599,2026-07-22T15:14:47.830,36,0,3,0,44
86373.875652,2026-07-22T15:14:47.832,36,0,3,0,44
86373.878087,2026-07-22T15:14:47.834,36,0,3,0,44
86373.880621,2026-07-22T15:14:47.837,36,0,3,0,44
86373.883214,2026-07-22T15:14:47.840,36,0,3,0,44
86373.885244,2026-07-22T15:14:47.842,36,0,3,0,44
86373.887276,2026-07-22T15:14:47.844,36,0,3,0,44
86373.889289,2026-07-22T15:14:47.846,36,0,3,0,44
86373.891556,2026-07-22T15:14:47.848,36,0,3,0,44
86373.894161,2026-07-22T15:14:47.851,36,0,3,0,44
86373.896196,2026-07-22T15:14:47.853,36,0,3,0,44
86373.898235,2026-07-22T15:14:47.855,36,0,3,0,44
86373.900755,2026-07-22T15:14:47.857,36,0,3,0,44
86373.902770,2026-07-22T15:14:47.859,36,0,3,0,44
86373.904796,2026-07-22T15:14:47.861,36,0,3,0,44
86373.906865,2026-07-22T15:14:47.863,36,0,3,0,44
86373.909383,2026-07-22T15:14:47.866,36,0,3,0,44
86373.911910,2026-07-22T15:14:47.868,36,0,3,0,44
86373.913979,2026-07-22T15:14:47.870,36,0,3,0,44
86373.916398,2026-07-22T15:14:47.873,36,0,3,0,44
86373.918681,2026-07-22T15:14:47.875,36,0,3,0,44
86373.921364,2026-07-22T15:14:47.878,36,0,3,0,44
86373.923465,2026-07-22T15:14:47.880,36,0,3,0,44
86373.926124,2026-07-22T15:14:47.882,36,0,3,0,44
86373.928500,2026-07-22T15:14:47.885,36,0,3,0,44
86373.930903,2026-07-22T15:14:47.887,36,0,3,0,44
86373.932948,2026-07-22T15:14:47.889,36,0,3,0,44
86373.935461,2026-07-22T15:14:47.892,36,0,3,0,44
86373.938129,2026-07-22T15:14:47.894,36,0,3,0,44
86373.940625,2026-07-22T15:14:47.897,36,0,3,0,44
86373.942653,2026-07-22T15:14:47.899,36,0,3,0,44
86373.944763,2026-07-22T15:14:47.901,36,0,3,0,44
86373.947674,2026-07-22T15:14:47.904,36,0,3,0,44
86373.950159,2026-07-22T15:14:47.907,36,0,3,0,44
86373.952663,2026-07-22T15:14:47.909,36,0,3,0,44
86373.954689,2026-07-22T15:14:47.911,36,0,3,0,44
86373.957216,2026-07-22T15:14:47.914,36,0,3,0,44
86373.959243,2026-07-22T15:14:47.916,36,0,3,0,44
86373.961280,2026-07-22T15:14:47.918,36,0,3,0,44
86373.963315,2026-07-22T15:14:47.920,36,0,3,0,44
86373.965825,2026-07-22T15:14:47.922,36,0,3,0,44
86373.968332,2026-07-22T15:14:47.925,36,0,3,0,44
86373.970360,2026-07-22T15:14:47.927,36,0,3,0,44
86373.972390,2026-07-22T15:14:47.929,36,0,3,0,5
86373.974417,2026-07-22T15:14:47.931,36,2,3,0,5
86373.976722,2026-07-22T15:14:47.932,36,2,3,0,5
86373.979226,2026-07-22T15:14:47.936,36,2,3,0,5
86373.981691,2026-07-22T15:14:47.938,36,2,3,0,5
86373.983722,2026-07-22T15:14:47.940,36,2,3,0,5
86373.986127,2026-07-22T15:14:47.942,36,2,3,0,5
86373.988630,2026-07-22T15:14:47.945,36,2,3,0,5
86373.990641,2026-07-22T15:14:47.947,36,2,3,0,5
86373.992669,2026-07-22T15:14:47.949,36,2,3,0,5
86373.995364,2026-07-22T15:14:47.952,36,2,3,0,5
86373.997955,2026-07-22T15:14:47.954,36,2,3,0,5
86373.999992,2026-07-22T15:14:47.956,36,2,3,0,5
86374.002556,2026-07-22T15:14:47.959,36,2,3,0,5
86374.005054,2026-07-22T15:14:47.961,36,2,3,0,5
86374.007530,2026-07-22T15:14:47.964,36,2,3,0,5
86374.010052,2026-07-22T15:14:47.966,36,2,3,0,5
86374.012614,2026-07-22T15:14:47.969,36,2,3,0,5
86374.014834,2026-07-22T15:14:47.971,36,2,3,0,5
86374.017224,2026-07-22T15:14:47.974,36,2,3,0,5
86374.020003,2026-07-22T15:14:47.976,36,2,3,0,5
86374.022534,2026-07-22T15:14:47.979,36,2,3,0,5
86374.024829,2026-07-22T15:14:47.981,36,2,3,0,5
86374.027353,2026-07-22T15:14:47.984,36,2,3,0,5
86374.030032,2026-07-22T15:14:47.986,36,2,3,0,5
86374.032576,2026-07-22T15:14:47.989,36,2,3,0,5
86374.035053,2026-07-22T15:14:47.991,36,2,3,0,5
86374.037739,2026-07-22T15:14:47.994,36,2,3,0,5
86374.040268,2026-07-22T15:14:47.997,36,2,3,0,5
86374.042784,2026-07-22T15:14:47.999,36,2,3,0,5
86374.045540,2026-07-22T15:14:48.002,36,2,3,0,5
86374.048065,2026-07-22T15:14:48.004,36,2,3,0,5
86374.050590,2026-07-22T15:14:48.007,36,2,3,0,5
86374.053125,2026-07-22T15:14:48.009,36,2,3,0,5
86374.055654,2026-07-22T15:14:48.012,36,2,3,0,5
86374.058147,2026-07-22T15:14:48.014,36,2,3,0,5
86374.060684,2026-07-22T15:14:48.017,36,2,3,0,5
86374.063180,2026-07-22T15:14:48.020,36,2,3,0,5
86374.065926,2026-07-22T15:14:48.022,36,2,3,0,5
86374.068177,2026-07-22T15:14:48.025,36,2,3,0,5
86374.070750,2026-07-22T15:14:48.027,36,2,3,0,5
86374.073284,2026-07-22T15:14:48.030,36,2,3,0,5
86374.075797,2026-07-22T15:14:48.032,36,2,3,0,5
86374.078449,2026-07-22T15:14:48.035,36,2,3,0,5
86374.081048,2026-07-22T15:14:48.037,36,2,3,0,5
86374.083550,2026-07-22T15:14:48.040,36,2,3,0,5
86374.086133,2026-07-22T15:14:48.042,36,2,3,0,5
86374.088758,2026-07-22T15:14:48.045,36,2,3,0,5
86374.090787,2026-07-22T15:14:48.047,36,2,3,0,5
86374.093446,2026-07-22T15:14:48.050,36,2,3,0,5
86374.095479,2026-07-22T15:14:48.052,36,2,3,0,5
86374.097952,2026-07-22T15:14:48.054,36,2,3,0,5
86374.100473,2026-07-22T15:14:48.057,36,2,3,0,5
86374.103050,2026-07-22T15:14:48.059,36,2,3,0,5
86374.105573,2026-07-22T15:14:48.062,36,2,3,0,5
86374.107601,2026-07-22T15:14:48.064,36,2,3,0,5
86374.110146,2026-07-22T15:14:48.066,36,2,3,0,5
86374.112676,2026-07-22T15:14:48.069,36,2,3,0,5
86374.115182,2026-07-22T15:14:48.072,36,2,3,0,5
86374.117205,2026-07-22T15:14:48.074,36,2,3,0,5
86374.120011,2026-07-22T15:14:48.076,36,2,3,0,5
86374.122570,2026-07-22T15:14:48.079,36,2,3,0,5
86374.124696,2026-07-22T15:14:48.081,36,2,3,0,5
86374.127105,2026-07-22T15:14:48.083,36,2,3,0,5
86374.129138,2026-07-22T15:14:48.085,36,2,3,0,5
86374.131149,2026-07-22T15:14:48.088,36,2,3,0,5
86374.133523,2026-07-22T15:14:48.090,36,2,3,0,5
86374.135554,2026-07-22T15:14:48.092,36,2,3,0,5
86374.138019,2026-07-22T15:14:48.094,36,2,3,0,5
86374.140566,2026-07-22T15:14:48.097,36,2,3,0,5
86374.143054,2026-07-22T15:14:48.099,36,2,3,0,5
86374.145085,2026-07-22T15:14:48.101,36,2,3,0,5
86374.147597,2026-07-22T15:14:48.104,36,2,3,0,5
86374.150003,2026-07-22T15:14:48.106,36,2,3,0,5
86374.152067,2026-07-22T15:14:48.108,36,2,3,0,5
86374.154503,2026-07-22T15:14:48.111,36,2,3,0,5
86374.156562,2026-07-22T15:14:48.113,36,2,3,0,5
86374.159019,2026-07-22T15:14:48.115,36,2,3,0,5
86374.161543,2026-07-22T15:14:48.118,36,2,3,0,5
86374.163635,2026-07-22T15:14:48.120,36,2,3,0,5
86374.166101,2026-07-22T15:14:48.122,36,2,3,0,5
86374.168142,2026-07-22T15:14:48.124,36,2,3,0,5
86374.170606,2026-07-22T15:14:48.127,36,2,3,0,5
86374.173130,2026-07-22T15:14:48.129,36,2,3,0,5
86374.175487,2026-07-22T15:14:48.132,36,2,3,0,5
86374.177804,2026-07-22T15:14:48.134,36,2,3,0,5
86374.179830,2026-07-22T15:14:48.136,36,2,3,0,5
86374.182342,2026-07-22T15:14:48.139,36,2,3,0,5
86374.184854,2026-07-22T15:14:48.141,36,2,3,0,5
86374.187597,2026-07-22T15:14:48.144,36,2,3,0,5
86374.190072,2026-07-22T15:14:48.146,36,2,3,0,5
86374.192555,2026-07-22T15:14:48.149,36,2,3,0,5
86374.195092,2026-07-22T15:14:48.151,36,2,3,0,5
86374.197729,2026-07-22T15:14:48.154,36,2,3,0,5
86374.200195,2026-07-22T15:14:48.157,36,2,3,0,5
86374.202280,2026-07-22T15:14:48.159,36,2,3,0,5
86374.204772,2026-07-22T15:14:48.161,36,2,3,0,5
86374.206801,2026-07-22T15:14:48.163,36,2,3,0,5
86374.208821,2026-07-22T15:14:48.165,36,2,3,0,5
86374.210841,2026-07-22T15:14:48.167,36,2,3,0,5
86374.212872,2026-07-22T15:14:48.169,36,2,3,0,5
86374.214970,2026-07-22T15:14:48.171,36,2,3,0,5
86374.217498,2026-07-22T15:14:48.174,36,2,3,0,5
86374.219565,2026-07-22T15:14:48.176,36,2,3,0,5
86374.221774,2026-07-22T15:14:48.178,36,2,3,0,5
86374.224293,2026-07-22T15:14:48.181,36,2,3,0,5
86374.226398,2026-07-22T15:14:48.183,36,2,3,0,5
86374.228912,2026-07-22T15:14:48.185,36,2,3,0,5
86374.231529,2026-07-22T15:14:48.188,36,2,3,0,5
86374.233999,2026-07-22T15:14:48.190,36,2,3,0,5
86374.236495,2026-07-22T15:14:48.193,36,2,3,0,5
86374.238519,2026-07-22T15:14:48.195,36,2,3,0,5
86374.240560,2026-07-22T15:14:48.197,36,2,3,0,5
86374.243033,2026-07-22T15:14:48.199,36,2,3,0,5
86374.245057,2026-07-22T15:14:48.201,36,2,3,0,5
86374.247567,2026-07-22T15:14:48.204,36,2,3,0,5
86374.249672,2026-07-22T15:14:48.206,36,2,3,0,5
86374.251716,2026-07-22T15:14:48.208,36,2,3,0,5
86374.254144,2026-07-22T15:14:48.211,36,2,3,0,5
86374.256670,2026-07-22T15:14:48.213,36,2,3,0,5
86374.259129,2026-07-22T15:14:48.215,36,2,3,0,5
86374.261540,2026-07-22T15:14:48.218,36,2,3,0,5
86374.264074,2026-07-22T15:14:48.220,36,2,3,0,5
86374.266579,2026-07-22T15:14:48.223,36,2,3,0,5
86374.269085,2026-07-22T15:14:48.225,36,2,3,0,5
86374.271596,2026-07-22T15:14:48.228,36,2,3,0,5
86374.274096,2026-07-22T15:14:48.230,36,2,3,0,5
86374.276545,2026-07-22T15:14:48.233,36,2,3,0,5
86374.279051,2026-07-22T15:14:48.235,36,2,3,0,5
86374.281540,2026-07-22T15:14:48.238,36,2,3,0,5
86374.284058,2026-07-22T15:14:48.240,36,2,3,0,5
86374.286118,2026-07-22T15:14:48.242,36,2,3,0,5
86374.288559,2026-07-22T15:14:48.245,36,2,3,0,5
86374.290593,2026-07-22T15:14:48.247,36,2,3,0,5
86374.293036,2026-07-22T15:14:48.249,36,2,3,0,5
86374.295569,2026-07-22T15:14:48.252,36,2,3,0,5
86374.297828,2026-07-22T15:14:48.254,36,2,3,0,5
86374.300334,2026-07-22T15:14:48.257,36,2,3,0,5
86374.302837,2026-07-22T15:14:48.259,36,2,3,0,5
86374.305372,2026-07-22T15:14:48.262,36,2,3,0,5
86374.307879,2026-07-22T15:14:48.264,36,2,3,0,5
86374.310382,2026-07-22T15:14:48.267,36,2,3,0,5
86374.312894,2026-07-22T15:14:48.269,36,2,3,0,5
86374.315308,2026-07-22T15:14:48.272,36,2,3,0,5
86374.317813,2026-07-22T15:14:48.274,36,2,3,0,5
86374.320219,2026-07-22T15:14:48.277,36,2,3,0,6
86374.322566,2026-07-22T15:14:48.279,4,0,3,0,6
86374.325070,2026-07-22T15:14:48.281,4,0,3,0,6
86374.329201,2026-07-22T15:14:48.285,4,0,3,0,6
86374.332039,2026-07-22T15:14:48.288,4,0,3,0,6
86374.334519,2026-07-22T15:14:48.291,4,0,3,0,6
86374.337180,2026-07-22T15:14:48.294,4,0,3,0,6
86374.339816,2026-07-22T15:14:48.296,4,0,3,0,6
86374.342286,2026-07-22T15:14:48.299,4,0,3,0,6
86374.344795,2026-07-22T15:14:48.301,4,0,3,0,6
86374.347564,2026-07-22T15:14:48.304,4,0,3,0,6
86374.350280,2026-07-22T15:14:48.307,4,0,3,0,6
86374.352840,2026-07-22T15:14:48.309,4,0,3,0,6
86374.355430,2026-07-22T15:14:48.312,4,0,3,0,6
86374.357958,2026-07-22T15:14:48.314,4,0,3,0,6
86374.360432,2026-07-22T15:14:48.317,4,0,3,0,6
86374.363112,2026-07-22T15:14:48.319,4,0,3,0,6
86374.365639,2026-07-22T15:14:48.322,4,0,3,0,6
86374.368058,2026-07-22T15:14:48.324,4,0,3,0,6
86374.370588,2026-07-22T15:14:48.327,4,0,3,0,6
86374.372780,2026-07-22T15:14:48.329,4,0,3,0,6
86374.375115,2026-07-22T15:14:48.331,4,0,3,0,6
86374.377851,2026-07-22T15:14:48.334,4,0,3,0,6
86374.380075,2026-07-22T15:14:48.336,4,0,3,0,6
86374.382494,2026-07-22T15:14:48.339,4,0,3,0,6
86374.385024,2026-07-22T15:14:48.341,4,0,3,0,6
86374.387751,2026-07-22T15:14:48.344,4,0,3,0,6
86374.390221,2026-07-22T15:14:48.347,4,0,3,0,6
86374.392932,2026-07-22T15:14:48.349,4,0,3,0,6
86374.395311,2026-07-22T15:14:48.352,4,0,3,0,6
86374.397766,2026-07-22T15:14:48.354,4,0,3,0,6
86374.400568,2026-07-22T15:14:48.357,4,0,3,0,6
86374.403001,2026-07-22T15:14:48.359,4,0,3,0,6
86374.405530,2026-07-22T15:14:48.362,4,0,3,0,6
86374.408234,2026-07-22T15:14:48.365,4,0,3,0,6
86374.410842,2026-07-22T15:14:48.367,4,0,3,0,6
86374.413528,2026-07-22T15:14:48.370,4,0,3,0,6
86374.416325,2026-07-22T15:14:48.373,4,0,3,0,6
86374.418900,2026-07-22T15:14:48.375,4,0,3,0,6
86374.421265,2026-07-22T15:14:48.378,4,0,3,0,6
86374.423950,2026-07-22T15:14:48.380,4,0,3,0,6
86374.426469,2026-07-22T15:14:48.383,4,0,3,0,6
86374.428915,2026-07-22T15:14:48.385,4,0,3,0,6
86374.431401,2026-07-22T15:14:48.388,4,0,3,0,6
86374.434135,2026-07-22T15:14:48.390,4,0,3,0,6
86374.436974,2026-07-22T15:14:48.393,4,0,3,0,6
86374.439635,2026-07-22T15:14:48.396,4,0,3,0,6
86374.442177,2026-07-22T15:14:48.399,4,0,3,0,6
86374.444830,2026-07-22T15:14:48.401,4,0,3,0,6
86374.447338,2026-07-22T15:14:48.404,4,0,3,0,6
86374.449413,2026-07-22T15:14:48.406,4,0,3,0,6
86374.452218,2026-07-22T15:14:48.409,4,0,3,0,6
86374.454825,2026-07-22T15:14:48.411,4,0,3,0,6
86374.457431,2026-07-22T15:14:48.414,4,0,3,0,6
86374.460090,2026-07-22T15:14:48.416,4,0,3,0,6
86374.462729,2026-07-22T15:14:48.419,4,0,3,0,6
86374.465086,2026-07-22T15:14:48.421,4,0,3,0,6
86374.467802,2026-07-22T15:14:48.424,4,0,3,0,6
86374.470551,2026-07-22T15:14:48.427,4,0,3,0,6
86374.473109,2026-07-22T15:14:48.429,4,0,3,0,6
86374.475670,2026-07-22T15:14:48.432,4,0,3,0,6
86374.478201,2026-07-22T15:14:48.435,4,0,3,0,6
86374.480943,2026-07-22T15:14:48.437,4,0,3,0,6
86374.483449,2026-07-22T15:14:48.440,4,0,3,0,6
86374.486074,2026-07-22T15:14:48.442,4,0,3,0,6
86374.488597,2026-07-22T15:14:48.445,4,0,3,0,6
86374.491366,2026-07-22T15:14:48.448,4,0,3,0,6
86374.493875,2026-07-22T15:14:48.450,4,0,3,0,6
86374.496397,2026-07-22T15:14:48.453,4,0,3,0,6
86374.498943,2026-07-22T15:14:48.455,4,0,3,0,6
86374.501497,2026-07-22T15:14:48.458,4,0,3,0,6
86374.504077,2026-07-22T15:14:48.460,4,0,3,0,6
86374.506674,2026-07-22T15:14:48.463,4,0,3,0,6
86374.509191,2026-07-22T15:14:48.466,4,0,3,0,6
86374.511759,2026-07-22T15:14:48.468,4,0,3,0,6
86374.514212,2026-07-22T15:14:48.471,4,0,3,0,6
86374.516392,2026-07-22T15:14:48.473,4,0,3,0,6
86374.519003,2026-07-22T15:14:48.475,4,0,3,0,6
86374.521770,2026-07-22T15:14:48.478,4,0,3,0,6
86374.524396,2026-07-22T15:14:48.481,4,0,3,0,6
86374.526997,2026-07-22T15:14:48.483,4,0,3,0,6
86374.529796,2026-07-22T15:14:48.486,4,0,3,0,6
86374.532157,2026-07-22T15:14:48.489,4,0,3,0,6
86374.534727,2026-07-22T15:14:48.491,4,0,3,0,6
86374.537165,2026-07-22T15:14:48.494,4,0,3,0,6
86374.539748,2026-07-22T15:14:48.496,4,0,3,0,6
86374.542235,2026-07-22T15:14:48.499,4,0,3,0,6
86374.544794,2026-07-22T15:14:48.501,4,0,3,0,6
86374.547277,2026-07-22T15:14:48.504,4,0,3,0,6
86374.549720,2026-07-22T15:14:48.506,4,0,3,0,6
86374.551748,2026-07-22T15:14:48.508,4,0,3,0,6
86374.554340,2026-07-22T15:14:48.511,4,0,3,0,6
86374.556817,2026-07-22T15:14:48.513,4,0,3,0,6
86374.559381,2026-07-22T15:14:48.516,4,0,3,0,6
86374.561963,2026-07-22T15:14:48.518,4,0,3,0,6
86374.564360,2026-07-22T15:14:48.521,4,0,3,0,0
86374.567049,2026-07-22T15:14:48.523,3,3,3,0,0
86374.569805,2026-07-22T15:14:48.526,3,3,3,0,0
86374.572333,2026-07-22T15:14:48.529,3,3,3,0,0
86374.575071,2026-07-22T15:14:48.531,3,3,3,0,0
86374.577948,2026-07-22T15:14:48.534,3,3,3,0,0
86374.580614,2026-07-22T15:14:48.537,3,3,3,0,0
86374.583215,2026-07-22T15:14:48.540,3,3,3,0,0
86374.585726,2026-07-22T15:14:48.542,3,3,3,0,0
86374.588231,2026-07-22T15:14:48.545,3,3,3,0,0
86374.590815,2026-07-22T15:14:48.547,3,3,3,0,0
86374.593458,2026-07-22T15:14:48.550,3,3,3,0,0
86374.595964,2026-07-22T15:14:48.552,3,3,3,0,0
86374.598706,2026-07-22T15:14:48.555,3,3,3,0,0
86374.601328,2026-07-22T15:14:48.558,3,3,3,0,0
86374.604030,2026-07-22T15:14:48.560,3,3,3,0,0
86374.606087,2026-07-22T15:14:48.562,3,3,3,0,0
86374.608203,2026-07-22T15:14:48.565,3,3,3,0,0
86374.610536,2026-07-22T15:14:48.567,3,3,3,0,0
86374.613208,2026-07-22T15:14:48.570,3,3,3,0,0
86374.615334,2026-07-22T15:14:48.572,3,3,3,0,0
86374.617850,2026-07-22T15:14:48.574,3,3,3,0,0
86374.620574,2026-07-22T15:14:48.577,3,3,3,0,0
86374.622888,2026-07-22T15:14:48.579,3,3,3,0,0
86374.625395,2026-07-22T15:14:48.582,3,3,3,0,0
86374.628184,2026-07-22T15:14:48.585,3,3,3,0,0
86374.630437,2026-07-22T15:14:48.587,3,3,3,0,0
86374.632966,2026-07-22T15:14:48.589,3,3,3,0,0
86374.635561,2026-07-22T15:14:48.592,3,3,3,0,0
86374.638008,2026-07-22T15:14:48.594,3,3,3,0,0
86374.640542,2026-07-22T15:14:48.597,3,3,3,0,0
86374.643023,2026-07-22T15:14:48.599,3,3,3,0,0
86374.645468,2026-07-22T15:14:48.602,3,3,3,0,0
86374.647985,2026-07-22T15:14:48.604,3,3,3,0,0
86374.650388,2026-07-22T15:14:48.607,3,3,3,0,0
86374.652933,2026-07-22T15:14:48.609,3,3,3,0,0
86374.655397,2026-07-22T15:14:48.612,3,3,3,0,0
86374.657854,2026-07-22T15:14:48.614,3,3,3,0,0
86374.660375,2026-07-22T15:14:48.617,3,3,3,0,0
86374.662957,2026-07-22T15:14:48.619,3,3,3,0,0
86374.665038,2026-07-22T15:14:48.621,3,3,3,0,0
86374.667713,2026-07-22T15:14:48.624,3,3,3,0,0
86374.670402,2026-07-22T15:14:48.627,3,3,3,0,0
86374.672940,2026-07-22T15:14:48.629,3,3,3,0,0
86374.675554,2026-07-22T15:14:48.632,3,3,3,0,0
86374.677607,2026-07-22T15:14:48.634,3,3,3,0,0
86374.679658,2026-07-22T15:14:48.636,3,3,3,0,0
86374.681713,2026-07-22T15:14:48.638,3,3,3,0,0
86374.683761,2026-07-22T15:14:48.640,3,3,3,0,0
86374.685800,2026-07-22T15:14:48.642,3,3,3,0,0
86374.687861,2026-07-22T15:14:48.644,3,3,3,0,0
86374.689930,2026-07-22T15:14:48.646,3,3,3,0,0
86374.692006,2026-07-22T15:14:48.648,3,3,3,0,0
86374.694044,2026-07-22T15:14:48.650,3,3,3,0,0
86374.696103,2026-07-22T15:14:48.652,3,3,3,0,0
86374.698155,2026-07-22T15:14:48.654,3,3,3,0,0
86374.700205,2026-07-22T15:14:48.657,3,3,3,0,0
86374.702243,2026-07-22T15:14:48.659,3,3,3,0,0
86374.704311,2026-07-22T15:14:48.661,3,3,3,0,0
86374.706348,2026-07-22T15:14:48.663,3,3,3,0,0
86374.708397,2026-07-22T15:14:48.665,3,3,3,0,0
86374.710451,2026-07-22T15:14:48.667,3,3,3,0,0
86374.712503,2026-07-22T15:14:48.669,3,3,3,0,0
86374.715079,2026-07-22T15:14:48.671,3,3,3,0,0
86374.717701,2026-07-22T15:14:48.674,3,3,3,0,0
86374.720570,2026-07-22T15:14:48.677,3,3,3,0,0
86374.723085,2026-07-22T15:14:48.679,3,3,3,0,0
86374.725814,2026-07-22T15:14:48.682,3,3,3,0,0
86374.727864,2026-07-22T15:14:48.684,3,3,3,0,0
86374.730601,2026-07-22T15:14:48.687,3,3,3,0,0
86374.733187,2026-07-22T15:14:48.690,3,3,3,0,0
86374.735752,2026-07-22T15:14:48.692,3,3,3,0,0
86374.738264,2026-07-22T15:14:48.695,3,3,3,0,0
86374.740850,2026-07-22T15:14:48.697,3,3,3,0,0
86374.743412,2026-07-22T15:14:48.700,3,3,3,0,0
86374.746050,2026-07-22T15:14:48.702,3,3,3,0,0
86374.748553,2026-07-22T15:14:48.705,3,3,3,0,0
86374.750887,2026-07-22T15:14:48.707,3,3,3,0,0
86374.753358,2026-07-22T15:14:48.710,3,3,3,0,0
86374.755878,2026-07-22T15:14:48.712,3,3,3,0,0
86374.758311,2026-07-22T15:14:48.715,3,3,3,0,0
86374.761009,2026-07-22T15:14:48.717,3,3,3,0,0
86374.763605,2026-07-22T15:14:48.720,3,3,3,0,0
86374.766310,2026-07-22T15:14:48.722,3,3,3,0,0
86374.768625,2026-07-22T15:14:48.725,3,3,3,0,0
86374.771139,2026-07-22T15:14:48.727,3,3,3,0,0
86374.773165,2026-07-22T15:14:48.730,3,3,3,0,0
86374.775622,2026-07-22T15:14:48.732,3,3,3,0,0
86374.778085,2026-07-22T15:14:48.734,3,3,3,0,0
86374.780480,2026-07-22T15:14:48.737,3,3,3,0,0
86374.783132,2026-07-22T15:14:48.739,3,3,3,0,0
86374.785935,2026-07-22T15:14:48.742,3,3,3,0,0
86374.788611,2026-07-22T15:14:48.745,3,3,3,0,0
86374.791058,2026-07-22T15:14:48.747,3,3,3,0,0
86374.793619,2026-07-22T15:14:48.750,3,3,3,0,0
86374.795983,2026-07-22T15:14:48.752,3,3,3,0,0
86374.798804,2026-07-22T15:14:48.755,3,3,3,0,0
86374.801579,2026-07-22T15:14:48.758,3,3,3,0,0
86374.804201,2026-07-22T15:14:48.761,3,3,3,0,0
86374.806844,2026-07-22T15:14:48.763,3,3,3,0,0
86374.809405,2026-07-22T15:14:48.766,3,3,3,0,0
86374.812131,2026-07-22T15:14:48.768,3,3,3,0,0
86374.814660,2026-07-22T15:14:48.770,3,3,3,0,0
86374.817143,2026-07-22T15:14:48.773,3,3,3,0,0
86374.819660,2026-07-22T15:14:48.776,3,3,3,0,0
86374.822178,2026-07-22T15:14:48.779,3,3,3,0,0
86374.824686,2026-07-22T15:14:48.781,3,3,3,0,0
86374.827210,2026-07-22T15:14:48.784,3,3,3,0,0
86374.829759,2026-07-22T15:14:48.786,3,3,3,0,0
86374.832257,2026-07-22T15:14:48.789,3,3,3,0,0
86374.834780,2026-07-22T15:14:48.791,3,3,3,0,0
86374.836804,2026-07-22T15:14:48.793,3,3,3,0,0
86374.838818,2026-07-22T15:14:48.795,3,3,3,0,0
86374.840854,2026-07-22T15:14:48.797,3,3,3,0,0
86374.843544,2026-07-22T15:14:48.800,3,3,3,0,0
86374.846109,2026-07-22T15:14:48.802,3,3,3,0,0
86374.848608,2026-07-22T15:14:48.805,3,3,3,0,0
86374.851116,2026-07-22T15:14:48.807,3,3,3,0,0
86374.853576,2026-07-22T15:14:48.810,3,3,3,0,0
86374.856060,2026-07-22T15:14:48.812,3,3,3,0,0
86374.858785,2026-07-22T15:14:48.815,3,3,3,0,0
86374.861379,2026-07-22T15:14:48.818,3,3,3,0,0
86374.863971,2026-07-22T15:14:48.820,3,3,3,0,0
86374.866490,2026-07-22T15:14:48.823,3,3,3,0,0
86374.868556,2026-07-22T15:14:48.825,3,3,3,0,0
86374.870567,2026-07-22T15:14:48.827,3,3,3,0,0
86374.872601,2026-07-22T15:14:48.829,3,3,3,0,0
86374.875004,2026-07-22T15:14:48.831,3,3,3,0,0
86374.877722,2026-07-22T15:14:48.834,3,3,3,0,0
86374.880315,2026-07-22T15:14:48.837,3,3,3,0,0
86374.882843,2026-07-22T15:14:48.839,3,3,3,0,0
86374.885549,2026-07-22T15:14:48.842,3,3,3,0,0
86374.888074,2026-07-22T15:14:48.844,3,3,3,0,0
86374.890565,2026-07-22T15:14:48.847,3,3,3,0,0
86374.893080,2026-07-22T15:14:48.849,3,3,3,0,0
86374.895709,2026-07-22T15:14:48.852,3,3,3,0,0
86374.898286,2026-07-22T15:14:48.855,3,3,3,0,0
86374.900487,2026-07-22T15:14:48.857,3,3,3,0,0
86374.903007,2026-07-22T15:14:48.859,3,3,3,0,0
86374.905418,2026-07-22T15:14:48.862,3,3,3,0,0
86374.908029,2026-07-22T15:14:48.864,3,3,3,0,0
86374.910666,2026-07-22T15:14:48.867,3,3,3,0,0
86374.913188,2026-07-22T15:14:48.870,3,3,3,0,0
86374.915635,2026-07-22T15:14:48.872,3,3,3,0,0
86374.918121,2026-07-22T15:14:48.874,3,3,3,0,0
86374.920461,2026-07-22T15:14:48.877,3,3,3,0,0
86374.923211,2026-07-22T15:14:48.880,3,3,3,0,0
86374.925942,2026-07-22T15:14:48.882,3,3,3,0,0
86374.928335,2026-07-22T15:14:48.885,3,3,3,0,0
86374.931255,2026-07-22T15:14:48.887,3,3,3,0,0
86374.933700,2026-07-22T15:14:48.890,3,3,3,0,0
86374.936139,2026-07-22T15:14:48.892,3,3,3,0,0
86374.938808,2026-07-22T15:14:48.895,3,3,3,0,0
86374.941123,2026-07-22T15:14:48.897,3,3,3,0,0
86374.943770,2026-07-22T15:14:48.900,3,3,3,0,0
86374.946425,2026-07-22T15:14:48.903,3,3,3,0,0
86374.948944,2026-07-22T15:14:48.905,3,3,3,0,0
86374.951467,2026-07-22T15:14:48.908,3,3,3,0,0
86374.953995,2026-07-22T15:14:48.910,3,3,3,0,0
86374.956506,2026-07-22T15:14:48.913,3,3,3,0,0
86374.959027,2026-07-22T15:14:48.915,3,3,3,0,0
86374.961545,2026-07-22T15:14:48.918,3,3,3,0,0
86374.964070,2026-07-22T15:14:48.920,3,3,3,0,0
86374.966265,2026-07-22T15:14:48.922,3,3,3,0,0
86374.968608,2026-07-22T15:14:48.925,3,3,3,0,0
86374.971124,2026-07-22T15:14:48.927,3,3,3,0,0
86374.973822,2026-07-22T15:14:48.930,3,3,3,0,0
86374.976172,2026-07-22T15:14:48.933,3,3,3,0,0
86374.978547,2026-07-22T15:14:48.935,3,3,3,0,0
86374.980995,2026-07-22T15:14:48.937,3,3,3,0,0
86374.983570,2026-07-22T15:14:48.940,3,3,3,0,0
86374.986261,2026-07-22T15:14:48.943,3,3,3,0,0
86374.988875,2026-07-22T15:14:48.945,3,3,3,0,0
86374.991497,2026-07-22T15:14:48.948,3,3,3,0,0
86374.993953,2026-07-22T15:14:48.950,3,3,3,0,0
86374.996455,2026-07-22T15:14:48.953,3,3,3,0,0
86374.998974,2026-07-22T15:14:48.955,3,3,3,0,0
86375.001407,2026-07-22T15:14:48.958,3,3,3,0,0
86375.003966,2026-07-22T15:14:48.960,3,3,3,0,0
86375.006374,2026-07-22T15:14:48.963,3,3,3,0,0
86375.008942,2026-07-22T15:14:48.965,3,3,3,0,0
86375.011579,2026-07-22T15:14:48.968,3,3,3,0,0
86375.014013,2026-07-22T15:14:48.970,3,3,3,0,0
86375.016598,2026-07-22T15:14:48.973,3,3,3,0,0
86375.019075,2026-07-22T15:14:48.975,3,3,3,0,0
86375.021485,2026-07-22T15:14:48.978,3,3,3,0,0
86375.024085,2026-07-22T15:14:48.980,3,3,3,0,0
86375.026706,2026-07-22T15:14:48.983,3,3,3,0,0
86375.029172,2026-07-22T15:14:48.986,3,3,3,0,0
86375.031962,2026-07-22T15:14:48.988,3,3,3,0,0
86375.034288,2026-07-22T15:14:48.991,3,3,3,0,0
86375.036908,2026-07-22T15:14:48.993,3,3,3,0,0
86375.039502,2026-07-22T15:14:48.996,3,3,3,0,0
86375.042133,2026-07-22T15:14:48.998,3,3,3,0,0
86375.044476,2026-07-22T15:14:49.001,3,3,3,0,0
86375.046868,2026-07-22T15:14:49.003,3,3,3,0,0
86375.049389,2026-07-22T15:14:49.006,3,3,3,0,0
86375.051952,2026-07-22T15:14:49.008,3,3,3,0,0
86375.054390,2026-07-22T15:14:49.011,3,3,3,0,0
86375.056812,2026-07-22T15:14:49.013,3,3,3,0,0
86375.058824,2026-07-22T15:14:49.015,3,3,3,0,0
86375.061342,2026-07-22T15:14:49.018,3,3,3,0,0
86375.063843,2026-07-22T15:14:49.020,3,3,3,0,0
86375.066514,2026-07-22T15:14:49.023,3,3,3,0,0
86375.069186,2026-07-22T15:14:49.026,3,3,3,0,0
86375.071720,2026-07-22T15:14:49.028,3,3,3,0,0
86375.073774,2026-07-22T15:14:49.030,3,3,3,0,0
86375.076333,2026-07-22T15:14:49.033,3,3,3,0,0
86375.078366,2026-07-22T15:14:49.035,3,3,3,0,0
86375.080973,2026-07-22T15:14:49.037,3,3,3,0,0
86375.083493,2026-07-22T15:14:49.040,3,3,3,0,0
86375.086020,2026-07-22T15:14:49.042,3,3,3,0,0
86375.088487,2026-07-22T15:14:49.045,3,3,3,0,0
86375.090556,2026-07-22T15:14:49.047,3,3,3,0,0
86375.093142,2026-07-22T15:14:49.049,3,3,3,0,0
86375.095663,2026-07-22T15:14:49.052,3,3,3,0,0
86375.097688,2026-07-22T15:14:49.054,3,3,3,0,0
86375.100214,2026-07-22T15:14:49.057,3,3,3,0,0
86375.102831,2026-07-22T15:14:49.059,3,3,3,0,0
86375.105358,2026-07-22T15:14:49.062,3,3,3,0,0
86375.107384,2026-07-22T15:14:49.064,3,3,3,0,0
86375.109921,2026-07-22T15:14:49.066,3,3,3,0,0
86375.112434,2026-07-22T15:14:49.069,3,3,3,0,0
86375.114950,2026-07-22T15:14:49.071,3,3,3,0,0
86375.117486,2026-07-22T15:14:49.074,3,3,3,0,0
86375.120055,2026-07-22T15:14:49.076,3,3,3,0,0
86375.122573,2026-07-22T15:14:49.079,3,3,3,0,0
86375.125367,2026-07-22T15:14:49.082,3,3,3,0,0
86375.127765,2026-07-22T15:14:49.084,3,3,3,0,0
86375.129909,2026-07-22T15:14:49.086,3,3,3,0,0
86375.132698,2026-07-22T15:14:49.089,3,3,3,0,0
86375.135222,2026-07-22T15:14:49.092,3,3,3,0,0
86375.137778,2026-07-22T15:14:49.094,3,3,3,0,0
86375.140002,2026-07-22T15:14:49.096,3,3,3,0,0
86375.142675,2026-07-22T15:14:49.099,3,3,3,0,0
86375.145203,2026-07-22T15:14:49.102,3,3,3,0,0
86375.147726,2026-07-22T15:14:49.104,3,3,3,0,0
86375.150241,2026-07-22T15:14:49.107,3,3,3,0,0
86375.152836,2026-07-22T15:14:49.109,3,3,3,0,0
86375.155566,2026-07-22T15:14:49.112,3,3,3,0,0
86375.158172,2026-07-22T15:14:49.115,3,3,3,0,0
86375.160889,2026-07-22T15:14:49.117,3,3,3,0,0
86375.163637,2026-07-22T15:14:49.120,3,3,3,0,0
86375.166170,2026-07-22T15:14:49.123,3,3,3,0,0
86375.168549,2026-07-22T15:14:49.125,3,3,3,0,0
86375.170960,2026-07-22T15:14:49.127,3,3,3,0,0
86375.173260,2026-07-22T15:14:49.130,3,3,3,0,0
86375.175441,2026-07-22T15:14:49.132,3,3,3,0,0
86375.177466,2026-07-22T15:14:49.134,3,3,3,0,0
86375.179790,2026-07-22T15:14:49.136,3,3,3,0,0
86375.182225,2026-07-22T15:14:49.139,3,3,3,0,0
86375.184252,2026-07-22T15:14:49.141,3,3,3,0,0
86375.186298,2026-07-22T15:14:49.143,3,3,3,0,0
86375.188789,2026-07-22T15:14:49.145,3,3,3,0,0
86375.190809,2026-07-22T15:14:49.147,3,3,3,0,0
86375.193330,2026-07-22T15:14:49.150,3,3,3,0,0
86375.195359,2026-07-22T15:14:49.152,3,3,3,0,0
86375.197848,2026-07-22T15:14:49.154,3,3,3,0,0
86375.200365,2026-07-22T15:14:49.157,3,3,3,0,0
86375.202877,2026-07-22T15:14:49.159,3,3,3,0,0
86375.205355,2026-07-22T15:14:49.162,3,3,3,0,0
86375.208055,2026-07-22T15:14:49.164,3,3,3,0,0
86375.210699,2026-07-22T15:14:49.167,3,3,3,0,0
86375.213244,2026-07-22T15:14:49.170,3,3,3,0,0
86375.215974,2026-07-22T15:14:49.172,3,3,3,0,0
86375.218047,2026-07-22T15:14:49.174,3,3,3,0,0
86375.220505,2026-07-22T15:14:49.177,3,3,3,0,0
86375.223004,2026-07-22T15:14:49.179,3,3,3,0,0
86375.225349,2026-07-22T15:14:49.182,3,3,3,0,0
86375.227942,2026-07-22T15:14:49.184,3,3,3,0,0
86375.230252,2026-07-22T15:14:49.187,3,3,3,0,0
86375.232346,2026-07-22T15:14:49.189,3,3,3,0,0
86375.234794,2026-07-22T15:14:49.191,3,3,3,0,0
86375.237311,2026-07-22T15:14:49.194,3,3,3,0,0
86375.239726,2026-07-22T15:14:49.196,3,3,3,0,0
86375.242340,2026-07-22T15:14:49.199,3,3,3,0,0
86375.244840,2026-07-22T15:14:49.201,3,3,3,0,0
86375.247277,2026-07-22T15:14:49.204,3,3,3,0,0
86375.249738,2026-07-22T15:14:49.206,3,3,3,0,0
86375.252234,2026-07-22T15:14:49.209,3,3,3,0,0
86375.254866,2026-07-22T15:14:49.211,3,3,3,0,0
86375.256912,2026-07-22T15:14:49.213,3,3,3,0,0
86375.259501,2026-07-22T15:14:49.216,3,3,3,0,0
86375.262021,2026-07-22T15:14:49.218,3,3,3,0,0
86375.264506,2026-07-22T15:14:49.221,3,3,3,0,0
86375.266796,2026-07-22T15:14:49.223,3,3,3,0,0
86375.269483,2026-07-22T15:14:49.226,3,3,3,0,0
86375.272219,2026-07-22T15:14:49.229,3,3,3,0,0
86375.274453,2026-07-22T15:14:49.231,3,3,3,0,0
86375.276624,2026-07-22T15:14:49.233,3,3,3,0,0
86375.279162,2026-07-22T15:14:49.236,3,3,3,0,0
86375.281234,2026-07-22T15:14:49.238,3,3,3,0,0
86375.283646,2026-07-22T15:14:49.240,3,3,3,0,0
86375.286152,2026-07-22T15:14:49.242,3,3,3,0,0
86375.288815,2026-07-22T15:14:49.245,3,3,3,0,0
86375.291322,2026-07-22T15:14:49.248,3,3,3,0,0
86375.293342,2026-07-22T15:14:49.250,3,3,3,0,0
86375.295860,2026-07-22T15:14:49.252,3,3,3,0,0
86375.298291,2026-07-22T15:14:49.255,3,3,3,0,0
86375.300932,2026-07-22T15:14:49.257,3,3,3,0,0
86375.303006,2026-07-22T15:14:49.259,3,3,3,0,0
86375.305550,2026-07-22T15:14:49.262,3,3,3,0,0
86375.307588,2026-07-22T15:14:49.264,3,3,3,0,0
86375.310175,2026-07-22T15:14:49.267,3,3,3,0,0
86375.312740,2026-07-22T15:14:49.269,3,3,3,0,0
86375.315211,2026-07-22T15:14:49.272,3,3,3,0,0
86375.317893,2026-07-22T15:14:49.274,3,3,3,0,0
86375.319927,2026-07-22T15:14:49.276,3,3,3,0,0
86375.322690,2026-07-22T15:14:49.279,3,3,3,0,0
86375.324723,2026-07-22T15:14:49.281,3,3,3,0,0
86375.327152,2026-07-22T15:14:49.284,3,3,3,0,0
86375.329677,2026-07-22T15:14:49.286,3,3,3,0,0
86375.331885,2026-07-22T15:14:49.288,3,3,3,0,0
86375.334414,2026-07-22T15:14:49.291,3,3,3,0,0
86375.336934,2026-07-22T15:14:49.293,3,3,3,0,0
86375.339627,2026-07-22T15:14:49.296,3,3,3,0,0
86375.342160,2026-07-22T15:14:49.298,3,3,3,0,0
86375.344567,2026-07-22T15:14:49.301,3,3,3,0,0
86375.347349,2026-07-22T15:14:49.304,3,3,3,0,0
86375.349604,2026-07-22T15:14:49.306,3,3,3,0,0
86375.352120,2026-07-22T15:14:49.308,3,3,3,0,0
86375.354165,2026-07-22T15:14:49.311,3,3,3,0,0
86375.356720,2026-07-22T15:14:49.313,3,3,3,0,0
86375.359254,2026-07-22T15:14:49.316,3,3,3,0,0
86375.361889,2026-07-22T15:14:49.318,3,3,3,0,0
86375.364507,2026-07-22T15:14:49.321,3,3,3,0,0
86375.366866,2026-07-22T15:14:49.323,3,3,3,0,0
86375.369212,2026-07-22T15:14:49.326,3,3,3,0,0
86375.371742,2026-07-22T15:14:49.328,3,3,3,0,0
86375.374248,2026-07-22T15:14:49.331,3,3,3,0,0
86375.376275,2026-07-22T15:14:49.333,3,3,3,0,0
86375.378684,2026-07-22T15:14:49.335,3,3,3,0,0
86375.381360,2026-07-22T15:14:49.338,3,3,3,0,0
86375.383396,2026-07-22T15:14:49.340,3,3,3,0,0
86375.385891,2026-07-22T15:14:49.342,3,3,3,0,0
86375.387935,2026-07-22T15:14:49.344,36,0,3,0,44
86375.390697,2026-07-22T15:14:49.347,36,0,3,0,44
86375.393197,2026-07-22T15:14:49.350,36,0,3,0,44
86375.395216,2026-07-22T15:14:49.352,36,0,3,0,44
86375.397239,2026-07-22T15:14:49.354,36,0,3,0,44
86375.399270,2026-07-22T15:14:49.356,36,0,3,0,44
86375.401305,2026-07-22T15:14:49.358,36,0,3,0,44
86375.403828,2026-07-22T15:14:49.360,36,0,3,0,44
86375.406343,2026-07-22T15:14:49.363,36,0,3,0,44
86375.408857,2026-07-22T15:14:49.365,36,0,3,0,44
86375.411375,2026-07-22T15:14:49.368,36,0,3,0,44
86375.413932,2026-07-22T15:14:49.370,36,0,3,0,44
86375.416399,2026-07-22T15:14:49.373,36,0,3,0,44
86375.418925,2026-07-22T15:14:49.375,36,0,3,0,44
86375.421032,2026-07-22T15:14:49.377,36,0,3,0,44
86375.423544,2026-07-22T15:14:49.380,36,0,3,0,44
86375.426158,2026-07-22T15:14:49.383,36,0,3,0,44
86375.428191,2026-07-22T15:14:49.385,36,0,3,0,44
86375.430221,2026-07-22T15:14:49.387,36,0,3,0,44
86375.432244,2026-07-22T15:14:49.389,36,0,3,0,44
86375.434750,2026-07-22T15:14:49.391,36,0,3,0,44
86375.437275,2026-07-22T15:14:49.394,36,0,3,0,44
86375.439304,2026-07-22T15:14:49.396,36,0,3,0,44
86375.441334,2026-07-22T15:14:49.398,36,0,3,0,44
86375.443445,2026-07-22T15:14:49.400,36,0,3,0,44
86375.445645,2026-07-22T15:14:49.402,36,0,3,0,44
86375.447694,2026-07-22T15:14:49.404,36,0,3,0,44
86375.449720,2026-07-22T15:14:49.406,36,0,3,0,44
86375.451893,2026-07-22T15:14:49.408,36,0,3,0,44
86375.454066,2026-07-22T15:14:49.410,36,0,3,0,44
86375.456291,2026-07-22T15:14:49.413,36,0,3,0,44
86375.458547,2026-07-22T15:14:49.415,36,0,3,0,44
86375.461043,2026-07-22T15:14:49.417,36,0,3,0,44
86375.463075,2026-07-22T15:14:49.419,36,0,3,0,44
86375.465342,2026-07-22T15:14:49.422,36,0,3,0,44
86375.467442,2026-07-22T15:14:49.424,36,0,3,0,44
86375.469859,2026-07-22T15:14:49.426,36,0,3,0,44
86375.471884,2026-07-22T15:14:49.428,36,0,3,0,44
86375.473987,2026-07-22T15:14:49.430,36,0,3,0,44
86375.476107,2026-07-22T15:14:49.432,36,0,3,0,44
86375.478378,2026-07-22T15:14:49.435,36,0,3,0,44
86375.480412,2026-07-22T15:14:49.437,36,0,3,0,44
86375.482493,2026-07-22T15:14:49.439,36,0,3,0,44
86375.484691,2026-07-22T15:14:49.441,36,0,3,0,44
86375.487267,2026-07-22T15:14:49.444,36,0,3,0,44
86375.489436,2026-07-22T15:14:49.446,36,0,3,0,44
86375.491470,2026-07-22T15:14:49.448,36,0,3,0,44
86375.493481,2026-07-22T15:14:49.450,36,0,3,0,44
86375.495509,2026-07-22T15:14:49.452,36,0,3,0,44
86375.497564,2026-07-22T15:14:49.454,36,0,3,0,44
86375.500088,2026-07-22T15:14:49.456,36,0,3,0,44
86375.502592,2026-07-22T15:14:49.459,36,0,3,0,44
86375.505095,2026-07-22T15:14:49.461,36,0,3,0,44
86375.507614,2026-07-22T15:14:49.464,36,0,3,0,44
86375.510133,2026-07-22T15:14:49.466,36,0,3,0,44
86375.512635,2026-07-22T15:14:49.469,36,0,3,0,44
86375.515290,2026-07-22T15:14:49.472,36,0,3,0,44
86375.517803,2026-07-22T15:14:49.474,36,0,3,0,44
86375.520373,2026-07-22T15:14:49.477,36,0,3,0,44
86375.522546,2026-07-22T15:14:49.479,36,0,3,0,44
86375.524575,2026-07-22T15:14:49.481,36,0,3,0,44
86375.526608,2026-07-22T15:14:49.483,36,0,3,0,44
86375.529174,2026-07-22T15:14:49.485,36,0,3,0,44
86375.531225,2026-07-22T15:14:49.488,36,0,3,0,44
86375.533639,2026-07-22T15:14:49.490,36,0,3,0,44
86375.536272,2026-07-22T15:14:49.493,36,0,3,0,44
86375.538308,2026-07-22T15:14:49.495,36,0,3,0,44
86375.540346,2026-07-22T15:14:49.497,36,0,3,0,44
86375.542857,2026-07-22T15:14:49.499,36,0,3,0,44
86375.545381,2026-07-22T15:14:49.502,36,0,3,0,44
86375.547898,2026-07-22T15:14:49.504,36,0,3,0,44
86375.550492,2026-07-22T15:14:49.507,36,0,3,0,44
86375.553195,2026-07-22T15:14:49.510,36,0,3,0,44
86375.555714,2026-07-22T15:14:49.512,36,0,3,0,44
86375.558508,2026-07-22T15:14:49.515,36,0,3,0,44
86375.560725,2026-07-22T15:14:49.517,36,0,3,0,44
86375.563205,2026-07-22T15:14:49.520,36,0,3,0,44
86375.565232,2026-07-22T15:14:49.522,36,0,3,0,44
86375.567925,2026-07-22T15:14:49.524,36,0,3,0,44
86375.570399,2026-07-22T15:14:49.527,36,0,3,0,44
86375.572730,2026-07-22T15:14:49.529,36,0,3,0,44
86375.574760,2026-07-22T15:14:49.531,36,0,3,0,44
86375.576875,2026-07-22T15:14:49.533,36,0,3,0,44
86375.579335,2026-07-22T15:14:49.536,36,0,3,0,44
86375.581854,2026-07-22T15:14:49.538,36,0,3,0,44
86375.584383,2026-07-22T15:14:49.541,36,0,3,0,44
86375.586710,2026-07-22T15:14:49.543,36,0,3,0,44
86375.589250,2026-07-22T15:14:49.546,36,0,3,0,44
86375.591285,2026-07-22T15:14:49.548,36,0,3,0,44
86375.593551,2026-07-22T15:14:49.550,36,0,3,0,44
86375.596066,2026-07-22T15:14:49.552,36,0,3,0,44
86375.598566,2026-07-22T15:14:49.555,36,0,3,0,44
86375.601074,2026-07-22T15:14:49.557,36,0,3,0,44
86375.603593,2026-07-22T15:14:49.560,36,0,3,0,44
86375.605610,2026-07-22T15:14:49.562,36,0,3,0,44
86375.608136,2026-07-22T15:14:49.564,36,0,3,0,44
86375.610808,2026-07-22T15:14:49.567,36,0,3,0,44
86375.612837,2026-07-22T15:14:49.569,36,0,3,0,44
86375.614875,2026-07-22T15:14:49.571,36,0,3,0,44
86375.616898,2026-07-22T15:14:49.573,36,0,3,0,44
86375.618935,2026-07-22T15:14:49.575,36,0,3,0,44
86375.620966,2026-07-22T15:14:49.577,36,0,3,0,44
86375.622997,2026-07-22T15:14:49.579,36,0,3,0,44
86375.625020,2026-07-22T15:14:49.581,36,0,3,0,44
86375.627342,2026-07-22T15:14:49.584,36,0,3,0,44
86375.629376,2026-07-22T15:14:49.586,36,0,3,0,44
86375.631408,2026-07-22T15:14:49.588,36,0,3,0,44
86375.633438,2026-07-22T15:14:49.590,36,2,3,0,5
86375.635806,2026-07-22T15:14:49.592,36,2,3,0,5
86375.637817,2026-07-22T15:14:49.594,36,2,3,0,5
86375.639878,2026-07-22T15:14:49.596,36,2,3,0,5
86375.642384,2026-07-22T15:14:49.599,36,2,3,0,5
86375.644410,2026-07-22T15:14:49.601,36,2,3,0,5
86375.646461,2026-07-22T15:14:49.603,36,2,3,0,5
86375.649000,2026-07-22T15:14:49.605,36,2,3,0,5
86375.651242,2026-07-22T15:14:49.608,36,2,3,0,5
86375.653755,2026-07-22T15:14:49.610,36,2,3,0,5
86375.655778,2026-07-22T15:14:49.612,36,2,3,0,5
86375.657809,2026-07-22T15:14:49.614,36,2,3,0,5
86375.660227,2026-07-22T15:14:49.617,36,2,3,0,5
86375.662249,2026-07-22T15:14:49.619,36,2,3,0,5
86375.664278,2026-07-22T15:14:49.621,36,2,3,0,5
86375.666659,2026-07-22T15:14:49.623,36,2,3,0,5
86375.668863,2026-07-22T15:14:49.625,36,2,3,0,5
86375.671368,2026-07-22T15:14:49.628,36,2,3,0,5
86375.673891,2026-07-22T15:14:49.630,36,2,3,0,5
86375.675916,2026-07-22T15:14:49.632,36,2,3,0,5
86375.678442,2026-07-22T15:14:49.635,36,2,3,0,5
86375.680796,2026-07-22T15:14:49.637,36,2,3,0,5
86375.683483,2026-07-22T15:14:49.640,36,2,3,0,5
86375.685514,2026-07-22T15:14:49.642,36,2,3,0,5
86375.688136,2026-07-22T15:14:49.644,36,2,3,0,5
86375.690655,2026-07-22T15:14:49.647,36,2,3,0,5
86375.693114,2026-07-22T15:14:49.649,36,2,3,0,5
86375.695635,2026-07-22T15:14:49.652,36,2,3,0,5
86375.698185,2026-07-22T15:14:49.655,36,2,3,0,5
86375.700724,2026-07-22T15:14:49.657,36,2,3,0,5
86375.702831,2026-07-22T15:14:49.659,36,2,3,0,5
86375.705339,2026-07-22T15:14:49.662,36,2,3,0,5
86375.707849,2026-07-22T15:14:49.664,36,2,3,0,5
86375.710352,2026-07-22T15:14:49.667,36,2,3,0,5
86375.712851,2026-07-22T15:14:49.669,36,2,3,0,5
86375.715382,2026-07-22T15:14:49.672,36,2,3,0,5
86375.717916,2026-07-22T15:14:49.674,36,2,3,0,5
86375.720253,2026-07-22T15:14:49.677,36,2,3,0,5
86375.722984,2026-07-22T15:14:49.679,36,2,3,0,5
86375.725245,2026-07-22T15:14:49.682,36,2,3,0,5
86375.727842,2026-07-22T15:14:49.684,36,2,3,0,5
86375.730708,2026-07-22T15:14:49.687,36,2,3,0,5
86375.732982,2026-07-22T15:14:49.689,36,2,3,0,5
86375.735387,2026-07-22T15:14:49.692,36,2,3,0,5
86375.737806,2026-07-22T15:14:49.694,36,2,3,0,5
86375.740307,2026-07-22T15:14:49.697,36,2,3,0,5
86375.742918,2026-07-22T15:14:49.699,36,2,3,0,5
86375.745439,2026-07-22T15:14:49.702,36,2,3,0,5
86375.747963,2026-07-22T15:14:49.704,36,2,3,0,5
86375.750453,2026-07-22T15:14:49.707,36,2,3,0,5
86375.753067,2026-07-22T15:14:49.709,36,2,3,0,5
86375.755569,2026-07-22T15:14:49.712,36,2,3,0,5
86375.758086,2026-07-22T15:14:49.714,36,2,3,0,5
86375.760702,2026-07-22T15:14:49.717,36,2,3,0,5
86375.762735,2026-07-22T15:14:49.719,36,2,3,0,5
86375.765168,2026-07-22T15:14:49.722,36,2,3,0,5
86375.767325,2026-07-22T15:14:49.723,36,2,3,0,5
86375.769708,2026-07-22T15:14:49.726,36,2,3,0,5
86375.772212,2026-07-22T15:14:49.729,36,2,3,0,5
86375.774253,2026-07-22T15:14:49.731,36,2,3,0,5
86375.776760,2026-07-22T15:14:49.733,36,2,3,0,5
86375.778786,2026-07-22T15:14:49.735,36,2,3,0,5
86375.781280,2026-07-22T15:14:49.738,36,2,3,0,5
86375.783891,2026-07-22T15:14:49.740,36,2,3,0,5
86375.786389,2026-07-22T15:14:49.743,36,2,3,0,5
86375.788946,2026-07-22T15:14:49.745,36,2,3,0,5
86375.791457,2026-07-22T15:14:49.748,36,2,3,0,5
86375.793887,2026-07-22T15:14:49.750,36,2,3,0,5
86375.795958,2026-07-22T15:14:49.752,36,2,3,0,5
86375.798336,2026-07-22T15:14:49.755,36,2,3,0,5
86375.800875,2026-07-22T15:14:49.757,36,2,3,0,5
86375.803380,2026-07-22T15:14:49.760,36,2,3,0,5
86375.805827,2026-07-22T15:14:49.762,36,2,3,0,5
86375.808329,2026-07-22T15:14:49.765,36,2,3,0,5
86375.810916,2026-07-22T15:14:49.767,36,2,3,0,5
86375.813421,2026-07-22T15:14:49.770,36,2,3,0,5
86375.815869,2026-07-22T15:14:49.772,36,2,3,0,5
86375.818384,2026-07-22T15:14:49.775,36,2,3,0,5
86375.820689,2026-07-22T15:14:49.777,36,2,3,0,5
86375.823202,2026-07-22T15:14:49.780,36,2,3,0,5
86375.825821,2026-07-22T15:14:49.782,36,2,3,0,5
86375.827955,2026-07-22T15:14:49.784,36,2,3,0,5
86375.830368,2026-07-22T15:14:49.787,36,2,3,0,5
86375.832378,2026-07-22T15:14:49.789,36,2,3,0,5
86375.834882,2026-07-22T15:14:49.791,36,2,3,0,5
86375.837543,2026-07-22T15:14:49.794,36,2,3,0,5
86375.840043,2026-07-22T15:14:49.796,36,2,3,0,5
86375.842516,2026-07-22T15:14:49.799,36,2,3,0,5
86375.845002,2026-07-22T15:14:49.801,36,2,3,0,5
86375.847087,2026-07-22T15:14:49.803,36,2,3,0,5
86375.849123,2026-07-22T15:14:49.805,36,2,3,0,5
86375.851638,2026-07-22T15:14:49.808,36,2,3,0,5
86375.854050,2026-07-22T15:14:49.810,36,2,3,0,5
86375.856569,2026-07-22T15:14:49.813,36,2,3,0,5
86375.859179,2026-07-22T15:14:49.815,36,2,3,0,5
86375.861773,2026-07-22T15:14:49.818,36,2,3,0,5
86375.863796,2026-07-22T15:14:49.820,36,2,3,0,5
86375.866201,2026-07-22T15:14:49.823,36,2,3,0,5
86375.868728,2026-07-22T15:14:49.825,36,2,3,0,5
86375.871237,2026-07-22T15:14:49.828,36,2,3,0,5
86375.873259,2026-07-22T15:14:49.830,36,2,3,0,5
86375.875779,2026-07-22T15:14:49.832,36,2,3,0,5
86375.878312,2026-07-22T15:14:49.835,36,2,3,0,5
86375.880689,2026-07-22T15:14:49.837,36,2,3,0,5
86375.883147,2026-07-22T15:14:49.840,36,2,3,0,5
86375.885178,2026-07-22T15:14:49.842,36,2,3,0,5
86375.887683,2026-07-22T15:14:49.844,36,2,3,0,5
86375.890210,2026-07-22T15:14:49.847,36,2,3,0,5
86375.892673,2026-07-22T15:14:49.849,36,2,3,0,5
86375.895138,2026-07-22T15:14:49.851,36,2,3,0,5
86375.897821,2026-07-22T15:14:49.854,36,2,3,0,5
86375.900317,2026-07-22T15:14:49.857,36,2,3,0,5
86375.902341,2026-07-22T15:14:49.859,36,2,3,0,5
86375.904830,2026-07-22T15:14:49.861,36,2,3,0,5
86375.907358,2026-07-22T15:14:49.864,36,2,3,0,5
86375.910105,2026-07-22T15:14:49.866,36,2,3,0,5
86375.912624,2026-07-22T15:14:49.869,36,2,3,0,5
86375.915108,2026-07-22T15:14:49.871,36,2,3,0,5
86375.917639,2026-07-22T15:14:49.874,36,2,3,0,5
86375.919676,2026-07-22T15:14:49.876,36,2,3,0,5
86375.921864,2026-07-22T15:14:49.878,36,2,3,0,5
86375.924842,2026-07-22T15:14:49.881,36,2,3,0,5
86375.926889,2026-07-22T15:14:49.883,36,2,3,0,5
86375.928923,2026-07-22T15:14:49.885,36,2,3,0,5
86375.931026,2026-07-22T15:14:49.887,36,2,3,0,5
86375.933566,2026-07-22T15:14:49.890,36,2,3,0,5
86375.935594,2026-07-22T15:14:49.892,36,2,3,0,5
86375.938045,2026-07-22T15:14:49.894,36,2,3,0,5
86375.940553,2026-07-22T15:14:49.897,36,2,3,0,5
86375.943039,2026-07-22T15:14:49.899,36,2,3,0,5
86375.945558,2026-07-22T15:14:49.902,36,2,3,0,5
86375.948077,2026-07-22T15:14:49.904,36,2,3,0,5
86375.950536,2026-07-22T15:14:49.907,36,2,3,0,5
86375.952565,2026-07-22T15:14:49.909,36,2,3,0,5
86375.955029,2026-07-22T15:14:49.911,36,2,3,0,5
86375.957546,2026-07-22T15:14:49.914,36,2,3,0,5
86375.960008,2026-07-22T15:14:49.916,36,2,3,0,5
86375.962530,2026-07-22T15:14:49.919,36,2,3,0,5
86375.965351,2026-07-22T15:14:49.922,36,2,3,0,5
86375.967762,2026-07-22T15:14:49.924,36,2,3,0,5
86375.970276,2026-07-22T15:14:49.927,36,2,3,0,5
86375.972503,2026-07-22T15:14:49.929,36,2,3,0,5
86375.975022,2026-07-22T15:14:49.931,36,2,3,0,5
86375.977214,2026-07-22T15:14:49.934,36,2,3,0,5
86375.979717,2026-07-22T15:14:49.936,5,0,3,0,5
86375.982346,2026-07-22T15:14:49.939,5,0,3,0,5
86375.985042,2026-07-22T15:14:49.941,5,0,3,0,5
86375.987784,2026-07-22T15:14:49.944,5,0,3,0,5
86375.990187,2026-07-22T15:14:49.947,5,0,3,0,5
86375.992851,2026-07-22T15:14:49.949,5,0,3,0,5
86375.995520,2026-07-22T15:14:49.952,5,0,3,0,5
86375.998115,2026-07-22T15:14:49.954,5,0,3,0,5
86376.000645,2026-07-22T15:14:49.957,5,0,3,0,5
86376.003197,2026-07-22T15:14:49.960,5,0,3,0,5
86376.005335,2026-07-22T15:14:49.962,5,0,3,0,5
86376.007915,2026-07-22T15:14:49.964,5,0,3,0,5
86376.010405,2026-07-22T15:14:49.967,5,0,3,0,5
86376.013066,2026-07-22T15:14:49.969,5,0,3,0,5
86376.015775,2026-07-22T15:14:49.972,5,0,3,0,5
86376.018149,2026-07-22T15:14:49.974,5,0,3,0,5
86376.020740,2026-07-22T15:14:49.977,5,0,3,0,5
86376.022893,2026-07-22T15:14:49.979,5,0,3,0,5
86376.025550,2026-07-22T15:14:49.982,5,0,3,0,5
86376.027632,2026-07-22T15:14:49.984,5,0,3,0,5
86376.029735,2026-07-22T15:14:49.986,5,0,3,0,5
86376.032028,2026-07-22T15:14:49.987,5,0,3,0,5
86376.034417,2026-07-22T15:14:49.991,5,0,3,0,5
86376.036957,2026-07-22T15:14:49.993,5,0,3,0,5
86376.039004,2026-07-22T15:14:49.995,5,0,3,0,5
86376.041070,2026-07-22T15:14:49.997,5,0,3,0,5
86376.043616,2026-07-22T15:14:50.000,5,0,3,0,5
86376.045694,2026-07-22T15:14:50.002,5,0,3,0,5
86376.047738,2026-07-22T15:14:50.004,5,0,3,0,5
86376.049793,2026-07-22T15:14:50.006,5,0,3,0,5
86376.051834,2026-07-22T15:14:50.008,5,0,3,0,5
86376.053879,2026-07-22T15:14:50.010,5,0,3,0,5
86376.055911,2026-07-22T15:14:50.012,5,0,3,0,5
86376.057962,2026-07-22T15:14:50.014,5,0,3,0,5
86376.060022,2026-07-22T15:14:50.016,5,0,3,0,5
86376.062149,2026-07-22T15:14:50.018,5,0,3,0,5
86376.064195,2026-07-22T15:14:50.021,5,0,3,0,5
86376.066260,2026-07-22T15:14:50.023,5,0,3,0,5
86376.068313,2026-07-22T15:14:50.025,5,0,3,0,5
86376.070389,2026-07-22T15:14:50.027,5,0,3,0,5
86376.072948,2026-07-22T15:14:50.029,5,0,3,0,5
86376.075560,2026-07-22T15:14:50.032,5,0,3,0,5
86376.078082,2026-07-22T15:14:50.034,5,0,3,0,5
86376.080381,2026-07-22T15:14:50.037,5,0,3,0,5
86376.082893,2026-07-22T15:14:50.039,5,0,3,0,5
86376.085364,2026-07-22T15:14:50.042,5,0,3,0,5
86376.087811,2026-07-22T15:14:50.044,5,0,3,0,5
86376.090212,2026-07-22T15:14:50.047,5,0,3,0,5
86376.092871,2026-07-22T15:14:50.049,5,0,3,0,5
86376.095373,2026-07-22T15:14:50.052,5,0,3,0,5
86376.097822,2026-07-22T15:14:50.054,5,0,3,0,5
86376.100293,2026-07-22T15:14:50.057,5,0,3,0,5
86376.102798,2026-07-22T15:14:50.059,5,0,3,0,5
86376.104945,2026-07-22T15:14:50.061,5,0,3,0,5
86376.107625,2026-07-22T15:14:50.064,5,0,3,0,5
86376.110152,2026-07-22T15:14:50.066,5,0,3,0,5
86376.112733,2026-07-22T15:14:50.069,5,0,3,0,5
86376.115255,2026-07-22T15:14:50.072,5,0,3,0,5
86376.117530,2026-07-22T15:14:50.074,5,0,3,0,5
86376.119582,2026-07-22T15:14:50.076,5,0,3,0,5
86376.122098,2026-07-22T15:14:50.078,5,0,3,0,5
86376.124139,2026-07-22T15:14:50.080,5,0,3,0,5
86376.126652,2026-07-22T15:14:50.083,5,0,3,0,5
86376.128983,2026-07-22T15:14:50.085,5,0,3,0,5
86376.131006,2026-07-22T15:14:50.087,5,0,3,0,5
86376.133575,2026-07-22T15:14:50.090,5,0,3,0,5
86376.136080,2026-07-22T15:14:50.092,5,0,3,0,5
86376.138873,2026-07-22T15:14:50.095,5,0,3,0,5
86376.141565,2026-07-22T15:14:50.098,5,0,3,0,5
86376.144105,2026-07-22T15:14:50.100,5,0,3,0,5
86376.146854,2026-07-22T15:14:50.103,5,0,3,0,5
86376.148885,2026-07-22T15:14:50.105,5,0,3,0,5
86376.150895,2026-07-22T15:14:50.107,5,0,3,0,5
86376.153390,2026-07-22T15:14:50.110,5,0,3,0,5
86376.155903,2026-07-22T15:14:50.112,5,0,3,0,5
86376.158568,2026-07-22T15:14:50.115,5,0,3,0,5
86376.161270,2026-07-22T15:14:50.118,5,0,3,0,5
86376.163831,2026-07-22T15:14:50.120,5,0,3,0,5
86376.165859,2026-07-22T15:14:50.122,5,0,3,0,5
86376.168569,2026-07-22T15:14:50.125,5,0,3,0,5
86376.170758,2026-07-22T15:14:50.127,5,0,3,0,5
86376.173189,2026-07-22T15:14:50.130,5,0,3,0,5
86376.175666,2026-07-22T15:14:50.132,5,0,3,0,5
86376.178087,2026-07-22T15:14:50.134,5,0,3,0,5
86376.180473,2026-07-22T15:14:50.136,5,0,3,0,5
86376.182831,2026-07-22T15:14:50.139,5,0,3,0,5
86376.185382,2026-07-22T15:14:50.142,5,0,3,0,5
86376.188021,2026-07-22T15:14:50.144,5,0,3,0,5
86376.190649,2026-07-22T15:14:50.147,5,0,3,0,5
86376.193166,2026-07-22T15:14:50.150,5,0,3,0,5
86376.195585,2026-07-22T15:14:50.152,5,0,3,0,5
86376.197996,2026-07-22T15:14:50.154,5,0,3,0,5
86376.200661,2026-07-22T15:14:50.157,5,0,3,0,5
86376.203143,2026-07-22T15:14:50.159,5,0,3,0,5
86376.205663,2026-07-22T15:14:50.162,5,0,3,0,5
86376.208064,2026-07-22T15:14:50.164,5,0,3,0,5
86376.210628,2026-07-22T15:14:50.167,5,0,3,0,5
86376.213114,2026-07-22T15:14:50.169,5,0,3,0,5
86376.215582,2026-07-22T15:14:50.172,5,0,3,0,5
86376.218024,2026-07-22T15:14:50.174,5,0,3,0,5
86376.220531,2026-07-22T15:14:50.177,5,0,3,0,5
86376.223162,2026-07-22T15:14:50.180,5,0,3,0,0
86376.225716,2026-07-22T15:14:50.182,3,3,3,0,0
86376.227741,2026-07-22T15:14:50.184,3,3,3,0,0
86376.230346,2026-07-22T15:14:50.187,3,3,3,0,0
86376.232862,2026-07-22T15:14:50.189,3,3,3,0,0
86376.235468,2026-07-22T15:14:50.192,3,3,3,0,0
86376.237988,2026-07-22T15:14:50.194,3,3,3,0,0
86376.240346,2026-07-22T15:14:50.197,3,3,3,0,0
86376.242787,2026-07-22T15:14:50.199,3,3,3,0,0
86376.245296,2026-07-22T15:14:50.202,3,3,3,0,0
86376.247742,2026-07-22T15:14:50.204,3,3,3,0,0
86376.250259,2026-07-22T15:14:50.207,3,3,3,0,0
86376.252385,2026-07-22T15:14:50.209,3,3,3,0,0
86376.254813,2026-07-22T15:14:50.211,3,3,3,0,0
86376.257323,2026-07-22T15:14:50.214,3,3,3,0,0
86376.259788,2026-07-22T15:14:50.216,3,3,3,0,0
86376.262157,2026-07-22T15:14:50.219,3,3,3,0,0
86376.264754,2026-07-22T15:14:50.221,3,3,3,0,0
86376.267134,2026-07-22T15:14:50.223,3,3,3,0,0
86376.269326,2026-07-22T15:14:50.226,3,3,3,0,0
86376.271943,2026-07-22T15:14:50.228,3,3,3,0,0
86376.274579,2026-07-22T15:14:50.231,3,3,3,0,0
86376.277197,2026-07-22T15:14:50.234,3,3,3,0,0
86376.279729,2026-07-22T15:14:50.236,3,3,3,0,0
86376.282102,2026-07-22T15:14:50.238,3,3,3,0,0
86376.284113,2026-07-22T15:14:50.240,3,3,3,0,0
86376.286142,2026-07-22T15:14:50.242,3,3,3,0,0
86376.288542,2026-07-22T15:14:50.245,3,3,3,0,0
86376.291018,2026-07-22T15:14:50.247,3,3,3,0,0
86376.293473,2026-07-22T15:14:50.250,3,3,3,0,0
86376.295936,2026-07-22T15:14:50.252,3,3,3,0,0
86376.298374,2026-07-22T15:14:50.255,3,3,3,0,0
86376.300942,2026-07-22T15:14:50.257,3,3,3,0,0
86376.303449,2026-07-22T15:14:50.260,3,3,3,0,0
86376.305898,2026-07-22T15:14:50.262,3,3,3,0,0
86376.308349,2026-07-22T15:14:50.265,3,3,3,0,0
86376.310848,2026-07-22T15:14:50.267,3,3,3,0,0
86376.313448,2026-07-22T15:14:50.270,3,3,3,0,0
86376.316103,2026-07-22T15:14:50.272,3,3,3,0,0
86376.318743,2026-07-22T15:14:50.275,3,3,3,0,0
86376.321395,2026-07-22T15:14:50.278,3,3,3,0,0
86376.323719,2026-07-22T15:14:50.280,3,3,3,0,0
86376.326212,2026-07-22T15:14:50.283,3,3,3,0,0
86376.328791,2026-07-22T15:14:50.285,3,3,3,0,0
86376.331573,2026-07-22T15:14:50.288,3,3,3,0,0
86376.334327,2026-07-22T15:14:50.291,3,3,3,0,0
86376.336692,2026-07-22T15:14:50.293,3,3,3,0,0
86376.339217,2026-07-22T15:14:50.296,3,3,3,0,0
86376.341727,2026-07-22T15:14:50.298,3,3,3,0,0
86376.344137,2026-07-22T15:14:50.300,3,3,3,0,0
86376.346712,2026-07-22T15:14:50.303,3,3,3,0,0
86376.349238,2026-07-22T15:14:50.306,3,3,3,0,0
86376.351758,2026-07-22T15:14:50.308,3,3,3,0,0
86376.354265,2026-07-22T15:14:50.311,3,3,3,0,0
86376.356292,2026-07-22T15:14:50.313,3,3,3,0,0
86376.358765,2026-07-22T15:14:50.315,3,3,3,0,0
86376.361361,2026-07-22T15:14:50.318,3,3,3,0,0
86376.363865,2026-07-22T15:14:50.320,3,3,3,0,0
86376.366307,2026-07-22T15:14:50.323,3,3,3,0,0
86376.368814,2026-07-22T15:14:50.325,3,3,3,0,0
86376.371579,2026-07-22T15:14:50.328,3,3,3,0,0
86376.374185,2026-07-22T15:14:50.330,3,3,3,0,0
86376.376878,2026-07-22T15:14:50.333,3,3,3,0,0
86376.379340,2026-07-22T15:14:50.336,3,3,3,0,0
86376.381850,2026-07-22T15:14:50.338,3,3,3,0,0
86376.383898,2026-07-22T15:14:50.340,3,3,3,0,0
86376.386394,2026-07-22T15:14:50.343,3,3,3,0,0
86376.388418,2026-07-22T15:14:50.345,3,3,3,0,0
86376.390442,2026-07-22T15:14:50.347,3,3,3,0,0
86376.392507,2026-07-22T15:14:50.349,3,3,3,0,0
86376.394583,2026-07-22T15:14:50.351,3,3,3,0,0
86376.396602,2026-07-22T15:14:50.353,3,3,3,0,0
86376.398657,2026-07-22T15:14:50.355,3,3,3,0,0
86376.400710,2026-07-22T15:14:50.357,3,3,3,0,0
86376.402767,2026-07-22T15:14:50.359,3,3,3,0,0
86376.404849,2026-07-22T15:14:50.361,3,3,3,0,0
86376.406901,2026-07-22T15:14:50.363,3,3,3,0,0
86376.408972,2026-07-22T15:14:50.365,3,3,3,0,0
86376.411008,2026-07-22T15:14:50.367,3,3,3,0,0
86376.413052,2026-07-22T15:14:50.369,3,3,3,0,0
86376.415126,2026-07-22T15:14:50.371,3,3,3,0,0
86376.417711,2026-07-22T15:14:50.374,3,3,3,0,0
86376.420508,2026-07-22T15:14:50.377,3,3,3,0,0
86376.422789,2026-07-22T15:14:50.379,3,3,3,0,0
86376.425353,2026-07-22T15:14:50.382,3,3,3,0,0
86376.427963,2026-07-22T15:14:50.384,3,3,3,0,0
86376.430434,2026-07-22T15:14:50.387,3,3,3,0,0
86376.432810,2026-07-22T15:14:50.389,3,3,3,0,0
86376.435432,2026-07-22T15:14:50.392,3,3,3,0,0
86376.438062,2026-07-22T15:14:50.394,3,3,3,0,0
86376.440712,2026-07-22T15:14:50.397,3,3,3,0,0
86376.443232,2026-07-22T15:14:50.400,3,3,3,0,0
86376.445753,2026-07-22T15:14:50.402,3,3,3,0,0
86376.448258,2026-07-22T15:14:50.405,3,3,3,0,0
86376.450596,2026-07-22T15:14:50.407,3,3,3,0,0
86376.452991,2026-07-22T15:14:50.409,3,3,3,0,0
86376.455514,2026-07-22T15:14:50.412,3,3,3,0,0
86376.458167,2026-07-22T15:14:50.415,3,3,3,0,0
86376.460701,2026-07-22T15:14:50.417,3,3,3,0,0
86376.463156,2026-07-22T15:14:50.420,3,3,3,0,0
86376.465629,2026-07-22T15:14:50.422,3,3,3,0,0
86376.468128,2026-07-22T15:14:50.424,3,3,3,0,0
86376.470463,2026-07-22T15:14:50.427,3,3,3,0,0
86376.473176,2026-07-22T15:14:50.430,3,3,3,0,0
86376.475899,2026-07-22T15:14:50.432,3,3,3,0,0
86376.478476,2026-07-22T15:14:50.435,3,3,3,0,0
86376.480832,2026-07-22T15:14:50.437,3,3,3,0,0
86376.483575,2026-07-22T15:14:50.440,3,3,3,0,0
86376.485887,2026-07-22T15:14:50.442,3,3,3,0,0
86376.488376,2026-07-22T15:14:50.445,3,3,3,0,0
86376.490991,2026-07-22T15:14:50.447,3,3,3,0,0
86376.493502,2026-07-22T15:14:50.450,3,3,3,0,0
86376.495925,2026-07-22T15:14:50.452,3,3,3,0,0
86376.497983,2026-07-22T15:14:50.454,3,3,3,0,0
86376.500462,2026-07-22T15:14:50.457,3,3,3,0,0
86376.502887,2026-07-22T15:14:50.459,3,3,3,0,0
86376.505338,2026-07-22T15:14:50.462,3,3,3,0,0
86376.507836,2026-07-22T15:14:50.464,3,3,3,0,0
86376.510374,2026-07-22T15:14:50.467,3,3,3,0,0
86376.512852,2026-07-22T15:14:50.469,3,3,3,0,0
86376.515379,2026-07-22T15:14:50.472,3,3,3,0,0
86376.517849,2026-07-22T15:14:50.474,3,3,3,0,0
86376.520122,2026-07-22T15:14:50.476,3,3,3,0,0
86376.522796,2026-07-22T15:14:50.479,3,3,3,0,0
86376.525559,2026-07-22T15:14:50.482,3,3,3,0,0
86376.528009,2026-07-22T15:14:50.484,3,3,3,0,0
86376.530802,2026-07-22T15:14:50.487,3,3,3,0,0
86376.533162,2026-07-22T15:14:50.490,3,3,3,0,0
86376.535804,2026-07-22T15:14:50.492,3,3,3,0,0
86376.538362,2026-07-22T15:14:50.495,3,3,3,0,0
86376.540915,2026-07-22T15:14:50.497,3,3,3,0,0
86376.543507,2026-07-22T15:14:50.500,3,3,3,0,0
86376.546021,2026-07-22T15:14:50.502,3,3,3,0,0
86376.548518,2026-07-22T15:14:50.505,3,3,3,0,0
86376.551098,2026-07-22T15:14:50.507,3,3,3,0,0
86376.553709,2026-07-22T15:14:50.510,3,3,3,0,0
86376.556196,2026-07-22T15:14:50.513,3,3,3,0,0
86376.558791,2026-07-22T15:14:50.515,3,3,3,0,0
86376.560836,2026-07-22T15:14:50.517,3,3,3,0,0
86376.563336,2026-07-22T15:14:50.520,3,3,3,0,0
86376.565851,2026-07-22T15:14:50.522,3,3,3,0,0
86376.568012,2026-07-22T15:14:50.524,3,3,3,0,0
86376.570389,2026-07-22T15:14:50.527,3,3,3,0,0
86376.572726,2026-07-22T15:14:50.529,3,3,3,0,0
86376.575054,2026-07-22T15:14:50.531,3,3,3,0,0
86376.577686,2026-07-22T15:14:50.534,3,3,3,0,0
86376.580041,2026-07-22T15:14:50.536,3,3,3,0,0
86376.582499,2026-07-22T15:14:50.539,3,3,3,0,0
86376.585204,2026-07-22T15:14:50.542,3,3,3,0,0
86376.587870,2026-07-22T15:14:50.544,3,3,3,0,0
86376.590549,2026-07-22T15:14:50.547,3,3,3,0,0
86376.593036,2026-07-22T15:14:50.549,3,3,3,0,0
86376.595690,2026-07-22T15:14:50.552,3,3,3,0,0
86376.598123,2026-07-22T15:14:50.554,3,3,3,0,0
86376.600610,2026-07-22T15:14:50.557,3,3,3,0,0
86376.602978,2026-07-22T15:14:50.559,3,3,3,0,0
86376.605494,2026-07-22T15:14:50.562,3,3,3,0,0
86376.608033,2026-07-22T15:14:50.564,3,3,3,0,0
86376.610543,2026-07-22T15:14:50.567,3,3,3,0,0
86376.613060,2026-07-22T15:14:50.569,3,3,3,0,0
86376.615513,2026-07-22T15:14:50.572,3,3,3,0,0
86376.617568,2026-07-22T15:14:50.574,3,3,3,0,0
86376.620088,2026-07-22T15:14:50.576,3,3,3,0,0
86376.622458,2026-07-22T15:14:50.579,3,3,3,0,0
86376.624533,2026-07-22T15:14:50.581,3,3,3,0,0
86376.627296,2026-07-22T15:14:50.584,3,3,3,0,0
86376.630018,2026-07-22T15:14:50.586,3,3,3,0,0
86376.632528,2026-07-22T15:14:50.589,3,3,3,0,0
86376.634993,2026-07-22T15:14:50.591,3,3,3,0,0
86376.637325,2026-07-22T15:14:50.593,3,3,3,0,0
86376.639448,2026-07-22T15:14:50.596,3,3,3,0,0
86376.642116,2026-07-22T15:14:50.598,3,3,3,0,0
86376.644733,2026-07-22T15:14:50.601,3,3,3,0,0
86376.647289,2026-07-22T15:14:50.604,3,3,3,0,0
86376.649336,2026-07-22T15:14:50.606,3,3,3,0,0
86376.651985,2026-07-22T15:14:50.608,3,3,3,0,0
86376.654772,2026-07-22T15:14:50.611,3,3,3,0,0
86376.657327,2026-07-22T15:14:50.614,3,3,3,0,0
86376.659925,2026-07-22T15:14:50.616,3,3,3,0,0
86376.662450,2026-07-22T15:14:50.619,3,3,3,0,0
86376.665011,2026-07-22T15:14:50.621,3,3,3,0,0
86376.667413,2026-07-22T15:14:50.624,3,3,3,0,0
86376.670074,2026-07-22T15:14:50.626,3,3,3,0,0
86376.672109,2026-07-22T15:14:50.628,3,3,3,0,0
86376.674387,2026-07-22T15:14:50.631,3,3,3,0,0
86376.676536,2026-07-22T15:14:50.633,3,3,3,0,0
86376.679005,2026-07-22T15:14:50.635,3,3,3,0,0
86376.681650,2026-07-22T15:14:50.638,3,3,3,0,0
86376.684271,2026-07-22T15:14:50.641,3,3,3,0,0
86376.686845,2026-07-22T15:14:50.643,3,3,3,0,0
86376.689428,2026-07-22T15:14:50.646,3,3,3,0,0
86376.691984,2026-07-22T15:14:50.648,3,3,3,0,0
86376.694487,2026-07-22T15:14:50.651,3,3,3,0,0
86376.697012,2026-07-22T15:14:50.653,3,3,3,0,0
86376.699604,2026-07-22T15:14:50.656,3,3,3,0,0
86376.702132,2026-07-22T15:14:50.658,3,3,3,0,0
86376.704866,2026-07-22T15:14:50.661,3,3,3,0,0
86376.707431,2026-07-22T15:14:50.664,3,3,3,0,0
86376.709922,2026-07-22T15:14:50.666,3,3,3,0,0
86376.712506,2026-07-22T15:14:50.669,3,3,3,0,0
86376.715168,2026-07-22T15:14:50.672,3,3,3,0,0
86376.717764,2026-07-22T15:14:50.674,3,3,3,0,0
86376.720560,2026-07-22T15:14:50.677,3,3,3,0,0
86376.722894,2026-07-22T15:14:50.679,3,3,3,0,0
86376.725546,2026-07-22T15:14:50.682,3,3,3,0,0
86376.728075,2026-07-22T15:14:50.684,3,3,3,0,0
86376.730840,2026-07-22T15:14:50.687,3,3,3,0,0
86376.733374,2026-07-22T15:14:50.690,3,3,3,0,0
86376.735876,2026-07-22T15:14:50.692,3,3,3,0,0
86376.738023,2026-07-22T15:14:50.694,3,3,3,0,0
86376.740391,2026-07-22T15:14:50.697,3,3,3,0,0
86376.743024,2026-07-22T15:14:50.699,3,3,3,0,0
86376.745561,2026-07-22T15:14:50.702,3,3,3,0,0
86376.747622,2026-07-22T15:14:50.704,3,3,3,0,0
86376.750132,2026-07-22T15:14:50.706,3,3,3,0,0
86376.752639,2026-07-22T15:14:50.709,3,3,3,0,0
86376.754676,2026-07-22T15:14:50.711,3,3,3,0,0
86376.757189,2026-07-22T15:14:50.714,3,3,3,0,0
86376.759771,2026-07-22T15:14:50.716,3,3,3,0,0
86376.761804,2026-07-22T15:14:50.718,3,3,3,0,0
86376.764329,2026-07-22T15:14:50.721,3,3,3,0,0
86376.766843,2026-07-22T15:14:50.723,3,3,3,0,0
86376.769209,2026-07-22T15:14:50.726,3,3,3,0,0
86376.771835,2026-07-22T15:14:50.728,3,3,3,0,0
86376.773862,2026-07-22T15:14:50.730,3,3,3,0,0
86376.776416,2026-07-22T15:14:50.733,3,3,3,0,0
86376.778920,2026-07-22T15:14:50.735,3,3,3,0,0
86376.781341,2026-07-22T15:14:50.738,3,3,3,0,0
86376.783974,2026-07-22T15:14:50.740,3,3,3,0,0
86376.786557,2026-07-22T15:14:50.743,3,3,3,0,0
86376.789125,2026-07-22T15:14:50.745,3,3,3,0,0
86376.791196,2026-07-22T15:14:50.748,3,3,3,0,0
86376.793745,2026-07-22T15:14:50.750,3,3,3,0,0
86376.796250,2026-07-22T15:14:50.753,3,3,3,0,0
86376.798309,2026-07-22T15:14:50.755,3,3,3,0,0
86376.800831,2026-07-22T15:14:50.757,3,3,3,0,0
86376.803526,2026-07-22T15:14:50.760,3,3,3,0,0
86376.806056,2026-07-22T15:14:50.762,3,3,3,0,0
86376.808083,2026-07-22T15:14:50.764,3,3,3,0,0
86376.810708,2026-07-22T15:14:50.767,3,3,3,0,0
86376.813103,2026-07-22T15:14:50.769,3,3,3,0,0
86376.815610,2026-07-22T15:14:50.772,3,3,3,0,0
86376.818305,2026-07-22T15:14:50.774,3,3,3,0,0
86376.820790,2026-07-22T15:14:50.777,3,3,3,0,0
86376.823289,2026-07-22T15:14:50.780,3,3,3,0,0
86376.825849,2026-07-22T15:14:50.782,3,3,3,0,0
86376.828565,2026-07-22T15:14:50.785,3,3,3,0,0
86376.830871,2026-07-22T15:14:50.787,3,3,3,0,0
86376.833213,2026-07-22T15:14:50.790,3,3,3,0,0
86376.835723,2026-07-22T15:14:50.792,3,3,3,0,0
86376.837804,2026-07-22T15:14:50.794,3,3,3,0,0
86376.840360,2026-07-22T15:14:50.797,3,3,3,0,0
86376.843035,2026-07-22T15:14:50.799,3,3,3,0,0
86376.845646,2026-07-22T15:14:50.802,3,3,3,0,0
86376.848002,2026-07-22T15:14:50.804,3,3,3,0,0
86376.850034,2026-07-22T15:14:50.806,3,3,3,0,0
86376.852078,2026-07-22T15:14:50.808,3,3,3,0,0
86376.854507,2026-07-22T15:14:50.811,3,3,3,0,0
86376.857023,2026-07-22T15:14:50.813,3,3,3,0,0
86376.859417,2026-07-22T15:14:50.816,3,3,3,0,0
86376.861886,2026-07-22T15:14:50.818,3,3,3,0,0
86376.863976,2026-07-22T15:14:50.820,3,3,3,0,0
86376.866430,2026-07-22T15:14:50.823,3,3,3,0,0
86376.869238,2026-07-22T15:14:50.825,3,3,3,0,0
86376.871781,2026-07-22T15:14:50.828,3,3,3,0,0
86376.874278,2026-07-22T15:14:50.831,3,3,3,0,0
86376.876294,2026-07-22T15:14:50.833,3,3,3,0,0
86376.878350,2026-07-22T15:14:50.835,3,3,3,0,0
86376.880385,2026-07-22T15:14:50.837,3,3,3,0,0
86376.882761,2026-07-22T15:14:50.839,3,3,3,0,0
86376.885281,2026-07-22T15:14:50.842,3,3,3,0,0
86376.887833,2026-07-22T15:14:50.844,3,3,3,0,0
86376.890348,2026-07-22T15:14:50.847,3,3,3,0,0
86376.893041,2026-07-22T15:14:50.849,3,3,3,0,0
86376.895724,2026-07-22T15:14:50.852,3,3,3,0,0
86376.898039,2026-07-22T15:14:50.854,3,3,3,0,0
86376.900648,2026-07-22T15:14:50.857,3,3,3,0,0
86376.902685,2026-07-22T15:14:50.859,3,3,3,0,0
86376.905215,2026-07-22T15:14:50.862,3,3,3,0,0
86376.907727,2026-07-22T15:14:50.864,3,3,3,0,0
86376.910191,2026-07-22T15:14:50.867,3,3,3,0,0
86376.912709,2026-07-22T15:14:50.869,3,3,3,0,0
86376.915135,2026-07-22T15:14:50.871,3,3,3,0,0
86376.917666,2026-07-22T15:14:50.874,3,3,3,0,0
86376.919752,2026-07-22T15:14:50.876,3,3,3,0,0
86376.922229,2026-07-22T15:14:50.878,3,3,3,0,0
86376.924272,2026-07-22T15:14:50.881,3,3,3,0,0
86376.926294,2026-07-22T15:14:50.883,3,3,3,0,0
86376.928849,2026-07-22T15:14:50.885,3,3,3,0,0
86376.931296,2026-07-22T15:14:50.888,3,3,3,0,0
86376.933911,2026-07-22T15:14:50.890,3,3,3,0,0
86376.936433,2026-07-22T15:14:50.893,3,3,3,0,0
86376.938950,2026-07-22T15:14:50.895,3,3,3,0,0
86376.940982,2026-07-22T15:14:50.897,3,3,3,0,0
86376.943481,2026-07-22T15:14:50.900,3,3,3,0,0
86376.946003,2026-07-22T15:14:50.902,3,3,3,0,0
86376.948690,2026-07-22T15:14:50.905,3,3,3,0,0
86376.950717,2026-07-22T15:14:50.907,3,3,3,0,0
86376.952746,2026-07-22T15:14:50.909,3,3,3,0,0
86376.955294,2026-07-22T15:14:50.912,3,3,3,0,0
86376.957800,2026-07-22T15:14:50.914,3,3,3,0,0
86376.960185,2026-07-22T15:14:50.917,3,3,3,0,0
86376.962706,2026-07-22T15:14:50.919,3,3,3,0,0
86376.965364,2026-07-22T15:14:50.922,3,3,3,0,0
86376.967853,2026-07-22T15:14:50.924,3,3,3,0,0
86376.969922,2026-07-22T15:14:50.926,3,3,3,0,0
86376.972438,2026-07-22T15:14:50.929,3,3,3,0,0
86376.974494,2026-07-22T15:14:50.931,3,3,3,0,0
86376.977115,2026-07-22T15:14:50.933,3,3,3,0,0
86376.979642,2026-07-22T15:14:50.936,3,3,3,0,0
86376.982310,2026-07-22T15:14:50.939,3,3,3,0,0
86376.984858,2026-07-22T15:14:50.941,3,3,3,0,0
86376.986883,2026-07-22T15:14:50.943,3,3,3,0,0
86376.989346,2026-07-22T15:14:50.946,3,3,3,0,0
86376.991877,2026-07-22T15:14:50.948,3,3,3,0,0
86376.994379,2026-07-22T15:14:50.951,3,3,3,0,0
86376.996422,2026-07-22T15:14:50.953,3,3,3,0,0
86376.998966,2026-07-22T15:14:50.955,3,3,3,0,0
86377.001466,2026-07-22T15:14:50.958,3,3,3,0,0
86377.003485,2026-07-22T15:14:50.960,3,3,3,0,0
86377.005959,2026-07-22T15:14:50.962,3,3,3,0,0
86377.007998,2026-07-22T15:14:50.964,3,3,3,0,0
86377.010483,2026-07-22T15:14:50.967,3,3,3,0,0
86377.013023,2026-07-22T15:14:50.969,3,3,3,0,0
86377.015678,2026-07-22T15:14:50.972,3,3,3,0,0
86377.018531,2026-07-22T15:14:50.975,3,3,3,0,0
86377.021047,2026-07-22T15:14:50.977,3,3,3,0,0
86377.023539,2026-07-22T15:14:50.980,3,3,3,0,0
86377.025581,2026-07-22T15:14:50.982,3,3,3,0,0
86377.028218,2026-07-22T15:14:50.985,3,3,3,0,0
86377.030258,2026-07-22T15:14:50.987,3,3,3,0,0
86377.032922,2026-07-22T15:14:50.989,3,3,3,0,0
86377.035431,2026-07-22T15:14:50.992,3,3,3,0,0
86377.037861,2026-07-22T15:14:50.994,3,3,3,0,0
86377.040506,2026-07-22T15:14:50.997,3,3,3,0,0
86377.042533,2026-07-22T15:14:50.999,3,3,3,0,0
86377.045078,2026-07-22T15:14:51.001,3,3,3,0,0
86377.047108,2026-07-22T15:14:51.003,3,3,3,0,0
86377.049638,2026-07-22T15:14:51.006,37,0,3,0,0
86377.052150,2026-07-22T15:14:51.009,37,0,3,0,0
86377.054339,2026-07-22T15:14:51.011,37,0,3,0,0
86377.056370,2026-07-22T15:14:51.013,37,0,3,0,0
86377.058401,2026-07-22T15:14:51.015,37,0,3,0,0
86377.060911,2026-07-22T15:14:51.017,37,0,3,0,0
86377.063409,2026-07-22T15:14:51.020,37,0,3,0,0
86377.065914,2026-07-22T15:14:51.022,37,0,3,0,0
86377.068628,2026-07-22T15:14:51.025,37,0,3,0,0
86377.070938,2026-07-22T15:14:51.027,37,0,3,0,0
86377.073270,2026-07-22T15:14:51.030,37,0,3,0,0
86377.075974,2026-07-22T15:14:51.032,37,0,3,0,0
86377.078656,2026-07-22T15:14:51.035,37,0,3,0,0
86377.081295,2026-07-22T15:14:51.038,37,0,3,0,0
86377.083682,2026-07-22T15:14:51.040,37,0,3,0,0
86377.085707,2026-07-22T15:14:51.042,37,0,3,0,0
86377.087742,2026-07-22T15:14:51.044,37,0,3,0,0
86377.090258,2026-07-22T15:14:51.047,37,0,3,0,0
86377.092908,2026-07-22T15:14:51.049,37,0,3,0,0
86377.095301,2026-07-22T15:14:51.052,37,0,3,0,0
86377.097829,2026-07-22T15:14:51.054,37,0,3,0,0
86377.100180,2026-07-22T15:14:51.057,37,0,3,0,0
86377.102216,2026-07-22T15:14:51.059,37,0,3,0,0
86377.104276,2026-07-22T15:14:51.061,37,0,3,0,0
86377.106779,2026-07-22T15:14:51.063,37,0,3,0,0
86377.109300,2026-07-22T15:14:51.066,37,0,3,0,0
86377.112050,2026-07-22T15:14:51.068,37,0,3,0,0
86377.114567,2026-07-22T15:14:51.071,37,0,3,0,0
86377.117085,2026-07-22T15:14:51.073,37,0,3,0,0
86377.119179,2026-07-22T15:14:51.076,37,0,3,0,0
86377.121233,2026-07-22T15:14:51.078,37,0,3,0,0
86377.123716,2026-07-22T15:14:51.080,37,0,3,0,0
86377.126226,2026-07-22T15:14:51.083,37,0,3,0,0
86377.128740,2026-07-22T15:14:51.085,37,0,3,0,0
86377.131272,2026-07-22T15:14:51.088,37,0,3,0,0
86377.133790,2026-07-22T15:14:51.090,37,0,3,0,0
86377.136501,2026-07-22T15:14:51.093,37,0,3,0,0
86377.138829,2026-07-22T15:14:51.095,37,0,3,0,0
86377.140859,2026-07-22T15:14:51.097,37,0,3,0,0
86377.143378,2026-07-22T15:14:51.100,37,0,3,0,0
86377.145912,2026-07-22T15:14:51.102,37,0,3,0,0
86377.148665,2026-07-22T15:14:51.105,37,0,3,0,0
86377.151198,2026-07-22T15:14:51.108,37,0,3,0,0
86377.153853,2026-07-22T15:14:51.110,37,0,3,0,0
86377.155893,2026-07-22T15:14:51.112,37,0,3,0,0
86377.158424,2026-07-22T15:14:51.115,37,0,3,0,0
86377.160954,2026-07-22T15:14:51.117,37,0,3,0,0
86377.163051,2026-07-22T15:14:51.119,37,0,3,0,0
86377.165582,2026-07-22T15:14:51.122,37,0,3,0,0
86377.167654,2026-07-22T15:14:51.124,37,0,3,0,0
86377.170180,2026-07-22T15:14:51.127,37,0,3,0,0
86377.172709,2026-07-22T15:14:51.129,37,0,3,0,0
86377.175241,2026-07-22T15:14:51.132,37,0,3,0,0
86377.177284,2026-07-22T15:14:51.134,37,0,3,0,0
86377.179794,2026-07-22T15:14:51.136,37,0,3,0,0
86377.181810,2026-07-22T15:14:51.138,37,0,3,0,0
86377.183848,2026-07-22T15:14:51.140,37,0,3,0,0
86377.185892,2026-07-22T15:14:51.142,37,0,3,0,0
86377.188422,2026-07-22T15:14:51.145,37,0,3,0,0
86377.190465,2026-07-22T15:14:51.147,37,0,3,0,0
86377.192978,2026-07-22T15:14:51.149,37,0,3,0,0
86377.195510,2026-07-22T15:14:51.152,37,0,3,0,0
86377.197641,2026-07-22T15:14:51.154,37,0,3,0,0
86377.200665,2026-07-22T15:14:51.157,37,0,3,0,0
86377.203070,2026-07-22T15:14:51.159,37,0,3,0,0
86377.205104,2026-07-22T15:14:51.161,37,0,3,0,0
86377.207635,2026-07-22T15:14:51.164,37,0,3,0,0
86377.210162,2026-07-22T15:14:51.167,37,0,3,0,0
86377.212694,2026-07-22T15:14:51.169,37,0,3,0,0
86377.215224,2026-07-22T15:14:51.172,37,0,3,0,0
86377.217754,2026-07-22T15:14:51.174,37,0,3,0,0
86377.220280,2026-07-22T15:14:51.177,37,0,3,0,0
86377.222802,2026-07-22T15:14:51.179,37,0,3,0,0
86377.224842,2026-07-22T15:14:51.181,37,0,3,0,0
86377.227181,2026-07-22T15:14:51.184,37,0,3,0,0
86377.229718,2026-07-22T15:14:51.186,37,0,3,0,0
86377.232206,2026-07-22T15:14:51.189,37,0,3,0,0
86377.234432,2026-07-22T15:14:51.191,37,0,3,0,0
86377.236457,2026-07-22T15:14:51.193,37,0,3,0,0
86377.238990,2026-07-22T15:14:51.195,37,0,3,0,0
86377.241519,2026-07-22T15:14:51.198,37,0,3,0,0
86377.243579,2026-07-22T15:14:51.200,37,0,3,0,0
86377.246094,2026-07-22T15:14:51.202,37,0,3,0,0
86377.248117,2026-07-22T15:14:51.204,37,0,3,0,0
86377.250712,2026-07-22T15:14:51.207,37,0,3,0,0
86377.253508,2026-07-22T15:14:51.210,37,0,3,0,0
86377.256028,2026-07-22T15:14:51.212,37,0,3,0,0
86377.258546,2026-07-22T15:14:51.215,37,0,3,0,0
86377.260886,2026-07-22T15:14:51.217,37,0,3,0,0
86377.263224,2026-07-22T15:14:51.220,37,0,3,0,0
86377.265256,2026-07-22T15:14:51.222,37,0,3,0,0
86377.267777,2026-07-22T15:14:51.224,37,0,3,0,0
86377.270310,2026-07-22T15:14:51.227,37,0,3,0,0
86377.273079,2026-07-22T15:14:51.229,37,0,3,0,0
86377.275583,2026-07-22T15:14:51.232,37,0,3,0,0
86377.277971,2026-07-22T15:14:51.234,37,0,3,0,0
86377.280007,2026-07-22T15:14:51.236,37,0,3,0,0
86377.282063,2026-07-22T15:14:51.238,37,0,3,0,0
86377.284579,2026-07-22T15:14:51.241,37,0,3,0,0
86377.287207,2026-07-22T15:14:51.244,37,0,3,0,0
86377.289799,2026-07-22T15:14:51.246,37,0,3,0,0
86377.292555,2026-07-22T15:14:51.249,37,2,3,0,5
86377.294838,2026-07-22T15:14:51.251,37,2,3,0,5
86377.297395,2026-07-22T15:14:51.254,37,2,3,0,5
86377.300115,2026-07-22T15:14:51.256,37,2,3,0,5
86377.302688,2026-07-22T15:14:51.259,37,2,3,0,5
86377.305141,2026-07-22T15:14:51.261,37,2,3,0,5
86377.307192,2026-07-22T15:14:51.264,37,2,3,0,5
86377.309767,2026-07-22T15:14:51.266,37,2,3,0,5
86377.312302,2026-07-22T15:14:51.269,37,2,3,0,5
86377.314804,2026-07-22T15:14:51.271,37,2,3,0,5
86377.316827,2026-07-22T15:14:51.273,37,2,3,0,5
86377.319051,2026-07-22T15:14:51.275,37,2,3,0,5
86377.321187,2026-07-22T15:14:51.278,37,2,3,0,5
86377.323728,2026-07-22T15:14:51.280,37,2,3,0,5
86377.326205,2026-07-22T15:14:51.283,37,2,3,0,5
86377.328722,2026-07-22T15:14:51.285,37,2,3,0,5
86377.331167,2026-07-22T15:14:51.288,37,2,3,0,5
86377.333690,2026-07-22T15:14:51.290,37,2,3,0,5
86377.336237,2026-07-22T15:14:51.293,37,2,3,0,5
86377.338694,2026-07-22T15:14:51.295,37,2,3,0,5
86377.341024,2026-07-22T15:14:51.297,37,2,3,0,5
86377.343531,2026-07-22T15:14:51.300,37,2,3,0,5
86377.345561,2026-07-22T15:14:51.302,37,2,3,0,5
86377.347999,2026-07-22T15:14:51.304,37,2,3,0,5
86377.350251,2026-07-22T15:14:51.307,37,2,3,0,5
86377.352979,2026-07-22T15:14:51.309,37,2,3,0,5
86377.356062,2026-07-22T15:14:51.312,37,2,3,0,5
86377.358093,2026-07-22T15:14:51.314,37,2,3,0,5
86377.360718,2026-07-22T15:14:51.317,37,2,3,0,5
86377.362745,2026-07-22T15:14:51.319,37,2,3,0,5
86377.365199,2026-07-22T15:14:51.322,37,2,3,0,5
86377.367718,2026-07-22T15:14:51.324,37,2,3,0,5
86377.369764,2026-07-22T15:14:51.326,37,2,3,0,5
86377.372396,2026-07-22T15:14:51.329,37,2,3,0,5
86377.374771,2026-07-22T15:14:51.331,37,2,3,0,5
86377.377295,2026-07-22T15:14:51.334,37,2,3,0,5
86377.379830,2026-07-22T15:14:51.336,37,2,3,0,5
86377.382215,2026-07-22T15:14:51.339,37,2,3,0,5
86377.384734,2026-07-22T15:14:51.341,37,2,3,0,5
86377.387112,2026-07-22T15:14:51.343,37,2,3,0,5
86377.389226,2026-07-22T15:14:51.346,37,2,3,0,5
86377.391723,2026-07-22T15:14:51.348,37,2,3,0,5
86377.393761,2026-07-22T15:14:51.350,37,2,3,0,5
86377.396275,2026-07-22T15:14:51.353,37,2,3,0,5
86377.398311,2026-07-22T15:14:51.355,37,2,3,0,5
86377.400822,2026-07-22T15:14:51.357,37,2,3,0,5
86377.403325,2026-07-22T15:14:51.360,37,2,3,0,5
86377.405342,2026-07-22T15:14:51.362,37,2,3,0,5
86377.407864,2026-07-22T15:14:51.364,37,2,3,0,5
86377.410384,2026-07-22T15:14:51.367,37,2,3,0,5
86377.412886,2026-07-22T15:14:51.369,37,2,3,0,5
86377.414923,2026-07-22T15:14:51.371,37,2,3,0,5
86377.417434,2026-07-22T15:14:51.374,37,2,3,0,5
86377.419553,2026-07-22T15:14:51.375,37,2,3,0,5
86377.421830,2026-07-22T15:14:51.378,37,2,3,0,5
86377.423857,2026-07-22T15:14:51.380,37,2,3,0,5
86377.425883,2026-07-22T15:14:51.382,37,2,3,0,5
86377.428249,2026-07-22T15:14:51.385,37,2,3,0,5
86377.430280,2026-07-22T15:14:51.387,37,2,3,0,5
86377.432758,2026-07-22T15:14:51.389,37,2,3,0,5
86377.435205,2026-07-22T15:14:51.392,37,2,3,0,5
86377.437627,2026-07-22T15:14:51.394,37,2,3,0,5
86377.440149,2026-07-22T15:14:51.397,37,2,3,0,5
86377.442855,2026-07-22T15:14:51.399,37,2,3,0,5
86377.445436,2026-07-22T15:14:51.402,37,2,3,0,5
86377.447490,2026-07-22T15:14:51.404,37,2,3,0,5
86377.449614,2026-07-22T15:14:51.406,37,2,3,0,5
86377.451642,2026-07-22T15:14:51.408,37,2,3,0,5
86377.453665,2026-07-22T15:14:51.410,37,2,3,0,5
86377.456064,2026-07-22T15:14:51.412,37,2,3,0,5
86377.458093,2026-07-22T15:14:51.414,37,2,3,0,5
86377.460622,2026-07-22T15:14:51.417,37,2,3,0,5
86377.463143,2026-07-22T15:14:51.419,37,2,3,0,5
86377.465670,2026-07-22T15:14:51.422,37,2,3,0,5
86377.468165,2026-07-22T15:14:51.425,37,2,3,0,5
86377.470206,2026-07-22T15:14:51.426,37,2,3,0,5
86377.472688,2026-07-22T15:14:51.429,37,2,3,0,5
86377.474742,2026-07-22T15:14:51.431,37,2,3,0,5
86377.477300,2026-07-22T15:14:51.434,37,2,3,0,5
86377.479917,2026-07-22T15:14:51.436,37,2,3,0,5
86377.482353,2026-07-22T15:14:51.439,37,2,3,0,5
86377.484817,2026-07-22T15:14:51.441,37,2,3,0,5
86377.486893,2026-07-22T15:14:51.443,37,2,3,0,5
86377.489345,2026-07-22T15:14:51.446,37,2,3,0,5
86377.491391,2026-07-22T15:14:51.448,37,2,3,0,5
86377.493826,2026-07-22T15:14:51.450,37,2,3,0,5
86377.496363,2026-07-22T15:14:51.453,37,2,3,0,5
86377.498926,2026-07-22T15:14:51.455,37,2,3,0,5
86377.501471,2026-07-22T15:14:51.458,37,2,3,0,5
86377.503525,2026-07-22T15:14:51.460,37,2,3,0,5
86377.506154,2026-07-22T15:14:51.463,37,2,3,0,5
86377.508186,2026-07-22T15:14:51.465,37,2,3,0,5
86377.510634,2026-07-22T15:14:51.467,37,2,3,0,5
86377.513175,2026-07-22T15:14:51.470,37,2,3,0,5
86377.515526,2026-07-22T15:14:51.472,37,2,3,0,5
86377.517966,2026-07-22T15:14:51.474,37,2,3,0,5
86377.519991,2026-07-22T15:14:51.476,37,2,3,0,5
86377.522027,2026-07-22T15:14:51.478,37,2,3,0,5
86377.524561,2026-07-22T15:14:51.481,37,2,3,0,5
86377.526951,2026-07-22T15:14:51.483,37,2,3,0,5
86377.529715,2026-07-22T15:14:51.486,37,2,3,0,5
86377.532243,2026-07-22T15:14:51.489,37,2,3,0,5
86377.535046,2026-07-22T15:14:51.491,37,2,3,0,5
86377.537074,2026-07-22T15:14:51.493,37,2,3,0,5
86377.539671,2026-07-22T15:14:51.496,37,2,3,0,5
86377.542260,2026-07-22T15:14:51.499,37,2,3,0,5
86377.544891,2026-07-22T15:14:51.501,37,2,3,0,5
86377.547423,2026-07-22T15:14:51.504,37,2,3,0,5
86377.549453,2026-07-22T15:14:51.506,37,2,3,0,5
86377.551464,2026-07-22T15:14:51.508,37,2,3,0,5
86377.553719,2026-07-22T15:14:51.510,37,2,3,0,5
86377.556374,2026-07-22T15:14:51.513,37,2,3,0,5
86377.558947,2026-07-22T15:14:51.515,37,2,3,0,5
86377.561528,2026-07-22T15:14:51.518,37,2,3,0,5
86377.564055,2026-07-22T15:14:51.520,37,2,3,0,5
86377.566568,2026-07-22T15:14:51.523,37,2,3,0,5
86377.568623,2026-07-22T15:14:51.525,37,2,3,0,5
86377.570629,2026-07-22T15:14:51.527,37,2,3,0,5
86377.572874,2026-07-22T15:14:51.529,37,2,3,0,5
86377.575759,2026-07-22T15:14:51.532,37,2,3,0,5
86377.578346,2026-07-22T15:14:51.535,37,2,3,0,5
86377.581080,2026-07-22T15:14:51.537,37,2,3,0,5
86377.583703,2026-07-22T15:14:51.540,37,2,3,0,5
86377.586369,2026-07-22T15:14:51.543,37,2,3,0,5
86377.589023,2026-07-22T15:14:51.545,37,2,3,0,5
86377.591666,2026-07-22T15:14:51.548,37,2,3,0,5
86377.594351,2026-07-22T15:14:51.551,37,2,3,0,5
86377.596878,2026-07-22T15:14:51.553,37,2,3,0,5
86377.599014,2026-07-22T15:14:51.555,37,2,3,0,5
86377.601611,2026-07-22T15:14:51.558,37,2,3,0,5
86377.604134,2026-07-22T15:14:51.560,37,2,3,0,5
86377.606646,2026-07-22T15:14:51.563,37,2,3,0,5
86377.609171,2026-07-22T15:14:51.566,37,2,3,0,5
86377.611859,2026-07-22T15:14:51.568,37,2,3,0,5
86377.614399,2026-07-22T15:14:51.571,37,2,3,0,5
86377.617043,2026-07-22T15:14:51.573,37,2,3,0,5
86377.619690,2026-07-22T15:14:51.576,37,2,3,0,5
86377.622348,2026-07-22T15:14:51.579,37,2,3,0,5
86377.625035,2026-07-22T15:14:51.581,37,2,3,0,5
86377.627550,2026-07-22T15:14:51.584,37,2,3,0,5
86377.629573,2026-07-22T15:14:51.586,37,2,3,0,5
86377.631606,2026-07-22T15:14:51.588,37,2,3,0,5
86377.634085,2026-07-22T15:14:51.590,37,2,3,0,5
86377.636625,2026-07-22T15:14:51.593,37,2,3,0,5
86377.639214,2026-07-22T15:14:51.596,6,0,3,0,8
86377.641937,2026-07-22T15:14:51.598,6,0,3,0,8
86377.644567,2026-07-22T15:14:51.601,6,0,3,0,8
86377.647255,2026-07-22T15:14:51.604,6,0,3,0,8
86377.649299,2026-07-22T15:14:51.606,6,0,3,0,8
86377.652091,2026-07-22T15:14:51.608,6,0,3,0,8
86377.654596,2026-07-22T15:14:51.611,6,0,3,0,8
86377.656989,2026-07-22T15:14:51.613,6,0,3,0,8
86377.659532,2026-07-22T15:14:51.616,6,0,3,0,8
86377.662027,2026-07-22T15:14:51.618,6,0,3,0,8
86377.664281,2026-07-22T15:14:51.621,6,0,3,0,8
86377.666328,2026-07-22T15:14:51.623,6,0,3,0,8
86377.668491,2026-07-22T15:14:51.625,6,0,3,0,8
86377.670593,2026-07-22T15:14:51.627,6,0,3,0,8
86377.673122,2026-07-22T15:14:51.629,6,0,3,0,8
86377.675487,2026-07-22T15:14:51.632,6,0,3,0,8
86377.678182,2026-07-22T15:14:51.635,6,0,3,0,8
86377.680724,2026-07-22T15:14:51.637,6,0,3,0,8
86377.683242,2026-07-22T15:14:51.640,6,0,3,0,8
86377.685810,2026-07-22T15:14:51.642,6,0,3,0,8
86377.688327,2026-07-22T15:14:51.645,6,0,3,0,8
86377.690804,2026-07-22T15:14:51.647,6,0,3,0,8
86377.693286,2026-07-22T15:14:51.650,6,0,3,0,8
86377.695760,2026-07-22T15:14:51.652,6,0,3,0,8
86377.698217,2026-07-22T15:14:51.655,6,0,3,0,8
86377.700846,2026-07-22T15:14:51.657,6,0,3,0,8
86377.703348,2026-07-22T15:14:51.660,6,0,3,0,8
86377.705842,2026-07-22T15:14:51.662,6,0,3,0,8
86377.708358,2026-07-22T15:14:51.665,6,0,3,0,8
86377.711003,2026-07-22T15:14:51.667,6,0,3,0,8
86377.713519,2026-07-22T15:14:51.670,6,0,3,0,8
86377.716030,2026-07-22T15:14:51.672,6,0,3,0,8
86377.718662,2026-07-22T15:14:51.675,6,0,3,0,8
86377.721290,2026-07-22T15:14:51.678,6,0,3,0,8
86377.723591,2026-07-22T15:14:51.680,6,0,3,0,8
86377.726006,2026-07-22T15:14:51.682,6,0,3,0,8
86377.729072,2026-07-22T15:14:51.685,6,0,3,0,8
86377.731305,2026-07-22T15:14:51.688,6,0,3,0,8
86377.733810,2026-07-22T15:14:51.690,6,0,3,0,8
86377.736331,2026-07-22T15:14:51.693,6,0,3,0,8
86377.739061,2026-07-22T15:14:51.695,6,0,3,0,8
86377.741554,2026-07-22T15:14:51.698,6,0,3,0,8
86377.744345,2026-07-22T15:14:51.701,6,0,3,0,8
86377.746613,2026-07-22T15:14:51.703,6,0,3,0,8
86377.749133,2026-07-22T15:14:51.705,6,0,3,0,8
86377.751467,2026-07-22T15:14:51.708,6,0,3,0,8
86377.753617,2026-07-22T15:14:51.710,6,0,3,0,8
86377.756145,2026-07-22T15:14:51.712,6,0,3,0,8
86377.758473,2026-07-22T15:14:51.715,6,0,3,0,8
86377.760988,2026-07-22T15:14:51.717,6,0,3,0,8
86377.763306,2026-07-22T15:14:51.720,6,0,3,0,8
86377.765642,2026-07-22T15:14:51.722,6,0,3,0,8
86377.767838,2026-07-22T15:14:51.724,6,0,3,0,8
86377.771179,2026-07-22T15:14:51.727,6,0,3,0,8
86377.773368,2026-07-22T15:14:51.730,6,0,3,0,8
86377.775898,2026-07-22T15:14:51.732,6,0,3,0,8
86377.777947,2026-07-22T15:14:51.734,6,0,3,0,8
86377.780158,2026-07-22T15:14:51.737,6,0,3,0,8
86377.782666,2026-07-22T15:14:51.739,6,0,3,0,8
86377.785040,2026-07-22T15:14:51.741,6,0,3,0,8
86377.787558,2026-07-22T15:14:51.744,6,0,3,0,8
86377.790033,2026-07-22T15:14:51.746,6,0,3,0,8
86377.792655,2026-07-22T15:14:51.749,6,0,3,0,8
86377.795320,2026-07-22T15:14:51.752,6,0,3,0,8
86377.797877,2026-07-22T15:14:51.754,6,0,3,0,8
86377.800502,2026-07-22T15:14:51.757,6,0,3,0,8
86377.803085,2026-07-22T15:14:51.759,6,0,3,0,8
86377.805630,2026-07-22T15:14:51.762,6,0,3,0,8
86377.808152,2026-07-22T15:14:51.764,6,0,3,0,8
86377.810691,2026-07-22T15:14:51.767,6,0,3,0,8
86377.813395,2026-07-22T15:14:51.770,6,0,3,0,8
86377.815827,2026-07-22T15:14:51.772,6,0,3,0,8
86377.818253,2026-07-22T15:14:51.775,6,0,3,0,8
86377.820462,2026-07-22T15:14:51.777,6,0,3,0,8
86377.822693,2026-07-22T15:14:51.779,6,0,3,0,8
86377.825328,2026-07-22T15:14:51.782,6,0,3,0,8
86377.827848,2026-07-22T15:14:51.784,6,0,3,0,8
86377.830168,2026-07-22T15:14:51.787,6,0,3,0,8
86377.832926,2026-07-22T15:14:51.789,6,0,3,0,8
86377.835291,2026-07-22T15:14:51.792,6,0,3,0,8
86377.838025,2026-07-22T15:14:51.794,6,0,3,0,8
86377.840740,2026-07-22T15:14:51.797,6,0,3,0,8
86377.842745,2026-07-22T15:14:51.799,6,0,3,0,8
86377.845144,2026-07-22T15:14:51.802,6,0,3,0,8
86377.847681,2026-07-22T15:14:51.804,6,0,3,0,8
86377.850289,2026-07-22T15:14:51.807,6,0,3,0,8
86377.852737,2026-07-22T15:14:51.809,6,0,3,0,8
86377.855240,2026-07-22T15:14:51.812,6,0,3,0,8
86377.857292,2026-07-22T15:14:51.814,6,0,3,0,8
86377.859812,2026-07-22T15:14:51.816,6,0,3,0,8
86377.862322,2026-07-22T15:14:51.819,6,0,3,0,8
86377.864841,2026-07-22T15:14:51.821,6,0,3,0,8
86377.867106,2026-07-22T15:14:51.823,6,0,3,0,8
86377.869840,2026-07-22T15:14:51.826,6,0,3,0,8
86377.872274,2026-07-22T15:14:51.828,6,0,3,0,8
86377.874551,2026-07-22T15:14:51.831,6,0,3,0,8
86377.876674,2026-07-22T15:14:51.833,6,0,3,0,8
86377.879011,2026-07-22T15:14:51.835,6,0,3,0,8
86377.881541,2026-07-22T15:14:51.838,6,0,3,0,8
86377.884180,2026-07-22T15:14:51.841,3,3,3,0,0
86377.886877,2026-07-22T15:14:51.843,3,3,3,0,0
86377.888910,2026-07-22T15:14:51.845,3,3,3,0,0
86377.891407,2026-07-22T15:14:51.848,3,3,3,0,0
86377.893841,2026-07-22T15:14:51.850,3,3,3,0,0
86377.896363,2026-07-22T15:14:51.853,3,3,3,0,0
86377.898977,2026-07-22T15:14:51.855,3,3,3,0,0
86377.901507,2026-07-22T15:14:51.858,3,3,3,0,0
86377.904040,2026-07-22T15:14:51.860,3,3,3,0,0
86377.906508,2026-07-22T15:14:51.863,3,3,3,0,0
86377.909069,2026-07-22T15:14:51.865,3,3,3,0,0
86377.911587,2026-07-22T15:14:51.868,3,3,3,0,0
86377.914155,2026-07-22T15:14:51.871,3,3,3,0,0
86377.916903,2026-07-22T15:14:51.873,3,3,3,0,0
86377.919613,2026-07-22T15:14:51.876,3,3,3,0,0
86377.922291,2026-07-22T15:14:51.879,3,3,3,0,0
86377.924855,2026-07-22T15:14:51.881,3,3,3,0,0
86377.927552,2026-07-22T15:14:51.884,3,3,3,0,0
86377.930087,2026-07-22T15:14:51.886,3,3,3,0,0
86377.932811,2026-07-22T15:14:51.889,3,3,3,0,0
86377.934900,2026-07-22T15:14:51.891,3,3,3,0,0
86377.937312,2026-07-22T15:14:51.894,3,3,3,0,0
86377.939831,2026-07-22T15:14:51.896,3,3,3,0,0
86377.942305,2026-07-22T15:14:51.899,3,3,3,0,0
86377.944963,2026-07-22T15:14:51.901,3,3,3,0,0
86377.947508,2026-07-22T15:14:51.904,3,3,3,0,0
86377.949539,2026-07-22T15:14:51.906,3,3,3,0,0
86377.952120,2026-07-22T15:14:51.908,3,3,3,0,0
86377.954668,2026-07-22T15:14:51.911,3,3,3,0,0
86377.957071,2026-07-22T15:14:51.913,3,3,3,0,0
86377.959503,2026-07-22T15:14:51.916,3,3,3,0,0
86377.961961,2026-07-22T15:14:51.918,3,3,3,0,0
86377.964472,2026-07-22T15:14:51.921,3,3,3,0,0
86377.967147,2026-07-22T15:14:51.923,3,3,3,0,0
86377.969668,2026-07-22T15:14:51.926,3,3,3,0,0
86377.971770,2026-07-22T15:14:51.928,3,3,3,0,0
86377.974241,2026-07-22T15:14:51.931,3,3,3,0,0
86377.976516,2026-07-22T15:14:51.933,3,3,3,0,0
86377.978947,2026-07-22T15:14:51.935,3,3,3,0,0
86377.981509,2026-07-22T15:14:51.938,3,3,3,0,0
86377.984105,2026-07-22T15:14:51.940,3,3,3,0,0
86377.986724,2026-07-22T15:14:51.943,3,3,3,0,0
86377.989147,2026-07-22T15:14:51.946,3,3,3,0,0
86377.991619,2026-07-22T15:14:51.948,3,3,3,0,0
86377.994078,2026-07-22T15:14:51.950,3,3,3,0,0
86377.996630,2026-07-22T15:14:51.953,3,3,3,0,0
86377.998976,2026-07-22T15:14:51.955,3,3,3,0,0
86378.001681,2026-07-22T15:14:51.958,3,3,3,0,0
86378.004058,2026-07-22T15:14:51.960,3,3,3,0,0
86378.006520,2026-07-22T15:14:51.963,3,3,3,0,0
86378.009009,2026-07-22T15:14:51.965,3,3,3,0,0
86378.011691,2026-07-22T15:14:51.968,3,3,3,0,0
86378.014180,2026-07-22T15:14:51.971,3,3,3,0,0
86378.016643,2026-07-22T15:14:51.973,3,3,3,0,0
86378.019076,2026-07-22T15:14:51.975,3,3,3,0,0
86378.021502,2026-07-22T15:14:51.978,3,3,3,0,0
86378.024103,2026-07-22T15:14:51.980,3,3,3,0,0
86378.026939,2026-07-22T15:14:51.983,3,3,3,0,0
86378.029500,2026-07-22T15:14:51.986,3,3,3,0,0
86378.031977,2026-07-22T15:14:51.988,3,3,3,0,0
86378.034602,2026-07-22T15:14:51.991,3,3,3,0,0
86378.037254,2026-07-22T15:14:51.994,3,3,3,0,0
86378.039685,2026-07-22T15:14:51.996,3,3,3,0,0
86378.042113,2026-07-22T15:14:51.998,3,3,3,0,0
86378.044489,2026-07-22T15:14:52.001,3,3,3,0,0
86378.047014,2026-07-22T15:14:52.003,3,3,3,0,0
86378.049058,2026-07-22T15:14:52.005,3,3,3,0,0
86378.051659,2026-07-22T15:14:52.008,3,3,3,0,0
86378.054044,2026-07-22T15:14:52.010,3,3,3,0,0
86378.056582,2026-07-22T15:14:52.013,3,3,3,0,0
86378.059184,2026-07-22T15:14:52.016,3,3,3,0,0
86378.061763,2026-07-22T15:14:52.018,3,3,3,0,0
86378.064199,2026-07-22T15:14:52.021,3,3,3,0,0
86378.066652,2026-07-22T15:14:52.023,3,3,3,0,0
86378.069064,2026-07-22T15:14:52.025,3,3,3,0,0
86378.071588,2026-07-22T15:14:52.027,3,3,3,0,0
86378.074076,2026-07-22T15:14:52.030,3,3,3,0,0
86378.076606,2026-07-22T15:14:52.033,3,3,3,0,0
86378.079115,2026-07-22T15:14:52.035,3,3,3,0,0
86378.081151,2026-07-22T15:14:52.037,3,3,3,0,0
86378.083769,2026-07-22T15:14:52.040,3,3,3,0,0
86378.086369,2026-07-22T15:14:52.043,3,3,3,0,0
86378.089079,2026-07-22T15:14:52.045,3,3,3,0,0
86378.091805,2026-07-22T15:14:52.048,3,3,3,0,0
86378.094347,2026-07-22T15:14:52.051,3,3,3,0,0
86378.097017,2026-07-22T15:14:52.053,3,3,3,0,0
86378.099537,2026-07-22T15:14:52.056,3,3,3,0,0
86378.102157,2026-07-22T15:14:52.058,3,3,3,0,0
86378.104788,2026-07-22T15:14:52.061,3,3,3,0,0
86378.107509,2026-07-22T15:14:52.064,3,3,3,0,0
86378.110036,2026-07-22T15:14:52.066,3,3,3,0,0
86378.112608,2026-07-22T15:14:52.069,3,3,3,0,0
86378.115114,2026-07-22T15:14:52.071,3,3,3,0,0
86378.117134,2026-07-22T15:14:52.073,3,3,3,0,0
86378.119169,2026-07-22T15:14:52.076,3,3,3,0,0
86378.121994,2026-07-22T15:14:52.078,3,3,3,0,0
86378.124209,2026-07-22T15:14:52.081,3,3,3,0,0
86378.126263,2026-07-22T15:14:52.083,3,3,3,0,0
86378.128313,2026-07-22T15:14:52.085,3,3,3,0,0
86378.130777,2026-07-22T15:14:52.087,3,3,3,0,0
86378.133485,2026-07-22T15:14:52.090,3,3,3,0,0
86378.136031,2026-07-22T15:14:52.092,3,3,3,0,0
86378.138646,2026-07-22T15:14:52.095,3,3,3,0,0
86378.141069,2026-07-22T15:14:52.097,3,3,3,0,0
86378.143079,2026-07-22T15:14:52.099,3,3,3,0,0
86378.145122,2026-07-22T15:14:52.101,3,3,3,0,0
86378.147613,2026-07-22T15:14:52.104,3,3,3,0,0
86378.149644,2026-07-22T15:14:52.106,3,3,3,0,0
86378.152144,2026-07-22T15:14:52.108,3,3,3,0,0
86378.154738,2026-07-22T15:14:52.111,3,3,3,0,0
86378.157198,2026-07-22T15:14:52.114,3,3,3,0,0
86378.159748,2026-07-22T15:14:52.116,3,3,3,0,0
86378.162158,2026-07-22T15:14:52.119,3,3,3,0,0
86378.164642,2026-07-22T15:14:52.121,3,3,3,0,0
86378.167086,2026-07-22T15:14:52.123,3,3,3,0,0
86378.169528,2026-07-22T15:14:52.126,3,3,3,0,0
86378.171855,2026-07-22T15:14:52.128,3,3,3,0,0
86378.174425,2026-07-22T15:14:52.131,3,3,3,0,0
86378.176605,2026-07-22T15:14:52.133,3,3,3,0,0
86378.178755,2026-07-22T15:14:52.135,3,3,3,0,0
86378.181205,2026-07-22T15:14:52.138,3,3,3,0,0
86378.183777,2026-07-22T15:14:52.140,3,3,3,0,0
86378.186388,2026-07-22T15:14:52.143,3,3,3,0,0
86378.189195,2026-07-22T15:14:52.146,3,3,3,0,0
86378.191784,2026-07-22T15:14:52.148,3,3,3,0,0
86378.194463,2026-07-22T15:14:52.151,3,3,3,0,0
86378.196933,2026-07-22T15:14:52.153,3,3,3,0,0
86378.199698,2026-07-22T15:14:52.156,3,3,3,0,0
86378.202474,2026-07-22T15:14:52.159,3,3,3,0,0
86378.205023,2026-07-22T15:14:52.161,3,3,3,0,0
86378.207503,2026-07-22T15:14:52.164,3,3,3,0,0
86378.210060,2026-07-22T15:14:52.166,3,3,3,0,0
86378.212571,2026-07-22T15:14:52.169,3,3,3,0,0
86378.215045,2026-07-22T15:14:52.171,3,3,3,0,0
86378.217514,2026-07-22T15:14:52.174,3,3,3,0,0
86378.220266,2026-07-22T15:14:52.177,3,3,3,0,0
86378.222926,2026-07-22T15:14:52.179,3,3,3,0,0
86378.225085,2026-07-22T15:14:52.181,3,3,3,0,0
86378.227757,2026-07-22T15:14:52.184,3,3,3,0,0
86378.230172,2026-07-22T15:14:52.187,3,3,3,0,0
86378.232798,2026-07-22T15:14:52.189,3,3,3,0,0
86378.235129,2026-07-22T15:14:52.191,3,3,3,0,0
86378.237681,2026-07-22T15:14:52.194,3,3,3,0,0
86378.240102,2026-07-22T15:14:52.196,3,3,3,0,0
86378.242615,2026-07-22T15:14:52.199,3,3,3,0,0
86378.245353,2026-07-22T15:14:52.202,3,3,3,0,0
86378.247840,2026-07-22T15:14:52.204,3,3,3,0,0
86378.250360,2026-07-22T15:14:52.207,3,3,3,0,0
86378.253004,2026-07-22T15:14:52.209,3,3,3,0,0
86378.255473,2026-07-22T15:14:52.212,3,3,3,0,0
86378.257917,2026-07-22T15:14:52.214,3,3,3,0,0
86378.260338,2026-07-22T15:14:52.217,3,3,3,0,0
86378.262858,2026-07-22T15:14:52.219,3,3,3,0,0
86378.265493,2026-07-22T15:14:52.222,3,3,3,0,0
86378.268124,2026-07-22T15:14:52.224,3,3,3,0,0
86378.270858,2026-07-22T15:14:52.227,3,3,3,0,0
86378.273224,2026-07-22T15:14:52.230,3,3,3,0,0
86378.275574,2026-07-22T15:14:52.232,3,3,3,0,0
86378.277985,2026-07-22T15:14:52.234,3,3,3,0,0
86378.280650,2026-07-22T15:14:52.237,3,3,3,0,0
86378.282690,2026-07-22T15:14:52.239,3,3,3,0,0
86378.284710,2026-07-22T15:14:52.241,3,3,3,0,0
86378.287107,2026-07-22T15:14:52.243,3,3,3,0,0
86378.289505,2026-07-22T15:14:52.246,3,3,3,0,0
86378.292042,2026-07-22T15:14:52.248,3,3,3,0,0
86378.294315,2026-07-22T15:14:52.251,3,3,3,0,0
86378.296807,2026-07-22T15:14:52.253,3,3,3,0,0
86378.299365,2026-07-22T15:14:52.256,3,3,3,0,0
86378.301930,2026-07-22T15:14:52.258,3,3,3,0,0
86378.304397,2026-07-22T15:14:52.261,3,3,3,0,0
86378.306947,2026-07-22T15:14:52.263,3,3,3,0,0
86378.309489,2026-07-22T15:14:52.266,3,3,3,0,0
86378.312018,2026-07-22T15:14:52.268,3,3,3,0,0
86378.314443,2026-07-22T15:14:52.271,3,3,3,0,0
86378.316957,2026-07-22T15:14:52.273,3,3,3,0,0
86378.319473,2026-07-22T15:14:52.276,3,3,3,0,0
86378.321494,2026-07-22T15:14:52.278,3,3,3,0,0
86378.323926,2026-07-22T15:14:52.280,3,3,3,0,0
86378.326266,2026-07-22T15:14:52.283,3,3,3,0,0
86378.328893,2026-07-22T15:14:52.285,3,3,3,0,0
86378.331704,2026-07-22T15:14:52.288,3,3,3,0,0
86378.334332,2026-07-22T15:14:52.291,3,3,3,0,0
86378.336964,2026-07-22T15:14:52.293,3,3,3,0,0
86378.339513,2026-07-22T15:14:52.296,3,3,3,0,0
86378.342024,2026-07-22T15:14:52.298,3,3,3,0,0
86378.344611,2026-07-22T15:14:52.301,3,3,3,0,0
86378.347315,2026-07-22T15:14:52.304,3,3,3,0,0
86378.349345,2026-07-22T15:14:52.306,3,3,3,0,0
86378.351961,2026-07-22T15:14:52.308,3,3,3,0,0
86378.354477,2026-07-22T15:14:52.311,3,3,3,0,0
86378.357066,2026-07-22T15:14:52.313,3,3,3,0,0
86378.359744,2026-07-22T15:14:52.316,3,3,3,0,0
86378.362337,2026-07-22T15:14:52.319,3,3,3,0,0
86378.364906,2026-07-22T15:14:52.321,3,3,3,0,0
86378.367460,2026-07-22T15:14:52.324,3,3,3,0,0
86378.369858,2026-07-22T15:14:52.326,3,3,3,0,0
86378.372429,2026-07-22T15:14:52.328,3,3,3,0,0
86378.374884,2026-07-22T15:14:52.331,3,3,3,0,0
86378.377405,2026-07-22T15:14:52.334,3,3,3,0,0
86378.379921,2026-07-22T15:14:52.336,3,3,3,0,0
86378.382438,2026-07-22T15:14:52.339,3,3,3,0,0
86378.384956,2026-07-22T15:14:52.341,3,3,3,0,0
86378.387472,2026-07-22T15:14:52.344,3,3,3,0,0
86378.389996,2026-07-22T15:14:52.346,3,3,3,0,0
86378.392519,2026-07-22T15:14:52.349,3,3,3,0,0
86378.395037,2026-07-22T15:14:52.351,3,3,3,0,0
86378.397555,2026-07-22T15:14:52.354,3,3,3,0,0
86378.400084,2026-07-22T15:14:52.356,3,3,3,0,0
86378.402111,2026-07-22T15:14:52.358,3,3,3,0,0
86378.404628,2026-07-22T15:14:52.361,3,3,3,0,0
86378.406669,2026-07-22T15:14:52.363,3,3,3,0,0
86378.409120,2026-07-22T15:14:52.365,3,3,3,0,0
86378.411643,2026-07-22T15:14:52.368,3,3,3,0,0
86378.414181,2026-07-22T15:14:52.371,3,3,3,0,0
86378.416763,2026-07-22T15:14:52.373,3,3,3,0,0
86378.419204,2026-07-22T15:14:52.376,3,3,3,0,0
86378.421520,2026-07-22T15:14:52.378,3,3,3,0,0
86378.423740,2026-07-22T15:14:52.380,3,3,3,0,0
86378.426241,2026-07-22T15:14:52.383,3,3,3,0,0
86378.428783,2026-07-22T15:14:52.385,3,3,3,0,0
86378.431373,2026-07-22T15:14:52.388,3,3,3,0,0
86378.433916,2026-07-22T15:14:52.390,3,3,3,0,0
86378.436299,2026-07-22T15:14:52.393,3,3,3,0,0
86378.438695,2026-07-22T15:14:52.395,3,3,3,0,0
86378.440725,2026-07-22T15:14:52.397,3,3,3,0,0
86378.442742,2026-07-22T15:14:52.399,3,3,3,0,0
86378.445078,2026-07-22T15:14:52.401,3,3,3,0,0
86378.447124,2026-07-22T15:14:52.403,3,3,3,0,0
86378.449526,2026-07-22T15:14:52.406,3,3,3,0,0
86378.451905,2026-07-22T15:14:52.408,3,3,3,0,0
86378.454632,2026-07-22T15:14:52.411,3,3,3,0,0
86378.457165,2026-07-22T15:14:52.414,3,3,3,0,0
86378.459681,2026-07-22T15:14:52.416,3,3,3,0,0
86378.462228,2026-07-22T15:14:52.419,3,3,3,0,0
86378.464848,2026-07-22T15:14:52.421,3,3,3,0,0
86378.467327,2026-07-22T15:14:52.424,3,3,3,0,0
86378.469903,2026-07-22T15:14:52.426,3,3,3,0,0
86378.472319,2026-07-22T15:14:52.429,3,3,3,0,0
86378.474839,2026-07-22T15:14:52.431,3,3,3,0,0
86378.477039,2026-07-22T15:14:52.433,3,3,3,0,0
86378.479549,2026-07-22T15:14:52.436,3,3,3,0,0
86378.482076,2026-07-22T15:14:52.438,3,3,3,0,0
86378.484601,2026-07-22T15:14:52.441,3,3,3,0,0
86378.487128,2026-07-22T15:14:52.443,3,3,3,0,0
86378.489649,2026-07-22T15:14:52.446,3,3,3,0,0
86378.492294,2026-07-22T15:14:52.449,3,3,3,0,0
86378.494939,2026-07-22T15:14:52.451,3,3,3,0,0
86378.497457,2026-07-22T15:14:52.454,3,3,3,0,0
86378.499527,2026-07-22T15:14:52.456,3,3,3,0,0
86378.501532,2026-07-22T15:14:52.457,3,3,3,0,0
86378.503598,2026-07-22T15:14:52.460,3,3,3,0,0
86378.505635,2026-07-22T15:14:52.462,3,3,3,0,0
86378.508140,2026-07-22T15:14:52.464,3,3,3,0,0
86378.510975,2026-07-22T15:14:52.467,3,3,3,0,0
86378.513394,2026-07-22T15:14:52.470,3,3,3,0,0
86378.515893,2026-07-22T15:14:52.472,3,3,3,0,0
86378.518393,2026-07-22T15:14:52.475,3,3,3,0,0
86378.520780,2026-07-22T15:14:52.477,3,3,3,0,0
86378.523283,2026-07-22T15:14:52.480,3,3,3,0,0
86378.525605,2026-07-22T15:14:52.482,3,3,3,0,0
86378.527722,2026-07-22T15:14:52.484,3,3,3,0,0
86378.530229,2026-07-22T15:14:52.487,3,3,3,0,0
86378.532955,2026-07-22T15:14:52.489,3,3,3,0,0
86378.535455,2026-07-22T15:14:52.492,3,3,3,0,0
86378.537960,2026-07-22T15:14:52.494,3,3,3,0,0
86378.540468,2026-07-22T15:14:52.497,3,3,3,0,0
86378.542484,2026-07-22T15:14:52.499,3,3,3,0,0
86378.544989,2026-07-22T15:14:52.500,3,3,3,0,0
86378.547082,2026-07-22T15:14:52.503,3,3,3,0,0
86378.549600,2026-07-22T15:14:52.506,3,3,3,0,0
86378.551647,2026-07-22T15:14:52.508,3,3,3,0,0
86378.554114,2026-07-22T15:14:52.510,3,3,3,0,0
86378.556654,2026-07-22T15:14:52.513,3,3,3,0,0
86378.559346,2026-07-22T15:14:52.516,3,3,3,0,0
86378.561837,2026-07-22T15:14:52.518,3,3,3,0,0
86378.564323,2026-07-22T15:14:52.521,3,3,3,0,0
86378.566836,2026-07-22T15:14:52.523,3,3,3,0,0
86378.569356,2026-07-22T15:14:52.526,3,3,3,0,0
86378.571472,2026-07-22T15:14:52.528,3,3,3,0,0
86378.574004,2026-07-22T15:14:52.530,3,3,3,0,0
86378.576747,2026-07-22T15:14:52.533,3,3,3,0,0
86378.579284,2026-07-22T15:14:52.536,3,3,3,0,0
86378.581849,2026-07-22T15:14:52.538,3,3,3,0,0
86378.584624,2026-07-22T15:14:52.541,3,3,3,0,0
86378.587012,2026-07-22T15:14:52.543,3,3,3,0,0
86378.589482,2026-07-22T15:14:52.546,3,3,3,0,0
86378.591553,2026-07-22T15:14:52.548,3,3,3,0,0
86378.594003,2026-07-22T15:14:52.550,3,3,3,0,0
86378.596035,2026-07-22T15:14:52.552,3,3,3,0,0
86378.598707,2026-07-22T15:14:52.555,3,3,3,0,0
86378.601235,2026-07-22T15:14:52.558,3,3,3,0,0
86378.604061,2026-07-22T15:14:52.560,3,3,3,0,0
86378.606544,2026-07-22T15:14:52.563,3,3,3,0,0
86378.609274,2026-07-22T15:14:52.566,3,3,3,0,0
86378.611853,2026-07-22T15:14:52.568,3,3,3,0,0
86378.613904,2026-07-22T15:14:52.570,3,3,3,0,0
86378.616608,2026-07-22T15:14:52.573,3,3,3,0,0
86378.618633,2026-07-22T15:14:52.575,3,3,3,0,0
86378.620657,2026-07-22T15:14:52.577,3,3,3,0,0
86378.623184,2026-07-22T15:14:52.580,3,3,3,0,0
86378.625695,2026-07-22T15:14:52.582,3,3,3,0,0
86378.628415,2026-07-22T15:14:52.585,3,3,3,0,0
86378.630451,2026-07-22T15:14:52.587,3,3,3,0,0
86378.632980,2026-07-22T15:14:52.589,3,3,3,0,0
86378.635531,2026-07-22T15:14:52.592,3,3,3,0,0
86378.638028,2026-07-22T15:14:52.594,3,3,3,0,0
86378.640579,2026-07-22T15:14:52.597,3,3,3,0,0
86378.642929,2026-07-22T15:14:52.599,3,3,3,0,0
86378.645450,2026-07-22T15:14:52.602,3,3,3,0,0
86378.648141,2026-07-22T15:14:52.604,3,3,3,0,0
86378.650742,2026-07-22T15:14:52.607,3,3,3,0,0
86378.653038,2026-07-22T15:14:52.609,3,3,3,0,0
86378.655529,2026-07-22T15:14:52.612,3,3,3,0,0
86378.658062,2026-07-22T15:14:52.614,3,3,3,0,0
86378.660797,2026-07-22T15:14:52.617,3,3,3,0,0
86378.662842,2026-07-22T15:14:52.619,3,3,3,0,0
86378.665325,2026-07-22T15:14:52.622,3,3,3,0,0
86378.667838,2026-07-22T15:14:52.624,3,3,3,0,0
86378.670429,2026-07-22T15:14:52.627,3,3,3,0,0
86378.673090,2026-07-22T15:14:52.629,3,3,3,0,0
86378.675747,2026-07-22T15:14:52.632,3,3,3,0,0
86378.678450,2026-07-22T15:14:52.635,3,3,3,0,0
86378.680482,2026-07-22T15:14:52.637,3,3,3,0,0
86378.683073,2026-07-22T15:14:52.639,3,3,3,0,0
86378.685585,2026-07-22T15:14:52.642,3,3,3,0,0
86378.688017,2026-07-22T15:14:52.644,3,3,3,0,0
86378.690537,2026-07-22T15:14:52.647,3,3,3,0,0
86378.693232,2026-07-22T15:14:52.650,3,3,3,0,0
86378.695701,2026-07-22T15:14:52.652,3,3,3,0,0
86378.697769,2026-07-22T15:14:52.654,3,3,3,0,0
86378.700270,2026-07-22T15:14:52.657,3,3,3,0,0
86378.702789,2026-07-22T15:14:52.659,3,3,3,0,0
86378.704800,2026-07-22T15:14:52.661,3,3,3,0,0
86378.707321,2026-07-22T15:14:52.664,3,3,3,0,0
86378.709830,2026-07-22T15:14:52.666,3,3,3,0,0
86378.712350,2026-07-22T15:14:52.669,3,3,3,0,0
86378.714859,2026-07-22T15:14:52.671,3,3,3,0,0
86378.716882,2026-07-22T15:14:52.673,3,2,3,0,0
86378.718914,2026-07-22T15:14:52.675,37,2,3,0,0
86378.722286,2026-07-22T15:14:52.678,37,2,3,0,0
86378.724434,2026-07-22T15:14:52.681,37,2,3,0,0
86378.726530,2026-07-22T15:14:52.683,37,2,3,0,0
86378.729320,2026-07-22T15:14:52.686,37,2,3,0,0
86378.732061,2026-07-22T15:14:52.688,37,2,3,0,0
86378.734089,2026-07-22T15:14:52.690,37,2,3,0,0
86378.736679,2026-07-22T15:14:52.693,37,2,3,0,0
86378.739201,2026-07-22T15:14:52.696,37,2,3,0,0
86378.741650,2026-07-22T15:14:52.698,37,2,3,0,0
86378.744091,2026-07-22T15:14:52.700,37,2,3,0,0
86378.746620,2026-07-22T15:14:52.703,37,2,3,0,0
86378.749135,2026-07-22T15:14:52.705,37,2,3,0,0
86378.751737,2026-07-22T15:14:52.708,37,2,3,0,0
86378.754262,2026-07-22T15:14:52.711,37,2,3,0,0
86378.756293,2026-07-22T15:14:52.713,37,2,3,0,0
86378.758779,2026-07-22T15:14:52.715,37,2,3,0,0
86378.761325,2026-07-22T15:14:52.718,37,2,3,0,0
86378.763514,2026-07-22T15:14:52.720,37,2,3,0,0
86378.765573,2026-07-22T15:14:52.722,37,2,3,0,0
86378.767608,2026-07-22T15:14:52.724,37,2,3,0,0
86378.769643,2026-07-22T15:14:52.726,37,2,3,0,0
86378.772002,2026-07-22T15:14:52.728,37,2,3,0,0
86378.774228,2026-07-22T15:14:52.731,37,2,3,0,0
86378.776353,2026-07-22T15:14:52.733,37,2,3,0,0
86378.778874,2026-07-22T15:14:52.735,37,2,3,0,0
86378.780912,2026-07-22T15:14:52.737,37,2,3,0,0
86378.782970,2026-07-22T15:14:52.739,37,2,3,0,0
86378.785025,2026-07-22T15:14:52.741,37,2,3,0,0
86378.787075,2026-07-22T15:14:52.743,37,2,3,0,0
86378.789122,2026-07-22T15:14:52.745,37,2,3,0,0
86378.791199,2026-07-22T15:14:52.748,37,2,3,0,0
86378.793265,2026-07-22T15:14:52.750,37,2,3,0,0
86378.795293,2026-07-22T15:14:52.752,37,2,3,0,0
86378.797369,2026-07-22T15:14:52.754,37,2,3,0,0
86378.799418,2026-07-22T15:14:52.756,37,2,3,0,0
86378.801459,2026-07-22T15:14:52.758,37,2,3,0,0
86378.804168,2026-07-22T15:14:52.761,37,2,3,0,0
86378.806747,2026-07-22T15:14:52.763,37,2,3,0,0
86378.809128,2026-07-22T15:14:52.765,37,2,3,0,0
86378.811909,2026-07-22T15:14:52.768,37,2,3,0,0
86378.813943,2026-07-22T15:14:52.770,37,2,3,0,0
86378.816646,2026-07-22T15:14:52.773,37,2,3,0,0
86378.819179,2026-07-22T15:14:52.776,37,2,3,0,0
86378.821264,2026-07-22T15:14:52.777,37,2,3,0,0
86378.823684,2026-07-22T15:14:52.780,37,2,3,0,0
86378.826015,2026-07-22T15:14:52.782,37,2,3,0,0
86378.828340,2026-07-22T15:14:52.785,37,2,3,0,0
86378.830584,2026-07-22T15:14:52.787,37,2,3,0,0
86378.832829,2026-07-22T15:14:52.789,37,2,3,0,0
86378.835162,2026-07-22T15:14:52.791,37,2,3,0,0
86378.837193,2026-07-22T15:14:52.794,37,2,3,0,0
86378.839671,2026-07-22T15:14:52.796,37,2,3,0,0
86378.842169,2026-07-22T15:14:52.799,37,2,3,0,0
86378.844817,2026-07-22T15:14:52.801,37,2,3,0,0
86378.847327,2026-07-22T15:14:52.804,37,2,3,0,0
86378.849834,2026-07-22T15:14:52.806,37,2,3,0,0
86378.852341,2026-07-22T15:14:52.809,37,2,3,0,0
86378.854677,2026-07-22T15:14:52.811,37,2,3,0,0
86378.857213,2026-07-22T15:14:52.814,37,2,3,0,0
86378.859746,2026-07-22T15:14:52.816,37,2,3,0,0
86378.862272,2026-07-22T15:14:52.819,37,2,3,0,0
86378.864600,2026-07-22T15:14:52.821,37,2,3,0,0
86378.866611,2026-07-22T15:14:52.823,37,2,3,0,0
86378.868861,2026-07-22T15:14:52.825,37,2,3,0,0
86378.871445,2026-07-22T15:14:52.828,37,2,3,0,0
86378.873964,2026-07-22T15:14:52.830,37,2,3,0,0
86378.876577,2026-07-22T15:14:52.833,37,2,3,0,0
86378.878589,2026-07-22T15:14:52.835,37,2,3,0,0
86378.880612,2026-07-22T15:14:52.837,37,2,3,0,0
86378.883078,2026-07-22T15:14:52.839,37,2,3,0,0
86378.885596,2026-07-22T15:14:52.842,37,2,3,0,0
86378.888095,2026-07-22T15:14:52.844,37,2,3,0,0
86378.890614,2026-07-22T15:14:52.847,37,2,3,0,0
86378.893336,2026-07-22T15:14:52.850,37,2,3,0,0
86378.895818,2026-07-22T15:14:52.852,37,2,3,0,0
86378.898334,2026-07-22T15:14:52.855,37,2,3,0,0
86378.900785,2026-07-22T15:14:52.857,37,2,3,0,0
86378.903296,2026-07-22T15:14:52.860,37,2,3,0,0
86378.905800,2026-07-22T15:14:52.862,37,2,3,0,0
86378.907844,2026-07-22T15:14:52.864,37,2,3,0,0
86378.910332,2026-07-22T15:14:52.867,37,2,3,0,0
86378.912862,2026-07-22T15:14:52.869,37,2,3,0,0
86378.915574,2026-07-22T15:14:52.872,37,2,3,0,0
86378.917908,2026-07-22T15:14:52.874,37,2,3,0,0
86378.919946,2026-07-22T15:14:52.876,37,2,3,0,0
86378.922296,2026-07-22T15:14:52.879,37,2,3,0,0
86378.924349,2026-07-22T15:14:52.881,37,2,3,0,0
86378.926500,2026-07-22T15:14:52.883,37,2,3,0,0
86378.929071,2026-07-22T15:14:52.885,37,2,3,0,0
86378.931693,2026-07-22T15:14:52.888,37,2,3,0,0
86378.934276,2026-07-22T15:14:52.891,37,2,3,0,0
86378.936809,2026-07-22T15:14:52.893,37,2,3,0,0
86378.938862,2026-07-22T15:14:52.895,37,2,3,0,0
86378.940896,2026-07-22T15:14:52.897,37,2,3,0,0
86378.942907,2026-07-22T15:14:52.899,37,2,3,0,0
86378.944966,2026-07-22T15:14:52.901,37,2,3,0,0
86378.947523,2026-07-22T15:14:52.904,37,2,3,0,0
86378.949985,2026-07-22T15:14:52.906,37,2,3,0,0
86378.952503,2026-07-22T15:14:52.909,37,2,3,0,0
86378.954787,2026-07-22T15:14:52.911,37,2,3,0,0
86378.957293,2026-07-22T15:14:52.914,37,2,3,0,0
86378.959830,2026-07-22T15:14:52.916,37,2,3,0,0
86378.962245,2026-07-22T15:14:52.919,37,2,3,0,0
86378.964270,2026-07-22T15:14:52.921,37,2,3,0,0
86378.966756,2026-07-22T15:14:52.923,37,2,3,0,0
86378.968806,2026-07-22T15:14:52.925,37,2,3,0,0
86378.971081,2026-07-22T15:14:52.927,37,2,3,0,0
86378.974217,2026-07-22T15:14:52.931,37,2,3,0,0
86378.976327,2026-07-22T15:14:52.933,37,2,3,0,0
86378.978378,2026-07-22T15:14:52.935,37,2,3,0,0
86378.980422,2026-07-22T15:14:52.937,37,2,3,0,0
86378.982890,2026-07-22T15:14:52.939,37,2,3,0,0
86378.985418,2026-07-22T15:14:52.942,37,2,3,0,0
86378.988076,2026-07-22T15:14:52.944,37,2,3,0,0
86378.990608,2026-07-22T15:14:52.947,37,2,3,0,0
86378.992765,2026-07-22T15:14:52.949,37,2,3,0,0
86378.995330,2026-07-22T15:14:52.952,37,2,3,0,0
86378.997846,2026-07-22T15:14:52.954,37,2,3,0,0
86379.000354,2026-07-22T15:14:52.957,37,2,3,0,0
86379.002890,2026-07-22T15:14:52.959,37,2,3,0,0
86379.005637,2026-07-22T15:14:52.962,37,2,3,0,0
86379.008146,2026-07-22T15:14:52.965,37,2,3,0,0
86379.010701,2026-07-22T15:14:52.967,37,2,3,0,0
86379.012818,2026-07-22T15:14:52.969,37,2,3,0,0
86379.014845,2026-07-22T15:14:52.971,37,2,3,0,0
86379.017291,2026-07-22T15:14:52.974,37,2,3,0,0
86379.019803,2026-07-22T15:14:52.976,37,2,3,0,0
86379.021984,2026-07-22T15:14:52.978,37,2,3,0,0
86379.024168,2026-07-22T15:14:52.981,37,2,3,0,0
86379.026688,2026-07-22T15:14:52.983,37,2,3,0,0
86379.029198,2026-07-22T15:14:52.986,37,2,3,0,0
86379.031725,2026-07-22T15:14:52.988,37,2,3,0,0
86379.034070,2026-07-22T15:14:52.990,37,2,3,0,0
86379.036589,2026-07-22T15:14:52.993,37,2,3,0,0
86379.039333,2026-07-22T15:14:52.996,37,2,3,0,0
86379.041849,2026-07-22T15:14:52.998,37,2,3,0,0
86379.044597,2026-07-22T15:14:53.001,37,2,3,0,0
86379.047116,2026-07-22T15:14:53.003,37,2,3,0,0
86379.049635,2026-07-22T15:14:53.006,37,2,3,0,0
86379.052126,2026-07-22T15:14:53.008,37,2,3,0,0
86379.054277,2026-07-22T15:14:53.011,6,0,3,0,10
86379.056971,2026-07-22T15:14:53.013,6,0,3,0,10
86379.059527,2026-07-22T15:14:53.016,6,0,3,0,10
86379.062010,2026-07-22T15:14:53.018,6,0,3,0,10
86379.064456,2026-07-22T15:14:53.021,6,0,3,0,10
86379.067055,2026-07-22T15:14:53.023,6,0,3,0,10
86379.069483,2026-07-22T15:14:53.026,6,0,3,0,10
86379.071949,2026-07-22T15:14:53.028,6,0,3,0,10
86379.074379,2026-07-22T15:14:53.031,6,0,3,0,10
86379.077124,2026-07-22T15:14:53.033,6,0,3,0,10
86379.079641,2026-07-22T15:14:53.036,6,0,3,0,10
86379.081968,2026-07-22T15:14:53.038,6,0,3,0,10
86379.084529,2026-07-22T15:14:53.041,6,0,3,0,10
86379.086988,2026-07-22T15:14:53.043,6,0,3,0,10
86379.089474,2026-07-22T15:14:53.046,6,0,3,0,10
86379.092063,2026-07-22T15:14:53.048,6,0,3,0,10
86379.094504,2026-07-22T15:14:53.051,6,0,3,0,10
86379.097110,2026-07-22T15:14:53.053,6,0,3,0,10
86379.099611,2026-07-22T15:14:53.056,6,0,3,0,10
86379.102064,2026-07-22T15:14:53.058,6,0,3,0,10
86379.104671,2026-07-22T15:14:53.061,6,0,3,0,10
86379.107004,2026-07-22T15:14:53.063,6,0,3,0,10
86379.109699,2026-07-22T15:14:53.066,6,0,3,0,10
86379.112200,2026-07-22T15:14:53.069,6,0,3,0,10
86379.114666,2026-07-22T15:14:53.071,6,0,3,0,10
86379.117088,2026-07-22T15:14:53.073,6,0,3,0,10
86379.119624,2026-07-22T15:14:53.076,6,0,3,0,10
86379.122134,2026-07-22T15:14:53.078,6,0,3,0,10
86379.124842,2026-07-22T15:14:53.081,6,0,3,0,10
86379.127597,2026-07-22T15:14:53.084,6,0,3,0,10
86379.130315,2026-07-22T15:14:53.087,6,0,3,0,10
86379.132942,2026-07-22T15:14:53.089,6,0,3,0,10
86379.135332,2026-07-22T15:14:53.092,6,0,3,0,10
86379.138240,2026-07-22T15:14:53.094,6,0,3,0,10
86379.140643,2026-07-22T15:14:53.097,6,0,3,0,10
86379.143093,2026-07-22T15:14:53.099,6,0,3,0,10
86379.145566,2026-07-22T15:14:53.102,6,0,3,0,10
86379.148210,2026-07-22T15:14:53.105,6,0,3,0,10
86379.150252,2026-07-22T15:14:53.107,6,0,3,0,10
86379.153081,2026-07-22T15:14:53.109,6,0,3,0,10
86379.155731,2026-07-22T15:14:53.112,6,0,3,0,10
86379.158460,2026-07-22T15:14:53.115,6,0,3,0,10
86379.160971,2026-07-22T15:14:53.117,6,0,3,0,10
86379.163675,2026-07-22T15:14:53.120,6,0,3,0,10
86379.166101,2026-07-22T15:14:53.122,6,0,3,0,10
86379.168688,2026-07-22T15:14:53.125,6,0,3,0,10
86379.171439,2026-07-22T15:14:53.128,6,0,3,0,10
86379.173833,2026-07-22T15:14:53.130,6,0,3,0,10
86379.176199,2026-07-22T15:14:53.133,6,0,3,0,10
86379.178834,2026-07-22T15:14:53.135,6,0,3,0,10
86379.181361,2026-07-22T15:14:53.138,6,0,3,0,10
86379.183914,2026-07-22T15:14:53.140,6,0,3,0,10
86379.186425,2026-07-22T15:14:53.143,6,0,3,0,10
86379.188517,2026-07-22T15:14:53.145,6,0,3,0,10
86379.191049,2026-07-22T15:14:53.147,6,0,3,0,10
86379.193686,2026-07-22T15:14:53.150,6,0,3,0,10
86379.196297,2026-07-22T15:14:53.153,6,0,3,0,10
86379.199127,2026-07-22T15:14:53.155,6,0,3,0,10
86379.201627,2026-07-22T15:14:53.158,6,0,3,0,10
86379.204186,2026-07-22T15:14:53.161,6,0,3,0,10
86379.206874,2026-07-22T15:14:53.163,6,0,3,0,10
86379.209573,2026-07-22T15:14:53.166,6,0,3,0,10
86379.212288,2026-07-22T15:14:53.169,6,0,3,0,10
86379.215061,2026-07-22T15:14:53.171,6,0,3,0,10
86379.217644,2026-07-22T15:14:53.174,6,0,3,0,10
86379.220095,2026-07-22T15:14:53.176,6,0,3,0,10
86379.222139,2026-07-22T15:14:53.178,6,0,3,0,10
86379.224456,2026-07-22T15:14:53.181,6,0,3,0,10
86379.227152,2026-07-22T15:14:53.184,6,0,3,0,10
86379.229726,2026-07-22T15:14:53.186,6,0,3,0,10
86379.232186,2026-07-22T15:14:53.189,6,0,3,0,10
86379.234868,2026-07-22T15:14:53.191,6,0,3,0,10
86379.237475,2026-07-22T15:14:53.194,6,0,3,0,10
86379.240268,2026-07-22T15:14:53.197,6,0,3,0,10
86379.242775,2026-07-22T15:14:53.199,6,0,3,0,10
86379.245293,2026-07-22T15:14:53.202,6,0,3,0,10
86379.247365,2026-07-22T15:14:53.204,6,0,3,0,10
86379.249834,2026-07-22T15:14:53.206,6,0,3,0,10
86379.252350,2026-07-22T15:14:53.209,6,0,3,0,10
86379.255046,2026-07-22T15:14:53.211,6,0,3,0,10
86379.257495,2026-07-22T15:14:53.214,6,0,3,0,10
86379.260034,2026-07-22T15:14:53.216,6,0,3,0,10
86379.262593,2026-07-22T15:14:53.219,6,0,3,0,10
86379.265328,2026-07-22T15:14:53.222,6,0,3,0,10
86379.268080,2026-07-22T15:14:53.224,6,0,3,0,10
86379.270788,2026-07-22T15:14:53.227,6,0,3,0,10
86379.273422,2026-07-22T15:14:53.230,6,0,3,0,10
86379.276114,2026-07-22T15:14:53.232,6,0,3,0,10
86379.278783,2026-07-22T15:14:53.235,6,0,3,0,10
86379.281343,2026-07-22T15:14:53.238,6,0,3,0,10
86379.283877,2026-07-22T15:14:53.240,6,0,3,0,10
86379.286390,2026-07-22T15:14:53.243,6,0,3,0,10
86379.288761,2026-07-22T15:14:53.245,6,0,3,0,10
86379.291394,2026-07-22T15:14:53.248,6,0,3,0,10
86379.294075,2026-07-22T15:14:53.250,6,0,3,0,10
86379.296838,2026-07-22T15:14:53.253,6,0,3,0,10
86379.299357,2026-07-22T15:14:53.256,3,3,3,0,0
86379.301852,2026-07-22T15:14:53.258,3,3,3,0,0
86379.304379,2026-07-22T15:14:53.261,3,3,3,0,0
86379.306979,2026-07-22T15:14:53.263,3,3,3,0,0
86379.309486,2026-07-22T15:14:53.266,3,3,3,0,0
86379.311953,2026-07-22T15:14:53.268,3,3,3,0,0
86379.314007,2026-07-22T15:14:53.270,3,3,3,0,0
86379.316629,2026-07-22T15:14:53.273,3,3,3,0,0
86379.319129,2026-07-22T15:14:53.275,3,3,3,0,0
86379.321680,2026-07-22T15:14:53.278,3,3,3,0,0
86379.324271,2026-07-22T15:14:53.281,3,3,3,0,0
86379.326542,2026-07-22T15:14:53.283,3,3,3,0,0
86379.328987,2026-07-22T15:14:53.285,3,3,3,0,0
86379.331609,2026-07-22T15:14:53.288,3,3,3,0,0
86379.334068,2026-07-22T15:14:53.290,3,3,3,0,0
86379.336667,2026-07-22T15:14:53.293,3,3,3,0,0
86379.339417,2026-07-22T15:14:53.296,3,3,3,0,0
86379.342024,2026-07-22T15:14:53.298,3,3,3,0,0
86379.344577,2026-07-22T15:14:53.301,3,3,3,0,0
86379.347335,2026-07-22T15:14:53.304,3,3,3,0,0
86379.349856,2026-07-22T15:14:53.306,3,3,3,0,0
86379.352323,2026-07-22T15:14:53.309,3,3,3,0,0
86379.354947,2026-07-22T15:14:53.311,3,3,3,0,0
86379.357658,2026-07-22T15:14:53.314,3,3,3,0,0
86379.360112,2026-07-22T15:14:53.316,3,3,3,0,0
86379.362791,2026-07-22T15:14:53.319,3,3,3,0,0
86379.365487,2026-07-22T15:14:53.322,3,3,3,0,0
86379.368071,2026-07-22T15:14:53.324,3,3,3,0,0
86379.370557,2026-07-22T15:14:53.327,3,3,3,0,0
86379.373329,2026-07-22T15:14:53.330,3,3,3,0,0
86379.375787,2026-07-22T15:14:53.332,3,3,3,0,0
86379.378538,2026-07-22T15:14:53.335,3,3,3,0,0
86379.381248,2026-07-22T15:14:53.338,3,3,3,0,0
86379.383274,2026-07-22T15:14:53.340,3,3,3,0,0
86379.385544,2026-07-22T15:14:53.342,3,3,3,0,0
86379.387614,2026-07-22T15:14:53.344,3,3,3,0,0
86379.389953,2026-07-22T15:14:53.346,3,3,3,0,0
86379.392470,2026-07-22T15:14:53.349,3,3,3,0,0
86379.394543,2026-07-22T15:14:53.351,3,3,3,0,0
86379.396606,2026-07-22T15:14:53.353,3,3,3,0,0
86379.399126,2026-07-22T15:14:53.355,3,3,3,0,0
86379.401643,2026-07-22T15:14:53.358,3,3,3,0,0
86379.403763,2026-07-22T15:14:53.360,3,3,3,0,0
86379.405824,2026-07-22T15:14:53.362,3,3,3,0,0
86379.408284,2026-07-22T15:14:53.365,3,3,3,0,0
86379.410803,2026-07-22T15:14:53.367,3,3,3,0,0
86379.413445,2026-07-22T15:14:53.370,3,3,3,0,0
86379.415908,2026-07-22T15:14:53.372,3,3,3,0,0
86379.418352,2026-07-22T15:14:53.375,3,3,3,0,0
86379.420932,2026-07-22T15:14:53.377,3,3,3,0,0
86379.423439,2026-07-22T15:14:53.380,3,3,3,0,0
86379.426089,2026-07-22T15:14:53.382,3,3,3,0,0
86379.428238,2026-07-22T15:14:53.385,3,3,3,0,0
86379.430769,2026-07-22T15:14:53.387,3,3,3,0,0
86379.433219,2026-07-22T15:14:53.390,3,3,3,0,0
86379.435523,2026-07-22T15:14:53.392,3,3,3,0,0
86379.437534,2026-07-22T15:14:53.394,3,3,3,0,0
86379.440000,2026-07-22T15:14:53.396,3,3,3,0,0
86379.442605,2026-07-22T15:14:53.399,3,3,3,0,0
86379.445142,2026-07-22T15:14:53.401,3,3,3,0,0
86379.447609,2026-07-22T15:14:53.404,3,3,3,0,0
86379.450138,2026-07-22T15:14:53.406,3,3,3,0,0
86379.452786,2026-07-22T15:14:53.409,3,3,3,0,0
86379.455486,2026-07-22T15:14:53.412,3,3,3,0,0
86379.457928,2026-07-22T15:14:53.414,3,3,3,0,0
86379.460493,2026-07-22T15:14:53.417,3,3,3,0,0
86379.462909,2026-07-22T15:14:53.419,3,3,3,0,0
86379.465331,2026-07-22T15:14:53.422,3,3,3,0,0
86379.467871,2026-07-22T15:14:53.424,3,3,3,0,0
86379.470292,2026-07-22T15:14:53.427,3,3,3,0,0
86379.472748,2026-07-22T15:14:53.429,3,3,3,0,0
86379.475251,2026-07-22T15:14:53.432,3,3,3,0,0
86379.477860,2026-07-22T15:14:53.434,3,3,3,0,0
86379.480495,2026-07-22T15:14:53.437,3,3,3,0,0
86379.483073,2026-07-22T15:14:53.439,3,3,3,0,0
86379.485673,2026-07-22T15:14:53.442,3,3,3,0,0
86379.488330,2026-07-22T15:14:53.445,3,3,3,0,0
86379.490943,2026-07-22T15:14:53.447,3,3,3,0,0
86379.493433,2026-07-22T15:14:53.450,3,3,3,0,0
86379.496054,2026-07-22T15:14:53.452,3,3,3,0,0
86379.498641,2026-07-22T15:14:53.455,3,3,3,0,0
86379.501123,2026-07-22T15:14:53.457,3,3,3,0,0
86379.503696,2026-07-22T15:14:53.460,3,3,3,0,0
86379.506096,2026-07-22T15:14:53.462,3,3,3,0,0
86379.508534,2026-07-22T15:14:53.465,3,3,3,0,0
86379.510961,2026-07-22T15:14:53.467,3,3,3,0,0
86379.513406,2026-07-22T15:14:53.470,3,3,3,0,0
86379.515943,2026-07-22T15:14:53.472,3,3,3,0,0
86379.518573,2026-07-22T15:14:53.475,3,3,3,0,0
86379.521059,2026-07-22T15:14:53.477,3,3,3,0,0
86379.523489,2026-07-22T15:14:53.480,3,3,3,0,0
86379.525586,2026-07-22T15:14:53.482,3,3,3,0,0
86379.527646,2026-07-22T15:14:53.484,3,3,3,0,0
86379.529802,2026-07-22T15:14:53.486,3,3,3,0,0
86379.532290,2026-07-22T15:14:53.489,3,3,3,0,0
86379.534604,2026-07-22T15:14:53.491,3,3,3,0,0
86379.537347,2026-07-22T15:14:53.494,3,3,3,0,0
86379.540074,2026-07-22T15:14:53.496,3,3,3,0,0
86379.542521,2026-07-22T15:14:53.499,3,3,3,0,0
86379.545113,2026-07-22T15:14:53.501,3,3,3,0,0
86379.547650,2026-07-22T15:14:53.504,3,3,3,0,0
86379.550173,2026-07-22T15:14:53.507,3,3,3,0,0
86379.552655,2026-07-22T15:14:53.509,3,3,3,0,0
86379.555107,2026-07-22T15:14:53.511,3,3,3,0,0
86379.557559,2026-07-22T15:14:53.514,3,3,3,0,0
86379.560088,2026-07-22T15:14:53.516,3,3,3,0,0
86379.562678,2026-07-22T15:14:53.519,3,3,3,0,0
86379.565148,2026-07-22T15:14:53.522,3,3,3,0,0
86379.567631,2026-07-22T15:14:53.524,3,3,3,0,0
86379.570082,2026-07-22T15:14:53.526,3,3,3,0,0
86379.572550,2026-07-22T15:14:53.529,3,3,3,0,0
86379.574953,2026-07-22T15:14:53.531,3,3,3,0,0
86379.577657,2026-07-22T15:14:53.534,3,3,3,0,0
86379.580257,2026-07-22T15:14:53.537,3,3,3,0,0
86379.582269,2026-07-22T15:14:53.539,3,3,3,0,0
86379.584785,2026-07-22T15:14:53.541,3,3,3,0,0
86379.586798,2026-07-22T15:14:53.543,3,3,3,0,0
86379.588825,2026-07-22T15:14:53.545,3,3,3,0,0
86379.591316,2026-07-22T15:14:53.548,3,3,3,0,0
86379.594105,2026-07-22T15:14:53.550,3,3,3,0,0
86379.596597,2026-07-22T15:14:53.553,3,3,3,0,0
86379.599110,2026-07-22T15:14:53.555,3,3,3,0,0
86379.601663,2026-07-22T15:14:53.558,3,3,3,0,0
86379.604308,2026-07-22T15:14:53.561,3,3,3,0,0
86379.606800,2026-07-22T15:14:53.563,3,3,3,0,0
86379.609299,2026-07-22T15:14:53.566,3,3,3,0,0
86379.612058,2026-07-22T15:14:53.568,3,3,3,0,0
86379.614647,2026-07-22T15:14:53.571,3,3,3,0,0
86379.617092,2026-07-22T15:14:53.573,3,3,3,0,0
86379.619526,2026-07-22T15:14:53.576,3,3,3,0,0
86379.622296,2026-07-22T15:14:53.578,3,3,3,0,0
86379.624641,2026-07-22T15:14:53.581,3,3,3,0,0
86379.627108,2026-07-22T15:14:53.583,3,3,3,0,0
86379.629653,2026-07-22T15:14:53.586,3,3,3,0,0
86379.632165,2026-07-22T15:14:53.589,3,3,3,0,0
86379.634669,2026-07-22T15:14:53.591,3,3,3,0,0
86379.637471,2026-07-22T15:14:53.594,3,3,3,0,0
86379.639806,2026-07-22T15:14:53.596,3,3,3,0,0
86379.642278,2026-07-22T15:14:53.599,3,3,3,0,0
86379.644793,2026-07-22T15:14:53.601,3,3,3,0,0
86379.646805,2026-07-22T15:14:53.603,3,3,3,0,0
86379.648993,2026-07-22T15:14:53.605,3,3,3,0,0
86379.651534,2026-07-22T15:14:53.608,3,3,3,0,0
86379.654029,2026-07-22T15:14:53.610,3,3,3,0,0
86379.656224,2026-07-22T15:14:53.613,3,3,3,0,0
86379.658422,2026-07-22T15:14:53.615,3,3,3,0,0
86379.660453,2026-07-22T15:14:53.617,3,3,3,0,0
86379.662919,2026-07-22T15:14:53.619,3,3,3,0,0
86379.665446,2026-07-22T15:14:53.622,3,3,3,0,0
86379.667990,2026-07-22T15:14:53.624,3,3,3,0,0
86379.670699,2026-07-22T15:14:53.627,3,3,3,0,0
86379.673355,2026-07-22T15:14:53.630,3,3,3,0,0
86379.675661,2026-07-22T15:14:53.632,3,3,3,0,0
86379.678343,2026-07-22T15:14:53.635,3,3,3,0,0
86379.681083,2026-07-22T15:14:53.637,3,3,3,0,0
86379.683726,2026-07-22T15:14:53.640,3,3,3,0,0
86379.686286,2026-07-22T15:14:53.643,3,3,3,0,0
86379.688332,2026-07-22T15:14:53.645,3,3,3,0,0
86379.690990,2026-07-22T15:14:53.647,3,3,3,0,0
86379.693521,2026-07-22T15:14:53.650,3,3,3,0,0
86379.696123,2026-07-22T15:14:53.652,3,3,3,0,0
86379.698950,2026-07-22T15:14:53.655,3,3,3,0,0
86379.701388,2026-07-22T15:14:53.658,3,3,3,0,0
86379.704143,2026-07-22T15:14:53.660,3,3,3,0,0
86379.706848,2026-07-22T15:14:53.663,3,3,3,0,0
86379.709562,2026-07-22T15:14:53.666,3,3,3,0,0
86379.711988,2026-07-22T15:14:53.668,3,3,3,0,0
86379.714650,2026-07-22T15:14:53.671,3,3,3,0,0
86379.717206,2026-07-22T15:14:53.674,3,3,3,0,0
86379.719677,2026-07-22T15:14:53.676,3,3,3,0,0
86379.722084,2026-07-22T15:14:53.678,3,3,3,0,0
86379.724687,2026-07-22T15:14:53.681,3,3,3,0,0
86379.727144,2026-07-22T15:14:53.683,3,3,3,0,0
86379.729978,2026-07-22T15:14:53.686,3,3,3,0,0
86379.732278,2026-07-22T15:14:53.689,3,3,3,0,0
86379.735066,2026-07-22T15:14:53.691,3,3,3,0,0
86379.737728,2026-07-22T15:14:53.694,3,3,3,0,0
86379.740361,2026-07-22T15:14:53.697,3,3,3,0,0
86379.742883,2026-07-22T15:14:53.699,3,3,3,0,0
86379.745514,2026-07-22T15:14:53.702,3,3,3,0,0
86379.747815,2026-07-22T15:14:53.704,3,3,3,0,0
86379.749943,2026-07-22T15:14:53.706,3,3,3,0,0
86379.752263,2026-07-22T15:14:53.709,3,3,3,0,0
86379.755030,2026-07-22T15:14:53.711,3,3,3,0,0
86379.757640,2026-07-22T15:14:53.714,3,3,3,0,0
86379.760039,2026-07-22T15:14:53.716,3,3,3,0,0
86379.762745,2026-07-22T15:14:53.719,3,3,3,0,0
86379.765481,2026-07-22T15:14:53.722,3,3,3,0,0
86379.767493,2026-07-22T15:14:53.724,3,3,3,0,0
86379.770025,2026-07-22T15:14:53.726,3,3,3,0,0
86379.772544,2026-07-22T15:14:53.729,3,3,3,0,0
86379.775049,2026-07-22T15:14:53.731,3,3,3,0,0
86379.777117,2026-07-22T15:14:53.733,3,3,3,0,0
86379.779217,2026-07-22T15:14:53.736,3,3,3,0,0
86379.781731,2026-07-22T15:14:53.738,3,3,3,0,0
86379.784486,2026-07-22T15:14:53.741,3,3,3,0,0
86379.786905,2026-07-22T15:14:53.743,3,3,3,0,0
86379.789637,2026-07-22T15:14:53.746,3,3,3,0,0
86379.792398,2026-07-22T15:14:53.749,3,3,3,0,0
86379.794875,2026-07-22T15:14:53.751,3,3,3,0,0
86379.797377,2026-07-22T15:14:53.754,3,3,3,0,0
86379.799931,2026-07-22T15:14:53.756,3,3,3,0,0
86379.802527,2026-07-22T15:14:53.759,3,3,3,0,0
86379.805049,2026-07-22T15:14:53.761,3,3,3,0,0
86379.807729,2026-07-22T15:14:53.764,3,3,3,0,0
86379.810293,2026-07-22T15:14:53.767,3,3,3,0,0
86379.812844,2026-07-22T15:14:53.769,3,3,3,0,0
86379.815311,2026-07-22T15:14:53.772,3,3,3,0,0
86379.817345,2026-07-22T15:14:53.774,3,3,3,0,0
86379.819867,2026-07-22T15:14:53.776,3,3,3,0,0
86379.822398,2026-07-22T15:14:53.779,3,3,3,0,0
86379.824921,2026-07-22T15:14:53.781,3,3,3,0,0
86379.827253,2026-07-22T15:14:53.782,3,3,3,0,0
86379.829442,2026-07-22T15:14:53.786,3,3,3,0,0
86379.831568,2026-07-22T15:14:53.788,3,3,3,0,0
86379.833606,2026-07-22T15:14:53.790,3,3,3,0,0
86379.835971,2026-07-22T15:14:53.792,3,3,3,0,0
86379.838520,2026-07-22T15:14:53.795,3,3,3,0,0
86379.840702,2026-07-22T15:14:53.797,3,3,3,0,0
86379.843006,2026-07-22T15:14:53.799,3,3,3,0,0
86379.845524,2026-07-22T15:14:53.802,3,3,3,0,0
86379.848017,2026-07-22T15:14:53.804,3,3,3,0,0
86379.850530,2026-07-22T15:14:53.807,3,3,3,0,0
86379.853215,2026-07-22T15:14:53.810,3,3,3,0,0
86379.855729,2026-07-22T15:14:53.812,3,3,3,0,0
86379.858213,2026-07-22T15:14:53.815,3,3,3,0,0
86379.860836,2026-07-22T15:14:53.817,3,3,3,0,0
86379.862864,2026-07-22T15:14:53.819,3,3,3,0,0
86379.865310,2026-07-22T15:14:53.822,3,3,3,0,0
86379.867342,2026-07-22T15:14:53.824,3,3,3,0,0
86379.869810,2026-07-22T15:14:53.826,3,3,3,0,0
86379.872391,2026-07-22T15:14:53.829,3,3,3,0,0
86379.874899,2026-07-22T15:14:53.831,3,3,3,0,0
86379.878526,2026-07-22T15:14:53.835,3,3,3,0,0
86379.881002,2026-07-22T15:14:53.837,3,3,3,0,0
86379.883339,2026-07-22T15:14:53.840,3,3,3,0,0
86379.885848,2026-07-22T15:14:53.842,3,3,3,0,0
86379.888345,2026-07-22T15:14:53.845,3,3,3,0,0
86379.890871,2026-07-22T15:14:53.847,3,3,3,0,0
86379.893263,2026-07-22T15:14:53.850,3,3,3,0,0
86379.895801,2026-07-22T15:14:53.852,3,3,3,0,0
86379.898308,2026-07-22T15:14:53.855,3,3,3,0,0
86379.900834,2026-07-22T15:14:53.857,3,3,3,0,0
86379.903516,2026-07-22T15:14:53.860,3,3,3,0,0
86379.906061,2026-07-22T15:14:53.862,3,3,3,0,0
86379.908091,2026-07-22T15:14:53.864,3,3,3,0,0
86379.910752,2026-07-22T15:14:53.867,3,3,3,0,0
86379.913281,2026-07-22T15:14:53.870,3,3,3,0,0
86379.915547,2026-07-22T15:14:53.872,3,3,3,0,0
86379.917610,2026-07-22T15:14:53.874,3,3,3,0,0
86379.920190,2026-07-22T15:14:53.877,3,3,3,0,0
86379.922787,2026-07-22T15:14:53.879,3,3,3,0,0
86379.924994,2026-07-22T15:14:53.881,3,3,3,0,0
86379.927801,2026-07-22T15:14:53.884,3,3,3,0,0
86379.929935,2026-07-22T15:14:53.886,3,3,3,0,0
86379.932043,2026-07-22T15:14:53.888,3,3,3,0,0
86379.934565,2026-07-22T15:14:53.891,3,3,3,0,0
86379.937084,2026-07-22T15:14:53.893,3,3,3,0,0
86379.939596,2026-07-22T15:14:53.896,3,3,3,0,0
86379.941614,2026-07-22T15:14:53.898,3,3,3,0,0
86379.943657,2026-07-22T15:14:53.900,3,3,3,0,0
86379.946171,2026-07-22T15:14:53.903,3,3,3,0,0
86379.948771,2026-07-22T15:14:53.905,3,3,3,0,0
86379.951317,2026-07-22T15:14:53.908,3,3,3,0,0
86379.953827,2026-07-22T15:14:53.910,3,3,3,0,0
86379.956322,2026-07-22T15:14:53.913,3,3,3,0,0
86379.958846,2026-07-22T15:14:53.915,3,3,3,0,0
86379.961305,2026-07-22T15:14:53.918,3,3,3,0,0
86379.963804,2026-07-22T15:14:53.920,3,3,3,0,0
86379.966307,2026-07-22T15:14:53.923,3,3,3,0,0
86379.968817,2026-07-22T15:14:53.925,3,3,3,0,0
86379.971303,2026-07-22T15:14:53.928,3,3,3,0,0
86379.973808,2026-07-22T15:14:53.930,3,3,3,0,0
86379.976232,2026-07-22T15:14:53.933,3,3,3,0,0
86379.978514,2026-07-22T15:14:53.935,3,3,3,0,0
86379.980738,2026-07-22T15:14:53.937,3,3,3,0,0
86379.983182,2026-07-22T15:14:53.940,3,3,3,0,0
86379.985718,2026-07-22T15:14:53.942,3,3,3,0,0
86379.988218,2026-07-22T15:14:53.945,3,3,3,0,0
86379.990243,2026-07-22T15:14:53.947,3,3,3,0,0
86379.992360,2026-07-22T15:14:53.949,3,3,3,0,0
86379.994841,2026-07-22T15:14:53.951,3,3,3,0,0
86379.996897,2026-07-22T15:14:53.953,3,3,3,0,0
86379.999588,2026-07-22T15:14:53.956,3,3,3,0,0
86380.002104,2026-07-22T15:14:53.958,3,3,3,0,0
86380.004125,2026-07-22T15:14:53.960,3,3,3,0,0
86380.006642,2026-07-22T15:14:53.963,3,3,3,0,0
86380.009159,2026-07-22T15:14:53.966,3,3,3,0,0
86380.011198,2026-07-22T15:14:53.968,3,3,3,0,0
86380.013279,2026-07-22T15:14:53.970,3,3,3,0,0
86380.015565,2026-07-22T15:14:53.972,3,3,3,0,0
86380.018089,2026-07-22T15:14:53.974,3,3,3,0,0
86380.020757,2026-07-22T15:14:53.977,3,3,3,0,0
86380.023345,2026-07-22T15:14:53.980,3,3,3,0,0
86380.025861,2026-07-22T15:14:53.982,3,3,3,0,0
86380.028006,2026-07-22T15:14:53.984,3,3,3,0,0
86380.030541,2026-07-22T15:14:53.987,3,3,3,0,0
86380.033139,2026-07-22T15:14:53.989,3,3,3,0,0
86380.035656,2026-07-22T15:14:53.992,3,3,3,0,0
86380.038012,2026-07-22T15:14:53.994,3,3,3,0,0
86380.040542,2026-07-22T15:14:53.997,3,3,3,0,0
86380.042633,2026-07-22T15:14:53.999,3,3,3,0,0
86380.045359,2026-07-22T15:14:54.002,3,3,3,0,0
86380.047858,2026-07-22T15:14:54.004,3,3,3,0,0
86380.050328,2026-07-22T15:14:54.007,3,3,3,0,0
86380.052372,2026-07-22T15:14:54.009,3,3,3,0,0
86380.054976,2026-07-22T15:14:54.011,3,3,3,0,0
86380.057512,2026-07-22T15:14:54.014,3,3,3,0,0
86380.060136,2026-07-22T15:14:54.016,3,3,3,0,0
86380.062164,2026-07-22T15:14:54.019,3,3,3,0,0
86380.064683,2026-07-22T15:14:54.021,3,3,3,0,0
86380.067105,2026-07-22T15:14:54.023,3,3,3,0,0
86380.069139,2026-07-22T15:14:54.025,3,3,3,0,0
86380.071646,2026-07-22T15:14:54.028,3,3,3,0,0
86380.074166,2026-07-22T15:14:54.031,3,3,3,0,0
86380.076712,2026-07-22T15:14:54.033,3,3,3,0,0
86380.078741,2026-07-22T15:14:54.035,3,3,3,0,0
86380.080767,2026-07-22T15:14:54.037,3,3,3,0,0
86380.083091,2026-07-22T15:14:54.039,3,3,3,0,0
86380.085638,2026-07-22T15:14:54.042,3,3,3,0,0
86380.088134,2026-07-22T15:14:54.044,3,3,3,0,0
86380.090611,2026-07-22T15:14:54.047,3,3,3,0,0
86380.092770,2026-07-22T15:14:54.049,3,3,3,0,0
86380.094933,2026-07-22T15:14:54.051,3,3,3,0,0
86380.097460,2026-07-22T15:14:54.054,3,3,3,0,0
86380.099946,2026-07-22T15:14:54.056,3,3,3,0,0
86380.102474,2026-07-22T15:14:54.059,3,3,3,0,0
86380.105034,2026-07-22T15:14:54.061,3,3,3,0,0
86380.107550,2026-07-22T15:14:54.064,3,3,3,0,0
86380.109915,2026-07-22T15:14:54.066,3,3,3,0,0
86380.112472,2026-07-22T15:14:54.069,3,3,3,0,0
86380.114558,2026-07-22T15:14:54.071,3,3,3,0,0
86380.117084,2026-07-22T15:14:54.073,3,3,3,0,0
86380.119131,2026-07-22T15:14:54.075,3,3,3,0,0
86380.121811,2026-07-22T15:14:54.078,3,3,3,0,0
86380.124357,2026-07-22T15:14:54.081,3,3,3,0,0
86380.126902,2026-07-22T15:14:54.083,3,3,3,0,0
86380.129007,2026-07-22T15:14:54.085,3,3,3,0,0
86380.131446,2026-07-22T15:14:54.088,3,3,3,0,0
86380.133464,2026-07-22T15:14:54.090,37,2,3,0,4
86380.135527,2026-07-22T15:14:54.092,37,2,3,0,4
86380.137549,2026-07-22T15:14:54.094,37,2,3,0,4
86380.139623,2026-07-22T15:14:54.096,37,2,3,0,4
86380.141682,2026-07-22T15:14:54.098,37,2,3,0,4
86380.143830,2026-07-22T15:14:54.100,37,2,3,0,4
86380.145890,2026-07-22T15:14:54.102,37,2,3,0,4
86380.147924,2026-07-22T15:14:54.104,37,2,3,0,4
86380.166956,2026-07-22T15:14:54.123,37,2,3,0,4
86380.169321,2026-07-22T15:14:54.126,37,2,3,0,4
86380.171814,2026-07-22T15:14:54.128,37,2,3,0,4
86380.173839,2026-07-22T15:14:54.130,37,2,3,0,4
86380.176333,2026-07-22T15:14:54.133,37,2,3,0,4
86380.178375,2026-07-22T15:14:54.135,37,2,3,0,4
86380.181037,2026-07-22T15:14:54.137,37,2,3,0,4
86380.183559,2026-07-22T15:14:54.140,37,2,3,0,4
86380.186160,2026-07-22T15:14:54.142,37,2,3,0,4
86380.188686,2026-07-22T15:14:54.145,37,2,3,0,4
86380.190710,2026-07-22T15:14:54.147,37,2,3,0,4
86380.193374,2026-07-22T15:14:54.150,37,2,3,0,4
86380.195893,2026-07-22T15:14:54.152,37,2,3,0,4
86380.197916,2026-07-22T15:14:54.154,37,2,3,0,4
86380.200452,2026-07-22T15:14:54.157,37,2,3,0,4
86380.203065,2026-07-22T15:14:54.159,37,2,3,0,4
86380.205466,2026-07-22T15:14:54.162,37,2,3,0,4
86380.207980,2026-07-22T15:14:54.164,37,2,3,0,4
86380.210008,2026-07-22T15:14:54.166,37,2,3,0,4
86380.212545,2026-07-22T15:14:54.169,37,2,3,0,4
86380.215046,2026-07-22T15:14:54.171,37,2,3,0,4
86380.217099,2026-07-22T15:14:54.173,37,2,3,0,4
86380.219752,2026-07-22T15:14:54.176,37,2,3,0,4
86380.222141,2026-07-22T15:14:54.178,37,2,3,0,4
86380.224216,2026-07-22T15:14:54.181,37,2,3,0,4
86380.226734,2026-07-22T15:14:54.183,37,2,3,0,4
86380.228765,2026-07-22T15:14:54.185,37,2,3,0,4
86380.230775,2026-07-22T15:14:54.187,37,2,3,0,4
86380.233197,2026-07-22T15:14:54.190,37,2,3,0,4
86380.235224,2026-07-22T15:14:54.192,37,2,3,0,4
86380.237649,2026-07-22T15:14:54.194,37,2,3,0,4
86380.239681,2026-07-22T15:14:54.196,37,2,3,0,4
86380.242173,2026-07-22T15:14:54.199,37,2,3,0,4
86380.244684,2026-07-22T15:14:54.201,37,2,3,0,4
86380.247452,2026-07-22T15:14:54.204,37,2,3,0,4
86380.249952,2026-07-22T15:14:54.206,37,2,3,0,4
86380.252361,2026-07-22T15:14:54.209,37,2,3,0,4
86380.254906,2026-07-22T15:14:54.211,37,2,3,0,4
86380.257412,2026-07-22T15:14:54.214,37,2,3,0,4
86380.259832,2026-07-22T15:14:54.216,37,2,3,0,4
86380.262351,2026-07-22T15:14:54.219,37,2,3,0,4
86380.264452,2026-07-22T15:14:54.221,37,2,3,0,4
86380.266940,2026-07-22T15:14:54.223,37,2,3,0,4
86380.269622,2026-07-22T15:14:54.226,37,2,3,0,4
86380.272003,2026-07-22T15:14:54.228,37,2,3,0,4
86380.274067,2026-07-22T15:14:54.230,37,2,3,0,4
86380.276614,2026-07-22T15:14:54.233,37,2,3,0,4
86380.279145,2026-07-22T15:14:54.235,37,2,3,0,4
86380.281654,2026-07-22T15:14:54.238,37,2,3,0,4
86380.283677,2026-07-22T15:14:54.240,37,2,3,0,4
86380.285708,2026-07-22T15:14:54.242,37,2,3,0,4
86380.288124,2026-07-22T15:14:54.244,37,2,3,0,4
86380.290149,2026-07-22T15:14:54.246,37,2,3,0,4
86380.292660,2026-07-22T15:14:54.249,37,2,3,0,4
86380.295196,2026-07-22T15:14:54.252,37,2,3,0,4
86380.297693,2026-07-22T15:14:54.254,37,2,3,0,4
86380.300119,2026-07-22T15:14:54.256,37,2,3,0,4
86380.302660,2026-07-22T15:14:54.259,37,2,3,0,4
86380.305110,2026-07-22T15:14:54.261,37,2,3,0,4
86380.307148,2026-07-22T15:14:54.264,37,2,3,0,4
86380.309863,2026-07-22T15:14:54.266,37,2,3,0,4
86380.312373,2026-07-22T15:14:54.269,37,2,3,0,4
86380.314905,2026-07-22T15:14:54.271,37,2,3,0,4
86380.317468,2026-07-22T15:14:54.274,37,2,3,0,4
86380.319921,2026-07-22T15:14:54.276,37,2,3,0,4
86380.322356,2026-07-22T15:14:54.279,37,2,3,0,4
86380.324383,2026-07-22T15:14:54.281,37,2,3,0,4
86380.326855,2026-07-22T15:14:54.283,37,2,3,0,4
86380.329361,2026-07-22T15:14:54.286,37,2,3,0,4
86380.331712,2026-07-22T15:14:54.288,37,2,3,0,4
86380.334199,2026-07-22T15:14:54.291,37,2,3,0,4
86380.336247,2026-07-22T15:14:54.293,37,2,3,0,4
86380.338949,2026-07-22T15:14:54.295,37,2,3,0,4
86380.341458,2026-07-22T15:14:54.298,37,2,3,0,4
86380.344012,2026-07-22T15:14:54.300,37,2,3,0,4
86380.346532,2026-07-22T15:14:54.303,37,2,3,0,4
86380.349134,2026-07-22T15:14:54.305,37,2,3,0,4
86380.351663,2026-07-22T15:14:54.308,37,2,3,0,4
86380.353687,2026-07-22T15:14:54.310,37,2,3,0,4
86380.356094,2026-07-22T15:14:54.312,37,2,3,0,4
86380.358172,2026-07-22T15:14:54.315,37,2,3,0,4
86380.360858,2026-07-22T15:14:54.317,37,2,3,0,4
86380.363359,2026-07-22T15:14:54.320,37,2,3,0,4
86380.366091,2026-07-22T15:14:54.322,37,2,3,0,4
86380.368543,2026-07-22T15:14:54.325,37,2,3,0,4
86380.371026,2026-07-22T15:14:54.327,37,2,3,0,4
86380.373510,2026-07-22T15:14:54.330,37,2,3,0,4
86380.376002,2026-07-22T15:14:54.332,37,2,3,0,4
86380.378443,2026-07-22T15:14:54.335,37,2,3,0,4
86380.380485,2026-07-22T15:14:54.337,37,2,3,0,4
86380.383003,2026-07-22T15:14:54.339,37,2,3,0,4
86380.385539,2026-07-22T15:14:54.342,37,2,3,0,4
86380.388145,2026-07-22T15:14:54.344,37,2,3,0,4
86380.390728,2026-07-22T15:14:54.347,37,2,3,0,4
86380.393046,2026-07-22T15:14:54.349,37,2,3,0,4
86380.395529,2026-07-22T15:14:54.352,37,2,3,0,4
86380.398044,2026-07-22T15:14:54.354,37,2,3,0,4
86380.400345,2026-07-22T15:14:54.357,37,2,3,0,4
86380.402853,2026-07-22T15:14:54.359,37,2,3,0,4
86380.405473,2026-07-22T15:14:54.362,37,2,3,0,4
86380.407969,2026-07-22T15:14:54.364,37,2,3,0,4
86380.410472,2026-07-22T15:14:54.367,37,2,3,0,4
86380.413083,2026-07-22T15:14:54.369,37,2,3,0,4
86380.415095,2026-07-22T15:14:54.371,37,2,3,0,4
86380.417578,2026-07-22T15:14:54.374,37,2,3,0,4
86380.420097,2026-07-22T15:14:54.376,37,2,3,0,4
86380.422201,2026-07-22T15:14:54.379,37,2,3,0,4
86380.424731,2026-07-22T15:14:54.381,37,2,3,0,4
86380.427075,2026-07-22T15:14:54.383,37,2,3,0,4
86380.429476,2026-07-22T15:14:54.386,37,2,3,0,4
86380.431500,2026-07-22T15:14:54.388,37,2,3,0,4
86380.433992,2026-07-22T15:14:54.390,37,2,3,0,4
86380.436521,2026-07-22T15:14:54.393,37,2,3,0,4
86380.438984,2026-07-22T15:14:54.395,37,2,3,0,4
86380.441520,2026-07-22T15:14:54.398,37,2,3,0,4
86380.443863,2026-07-22T15:14:54.400,37,2,3,0,4
86380.446328,2026-07-22T15:14:54.403,37,2,3,0,4
86380.448845,2026-07-22T15:14:54.405,37,2,3,0,4
86380.451434,2026-07-22T15:14:54.408,37,2,3,0,4
86380.453711,2026-07-22T15:14:54.410,37,2,3,0,4
86380.455789,2026-07-22T15:14:54.412,37,2,3,0,4
86380.458313,2026-07-22T15:14:54.415,37,2,3,0,4
86380.460816,2026-07-22T15:14:54.417,37,2,3,0,4
86380.462838,2026-07-22T15:14:54.419,37,2,3,0,4
86380.464893,2026-07-22T15:14:54.421,37,2,3,0,4
86380.467508,2026-07-22T15:14:54.424,37,2,3,0,4
86380.469977,2026-07-22T15:14:54.426,7,0,3,0,10
86380.472503,2026-07-22T15:14:54.429,7,0,3,0,10
86380.475027,2026-07-22T15:14:54.431,7,0,3,0,10
86380.477479,2026-07-22T15:14:54.434,7,0,3,0,10
86380.479584,2026-07-22T15:14:54.436,7,0,3,0,10
86380.482008,2026-07-22T15:14:54.438,7,0,3,0,10
86380.484808,2026-07-22T15:14:54.441,7,0,3,0,10
86380.487474,2026-07-22T15:14:54.444,7,0,3,0,10
86380.490114,2026-07-22T15:14:54.446,7,0,3,0,10
86380.492467,2026-07-22T15:14:54.449,7,0,3,0,10
86380.495117,2026-07-22T15:14:54.451,7,0,3,0,10
86380.497638,2026-07-22T15:14:54.454,7,0,3,0,10
86380.500090,2026-07-22T15:14:54.456,7,0,3,0,10
86380.502819,2026-07-22T15:14:54.459,7,0,3,0,10
86380.505586,2026-07-22T15:14:54.462,7,0,3,0,10
86380.508095,2026-07-22T15:14:54.464,7,0,3,0,10
86380.510567,2026-07-22T15:14:54.467,7,0,3,0,10
86380.512595,2026-07-22T15:14:54.469,7,0,3,0,10
86380.515213,2026-07-22T15:14:54.471,7,0,3,0,10
86380.517743,2026-07-22T15:14:54.474,7,0,3,0,10
86380.520319,2026-07-22T15:14:54.477,7,0,3,0,10
86380.522778,2026-07-22T15:14:54.479,7,0,3,0,10
86380.525319,2026-07-22T15:14:54.482,7,0,3,0,10
86380.527948,2026-07-22T15:14:54.484,7,0,3,0,10
86380.530292,2026-07-22T15:14:54.486,7,0,3,0,10
86380.532467,2026-07-22T15:14:54.489,7,0,3,0,10
86380.535203,2026-07-22T15:14:54.492,7,0,3,0,10
86380.537844,2026-07-22T15:14:54.494,7,0,3,0,10
86380.540418,2026-07-22T15:14:54.497,7,0,3,0,10
86380.543075,2026-07-22T15:14:54.499,7,0,3,0,10
86380.545624,2026-07-22T15:14:54.502,7,0,3,0,10
86380.548073,2026-07-22T15:14:54.504,7,0,3,0,10
86380.550595,2026-07-22T15:14:54.507,7,0,3,0,10
86380.552628,2026-07-22T15:14:54.509,7,0,3,0,10
86380.555038,2026-07-22T15:14:54.511,7,0,3,0,10
86380.557511,2026-07-22T15:14:54.514,7,0,3,0,10
86380.559992,2026-07-22T15:14:54.516,7,0,3,0,10
86380.562493,2026-07-22T15:14:54.519,7,0,3,0,10
86380.564624,2026-07-22T15:14:54.521,7,0,3,0,10
86380.567335,2026-07-22T15:14:54.524,7,0,3,0,10
86380.569859,2026-07-22T15:14:54.526,7,0,3,0,10
86380.572477,2026-07-22T15:14:54.529,7,0,3,0,10
86380.575008,2026-07-22T15:14:54.531,7,0,3,0,10
86380.577507,2026-07-22T15:14:54.534,7,0,3,0,10
86380.580603,2026-07-22T15:14:54.537,7,0,3,0,10
86380.583177,2026-07-22T15:14:54.540,7,0,3,0,10
86380.585912,2026-07-22T15:14:54.542,7,0,3,0,10
86380.588662,2026-07-22T15:14:54.545,7,0,3,0,10
86380.591371,2026-07-22T15:14:54.548,7,0,3,0,10
86380.593904,2026-07-22T15:14:54.550,7,0,3,0,10
86380.596572,2026-07-22T15:14:54.553,7,0,3,0,10
86380.599293,2026-07-22T15:14:54.556,7,0,3,0,10
86380.601875,2026-07-22T15:14:54.558,7,0,3,0,10
86380.604502,2026-07-22T15:14:54.561,7,0,3,0,10
86380.607133,2026-07-22T15:14:54.563,7,0,3,0,10
86380.609766,2026-07-22T15:14:54.566,7,0,3,0,10
86380.612474,2026-07-22T15:14:54.569,7,0,3,0,10
86380.614984,2026-07-22T15:14:54.571,7,0,3,0,10
86380.617517,2026-07-22T15:14:54.574,7,0,3,0,10
86380.620138,2026-07-22T15:14:54.576,7,0,3,0,10
86380.622836,2026-07-22T15:14:54.579,7,0,3,0,10
86380.625332,2026-07-22T15:14:54.582,7,0,3,0,10
86380.627904,2026-07-22T15:14:54.584,7,0,3,0,10
86380.630105,2026-07-22T15:14:54.586,7,0,3,0,10
86380.632268,2026-07-22T15:14:54.589,7,0,3,0,10
86380.634778,2026-07-22T15:14:54.591,7,0,3,0,10
86380.637436,2026-07-22T15:14:54.594,7,0,3,0,10
86380.639996,2026-07-22T15:14:54.596,7,0,3,0,10
86380.642675,2026-07-22T15:14:54.599,7,0,3,0,10
86380.645453,2026-07-22T15:14:54.602,7,0,3,0,10
86380.647965,2026-07-22T15:14:54.604,7,0,3,0,10
86380.650604,2026-07-22T15:14:54.607,7,0,3,0,10
86380.653109,2026-07-22T15:14:54.609,7,0,3,0,10
86380.655621,2026-07-22T15:14:54.612,7,0,3,0,10
86380.658113,2026-07-22T15:14:54.614,7,0,3,0,10
86380.660680,2026-07-22T15:14:54.617,7,0,3,0,10
86380.663136,2026-07-22T15:14:54.619,7,0,3,0,10
86380.665810,2026-07-22T15:14:54.622,7,0,3,0,10
86380.668352,2026-07-22T15:14:54.625,7,0,3,0,10
86380.670906,2026-07-22T15:14:54.627,7,0,3,0,10
86380.673500,2026-07-22T15:14:54.630,7,0,3,0,10
86380.676026,2026-07-22T15:14:54.632,7,0,3,0,10
86380.678427,2026-07-22T15:14:54.635,7,0,3,0,10
86380.681111,2026-07-22T15:14:54.637,7,0,3,0,10
86380.683448,2026-07-22T15:14:54.640,7,0,3,0,10
86380.685481,2026-07-22T15:14:54.642,7,0,3,0,10
86380.688254,2026-07-22T15:14:54.645,7,0,3,0,10
86380.690941,2026-07-22T15:14:54.647,7,0,3,0,10
86380.693473,2026-07-22T15:14:54.650,7,0,3,0,10
86380.696118,2026-07-22T15:14:54.652,7,0,3,0,10
86380.698336,2026-07-22T15:14:54.655,7,0,3,0,10
86380.700860,2026-07-22T15:14:54.657,7,0,3,0,10
86380.703308,2026-07-22T15:14:54.660,7,0,3,0,10
86380.705860,2026-07-22T15:14:54.662,7,0,3,0,10
86380.708587,2026-07-22T15:14:54.665,7,0,3,0,10
86380.711136,2026-07-22T15:14:54.667,7,0,3,0,10
86380.713638,2026-07-22T15:14:54.670,7,0,3,0,0
86380.716122,2026-07-22T15:14:54.672,3,3,3,0,0
86380.718153,2026-07-22T15:14:54.675,3,3,3,0,0
86380.720680,2026-07-22T15:14:54.677,3,3,3,0,0
86380.723316,2026-07-22T15:14:54.680,3,3,3,0,0
86380.725864,2026-07-22T15:14:54.682,3,3,3,0,0
86380.728495,2026-07-22T15:14:54.685,3,3,3,0,0
86380.731199,2026-07-22T15:14:54.687,3,3,3,0,0
86380.733679,2026-07-22T15:14:54.690,3,3,3,0,0
86380.736440,2026-07-22T15:14:54.693,3,3,3,0,0
86380.739082,2026-07-22T15:14:54.695,3,3,3,0,0
86380.741528,2026-07-22T15:14:54.698,3,3,3,0,0
86380.743733,2026-07-22T15:14:54.700,3,3,3,0,0
86380.746279,2026-07-22T15:14:54.703,3,3,3,0,0
86380.748920,2026-07-22T15:14:54.705,3,3,3,0,0
86380.751431,2026-07-22T15:14:54.708,3,3,3,0,0
86380.753581,2026-07-22T15:14:54.710,3,3,3,0,0
86380.756321,2026-07-22T15:14:54.713,3,3,3,0,0
86380.759102,2026-07-22T15:14:54.715,3,3,3,0,0
86380.761792,2026-07-22T15:14:54.718,3,3,3,0,0
86380.764356,2026-07-22T15:14:54.721,3,3,3,0,0
86380.766838,2026-07-22T15:14:54.723,3,3,3,0,0
86380.769298,2026-07-22T15:14:54.726,3,3,3,0,0
86380.771981,2026-07-22T15:14:54.728,3,3,3,0,0
86380.774602,2026-07-22T15:14:54.731,3,3,3,0,0
86380.777312,2026-07-22T15:14:54.734,3,3,3,0,0
86380.779927,2026-07-22T15:14:54.736,3,3,3,0,0
86380.783117,2026-07-22T15:14:54.739,3,3,3,0,0
86380.785660,2026-07-22T15:14:54.742,3,3,3,0,0
86380.788242,2026-07-22T15:14:54.745,3,3,3,0,0
86380.790252,2026-07-22T15:14:54.747,3,3,3,0,0
86380.792786,2026-07-22T15:14:54.749,3,3,3,0,0
86380.795515,2026-07-22T15:14:54.752,3,3,3,0,0
86380.798174,2026-07-22T15:14:54.754,3,3,3,0,0
86380.800785,2026-07-22T15:14:54.757,3,3,3,0,0
86380.803346,2026-07-22T15:14:54.760,3,3,3,0,0
86380.805937,2026-07-22T15:14:54.762,3,3,3,0,0
86380.808347,2026-07-22T15:14:54.765,3,3,3,0,0
86380.810943,2026-07-22T15:14:54.767,3,3,3,0,0
86380.813523,2026-07-22T15:14:54.770,3,3,3,0,0
86380.815834,2026-07-22T15:14:54.772,3,3,3,0,0
86380.818286,2026-07-22T15:14:54.775,3,3,3,0,0
86380.820757,2026-07-22T15:14:54.777,3,3,3,0,0
86380.822777,2026-07-22T15:14:54.779,3,3,3,0,0
86380.824826,2026-07-22T15:14:54.781,3,3,3,0,0
86380.826890,2026-07-22T15:14:54.783,3,3,3,0,0
86380.829351,2026-07-22T15:14:54.786,3,3,3,0,0
86380.831737,2026-07-22T15:14:54.788,3,3,3,0,0
86380.834322,2026-07-22T15:14:54.791,3,3,3,0,0
86380.836986,2026-07-22T15:14:54.793,3,3,3,0,0
86380.839023,2026-07-22T15:14:54.795,3,3,3,0,0
86380.841491,2026-07-22T15:14:54.798,3,3,3,0,0
86380.844107,2026-07-22T15:14:54.800,3,3,3,0,0
86380.846916,2026-07-22T15:14:54.803,3,3,3,0,0
86380.849453,2026-07-22T15:14:54.806,3,3,3,0,0
86380.851975,2026-07-22T15:14:54.808,3,3,3,0,0
86380.854465,2026-07-22T15:14:54.811,3,3,3,0,0
86380.857071,2026-07-22T15:14:54.813,3,3,3,0,0
86380.859629,2026-07-22T15:14:54.816,3,3,3,0,0
86380.862269,2026-07-22T15:14:54.819,3,3,3,0,0
86380.864809,2026-07-22T15:14:54.821,3,3,3,0,0
86380.867353,2026-07-22T15:14:54.824,3,3,3,0,0
86380.869841,2026-07-22T15:14:54.826,3,3,3,0,0
86380.872318,2026-07-22T15:14:54.829,3,3,3,0,0
86380.874841,2026-07-22T15:14:54.831,3,3,3,0,0
86380.877362,2026-07-22T15:14:54.834,3,3,3,0,0
86380.880059,2026-07-22T15:14:54.836,3,3,3,0,0
86380.882425,2026-07-22T15:14:54.839,3,3,3,0,0
86380.885126,2026-07-22T15:14:54.841,3,3,3,0,0
86380.887677,2026-07-22T15:14:54.844,3,3,3,0,0
86380.890225,2026-07-22T15:14:54.847,3,3,3,0,0
86380.892737,2026-07-22T15:14:54.849,3,3,3,0,0
86380.895341,2026-07-22T15:14:54.852,3,3,3,0,0
86380.897350,2026-07-22T15:14:54.854,3,3,3,0,0
86380.899389,2026-07-22T15:14:54.856,3,3,3,0,0
86380.901877,2026-07-22T15:14:54.858,3,3,3,0,0
86380.904374,2026-07-22T15:14:54.861,3,3,3,0,0
86380.906988,2026-07-22T15:14:54.863,3,3,3,0,0
86380.909084,2026-07-22T15:14:54.865,3,3,3,0,0
86380.911861,2026-07-22T15:14:54.868,3,3,3,0,0
86380.914558,2026-07-22T15:14:54.871,3,3,3,0,0
86380.917148,2026-07-22T15:14:54.874,3,3,3,0,0
86380.919662,2026-07-22T15:14:54.876,3,3,3,0,0
86380.922109,2026-07-22T15:14:54.878,3,3,3,0,0
86380.924850,2026-07-22T15:14:54.881,3,3,3,0,0
86380.927556,2026-07-22T15:14:54.884,3,3,3,0,0
86380.930172,2026-07-22T15:14:54.887,3,3,3,0,0
86380.932947,2026-07-22T15:14:54.889,3,3,3,0,0
86380.935603,2026-07-22T15:14:54.892,3,3,3,0,0
86380.938240,2026-07-22T15:14:54.895,3,3,3,0,0
86380.940897,2026-07-22T15:14:54.897,3,3,3,0,0
86380.943677,2026-07-22T15:14:54.900,3,3,3,0,0
86380.946337,2026-07-22T15:14:54.903,3,3,3,0,0
86380.948995,2026-07-22T15:14:54.905,3,3,3,0,0
86380.951537,2026-07-22T15:14:54.908,3,3,3,0,0
86380.954142,2026-07-22T15:14:54.910,3,3,3,0,0
86380.956381,2026-07-22T15:14:54.913,3,3,3,0,0
86380.958936,2026-07-22T15:14:54.915,3,3,3,0,0
86380.961543,2026-07-22T15:14:54.918,3,3,3,0,0
86380.964147,2026-07-22T15:14:54.920,3,3,3,0,0
86380.966695,2026-07-22T15:14:54.923,3,3,3,0,0
86380.969324,2026-07-22T15:14:54.926,3,3,3,0,0
86380.971988,2026-07-22T15:14:54.928,3,3,3,0,0
86380.974651,2026-07-22T15:14:54.931,3,3,3,0,0
86380.977452,2026-07-22T15:14:54.934,3,3,3,0,0
86380.979829,2026-07-22T15:14:54.936,3,3,3,0,0
86380.982316,2026-07-22T15:14:54.939,3,3,3,0,0
86380.984679,2026-07-22T15:14:54.941,3,3,3,0,0
86380.987504,2026-07-22T15:14:54.944,3,3,3,0,0
86380.989977,2026-07-22T15:14:54.946,3,3,3,0,0
86380.992633,2026-07-22T15:14:54.949,3,3,3,0,0
86380.995171,2026-07-22T15:14:54.952,3,3,3,0,0
86380.997794,2026-07-22T15:14:54.954,3,3,3,0,0
86381.000307,2026-07-22T15:14:54.957,3,3,3,0,0
86381.002942,2026-07-22T15:14:54.959,3,3,3,0,0
86381.005329,2026-07-22T15:14:54.962,3,3,3,0,0
86381.007850,2026-07-22T15:14:54.964,3,3,3,0,0
86381.010256,2026-07-22T15:14:54.967,3,3,3,0,0
86381.012768,2026-07-22T15:14:54.969,3,3,3,0,0
86381.015278,2026-07-22T15:14:54.972,3,3,3,0,0
86381.017722,2026-07-22T15:14:54.974,3,3,3,0,0
86381.020162,2026-07-22T15:14:54.977,3,3,3,0,0
86381.022652,2026-07-22T15:14:54.979,3,3,3,0,0
86381.025093,2026-07-22T15:14:54.981,3,3,3,0,0
86381.027770,2026-07-22T15:14:54.984,3,3,3,0,0
86381.030309,2026-07-22T15:14:54.987,3,3,3,0,0
86381.033013,2026-07-22T15:14:54.989,3,3,3,0,0
86381.035454,2026-07-22T15:14:54.992,3,3,3,0,0
86381.037552,2026-07-22T15:14:54.994,3,3,3,0,0
86381.039951,2026-07-22T15:14:54.996,3,3,3,0,0
86381.042626,2026-07-22T15:14:54.999,3,3,3,0,0
86381.045155,2026-07-22T15:14:55.002,3,3,3,0,0
86381.047580,2026-07-22T15:14:55.004,3,3,3,0,0
86381.050017,2026-07-22T15:14:55.006,3,3,3,0,0
86381.052545,2026-07-22T15:14:55.009,3,3,3,0,0
86381.055302,2026-07-22T15:14:55.012,3,3,3,0,0
86381.057809,2026-07-22T15:14:55.014,3,3,3,0,0
86381.060284,2026-07-22T15:14:55.017,3,3,3,0,0
86381.062806,2026-07-22T15:14:55.019,3,3,3,0,0
86381.065308,2026-07-22T15:14:55.022,3,3,3,0,0
86381.068033,2026-07-22T15:14:55.024,3,3,3,0,0
86381.070598,2026-07-22T15:14:55.027,3,3,3,0,0
86381.073101,2026-07-22T15:14:55.029,3,3,3,0,0
86381.075602,2026-07-22T15:14:55.032,3,3,3,0,0
86381.077989,2026-07-22T15:14:55.034,3,3,3,0,0
86381.080462,2026-07-22T15:14:55.037,3,3,3,0,0
86381.082974,2026-07-22T15:14:55.039,3,3,3,0,0
86381.085454,2026-07-22T15:14:55.042,3,3,3,0,0
86381.088020,2026-07-22T15:14:55.044,3,3,3,0,0
86381.090387,2026-07-22T15:14:55.047,3,3,3,0,0
86381.093027,2026-07-22T15:14:55.049,3,3,3,0,0
86381.095684,2026-07-22T15:14:55.052,3,3,3,0,0
86381.098056,2026-07-22T15:14:55.054,3,3,3,0,0
86381.100705,2026-07-22T15:14:55.057,3,3,3,0,0
86381.103337,2026-07-22T15:14:55.060,3,3,3,0,0
86381.105828,2026-07-22T15:14:55.062,3,3,3,0,0
86381.108325,2026-07-22T15:14:55.065,3,3,3,0,0
86381.111050,2026-07-22T15:14:55.067,3,3,3,0,0
86381.113496,2026-07-22T15:14:55.070,3,3,3,0,0
86381.115559,2026-07-22T15:14:55.072,3,3,3,0,0
86381.117612,2026-07-22T15:14:55.074,3,3,3,0,0
86381.119685,2026-07-22T15:14:55.076,3,3,3,0,0
86381.121723,2026-07-22T15:14:55.078,3,3,3,0,0
86381.123775,2026-07-22T15:14:55.080,3,3,3,0,0
86381.125812,2026-07-22T15:14:55.082,3,3,3,0,0
86381.127906,2026-07-22T15:14:55.084,3,3,3,0,0
86381.129955,2026-07-22T15:14:55.086,3,3,3,0,0
86381.132597,2026-07-22T15:14:55.089,3,3,3,0,0
86381.134720,2026-07-22T15:14:55.091,3,3,3,0,0
86381.136783,2026-07-22T15:14:55.093,3,3,3,0,0
86381.139114,2026-07-22T15:14:55.095,3,3,3,0,0
86381.141180,2026-07-22T15:14:55.098,3,3,3,0,0
86381.143250,2026-07-22T15:14:55.100,3,3,3,0,0
86381.145317,2026-07-22T15:14:55.102,3,3,3,0,0
86381.147354,2026-07-22T15:14:55.104,3,3,3,0,0
86381.149419,2026-07-22T15:14:55.106,3,3,3,0,0
86381.151460,2026-07-22T15:14:55.108,3,3,3,0,0
86381.153520,2026-07-22T15:14:55.110,3,3,3,0,0
86381.155710,2026-07-22T15:14:55.112,3,3,3,0,0
86381.158268,2026-07-22T15:14:55.115,3,3,3,0,0
86381.160761,2026-07-22T15:14:55.117,3,3,3,0,0
86381.163347,2026-07-22T15:14:55.120,3,3,3,0,0
86381.165805,2026-07-22T15:14:55.122,3,3,3,0,0
86381.168315,2026-07-22T15:14:55.125,3,3,3,0,0
86381.171117,2026-07-22T15:14:55.127,3,3,3,0,0
86381.173666,2026-07-22T15:14:55.130,3,3,3,0,0
86381.176221,2026-07-22T15:14:55.133,3,3,3,0,0
86381.178891,2026-07-22T15:14:55.135,3,3,3,0,0
86381.181522,2026-07-22T15:14:55.138,3,3,3,0,0
86381.184103,2026-07-22T15:14:55.140,3,3,3,0,0
86381.186476,2026-07-22T15:14:55.143,3,3,3,0,0
86381.189264,2026-07-22T15:14:55.146,3,3,3,0,0
86381.191690,2026-07-22T15:14:55.148,3,3,3,0,0
86381.194334,2026-07-22T15:14:55.151,3,3,3,0,0
86381.196398,2026-07-22T15:14:55.153,3,3,3,0,0
86381.198830,2026-07-22T15:14:55.155,3,3,3,0,0
86381.201514,2026-07-22T15:14:55.158,3,3,3,0,0
86381.204199,2026-07-22T15:14:55.161,3,3,3,0,0
86381.206533,2026-07-22T15:14:55.163,3,3,3,0,0
86381.209157,2026-07-22T15:14:55.166,3,3,3,0,0
86381.211903,2026-07-22T15:14:55.168,3,3,3,0,0
86381.214437,2026-07-22T15:14:55.171,3,3,3,0,0
86381.217047,2026-07-22T15:14:55.173,3,3,3,0,0
86381.219168,2026-07-22T15:14:55.176,3,3,3,0,0
86381.221247,2026-07-22T15:14:55.178,3,3,3,0,0
86381.223471,2026-07-22T15:14:55.180,3,3,3,0,0
86381.226041,2026-07-22T15:14:55.182,3,3,3,0,0
86381.228680,2026-07-22T15:14:55.185,3,3,3,0,0
86381.231205,2026-07-22T15:14:55.188,3,3,3,0,0
86381.233725,2026-07-22T15:14:55.190,3,3,3,0,0
86381.236268,2026-07-22T15:14:55.193,3,3,3,0,0
86381.238977,2026-07-22T15:14:55.195,3,3,3,0,0
86381.241032,2026-07-22T15:14:55.196,3,3,3,0,0
86381.243055,2026-07-22T15:14:55.199,3,3,3,0,0
86381.245412,2026-07-22T15:14:55.202,3,3,3,0,0
86381.247916,2026-07-22T15:14:55.204,3,3,3,0,0
86381.250667,2026-07-22T15:14:55.207,3,3,3,0,0
86381.253201,2026-07-22T15:14:55.210,3,3,3,0,0
86381.255610,2026-07-22T15:14:55.212,3,3,3,0,0
86381.257718,2026-07-22T15:14:55.214,3,3,3,0,0
86381.260270,2026-07-22T15:14:55.217,3,3,3,0,0
86381.262824,2026-07-22T15:14:55.219,3,3,3,0,0
86381.265357,2026-07-22T15:14:55.222,3,3,3,0,0
86381.267874,2026-07-22T15:14:55.224,3,3,3,0,0
86381.270394,2026-07-22T15:14:55.227,3,3,3,0,0
86381.272954,2026-07-22T15:14:55.229,3,3,3,0,0
86381.275457,2026-07-22T15:14:55.232,3,3,3,0,0
86381.277978,2026-07-22T15:14:55.234,3,3,3,0,0
86381.280404,2026-07-22T15:14:55.237,3,3,3,0,0
86381.282912,2026-07-22T15:14:55.239,3,3,3,0,0
86381.285413,2026-07-22T15:14:55.242,3,3,3,0,0
86381.287464,2026-07-22T15:14:55.244,3,3,3,0,0
86381.289519,2026-07-22T15:14:55.246,3,3,3,0,0
86381.292294,2026-07-22T15:14:55.249,3,3,3,0,0
86381.294651,2026-07-22T15:14:55.251,3,3,3,0,0
86381.297007,2026-07-22T15:14:55.253,3,3,3,0,0
86381.299039,2026-07-22T15:14:55.255,3,3,3,0,0
86381.301145,2026-07-22T15:14:55.257,3,3,3,0,0
86381.303583,2026-07-22T15:14:55.260,3,3,3,0,0
86381.306091,2026-07-22T15:14:55.262,3,3,3,0,0
86381.308117,2026-07-22T15:14:55.264,3,3,3,0,0
86381.310147,2026-07-22T15:14:55.267,3,3,3,0,0
86381.312159,2026-07-22T15:14:55.269,3,3,3,0,0
86381.314189,2026-07-22T15:14:55.271,3,3,3,0,0
86381.316361,2026-07-22T15:14:55.273,3,3,3,0,0
86381.319008,2026-07-22T15:14:55.275,3,3,3,0,0
86381.321053,2026-07-22T15:14:55.277,3,3,3,0,0
86381.323671,2026-07-22T15:14:55.280,3,3,3,0,0
86381.325698,2026-07-22T15:14:55.282,3,3,3,0,0
86381.328059,2026-07-22T15:14:55.284,3,3,3,0,0
86381.330607,2026-07-22T15:14:55.287,3,3,3,0,0
86381.333104,2026-07-22T15:14:55.289,3,3,3,0,0
86381.335319,2026-07-22T15:14:55.291,3,3,3,0,0
86381.337623,2026-07-22T15:14:55.294,3,3,3,0,0
86381.339901,2026-07-22T15:14:55.296,3,3,3,0,0
86381.342445,2026-07-22T15:14:55.299,3,3,3,0,0
86381.344985,2026-07-22T15:14:55.301,3,3,3,0,0
86381.347511,2026-07-22T15:14:55.304,3,3,3,0,0
86381.349946,2026-07-22T15:14:55.306,3,3,3,0,0
86381.352473,2026-07-22T15:14:55.309,3,3,3,0,0
86381.355208,2026-07-22T15:14:55.312,3,3,3,0,0
86381.357859,2026-07-22T15:14:55.314,3,3,3,0,0
86381.360569,2026-07-22T15:14:55.317,3,3,3,0,0
86381.363364,2026-07-22T15:14:55.320,3,3,3,0,0
86381.365920,2026-07-22T15:14:55.322,3,3,3,0,0
86381.368492,2026-07-22T15:14:55.325,3,3,3,0,0
86381.371022,2026-07-22T15:14:55.327,3,3,3,0,0
86381.373307,2026-07-22T15:14:55.330,3,3,3,0,0
86381.375377,2026-07-22T15:14:55.332,3,3,3,0,0
86381.377443,2026-07-22T15:14:55.334,3,3,3,0,0
86381.379678,2026-07-22T15:14:55.336,3,3,3,0,0
86381.382189,2026-07-22T15:14:55.339,3,3,3,0,0
86381.385160,2026-07-22T15:14:55.341,3,3,3,0,0
86381.387355,2026-07-22T15:14:55.344,3,3,3,0,0
86381.389804,2026-07-22T15:14:55.346,3,3,3,0,0
86381.392345,2026-07-22T15:14:55.349,3,3,3,0,0
86381.394495,2026-07-22T15:14:55.351,3,3,3,0,0
86381.397271,2026-07-22T15:14:55.354,3,3,3,0,0
86381.399437,2026-07-22T15:14:55.356,3,3,3,0,0
86381.401993,2026-07-22T15:14:55.358,3,3,3,0,0
86381.404501,2026-07-22T15:14:55.361,3,3,3,0,0
86381.406541,2026-07-22T15:14:55.363,3,3,3,0,0
86381.409074,2026-07-22T15:14:55.365,3,3,3,0,0
86381.411717,2026-07-22T15:14:55.368,3,3,3,0,0
86381.414179,2026-07-22T15:14:55.371,3,3,3,0,0
86381.416240,2026-07-22T15:14:55.373,3,3,3,0,0
86381.418760,2026-07-22T15:14:55.375,3,3,3,0,0
86381.421274,2026-07-22T15:14:55.378,3,3,3,0,0
86381.423768,2026-07-22T15:14:55.380,3,3,3,0,0
86381.425799,2026-07-22T15:14:55.382,3,3,3,0,0
86381.428296,2026-07-22T15:14:55.385,3,3,3,0,0
86381.430319,2026-07-22T15:14:55.387,3,3,3,0,0
86381.432348,2026-07-22T15:14:55.389,3,3,3,0,0
86381.434789,2026-07-22T15:14:55.391,3,3,3,0,0
86381.437305,2026-07-22T15:14:55.394,3,3,3,0,0
86381.439316,2026-07-22T15:14:55.396,3,3,3,0,0
86381.441805,2026-07-22T15:14:55.398,3,3,3,0,0
86381.443831,2026-07-22T15:14:55.400,3,3,3,0,0
86381.446259,2026-07-22T15:14:55.403,3,3,3,0,0
86381.448309,2026-07-22T15:14:55.405,3,3,3,0,0
86381.450990,2026-07-22T15:14:55.407,3,3,3,0,0
86381.453034,2026-07-22T15:14:55.409,3,3,3,0,0
86381.455057,2026-07-22T15:14:55.411,3,3,3,0,0
86381.457873,2026-07-22T15:14:55.414,3,3,3,0,0
86381.460401,2026-07-22T15:14:55.417,3,3,3,0,0
86381.462902,2026-07-22T15:14:55.419,3,3,3,0,0
86381.464955,2026-07-22T15:14:55.421,3,3,3,0,0
86381.467499,2026-07-22T15:14:55.424,3,3,3,0,0
86381.469931,2026-07-22T15:14:55.426,3,3,3,0,0
86381.472462,2026-07-22T15:14:55.429,3,3,3,0,0
86381.474930,2026-07-22T15:14:55.431,3,3,3,0,0
86381.477450,2026-07-22T15:14:55.434,3,3,3,0,0
86381.479937,2026-07-22T15:14:55.436,3,3,3,0,0
86381.482445,2026-07-22T15:14:55.439,3,3,3,0,0
86381.484951,2026-07-22T15:14:55.441,3,3,3,0,0
86381.487472,2026-07-22T15:14:55.444,3,3,3,0,0
86381.490201,2026-07-22T15:14:55.447,3,3,3,0,0
86381.492746,2026-07-22T15:14:55.449,3,3,3,0,0
86381.495268,2026-07-22T15:14:55.452,3,3,3,0,0
86381.497299,2026-07-22T15:14:55.454,3,3,3,0,0
86381.499335,2026-07-22T15:14:55.456,3,3,3,0,0
86381.501400,2026-07-22T15:14:55.458,3,3,3,0,0
86381.503449,2026-07-22T15:14:55.460,3,3,3,0,0
86381.505673,2026-07-22T15:14:55.462,3,3,3,0,0
86381.507732,2026-07-22T15:14:55.464,3,3,3,0,0
86381.509767,2026-07-22T15:14:55.466,3,3,3,0,0
86381.511814,2026-07-22T15:14:55.468,3,3,3,0,0
86381.513867,2026-07-22T15:14:55.470,3,3,3,0,0
86381.515923,2026-07-22T15:14:55.472,3,3,3,0,0
86381.517965,2026-07-22T15:14:55.474,3,3,3,0,0
86381.520069,2026-07-22T15:14:55.476,3,3,3,0,0
86381.522143,2026-07-22T15:14:55.478,3,3,3,0,0
86381.524675,2026-07-22T15:14:55.481,3,3,3,0,0
86381.526700,2026-07-22T15:14:55.483,3,3,3,0,0
86381.528721,2026-07-22T15:14:55.485,3,3,3,0,0
86381.530777,2026-07-22T15:14:55.487,3,3,3,0,0
86381.532809,2026-07-22T15:14:55.489,3,3,3,0,0
86381.535340,2026-07-22T15:14:55.492,3,3,3,0,0
86381.537513,2026-07-22T15:14:55.494,3,3,3,0,0
86381.539839,2026-07-22T15:14:55.496,3,3,3,0,0
86381.542360,2026-07-22T15:14:55.499,3,3,3,0,0
86381.544869,2026-07-22T15:14:55.501,3,3,3,0,0
86381.546908,2026-07-22T15:14:55.503,3,3,3,0,0
86381.548952,2026-07-22T15:14:55.505,3,2,3,0,4
86381.551306,2026-07-22T15:14:55.508,37,2,3,0,4
86381.553355,2026-07-22T15:14:55.510,37,2,3,0,4
86381.555475,2026-07-22T15:14:55.512,37,2,3,0,4
86381.557920,2026-07-22T15:14:55.514,37,2,3,0,4
86381.560569,2026-07-22T15:14:55.517,37,2,3,0,4
86381.562598,2026-07-22T15:14:55.519,37,2,3,0,4
86381.565096,2026-07-22T15:14:55.521,37,2,3,0,4
86381.567607,2026-07-22T15:14:55.524,37,2,3,0,4
86381.569983,2026-07-22T15:14:55.526,37,2,3,0,4
86381.572507,2026-07-22T15:14:55.529,37,2,3,0,4
86381.575095,2026-07-22T15:14:55.531,37,2,3,0,4
86381.577666,2026-07-22T15:14:55.534,37,2,3,0,4
86381.579688,2026-07-22T15:14:55.536,37,2,3,0,4
86381.582290,2026-07-22T15:14:55.539,37,2,3,0,4
86381.584796,2026-07-22T15:14:55.541,37,2,3,0,4
86381.587241,2026-07-22T15:14:55.544,37,2,3,0,4
86381.589844,2026-07-22T15:14:55.546,37,2,3,0,4
86381.592293,2026-07-22T15:14:55.549,37,2,3,0,4
86381.594682,2026-07-22T15:14:55.551,37,2,3,0,4
86381.597181,2026-07-22T15:14:55.554,37,2,3,0,4
86381.599794,2026-07-22T15:14:55.556,37,2,3,0,4
86381.602318,2026-07-22T15:14:55.559,37,2,3,0,4
86381.604337,2026-07-22T15:14:55.561,37,2,3,0,4
86381.606869,2026-07-22T15:14:55.563,37,2,3,0,4
86381.609313,2026-07-22T15:14:55.566,37,2,3,0,4
86381.611877,2026-07-22T15:14:55.568,37,2,3,0,4
86381.614127,2026-07-22T15:14:55.570,37,2,3,0,4
86381.616513,2026-07-22T15:14:55.573,37,2,3,0,4
86381.618568,2026-07-22T15:14:55.575,37,2,3,0,4
86381.621081,2026-07-22T15:14:55.577,37,2,3,0,4
86381.623602,2026-07-22T15:14:55.580,37,2,3,0,4
86381.626126,2026-07-22T15:14:55.582,37,2,3,0,4
86381.628800,2026-07-22T15:14:55.585,37,2,3,0,4
86381.630837,2026-07-22T15:14:55.587,37,2,3,0,4
86381.633237,2026-07-22T15:14:55.590,37,2,3,0,4
86381.635253,2026-07-22T15:14:55.592,37,2,3,0,4
86381.637358,2026-07-22T15:14:55.594,37,2,3,0,4
86381.639886,2026-07-22T15:14:55.596,37,2,3,0,4
86381.642410,2026-07-22T15:14:55.599,37,2,3,0,4
86381.644486,2026-07-22T15:14:55.601,37,2,3,0,4
86381.646788,2026-07-22T15:14:55.603,37,2,3,0,4
86381.649449,2026-07-22T15:14:55.606,37,2,3,0,4
86381.651824,2026-07-22T15:14:55.608,37,2,3,0,4
86381.654365,2026-07-22T15:14:55.611,37,2,3,0,4
86381.656470,2026-07-22T15:14:55.613,37,2,3,0,4
86381.658992,2026-07-22T15:14:55.615,37,2,3,0,4
86381.661491,2026-07-22T15:14:55.618,37,2,3,0,4
86381.664030,2026-07-22T15:14:55.620,37,2,3,0,4
86381.666765,2026-07-22T15:14:55.623,37,2,3,0,4
86381.669287,2026-07-22T15:14:55.626,37,2,3,0,4
86381.671328,2026-07-22T15:14:55.628,37,2,3,0,4
86381.673850,2026-07-22T15:14:55.630,37,2,3,0,4
86381.676376,2026-07-22T15:14:55.633,37,2,3,0,4
86381.678903,2026-07-22T15:14:55.635,37,2,3,0,4
86381.681460,2026-07-22T15:14:55.638,37,2,3,0,4
86381.684138,2026-07-22T15:14:55.640,37,2,3,0,4
86381.686660,2026-07-22T15:14:55.643,37,2,3,0,4
86381.689458,2026-07-22T15:14:55.646,37,2,3,0,4
86381.692213,2026-07-22T15:14:55.649,37,2,3,0,4
86381.694609,2026-07-22T15:14:55.651,37,2,3,0,4
86381.697278,2026-07-22T15:14:55.654,37,2,3,0,4
86381.699806,2026-07-22T15:14:55.656,37,2,3,0,4
86381.702295,2026-07-22T15:14:55.659,37,2,3,0,4
86381.704829,2026-07-22T15:14:55.661,37,2,3,0,4
86381.707129,2026-07-22T15:14:55.663,37,2,3,0,4
86381.709664,2026-07-22T15:14:55.666,37,2,3,0,4
86381.712128,2026-07-22T15:14:55.668,37,2,3,0,4
86381.714652,2026-07-22T15:14:55.671,37,2,3,0,4
86381.717170,2026-07-22T15:14:55.674,37,2,3,0,4
86381.719696,2026-07-22T15:14:55.676,37,2,3,0,4
86381.721725,2026-07-22T15:14:55.678,37,2,3,0,4
86381.724240,2026-07-22T15:14:55.681,37,2,3,0,4
86381.726288,2026-07-22T15:14:55.683,37,2,3,0,4
86381.728943,2026-07-22T15:14:55.685,37,2,3,0,4
86381.731451,2026-07-22T15:14:55.688,37,2,3,0,4
86381.733966,2026-07-22T15:14:55.690,37,2,3,0,4
86381.736530,2026-07-22T15:14:55.693,37,2,3,0,4
86381.738848,2026-07-22T15:14:55.695,37,2,3,0,4
86381.741122,2026-07-22T15:14:55.697,37,2,3,0,4
86381.743152,2026-07-22T15:14:55.700,37,2,3,0,4
86381.745175,2026-07-22T15:14:55.702,37,2,3,0,4
86381.747438,2026-07-22T15:14:55.704,37,2,3,0,4
86381.749762,2026-07-22T15:14:55.706,37,2,3,0,4
86381.752388,2026-07-22T15:14:55.709,37,2,3,0,4
86381.754416,2026-07-22T15:14:55.711,37,2,3,0,4
86381.757151,2026-07-22T15:14:55.714,37,2,3,0,4
86381.759729,2026-07-22T15:14:55.716,37,2,3,0,4
86381.762319,2026-07-22T15:14:55.719,37,2,3,0,4
86381.764328,2026-07-22T15:14:55.721,37,2,3,0,4
86381.766540,2026-07-22T15:14:55.723,37,2,3,0,4
86381.768993,2026-07-22T15:14:55.725,37,2,3,0,4
86381.771467,2026-07-22T15:14:55.728,37,2,3,0,4
86381.774164,2026-07-22T15:14:55.731,37,2,3,0,4
86381.776186,2026-07-22T15:14:55.733,37,2,3,0,4
86381.778639,2026-07-22T15:14:55.735,37,2,3,0,4
86381.781028,2026-07-22T15:14:55.737,37,2,3,0,4
86381.783759,2026-07-22T15:14:55.740,37,2,3,0,4
86381.786305,2026-07-22T15:14:55.743,37,2,3,0,4
86381.788646,2026-07-22T15:14:55.744,37,2,3,0,4
86381.791120,2026-07-22T15:14:55.747,37,2,3,0,4
86381.793649,2026-07-22T15:14:55.750,37,2,3,0,4
86381.796240,2026-07-22T15:14:55.753,37,2,3,0,4
86381.798757,2026-07-22T15:14:55.755,37,2,3,0,4
86381.801459,2026-07-22T15:14:55.758,37,2,3,0,4
86381.803992,2026-07-22T15:14:55.760,37,2,3,0,4
86381.806446,2026-07-22T15:14:55.763,37,2,3,0,4
86381.809001,2026-07-22T15:14:55.765,37,2,3,0,4
86381.811555,2026-07-22T15:14:55.768,37,2,3,0,4
86381.813960,2026-07-22T15:14:55.770,37,2,3,0,4
86381.816493,2026-07-22T15:14:55.773,37,2,3,0,4
86381.819009,2026-07-22T15:14:55.775,37,2,3,0,4
86381.821547,2026-07-22T15:14:55.778,37,2,3,0,4
86381.824142,2026-07-22T15:14:55.780,37,2,3,0,4
86381.826656,2026-07-22T15:14:55.783,37,2,3,0,4
86381.829389,2026-07-22T15:14:55.786,37,2,3,0,4
86381.831900,2026-07-22T15:14:55.788,37,2,3,0,4
86381.834051,2026-07-22T15:14:55.790,37,2,3,0,4
86381.836776,2026-07-22T15:14:55.793,37,2,3,0,4
86381.839281,2026-07-22T15:14:55.795,37,2,3,0,4
86381.841309,2026-07-22T15:14:55.798,37,2,3,0,4
86381.843446,2026-07-22T15:14:55.800,37,2,3,0,4
86381.845482,2026-07-22T15:14:55.802,37,2,3,0,4
86381.847560,2026-07-22T15:14:55.804,37,2,3,0,4
86381.850027,2026-07-22T15:14:55.806,37,2,3,0,4
86381.852216,2026-07-22T15:14:55.809,37,2,3,0,4
86381.854739,2026-07-22T15:14:55.811,37,2,3,0,4
86381.857355,2026-07-22T15:14:55.814,37,2,3,0,4
86381.859671,2026-07-22T15:14:55.816,37,2,3,0,4
86381.861758,2026-07-22T15:14:55.818,37,2,3,0,4
86381.864178,2026-07-22T15:14:55.820,37,2,3,0,4
86381.866705,2026-07-22T15:14:55.823,37,2,3,0,4
86381.869224,2026-07-22T15:14:55.826,37,2,3,0,4
86381.871749,2026-07-22T15:14:55.828,37,2,3,0,4
86381.874118,2026-07-22T15:14:55.830,37,2,3,0,4
86381.876639,2026-07-22T15:14:55.833,37,2,3,0,4
86381.879309,2026-07-22T15:14:55.836,37,2,3,0,4
86381.881893,2026-07-22T15:14:55.838,37,2,3,0,4
86381.884399,2026-07-22T15:14:55.841,37,2,3,0,6
86381.886882,2026-07-22T15:14:55.843,4,0,3,0,6
86381.889406,2026-07-22T15:14:55.846,4,0,3,0,6
86381.891458,2026-07-22T15:14:55.848,4,0,3,0,6
86381.894019,2026-07-22T15:14:55.850,4,0,3,0,6
86381.896437,2026-07-22T15:14:55.853,4,0,3,0,6
86381.898516,2026-07-22T15:14:55.855,4,0,3,0,6
86381.900622,2026-07-22T15:14:55.857,4,0,3,0,6
86381.902958,2026-07-22T15:14:55.859,4,0,3,0,6
86381.905697,2026-07-22T15:14:55.862,4,0,3,0,6
86381.908234,2026-07-22T15:14:55.865,4,0,3,0,6
86381.910394,2026-07-22T15:14:55.867,4,0,3,0,6
86381.912570,2026-07-22T15:14:55.869,4,0,3,0,6
86381.915067,2026-07-22T15:14:55.871,4,0,3,0,6
86381.917650,2026-07-22T15:14:55.874,4,0,3,0,6
86381.920144,2026-07-22T15:14:55.876,4,0,3,0,6
86381.922778,2026-07-22T15:14:55.879,4,0,3,0,6
86381.925298,2026-07-22T15:14:55.882,4,0,3,0,6
86381.927907,2026-07-22T15:14:55.884,4,0,3,0,6
86381.930429,2026-07-22T15:14:55.887,4,0,3,0,6
86381.933062,2026-07-22T15:14:55.889,4,0,3,0,6
86381.935641,2026-07-22T15:14:55.892,4,0,3,0,6
86381.938650,2026-07-22T15:14:55.895,4,0,3,0,6
86381.940966,2026-07-22T15:14:55.897,4,0,3,0,6
86381.943345,2026-07-22T15:14:55.900,4,0,3,0,6
86381.946023,2026-07-22T15:14:55.902,4,0,3,0,6
86381.948779,2026-07-22T15:14:55.905,4,0,3,0,6
86381.950811,2026-07-22T15:14:55.907,4,0,3,0,6
86381.953336,2026-07-22T15:14:55.910,4,0,3,0,6
86381.955516,2026-07-22T15:14:55.912,4,0,3,0,6
86381.958641,2026-07-22T15:14:55.915,4,0,3,0,6
86381.960783,2026-07-22T15:14:55.917,4,0,3,0,6
86381.963458,2026-07-22T15:14:55.920,4,0,3,0,6
86381.965922,2026-07-22T15:14:55.922,4,0,3,0,6
86381.968376,2026-07-22T15:14:55.925,4,0,3,0,6
86381.970897,2026-07-22T15:14:55.927,4,0,3,0,6
86381.973477,2026-07-22T15:14:55.930,4,0,3,0,6
86381.975977,2026-07-22T15:14:55.932,4,0,3,0,6
86381.978625,2026-07-22T15:14:55.935,4,0,3,0,6
86381.981147,2026-07-22T15:14:55.938,4,0,3,0,6
86381.983654,2026-07-22T15:14:55.940,4,0,3,0,6
86381.986084,2026-07-22T15:14:55.942,4,0,3,0,6
86381.988796,2026-07-22T15:14:55.945,4,0,3,0,6
86381.991326,2026-07-22T15:14:55.948,4,0,3,0,6
86381.993626,2026-07-22T15:14:55.950,4,0,3,0,6
86381.995925,2026-07-22T15:14:55.952,4,0,3,0,6
86381.998586,2026-07-22T15:14:55.955,4,0,3,0,6
86382.001249,2026-07-22T15:14:55.958,4,0,3,0,6
86382.003316,2026-07-22T15:14:55.960,4,0,3,0,6
86382.005835,2026-07-22T15:14:55.962,4,0,3,0,6
86382.008614,2026-07-22T15:14:55.965,4,0,3,0,6
86382.010943,2026-07-22T15:14:55.967,4,0,3,0,6
86382.013466,2026-07-22T15:14:55.970,4,0,3,0,6
86382.015996,2026-07-22T15:14:55.972,4,0,3,0,6
86382.018654,2026-07-22T15:14:55.975,4,0,3,0,6
86382.021136,2026-07-22T15:14:55.977,4,0,3,0,6
86382.023647,2026-07-22T15:14:55.980,4,0,3,0,6
86382.026124,2026-07-22T15:14:55.982,4,0,3,0,6
86382.028649,2026-07-22T15:14:55.985,4,0,3,0,6
86382.031276,2026-07-22T15:14:55.988,4,0,3,0,6
86382.033302,2026-07-22T15:14:55.990,4,0,3,0,6
86382.035820,2026-07-22T15:14:55.992,4,0,3,0,6
86382.038245,2026-07-22T15:14:55.995,4,0,3,0,6
86382.040930,2026-07-22T15:14:55.997,4,0,3,0,6
86382.043707,2026-07-22T15:14:56.000,4,0,3,0,6
86382.046481,2026-07-22T15:14:56.003,4,0,3,0,6
86382.049001,2026-07-22T15:14:56.005,4,0,3,0,6
86382.051567,2026-07-22T15:14:56.008,4,0,3,0,6
86382.053588,2026-07-22T15:14:56.010,4,0,3,0,6
86382.056155,2026-07-22T15:14:56.013,4,0,3,0,6
86382.058686,2026-07-22T15:14:56.015,4,0,3,0,6
86382.061444,2026-07-22T15:14:56.018,4,0,3,0,6
86382.063896,2026-07-22T15:14:56.020,4,0,3,0,6
86382.066347,2026-07-22T15:14:56.023,4,0,3,0,6
86382.068954,2026-07-22T15:14:56.025,4,0,3,0,6
86382.071487,2026-07-22T15:14:56.028,4,0,3,0,6
86382.073995,2026-07-22T15:14:56.030,4,0,3,0,6
86382.076424,2026-07-22T15:14:56.033,4,0,3,0,6
86382.078920,2026-07-22T15:14:56.035,4,0,3,0,6
86382.081527,2026-07-22T15:14:56.038,4,0,3,0,6
86382.084211,2026-07-22T15:14:56.041,4,0,3,0,6
86382.086704,2026-07-22T15:14:56.043,4,0,3,0,6
86382.088727,2026-07-22T15:14:56.045,4,0,3,0,6
86382.091327,2026-07-22T15:14:56.048,4,0,3,0,6
86382.093821,2026-07-22T15:14:56.050,4,0,3,0,6
86382.096568,2026-07-22T15:14:56.053,4,0,3,0,6
86382.098772,2026-07-22T15:14:56.055,4,0,3,0,6
86382.101504,2026-07-22T15:14:56.058,4,0,3,0,6
86382.104260,2026-07-22T15:14:56.061,4,0,3,0,6
86382.106968,2026-07-22T15:14:56.063,4,0,3,0,6
86382.109493,2026-07-22T15:14:56.066,4,0,3,0,6
86382.111993,2026-07-22T15:14:56.068,4,0,3,0,6
86382.114509,2026-07-22T15:14:56.071,4,0,3,0,6
86382.117048,2026-07-22T15:14:56.073,4,0,3,0,6
86382.119554,2026-07-22T15:14:56.076,4,0,3,0,6
86382.121935,2026-07-22T15:14:56.078,4,0,3,0,6
86382.124544,2026-07-22T15:14:56.081,4,0,3,0,6
86382.126875,2026-07-22T15:14:56.083,4,0,3,0,6
86382.129326,2026-07-22T15:14:56.086,4,0,3,0,0
86382.131361,2026-07-22T15:14:56.088,3,3,3,0,0
86382.133395,2026-07-22T15:14:56.090,3,3,3,0,0
86382.135427,2026-07-22T15:14:56.092,3,3,3,0,0
86382.137918,2026-07-22T15:14:56.094,3,3,3,0,0
86382.140049,2026-07-22T15:14:56.096,3,3,3,0,0
86382.142074,2026-07-22T15:14:56.098,3,3,3,0,0
86382.144613,2026-07-22T15:14:56.101,3,3,3,0,0
86382.147093,2026-07-22T15:14:56.103,3,3,3,0,0
86382.149589,2026-07-22T15:14:56.106,3,3,3,0,0
86382.151964,2026-07-22T15:14:56.108,3,3,3,0,0
86382.154491,2026-07-22T15:14:56.111,3,3,3,0,0
86382.157003,2026-07-22T15:14:56.113,3,3,3,0,0
86382.159142,2026-07-22T15:14:56.116,3,3,3,0,0
86382.161255,2026-07-22T15:14:56.118,3,3,3,0,0
86382.163785,2026-07-22T15:14:56.120,3,3,3,0,0
86382.166247,2026-07-22T15:14:56.123,3,3,3,0,0
86382.168775,2026-07-22T15:14:56.125,3,3,3,0,0
86382.171312,2026-07-22T15:14:56.128,3,3,3,0,0
86382.173744,2026-07-22T15:14:56.130,3,3,3,0,0
86382.176277,2026-07-22T15:14:56.133,3,3,3,0,0
86382.178800,2026-07-22T15:14:56.135,3,3,3,0,0
86382.181281,2026-07-22T15:14:56.138,3,3,3,0,0
86382.183743,2026-07-22T15:14:56.140,3,3,3,0,0
86382.186199,2026-07-22T15:14:56.143,3,3,3,0,0
86382.188611,2026-07-22T15:14:56.145,3,3,3,0,0
86382.191327,2026-07-22T15:14:56.148,3,3,3,0,0
86382.193842,2026-07-22T15:14:56.150,3,3,3,0,0
86382.196331,2026-07-22T15:14:56.153,3,3,3,0,0
86382.198523,2026-07-22T15:14:56.155,3,3,3,0,0
86382.201124,2026-07-22T15:14:56.157,3,3,3,0,0
86382.203843,2026-07-22T15:14:56.160,3,3,3,0,0
86382.206426,2026-07-22T15:14:56.163,3,3,3,0,0
86382.209031,2026-07-22T15:14:56.165,3,3,3,0,0
86382.211663,2026-07-22T15:14:56.168,3,3,3,0,0
86382.214194,2026-07-22T15:14:56.171,3,3,3,0,0
86382.216733,2026-07-22T15:14:56.173,3,3,3,0,0
86382.219343,2026-07-22T15:14:56.176,3,3,3,0,0
86382.221745,2026-07-22T15:14:56.178,3,3,3,0,0
86382.224359,2026-07-22T15:14:56.181,3,3,3,0,0
86382.226513,2026-07-22T15:14:56.183,3,3,3,0,0
86382.228531,2026-07-22T15:14:56.185,3,3,3,0,0
86382.231046,2026-07-22T15:14:56.187,3,3,3,0,0
86382.233476,2026-07-22T15:14:56.190,3,3,3,0,0
86382.235985,2026-07-22T15:14:56.192,3,3,3,0,0
86382.238418,2026-07-22T15:14:56.195,3,3,3,0,0
86382.241222,2026-07-22T15:14:56.198,3,3,3,0,0
86382.243877,2026-07-22T15:14:56.200,3,3,3,0,0
86382.246643,2026-07-22T15:14:56.203,3,3,3,0,0
86382.249272,2026-07-22T15:14:56.206,3,3,3,0,0
86382.251697,2026-07-22T15:14:56.208,3,3,3,0,0
86382.254241,2026-07-22T15:14:56.211,3,3,3,0,0
86382.256860,2026-07-22T15:14:56.213,3,3,3,0,0
86382.259193,2026-07-22T15:14:56.216,3,3,3,0,0
86382.261635,2026-07-22T15:14:56.218,3,3,3,0,0
86382.264173,2026-07-22T15:14:56.221,3,3,3,0,0
86382.266765,2026-07-22T15:14:56.223,3,3,3,0,0
86382.269489,2026-07-22T15:14:56.226,3,3,3,0,0
86382.271982,2026-07-22T15:14:56.228,3,3,3,0,0
86382.274415,2026-07-22T15:14:56.231,3,3,3,0,0
86382.276744,2026-07-22T15:14:56.233,3,3,3,0,0
86382.278754,2026-07-22T15:14:56.235,3,3,3,0,0
86382.281077,2026-07-22T15:14:56.237,3,3,3,0,0
86382.283399,2026-07-22T15:14:56.240,3,3,3,0,0
86382.285762,2026-07-22T15:14:56.242,3,3,3,0,0
86382.288241,2026-07-22T15:14:56.245,3,3,3,0,0
86382.290692,2026-07-22T15:14:56.247,3,3,3,0,0
86382.292743,2026-07-22T15:14:56.249,3,3,3,0,0
86382.294753,2026-07-22T15:14:56.251,3,3,3,0,0
86382.296955,2026-07-22T15:14:56.253,3,3,3,0,0
86382.299569,2026-07-22T15:14:56.256,3,3,3,0,0
86382.302554,2026-07-22T15:14:56.259,3,3,3,0,0
86382.304579,2026-07-22T15:14:56.261,3,3,3,0,0
86382.307069,2026-07-22T15:14:56.263,3,3,3,0,0
86382.309689,2026-07-22T15:14:56.266,3,3,3,0,0
86382.312278,2026-07-22T15:14:56.269,3,3,3,0,0
86382.314938,2026-07-22T15:14:56.271,3,3,3,0,0
86382.317521,2026-07-22T15:14:56.274,3,3,3,0,0
86382.320073,2026-07-22T15:14:56.276,3,3,3,0,0
86382.322393,2026-07-22T15:14:56.279,3,3,3,0,0
86382.325067,2026-07-22T15:14:56.281,3,3,3,0,0
86382.327741,2026-07-22T15:14:56.284,3,3,3,0,0
86382.330353,2026-07-22T15:14:56.287,3,3,3,0,0
86382.332999,2026-07-22T15:14:56.289,3,3,3,0,0
86382.335621,2026-07-22T15:14:56.292,3,3,3,0,0
86382.338049,2026-07-22T15:14:56.294,3,3,3,0,0
86382.340584,2026-07-22T15:14:56.297,3,3,3,0,0
86382.342941,2026-07-22T15:14:56.299,3,3,3,0,0
86382.345469,2026-07-22T15:14:56.302,3,3,3,0,0
86382.348173,2026-07-22T15:14:56.304,3,3,3,0,0
86382.350488,2026-07-22T15:14:56.307,3,3,3,0,0
86382.352731,2026-07-22T15:14:56.309,3,3,3,0,0
86382.355224,2026-07-22T15:14:56.312,3,3,3,0,0
86382.357788,2026-07-22T15:14:56.314,3,3,3,0,0
86382.360340,2026-07-22T15:14:56.317,3,3,3,0,0
86382.362798,2026-07-22T15:14:56.319,3,3,3,0,0
86382.365233,2026-07-22T15:14:56.322,3,3,3,0,0
86382.367728,2026-07-22T15:14:56.324,3,3,3,0,0
86382.370173,2026-07-22T15:14:56.327,3,3,3,0,0
86382.372684,2026-07-22T15:14:56.329,3,3,3,0,0
86382.375252,2026-07-22T15:14:56.332,3,3,3,0,0
86382.377815,2026-07-22T15:14:56.334,3,3,3,0,0
86382.380299,2026-07-22T15:14:56.337,3,3,3,0,0
86382.382826,2026-07-22T15:14:56.339,3,3,3,0,0
86382.385274,2026-07-22T15:14:56.342,3,3,3,0,0
86382.387742,2026-07-22T15:14:56.344,3,3,3,0,0
86382.390204,2026-07-22T15:14:56.347,3,3,3,0,0
86382.392315,2026-07-22T15:14:56.349,3,3,3,0,0
86382.394877,2026-07-22T15:14:56.351,3,3,3,0,0
86382.397473,2026-07-22T15:14:56.354,3,3,3,0,0
86382.399967,2026-07-22T15:14:56.356,3,3,3,0,0
86382.402451,2026-07-22T15:14:56.359,3,3,3,0,0
86382.405215,2026-07-22T15:14:56.362,3,3,3,0,0
86382.407860,2026-07-22T15:14:56.364,3,3,3,0,0
86382.410523,2026-07-22T15:14:56.367,3,3,3,0,0
86382.413256,2026-07-22T15:14:56.370,3,3,3,0,0
86382.415802,2026-07-22T15:14:56.372,3,3,3,0,0
86382.418256,2026-07-22T15:14:56.375,3,3,3,0,0
86382.420713,2026-07-22T15:14:56.377,3,3,3,0,0
86382.423286,2026-07-22T15:14:56.380,3,3,3,0,0
86382.425758,2026-07-22T15:14:56.382,3,3,3,0,0
86382.427943,2026-07-22T15:14:56.384,3,3,3,0,0
86382.429971,2026-07-22T15:14:56.386,3,3,3,0,0
86382.432427,2026-07-22T15:14:56.389,3,3,3,0,0
86382.435097,2026-07-22T15:14:56.391,3,3,3,0,0
86382.437634,2026-07-22T15:14:56.394,3,3,3,0,0
86382.440007,2026-07-22T15:14:56.396,3,3,3,0,0
86382.442433,2026-07-22T15:14:56.398,3,3,3,0,0
86382.444645,2026-07-22T15:14:56.401,3,3,3,0,0
86382.447113,2026-07-22T15:14:56.403,3,3,3,0,0
86382.449601,2026-07-22T15:14:56.406,3,3,3,0,0
86382.452248,2026-07-22T15:14:56.409,3,3,3,0,0
86382.454778,2026-07-22T15:14:56.411,3,3,3,0,0
86382.456824,2026-07-22T15:14:56.413,3,3,3,0,0
86382.458966,2026-07-22T15:14:56.415,3,3,3,0,0
86382.461141,2026-07-22T15:14:56.417,3,3,3,0,0
86382.463669,2026-07-22T15:14:56.420,3,3,3,0,0
86382.466461,2026-07-22T15:14:56.423,3,3,3,0,0
86382.468996,2026-07-22T15:14:56.425,3,3,3,0,0
86382.471750,2026-07-22T15:14:56.428,3,3,3,0,0
86382.474502,2026-07-22T15:14:56.431,3,3,3,0,0
86382.476986,2026-07-22T15:14:56.433,3,3,3,0,0
86382.479415,2026-07-22T15:14:56.436,3,3,3,0,0
86382.481961,2026-07-22T15:14:56.438,3,3,3,0,0
86382.484568,2026-07-22T15:14:56.441,3,3,3,0,0
86382.487137,2026-07-22T15:14:56.443,3,3,3,0,0
86382.489708,2026-07-22T15:14:56.446,3,3,3,0,0
86382.492032,2026-07-22T15:14:56.448,3,3,3,0,0
86382.494753,2026-07-22T15:14:56.451,3,3,3,0,0
86382.497343,2026-07-22T15:14:56.454,3,3,3,0,0
86382.499975,2026-07-22T15:14:56.456,3,3,3,0,0
86382.501984,2026-07-22T15:14:56.458,3,3,3,0,0
86382.504022,2026-07-22T15:14:56.460,3,3,3,0,0
86382.506524,2026-07-22T15:14:56.463,3,3,3,0,0
86382.509281,2026-07-22T15:14:56.466,3,3,3,0,0
86382.511800,2026-07-22T15:14:56.468,3,3,3,0,0
86382.514281,2026-07-22T15:14:56.471,3,3,3,0,0
86382.516920,2026-07-22T15:14:56.473,3,3,3,0,0
86382.519497,2026-07-22T15:14:56.476,3,3,3,0,0
86382.521997,2026-07-22T15:14:56.478,3,3,3,0,0
86382.524637,2026-07-22T15:14:56.481,3,3,3,0,0
86382.527296,2026-07-22T15:14:56.484,3,3,3,0,0
86382.529826,2026-07-22T15:14:56.486,3,3,3,0,0
86382.532323,2026-07-22T15:14:56.489,3,3,3,0,0
86382.534917,2026-07-22T15:14:56.491,3,3,3,0,0
86382.537420,2026-07-22T15:14:56.494,3,3,3,0,0
86382.539967,2026-07-22T15:14:56.496,3,3,3,0,0
86382.542070,2026-07-22T15:14:56.498,3,3,3,0,0
86382.544766,2026-07-22T15:14:56.501,3,3,3,0,0
86382.547284,2026-07-22T15:14:56.504,3,3,3,0,0
86382.549747,2026-07-22T15:14:56.506,3,3,3,0,0
86382.552322,2026-07-22T15:14:56.509,3,3,3,0,0
86382.554355,2026-07-22T15:14:56.511,3,3,3,0,0
86382.557140,2026-07-22T15:14:56.514,3,3,3,0,0
86382.559642,2026-07-22T15:14:56.516,3,3,3,0,0
86382.562224,2026-07-22T15:14:56.519,3,3,3,0,0
86382.564653,2026-07-22T15:14:56.521,3,3,3,0,0
86382.567224,2026-07-22T15:14:56.524,3,3,3,0,0
86382.569755,2026-07-22T15:14:56.526,3,3,3,0,0
86382.572543,2026-07-22T15:14:56.529,3,3,3,0,0
86382.575234,2026-07-22T15:14:56.532,3,3,3,0,0
86382.577682,2026-07-22T15:14:56.534,3,3,3,0,0
86382.580104,2026-07-22T15:14:56.536,3,3,3,0,0
86382.582744,2026-07-22T15:14:56.539,3,3,3,0,0
86382.585348,2026-07-22T15:14:56.542,3,3,3,0,0
86382.587838,2026-07-22T15:14:56.544,3,3,3,0,0
86382.590336,2026-07-22T15:14:56.547,3,3,3,0,0
86382.592688,2026-07-22T15:14:56.549,3,3,3,0,0
86382.595354,2026-07-22T15:14:56.552,3,3,3,0,0
86382.598185,2026-07-22T15:14:56.555,3,3,3,0,0
86382.600954,2026-07-22T15:14:56.557,3,3,3,0,0
86382.603734,2026-07-22T15:14:56.560,3,3,3,0,0
86382.605817,2026-07-22T15:14:56.562,3,3,3,0,0
86382.608469,2026-07-22T15:14:56.565,3,3,3,0,0
86382.610702,2026-07-22T15:14:56.567,3,3,3,0,0
86382.613470,2026-07-22T15:14:56.570,3,3,3,0,0
86382.616126,2026-07-22T15:14:56.572,3,3,3,0,0
86382.618289,2026-07-22T15:14:56.575,3,3,3,0,0
86382.620765,2026-07-22T15:14:56.577,3,3,3,0,0
86382.623243,2026-07-22T15:14:56.580,3,3,3,0,0
86382.625706,2026-07-22T15:14:56.582,3,3,3,0,0
86382.628201,2026-07-22T15:14:56.585,3,3,3,0,0
86382.630907,2026-07-22T15:14:56.587,3,3,3,0,0
86382.633208,2026-07-22T15:14:56.590,3,3,3,0,0
86382.635737,2026-07-22T15:14:56.592,3,3,3,0,0
86382.638408,2026-07-22T15:14:56.595,3,3,3,0,0
86382.640950,2026-07-22T15:14:56.597,3,3,3,0,0
86382.642999,2026-07-22T15:14:56.599,3,3,3,0,0
86382.645496,2026-07-22T15:14:56.602,3,3,3,0,0
86382.648020,2026-07-22T15:14:56.604,3,3,3,0,0
86382.650380,2026-07-22T15:14:56.607,3,3,3,0,0
86382.652764,2026-07-22T15:14:56.609,3,3,3,0,0
86382.654805,2026-07-22T15:14:56.611,3,3,3,0,0
86382.657247,2026-07-22T15:14:56.614,3,3,3,0,0
86382.659282,2026-07-22T15:14:56.616,3,3,3,0,0
86382.661535,2026-07-22T15:14:56.618,3,3,3,0,0
86382.663955,2026-07-22T15:14:56.620,3,3,3,0,0
86382.666017,2026-07-22T15:14:56.622,3,3,3,0,0
86382.668550,2026-07-22T15:14:56.625,3,3,3,0,0
86382.670585,2026-07-22T15:14:56.627,3,3,3,0,0
86382.673016,2026-07-22T15:14:56.629,3,3,3,0,0
86382.675539,2026-07-22T15:14:56.632,3,3,3,0,0
86382.678042,2026-07-22T15:14:56.634,3,3,3,0,0
86382.680735,2026-07-22T15:14:56.637,3,3,3,0,0
86382.682807,2026-07-22T15:14:56.639,3,3,3,0,0
86382.685423,2026-07-22T15:14:56.642,3,3,3,0,0
86382.687941,2026-07-22T15:14:56.644,3,3,3,0,0
86382.690059,2026-07-22T15:14:56.646,3,3,3,0,0
86382.692370,2026-07-22T15:14:56.647,3,3,3,0,0
86382.694474,2026-07-22T15:14:56.651,3,3,3,0,0
86382.697292,2026-07-22T15:14:56.654,3,3,3,0,0
86382.699816,2026-07-22T15:14:56.656,3,3,3,0,0
86382.702395,2026-07-22T15:14:56.659,3,3,3,0,0
86382.704428,2026-07-22T15:14:56.661,3,3,3,0,0
86382.706455,2026-07-22T15:14:56.663,3,3,3,0,0
86382.708500,2026-07-22T15:14:56.665,3,3,3,0,0
86382.710571,2026-07-22T15:14:56.667,3,3,3,0,0
86382.712608,2026-07-22T15:14:56.669,3,3,3,0,0
86382.714642,2026-07-22T15:14:56.671,3,3,3,0,0
86382.716674,2026-07-22T15:14:56.673,3,3,3,0,0
86382.719249,2026-07-22T15:14:56.676,3,3,3,0,0
86382.721291,2026-07-22T15:14:56.678,3,3,3,0,0
86382.723845,2026-07-22T15:14:56.680,3,3,3,0,0
86382.726325,2026-07-22T15:14:56.683,3,3,3,0,0
86382.728878,2026-07-22T15:14:56.685,3,3,3,0,0
86382.731325,2026-07-22T15:14:56.688,3,3,3,0,0
86382.733351,2026-07-22T15:14:56.690,3,3,3,0,0
86382.735363,2026-07-22T15:14:56.692,3,3,3,0,0
86382.737620,2026-07-22T15:14:56.694,3,3,3,0,0
86382.740424,2026-07-22T15:14:56.697,3,3,3,0,0
86382.742588,2026-07-22T15:14:56.699,3,3,3,0,0
86382.744988,2026-07-22T15:14:56.701,3,3,3,0,0
86382.747384,2026-07-22T15:14:56.704,3,3,3,0,0
86382.749902,2026-07-22T15:14:56.706,3,3,3,0,0
86382.752606,2026-07-22T15:14:56.709,3,3,3,0,0
86382.755126,2026-07-22T15:14:56.711,3,3,3,0,0
86382.757166,2026-07-22T15:14:56.714,3,3,3,0,0
86382.759658,2026-07-22T15:14:56.716,3,3,3,0,0
86382.762168,2026-07-22T15:14:56.719,3,3,3,0,0
86382.764843,2026-07-22T15:14:56.721,3,3,3,0,0
86382.767359,2026-07-22T15:14:56.724,3,3,3,0,0
86382.769474,2026-07-22T15:14:56.726,3,3,3,0,0
86382.771579,2026-07-22T15:14:56.728,3,3,3,0,0
86382.773732,2026-07-22T15:14:56.730,3,3,3,0,0
86382.776185,2026-07-22T15:14:56.733,3,3,3,0,0
86382.778212,2026-07-22T15:14:56.735,3,3,3,0,0
86382.780785,2026-07-22T15:14:56.737,3,3,3,0,0
86382.782826,2026-07-22T15:14:56.739,3,3,3,0,0
86382.785338,2026-07-22T15:14:56.742,3,3,3,0,0
86382.787996,2026-07-22T15:14:56.744,3,3,3,0,0
86382.790479,2026-07-22T15:14:56.747,3,3,3,0,0
86382.793837,2026-07-22T15:14:56.750,3,3,3,0,0
86382.796182,2026-07-22T15:14:56.753,3,3,3,0,0
86382.798816,2026-07-22T15:14:56.755,3,3,3,0,0
86382.800998,2026-07-22T15:14:56.757,3,3,3,0,0
86382.803009,2026-07-22T15:14:56.759,3,3,3,0,0
86382.805303,2026-07-22T15:14:56.762,3,3,3,0,0
86382.807326,2026-07-22T15:14:56.764,3,3,3,0,0
86382.809602,2026-07-22T15:14:56.766,3,3,3,0,0
86382.811899,2026-07-22T15:14:56.768,3,3,3,0,0
86382.814117,2026-07-22T15:14:56.770,3,3,3,0,0
86382.816339,2026-07-22T15:14:56.773,3,3,3,0,0
86382.818375,2026-07-22T15:14:56.775,3,3,3,0,0
86382.820401,2026-07-22T15:14:56.777,3,3,3,0,0
86382.822936,2026-07-22T15:14:56.779,3,3,3,0,0
86382.825468,2026-07-22T15:14:56.782,3,3,3,0,0
86382.827558,2026-07-22T15:14:56.784,3,3,3,0,0
86382.829576,2026-07-22T15:14:56.786,3,3,3,0,0
86382.831991,2026-07-22T15:14:56.788,3,3,3,0,0
86382.834694,2026-07-22T15:14:56.791,3,3,3,0,0
86382.837381,2026-07-22T15:14:56.794,3,3,3,0,0
86382.839410,2026-07-22T15:14:56.796,3,3,3,0,0
86382.841932,2026-07-22T15:14:56.798,3,3,3,0,0
86382.844462,2026-07-22T15:14:56.801,3,3,3,0,0
86382.846812,2026-07-22T15:14:56.803,3,3,3,0,0
86382.849379,2026-07-22T15:14:56.806,3,3,3,0,0
86382.851924,2026-07-22T15:14:56.807,3,3,3,0,0
86382.854112,2026-07-22T15:14:56.810,3,3,3,0,0
86382.856624,2026-07-22T15:14:56.813,3,3,3,0,0
86382.858667,2026-07-22T15:14:56.815,3,3,3,0,0
86382.861184,2026-07-22T15:14:56.818,3,3,3,0,0
86382.863742,2026-07-22T15:14:56.820,3,3,3,0,0
86382.865802,2026-07-22T15:14:56.822,3,3,3,0,0
86382.867832,2026-07-22T15:14:56.824,3,3,3,0,0
86382.870351,2026-07-22T15:14:56.827,3,3,3,0,0
86382.872376,2026-07-22T15:14:56.829,3,3,3,0,0
86382.874399,2026-07-22T15:14:56.831,3,3,3,0,0
86382.877135,2026-07-22T15:14:56.833,3,3,3,0,0
86382.879667,2026-07-22T15:14:56.836,3,3,3,0,0
86382.881798,2026-07-22T15:14:56.838,3,3,3,0,0
86382.884335,2026-07-22T15:14:56.841,3,3,3,0,0
86382.886462,2026-07-22T15:14:56.843,3,3,3,0,0
86382.888527,2026-07-22T15:14:56.845,3,3,3,0,0
86382.891051,2026-07-22T15:14:56.847,3,3,3,0,0
86382.893577,2026-07-22T15:14:56.850,3,3,3,0,0
86382.896102,2026-07-22T15:14:56.852,3,3,3,0,0
86382.898621,2026-07-22T15:14:56.855,3,3,3,0,0
86382.901153,2026-07-22T15:14:56.858,3,3,3,0,0
86382.903810,2026-07-22T15:14:56.860,3,3,3,0,0
86382.906338,2026-07-22T15:14:56.863,3,3,3,0,0
86382.908714,2026-07-22T15:14:56.865,3,3,3,0,0
86382.911427,2026-07-22T15:14:56.868,3,3,3,0,0
86382.913452,2026-07-22T15:14:56.870,3,3,3,0,0
86382.916071,2026-07-22T15:14:56.872,3,3,3,0,0
86382.918592,2026-07-22T15:14:56.875,3,3,3,0,0
86382.921100,2026-07-22T15:14:56.877,3,3,3,0,0
86382.923302,2026-07-22T15:14:56.880,3,3,3,0,0
86382.925341,2026-07-22T15:14:56.882,3,3,3,0,0
86382.927651,2026-07-22T15:14:56.884,3,3,3,0,0
86382.930413,2026-07-22T15:14:56.887,3,3,3,0,0
86382.932911,2026-07-22T15:14:56.889,3,3,3,0,0
86382.935438,2026-07-22T15:14:56.892,3,3,3,0,0
86382.937712,2026-07-22T15:14:56.894,3,3,3,0,0
86382.940213,2026-07-22T15:14:56.897,3,3,3,0,0
86382.942661,2026-07-22T15:14:56.899,3,3,3,0,0
86382.945434,2026-07-22T15:14:56.902,3,3,3,0,0
86382.947552,2026-07-22T15:14:56.904,3,3,3,0,0
86382.949562,2026-07-22T15:14:56.906,3,3,3,0,0
86382.951947,2026-07-22T15:14:56.908,3,3,3,0,0
86382.953980,2026-07-22T15:14:56.910,3,3,3,0,0
86382.956438,2026-07-22T15:14:56.913,3,3,3,0,0
86382.958943,2026-07-22T15:14:56.915,3,3,3,0,0
86382.961670,2026-07-22T15:14:56.918,3,3,3,0,0
86382.964209,2026-07-22T15:14:56.921,3,3,3,0,0
86382.966809,2026-07-22T15:14:56.923,19,0,3,0,8
86382.969347,2026-07-22T15:14:56.926,19,0,3,0,8
86382.971384,2026-07-22T15:14:56.928,19,0,3,0,8
86382.973949,2026-07-22T15:14:56.930,19,0,3,0,8
86382.976414,2026-07-22T15:14:56.933,19,0,3,0,8
86382.978927,2026-07-22T15:14:56.935,19,0,3,0,8
86382.981429,2026-07-22T15:14:56.938,19,0,3,0,8
86382.983947,2026-07-22T15:14:56.940,19,0,3,0,8
86382.986445,2026-07-22T15:14:56.943,19,0,3,0,8
86382.988954,2026-07-22T15:14:56.945,19,0,3,0,8
86382.991881,2026-07-22T15:14:56.948,19,0,3,0,8
86382.994323,2026-07-22T15:14:56.951,19,0,3,0,8
86382.996391,2026-07-22T15:14:56.953,19,0,3,0,8
86382.998899,2026-07-22T15:14:56.955,19,0,3,0,8
86383.001411,2026-07-22T15:14:56.958,19,0,3,0,8
86383.003914,2026-07-22T15:14:56.960,19,0,3,0,8
86383.006428,2026-07-22T15:14:56.963,19,0,3,0,8
86383.008501,2026-07-22T15:14:56.965,19,0,3,0,8
86383.011004,2026-07-22T15:14:56.967,19,0,3,0,8
86383.013489,2026-07-22T15:14:56.970,19,0,3,0,8
86383.015517,2026-07-22T15:14:56.972,19,0,3,0,8
86383.017556,2026-07-22T15:14:56.974,19,0,3,0,8
86383.019584,2026-07-22T15:14:56.976,19,0,3,0,8
86383.021620,2026-07-22T15:14:56.978,19,0,3,0,8
86383.024127,2026-07-22T15:14:56.980,19,0,3,0,8
86383.026149,2026-07-22T15:14:56.983,19,0,3,0,8
86383.028667,2026-07-22T15:14:56.985,19,0,3,0,8
86383.031164,2026-07-22T15:14:56.988,19,0,3,0,8
86383.033680,2026-07-22T15:14:56.990,19,0,3,0,8
86383.036203,2026-07-22T15:14:56.993,19,0,3,0,8
86383.038693,2026-07-22T15:14:56.995,19,0,3,0,8
86383.041195,2026-07-22T15:14:56.998,19,0,3,0,8
86383.043692,2026-07-22T15:14:57.000,19,0,3,0,8
86383.046220,2026-07-22T15:14:57.003,19,0,3,0,8
86383.048726,2026-07-22T15:14:57.005,19,0,3,0,8
86383.050801,2026-07-22T15:14:57.007,19,0,3,0,8
86383.053208,2026-07-22T15:14:57.010,19,0,3,0,8
86383.055713,2026-07-22T15:14:57.012,19,0,3,0,8
86383.058228,2026-07-22T15:14:57.015,19,0,3,0,8
86383.060727,2026-07-22T15:14:57.017,19,0,3,0,8
86383.063246,2026-07-22T15:14:57.020,19,0,3,0,8
86383.065740,2026-07-22T15:14:57.022,19,0,3,0,8
86383.068257,2026-07-22T15:14:57.025,19,0,3,0,8
86383.070751,2026-07-22T15:14:57.027,19,0,3,0,8
86383.073266,2026-07-22T15:14:57.030,19,0,3,0,8
86383.075762,2026-07-22T15:14:57.032,19,0,3,0,8
86383.078279,2026-07-22T15:14:57.035,19,0,3,0,8
86383.080792,2026-07-22T15:14:57.037,19,0,3,0,8
86383.083301,2026-07-22T15:14:57.040,19,0,3,0,8
86383.085797,2026-07-22T15:14:57.042,19,0,3,0,8
86383.088302,2026-07-22T15:14:57.045,19,0,3,0,8
86383.090808,2026-07-22T15:14:57.047,19,0,3,0,8
86383.093076,2026-07-22T15:14:57.049,19,0,3,0,8
86383.095112,2026-07-22T15:14:57.051,19,0,3,0,8
86383.097481,2026-07-22T15:14:57.054,19,0,3,0,8
86383.100004,2026-07-22T15:14:57.056,19,0,3,0,8
86383.102046,2026-07-22T15:14:57.058,19,0,3,0,8
86383.104578,2026-07-22T15:14:57.061,19,0,3,0,8
86383.106773,2026-07-22T15:14:57.063,19,0,3,0,8
86383.109280,2026-07-22T15:14:57.066,19,0,3,0,8
86383.111310,2026-07-22T15:14:57.068,19,0,3,0,8
86383.113326,2026-07-22T15:14:57.070,19,0,3,0,8
86383.115379,2026-07-22T15:14:57.072,19,0,3,0,8
86383.117406,2026-07-22T15:14:57.074,19,0,3,0,8
86383.119443,2026-07-22T15:14:57.076,19,0,3,0,8
86383.121457,2026-07-22T15:14:57.078,19,0,3,0,8
86383.123485,2026-07-22T15:14:57.080,19,0,3,0,8
86383.125596,2026-07-22T15:14:57.082,19,0,3,0,8
86383.127632,2026-07-22T15:14:57.084,19,0,3,0,8
86383.129691,2026-07-22T15:14:57.086,19,0,3,0,8
86383.131862,2026-07-22T15:14:57.088,19,0,3,0,8
86383.133914,2026-07-22T15:14:57.090,19,0,3,0,8
86383.136449,2026-07-22T15:14:57.093,19,0,3,0,8
86383.139051,2026-07-22T15:14:57.095,19,0,3,0,8
86383.141402,2026-07-22T15:14:57.098,19,0,3,0,8
86383.144440,2026-07-22T15:14:57.101,19,0,3,0,8
86383.146531,2026-07-22T15:14:57.103,19,0,3,0,8
86383.148601,2026-07-22T15:14:57.105,19,0,3,0,8
86383.150632,2026-07-22T15:14:57.107,19,0,3,0,8
86383.152665,2026-07-22T15:14:57.109,19,0,3,0,8
86383.154765,2026-07-22T15:14:57.111,19,0,3,0,8
86383.157024,2026-07-22T15:14:57.113,19,0,3,0,8
86383.159073,2026-07-22T15:14:57.115,19,0,3,0,8
86383.161147,2026-07-22T15:14:57.117,19,0,3,0,8
86383.163239,2026-07-22T15:14:57.120,19,0,3,0,8
86383.165296,2026-07-22T15:14:57.122,19,0,3,0,8
86383.167345,2026-07-22T15:14:57.124,19,0,3,0,8
86383.169380,2026-07-22T15:14:57.126,19,0,3,0,8
86383.171417,2026-07-22T15:14:57.128,19,0,3,0,8
86383.173483,2026-07-22T15:14:57.130,19,0,3,0,8
86383.175514,2026-07-22T15:14:57.132,19,0,3,0,8
86383.177561,2026-07-22T15:14:57.134,19,0,3,0,8
86383.179609,2026-07-22T15:14:57.136,19,0,3,0,8
86383.182166,2026-07-22T15:14:57.139,19,0,3,0,8
86383.184237,2026-07-22T15:14:57.141,19,0,3,0,8
86383.186770,2026-07-22T15:14:57.143,19,0,3,0,8
86383.188806,2026-07-22T15:14:57.145,19,0,3,0,8
86383.191031,2026-07-22T15:14:57.147,19,0,3,0,8
86383.193553,2026-07-22T15:14:57.150,19,0,3,0,8
86383.196296,2026-07-22T15:14:57.153,19,0,3,0,8
86383.198475,2026-07-22T15:14:57.155,19,0,3,0,8
86383.201005,2026-07-22T15:14:57.157,19,0,3,0,8
86383.203531,2026-07-22T15:14:57.160,19,0,3,0,8
86383.205654,2026-07-22T15:14:57.162,19,0,3,0,8
86383.207963,2026-07-22T15:14:57.164,19,0,3,0,8
86383.210473,2026-07-22T15:14:57.167,36,2,3,0,3
86383.212501,2026-07-22T15:14:57.169,36,2,3,0,3
86383.215015,2026-07-22T15:14:57.171,36,2,3,0,3
86383.217552,2026-07-22T15:14:57.174,36,2,3,0,3
86383.220297,2026-07-22T15:14:57.177,36,2,3,0,3
86383.222825,2026-07-22T15:14:57.179,36,2,3,0,3
86383.225360,2026-07-22T15:14:57.182,36,2,3,0,3
86383.227878,2026-07-22T15:14:57.184,36,2,3,0,3
86383.230541,2026-07-22T15:14:57.187,36,2,3,0,3
86383.233152,2026-07-22T15:14:57.190,36,2,3,0,3
86383.235902,2026-07-22T15:14:57.192,36,2,3,0,3
86383.238493,2026-07-22T15:14:57.195,36,2,3,0,3
86383.240781,2026-07-22T15:14:57.197,36,2,3,0,3
86383.242815,2026-07-22T15:14:57.199,36,2,3,0,3
86383.245334,2026-07-22T15:14:57.202,36,2,3,0,3
86383.247363,2026-07-22T15:14:57.204,36,2,3,0,3
86383.249887,2026-07-22T15:14:57.206,36,2,3,0,3
86383.252589,2026-07-22T15:14:57.209,36,2,3,0,3
86383.254660,2026-07-22T15:14:57.211,36,2,3,0,3
86383.256949,2026-07-22T15:14:57.213,36,2,3,0,3
86383.259638,2026-07-22T15:14:57.216,36,2,3,0,3
86383.262140,2026-07-22T15:14:57.218,36,2,3,0,3
86383.264905,2026-07-22T15:14:57.221,36,2,3,0,3
86383.267415,2026-07-22T15:14:57.224,36,2,3,0,3
86383.269485,2026-07-22T15:14:57.226,36,2,3,0,3
86383.271969,2026-07-22T15:14:57.228,36,2,3,0,3
86383.274402,2026-07-22T15:14:57.231,36,2,3,0,3
86383.276716,2026-07-22T15:14:57.233,36,2,3,0,3
86383.279220,2026-07-22T15:14:57.236,36,2,3,0,3
86383.281608,2026-07-22T15:14:57.238,36,2,3,0,3
86383.284116,2026-07-22T15:14:57.240,36,2,3,0,3
86383.286140,2026-07-22T15:14:57.243,36,2,3,0,3
86383.288151,2026-07-22T15:14:57.245,36,2,3,0,3
86383.290289,2026-07-22T15:14:57.247,36,2,3,0,3
86383.292361,2026-07-22T15:14:57.249,36,2,3,0,3
86383.294822,2026-07-22T15:14:57.251,36,2,3,0,3
86383.297433,2026-07-22T15:14:57.254,36,2,3,0,3
86383.300066,2026-07-22T15:14:57.256,36,2,3,0,3
86383.302591,2026-07-22T15:14:57.259,36,2,3,0,3
86383.304627,2026-07-22T15:14:57.261,36,2,3,0,3
86383.306894,2026-07-22T15:14:57.263,36,2,3,0,3
86383.308906,2026-07-22T15:14:57.265,36,2,3,0,3
86383.311349,2026-07-22T15:14:57.268,36,2,3,0,3
86383.313849,2026-07-22T15:14:57.270,36,2,3,0,3
86383.316282,2026-07-22T15:14:57.273,36,2,3,0,3
86383.318734,2026-07-22T15:14:57.275,36,2,3,0,3
86383.321238,2026-07-22T15:14:57.278,36,2,3,0,3
86383.323738,2026-07-22T15:14:57.280,36,2,3,0,3
86383.326242,2026-07-22T15:14:57.283,36,2,3,0,3
86383.328750,2026-07-22T15:14:57.285,36,2,3,0,3
86383.331265,2026-07-22T15:14:57.288,36,2,3,0,3
86383.333780,2026-07-22T15:14:57.290,36,2,3,0,3
86383.336272,2026-07-22T15:14:57.293,36,2,3,0,3
86383.338690,2026-07-22T15:14:57.295,36,2,3,0,3
86383.340817,2026-07-22T15:14:57.297,36,2,3,0,3
86383.342927,2026-07-22T15:14:57.299,36,2,3,0,3
86383.345430,2026-07-22T15:14:57.302,36,2,3,0,3
86383.348256,2026-07-22T15:14:57.304,36,2,3,0,3
86383.350441,2026-07-22T15:14:57.307,36,2,3,0,3
86383.352947,2026-07-22T15:14:57.309,36,2,3,0,3
86383.355443,2026-07-22T15:14:57.312,36,2,3,0,3
86383.357938,2026-07-22T15:14:57.314,36,2,3,0,3
86383.360327,2026-07-22T15:14:57.317,36,2,3,0,3
86383.362885,2026-07-22T15:14:57.319,36,2,3,0,3
86383.365373,2026-07-22T15:14:57.322,36,2,3,0,3
86383.367885,2026-07-22T15:14:57.324,36,2,3,0,3
86383.370321,2026-07-22T15:14:57.327,36,2,3,0,3
86383.372761,2026-07-22T15:14:57.329,36,2,3,0,3
86383.375189,2026-07-22T15:14:57.332,36,2,3,0,3
86383.377814,2026-07-22T15:14:57.334,36,2,3,0,3
86383.380573,2026-07-22T15:14:57.337,36,2,3,0,3
86383.383079,2026-07-22T15:14:57.339,36,2,3,0,3
86383.385806,2026-07-22T15:14:57.342,36,2,3,0,3
86383.388282,2026-07-22T15:14:57.345,36,2,3,0,3
86383.390819,2026-07-22T15:14:57.347,36,2,3,0,3
86383.393365,2026-07-22T15:14:57.350,36,2,3,0,3
86383.395860,2026-07-22T15:14:57.352,36,2,3,0,3
86383.397871,2026-07-22T15:14:57.354,36,2,3,0,3
86383.399974,2026-07-22T15:14:57.356,36,2,3,0,3
86383.402789,2026-07-22T15:14:57.359,36,2,3,0,3
86383.405349,2026-07-22T15:14:57.362,36,2,3,0,3
86383.407378,2026-07-22T15:14:57.364,36,2,3,0,3
86383.409419,2026-07-22T15:14:57.366,36,2,3,0,3
86383.411782,2026-07-22T15:14:57.368,36,2,3,0,3
86383.413815,2026-07-22T15:14:57.370,36,2,3,0,3
86383.416374,2026-07-22T15:14:57.373,36,2,3,0,3
86383.418418,2026-07-22T15:14:57.375,36,2,3,0,3
86383.421083,2026-07-22T15:14:57.377,36,2,3,0,3
86383.423598,2026-07-22T15:14:57.380,36,2,3,0,3
86383.426125,2026-07-22T15:14:57.382,36,2,3,0,3
86383.428904,2026-07-22T15:14:57.385,36,2,3,0,3
86383.431558,2026-07-22T15:14:57.388,36,2,3,0,3
86383.433946,2026-07-22T15:14:57.390,36,2,3,0,3
86383.435974,2026-07-22T15:14:57.392,36,2,3,0,3
86383.438619,2026-07-22T15:14:57.395,36,2,3,0,3
86383.441124,2026-07-22T15:14:57.397,36,2,3,0,3
86383.443467,2026-07-22T15:14:57.400,36,2,3,0,3
86383.445798,2026-07-22T15:14:57.402,36,2,3,0,3
86383.448053,2026-07-22T15:14:57.404,36,2,3,0,3
86383.450662,2026-07-22T15:14:57.407,36,2,3,0,3
86383.453171,2026-07-22T15:14:57.410,36,2,3,0,3
86383.455736,2026-07-22T15:14:57.412,36,2,3,0,3
86383.458197,2026-07-22T15:14:57.415,36,2,3,0,3
86383.460228,2026-07-22T15:14:57.417,36,2,3,0,3
86383.462745,2026-07-22T15:14:57.419,36,2,3,0,3
86383.465362,2026-07-22T15:14:57.422,36,2,3,0,3
86383.467868,2026-07-22T15:14:57.424,36,2,3,0,3
86383.469931,2026-07-22T15:14:57.426,36,2,3,0,3
86383.472491,2026-07-22T15:14:57.429,36,2,3,0,3
86383.475008,2026-07-22T15:14:57.431,36,2,3,0,3
86383.477503,2026-07-22T15:14:57.434,36,2,3,0,3
86383.480007,2026-07-22T15:14:57.436,36,2,3,0,3
86383.482405,2026-07-22T15:14:57.439,36,2,3,0,3
86383.484917,2026-07-22T15:14:57.441,36,2,3,0,3
86383.487428,2026-07-22T15:14:57.444,36,2,3,0,3
86383.489943,2026-07-22T15:14:57.446,36,2,3,0,3
86383.492139,2026-07-22T15:14:57.448,36,2,3,0,3
86383.494546,2026-07-22T15:14:57.451,36,2,3,0,3
86383.497057,2026-07-22T15:14:57.453,36,2,3,0,3
86383.499390,2026-07-22T15:14:57.456,36,2,3,0,3
86383.501900,2026-07-22T15:14:57.458,36,2,3,0,3
86383.504602,2026-07-22T15:14:57.461,36,2,3,0,3
86383.507082,2026-07-22T15:14:57.463,36,2,3,0,3
86383.509721,2026-07-22T15:14:57.466,36,2,3,0,3
86383.512332,2026-07-22T15:14:57.469,36,2,3,0,3
86383.515059,2026-07-22T15:14:57.471,36,2,3,0,3
86383.517508,2026-07-22T15:14:57.474,36,2,3,0,3
86383.519562,2026-07-22T15:14:57.476,36,2,3,0,3
86383.521934,2026-07-22T15:14:57.478,36,2,3,0,3
86383.524471,2026-07-22T15:14:57.481,36,2,3,0,3
86383.527067,2026-07-22T15:14:57.483,36,2,3,0,3
86383.529491,2026-07-22T15:14:57.486,36,2,3,0,3
86383.531870,2026-07-22T15:14:57.488,36,2,3,0,3
86383.534401,2026-07-22T15:14:57.491,36,2,3,0,3
86383.536861,2026-07-22T15:14:57.493,36,2,3,0,3
86383.539568,2026-07-22T15:14:57.496,36,2,3,0,3
86383.541601,2026-07-22T15:14:57.498,36,2,3,0,3
86383.543859,2026-07-22T15:14:57.500,36,2,3,0,3
86383.545873,2026-07-22T15:14:57.502,6,0,3,0,6
86383.548411,2026-07-22T15:14:57.505,6,0,3,0,6
86383.550904,2026-07-22T15:14:57.507,6,0,3,0,6
86383.553138,2026-07-22T15:14:57.509,6,0,3,0,6
86383.555656,2026-07-22T15:14:57.512,6,0,3,0,6
86383.558055,2026-07-22T15:14:57.514,6,0,3,0,6
86383.560583,2026-07-22T15:14:57.517,6,0,3,0,6
86383.563361,2026-07-22T15:14:57.520,6,0,3,0,6
86383.565780,2026-07-22T15:14:57.522,6,0,3,0,6
86383.568402,2026-07-22T15:14:57.525,6,0,3,0,6
86383.570437,2026-07-22T15:14:57.527,6,0,3,0,6
86383.572941,2026-07-22T15:14:57.529,6,0,3,0,6
86383.575527,2026-07-22T15:14:57.532,6,0,3,0,6
86383.578031,2026-07-22T15:14:57.534,6,0,3,0,6
86383.580633,2026-07-22T15:14:57.537,6,0,3,0,6
86383.583127,2026-07-22T15:14:57.539,6,0,3,0,6
86383.585849,2026-07-22T15:14:57.542,6,0,3,0,6
86383.588556,2026-07-22T15:14:57.545,6,0,3,0,6
86383.591030,2026-07-22T15:14:57.547,6,0,3,0,6
86383.593509,2026-07-22T15:14:57.549,6,0,3,0,6
86383.595875,2026-07-22T15:14:57.552,6,0,3,0,6
86383.597964,2026-07-22T15:14:57.554,6,0,3,0,6
86383.600673,2026-07-22T15:14:57.557,6,0,3,0,6
86383.603383,2026-07-22T15:14:57.560,6,0,3,0,6
86383.605732,2026-07-22T15:14:57.562,6,0,3,0,6
86383.607805,2026-07-22T15:14:57.564,6,0,3,0,6
86383.610326,2026-07-22T15:14:57.567,6,0,3,0,6
86383.612920,2026-07-22T15:14:57.569,6,0,3,0,6
86383.615434,2026-07-22T15:14:57.572,6,0,3,0,6
86383.618073,2026-07-22T15:14:57.574,6,0,3,0,6
86383.620515,2026-07-22T15:14:57.577,6,0,3,0,6
86383.623189,2026-07-22T15:14:57.580,6,0,3,0,6
86383.625787,2026-07-22T15:14:57.582,6,0,3,0,6
86383.628617,2026-07-22T15:14:57.585,6,0,3,0,6
86383.630962,2026-07-22T15:14:57.587,6,0,3,0,6
86383.633607,2026-07-22T15:14:57.590,6,0,3,0,6
86383.636117,2026-07-22T15:14:57.592,6,0,3,0,6
86383.638636,2026-07-22T15:14:57.595,6,0,3,0,6
86383.641044,2026-07-22T15:14:57.597,6,0,3,0,6
86383.643457,2026-07-22T15:14:57.600,6,0,3,0,6
86383.645822,2026-07-22T15:14:57.602,6,0,3,0,6
86383.648429,2026-07-22T15:14:57.605,6,0,3,0,6
86383.650648,2026-07-22T15:14:57.607,6,0,3,0,6
86383.652658,2026-07-22T15:14:57.609,6,0,3,0,6
86383.654690,2026-07-22T15:14:57.611,6,0,3,0,6
86383.657497,2026-07-22T15:14:57.614,6,0,3,0,6
86383.660267,2026-07-22T15:14:57.617,6,0,3,0,6
86383.662770,2026-07-22T15:14:57.619,6,0,3,0,6
86383.664980,2026-07-22T15:14:57.621,6,0,3,0,6
86383.667623,2026-07-22T15:14:57.624,6,0,3,0,6
86383.670036,2026-07-22T15:14:57.626,6,0,3,0,6
86383.672057,2026-07-22T15:14:57.628,6,0,3,0,6
86383.674570,2026-07-22T15:14:57.631,6,0,3,0,6
86383.677010,2026-07-22T15:14:57.633,6,0,3,0,6
86383.679053,2026-07-22T15:14:57.635,6,0,3,0,6
86383.681457,2026-07-22T15:14:57.638,6,0,3,0,6
86383.684135,2026-07-22T15:14:57.640,6,0,3,0,6
86383.686626,2026-07-22T15:14:57.643,6,0,3,0,6
86383.689181,2026-07-22T15:14:57.646,6,0,3,0,6
86383.691561,2026-07-22T15:14:57.648,6,0,3,0,6
86383.694337,2026-07-22T15:14:57.651,6,0,3,0,6
86383.696850,2026-07-22T15:14:57.653,6,0,3,0,6
86383.699084,2026-07-22T15:14:57.655,6,0,3,0,6
86383.701501,2026-07-22T15:14:57.658,6,0,3,0,6
86383.703986,2026-07-22T15:14:57.660,6,0,3,0,6
86383.706321,2026-07-22T15:14:57.663,6,0,3,0,6
86383.708716,2026-07-22T15:14:57.665,6,0,3,0,6
86383.711174,2026-07-22T15:14:57.668,6,0,3,0,6
86383.713664,2026-07-22T15:14:57.670,6,0,3,0,6
86383.716168,2026-07-22T15:14:57.673,6,0,3,0,6
86383.718205,2026-07-22T15:14:57.675,6,0,3,0,6
86383.720879,2026-07-22T15:14:57.677,6,0,3,0,6
86383.723246,2026-07-22T15:14:57.680,6,0,3,0,6
86383.726031,2026-07-22T15:14:57.682,6,0,3,0,6
86383.728741,2026-07-22T15:14:57.685,6,0,3,0,6
86383.731372,2026-07-22T15:14:57.688,6,0,3,0,6
86383.733953,2026-07-22T15:14:57.690,6,0,3,0,6
86383.735963,2026-07-22T15:14:57.692,6,0,3,0,6
86383.738035,2026-07-22T15:14:57.694,6,0,3,0,6
86383.740807,2026-07-22T15:14:57.697,6,0,3,0,6
86383.743292,2026-07-22T15:14:57.700,6,0,3,0,6
86383.745919,2026-07-22T15:14:57.702,6,0,3,0,6
86383.748325,2026-07-22T15:14:57.705,6,0,3,0,6
86383.750618,2026-07-22T15:14:57.707,6,0,3,0,6
86383.752990,2026-07-22T15:14:57.709,6,0,3,0,6
86383.755468,2026-07-22T15:14:57.712,6,0,3,0,6
86383.757999,2026-07-22T15:14:57.714,6,0,3,0,6
86383.760418,2026-07-22T15:14:57.717,6,0,3,0,6
86383.762898,2026-07-22T15:14:57.719,6,0,3,0,6
86383.765311,2026-07-22T15:14:57.722,6,0,3,0,6
86383.767825,2026-07-22T15:14:57.724,6,0,3,0,6
86383.770428,2026-07-22T15:14:57.727,6,0,3,0,6
86383.773031,2026-07-22T15:14:57.729,6,0,3,0,6
86383.775367,2026-07-22T15:14:57.732,6,0,3,0,6
86383.777979,2026-07-22T15:14:57.734,6,0,3,0,6
86383.780134,2026-07-22T15:14:57.736,6,0,3,0,6
86383.782627,2026-07-22T15:14:57.739,6,0,3,0,6
86383.785025,2026-07-22T15:14:57.741,6,0,3,0,6
86383.787669,2026-07-22T15:14:57.744,6,0,3,0,6
86383.790403,2026-07-22T15:14:57.747,3,3,3,0,0
86383.793027,2026-07-22T15:14:57.749,3,3,3,0,0
86383.795369,2026-07-22T15:14:57.751,3,3,3,0,0
86383.797817,2026-07-22T15:14:57.754,3,3,3,0,0
86383.799836,2026-07-22T15:14:57.756,3,3,3,0,0
86383.802622,2026-07-22T15:14:57.759,3,3,3,0,0
86383.804636,2026-07-22T15:14:57.761,3,3,3,0,0
86383.806968,2026-07-22T15:14:57.763,3,3,3,0,0
86383.809634,2026-07-22T15:14:57.766,3,3,3,0,0
86383.812284,2026-07-22T15:14:57.769,3,3,3,0,0
86383.814737,2026-07-22T15:14:57.771,3,3,3,0,0
86383.817460,2026-07-22T15:14:57.774,3,3,3,0,0
86383.819758,2026-07-22T15:14:57.776,3,3,3,0,0
86383.822263,2026-07-22T15:14:57.779,3,3,3,0,0
86383.825004,2026-07-22T15:14:57.781,3,3,3,0,0
86383.827778,2026-07-22T15:14:57.784,3,3,3,0,0
86383.830195,2026-07-22T15:14:57.787,3,3,3,0,0
86383.832811,2026-07-22T15:14:57.789,3,3,3,0,0
86383.835117,2026-07-22T15:14:57.791,3,3,3,0,0
86383.837600,2026-07-22T15:14:57.794,3,3,3,0,0
86383.840047,2026-07-22T15:14:57.796,3,3,3,0,0
86383.842809,2026-07-22T15:14:57.798,3,3,3,0,0
86383.845063,2026-07-22T15:14:57.801,3,3,3,0,0
86383.847574,2026-07-22T15:14:57.804,3,3,3,0,0
86383.850081,2026-07-22T15:14:57.806,3,3,3,0,0
86383.852589,2026-07-22T15:14:57.809,3,3,3,0,0
86383.854625,2026-07-22T15:14:57.811,3,3,3,0,0
86383.856650,2026-07-22T15:14:57.813,3,3,3,0,0
86383.859195,2026-07-22T15:14:57.816,3,3,3,0,0
86383.861475,2026-07-22T15:14:57.818,3,3,3,0,0
86383.864217,2026-07-22T15:14:57.821,3,3,3,0,0
86383.866599,2026-07-22T15:14:57.823,3,3,3,0,0
86383.868999,2026-07-22T15:14:57.825,3,3,3,0,0
86383.871517,2026-07-22T15:14:57.828,3,3,3,0,0
86383.873528,2026-07-22T15:14:57.830,3,3,3,0,0
86383.876028,2026-07-22T15:14:57.832,3,3,3,0,0
86383.878541,2026-07-22T15:14:57.835,3,3,3,0,0
86383.880976,2026-07-22T15:14:57.837,3,3,3,0,0
86383.883660,2026-07-22T15:14:57.840,3,3,3,0,0
86383.886095,2026-07-22T15:14:57.842,3,3,3,0,0
86383.888587,2026-07-22T15:14:57.845,3,3,3,0,0
86383.891051,2026-07-22T15:14:57.847,3,3,3,0,0
86383.893308,2026-07-22T15:14:57.850,3,3,3,0,0
86383.896002,2026-07-22T15:14:57.852,3,3,3,0,0
86383.898102,2026-07-22T15:14:57.854,3,3,3,0,0
86383.900623,2026-07-22T15:14:57.857,3,3,3,0,0
86383.903214,2026-07-22T15:14:57.860,3,3,3,0,0
86383.905832,2026-07-22T15:14:57.862,3,3,3,0,0
86383.908519,2026-07-22T15:14:57.865,3,3,3,0,0
86383.911228,2026-07-22T15:14:57.867,3,3,3,0,0
86383.913439,2026-07-22T15:14:57.870,3,3,3,0,0
86383.916221,2026-07-22T15:14:57.873,3,3,3,0,0
86383.918866,2026-07-22T15:14:57.875,3,3,3,0,0
86383.921294,2026-07-22T15:14:57.878,3,3,3,0,0
86383.923780,2026-07-22T15:14:57.880,3,3,3,0,0
86383.926264,2026-07-22T15:14:57.883,3,3,3,0,0
86383.928980,2026-07-22T15:14:57.885,3,3,3,0,0
86383.931615,2026-07-22T15:14:57.888,3,3,3,0,0
86383.933991,2026-07-22T15:14:57.890,3,3,3,0,0
86383.936508,2026-07-22T15:14:57.893,3,3,3,0,0
86383.938520,2026-07-22T15:14:57.895,3,3,3,0,0
86383.941000,2026-07-22T15:14:57.897,3,3,3,0,0
86383.943961,2026-07-22T15:14:57.900,3,3,3,0,0
86383.946299,2026-07-22T15:14:57.903,3,3,3,0,0
86383.948815,2026-07-22T15:14:57.905,3,3,3,0,0
86383.950841,2026-07-22T15:14:57.907,3,3,3,0,0
86383.953430,2026-07-22T15:14:57.910,3,3,3,0,0
86383.955954,2026-07-22T15:14:57.912,3,3,3,0,0
86383.958357,2026-07-22T15:14:57.915,3,3,3,0,0
86383.960946,2026-07-22T15:14:57.917,3,3,3,0,0
86383.963544,2026-07-22T15:14:57.920,3,3,3,0,0
86383.966005,2026-07-22T15:14:57.922,3,3,3,0,0
86383.968658,2026-07-22T15:14:57.925,3,3,3,0,0
86383.971281,2026-07-22T15:14:57.928,3,3,3,0,0
86383.973871,2026-07-22T15:14:57.930,3,3,3,0,0
86383.976227,2026-07-22T15:14:57.933,3,3,3,0,0
86383.978569,2026-07-22T15:14:57.935,3,3,3,0,0
86383.980905,2026-07-22T15:14:57.937,3,3,3,0,0
86383.983605,2026-07-22T15:14:57.940,3,3,3,0,0
86383.986242,2026-07-22T15:14:57.943,3,3,3,0,0
86383.988894,2026-07-22T15:14:57.945,3,3,3,0,0
86383.991581,2026-07-22T15:14:57.948,3,3,3,0,0
86383.993945,2026-07-22T15:14:57.950,3,3,3,0,0
86383.996553,2026-07-22T15:14:57.953,3,3,3,0,0
86383.999202,2026-07-22T15:14:57.956,3,3,3,0,0
86384.001790,2026-07-22T15:14:57.958,3,3,3,0,0
86384.004567,2026-07-22T15:14:57.961,3,3,3,0,0
86384.006943,2026-07-22T15:14:57.963,3,3,3,0,0
86384.009468,2026-07-22T15:14:57.966,3,3,3,0,0
86384.012188,2026-07-22T15:14:57.969,3,3,3,0,0
86384.014731,2026-07-22T15:14:57.971,3,3,3,0,0
86384.017245,2026-07-22T15:14:57.974,3,3,3,0,0
86384.019966,2026-07-22T15:14:57.976,3,3,3,0,0
86384.022534,2026-07-22T15:14:57.979,3,3,3,0,0
86384.024936,2026-07-22T15:14:57.981,3,3,3,0,0
86384.027603,2026-07-22T15:14:57.984,3,3,3,0,0
86384.030063,2026-07-22T15:14:57.986,3,3,3,0,0
86384.032686,2026-07-22T15:14:57.989,3,3,3,0,0
86384.035078,2026-07-22T15:14:57.991,3,3,3,0,0
86384.037787,2026-07-22T15:14:57.994,3,3,3,0,0
86384.040256,2026-07-22T15:14:57.997,3,3,3,0,0
86384.042368,2026-07-22T15:14:57.999,3,3,3,0,0
86384.044541,2026-07-22T15:14:58.001,3,3,3,0,0
86384.046911,2026-07-22T15:14:58.003,3,3,3,0,0
86384.049605,2026-07-22T15:14:58.006,3,3,3,0,0
86384.052231,2026-07-22T15:14:58.009,3,3,3,0,0
86384.054696,2026-07-22T15:14:58.011,3,3,3,0,0
86384.057233,2026-07-22T15:14:58.014,3,3,3,0,0
86384.059311,2026-07-22T15:14:58.016,3,3,3,0,0
86384.061833,2026-07-22T15:14:58.018,3,3,3,0,0
86384.064352,2026-07-22T15:14:58.021,3,3,3,0,0
86384.066876,2026-07-22T15:14:58.023,3,3,3,0,0
86384.069391,2026-07-22T15:14:58.026,3,3,3,0,0
86384.071913,2026-07-22T15:14:58.028,3,3,3,0,0
86384.074434,2026-07-22T15:14:58.031,3,3,3,0,0
86384.076954,2026-07-22T15:14:58.033,3,3,3,0,0
86384.079475,2026-07-22T15:14:58.036,3,3,3,0,0
86384.082016,2026-07-22T15:14:58.038,3,3,3,0,0
86384.084516,2026-07-22T15:14:58.041,3,3,3,0,0
86384.087034,2026-07-22T15:14:58.043,3,3,3,0,0
86384.089557,2026-07-22T15:14:58.046,3,3,3,0,0
86384.091591,2026-07-22T15:14:58.048,3,3,3,0,0
86384.093654,2026-07-22T15:14:58.049,3,3,3,0,0
86384.096118,2026-07-22T15:14:58.052,3,3,3,0,0
86384.098633,2026-07-22T15:14:58.055,3,3,3,0,0
86384.101154,2026-07-22T15:14:58.058,3,3,3,0,0
86384.103676,2026-07-22T15:14:58.060,3,3,3,0,0
86384.106189,2026-07-22T15:14:58.063,3,3,3,0,0
86384.108270,2026-07-22T15:14:58.065,3,3,3,0,0
86384.110800,2026-07-22T15:14:58.067,3,3,3,0,0
86384.113481,2026-07-22T15:14:58.070,3,3,3,0,0
86384.116048,2026-07-22T15:14:58.072,3,3,3,0,0
86384.118630,2026-07-22T15:14:58.075,3,3,3,0,0
86384.121267,2026-07-22T15:14:58.078,3,3,3,0,0
86384.123861,2026-07-22T15:14:58.080,3,3,3,0,0
86384.126381,2026-07-22T15:14:58.083,3,3,3,0,0
86384.129016,2026-07-22T15:14:58.085,3,3,3,0,0
86384.131706,2026-07-22T15:14:58.088,3,3,3,0,0
86384.134241,2026-07-22T15:14:58.091,3,3,3,0,0
86384.136993,2026-07-22T15:14:58.093,3,3,3,0,0
86384.139332,2026-07-22T15:14:58.096,3,3,3,0,0
86384.141860,2026-07-22T15:14:58.098,3,3,3,0,0
86384.144389,2026-07-22T15:14:58.101,3,3,3,0,0
86384.146906,2026-07-22T15:14:58.103,3,3,3,0,0
86384.149254,2026-07-22T15:14:58.106,3,3,3,0,0
86384.151911,2026-07-22T15:14:58.108,3,3,3,0,0
86384.153956,2026-07-22T15:14:58.110,3,3,3,0,0
86384.156478,2026-07-22T15:14:58.113,3,3,3,0,0
86384.158584,2026-07-22T15:14:58.115,3,3,3,0,0
86384.160607,2026-07-22T15:14:58.117,3,3,3,0,0
86384.163099,2026-07-22T15:14:58.119,3,3,3,0,0
86384.165616,2026-07-22T15:14:58.122,3,3,3,0,0
86384.168078,2026-07-22T15:14:58.124,3,3,3,0,0
86384.170555,2026-07-22T15:14:58.127,3,3,3,0,0
86384.173073,2026-07-22T15:14:58.129,3,3,3,0,0
86384.175609,2026-07-22T15:14:58.132,3,3,3,0,0
86384.178217,2026-07-22T15:14:58.135,3,3,3,0,0
86384.180651,2026-07-22T15:14:58.137,3,3,3,0,0
86384.183061,2026-07-22T15:14:58.139,3,3,3,0,0
86384.185585,2026-07-22T15:14:58.142,3,3,3,0,0
86384.188320,2026-07-22T15:14:58.145,3,3,3,0,0
86384.191027,2026-07-22T15:14:58.147,3,3,3,0,0
86384.193051,2026-07-22T15:14:58.149,3,3,3,0,0
86384.195724,2026-07-22T15:14:58.152,3,3,3,0,0
86384.198292,2026-07-22T15:14:58.155,3,3,3,0,0
86384.200967,2026-07-22T15:14:58.157,3,3,3,0,0
86384.203655,2026-07-22T15:14:58.160,3,3,3,0,0
86384.206326,2026-07-22T15:14:58.163,3,3,3,0,0
86384.208941,2026-07-22T15:14:58.165,3,3,3,0,0
86384.210965,2026-07-22T15:14:58.167,3,3,3,0,0
86384.213012,2026-07-22T15:14:58.169,3,3,3,0,0
86384.215032,2026-07-22T15:14:58.171,3,3,3,0,0
86384.217081,2026-07-22T15:14:58.173,3,3,3,0,0
86384.219104,2026-07-22T15:14:58.175,3,3,3,0,0
86384.221154,2026-07-22T15:14:58.178,3,3,3,0,0
86384.223663,2026-07-22T15:14:58.180,3,3,3,0,0
86384.225696,2026-07-22T15:14:58.182,3,3,3,0,0
86384.227710,2026-07-22T15:14:58.184,3,3,3,0,0
86384.229737,2026-07-22T15:14:58.186,3,3,3,0,0
86384.232249,2026-07-22T15:14:58.189,3,3,3,0,0
86384.234761,2026-07-22T15:14:58.191,3,3,3,0,0
86384.236773,2026-07-22T15:14:58.193,3,3,3,0,0
86384.238842,2026-07-22T15:14:58.195,3,3,3,0,0
86384.240871,2026-07-22T15:14:58.197,3,3,3,0,0
86384.242938,2026-07-22T15:14:58.199,3,3,3,0,0
86384.244990,2026-07-22T15:14:58.201,3,3,3,0,0
86384.247048,2026-07-22T15:14:58.203,3,3,3,0,0
86384.249099,2026-07-22T15:14:58.205,3,3,3,0,0
86384.251746,2026-07-22T15:14:58.208,3,3,3,0,0
86384.254299,2026-07-22T15:14:58.211,3,3,3,0,0
86384.256802,2026-07-22T15:14:58.213,3,3,3,0,0
86384.259123,2026-07-22T15:14:58.215,3,3,3,0,0
86384.261636,2026-07-22T15:14:58.218,3,3,3,0,0
86384.264023,2026-07-22T15:14:58.220,3,3,3,0,0
86384.266035,2026-07-22T15:14:58.222,3,3,3,0,0
86384.268567,2026-07-22T15:14:58.225,3,3,3,0,0
86384.271092,2026-07-22T15:14:58.227,3,3,3,0,0
86384.273610,2026-07-22T15:14:58.230,3,3,3,0,0
86384.276061,2026-07-22T15:14:58.232,3,3,3,0,0
86384.278778,2026-07-22T15:14:58.235,3,3,3,0,0
86384.280803,2026-07-22T15:14:58.237,3,3,3,0,0
86384.282854,2026-07-22T15:14:58.239,3,3,3,0,0
86384.285305,2026-07-22T15:14:58.242,3,3,3,0,0
86384.288072,2026-07-22T15:14:58.244,3,3,3,0,0
86384.290887,2026-07-22T15:14:58.247,3,3,3,0,0
86384.293304,2026-07-22T15:14:58.250,3,3,3,0,0
86384.296043,2026-07-22T15:14:58.252,3,3,3,0,0
86384.298670,2026-07-22T15:14:58.255,3,3,3,0,0
86384.300765,2026-07-22T15:14:58.257,3,3,3,0,0
86384.303325,2026-07-22T15:14:58.260,3,3,3,0,0
86384.305853,2026-07-22T15:14:58.262,3,3,3,0,0
86384.308183,2026-07-22T15:14:58.265,3,3,3,0,0
86384.310641,2026-07-22T15:14:58.267,3,3,3,0,0
86384.312756,2026-07-22T15:14:58.269,3,3,3,0,0
86384.315318,2026-07-22T15:14:58.272,3,3,3,0,0
86384.317846,2026-07-22T15:14:58.274,3,3,3,0,0
86384.320350,2026-07-22T15:14:58.277,3,3,3,0,0
86384.322372,2026-07-22T15:14:58.279,3,3,3,0,0
86384.325090,2026-07-22T15:14:58.281,3,3,3,0,0
86384.327734,2026-07-22T15:14:58.284,3,3,3,0,0
86384.330252,2026-07-22T15:14:58.287,3,3,3,0,0
86384.332958,2026-07-22T15:14:58.289,3,3,3,0,0
86384.335457,2026-07-22T15:14:58.292,3,3,3,0,0
86384.337897,2026-07-22T15:14:58.294,3,3,3,0,0
86384.339932,2026-07-22T15:14:58.296,3,3,3,0,0
86384.342271,2026-07-22T15:14:58.299,3,3,3,0,0
86384.344476,2026-07-22T15:14:58.301,3,3,3,0,0
86384.346708,2026-07-22T15:14:58.303,3,3,3,0,0
86384.349198,2026-07-22T15:14:58.306,3,3,3,0,0
86384.351705,2026-07-22T15:14:58.308,3,3,3,0,0
86384.353759,2026-07-22T15:14:58.310,3,3,3,0,0
86384.356282,2026-07-22T15:14:58.313,3,3,3,0,0
86384.358713,2026-07-22T15:14:58.315,3,3,3,0,0
86384.361413,2026-07-22T15:14:58.318,3,3,3,0,0
86384.363434,2026-07-22T15:14:58.320,3,3,3,0,0
86384.365897,2026-07-22T15:14:58.322,3,3,3,0,0
86384.368425,2026-07-22T15:14:58.325,3,3,3,0,0
86384.370930,2026-07-22T15:14:58.327,3,3,3,0,0
86384.372965,2026-07-22T15:14:58.329,3,3,3,0,0
86384.375518,2026-07-22T15:14:58.332,3,3,3,0,0
86384.378242,2026-07-22T15:14:58.335,3,3,3,0,0
86384.380529,2026-07-22T15:14:58.337,3,3,3,0,0
86384.383052,2026-07-22T15:14:58.339,3,3,3,0,0
86384.385085,2026-07-22T15:14:58.341,3,3,3,0,0
86384.387096,2026-07-22T15:14:58.343,3,3,3,0,0
86384.389303,2026-07-22T15:14:58.346,3,3,3,0,0
86384.391332,2026-07-22T15:14:58.348,3,3,3,0,0
86384.393737,2026-07-22T15:14:58.350,3,3,3,0,0
86384.396256,2026-07-22T15:14:58.353,3,3,3,0,0
86384.398468,2026-07-22T15:14:58.355,3,3,3,0,0
86384.400773,2026-07-22T15:14:58.357,3,3,3,0,0
86384.403159,2026-07-22T15:14:58.360,3,3,3,0,0
86384.405856,2026-07-22T15:14:58.362,3,3,3,0,0
86384.408153,2026-07-22T15:14:58.365,3,3,3,0,0
86384.410379,2026-07-22T15:14:58.367,3,3,3,0,0
86384.412869,2026-07-22T15:14:58.369,3,3,3,0,0
86384.414884,2026-07-22T15:14:58.371,3,3,3,0,0
86384.416904,2026-07-22T15:14:58.373,3,3,3,0,0
86384.419102,2026-07-22T15:14:58.375,3,3,3,0,0
86384.421763,2026-07-22T15:14:58.378,3,3,3,0,0
86384.423796,2026-07-22T15:14:58.380,3,3,3,0,0
86384.426260,2026-07-22T15:14:58.383,3,3,3,0,0
86384.428740,2026-07-22T15:14:58.385,3,3,3,0,0
86384.431384,2026-07-22T15:14:58.388,3,3,3,0,0
86384.433874,2026-07-22T15:14:58.390,3,3,3,0,0
86384.435953,2026-07-22T15:14:58.392,3,3,3,0,0
86384.438407,2026-07-22T15:14:58.395,3,3,3,0,0
86384.440438,2026-07-22T15:14:58.397,3,3,3,0,0
86384.442626,2026-07-22T15:14:58.399,3,3,3,0,0
86384.445182,2026-07-22T15:14:58.401,3,3,3,0,0
86384.447467,2026-07-22T15:14:58.404,3,3,3,0,0
86384.449896,2026-07-22T15:14:58.406,3,3,3,0,0
86384.452445,2026-07-22T15:14:58.409,3,3,3,0,0
86384.454945,2026-07-22T15:14:58.411,3,3,3,0,0
86384.457079,2026-07-22T15:14:58.413,3,3,3,0,0
86384.459864,2026-07-22T15:14:58.416,3,3,3,0,0
86384.462399,2026-07-22T15:14:58.419,3,3,3,0,0
86384.464435,2026-07-22T15:14:58.421,3,3,3,0,0
86384.467084,2026-07-22T15:14:58.423,3,3,3,0,0
86384.469612,2026-07-22T15:14:58.426,3,3,3,0,0
86384.472158,2026-07-22T15:14:58.428,3,3,3,0,0
86384.474670,2026-07-22T15:14:58.431,3,3,3,0,0
86384.477190,2026-07-22T15:14:58.434,3,3,3,0,0
86384.479728,2026-07-22T15:14:58.436,3,3,3,0,0
86384.482193,2026-07-22T15:14:58.439,3,3,3,0,0
86384.484715,2026-07-22T15:14:58.441,3,3,3,0,0
86384.487460,2026-07-22T15:14:58.444,3,3,3,0,0
86384.490038,2026-07-22T15:14:58.446,3,3,3,0,0
86384.492080,2026-07-22T15:14:58.448,3,3,3,0,0
86384.494152,2026-07-22T15:14:58.450,3,3,3,0,0
86384.496593,2026-07-22T15:14:58.453,3,3,3,0,0
86384.499095,2026-07-22T15:14:58.455,3,3,3,0,0
86384.501769,2026-07-22T15:14:58.458,3,3,3,0,0
86384.503893,2026-07-22T15:14:58.460,3,3,3,0,0
86384.506359,2026-07-22T15:14:58.463,3,3,3,0,0
86384.508519,2026-07-22T15:14:58.465,3,3,3,0,0
86384.511092,2026-07-22T15:14:58.467,3,3,3,0,0
86384.513614,2026-07-22T15:14:58.470,3,3,3,0,0
86384.516076,2026-07-22T15:14:58.472,3,3,3,0,0
86384.518574,2026-07-22T15:14:58.475,3,3,3,0,0
86384.521020,2026-07-22T15:14:58.477,3,3,3,0,0
86384.523617,2026-07-22T15:14:58.480,3,3,3,0,0
86384.525647,2026-07-22T15:14:58.482,3,3,3,0,0
86384.528043,2026-07-22T15:14:58.484,3,3,3,0,0
86384.530548,2026-07-22T15:14:58.487,3,3,3,0,0
86384.533023,2026-07-22T15:14:58.489,3,3,3,0,0
86384.535699,2026-07-22T15:14:58.492,3,3,3,0,0
86384.537773,2026-07-22T15:14:58.494,3,3,3,0,0
86384.540237,2026-07-22T15:14:58.497,3,3,3,0,0
86384.542270,2026-07-22T15:14:58.499,3,3,3,0,0
86384.544495,2026-07-22T15:14:58.501,3,3,3,0,0
86384.547037,2026-07-22T15:14:58.503,3,3,3,0,0
86384.549635,2026-07-22T15:14:58.506,3,3,3,0,0
86384.552140,2026-07-22T15:14:58.508,3,3,3,0,0
86384.554162,2026-07-22T15:14:58.511,3,3,3,0,0
86384.556684,2026-07-22T15:14:58.513,3,3,3,0,0
86384.558884,2026-07-22T15:14:58.515,3,3,3,0,0
86384.560895,2026-07-22T15:14:58.517,3,3,3,0,0
86384.563377,2026-07-22T15:14:58.520,3,3,3,0,0
86384.565398,2026-07-22T15:14:58.522,3,3,3,0,0
86384.567882,2026-07-22T15:14:58.524,3,3,3,0,0
86384.569924,2026-07-22T15:14:58.526,3,3,3,0,0
86384.572366,2026-07-22T15:14:58.529,3,3,3,0,0
86384.574884,2026-07-22T15:14:58.531,3,3,3,0,0
86384.577594,2026-07-22T15:14:58.534,3,3,3,0,0
86384.580011,2026-07-22T15:14:58.536,3,3,3,0,0
86384.582058,2026-07-22T15:14:58.538,3,3,3,0,0
86384.584639,2026-07-22T15:14:58.541,3,3,3,0,0
86384.587173,2026-07-22T15:14:58.544,3,3,3,0,0
86384.589686,2026-07-22T15:14:58.546,3,3,3,0,0
86384.592225,2026-07-22T15:14:58.549,3,3,3,0,0
86384.594718,2026-07-22T15:14:58.551,3,3,3,0,0
86384.597349,2026-07-22T15:14:58.554,3,3,3,0,0
86384.599625,2026-07-22T15:14:58.556,3,3,3,0,0
86384.602114,2026-07-22T15:14:58.558,3,3,3,0,0
86384.604629,2026-07-22T15:14:58.561,3,3,3,0,0
86384.607167,2026-07-22T15:14:58.564,3,3,3,0,0
86384.609203,2026-07-22T15:14:58.566,3,3,3,0,0
86384.611955,2026-07-22T15:14:58.568,3,3,3,0,0
86384.614422,2026-07-22T15:14:58.571,3,3,3,0,0
86384.616779,2026-07-22T15:14:58.573,3,3,3,0,0
86384.619382,2026-07-22T15:14:58.576,3,3,3,0,0
86384.621886,2026-07-22T15:14:58.578,3,3,3,0,0
86384.624495,2026-07-22T15:14:58.581,3,3,3,0,8
86384.627054,2026-07-22T15:14:58.583,19,0,3,0,8
86384.629515,2026-07-22T15:14:58.586,19,0,3,0,8
86384.632020,2026-07-22T15:14:58.588,19,0,3,0,8
86384.634527,2026-07-22T15:14:58.591,19,0,3,0,8
86384.636877,2026-07-22T15:14:58.593,19,0,3,0,8
86384.638917,2026-07-22T15:14:58.595,19,0,3,0,8
86384.641434,2026-07-22T15:14:58.598,19,0,3,0,8
86384.643978,2026-07-22T15:14:58.600,19,0,3,0,8
86384.646270,2026-07-22T15:14:58.603,19,0,3,0,8
86384.648299,2026-07-22T15:14:58.605,19,0,3,0,8
86384.650375,2026-07-22T15:14:58.607,19,0,3,0,8
86384.652394,2026-07-22T15:14:58.609,19,0,3,0,8
86384.654680,2026-07-22T15:14:58.611,19,0,3,0,8
86384.657115,2026-07-22T15:14:58.613,19,0,3,0,8
86384.659394,2026-07-22T15:14:58.616,19,0,3,0,8
86384.661755,2026-07-22T15:14:58.618,19,0,3,0,8
86384.663874,2026-07-22T15:14:58.620,19,0,3,0,8
86384.666160,2026-07-22T15:14:58.623,19,0,3,0,8
86384.668487,2026-07-22T15:14:58.625,19,0,3,0,8
86384.670510,2026-07-22T15:14:58.627,19,0,3,0,8
86384.672544,2026-07-22T15:14:58.629,19,0,3,0,8
86384.674617,2026-07-22T15:14:58.631,19,0,3,0,8
86384.676843,2026-07-22T15:14:58.633,19,0,3,0,8
86384.678877,2026-07-22T15:14:58.635,19,0,3,0,8
86384.680929,2026-07-22T15:14:58.637,19,0,3,0,8
86384.683437,2026-07-22T15:14:58.640,19,0,3,0,8
86384.685957,2026-07-22T15:14:58.642,19,0,3,0,8
86384.688472,2026-07-22T15:14:58.645,19,0,3,0,8
86384.690604,2026-07-22T15:14:58.647,19,0,3,0,8
86384.692824,2026-07-22T15:14:58.649,19,0,3,0,8
86384.695355,2026-07-22T15:14:58.652,19,0,3,0,8
86384.697591,2026-07-22T15:14:58.654,19,0,3,0,8
86384.700108,2026-07-22T15:14:58.656,19,0,3,0,8
86384.702626,2026-07-22T15:14:58.659,19,0,3,0,8
86384.705144,2026-07-22T15:14:58.662,19,0,3,0,8
86384.707662,2026-07-22T15:14:58.664,19,0,3,0,8
86384.709685,2026-07-22T15:14:58.666,19,0,3,0,8
86384.712069,2026-07-22T15:14:58.668,19,0,3,0,8
86384.714596,2026-07-22T15:14:58.671,19,0,3,0,8
86384.716647,2026-07-22T15:14:58.673,19,0,3,0,8
86384.718697,2026-07-22T15:14:58.675,19,0,3,0,8
86384.721248,2026-07-22T15:14:58.678,19,0,3,0,8
86384.723733,2026-07-22T15:14:58.680,19,0,3,0,8
86384.726252,2026-07-22T15:14:58.683,19,0,3,0,8
86384.728353,2026-07-22T15:14:58.685,19,0,3,0,8
86384.730788,2026-07-22T15:14:58.687,19,0,3,0,8
86384.732822,2026-07-22T15:14:58.689,19,0,3,0,8
86384.734849,2026-07-22T15:14:58.691,19,0,3,0,8
86384.736973,2026-07-22T15:14:58.693,19,0,3,0,8
86384.739491,2026-07-22T15:14:58.696,19,0,3,0,8
86384.741598,2026-07-22T15:14:58.698,19,0,3,0,8
86384.743899,2026-07-22T15:14:58.700,19,0,3,0,8
86384.746405,2026-07-22T15:14:58.703,19,0,3,0,8
86384.748927,2026-07-22T15:14:58.705,19,0,3,0,8
86384.751459,2026-07-22T15:14:58.708,19,0,3,0,8
86384.753982,2026-07-22T15:14:58.710,19,0,3,0,8
86384.756505,2026-07-22T15:14:58.713,19,0,3,0,8
86384.758526,2026-07-22T15:14:58.715,19,0,3,0,8
86384.761062,2026-07-22T15:14:58.717,19,0,3,0,8
86384.763579,2026-07-22T15:14:58.720,19,0,3,0,8
86384.766371,2026-07-22T15:14:58.723,19,0,3,0,8
86384.768649,2026-07-22T15:14:58.725,19,0,3,0,8
86384.770795,2026-07-22T15:14:58.727,19,0,3,0,8
86384.772822,2026-07-22T15:14:58.729,19,0,3,0,8
86384.774864,2026-07-22T15:14:58.731,19,0,3,0,8
86384.777384,2026-07-22T15:14:58.734,19,0,3,0,8
86384.779614,2026-07-22T15:14:58.736,19,0,3,0,8
86384.782364,2026-07-22T15:14:58.739,19,0,3,0,8
86384.784869,2026-07-22T15:14:58.741,19,0,3,0,8
86384.786896,2026-07-22T15:14:58.743,19,0,3,0,8
86384.788939,2026-07-22T15:14:58.745,19,0,3,0,8
86384.791471,2026-07-22T15:14:58.748,19,0,3,0,8
86384.793923,2026-07-22T15:14:58.750,19,0,3,0,8
86384.796095,2026-07-22T15:14:58.752,19,0,3,0,8
86384.798153,2026-07-22T15:14:58.755,19,0,3,0,8
86384.800674,2026-07-22T15:14:58.757,19,0,3,0,8
86384.803131,2026-07-22T15:14:58.759,19,0,3,0,8
86384.805656,2026-07-22T15:14:58.762,19,0,3,0,8
86384.808270,2026-07-22T15:14:58.765,19,0,3,0,8
86384.810307,2026-07-22T15:14:58.767,19,0,3,0,8
86384.812347,2026-07-22T15:14:58.769,19,0,3,0,8
86384.814865,2026-07-22T15:14:58.771,19,0,3,0,8
86384.817378,2026-07-22T15:14:58.774,19,0,3,0,8
86384.819392,2026-07-22T15:14:58.776,19,0,3,0,8
86384.821535,2026-07-22T15:14:58.778,19,0,3,0,8
86384.823567,2026-07-22T15:14:58.780,19,0,3,0,8
86384.825614,2026-07-22T15:14:58.782,19,0,3,0,8
86384.828133,2026-07-22T15:14:58.784,19,0,3,0,8
86384.830149,2026-07-22T15:14:58.787,19,0,3,0,8
86384.832174,2026-07-22T15:14:58.789,19,0,3,0,8
86384.834223,2026-07-22T15:14:58.791,19,0,3,0,8
86384.836250,2026-07-22T15:14:58.793,19,0,3,0,8
86384.838296,2026-07-22T15:14:58.795,19,0,3,0,8
86384.840324,2026-07-22T15:14:58.797,19,0,3,0,8
86384.842362,2026-07-22T15:14:58.799,19,0,3,0,8
86384.845039,2026-07-22T15:14:58.801,19,0,3,0,8
86384.847427,2026-07-22T15:14:58.804,19,0,3,0,8
86384.849931,2026-07-22T15:14:58.806,19,0,3,0,8
86384.852467,2026-07-22T15:14:58.809,19,0,3,0,8
86384.854623,2026-07-22T15:14:58.811,19,0,3,0,8
86384.856651,2026-07-22T15:14:58.813,19,0,3,0,8
86384.858685,2026-07-22T15:14:58.815,19,0,3,0,8
86384.861208,2026-07-22T15:14:58.818,19,0,3,0,8
86384.863719,2026-07-22T15:14:58.820,19,0,3,0,8
86384.866233,2026-07-22T15:14:58.823,19,0,3,0,8
86384.868735,2026-07-22T15:14:58.825,19,0,3,0,3
86384.871118,2026-07-22T15:14:58.827,36,2,3,0,3
86384.873497,2026-07-22T15:14:58.830,36,2,3,0,3
86384.875866,2026-07-22T15:14:58.832,36,2,3,0,3
86384.878619,2026-07-22T15:14:58.835,36,2,3,0,3
86384.881263,2026-07-22T15:14:58.838,36,2,3,0,3
86384.883790,2026-07-22T15:14:58.840,36,2,3,0,3
86384.885870,2026-07-22T15:14:58.842,36,2,3,0,3
86384.888458,2026-07-22T15:14:58.845,36,2,3,0,3
86384.890495,2026-07-22T15:14:58.847,36,2,3,0,3
86384.893139,2026-07-22T15:14:58.849,36,2,3,0,3
86384.895270,2026-07-22T15:14:58.850,36,2,3,0,3
86384.897657,2026-07-22T15:14:58.854,36,2,3,0,3
86384.900177,2026-07-22T15:14:58.857,36,2,3,0,3
86384.902196,2026-07-22T15:14:58.859,36,2,3,0,3
86384.904386,2026-07-22T15:14:58.861,36,2,3,0,3
86384.906925,2026-07-22T15:14:58.863,36,2,3,0,3
86384.909518,2026-07-22T15:14:58.866,36,2,3,0,3
86384.912039,2026-07-22T15:14:58.868,36,2,3,0,3
86384.914730,2026-07-22T15:14:58.871,36,2,3,0,3
86384.917517,2026-07-22T15:14:58.874,36,2,3,0,3
86384.920014,2026-07-22T15:14:58.876,36,2,3,0,3
86384.922520,2026-07-22T15:14:58.879,36,2,3,0,3
86384.925028,2026-07-22T15:14:58.881,36,2,3,0,3
86384.927637,2026-07-22T15:14:58.884,36,2,3,0,3
86384.929669,2026-07-22T15:14:58.886,36,2,3,0,3
86384.932075,2026-07-22T15:14:58.888,36,2,3,0,3
86384.934625,2026-07-22T15:14:58.891,36,2,3,0,3
86384.937405,2026-07-22T15:14:58.894,36,2,3,0,3
86384.940018,2026-07-22T15:14:58.896,36,2,3,0,3
86384.942546,2026-07-22T15:14:58.899,36,2,3,0,3
86384.945288,2026-07-22T15:14:58.901,36,2,3,0,3
86384.947584,2026-07-22T15:14:58.904,36,2,3,0,3
86384.950304,2026-07-22T15:14:58.907,36,2,3,0,3
86384.952842,2026-07-22T15:14:58.909,36,2,3,0,3
86384.955352,2026-07-22T15:14:58.912,36,2,3,0,3
86384.957884,2026-07-22T15:14:58.914,36,2,3,0,3
86384.960270,2026-07-22T15:14:58.917,36,2,3,0,3
86384.963060,2026-07-22T15:14:58.919,36,2,3,0,3
86384.965642,2026-07-22T15:14:58.922,36,2,3,0,3
86384.968348,2026-07-22T15:14:58.925,36,2,3,0,3
86384.971225,2026-07-22T15:14:58.927,36,2,3,0,3
86384.973412,2026-07-22T15:14:58.930,36,2,3,0,3
86384.975936,2026-07-22T15:14:58.932,36,2,3,0,3
86384.978249,2026-07-22T15:14:58.935,36,2,3,0,3
86384.981033,2026-07-22T15:14:58.937,36,2,3,0,3
86384.983810,2026-07-22T15:14:58.940,36,2,3,0,3
86384.986351,2026-07-22T15:14:58.943,36,2,3,0,3
86384.989043,2026-07-22T15:14:58.945,36,2,3,0,3
86384.991725,2026-07-22T15:14:58.948,36,2,3,0,3
86384.995449,2026-07-22T15:14:58.952,36,2,3,0,3
86384.997962,2026-07-22T15:14:58.954,36,2,3,0,3
86385.000481,2026-07-22T15:14:58.957,36,2,3,0,3
86385.003109,2026-07-22T15:14:58.959,36,2,3,0,3
86385.005624,2026-07-22T15:14:58.962,36,2,3,0,3
86385.008071,2026-07-22T15:14:58.964,36,2,3,0,3
86385.010580,2026-07-22T15:14:58.967,36,2,3,0,3
86385.013000,2026-07-22T15:14:58.969,36,2,3,0,3
86385.015505,2026-07-22T15:14:58.972,36,2,3,0,3
86385.017991,2026-07-22T15:14:58.974,36,2,3,0,3
86385.020771,2026-07-22T15:14:58.977,36,2,3,0,3
86385.023301,2026-07-22T15:14:58.980,36,2,3,0,3
86385.025809,2026-07-22T15:14:58.982,36,2,3,0,3
86385.027834,2026-07-22T15:14:58.984,36,2,3,0,3
86385.029911,2026-07-22T15:14:58.986,36,2,3,0,3
86385.032434,2026-07-22T15:14:58.989,36,2,3,0,3
86385.034505,2026-07-22T15:14:58.991,36,2,3,0,3
86385.036933,2026-07-22T15:14:58.993,36,2,3,0,3
86385.038964,2026-07-22T15:14:58.995,36,2,3,0,3
86385.041399,2026-07-22T15:14:58.998,36,2,3,0,3
86385.043943,2026-07-22T15:14:59.000,36,2,3,0,3
86385.046502,2026-07-22T15:14:59.003,36,2,3,0,3
86385.048936,2026-07-22T15:14:59.005,36,2,3,0,3
86385.050966,2026-07-22T15:14:59.007,36,2,3,0,3
86385.053618,2026-07-22T15:14:59.010,36,2,3,0,3
86385.055661,2026-07-22T15:14:59.012,36,2,3,0,3
86385.057687,2026-07-22T15:14:59.014,36,2,3,0,3
86385.060183,2026-07-22T15:14:59.017,36,2,3,0,3
86385.062216,2026-07-22T15:14:59.019,36,2,3,0,3
86385.064668,2026-07-22T15:14:59.021,36,2,3,0,3
86385.067144,2026-07-22T15:14:59.024,36,2,3,0,3
86385.069153,2026-07-22T15:14:59.026,36,2,3,0,3
86385.071180,2026-07-22T15:14:59.028,36,2,3,0,3
86385.073216,2026-07-22T15:14:59.030,36,2,3,0,3
86385.075233,2026-07-22T15:14:59.032,36,2,3,0,3
86385.077772,2026-07-22T15:14:59.034,36,2,3,0,3
86385.080266,2026-07-22T15:14:59.037,36,2,3,0,3
86385.082817,2026-07-22T15:14:59.039,36,2,3,0,3
86385.084883,2026-07-22T15:14:59.041,36,2,3,0,3
86385.087382,2026-07-22T15:14:59.044,36,2,3,0,3
86385.089414,2026-07-22T15:14:59.046,36,2,3,0,3
86385.091904,2026-07-22T15:14:59.048,36,2,3,0,3
86385.094424,2026-07-22T15:14:59.051,36,2,3,0,3
86385.096461,2026-07-22T15:14:59.053,36,2,3,0,3
86385.098737,2026-07-22T15:14:59.055,36,2,3,0,3
86385.100777,2026-07-22T15:14:59.057,36,2,3,0,3
86385.103445,2026-07-22T15:14:59.060,36,2,3,0,3
86385.105969,2026-07-22T15:14:59.062,36,2,3,0,3
86385.108420,2026-07-22T15:14:59.065,36,2,3,0,3
86385.111030,2026-07-22T15:14:59.067,36,2,3,0,3
86385.113668,2026-07-22T15:14:59.070,36,2,3,0,3
86385.116095,2026-07-22T15:14:59.072,36,2,3,0,3
86385.118607,2026-07-22T15:14:59.075,36,2,3,0,3
86385.121192,2026-07-22T15:14:59.078,36,2,3,0,3
86385.123709,2026-07-22T15:14:59.080,36,2,3,0,3
86385.126089,2026-07-22T15:14:59.082,36,2,3,0,3
86385.128595,2026-07-22T15:14:59.085,36,2,3,0,3
86385.130930,2026-07-22T15:14:59.087,36,2,3,0,3
86385.133289,2026-07-22T15:14:59.090,36,2,3,0,3
86385.135518,2026-07-22T15:14:59.092,36,2,3,0,3
86385.138235,2026-07-22T15:14:59.095,36,2,3,0,3
86385.140741,2026-07-22T15:14:59.097,36,2,3,0,3
86385.143502,2026-07-22T15:14:59.100,36,2,3,0,3
86385.145927,2026-07-22T15:14:59.102,36,2,3,0,3
86385.148019,2026-07-22T15:14:59.104,36,2,3,0,3
86385.150540,2026-07-22T15:14:59.107,36,2,3,0,3
86385.153133,2026-07-22T15:14:59.109,36,2,3,0,3
86385.155660,2026-07-22T15:14:59.112,36,2,3,0,3
86385.158197,2026-07-22T15:14:59.115,36,2,3,0,3
86385.160398,2026-07-22T15:14:59.117,36,2,3,0,3
86385.162894,2026-07-22T15:14:59.119,36,2,3,0,3
86385.164922,2026-07-22T15:14:59.121,36,2,3,0,3
86385.167436,2026-07-22T15:14:59.124,36,2,3,0,3
86385.169877,2026-07-22T15:14:59.126,36,2,3,0,3
86385.172385,2026-07-22T15:14:59.129,36,2,3,0,3
86385.174442,2026-07-22T15:14:59.131,36,2,3,0,3
86385.176455,2026-07-22T15:14:59.133,36,2,3,0,3
86385.178482,2026-07-22T15:14:59.135,36,2,3,0,3
86385.181135,2026-07-22T15:14:59.137,36,2,3,0,3
86385.183770,2026-07-22T15:14:59.140,36,2,3,0,3
86385.186282,2026-07-22T15:14:59.143,36,2,3,0,3
86385.188816,2026-07-22T15:14:59.145,36,2,3,0,3
86385.191316,2026-07-22T15:14:59.148,36,2,3,0,3
86385.193958,2026-07-22T15:14:59.150,36,2,3,0,3
86385.196486,2026-07-22T15:14:59.153,36,2,3,0,3
86385.198993,2026-07-22T15:14:59.155,36,2,3,0,3
86385.201016,2026-07-22T15:14:59.157,36,2,3,0,3
86385.203813,2026-07-22T15:14:59.160,36,2,3,0,3
86385.206337,2026-07-22T15:14:59.163,4,0,3,0,5
86385.208714,2026-07-22T15:14:59.165,4,0,3,0,5
86385.211500,2026-07-22T15:14:59.168,4,0,3,0,5
86385.213545,2026-07-22T15:14:59.170,4,0,3,0,5
86385.216233,2026-07-22T15:14:59.173,4,0,3,0,5
86385.218900,2026-07-22T15:14:59.175,4,0,3,0,5
86385.221444,2026-07-22T15:14:59.178,4,0,3,0,5
86385.223549,2026-07-22T15:14:59.180,4,0,3,0,5
86385.225999,2026-07-22T15:14:59.182,4,0,3,0,5
86385.228507,2026-07-22T15:14:59.185,4,0,3,0,5
86385.231000,2026-07-22T15:14:59.187,4,0,3,0,5
86385.233360,2026-07-22T15:14:59.190,4,0,3,0,5
86385.235937,2026-07-22T15:14:59.192,4,0,3,0,5
86385.238706,2026-07-22T15:14:59.195,4,0,3,0,5
86385.241258,2026-07-22T15:14:59.198,4,0,3,0,5
86385.243787,2026-07-22T15:14:59.200,4,0,3,0,5
86385.246109,2026-07-22T15:14:59.202,4,0,3,0,5
86385.248264,2026-07-22T15:14:59.205,4,0,3,0,5
86385.250764,2026-07-22T15:14:59.207,4,0,3,0,5
86385.253275,2026-07-22T15:14:59.210,4,0,3,0,5
86385.255524,2026-07-22T15:14:59.212,4,0,3,0,5
86385.258031,2026-07-22T15:14:59.214,4,0,3,0,5
86385.260749,2026-07-22T15:14:59.217,4,0,3,0,5
86385.263476,2026-07-22T15:14:59.220,4,0,3,0,5
86385.266056,2026-07-22T15:14:59.222,4,0,3,0,5
86385.268556,2026-07-22T15:14:59.225,4,0,3,0,5
86385.270595,2026-07-22T15:14:59.227,4,0,3,0,5
86385.273410,2026-07-22T15:14:59.230,4,0,3,0,5
86385.276024,2026-07-22T15:14:59.232,4,0,3,0,5
86385.278639,2026-07-22T15:14:59.235,4,0,3,0,5
86385.281052,2026-07-22T15:14:59.237,4,0,3,0,5
86385.283571,2026-07-22T15:14:59.240,4,0,3,0,5
86385.286001,2026-07-22T15:14:59.242,4,0,3,0,5
86385.288477,2026-07-22T15:14:59.245,4,0,3,0,5
86385.291242,2026-07-22T15:14:59.248,4,0,3,0,5
86385.293723,2026-07-22T15:14:59.250,4,0,3,0,5
86385.296429,2026-07-22T15:14:59.253,4,0,3,0,5
86385.298960,2026-07-22T15:14:59.255,4,0,3,0,5
86385.301627,2026-07-22T15:14:59.258,4,0,3,0,5
86385.304202,2026-07-22T15:14:59.261,4,0,3,0,5
86385.306213,2026-07-22T15:14:59.263,4,0,3,0,5
86385.308432,2026-07-22T15:14:59.265,4,0,3,0,5
86385.310696,2026-07-22T15:14:59.267,4,0,3,0,5
86385.313033,2026-07-22T15:14:59.269,4,0,3,0,5
86385.315044,2026-07-22T15:14:59.271,4,0,3,0,5
86385.317082,2026-07-22T15:14:59.273,4,0,3,0,5
86385.319598,2026-07-22T15:14:59.276,4,0,3,0,5
86385.321621,2026-07-22T15:14:59.278,4,0,3,0,5
86385.324015,2026-07-22T15:14:59.280,4,0,3,0,5
86385.326512,2026-07-22T15:14:59.283,4,0,3,0,5
86385.329110,2026-07-22T15:14:59.285,4,0,3,0,5
86385.331665,2026-07-22T15:14:59.288,4,0,3,0,5
86385.333932,2026-07-22T15:14:59.290,4,0,3,0,5
86385.336580,2026-07-22T15:14:59.293,4,0,3,0,5
86385.339035,2026-07-22T15:14:59.295,4,0,3,0,5
86385.341749,2026-07-22T15:14:59.298,4,0,3,0,5
86385.344271,2026-07-22T15:14:59.301,4,0,3,0,5
86385.346740,2026-07-22T15:14:59.303,4,0,3,0,5
86385.349164,2026-07-22T15:14:59.305,4,0,3,0,5
86385.351592,2026-07-22T15:14:59.308,4,0,3,0,5
86385.353968,2026-07-22T15:14:59.310,4,0,3,0,5
86385.356730,2026-07-22T15:14:59.313,4,0,3,0,5
86385.359235,2026-07-22T15:14:59.316,4,0,3,0,5
86385.361822,2026-07-22T15:14:59.318,4,0,3,0,5
86385.364356,2026-07-22T15:14:59.321,4,0,3,0,5
86385.366419,2026-07-22T15:14:59.323,4,0,3,0,5
86385.369043,2026-07-22T15:14:59.325,4,0,3,0,5
86385.371595,2026-07-22T15:14:59.328,4,0,3,0,5
86385.374278,2026-07-22T15:14:59.331,4,0,3,0,5
86385.376717,2026-07-22T15:14:59.333,4,0,3,0,5
86385.379509,2026-07-22T15:14:59.336,4,0,3,0,5
86385.382131,2026-07-22T15:14:59.338,4,0,3,0,5
86385.384503,2026-07-22T15:14:59.341,4,0,3,0,5
86385.386935,2026-07-22T15:14:59.343,4,0,3,0,5
86385.389383,2026-07-22T15:14:59.346,4,0,3,0,5
86385.391958,2026-07-22T15:14:59.348,4,0,3,0,5
86385.394066,2026-07-22T15:14:59.350,4,0,3,0,5
86385.396227,2026-07-22T15:14:59.353,4,0,3,0,5
86385.398247,2026-07-22T15:14:59.355,4,0,3,0,5
86385.400386,2026-07-22T15:14:59.357,4,0,3,0,5
86385.403012,2026-07-22T15:14:59.359,4,0,3,0,5
86385.405664,2026-07-22T15:14:59.362,4,0,3,0,5
86385.407884,2026-07-22T15:14:59.364,4,0,3,0,5
86385.410706,2026-07-22T15:14:59.367,4,0,3,0,5
86385.413186,2026-07-22T15:14:59.370,4,0,3,0,5
86385.415946,2026-07-22T15:14:59.372,4,0,3,0,5
86385.418623,2026-07-22T15:14:59.375,4,0,3,0,5
86385.421136,2026-07-22T15:14:59.377,4,0,3,0,5
86385.423654,2026-07-22T15:14:59.380,4,0,3,0,5
86385.426119,2026-07-22T15:14:59.382,4,0,3,0,5
86385.428753,2026-07-22T15:14:59.385,4,0,3,0,5
86385.431405,2026-07-22T15:14:59.388,4,0,3,0,5
86385.433923,2026-07-22T15:14:59.390,4,0,3,0,5
86385.436499,2026-07-22T15:14:59.393,4,0,3,0,5
86385.439278,2026-07-22T15:14:59.396,4,0,3,0,5
86385.441970,2026-07-22T15:14:59.398,4,0,3,0,5
86385.444858,2026-07-22T15:14:59.400,4,0,3,0,5
86385.446947,2026-07-22T15:14:59.403,4,0,3,0,5
86385.449291,2026-07-22T15:14:59.406,4,0,3,0,0
86385.451347,2026-07-22T15:14:59.408,3,3,3,0,0
86385.453805,2026-07-22T15:14:59.410,3,3,3,0,0
86385.456013,2026-07-22T15:14:59.412,3,3,3,0,0
86385.458632,2026-07-22T15:14:59.415,3,3,3,0,0
86385.461124,2026-07-22T15:14:59.417,3,3,3,0,0
86385.463613,2026-07-22T15:14:59.420,3,3,3,0,0
86385.466010,2026-07-22T15:14:59.422,3,3,3,0,0
86385.468542,2026-07-22T15:14:59.425,3,3,3,0,0
86385.470977,2026-07-22T15:14:59.427,3,3,3,0,0
86385.473341,2026-07-22T15:14:59.430,3,3,3,0,0
86385.476042,2026-07-22T15:14:59.432,3,3,3,0,0
86385.478683,2026-07-22T15:14:59.435,3,3,3,0,0
86385.481229,2026-07-22T15:14:59.438,3,3,3,0,0
86385.483773,2026-07-22T15:14:59.440,3,3,3,0,0
86385.486381,2026-07-22T15:14:59.443,3,3,3,0,0
86385.488911,2026-07-22T15:14:59.445,3,3,3,0,0
86385.491518,2026-07-22T15:14:59.448,3,3,3,0,0
86385.493954,2026-07-22T15:14:59.450,3,3,3,0,0
86385.496044,2026-07-22T15:14:59.452,3,3,3,0,0
86385.498225,2026-07-22T15:14:59.454,3,3,3,0,0
86385.500833,2026-07-22T15:14:59.457,3,3,3,0,0
86385.503151,2026-07-22T15:14:59.460,3,3,3,0,0
86385.505634,2026-07-22T15:14:59.462,3,3,3,0,0
86385.508320,2026-07-22T15:14:59.465,3,3,3,0,0
86385.510906,2026-07-22T15:14:59.467,3,3,3,0,0
86385.513456,2026-07-22T15:14:59.470,3,3,3,0,0
86385.516140,2026-07-22T15:14:59.472,3,3,3,0,0
86385.518696,2026-07-22T15:14:59.475,3,3,3,0,0
86385.521305,2026-07-22T15:14:59.478,3,3,3,0,0
86385.523850,2026-07-22T15:14:59.480,3,3,3,0,0
86385.526425,2026-07-22T15:14:59.483,3,3,3,0,0
86385.528437,2026-07-22T15:14:59.485,3,3,3,0,0
86385.530468,2026-07-22T15:14:59.487,3,3,3,0,0
86385.532903,2026-07-22T15:14:59.489,3,3,3,0,0
86385.535398,2026-07-22T15:14:59.492,3,3,3,0,0
86385.537916,2026-07-22T15:14:59.494,3,3,3,0,0
86385.539927,2026-07-22T15:14:59.496,3,3,3,0,0
86385.541958,2026-07-22T15:14:59.498,3,3,3,0,0
86385.544573,2026-07-22T15:14:59.501,3,3,3,0,0
86385.546786,2026-07-22T15:14:59.503,3,3,3,0,0
86385.549287,2026-07-22T15:14:59.506,3,3,3,0,0
86385.551913,2026-07-22T15:14:59.508,3,3,3,0,0
86385.554639,2026-07-22T15:14:59.511,3,3,3,0,0
86385.557280,2026-07-22T15:14:59.514,3,3,3,0,0
86385.559310,2026-07-22T15:14:59.516,3,3,3,0,0
86385.561820,2026-07-22T15:14:59.518,3,3,3,0,0
86385.564596,2026-07-22T15:14:59.521,3,3,3,0,0
86385.567075,2026-07-22T15:14:59.523,3,3,3,0,0
86385.569757,2026-07-22T15:14:59.526,3,3,3,0,0
86385.571814,2026-07-22T15:14:59.528,3,3,3,0,0
86385.573875,2026-07-22T15:14:59.530,3,3,3,0,0
86385.575913,2026-07-22T15:14:59.532,3,3,3,0,0
86385.577977,2026-07-22T15:14:59.534,3,3,3,0,0
86385.580513,2026-07-22T15:14:59.537,3,3,3,0,0
86385.583053,2026-07-22T15:14:59.539,3,3,3,0,0
86385.585666,2026-07-22T15:14:59.542,3,3,3,0,0
86385.587926,2026-07-22T15:14:59.544,3,3,3,0,0
86385.590460,2026-07-22T15:14:59.547,3,3,3,0,0
86385.592483,2026-07-22T15:14:59.549,3,3,3,0,0
86385.595172,2026-07-22T15:14:59.550,3,3,3,0,0
86385.597629,2026-07-22T15:14:59.554,3,3,3,0,0
86385.599696,2026-07-22T15:14:59.556,3,3,3,0,0
86385.601750,2026-07-22T15:14:59.558,3,3,3,0,0
86385.603800,2026-07-22T15:14:59.560,3,3,3,0,0
86385.605863,2026-07-22T15:14:59.562,3,3,3,0,0
86385.607917,2026-07-22T15:14:59.564,3,3,3,0,0
86385.610675,2026-07-22T15:14:59.567,3,3,3,0,0
86385.613319,2026-07-22T15:14:59.570,3,3,3,0,0
86385.615840,2026-07-22T15:14:59.572,3,3,3,0,0
86385.618392,2026-07-22T15:14:59.575,3,3,3,0,0
86385.620887,2026-07-22T15:14:59.577,3,3,3,0,0
86385.623404,2026-07-22T15:14:59.580,3,3,3,0,0
86385.625429,2026-07-22T15:14:59.582,3,3,3,0,0
86385.627945,2026-07-22T15:14:59.584,3,3,3,0,0
86385.630454,2026-07-22T15:14:59.587,3,3,3,0,0
86385.632557,2026-07-22T15:14:59.589,3,3,3,0,0
86385.634952,2026-07-22T15:14:59.591,3,3,3,0,0
86385.637398,2026-07-22T15:14:59.594,3,3,3,0,0
86385.639903,2026-07-22T15:14:59.596,3,3,3,0,0
86385.642630,2026-07-22T15:14:59.599,3,3,3,0,0
86385.645227,2026-07-22T15:14:59.602,3,3,3,0,0
86385.647724,2026-07-22T15:14:59.604,3,3,3,0,0
86385.650310,2026-07-22T15:14:59.607,3,3,3,0,0
86385.652984,2026-07-22T15:14:59.609,3,3,3,0,0
86385.655504,2026-07-22T15:14:59.612,3,3,3,0,0
86385.657980,2026-07-22T15:14:59.614,3,3,3,0,0
86385.660139,2026-07-22T15:14:59.616,3,3,3,0,0
86385.662649,2026-07-22T15:14:59.619,3,3,3,0,0
86385.665236,2026-07-22T15:14:59.622,3,3,3,0,0
86385.667740,2026-07-22T15:14:59.624,3,3,3,0,0
86385.670099,2026-07-22T15:14:59.626,3,3,3,0,0
86385.672555,2026-07-22T15:14:59.629,3,3,3,0,0
86385.674745,2026-07-22T15:14:59.631,3,3,3,0,0
86385.677358,2026-07-22T15:14:59.634,3,3,3,0,0
86385.679959,2026-07-22T15:14:59.636,3,3,3,0,0
86385.682538,2026-07-22T15:14:59.639,3,3,3,0,0
86385.685023,2026-07-22T15:14:59.641,3,3,3,0,0
86385.687467,2026-07-22T15:14:59.644,3,3,3,0,0
86385.689888,2026-07-22T15:14:59.646,3,3,3,0,0
86385.692705,2026-07-22T15:14:59.649,3,3,3,0,0
86385.695271,2026-07-22T15:14:59.652,3,3,3,0,0
86385.697679,2026-07-22T15:14:59.654,3,3,3,0,0
86385.700044,2026-07-22T15:14:59.656,3,3,3,0,0
86385.702822,2026-07-22T15:14:59.659,3,3,3,0,0
86385.705176,2026-07-22T15:14:59.662,3,3,3,0,0
86385.707829,2026-07-22T15:14:59.664,3,3,3,0,0
86385.710163,2026-07-22T15:14:59.667,3,3,3,0,0
86385.712216,2026-07-22T15:14:59.669,3,3,3,0,0
86385.714787,2026-07-22T15:14:59.671,3,3,3,0,0
86385.717255,2026-07-22T15:14:59.674,3,3,3,0,0
86385.719266,2026-07-22T15:14:59.676,3,3,3,0,0
86385.721381,2026-07-22T15:14:59.678,3,3,3,0,0
86385.724057,2026-07-22T15:14:59.680,3,3,3,0,0
86385.726516,2026-07-22T15:14:59.683,3,3,3,0,0
86385.728989,2026-07-22T15:14:59.685,3,3,3,0,0
86385.731483,2026-07-22T15:14:59.688,3,3,3,0,0
86385.733913,2026-07-22T15:14:59.690,3,3,3,0,0
86385.736374,2026-07-22T15:14:59.693,3,3,3,0,0
86385.738892,2026-07-22T15:14:59.695,3,3,3,0,0
86385.741587,2026-07-22T15:14:59.698,3,3,3,0,0
86385.744407,2026-07-22T15:14:59.701,3,3,3,0,0
86385.747086,2026-07-22T15:14:59.703,3,3,3,0,0
86385.749604,2026-07-22T15:14:59.706,3,3,3,0,0
86385.752077,2026-07-22T15:14:59.708,3,3,3,0,0
86385.754090,2026-07-22T15:14:59.710,3,3,3,0,0
86385.756152,2026-07-22T15:14:59.713,3,3,3,0,0
86385.758673,2026-07-22T15:14:59.715,3,3,3,0,0
86385.761183,2026-07-22T15:14:59.718,3,3,3,0,0
86385.763413,2026-07-22T15:14:59.720,3,3,3,0,0
86385.765883,2026-07-22T15:14:59.722,3,3,3,0,0
86385.768374,2026-07-22T15:14:59.725,3,3,3,0,0
86385.770893,2026-07-22T15:14:59.727,3,3,3,0,0
86385.773449,2026-07-22T15:14:59.730,3,3,3,0,0
86385.775971,2026-07-22T15:14:59.732,3,3,3,0,0
86385.778621,2026-07-22T15:14:59.735,3,3,3,0,0
86385.781037,2026-07-22T15:14:59.737,3,3,3,0,0
86385.783466,2026-07-22T15:14:59.740,3,3,3,0,0
86385.785918,2026-07-22T15:14:59.742,3,3,3,0,0
86385.788431,2026-07-22T15:14:59.745,3,3,3,0,0
86385.790903,2026-07-22T15:14:59.747,3,3,3,0,0
86385.793357,2026-07-22T15:14:59.750,3,3,3,0,0
86385.795735,2026-07-22T15:14:59.752,3,3,3,0,0
86385.798437,2026-07-22T15:14:59.755,3,3,3,0,0
86385.801103,2026-07-22T15:14:59.757,3,3,3,0,0
86385.803125,2026-07-22T15:14:59.759,3,3,3,0,0
86385.805835,2026-07-22T15:14:59.762,3,3,3,0,0
86385.808545,2026-07-22T15:14:59.765,3,3,3,0,0
86385.810901,2026-07-22T15:14:59.767,3,3,3,0,0
86385.813580,2026-07-22T15:14:59.770,3,3,3,0,0
86385.815977,2026-07-22T15:14:59.772,3,3,3,0,0
86385.818420,2026-07-22T15:14:59.775,3,3,3,0,0
86385.821036,2026-07-22T15:14:59.777,3,3,3,0,0
86385.823507,2026-07-22T15:14:59.780,3,3,3,0,0
86385.826064,2026-07-22T15:14:59.782,3,3,3,0,0
86385.828671,2026-07-22T15:14:59.785,3,3,3,0,0
86385.831136,2026-07-22T15:14:59.787,3,3,3,0,0
86385.833795,2026-07-22T15:14:59.790,3,3,3,0,0
86385.836548,2026-07-22T15:14:59.793,3,3,3,0,0
86385.839054,2026-07-22T15:14:59.795,3,3,3,0,0
86385.841633,2026-07-22T15:14:59.798,3,3,3,0,0
86385.844119,2026-07-22T15:14:59.800,3,3,3,0,0
86385.846774,2026-07-22T15:14:59.803,3,3,3,0,0
86385.848801,2026-07-22T15:14:59.805,3,3,3,0,0
86385.851615,2026-07-22T15:14:59.808,3,3,3,0,0
86385.854290,2026-07-22T15:14:59.811,3,3,3,0,0
86385.856773,2026-07-22T15:14:59.813,3,3,3,0,0
86385.859283,2026-07-22T15:14:59.816,3,3,3,0,0
86385.861302,2026-07-22T15:14:59.818,3,3,3,0,0
86385.863507,2026-07-22T15:14:59.820,3,3,3,0,0
86385.865539,2026-07-22T15:14:59.822,3,3,3,0,0
86385.868042,2026-07-22T15:14:59.824,3,3,3,0,0
86385.870228,2026-07-22T15:14:59.827,3,3,3,0,0
86385.872936,2026-07-22T15:14:59.829,3,3,3,0,0
86385.875609,2026-07-22T15:14:59.832,3,3,3,0,0
86385.878012,2026-07-22T15:14:59.834,3,3,3,0,0
86385.880737,2026-07-22T15:14:59.837,3,3,3,0,0
86385.883079,2026-07-22T15:14:59.839,3,3,3,0,0
86385.885766,2026-07-22T15:14:59.842,3,3,3,0,0
86385.888199,2026-07-22T15:14:59.845,3,3,3,0,0
86385.890814,2026-07-22T15:14:59.847,3,3,3,0,0
86385.893282,2026-07-22T15:14:59.850,3,3,3,0,0
86385.895954,2026-07-22T15:14:59.852,3,3,3,0,0
86385.898406,2026-07-22T15:14:59.854,3,3,3,0,0
86385.900465,2026-07-22T15:14:59.857,3,3,3,0,0
86385.902607,2026-07-22T15:14:59.859,3,3,3,0,0
86385.905112,2026-07-22T15:14:59.861,3,3,3,0,0
86385.907792,2026-07-22T15:14:59.864,3,3,3,0,0
86385.910566,2026-07-22T15:14:59.867,3,3,3,0,0
86385.912968,2026-07-22T15:14:59.869,3,3,3,0,0
86385.915319,2026-07-22T15:14:59.872,3,3,3,0,0
86385.917725,2026-07-22T15:14:59.874,3,3,3,0,0
86385.920332,2026-07-22T15:14:59.877,3,3,3,0,0
86385.922921,2026-07-22T15:14:59.879,3,3,3,0,0
86385.925402,2026-07-22T15:14:59.882,3,3,3,0,0
86385.927904,2026-07-22T15:14:59.884,3,3,3,0,0
86385.930530,2026-07-22T15:14:59.887,3,3,3,0,0
86385.933018,2026-07-22T15:14:59.889,3,3,3,0,0
86385.935596,2026-07-22T15:14:59.892,3,3,3,0,0
86385.938042,2026-07-22T15:14:59.894,3,3,3,0,0
86385.940488,2026-07-22T15:14:59.897,3,3,3,0,0
86385.943143,2026-07-22T15:14:59.899,3,3,3,0,0
86385.945638,2026-07-22T15:14:59.902,3,3,3,0,0
86385.948067,2026-07-22T15:14:59.904,3,3,3,0,0
86385.950344,2026-07-22T15:14:59.907,3,3,3,0,0
86385.952549,2026-07-22T15:14:59.909,3,3,3,0,0
86385.955072,2026-07-22T15:14:59.911,3,3,3,0,0
86385.957451,2026-07-22T15:14:59.914,3,3,3,0,0
86385.959586,2026-07-22T15:14:59.916,3,3,3,0,0
86385.961619,2026-07-22T15:14:59.918,3,3,3,0,0
86385.964047,2026-07-22T15:14:59.920,3,3,3,0,0
86385.966577,2026-07-22T15:14:59.923,3,3,3,0,0
86385.969245,2026-07-22T15:14:59.926,3,3,3,0,0
86385.971887,2026-07-22T15:14:59.928,3,3,3,0,0
86385.974453,2026-07-22T15:14:59.931,3,3,3,0,0
86385.976526,2026-07-22T15:14:59.933,3,3,3,0,0
86385.978700,2026-07-22T15:14:59.935,3,3,3,0,0
86385.981273,2026-07-22T15:14:59.938,3,3,3,0,0
86385.983796,2026-07-22T15:14:59.940,3,3,3,0,0
86385.986261,2026-07-22T15:14:59.943,3,3,3,0,0
86385.988743,2026-07-22T15:14:59.945,3,3,3,0,0
86385.990777,2026-07-22T15:14:59.947,3,3,3,0,0
86385.993420,2026-07-22T15:14:59.950,3,3,3,0,0
86385.995938,2026-07-22T15:14:59.952,3,3,3,0,0
86385.997962,2026-07-22T15:14:59.954,3,3,3,0,0
86386.000500,2026-07-22T15:14:59.957,3,3,3,0,0
86386.002551,2026-07-22T15:14:59.959,3,3,3,0,0
86386.005145,2026-07-22T15:14:59.961,3,3,3,0,0
86386.007606,2026-07-22T15:14:59.964,3,3,3,0,0
86386.010257,2026-07-22T15:14:59.967,3,3,3,0,0
86386.012305,2026-07-22T15:14:59.969,3,3,3,0,0
86386.014923,2026-07-22T15:14:59.971,3,3,3,0,0
86386.017452,2026-07-22T15:14:59.974,3,3,3,0,0
86386.019935,2026-07-22T15:14:59.976,3,3,3,0,0
86386.022469,2026-07-22T15:14:59.979,3,3,3,0,0
86386.024963,2026-07-22T15:14:59.981,3,3,3,0,0
86386.027642,2026-07-22T15:14:59.984,3,3,3,0,0
86386.030160,2026-07-22T15:14:59.987,3,3,3,0,0
86386.032655,2026-07-22T15:14:59.989,3,3,3,0,0
86386.035173,2026-07-22T15:14:59.992,3,3,3,0,0
86386.037650,2026-07-22T15:14:59.994,3,3,3,0,0
86386.040183,2026-07-22T15:14:59.997,3,3,3,0,0
86386.042844,2026-07-22T15:14:59.999,3,3,3,0,0
86386.045491,2026-07-22T15:15:00.002,3,3,3,0,0
86386.048065,2026-07-22T15:15:00.004,3,3,3,0,0
86386.050401,2026-07-22T15:15:00.006,3,3,3,0,0
86386.052647,2026-07-22T15:15:00.009,3,3,3,0,0
86386.054995,2026-07-22T15:15:00.011,3,3,3,0,0
86386.057489,2026-07-22T15:15:00.014,3,3,3,0,0
86386.060005,2026-07-22T15:15:00.016,3,3,3,0,0
86386.062511,2026-07-22T15:15:00.019,3,3,3,0,0
86386.065230,2026-07-22T15:15:00.022,3,3,3,0,0
86386.067757,2026-07-22T15:15:00.024,3,3,3,0,0
86386.070359,2026-07-22T15:15:00.027,3,3,3,0,0
86386.072857,2026-07-22T15:15:00.029,3,3,3,0,0
86386.075312,2026-07-22T15:15:00.031,3,3,3,0,0
86386.077783,2026-07-22T15:15:00.034,3,3,3,0,0
86386.080297,2026-07-22T15:15:00.037,3,3,3,0,0
86386.082832,2026-07-22T15:15:00.039,3,3,3,0,0
86386.085348,2026-07-22T15:15:00.042,3,3,3,0,0
86386.088020,2026-07-22T15:15:00.044,3,3,3,0,0
86386.090418,2026-07-22T15:15:00.047,3,3,3,0,0
86386.092447,2026-07-22T15:15:00.049,3,3,3,0,0
86386.095247,2026-07-22T15:15:00.052,3,3,3,0,0
86386.097996,2026-07-22T15:15:00.054,3,3,3,0,0
86386.101068,2026-07-22T15:15:00.056,3,3,3,0,0
86386.103500,2026-07-22T15:15:00.060,3,3,3,0,0
86386.105552,2026-07-22T15:15:00.062,3,3,3,0,0
86386.108087,2026-07-22T15:15:00.064,3,3,3,0,0
86386.110538,2026-07-22T15:15:00.067,3,3,3,0,0
86386.113053,2026-07-22T15:15:00.069,3,3,3,0,0
86386.115713,2026-07-22T15:15:00.072,3,3,3,0,0
86386.118225,2026-07-22T15:15:00.075,3,3,3,0,0
86386.120923,2026-07-22T15:15:00.077,3,3,3,0,0
86386.123606,2026-07-22T15:15:00.080,3,3,3,0,0
86386.126079,2026-07-22T15:15:00.082,3,3,3,0,0
86386.128767,2026-07-22T15:15:00.085,3,3,3,0,0
86386.130970,2026-07-22T15:15:00.087,3,3,3,0,0
86386.133457,2026-07-22T15:15:00.090,3,3,3,0,0
86386.135977,2026-07-22T15:15:00.092,3,3,3,0,0
86386.138474,2026-07-22T15:15:00.095,3,3,3,0,0
86386.140535,2026-07-22T15:15:00.097,3,3,3,0,0
86386.143270,2026-07-22T15:15:00.100,3,3,3,0,0
86386.145839,2026-07-22T15:15:00.102,3,3,3,0,0
86386.147923,2026-07-22T15:15:00.104,3,3,3,0,0
86386.150675,2026-07-22T15:15:00.107,3,3,3,0,0
86386.153114,2026-07-22T15:15:00.109,3,3,3,0,0
86386.155834,2026-07-22T15:15:00.112,3,3,3,0,0
86386.157856,2026-07-22T15:15:00.114,3,3,3,0,0
86386.159885,2026-07-22T15:15:00.116,3,3,3,0,0
86386.162420,2026-07-22T15:15:00.119,3,3,3,0,0
86386.164709,2026-07-22T15:15:00.121,3,3,3,0,0
86386.167219,2026-07-22T15:15:00.124,3,3,3,0,0
86386.169739,2026-07-22T15:15:00.126,3,3,3,0,0
86386.171750,2026-07-22T15:15:00.128,3,3,3,0,0
86386.173765,2026-07-22T15:15:00.130,3,3,3,0,0
86386.175808,2026-07-22T15:15:00.132,3,3,3,0,0
86386.177858,2026-07-22T15:15:00.134,3,3,3,0,0
86386.179892,2026-07-22T15:15:00.136,3,3,3,0,0
86386.181937,2026-07-22T15:15:00.138,3,3,3,0,0
86386.183981,2026-07-22T15:15:00.140,3,3,3,0,0
86386.186016,2026-07-22T15:15:00.142,3,3,3,0,0
86386.188105,2026-07-22T15:15:00.144,3,3,3,0,0
86386.190631,2026-07-22T15:15:00.147,3,3,3,0,0
86386.192681,2026-07-22T15:15:00.149,3,3,3,0,0
86386.194730,2026-07-22T15:15:00.151,3,3,3,0,0
86386.196780,2026-07-22T15:15:00.153,3,3,3,0,0
86386.199071,2026-07-22T15:15:00.155,3,3,3,0,0
86386.201375,2026-07-22T15:15:00.158,3,3,3,0,0
86386.203889,2026-07-22T15:15:00.160,3,3,3,0,0
86386.205976,2026-07-22T15:15:00.162,3,3,3,0,0
86386.208438,2026-07-22T15:15:00.165,3,3,3,0,0
86386.210467,2026-07-22T15:15:00.167,3,3,3,0,0
86386.212655,2026-07-22T15:15:00.169,3,3,3,0,0
86386.215153,2026-07-22T15:15:00.172,3,3,3,0,0
86386.217555,2026-07-22T15:15:00.174,3,3,3,0,0
86386.220056,2026-07-22T15:15:00.176,3,3,3,0,0
86386.222552,2026-07-22T15:15:00.179,3,3,3,0,0
86386.225076,2026-07-22T15:15:00.181,3,3,3,0,0
86386.227614,2026-07-22T15:15:00.184,3,3,3,0,0
86386.230104,2026-07-22T15:15:00.186,3,3,3,0,0
86386.232153,2026-07-22T15:15:00.189,3,3,3,0,0
86386.234721,2026-07-22T15:15:00.191,3,3,3,0,0
86386.237238,2026-07-22T15:15:00.194,3,3,3,0,0
86386.239291,2026-07-22T15:15:00.196,3,3,3,0,0
86386.241785,2026-07-22T15:15:00.198,3,3,3,0,0
86386.244545,2026-07-22T15:15:00.201,3,3,3,0,0
86386.246971,2026-07-22T15:15:00.203,3,3,3,0,0
86386.249362,2026-07-22T15:15:00.206,3,3,3,0,0
86386.251488,2026-07-22T15:15:00.208,3,3,3,0,0
86386.253977,2026-07-22T15:15:00.210,3,3,3,0,0
86386.256130,2026-07-22T15:15:00.212,3,3,3,0,0
86386.258642,2026-07-22T15:15:00.215,3,3,3,0,0
86386.261085,2026-07-22T15:15:00.217,3,3,3,0,0
86386.263848,2026-07-22T15:15:00.220,3,3,3,0,0
86386.265893,2026-07-22T15:15:00.222,3,3,3,0,0
86386.268527,2026-07-22T15:15:00.225,3,3,3,0,0
86386.271048,2026-07-22T15:15:00.227,3,3,3,0,0
86386.273552,2026-07-22T15:15:00.230,3,3,3,0,0
86386.276054,2026-07-22T15:15:00.232,3,3,3,0,0
86386.278692,2026-07-22T15:15:00.235,3,3,3,0,0
86386.281194,2026-07-22T15:15:00.238,3,3,3,0,0
86386.283393,2026-07-22T15:15:00.240,3,3,3,0,0
86386.285944,2026-07-22T15:15:00.242,37,0,3,0,61
86386.287966,2026-07-22T15:15:00.244,37,0,3,0,61
86386.289989,2026-07-22T15:15:00.246,37,0,3,0,61
86386.292518,2026-07-22T15:15:00.249,37,0,3,0,61
86386.295023,2026-07-22T15:15:00.251,37,0,3,0,61
86386.297065,2026-07-22T15:15:00.253,37,0,3,0,61
86386.299450,2026-07-22T15:15:00.255,37,0,3,0,61
86386.301605,2026-07-22T15:15:00.258,37,0,3,0,61
86386.304113,2026-07-22T15:15:00.260,37,0,3,0,61
86386.306430,2026-07-22T15:15:00.263,37,0,3,0,61
86386.308460,2026-07-22T15:15:00.265,37,0,3,0,61
86386.310980,2026-07-22T15:15:00.267,37,0,3,0,61
86386.313544,2026-07-22T15:15:00.270,37,0,3,0,61
86386.316255,2026-07-22T15:15:00.273,37,0,3,0,61
86386.318303,2026-07-22T15:15:00.275,37,0,3,0,61
86386.320340,2026-07-22T15:15:00.277,37,0,3,0,61
86386.322856,2026-07-22T15:15:00.279,37,0,3,0,61
86386.325464,2026-07-22T15:15:00.282,37,0,3,0,61
86386.327568,2026-07-22T15:15:00.284,37,0,3,0,61
86386.329833,2026-07-22T15:15:00.286,37,0,3,0,61
86386.332257,2026-07-22T15:15:00.289,37,0,3,0,61
86386.334779,2026-07-22T15:15:00.291,37,0,3,0,61
86386.336810,2026-07-22T15:15:00.293,37,0,3,0,61
86386.338839,2026-07-22T15:15:00.295,37,0,3,0,61
86386.340971,2026-07-22T15:15:00.297,37,0,3,0,61
86386.343266,2026-07-22T15:15:00.300,37,0,3,0,61
86386.345536,2026-07-22T15:15:00.302,37,0,3,0,61
86386.348048,2026-07-22T15:15:00.304,37,0,3,0,61
86386.350392,2026-07-22T15:15:00.306,37,0,3,0,61
86386.352608,2026-07-22T15:15:00.309,37,0,3,0,61
86386.355136,2026-07-22T15:15:00.311,37,0,3,0,61
86386.357822,2026-07-22T15:15:00.314,37,0,3,0,61
86386.360377,2026-07-22T15:15:00.317,37,0,3,0,61
86386.362591,2026-07-22T15:15:00.319,37,0,3,0,61
86386.364895,2026-07-22T15:15:00.321,37,0,3,0,61
86386.367414,2026-07-22T15:15:00.324,37,0,3,0,61
86386.369520,2026-07-22T15:15:00.326,37,0,3,0,61
86386.371822,2026-07-22T15:15:00.328,37,0,3,0,61
86386.373861,2026-07-22T15:15:00.330,37,0,3,0,61
86386.376441,2026-07-22T15:15:00.333,37,0,3,0,61
86386.378932,2026-07-22T15:15:00.335,37,0,3,0,61
86386.381464,2026-07-22T15:15:00.338,37,0,3,0,61
86386.383983,2026-07-22T15:15:00.340,37,0,3,0,61
86386.386513,2026-07-22T15:15:00.343,37,0,3,0,61
86386.389236,2026-07-22T15:15:00.346,37,0,3,0,61
86386.391781,2026-07-22T15:15:00.348,37,0,3,0,61
86386.394397,2026-07-22T15:15:00.351,37,0,3,0,61
86386.396583,2026-07-22T15:15:00.353,37,0,3,0,61
86386.398760,2026-07-22T15:15:00.355,37,0,3,0,61
86386.401300,2026-07-22T15:15:00.358,37,0,3,0,61
86386.404087,2026-07-22T15:15:00.360,37,0,3,0,61
86386.406545,2026-07-22T15:15:00.363,37,0,3,0,61
86386.408568,2026-07-22T15:15:00.365,37,0,3,0,61
86386.410602,2026-07-22T15:15:00.367,37,0,3,0,61
86386.413124,2026-07-22T15:15:00.369,37,0,3,0,61
86386.415646,2026-07-22T15:15:00.372,37,0,3,0,61
86386.418167,2026-07-22T15:15:00.375,37,0,3,0,61
86386.420813,2026-07-22T15:15:00.377,37,0,3,0,61
86386.423415,2026-07-22T15:15:00.380,37,0,3,0,61
86386.425825,2026-07-22T15:15:00.382,37,0,3,0,61
86386.427848,2026-07-22T15:15:00.384,37,0,3,0,61
86386.429881,2026-07-22T15:15:00.386,37,0,3,0,61
86386.432398,2026-07-22T15:15:00.389,37,0,3,0,61
86386.434919,2026-07-22T15:15:00.391,37,0,3,0,61
86386.437440,2026-07-22T15:15:00.394,37,0,3,0,61
86386.439972,2026-07-22T15:15:00.396,37,0,3,0,61
86386.442117,2026-07-22T15:15:00.398,37,0,3,0,61
86386.444619,2026-07-22T15:15:00.401,37,0,3,0,61
86386.447125,2026-07-22T15:15:00.403,37,0,3,0,61
86386.449537,2026-07-22T15:15:00.406,37,0,3,0,61
86386.452054,2026-07-22T15:15:00.408,37,0,3,0,61
86386.454550,2026-07-22T15:15:00.411,37,0,3,0,61
86386.456578,2026-07-22T15:15:00.413,37,0,3,0,61
86386.459092,2026-07-22T15:15:00.415,37,0,3,0,61
86386.461129,2026-07-22T15:15:00.417,37,0,3,0,61
86386.463167,2026-07-22T15:15:00.420,37,0,3,0,61
86386.465689,2026-07-22T15:15:00.422,37,0,3,0,61
86386.467797,2026-07-22T15:15:00.424,37,0,3,0,61
86386.469906,2026-07-22T15:15:00.426,37,0,3,0,61
86386.472421,2026-07-22T15:15:00.429,37,0,3,0,61
86386.474929,2026-07-22T15:15:00.431,37,0,3,0,61
86386.477200,2026-07-22T15:15:00.434,37,0,3,0,61
86386.479228,2026-07-22T15:15:00.436,37,0,3,0,61
86386.481261,2026-07-22T15:15:00.438,37,0,3,0,61
86386.483777,2026-07-22T15:15:00.440,37,0,3,0,61
86386.485951,2026-07-22T15:15:00.442,37,0,3,0,61
86386.488132,2026-07-22T15:15:00.444,37,0,3,0,61
86386.490511,2026-07-22T15:15:00.447,37,0,3,0,61
86386.493038,2026-07-22T15:15:00.449,37,0,3,0,61
86386.495556,2026-07-22T15:15:00.452,37,0,3,0,61
86386.498291,2026-07-22T15:15:00.455,37,0,3,0,61
86386.500913,2026-07-22T15:15:00.457,37,0,3,0,61
86386.502993,2026-07-22T15:15:00.459,37,0,3,0,61
86386.505520,2026-07-22T15:15:00.462,37,0,3,0,61
86386.507815,2026-07-22T15:15:00.464,37,0,3,0,61
86386.510387,2026-07-22T15:15:00.467,37,0,3,0,61
86386.512420,2026-07-22T15:15:00.469,37,0,3,0,61
86386.514462,2026-07-22T15:15:00.471,37,0,3,0,61
86386.516970,2026-07-22T15:15:00.473,37,0,3,0,61
86386.519488,2026-07-22T15:15:00.476,37,0,3,0,61
86386.521603,2026-07-22T15:15:00.478,37,2,3,0,4
86386.523957,2026-07-22T15:15:00.480,37,2,3,0,4
86386.526175,2026-07-22T15:15:00.483,37,2,3,0,4
86386.528690,2026-07-22T15:15:00.485,37,2,3,0,4
86386.530713,2026-07-22T15:15:00.487,37,2,3,0,4
86386.532740,2026-07-22T15:15:00.489,37,2,3,0,4
86386.535269,2026-07-22T15:15:00.492,37,2,3,0,4
86386.537863,2026-07-22T15:15:00.494,37,2,3,0,4
86386.540515,2026-07-22T15:15:00.497,37,2,3,0,4
86386.542725,2026-07-22T15:15:00.499,37,2,3,0,4
86386.545245,2026-07-22T15:15:00.502,37,2,3,0,4
86386.547766,2026-07-22T15:15:00.504,37,2,3,0,4
86386.549960,2026-07-22T15:15:00.506,37,2,3,0,4
86386.552388,2026-07-22T15:15:00.509,37,2,3,0,4
86386.554555,2026-07-22T15:15:00.511,37,2,3,0,4
86386.557159,2026-07-22T15:15:00.514,37,2,3,0,4
86386.559681,2026-07-22T15:15:00.516,37,2,3,0,4
86386.562324,2026-07-22T15:15:00.519,37,2,3,0,4
86386.564892,2026-07-22T15:15:00.521,37,2,3,0,4
86386.566965,2026-07-22T15:15:00.523,37,2,3,0,4
86386.569478,2026-07-22T15:15:00.526,37,2,3,0,4
86386.572098,2026-07-22T15:15:00.528,37,2,3,0,4
86386.574669,2026-07-22T15:15:00.531,37,2,3,0,4
86386.576993,2026-07-22T15:15:00.533,37,2,3,0,4
86386.579646,2026-07-22T15:15:00.536,37,2,3,0,4
86386.582172,2026-07-22T15:15:00.539,37,2,3,0,4
86386.584773,2026-07-22T15:15:00.541,37,2,3,0,4
86386.587284,2026-07-22T15:15:00.544,37,2,3,0,4
86386.589789,2026-07-22T15:15:00.546,37,2,3,0,4
86386.592302,2026-07-22T15:15:00.549,37,2,3,0,4
86386.594911,2026-07-22T15:15:00.551,37,2,3,0,4
86386.597440,2026-07-22T15:15:00.554,37,2,3,0,4
86386.599935,2026-07-22T15:15:00.556,37,2,3,0,4
86386.602306,2026-07-22T15:15:00.559,37,2,3,0,4
86386.604581,2026-07-22T15:15:00.561,37,2,3,0,4
86386.606840,2026-07-22T15:15:00.563,37,2,3,0,4
86386.608882,2026-07-22T15:15:00.565,37,2,3,0,4
86386.611541,2026-07-22T15:15:00.568,37,2,3,0,4
86386.614042,2026-07-22T15:15:00.570,37,2,3,0,4
86386.616588,2026-07-22T15:15:00.573,37,2,3,0,4
86386.619417,2026-07-22T15:15:00.576,37,2,3,0,4
86386.621755,2026-07-22T15:15:00.578,37,2,3,0,4
86386.624265,2026-07-22T15:15:00.581,37,2,3,0,4
86386.626880,2026-07-22T15:15:00.583,37,2,3,0,4
86386.629638,2026-07-22T15:15:00.586,37,2,3,0,4
86386.632158,2026-07-22T15:15:00.589,37,2,3,0,4
86386.634685,2026-07-22T15:15:00.591,37,2,3,0,4
86386.636713,2026-07-22T15:15:00.593,37,2,3,0,4
86386.639436,2026-07-22T15:15:00.596,37,2,3,0,4
86386.641942,2026-07-22T15:15:00.598,37,2,3,0,4
86386.644525,2026-07-22T15:15:00.601,37,2,3,0,4
86386.647043,2026-07-22T15:15:00.603,37,2,3,0,4
86386.649646,2026-07-22T15:15:00.606,37,2,3,0,4
86386.652421,2026-07-22T15:15:00.609,37,2,3,0,4
86386.654811,2026-07-22T15:15:00.611,37,2,3,0,4
86386.657169,2026-07-22T15:15:00.614,37,2,3,0,4
86386.659674,2026-07-22T15:15:00.616,37,2,3,0,4
86386.662463,2026-07-22T15:15:00.619,37,2,3,0,4
86386.664792,2026-07-22T15:15:00.621,37,2,3,0,4
86386.667520,2026-07-22T15:15:00.624,37,2,3,0,4
86386.670023,2026-07-22T15:15:00.626,37,2,3,0,4
86386.672183,2026-07-22T15:15:00.629,37,2,3,0,4
86386.674735,2026-07-22T15:15:00.631,37,2,3,0,4
86386.677021,2026-07-22T15:15:00.633,37,2,3,0,4
86386.679638,2026-07-22T15:15:00.636,37,2,3,0,4
86386.681736,2026-07-22T15:15:00.638,37,2,3,0,4
86386.684265,2026-07-22T15:15:00.641,37,2,3,0,4
86386.686297,2026-07-22T15:15:00.643,37,2,3,0,4
86386.688859,2026-07-22T15:15:00.645,37,2,3,0,4
86386.691385,2026-07-22T15:15:00.648,37,2,3,0,4
86386.694005,2026-07-22T15:15:00.650,37,2,3,0,4
86386.696571,2026-07-22T15:15:00.653,37,2,3,0,4
86386.698764,2026-07-22T15:15:00.655,37,2,3,0,4
86386.701446,2026-07-22T15:15:00.657,37,2,3,0,4
86386.703792,2026-07-22T15:15:00.660,37,2,3,0,4
86386.706261,2026-07-22T15:15:00.663,37,2,3,0,4
86386.708781,2026-07-22T15:15:00.665,37,2,3,0,4
86386.711126,2026-07-22T15:15:00.667,37,2,3,0,4
86386.713653,2026-07-22T15:15:00.670,37,2,3,0,4
86386.716101,2026-07-22T15:15:00.672,37,2,3,0,4
86386.718744,2026-07-22T15:15:00.675,37,2,3,0,4
86386.721269,2026-07-22T15:15:00.678,37,2,3,0,4
86386.723464,2026-07-22T15:15:00.680,37,2,3,0,4
86386.725978,2026-07-22T15:15:00.682,37,2,3,0,4
86386.728471,2026-07-22T15:15:00.685,37,2,3,0,4
86386.730991,2026-07-22T15:15:00.687,37,2,3,0,4
86386.733446,2026-07-22T15:15:00.690,37,2,3,0,4
86386.735947,2026-07-22T15:15:00.692,37,2,3,0,4
86386.738487,2026-07-22T15:15:00.695,37,2,3,0,4
86386.740975,2026-07-22T15:15:00.697,37,2,3,0,4
86386.743479,2026-07-22T15:15:00.700,37,2,3,0,4
86386.745856,2026-07-22T15:15:00.702,37,2,3,0,4
86386.748373,2026-07-22T15:15:00.705,37,2,3,0,4
86386.751394,2026-07-22T15:15:00.707,37,2,3,0,4
86386.753533,2026-07-22T15:15:00.710,37,2,3,0,4
86386.755544,2026-07-22T15:15:00.712,37,2,3,0,4
86386.758024,2026-07-22T15:15:00.714,37,2,3,0,4
86386.760049,2026-07-22T15:15:00.716,37,2,3,0,4
86386.762062,2026-07-22T15:15:00.718,37,2,3,0,4
86386.764122,2026-07-22T15:15:00.720,37,2,3,0,4
86386.766149,2026-07-22T15:15:00.723,37,2,3,0,4
86386.768199,2026-07-22T15:15:00.725,37,2,3,0,4
86386.770245,2026-07-22T15:15:00.727,37,2,3,0,4
86386.772680,2026-07-22T15:15:00.729,37,2,3,0,4
86386.775205,2026-07-22T15:15:00.732,37,2,3,0,4
86386.777730,2026-07-22T15:15:00.734,37,2,3,0,4
86386.780271,2026-07-22T15:15:00.737,37,2,3,0,4
86386.782820,2026-07-22T15:15:00.739,37,2,3,0,4
86386.785303,2026-07-22T15:15:00.742,37,2,3,0,4
86386.787798,2026-07-22T15:15:00.744,37,2,3,0,4
86386.790303,2026-07-22T15:15:00.747,37,2,3,0,4
86386.792824,2026-07-22T15:15:00.749,37,2,3,0,4
86386.795365,2026-07-22T15:15:00.752,37,2,3,0,4
86386.797874,2026-07-22T15:15:00.754,37,2,3,0,4
86386.800153,2026-07-22T15:15:00.756,37,2,3,0,4
86386.802498,2026-07-22T15:15:00.758,37,2,3,0,4
86386.804921,2026-07-22T15:15:00.761,37,2,3,0,4
86386.807572,2026-07-22T15:15:00.764,37,2,3,0,4
86386.809605,2026-07-22T15:15:00.766,37,2,3,0,4
86386.812300,2026-07-22T15:15:00.769,37,2,3,0,4
86386.814880,2026-07-22T15:15:00.771,37,2,3,0,4
86386.817318,2026-07-22T15:15:00.774,37,2,3,0,4
86386.820054,2026-07-22T15:15:00.776,37,2,3,0,4
86386.822584,2026-07-22T15:15:00.779,37,2,3,0,4
86386.825090,2026-07-22T15:15:00.781,37,2,3,0,4
86386.827720,2026-07-22T15:15:00.784,37,2,3,0,4
86386.830464,2026-07-22T15:15:00.787,37,2,3,0,4
86386.832977,2026-07-22T15:15:00.789,37,2,3,0,4
86386.835073,2026-07-22T15:15:00.791,37,2,3,0,4
86386.837595,2026-07-22T15:15:00.794,37,2,3,0,4
86386.840214,2026-07-22T15:15:00.797,37,2,3,0,4
86386.842508,2026-07-22T15:15:00.799,37,2,3,0,4
86386.844533,2026-07-22T15:15:00.801,37,2,3,0,4
86386.847017,2026-07-22T15:15:00.803,37,2,3,0,4
86386.849540,2026-07-22T15:15:00.806,37,2,3,0,4
86386.852069,2026-07-22T15:15:00.808,37,2,3,0,4
86386.854608,2026-07-22T15:15:00.811,37,2,3,0,4
86386.857243,2026-07-22T15:15:00.814,37,2,3,0,4
86386.859728,2026-07-22T15:15:00.816,37,2,3,0,4
86386.862355,2026-07-22T15:15:00.819,37,2,3,0,4
86386.865104,2026-07-22T15:15:00.821,37,2,3,0,4
86386.867618,2026-07-22T15:15:00.824,5,0,3,0,5
86386.870042,2026-07-22T15:15:00.826,5,0,3,0,5
86386.872071,2026-07-22T15:15:00.828,5,0,3,0,5
86386.874590,2026-07-22T15:15:00.831,5,0,3,0,5
86386.877181,2026-07-22T15:15:00.834,5,0,3,0,5
86386.879825,2026-07-22T15:15:00.836,5,0,3,0,5
86386.882457,2026-07-22T15:15:00.839,5,0,3,0,5
86386.885067,2026-07-22T15:15:00.841,5,0,3,0,5
86386.887612,2026-07-22T15:15:00.844,5,0,3,0,5
86386.890228,2026-07-22T15:15:00.847,5,0,3,0,5
86386.892763,2026-07-22T15:15:00.849,5,0,3,0,5
86386.894875,2026-07-22T15:15:00.851,5,0,3,0,5
86386.897322,2026-07-22T15:15:00.854,5,0,3,0,5
86386.899771,2026-07-22T15:15:00.856,5,0,3,0,5
86386.901834,2026-07-22T15:15:00.858,5,0,3,0,5
86386.904178,2026-07-22T15:15:00.861,5,0,3,0,5
86386.906789,2026-07-22T15:15:00.863,5,0,3,0,5
86386.909428,2026-07-22T15:15:00.866,5,0,3,0,5
86386.912189,2026-07-22T15:15:00.869,5,0,3,0,5
86386.914798,2026-07-22T15:15:00.871,5,0,3,0,5
86386.917398,2026-07-22T15:15:00.874,5,0,3,0,5
86386.919519,2026-07-22T15:15:00.876,5,0,3,0,5
86386.921933,2026-07-22T15:15:00.878,5,0,3,0,5
86386.924486,2026-07-22T15:15:00.881,5,0,3,0,5
86386.927089,2026-07-22T15:15:00.883,5,0,3,0,5
86386.929566,2026-07-22T15:15:00.886,5,0,3,0,5
86386.932039,2026-07-22T15:15:00.888,5,0,3,0,5
86386.934064,2026-07-22T15:15:00.890,5,0,3,0,5
86386.936630,2026-07-22T15:15:00.893,5,0,3,0,5
86386.939248,2026-07-22T15:15:00.896,5,0,3,0,5
86386.941753,2026-07-22T15:15:00.898,5,0,3,0,5
86386.944219,2026-07-22T15:15:00.900,5,0,3,0,5
86386.946487,2026-07-22T15:15:00.903,5,0,3,0,5
86386.948997,2026-07-22T15:15:00.905,5,0,3,0,5
86386.951025,2026-07-22T15:15:00.907,5,0,3,0,5
86386.953539,2026-07-22T15:15:00.910,5,0,3,0,5
86386.955562,2026-07-22T15:15:00.912,5,0,3,0,5
86386.958086,2026-07-22T15:15:00.914,5,0,3,0,5
86386.960595,2026-07-22T15:15:00.917,5,0,3,0,5
86386.962641,2026-07-22T15:15:00.919,5,0,3,0,5
86386.964698,2026-07-22T15:15:00.921,5,0,3,0,5
86386.966740,2026-07-22T15:15:00.923,5,0,3,0,5
86386.968801,2026-07-22T15:15:00.925,5,0,3,0,5
86386.970855,2026-07-22T15:15:00.927,5,0,3,0,5
86386.973180,2026-07-22T15:15:00.930,5,0,3,0,5
86386.975227,2026-07-22T15:15:00.932,5,0,3,0,5
86386.977254,2026-07-22T15:15:00.934,5,0,3,0,5
86386.979320,2026-07-22T15:15:00.936,5,0,3,0,5
86386.981383,2026-07-22T15:15:00.938,5,0,3,0,5
86386.983443,2026-07-22T15:15:00.940,5,0,3,0,5
86386.985904,2026-07-22T15:15:00.942,5,0,3,0,5
86386.988638,2026-07-22T15:15:00.945,5,0,3,0,5
86386.990954,2026-07-22T15:15:00.947,5,0,3,0,5
86386.993468,2026-07-22T15:15:00.950,5,0,3,0,5
86386.995531,2026-07-22T15:15:00.952,5,0,3,0,5
86386.997945,2026-07-22T15:15:00.954,5,0,3,0,5
86386.999968,2026-07-22T15:15:00.956,5,0,3,0,5
86387.002468,2026-07-22T15:15:00.959,5,0,3,0,5
86387.004650,2026-07-22T15:15:00.961,5,0,3,0,5
86387.007001,2026-07-22T15:15:00.963,5,0,3,0,5
86387.009515,2026-07-22T15:15:00.966,5,0,3,0,5
86387.012150,2026-07-22T15:15:00.969,5,0,3,0,5
86387.014672,2026-07-22T15:15:00.971,5,0,3,0,5
86387.017447,2026-07-22T15:15:00.974,5,0,3,0,5
86387.020080,2026-07-22T15:15:00.976,5,0,3,0,5
86387.022814,2026-07-22T15:15:00.979,5,0,3,0,5
86387.025420,2026-07-22T15:15:00.982,5,0,3,0,5
86387.027828,2026-07-22T15:15:00.984,5,0,3,0,5
86387.030348,2026-07-22T15:15:00.987,5,0,3,0,5
86387.033040,2026-07-22T15:15:00.989,5,0,3,0,5
86387.035624,2026-07-22T15:15:00.992,5,0,3,0,5
86387.038195,2026-07-22T15:15:00.995,5,0,3,0,5
86387.040690,2026-07-22T15:15:00.997,5,0,3,0,5
86387.043433,2026-07-22T15:15:01.000,5,0,3,0,5
86387.045932,2026-07-22T15:15:01.002,5,0,3,0,5
86387.048406,2026-07-22T15:15:01.005,5,0,3,0,5
86387.050706,2026-07-22T15:15:01.007,5,0,3,0,5
86387.053013,2026-07-22T15:15:01.009,5,0,3,0,5
86387.055606,2026-07-22T15:15:01.012,5,0,3,0,5
86387.057711,2026-07-22T15:15:01.014,5,0,3,0,5
86387.060215,2026-07-22T15:15:01.017,5,0,3,0,5
86387.062548,2026-07-22T15:15:01.019,5,0,3,0,5
86387.064921,2026-07-22T15:15:01.021,5,0,3,0,5
86387.067291,2026-07-22T15:15:01.024,5,0,3,0,5
86387.069782,2026-07-22T15:15:01.026,5,0,3,0,5
86387.072266,2026-07-22T15:15:01.029,5,0,3,0,5
86387.074863,2026-07-22T15:15:01.031,5,0,3,0,5
86387.076921,2026-07-22T15:15:01.033,5,0,3,0,5
86387.079490,2026-07-22T15:15:01.036,5,0,3,0,5
86387.082117,2026-07-22T15:15:01.038,5,0,3,0,5
86387.084716,2026-07-22T15:15:01.041,5,0,3,0,5
86387.087246,2026-07-22T15:15:01.044,5,0,3,0,5
86387.089721,2026-07-22T15:15:01.046,5,0,3,0,5
86387.092260,2026-07-22T15:15:01.049,5,0,3,0,5
86387.094858,2026-07-22T15:15:01.051,5,0,3,0,5
86387.097416,2026-07-22T15:15:01.054,5,0,3,0,5
86387.100020,2026-07-22T15:15:01.056,5,0,3,0,5
86387.102677,2026-07-22T15:15:01.059,5,0,3,0,5
86387.105264,2026-07-22T15:15:01.062,5,0,3,0,5
86387.107860,2026-07-22T15:15:01.064,5,0,3,0,5
86387.110496,2026-07-22T15:15:01.067,5,0,3,0,5
86387.113093,2026-07-22T15:15:01.069,3,3,3,0,0
86387.115486,2026-07-22T15:15:01.072,3,3,3,0,0
86387.117995,2026-07-22T15:15:01.074,3,3,3,0,0
86387.120519,2026-07-22T15:15:01.077,3,3,3,0,0
86387.122963,2026-07-22T15:15:01.079,3,3,3,0,0
86387.125414,2026-07-22T15:15:01.082,3,3,3,0,0
86387.128054,2026-07-22T15:15:01.084,3,3,3,0,0
86387.130751,2026-07-22T15:15:01.087,3,3,3,0,0
86387.133264,2026-07-22T15:15:01.090,3,3,3,0,0
86387.135821,2026-07-22T15:15:01.092,3,3,3,0,0
86387.138330,2026-07-22T15:15:01.095,3,3,3,0,0
86387.140801,2026-07-22T15:15:01.097,3,3,3,0,0
86387.143221,2026-07-22T15:15:01.100,3,3,3,0,0
86387.145749,2026-07-22T15:15:01.102,3,3,3,0,0
86387.148212,2026-07-22T15:15:01.105,3,3,3,0,0
86387.150848,2026-07-22T15:15:01.107,3,3,3,0,0
86387.153289,2026-07-22T15:15:01.110,3,3,3,0,0
86387.155792,2026-07-22T15:15:01.112,3,3,3,0,0
86387.158554,2026-07-22T15:15:01.115,3,3,3,0,0
86387.160581,2026-07-22T15:15:01.117,3,3,3,0,0
86387.163355,2026-07-22T15:15:01.120,3,3,3,0,0
86387.165557,2026-07-22T15:15:01.122,3,3,3,0,0
86387.168041,2026-07-22T15:15:01.124,3,3,3,0,0
86387.170591,2026-07-22T15:15:01.127,3,3,3,0,0
86387.173048,2026-07-22T15:15:01.129,3,3,3,0,0
86387.175578,2026-07-22T15:15:01.132,3,3,3,0,0
86387.178195,2026-07-22T15:15:01.135,3,3,3,0,0
86387.181006,2026-07-22T15:15:01.137,3,3,3,0,0
86387.183627,2026-07-22T15:15:01.140,3,3,3,0,0
86387.186005,2026-07-22T15:15:01.142,3,3,3,0,0
86387.188407,2026-07-22T15:15:01.145,3,3,3,0,0
86387.190987,2026-07-22T15:15:01.147,3,3,3,0,0
86387.193666,2026-07-22T15:15:01.150,3,3,3,0,0
86387.196300,2026-07-22T15:15:01.153,3,3,3,0,0
86387.198812,2026-07-22T15:15:01.155,3,3,3,0,0
86387.201486,2026-07-22T15:15:01.157,3,3,3,0,0
86387.203822,2026-07-22T15:15:01.160,3,3,3,0,0
86387.206144,2026-07-22T15:15:01.162,3,3,3,0,0
86387.208636,2026-07-22T15:15:01.165,3,3,3,0,0
86387.210980,2026-07-22T15:15:01.167,3,3,3,0,0
86387.213624,2026-07-22T15:15:01.170,3,3,3,0,0
86387.216300,2026-07-22T15:15:01.173,3,3,3,0,0
86387.218840,2026-07-22T15:15:01.175,3,3,3,0,0
86387.221353,2026-07-22T15:15:01.178,3,3,3,0,0
86387.223950,2026-07-22T15:15:01.180,3,3,3,0,0
86387.226566,2026-07-22T15:15:01.183,3,3,3,0,0
86387.229089,2026-07-22T15:15:01.185,3,3,3,0,0
86387.231670,2026-07-22T15:15:01.188,3,3,3,0,0
86387.234168,2026-07-22T15:15:01.191,3,3,3,0,0
86387.236682,2026-07-22T15:15:01.193,3,3,3,0,0
86387.239260,2026-07-22T15:15:01.196,3,3,3,0,0
86387.241715,2026-07-22T15:15:01.198,3,3,3,0,0
86387.244235,2026-07-22T15:15:01.201,3,3,3,0,0
86387.246875,2026-07-22T15:15:01.203,3,3,3,0,0
86387.249354,2026-07-22T15:15:01.206,3,3,3,0,0
86387.251872,2026-07-22T15:15:01.208,3,3,3,0,0
86387.254238,2026-07-22T15:15:01.211,3,3,3,0,0
86387.256629,2026-07-22T15:15:01.213,3,3,3,0,0
86387.259390,2026-07-22T15:15:01.216,3,3,3,0,0
86387.261902,2026-07-22T15:15:01.218,3,3,3,0,0
86387.263927,2026-07-22T15:15:01.220,3,3,3,0,0
86387.265949,2026-07-22T15:15:01.222,3,3,3,0,0
86387.267976,2026-07-22T15:15:01.224,3,3,3,0,0
86387.270492,2026-07-22T15:15:01.227,3,3,3,0,0
86387.273030,2026-07-22T15:15:01.229,3,3,3,0,0
86387.275577,2026-07-22T15:15:01.232,3,3,3,0,0
86387.277994,2026-07-22T15:15:01.234,3,3,3,0,0
86387.280337,2026-07-22T15:15:01.237,3,3,3,0,0
86387.282449,2026-07-22T15:15:01.239,3,3,3,0,0
86387.284810,2026-07-22T15:15:01.241,3,3,3,0,0
86387.286843,2026-07-22T15:15:01.243,3,3,3,0,0
86387.289427,2026-07-22T15:15:01.246,3,3,3,0,0
86387.291845,2026-07-22T15:15:01.248,3,3,3,0,0
86387.294583,2026-07-22T15:15:01.251,3,3,3,0,0
86387.297291,2026-07-22T15:15:01.254,3,3,3,0,0
86387.300000,2026-07-22T15:15:01.256,3,3,3,0,0
86387.302445,2026-07-22T15:15:01.259,3,3,3,0,0
86387.304490,2026-07-22T15:15:01.261,3,3,3,0,0
86387.307007,2026-07-22T15:15:01.263,3,3,3,0,0
86387.309767,2026-07-22T15:15:01.266,3,3,3,0,0
86387.312379,2026-07-22T15:15:01.269,3,3,3,0,0
86387.314827,2026-07-22T15:15:01.271,3,3,3,0,0
86387.317473,2026-07-22T15:15:01.274,3,3,3,0,0
86387.319875,2026-07-22T15:15:01.276,3,3,3,0,0
86387.322306,2026-07-22T15:15:01.279,3,3,3,0,0
86387.324903,2026-07-22T15:15:01.281,3,3,3,0,0
86387.327459,2026-07-22T15:15:01.284,3,3,3,0,0
86387.329966,2026-07-22T15:15:01.286,3,3,3,0,0
86387.332711,2026-07-22T15:15:01.289,3,3,3,0,0
86387.335463,2026-07-22T15:15:01.292,3,3,3,0,0
86387.337915,2026-07-22T15:15:01.294,3,3,3,0,0
86387.340499,2026-07-22T15:15:01.297,3,3,3,0,0
86387.343159,2026-07-22T15:15:01.300,3,3,3,0,0
86387.345661,2026-07-22T15:15:01.302,3,3,3,0,0
86387.348306,2026-07-22T15:15:01.305,3,3,3,0,0
86387.351008,2026-07-22T15:15:01.307,3,3,3,0,0
86387.353631,2026-07-22T15:15:01.310,3,3,3,0,0
86387.356236,2026-07-22T15:15:01.313,3,3,3,0,0
86387.358969,2026-07-22T15:15:01.315,3,3,3,0,0
86387.361534,2026-07-22T15:15:01.318,3,3,3,0,0
86387.364142,2026-07-22T15:15:01.321,3,3,3,0,0
86387.366881,2026-07-22T15:15:01.323,3,3,3,0,0
86387.369412,2026-07-22T15:15:01.326,3,3,3,0,0
86387.371930,2026-07-22T15:15:01.328,3,3,3,0,0
86387.374537,2026-07-22T15:15:01.331,3,3,3,0,0
86387.377556,2026-07-22T15:15:01.333,3,3,3,0,0
86387.380048,2026-07-22T15:15:01.336,3,3,3,0,0
86387.382099,2026-07-22T15:15:01.338,3,3,3,0,0
86387.384370,2026-07-22T15:15:01.341,3,3,3,0,0
86387.386406,2026-07-22T15:15:01.343,3,3,3,0,0
86387.388438,2026-07-22T15:15:01.345,3,3,3,0,0
86387.390489,2026-07-22T15:15:01.347,3,3,3,0,0
86387.392799,2026-07-22T15:15:01.349,3,3,3,0,0
86387.394830,2026-07-22T15:15:01.351,3,3,3,0,0
86387.396869,2026-07-22T15:15:01.353,3,3,3,0,0
86387.398899,2026-07-22T15:15:01.355,3,3,3,0,0
86387.401125,2026-07-22T15:15:01.357,3,3,3,0,0
86387.403382,2026-07-22T15:15:01.360,3,3,3,0,0
86387.406064,2026-07-22T15:15:01.362,3,3,3,0,0
86387.408477,2026-07-22T15:15:01.365,3,3,3,0,0
86387.411018,2026-07-22T15:15:01.367,3,3,3,0,0
86387.413590,2026-07-22T15:15:01.370,3,3,3,0,0
86387.416178,2026-07-22T15:15:01.373,3,3,3,0,0
86387.418659,2026-07-22T15:15:01.375,3,3,3,0,0
86387.421178,2026-07-22T15:15:01.378,3,3,3,0,0
86387.423661,2026-07-22T15:15:01.380,3,3,3,0,0
86387.426310,2026-07-22T15:15:01.383,3,3,3,0,0
86387.428872,2026-07-22T15:15:01.385,3,3,3,0,0
86387.431345,2026-07-22T15:15:01.388,3,3,3,0,0
86387.433824,2026-07-22T15:15:01.390,3,3,3,0,0
86387.436221,2026-07-22T15:15:01.393,3,3,3,0,0
86387.438723,2026-07-22T15:15:01.395,3,3,3,0,0
86387.441203,2026-07-22T15:15:01.398,3,3,3,0,0
86387.443749,2026-07-22T15:15:01.400,3,3,3,0,0
86387.446156,2026-07-22T15:15:01.403,3,3,3,0,0
86387.448668,2026-07-22T15:15:01.405,3,3,3,0,0
86387.450678,2026-07-22T15:15:01.407,3,3,3,0,0
86387.453178,2026-07-22T15:15:01.410,3,3,3,0,0
86387.455552,2026-07-22T15:15:01.412,3,3,3,0,0
86387.457953,2026-07-22T15:15:01.414,3,3,3,0,0
86387.459975,2026-07-22T15:15:01.416,3,3,3,0,0
86387.462739,2026-07-22T15:15:01.419,3,3,3,0,0
86387.465550,2026-07-22T15:15:01.422,3,3,3,0,0
86387.468059,2026-07-22T15:15:01.424,3,3,3,0,0
86387.470523,2026-07-22T15:15:01.427,3,3,3,0,0
86387.472964,2026-07-22T15:15:01.429,3,3,3,0,0
86387.475432,2026-07-22T15:15:01.432,3,3,3,0,0
86387.477906,2026-07-22T15:15:01.434,3,3,3,0,0
86387.480401,2026-07-22T15:15:01.437,3,3,3,0,0
86387.482412,2026-07-22T15:15:01.439,3,3,3,0,0
86387.484437,2026-07-22T15:15:01.441,3,3,3,0,0
86387.487016,2026-07-22T15:15:01.443,3,3,3,0,0
86387.489538,2026-07-22T15:15:01.446,3,3,3,0,0
86387.491984,2026-07-22T15:15:01.448,3,3,3,0,0
86387.494577,2026-07-22T15:15:01.451,3,3,3,0,0
86387.497002,2026-07-22T15:15:01.453,3,3,3,0,0
86387.499505,2026-07-22T15:15:01.456,3,3,3,0,0
86387.501934,2026-07-22T15:15:01.458,3,3,3,0,0
86387.504365,2026-07-22T15:15:01.461,3,3,3,0,0
86387.506726,2026-07-22T15:15:01.463,3,3,3,0,0
86387.509438,2026-07-22T15:15:01.466,3,3,3,0,0
86387.511949,2026-07-22T15:15:01.468,3,3,3,0,0
86387.514214,2026-07-22T15:15:01.471,3,3,3,0,0
86387.516942,2026-07-22T15:15:01.473,3,3,3,0,0
86387.519465,2026-07-22T15:15:01.476,3,3,3,0,0
86387.521917,2026-07-22T15:15:01.478,3,3,3,0,0
86387.524436,2026-07-22T15:15:01.481,3,3,3,0,0
86387.527034,2026-07-22T15:15:01.483,3,3,3,0,0
86387.529683,2026-07-22T15:15:01.486,3,3,3,0,0
86387.532413,2026-07-22T15:15:01.489,3,3,3,0,0
86387.534933,2026-07-22T15:15:01.491,3,3,3,0,0
86387.537556,2026-07-22T15:15:01.494,3,3,3,0,0
86387.539964,2026-07-22T15:15:01.496,3,3,3,0,0
86387.542408,2026-07-22T15:15:01.499,3,3,3,0,0
86387.544841,2026-07-22T15:15:01.501,3,3,3,0,0
86387.547429,2026-07-22T15:15:01.504,3,3,3,0,0
86387.550129,2026-07-22T15:15:01.506,3,3,3,0,0
86387.552598,2026-07-22T15:15:01.509,3,3,3,0,0
86387.555071,2026-07-22T15:15:01.511,3,3,3,0,0
86387.557454,2026-07-22T15:15:01.514,3,3,3,0,0
86387.559967,2026-07-22T15:15:01.516,3,3,3,0,0
86387.562462,2026-07-22T15:15:01.519,3,3,3,0,0
86387.564620,2026-07-22T15:15:01.521,3,3,3,0,0
86387.567291,2026-07-22T15:15:01.524,3,3,3,0,0
86387.569720,2026-07-22T15:15:01.526,3,3,3,0,0
86387.571989,2026-07-22T15:15:01.528,3,3,3,0,0
86387.574656,2026-07-22T15:15:01.531,3,3,3,0,0
86387.576701,2026-07-22T15:15:01.533,3,3,3,0,0
86387.579029,2026-07-22T15:15:01.535,3,3,3,0,0
86387.581237,2026-07-22T15:15:01.538,3,3,3,0,0
86387.583392,2026-07-22T15:15:01.540,3,3,3,0,0
86387.585939,2026-07-22T15:15:01.542,3,3,3,0,0
86387.588452,2026-07-22T15:15:01.545,3,3,3,0,0
86387.591026,2026-07-22T15:15:01.547,3,3,3,0,0
86387.593720,2026-07-22T15:15:01.550,3,3,3,0,0
86387.596257,2026-07-22T15:15:01.553,3,3,3,0,0
86387.598725,2026-07-22T15:15:01.555,3,3,3,0,0
86387.601246,2026-07-22T15:15:01.558,3,3,3,0,0
86387.603547,2026-07-22T15:15:01.560,3,3,3,0,0
86387.605588,2026-07-22T15:15:01.562,3,3,3,0,0
86387.608038,2026-07-22T15:15:01.564,3,3,3,0,0
86387.610513,2026-07-22T15:15:01.567,3,3,3,0,0
86387.612586,2026-07-22T15:15:01.569,3,3,3,0,0
86387.614615,2026-07-22T15:15:01.571,3,3,3,0,0
86387.617201,2026-07-22T15:15:01.573,3,3,3,0,0
86387.619623,2026-07-22T15:15:01.576,3,3,3,0,0
86387.622165,2026-07-22T15:15:01.579,3,3,3,0,0
86387.624676,2026-07-22T15:15:01.581,3,3,3,0,0
86387.627367,2026-07-22T15:15:01.584,3,3,3,0,0
86387.629858,2026-07-22T15:15:01.586,3,3,3,0,0
86387.632397,2026-07-22T15:15:01.589,3,3,3,0,0
86387.634982,2026-07-22T15:15:01.591,3,3,3,0,0
86387.637022,2026-07-22T15:15:01.593,3,3,3,0,0
86387.639502,2026-07-22T15:15:01.596,3,3,3,0,0
86387.642009,2026-07-22T15:15:01.598,3,3,3,0,0
86387.644088,2026-07-22T15:15:01.600,3,3,3,0,0
86387.646606,2026-07-22T15:15:01.603,3,3,3,0,0
86387.649233,2026-07-22T15:15:01.606,3,3,3,0,0
86387.651291,2026-07-22T15:15:01.608,3,3,3,0,0
86387.653541,2026-07-22T15:15:01.610,3,3,3,0,0
86387.656056,2026-07-22T15:15:01.612,3,3,3,0,0
86387.658094,2026-07-22T15:15:01.614,3,3,3,0,0
86387.660616,2026-07-22T15:15:01.617,3,3,3,0,0
86387.663149,2026-07-22T15:15:01.619,3,3,3,0,0
86387.665518,2026-07-22T15:15:01.622,3,3,3,0,0
86387.667574,2026-07-22T15:15:01.624,3,3,3,0,0
86387.669606,2026-07-22T15:15:01.626,3,3,3,0,0
86387.671998,2026-07-22T15:15:01.628,3,3,3,0,0
86387.674020,2026-07-22T15:15:01.630,3,3,3,0,0
86387.676533,2026-07-22T15:15:01.633,3,3,3,0,0
86387.678789,2026-07-22T15:15:01.635,3,3,3,0,0
86387.680814,2026-07-22T15:15:01.637,3,3,3,0,0
86387.683621,2026-07-22T15:15:01.640,3,3,3,0,0
86387.685653,2026-07-22T15:15:01.642,3,3,3,0,0
86387.688080,2026-07-22T15:15:01.644,3,3,3,0,0
86387.690649,2026-07-22T15:15:01.647,3,3,3,0,0
86387.692753,2026-07-22T15:15:01.649,3,3,3,0,0
86387.694918,2026-07-22T15:15:01.651,3,3,3,0,0
86387.697419,2026-07-22T15:15:01.654,3,3,3,0,0
86387.699430,2026-07-22T15:15:01.656,3,3,3,0,0
86387.702223,2026-07-22T15:15:01.658,3,3,3,0,0
86387.704450,2026-07-22T15:15:01.661,3,3,3,0,0
86387.707115,2026-07-22T15:15:01.663,3,3,3,0,0
86387.709657,2026-07-22T15:15:01.666,3,3,3,0,0
86387.712158,2026-07-22T15:15:01.669,3,3,3,0,0
86387.714797,2026-07-22T15:15:01.671,3,3,3,0,0
86387.717553,2026-07-22T15:15:01.674,3,3,3,0,0
86387.720088,2026-07-22T15:15:01.676,3,3,3,0,0
86387.722839,2026-07-22T15:15:01.679,3,3,3,0,0
86387.725365,2026-07-22T15:15:01.682,3,3,3,0,0
86387.728008,2026-07-22T15:15:01.684,3,3,3,0,0
86387.730056,2026-07-22T15:15:01.686,3,3,3,0,0
86387.732548,2026-07-22T15:15:01.689,3,3,3,0,0
86387.735079,2026-07-22T15:15:01.691,3,3,3,0,0
86387.737744,2026-07-22T15:15:01.694,3,3,3,0,0
86387.740371,2026-07-22T15:15:01.697,3,3,3,0,0
86387.743065,2026-07-22T15:15:01.699,3,3,3,0,0
86387.745602,2026-07-22T15:15:01.702,3,3,3,0,0
86387.747641,2026-07-22T15:15:01.704,3,3,3,0,0
86387.750186,2026-07-22T15:15:01.707,3,3,3,0,0
86387.753028,2026-07-22T15:15:01.709,3,3,3,0,0
86387.755362,2026-07-22T15:15:01.712,3,3,3,0,0
86387.757766,2026-07-22T15:15:01.714,3,3,3,0,0
86387.760290,2026-07-22T15:15:01.717,3,3,3,0,0
86387.762393,2026-07-22T15:15:01.719,3,3,3,0,0
86387.764597,2026-07-22T15:15:01.721,3,3,3,0,0
86387.767231,2026-07-22T15:15:01.724,3,3,3,0,0
86387.769851,2026-07-22T15:15:01.726,3,3,3,0,0
86387.772350,2026-07-22T15:15:01.729,3,3,3,0,0
86387.774810,2026-07-22T15:15:01.731,3,3,3,0,0
86387.777475,2026-07-22T15:15:01.734,3,3,3,0,0
86387.780026,2026-07-22T15:15:01.736,3,3,3,0,0
86387.782067,2026-07-22T15:15:01.738,3,3,3,0,0
86387.784501,2026-07-22T15:15:01.741,3,3,3,0,0
86387.786999,2026-07-22T15:15:01.743,3,3,3,0,0
86387.789632,2026-07-22T15:15:01.746,3,3,3,0,0
86387.791679,2026-07-22T15:15:01.748,3,3,3,0,0
86387.794184,2026-07-22T15:15:01.751,3,3,3,0,0
86387.796707,2026-07-22T15:15:01.753,3,3,3,0,0
86387.799129,2026-07-22T15:15:01.755,3,3,3,0,0
86387.801865,2026-07-22T15:15:01.757,3,3,3,0,0
86387.804169,2026-07-22T15:15:01.761,3,3,3,0,0
86387.806214,2026-07-22T15:15:01.763,3,3,3,0,0
86387.808731,2026-07-22T15:15:01.765,3,3,3,0,0
86387.810932,2026-07-22T15:15:01.767,3,3,3,0,0
86387.813690,2026-07-22T15:15:01.770,3,3,3,0,0
86387.815881,2026-07-22T15:15:01.772,3,3,3,0,0
86387.818239,2026-07-22T15:15:01.775,3,3,3,0,0
86387.820767,2026-07-22T15:15:01.777,3,3,3,0,0
86387.823453,2026-07-22T15:15:01.780,3,3,3,0,0
86387.825870,2026-07-22T15:15:01.782,3,3,3,0,0
86387.828542,2026-07-22T15:15:01.785,3,3,3,0,0
86387.831045,2026-07-22T15:15:01.787,3,3,3,0,0
86387.833658,2026-07-22T15:15:01.790,3,3,3,0,0
86387.836134,2026-07-22T15:15:01.792,3,3,3,0,0
86387.838174,2026-07-22T15:15:01.795,3,3,3,0,0
86387.840677,2026-07-22T15:15:01.797,3,3,3,0,0
86387.843211,2026-07-22T15:15:01.800,3,3,3,0,0
86387.845621,2026-07-22T15:15:01.802,3,3,3,0,0
86387.848162,2026-07-22T15:15:01.805,3,3,3,0,0
86387.850916,2026-07-22T15:15:01.807,3,3,3,0,0
86387.853414,2026-07-22T15:15:01.810,3,3,3,0,0
86387.856026,2026-07-22T15:15:01.812,3,3,3,0,0
86387.858570,2026-07-22T15:15:01.815,3,3,3,0,0
86387.861037,2026-07-22T15:15:01.817,3,3,3,0,0
86387.863975,2026-07-22T15:15:01.820,3,3,3,0,0
86387.866350,2026-07-22T15:15:01.823,3,3,3,0,0
86387.868817,2026-07-22T15:15:01.825,3,3,3,0,0
86387.871348,2026-07-22T15:15:01.828,3,3,3,0,0
86387.873870,2026-07-22T15:15:01.830,3,3,3,0,0
86387.876406,2026-07-22T15:15:01.833,3,3,3,0,0
86387.879109,2026-07-22T15:15:01.835,3,3,3,0,0
86387.881647,2026-07-22T15:15:01.838,3,3,3,0,0
86387.884077,2026-07-22T15:15:01.840,3,3,3,0,0
86387.886588,2026-07-22T15:15:01.843,3,3,3,0,0
86387.888629,2026-07-22T15:15:01.845,3,3,3,0,0
86387.891273,2026-07-22T15:15:01.848,3,3,3,0,0
86387.893355,2026-07-22T15:15:01.850,3,3,3,0,0
86387.895914,2026-07-22T15:15:01.852,3,3,3,0,0
86387.898457,2026-07-22T15:15:01.855,3,3,3,0,0
86387.901102,2026-07-22T15:15:01.857,3,3,3,0,0
86387.903489,2026-07-22T15:15:01.860,3,3,3,0,0
86387.905513,2026-07-22T15:15:01.862,3,3,3,0,0
86387.907579,2026-07-22T15:15:01.864,3,3,3,0,0
86387.910075,2026-07-22T15:15:01.866,3,3,3,0,0
86387.912702,2026-07-22T15:15:01.869,3,3,3,0,0
86387.915220,2026-07-22T15:15:01.872,3,3,3,0,0
86387.917909,2026-07-22T15:15:01.874,3,3,3,0,0
86387.920580,2026-07-22T15:15:01.877,3,3,3,0,0
86387.922959,2026-07-22T15:15:01.879,3,3,3,0,0
86387.925570,2026-07-22T15:15:01.882,3,3,3,0,0
86387.928089,2026-07-22T15:15:01.884,3,3,3,0,0
86387.930608,2026-07-22T15:15:01.887,3,3,3,0,0
86387.932946,2026-07-22T15:15:01.889,3,3,3,0,0
86387.935660,2026-07-22T15:15:01.892,3,3,3,0,0
86387.937693,2026-07-22T15:15:01.894,37,0,3,0,60
86387.940222,2026-07-22T15:15:01.897,37,0,3,0,60
86387.942844,2026-07-22T15:15:01.899,37,0,3,0,60
86387.944882,2026-07-22T15:15:01.901,37,0,3,0,60
86387.946919,2026-07-22T15:15:01.903,37,0,3,0,60
86387.949441,2026-07-22T15:15:01.906,37,0,3,0,60
86387.951935,2026-07-22T15:15:01.908,37,0,3,0,60
86387.954502,2026-07-22T15:15:01.911,37,0,3,0,60
86387.957148,2026-07-22T15:15:01.914,37,0,3,0,60
86387.959176,2026-07-22T15:15:01.916,37,0,3,0,60
86387.961214,2026-07-22T15:15:01.918,37,0,3,0,60
86387.963232,2026-07-22T15:15:01.920,37,0,3,0,60
86387.965673,2026-07-22T15:15:01.922,37,0,3,0,60
86387.967708,2026-07-22T15:15:01.924,37,0,3,0,60
86387.969766,2026-07-22T15:15:01.926,37,0,3,0,60
86387.972276,2026-07-22T15:15:01.929,37,0,3,0,60
86387.974367,2026-07-22T15:15:01.931,37,0,3,0,60
86387.976529,2026-07-22T15:15:01.933,37,0,3,0,60
86387.978551,2026-07-22T15:15:01.935,37,0,3,0,60
86387.980728,2026-07-22T15:15:01.937,37,0,3,0,60
86387.982746,2026-07-22T15:15:01.939,37,0,3,0,60
86387.984773,2026-07-22T15:15:01.941,37,0,3,0,60
86387.986785,2026-07-22T15:15:01.943,37,0,3,0,60
86387.988849,2026-07-22T15:15:01.945,37,0,3,0,60
86387.990871,2026-07-22T15:15:01.947,37,0,3,0,60
86387.992903,2026-07-22T15:15:01.949,37,0,3,0,60
86387.995420,2026-07-22T15:15:01.952,37,0,3,0,60
86387.997937,2026-07-22T15:15:01.954,37,0,3,0,60
86388.000456,2026-07-22T15:15:01.957,37,0,3,0,60
86388.002963,2026-07-22T15:15:01.959,37,0,3,0,60
86388.005486,2026-07-22T15:15:01.962,37,0,3,0,60
86388.008152,2026-07-22T15:15:01.965,37,0,3,0,60
86388.010830,2026-07-22T15:15:01.967,37,0,3,0,60
86388.013424,2026-07-22T15:15:01.970,37,0,3,0,60
86388.015830,2026-07-22T15:15:01.972,37,0,3,0,60
86388.017862,2026-07-22T15:15:01.974,37,0,3,0,60
86388.019893,2026-07-22T15:15:01.976,37,0,3,0,60
86388.021927,2026-07-22T15:15:01.978,37,0,3,0,60
86388.023947,2026-07-22T15:15:01.980,37,0,3,0,60
86388.026273,2026-07-22T15:15:01.983,37,0,3,0,60
86388.028808,2026-07-22T15:15:01.985,37,0,3,0,60
86388.031433,2026-07-22T15:15:01.988,37,0,3,0,60
86388.034067,2026-07-22T15:15:01.990,37,0,3,0,60
86388.036100,2026-07-22T15:15:01.992,37,0,3,0,60
86388.038617,2026-07-22T15:15:01.995,37,0,3,0,60
86388.041206,2026-07-22T15:15:01.998,37,0,3,0,60
86388.043700,2026-07-22T15:15:02.000,37,0,3,0,60
86388.046220,2026-07-22T15:15:02.003,37,0,3,0,60
86388.048740,2026-07-22T15:15:02.005,37,0,3,0,60
86388.051069,2026-07-22T15:15:02.006,37,0,3,0,60
86388.053270,2026-07-22T15:15:02.010,37,0,3,0,60
86388.055390,2026-07-22T15:15:02.012,37,0,3,0,60
86388.057406,2026-07-22T15:15:02.014,37,0,3,0,60
86388.059434,2026-07-22T15:15:02.016,37,0,3,0,60
86388.061768,2026-07-22T15:15:02.018,37,0,3,0,60
86388.063823,2026-07-22T15:15:02.020,37,0,3,0,60
86388.066317,2026-07-22T15:15:02.023,37,0,3,0,60
86388.068845,2026-07-22T15:15:02.025,37,0,3,0,60
86388.071357,2026-07-22T15:15:02.028,37,0,3,0,60
86388.073467,2026-07-22T15:15:02.030,37,0,3,0,60
86388.075541,2026-07-22T15:15:02.032,37,0,3,0,60
86388.078095,2026-07-22T15:15:02.034,37,0,3,0,60
86388.080180,2026-07-22T15:15:02.037,37,0,3,0,60
86388.082703,2026-07-22T15:15:02.039,37,0,3,0,60
86388.085234,2026-07-22T15:15:02.042,37,0,3,0,60
86388.087808,2026-07-22T15:15:02.044,37,0,3,0,60
86388.089847,2026-07-22T15:15:02.046,37,0,3,0,60
86388.092753,2026-07-22T15:15:02.049,37,0,3,0,60
86388.094818,2026-07-22T15:15:02.051,37,0,3,0,60
86388.096890,2026-07-22T15:15:02.053,37,0,3,0,60
86388.099394,2026-07-22T15:15:02.056,37,0,3,0,60
86388.102159,2026-07-22T15:15:02.058,37,0,3,0,60
86388.104426,2026-07-22T15:15:02.061,37,0,3,0,60
86388.106748,2026-07-22T15:15:02.063,37,0,3,0,60
86388.108824,2026-07-22T15:15:02.065,37,0,3,0,60
86388.110916,2026-07-22T15:15:02.067,37,0,3,0,60
86388.113437,2026-07-22T15:15:02.070,37,0,3,0,60
86388.115953,2026-07-22T15:15:02.072,37,0,3,0,60
86388.118464,2026-07-22T15:15:02.075,37,0,3,0,60
86388.121253,2026-07-22T15:15:02.078,37,0,3,0,60
86388.123296,2026-07-22T15:15:02.080,37,0,3,0,60
86388.125870,2026-07-22T15:15:02.082,37,0,3,0,60
86388.128346,2026-07-22T15:15:02.085,37,0,3,0,60
86388.130858,2026-07-22T15:15:02.087,37,0,3,0,60
86388.133352,2026-07-22T15:15:02.090,37,0,3,0,60
86388.135861,2026-07-22T15:15:02.092,37,0,3,0,60
86388.138374,2026-07-22T15:15:02.095,37,0,3,0,60
86388.140818,2026-07-22T15:15:02.097,37,0,3,0,60
86388.142966,2026-07-22T15:15:02.099,37,0,3,0,60
86388.145544,2026-07-22T15:15:02.102,37,0,3,0,60
86388.148045,2026-07-22T15:15:02.104,37,0,3,0,60
86388.150553,2026-07-22T15:15:02.107,37,0,3,0,60
86388.152719,2026-07-22T15:15:02.108,37,0,3,0,60
86388.155069,2026-07-22T15:15:02.111,37,0,3,0,60
86388.157596,2026-07-22T15:15:02.114,37,0,3,0,60
86388.159797,2026-07-22T15:15:02.116,37,0,3,0,60
86388.161827,2026-07-22T15:15:02.118,37,0,3,0,60
86388.164277,2026-07-22T15:15:02.121,37,0,3,0,60
86388.166300,2026-07-22T15:15:02.123,37,0,3,0,60
86388.168851,2026-07-22T15:15:02.125,37,0,3,0,60
86388.171359,2026-07-22T15:15:02.128,37,0,3,0,60
86388.173938,2026-07-22T15:15:02.130,37,0,3,0,60
86388.175993,2026-07-22T15:15:02.132,37,0,3,0,60
86388.178528,2026-07-22T15:15:02.135,37,0,3,0,60
86388.181050,2026-07-22T15:15:02.137,37,0,3,0,4
86388.183477,2026-07-22T15:15:02.139,37,2,3,0,4
86388.186008,2026-07-22T15:15:02.142,37,2,3,0,4
86388.188676,2026-07-22T15:15:02.145,37,2,3,0,4
86388.191199,2026-07-22T15:15:02.148,37,2,3,0,4
86388.193808,2026-07-22T15:15:02.150,37,2,3,0,4
86388.196327,2026-07-22T15:15:02.153,37,2,3,0,4
86388.199015,2026-07-22T15:15:02.155,37,2,3,0,4
86388.201666,2026-07-22T15:15:02.158,37,2,3,0,4
86388.204146,2026-07-22T15:15:02.161,37,2,3,0,4
86388.206667,2026-07-22T15:15:02.163,37,2,3,0,4
86388.208703,2026-07-22T15:15:02.165,37,2,3,0,4
86388.211096,2026-07-22T15:15:02.167,37,2,3,0,4
86388.213593,2026-07-22T15:15:02.170,37,2,3,0,4
86388.216178,2026-07-22T15:15:02.173,37,2,3,0,4
86388.218674,2026-07-22T15:15:02.175,37,2,3,0,4
86388.221234,2026-07-22T15:15:02.178,37,2,3,0,4
86388.223657,2026-07-22T15:15:02.180,37,2,3,0,4
86388.226169,2026-07-22T15:15:02.183,37,2,3,0,4
86388.228713,2026-07-22T15:15:02.185,37,2,3,0,4
86388.231213,2026-07-22T15:15:02.188,37,2,3,0,4
86388.233872,2026-07-22T15:15:02.190,37,2,3,0,4
86388.236404,2026-07-22T15:15:02.193,37,2,3,0,4
86388.238897,2026-07-22T15:15:02.195,37,2,3,0,4
86388.240920,2026-07-22T15:15:02.197,37,2,3,0,4
86388.243626,2026-07-22T15:15:02.200,37,2,3,0,4
86388.246109,2026-07-22T15:15:02.202,37,2,3,0,4
86388.248824,2026-07-22T15:15:02.205,37,2,3,0,4
86388.251459,2026-07-22T15:15:02.208,37,2,3,0,4
86388.253489,2026-07-22T15:15:02.210,37,2,3,0,4
86388.256032,2026-07-22T15:15:02.212,37,2,3,0,4
86388.258556,2026-07-22T15:15:02.215,37,2,3,0,4
86388.261101,2026-07-22T15:15:02.217,37,2,3,0,4
86388.263626,2026-07-22T15:15:02.220,37,2,3,0,4
86388.266013,2026-07-22T15:15:02.222,37,2,3,0,4
86388.268735,2026-07-22T15:15:02.225,37,2,3,0,4
86388.270769,2026-07-22T15:15:02.227,37,2,3,0,4
86388.273366,2026-07-22T15:15:02.230,37,2,3,0,4
86388.275881,2026-07-22T15:15:02.232,37,2,3,0,4
86388.277917,2026-07-22T15:15:02.234,37,2,3,0,4
86388.280441,2026-07-22T15:15:02.237,37,2,3,0,4
86388.283056,2026-07-22T15:15:02.239,37,2,3,0,4
86388.285273,2026-07-22T15:15:02.242,37,2,3,0,4
86388.287939,2026-07-22T15:15:02.244,37,2,3,0,4
86388.290497,2026-07-22T15:15:02.247,37,2,3,0,4
86388.292538,2026-07-22T15:15:02.249,37,2,3,0,4
86388.295073,2026-07-22T15:15:02.251,37,2,3,0,4
86388.297595,2026-07-22T15:15:02.254,37,2,3,0,4
86388.300086,2026-07-22T15:15:02.256,37,2,3,0,4
86388.302726,2026-07-22T15:15:02.258,37,2,3,0,4
86388.305114,2026-07-22T15:15:02.261,37,2,3,0,4
86388.307165,2026-07-22T15:15:02.264,37,2,3,0,4
86388.309211,2026-07-22T15:15:02.266,37,2,3,0,4
86388.311235,2026-07-22T15:15:02.268,37,2,3,0,4
86388.313275,2026-07-22T15:15:02.270,37,2,3,0,4
86388.315367,2026-07-22T15:15:02.272,37,2,3,0,4
86388.317414,2026-07-22T15:15:02.274,37,2,3,0,4
86388.319454,2026-07-22T15:15:02.276,37,2,3,0,4
86388.321566,2026-07-22T15:15:02.278,37,2,3,0,4
86388.324052,2026-07-22T15:15:02.280,37,2,3,0,4
86388.326074,2026-07-22T15:15:02.282,37,2,3,0,4
86388.328123,2026-07-22T15:15:02.284,37,2,3,0,4
86388.330208,2026-07-22T15:15:02.287,37,2,3,0,4
86388.332258,2026-07-22T15:15:02.289,37,2,3,0,4
86388.334317,2026-07-22T15:15:02.291,37,2,3,0,4
86388.336371,2026-07-22T15:15:02.293,37,2,3,0,4
86388.338427,2026-07-22T15:15:02.295,37,2,3,0,4
86388.340470,2026-07-22T15:15:02.297,37,2,3,0,4
86388.342509,2026-07-22T15:15:02.299,37,2,3,0,4
86388.345200,2026-07-22T15:15:02.302,37,2,3,0,4
86388.347971,2026-07-22T15:15:02.304,37,2,3,0,4
86388.350666,2026-07-22T15:15:02.307,37,2,3,0,4
86388.352899,2026-07-22T15:15:02.309,37,2,3,0,4
86388.355609,2026-07-22T15:15:02.312,37,2,3,0,4
86388.358126,2026-07-22T15:15:02.314,37,2,3,0,4
86388.360877,2026-07-22T15:15:02.317,37,2,3,0,4
86388.363068,2026-07-22T15:15:02.319,37,2,3,0,4
86388.365575,2026-07-22T15:15:02.322,37,2,3,0,4
86388.367634,2026-07-22T15:15:02.324,37,2,3,0,4
86388.370077,2026-07-22T15:15:02.326,37,2,3,0,4
86388.372589,2026-07-22T15:15:02.329,37,2,3,0,4
86388.375143,2026-07-22T15:15:02.331,37,2,3,0,4
86388.377554,2026-07-22T15:15:02.334,37,2,3,0,4
86388.380032,2026-07-22T15:15:02.336,37,2,3,0,4
86388.382549,2026-07-22T15:15:02.339,37,2,3,0,4
86388.384691,2026-07-22T15:15:02.341,37,2,3,0,4
86388.387197,2026-07-22T15:15:02.344,37,2,3,0,4
86388.389664,2026-07-22T15:15:02.346,37,2,3,0,4
86388.392186,2026-07-22T15:15:02.349,37,2,3,0,4
86388.394692,2026-07-22T15:15:02.351,37,2,3,0,4
86388.396746,2026-07-22T15:15:02.353,37,2,3,0,4
86388.398773,2026-07-22T15:15:02.355,37,2,3,0,4
86388.401287,2026-07-22T15:15:02.358,37,2,3,0,4
86388.403811,2026-07-22T15:15:02.360,37,2,3,0,4
86388.406382,2026-07-22T15:15:02.363,37,2,3,0,4
86388.408999,2026-07-22T15:15:02.365,37,2,3,0,4
86388.411340,2026-07-22T15:15:02.368,37,2,3,0,4
86388.413741,2026-07-22T15:15:02.370,37,2,3,0,4
86388.415784,2026-07-22T15:15:02.372,37,2,3,0,4
86388.418356,2026-07-22T15:15:02.375,37,2,3,0,4
86388.420867,2026-07-22T15:15:02.377,37,2,3,0,4
86388.423409,2026-07-22T15:15:02.380,37,2,3,0,4
86388.426142,2026-07-22T15:15:02.382,37,2,3,0,4
86388.428662,2026-07-22T15:15:02.385,37,2,3,0,4
86388.430688,2026-07-22T15:15:02.387,37,2,3,0,4
86388.432716,2026-07-22T15:15:02.389,37,2,3,0,4
86388.434728,2026-07-22T15:15:02.391,37,2,3,0,4
86388.436754,2026-07-22T15:15:02.393,37,2,3,0,4
86388.438821,2026-07-22T15:15:02.395,37,2,3,0,4
86388.441367,2026-07-22T15:15:02.398,37,2,3,0,4
86388.443866,2026-07-22T15:15:02.400,37,2,3,0,4
86388.446482,2026-07-22T15:15:02.403,37,2,3,0,4
86388.448992,2026-07-22T15:15:02.405,37,2,3,0,4
86388.451605,2026-07-22T15:15:02.408,37,2,3,0,4
86388.454233,2026-07-22T15:15:02.411,37,2,3,0,4
86388.456516,2026-07-22T15:15:02.413,37,2,3,0,4
86388.458650,2026-07-22T15:15:02.415,37,2,3,0,4
86388.461030,2026-07-22T15:15:02.417,37,2,3,0,4
86388.463056,2026-07-22T15:15:02.419,37,2,3,0,4
86388.465600,2026-07-22T15:15:02.422,37,2,3,0,4
86388.467763,2026-07-22T15:15:02.424,37,2,3,0,4
86388.470268,2026-07-22T15:15:02.427,37,2,3,0,4
86388.472289,2026-07-22T15:15:02.429,37,2,3,0,4
86388.474714,2026-07-22T15:15:02.431,37,2,3,0,4
86388.477222,2026-07-22T15:15:02.434,37,2,3,0,4
86388.479516,2026-07-22T15:15:02.436,37,2,3,0,4
86388.481947,2026-07-22T15:15:02.438,37,2,3,0,4
86388.484194,2026-07-22T15:15:02.440,37,2,3,0,4
86388.486235,2026-07-22T15:15:02.443,37,2,3,0,4
86388.488859,2026-07-22T15:15:02.445,37,2,3,0,4
86388.490930,2026-07-22T15:15:02.447,37,2,3,0,4
86388.493509,2026-07-22T15:15:02.450,37,2,3,0,4
86388.496018,2026-07-22T15:15:02.452,37,2,3,0,4
86388.498519,2026-07-22T15:15:02.455,37,2,3,0,4
86388.501028,2026-07-22T15:15:02.457,37,2,3,0,4
86388.503126,2026-07-22T15:15:02.459,37,2,3,0,4
86388.505663,2026-07-22T15:15:02.462,37,2,3,0,4
86388.508168,2026-07-22T15:15:02.465,37,2,3,0,4
86388.510351,2026-07-22T15:15:02.467,37,2,3,0,4
86388.512856,2026-07-22T15:15:02.469,37,2,3,0,4
86388.515346,2026-07-22T15:15:02.472,37,2,3,0,4
86388.517892,2026-07-22T15:15:02.474,37,2,3,0,4
86388.520366,2026-07-22T15:15:02.477,37,2,3,0,4
86388.522890,2026-07-22T15:15:02.479,37,2,3,0,4
86388.525397,2026-07-22T15:15:02.482,37,2,3,0,4
86388.527425,2026-07-22T15:15:02.484,37,2,3,0,4
86388.529934,2026-07-22T15:15:02.486,37,2,3,0,6
86388.532512,2026-07-22T15:15:02.489,4,0,3,0,6
86388.534949,2026-07-22T15:15:02.491,4,0,3,0,6
86388.537456,2026-07-22T15:15:02.494,4,0,3,0,6
86388.539764,2026-07-22T15:15:02.496,4,0,3,0,6
86388.542340,2026-07-22T15:15:02.499,4,0,3,0,6
86388.544792,2026-07-22T15:15:02.501,4,0,3,0,6
86388.547271,2026-07-22T15:15:02.504,4,0,3,0,6
86388.549911,2026-07-22T15:15:02.506,4,0,3,0,6
86388.552372,2026-07-22T15:15:02.509,4,0,3,0,6
86388.554422,2026-07-22T15:15:02.511,4,0,3,0,6
86388.556943,2026-07-22T15:15:02.513,4,0,3,0,6
86388.558956,2026-07-22T15:15:02.515,4,0,3,0,6
86388.560998,2026-07-22T15:15:02.517,4,0,3,0,6
86388.563245,2026-07-22T15:15:02.520,4,0,3,0,6
86388.565290,2026-07-22T15:15:02.522,4,0,3,0,6
86388.567788,2026-07-22T15:15:02.524,4,0,3,0,6
86388.569811,2026-07-22T15:15:02.526,4,0,3,0,6
86388.571849,2026-07-22T15:15:02.528,4,0,3,0,6
86388.574341,2026-07-22T15:15:02.531,4,0,3,0,6
86388.577114,2026-07-22T15:15:02.533,4,0,3,0,6
86388.579426,2026-07-22T15:15:02.536,4,0,3,0,6
86388.582086,2026-07-22T15:15:02.538,4,0,3,0,6
86388.584696,2026-07-22T15:15:02.541,4,0,3,0,6
86388.587026,2026-07-22T15:15:02.543,4,0,3,0,6
86388.589533,2026-07-22T15:15:02.546,4,0,3,0,6
86388.591928,2026-07-22T15:15:02.548,4,0,3,0,6
86388.594404,2026-07-22T15:15:02.551,4,0,3,0,6
86388.597111,2026-07-22T15:15:02.553,4,0,3,0,6
86388.599569,2026-07-22T15:15:02.556,4,0,3,0,6
86388.601654,2026-07-22T15:15:02.558,4,0,3,0,6
86388.603747,2026-07-22T15:15:02.560,4,0,3,0,6
86388.606234,2026-07-22T15:15:02.563,4,0,3,0,6
86388.608654,2026-07-22T15:15:02.565,4,0,3,0,6
86388.611026,2026-07-22T15:15:02.567,4,0,3,0,6
86388.613666,2026-07-22T15:15:02.570,4,0,3,0,6
86388.616281,2026-07-22T15:15:02.573,4,0,3,0,6
86388.618800,2026-07-22T15:15:02.575,4,0,3,0,6
86388.621327,2026-07-22T15:15:02.578,4,0,3,0,6
86388.623770,2026-07-22T15:15:02.580,4,0,3,0,6
86388.626251,2026-07-22T15:15:02.583,4,0,3,0,6
86388.628833,2026-07-22T15:15:02.585,4,0,3,0,6
86388.631333,2026-07-22T15:15:02.588,4,0,3,0,6
86388.633867,2026-07-22T15:15:02.590,4,0,3,0,6
86388.636454,2026-07-22T15:15:02.593,4,0,3,0,6
86388.638974,2026-07-22T15:15:02.595,4,0,3,0,6
86388.641513,2026-07-22T15:15:02.598,4,0,3,0,6
86388.644181,2026-07-22T15:15:02.601,4,0,3,0,6
86388.646854,2026-07-22T15:15:02.603,4,0,3,0,6
86388.649317,2026-07-22T15:15:02.606,4,0,3,0,6
86388.651864,2026-07-22T15:15:02.608,4,0,3,0,6
86388.654239,2026-07-22T15:15:02.611,4,0,3,0,6
86388.656763,2026-07-22T15:15:02.613,4,0,3,0,6
86388.659217,2026-07-22T15:15:02.616,4,0,3,0,6
86388.661251,2026-07-22T15:15:02.618,4,0,3,0,6
86388.663407,2026-07-22T15:15:02.620,4,0,3,0,6
86388.666133,2026-07-22T15:15:02.622,4,0,3,0,6
86388.668181,2026-07-22T15:15:02.625,4,0,3,0,6
86388.670743,2026-07-22T15:15:02.627,4,0,3,0,6
86388.673240,2026-07-22T15:15:02.630,4,0,3,0,6
86388.675825,2026-07-22T15:15:02.632,4,0,3,0,6
86388.678329,2026-07-22T15:15:02.635,4,0,3,0,6
86388.680834,2026-07-22T15:15:02.637,4,0,3,0,6
86388.683383,2026-07-22T15:15:02.640,4,0,3,0,6
86388.685748,2026-07-22T15:15:02.642,4,0,3,0,6
86388.688148,2026-07-22T15:15:02.645,4,0,3,0,6
86388.690561,2026-07-22T15:15:02.647,4,0,3,0,6
86388.693028,2026-07-22T15:15:02.649,4,0,3,0,6
86388.695509,2026-07-22T15:15:02.652,4,0,3,0,6
86388.697902,2026-07-22T15:15:02.654,4,0,3,0,6
86388.700457,2026-07-22T15:15:02.657,4,0,3,0,6
86388.702839,2026-07-22T15:15:02.659,4,0,3,0,6
86388.705438,2026-07-22T15:15:02.662,4,0,3,0,6
86388.708225,2026-07-22T15:15:02.665,4,0,3,0,6
86388.710838,2026-07-22T15:15:02.667,4,0,3,0,6
86388.713334,2026-07-22T15:15:02.670,4,0,3,0,6
86388.715922,2026-07-22T15:15:02.672,4,0,3,0,6
86388.718578,2026-07-22T15:15:02.675,4,0,3,0,6
86388.721043,2026-07-22T15:15:02.677,4,0,3,0,6
86388.723168,2026-07-22T15:15:02.680,4,0,3,0,6
86388.725786,2026-07-22T15:15:02.682,4,0,3,0,6
86388.728480,2026-07-22T15:15:02.685,4,0,3,0,6
86388.730940,2026-07-22T15:15:02.687,4,0,3,0,6
86388.733532,2026-07-22T15:15:02.690,4,0,3,0,6
86388.736288,2026-07-22T15:15:02.693,4,0,3,0,6
86388.738347,2026-07-22T15:15:02.695,4,0,3,0,6
86388.740912,2026-07-22T15:15:02.697,4,0,3,0,6
86388.743429,2026-07-22T15:15:02.700,4,0,3,0,6
86388.745862,2026-07-22T15:15:02.702,4,0,3,0,6
86388.748359,2026-07-22T15:15:02.705,4,0,3,0,6
86388.750924,2026-07-22T15:15:02.707,4,0,3,0,6
86388.753432,2026-07-22T15:15:02.709,4,0,3,0,6
86388.755949,2026-07-22T15:15:02.712,4,0,3,0,6
86388.758447,2026-07-22T15:15:02.715,4,0,3,0,6
86388.760683,2026-07-22T15:15:02.717,4,0,3,0,6
86388.762740,2026-07-22T15:15:02.719,4,0,3,0,6
86388.765203,2026-07-22T15:15:02.722,4,0,3,0,6
86388.767865,2026-07-22T15:15:02.724,4,0,3,0,6
86388.770474,2026-07-22T15:15:02.727,4,0,3,0,6
86388.772987,2026-07-22T15:15:02.729,4,0,3,0,6
86388.775471,2026-07-22T15:15:02.732,4,0,3,0,0
86388.777874,2026-07-22T15:15:02.734,3,3,3,0,0
86388.780483,2026-07-22T15:15:02.737,3,3,3,0,0
86388.783008,2026-07-22T15:15:02.739,3,3,3,0,0
86388.785488,2026-07-22T15:15:02.742,3,3,3,0,0
86388.787967,2026-07-22T15:15:02.744,3,3,3,0,0
86388.790483,2026-07-22T15:15:02.747,3,3,3,0,0
86388.792963,2026-07-22T15:15:02.749,3,3,3,0,0
86388.795375,2026-07-22T15:15:02.752,3,3,3,0,0
86388.797874,2026-07-22T15:15:02.754,3,3,3,0,0
86388.800416,2026-07-22T15:15:02.757,3,3,3,0,0
86388.803045,2026-07-22T15:15:02.759,3,3,3,0,0
86388.805739,2026-07-22T15:15:02.762,3,3,3,0,0
86388.808356,2026-07-22T15:15:02.765,3,3,3,0,0
86388.810427,2026-07-22T15:15:02.767,3,3,3,0,0
86388.812568,2026-07-22T15:15:02.769,3,3,3,0,0
86388.814922,2026-07-22T15:15:02.771,3,3,3,0,0
86388.817697,2026-07-22T15:15:02.774,3,3,3,0,0
86388.820182,2026-07-22T15:15:02.777,3,3,3,0,0
86388.822687,2026-07-22T15:15:02.779,3,3,3,0,0
86388.825277,2026-07-22T15:15:02.782,3,3,3,0,0
86388.827945,2026-07-22T15:15:02.784,3,3,3,0,0
86388.830524,2026-07-22T15:15:02.787,3,3,3,0,0
86388.833218,2026-07-22T15:15:02.790,3,3,3,0,0
86388.835803,2026-07-22T15:15:02.792,3,3,3,0,0
86388.838515,2026-07-22T15:15:02.795,3,3,3,0,0
86388.841014,2026-07-22T15:15:02.797,3,3,3,0,0
86388.843662,2026-07-22T15:15:02.800,3,3,3,0,0
86388.846054,2026-07-22T15:15:02.802,3,3,3,0,0
86388.848813,2026-07-22T15:15:02.805,3,3,3,0,0
86388.851403,2026-07-22T15:15:02.808,3,3,3,0,0
86388.854042,2026-07-22T15:15:02.810,3,3,3,0,0
86388.856691,2026-07-22T15:15:02.813,3,3,3,0,0
86388.859398,2026-07-22T15:15:02.816,3,3,3,0,0
86388.861965,2026-07-22T15:15:02.818,3,3,3,0,0
86388.864651,2026-07-22T15:15:02.821,3,3,3,0,0
86388.866999,2026-07-22T15:15:02.823,3,3,3,0,0
86388.869626,2026-07-22T15:15:02.826,3,3,3,0,0
86388.872257,2026-07-22T15:15:02.829,3,3,3,0,0
86388.874888,2026-07-22T15:15:02.831,3,3,3,0,0
86388.877563,2026-07-22T15:15:02.834,3,3,3,0,0
86388.880242,2026-07-22T15:15:02.837,3,3,3,0,0
86388.882847,2026-07-22T15:15:02.839,3,3,3,0,0
86388.885382,2026-07-22T15:15:02.842,3,3,3,0,0
86388.887951,2026-07-22T15:15:02.844,3,3,3,0,0
86388.890509,2026-07-22T15:15:02.847,3,3,3,0,0
86388.893180,2026-07-22T15:15:02.849,3,3,3,0,0
86388.895689,2026-07-22T15:15:02.852,3,3,3,0,0
86388.898123,2026-07-22T15:15:02.854,3,3,3,0,0
86388.900617,2026-07-22T15:15:02.857,3,3,3,0,0
86388.903344,2026-07-22T15:15:02.860,3,3,3,0,0
86388.905905,2026-07-22T15:15:02.862,3,3,3,0,0
86388.908490,2026-07-22T15:15:02.865,3,3,3,0,0
86388.911138,2026-07-22T15:15:02.868,3,3,3,0,0
86388.913717,2026-07-22T15:15:02.870,3,3,3,0,0
86388.916470,2026-07-22T15:15:02.873,3,3,3,0,0
86388.919202,2026-07-22T15:15:02.876,3,3,3,0,0
86388.921929,2026-07-22T15:15:02.878,3,3,3,0,0
86388.924466,2026-07-22T15:15:02.881,3,3,3,0,0
86388.927064,2026-07-22T15:15:02.883,3,3,3,0,0
86388.929684,2026-07-22T15:15:02.886,3,3,3,0,0
86388.932200,2026-07-22T15:15:02.889,3,3,3,0,0
86388.934870,2026-07-22T15:15:02.891,3,3,3,0,0
86388.937365,2026-07-22T15:15:02.894,3,3,3,0,0
86388.939985,2026-07-22T15:15:02.896,3,3,3,0,0
86388.942503,2026-07-22T15:15:02.899,3,3,3,0,0
86388.944996,2026-07-22T15:15:02.901,3,3,3,0,0
86388.947540,2026-07-22T15:15:02.904,3,3,3,0,0
86388.949943,2026-07-22T15:15:02.906,3,3,3,0,0
86388.952329,2026-07-22T15:15:02.909,3,3,3,0,0
86388.954670,2026-07-22T15:15:02.911,3,3,3,0,0
86388.957413,2026-07-22T15:15:02.914,3,3,3,0,0
86388.959830,2026-07-22T15:15:02.916,3,3,3,0,0
86388.962347,2026-07-22T15:15:02.919,3,3,3,0,0
86388.964682,2026-07-22T15:15:02.921,3,3,3,0,0
86388.967313,2026-07-22T15:15:02.924,3,3,3,0,0
86388.969787,2026-07-22T15:15:02.926,3,3,3,0,0
86388.972475,2026-07-22T15:15:02.929,3,3,3,0,0
86388.974995,2026-07-22T15:15:02.931,3,3,3,0,0
86388.977497,2026-07-22T15:15:02.934,3,3,3,0,0
86388.979896,2026-07-22T15:15:02.936,3,3,3,0,0
86388.982375,2026-07-22T15:15:02.939,3,3,3,0,0
86388.985011,2026-07-22T15:15:02.941,3,3,3,0,0
86388.987296,2026-07-22T15:15:02.944,3,3,3,0,0
86388.989693,2026-07-22T15:15:02.946,3,3,3,0,0
86388.992166,2026-07-22T15:15:02.949,3,3,3,0,0
86388.994704,2026-07-22T15:15:02.951,3,3,3,0,0
86388.997420,2026-07-22T15:15:02.954,3,3,3,0,0
86388.999918,2026-07-22T15:15:02.956,3,3,3,0,0
86389.002838,2026-07-22T15:15:02.958,3,3,3,0,0
86389.004941,2026-07-22T15:15:02.961,3,3,3,0,0
86389.007458,2026-07-22T15:15:02.964,3,3,3,0,0
86389.009892,2026-07-22T15:15:02.966,3,3,3,0,0
86389.012327,2026-07-22T15:15:02.969,3,3,3,0,0
86389.014364,2026-07-22T15:15:02.971,3,3,3,0,0
86389.016853,2026-07-22T15:15:02.973,3,3,3,0,0
86389.019452,2026-07-22T15:15:02.976,3,3,3,0,0
86389.021914,2026-07-22T15:15:02.978,3,3,3,0,0
86389.024445,2026-07-22T15:15:02.981,3,3,3,0,0
86389.027007,2026-07-22T15:15:02.983,3,3,3,0,0
86389.029575,2026-07-22T15:15:02.986,3,3,3,0,0
86389.032029,2026-07-22T15:15:02.988,3,3,3,0,0
86389.034507,2026-07-22T15:15:02.991,3,3,3,0,0
86389.037014,2026-07-22T15:15:02.993,3,3,3,0,0
86389.039490,2026-07-22T15:15:02.996,3,3,3,0,0
86389.041858,2026-07-22T15:15:02.998,3,3,3,0,0
86389.044621,2026-07-22T15:15:03.001,3,3,3,0,0
86389.047035,2026-07-22T15:15:03.003,3,3,3,0,0
86389.049071,2026-07-22T15:15:03.005,3,3,3,0,0
86389.051628,2026-07-22T15:15:03.008,3,3,3,0,0
86389.054275,2026-07-22T15:15:03.011,3,3,3,0,0
86389.056968,2026-07-22T15:15:03.013,3,3,3,0,0
86389.059558,2026-07-22T15:15:03.016,3,3,3,0,0
86389.062074,2026-07-22T15:15:03.018,3,3,3,0,0
86389.064734,2026-07-22T15:15:03.021,3,3,3,0,0
86389.067373,2026-07-22T15:15:03.024,3,3,3,0,0
86389.069939,2026-07-22T15:15:03.026,3,3,3,0,0
86389.072422,2026-07-22T15:15:03.029,3,3,3,0,0
86389.074983,2026-07-22T15:15:03.031,3,3,3,0,0
86389.077544,2026-07-22T15:15:03.034,3,3,3,0,0
86389.080058,2026-07-22T15:15:03.036,3,3,3,0,0
86389.082514,2026-07-22T15:15:03.039,3,3,3,0,0
86389.084979,2026-07-22T15:15:03.041,3,3,3,0,0
86389.087531,2026-07-22T15:15:03.044,3,3,3,0,0
86389.090159,2026-07-22T15:15:03.047,3,3,3,0,0
86389.092824,2026-07-22T15:15:03.049,3,3,3,0,0
86389.095452,2026-07-22T15:15:03.052,3,3,3,0,0
86389.097946,2026-07-22T15:15:03.054,3,3,3,0,0
86389.100504,2026-07-22T15:15:03.057,3,3,3,0,0
86389.103026,2026-07-22T15:15:03.059,3,3,3,0,0
86389.105745,2026-07-22T15:15:03.062,3,3,3,0,0
86389.108160,2026-07-22T15:15:03.065,3,3,3,0,0
86389.110382,2026-07-22T15:15:03.067,3,3,3,0,0
86389.112413,2026-07-22T15:15:03.069,3,3,3,0,0
86389.114733,2026-07-22T15:15:03.071,3,3,3,0,0
86389.117216,2026-07-22T15:15:03.074,3,3,3,0,0
86389.119836,2026-07-22T15:15:03.076,3,3,3,0,0
86389.122421,2026-07-22T15:15:03.079,3,3,3,0,0
86389.124998,2026-07-22T15:15:03.081,3,3,3,0,0
86389.127801,2026-07-22T15:15:03.084,3,3,3,0,0
86389.130463,2026-07-22T15:15:03.087,3,3,3,0,0
86389.133026,2026-07-22T15:15:03.089,3,3,3,0,0
86389.135761,2026-07-22T15:15:03.092,3,3,3,0,0
86389.138509,2026-07-22T15:15:03.095,3,3,3,0,0
86389.141041,2026-07-22T15:15:03.097,3,3,3,0,0
86389.143594,2026-07-22T15:15:03.100,3,3,3,0,0
86389.146233,2026-07-22T15:15:03.103,3,3,3,0,0
86389.148863,2026-07-22T15:15:03.105,3,3,3,0,0
86389.151445,2026-07-22T15:15:03.108,3,3,3,0,0
86389.153902,2026-07-22T15:15:03.110,3,3,3,0,0
86389.156631,2026-07-22T15:15:03.113,3,3,3,0,0
86389.159417,2026-07-22T15:15:03.116,3,3,3,0,0
86389.161894,2026-07-22T15:15:03.118,3,3,3,0,0
86389.164591,2026-07-22T15:15:03.121,3,3,3,0,0
86389.166709,2026-07-22T15:15:03.123,3,3,3,0,0
86389.169121,2026-07-22T15:15:03.125,3,3,3,0,0
86389.171524,2026-07-22T15:15:03.128,3,3,3,0,0
86389.174157,2026-07-22T15:15:03.131,3,3,3,0,0
86389.176803,2026-07-22T15:15:03.133,3,3,3,0,0
86389.179039,2026-07-22T15:15:03.135,3,3,3,0,0
86389.181619,2026-07-22T15:15:03.138,3,3,3,0,0
86389.184179,2026-07-22T15:15:03.141,3,3,3,0,0
86389.186787,2026-07-22T15:15:03.143,3,3,3,0,0
86389.189414,2026-07-22T15:15:03.146,3,3,3,0,0
86389.191920,2026-07-22T15:15:03.148,3,3,3,0,0
86389.194541,2026-07-22T15:15:03.151,3,3,3,0,0
86389.197010,2026-07-22T15:15:03.153,3,3,3,0,0
86389.199471,2026-07-22T15:15:03.156,3,3,3,0,0
86389.201849,2026-07-22T15:15:03.158,3,3,3,0,0
86389.204489,2026-07-22T15:15:03.161,3,3,3,0,0
86389.207265,2026-07-22T15:15:03.164,3,3,3,0,0
86389.209638,2026-07-22T15:15:03.166,3,3,3,0,0
86389.212256,2026-07-22T15:15:03.169,3,3,3,0,0
86389.214841,2026-07-22T15:15:03.171,3,3,3,0,0
86389.217561,2026-07-22T15:15:03.174,3,3,3,0,0
86389.220023,2026-07-22T15:15:03.176,3,3,3,0,0
86389.222641,2026-07-22T15:15:03.179,3,3,3,0,0
86389.225610,2026-07-22T15:15:03.182,3,3,3,0,0
86389.227708,2026-07-22T15:15:03.184,3,3,3,0,0
86389.230219,2026-07-22T15:15:03.187,3,3,3,0,0
86389.232858,2026-07-22T15:15:03.189,3,3,3,0,0
86389.235450,2026-07-22T15:15:03.192,3,3,3,0,0
86389.237883,2026-07-22T15:15:03.194,3,3,3,0,0
86389.240477,2026-07-22T15:15:03.197,3,3,3,0,0
86389.242955,2026-07-22T15:15:03.199,3,3,3,0,0
86389.245464,2026-07-22T15:15:03.202,3,3,3,0,0
86389.247883,2026-07-22T15:15:03.204,3,3,3,0,0
86389.250535,2026-07-22T15:15:03.207,3,3,3,0,0
86389.252885,2026-07-22T15:15:03.209,3,3,3,0,0
86389.255658,2026-07-22T15:15:03.212,3,3,3,0,0
86389.258105,2026-07-22T15:15:03.214,3,3,3,0,0
86389.260625,2026-07-22T15:15:03.217,3,3,3,0,0
86389.263145,2026-07-22T15:15:03.220,3,3,3,0,0
86389.265207,2026-07-22T15:15:03.222,3,3,3,0,0
86389.267701,2026-07-22T15:15:03.224,3,3,3,0,0
86389.270035,2026-07-22T15:15:03.226,3,3,3,0,0
86389.272562,2026-07-22T15:15:03.229,3,3,3,0,0
86389.275182,2026-07-22T15:15:03.232,3,3,3,0,0
86389.277733,2026-07-22T15:15:03.234,3,3,3,0,0
86389.280322,2026-07-22T15:15:03.237,3,3,3,0,0
86389.282862,2026-07-22T15:15:03.239,3,3,3,0,0
86389.285307,2026-07-22T15:15:03.242,3,3,3,0,0
86389.287927,2026-07-22T15:15:03.244,3,3,3,0,0
86389.289965,2026-07-22T15:15:03.246,3,3,3,0,0
86389.292487,2026-07-22T15:15:03.249,3,3,3,0,0
86389.295014,2026-07-22T15:15:03.251,3,3,3,0,0
86389.297735,2026-07-22T15:15:03.254,3,3,3,0,0
86389.300506,2026-07-22T15:15:03.257,3,3,3,0,0
86389.302704,2026-07-22T15:15:03.259,3,3,3,0,0
86389.305066,2026-07-22T15:15:03.261,3,3,3,0,0
86389.307096,2026-07-22T15:15:03.263,3,3,3,0,0
86389.309118,2026-07-22T15:15:03.265,3,3,3,0,0
86389.311628,2026-07-22T15:15:03.268,3,3,3,0,0
86389.314067,2026-07-22T15:15:03.270,3,3,3,0,0
86389.316399,2026-07-22T15:15:03.273,3,3,3,0,0
86389.318939,2026-07-22T15:15:03.275,3,3,3,0,0
86389.321265,2026-07-22T15:15:03.278,3,3,3,0,0
86389.323786,2026-07-22T15:15:03.280,3,3,3,0,0
86389.326356,2026-07-22T15:15:03.283,3,3,3,0,0
86389.328884,2026-07-22T15:15:03.285,3,3,3,0,0
86389.331205,2026-07-22T15:15:03.288,3,3,3,0,0
86389.333854,2026-07-22T15:15:03.290,3,3,3,0,0
86389.336365,2026-07-22T15:15:03.293,3,3,3,0,0
86389.338872,2026-07-22T15:15:03.295,3,3,3,0,0
86389.340905,2026-07-22T15:15:03.297,3,3,3,0,0
86389.343369,2026-07-22T15:15:03.300,3,3,3,0,0
86389.345893,2026-07-22T15:15:03.302,3,3,3,0,0
86389.348482,2026-07-22T15:15:03.305,3,3,3,0,0
86389.351015,2026-07-22T15:15:03.307,3,3,3,0,0
86389.353352,2026-07-22T15:15:03.309,3,3,3,0,0
86389.355826,2026-07-22T15:15:03.312,3,3,3,0,0
86389.358348,2026-07-22T15:15:03.315,3,3,3,0,0
86389.360882,2026-07-22T15:15:03.317,3,3,3,0,0
86389.362920,2026-07-22T15:15:03.319,3,3,3,0,0
86389.365364,2026-07-22T15:15:03.322,3,3,3,0,0
86389.367553,2026-07-22T15:15:03.324,3,3,3,0,0
86389.370087,2026-07-22T15:15:03.326,3,3,3,0,0
86389.372895,2026-07-22T15:15:03.329,3,3,3,0,0
86389.375430,2026-07-22T15:15:03.332,3,3,3,0,0
86389.377959,2026-07-22T15:15:03.334,3,3,3,0,0
86389.380483,2026-07-22T15:15:03.337,3,3,3,0,0
86389.383006,2026-07-22T15:15:03.339,3,3,3,0,0
86389.385512,2026-07-22T15:15:03.342,3,3,3,0,0
86389.388226,2026-07-22T15:15:03.345,3,3,3,0,0
86389.390753,2026-07-22T15:15:03.347,3,3,3,0,0
86389.393426,2026-07-22T15:15:03.350,3,3,3,0,0
86389.396076,2026-07-22T15:15:03.352,3,3,3,0,0
86389.398115,2026-07-22T15:15:03.354,3,3,3,0,0
86389.400669,2026-07-22T15:15:03.357,3,3,3,0,0
86389.403201,2026-07-22T15:15:03.360,3,3,3,0,0
86389.405717,2026-07-22T15:15:03.362,3,3,3,0,0
86389.408288,2026-07-22T15:15:03.365,3,3,3,0,0
86389.410790,2026-07-22T15:15:03.367,3,3,3,0,0
86389.413320,2026-07-22T15:15:03.370,3,3,3,0,0
86389.415358,2026-07-22T15:15:03.372,3,3,3,0,0
86389.418034,2026-07-22T15:15:03.374,3,3,3,0,0
86389.420690,2026-07-22T15:15:03.377,3,3,3,0,0
86389.423344,2026-07-22T15:15:03.380,3,3,3,0,0
86389.425847,2026-07-22T15:15:03.382,3,3,3,0,0
86389.427873,2026-07-22T15:15:03.384,3,3,3,0,0
86389.430396,2026-07-22T15:15:03.387,3,3,3,0,0
86389.433212,2026-07-22T15:15:03.390,3,3,3,0,0
86389.435717,2026-07-22T15:15:03.392,3,3,3,0,0
86389.437994,2026-07-22T15:15:03.394,3,3,3,0,0
86389.440427,2026-07-22T15:15:03.397,3,3,3,0,0
86389.442454,2026-07-22T15:15:03.399,3,3,3,0,0
86389.444465,2026-07-22T15:15:03.401,3,3,3,0,0
86389.446565,2026-07-22T15:15:03.403,3,3,3,0,0
86389.448616,2026-07-22T15:15:03.405,3,3,3,0,0
86389.451281,2026-07-22T15:15:03.408,3,3,3,0,0
86389.453868,2026-07-22T15:15:03.410,3,3,3,0,0
86389.456319,2026-07-22T15:15:03.413,3,3,3,0,0
86389.458851,2026-07-22T15:15:03.415,3,3,3,0,0
86389.461553,2026-07-22T15:15:03.418,3,3,3,0,0
86389.463581,2026-07-22T15:15:03.420,3,3,3,0,0
86389.465631,2026-07-22T15:15:03.422,3,3,3,0,0
86389.467652,2026-07-22T15:15:03.424,3,3,3,0,0
86389.470198,2026-07-22T15:15:03.427,3,3,3,0,0
86389.472821,2026-07-22T15:15:03.429,3,3,3,0,0
86389.475391,2026-07-22T15:15:03.432,3,3,3,0,0
86389.477904,2026-07-22T15:15:03.434,3,3,3,0,0
86389.480423,2026-07-22T15:15:03.437,3,3,3,0,0
86389.482450,2026-07-22T15:15:03.439,3,3,3,0,0
86389.484967,2026-07-22T15:15:03.441,3,3,3,0,0
86389.487066,2026-07-22T15:15:03.443,3,3,3,0,0
86389.489794,2026-07-22T15:15:03.446,3,3,3,0,0
86389.492393,2026-07-22T15:15:03.449,3,3,3,0,0
86389.494463,2026-07-22T15:15:03.451,3,3,3,0,0
86389.497077,2026-07-22T15:15:03.453,3,3,3,0,0
86389.499613,2026-07-22T15:15:03.456,3,3,3,0,0
86389.502114,2026-07-22T15:15:03.458,3,3,3,0,0
86389.504634,2026-07-22T15:15:03.461,3,3,3,0,0
86389.506662,2026-07-22T15:15:03.463,3,3,3,0,0
86389.509390,2026-07-22T15:15:03.466,3,3,3,0,0
86389.511701,2026-07-22T15:15:03.468,3,3,3,0,0
86389.514200,2026-07-22T15:15:03.471,3,3,3,0,0
86389.516713,2026-07-22T15:15:03.473,3,3,3,0,0
86389.519381,2026-07-22T15:15:03.476,3,3,3,0,0
86389.521893,2026-07-22T15:15:03.478,3,3,3,0,0
86389.523977,2026-07-22T15:15:03.480,3,3,3,0,0
86389.526481,2026-07-22T15:15:03.483,3,3,3,0,0
86389.529022,2026-07-22T15:15:03.485,3,3,3,0,0
86389.531538,2026-07-22T15:15:03.488,3,3,3,0,0
86389.533575,2026-07-22T15:15:03.490,3,3,3,0,0
86389.536298,2026-07-22T15:15:03.493,3,3,3,0,0
86389.538809,2026-07-22T15:15:03.495,3,3,3,0,0
86389.541316,2026-07-22T15:15:03.498,3,3,3,0,0
86389.543825,2026-07-22T15:15:03.500,3,3,3,0,0
86389.546248,2026-07-22T15:15:03.503,3,3,3,0,0
86389.548791,2026-07-22T15:15:03.505,3,3,3,0,0
86389.551562,2026-07-22T15:15:03.508,3,3,3,0,0
86389.553645,2026-07-22T15:15:03.510,3,3,3,0,0
86389.556172,2026-07-22T15:15:03.513,3,3,3,0,0
86389.558690,2026-07-22T15:15:03.515,3,3,3,0,0
86389.561422,2026-07-22T15:15:03.518,3,3,3,0,0
86389.563943,2026-07-22T15:15:03.520,3,3,3,0,0
86389.566470,2026-07-22T15:15:03.523,3,3,3,0,0
86389.568517,2026-07-22T15:15:03.525,3,3,3,0,0
86389.571071,2026-07-22T15:15:03.527,3,3,3,0,0
86389.573612,2026-07-22T15:15:03.530,3,3,3,0,0
86389.576143,2026-07-22T15:15:03.532,3,3,3,0,0
86389.578753,2026-07-22T15:15:03.535,3,3,3,0,0
86389.580852,2026-07-22T15:15:03.537,3,3,3,0,0
86389.583371,2026-07-22T15:15:03.540,3,3,3,0,0
86389.585407,2026-07-22T15:15:03.542,3,3,3,0,0
86389.587867,2026-07-22T15:15:03.543,3,3,3,0,0
86389.590316,2026-07-22T15:15:03.547,3,3,3,0,0
86389.592838,2026-07-22T15:15:03.549,3,3,3,0,0
86389.594863,2026-07-22T15:15:03.551,3,3,3,0,0
86389.597353,2026-07-22T15:15:03.554,3,3,3,0,0
86389.599383,2026-07-22T15:15:03.556,3,3,3,0,0
86389.602144,2026-07-22T15:15:03.559,3,3,3,0,0
86389.604661,2026-07-22T15:15:03.561,37,0,3,0,61
86389.607186,2026-07-22T15:15:03.564,37,0,3,0,61
86389.609502,2026-07-22T15:15:03.566,37,0,3,0,61
86389.612002,2026-07-22T15:15:03.568,37,0,3,0,61
86389.614523,2026-07-22T15:15:03.571,37,0,3,0,61
86389.617037,2026-07-22T15:15:03.573,37,0,3,0,61
86389.619533,2026-07-22T15:15:03.576,37,0,3,0,61
86389.621991,2026-07-22T15:15:03.578,37,0,3,0,61
86389.624051,2026-07-22T15:15:03.580,37,0,3,0,61
86389.626548,2026-07-22T15:15:03.583,37,0,3,0,61
86389.629052,2026-07-22T15:15:03.585,37,0,3,0,61
86389.631273,2026-07-22T15:15:03.587,37,0,3,0,61
86389.633416,2026-07-22T15:15:03.590,37,0,3,0,61
86389.635678,2026-07-22T15:15:03.592,37,0,3,0,61
86389.637694,2026-07-22T15:15:03.594,37,0,3,0,61
86389.640220,2026-07-22T15:15:03.597,37,0,3,0,61
86389.642258,2026-07-22T15:15:03.599,37,0,3,0,61
86389.644277,2026-07-22T15:15:03.601,37,0,3,0,61
86389.646298,2026-07-22T15:15:03.603,37,0,3,0,61
86389.648331,2026-07-22T15:15:03.605,37,0,3,0,61
86389.650366,2026-07-22T15:15:03.607,37,0,3,0,61
86389.652895,2026-07-22T15:15:03.609,37,0,3,0,61
86389.655419,2026-07-22T15:15:03.612,37,0,3,0,61
86389.657642,2026-07-22T15:15:03.614,37,0,3,0,61
86389.660156,2026-07-22T15:15:03.617,37,0,3,0,61
86389.662706,2026-07-22T15:15:03.619,37,0,3,0,61
86389.665342,2026-07-22T15:15:03.622,37,0,3,0,61
86389.668209,2026-07-22T15:15:03.625,37,0,3,0,61
86389.670724,2026-07-22T15:15:03.627,37,0,3,0,61
86389.697050,2026-07-22T15:15:03.653,37,0,3,0,61
86389.699409,2026-07-22T15:15:03.656,37,0,3,0,61
86389.701952,2026-07-22T15:15:03.658,37,0,3,0,61
86389.704231,2026-07-22T15:15:03.661,37,0,3,0,61
86389.706602,2026-07-22T15:15:03.663,37,0,3,0,61
86389.708636,2026-07-22T15:15:03.665,37,0,3,0,61
86389.711161,2026-07-22T15:15:03.668,37,0,3,0,61
86389.713710,2026-07-22T15:15:03.670,37,0,3,0,61
86389.716201,2026-07-22T15:15:03.673,37,0,3,0,61
86389.718407,2026-07-22T15:15:03.675,37,0,3,0,61
86389.720435,2026-07-22T15:15:03.677,37,0,3,0,61
86389.722451,2026-07-22T15:15:03.679,37,0,3,0,61
86389.724982,2026-07-22T15:15:03.681,37,0,3,0,61
86389.727488,2026-07-22T15:15:03.684,37,0,3,0,61
86389.729985,2026-07-22T15:15:03.686,37,0,3,0,61
86389.732020,2026-07-22T15:15:03.688,37,0,3,0,61
86389.734229,2026-07-22T15:15:03.691,37,0,3,0,61
86389.736756,2026-07-22T15:15:03.693,37,0,3,0,61
86389.739276,2026-07-22T15:15:03.696,37,0,3,0,61
86389.741366,2026-07-22T15:15:03.698,37,0,3,0,61
86389.743620,2026-07-22T15:15:03.700,37,0,3,0,61
86389.745827,2026-07-22T15:15:03.702,37,0,3,0,61
86389.748325,2026-07-22T15:15:03.705,37,0,3,0,61
86389.751044,2026-07-22T15:15:03.707,37,0,3,0,61
86389.753538,2026-07-22T15:15:03.710,37,0,3,0,61
86389.756048,2026-07-22T15:15:03.712,37,0,3,0,61
86389.758562,2026-07-22T15:15:03.715,37,0,3,0,61
86389.761090,2026-07-22T15:15:03.717,37,0,3,0,61
86389.763119,2026-07-22T15:15:03.719,37,0,3,0,61
86389.765150,2026-07-22T15:15:03.722,37,0,3,0,61
86389.767494,2026-07-22T15:15:03.724,37,0,3,0,61
86389.769693,2026-07-22T15:15:03.726,37,0,3,0,61
86389.772201,2026-07-22T15:15:03.729,37,0,3,0,61
86389.774223,2026-07-22T15:15:03.731,37,0,3,0,61
86389.776255,2026-07-22T15:15:03.733,37,0,3,0,61
86389.778292,2026-07-22T15:15:03.735,37,0,3,0,61
86389.780332,2026-07-22T15:15:03.737,37,0,3,0,61
86389.782536,2026-07-22T15:15:03.739,37,0,3,0,61
86389.785058,2026-07-22T15:15:03.741,37,0,3,0,61
86389.787559,2026-07-22T15:15:03.744,37,0,3,0,61
86389.789653,2026-07-22T15:15:03.746,37,0,3,0,61
86389.792100,2026-07-22T15:15:03.748,37,0,3,0,61
86389.794603,2026-07-22T15:15:03.751,37,0,3,0,61
86389.797112,2026-07-22T15:15:03.753,37,0,3,0,61
86389.799622,2026-07-22T15:15:03.756,37,0,3,0,61
86389.802122,2026-07-22T15:15:03.758,37,0,3,0,61
86389.804481,2026-07-22T15:15:03.761,37,0,3,0,61
86389.806990,2026-07-22T15:15:03.763,37,0,3,0,61
86389.809501,2026-07-22T15:15:03.766,37,0,3,0,61
86389.812127,2026-07-22T15:15:03.768,37,0,3,0,61
86389.814264,2026-07-22T15:15:03.771,37,0,3,0,61
86389.816552,2026-07-22T15:15:03.773,37,0,3,0,61
86389.818865,2026-07-22T15:15:03.775,37,0,3,0,61
86389.820908,2026-07-22T15:15:03.777,37,0,3,0,61
86389.823425,2026-07-22T15:15:03.780,37,0,3,0,61
86389.825439,2026-07-22T15:15:03.782,37,0,3,0,61
86389.827735,2026-07-22T15:15:03.784,37,0,3,0,61
86389.829769,2026-07-22T15:15:03.786,37,0,3,0,61
86389.831799,2026-07-22T15:15:03.788,37,0,3,0,61
86389.833844,2026-07-22T15:15:03.790,37,0,3,0,61
86389.836363,2026-07-22T15:15:03.793,37,0,3,0,61
86389.838773,2026-07-22T15:15:03.795,37,0,3,0,61
86389.840800,2026-07-22T15:15:03.797,37,0,3,0,61
86389.843049,2026-07-22T15:15:03.799,37,0,3,0,61
86389.845475,2026-07-22T15:15:03.802,37,0,3,0,61
86389.847563,2026-07-22T15:15:03.804,37,2,3,0,4
86389.849930,2026-07-22T15:15:03.806,37,2,3,0,4
86389.852460,2026-07-22T15:15:03.809,37,2,3,0,4
86389.854988,2026-07-22T15:15:03.811,37,2,3,0,4
86389.857652,2026-07-22T15:15:03.814,37,2,3,0,4
86389.860019,2026-07-22T15:15:03.816,37,2,3,0,4
86389.862061,2026-07-22T15:15:03.818,37,2,3,0,4
86389.864086,2026-07-22T15:15:03.820,37,2,3,0,4
86389.866111,2026-07-22T15:15:03.822,37,2,3,0,4
86389.868150,2026-07-22T15:15:03.825,37,2,3,0,4
86389.870678,2026-07-22T15:15:03.827,37,2,3,0,4
86389.873246,2026-07-22T15:15:03.830,37,2,3,0,4
86389.875400,2026-07-22T15:15:03.832,37,2,3,0,4
86389.877429,2026-07-22T15:15:03.834,37,2,3,0,4
86389.879892,2026-07-22T15:15:03.836,37,2,3,0,4
86389.882418,2026-07-22T15:15:03.839,37,2,3,0,4
86389.885007,2026-07-22T15:15:03.841,37,2,3,0,4
86389.887538,2026-07-22T15:15:03.844,37,2,3,0,4
86389.889856,2026-07-22T15:15:03.846,37,2,3,0,4
86389.892423,2026-07-22T15:15:03.849,37,2,3,0,4
86389.894956,2026-07-22T15:15:03.851,37,2,3,0,4
86389.897183,2026-07-22T15:15:03.854,37,2,3,0,4
86389.899434,2026-07-22T15:15:03.856,37,2,3,0,4
86389.901470,2026-07-22T15:15:03.858,37,2,3,0,4
86389.903710,2026-07-22T15:15:03.860,37,2,3,0,4
86389.906146,2026-07-22T15:15:03.862,37,2,3,0,4
86389.908596,2026-07-22T15:15:03.865,37,2,3,0,4
86389.911115,2026-07-22T15:15:03.867,37,2,3,0,4
86389.913830,2026-07-22T15:15:03.870,37,2,3,0,4
86389.916358,2026-07-22T15:15:03.873,37,2,3,0,4
86389.918720,2026-07-22T15:15:03.875,37,2,3,0,4
86389.921166,2026-07-22T15:15:03.877,37,2,3,0,4
86389.923734,2026-07-22T15:15:03.880,37,2,3,0,4
86389.926201,2026-07-22T15:15:03.883,37,2,3,0,4
86389.928727,2026-07-22T15:15:03.885,37,2,3,0,4
86389.931159,2026-07-22T15:15:03.888,37,2,3,0,4
86389.933675,2026-07-22T15:15:03.890,37,2,3,0,4
86389.936193,2026-07-22T15:15:03.893,37,2,3,0,4
86389.938727,2026-07-22T15:15:03.895,37,2,3,0,4
86389.941090,2026-07-22T15:15:03.897,37,2,3,0,4
86389.943809,2026-07-22T15:15:03.900,37,2,3,0,4
86389.946044,2026-07-22T15:15:03.902,37,2,3,0,4
86389.948626,2026-07-22T15:15:03.905,37,2,3,0,4
86389.951344,2026-07-22T15:15:03.908,37,2,3,0,4
86389.953639,2026-07-22T15:15:03.910,37,2,3,0,4
86389.955884,2026-07-22T15:15:03.912,37,2,3,0,4
86389.957911,2026-07-22T15:15:03.914,37,2,3,0,4
86389.960469,2026-07-22T15:15:03.917,37,2,3,0,4
86389.962954,2026-07-22T15:15:03.919,37,2,3,0,4
86389.964977,2026-07-22T15:15:03.921,37,2,3,0,4
86389.967007,2026-07-22T15:15:03.923,37,2,3,0,4
86389.969326,2026-07-22T15:15:03.926,37,2,3,0,4
86389.971835,2026-07-22T15:15:03.928,37,2,3,0,4
86389.974236,2026-07-22T15:15:03.931,37,2,3,0,4
86389.976894,2026-07-22T15:15:03.933,37,2,3,0,4
86389.979290,2026-07-22T15:15:03.936,37,2,3,0,4
86389.981923,2026-07-22T15:15:03.938,37,2,3,0,4
86389.984434,2026-07-22T15:15:03.941,37,2,3,0,4
86389.986458,2026-07-22T15:15:03.943,37,2,3,0,4
86389.988491,2026-07-22T15:15:03.945,37,2,3,0,4
86389.990512,2026-07-22T15:15:03.947,37,2,3,0,4
86389.993026,2026-07-22T15:15:03.949,37,2,3,0,4
86389.995524,2026-07-22T15:15:03.952,37,2,3,0,4
86389.997553,2026-07-22T15:15:03.954,37,2,3,0,4
86389.999630,2026-07-22T15:15:03.956,37,2,3,0,4
86390.002216,2026-07-22T15:15:03.959,37,2,3,0,4
86390.004715,2026-07-22T15:15:03.961,37,2,3,0,4
86390.007392,2026-07-22T15:15:03.964,37,2,3,0,4
86390.009880,2026-07-22T15:15:03.966,37,2,3,0,4
86390.011900,2026-07-22T15:15:03.968,37,2,3,0,4
86390.014380,2026-07-22T15:15:03.971,37,2,3,0,4
86390.016707,2026-07-22T15:15:03.973,37,2,3,0,4
86390.019223,2026-07-22T15:15:03.976,37,2,3,0,4
86390.021751,2026-07-22T15:15:03.978,37,2,3,0,4
86390.024204,2026-07-22T15:15:03.981,37,2,3,0,4
86390.026726,2026-07-22T15:15:03.983,37,2,3,0,4
86390.029187,2026-07-22T15:15:03.986,37,2,3,0,4
86390.031679,2026-07-22T15:15:03.988,37,2,3,0,4
86390.033697,2026-07-22T15:15:03.990,37,2,3,0,4
86390.036147,2026-07-22T15:15:03.993,37,2,3,0,4
86390.038190,2026-07-22T15:15:03.995,37,2,3,0,4
86390.040665,2026-07-22T15:15:03.997,37,2,3,0,4
86390.043197,2026-07-22T15:15:04.000,37,2,3,0,4
86390.045896,2026-07-22T15:15:04.002,37,2,3,0,4
86390.048393,2026-07-22T15:15:04.005,37,2,3,0,4
86390.050857,2026-07-22T15:15:04.007,37,2,3,0,4
86390.053237,2026-07-22T15:15:04.010,37,2,3,0,4
86390.055239,2026-07-22T15:15:04.011,37,2,3,0,4
86390.057736,2026-07-22T15:15:04.014,37,2,3,0,4
86390.060260,2026-07-22T15:15:04.017,37,2,3,0,4
86390.062355,2026-07-22T15:15:04.019,37,2,3,0,4
86390.064982,2026-07-22T15:15:04.021,37,2,3,0,4
86390.067317,2026-07-22T15:15:04.024,37,2,3,0,4
86390.069808,2026-07-22T15:15:04.026,37,2,3,0,4
86390.072336,2026-07-22T15:15:04.029,37,2,3,0,4
86390.074379,2026-07-22T15:15:04.031,37,2,3,0,4
86390.076971,2026-07-22T15:15:04.033,37,2,3,0,4
86390.079582,2026-07-22T15:15:04.036,37,2,3,0,4
86390.082169,2026-07-22T15:15:04.039,37,2,3,0,4
86390.084378,2026-07-22T15:15:04.041,37,2,3,0,4
86390.087178,2026-07-22T15:15:04.044,37,2,3,0,4
86390.089686,2026-07-22T15:15:04.046,37,2,3,0,4
86390.092033,2026-07-22T15:15:04.048,37,2,3,0,4
86390.094517,2026-07-22T15:15:04.051,37,2,3,0,4
86390.097151,2026-07-22T15:15:04.054,37,2,3,0,4
86390.099673,2026-07-22T15:15:04.056,37,2,3,0,4
86390.102302,2026-07-22T15:15:04.059,37,2,3,0,4
86390.105030,2026-07-22T15:15:04.061,37,2,3,0,4
86390.107211,2026-07-22T15:15:04.064,37,2,3,0,4
86390.109794,2026-07-22T15:15:04.066,37,2,3,0,4
86390.112299,2026-07-22T15:15:04.069,37,2,3,0,4
86390.114975,2026-07-22T15:15:04.071,37,2,3,0,4
86390.117494,2026-07-22T15:15:04.074,37,2,3,0,4
86390.119999,2026-07-22T15:15:04.076,37,2,3,0,4
86390.122516,2026-07-22T15:15:04.079,37,2,3,0,4
86390.125129,2026-07-22T15:15:04.081,37,2,3,0,4
86390.127675,2026-07-22T15:15:04.084,37,2,3,0,4
86390.130299,2026-07-22T15:15:04.087,37,2,3,0,4
86390.132806,2026-07-22T15:15:04.089,37,2,3,0,4
86390.135410,2026-07-22T15:15:04.092,37,2,3,0,4
86390.137900,2026-07-22T15:15:04.094,37,2,3,0,4
86390.140402,2026-07-22T15:15:04.097,37,2,3,0,4
86390.142894,2026-07-22T15:15:04.099,37,2,3,0,4
86390.144940,2026-07-22T15:15:04.101,37,2,3,0,4
86390.147355,2026-07-22T15:15:04.104,37,2,3,0,4
86390.149876,2026-07-22T15:15:04.106,37,2,3,0,4
86390.152345,2026-07-22T15:15:04.109,37,2,3,0,4
86390.154476,2026-07-22T15:15:04.111,37,2,3,0,4
86390.156854,2026-07-22T15:15:04.113,37,2,3,0,4
86390.159326,2026-07-22T15:15:04.116,37,2,3,0,4
86390.161854,2026-07-22T15:15:04.118,37,2,3,0,4
86390.164033,2026-07-22T15:15:04.120,37,2,3,0,4
86390.166552,2026-07-22T15:15:04.123,37,2,3,0,4
86390.168708,2026-07-22T15:15:04.125,37,2,3,0,4
86390.171215,2026-07-22T15:15:04.128,37,2,3,0,4
86390.173256,2026-07-22T15:15:04.130,37,2,3,0,4
86390.175697,2026-07-22T15:15:04.132,37,2,3,0,4
86390.178217,2026-07-22T15:15:04.135,37,2,3,0,4
86390.180777,2026-07-22T15:15:04.137,37,2,3,0,4
86390.183237,2026-07-22T15:15:04.140,4,0,3,0,5
86390.185521,2026-07-22T15:15:04.142,4,0,3,0,5
86390.187968,2026-07-22T15:15:04.144,4,0,3,0,5
86390.190177,2026-07-22T15:15:04.147,4,0,3,0,5
86390.192884,2026-07-22T15:15:04.149,4,0,3,0,5
86390.195523,2026-07-22T15:15:04.152,4,0,3,0,5
86390.197883,2026-07-22T15:15:04.154,4,0,3,0,5
86390.200520,2026-07-22T15:15:04.157,4,0,3,0,5
86390.202884,2026-07-22T15:15:04.159,4,0,3,0,5
86390.205408,2026-07-22T15:15:04.162,4,0,3,0,5
86390.208053,2026-07-22T15:15:04.164,4,0,3,0,5
86390.210433,2026-07-22T15:15:04.167,4,0,3,0,5
86390.213076,2026-07-22T15:15:04.169,4,0,3,0,5
86390.215807,2026-07-22T15:15:04.172,4,0,3,0,5
86390.218243,2026-07-22T15:15:04.175,4,0,3,0,5
86390.220769,2026-07-22T15:15:04.177,4,0,3,0,5
86390.223196,2026-07-22T15:15:04.180,4,0,3,0,5
86390.225697,2026-07-22T15:15:04.182,4,0,3,0,5
86390.228444,2026-07-22T15:15:04.185,4,0,3,0,5
86390.230918,2026-07-22T15:15:04.187,4,0,3,0,5
86390.233310,2026-07-22T15:15:04.190,4,0,3,0,5
86390.235459,2026-07-22T15:15:04.192,4,0,3,0,5
86390.237987,2026-07-22T15:15:04.194,4,0,3,0,5
86390.240570,2026-07-22T15:15:04.197,4,0,3,0,5
86390.243202,2026-07-22T15:15:04.200,4,0,3,0,5
86390.245733,2026-07-22T15:15:04.202,4,0,3,0,5
86390.248265,2026-07-22T15:15:04.205,4,0,3,0,5
86390.250780,2026-07-22T15:15:04.207,4,0,3,0,5
86390.253294,2026-07-22T15:15:04.210,4,0,3,0,5
86390.255811,2026-07-22T15:15:04.212,4,0,3,0,5
86390.258333,2026-07-22T15:15:04.215,4,0,3,0,5
86390.260846,2026-07-22T15:15:04.217,4,0,3,0,5
86390.263378,2026-07-22T15:15:04.220,4,0,3,0,5
86390.265893,2026-07-22T15:15:04.222,4,0,3,0,5
86390.268233,2026-07-22T15:15:04.225,4,0,3,0,5
86390.270869,2026-07-22T15:15:04.227,4,0,3,0,5
86390.273469,2026-07-22T15:15:04.230,4,0,3,0,5
86390.276114,2026-07-22T15:15:04.232,4,0,3,0,5
86390.278499,2026-07-22T15:15:04.235,4,0,3,0,5
86390.280876,2026-07-22T15:15:04.237,4,0,3,0,5
86390.283380,2026-07-22T15:15:04.240,4,0,3,0,5
86390.285830,2026-07-22T15:15:04.242,4,0,3,0,5
86390.287873,2026-07-22T15:15:04.244,4,0,3,0,5
86390.290336,2026-07-22T15:15:04.247,4,0,3,0,5
86390.292358,2026-07-22T15:15:04.249,4,0,3,0,5
86390.295079,2026-07-22T15:15:04.251,4,0,3,0,5
86390.297874,2026-07-22T15:15:04.254,4,0,3,0,5
86390.300386,2026-07-22T15:15:04.257,4,0,3,0,5
86390.303038,2026-07-22T15:15:04.259,4,0,3,0,5
86390.305294,2026-07-22T15:15:04.261,4,0,3,0,5
86390.307555,2026-07-22T15:15:04.264,4,0,3,0,5
86390.309675,2026-07-22T15:15:04.266,4,0,3,0,5
86390.312023,2026-07-22T15:15:04.268,4,0,3,0,5
86390.314795,2026-07-22T15:15:04.271,4,0,3,0,5
86390.317488,2026-07-22T15:15:04.274,4,0,3,0,5
86390.319994,2026-07-22T15:15:04.276,4,0,3,0,5
86390.322446,2026-07-22T15:15:04.279,4,0,3,0,5
86390.324869,2026-07-22T15:15:04.281,4,0,3,0,5
86390.327342,2026-07-22T15:15:04.284,4,0,3,0,5
86390.330126,2026-07-22T15:15:04.286,4,0,3,0,5
86390.332701,2026-07-22T15:15:04.289,4,0,3,0,5
86390.335417,2026-07-22T15:15:04.292,4,0,3,0,5
86390.338166,2026-07-22T15:15:04.295,4,0,3,0,5
86390.340714,2026-07-22T15:15:04.297,4,0,3,0,5
86390.343405,2026-07-22T15:15:04.300,4,0,3,0,5
86390.345872,2026-07-22T15:15:04.302,4,0,3,0,5
86390.348526,2026-07-22T15:15:04.305,4,0,3,0,5
86390.350611,2026-07-22T15:15:04.307,4,0,3,0,5
86390.353187,2026-07-22T15:15:04.310,4,0,3,0,5
86390.355319,2026-07-22T15:15:04.312,4,0,3,0,5
86390.357922,2026-07-22T15:15:04.314,4,0,3,0,5
86390.360437,2026-07-22T15:15:04.317,4,0,3,0,5
86390.362956,2026-07-22T15:15:04.319,4,0,3,0,5
86390.365454,2026-07-22T15:15:04.322,4,0,3,0,5
86390.368006,2026-07-22T15:15:04.324,4,0,3,0,5
86390.370538,2026-07-22T15:15:04.327,4,0,3,0,5
86390.373095,2026-07-22T15:15:04.329,4,0,3,0,5
86390.375840,2026-07-22T15:15:04.332,4,0,3,0,5
86390.378349,2026-07-22T15:15:04.335,4,0,3,0,5
86390.381092,2026-07-22T15:15:04.337,4,0,3,0,5
86390.383508,2026-07-22T15:15:04.340,4,0,3,0,5
86390.385882,2026-07-22T15:15:04.342,4,0,3,0,5
86390.388494,2026-07-22T15:15:04.345,4,0,3,0,5
86390.390524,2026-07-22T15:15:04.347,4,0,3,0,5
86390.393622,2026-07-22T15:15:04.350,4,0,3,0,5
86390.396163,2026-07-22T15:15:04.353,4,0,3,0,5
86390.398764,2026-07-22T15:15:04.355,4,0,3,0,5
86390.401349,2026-07-22T15:15:04.358,4,0,3,0,5
86390.403906,2026-07-22T15:15:04.360,4,0,3,0,5
86390.405939,2026-07-22T15:15:04.362,4,0,3,0,5
86390.408290,2026-07-22T15:15:04.365,4,0,3,0,5
86390.411070,2026-07-22T15:15:04.367,4,0,3,0,5
86390.413584,2026-07-22T15:15:04.370,4,0,3,0,5
86390.416095,2026-07-22T15:15:04.372,4,0,3,0,5
86390.418413,2026-07-22T15:15:04.375,4,0,3,0,5
86390.421220,2026-07-22T15:15:04.378,4,0,3,0,5
86390.423735,2026-07-22T15:15:04.380,4,0,3,0,5
86390.426173,2026-07-22T15:15:04.383,4,0,3,0,5
86390.428772,2026-07-22T15:15:04.385,3,3,3,0,0
86390.431340,2026-07-22T15:15:04.388,3,3,3,0,0
86390.433858,2026-07-22T15:15:04.390,3,3,3,0,0
86390.436194,2026-07-22T15:15:04.393,3,3,3,0,0
86390.438848,2026-07-22T15:15:04.395,3,3,3,0,0
86390.441313,2026-07-22T15:15:04.398,3,3,3,0,0
86390.443851,2026-07-22T15:15:04.400,3,3,3,0,0
86390.446300,2026-07-22T15:15:04.403,3,3,3,0,0
86390.448890,2026-07-22T15:15:04.405,3,3,3,0,0
86390.451441,2026-07-22T15:15:04.408,3,3,3,0,0
86390.453615,2026-07-22T15:15:04.410,3,3,3,0,0
86390.456400,2026-07-22T15:15:04.413,3,3,3,0,0
86390.458467,2026-07-22T15:15:04.415,3,3,3,0,0
86390.461094,2026-07-22T15:15:04.417,3,3,3,0,0
86390.463615,2026-07-22T15:15:04.420,3,3,3,0,0
86390.466104,2026-07-22T15:15:04.422,3,3,3,0,0
86390.468560,2026-07-22T15:15:04.425,3,3,3,0,0
86390.471177,2026-07-22T15:15:04.428,3,3,3,0,0
86390.473714,2026-07-22T15:15:04.430,3,3,3,0,0
86390.476397,2026-07-22T15:15:04.433,3,3,3,0,0
86390.479008,2026-07-22T15:15:04.435,3,3,3,0,0
86390.481586,2026-07-22T15:15:04.438,3,3,3,0,0
86390.484221,2026-07-22T15:15:04.441,3,3,3,0,0
86390.486706,2026-07-22T15:15:04.443,3,3,3,0,0
86390.489339,2026-07-22T15:15:04.446,3,3,3,0,0
86390.491414,2026-07-22T15:15:04.448,3,3,3,0,0
86390.493723,2026-07-22T15:15:04.450,3,3,3,0,0
86390.496482,2026-07-22T15:15:04.453,3,3,3,0,0
86390.499193,2026-07-22T15:15:04.456,3,3,3,0,0
86390.501832,2026-07-22T15:15:04.458,3,3,3,0,0
86390.503935,2026-07-22T15:15:04.460,3,3,3,0,0
86390.506688,2026-07-22T15:15:04.463,3,3,3,0,0
86390.509427,2026-07-22T15:15:04.466,3,3,3,0,0
86390.511897,2026-07-22T15:15:04.468,3,3,3,0,0
86390.514639,2026-07-22T15:15:04.471,3,3,3,0,0
86390.517362,2026-07-22T15:15:04.474,3,3,3,0,0
86390.520017,2026-07-22T15:15:04.476,3,3,3,0,0
86390.522659,2026-07-22T15:15:04.479,3,3,3,0,0
86390.525150,2026-07-22T15:15:04.482,3,3,3,0,0
86390.527568,2026-07-22T15:15:04.484,3,3,3,0,0
86390.529998,2026-07-22T15:15:04.486,3,3,3,0,0
86390.532556,2026-07-22T15:15:04.489,3,3,3,0,0
86390.535195,2026-07-22T15:15:04.492,3,3,3,0,0
86390.537712,2026-07-22T15:15:04.494,3,3,3,0,0
86390.540034,2026-07-22T15:15:04.496,3,3,3,0,0
86390.542681,2026-07-22T15:15:04.499,3,3,3,0,0
86390.545085,2026-07-22T15:15:04.501,3,3,3,0,0
86390.547534,2026-07-22T15:15:04.504,3,3,3,0,0
86390.549968,2026-07-22T15:15:04.506,3,3,3,0,0
86390.552429,2026-07-22T15:15:04.509,3,3,3,0,0
86390.555243,2026-07-22T15:15:04.511,3,3,3,0,0
86390.557733,2026-07-22T15:15:04.514,3,3,3,0,0
86390.560365,2026-07-22T15:15:04.517,3,3,3,0,0
86390.562895,2026-07-22T15:15:04.519,3,3,3,0,0
86390.565532,2026-07-22T15:15:04.522,3,3,3,0,0
86390.568151,2026-07-22T15:15:04.525,3,3,3,0,0
86390.570176,2026-07-22T15:15:04.527,3,3,3,0,0
86390.572725,2026-07-22T15:15:04.529,3,3,3,0,0
86390.575138,2026-07-22T15:15:04.532,3,3,3,0,0
86390.577685,2026-07-22T15:15:04.534,3,3,3,0,0
86390.580230,2026-07-22T15:15:04.537,3,3,3,0,0
86390.582728,2026-07-22T15:15:04.539,3,3,3,0,0
86390.585166,2026-07-22T15:15:04.542,3,3,3,0,0
86390.587708,2026-07-22T15:15:04.544,3,3,3,0,0
86390.590140,2026-07-22T15:15:04.547,3,3,3,0,0
86390.592170,2026-07-22T15:15:04.549,3,3,3,0,0
86390.594871,2026-07-22T15:15:04.551,3,3,3,0,0
86390.597409,2026-07-22T15:15:04.554,3,3,3,0,0
86390.599845,2026-07-22T15:15:04.556,3,3,3,0,0
86390.602329,2026-07-22T15:15:04.559,3,3,3,0,0
86390.604700,2026-07-22T15:15:04.561,3,3,3,0,0
86390.607134,2026-07-22T15:15:04.563,3,3,3,0,0
86390.609741,2026-07-22T15:15:04.566,3,3,3,0,0
86390.612293,2026-07-22T15:15:04.569,3,3,3,0,0
86390.614315,2026-07-22T15:15:04.571,3,3,3,0,0
86390.616647,2026-07-22T15:15:04.573,3,3,3,0,0
86390.618914,2026-07-22T15:15:04.575,3,3,3,0,0
86390.621363,2026-07-22T15:15:04.578,3,3,3,0,0
86390.623842,2026-07-22T15:15:04.580,3,3,3,0,0
86390.626292,2026-07-22T15:15:04.583,3,3,3,0,0
86390.628899,2026-07-22T15:15:04.585,3,3,3,0,0
86390.631353,2026-07-22T15:15:04.588,3,3,3,0,0
86390.634005,2026-07-22T15:15:04.590,3,3,3,0,0
86390.636522,2026-07-22T15:15:04.593,3,3,3,0,0
86390.639009,2026-07-22T15:15:04.595,3,3,3,0,0
86390.641516,2026-07-22T15:15:04.598,3,3,3,0,0
86390.643964,2026-07-22T15:15:04.600,3,3,3,0,0
86390.646380,2026-07-22T15:15:04.603,3,3,3,0,0
86390.649000,2026-07-22T15:15:04.605,3,3,3,0,0
86390.651552,2026-07-22T15:15:04.608,3,3,3,0,0
86390.654172,2026-07-22T15:15:04.610,3,3,3,0,0
86390.656595,2026-07-22T15:15:04.612,3,3,3,0,0
86390.658731,2026-07-22T15:15:04.615,3,3,3,0,0
86390.661301,2026-07-22T15:15:04.618,3,3,3,0,0
86390.663347,2026-07-22T15:15:04.620,3,3,3,0,0
86390.665867,2026-07-22T15:15:04.622,3,3,3,0,0
86390.668555,2026-07-22T15:15:04.625,3,3,3,0,0
86390.671229,2026-07-22T15:15:04.628,3,3,3,0,0
86390.673741,2026-07-22T15:15:04.630,3,3,3,0,0
86390.676215,2026-07-22T15:15:04.633,3,3,3,0,0
86390.678841,2026-07-22T15:15:04.635,3,3,3,0,0
86390.681376,2026-07-22T15:15:04.638,3,3,3,0,0
86390.683961,2026-07-22T15:15:04.640,3,3,3,0,0
86390.686446,2026-07-22T15:15:04.643,3,3,3,0,0
86390.689147,2026-07-22T15:15:04.646,3,3,3,0,0
86390.691650,2026-07-22T15:15:04.648,3,3,3,0,0
86390.694360,2026-07-22T15:15:04.651,3,3,3,0,0
86390.696987,2026-07-22T15:15:04.653,3,3,3,0,0
86390.699705,2026-07-22T15:15:04.656,3,3,3,0,0
86390.702376,2026-07-22T15:15:04.659,3,3,3,0,0
86390.704540,2026-07-22T15:15:04.661,3,3,3,0,0
86390.706916,2026-07-22T15:15:04.663,3,3,3,0,0
86390.709362,2026-07-22T15:15:04.666,3,3,3,0,0
86390.711475,2026-07-22T15:15:04.668,3,3,3,0,0
86390.713487,2026-07-22T15:15:04.670,3,3,3,0,0
86390.715570,2026-07-22T15:15:04.672,3,3,3,0,0
86390.717606,2026-07-22T15:15:04.673,3,3,3,0,0
86390.720104,2026-07-22T15:15:04.676,3,3,3,0,0
86390.722360,2026-07-22T15:15:04.679,3,3,3,0,0
86390.724695,2026-07-22T15:15:04.681,3,3,3,0,0
86390.726952,2026-07-22T15:15:04.683,3,3,3,0,0
86390.729216,2026-07-22T15:15:04.686,3,3,3,0,0
86390.731260,2026-07-22T15:15:04.688,3,3,3,0,0
86390.733721,2026-07-22T15:15:04.690,3,3,3,0,0
86390.736241,2026-07-22T15:15:04.693,3,3,3,0,0
86390.738890,2026-07-22T15:15:04.695,3,3,3,0,0
86390.741378,2026-07-22T15:15:04.698,3,3,3,0,0
86390.743933,2026-07-22T15:15:04.700,3,3,3,0,0
86390.746478,2026-07-22T15:15:04.703,3,3,3,0,0
86390.749076,2026-07-22T15:15:04.705,3,3,3,0,0
86390.751628,2026-07-22T15:15:04.708,3,3,3,0,0
86390.754010,2026-07-22T15:15:04.710,3,3,3,0,0
86390.756131,2026-07-22T15:15:04.712,3,3,3,0,0
86390.758806,2026-07-22T15:15:04.715,3,3,3,0,0
86390.761592,2026-07-22T15:15:04.718,3,3,3,0,0
86390.764129,2026-07-22T15:15:04.720,3,3,3,0,0
86390.766581,2026-07-22T15:15:04.723,3,3,3,0,0
86390.769205,2026-07-22T15:15:04.726,3,3,3,0,0
86390.771610,2026-07-22T15:15:04.728,3,3,3,0,0
86390.773963,2026-07-22T15:15:04.730,3,3,3,0,0
86390.776564,2026-07-22T15:15:04.733,3,3,3,0,0
86390.779240,2026-07-22T15:15:04.736,3,3,3,0,0
86390.781919,2026-07-22T15:15:04.738,3,3,3,0,0
86390.784241,2026-07-22T15:15:04.741,3,3,3,0,0
86390.786836,2026-07-22T15:15:04.743,3,3,3,0,0
86390.789399,2026-07-22T15:15:04.746,3,3,3,0,0
86390.791978,2026-07-22T15:15:04.748,3,3,3,0,0
86390.794253,2026-07-22T15:15:04.750,3,3,3,0,0
86390.796893,2026-07-22T15:15:04.753,3,3,3,0,0
86390.799336,2026-07-22T15:15:04.756,3,3,3,0,0
86390.801852,2026-07-22T15:15:04.758,3,3,3,0,0
86390.804390,2026-07-22T15:15:04.761,3,3,3,0,0
86390.806866,2026-07-22T15:15:04.763,3,3,3,0,0
86390.809430,2026-07-22T15:15:04.766,3,3,3,0,0
86390.812148,2026-07-22T15:15:04.769,3,3,3,0,0
86390.814852,2026-07-22T15:15:04.771,3,3,3,0,0
86390.817356,2026-07-22T15:15:04.774,3,3,3,0,0
86390.820105,2026-07-22T15:15:04.776,3,3,3,0,0
86390.822840,2026-07-22T15:15:04.779,3,3,3,0,0
86390.825376,2026-07-22T15:15:04.782,3,3,3,0,0
86390.828002,2026-07-22T15:15:04.784,3,3,3,0,0
86390.830523,2026-07-22T15:15:04.787,3,3,3,0,0
86390.832938,2026-07-22T15:15:04.789,3,3,3,0,0
86390.835371,2026-07-22T15:15:04.792,3,3,3,0,0
86390.837894,2026-07-22T15:15:04.794,3,3,3,0,0
86390.840457,2026-07-22T15:15:04.797,3,3,3,0,0
86390.842855,2026-07-22T15:15:04.799,3,3,3,0,0
86390.845561,2026-07-22T15:15:04.802,3,3,3,0,0
86390.847958,2026-07-22T15:15:04.804,3,3,3,0,0
86390.850495,2026-07-22T15:15:04.807,3,3,3,0,0
86390.852965,2026-07-22T15:15:04.809,3,3,3,0,0
86390.855726,2026-07-22T15:15:04.812,3,3,3,0,0
86390.857784,2026-07-22T15:15:04.814,3,3,3,0,0
86390.860409,2026-07-22T15:15:04.817,3,3,3,0,0
86390.862940,2026-07-22T15:15:04.819,3,3,3,0,0
86390.865378,2026-07-22T15:15:04.822,3,3,3,0,0
86390.867899,2026-07-22T15:15:04.824,3,3,3,0,0
86390.870632,2026-07-22T15:15:04.827,3,3,3,0,0
86390.873448,2026-07-22T15:15:04.830,3,3,3,0,0
86390.876002,2026-07-22T15:15:04.832,3,3,3,0,0
86390.878792,2026-07-22T15:15:04.835,3,3,3,0,0
86390.881316,2026-07-22T15:15:04.838,3,3,3,0,0
86390.883822,2026-07-22T15:15:04.840,3,3,3,0,0
86390.886192,2026-07-22T15:15:04.843,3,3,3,0,0
86390.888879,2026-07-22T15:15:04.845,3,3,3,0,0
86390.891537,2026-07-22T15:15:04.848,3,3,3,0,0
86390.893836,2026-07-22T15:15:04.850,3,3,3,0,0
86390.896238,2026-07-22T15:15:04.853,3,3,3,0,0
86390.898739,2026-07-22T15:15:04.855,3,3,3,0,0
86390.901152,2026-07-22T15:15:04.858,3,3,3,0,0
86390.903669,2026-07-22T15:15:04.860,3,3,3,0,0
86390.905697,2026-07-22T15:15:04.862,3,3,3,0,0
86390.908212,2026-07-22T15:15:04.865,3,3,3,0,0
86390.910722,2026-07-22T15:15:04.867,3,3,3,0,0
86390.912748,2026-07-22T15:15:04.869,3,3,3,0,0
86390.915189,2026-07-22T15:15:04.872,3,3,3,0,0
86390.917674,2026-07-22T15:15:04.874,3,3,3,0,0
86390.920381,2026-07-22T15:15:04.877,3,3,3,0,0
86390.922992,2026-07-22T15:15:04.879,3,3,3,0,0
86390.925303,2026-07-22T15:15:04.882,3,3,3,0,0
86390.927834,2026-07-22T15:15:04.884,3,3,3,0,0
86390.930466,2026-07-22T15:15:04.887,3,3,3,0,0
86390.932965,2026-07-22T15:15:04.889,3,3,3,0,0
86390.935483,2026-07-22T15:15:04.892,3,3,3,0,0
86390.937913,2026-07-22T15:15:04.894,3,3,3,0,0
86390.940425,2026-07-22T15:15:04.897,3,3,3,0,0
86390.942905,2026-07-22T15:15:04.899,3,3,3,0,0
86390.945426,2026-07-22T15:15:04.902,3,3,3,0,0
86390.947906,2026-07-22T15:15:04.904,3,3,3,0,0
86390.950434,2026-07-22T15:15:04.907,3,3,3,0,0
86390.952950,2026-07-22T15:15:04.909,3,3,3,0,0
86390.955451,2026-07-22T15:15:04.912,3,3,3,0,0
86390.957970,2026-07-22T15:15:04.914,3,3,3,0,0
86390.960680,2026-07-22T15:15:04.917,3,3,3,0,0
86390.963180,2026-07-22T15:15:04.920,3,3,3,0,0
86390.965655,2026-07-22T15:15:04.922,3,3,3,0,0
86390.968172,2026-07-22T15:15:04.925,3,3,3,0,0
86390.970262,2026-07-22T15:15:04.927,3,3,3,0,0
86390.972788,2026-07-22T15:15:04.929,3,3,3,0,0
86390.975312,2026-07-22T15:15:04.932,3,3,3,0,0
86390.977837,2026-07-22T15:15:04.934,3,3,3,0,0
86390.979847,2026-07-22T15:15:04.936,3,3,3,0,0
86390.982450,2026-07-22T15:15:04.939,3,3,3,0,0
86390.984946,2026-07-22T15:15:04.941,3,3,3,0,0
86390.987454,2026-07-22T15:15:04.944,3,3,3,0,0
86390.989947,2026-07-22T15:15:04.946,3,3,3,0,0
86390.992445,2026-07-22T15:15:04.949,3,3,3,0,0
86390.994974,2026-07-22T15:15:04.951,3,3,3,0,0
86390.997528,2026-07-22T15:15:04.954,3,3,3,0,0
86390.999929,2026-07-22T15:15:04.956,3,3,3,0,0
86391.002052,2026-07-22T15:15:04.958,3,3,3,0,0
86391.004646,2026-07-22T15:15:04.961,3,3,3,0,0
86391.007156,2026-07-22T15:15:04.964,3,3,3,0,0
86391.009452,2026-07-22T15:15:04.966,3,3,3,0,0
86391.011964,2026-07-22T15:15:04.968,3,3,3,0,0
86391.014433,2026-07-22T15:15:04.971,3,3,3,0,0
86391.016990,2026-07-22T15:15:04.973,3,3,3,0,0
86391.019495,2026-07-22T15:15:04.976,3,3,3,0,0
86391.021986,2026-07-22T15:15:04.978,3,3,3,0,0
86391.024476,2026-07-22T15:15:04.981,3,3,3,0,0
86391.026998,2026-07-22T15:15:04.983,3,3,3,0,0
86391.029029,2026-07-22T15:15:04.985,3,3,3,0,0
86391.031116,2026-07-22T15:15:04.986,3,3,3,0,0
86391.033199,2026-07-22T15:15:04.990,3,3,3,0,0
86391.035709,2026-07-22T15:15:04.992,3,3,3,0,0
86391.037721,2026-07-22T15:15:04.994,3,3,3,0,0
86391.040240,2026-07-22T15:15:04.997,3,3,3,0,0
86391.042756,2026-07-22T15:15:04.999,3,3,3,0,0
86391.044786,2026-07-22T15:15:05.001,3,3,3,0,0
86391.046852,2026-07-22T15:15:05.003,3,3,3,0,0
86391.048910,2026-07-22T15:15:05.005,3,3,3,0,0
86391.051432,2026-07-22T15:15:05.008,3,3,3,0,0
86391.053479,2026-07-22T15:15:05.010,3,3,3,0,0
86391.055546,2026-07-22T15:15:05.012,3,3,3,0,0
86391.057604,2026-07-22T15:15:05.014,3,3,3,0,0
86391.059684,2026-07-22T15:15:05.016,3,3,3,0,0
86391.061720,2026-07-22T15:15:05.018,3,3,3,0,0
86391.063771,2026-07-22T15:15:05.020,3,3,3,0,0
86391.065807,2026-07-22T15:15:05.022,3,3,3,0,0
86391.067839,2026-07-22T15:15:05.024,3,3,3,0,0
86391.069883,2026-07-22T15:15:05.026,3,3,3,0,0
86391.072463,2026-07-22T15:15:05.029,3,3,3,0,0
86391.075045,2026-07-22T15:15:05.031,3,3,3,0,0
86391.077705,2026-07-22T15:15:05.034,3,3,3,0,0
86391.080169,2026-07-22T15:15:05.037,3,3,3,0,0
86391.082829,2026-07-22T15:15:05.039,3,3,3,0,0
86391.085527,2026-07-22T15:15:05.042,3,3,3,0,0
86391.088182,2026-07-22T15:15:05.045,3,3,3,0,0
86391.090918,2026-07-22T15:15:05.047,3,3,3,0,0
86391.093533,2026-07-22T15:15:05.050,3,3,3,0,0
86391.095712,2026-07-22T15:15:05.052,3,3,3,0,0
86391.098172,2026-07-22T15:15:05.055,3,3,3,0,0
86391.100686,2026-07-22T15:15:05.057,3,3,3,0,0
86391.103346,2026-07-22T15:15:05.060,3,3,3,0,0
86391.105715,2026-07-22T15:15:05.061,3,3,3,0,0
86391.107867,2026-07-22T15:15:05.064,3,3,3,0,0
86391.110129,2026-07-22T15:15:05.066,3,3,3,0,0
86391.112927,2026-07-22T15:15:05.069,3,3,3,0,0
86391.115606,2026-07-22T15:15:05.072,3,3,3,0,0
86391.118134,2026-07-22T15:15:05.074,3,3,3,0,0
86391.120865,2026-07-22T15:15:05.077,3,3,3,0,0
86391.123385,2026-07-22T15:15:05.080,3,3,3,0,0
86391.125423,2026-07-22T15:15:05.082,3,3,3,0,0
86391.127935,2026-07-22T15:15:05.084,3,3,3,0,0
86391.130699,2026-07-22T15:15:05.087,3,3,3,0,0
86391.133386,2026-07-22T15:15:05.090,3,3,3,0,0
86391.135874,2026-07-22T15:15:05.092,3,3,3,0,0
86391.138241,2026-07-22T15:15:05.095,3,3,3,0,0
86391.140861,2026-07-22T15:15:05.097,3,3,3,0,0
86391.143576,2026-07-22T15:15:05.100,3,3,3,0,0
86391.146164,2026-07-22T15:15:05.103,3,3,3,0,0
86391.148867,2026-07-22T15:15:05.105,3,3,3,0,0
86391.151431,2026-07-22T15:15:05.108,3,3,3,0,0
86391.154148,2026-07-22T15:15:05.110,3,3,3,0,0
86391.156543,2026-07-22T15:15:05.113,3,3,3,0,0
86391.158888,2026-07-22T15:15:05.115,3,3,3,0,0
86391.161404,2026-07-22T15:15:05.118,3,3,3,0,0
86391.163925,2026-07-22T15:15:05.120,3,3,3,0,0
86391.166518,2026-07-22T15:15:05.123,3,3,3,0,0
86391.169045,2026-07-22T15:15:05.125,3,3,3,0,0
86391.171562,2026-07-22T15:15:05.128,3,3,3,0,0
86391.174143,2026-07-22T15:15:05.130,3,3,3,0,0
86391.176695,2026-07-22T15:15:05.133,3,3,3,0,0
86391.179225,2026-07-22T15:15:05.136,3,3,3,0,0
86391.181743,2026-07-22T15:15:05.138,3,3,3,0,0
86391.184280,2026-07-22T15:15:05.141,3,3,3,0,0
86391.186787,2026-07-22T15:15:05.143,3,3,3,0,0
86391.189320,2026-07-22T15:15:05.146,3,3,3,0,0
86391.191998,2026-07-22T15:15:05.148,3,3,3,0,0
86391.194601,2026-07-22T15:15:05.151,3,3,3,0,0
86391.196860,2026-07-22T15:15:05.153,3,3,3,0,0
86391.199397,2026-07-22T15:15:05.156,3,3,3,0,0
86391.201907,2026-07-22T15:15:05.158,3,3,3,0,0
86391.204394,2026-07-22T15:15:05.161,3,3,3,0,0
86391.206898,2026-07-22T15:15:05.163,3,3,3,0,0
86391.209411,2026-07-22T15:15:05.166,3,3,3,0,0
86391.211916,2026-07-22T15:15:05.168,3,3,3,0,0
86391.214536,2026-07-22T15:15:05.171,3,3,3,0,0
86391.217061,2026-07-22T15:15:05.173,3,3,3,0,0
86391.219802,2026-07-22T15:15:05.176,3,3,3,0,0
86391.222395,2026-07-22T15:15:05.179,3,3,3,0,0
86391.224640,2026-07-22T15:15:05.181,3,3,3,0,0
86391.227336,2026-07-22T15:15:05.184,3,3,3,0,0
86391.229365,2026-07-22T15:15:05.186,3,3,3,0,0
86391.231862,2026-07-22T15:15:05.188,3,3,3,0,0
86391.234351,2026-07-22T15:15:05.191,3,3,3,0,0
86391.237091,2026-07-22T15:15:05.193,3,3,3,0,0
86391.239600,2026-07-22T15:15:05.196,3,3,3,0,0
86391.242007,2026-07-22T15:15:05.198,3,3,3,0,0
86391.244518,2026-07-22T15:15:05.201,3,3,3,0,0
86391.247157,2026-07-22T15:15:05.203,3,3,3,0,0
86391.249687,2026-07-22T15:15:05.206,3,3,3,0,0
86391.252212,2026-07-22T15:15:05.209,3,3,3,0,0
86391.254857,2026-07-22T15:15:05.211,3,3,3,0,0
86391.256948,2026-07-22T15:15:05.213,3,3,3,0,0
86391.259560,2026-07-22T15:15:05.216,3,3,3,0,0
86391.262086,2026-07-22T15:15:05.218,37,0,3,0,60
86391.264617,2026-07-22T15:15:05.221,37,0,3,0,60
86391.267146,2026-07-22T15:15:05.223,37,0,3,0,60
86391.269646,2026-07-22T15:15:05.226,37,0,3,0,60
86391.271672,2026-07-22T15:15:05.228,37,0,3,0,60
86391.273716,2026-07-22T15:15:05.230,37,0,3,0,60
86391.276227,2026-07-22T15:15:05.233,37,0,3,0,60
86391.278243,2026-07-22T15:15:05.235,37,0,3,0,60
86391.280473,2026-07-22T15:15:05.237,37,0,3,0,60
86391.282961,2026-07-22T15:15:05.239,37,0,3,0,60
86391.285516,2026-07-22T15:15:05.242,37,0,3,0,60
86391.288257,2026-07-22T15:15:05.245,37,0,3,0,60
86391.290765,2026-07-22T15:15:05.247,37,0,3,0,60
86391.293172,2026-07-22T15:15:05.250,37,0,3,0,60
86391.295364,2026-07-22T15:15:05.252,37,0,3,0,60
86391.297700,2026-07-22T15:15:05.254,37,0,3,0,60
86391.300232,2026-07-22T15:15:05.257,37,0,3,0,60
86391.302762,2026-07-22T15:15:05.259,37,0,3,0,60
86391.305213,2026-07-22T15:15:05.261,37,0,3,0,60
86391.307488,2026-07-22T15:15:05.264,37,0,3,0,60
86391.309543,2026-07-22T15:15:05.266,37,0,3,0,60
86391.312071,2026-07-22T15:15:05.268,37,0,3,0,60
86391.314105,2026-07-22T15:15:05.270,37,0,3,0,60
86391.316117,2026-07-22T15:15:05.272,37,0,3,0,60
86391.318182,2026-07-22T15:15:05.275,37,0,3,0,60
86391.320418,2026-07-22T15:15:05.277,37,0,3,0,60
86391.322456,2026-07-22T15:15:05.279,37,0,3,0,60
86391.324470,2026-07-22T15:15:05.281,37,0,3,0,60
86391.326506,2026-07-22T15:15:05.283,37,0,3,0,60
86391.329028,2026-07-22T15:15:05.285,37,0,3,0,60
86391.331054,2026-07-22T15:15:05.287,37,0,3,0,60
86391.333087,2026-07-22T15:15:05.289,37,0,3,0,60
86391.335606,2026-07-22T15:15:05.292,37,0,3,0,60
86391.337720,2026-07-22T15:15:05.294,37,0,3,0,60
86391.340214,2026-07-22T15:15:05.297,37,0,3,0,60
86391.342344,2026-07-22T15:15:05.299,37,0,3,0,60
86391.344373,2026-07-22T15:15:05.301,37,0,3,0,60
86391.346919,2026-07-22T15:15:05.303,37,0,3,0,60
86391.349420,2026-07-22T15:15:05.306,37,0,3,0,60
86391.351801,2026-07-22T15:15:05.308,37,0,3,0,60
86391.353837,2026-07-22T15:15:05.310,37,0,3,0,60
86391.356411,2026-07-22T15:15:05.313,37,0,3,0,60
86391.358868,2026-07-22T15:15:05.315,37,0,3,0,60
86391.361372,2026-07-22T15:15:05.318,37,0,3,0,60
86391.363863,2026-07-22T15:15:05.320,37,0,3,0,60
86391.365989,2026-07-22T15:15:05.322,37,0,3,0,60
86391.368345,2026-07-22T15:15:05.325,37,0,3,0,60
86391.370851,2026-07-22T15:15:05.327,37,0,3,0,60
86391.373373,2026-07-22T15:15:05.330,37,0,3,0,60
86391.375874,2026-07-22T15:15:05.332,37,0,3,0,60
86391.378390,2026-07-22T15:15:05.335,37,0,3,0,60
86391.380886,2026-07-22T15:15:05.337,37,0,3,0,60
86391.383392,2026-07-22T15:15:05.340,37,0,3,0,60
86391.385899,2026-07-22T15:15:05.342,37,0,3,0,60
86391.388488,2026-07-22T15:15:05.345,37,0,3,0,60
86391.390803,2026-07-22T15:15:05.347,37,0,3,0,60
86391.393330,2026-07-22T15:15:05.350,37,0,3,0,60
86391.395537,2026-07-22T15:15:05.352,37,0,3,0,60
86391.398109,2026-07-22T15:15:05.354,37,0,3,0,60
86391.400137,2026-07-22T15:15:05.357,37,0,3,0,60
86391.402171,2026-07-22T15:15:05.359,37,0,3,0,60
86391.404711,2026-07-22T15:15:05.361,37,0,3,0,60
86391.407065,2026-07-22T15:15:05.363,37,0,3,0,60
86391.409229,2026-07-22T15:15:05.366,37,0,3,0,60
86391.411260,2026-07-22T15:15:05.368,37,0,3,0,60
86391.413832,2026-07-22T15:15:05.370,37,0,3,0,60
86391.416552,2026-07-22T15:15:05.373,37,0,3,0,60
86391.418608,2026-07-22T15:15:05.375,37,0,3,0,60
86391.421119,2026-07-22T15:15:05.377,37,0,3,0,60
86391.423138,2026-07-22T15:15:05.379,37,0,3,0,60
86391.425689,2026-07-22T15:15:05.382,37,0,3,0,60
86391.428211,2026-07-22T15:15:05.385,37,0,3,0,60
86391.430248,2026-07-22T15:15:05.387,37,0,3,0,60
86391.432782,2026-07-22T15:15:05.389,37,0,3,0,60
86391.435341,2026-07-22T15:15:05.392,37,0,3,0,60
86391.437364,2026-07-22T15:15:05.394,37,0,3,0,60
86391.439462,2026-07-22T15:15:05.396,37,0,3,0,60
86391.441878,2026-07-22T15:15:05.398,37,0,3,0,60
86391.443898,2026-07-22T15:15:05.400,37,0,3,0,60
86391.445930,2026-07-22T15:15:05.402,37,0,3,0,60
86391.447944,2026-07-22T15:15:05.404,37,0,3,0,60
86391.450218,2026-07-22T15:15:05.406,37,0,3,0,60
86391.452288,2026-07-22T15:15:05.409,37,0,3,0,60
86391.454674,2026-07-22T15:15:05.411,37,0,3,0,60
86391.457205,2026-07-22T15:15:05.414,37,0,3,0,60
86391.459501,2026-07-22T15:15:05.416,37,0,3,0,60
86391.462012,2026-07-22T15:15:05.418,37,0,3,0,60
86391.464537,2026-07-22T15:15:05.421,37,0,3,0,60
86391.467155,2026-07-22T15:15:05.423,37,0,3,0,60
86391.469662,2026-07-22T15:15:05.426,37,0,3,0,60
86391.471695,2026-07-22T15:15:05.428,37,0,3,0,60
86391.474220,2026-07-22T15:15:05.431,37,0,3,0,60
86391.476736,2026-07-22T15:15:05.433,37,0,3,0,60
86391.478852,2026-07-22T15:15:05.435,37,0,3,0,60
86391.481128,2026-07-22T15:15:05.437,37,0,3,0,60
86391.483154,2026-07-22T15:15:05.440,37,0,3,0,60
86391.485683,2026-07-22T15:15:05.442,37,0,3,0,60
86391.487710,2026-07-22T15:15:05.444,37,0,3,0,60
86391.490238,2026-07-22T15:15:05.447,37,0,3,0,60
86391.492883,2026-07-22T15:15:05.449,37,0,3,0,60
86391.494932,2026-07-22T15:15:05.451,37,0,3,0,60
86391.497058,2026-07-22T15:15:05.453,37,0,3,0,60
86391.499468,2026-07-22T15:15:05.456,37,0,3,0,60
86391.501488,2026-07-22T15:15:05.458,37,0,3,0,60
86391.504029,2026-07-22T15:15:05.460,37,0,3,0,60
86391.506215,2026-07-22T15:15:05.463,37,0,3,0,5
86391.508245,2026-07-22T15:15:05.465,37,2,3,0,5
86391.510590,2026-07-22T15:15:05.467,37,2,3,0,5
86391.513371,2026-07-22T15:15:05.470,37,2,3,0,5
86391.515895,2026-07-22T15:15:05.472,37,2,3,0,5
86391.518321,2026-07-22T15:15:05.475,37,2,3,0,5
86391.520834,2026-07-22T15:15:05.477,37,2,3,0,5
86391.523559,2026-07-22T15:15:05.480,37,2,3,0,5
86391.526012,2026-07-22T15:15:05.482,37,2,3,0,5
86391.528199,2026-07-22T15:15:05.485,37,2,3,0,5
86391.530813,2026-07-22T15:15:05.487,37,2,3,0,5
86391.532846,2026-07-22T15:15:05.489,37,2,3,0,5
86391.535366,2026-07-22T15:15:05.492,37,2,3,0,5
86391.537376,2026-07-22T15:15:05.494,37,2,3,0,5
86391.539498,2026-07-22T15:15:05.496,37,2,3,0,5
86391.541901,2026-07-22T15:15:05.498,37,2,3,0,5
86391.544425,2026-07-22T15:15:05.501,37,2,3,0,5
86391.546855,2026-07-22T15:15:05.503,37,2,3,0,5
86391.548872,2026-07-22T15:15:05.505,37,2,3,0,5
86391.551361,2026-07-22T15:15:05.508,37,2,3,0,5
86391.553802,2026-07-22T15:15:05.510,37,2,3,0,5
86391.555876,2026-07-22T15:15:05.511,37,2,3,0,5
86391.558344,2026-07-22T15:15:05.515,37,2,3,0,5
86391.560857,2026-07-22T15:15:05.517,37,2,3,0,5
86391.563362,2026-07-22T15:15:05.520,37,2,3,0,5
86391.565867,2026-07-22T15:15:05.522,37,2,3,0,5
86391.568519,2026-07-22T15:15:05.525,37,2,3,0,5
86391.571170,2026-07-22T15:15:05.528,37,2,3,0,5
86391.573679,2026-07-22T15:15:05.530,37,2,3,0,5
86391.575701,2026-07-22T15:15:05.532,37,2,3,0,5
86391.577736,2026-07-22T15:15:05.534,37,2,3,0,5
86391.580171,2026-07-22T15:15:05.537,37,2,3,0,5
86391.582688,2026-07-22T15:15:05.539,37,2,3,0,5
86391.585376,2026-07-22T15:15:05.542,37,2,3,0,5
86391.587873,2026-07-22T15:15:05.544,37,2,3,0,5
86391.589902,2026-07-22T15:15:05.546,37,2,3,0,5
86391.592469,2026-07-22T15:15:05.549,37,2,3,0,5
86391.594507,2026-07-22T15:15:05.551,37,2,3,0,5
86391.596981,2026-07-22T15:15:05.553,37,2,3,0,5
86391.598993,2026-07-22T15:15:05.555,37,2,3,0,5
86391.601020,2026-07-22T15:15:05.557,37,2,3,0,5
86391.603538,2026-07-22T15:15:05.560,37,2,3,0,5
86391.606041,2026-07-22T15:15:05.562,37,2,3,0,5
86391.608371,2026-07-22T15:15:05.565,37,2,3,0,5
86391.610890,2026-07-22T15:15:05.567,37,2,3,0,5
86391.613601,2026-07-22T15:15:05.570,37,2,3,0,5
86391.616031,2026-07-22T15:15:05.572,37,2,3,0,5
86391.618282,2026-07-22T15:15:05.575,37,2,3,0,5
86391.620934,2026-07-22T15:15:05.577,37,2,3,0,5
86391.623419,2026-07-22T15:15:05.580,37,2,3,0,5
86391.625923,2026-07-22T15:15:05.582,37,2,3,0,5
86391.627945,2026-07-22T15:15:05.584,37,2,3,0,5
86391.630412,2026-07-22T15:15:05.587,37,2,3,0,5
86391.632891,2026-07-22T15:15:05.589,37,2,3,0,5
86391.635633,2026-07-22T15:15:05.592,37,2,3,0,5
86391.638115,2026-07-22T15:15:05.594,37,2,3,0,5
86391.640619,2026-07-22T15:15:05.597,37,2,3,0,5
86391.643266,2026-07-22T15:15:05.600,37,2,3,0,5
86391.645783,2026-07-22T15:15:05.602,37,2,3,0,5
86391.648278,2026-07-22T15:15:05.605,37,2,3,0,5
86391.650784,2026-07-22T15:15:05.607,37,2,3,0,5
86391.653272,2026-07-22T15:15:05.610,37,2,3,0,5
86391.655805,2026-07-22T15:15:05.612,37,2,3,0,5
86391.658387,2026-07-22T15:15:05.615,37,2,3,0,5
86391.661103,2026-07-22T15:15:05.617,37,2,3,0,5
86391.663607,2026-07-22T15:15:05.620,37,2,3,0,5
86391.666112,2026-07-22T15:15:05.622,37,2,3,0,5
86391.668150,2026-07-22T15:15:05.625,37,2,3,0,5
86391.670694,2026-07-22T15:15:05.627,37,2,3,0,5
86391.673222,2026-07-22T15:15:05.630,37,2,3,0,5
86391.675745,2026-07-22T15:15:05.632,37,2,3,0,5
86391.678262,2026-07-22T15:15:05.635,37,2,3,0,5
86391.681011,2026-07-22T15:15:05.637,37,2,3,0,5
86391.683595,2026-07-22T15:15:05.640,37,2,3,0,5
86391.685624,2026-07-22T15:15:05.642,37,2,3,0,5
86391.688153,2026-07-22T15:15:05.645,37,2,3,0,5
86391.690194,2026-07-22T15:15:05.647,37,2,3,0,5
86391.692676,2026-07-22T15:15:05.649,37,2,3,0,5
86391.695187,2026-07-22T15:15:05.652,37,2,3,0,5
86391.697249,2026-07-22T15:15:05.654,37,2,3,0,5
86391.699739,2026-07-22T15:15:05.656,37,2,3,0,5
86391.702231,2026-07-22T15:15:05.659,37,2,3,0,5
86391.704824,2026-07-22T15:15:05.661,37,2,3,0,5
86391.707348,2026-07-22T15:15:05.664,37,2,3,0,5
86391.709889,2026-07-22T15:15:05.666,37,2,3,0,5
86391.712409,2026-07-22T15:15:05.669,37,2,3,0,5
86391.714921,2026-07-22T15:15:05.671,37,2,3,0,5
86391.717459,2026-07-22T15:15:05.674,37,2,3,0,5
86391.719615,2026-07-22T15:15:05.676,37,2,3,0,5
86391.722141,2026-07-22T15:15:05.678,37,2,3,0,5
86391.724653,2026-07-22T15:15:05.681,37,2,3,0,5
86391.727162,2026-07-22T15:15:05.684,37,2,3,0,5
86391.729683,2026-07-22T15:15:05.686,37,2,3,0,5
86391.732143,2026-07-22T15:15:05.689,37,2,3,0,5
86391.734579,2026-07-22T15:15:05.691,37,2,3,0,5
86391.736626,2026-07-22T15:15:05.693,37,2,3,0,5
86391.739111,2026-07-22T15:15:05.695,37,2,3,0,5
86391.741150,2026-07-22T15:15:05.698,37,2,3,0,5
86391.743669,2026-07-22T15:15:05.700,37,2,3,0,5
86391.746226,2026-07-22T15:15:05.703,37,2,3,0,5
86391.748861,2026-07-22T15:15:05.705,37,2,3,0,5
86391.751354,2026-07-22T15:15:05.708,37,2,3,0,5
86391.753882,2026-07-22T15:15:05.710,37,2,3,0,5
86391.756652,2026-07-22T15:15:05.712,37,2,3,0,5
86391.758760,2026-07-22T15:15:05.715,37,2,3,0,5
86391.761402,2026-07-22T15:15:05.718,37,2,3,0,5
86391.763926,2026-07-22T15:15:05.720,37,2,3,0,5
86391.765951,2026-07-22T15:15:05.722,37,2,3,0,5
86391.768489,2026-07-22T15:15:05.725,37,2,3,0,5
86391.770993,2026-07-22T15:15:05.727,37,2,3,0,5
86391.773697,2026-07-22T15:15:05.730,37,2,3,0,5
86391.776157,2026-07-22T15:15:05.733,37,2,3,0,5
86391.778662,2026-07-22T15:15:05.735,37,2,3,0,5
86391.781356,2026-07-22T15:15:05.738,37,2,3,0,5
86391.784001,2026-07-22T15:15:05.740,37,2,3,0,5
86391.786539,2026-07-22T15:15:05.743,37,2,3,0,5
86391.788955,2026-07-22T15:15:05.745,37,2,3,0,5
86391.790995,2026-07-22T15:15:05.747,37,2,3,0,5
86391.793713,2026-07-22T15:15:05.750,37,2,3,0,5
86391.796219,2026-07-22T15:15:05.753,37,2,3,0,5
86391.799010,2026-07-22T15:15:05.755,37,2,3,0,5
86391.801529,2026-07-22T15:15:05.758,37,2,3,0,5
86391.804035,2026-07-22T15:15:05.760,37,2,3,0,5
86391.806567,2026-07-22T15:15:05.763,37,2,3,0,5
86391.808660,2026-07-22T15:15:05.765,37,2,3,0,5
86391.811142,2026-07-22T15:15:05.768,37,2,3,0,5
86391.813171,2026-07-22T15:15:05.770,37,2,3,0,5
86391.815948,2026-07-22T15:15:05.772,37,2,3,0,5
86391.817983,2026-07-22T15:15:05.774,37,2,3,0,5
86391.820636,2026-07-22T15:15:05.777,37,2,3,0,5
86391.823159,2026-07-22T15:15:05.780,37,2,3,0,5
86391.825700,2026-07-22T15:15:05.782,37,2,3,0,5
86391.828387,2026-07-22T15:15:05.785,37,2,3,0,5
86391.830422,2026-07-22T15:15:05.787,37,2,3,0,5
86391.832991,2026-07-22T15:15:05.789,37,2,3,0,5
86391.835522,2026-07-22T15:15:05.792,37,2,3,0,5
86391.838036,2026-07-22T15:15:05.794,37,2,3,0,5
86391.840410,2026-07-22T15:15:05.797,37,2,3,0,5
86391.842617,2026-07-22T15:15:05.799,37,0,3,0,6
86391.845236,2026-07-22T15:15:05.802,4,0,3,0,6
86391.847258,2026-07-22T15:15:05.804,4,0,3,0,6
86391.849725,2026-07-22T15:15:05.806,4,0,3,0,6
86391.852198,2026-07-22T15:15:05.809,4,0,3,0,6
86391.854792,2026-07-22T15:15:05.811,4,0,3,0,6
86391.857190,2026-07-22T15:15:05.814,4,0,3,0,6
86391.859866,2026-07-22T15:15:05.816,4,0,3,0,6
86391.862386,2026-07-22T15:15:05.819,4,0,3,0,6
86391.864918,2026-07-22T15:15:05.821,4,0,3,0,6
86391.867459,2026-07-22T15:15:05.824,4,0,3,0,6
86391.869656,2026-07-22T15:15:05.826,4,0,3,0,6
86391.872448,2026-07-22T15:15:05.829,4,0,3,0,6
86391.875231,2026-07-22T15:15:05.832,4,0,3,0,6
86391.877771,2026-07-22T15:15:05.834,4,0,3,0,6
86391.880471,2026-07-22T15:15:05.837,4,0,3,0,6
86391.882980,2026-07-22T15:15:05.839,4,0,3,0,6
86391.885575,2026-07-22T15:15:05.842,4,0,3,0,6
86391.887644,2026-07-22T15:15:05.844,4,0,3,0,6
86391.890277,2026-07-22T15:15:05.847,4,0,3,0,6
86391.892920,2026-07-22T15:15:05.849,4,0,3,0,6
86391.895517,2026-07-22T15:15:05.852,4,0,3,0,6
86391.898048,2026-07-22T15:15:05.854,4,0,3,0,6
86391.900816,2026-07-22T15:15:05.857,4,0,3,0,6
86391.903432,2026-07-22T15:15:05.860,4,0,3,0,6
86391.905971,2026-07-22T15:15:05.862,4,0,3,0,6
86391.908374,2026-07-22T15:15:05.865,4,0,3,0,6
86391.910921,2026-07-22T15:15:05.867,4,0,3,0,6
86391.913608,2026-07-22T15:15:05.870,4,0,3,0,6
86391.916208,2026-07-22T15:15:05.873,4,0,3,0,6
86391.918705,2026-07-22T15:15:05.875,4,0,3,0,6
86391.921119,2026-07-22T15:15:05.877,4,0,3,0,6
86391.923754,2026-07-22T15:15:05.880,4,0,3,0,6
86391.926133,2026-07-22T15:15:05.882,4,0,3,0,6
86391.928652,2026-07-22T15:15:05.885,4,0,3,0,6
86391.931154,2026-07-22T15:15:05.888,4,0,3,0,6
86391.933661,2026-07-22T15:15:05.890,4,0,3,0,6
86391.936243,2026-07-22T15:15:05.892,4,0,3,0,6
86391.938404,2026-07-22T15:15:05.895,4,0,3,0,6
86391.940868,2026-07-22T15:15:05.897,4,0,3,0,6
86391.943323,2026-07-22T15:15:05.900,4,0,3,0,6
86391.945769,2026-07-22T15:15:05.902,4,0,3,0,6
86391.948372,2026-07-22T15:15:05.905,4,0,3,0,6
86391.950979,2026-07-22T15:15:05.907,4,0,3,0,6
86391.953503,2026-07-22T15:15:05.910,4,0,3,0,6
86391.955896,2026-07-22T15:15:05.912,4,0,3,0,6
86391.958091,2026-07-22T15:15:05.914,4,0,3,0,6
86391.960609,2026-07-22T15:15:05.917,4,0,3,0,6
86391.963371,2026-07-22T15:15:05.920,4,0,3,0,6
86391.965890,2026-07-22T15:15:05.922,4,0,3,0,6
86391.968424,2026-07-22T15:15:05.925,4,0,3,0,6
86391.970817,2026-07-22T15:15:05.927,4,0,3,0,6
86391.972865,2026-07-22T15:15:05.929,4,0,3,0,6
86391.974918,2026-07-22T15:15:05.931,4,0,3,0,6
86391.976976,2026-07-22T15:15:05.933,4,0,3,0,6
86391.979005,2026-07-22T15:15:05.935,4,0,3,0,6
86391.981074,2026-07-22T15:15:05.937,4,0,3,0,6
86391.983447,2026-07-22T15:15:05.940,4,0,3,0,6
86391.985506,2026-07-22T15:15:05.942,4,0,3,0,6
86391.987572,2026-07-22T15:15:05.944,4,0,3,0,6
86391.989609,2026-07-22T15:15:05.946,4,0,3,0,6
86391.991653,2026-07-22T15:15:05.948,4,0,3,0,6
86391.993716,2026-07-22T15:15:05.950,4,0,3,0,6
86391.995746,2026-07-22T15:15:05.952,4,0,3,0,6
86391.997831,2026-07-22T15:15:05.954,4,0,3,0,6
86391.999897,2026-07-22T15:15:05.956,4,0,3,0,6
86392.001955,2026-07-22T15:15:05.958,4,0,3,0,6
86392.004484,2026-07-22T15:15:05.961,4,0,3,0,6
86392.006561,2026-07-22T15:15:05.963,4,0,3,0,6
86392.008663,2026-07-22T15:15:05.965,4,0,3,0,6
86392.011152,2026-07-22T15:15:05.968,4,0,3,0,6
86392.013195,2026-07-22T15:15:05.970,4,0,3,0,6
86392.015801,2026-07-22T15:15:05.972,4,0,3,0,6
86392.017983,2026-07-22T15:15:05.974,4,0,3,0,6
86392.020662,2026-07-22T15:15:05.977,4,0,3,0,6
86392.022695,2026-07-22T15:15:05.979,4,0,3,0,6
86392.025343,2026-07-22T15:15:05.982,4,0,3,0,6
86392.027972,2026-07-22T15:15:05.984,4,0,3,0,6
86392.030469,2026-07-22T15:15:05.987,4,0,3,0,6
86392.032925,2026-07-22T15:15:05.989,4,0,3,0,6
86392.035446,2026-07-22T15:15:05.992,4,0,3,0,6
86392.037874,2026-07-22T15:15:05.994,4,0,3,0,6
86392.040195,2026-07-22T15:15:05.997,4,0,3,0,6
86392.042817,2026-07-22T15:15:05.999,4,0,3,0,6
86392.045357,2026-07-22T15:15:06.002,4,0,3,0,6
86392.047891,2026-07-22T15:15:06.004,4,0,3,0,6
86392.050404,2026-07-22T15:15:06.007,4,0,3,0,6
86392.052523,2026-07-22T15:15:06.009,4,0,3,0,6
86392.055031,2026-07-22T15:15:06.011,4,0,3,0,6
86392.057210,2026-07-22T15:15:06.014,4,0,3,0,6
86392.059684,2026-07-22T15:15:06.016,4,0,3,0,6
86392.062429,2026-07-22T15:15:06.019,4,0,3,0,6
86392.064948,2026-07-22T15:15:06.021,4,0,3,0,6
86392.067619,2026-07-22T15:15:06.024,4,0,3,0,6
86392.070168,2026-07-22T15:15:06.027,4,0,3,0,6
86392.072194,2026-07-22T15:15:06.029,4,0,3,0,6
86392.074863,2026-07-22T15:15:06.031,4,0,3,0,6
86392.077358,2026-07-22T15:15:06.034,4,0,3,0,6
86392.079881,2026-07-22T15:15:06.036,4,0,3,0,6
86392.082332,2026-07-22T15:15:06.039,4,0,3,0,6
86392.084941,2026-07-22T15:15:06.041,4,0,3,0,6
86392.087358,2026-07-22T15:15:06.044,4,0,3,0,0
86392.089902,2026-07-22T15:15:06.046,3,3,3,0,0
86392.092367,2026-07-22T15:15:06.049,3,3,3,0,0
86392.094913,2026-07-22T15:15:06.051,3,3,3,0,0
86392.097526,2026-07-22T15:15:06.054,3,3,3,0,0
86392.099610,2026-07-22T15:15:06.056,3,3,3,0,0
86392.102109,2026-07-22T15:15:06.058,3,3,3,0,0
86392.104459,2026-07-22T15:15:06.061,3,3,3,0,0
86392.106958,2026-07-22T15:15:06.063,3,3,3,0,0
86392.109311,2026-07-22T15:15:06.066,3,3,3,0,0
86392.111446,2026-07-22T15:15:06.068,3,3,3,0,0
86392.113963,2026-07-22T15:15:06.070,3,3,3,0,0
86392.116569,2026-07-22T15:15:06.073,3,3,3,0,0
86392.119173,2026-07-22T15:15:06.076,3,3,3,0,0
86392.121741,2026-07-22T15:15:06.078,3,3,3,0,0
86392.124510,2026-07-22T15:15:06.081,3,3,3,0,0
86392.127277,2026-07-22T15:15:06.084,3,3,3,0,0
86392.129939,2026-07-22T15:15:06.086,3,3,3,0,0
86392.132468,2026-07-22T15:15:06.089,3,3,3,0,0
86392.134914,2026-07-22T15:15:06.091,3,3,3,0,0
86392.137548,2026-07-22T15:15:06.094,3,3,3,0,0
86392.140050,2026-07-22T15:15:06.096,3,3,3,0,0
86392.142714,2026-07-22T15:15:06.099,3,3,3,0,0
86392.145344,2026-07-22T15:15:06.102,3,3,3,0,0
86392.147673,2026-07-22T15:15:06.104,3,3,3,0,0
86392.150122,2026-07-22T15:15:06.106,3,3,3,0,0
86392.152739,2026-07-22T15:15:06.109,3,3,3,0,0
86392.155127,2026-07-22T15:15:06.111,3,3,3,0,0
86392.157732,2026-07-22T15:15:06.114,3,3,3,0,0
86392.160140,2026-07-22T15:15:06.116,3,3,3,0,0
86392.162909,2026-07-22T15:15:06.119,3,3,3,0,0
86392.165439,2026-07-22T15:15:06.122,3,3,3,0,0
86392.167505,2026-07-22T15:15:06.124,3,3,3,0,0
86392.169582,2026-07-22T15:15:06.126,3,3,3,0,0
86392.171955,2026-07-22T15:15:06.128,3,3,3,0,0
86392.174400,2026-07-22T15:15:06.131,3,3,3,0,0
86392.176572,2026-07-22T15:15:06.133,3,3,3,0,0
86392.178822,2026-07-22T15:15:06.135,3,3,3,0,0
86392.180926,2026-07-22T15:15:06.137,3,3,3,0,0
86392.183634,2026-07-22T15:15:06.140,3,3,3,0,0
86392.186228,2026-07-22T15:15:06.143,3,3,3,0,0
86392.188684,2026-07-22T15:15:06.145,3,3,3,0,0
86392.191426,2026-07-22T15:15:06.148,3,3,3,0,0
86392.194080,2026-07-22T15:15:06.150,3,3,3,0,0
86392.196758,2026-07-22T15:15:06.153,3,3,3,0,0
86392.199496,2026-07-22T15:15:06.156,3,3,3,0,0
86392.202205,2026-07-22T15:15:06.159,3,3,3,0,0
86392.204827,2026-07-22T15:15:06.161,3,3,3,0,0
86392.207287,2026-07-22T15:15:06.164,3,3,3,0,0
86392.209635,2026-07-22T15:15:06.166,3,3,3,0,0
86392.212240,2026-07-22T15:15:06.169,3,3,3,0,0
86392.214990,2026-07-22T15:15:06.171,3,3,3,0,0
86392.217814,2026-07-22T15:15:06.174,3,3,3,0,0
86392.220138,2026-07-22T15:15:06.177,3,3,3,0,0
86392.222658,2026-07-22T15:15:06.179,3,3,3,0,0
86392.225151,2026-07-22T15:15:06.182,3,3,3,0,0
86392.227209,2026-07-22T15:15:06.184,3,3,3,0,0
86392.229745,2026-07-22T15:15:06.186,3,3,3,0,0
86392.232221,2026-07-22T15:15:06.189,3,3,3,0,0
86392.234913,2026-07-22T15:15:06.191,3,3,3,0,0
86392.237368,2026-07-22T15:15:06.194,3,3,3,0,0
86392.239847,2026-07-22T15:15:06.196,3,3,3,0,0
86392.242289,2026-07-22T15:15:06.199,3,3,3,0,0
86392.244807,2026-07-22T15:15:06.201,3,3,3,0,0
86392.247319,2026-07-22T15:15:06.204,3,3,3,0,0
86392.249964,2026-07-22T15:15:06.206,3,3,3,0,0
86392.252296,2026-07-22T15:15:06.209,3,3,3,0,0
86392.254951,2026-07-22T15:15:06.211,3,3,3,0,0
86392.257569,2026-07-22T15:15:06.214,3,3,3,0,0
86392.259653,2026-07-22T15:15:06.216,3,3,3,0,0
86392.262249,2026-07-22T15:15:06.219,3,3,3,0,0
86392.264758,2026-07-22T15:15:06.221,3,3,3,0,0
86392.267354,2026-07-22T15:15:06.224,3,3,3,0,0
86392.269814,2026-07-22T15:15:06.226,3,3,3,0,0
86392.272599,2026-07-22T15:15:06.229,3,3,3,0,0
86392.275152,2026-07-22T15:15:06.232,3,3,3,0,0
86392.277549,2026-07-22T15:15:06.234,3,3,3,0,0
86392.280017,2026-07-22T15:15:06.236,3,3,3,0,0
86392.282458,2026-07-22T15:15:06.239,3,3,3,0,0
86392.284921,2026-07-22T15:15:06.241,3,3,3,0,0
86392.287489,2026-07-22T15:15:06.244,3,3,3,0,0
86392.289869,2026-07-22T15:15:06.246,3,3,3,0,0
86392.291888,2026-07-22T15:15:06.248,3,3,3,0,0
86392.294364,2026-07-22T15:15:06.251,3,3,3,0,0
86392.296884,2026-07-22T15:15:06.253,3,3,3,0,0
86392.299285,2026-07-22T15:15:06.256,3,3,3,0,0
86392.301598,2026-07-22T15:15:06.258,3,3,3,0,0
86392.304339,2026-07-22T15:15:06.261,3,3,3,0,0
86392.306939,2026-07-22T15:15:06.263,3,3,3,0,0
86392.309650,2026-07-22T15:15:06.266,3,3,3,0,0
86392.311747,2026-07-22T15:15:06.268,3,3,3,0,0
86392.314465,2026-07-22T15:15:06.271,3,3,3,0,0
86392.316798,2026-07-22T15:15:06.273,3,3,3,0,0
86392.319537,2026-07-22T15:15:06.276,3,3,3,0,0
86392.321770,2026-07-22T15:15:06.278,3,3,3,0,0
86392.324334,2026-07-22T15:15:06.281,3,3,3,0,0
86392.326989,2026-07-22T15:15:06.283,3,3,3,0,0
86392.329504,2026-07-22T15:15:06.286,3,3,3,0,0
86392.331942,2026-07-22T15:15:06.288,3,3,3,0,0
86392.334416,2026-07-22T15:15:06.291,3,3,3,0,0
86392.336888,2026-07-22T15:15:06.293,3,3,3,0,0
86392.338910,2026-07-22T15:15:06.295,3,3,3,0,0
86392.341469,2026-07-22T15:15:06.298,3,3,3,0,0
86392.343891,2026-07-22T15:15:06.300,3,3,3,0,0
86392.346280,2026-07-22T15:15:06.303,3,3,3,0,0
86392.348719,2026-07-22T15:15:06.305,3,3,3,0,0
86392.351118,2026-07-22T15:15:06.307,3,3,3,0,0
86392.353515,2026-07-22T15:15:06.310,3,3,3,0,0
86392.355896,2026-07-22T15:15:06.312,3,3,3,0,0
86392.358373,2026-07-22T15:15:06.315,3,3,3,0,0
86392.360417,2026-07-22T15:15:06.317,3,3,3,0,0
86392.363013,2026-07-22T15:15:06.319,3,3,3,0,0
86392.365542,2026-07-22T15:15:06.322,3,3,3,0,0
86392.368163,2026-07-22T15:15:06.325,3,3,3,0,0
86392.370810,2026-07-22T15:15:06.327,3,3,3,0,0
86392.373476,2026-07-22T15:15:06.330,3,3,3,0,0
86392.375996,2026-07-22T15:15:06.332,3,3,3,0,0
86392.378594,2026-07-22T15:15:06.335,3,3,3,0,0
86392.381167,2026-07-22T15:15:06.338,3,3,3,0,0
86392.383763,2026-07-22T15:15:06.340,3,3,3,0,0
86392.386175,2026-07-22T15:15:06.343,3,3,3,0,0
86392.389541,2026-07-22T15:15:06.345,3,3,3,0,0
86392.391719,2026-07-22T15:15:06.348,3,3,3,0,0
86392.393784,2026-07-22T15:15:06.350,3,3,3,0,0
86392.395844,2026-07-22T15:15:06.352,3,3,3,0,0
86392.397899,2026-07-22T15:15:06.354,3,3,3,0,0
86392.399967,2026-07-22T15:15:06.356,3,3,3,0,0
86392.402012,2026-07-22T15:15:06.358,3,3,3,0,0
86392.404085,2026-07-22T15:15:06.360,3,3,3,0,0
86392.406132,2026-07-22T15:15:06.362,3,3,3,0,0
86392.408981,2026-07-22T15:15:06.364,3,3,3,0,0
86392.411273,2026-07-22T15:15:06.368,3,3,3,0,0
86392.413326,2026-07-22T15:15:06.370,3,3,3,0,0
86392.415380,2026-07-22T15:15:06.372,3,3,3,0,0
86392.417434,2026-07-22T15:15:06.374,3,3,3,0,0
86392.419522,2026-07-22T15:15:06.376,3,3,3,0,0
86392.421577,2026-07-22T15:15:06.378,3,3,3,0,0
86392.423644,2026-07-22T15:15:06.380,3,3,3,0,0
86392.425677,2026-07-22T15:15:06.382,3,3,3,0,0
86392.427716,2026-07-22T15:15:06.384,3,3,3,0,0
86392.429774,2026-07-22T15:15:06.386,3,3,3,0,0
86392.431821,2026-07-22T15:15:06.388,3,3,3,0,0
86392.434273,2026-07-22T15:15:06.391,3,3,3,0,0
86392.436771,2026-07-22T15:15:06.393,3,3,3,0,0
86392.439332,2026-07-22T15:15:06.396,3,3,3,0,0
86392.441762,2026-07-22T15:15:06.398,3,3,3,0,0
86392.444258,2026-07-22T15:15:06.401,3,3,3,0,0
86392.446817,2026-07-22T15:15:06.403,3,3,3,0,0
86392.449280,2026-07-22T15:15:06.406,3,3,3,0,0
86392.451793,2026-07-22T15:15:06.408,3,3,3,0,0
86392.454504,2026-07-22T15:15:06.411,3,3,3,0,0
86392.456927,2026-07-22T15:15:06.413,3,3,3,0,0
86392.459106,2026-07-22T15:15:06.415,3,3,3,0,0
86392.461662,2026-07-22T15:15:06.418,3,3,3,0,0
86392.464256,2026-07-22T15:15:06.421,3,3,3,0,0
86392.466761,2026-07-22T15:15:06.423,3,3,3,0,0
86392.469274,2026-07-22T15:15:06.426,3,3,3,0,0
86392.471908,2026-07-22T15:15:06.428,3,3,3,0,0
86392.474510,2026-07-22T15:15:06.431,3,3,3,0,0
86392.476932,2026-07-22T15:15:06.433,3,3,3,0,0
86392.479399,2026-07-22T15:15:06.436,3,3,3,0,0
86392.481779,2026-07-22T15:15:06.438,3,3,3,0,0
86392.484527,2026-07-22T15:15:06.441,3,3,3,0,0
86392.487202,2026-07-22T15:15:06.444,3,3,3,0,0
86392.489680,2026-07-22T15:15:06.446,3,3,3,0,0
86392.492260,2026-07-22T15:15:06.449,3,3,3,0,0
86392.494742,2026-07-22T15:15:06.451,3,3,3,0,0
86392.497271,2026-07-22T15:15:06.454,3,3,3,0,0
86392.499737,2026-07-22T15:15:06.456,3,3,3,0,0
86392.502321,2026-07-22T15:15:06.459,3,3,3,0,0
86392.504960,2026-07-22T15:15:06.461,3,3,3,0,0
86392.507511,2026-07-22T15:15:06.464,3,3,3,0,0
86392.509815,2026-07-22T15:15:06.466,3,3,3,0,0
86392.512368,2026-07-22T15:15:06.469,3,3,3,0,0
86392.515081,2026-07-22T15:15:06.471,3,3,3,0,0
86392.517639,2026-07-22T15:15:06.474,3,3,3,0,0
86392.520373,2026-07-22T15:15:06.477,3,3,3,0,0
86392.522557,2026-07-22T15:15:06.479,3,3,3,0,0
86392.525182,2026-07-22T15:15:06.482,3,3,3,0,0
86392.527730,2026-07-22T15:15:06.484,3,3,3,0,0
86392.530286,2026-07-22T15:15:06.487,3,3,3,0,0
86392.532611,2026-07-22T15:15:06.489,3,3,3,0,0
86392.535336,2026-07-22T15:15:06.492,3,3,3,0,0
86392.538005,2026-07-22T15:15:06.494,3,3,3,0,0
86392.540354,2026-07-22T15:15:06.497,3,3,3,0,0
86392.542765,2026-07-22T15:15:06.499,3,3,3,0,0
86392.545158,2026-07-22T15:15:06.502,3,3,3,0,0
86392.547685,2026-07-22T15:15:06.504,3,3,3,0,0
86392.550180,2026-07-22T15:15:06.507,3,3,3,0,0
86392.552847,2026-07-22T15:15:06.509,3,3,3,0,0
86392.555527,2026-07-22T15:15:06.512,3,3,3,0,0
86392.558311,2026-07-22T15:15:06.514,3,3,3,0,0
86392.560975,2026-07-22T15:15:06.517,3,3,3,0,0
86392.563394,2026-07-22T15:15:06.520,3,3,3,0,0
86392.565925,2026-07-22T15:15:06.522,3,3,3,0,0
86392.568344,2026-07-22T15:15:06.525,3,3,3,0,0
86392.570664,2026-07-22T15:15:06.527,3,3,3,0,0
86392.572826,2026-07-22T15:15:06.529,3,3,3,0,0
86392.575194,2026-07-22T15:15:06.532,3,3,3,0,0
86392.577325,2026-07-22T15:15:06.534,3,3,3,0,0
86392.579727,2026-07-22T15:15:06.536,3,3,3,0,0
86392.581755,2026-07-22T15:15:06.538,3,3,3,0,0
86392.583766,2026-07-22T15:15:06.540,3,3,3,0,0
86392.586248,2026-07-22T15:15:06.543,3,3,3,0,0
86392.588722,2026-07-22T15:15:06.545,3,3,3,0,0
86392.591197,2026-07-22T15:15:06.548,3,3,3,0,0
86392.593230,2026-07-22T15:15:06.550,3,3,3,0,0
86392.595724,2026-07-22T15:15:06.552,3,3,3,0,0
86392.598165,2026-07-22T15:15:06.555,3,3,3,0,0
86392.600690,2026-07-22T15:15:06.557,3,3,3,0,0
86392.603291,2026-07-22T15:15:06.560,3,3,3,0,0
86392.605318,2026-07-22T15:15:06.562,3,3,3,0,0
86392.607783,2026-07-22T15:15:06.564,3,3,3,0,0
86392.610303,2026-07-22T15:15:06.567,3,3,3,0,0
86392.612942,2026-07-22T15:15:06.569,3,3,3,0,0
86392.615456,2026-07-22T15:15:06.572,3,3,3,0,0
86392.617937,2026-07-22T15:15:06.574,3,3,3,0,0
86392.620644,2026-07-22T15:15:06.577,3,3,3,0,0
86392.623370,2026-07-22T15:15:06.580,3,3,3,0,0
86392.625782,2026-07-22T15:15:06.582,3,3,3,0,0
86392.628295,2026-07-22T15:15:06.585,3,3,3,0,0
86392.630777,2026-07-22T15:15:06.587,3,3,3,0,0
86392.632810,2026-07-22T15:15:06.589,3,3,3,0,0
86392.635355,2026-07-22T15:15:06.592,3,3,3,0,0
86392.637859,2026-07-22T15:15:06.594,3,3,3,0,0
86392.640483,2026-07-22T15:15:06.597,3,3,3,0,0
86392.642954,2026-07-22T15:15:06.599,3,3,3,0,0
86392.644979,2026-07-22T15:15:06.601,3,3,3,0,0
86392.647626,2026-07-22T15:15:06.604,3,3,3,0,0
86392.650133,2026-07-22T15:15:06.607,3,3,3,0,0
86392.652637,2026-07-22T15:15:06.609,3,3,3,0,0
86392.655154,2026-07-22T15:15:06.612,3,3,3,0,0
86392.657742,2026-07-22T15:15:06.614,3,3,3,0,0
86392.660233,2026-07-22T15:15:06.617,3,3,3,0,0
86392.662640,2026-07-22T15:15:06.619,3,3,3,0,0
86392.665348,2026-07-22T15:15:06.622,3,3,3,0,0
86392.667549,2026-07-22T15:15:06.624,3,3,3,0,0
86392.670110,2026-07-22T15:15:06.626,3,3,3,0,0
86392.672616,2026-07-22T15:15:06.629,3,3,3,0,0
86392.674953,2026-07-22T15:15:06.631,3,3,3,0,0
86392.677472,2026-07-22T15:15:06.634,3,3,3,0,0
86392.679497,2026-07-22T15:15:06.636,3,3,3,0,0
86392.682004,2026-07-22T15:15:06.638,3,3,3,0,0
86392.684624,2026-07-22T15:15:06.641,3,3,3,0,0
86392.687304,2026-07-22T15:15:06.644,3,3,3,0,0
86392.689820,2026-07-22T15:15:06.646,3,3,3,0,0
86392.692536,2026-07-22T15:15:06.649,3,3,3,0,0
86392.695042,2026-07-22T15:15:06.651,3,3,3,0,0
86392.697549,2026-07-22T15:15:06.654,3,3,3,0,0
86392.700056,2026-07-22T15:15:06.656,3,3,3,0,0
86392.702845,2026-07-22T15:15:06.659,3,3,3,0,0
86392.705363,2026-07-22T15:15:06.662,3,3,3,0,0
86392.708172,2026-07-22T15:15:06.665,3,3,3,0,0
86392.710779,2026-07-22T15:15:06.667,3,3,3,0,0
86392.713398,2026-07-22T15:15:06.670,3,3,3,0,0
86392.715906,2026-07-22T15:15:06.672,3,3,3,0,0
86392.717944,2026-07-22T15:15:06.674,3,3,3,0,0
86392.720553,2026-07-22T15:15:06.677,3,3,3,0,0
86392.723073,2026-07-22T15:15:06.679,3,3,3,0,0
86392.725556,2026-07-22T15:15:06.682,3,3,3,0,0
86392.728072,2026-07-22T15:15:06.684,3,3,3,0,0
86392.730546,2026-07-22T15:15:06.687,3,3,3,0,0
86392.732960,2026-07-22T15:15:06.689,3,3,3,0,0
86392.735724,2026-07-22T15:15:06.692,3,3,3,0,0
86392.738174,2026-07-22T15:15:06.695,3,3,3,0,0
86392.740198,2026-07-22T15:15:06.697,3,3,3,0,0
86392.742210,2026-07-22T15:15:06.699,3,3,3,0,0
86392.744235,2026-07-22T15:15:06.701,3,3,3,0,0
86392.746781,2026-07-22T15:15:06.703,3,3,3,0,0
86392.749363,2026-07-22T15:15:06.706,3,3,3,0,0
86392.751418,2026-07-22T15:15:06.708,3,3,3,0,0
86392.753852,2026-07-22T15:15:06.710,3,3,3,0,0
86392.756375,2026-07-22T15:15:06.713,3,3,3,0,0
86392.758684,2026-07-22T15:15:06.715,3,3,3,0,0
86392.761276,2026-07-22T15:15:06.718,3,3,3,0,0
86392.763772,2026-07-22T15:15:06.720,3,3,3,0,0
86392.765931,2026-07-22T15:15:06.722,3,3,3,0,0
86392.768444,2026-07-22T15:15:06.725,3,3,3,0,0
86392.770479,2026-07-22T15:15:06.727,3,3,3,0,0
86392.772981,2026-07-22T15:15:06.729,3,3,3,0,0
86392.775011,2026-07-22T15:15:06.731,3,3,3,0,0
86392.777476,2026-07-22T15:15:06.734,3,3,3,0,0
86392.780008,2026-07-22T15:15:06.736,3,3,3,0,0
86392.782528,2026-07-22T15:15:06.739,3,3,3,0,0
86392.785063,2026-07-22T15:15:06.741,3,3,3,0,0
86392.787472,2026-07-22T15:15:06.744,3,3,3,0,0
86392.789994,2026-07-22T15:15:06.746,3,3,3,0,0
86392.792625,2026-07-22T15:15:06.749,3,3,3,0,0
86392.795271,2026-07-22T15:15:06.752,3,3,3,0,0
86392.797787,2026-07-22T15:15:06.754,3,3,3,0,0
86392.800278,2026-07-22T15:15:06.757,3,3,3,0,0
86392.802789,2026-07-22T15:15:06.759,3,3,3,0,0
86392.805254,2026-07-22T15:15:06.762,3,3,3,0,0
86392.807278,2026-07-22T15:15:06.764,3,3,3,0,0
86392.809291,2026-07-22T15:15:06.765,3,3,3,0,0
86392.811388,2026-07-22T15:15:06.768,3,3,3,0,0
86392.813883,2026-07-22T15:15:06.770,3,3,3,0,0
86392.816352,2026-07-22T15:15:06.773,3,3,3,0,0
86392.818863,2026-07-22T15:15:06.775,3,3,3,0,0
86392.821440,2026-07-22T15:15:06.778,3,3,3,0,0
86392.824108,2026-07-22T15:15:06.780,3,3,3,0,0
86392.826320,2026-07-22T15:15:06.783,3,3,3,0,0
86392.828906,2026-07-22T15:15:06.785,3,3,3,0,0
86392.831381,2026-07-22T15:15:06.788,3,3,3,0,0
86392.833900,2026-07-22T15:15:06.790,3,3,3,0,0
86392.835945,2026-07-22T15:15:06.792,3,3,3,0,0
86392.837970,2026-07-22T15:15:06.794,3,3,3,0,0
86392.840489,2026-07-22T15:15:06.797,3,3,3,0,0
86392.842516,2026-07-22T15:15:06.799,3,3,3,0,0
86392.845036,2026-07-22T15:15:06.801,3,3,3,0,0
86392.847525,2026-07-22T15:15:06.804,3,3,3,0,0
86392.849902,2026-07-22T15:15:06.806,3,3,3,0,0
86392.852423,2026-07-22T15:15:06.809,3,3,3,0,0
86392.854919,2026-07-22T15:15:06.811,3,3,3,0,0
86392.857428,2026-07-22T15:15:06.814,3,3,3,0,0
86392.859953,2026-07-22T15:15:06.816,3,3,3,0,0
86392.862463,2026-07-22T15:15:06.819,3,3,3,0,0
86392.864490,2026-07-22T15:15:06.821,3,3,3,0,0
86392.866520,2026-07-22T15:15:06.823,3,3,3,0,0
86392.868545,2026-07-22T15:15:06.825,3,3,3,0,0
86392.870817,2026-07-22T15:15:06.827,3,3,3,0,0
86392.873311,2026-07-22T15:15:06.830,3,3,3,0,0
86392.875337,2026-07-22T15:15:06.832,3,3,3,0,0
86392.877787,2026-07-22T15:15:06.834,3,3,3,0,0
86392.880302,2026-07-22T15:15:06.837,3,3,3,0,0
86392.882783,2026-07-22T15:15:06.839,3,3,3,0,0
86392.885305,2026-07-22T15:15:06.842,3,3,3,0,0
86392.887791,2026-07-22T15:15:06.844,3,3,3,0,0
86392.890222,2026-07-22T15:15:06.847,3,3,3,0,0
86392.892251,2026-07-22T15:15:06.849,3,3,3,0,0
86392.894726,2026-07-22T15:15:06.851,3,3,3,0,0
86392.896768,2026-07-22T15:15:06.853,3,3,3,0,0
86392.899182,2026-07-22T15:15:06.856,3,3,3,0,0
86392.901702,2026-07-22T15:15:06.858,3,3,3,0,0
86392.904307,2026-07-22T15:15:06.861,3,3,3,0,0
86392.906767,2026-07-22T15:15:06.863,3,3,3,0,0
86392.909201,2026-07-22T15:15:06.866,3,3,3,0,0
86392.911818,2026-07-22T15:15:06.868,3,3,3,0,0
86392.914348,2026-07-22T15:15:06.871,3,3,3,0,0
86392.916870,2026-07-22T15:15:06.873,3,3,3,0,0
86392.919404,2026-07-22T15:15:06.876,3,3,3,0,0
86392.921629,2026-07-22T15:15:06.878,3,3,3,0,0
86392.924278,2026-07-22T15:15:06.881,3,3,3,0,0
86392.926872,2026-07-22T15:15:06.883,37,2,3,0,4
86392.929393,2026-07-22T15:15:06.886,37,2,3,0,4
86392.931911,2026-07-22T15:15:06.888,37,2,3,0,4
86392.934579,2026-07-22T15:15:06.891,37,2,3,0,4
86392.937108,2026-07-22T15:15:06.893,37,2,3,0,4
86392.939404,2026-07-22T15:15:06.896,37,2,3,0,4
86392.941819,2026-07-22T15:15:06.898,37,2,3,0,4
86392.944347,2026-07-22T15:15:06.901,37,2,3,0,4
86392.947132,2026-07-22T15:15:06.903,37,2,3,0,4
86392.949159,2026-07-22T15:15:06.906,37,2,3,0,4
86392.951612,2026-07-22T15:15:06.908,37,2,3,0,4
86392.954130,2026-07-22T15:15:06.910,37,2,3,0,4
86392.956663,2026-07-22T15:15:06.913,37,2,3,0,4
86392.958907,2026-07-22T15:15:06.914,37,2,3,0,4
86392.961188,2026-07-22T15:15:06.918,37,2,3,0,4
86392.963705,2026-07-22T15:15:06.920,37,2,3,0,4
86392.965739,2026-07-22T15:15:06.922,37,2,3,0,4
86392.968259,2026-07-22T15:15:06.925,37,2,3,0,4
86392.970822,2026-07-22T15:15:06.927,37,2,3,0,4
86392.973306,2026-07-22T15:15:06.930,37,2,3,0,4
86392.975831,2026-07-22T15:15:06.932,37,2,3,0,4
86392.978596,2026-07-22T15:15:06.935,37,2,3,0,4
86392.981397,2026-07-22T15:15:06.938,37,2,3,0,4
86392.983981,2026-07-22T15:15:06.940,37,2,3,0,4
86392.986716,2026-07-22T15:15:06.943,37,2,3,0,4
86392.988749,2026-07-22T15:15:06.945,37,2,3,0,4
86392.991501,2026-07-22T15:15:06.948,37,2,3,0,4
86392.994030,2026-07-22T15:15:06.950,37,2,3,0,4
86392.996636,2026-07-22T15:15:06.953,37,2,3,0,4
86392.999178,2026-07-22T15:15:06.956,37,2,3,0,4
86393.001416,2026-07-22T15:15:06.958,37,2,3,0,4
86393.003912,2026-07-22T15:15:06.960,37,2,3,0,4
86393.006528,2026-07-22T15:15:06.963,37,2,3,0,4
86393.009055,2026-07-22T15:15:06.965,37,2,3,0,4
86393.011309,2026-07-22T15:15:06.968,37,2,3,0,4
86393.013972,2026-07-22T15:15:06.970,37,2,3,0,4
86393.016839,2026-07-22T15:15:06.973,37,2,3,0,4
86393.019618,2026-07-22T15:15:06.976,37,2,3,0,4
86393.021679,2026-07-22T15:15:06.978,37,2,3,0,4
86393.024205,2026-07-22T15:15:06.981,37,2,3,0,4
86393.026737,2026-07-22T15:15:06.983,37,2,3,0,4
86393.029327,2026-07-22T15:15:06.986,37,2,3,0,4
86393.031978,2026-07-22T15:15:06.988,37,2,3,0,4
86393.034642,2026-07-22T15:15:06.991,37,2,3,0,4
86393.037194,2026-07-22T15:15:06.994,37,2,3,0,4
86393.039230,2026-07-22T15:15:06.996,37,2,3,0,4
86393.041826,2026-07-22T15:15:06.998,37,2,3,0,4
86393.044356,2026-07-22T15:15:07.001,37,2,3,0,4
86393.046853,2026-07-22T15:15:07.003,37,2,3,0,4
86393.049363,2026-07-22T15:15:07.006,37,2,3,0,4
86393.051858,2026-07-22T15:15:07.008,37,2,3,0,4
86393.054375,2026-07-22T15:15:07.011,37,2,3,0,4
86393.056911,2026-07-22T15:15:07.013,37,2,3,0,4
86393.059279,2026-07-22T15:15:07.016,37,2,3,0,4
86393.061473,2026-07-22T15:15:07.018,37,2,3,0,4
86393.064127,2026-07-22T15:15:07.020,37,2,3,0,4
86393.066628,2026-07-22T15:15:07.023,37,2,3,0,4
86393.069129,2026-07-22T15:15:07.025,37,2,3,0,4
86393.071634,2026-07-22T15:15:07.028,37,2,3,0,4
86393.074139,2026-07-22T15:15:07.031,37,2,3,0,4
86393.076674,2026-07-22T15:15:07.033,37,2,3,0,4
86393.079132,2026-07-22T15:15:07.035,37,2,3,0,4
86393.081647,2026-07-22T15:15:07.038,37,2,3,0,4
86393.084258,2026-07-22T15:15:07.041,37,2,3,0,4
86393.086757,2026-07-22T15:15:07.043,37,2,3,0,4
86393.088778,2026-07-22T15:15:07.045,37,2,3,0,4
86393.091362,2026-07-22T15:15:07.048,37,2,3,0,4
86393.093875,2026-07-22T15:15:07.050,37,2,3,0,4
86393.095895,2026-07-22T15:15:07.052,37,2,3,0,4
86393.098403,2026-07-22T15:15:07.055,37,2,3,0,4
86393.100888,2026-07-22T15:15:07.057,37,2,3,0,4
86393.103536,2026-07-22T15:15:07.060,37,2,3,0,4
86393.105562,2026-07-22T15:15:07.062,37,2,3,0,4
86393.107947,2026-07-22T15:15:07.064,37,2,3,0,4
86393.110463,2026-07-22T15:15:07.067,37,2,3,0,4
86393.112976,2026-07-22T15:15:07.069,37,2,3,0,4
86393.115467,2026-07-22T15:15:07.072,37,2,3,0,4
86393.117931,2026-07-22T15:15:07.074,37,2,3,0,4
86393.120438,2026-07-22T15:15:07.077,37,2,3,0,4
86393.122642,2026-07-22T15:15:07.079,37,2,3,0,4
86393.125194,2026-07-22T15:15:07.082,37,2,3,0,4
86393.127690,2026-07-22T15:15:07.084,37,2,3,0,4
86393.130158,2026-07-22T15:15:07.087,37,2,3,0,4
86393.132192,2026-07-22T15:15:07.089,37,2,3,0,4
86393.134663,2026-07-22T15:15:07.091,37,2,3,0,4
86393.137186,2026-07-22T15:15:07.094,37,2,3,0,4
86393.139706,2026-07-22T15:15:07.096,37,2,3,0,4
86393.142111,2026-07-22T15:15:07.098,37,2,3,0,4
86393.144217,2026-07-22T15:15:07.101,37,2,3,0,4
86393.146677,2026-07-22T15:15:07.103,37,2,3,0,4
86393.148709,2026-07-22T15:15:07.105,37,2,3,0,4
86393.151146,2026-07-22T15:15:07.107,37,2,3,0,4
86393.153657,2026-07-22T15:15:07.110,37,2,3,0,4
86393.156189,2026-07-22T15:15:07.113,37,2,3,0,4
86393.158816,2026-07-22T15:15:07.115,37,2,3,0,4
86393.161460,2026-07-22T15:15:07.118,37,2,3,0,4
86393.164161,2026-07-22T15:15:07.121,37,2,3,0,4
86393.166198,2026-07-22T15:15:07.123,37,2,3,0,4
86393.168894,2026-07-22T15:15:07.125,37,2,3,0,4
86393.170930,2026-07-22T15:15:07.127,37,2,3,0,4
86393.173529,2026-07-22T15:15:07.130,37,2,3,0,4
86393.175973,2026-07-22T15:15:07.132,37,2,3,0,4
86393.178498,2026-07-22T15:15:07.135,37,2,3,0,4
86393.180922,2026-07-22T15:15:07.137,37,2,3,0,4
86393.183375,2026-07-22T15:15:07.140,37,2,3,0,4
86393.185916,2026-07-22T15:15:07.142,37,2,3,0,4
86393.187951,2026-07-22T15:15:07.144,37,2,3,0,4
86393.190387,2026-07-22T15:15:07.147,37,2,3,0,4
86393.192902,2026-07-22T15:15:07.149,37,2,3,0,4
86393.195352,2026-07-22T15:15:07.152,37,2,3,0,4
86393.197857,2026-07-22T15:15:07.154,37,2,3,0,4
86393.200283,2026-07-22T15:15:07.157,37,2,3,0,4
86393.202720,2026-07-22T15:15:07.159,37,2,3,0,4
86393.205005,2026-07-22T15:15:07.161,37,2,3,0,4
86393.207482,2026-07-22T15:15:07.164,37,2,3,0,4
86393.209991,2026-07-22T15:15:07.166,37,2,3,0,4
86393.212012,2026-07-22T15:15:07.168,37,2,3,0,4
86393.214526,2026-07-22T15:15:07.171,37,2,3,0,4
86393.217077,2026-07-22T15:15:07.173,37,2,3,0,4
86393.219545,2026-07-22T15:15:07.176,37,2,3,0,4
86393.221592,2026-07-22T15:15:07.178,37,2,3,0,4
86393.224203,2026-07-22T15:15:07.181,37,2,3,0,4
86393.226712,2026-07-22T15:15:07.183,37,2,3,0,4
86393.228771,2026-07-22T15:15:07.185,37,2,3,0,4
86393.231291,2026-07-22T15:15:07.188,37,2,3,0,4
86393.233864,2026-07-22T15:15:07.190,37,2,3,0,4
86393.236509,2026-07-22T15:15:07.193,37,2,3,0,4
86393.238537,2026-07-22T15:15:07.195,37,2,3,0,4
86393.240956,2026-07-22T15:15:07.197,37,2,3,0,4
86393.243472,2026-07-22T15:15:07.200,37,2,3,0,4
86393.245972,2026-07-22T15:15:07.202,37,2,3,0,4
86393.248496,2026-07-22T15:15:07.205,37,2,3,0,4
86393.250947,2026-07-22T15:15:07.207,37,2,3,0,4
86393.253471,2026-07-22T15:15:07.210,37,2,3,0,4
86393.256191,2026-07-22T15:15:07.213,37,2,3,0,4
86393.258689,2026-07-22T15:15:07.215,37,2,3,0,4
86393.260825,2026-07-22T15:15:07.217,37,2,3,0,4
86393.263501,2026-07-22T15:15:07.220,7,0,3,0,8
86393.265525,2026-07-22T15:15:07.222,7,0,3,0,8
86393.268115,2026-07-22T15:15:07.224,7,0,3,0,8
86393.270840,2026-07-22T15:15:07.227,7,0,3,0,8
86393.273562,2026-07-22T15:15:07.230,7,0,3,0,8
86393.276119,2026-07-22T15:15:07.232,7,0,3,0,8
86393.278728,2026-07-22T15:15:07.235,7,0,3,0,8
86393.281244,2026-07-22T15:15:07.238,7,0,3,0,8
86393.283626,2026-07-22T15:15:07.240,7,0,3,0,8
86393.285662,2026-07-22T15:15:07.242,7,0,3,0,8
86393.288129,2026-07-22T15:15:07.244,7,0,3,0,8
86393.290604,2026-07-22T15:15:07.247,7,0,3,0,8
86393.293141,2026-07-22T15:15:07.249,7,0,3,0,8
86393.295669,2026-07-22T15:15:07.252,7,0,3,0,8
86393.298148,2026-07-22T15:15:07.255,7,0,3,0,8
86393.300685,2026-07-22T15:15:07.257,7,0,3,0,8
86393.303139,2026-07-22T15:15:07.260,7,0,3,0,8
86393.305679,2026-07-22T15:15:07.262,7,0,3,0,8
86393.308304,2026-07-22T15:15:07.264,7,0,3,0,8
86393.310674,2026-07-22T15:15:07.267,7,0,3,0,8
86393.312704,2026-07-22T15:15:07.269,7,0,3,0,8
86393.315370,2026-07-22T15:15:07.272,7,0,3,0,8
86393.317892,2026-07-22T15:15:07.274,7,0,3,0,8
86393.320379,2026-07-22T15:15:07.277,7,0,3,0,8
86393.322849,2026-07-22T15:15:07.279,7,0,3,0,8
86393.325492,2026-07-22T15:15:07.282,7,0,3,0,8
86393.327542,2026-07-22T15:15:07.284,7,0,3,0,8
86393.329584,2026-07-22T15:15:07.286,7,0,3,0,8
86393.331980,2026-07-22T15:15:07.288,7,0,3,0,8
86393.334484,2026-07-22T15:15:07.291,7,0,3,0,8
86393.336898,2026-07-22T15:15:07.293,7,0,3,0,8
86393.339642,2026-07-22T15:15:07.296,7,0,3,0,8
86393.342118,2026-07-22T15:15:07.298,7,0,3,0,8
86393.344606,2026-07-22T15:15:07.301,7,0,3,0,8
86393.347127,2026-07-22T15:15:07.303,7,0,3,0,8
86393.349850,2026-07-22T15:15:07.306,7,0,3,0,8
86393.352531,2026-07-22T15:15:07.309,7,0,3,0,8
86393.355337,2026-07-22T15:15:07.312,7,0,3,0,8
86393.358094,2026-07-22T15:15:07.314,7,0,3,0,8
86393.360425,2026-07-22T15:15:07.317,7,0,3,0,8
86393.363142,2026-07-22T15:15:07.319,7,0,3,0,8
86393.365638,2026-07-22T15:15:07.322,7,0,3,0,8
86393.368138,2026-07-22T15:15:07.325,7,0,3,0,8
86393.370843,2026-07-22T15:15:07.327,7,0,3,0,8
86393.373087,2026-07-22T15:15:07.329,7,0,3,0,8
86393.375722,2026-07-22T15:15:07.332,7,0,3,0,8
86393.378393,2026-07-22T15:15:07.335,7,0,3,0,8
86393.380789,2026-07-22T15:15:07.337,7,0,3,0,8
86393.383432,2026-07-22T15:15:07.340,7,0,3,0,8
86393.386019,2026-07-22T15:15:07.342,7,0,3,0,8
86393.388540,2026-07-22T15:15:07.345,7,0,3,0,8
86393.391377,2026-07-22T15:15:07.348,7,0,3,0,8
86393.393835,2026-07-22T15:15:07.350,7,0,3,0,8
86393.396525,2026-07-22T15:15:07.353,7,0,3,0,8
86393.399044,2026-07-22T15:15:07.355,7,0,3,0,8
86393.401678,2026-07-22T15:15:07.358,7,0,3,0,8
86393.404046,2026-07-22T15:15:07.360,7,0,3,0,8
86393.406704,2026-07-22T15:15:07.363,7,0,3,0,8
86393.409198,2026-07-22T15:15:07.366,7,0,3,0,8
86393.411382,2026-07-22T15:15:07.368,7,0,3,0,8
86393.413903,2026-07-22T15:15:07.370,7,0,3,0,8
86393.416348,2026-07-22T15:15:07.373,7,0,3,0,8
86393.419099,2026-07-22T15:15:07.375,7,0,3,0,8
86393.421739,2026-07-22T15:15:07.378,7,0,3,0,8
86393.424415,2026-07-22T15:15:07.381,7,0,3,0,8
86393.426818,2026-07-22T15:15:07.383,7,0,3,0,8
86393.429321,2026-07-22T15:15:07.386,7,0,3,0,8
86393.431881,2026-07-22T15:15:07.388,7,0,3,0,8
86393.434298,2026-07-22T15:15:07.391,7,0,3,0,8
86393.436756,2026-07-22T15:15:07.393,7,0,3,0,8
86393.439131,2026-07-22T15:15:07.395,7,0,3,0,8
86393.441626,2026-07-22T15:15:07.398,7,0,3,0,8
86393.444146,2026-07-22T15:15:07.401,7,0,3,0,8
86393.446598,2026-07-22T15:15:07.403,7,0,3,0,8
86393.448998,2026-07-22T15:15:07.405,7,0,3,0,8
86393.451549,2026-07-22T15:15:07.408,7,0,3,0,8
86393.453963,2026-07-22T15:15:07.410,7,0,3,0,8
86393.456436,2026-07-22T15:15:07.413,7,0,3,0,8
86393.459141,2026-07-22T15:15:07.415,7,0,3,0,8
86393.461695,2026-07-22T15:15:07.418,7,0,3,0,8
86393.463823,2026-07-22T15:15:07.420,7,0,3,0,8
86393.466323,2026-07-22T15:15:07.423,7,0,3,0,8
86393.468810,2026-07-22T15:15:07.425,7,0,3,0,8
86393.470895,2026-07-22T15:15:07.427,7,0,3,0,8
86393.473659,2026-07-22T15:15:07.430,7,0,3,0,8
86393.476150,2026-07-22T15:15:07.433,7,0,3,0,8
86393.478687,2026-07-22T15:15:07.435,7,0,3,0,8
86393.481134,2026-07-22T15:15:07.437,7,0,3,0,8
86393.483664,2026-07-22T15:15:07.440,7,0,3,0,8
86393.486130,2026-07-22T15:15:07.442,7,0,3,0,8
86393.488667,2026-07-22T15:15:07.445,7,0,3,0,8
86393.491183,2026-07-22T15:15:07.448,7,0,3,0,8
86393.493692,2026-07-22T15:15:07.450,7,0,3,0,8
86393.496110,2026-07-22T15:15:07.452,7,0,3,0,8
86393.498468,2026-07-22T15:15:07.455,7,0,3,0,8
86393.500858,2026-07-22T15:15:07.457,7,0,3,0,8
86393.503330,2026-07-22T15:15:07.460,7,0,3,0,8
86393.506023,2026-07-22T15:15:07.462,7,0,3,0,8
86393.508520,2026-07-22T15:15:07.465,3,3,3,0,0
86393.511066,2026-07-22T15:15:07.467,3,3,3,0,0
86393.513670,2026-07-22T15:15:07.470,3,3,3,0,0
86393.516437,2026-07-22T15:15:07.473,3,3,3,0,0
86393.518599,2026-07-22T15:15:07.475,3,3,3,0,0
86393.520610,2026-07-22T15:15:07.477,3,3,3,0,0
86393.522649,2026-07-22T15:15:07.479,3,3,3,0,0
86393.525127,2026-07-22T15:15:07.481,3,3,3,0,0
86393.527684,2026-07-22T15:15:07.484,3,3,3,0,0
86393.530262,2026-07-22T15:15:07.487,3,3,3,0,0
86393.532813,2026-07-22T15:15:07.489,3,3,3,0,0
86393.535310,2026-07-22T15:15:07.492,3,3,3,0,0
86393.537760,2026-07-22T15:15:07.494,3,3,3,0,0
86393.540144,2026-07-22T15:15:07.497,3,3,3,0,0
86393.542679,2026-07-22T15:15:07.499,3,3,3,0,0
86393.545290,2026-07-22T15:15:07.502,3,3,3,0,0
86393.547782,2026-07-22T15:15:07.504,3,3,3,0,0
86393.550264,2026-07-22T15:15:07.507,3,3,3,0,0
86393.552776,2026-07-22T15:15:07.509,3,3,3,0,0
86393.555482,2026-07-22T15:15:07.512,3,3,3,0,0
86393.557898,2026-07-22T15:15:07.514,3,3,3,0,0
86393.560057,2026-07-22T15:15:07.516,3,3,3,0,0
86393.562748,2026-07-22T15:15:07.519,3,3,3,0,0
86393.565539,2026-07-22T15:15:07.522,3,3,3,0,0
86393.567986,2026-07-22T15:15:07.524,3,3,3,0,0
86393.570643,2026-07-22T15:15:07.527,3,3,3,0,0
86393.572999,2026-07-22T15:15:07.529,3,3,3,0,0
86393.575588,2026-07-22T15:15:07.532,3,3,3,0,0
86393.577939,2026-07-22T15:15:07.534,3,3,3,0,0
86393.580600,2026-07-22T15:15:07.537,3,3,3,0,0
86393.583294,2026-07-22T15:15:07.539,3,3,3,0,0
86393.585465,2026-07-22T15:15:07.542,3,3,3,0,0
86393.587873,2026-07-22T15:15:07.544,3,3,3,0,0
86393.590427,2026-07-22T15:15:07.547,3,3,3,0,0
86393.592953,2026-07-22T15:15:07.549,3,3,3,0,0
86393.595647,2026-07-22T15:15:07.552,3,3,3,0,0
86393.598218,2026-07-22T15:15:07.554,3,3,3,0,0
86393.600756,2026-07-22T15:15:07.557,3,3,3,0,0
86393.603176,2026-07-22T15:15:07.560,3,3,3,0,0
86393.605546,2026-07-22T15:15:07.562,3,3,3,0,0
86393.607938,2026-07-22T15:15:07.564,3,3,3,0,0
86393.610656,2026-07-22T15:15:07.567,3,3,3,0,0
86393.613334,2026-07-22T15:15:07.570,3,3,3,0,0
86393.615733,2026-07-22T15:15:07.572,3,3,3,0,0
86393.618430,2026-07-22T15:15:07.575,3,3,3,0,0
86393.620708,2026-07-22T15:15:07.577,3,3,3,0,0
86393.623329,2026-07-22T15:15:07.580,3,3,3,0,0
86393.625870,2026-07-22T15:15:07.582,3,3,3,0,0
86393.628403,2026-07-22T15:15:07.585,3,3,3,0,0
86393.631215,2026-07-22T15:15:07.588,3,3,3,0,0
86393.633808,2026-07-22T15:15:07.590,3,3,3,0,0
86393.636538,2026-07-22T15:15:07.593,3,3,3,0,0
86393.639282,2026-07-22T15:15:07.596,3,3,3,0,0
86393.641801,2026-07-22T15:15:07.598,3,3,3,0,0
86393.644384,2026-07-22T15:15:07.601,3,3,3,0,0
86393.647045,2026-07-22T15:15:07.603,3,3,3,0,0
86393.649680,2026-07-22T15:15:07.606,3,3,3,0,0
86393.652157,2026-07-22T15:15:07.609,3,3,3,0,0
86393.654638,2026-07-22T15:15:07.611,3,3,3,0,0
86393.657194,2026-07-22T15:15:07.614,3,3,3,0,0
86393.659273,2026-07-22T15:15:07.616,3,3,3,0,0
86393.661841,2026-07-22T15:15:07.618,3,3,3,0,0
86393.664197,2026-07-22T15:15:07.621,3,3,3,0,0
86393.666711,2026-07-22T15:15:07.623,3,3,3,0,0
86393.669334,2026-07-22T15:15:07.626,3,3,3,0,0
86393.672117,2026-07-22T15:15:07.628,3,3,3,0,0
86393.674692,2026-07-22T15:15:07.631,3,3,3,0,0
86393.677487,2026-07-22T15:15:07.634,3,3,3,0,0
86393.680108,2026-07-22T15:15:07.636,3,3,3,0,0
86393.682673,2026-07-22T15:15:07.639,3,3,3,0,0
86393.685220,2026-07-22T15:15:07.642,3,3,3,0,0
86393.687747,2026-07-22T15:15:07.644,3,3,3,0,0
86393.690213,2026-07-22T15:15:07.647,3,3,3,0,0
86393.692880,2026-07-22T15:15:07.649,3,3,3,0,0
86393.695444,2026-07-22T15:15:07.652,3,3,3,0,0
86393.697968,2026-07-22T15:15:07.654,3,3,3,0,0
86393.700560,2026-07-22T15:15:07.657,3,3,3,0,0
86393.703064,2026-07-22T15:15:07.659,3,3,3,0,0
86393.705170,2026-07-22T15:15:07.661,3,3,3,0,0
86393.707743,2026-07-22T15:15:07.664,3,3,3,0,0
86393.710410,2026-07-22T15:15:07.666,3,3,3,0,0
86393.712557,2026-07-22T15:15:07.669,3,3,3,0,0
86393.714567,2026-07-22T15:15:07.671,3,3,3,0,0
86393.716975,2026-07-22T15:15:07.673,3,3,3,0,0
86393.719693,2026-07-22T15:15:07.676,3,3,3,0,0
86393.722486,2026-07-22T15:15:07.679,3,3,3,0,0
86393.724820,2026-07-22T15:15:07.681,3,3,3,0,0
86393.727450,2026-07-22T15:15:07.684,3,3,3,0,0
86393.729968,2026-07-22T15:15:07.686,3,3,3,0,0
86393.731978,2026-07-22T15:15:07.688,3,3,3,0,0
86393.734084,2026-07-22T15:15:07.690,3,3,3,0,0
86393.736784,2026-07-22T15:15:07.693,3,3,3,0,0
86393.739381,2026-07-22T15:15:07.696,3,3,3,0,0
86393.741916,2026-07-22T15:15:07.698,3,3,3,0,0
86393.744414,2026-07-22T15:15:07.701,3,3,3,0,0
86393.746830,2026-07-22T15:15:07.703,3,3,3,0,0
86393.749376,2026-07-22T15:15:07.706,3,3,3,0,0
86393.751824,2026-07-22T15:15:07.708,3,3,3,0,0
86393.754286,2026-07-22T15:15:07.711,3,3,3,0,0
86393.756833,2026-07-22T15:15:07.713,3,3,3,0,0
86393.760108,2026-07-22T15:15:07.716,3,3,3,0,0
86393.762181,2026-07-22T15:15:07.719,3,3,3,0,0
86393.764214,2026-07-22T15:15:07.721,3,3,3,0,0
86393.766247,2026-07-22T15:15:07.723,3,3,3,0,0
86393.768289,2026-07-22T15:15:07.725,3,3,3,0,0
86393.770320,2026-07-22T15:15:07.727,3,3,3,0,0
86393.772856,2026-07-22T15:15:07.729,3,3,3,0,0
86393.775370,2026-07-22T15:15:07.732,3,3,3,0,0
86393.777386,2026-07-22T15:15:07.734,3,3,3,0,0
86393.779424,2026-07-22T15:15:07.736,3,3,3,0,0
86393.781933,2026-07-22T15:15:07.738,3,3,3,0,0
86393.783966,2026-07-22T15:15:07.740,3,3,3,0,0
86393.786463,2026-07-22T15:15:07.743,3,3,3,0,0
86393.788535,2026-07-22T15:15:07.745,3,3,3,0,0
86393.790582,2026-07-22T15:15:07.747,3,3,3,0,0
86393.792635,2026-07-22T15:15:07.749,3,3,3,0,0
86393.794689,2026-07-22T15:15:07.751,3,3,3,0,0
86393.796753,2026-07-22T15:15:07.753,3,3,3,0,0
86393.798796,2026-07-22T15:15:07.755,3,3,3,0,0
86393.801306,2026-07-22T15:15:07.758,3,3,3,0,0
86393.803815,2026-07-22T15:15:07.760,3,3,3,0,0
86393.806232,2026-07-22T15:15:07.763,3,3,3,0,0
86393.808793,2026-07-22T15:15:07.765,3,3,3,0,0
86393.810912,2026-07-22T15:15:07.767,3,3,3,0,0
86393.813411,2026-07-22T15:15:07.770,3,3,3,0,0
86393.816008,2026-07-22T15:15:07.772,3,3,3,0,0
86393.818488,2026-07-22T15:15:07.775,3,3,3,0,0
86393.820957,2026-07-22T15:15:07.777,3,3,3,0,0
86393.823496,2026-07-22T15:15:07.780,3,3,3,0,0
86393.826096,2026-07-22T15:15:07.782,3,3,3,0,0
86393.828767,2026-07-22T15:15:07.785,3,3,3,0,0
86393.831225,2026-07-22T15:15:07.788,3,3,3,0,0
86393.833633,2026-07-22T15:15:07.790,3,3,3,0,0
86393.836143,2026-07-22T15:15:07.793,3,3,3,0,0
86393.838650,2026-07-22T15:15:07.795,3,3,3,0,0
86393.841140,2026-07-22T15:15:07.798,3,3,3,0,0
86393.843590,2026-07-22T15:15:07.800,3,3,3,0,0
86393.845987,2026-07-22T15:15:07.802,3,3,3,0,0
86393.848438,2026-07-22T15:15:07.805,3,3,3,0,0
86393.850926,2026-07-22T15:15:07.807,3,3,3,0,0
86393.853449,2026-07-22T15:15:07.810,3,3,3,0,0
86393.855824,2026-07-22T15:15:07.812,3,3,3,0,0
86393.858261,2026-07-22T15:15:07.815,3,3,3,0,0
86393.860595,2026-07-22T15:15:07.817,3,3,3,0,0
86393.863017,2026-07-22T15:15:07.819,3,3,3,0,0
86393.865636,2026-07-22T15:15:07.822,3,3,3,0,0
86393.867663,2026-07-22T15:15:07.824,3,3,3,0,0
86393.870036,2026-07-22T15:15:07.826,3,3,3,0,0
86393.872828,2026-07-22T15:15:07.829,3,3,3,0,0
86393.875397,2026-07-22T15:15:07.832,3,3,3,0,0
86393.877794,2026-07-22T15:15:07.834,3,3,3,0,0
86393.880220,2026-07-22T15:15:07.837,3,3,3,0,0
86393.882671,2026-07-22T15:15:07.839,3,3,3,0,0
86393.885141,2026-07-22T15:15:07.842,3,3,3,0,0
86393.887592,2026-07-22T15:15:07.844,3,3,3,0,0
86393.889959,2026-07-22T15:15:07.846,3,3,3,0,0
86393.892481,2026-07-22T15:15:07.849,3,3,3,0,0
86393.894962,2026-07-22T15:15:07.851,3,3,3,0,0
86393.897484,2026-07-22T15:15:07.854,3,3,3,0,0
86393.899990,2026-07-22T15:15:07.856,3,3,3,0,0
86393.902748,2026-07-22T15:15:07.859,3,3,3,0,0
86393.905238,2026-07-22T15:15:07.862,3,3,3,0,0
86393.907894,2026-07-22T15:15:07.864,3,3,3,0,0
86393.910325,2026-07-22T15:15:07.867,3,3,3,0,0
86393.912410,2026-07-22T15:15:07.869,3,3,3,0,0
86393.914499,2026-07-22T15:15:07.871,3,3,3,0,0
86393.916946,2026-07-22T15:15:07.873,3,3,3,0,0
86393.919470,2026-07-22T15:15:07.876,3,3,3,0,0
86393.921922,2026-07-22T15:15:07.878,3,3,3,0,0
86393.924232,2026-07-22T15:15:07.881,3,3,3,0,0
86393.926673,2026-07-22T15:15:07.883,3,3,3,0,0
86393.929197,2026-07-22T15:15:07.885,3,3,3,0,0
86393.931687,2026-07-22T15:15:07.888,3,3,3,0,0
86393.934121,2026-07-22T15:15:07.890,3,3,3,0,0
86393.936614,2026-07-22T15:15:07.893,3,3,3,0,0
86393.939369,2026-07-22T15:15:07.896,3,3,3,0,0
86393.941786,2026-07-22T15:15:07.898,3,3,3,0,0
86393.944434,2026-07-22T15:15:07.901,3,3,3,0,0
86393.946691,2026-07-22T15:15:07.903,3,3,3,0,0
86393.949038,2026-07-22T15:15:07.905,3,3,3,0,0
86393.951456,2026-07-22T15:15:07.908,3,3,3,0,0
86393.953836,2026-07-22T15:15:07.910,3,3,3,0,0
86393.956423,2026-07-22T15:15:07.913,3,3,3,0,0
86393.958831,2026-07-22T15:15:07.915,3,3,3,0,0
86393.961674,2026-07-22T15:15:07.918,3,3,3,0,0
86393.964296,2026-07-22T15:15:07.921,3,3,3,0,0
86393.966826,2026-07-22T15:15:07.923,3,3,3,0,0
86393.969311,2026-07-22T15:15:07.926,3,3,3,0,0
86393.971592,2026-07-22T15:15:07.928,3,3,3,0,0
86393.974152,2026-07-22T15:15:07.931,3,3,3,0,0
86393.976849,2026-07-22T15:15:07.933,3,3,3,0,0
86393.979383,2026-07-22T15:15:07.936,3,3,3,0,0
86393.982127,2026-07-22T15:15:07.938,3,3,3,0,0
86393.984789,2026-07-22T15:15:07.941,3,3,3,0,0
86393.987413,2026-07-22T15:15:07.944,3,3,3,0,0
86393.989833,2026-07-22T15:15:07.946,3,3,3,0,0
86393.992255,2026-07-22T15:15:07.949,3,3,3,0,0
86393.994737,2026-07-22T15:15:07.951,3,3,3,0,0
86393.997278,2026-07-22T15:15:07.954,3,3,3,0,0
86393.999776,2026-07-22T15:15:07.956,3,3,3,0,0
86394.002168,2026-07-22T15:15:07.959,3,3,3,0,0
86394.004960,2026-07-22T15:15:07.961,3,3,3,0,0
86394.007380,2026-07-22T15:15:07.964,3,3,3,0,0
86394.009819,2026-07-22T15:15:07.966,3,3,3,0,0
86394.012338,2026-07-22T15:15:07.969,3,3,3,0,0
86394.014702,2026-07-22T15:15:07.971,3,3,3,0,0
86394.017497,2026-07-22T15:15:07.974,3,3,3,0,0
86394.019530,2026-07-22T15:15:07.976,3,3,3,0,0
86394.022057,2026-07-22T15:15:07.978,3,3,3,0,0
86394.024568,2026-07-22T15:15:07.981,3,3,3,0,0
86394.026971,2026-07-22T15:15:07.983,3,3,3,0,0
86394.029620,2026-07-22T15:15:07.986,3,3,3,0,0
86394.031738,2026-07-22T15:15:07.988,3,3,3,0,0
86394.034131,2026-07-22T15:15:07.990,3,3,3,0,0
86394.036161,2026-07-22T15:15:07.993,3,3,3,0,0
86394.038188,2026-07-22T15:15:07.995,3,3,3,0,0
86394.040690,2026-07-22T15:15:07.997,3,3,3,0,0
86394.042719,2026-07-22T15:15:07.999,3,3,3,0,0
86394.045143,2026-07-22T15:15:08.002,3,3,3,0,0
86394.047178,2026-07-22T15:15:08.004,3,3,3,0,0
86394.049614,2026-07-22T15:15:08.006,3,3,3,0,0
86394.052137,2026-07-22T15:15:08.008,3,3,3,0,0
86394.054664,2026-07-22T15:15:08.011,3,3,3,0,0
86394.057312,2026-07-22T15:15:08.014,3,3,3,0,0
86394.059448,2026-07-22T15:15:08.016,3,3,3,0,0
86394.061749,2026-07-22T15:15:08.018,3,3,3,0,0
86394.064267,2026-07-22T15:15:08.021,3,3,3,0,0
86394.066778,2026-07-22T15:15:08.023,3,3,3,0,0
86394.069276,2026-07-22T15:15:08.026,3,3,3,0,0
86394.071805,2026-07-22T15:15:08.028,3,3,3,0,0
86394.074288,2026-07-22T15:15:08.031,3,3,3,0,0
86394.076572,2026-07-22T15:15:08.033,3,3,3,0,0
86394.079115,2026-07-22T15:15:08.035,3,3,3,0,0
86394.081611,2026-07-22T15:15:08.038,3,3,3,0,0
86394.084210,2026-07-22T15:15:08.041,3,3,3,0,0
86394.086739,2026-07-22T15:15:08.043,3,3,3,0,0
86394.089260,2026-07-22T15:15:08.046,3,3,3,0,0
86394.091289,2026-07-22T15:15:08.048,3,3,3,0,0
86394.093775,2026-07-22T15:15:08.050,3,3,3,0,0
86394.096205,2026-07-22T15:15:08.053,3,3,3,0,0
86394.098896,2026-07-22T15:15:08.055,3,3,3,0,0
86394.100936,2026-07-22T15:15:08.057,3,3,3,0,0
86394.102968,2026-07-22T15:15:08.059,3,3,3,0,0
86394.105477,2026-07-22T15:15:08.062,3,3,3,0,0
86394.107989,2026-07-22T15:15:08.064,3,3,3,0,0
86394.110520,2026-07-22T15:15:08.067,3,3,3,0,0
86394.113305,2026-07-22T15:15:08.069,3,3,3,0,0
86394.115415,2026-07-22T15:15:08.072,3,3,3,0,0
86394.118134,2026-07-22T15:15:08.074,3,3,3,0,0
86394.120163,2026-07-22T15:15:08.077,3,3,3,0,0
86394.122618,2026-07-22T15:15:08.079,3,3,3,0,0
86394.125133,2026-07-22T15:15:08.081,3,3,3,0,0
86394.127600,2026-07-22T15:15:08.084,3,3,3,0,0
86394.129612,2026-07-22T15:15:08.086,3,3,3,0,0
86394.131654,2026-07-22T15:15:08.088,3,3,3,0,0
86394.134142,2026-07-22T15:15:08.091,3,3,3,0,0
86394.136188,2026-07-22T15:15:08.093,3,3,3,0,0
86394.138680,2026-07-22T15:15:08.095,3,3,3,0,0
86394.141203,2026-07-22T15:15:08.098,3,3,3,0,0
86394.143724,2026-07-22T15:15:08.100,3,3,3,0,0
86394.146126,2026-07-22T15:15:08.102,3,3,3,0,0
86394.148667,2026-07-22T15:15:08.105,3,3,3,0,0
86394.151263,2026-07-22T15:15:08.108,3,3,3,0,0
86394.153295,2026-07-22T15:15:08.110,3,3,3,0,0
86394.155767,2026-07-22T15:15:08.112,3,3,3,0,0
86394.158296,2026-07-22T15:15:08.115,3,3,3,0,0
86394.160396,2026-07-22T15:15:08.117,3,3,3,0,0
86394.163261,2026-07-22T15:15:08.120,3,3,3,0,0
86394.165612,2026-07-22T15:15:08.122,3,3,3,0,0
86394.167651,2026-07-22T15:15:08.124,3,3,3,0,0
86394.170181,2026-07-22T15:15:08.127,3,3,3,0,0
86394.172654,2026-07-22T15:15:08.129,3,3,3,0,0
86394.175162,2026-07-22T15:15:08.132,3,3,3,0,0
86394.177627,2026-07-22T15:15:08.134,3,3,3,0,0
86394.180141,2026-07-22T15:15:08.136,3,3,3,0,0
86394.182767,2026-07-22T15:15:08.139,3,3,3,0,0
86394.185247,2026-07-22T15:15:08.142,3,3,3,0,0
86394.187270,2026-07-22T15:15:08.144,3,3,3,0,0
86394.189773,2026-07-22T15:15:08.146,3,3,3,0,0
86394.191804,2026-07-22T15:15:08.148,3,3,3,0,0
86394.194234,2026-07-22T15:15:08.151,3,3,3,0,0
86394.196775,2026-07-22T15:15:08.153,3,3,3,0,0
86394.199455,2026-07-22T15:15:08.156,3,3,3,0,0
86394.201934,2026-07-22T15:15:08.158,3,3,3,0,0
86394.203957,2026-07-22T15:15:08.160,3,3,3,0,0
86394.206440,2026-07-22T15:15:08.163,3,3,3,0,0
86394.208968,2026-07-22T15:15:08.165,3,3,3,0,0
86394.211242,2026-07-22T15:15:08.168,3,3,3,0,0
86394.213775,2026-07-22T15:15:08.170,3,3,3,0,0
86394.216408,2026-07-22T15:15:08.173,3,3,3,0,0
86394.219206,2026-07-22T15:15:08.176,3,3,3,0,0
86394.221902,2026-07-22T15:15:08.178,3,3,3,0,0
86394.224426,2026-07-22T15:15:08.181,3,3,3,0,0
86394.226768,2026-07-22T15:15:08.183,3,3,3,0,0
86394.228943,2026-07-22T15:15:08.185,3,3,3,0,0
86394.231470,2026-07-22T15:15:08.188,3,3,3,0,0
86394.233987,2026-07-22T15:15:08.190,3,3,3,0,0
86394.236522,2026-07-22T15:15:08.193,3,3,3,0,0
86394.239127,2026-07-22T15:15:08.195,3,3,3,0,0
86394.241671,2026-07-22T15:15:08.198,3,3,3,0,0
86394.244398,2026-07-22T15:15:08.201,3,3,3,0,0
86394.246957,2026-07-22T15:15:08.203,3,3,3,0,0
86394.249001,2026-07-22T15:15:08.205,3,3,3,0,0
86394.251599,2026-07-22T15:15:08.208,3,3,3,0,0
86394.254125,2026-07-22T15:15:08.210,3,3,3,0,0
86394.256643,2026-07-22T15:15:08.213,3,3,3,0,0
86394.259191,2026-07-22T15:15:08.216,3,3,3,0,0
86394.261921,2026-07-22T15:15:08.218,3,3,3,0,0
86394.264417,2026-07-22T15:15:08.221,3,3,3,0,0
86394.266943,2026-07-22T15:15:08.223,3,3,3,0,0
86394.269600,2026-07-22T15:15:08.226,3,3,3,0,0
86394.272111,2026-07-22T15:15:08.228,3,3,3,0,0
86394.274652,2026-07-22T15:15:08.231,3,3,3,0,0
86394.277175,2026-07-22T15:15:08.234,3,3,3,0,0
86394.279694,2026-07-22T15:15:08.236,3,3,3,0,0
86394.282221,2026-07-22T15:15:08.239,3,3,3,0,0
86394.284662,2026-07-22T15:15:08.241,3,3,3,0,0
86394.287183,2026-07-22T15:15:08.244,3,3,3,0,0
86394.289681,2026-07-22T15:15:08.246,3,3,3,0,0
86394.292108,2026-07-22T15:15:08.248,3,3,3,0,0
86394.294609,2026-07-22T15:15:08.251,3,3,3,0,0
86394.297122,2026-07-22T15:15:08.253,3,3,3,0,0
86394.299623,2026-07-22T15:15:08.256,3,3,3,0,0
86394.302055,2026-07-22T15:15:08.258,3,3,3,0,0
86394.304565,2026-07-22T15:15:08.261,3,3,3,0,0
86394.307068,2026-07-22T15:15:08.263,3,3,3,0,0
86394.309090,2026-07-22T15:15:08.265,3,3,3,0,0
86394.311504,2026-07-22T15:15:08.268,3,3,3,0,0
86394.314278,2026-07-22T15:15:08.271,3,3,3,0,0
86394.316798,2026-07-22T15:15:08.273,3,3,3,0,0
86394.318821,2026-07-22T15:15:08.275,3,3,3,0,0
86394.320874,2026-07-22T15:15:08.277,3,3,3,0,0
86394.323540,2026-07-22T15:15:08.280,3,3,3,0,0
86394.326043,2026-07-22T15:15:08.282,3,3,3,0,0
86394.328599,2026-07-22T15:15:08.285,3,3,3,0,0
86394.331101,2026-07-22T15:15:08.287,3,3,3,0,0
86394.333132,2026-07-22T15:15:08.289,3,3,3,0,0
86394.335721,2026-07-22T15:15:08.292,37,2,3,0,5
86394.338048,2026-07-22T15:15:08.294,37,2,3,0,5
86394.340525,2026-07-22T15:15:08.297,37,2,3,0,5
86394.342654,2026-07-22T15:15:08.299,37,2,3,0,5
86394.345042,2026-07-22T15:15:08.301,37,2,3,0,5
86394.347804,2026-07-22T15:15:08.304,37,2,3,0,5
86394.350332,2026-07-22T15:15:08.307,37,2,3,0,5
86394.352789,2026-07-22T15:15:08.309,37,2,3,0,5
86394.355332,2026-07-22T15:15:08.312,37,2,3,0,5
86394.357675,2026-07-22T15:15:08.314,37,2,3,0,5
86394.360229,2026-07-22T15:15:08.317,37,2,3,0,5
86394.362585,2026-07-22T15:15:08.318,37,2,3,0,5
86394.364750,2026-07-22T15:15:08.321,37,2,3,0,5
86394.366845,2026-07-22T15:15:08.323,37,2,3,0,5
86394.369348,2026-07-22T15:15:08.326,37,2,3,0,5
86394.371374,2026-07-22T15:15:08.328,37,2,3,0,5
86394.373405,2026-07-22T15:15:08.330,37,2,3,0,5
86394.375417,2026-07-22T15:15:08.332,37,2,3,0,5
86394.377444,2026-07-22T15:15:08.334,37,2,3,0,5
86394.379473,2026-07-22T15:15:08.336,37,2,3,0,5
86394.381841,2026-07-22T15:15:08.338,37,2,3,0,5
86394.384370,2026-07-22T15:15:08.341,37,2,3,0,5
86394.387020,2026-07-22T15:15:08.343,37,2,3,0,5
86394.389542,2026-07-22T15:15:08.346,37,2,3,0,5
86394.392210,2026-07-22T15:15:08.349,37,2,3,0,5
86394.394784,2026-07-22T15:15:08.351,37,2,3,0,5
86394.397301,2026-07-22T15:15:08.354,37,2,3,0,5
86394.399760,2026-07-22T15:15:08.356,37,2,3,0,5
86394.401843,2026-07-22T15:15:08.358,37,2,3,0,5
86394.404401,2026-07-22T15:15:08.361,37,2,3,0,5
86394.406442,2026-07-22T15:15:08.363,37,2,3,0,5
86394.408466,2026-07-22T15:15:08.365,37,2,3,0,5
86394.410477,2026-07-22T15:15:08.367,37,2,3,0,5
86394.412509,2026-07-22T15:15:08.369,37,2,3,0,5
86394.414597,2026-07-22T15:15:08.371,37,2,3,0,5
86394.417133,2026-07-22T15:15:08.373,37,2,3,0,5
86394.419891,2026-07-22T15:15:08.376,37,2,3,0,5
86394.422422,2026-07-22T15:15:08.379,37,2,3,0,5
86394.424550,2026-07-22T15:15:08.381,37,2,3,0,5
86394.427206,2026-07-22T15:15:08.384,37,2,3,0,5
86394.429935,2026-07-22T15:15:08.386,37,2,3,0,5
86394.432675,2026-07-22T15:15:08.389,37,2,3,0,5
86394.435296,2026-07-22T15:15:08.392,37,2,3,0,5
86394.437307,2026-07-22T15:15:08.394,37,2,3,0,5
86394.439337,2026-07-22T15:15:08.396,37,2,3,0,5
86394.441865,2026-07-22T15:15:08.398,37,2,3,0,5
86394.444598,2026-07-22T15:15:08.401,37,2,3,0,5
86394.446965,2026-07-22T15:15:08.403,37,2,3,0,5
86394.449068,2026-07-22T15:15:08.405,37,2,3,0,5
86394.451578,2026-07-22T15:15:08.408,37,2,3,0,5
86394.453649,2026-07-22T15:15:08.410,37,2,3,0,5
86394.456171,2026-07-22T15:15:08.413,37,2,3,0,5
86394.458655,2026-07-22T15:15:08.415,37,2,3,0,5
86394.461416,2026-07-22T15:15:08.418,37,2,3,0,5
86394.463931,2026-07-22T15:15:08.420,37,2,3,0,5
86394.466435,2026-07-22T15:15:08.423,37,2,3,0,5
86394.468937,2026-07-22T15:15:08.425,37,2,3,0,5
86394.471682,2026-07-22T15:15:08.428,37,2,3,0,5
86394.474193,2026-07-22T15:15:08.431,37,2,3,0,5
86394.476717,2026-07-22T15:15:08.433,37,2,3,0,5
86394.479235,2026-07-22T15:15:08.436,37,2,3,0,5
86394.481812,2026-07-22T15:15:08.438,37,2,3,0,5
86394.484336,2026-07-22T15:15:08.441,37,2,3,0,5
86394.486939,2026-07-22T15:15:08.443,37,2,3,0,5
86394.489644,2026-07-22T15:15:08.446,37,2,3,0,5
86394.492196,2026-07-22T15:15:08.449,37,2,3,0,5
86394.494694,2026-07-22T15:15:08.451,37,2,3,0,5
86394.497025,2026-07-22T15:15:08.453,37,2,3,0,5
86394.499492,2026-07-22T15:15:08.456,37,2,3,0,5
86394.501534,2026-07-22T15:15:08.458,37,2,3,0,5
86394.503937,2026-07-22T15:15:08.460,37,2,3,0,5
86394.506470,2026-07-22T15:15:08.463,37,2,3,0,5
86394.508599,2026-07-22T15:15:08.465,37,2,3,0,5
86394.511148,2026-07-22T15:15:08.467,37,2,3,0,5
86394.513849,2026-07-22T15:15:08.470,37,2,3,0,5
86394.516180,2026-07-22T15:15:08.473,37,2,3,0,5
86394.518637,2026-07-22T15:15:08.475,37,2,3,0,5
86394.521203,2026-07-22T15:15:08.478,37,2,3,0,5
86394.523711,2026-07-22T15:15:08.480,37,2,3,0,5
86394.526063,2026-07-22T15:15:08.482,37,2,3,0,5
86394.528520,2026-07-22T15:15:08.485,37,2,3,0,5
86394.530617,2026-07-22T15:15:08.487,37,2,3,0,5
86394.533115,2026-07-22T15:15:08.489,37,2,3,0,5
86394.535146,2026-07-22T15:15:08.492,37,2,3,0,5
86394.537624,2026-07-22T15:15:08.494,37,2,3,0,5
86394.540142,2026-07-22T15:15:08.496,37,2,3,0,5
86394.542715,2026-07-22T15:15:08.499,37,2,3,0,5
86394.545309,2026-07-22T15:15:08.502,37,2,3,0,5
86394.547374,2026-07-22T15:15:08.504,37,2,3,0,5
86394.549911,2026-07-22T15:15:08.506,37,2,3,0,5
86394.551947,2026-07-22T15:15:08.508,37,2,3,0,5
86394.554518,2026-07-22T15:15:08.511,37,2,3,0,5
86394.557018,2026-07-22T15:15:08.513,37,2,3,0,5
86394.559529,2026-07-22T15:15:08.516,37,2,3,0,5
86394.561872,2026-07-22T15:15:08.518,37,2,3,0,5
86394.563897,2026-07-22T15:15:08.520,37,2,3,0,5
86394.566424,2026-07-22T15:15:08.523,37,2,3,0,5
86394.568461,2026-07-22T15:15:08.525,37,2,3,0,5
86394.571157,2026-07-22T15:15:08.527,37,2,3,0,5
86394.573653,2026-07-22T15:15:08.530,37,2,3,0,5
86394.576417,2026-07-22T15:15:08.533,37,2,3,0,5
86394.578822,2026-07-22T15:15:08.535,37,2,3,0,5
86394.580847,2026-07-22T15:15:08.537,37,2,3,0,5
86394.583436,2026-07-22T15:15:08.540,37,2,3,0,5
86394.585472,2026-07-22T15:15:08.542,37,2,3,0,5
86394.587981,2026-07-22T15:15:08.544,37,2,3,0,5
86394.590495,2026-07-22T15:15:08.547,37,2,3,0,5
86394.593060,2026-07-22T15:15:08.549,37,2,3,0,5
86394.595621,2026-07-22T15:15:08.552,37,2,3,0,5
86394.598195,2026-07-22T15:15:08.555,37,2,3,0,5
86394.600854,2026-07-22T15:15:08.557,37,2,3,0,5
86394.603489,2026-07-22T15:15:08.560,37,2,3,0,5
86394.605944,2026-07-22T15:15:08.562,37,2,3,0,5
86394.607977,2026-07-22T15:15:08.564,37,2,3,0,5
86394.610654,2026-07-22T15:15:08.567,37,2,3,0,5
86394.613178,2026-07-22T15:15:08.570,37,2,3,0,5
86394.615816,2026-07-22T15:15:08.572,37,2,3,0,5
86394.618618,2026-07-22T15:15:08.575,37,2,3,0,5
86394.621141,2026-07-22T15:15:08.578,37,2,3,0,5
86394.623162,2026-07-22T15:15:08.580,37,2,3,0,5
86394.625195,2026-07-22T15:15:08.582,37,2,3,0,5
86394.627654,2026-07-22T15:15:08.584,37,2,3,0,5
86394.630187,2026-07-22T15:15:08.587,37,2,3,0,5
86394.632815,2026-07-22T15:15:08.589,37,2,3,0,5
86394.635406,2026-07-22T15:15:08.592,37,2,3,0,5
86394.637431,2026-07-22T15:15:08.594,37,2,3,0,5
86394.639813,2026-07-22T15:15:08.596,37,2,3,0,5
86394.641856,2026-07-22T15:15:08.598,37,2,3,0,5
86394.644511,2026-07-22T15:15:08.601,37,2,3,0,5
86394.647034,2026-07-22T15:15:08.603,37,2,3,0,5
86394.649745,2026-07-22T15:15:08.606,37,2,3,0,5
86394.652476,2026-07-22T15:15:08.609,37,2,3,0,5
86394.655127,2026-07-22T15:15:08.611,37,2,3,0,5
86394.657586,2026-07-22T15:15:08.614,37,2,3,0,5
86394.660033,2026-07-22T15:15:08.616,37,2,3,0,5
86394.662575,2026-07-22T15:15:08.619,37,2,3,0,5
86394.665114,2026-07-22T15:15:08.621,37,2,3,0,5
86394.667643,2026-07-22T15:15:08.624,37,2,3,0,5
86394.669866,2026-07-22T15:15:08.626,37,2,3,0,5
86394.671983,2026-07-22T15:15:08.628,37,2,3,0,5
86394.674499,2026-07-22T15:15:08.631,37,2,3,0,5
86394.676551,2026-07-22T15:15:08.633,37,2,3,0,5
86394.679069,2026-07-22T15:15:08.635,37,2,3,0,5
86394.681598,2026-07-22T15:15:08.638,7,0,3,0,8
86394.683671,2026-07-22T15:15:08.640,7,0,3,0,8
86394.686177,2026-07-22T15:15:08.643,7,0,3,0,8
86394.688294,2026-07-22T15:15:08.645,7,0,3,0,8
86394.690849,2026-07-22T15:15:08.647,7,0,3,0,8
86394.693465,2026-07-22T15:15:08.650,7,0,3,0,8
86394.695982,2026-07-22T15:15:08.652,7,0,3,0,8
86394.698278,2026-07-22T15:15:08.655,7,0,3,0,8
86394.700640,2026-07-22T15:15:08.657,7,0,3,0,8
86394.703064,2026-07-22T15:15:08.659,7,0,3,0,8
86394.705698,2026-07-22T15:15:08.662,7,0,3,0,8
86394.708321,2026-07-22T15:15:08.665,7,0,3,0,8
86394.710704,2026-07-22T15:15:08.667,7,0,3,0,8
86394.713210,2026-07-22T15:15:08.669,7,0,3,0,8
86394.715720,2026-07-22T15:15:08.672,7,0,3,0,8
86394.718234,2026-07-22T15:15:08.675,7,0,3,0,8
86394.720751,2026-07-22T15:15:08.677,7,0,3,0,8
86394.723277,2026-07-22T15:15:08.680,7,0,3,0,8
86394.725799,2026-07-22T15:15:08.682,7,0,3,0,8
86394.728327,2026-07-22T15:15:08.685,7,0,3,0,8
86394.730846,2026-07-22T15:15:08.687,7,0,3,0,8
86394.733362,2026-07-22T15:15:08.690,7,0,3,0,8
86394.735891,2026-07-22T15:15:08.692,7,0,3,0,8
86394.738395,2026-07-22T15:15:08.695,7,0,3,0,8
86394.740911,2026-07-22T15:15:08.697,7,0,3,0,8
86394.743473,2026-07-22T15:15:08.700,7,0,3,0,8
86394.745952,2026-07-22T15:15:08.702,7,0,3,0,8
86394.748571,2026-07-22T15:15:08.705,7,0,3,0,8
86394.751088,2026-07-22T15:15:08.707,7,0,3,0,8
86394.753489,2026-07-22T15:15:08.710,7,0,3,0,8
86394.755911,2026-07-22T15:15:08.712,7,0,3,0,8
86394.758420,2026-07-22T15:15:08.715,7,0,3,0,8
86394.761064,2026-07-22T15:15:08.717,7,0,3,0,8
86394.763604,2026-07-22T15:15:08.720,7,0,3,0,8
86394.765958,2026-07-22T15:15:08.722,7,0,3,0,8
86394.768095,2026-07-22T15:15:08.724,7,0,3,0,8
86394.770699,2026-07-22T15:15:08.727,7,0,3,0,8
86394.773256,2026-07-22T15:15:08.730,7,0,3,0,8
86394.775678,2026-07-22T15:15:08.732,7,0,3,0,8
86394.778111,2026-07-22T15:15:08.734,7,0,3,0,8
86394.780455,2026-07-22T15:15:08.737,7,0,3,0,8
86394.783129,2026-07-22T15:15:08.739,7,0,3,0,8
86394.785158,2026-07-22T15:15:08.742,7,0,3,0,8
86394.787699,2026-07-22T15:15:08.744,7,0,3,0,8
86394.790462,2026-07-22T15:15:08.747,7,0,3,0,8
86394.792798,2026-07-22T15:15:08.749,7,0,3,0,8
86394.795328,2026-07-22T15:15:08.752,7,0,3,0,8
86394.797830,2026-07-22T15:15:08.754,7,0,3,0,8
86394.800476,2026-07-22T15:15:08.757,7,0,3,0,8
86394.803143,2026-07-22T15:15:08.759,7,0,3,0,8
86394.805714,2026-07-22T15:15:08.762,7,0,3,0,8
86394.808186,2026-07-22T15:15:08.765,7,0,3,0,8
86394.810561,2026-07-22T15:15:08.767,7,0,3,0,8
86394.813350,2026-07-22T15:15:08.770,7,0,3,0,8
86394.815593,2026-07-22T15:15:08.772,7,0,3,0,8
86394.818003,2026-07-22T15:15:08.774,7,0,3,0,8
86394.820743,2026-07-22T15:15:08.777,7,0,3,0,8
86394.822880,2026-07-22T15:15:08.779,7,0,3,0,8
86394.825402,2026-07-22T15:15:08.782,7,0,3,0,8
86394.827936,2026-07-22T15:15:08.784,7,0,3,0,8
86394.830469,2026-07-22T15:15:08.787,7,0,3,0,8
86394.832996,2026-07-22T15:15:08.789,7,0,3,0,8
86394.835513,2026-07-22T15:15:08.792,7,0,3,0,8
86394.838001,2026-07-22T15:15:08.794,7,0,3,0,8
86394.840675,2026-07-22T15:15:08.797,7,0,3,0,8
86394.843303,2026-07-22T15:15:08.800,7,0,3,0,8
86394.845818,2026-07-22T15:15:08.802,7,0,3,0,8
86394.848425,2026-07-22T15:15:08.805,7,0,3,0,8
86394.850889,2026-07-22T15:15:08.807,7,0,3,0,8
86394.853469,2026-07-22T15:15:08.810,7,0,3,0,8
86394.855653,2026-07-22T15:15:08.812,7,0,3,0,8
86394.858129,2026-07-22T15:15:08.814,7,0,3,0,8
86394.860606,2026-07-22T15:15:08.817,7,0,3,0,8
86394.863344,2026-07-22T15:15:08.820,7,0,3,0,8
86394.866076,2026-07-22T15:15:08.822,7,0,3,0,8
86394.868417,2026-07-22T15:15:08.825,7,0,3,0,8
86394.870928,2026-07-22T15:15:08.827,7,0,3,0,8
86394.873635,2026-07-22T15:15:08.830,7,0,3,0,8
86394.875890,2026-07-22T15:15:08.832,7,0,3,0,8
86394.878612,2026-07-22T15:15:08.835,7,0,3,0,8
86394.881130,2026-07-22T15:15:08.837,7,0,3,0,8
86394.883652,2026-07-22T15:15:08.840,7,0,3,0,8
86394.885851,2026-07-22T15:15:08.842,7,0,3,0,8
86394.888274,2026-07-22T15:15:08.845,7,0,3,0,8
86394.890558,2026-07-22T15:15:08.847,7,0,3,0,8
86394.892903,2026-07-22T15:15:08.849,7,0,3,0,8
86394.895126,2026-07-22T15:15:08.851,7,0,3,0,8
86394.897363,2026-07-22T15:15:08.854,7,0,3,0,8
86394.899952,2026-07-22T15:15:08.856,7,0,3,0,8
86394.902220,2026-07-22T15:15:08.859,7,0,3,0,8
86394.904751,2026-07-22T15:15:08.861,7,0,3,0,8
86394.907491,2026-07-22T15:15:08.864,7,0,3,0,8
86394.909823,2026-07-22T15:15:08.865,7,0,3,0,8
86394.912017,2026-07-22T15:15:08.868,7,0,3,0,8
86394.914537,2026-07-22T15:15:08.871,7,0,3,0,8
86394.917076,2026-07-22T15:15:08.873,7,0,3,0,8
86394.919643,2026-07-22T15:15:08.876,7,0,3,0,8
86394.922117,2026-07-22T15:15:08.878,7,0,3,0,8
86394.924624,2026-07-22T15:15:08.881,7,0,3,0,8
86394.926963,2026-07-22T15:15:08.883,3,3,3,0,0
86394.929501,2026-07-22T15:15:08.886,3,3,3,0,0
86394.932136,2026-07-22T15:15:08.888,3,3,3,0,0
86394.934529,2026-07-22T15:15:08.891,3,3,3,0,0
86394.936566,2026-07-22T15:15:08.893,3,3,3,0,0
86394.939245,2026-07-22T15:15:08.896,3,3,3,0,0
86394.941667,2026-07-22T15:15:08.898,3,3,3,0,0
86394.944123,2026-07-22T15:15:08.900,3,3,3,0,0
86394.946674,2026-07-22T15:15:08.903,3,3,3,0,0
86394.949273,2026-07-22T15:15:08.906,3,3,3,0,0
86394.951754,2026-07-22T15:15:08.908,3,3,3,0,0
86394.954213,2026-07-22T15:15:08.911,3,3,3,0,0
86394.956713,2026-07-22T15:15:08.913,3,3,3,0,0
86394.959361,2026-07-22T15:15:08.916,3,3,3,0,0
86394.961803,2026-07-22T15:15:08.918,3,3,3,0,0
86394.963949,2026-07-22T15:15:08.920,3,3,3,0,0
86394.966468,2026-07-22T15:15:08.923,3,3,3,0,0
86394.968767,2026-07-22T15:15:08.925,3,3,3,0,0
86394.971303,2026-07-22T15:15:08.928,3,3,3,0,0
86394.973805,2026-07-22T15:15:08.930,3,3,3,0,0
86394.976548,2026-07-22T15:15:08.933,3,3,3,0,0
86394.979290,2026-07-22T15:15:08.936,3,3,3,0,0
86394.981752,2026-07-22T15:15:08.938,3,3,3,0,0
86394.984174,2026-07-22T15:15:08.941,3,3,3,0,0
86394.986755,2026-07-22T15:15:08.943,3,3,3,0,0
86394.989366,2026-07-22T15:15:08.946,3,3,3,0,0
86394.991773,2026-07-22T15:15:08.948,3,3,3,0,0
86394.994251,2026-07-22T15:15:08.951,3,3,3,0,0
86394.996845,2026-07-22T15:15:08.953,3,3,3,0,0
86394.999280,2026-07-22T15:15:08.956,3,3,3,0,0
86395.001780,2026-07-22T15:15:08.958,3,3,3,0,0
86395.004177,2026-07-22T15:15:08.961,3,3,3,0,0
86395.006188,2026-07-22T15:15:08.963,3,3,3,0,0
86395.008246,2026-07-22T15:15:08.965,3,3,3,0,0
86395.011171,2026-07-22T15:15:08.967,3,3,3,0,0
86395.013227,2026-07-22T15:15:08.970,3,3,3,0,0
86395.015253,2026-07-22T15:15:08.972,3,3,3,0,0
86395.017270,2026-07-22T15:15:08.974,3,3,3,0,0
86395.019532,2026-07-22T15:15:08.976,3,3,3,0,0
86395.021956,2026-07-22T15:15:08.978,3,3,3,0,0
86395.024709,2026-07-22T15:15:08.981,3,3,3,0,0
86395.027190,2026-07-22T15:15:08.984,3,3,3,0,0
86395.029622,2026-07-22T15:15:08.986,3,3,3,0,0
86395.032245,2026-07-22T15:15:08.989,3,3,3,0,0
86395.034826,2026-07-22T15:15:08.991,3,3,3,0,0
86395.037303,2026-07-22T15:15:08.994,3,3,3,0,0
86395.039812,2026-07-22T15:15:08.996,3,3,3,0,0
86395.042413,2026-07-22T15:15:08.999,3,3,3,0,0
86395.044923,2026-07-22T15:15:09.001,3,3,3,0,0
86395.047411,2026-07-22T15:15:09.004,3,3,3,0,0
86395.049835,2026-07-22T15:15:09.006,3,3,3,0,0
86395.052430,2026-07-22T15:15:09.009,3,3,3,0,0
86395.054870,2026-07-22T15:15:09.011,3,3,3,0,0
86395.057276,2026-07-22T15:15:09.014,3,3,3,0,0
86395.059810,2026-07-22T15:15:09.016,3,3,3,0,0
86395.061961,2026-07-22T15:15:09.018,3,3,3,0,0
86395.063972,2026-07-22T15:15:09.020,3,3,3,0,0
86395.066004,2026-07-22T15:15:09.022,3,3,3,0,0
86395.068031,2026-07-22T15:15:09.024,3,3,3,0,0
86395.070772,2026-07-22T15:15:09.027,3,3,3,0,0
86395.073548,2026-07-22T15:15:09.030,3,3,3,0,0
86395.076320,2026-07-22T15:15:09.033,3,3,3,0,0
86395.079081,2026-07-22T15:15:09.035,3,3,3,0,0
86395.081618,2026-07-22T15:15:09.038,3,3,3,0,0
86395.084131,2026-07-22T15:15:09.040,3,3,3,0,0
86395.086645,2026-07-22T15:15:09.043,3,3,3,0,0
86395.089188,2026-07-22T15:15:09.046,3,3,3,0,0
86395.091704,2026-07-22T15:15:09.048,3,3,3,0,0
86395.094288,2026-07-22T15:15:09.051,3,3,3,0,0
86395.096842,2026-07-22T15:15:09.053,3,3,3,0,0
86395.099443,2026-07-22T15:15:09.056,3,3,3,0,0
86395.101888,2026-07-22T15:15:09.058,3,3,3,0,0
86395.104518,2026-07-22T15:15:09.061,3,3,3,0,0
86395.107117,2026-07-22T15:15:09.063,3,3,3,0,0
86395.109701,2026-07-22T15:15:09.066,3,3,3,0,0
86395.112201,2026-07-22T15:15:09.068,3,3,3,0,0
86395.114718,2026-07-22T15:15:09.071,3,3,3,0,0
86395.116990,2026-07-22T15:15:09.073,3,3,3,0,0
86395.119493,2026-07-22T15:15:09.076,3,3,3,0,0
86395.121696,2026-07-22T15:15:09.078,3,3,3,0,0
86395.123743,2026-07-22T15:15:09.080,3,3,3,0,0
86395.126262,2026-07-22T15:15:09.083,3,3,3,0,0
86395.128769,2026-07-22T15:15:09.085,3,3,3,0,0
86395.130816,2026-07-22T15:15:09.087,3,3,3,0,0
86395.133319,2026-07-22T15:15:09.090,3,3,3,0,0
86395.135839,2026-07-22T15:15:09.092,3,3,3,0,0
86395.137876,2026-07-22T15:15:09.094,3,3,3,0,0
86395.140395,2026-07-22T15:15:09.097,3,3,3,0,0
86395.142922,2026-07-22T15:15:09.099,3,3,3,0,0
86395.145434,2026-07-22T15:15:09.102,3,3,3,0,0
86395.147955,2026-07-22T15:15:09.104,3,3,3,0,0
86395.150001,2026-07-22T15:15:09.106,3,3,3,0,0
86395.152044,2026-07-22T15:15:09.108,3,3,3,0,0
86395.154081,2026-07-22T15:15:09.110,3,3,3,0,0
86395.156133,2026-07-22T15:15:09.112,3,3,3,0,0
86395.158181,2026-07-22T15:15:09.115,3,3,3,0,0
86395.160230,2026-07-22T15:15:09.117,3,3,3,0,0
86395.162867,2026-07-22T15:15:09.119,3,3,3,0,0
86395.165602,2026-07-22T15:15:09.122,3,3,3,0,0
86395.168109,2026-07-22T15:15:09.124,3,3,3,0,0
86395.170884,2026-07-22T15:15:09.127,3,3,3,0,0
86395.173615,2026-07-22T15:15:09.130,3,3,3,0,0
86395.176186,2026-07-22T15:15:09.133,3,3,3,0,0
86395.178834,2026-07-22T15:15:09.135,3,3,3,0,0
86395.181359,2026-07-22T15:15:09.138,3,3,3,0,0
86395.183791,2026-07-22T15:15:09.140,3,3,3,0,0
86395.186285,2026-07-22T15:15:09.143,3,3,3,0,0
86395.188808,2026-07-22T15:15:09.145,3,3,3,0,0
86395.191265,2026-07-22T15:15:09.148,3,3,3,0,0
86395.193764,2026-07-22T15:15:09.150,3,3,3,0,0
86395.196427,2026-07-22T15:15:09.153,3,3,3,0,0
86395.198913,2026-07-22T15:15:09.155,3,3,3,0,0
86395.201280,2026-07-22T15:15:09.158,3,3,3,0,0
86395.203778,2026-07-22T15:15:09.160,3,3,3,0,0
86395.206260,2026-07-22T15:15:09.163,3,3,3,0,0
86395.208799,2026-07-22T15:15:09.165,3,3,3,0,0
86395.210973,2026-07-22T15:15:09.167,3,3,3,0,0
86395.213026,2026-07-22T15:15:09.169,3,3,3,0,0
86395.215321,2026-07-22T15:15:09.172,3,3,3,0,0
86395.217845,2026-07-22T15:15:09.174,3,3,3,0,0
86395.220477,2026-07-22T15:15:09.177,3,3,3,0,0
86395.222975,2026-07-22T15:15:09.179,3,3,3,0,0
86395.225342,2026-07-22T15:15:09.182,3,3,3,0,0
86395.228128,2026-07-22T15:15:09.184,3,3,3,0,0
86395.230858,2026-07-22T15:15:09.187,3,3,3,0,0
86395.233277,2026-07-22T15:15:09.190,3,3,3,0,0
86395.235976,2026-07-22T15:15:09.192,3,3,3,0,0
86395.238458,2026-07-22T15:15:09.195,3,3,3,0,0
86395.240974,2026-07-22T15:15:09.197,3,3,3,0,0
86395.243532,2026-07-22T15:15:09.200,3,3,3,0,0
86395.246192,2026-07-22T15:15:09.203,3,3,3,0,0
86395.248721,2026-07-22T15:15:09.205,3,3,3,0,0
86395.251151,2026-07-22T15:15:09.208,3,3,3,0,0
86395.253584,2026-07-22T15:15:09.210,3,3,3,0,0
86395.256010,2026-07-22T15:15:09.212,3,3,3,0,0
86395.258450,2026-07-22T15:15:09.215,3,3,3,0,0
86395.261060,2026-07-22T15:15:09.217,3,3,3,0,0
86395.263100,2026-07-22T15:15:09.219,3,3,3,0,0
86395.265239,2026-07-22T15:15:09.221,3,3,3,0,0
86395.267605,2026-07-22T15:15:09.224,3,3,3,0,0
86395.269758,2026-07-22T15:15:09.226,3,3,3,0,0
86395.272299,2026-07-22T15:15:09.229,3,3,3,0,0
86395.274909,2026-07-22T15:15:09.231,3,3,3,0,0
86395.277230,2026-07-22T15:15:09.234,3,3,3,0,0
86395.279838,2026-07-22T15:15:09.236,3,3,3,0,0
86395.282557,2026-07-22T15:15:09.239,3,3,3,0,0
86395.285088,2026-07-22T15:15:09.241,3,3,3,0,0
86395.287404,2026-07-22T15:15:09.244,3,3,3,0,0
86395.289852,2026-07-22T15:15:09.246,3,3,3,0,0
86395.292498,2026-07-22T15:15:09.249,3,3,3,0,0
86395.295154,2026-07-22T15:15:09.252,3,3,3,0,0
86395.297640,2026-07-22T15:15:09.254,3,3,3,0,0
86395.300119,2026-07-22T15:15:09.256,3,3,3,0,0
86395.302594,2026-07-22T15:15:09.259,3,3,3,0,0
86395.305118,2026-07-22T15:15:09.261,3,3,3,0,0
86395.307736,2026-07-22T15:15:09.264,3,3,3,0,0
86395.310278,2026-07-22T15:15:09.267,3,3,3,0,0
86395.312640,2026-07-22T15:15:09.269,3,3,3,0,0
86395.314711,2026-07-22T15:15:09.271,3,3,3,0,0
86395.317382,2026-07-22T15:15:09.274,3,3,3,0,0
86395.319587,2026-07-22T15:15:09.276,3,3,3,0,0
86395.322026,2026-07-22T15:15:09.278,3,3,3,0,0
86395.324373,2026-07-22T15:15:09.281,3,3,3,0,0
86395.326912,2026-07-22T15:15:09.283,3,3,3,0,0
86395.329040,2026-07-22T15:15:09.285,3,3,3,0,0
86395.331646,2026-07-22T15:15:09.288,3,3,3,0,0
86395.334136,2026-07-22T15:15:09.290,3,3,3,0,0
86395.336947,2026-07-22T15:15:09.293,3,3,3,0,0
86395.339297,2026-07-22T15:15:09.296,3,3,3,0,0
86395.341922,2026-07-22T15:15:09.298,3,3,3,0,0
86395.344635,2026-07-22T15:15:09.301,3,3,3,0,0
86395.347261,2026-07-22T15:15:09.304,3,3,3,0,0
86395.349810,2026-07-22T15:15:09.306,3,3,3,0,0
86395.351833,2026-07-22T15:15:09.308,3,3,3,0,0
86395.353861,2026-07-22T15:15:09.310,3,3,3,0,0
86395.356620,2026-07-22T15:15:09.313,3,3,3,0,0
86395.359279,2026-07-22T15:15:09.316,3,3,3,0,0
86395.361897,2026-07-22T15:15:09.318,3,3,3,0,0
86395.364314,2026-07-22T15:15:09.321,3,3,3,0,0
86395.366832,2026-07-22T15:15:09.323,3,3,3,0,0
86395.369244,2026-07-22T15:15:09.326,3,3,3,0,0
86395.371629,2026-07-22T15:15:09.328,3,3,3,0,0
86395.374232,2026-07-22T15:15:09.331,3,3,3,0,0
86395.376363,2026-07-22T15:15:09.333,3,3,3,0,0
86395.378609,2026-07-22T15:15:09.335,3,3,3,0,0
86395.381266,2026-07-22T15:15:09.338,3,3,3,0,0
86395.383681,2026-07-22T15:15:09.340,3,3,3,0,0
86395.386402,2026-07-22T15:15:09.343,3,3,3,0,0
86395.389026,2026-07-22T15:15:09.345,3,3,3,0,0
86395.391628,2026-07-22T15:15:09.348,3,3,3,0,0
86395.394137,2026-07-22T15:15:09.350,3,3,3,0,0
86395.396768,2026-07-22T15:15:09.353,3,3,3,0,0
86395.399306,2026-07-22T15:15:09.356,3,3,3,0,0
86395.401871,2026-07-22T15:15:09.358,3,3,3,0,0
86395.404667,2026-07-22T15:15:09.361,3,3,3,0,0
86395.407281,2026-07-22T15:15:09.364,3,3,3,0,0
86395.409865,2026-07-22T15:15:09.366,3,3,3,0,0
86395.412567,2026-07-22T15:15:09.368,3,3,3,0,0
86395.414708,2026-07-22T15:15:09.371,3,3,3,0,0
86395.417351,2026-07-22T15:15:09.374,3,3,3,0,0
86395.419986,2026-07-22T15:15:09.376,3,3,3,0,0
86395.422668,2026-07-22T15:15:09.379,3,3,3,0,0
86395.425295,2026-07-22T15:15:09.382,3,3,3,0,0
86395.428042,2026-07-22T15:15:09.384,3,3,3,0,0
86395.430547,2026-07-22T15:15:09.387,3,3,3,0,0
86395.432780,2026-07-22T15:15:09.389,3,3,3,0,0
86395.435278,2026-07-22T15:15:09.392,3,3,3,0,0
86395.437820,2026-07-22T15:15:09.394,3,3,3,0,0
86395.440514,2026-07-22T15:15:09.397,3,3,3,0,0
86395.443035,2026-07-22T15:15:09.399,3,3,3,0,0
86395.445099,2026-07-22T15:15:09.401,3,3,3,0,0
86395.447145,2026-07-22T15:15:09.404,3,3,3,0,0
86395.449627,2026-07-22T15:15:09.406,3,3,3,0,0
86395.452131,2026-07-22T15:15:09.408,3,3,3,0,0
86395.454710,2026-07-22T15:15:09.411,3,3,3,0,0
86395.457241,2026-07-22T15:15:09.414,3,3,3,0,0
86395.459318,2026-07-22T15:15:09.416,3,3,3,0,0
86395.462095,2026-07-22T15:15:09.418,3,3,3,0,0
86395.464520,2026-07-22T15:15:09.421,3,3,3,0,0
86395.467019,2026-07-22T15:15:09.423,3,3,3,0,0
86395.469535,2026-07-22T15:15:09.426,3,3,3,0,0
86395.471719,2026-07-22T15:15:09.428,3,3,3,0,0
86395.474225,2026-07-22T15:15:09.431,3,3,3,0,0
86395.476640,2026-07-22T15:15:09.433,3,3,3,0,0
86395.479015,2026-07-22T15:15:09.435,3,3,3,0,0
86395.481051,2026-07-22T15:15:09.437,3,3,3,0,0
86395.483586,2026-07-22T15:15:09.440,3,3,3,0,0
86395.486114,2026-07-22T15:15:09.442,3,3,3,0,0
86395.488672,2026-07-22T15:15:09.445,3,3,3,0,0
86395.491232,2026-07-22T15:15:09.448,3,3,3,0,0
86395.494010,2026-07-22T15:15:09.450,3,3,3,0,0
86395.496490,2026-07-22T15:15:09.453,3,3,3,0,0
86395.499095,2026-07-22T15:15:09.455,3,3,3,0,0
86395.501573,2026-07-22T15:15:09.458,3,3,3,0,0
86395.503630,2026-07-22T15:15:09.460,3,3,3,0,0
86395.506219,2026-07-22T15:15:09.463,3,3,3,0,0
86395.508732,2026-07-22T15:15:09.465,3,3,3,0,0
86395.511176,2026-07-22T15:15:09.467,3,3,3,0,0
86395.513255,2026-07-22T15:15:09.470,3,3,3,0,0
86395.515307,2026-07-22T15:15:09.472,3,3,3,0,0
86395.518135,2026-07-22T15:15:09.474,3,3,3,0,0
86395.521036,2026-07-22T15:15:09.476,3,3,3,0,0
86395.523205,2026-07-22T15:15:09.479,3,3,3,0,0
86395.525628,2026-07-22T15:15:09.482,3,3,3,0,0
86395.528243,2026-07-22T15:15:09.484,3,3,3,0,0
86395.530651,2026-07-22T15:15:09.487,3,3,3,0,0
86395.533325,2026-07-22T15:15:09.490,3,3,3,0,0
86395.535861,2026-07-22T15:15:09.492,3,3,3,0,0
86395.538634,2026-07-22T15:15:09.495,3,3,3,0,0
86395.541291,2026-07-22T15:15:09.498,3,3,3,0,0
86395.543823,2026-07-22T15:15:09.500,3,3,3,0,0
86395.546196,2026-07-22T15:15:09.503,3,3,3,0,0
86395.548690,2026-07-22T15:15:09.505,3,3,3,0,0
86395.551319,2026-07-22T15:15:09.508,3,3,3,0,0
86395.553833,2026-07-22T15:15:09.510,3,3,3,0,0
86395.555869,2026-07-22T15:15:09.512,3,3,3,0,0
86395.558453,2026-07-22T15:15:09.515,3,3,3,0,0
86395.560792,2026-07-22T15:15:09.517,3,3,3,0,0
86395.563527,2026-07-22T15:15:09.520,3,3,3,0,0
86395.566037,2026-07-22T15:15:09.522,3,3,3,0,0
86395.568539,2026-07-22T15:15:09.525,3,3,3,0,0
86395.571065,2026-07-22T15:15:09.527,3,3,3,0,0
86395.573585,2026-07-22T15:15:09.530,3,3,3,0,0
86395.576103,2026-07-22T15:15:09.532,3,3,3,0,0
86395.578625,2026-07-22T15:15:09.535,3,3,3,0,0
86395.580649,2026-07-22T15:15:09.537,3,3,3,0,0
86395.583439,2026-07-22T15:15:09.540,3,3,3,0,0
86395.586079,2026-07-22T15:15:09.542,3,3,3,0,0
86395.588842,2026-07-22T15:15:09.545,3,3,3,0,0
86395.591470,2026-07-22T15:15:09.548,3,3,3,0,0
86395.594225,2026-07-22T15:15:09.551,3,3,3,0,0
86395.596937,2026-07-22T15:15:09.553,3,3,3,0,0
86395.599536,2026-07-22T15:15:09.556,3,3,3,0,0
86395.601955,2026-07-22T15:15:09.558,3,3,3,0,0
86395.604514,2026-07-22T15:15:09.561,3,3,3,0,0
86395.606855,2026-07-22T15:15:09.563,3,3,3,0,0
86395.609363,2026-07-22T15:15:09.566,3,3,3,0,0
86395.611478,2026-07-22T15:15:09.568,3,3,3,0,0
86395.613990,2026-07-22T15:15:09.570,3,3,3,0,0
86395.616245,2026-07-22T15:15:09.573,3,3,3,0,0
86395.618595,2026-07-22T15:15:09.575,3,3,3,0,0
86395.621102,2026-07-22T15:15:09.577,3,3,3,0,0
86395.623653,2026-07-22T15:15:09.580,3,3,3,0,0
86395.626162,2026-07-22T15:15:09.583,3,3,3,0,0
86395.628411,2026-07-22T15:15:09.585,3,3,3,0,0
86395.630929,2026-07-22T15:15:09.587,3,3,3,0,0
86395.633491,2026-07-22T15:15:09.590,3,3,3,0,0
86395.636030,2026-07-22T15:15:09.592,3,3,3,0,0
86395.638728,2026-07-22T15:15:09.595,3,3,3,0,0
86395.641265,2026-07-22T15:15:09.598,3,3,3,0,0
86395.643433,2026-07-22T15:15:09.600,3,3,3,0,0
86395.645912,2026-07-22T15:15:09.602,3,3,3,0,0
86395.648432,2026-07-22T15:15:09.605,3,3,3,0,0
86395.650926,2026-07-22T15:15:09.607,3,3,3,0,0
86395.653441,2026-07-22T15:15:09.610,3,3,3,0,0
86395.655860,2026-07-22T15:15:09.612,3,3,3,0,0
86395.658378,2026-07-22T15:15:09.615,3,3,3,0,0
86395.660775,2026-07-22T15:15:09.617,3,3,3,0,0
86395.663397,2026-07-22T15:15:09.620,3,3,3,0,0
86395.665913,2026-07-22T15:15:09.622,3,3,3,0,0
86395.667975,2026-07-22T15:15:09.624,3,3,3,0,0
86395.670484,2026-07-22T15:15:09.627,3,3,3,0,0
86395.672782,2026-07-22T15:15:09.629,3,3,3,0,0
86395.674876,2026-07-22T15:15:09.631,3,3,3,0,0
86395.677376,2026-07-22T15:15:09.634,3,3,3,0,0
86395.679790,2026-07-22T15:15:09.635,3,3,3,0,0
86395.682240,2026-07-22T15:15:09.639,3,3,3,0,0
86395.684617,2026-07-22T15:15:09.641,3,3,3,0,0
86395.687124,2026-07-22T15:15:09.643,3,3,3,0,0
86395.689282,2026-07-22T15:15:09.646,3,3,3,0,0
86395.691801,2026-07-22T15:15:09.648,3,3,3,0,0
86395.694234,2026-07-22T15:15:09.651,3,3,3,0,0
86395.696606,2026-07-22T15:15:09.653,3,3,3,0,0
86395.698763,2026-07-22T15:15:09.655,3,3,3,0,0
86395.701328,2026-07-22T15:15:09.658,3,3,3,0,0
86395.703840,2026-07-22T15:15:09.660,3,3,3,0,0
86395.706027,2026-07-22T15:15:09.662,3,3,3,0,0
86395.708536,2026-07-22T15:15:09.665,3,3,3,0,0
86395.711296,2026-07-22T15:15:09.668,3,3,3,0,0
86395.713703,2026-07-22T15:15:09.670,3,3,3,0,0
86395.715778,2026-07-22T15:15:09.672,3,3,3,0,0
86395.718450,2026-07-22T15:15:09.675,3,3,3,0,0
86395.720959,2026-07-22T15:15:09.677,3,3,3,0,0
86395.723466,2026-07-22T15:15:09.680,3,3,3,0,0
86395.725972,2026-07-22T15:15:09.682,3,3,3,0,0
86395.728758,2026-07-22T15:15:09.685,3,3,3,0,0
86395.731265,2026-07-22T15:15:09.688,3,3,3,0,0
86395.733901,2026-07-22T15:15:09.690,3,3,3,0,0
86395.736492,2026-07-22T15:15:09.693,3,3,3,0,0
86395.738595,2026-07-22T15:15:09.695,3,3,3,0,0
86395.741193,2026-07-22T15:15:09.698,3,3,3,0,0
86395.743702,2026-07-22T15:15:09.700,3,3,3,0,0
86395.745728,2026-07-22T15:15:09.702,3,3,3,0,0
86395.748248,2026-07-22T15:15:09.705,3,3,3,0,0
86395.750826,2026-07-22T15:15:09.707,3,3,3,0,0
86395.753265,2026-07-22T15:15:09.710,3,3,3,0,0
86395.755292,2026-07-22T15:15:09.712,3,3,3,0,8
86395.757810,2026-07-22T15:15:09.714,17,0,3,0,8
86395.760342,2026-07-22T15:15:09.717,17,0,3,0,8
86395.762537,2026-07-22T15:15:09.719,17,0,3,0,8
86395.765069,2026-07-22T15:15:09.721,17,0,3,0,8
86395.767553,2026-07-22T15:15:09.724,17,0,3,0,8
86395.770016,2026-07-22T15:15:09.726,17,0,3,0,8
86395.772136,2026-07-22T15:15:09.729,17,0,3,0,8
86395.774851,2026-07-22T15:15:09.731,17,0,3,0,8
86395.777346,2026-07-22T15:15:09.734,17,0,3,0,8
86395.779851,2026-07-22T15:15:09.736,17,0,3,0,8
86395.782360,2026-07-22T15:15:09.739,17,0,3,0,8
86395.784872,2026-07-22T15:15:09.741,17,0,3,0,8
86395.787379,2026-07-22T15:15:09.744,17,0,3,0,8
86395.789874,2026-07-22T15:15:09.746,17,0,3,0,8
86395.792395,2026-07-22T15:15:09.749,17,0,3,0,8
86395.794460,2026-07-22T15:15:09.751,17,0,3,0,8
86395.797176,2026-07-22T15:15:09.754,17,0,3,0,8
86395.799922,2026-07-22T15:15:09.756,17,0,3,0,8
86395.802432,2026-07-22T15:15:09.759,17,0,3,0,8
86395.805075,2026-07-22T15:15:09.761,17,0,3,0,8
86395.807638,2026-07-22T15:15:09.764,17,0,3,0,8
86395.809981,2026-07-22T15:15:09.766,17,0,3,0,8
86395.812484,2026-07-22T15:15:09.769,17,0,3,0,8
86395.816069,2026-07-22T15:15:09.772,17,0,3,0,8
86395.818420,2026-07-22T15:15:09.775,17,0,3,0,8
86395.820741,2026-07-22T15:15:09.777,17,0,3,0,8
86395.823274,2026-07-22T15:15:09.780,17,0,3,0,8
86395.825756,2026-07-22T15:15:09.782,17,0,3,0,8
86395.828260,2026-07-22T15:15:09.785,17,0,3,0,8
86395.830768,2026-07-22T15:15:09.787,17,0,3,0,8
86395.833280,2026-07-22T15:15:09.790,17,0,3,0,8
86395.835782,2026-07-22T15:15:09.792,17,0,3,0,8
86395.838299,2026-07-22T15:15:09.795,17,0,3,0,8
86395.840794,2026-07-22T15:15:09.797,17,0,3,0,8
86395.843304,2026-07-22T15:15:09.800,17,0,3,0,8
86395.845808,2026-07-22T15:15:09.802,17,0,3,0,8
86395.848318,2026-07-22T15:15:09.805,17,0,3,0,8
86395.850820,2026-07-22T15:15:09.807,17,0,3,0,8
86395.853322,2026-07-22T15:15:09.810,17,0,3,0,8
86395.855343,2026-07-22T15:15:09.812,17,0,3,0,8
86395.857851,2026-07-22T15:15:09.814,17,0,3,0,8
86395.860376,2026-07-22T15:15:09.817,17,0,3,0,8
86395.862867,2026-07-22T15:15:09.819,17,0,3,0,8
86395.865379,2026-07-22T15:15:09.822,17,0,3,0,8
86395.867886,2026-07-22T15:15:09.824,17,0,3,0,8
86395.870395,2026-07-22T15:15:09.827,17,0,3,0,8
86395.872907,2026-07-22T15:15:09.829,17,0,3,0,8
86395.875441,2026-07-22T15:15:09.832,17,0,3,0,8
86395.877597,2026-07-22T15:15:09.834,17,0,3,0,8
86395.879864,2026-07-22T15:15:09.836,17,0,3,0,8
86395.881910,2026-07-22T15:15:09.838,17,0,3,0,8
86395.884427,2026-07-22T15:15:09.841,17,0,3,0,8
86395.886465,2026-07-22T15:15:09.843,17,0,3,0,8
86395.888536,2026-07-22T15:15:09.845,17,0,3,0,8
86395.891154,2026-07-22T15:15:09.848,17,0,3,0,8
86395.893761,2026-07-22T15:15:09.850,17,0,3,0,8
86395.895839,2026-07-22T15:15:09.852,17,0,3,0,8
86395.898106,2026-07-22T15:15:09.854,17,0,3,0,8
86395.900126,2026-07-22T15:15:09.856,17,0,3,0,8
86395.902380,2026-07-22T15:15:09.859,17,0,3,0,8
86395.904933,2026-07-22T15:15:09.861,17,0,3,0,8
86395.907477,2026-07-22T15:15:09.864,17,0,3,0,8
86395.910006,2026-07-22T15:15:09.866,17,0,3,0,8
86395.912039,2026-07-22T15:15:09.868,17,0,3,0,8
86395.914086,2026-07-22T15:15:09.870,17,0,3,0,8
86395.916657,2026-07-22T15:15:09.873,17,0,3,0,8
86395.919020,2026-07-22T15:15:09.875,17,0,3,0,8
86395.921065,2026-07-22T15:15:09.877,17,0,3,0,8
86395.923598,2026-07-22T15:15:09.880,17,0,3,0,8
86395.926123,2026-07-22T15:15:09.882,17,0,3,0,8
86395.928145,2026-07-22T15:15:09.885,17,0,3,0,8
86395.930169,2026-07-22T15:15:09.887,17,0,3,0,8
86395.932208,2026-07-22T15:15:09.889,17,0,3,0,8
86395.934739,2026-07-22T15:15:09.891,17,0,3,0,8
86395.937269,2026-07-22T15:15:09.894,17,0,3,0,8
86395.939297,2026-07-22T15:15:09.896,17,0,3,0,8
86395.941325,2026-07-22T15:15:09.898,17,0,3,0,8
86395.943678,2026-07-22T15:15:09.900,17,0,3,0,8
86395.945725,2026-07-22T15:15:09.902,17,0,3,0,8
86395.947829,2026-07-22T15:15:09.904,17,0,3,0,8
86395.950324,2026-07-22T15:15:09.907,17,0,3,0,8
86395.952364,2026-07-22T15:15:09.909,17,0,3,0,8
86395.954400,2026-07-22T15:15:09.911,17,0,3,0,8
86395.956897,2026-07-22T15:15:09.913,17,0,3,0,8
86395.959401,2026-07-22T15:15:09.916,17,0,3,0,8
86395.961944,2026-07-22T15:15:09.918,17,0,3,0,8
86395.963973,2026-07-22T15:15:09.920,17,0,3,0,8
86395.966018,2026-07-22T15:15:09.922,17,0,3,0,8
86395.968053,2026-07-22T15:15:09.924,17,0,3,0,8
86395.970428,2026-07-22T15:15:09.927,17,0,3,0,8
86395.972945,2026-07-22T15:15:09.929,17,0,3,0,8
86395.974975,2026-07-22T15:15:09.931,17,0,3,0,8
86395.977033,2026-07-22T15:15:09.933,17,0,3,0,8
86395.979685,2026-07-22T15:15:09.936,17,0,3,0,8
86395.982064,2026-07-22T15:15:09.938,17,0,3,0,8
86395.984098,2026-07-22T15:15:09.940,17,0,3,0,8
86395.986632,2026-07-22T15:15:09.943,17,0,3,0,8
86395.989151,2026-07-22T15:15:09.946,17,0,3,0,8
86395.991384,2026-07-22T15:15:09.948,17,0,3,0,8
86395.993904,2026-07-22T15:15:09.950,17,0,3,0,8
86395.996424,2026-07-22T15:15:09.953,17,0,3,0,8
86395.998560,2026-07-22T15:15:09.955,17,0,3,0,8
86396.000598,2026-07-22T15:15:09.957,36,2,3,0,3
86396.003146,2026-07-22T15:15:09.959,36,2,3,0,3
86396.005669,2026-07-22T15:15:09.962,36,2,3,0,3
86396.008113,2026-07-22T15:15:09.964,36,2,3,0,3
86396.010667,2026-07-22T15:15:09.967,36,2,3,0,3
86396.012840,2026-07-22T15:15:09.969,36,2,3,0,3
86396.015371,2026-07-22T15:15:09.972,36,2,3,0,3
86396.017481,2026-07-22T15:15:09.974,36,2,3,0,3
86396.020082,2026-07-22T15:15:09.976,36,2,3,0,3
86396.022114,2026-07-22T15:15:09.978,36,2,3,0,3
86396.024549,2026-07-22T15:15:09.981,36,2,3,0,3
86396.027080,2026-07-22T15:15:09.983,36,2,3,0,3
86396.029694,2026-07-22T15:15:09.986,36,2,3,0,3
86396.032460,2026-07-22T15:15:09.989,36,2,3,0,3
86396.034819,2026-07-22T15:15:09.991,36,2,3,0,3
86396.037259,2026-07-22T15:15:09.994,36,2,3,0,3
86396.039287,2026-07-22T15:15:09.996,36,2,3,0,3
86396.041764,2026-07-22T15:15:09.998,36,2,3,0,3
86396.044259,2026-07-22T15:15:10.001,36,2,3,0,3
86396.047008,2026-07-22T15:15:10.003,36,2,3,0,3
86396.049529,2026-07-22T15:15:10.006,36,2,3,0,3
86396.052058,2026-07-22T15:15:10.008,36,2,3,0,3
86396.054204,2026-07-22T15:15:10.011,36,2,3,0,3
86396.056235,2026-07-22T15:15:10.013,36,2,3,0,3
86396.058759,2026-07-22T15:15:10.015,36,2,3,0,3
86396.061253,2026-07-22T15:15:10.018,36,2,3,0,3
86396.063803,2026-07-22T15:15:10.020,36,2,3,0,3
86396.066331,2026-07-22T15:15:10.023,36,2,3,0,3
86396.068647,2026-07-22T15:15:10.025,36,2,3,0,3
86396.071002,2026-07-22T15:15:10.027,36,2,3,0,3
86396.073523,2026-07-22T15:15:10.030,36,2,3,0,3
86396.075579,2026-07-22T15:15:10.032,36,2,3,0,3
86396.078108,2026-07-22T15:15:10.034,36,2,3,0,3
86396.080285,2026-07-22T15:15:10.037,36,2,3,0,3
86396.082705,2026-07-22T15:15:10.039,36,2,3,0,3
86396.084734,2026-07-22T15:15:10.041,36,2,3,0,3
86396.087235,2026-07-22T15:15:10.044,36,2,3,0,3
86396.089825,2026-07-22T15:15:10.046,36,2,3,0,3
86396.092244,2026-07-22T15:15:10.049,36,2,3,0,3
86396.094769,2026-07-22T15:15:10.051,36,2,3,0,3
86396.097362,2026-07-22T15:15:10.054,36,2,3,0,3
86396.099898,2026-07-22T15:15:10.056,36,2,3,0,3
86396.101936,2026-07-22T15:15:10.058,36,2,3,0,3
86396.104690,2026-07-22T15:15:10.061,36,2,3,0,3
86396.107221,2026-07-22T15:15:10.064,36,2,3,0,3
86396.109870,2026-07-22T15:15:10.066,36,2,3,0,3
86396.112403,2026-07-22T15:15:10.069,36,2,3,0,3
86396.114917,2026-07-22T15:15:10.071,36,2,3,0,3
86396.117452,2026-07-22T15:15:10.074,36,2,3,0,3
86396.120135,2026-07-22T15:15:10.076,36,2,3,0,3
86396.122646,2026-07-22T15:15:10.079,36,2,3,0,3
86396.125244,2026-07-22T15:15:10.082,36,2,3,0,3
86396.127942,2026-07-22T15:15:10.084,36,2,3,0,3
86396.130105,2026-07-22T15:15:10.086,36,2,3,0,3
86396.132828,2026-07-22T15:15:10.089,36,2,3,0,3
86396.135360,2026-07-22T15:15:10.092,36,2,3,0,3
86396.137544,2026-07-22T15:15:10.094,36,2,3,0,3
86396.139584,2026-07-22T15:15:10.096,36,2,3,0,3
86396.142098,2026-07-22T15:15:10.098,36,2,3,0,3
86396.144611,2026-07-22T15:15:10.101,36,2,3,0,3
86396.147355,2026-07-22T15:15:10.104,36,2,3,0,3
86396.149957,2026-07-22T15:15:10.106,36,2,3,0,3
86396.152033,2026-07-22T15:15:10.108,36,2,3,0,3
86396.154711,2026-07-22T15:15:10.111,36,2,3,0,3
86396.157240,2026-07-22T15:15:10.114,36,2,3,0,3
86396.159419,2026-07-22T15:15:10.116,36,2,3,0,3
86396.161939,2026-07-22T15:15:10.118,36,2,3,0,3
86396.164526,2026-07-22T15:15:10.121,36,2,3,0,3
86396.166725,2026-07-22T15:15:10.123,36,2,3,0,3
86396.168938,2026-07-22T15:15:10.125,36,2,3,0,3
86396.171406,2026-07-22T15:15:10.128,36,2,3,0,3
86396.173939,2026-07-22T15:15:10.130,36,2,3,0,3
86396.176439,2026-07-22T15:15:10.133,36,2,3,0,3
86396.178464,2026-07-22T15:15:10.135,36,2,3,0,3
86396.181202,2026-07-22T15:15:10.138,36,2,3,0,3
86396.183723,2026-07-22T15:15:10.140,36,2,3,0,3
86396.186252,2026-07-22T15:15:10.143,36,2,3,0,3
86396.188769,2026-07-22T15:15:10.145,36,2,3,0,3
86396.190799,2026-07-22T15:15:10.147,36,2,3,0,3
86396.192825,2026-07-22T15:15:10.149,36,2,3,0,3
86396.195363,2026-07-22T15:15:10.152,36,2,3,0,3
86396.198103,2026-07-22T15:15:10.154,36,2,3,0,3
86396.200621,2026-07-22T15:15:10.157,36,2,3,0,3
86396.203149,2026-07-22T15:15:10.160,36,2,3,0,3
86396.205656,2026-07-22T15:15:10.162,36,2,3,0,3
86396.207691,2026-07-22T15:15:10.164,36,2,3,0,3
86396.210170,2026-07-22T15:15:10.167,36,2,3,0,3
86396.212209,2026-07-22T15:15:10.169,36,2,3,0,3
86396.214698,2026-07-22T15:15:10.171,36,2,3,0,3
86396.217347,2026-07-22T15:15:10.174,36,2,3,0,3
86396.219392,2026-07-22T15:15:10.176,36,2,3,0,3
86396.221962,2026-07-22T15:15:10.178,36,2,3,0,3
86396.224490,2026-07-22T15:15:10.181,36,2,3,0,3
86396.227011,2026-07-22T15:15:10.183,36,2,3,0,3
86396.229560,2026-07-22T15:15:10.186,36,2,3,0,3
86396.232227,2026-07-22T15:15:10.189,36,2,3,0,3
86396.234752,2026-07-22T15:15:10.191,36,2,3,0,3
86396.236813,2026-07-22T15:15:10.193,36,2,3,0,3
86396.238873,2026-07-22T15:15:10.195,36,2,3,0,3
86396.241409,2026-07-22T15:15:10.198,36,2,3,0,3
86396.243938,2026-07-22T15:15:10.200,36,2,3,0,3
86396.246501,2026-07-22T15:15:10.203,36,2,3,0,3
86396.248525,2026-07-22T15:15:10.205,36,2,3,0,3
86396.250582,2026-07-22T15:15:10.207,36,2,3,0,3
86396.252612,2026-07-22T15:15:10.209,36,2,3,0,3
86396.254843,2026-07-22T15:15:10.211,36,2,3,0,3
86396.256888,2026-07-22T15:15:10.213,36,2,3,0,3
86396.258932,2026-07-22T15:15:10.215,36,2,3,0,3
86396.261634,2026-07-22T15:15:10.218,36,2,3,0,3
86396.264112,2026-07-22T15:15:10.220,36,2,3,0,3
86396.266634,2026-07-22T15:15:10.223,36,2,3,0,3
86396.269139,2026-07-22T15:15:10.226,36,2,3,0,3
86396.271798,2026-07-22T15:15:10.228,36,2,3,0,3
86396.274172,2026-07-22T15:15:10.231,36,2,3,0,3
86396.276740,2026-07-22T15:15:10.233,36,2,3,0,3
86396.279236,2026-07-22T15:15:10.236,36,2,3,0,3
86396.281741,2026-07-22T15:15:10.238,36,2,3,0,3
86396.284036,2026-07-22T15:15:10.240,36,2,3,0,3
86396.286542,2026-07-22T15:15:10.243,36,2,3,0,3
86396.288997,2026-07-22T15:15:10.245,36,2,3,0,3
86396.291515,2026-07-22T15:15:10.248,36,2,3,0,3
86396.293969,2026-07-22T15:15:10.250,36,2,3,0,3
86396.296474,2026-07-22T15:15:10.253,36,2,3,0,3
86396.299078,2026-07-22T15:15:10.255,36,2,3,0,3
86396.301586,2026-07-22T15:15:10.258,36,2,3,0,3
86396.304268,2026-07-22T15:15:10.261,36,2,3,0,3
86396.306766,2026-07-22T15:15:10.263,36,2,3,0,3
86396.309268,2026-07-22T15:15:10.266,36,2,3,0,3
86396.311333,2026-07-22T15:15:10.268,36,2,3,0,3
86396.313841,2026-07-22T15:15:10.270,36,2,3,0,3
86396.316052,2026-07-22T15:15:10.272,36,2,3,0,3
86396.318349,2026-07-22T15:15:10.275,36,2,3,0,3
86396.320613,2026-07-22T15:15:10.277,36,2,3,0,3
86396.323004,2026-07-22T15:15:10.279,36,2,3,0,3
86396.325483,2026-07-22T15:15:10.282,36,2,3,0,3
86396.327981,2026-07-22T15:15:10.284,36,2,3,0,3
86396.330489,2026-07-22T15:15:10.287,36,2,3,0,3
86396.332552,2026-07-22T15:15:10.289,36,2,3,0,3
86396.335063,2026-07-22T15:15:10.291,36,2,3,0,3
86396.337603,2026-07-22T15:15:10.294,4,0,3,0,6
86396.340034,2026-07-22T15:15:10.296,4,0,3,0,6
86396.342179,2026-07-22T15:15:10.299,4,0,3,0,6
86396.344773,2026-07-22T15:15:10.301,4,0,3,0,6
86396.347279,2026-07-22T15:15:10.304,4,0,3,0,6
86396.349759,2026-07-22T15:15:10.306,4,0,3,0,6
86396.352359,2026-07-22T15:15:10.309,4,0,3,0,6
86396.354886,2026-07-22T15:15:10.311,4,0,3,0,6
86396.357668,2026-07-22T15:15:10.314,4,0,3,0,6
86396.360125,2026-07-22T15:15:10.316,4,0,3,0,6
86396.362162,2026-07-22T15:15:10.319,4,0,3,0,6
86396.364174,2026-07-22T15:15:10.321,4,0,3,0,6
86396.366334,2026-07-22T15:15:10.323,4,0,3,0,6
86396.368379,2026-07-22T15:15:10.325,4,0,3,0,6
86396.370973,2026-07-22T15:15:10.327,4,0,3,0,6
86396.373589,2026-07-22T15:15:10.330,4,0,3,0,6
86396.376139,2026-07-22T15:15:10.332,4,0,3,0,6
86396.378652,2026-07-22T15:15:10.335,4,0,3,0,6
86396.381000,2026-07-22T15:15:10.337,4,0,3,0,6
86396.383517,2026-07-22T15:15:10.340,4,0,3,0,6
86396.385971,2026-07-22T15:15:10.342,4,0,3,0,6
86396.388475,2026-07-22T15:15:10.345,4,0,3,0,6
86396.391064,2026-07-22T15:15:10.347,4,0,3,0,6
86396.393570,2026-07-22T15:15:10.350,4,0,3,0,6
86396.396153,2026-07-22T15:15:10.353,4,0,3,0,6
86396.398705,2026-07-22T15:15:10.355,4,0,3,0,6
86396.401177,2026-07-22T15:15:10.358,4,0,3,0,6
86396.403686,2026-07-22T15:15:10.360,4,0,3,0,6
86396.406177,2026-07-22T15:15:10.363,4,0,3,0,6
86396.408193,2026-07-22T15:15:10.365,4,0,3,0,6
86396.410744,2026-07-22T15:15:10.367,4,0,3,0,6
86396.413276,2026-07-22T15:15:10.370,4,0,3,0,6
86396.415827,2026-07-22T15:15:10.372,4,0,3,0,6
86396.418236,2026-07-22T15:15:10.375,4,0,3,0,6
86396.420609,2026-07-22T15:15:10.377,4,0,3,0,6
86396.423108,2026-07-22T15:15:10.379,4,0,3,0,6
86396.425674,2026-07-22T15:15:10.382,4,0,3,0,6
86396.428437,2026-07-22T15:15:10.385,4,0,3,0,6
86396.430555,2026-07-22T15:15:10.387,4,0,3,0,6
86396.433332,2026-07-22T15:15:10.390,4,0,3,0,6
86396.435687,2026-07-22T15:15:10.392,4,0,3,0,6
86396.438191,2026-07-22T15:15:10.395,4,0,3,0,6
86396.440718,2026-07-22T15:15:10.397,4,0,3,0,6
86396.443533,2026-07-22T15:15:10.400,4,0,3,0,6
86396.446063,2026-07-22T15:15:10.402,4,0,3,0,6
86396.448098,2026-07-22T15:15:10.404,4,0,3,0,6
86396.450594,2026-07-22T15:15:10.407,4,0,3,0,6
86396.453198,2026-07-22T15:15:10.410,4,0,3,0,6
86396.455930,2026-07-22T15:15:10.412,4,0,3,0,6
86396.458577,2026-07-22T15:15:10.415,4,0,3,0,6
86396.461237,2026-07-22T15:15:10.418,4,0,3,0,6
86396.463995,2026-07-22T15:15:10.420,4,0,3,0,6
86396.466116,2026-07-22T15:15:10.422,4,0,3,0,6
86396.468552,2026-07-22T15:15:10.425,4,0,3,0,6
86396.470671,2026-07-22T15:15:10.427,4,0,3,0,6
86396.473191,2026-07-22T15:15:10.430,4,0,3,0,6
86396.475319,2026-07-22T15:15:10.432,4,0,3,0,6
86396.477515,2026-07-22T15:15:10.434,4,0,3,0,6
86396.480245,2026-07-22T15:15:10.437,4,0,3,0,6
86396.482638,2026-07-22T15:15:10.439,4,0,3,0,6
86396.485239,2026-07-22T15:15:10.442,4,0,3,0,6
86396.487269,2026-07-22T15:15:10.444,4,0,3,0,6
86396.489674,2026-07-22T15:15:10.446,4,0,3,0,6
86396.492176,2026-07-22T15:15:10.449,4,0,3,0,6
86396.494771,2026-07-22T15:15:10.451,4,0,3,0,6
86396.497471,2026-07-22T15:15:10.454,4,0,3,0,6
86396.499854,2026-07-22T15:15:10.456,4,0,3,0,6
86396.502421,2026-07-22T15:15:10.459,4,0,3,0,6
86396.504916,2026-07-22T15:15:10.461,4,0,3,0,6
86396.507416,2026-07-22T15:15:10.464,4,0,3,0,6
86396.509774,2026-07-22T15:15:10.466,4,0,3,0,6
86396.512219,2026-07-22T15:15:10.469,4,0,3,0,6
86396.514765,2026-07-22T15:15:10.471,4,0,3,0,6
86396.517473,2026-07-22T15:15:10.474,4,0,3,0,6
86396.520001,2026-07-22T15:15:10.476,4,0,3,0,6
86396.522690,2026-07-22T15:15:10.479,4,0,3,0,6
86396.525285,2026-07-22T15:15:10.482,4,0,3,0,6
86396.527770,2026-07-22T15:15:10.484,4,0,3,0,6
86396.530207,2026-07-22T15:15:10.487,4,0,3,0,6
86396.532604,2026-07-22T15:15:10.489,4,0,3,0,6
86396.535343,2026-07-22T15:15:10.492,4,0,3,0,6
86396.537848,2026-07-22T15:15:10.494,4,0,3,0,6
86396.540484,2026-07-22T15:15:10.497,4,0,3,0,6
86396.543246,2026-07-22T15:15:10.500,4,0,3,0,6
86396.545858,2026-07-22T15:15:10.502,4,0,3,0,6
86396.548353,2026-07-22T15:15:10.505,4,0,3,0,6
86396.551054,2026-07-22T15:15:10.507,4,0,3,0,6
86396.553480,2026-07-22T15:15:10.510,4,0,3,0,6
86396.555919,2026-07-22T15:15:10.512,4,0,3,0,6
86396.558357,2026-07-22T15:15:10.515,4,0,3,0,6
86396.561096,2026-07-22T15:15:10.517,4,0,3,0,6
86396.563544,2026-07-22T15:15:10.520,4,0,3,0,6
86396.566012,2026-07-22T15:15:10.522,4,0,3,0,6
86396.568522,2026-07-22T15:15:10.525,4,0,3,0,6
86396.571082,2026-07-22T15:15:10.527,4,0,3,0,6
86396.573625,2026-07-22T15:15:10.530,4,0,3,0,6
86396.576355,2026-07-22T15:15:10.533,4,0,3,0,6
86396.579115,2026-07-22T15:15:10.535,4,0,3,0,6
86396.581704,2026-07-22T15:15:10.538,3,3,3,0,0
86396.584239,2026-07-22T15:15:10.541,3,3,3,0,0
86396.586638,2026-07-22T15:15:10.543,3,3,3,0,0
86396.589158,2026-07-22T15:15:10.546,3,3,3,0,0
86396.591777,2026-07-22T15:15:10.548,3,3,3,0,0
86396.594356,2026-07-22T15:15:10.551,3,3,3,0,0
86396.596914,2026-07-22T15:15:10.553,3,3,3,0,0
86396.599308,2026-07-22T15:15:10.556,3,3,3,0,0
86396.601794,2026-07-22T15:15:10.558,3,3,3,0,0
86396.604265,2026-07-22T15:15:10.561,3,3,3,0,0
86396.606764,2026-07-22T15:15:10.563,3,3,3,0,0
86396.609238,2026-07-22T15:15:10.566,3,3,3,0,0
86396.611718,2026-07-22T15:15:10.568,3,3,3,0,0
86396.614282,2026-07-22T15:15:10.571,3,3,3,0,0
86396.616965,2026-07-22T15:15:10.573,3,3,3,0,0
86396.619300,2026-07-22T15:15:10.576,3,3,3,0,0
86396.621531,2026-07-22T15:15:10.578,3,3,3,0,0
86396.623556,2026-07-22T15:15:10.580,3,3,3,0,0
86396.626132,2026-07-22T15:15:10.582,3,3,3,0,0
86396.628904,2026-07-22T15:15:10.585,3,3,3,0,0
86396.631362,2026-07-22T15:15:10.588,3,3,3,0,0
86396.633871,2026-07-22T15:15:10.590,3,3,3,0,0
86396.636005,2026-07-22T15:15:10.592,3,3,3,0,0
86396.638503,2026-07-22T15:15:10.595,3,3,3,0,0
86396.640903,2026-07-22T15:15:10.597,3,3,3,0,0
86396.643412,2026-07-22T15:15:10.600,3,3,3,0,0
86396.645808,2026-07-22T15:15:10.602,3,3,3,0,0
86396.648374,2026-07-22T15:15:10.605,3,3,3,0,0
86396.650894,2026-07-22T15:15:10.607,3,3,3,0,0
86396.653392,2026-07-22T15:15:10.610,3,3,3,0,0
86396.655780,2026-07-22T15:15:10.612,3,3,3,0,0
86396.658212,2026-07-22T15:15:10.615,3,3,3,0,0
86396.660645,2026-07-22T15:15:10.617,3,3,3,0,0
86396.663053,2026-07-22T15:15:10.619,3,3,3,0,0
86396.665472,2026-07-22T15:15:10.622,3,3,3,0,0
86396.667983,2026-07-22T15:15:10.624,3,3,3,0,0
86396.670641,2026-07-22T15:15:10.627,3,3,3,0,0
86396.673032,2026-07-22T15:15:10.629,3,3,3,0,0
86396.675492,2026-07-22T15:15:10.632,3,3,3,0,0
86396.678049,2026-07-22T15:15:10.634,3,3,3,0,0
86396.680762,2026-07-22T15:15:10.637,3,3,3,0,0
86396.683448,2026-07-22T15:15:10.640,3,3,3,0,0
86396.685996,2026-07-22T15:15:10.642,3,3,3,0,0
86396.688506,2026-07-22T15:15:10.645,3,3,3,0,0
86396.691044,2026-07-22T15:15:10.647,3,3,3,0,0
86396.693561,2026-07-22T15:15:10.650,3,3,3,0,0
86396.696129,2026-07-22T15:15:10.652,3,3,3,0,0
86396.698712,2026-07-22T15:15:10.655,3,3,3,0,0
86396.701320,2026-07-22T15:15:10.658,3,3,3,0,0
86396.703787,2026-07-22T15:15:10.660,3,3,3,0,0
86396.706361,2026-07-22T15:15:10.663,3,3,3,0,0
86396.708879,2026-07-22T15:15:10.665,3,3,3,0,0
86396.711384,2026-07-22T15:15:10.668,3,3,3,0,0
86396.713795,2026-07-22T15:15:10.670,3,3,3,0,0
86396.716375,2026-07-22T15:15:10.673,3,3,3,0,0
86396.719106,2026-07-22T15:15:10.675,3,3,3,0,0
86396.721655,2026-07-22T15:15:10.678,3,3,3,0,0
86396.724412,2026-07-22T15:15:10.681,3,3,3,0,0
86396.726923,2026-07-22T15:15:10.683,3,3,3,0,0
86396.729389,2026-07-22T15:15:10.686,3,3,3,0,0
86396.731883,2026-07-22T15:15:10.688,3,3,3,0,0
86396.734505,2026-07-22T15:15:10.691,3,3,3,0,0
86396.736926,2026-07-22T15:15:10.693,3,3,3,0,0
86396.739398,2026-07-22T15:15:10.696,3,3,3,0,0
86396.741818,2026-07-22T15:15:10.698,3,3,3,0,0
86396.744390,2026-07-22T15:15:10.701,3,3,3,0,0
86396.746978,2026-07-22T15:15:10.703,3,3,3,0,0
86396.749448,2026-07-22T15:15:10.706,3,3,3,0,0
86396.751900,2026-07-22T15:15:10.708,3,3,3,0,0
86396.754453,2026-07-22T15:15:10.711,3,3,3,0,0
86396.756976,2026-07-22T15:15:10.713,3,3,3,0,0
86396.759426,2026-07-22T15:15:10.716,3,3,3,0,0
86396.761856,2026-07-22T15:15:10.718,3,3,3,0,0
86396.764356,2026-07-22T15:15:10.721,3,3,3,0,0
86396.766474,2026-07-22T15:15:10.723,3,3,3,0,0
86396.768508,2026-07-22T15:15:10.725,3,3,3,0,0
86396.771038,2026-07-22T15:15:10.727,3,3,3,0,0
86396.773691,2026-07-22T15:15:10.730,3,3,3,0,0
86396.776457,2026-07-22T15:15:10.733,3,3,3,0,0
86396.779152,2026-07-22T15:15:10.736,3,3,3,0,0
86396.781902,2026-07-22T15:15:10.738,3,3,3,0,0
86396.784534,2026-07-22T15:15:10.741,3,3,3,0,0
86396.787209,2026-07-22T15:15:10.744,3,3,3,0,0
86396.789660,2026-07-22T15:15:10.746,3,3,3,0,0
86396.792175,2026-07-22T15:15:10.749,3,3,3,0,0
86396.794720,2026-07-22T15:15:10.751,3,3,3,0,0
86396.797246,2026-07-22T15:15:10.754,3,3,3,0,0
86396.799801,2026-07-22T15:15:10.756,3,3,3,0,0
86396.802224,2026-07-22T15:15:10.759,3,3,3,0,0
86396.804690,2026-07-22T15:15:10.761,3,3,3,0,0
86396.807144,2026-07-22T15:15:10.763,3,3,3,0,0
86396.809847,2026-07-22T15:15:10.766,3,3,3,0,0
86396.812399,2026-07-22T15:15:10.769,3,3,3,0,0
86396.814898,2026-07-22T15:15:10.771,3,3,3,0,0
86396.817495,2026-07-22T15:15:10.774,3,3,3,0,0
86396.820161,2026-07-22T15:15:10.777,3,3,3,0,0
86396.822792,2026-07-22T15:15:10.779,3,3,3,0,0
86396.825494,2026-07-22T15:15:10.782,3,3,3,0,0
86396.827854,2026-07-22T15:15:10.784,3,3,3,0,0
86396.830481,2026-07-22T15:15:10.787,3,3,3,0,0
86396.833070,2026-07-22T15:15:10.789,3,3,3,0,0
86396.835680,2026-07-22T15:15:10.792,3,3,3,0,0
86396.838170,2026-07-22T15:15:10.795,3,3,3,0,0
86396.840762,2026-07-22T15:15:10.797,3,3,3,0,0
86396.843451,2026-07-22T15:15:10.800,3,3,3,0,0
86396.845863,2026-07-22T15:15:10.802,3,3,3,0,0
86396.848328,2026-07-22T15:15:10.805,3,3,3,0,0
86396.850945,2026-07-22T15:15:10.807,3,3,3,0,0
86396.853854,2026-07-22T15:15:10.810,3,3,3,0,0
86396.856075,2026-07-22T15:15:10.812,3,3,3,0,0
86396.858631,2026-07-22T15:15:10.815,3,3,3,0,0
86396.861085,2026-07-22T15:15:10.817,3,3,3,0,0
86396.863628,2026-07-22T15:15:10.820,3,3,3,0,0
86396.866124,2026-07-22T15:15:10.822,3,3,3,0,0
86396.868692,2026-07-22T15:15:10.825,3,3,3,0,0
86396.871082,2026-07-22T15:15:10.827,3,3,3,0,0
86396.873397,2026-07-22T15:15:10.830,3,3,3,0,0
86396.875834,2026-07-22T15:15:10.832,3,3,3,0,0
86396.878538,2026-07-22T15:15:10.835,3,3,3,0,0
86396.881265,2026-07-22T15:15:10.838,3,3,3,0,0
86396.883833,2026-07-22T15:15:10.840,3,3,3,0,0
86396.886523,2026-07-22T15:15:10.843,3,3,3,0,0
86396.889058,2026-07-22T15:15:10.845,3,3,3,0,0
86396.891598,2026-07-22T15:15:10.848,3,3,3,0,0
86396.894061,2026-07-22T15:15:10.850,3,3,3,0,0
86396.896736,2026-07-22T15:15:10.853,3,3,3,0,0
86396.899332,2026-07-22T15:15:10.856,3,3,3,0,0
86396.902008,2026-07-22T15:15:10.858,3,3,3,0,0
86396.904795,2026-07-22T15:15:10.861,3,3,3,0,0
86396.907377,2026-07-22T15:15:10.864,3,3,3,0,0
86396.909814,2026-07-22T15:15:10.866,3,3,3,0,0
86396.912300,2026-07-22T15:15:10.869,3,3,3,0,0
86396.914876,2026-07-22T15:15:10.871,3,3,3,0,0
86396.917100,2026-07-22T15:15:10.873,3,3,3,0,0
86396.919223,2026-07-22T15:15:10.876,3,3,3,0,0
86396.921631,2026-07-22T15:15:10.878,3,3,3,0,0
86396.924386,2026-07-22T15:15:10.881,3,3,3,0,0
86396.927134,2026-07-22T15:15:10.883,3,3,3,0,0
86396.929603,2026-07-22T15:15:10.886,3,3,3,0,0
86396.932175,2026-07-22T15:15:10.889,3,3,3,0,0
86396.934834,2026-07-22T15:15:10.891,3,3,3,0,0
86396.937271,2026-07-22T15:15:10.894,3,3,3,0,0
86396.939723,2026-07-22T15:15:10.896,3,3,3,0,0
86396.942197,2026-07-22T15:15:10.899,3,3,3,0,0
86396.944780,2026-07-22T15:15:10.901,3,3,3,0,0
86396.947283,2026-07-22T15:15:10.904,3,3,3,0,0
86396.949847,2026-07-22T15:15:10.906,3,3,3,0,0
86396.952364,2026-07-22T15:15:10.909,3,3,3,0,0
86396.955072,2026-07-22T15:15:10.911,3,3,3,0,0
86396.957535,2026-07-22T15:15:10.914,3,3,3,0,0
86396.960089,2026-07-22T15:15:10.916,3,3,3,0,0
86396.962715,2026-07-22T15:15:10.919,3,3,3,0,0
86396.965182,2026-07-22T15:15:10.922,3,3,3,0,0
86396.967560,2026-07-22T15:15:10.924,3,3,3,0,0
86396.970070,2026-07-22T15:15:10.926,3,3,3,0,0
86396.972745,2026-07-22T15:15:10.929,3,3,3,0,0
86396.975260,2026-07-22T15:15:10.932,3,3,3,0,0
86396.977993,2026-07-22T15:15:10.934,3,3,3,0,0
86396.980286,2026-07-22T15:15:10.937,3,3,3,0,0
86396.982698,2026-07-22T15:15:10.939,3,3,3,0,0
86396.985243,2026-07-22T15:15:10.942,3,3,3,0,0
86396.987804,2026-07-22T15:15:10.944,3,3,3,0,0
86396.990390,2026-07-22T15:15:10.947,3,3,3,0,0
86396.993190,2026-07-22T15:15:10.949,3,3,3,0,0
86396.995600,2026-07-22T15:15:10.952,3,3,3,0,0
86396.998057,2026-07-22T15:15:10.954,3,3,3,0,0
86397.000552,2026-07-22T15:15:10.957,3,3,3,0,0
86397.003066,2026-07-22T15:15:10.959,3,3,3,0,0
86397.005547,2026-07-22T15:15:10.962,3,3,3,0,0
86397.008127,2026-07-22T15:15:10.964,3,3,3,0,0
86397.010769,2026-07-22T15:15:10.967,3,3,3,0,0
86397.013234,2026-07-22T15:15:10.970,3,3,3,0,0
86397.015621,2026-07-22T15:15:10.972,3,3,3,0,0
86397.018241,2026-07-22T15:15:10.975,3,3,3,0,0
86397.020643,2026-07-22T15:15:10.977,3,3,3,0,0
86397.023329,2026-07-22T15:15:10.980,3,3,3,0,0
86397.025836,2026-07-22T15:15:10.982,3,3,3,0,0
86397.028161,2026-07-22T15:15:10.985,3,3,3,0,0
86397.030306,2026-07-22T15:15:10.987,3,3,3,0,0
86397.032849,2026-07-22T15:15:10.989,3,3,3,0,0
86397.035478,2026-07-22T15:15:10.992,3,3,3,0,0
86397.038020,2026-07-22T15:15:10.994,3,3,3,0,0
86397.040627,2026-07-22T15:15:10.997,3,3,3,0,0
86397.043083,2026-07-22T15:15:10.999,3,3,3,0,0
86397.045539,2026-07-22T15:15:11.002,3,3,3,0,0
86397.048043,2026-07-22T15:15:11.004,3,3,3,0,0
86397.050513,2026-07-22T15:15:11.007,3,3,3,0,0
86397.053065,2026-07-22T15:15:11.009,3,3,3,0,0
86397.055532,2026-07-22T15:15:11.012,3,3,3,0,0
86397.058041,2026-07-22T15:15:11.014,3,3,3,0,0
86397.060673,2026-07-22T15:15:11.017,3,3,3,0,0
86397.063213,2026-07-22T15:15:11.020,3,3,3,0,0
86397.065754,2026-07-22T15:15:11.022,3,3,3,0,0
86397.068244,2026-07-22T15:15:11.025,3,3,3,0,0
86397.070598,2026-07-22T15:15:11.027,3,3,3,0,0
86397.073265,2026-07-22T15:15:11.030,3,3,3,0,0
86397.075914,2026-07-22T15:15:11.032,3,3,3,0,0
86397.078445,2026-07-22T15:15:11.035,3,3,3,0,0
86397.080608,2026-07-22T15:15:11.037,3,3,3,0,0
86397.083277,2026-07-22T15:15:11.040,3,3,3,0,0
86397.085793,2026-07-22T15:15:11.042,3,3,3,0,0
86397.088614,2026-07-22T15:15:11.045,3,3,3,0,0
86397.090645,2026-07-22T15:15:11.047,3,3,3,0,0
86397.093123,2026-07-22T15:15:11.049,3,3,3,0,0
86397.095630,2026-07-22T15:15:11.052,3,3,3,0,0
86397.098421,2026-07-22T15:15:11.055,3,3,3,0,0
86397.100890,2026-07-22T15:15:11.057,3,3,3,0,0
86397.103685,2026-07-22T15:15:11.060,3,3,3,0,0
86397.106425,2026-07-22T15:15:11.063,3,3,3,0,0
86397.108944,2026-07-22T15:15:11.065,3,3,3,0,0
86397.111487,2026-07-22T15:15:11.068,3,3,3,0,0
86397.113517,2026-07-22T15:15:11.070,3,3,3,0,0
86397.115987,2026-07-22T15:15:11.072,3,3,3,0,0
86397.118507,2026-07-22T15:15:11.075,3,3,3,0,0
86397.121278,2026-07-22T15:15:11.078,3,3,3,0,0
86397.123801,2026-07-22T15:15:11.080,3,3,3,0,0
86397.126400,2026-07-22T15:15:11.083,3,3,3,0,0
86397.128877,2026-07-22T15:15:11.085,3,3,3,0,0
86397.130904,2026-07-22T15:15:11.087,3,3,3,0,0
86397.133455,2026-07-22T15:15:11.090,3,3,3,0,0
86397.135521,2026-07-22T15:15:11.092,3,3,3,0,0
86397.137870,2026-07-22T15:15:11.094,3,3,3,0,0
86397.140369,2026-07-22T15:15:11.097,3,3,3,0,0
86397.143115,2026-07-22T15:15:11.099,3,3,3,0,0
86397.145584,2026-07-22T15:15:11.102,3,3,3,0,0
86397.147674,2026-07-22T15:15:11.104,3,3,3,0,0
86397.150090,2026-07-22T15:15:11.106,3,3,3,0,0
86397.152619,2026-07-22T15:15:11.109,3,3,3,0,0
86397.155127,2026-07-22T15:15:11.111,3,3,3,0,0
86397.157153,2026-07-22T15:15:11.114,3,3,3,0,0
86397.159758,2026-07-22T15:15:11.116,3,3,3,0,0
86397.162410,2026-07-22T15:15:11.119,3,3,3,0,0
86397.165057,2026-07-22T15:15:11.121,3,3,3,0,0
86397.167101,2026-07-22T15:15:11.123,3,3,3,0,0
86397.169628,2026-07-22T15:15:11.126,3,3,3,0,0
86397.172315,2026-07-22T15:15:11.129,3,3,3,0,0
86397.174354,2026-07-22T15:15:11.131,3,3,3,0,0
86397.176978,2026-07-22T15:15:11.133,3,3,3,0,0
86397.179537,2026-07-22T15:15:11.136,3,3,3,0,0
86397.182239,2026-07-22T15:15:11.139,3,3,3,0,0
86397.184874,2026-07-22T15:15:11.141,3,3,3,0,0
86397.187649,2026-07-22T15:15:11.144,3,3,3,0,0
86397.190181,2026-07-22T15:15:11.147,3,3,3,0,0
86397.192901,2026-07-22T15:15:11.149,3,3,3,0,0
86397.195412,2026-07-22T15:15:11.152,3,3,3,0,0
86397.197504,2026-07-22T15:15:11.154,3,3,3,0,0
86397.200026,2026-07-22T15:15:11.156,3,3,3,0,0
86397.202056,2026-07-22T15:15:11.158,3,3,3,0,0
86397.204500,2026-07-22T15:15:11.161,3,3,3,0,0
86397.207018,2026-07-22T15:15:11.163,3,3,3,0,0
86397.209470,2026-07-22T15:15:11.166,3,3,3,0,0
86397.211969,2026-07-22T15:15:11.168,3,3,3,0,0
86397.213987,2026-07-22T15:15:11.170,3,3,3,0,0
86397.216517,2026-07-22T15:15:11.173,3,3,3,0,0
86397.219101,2026-07-22T15:15:11.175,3,3,3,0,0
86397.221547,2026-07-22T15:15:11.178,3,3,3,0,0
86397.224068,2026-07-22T15:15:11.180,3,3,3,0,0
86397.226512,2026-07-22T15:15:11.183,3,3,3,0,0
86397.229086,2026-07-22T15:15:11.185,3,3,3,0,0
86397.231586,2026-07-22T15:15:11.188,3,3,3,0,0
86397.234135,2026-07-22T15:15:11.190,3,3,3,0,0
86397.236853,2026-07-22T15:15:11.193,3,3,3,0,0
86397.239374,2026-07-22T15:15:11.196,3,3,3,0,0
86397.241978,2026-07-22T15:15:11.198,3,3,3,0,0
86397.244617,2026-07-22T15:15:11.201,3,3,3,0,0
86397.247081,2026-07-22T15:15:11.203,3,3,3,0,0
86397.249670,2026-07-22T15:15:11.206,3,3,3,0,0
86397.252197,2026-07-22T15:15:11.209,3,3,3,0,0
86397.254752,2026-07-22T15:15:11.211,3,3,3,0,0
86397.256799,2026-07-22T15:15:11.213,3,3,3,0,0
86397.259355,2026-07-22T15:15:11.216,3,3,3,0,0
86397.261861,2026-07-22T15:15:11.218,3,3,3,0,0
86397.264552,2026-07-22T15:15:11.221,3,3,3,0,0
86397.266642,2026-07-22T15:15:11.223,3,3,3,0,0
86397.269173,2026-07-22T15:15:11.226,3,3,3,0,0
86397.271693,2026-07-22T15:15:11.228,3,3,3,0,0
86397.274221,2026-07-22T15:15:11.231,3,3,3,0,0
86397.276538,2026-07-22T15:15:11.233,3,3,3,0,0
86397.279048,2026-07-22T15:15:11.235,3,3,3,0,0
86397.281816,2026-07-22T15:15:11.238,3,3,3,0,0
86397.284347,2026-07-22T15:15:11.241,3,3,3,0,0
86397.287113,2026-07-22T15:15:11.243,3,3,3,0,0
86397.289632,2026-07-22T15:15:11.246,3,3,3,0,0
86397.292425,2026-07-22T15:15:11.249,3,3,3,0,0
86397.294930,2026-07-22T15:15:11.251,3,3,3,0,0
86397.297575,2026-07-22T15:15:11.254,3,3,3,0,0
86397.300001,2026-07-22T15:15:11.256,3,3,3,0,0
86397.302030,2026-07-22T15:15:11.258,3,3,3,0,0
86397.304506,2026-07-22T15:15:11.261,3,3,3,0,0
86397.306539,2026-07-22T15:15:11.263,3,3,3,0,0
86397.309288,2026-07-22T15:15:11.266,3,3,3,0,0
86397.311797,2026-07-22T15:15:11.268,3,3,3,0,0
86397.314446,2026-07-22T15:15:11.271,3,3,3,0,0
86397.316968,2026-07-22T15:15:11.273,3,3,3,0,0
86397.321286,2026-07-22T15:15:11.277,3,3,3,0,0
86397.323440,2026-07-22T15:15:11.280,3,3,3,0,0
86397.325914,2026-07-22T15:15:11.282,3,3,3,0,0
86397.328346,2026-07-22T15:15:11.285,3,3,3,0,0
86397.330870,2026-07-22T15:15:11.287,3,3,3,0,0
86397.333520,2026-07-22T15:15:11.290,3,3,3,0,0
86397.336158,2026-07-22T15:15:11.293,3,3,3,0,0
86397.338191,2026-07-22T15:15:11.295,3,3,3,0,0
86397.340706,2026-07-22T15:15:11.297,3,3,3,0,0
86397.343225,2026-07-22T15:15:11.300,3,3,3,0,0
86397.345269,2026-07-22T15:15:11.302,3,3,3,0,0
86397.347778,2026-07-22T15:15:11.304,3,3,3,0,0
86397.350332,2026-07-22T15:15:11.307,3,3,3,0,0
86397.353080,2026-07-22T15:15:11.309,3,3,3,0,0
86397.355210,2026-07-22T15:15:11.312,3,3,3,0,0
86397.357821,2026-07-22T15:15:11.314,3,3,3,0,0
86397.360349,2026-07-22T15:15:11.317,3,3,3,0,0
86397.362868,2026-07-22T15:15:11.319,3,3,3,0,0
86397.365406,2026-07-22T15:15:11.322,3,3,3,0,0
86397.367642,2026-07-22T15:15:11.324,3,3,3,0,0
86397.369681,2026-07-22T15:15:11.326,3,3,3,0,0
86397.372209,2026-07-22T15:15:11.329,3,3,3,0,0
86397.374716,2026-07-22T15:15:11.331,3,3,3,0,0
86397.376791,2026-07-22T15:15:11.333,3,3,3,0,0
86397.379159,2026-07-22T15:15:11.336,3,3,3,0,0
86397.381863,2026-07-22T15:15:11.338,3,3,3,0,0
86397.384053,2026-07-22T15:15:11.340,3,3,3,0,0
86397.386719,2026-07-22T15:15:11.343,3,3,3,0,0
86397.389237,2026-07-22T15:15:11.346,3,3,3,0,0
86397.391868,2026-07-22T15:15:11.348,3,3,3,0,0
86397.394403,2026-07-22T15:15:11.351,3,3,3,0,0
86397.396525,2026-07-22T15:15:11.353,3,3,3,0,0
86397.399037,2026-07-22T15:15:11.355,3,3,3,0,0
86397.401074,2026-07-22T15:15:11.357,3,3,3,0,0
86397.403707,2026-07-22T15:15:11.360,3,3,3,0,0
86397.405731,2026-07-22T15:15:11.362,3,3,3,0,0
86397.408398,2026-07-22T15:15:11.365,3,3,3,0,0
86397.410931,2026-07-22T15:15:11.367,3,3,3,0,0
86397.413507,2026-07-22T15:15:11.370,3,3,3,0,0
86397.416034,2026-07-22T15:15:11.372,19,0,3,0,8
86397.418480,2026-07-22T15:15:11.375,19,0,3,0,8
86397.420643,2026-07-22T15:15:11.377,19,0,3,0,8
86397.423158,2026-07-22T15:15:11.380,19,0,3,0,8
86397.425695,2026-07-22T15:15:11.382,19,0,3,0,8
86397.428303,2026-07-22T15:15:11.385,19,0,3,0,8
86397.430891,2026-07-22T15:15:11.387,19,0,3,0,8
86397.433530,2026-07-22T15:15:11.390,19,0,3,0,8
86397.435558,2026-07-22T15:15:11.392,19,0,3,0,8
86397.437599,2026-07-22T15:15:11.394,19,0,3,0,8
86397.440123,2026-07-22T15:15:11.396,19,0,3,0,8
86397.442631,2026-07-22T15:15:11.399,19,0,3,0,8
86397.444644,2026-07-22T15:15:11.401,19,0,3,0,8
86397.446676,2026-07-22T15:15:11.403,19,0,3,0,8
86397.448832,2026-07-22T15:15:11.405,19,0,3,0,8
86397.451218,2026-07-22T15:15:11.408,19,0,3,0,8
86397.453728,2026-07-22T15:15:11.410,19,0,3,0,8
86397.456232,2026-07-22T15:15:11.413,19,0,3,0,8
86397.458733,2026-07-22T15:15:11.415,19,0,3,0,8
86397.461248,2026-07-22T15:15:11.418,19,0,3,0,8
86397.463746,2026-07-22T15:15:11.420,19,0,3,0,8
86397.465873,2026-07-22T15:15:11.422,19,0,3,0,8
86397.468401,2026-07-22T15:15:11.425,19,0,3,0,8
86397.470551,2026-07-22T15:15:11.427,19,0,3,0,8
86397.472581,2026-07-22T15:15:11.429,19,0,3,0,8
86397.474614,2026-07-22T15:15:11.431,19,0,3,0,8
86397.477135,2026-07-22T15:15:11.433,19,0,3,0,8
86397.479739,2026-07-22T15:15:11.436,19,0,3,0,8
86397.481758,2026-07-22T15:15:11.438,19,0,3,0,8
86397.484265,2026-07-22T15:15:11.441,19,0,3,0,8
86397.486770,2026-07-22T15:15:11.443,19,0,3,0,8
86397.488936,2026-07-22T15:15:11.445,19,0,3,0,8
86397.491462,2026-07-22T15:15:11.448,19,0,3,0,8
86397.493959,2026-07-22T15:15:11.450,19,0,3,0,8
86397.496464,2026-07-22T15:15:11.453,19,0,3,0,8
86397.498969,2026-07-22T15:15:11.455,19,0,3,0,8
86397.501474,2026-07-22T15:15:11.458,19,0,3,0,8
86397.503981,2026-07-22T15:15:11.460,19,0,3,0,8
86397.506491,2026-07-22T15:15:11.463,19,0,3,0,8
86397.508989,2026-07-22T15:15:11.465,19,0,3,0,8
86397.511645,2026-07-22T15:15:11.468,19,0,3,0,8
86397.513669,2026-07-22T15:15:11.470,19,0,3,0,8
86397.515715,2026-07-22T15:15:11.472,19,0,3,0,8
86397.518235,2026-07-22T15:15:11.475,19,0,3,0,8
86397.521014,2026-07-22T15:15:11.477,19,0,3,0,8
86397.523272,2026-07-22T15:15:11.480,19,0,3,0,8
86397.525574,2026-07-22T15:15:11.482,19,0,3,0,8
86397.528087,2026-07-22T15:15:11.484,19,0,3,0,8
86397.530607,2026-07-22T15:15:11.487,19,0,3,0,8
86397.533141,2026-07-22T15:15:11.489,19,0,3,0,8
86397.535922,2026-07-22T15:15:11.492,19,0,3,0,8
86397.538447,2026-07-22T15:15:11.495,19,0,3,0,8
86397.541315,2026-07-22T15:15:11.498,19,0,3,0,8
86397.543509,2026-07-22T15:15:11.500,19,0,3,0,8
86397.545538,2026-07-22T15:15:11.502,19,0,3,0,8
86397.548059,2026-07-22T15:15:11.504,19,0,3,0,8
86397.550583,2026-07-22T15:15:11.507,19,0,3,0,8
86397.553167,2026-07-22T15:15:11.510,19,0,3,0,8
86397.555296,2026-07-22T15:15:11.512,19,0,3,0,8
86397.557867,2026-07-22T15:15:11.514,19,0,3,0,8
86397.559906,2026-07-22T15:15:11.516,19,0,3,0,8
86397.561952,2026-07-22T15:15:11.518,19,0,3,0,8
86397.564466,2026-07-22T15:15:11.521,19,0,3,0,8
86397.566989,2026-07-22T15:15:11.523,19,0,3,0,8
86397.569029,2026-07-22T15:15:11.525,19,0,3,0,8
86397.571055,2026-07-22T15:15:11.527,19,0,3,0,8
86397.573434,2026-07-22T15:15:11.530,19,0,3,0,8
86397.575933,2026-07-22T15:15:11.532,19,0,3,0,8
86397.578451,2026-07-22T15:15:11.535,19,0,3,0,8
86397.580975,2026-07-22T15:15:11.537,19,0,3,0,8
86397.583506,2026-07-22T15:15:11.540,19,0,3,0,8
86397.586014,2026-07-22T15:15:11.542,19,0,3,0,8
86397.588050,2026-07-22T15:15:11.544,19,0,3,0,8
86397.590227,2026-07-22T15:15:11.546,19,0,3,0,8
86397.592570,2026-07-22T15:15:11.549,19,0,3,0,8
86397.595089,2026-07-22T15:15:11.551,19,0,3,0,8
86397.597589,2026-07-22T15:15:11.554,19,0,3,0,8
86397.600095,2026-07-22T15:15:11.556,19,0,3,0,8
86397.602590,2026-07-22T15:15:11.559,19,0,3,0,8
86397.605116,2026-07-22T15:15:11.561,19,0,3,0,8
86397.607616,2026-07-22T15:15:11.564,19,0,3,0,8
86397.610116,2026-07-22T15:15:11.566,19,0,3,0,8
86397.612616,2026-07-22T15:15:11.569,19,0,3,0,8
86397.615134,2026-07-22T15:15:11.571,19,0,3,0,8
86397.617199,2026-07-22T15:15:11.573,19,0,3,0,8
86397.621142,2026-07-22T15:15:11.577,19,0,3,0,8
86397.623221,2026-07-22T15:15:11.579,19,0,3,0,8
86397.625406,2026-07-22T15:15:11.582,19,0,3,0,8
86397.627907,2026-07-22T15:15:11.584,19,0,3,0,8
86397.630409,2026-07-22T15:15:11.587,19,0,3,0,8
86397.632919,2026-07-22T15:15:11.589,19,0,3,0,8
86397.635422,2026-07-22T15:15:11.592,19,0,3,0,8
86397.637925,2026-07-22T15:15:11.594,19,0,3,0,8
86397.640432,2026-07-22T15:15:11.597,19,0,3,0,8
86397.642933,2026-07-22T15:15:11.599,19,0,3,0,8
86397.645447,2026-07-22T15:15:11.602,19,0,3,0,8
86397.647940,2026-07-22T15:15:11.604,19,0,3,0,8
86397.650449,2026-07-22T15:15:11.607,19,0,3,0,8
86397.652961,2026-07-22T15:15:11.609,19,0,3,0,8
86397.655503,2026-07-22T15:15:11.612,19,0,3,0,8
86397.658015,2026-07-22T15:15:11.614,19,0,3,0,8
86397.660528,2026-07-22T15:15:11.617,36,2,3,0,3
86397.662587,2026-07-22T15:15:11.619,36,2,3,0,3
86397.665089,2026-07-22T15:15:11.621,36,2,3,0,3
86397.667183,2026-07-22T15:15:11.622,36,2,3,0,3
86397.669648,2026-07-22T15:15:11.626,36,2,3,0,3
86397.672438,2026-07-22T15:15:11.629,36,2,3,0,3
86397.674972,2026-07-22T15:15:11.631,36,2,3,0,3
86397.677498,2026-07-22T15:15:11.634,36,2,3,0,3
86397.680212,2026-07-22T15:15:11.637,36,2,3,0,3
86397.682904,2026-07-22T15:15:11.639,36,2,3,0,3
86397.685418,2026-07-22T15:15:11.642,36,2,3,0,3
86397.687885,2026-07-22T15:15:11.644,36,2,3,0,3
86397.690411,2026-07-22T15:15:11.647,36,2,3,0,3
86397.692925,2026-07-22T15:15:11.649,36,2,3,0,3
86397.694954,2026-07-22T15:15:11.651,36,2,3,0,3
86397.697565,2026-07-22T15:15:11.654,36,2,3,0,3
86397.700236,2026-07-22T15:15:11.657,36,2,3,0,3
86397.702434,2026-07-22T15:15:11.659,36,2,3,0,3
86397.704860,2026-07-22T15:15:11.661,36,2,3,0,3
86397.707370,2026-07-22T15:15:11.664,36,2,3,0,3
86397.709868,2026-07-22T15:15:11.666,36,2,3,0,3
86397.712381,2026-07-22T15:15:11.669,36,2,3,0,3
86397.714995,2026-07-22T15:15:11.671,36,2,3,0,3
86397.717669,2026-07-22T15:15:11.674,36,2,3,0,3
86397.720966,2026-07-22T15:15:11.677,36,2,3,0,3
86397.723409,2026-07-22T15:15:11.680,36,2,3,0,3
86397.725922,2026-07-22T15:15:11.682,36,2,3,0,3
86397.727944,2026-07-22T15:15:11.684,36,2,3,0,3
86397.729975,2026-07-22T15:15:11.686,36,2,3,0,3
86397.732790,2026-07-22T15:15:11.689,36,2,3,0,3
86397.735291,2026-07-22T15:15:11.692,36,2,3,0,3
86397.737897,2026-07-22T15:15:11.694,36,2,3,0,3
86397.740406,2026-07-22T15:15:11.697,36,2,3,0,3
86397.742923,2026-07-22T15:15:11.699,36,2,3,0,3
86397.745541,2026-07-22T15:15:11.702,36,2,3,0,3
86397.747725,2026-07-22T15:15:11.704,36,2,3,0,3
86397.750279,2026-07-22T15:15:11.707,36,2,3,0,3
86397.752819,2026-07-22T15:15:11.709,36,2,3,0,3
86397.754861,2026-07-22T15:15:11.711,36,2,3,0,3
86397.756913,2026-07-22T15:15:11.713,36,2,3,0,3
86397.759434,2026-07-22T15:15:11.716,36,2,3,0,3
86397.761490,2026-07-22T15:15:11.718,36,2,3,0,3
86397.763650,2026-07-22T15:15:11.720,36,2,3,0,3
86397.766236,2026-07-22T15:15:11.723,36,2,3,0,3
86397.768304,2026-07-22T15:15:11.724,36,2,3,0,3
86397.770781,2026-07-22T15:15:11.727,36,2,3,0,3
86397.773299,2026-07-22T15:15:11.730,36,2,3,0,3
86397.775635,2026-07-22T15:15:11.732,36,2,3,0,3
86397.778571,2026-07-22T15:15:11.735,36,2,3,0,3
86397.780765,2026-07-22T15:15:11.737,36,2,3,0,3
86397.783316,2026-07-22T15:15:11.740,36,2,3,0,3
86397.785851,2026-07-22T15:15:11.742,36,2,3,0,3
86397.788530,2026-07-22T15:15:11.745,36,2,3,0,3
86397.791072,2026-07-22T15:15:11.747,36,2,3,0,3
86397.793807,2026-07-22T15:15:11.750,36,2,3,0,3
86397.796319,2026-07-22T15:15:11.753,36,2,3,0,3
86397.798703,2026-07-22T15:15:11.755,36,2,3,0,3
86397.801240,2026-07-22T15:15:11.758,36,2,3,0,3
86397.803267,2026-07-22T15:15:11.760,36,2,3,0,3
86397.806081,2026-07-22T15:15:11.762,36,2,3,0,3
86397.808112,2026-07-22T15:15:11.764,36,2,3,0,3
86397.810788,2026-07-22T15:15:11.767,36,2,3,0,3
86397.813302,2026-07-22T15:15:11.770,36,2,3,0,3
86397.816072,2026-07-22T15:15:11.772,36,2,3,0,3
86397.818592,2026-07-22T15:15:11.775,36,2,3,0,3
86397.821072,2026-07-22T15:15:11.777,36,2,3,0,3
86397.823128,2026-07-22T15:15:11.779,36,2,3,0,3
86397.825288,2026-07-22T15:15:11.782,36,2,3,0,3
86397.827482,2026-07-22T15:15:11.784,36,2,3,0,3
86397.829999,2026-07-22T15:15:11.786,36,2,3,0,3
86397.832208,2026-07-22T15:15:11.789,36,2,3,0,3
86397.834718,2026-07-22T15:15:11.791,36,2,3,0,3
86397.837221,2026-07-22T15:15:11.794,36,2,3,0,3
86397.839743,2026-07-22T15:15:11.796,36,2,3,0,3
86397.842136,2026-07-22T15:15:11.798,36,2,3,0,3
86397.844658,2026-07-22T15:15:11.801,36,2,3,0,3
86397.847236,2026-07-22T15:15:11.804,36,2,3,0,3
86397.849313,2026-07-22T15:15:11.806,36,2,3,0,3
86397.851351,2026-07-22T15:15:11.808,36,2,3,0,3
86397.853410,2026-07-22T15:15:11.810,36,2,3,0,3
86397.855485,2026-07-22T15:15:11.812,36,2,3,0,3
86397.857968,2026-07-22T15:15:11.814,36,2,3,0,3
86397.860013,2026-07-22T15:15:11.816,36,2,3,0,3
86397.862096,2026-07-22T15:15:11.818,36,2,3,0,3
86397.864618,2026-07-22T15:15:11.821,36,2,3,0,3
86397.866678,2026-07-22T15:15:11.823,36,2,3,0,3
86397.868714,2026-07-22T15:15:11.825,36,2,3,0,3
86397.870940,2026-07-22T15:15:11.827,36,2,3,0,3
86397.873495,2026-07-22T15:15:11.830,36,2,3,0,3
86397.875536,2026-07-22T15:15:11.832,36,2,3,0,3
86397.878104,2026-07-22T15:15:11.834,36,2,3,0,3
86397.880146,2026-07-22T15:15:11.837,36,2,3,0,3
86397.882343,2026-07-22T15:15:11.839,36,2,3,0,3
86397.884879,2026-07-22T15:15:11.841,36,2,3,0,3
86397.887521,2026-07-22T15:15:11.844,36,2,3,0,3
86397.890124,2026-07-22T15:15:11.846,36,2,3,0,3
86397.892743,2026-07-22T15:15:11.849,36,2,3,0,3
86397.895247,2026-07-22T15:15:11.852,36,2,3,0,3
86397.897277,2026-07-22T15:15:11.854,36,2,3,0,3
86397.899798,2026-07-22T15:15:11.856,36,2,3,0,3
86397.901829,2026-07-22T15:15:11.858,36,2,3,0,3
86397.904410,2026-07-22T15:15:11.861,36,2,3,0,3
86397.906930,2026-07-22T15:15:11.863,36,2,3,0,3
86397.909427,2026-07-22T15:15:11.866,36,2,3,0,3
86397.911979,2026-07-22T15:15:11.868,36,2,3,0,3
86397.914048,2026-07-22T15:15:11.870,36,2,3,0,3
86397.916514,2026-07-22T15:15:11.873,36,2,3,0,3
86397.918566,2026-07-22T15:15:11.875,36,2,3,0,3
86397.921143,2026-07-22T15:15:11.878,36,2,3,0,3
86397.923668,2026-07-22T15:15:11.880,36,2,3,0,3
86397.926013,2026-07-22T15:15:11.882,36,2,3,0,3
86397.928578,2026-07-22T15:15:11.885,36,2,3,0,3
86397.931139,2026-07-22T15:15:11.888,36,2,3,0,3
86397.933692,2026-07-22T15:15:11.890,36,2,3,0,3
86397.935732,2026-07-22T15:15:11.892,36,2,3,0,3
86397.938350,2026-07-22T15:15:11.895,36,2,3,0,3
86397.940879,2026-07-22T15:15:11.897,36,2,3,0,3
86397.943579,2026-07-22T15:15:11.900,36,2,3,0,3
86397.946086,2026-07-22T15:15:11.902,36,2,3,0,3
86397.948365,2026-07-22T15:15:11.905,36,2,3,0,3
86397.950859,2026-07-22T15:15:11.907,36,2,3,0,3
86397.953573,2026-07-22T15:15:11.910,36,2,3,0,3
86397.956050,2026-07-22T15:15:11.912,36,2,3,0,3
86397.958081,2026-07-22T15:15:11.914,36,2,3,0,3
86397.960733,2026-07-22T15:15:11.917,36,2,3,0,3
86397.963253,2026-07-22T15:15:11.920,36,2,3,0,3
86397.965800,2026-07-22T15:15:11.922,36,2,3,0,3
86397.968238,2026-07-22T15:15:11.925,36,2,3,0,3
86397.970518,2026-07-22T15:15:11.927,36,2,3,0,3
86397.973177,2026-07-22T15:15:11.930,36,2,3,0,3
86397.975203,2026-07-22T15:15:11.932,36,2,3,0,3
86397.977705,2026-07-22T15:15:11.934,36,2,3,0,3
86397.980220,2026-07-22T15:15:11.937,36,2,3,0,3
86397.982856,2026-07-22T15:15:11.939,36,2,3,0,3
86397.985376,2026-07-22T15:15:11.942,36,2,3,0,3
86397.987872,2026-07-22T15:15:11.944,36,2,3,0,3
86397.989883,2026-07-22T15:15:11.946,36,2,3,0,3
86397.991924,2026-07-22T15:15:11.948,36,2,3,0,3
86397.993960,2026-07-22T15:15:11.950,36,2,3,0,3
86397.996184,2026-07-22T15:15:11.953,4,0,3,0,6
86397.998406,2026-07-22T15:15:11.955,4,0,3,0,6
86398.000433,2026-07-22T15:15:11.957,4,0,3,0,6
86398.002880,2026-07-22T15:15:11.959,4,0,3,0,6
86398.005365,2026-07-22T15:15:11.962,4,0,3,0,6
86398.007750,2026-07-22T15:15:11.964,4,0,3,0,6
86398.010294,2026-07-22T15:15:11.967,4,0,3,0,6
86398.013208,2026-07-22T15:15:11.969,4,0,3,0,6
86398.015583,2026-07-22T15:15:11.972,4,0,3,0,6
86398.018102,2026-07-22T15:15:11.974,4,0,3,0,6
86398.020275,2026-07-22T15:15:11.977,4,0,3,0,6
86398.022577,2026-07-22T15:15:11.979,4,0,3,0,6
86398.025271,2026-07-22T15:15:11.982,4,0,3,0,6
86398.028074,2026-07-22T15:15:11.984,4,0,3,0,6
86398.030808,2026-07-22T15:15:11.987,4,0,3,0,6
86398.033311,2026-07-22T15:15:11.990,4,0,3,0,6
86398.035908,2026-07-22T15:15:11.992,4,0,3,0,6
86398.038437,2026-07-22T15:15:11.995,4,0,3,0,6
86398.041004,2026-07-22T15:15:11.997,4,0,3,0,6
86398.043075,2026-07-22T15:15:11.999,4,0,3,0,6
86398.045107,2026-07-22T15:15:12.001,4,0,3,0,6
86398.047706,2026-07-22T15:15:12.004,4,0,3,0,6
86398.050338,2026-07-22T15:15:12.007,4,0,3,0,6
86398.053060,2026-07-22T15:15:12.009,4,0,3,0,6
86398.055654,2026-07-22T15:15:12.012,4,0,3,0,6
86398.058207,2026-07-22T15:15:12.015,4,0,3,0,6
86398.060546,2026-07-22T15:15:12.017,4,0,3,0,6
86398.063242,2026-07-22T15:15:12.020,4,0,3,0,6
86398.065876,2026-07-22T15:15:12.022,4,0,3,0,6
86398.067981,2026-07-22T15:15:12.024,4,0,3,0,6
86398.070409,2026-07-22T15:15:12.027,4,0,3,0,6
86398.072634,2026-07-22T15:15:12.029,4,0,3,0,6
86398.075275,2026-07-22T15:15:12.032,4,0,3,0,6
86398.077738,2026-07-22T15:15:12.034,4,0,3,0,6
86398.080255,2026-07-22T15:15:12.037,4,0,3,0,6
86398.082594,2026-07-22T15:15:12.039,4,0,3,0,6
86398.085077,2026-07-22T15:15:12.041,4,0,3,0,6
86398.087607,2026-07-22T15:15:12.044,4,0,3,0,6
86398.090108,2026-07-22T15:15:12.046,4,0,3,0,6
86398.092763,2026-07-22T15:15:12.049,4,0,3,0,6
86398.095127,2026-07-22T15:15:12.051,4,0,3,0,6
86398.097630,2026-07-22T15:15:12.054,4,0,3,0,6
86398.099664,2026-07-22T15:15:12.056,4,0,3,0,6
86398.102114,2026-07-22T15:15:12.058,4,0,3,0,6
86398.104678,2026-07-22T15:15:12.061,4,0,3,0,6
86398.107304,2026-07-22T15:15:12.064,4,0,3,0,6
86398.109835,2026-07-22T15:15:12.066,4,0,3,0,6
86398.112425,2026-07-22T15:15:12.069,4,0,3,0,6
86398.115039,2026-07-22T15:15:12.071,4,0,3,0,6
86398.117378,2026-07-22T15:15:12.074,4,0,3,0,6
86398.119896,2026-07-22T15:15:12.076,4,0,3,0,6
86398.124473,2026-07-22T15:15:12.080,4,0,3,0,6
86398.126912,2026-07-22T15:15:12.083,4,0,3,0,6
86398.129010,2026-07-22T15:15:12.085,4,0,3,0,6
86398.131057,2026-07-22T15:15:12.087,4,0,3,0,6
86398.133319,2026-07-22T15:15:12.090,4,0,3,0,6
86398.135352,2026-07-22T15:15:12.092,4,0,3,0,6
86398.137779,2026-07-22T15:15:12.094,4,0,3,0,6
86398.140288,2026-07-22T15:15:12.097,4,0,3,0,6
86398.142808,2026-07-22T15:15:12.099,4,0,3,0,6
86398.145247,2026-07-22T15:15:12.102,4,0,3,0,6
86398.147719,2026-07-22T15:15:12.104,4,0,3,0,6
86398.150181,2026-07-22T15:15:12.107,4,0,3,0,6
86398.152670,2026-07-22T15:15:12.109,4,0,3,0,6
86398.155244,2026-07-22T15:15:12.112,4,0,3,0,6
86398.157799,2026-07-22T15:15:12.114,4,0,3,0,6
86398.160310,2026-07-22T15:15:12.117,4,0,3,0,6
86398.162921,2026-07-22T15:15:12.119,4,0,3,0,6
86398.165488,2026-07-22T15:15:12.122,4,0,3,0,6
86398.167801,2026-07-22T15:15:12.124,4,0,3,0,6
86398.170591,2026-07-22T15:15:12.127,4,0,3,0,6
86398.172906,2026-07-22T15:15:12.129,4,0,3,0,6
86398.175353,2026-07-22T15:15:12.132,4,0,3,0,6
86398.177836,2026-07-22T15:15:12.134,4,0,3,0,6
86398.180602,2026-07-22T15:15:12.137,4,0,3,0,6
86398.182706,2026-07-22T15:15:12.139,4,0,3,0,6
86398.185194,2026-07-22T15:15:12.142,4,0,3,0,6
86398.187650,2026-07-22T15:15:12.144,4,0,3,0,6
86398.190347,2026-07-22T15:15:12.147,4,0,3,0,6
86398.192945,2026-07-22T15:15:12.149,4,0,3,0,6
86398.195470,2026-07-22T15:15:12.152,4,0,3,0,6
86398.197872,2026-07-22T15:15:12.154,4,0,3,0,6
86398.200300,2026-07-22T15:15:12.157,4,0,3,0,6
86398.202384,2026-07-22T15:15:12.159,4,0,3,0,6
86398.204867,2026-07-22T15:15:12.161,4,0,3,0,6
86398.207408,2026-07-22T15:15:12.164,4,0,3,0,6
86398.210038,2026-07-22T15:15:12.166,4,0,3,0,6
86398.212770,2026-07-22T15:15:12.169,4,0,3,0,6
86398.215273,2026-07-22T15:15:12.172,4,0,3,0,6
86398.217752,2026-07-22T15:15:12.174,4,0,3,0,6
86398.220479,2026-07-22T15:15:12.177,4,0,3,0,6
86398.223018,2026-07-22T15:15:12.179,4,0,3,0,6
86398.225685,2026-07-22T15:15:12.182,4,0,3,0,6
86398.228208,2026-07-22T15:15:12.185,4,0,3,0,6
86398.230894,2026-07-22T15:15:12.187,4,0,3,0,6
86398.233657,2026-07-22T15:15:12.190,4,0,3,0,6
86398.236057,2026-07-22T15:15:12.192,4,0,3,0,6
86398.238543,2026-07-22T15:15:12.195,4,0,3,0,6
86398.241090,2026-07-22T15:15:12.197,4,0,3,0,6
86398.243599,2026-07-22T15:15:12.200,3,3,3,0,0
86398.246091,2026-07-22T15:15:12.202,3,3,3,0,0
86398.248669,2026-07-22T15:15:12.205,3,3,3,0,0
86398.251262,2026-07-22T15:15:12.208,3,3,3,0,0
86398.253891,2026-07-22T15:15:12.210,3,3,3,0,0
86398.256495,2026-07-22T15:15:12.213,3,3,3,0,0
86398.259064,2026-07-22T15:15:12.215,3,3,3,0,0
86398.261629,2026-07-22T15:15:12.218,3,3,3,0,0
86398.264376,2026-07-22T15:15:12.221,3,3,3,0,0
86398.266547,2026-07-22T15:15:12.223,3,3,3,0,0
86398.269060,2026-07-22T15:15:12.225,3,3,3,0,0
86398.271755,2026-07-22T15:15:12.228,3,3,3,0,0
86398.274168,2026-07-22T15:15:12.231,3,3,3,0,0
86398.276586,2026-07-22T15:15:12.233,3,3,3,0,0
86398.278918,2026-07-22T15:15:12.235,3,3,3,0,0
86398.281568,2026-07-22T15:15:12.238,3,3,3,0,0
86398.283859,2026-07-22T15:15:12.240,3,3,3,0,0
86398.286381,2026-07-22T15:15:12.243,3,3,3,0,0
86398.289019,2026-07-22T15:15:12.245,3,3,3,0,0
86398.291608,2026-07-22T15:15:12.248,3,3,3,0,0
86398.294114,2026-07-22T15:15:12.250,3,3,3,0,0
86398.296829,2026-07-22T15:15:12.253,3,3,3,0,0
86398.299229,2026-07-22T15:15:12.256,3,3,3,0,0
86398.301731,2026-07-22T15:15:12.258,3,3,3,0,0
86398.304210,2026-07-22T15:15:12.261,3,3,3,0,0
86398.306615,2026-07-22T15:15:12.263,3,3,3,0,0
86398.309216,2026-07-22T15:15:12.266,3,3,3,0,0
86398.311909,2026-07-22T15:15:12.268,3,3,3,0,0
86398.314389,2026-07-22T15:15:12.271,3,3,3,0,0
86398.317067,2026-07-22T15:15:12.273,3,3,3,0,0
86398.319680,2026-07-22T15:15:12.276,3,3,3,0,0
86398.321691,2026-07-22T15:15:12.278,3,3,3,0,0
86398.323720,2026-07-22T15:15:12.280,3,3,3,0,0
86398.326078,2026-07-22T15:15:12.282,3,3,3,0,0
86398.328208,2026-07-22T15:15:12.285,3,3,3,0,0
86398.330572,2026-07-22T15:15:12.287,3,3,3,0,0
86398.333282,2026-07-22T15:15:12.290,3,3,3,0,0
86398.335899,2026-07-22T15:15:12.292,3,3,3,0,0
86398.338651,2026-07-22T15:15:12.295,3,3,3,0,0
86398.341268,2026-07-22T15:15:12.298,3,3,3,0,0
86398.343936,2026-07-22T15:15:12.300,3,3,3,0,0
86398.346067,2026-07-22T15:15:12.302,3,3,3,0,0
86398.348590,2026-07-22T15:15:12.305,3,3,3,0,0
86398.351099,2026-07-22T15:15:12.307,3,3,3,0,0
86398.353127,2026-07-22T15:15:12.309,3,3,3,0,0
86398.355597,2026-07-22T15:15:12.312,3,3,3,0,0
86398.358053,2026-07-22T15:15:12.314,3,3,3,0,0
86398.360333,2026-07-22T15:15:12.317,3,3,3,0,0
86398.362971,2026-07-22T15:15:12.319,3,3,3,0,0
86398.365587,2026-07-22T15:15:12.322,3,3,3,0,0
86398.367646,2026-07-22T15:15:12.324,3,3,3,0,0
86398.370175,2026-07-22T15:15:12.327,3,3,3,0,0
86398.372683,2026-07-22T15:15:12.329,3,3,3,0,0
86398.375060,2026-07-22T15:15:12.331,3,3,3,0,0
86398.377566,2026-07-22T15:15:12.334,3,3,3,0,0
86398.379947,2026-07-22T15:15:12.336,3,3,3,0,0
86398.382244,2026-07-22T15:15:12.339,3,3,3,0,0
86398.384896,2026-07-22T15:15:12.341,3,3,3,0,0
86398.387551,2026-07-22T15:15:12.344,3,3,3,0,0
86398.389947,2026-07-22T15:15:12.346,3,3,3,0,0
86398.392598,2026-07-22T15:15:12.349,3,3,3,0,0
86398.395175,2026-07-22T15:15:12.352,3,3,3,0,0
86398.397619,2026-07-22T15:15:12.354,3,3,3,0,0
86398.400172,2026-07-22T15:15:12.357,3,3,3,0,0
86398.402807,2026-07-22T15:15:12.359,3,3,3,0,0
86398.405308,2026-07-22T15:15:12.362,3,3,3,0,0
86398.407827,2026-07-22T15:15:12.364,3,3,3,0,0
86398.410175,2026-07-22T15:15:12.367,3,3,3,0,0
86398.412797,2026-07-22T15:15:12.369,3,3,3,0,0
86398.415304,2026-07-22T15:15:12.372,3,3,3,0,0
86398.417687,2026-07-22T15:15:12.374,3,3,3,0,0
86398.420134,2026-07-22T15:15:12.376,3,3,3,0,0
86398.422627,2026-07-22T15:15:12.379,3,3,3,0,0
86398.426064,2026-07-22T15:15:12.382,3,3,3,0,0
86398.428362,2026-07-22T15:15:12.385,3,3,3,0,0
86398.430883,2026-07-22T15:15:12.387,3,3,3,0,0
86398.432908,2026-07-22T15:15:12.389,3,3,3,0,0
86398.435718,2026-07-22T15:15:12.392,3,3,3,0,0
86398.438519,2026-07-22T15:15:12.395,3,3,3,0,0
86398.441217,2026-07-22T15:15:12.398,3,3,3,0,0
86398.443775,2026-07-22T15:15:12.400,3,3,3,0,0
86398.446382,2026-07-22T15:15:12.403,3,3,3,0,0
86398.448743,2026-07-22T15:15:12.405,3,3,3,0,0
86398.451282,2026-07-22T15:15:12.408,3,3,3,0,0
86398.453701,2026-07-22T15:15:12.410,3,3,3,0,0
86398.456392,2026-07-22T15:15:12.413,3,3,3,0,0
86398.458882,2026-07-22T15:15:12.415,3,3,3,0,0
86398.461391,2026-07-22T15:15:12.418,3,3,3,0,0
86398.463760,2026-07-22T15:15:12.420,3,3,3,0,0
86398.466232,2026-07-22T15:15:12.423,3,3,3,0,0
86398.468530,2026-07-22T15:15:12.425,3,3,3,0,0
86398.470580,2026-07-22T15:15:12.427,3,3,3,0,0
86398.473217,2026-07-22T15:15:12.430,3,3,3,0,0
86398.475763,2026-07-22T15:15:12.432,3,3,3,0,0
86398.478518,2026-07-22T15:15:12.435,3,3,3,0,0
86398.481315,2026-07-22T15:15:12.438,3,3,3,0,0
86398.483817,2026-07-22T15:15:12.440,3,3,3,0,0
86398.486378,2026-07-22T15:15:12.443,3,3,3,0,0
86398.488899,2026-07-22T15:15:12.445,3,3,3,0,0
86398.491450,2026-07-22T15:15:12.448,3,3,3,0,0
86398.493875,2026-07-22T15:15:12.450,3,3,3,0,0
86398.496557,2026-07-22T15:15:12.453,3,3,3,0,0
86398.499084,2026-07-22T15:15:12.455,3,3,3,0,0
86398.501761,2026-07-22T15:15:12.458,3,3,3,0,0
86398.504289,2026-07-22T15:15:12.461,3,3,3,0,0
86398.506730,2026-07-22T15:15:12.463,3,3,3,0,0
86398.509167,2026-07-22T15:15:12.466,3,3,3,0,0
86398.511573,2026-07-22T15:15:12.468,3,3,3,0,0
86398.513973,2026-07-22T15:15:12.470,3,3,3,0,0
86398.516624,2026-07-22T15:15:12.473,3,3,3,0,0
86398.518884,2026-07-22T15:15:12.475,3,3,3,0,0
86398.521455,2026-07-22T15:15:12.478,3,3,3,0,0
86398.523788,2026-07-22T15:15:12.480,3,3,3,0,0
86398.526252,2026-07-22T15:15:12.483,3,3,3,0,0
86398.528878,2026-07-22T15:15:12.485,3,3,3,0,0
86398.531368,2026-07-22T15:15:12.488,3,3,3,0,0
86398.533749,2026-07-22T15:15:12.490,3,3,3,0,0
86398.536269,2026-07-22T15:15:12.493,3,3,3,0,0
86398.538718,2026-07-22T15:15:12.495,3,3,3,0,0
86398.541188,2026-07-22T15:15:12.498,3,3,3,0,0
86398.543680,2026-07-22T15:15:12.500,3,3,3,0,0
86398.546249,2026-07-22T15:15:12.503,3,3,3,0,0
86398.548865,2026-07-22T15:15:12.505,3,3,3,0,0
86398.551345,2026-07-22T15:15:12.508,3,3,3,0,0
86398.553752,2026-07-22T15:15:12.510,3,3,3,0,0
86398.556374,2026-07-22T15:15:12.513,3,3,3,0,0
86398.558805,2026-07-22T15:15:12.515,3,3,3,0,0
86398.561241,2026-07-22T15:15:12.518,3,3,3,0,0
86398.563723,2026-07-22T15:15:12.520,3,3,3,0,0
86398.566335,2026-07-22T15:15:12.523,3,3,3,0,0
86398.568695,2026-07-22T15:15:12.525,3,3,3,0,0
86398.570724,2026-07-22T15:15:12.527,3,3,3,0,0
86398.573271,2026-07-22T15:15:12.530,3,3,3,0,0
86398.575768,2026-07-22T15:15:12.532,3,3,3,0,0
86398.578418,2026-07-22T15:15:12.535,3,3,3,0,0
86398.581087,2026-07-22T15:15:12.537,3,3,3,0,0
86398.583866,2026-07-22T15:15:12.540,3,3,3,0,0
86398.586607,2026-07-22T15:15:12.543,3,3,3,0,0
86398.589233,2026-07-22T15:15:12.546,3,3,3,0,0
86398.591801,2026-07-22T15:15:12.548,3,3,3,0,0
86398.594612,2026-07-22T15:15:12.551,3,3,3,0,0
86398.597249,2026-07-22T15:15:12.554,3,3,3,0,0
86398.600016,2026-07-22T15:15:12.556,3,3,3,0,0
86398.602538,2026-07-22T15:15:12.559,3,3,3,0,0
86398.605206,2026-07-22T15:15:12.562,3,3,3,0,0
86398.607729,2026-07-22T15:15:12.564,3,3,3,0,0
86398.610379,2026-07-22T15:15:12.567,3,3,3,0,0
86398.612873,2026-07-22T15:15:12.569,3,3,3,0,0
86398.615355,2026-07-22T15:15:12.572,3,3,3,0,0
86398.617737,2026-07-22T15:15:12.574,3,3,3,0,0
86398.620061,2026-07-22T15:15:12.576,3,3,3,0,0
86398.622594,2026-07-22T15:15:12.579,3,3,3,0,0
86398.625359,2026-07-22T15:15:12.582,3,3,3,0,0
86398.628148,2026-07-22T15:15:12.585,3,3,3,0,0
86398.630726,2026-07-22T15:15:12.587,3,3,3,0,0
86398.633364,2026-07-22T15:15:12.590,3,3,3,0,0
86398.635898,2026-07-22T15:15:12.592,3,3,3,0,0
86398.638687,2026-07-22T15:15:12.595,3,3,3,0,0
86398.641204,2026-07-22T15:15:12.598,3,3,3,0,0
86398.643700,2026-07-22T15:15:12.600,3,3,3,0,0
86398.646120,2026-07-22T15:15:12.602,3,3,3,0,0
86398.648580,2026-07-22T15:15:12.605,3,3,3,0,0
86398.651108,2026-07-22T15:15:12.607,3,3,3,0,0
86398.653566,2026-07-22T15:15:12.610,3,3,3,0,0
86398.656050,2026-07-22T15:15:12.612,3,3,3,0,0
86398.658472,2026-07-22T15:15:12.615,3,3,3,0,0
86398.661096,2026-07-22T15:15:12.617,3,3,3,0,0
86398.663693,2026-07-22T15:15:12.620,3,3,3,0,0
86398.666180,2026-07-22T15:15:12.623,3,3,3,0,0
86398.668723,2026-07-22T15:15:12.625,3,3,3,0,0
86398.671412,2026-07-22T15:15:12.628,3,3,3,0,0
86398.674173,2026-07-22T15:15:12.631,3,3,3,0,0
86398.676803,2026-07-22T15:15:12.633,3,3,3,0,0
86398.679289,2026-07-22T15:15:12.636,3,3,3,0,0
86398.681886,2026-07-22T15:15:12.638,3,3,3,0,0
86398.684183,2026-07-22T15:15:12.641,3,3,3,0,0
86398.686954,2026-07-22T15:15:12.643,3,3,3,0,0
86398.689540,2026-07-22T15:15:12.646,3,3,3,0,0
86398.692095,2026-07-22T15:15:12.648,3,3,3,0,0
86398.694621,2026-07-22T15:15:12.651,3,3,3,0,0
86398.697069,2026-07-22T15:15:12.653,3,3,3,0,0
86398.699584,2026-07-22T15:15:12.656,3,3,3,0,0
86398.702055,2026-07-22T15:15:12.658,3,3,3,0,0
86398.704540,2026-07-22T15:15:12.661,3,3,3,0,0
86398.707109,2026-07-22T15:15:12.663,3,3,3,0,0
86398.709631,2026-07-22T15:15:12.666,3,3,3,0,0
86398.712280,2026-07-22T15:15:12.669,3,3,3,0,0
86398.715031,2026-07-22T15:15:12.671,3,3,3,0,0
86398.717801,2026-07-22T15:15:12.674,3,3,3,0,0
86398.720291,2026-07-22T15:15:12.677,3,3,3,0,0
86398.722331,2026-07-22T15:15:12.679,3,3,3,0,0
86398.724945,2026-07-22T15:15:12.681,3,3,3,0,0
86398.727374,2026-07-22T15:15:12.684,3,3,3,0,0
86398.729935,2026-07-22T15:15:12.686,3,3,3,0,0
86398.732293,2026-07-22T15:15:12.689,3,3,3,0,0
86398.734716,2026-07-22T15:15:12.691,3,3,3,0,0
86398.737288,2026-07-22T15:15:12.694,3,3,3,0,0
86398.740110,2026-07-22T15:15:12.696,3,3,3,0,0
86398.742376,2026-07-22T15:15:12.699,3,3,3,0,0
86398.744403,2026-07-22T15:15:12.701,3,3,3,0,0
86398.746886,2026-07-22T15:15:12.703,3,3,3,0,0
86398.749419,2026-07-22T15:15:12.706,3,3,3,0,0
86398.752032,2026-07-22T15:15:12.708,3,3,3,0,0
86398.754565,2026-07-22T15:15:12.711,3,3,3,0,0
86398.756590,2026-07-22T15:15:12.713,3,3,3,0,0
86398.759122,2026-07-22T15:15:12.715,3,3,3,0,0
86398.761194,2026-07-22T15:15:12.718,3,3,3,0,0
86398.763791,2026-07-22T15:15:12.720,3,3,3,0,0
86398.766299,2026-07-22T15:15:12.723,3,3,3,0,0
86398.768680,2026-07-22T15:15:12.725,3,3,3,0,0
86398.770751,2026-07-22T15:15:12.727,3,3,3,0,0
86398.772784,2026-07-22T15:15:12.729,3,3,3,0,0
86398.774807,2026-07-22T15:15:12.731,3,3,3,0,0
86398.776850,2026-07-22T15:15:12.733,3,3,3,0,0
86398.779088,2026-07-22T15:15:12.735,3,3,3,0,0
86398.781110,2026-07-22T15:15:12.737,3,3,3,0,0
86398.783664,2026-07-22T15:15:12.740,3,3,3,0,0
86398.785828,2026-07-22T15:15:12.742,3,3,3,0,0
86398.788323,2026-07-22T15:15:12.745,3,3,3,0,0
86398.790837,2026-07-22T15:15:12.747,3,3,3,0,0
86398.793424,2026-07-22T15:15:12.750,3,3,3,0,0
86398.795466,2026-07-22T15:15:12.752,3,3,3,0,0
86398.797912,2026-07-22T15:15:12.754,3,3,3,0,0
86398.800430,2026-07-22T15:15:12.757,3,3,3,0,0
86398.802789,2026-07-22T15:15:12.759,3,3,3,0,0
86398.805308,2026-07-22T15:15:12.762,3,3,3,0,0
86398.807805,2026-07-22T15:15:12.764,3,3,3,0,0
86398.810426,2026-07-22T15:15:12.767,3,3,3,0,0
86398.812944,2026-07-22T15:15:12.769,3,3,3,0,0
86398.815449,2026-07-22T15:15:12.772,3,3,3,0,0
86398.817959,2026-07-22T15:15:12.774,3,3,3,0,0
86398.820271,2026-07-22T15:15:12.777,3,3,3,0,0
86398.822795,2026-07-22T15:15:12.779,3,3,3,0,0
86398.825188,2026-07-22T15:15:12.782,3,3,3,0,0
86398.827709,2026-07-22T15:15:12.784,3,3,3,0,0
86398.830160,2026-07-22T15:15:12.786,3,3,3,0,0
86398.832233,2026-07-22T15:15:12.789,3,3,3,0,0
86398.834732,2026-07-22T15:15:12.791,3,3,3,0,0
86398.837234,2026-07-22T15:15:12.794,3,3,3,0,0
86398.839743,2026-07-22T15:15:12.796,3,3,3,0,0
86398.842363,2026-07-22T15:15:12.799,3,3,3,0,0
86398.844873,2026-07-22T15:15:12.801,3,3,3,0,0
86398.847270,2026-07-22T15:15:12.804,3,3,3,0,0
86398.849752,2026-07-22T15:15:12.806,3,3,3,0,0
86398.851855,2026-07-22T15:15:12.808,3,3,3,0,0
86398.854297,2026-07-22T15:15:12.811,3,3,3,0,0
86398.856338,2026-07-22T15:15:12.813,3,3,3,0,0
86398.858953,2026-07-22T15:15:12.815,3,3,3,0,0
86398.861527,2026-07-22T15:15:12.818,3,3,3,0,0
86398.863976,2026-07-22T15:15:12.820,3,3,3,0,0
86398.866591,2026-07-22T15:15:12.823,3,3,3,0,0
86398.869132,2026-07-22T15:15:12.825,3,3,3,0,0
86398.871292,2026-07-22T15:15:12.828,3,3,3,0,0
86398.873817,2026-07-22T15:15:12.830,3,3,3,0,0
86398.875838,2026-07-22T15:15:12.832,3,3,3,0,0
86398.878376,2026-07-22T15:15:12.835,3,3,3,0,0
86398.881017,2026-07-22T15:15:12.837,3,3,3,0,0
86398.883590,2026-07-22T15:15:12.840,3,3,3,0,0
86398.885661,2026-07-22T15:15:12.842,3,3,3,0,0
86398.888105,2026-07-22T15:15:12.844,3,3,3,0,0
86398.890142,2026-07-22T15:15:12.847,3,3,3,0,0
86398.892753,2026-07-22T15:15:12.849,3,3,3,0,0
86398.895251,2026-07-22T15:15:12.852,3,3,3,0,0
86398.897739,2026-07-22T15:15:12.854,3,3,3,0,0
86398.900317,2026-07-22T15:15:12.857,3,3,3,0,0
86398.902523,2026-07-22T15:15:12.859,3,3,3,0,0
86398.905000,2026-07-22T15:15:12.861,3,3,3,0,0
86398.907517,2026-07-22T15:15:12.864,3,3,3,0,0
86398.909562,2026-07-22T15:15:12.866,3,3,3,0,0
86398.912059,2026-07-22T15:15:12.868,3,3,3,0,0
86398.914704,2026-07-22T15:15:12.871,3,3,3,0,0
86398.917141,2026-07-22T15:15:12.874,3,3,3,0,0
86398.919407,2026-07-22T15:15:12.876,3,3,3,0,0
86398.921954,2026-07-22T15:15:12.878,3,3,3,0,0
86398.924463,2026-07-22T15:15:12.881,3,3,3,0,0
86398.927125,2026-07-22T15:15:12.883,3,3,3,0,0
86398.929153,2026-07-22T15:15:12.886,3,3,3,0,0
86398.931176,2026-07-22T15:15:12.888,3,3,3,0,0
86398.933237,2026-07-22T15:15:12.890,3,3,3,0,0
86398.935266,2026-07-22T15:15:12.892,3,3,3,0,0
86398.937693,2026-07-22T15:15:12.894,3,3,3,0,0
86398.939709,2026-07-22T15:15:12.896,3,3,3,0,0
86398.941736,2026-07-22T15:15:12.898,3,3,3,0,0
86398.944258,2026-07-22T15:15:12.901,3,3,3,0,0
86398.946287,2026-07-22T15:15:12.903,3,3,3,0,0
86398.948849,2026-07-22T15:15:12.905,3,3,3,0,0
86398.951371,2026-07-22T15:15:12.908,3,3,3,0,0
86398.953780,2026-07-22T15:15:12.910,3,3,3,0,0
86398.956283,2026-07-22T15:15:12.913,3,3,3,0,0
86398.958872,2026-07-22T15:15:12.915,3,3,3,0,0
86398.961408,2026-07-22T15:15:12.918,3,3,3,0,0
86398.963915,2026-07-22T15:15:12.920,3,3,3,0,0
86398.966403,2026-07-22T15:15:12.923,3,3,3,0,0
86398.968432,2026-07-22T15:15:12.925,3,3,3,0,0
86398.971084,2026-07-22T15:15:12.927,3,3,3,0,0
86398.973636,2026-07-22T15:15:12.930,3,3,3,0,0
86398.975762,2026-07-22T15:15:12.932,3,3,3,0,0
86398.978206,2026-07-22T15:15:12.935,3,3,3,0,0
86398.980511,2026-07-22T15:15:12.937,3,3,3,0,0
86398.982534,2026-07-22T15:15:12.939,3,3,3,0,0
86398.984565,2026-07-22T15:15:12.941,3,3,3,0,0
86398.987066,2026-07-22T15:15:12.943,3,3,3,0,0
86398.989588,2026-07-22T15:15:12.946,3,3,3,0,0
86398.992085,2026-07-22T15:15:12.948,3,3,3,0,0
86398.994728,2026-07-22T15:15:12.951,3,3,3,0,0
86398.996763,2026-07-22T15:15:12.953,3,3,3,0,0
86398.999248,2026-07-22T15:15:12.956,3,3,3,0,0
86399.001770,2026-07-22T15:15:12.958,3,3,3,0,0
86399.004362,2026-07-22T15:15:12.961,3,3,3,0,0
86399.006882,2026-07-22T15:15:12.963,3,3,3,0,0
86399.009376,2026-07-22T15:15:12.966,3,3,3,0,0
86399.011768,2026-07-22T15:15:12.968,3,3,3,0,0
86399.014361,2026-07-22T15:15:12.971,3,3,3,0,0
86399.016828,2026-07-22T15:15:12.973,3,3,3,0,0
86399.019317,2026-07-22T15:15:12.976,3,3,3,0,0
86399.021975,2026-07-22T15:15:12.978,3,3,3,0,0
86399.024008,2026-07-22T15:15:12.980,3,3,3,0,0
86399.028279,2026-07-22T15:15:12.984,3,3,3,0,0
86399.030373,2026-07-22T15:15:12.987,3,3,3,0,0
86399.032846,2026-07-22T15:15:12.989,3,3,3,0,0
86399.034991,2026-07-22T15:15:12.991,3,3,3,0,0
86399.037493,2026-07-22T15:15:12.994,3,3,3,0,0
86399.040083,2026-07-22T15:15:12.996,3,3,3,0,0
86399.042112,2026-07-22T15:15:12.998,3,3,3,0,0
86399.044669,2026-07-22T15:15:13.001,3,3,3,0,0
86399.046705,2026-07-22T15:15:13.003,3,3,3,0,0
86399.049245,2026-07-22T15:15:13.006,3,3,3,0,0
86399.051717,2026-07-22T15:15:13.008,3,3,3,0,0
86399.054268,2026-07-22T15:15:13.011,3,3,3,0,0
86399.056861,2026-07-22T15:15:13.013,3,3,3,0,0
86399.058905,2026-07-22T15:15:13.015,3,3,3,0,0
86399.061362,2026-07-22T15:15:13.018,3,3,3,0,0
86399.063869,2026-07-22T15:15:13.020,3,3,3,0,0
86399.065892,2026-07-22T15:15:13.022,3,3,3,0,0
86399.068415,2026-07-22T15:15:13.025,3,3,3,0,0
86399.070438,2026-07-22T15:15:13.027,3,3,3,0,0
86399.072547,2026-07-22T15:15:13.029,3,3,3,0,0
86399.074681,2026-07-22T15:15:13.031,3,3,3,0,0
86399.077379,2026-07-22T15:15:13.034,3,3,3,0,75
86399.079935,2026-07-22T15:15:13.036,37,0,3,0,75
86399.082297,2026-07-22T15:15:13.039,37,0,3,0,75
86399.084528,2026-07-22T15:15:13.041,37,0,3,0,75
86399.087046,2026-07-22T15:15:13.043,37,0,3,0,75
86399.089565,2026-07-22T15:15:13.046,37,0,3,0,75
86399.092095,2026-07-22T15:15:13.048,37,0,3,0,75
86399.094604,2026-07-22T15:15:13.051,37,0,3,0,75
86399.097133,2026-07-22T15:15:13.053,37,0,3,0,75
86399.099640,2026-07-22T15:15:13.056,37,0,3,0,75
86399.102182,2026-07-22T15:15:13.059,37,0,3,0,75
86399.104563,2026-07-22T15:15:13.061,37,0,3,0,75
86399.106778,2026-07-22T15:15:13.063,37,0,3,0,75
86399.108819,2026-07-22T15:15:13.065,37,0,3,0,75
86399.111337,2026-07-22T15:15:13.068,37,0,3,0,75
86399.113867,2026-07-22T15:15:13.070,37,0,3,0,75
86399.116563,2026-07-22T15:15:13.073,37,0,3,0,75
86399.119086,2026-07-22T15:15:13.075,37,0,3,0,75
86399.121396,2026-07-22T15:15:13.078,37,0,3,0,75
86399.123429,2026-07-22T15:15:13.080,37,0,3,0,75
86399.125465,2026-07-22T15:15:13.082,37,0,3,0,75
86399.127982,2026-07-22T15:15:13.084,37,0,3,0,75
86399.130524,2026-07-22T15:15:13.087,37,0,3,0,75
86399.132707,2026-07-22T15:15:13.089,37,0,3,0,75
86399.134734,2026-07-22T15:15:13.091,37,0,3,0,75
86399.136766,2026-07-22T15:15:13.093,37,0,3,0,75
86399.139408,2026-07-22T15:15:13.096,37,0,3,0,75
86399.141562,2026-07-22T15:15:13.098,37,0,3,0,75
86399.143700,2026-07-22T15:15:13.100,37,0,3,0,75
86399.145742,2026-07-22T15:15:13.102,37,0,3,0,75
86399.148262,2026-07-22T15:15:13.105,37,0,3,0,75
86399.150296,2026-07-22T15:15:13.107,37,0,3,0,75
86399.152321,2026-07-22T15:15:13.109,37,0,3,0,75
86399.154491,2026-07-22T15:15:13.111,37,0,3,0,75
86399.156580,2026-07-22T15:15:13.113,37,0,3,0,75
86399.158658,2026-07-22T15:15:13.115,37,0,3,0,75
86399.161173,2026-07-22T15:15:13.118,37,0,3,0,75
86399.163816,2026-07-22T15:15:13.120,37,0,3,0,75
86399.165842,2026-07-22T15:15:13.122,37,0,3,0,75
86399.167870,2026-07-22T15:15:13.124,37,0,3,0,75
86399.169902,2026-07-22T15:15:13.126,37,0,3,0,75
86399.171914,2026-07-22T15:15:13.128,37,0,3,0,75
86399.173961,2026-07-22T15:15:13.130,37,0,3,0,75
86399.176478,2026-07-22T15:15:13.133,37,0,3,0,75
86399.178523,2026-07-22T15:15:13.135,37,0,3,0,75
86399.180557,2026-07-22T15:15:13.137,37,0,3,0,75
86399.183093,2026-07-22T15:15:13.139,37,0,3,0,75
86399.185695,2026-07-22T15:15:13.142,37,0,3,0,75
86399.188166,2026-07-22T15:15:13.145,37,0,3,0,75
86399.190195,2026-07-22T15:15:13.147,37,0,3,0,75
86399.192226,2026-07-22T15:15:13.149,37,0,3,0,75
86399.194847,2026-07-22T15:15:13.151,37,0,3,0,75
86399.196942,2026-07-22T15:15:13.153,37,0,3,0,75
86399.199252,2026-07-22T15:15:13.156,37,0,3,0,75
86399.201434,2026-07-22T15:15:13.158,37,0,3,0,75
86399.203949,2026-07-22T15:15:13.160,37,0,3,0,75
86399.206698,2026-07-22T15:15:13.163,37,0,3,0,75
86399.209399,2026-07-22T15:15:13.166,37,0,3,0,75
86399.211915,2026-07-22T15:15:13.168,37,0,3,0,75
86399.213947,2026-07-22T15:15:13.170,37,0,3,0,75
86399.215991,2026-07-22T15:15:13.172,37,0,3,0,75
86399.218039,2026-07-22T15:15:13.174,37,0,3,0,75
86399.220074,2026-07-22T15:15:13.176,37,0,3,0,75
86399.222144,2026-07-22T15:15:13.179,37,0,3,0,75
86399.224178,2026-07-22T15:15:13.181,37,0,3,0,75
86399.226222,2026-07-22T15:15:13.183,37,0,3,0,75
86399.228673,2026-07-22T15:15:13.185,37,0,3,0,75
86399.230709,2026-07-22T15:15:13.187,37,0,3,0,75
86399.232778,2026-07-22T15:15:13.189,37,0,3,0,75
86399.234824,2026-07-22T15:15:13.191,37,0,3,0,75
86399.236861,2026-07-22T15:15:13.193,37,0,3,0,75
86399.239389,2026-07-22T15:15:13.196,37,0,3,0,75
86399.241424,2026-07-22T15:15:13.198,37,0,3,0,75
86399.243452,2026-07-22T15:15:13.200,37,0,3,0,75
86399.245482,2026-07-22T15:15:13.202,37,0,3,0,75
86399.247519,2026-07-22T15:15:13.204,37,0,3,0,75
86399.249602,2026-07-22T15:15:13.206,37,0,3,0,75
86399.251909,2026-07-22T15:15:13.208,37,0,3,0,75
86399.254501,2026-07-22T15:15:13.211,37,0,3,0,75
86399.257028,2026-07-22T15:15:13.213,37,0,3,0,75
86399.259543,2026-07-22T15:15:13.216,37,0,3,0,75
86399.261569,2026-07-22T15:15:13.218,37,0,3,0,75
86399.263603,2026-07-22T15:15:13.220,37,0,3,0,75
86399.265629,2026-07-22T15:15:13.222,37,0,3,0,75
86399.268226,2026-07-22T15:15:13.225,37,0,3,0,75
86399.270907,2026-07-22T15:15:13.227,37,0,3,0,75
86399.272939,2026-07-22T15:15:13.229,37,0,3,0,75
86399.274979,2026-07-22T15:15:13.231,37,0,3,0,75
86399.277475,2026-07-22T15:15:13.234,37,0,3,0,75
86399.280213,2026-07-22T15:15:13.237,37,0,3,0,75
86399.282700,2026-07-22T15:15:13.239,37,0,3,0,75
86399.284735,2026-07-22T15:15:13.241,37,0,3,0,75
86399.286767,2026-07-22T15:15:13.243,37,0,3,0,75
86399.289303,2026-07-22T15:15:13.246,37,0,3,0,75
86399.291815,2026-07-22T15:15:13.248,37,0,3,0,75
86399.293910,2026-07-22T15:15:13.250,37,0,3,0,75
86399.295953,2026-07-22T15:15:13.252,37,0,3,0,75
86399.298467,2026-07-22T15:15:13.255,37,0,3,0,75
86399.301117,2026-07-22T15:15:13.257,37,0,3,0,75
86399.303234,2026-07-22T15:15:13.260,37,0,3,0,75
86399.305748,2026-07-22T15:15:13.262,37,0,3,0,75
86399.307789,2026-07-22T15:15:13.264,37,0,3,0,75
86399.310328,2026-07-22T15:15:13.267,37,0,3,0,75
86399.312858,2026-07-22T15:15:13.269,37,0,3,0,75
86399.315373,2026-07-22T15:15:13.272,37,0,3,0,75
86399.317924,2026-07-22T15:15:13.274,37,0,3,0,75
86399.320056,2026-07-22T15:15:13.276,37,0,3,0,75
86399.322476,2026-07-22T15:15:13.279,37,2,3,0,5
86399.324498,2026-07-22T15:15:13.281,37,2,3,0,5
86399.326921,2026-07-22T15:15:13.283,37,2,3,0,5
86399.329943,2026-07-22T15:15:13.286,37,2,3,0,5
86399.332458,2026-07-22T15:15:13.289,37,2,3,0,5
86399.335055,2026-07-22T15:15:13.291,37,2,3,0,5
86399.337580,2026-07-22T15:15:13.294,37,2,3,0,5
86399.340208,2026-07-22T15:15:13.297,37,2,3,0,5
86399.342746,2026-07-22T15:15:13.299,37,2,3,0,5
86399.345438,2026-07-22T15:15:13.302,37,2,3,0,5
86399.348100,2026-07-22T15:15:13.304,37,2,3,0,5
86399.350661,2026-07-22T15:15:13.307,37,2,3,0,5
86399.353098,2026-07-22T15:15:13.309,37,2,3,0,5
86399.355123,2026-07-22T15:15:13.311,37,2,3,0,5
86399.357145,2026-07-22T15:15:13.314,37,2,3,0,5
86399.359671,2026-07-22T15:15:13.316,37,2,3,0,5
86399.362103,2026-07-22T15:15:13.318,37,2,3,0,5
86399.364620,2026-07-22T15:15:13.321,37,2,3,0,5
86399.367210,2026-07-22T15:15:13.324,37,2,3,0,5
86399.369728,2026-07-22T15:15:13.326,37,2,3,0,5
86399.372254,2026-07-22T15:15:13.329,37,2,3,0,5
86399.374325,2026-07-22T15:15:13.331,37,2,3,0,5
86399.376355,2026-07-22T15:15:13.333,37,2,3,0,5
86399.378625,2026-07-22T15:15:13.335,37,2,3,0,5
86399.381074,2026-07-22T15:15:13.337,37,2,3,0,5
86399.383579,2026-07-22T15:15:13.340,37,2,3,0,5
86399.386087,2026-07-22T15:15:13.342,37,2,3,0,5
86399.388602,2026-07-22T15:15:13.345,37,2,3,0,5
86399.390646,2026-07-22T15:15:13.347,37,2,3,0,5
86399.393161,2026-07-22T15:15:13.350,37,2,3,0,5
86399.395750,2026-07-22T15:15:13.352,37,2,3,0,5
86399.398180,2026-07-22T15:15:13.355,37,2,3,0,5
86399.400668,2026-07-22T15:15:13.357,37,2,3,0,5
86399.403069,2026-07-22T15:15:13.359,37,2,3,0,5
86399.405587,2026-07-22T15:15:13.362,37,2,3,0,5
86399.407668,2026-07-22T15:15:13.364,37,2,3,0,5
86399.410167,2026-07-22T15:15:13.367,37,2,3,0,5
86399.412898,2026-07-22T15:15:13.369,37,2,3,0,5
86399.415351,2026-07-22T15:15:13.372,37,2,3,0,5
86399.417788,2026-07-22T15:15:13.374,37,2,3,0,5
86399.420123,2026-07-22T15:15:13.376,37,2,3,0,5
86399.422655,2026-07-22T15:15:13.379,37,2,3,0,5
86399.425148,2026-07-22T15:15:13.382,37,2,3,0,5
86399.427656,2026-07-22T15:15:13.384,37,2,3,0,5
86399.430140,2026-07-22T15:15:13.387,37,2,3,0,5
86399.432661,2026-07-22T15:15:13.389,37,2,3,0,5
86399.434837,2026-07-22T15:15:13.391,37,2,3,0,5
86399.437168,2026-07-22T15:15:13.394,37,2,3,0,5
86399.439665,2026-07-22T15:15:13.396,37,2,3,0,5
86399.442187,2026-07-22T15:15:13.399,37,2,3,0,5
86399.444681,2026-07-22T15:15:13.401,37,2,3,0,5
86399.447184,2026-07-22T15:15:13.404,37,2,3,0,5
86399.449701,2026-07-22T15:15:13.406,37,2,3,0,5
86399.452164,2026-07-22T15:15:13.409,37,2,3,0,5
86399.454791,2026-07-22T15:15:13.411,37,2,3,0,5
86399.457483,2026-07-22T15:15:13.414,37,2,3,0,5
86399.460098,2026-07-22T15:15:13.416,37,2,3,0,5
86399.462575,2026-07-22T15:15:13.419,37,2,3,0,5
86399.465039,2026-07-22T15:15:13.421,37,2,3,0,5
86399.467066,2026-07-22T15:15:13.423,37,2,3,0,5
86399.469596,2026-07-22T15:15:13.426,37,2,3,0,5
86399.472113,2026-07-22T15:15:13.428,37,2,3,0,5
86399.474297,2026-07-22T15:15:13.431,37,2,3,0,5
86399.476837,2026-07-22T15:15:13.433,37,2,3,0,5
86399.479630,2026-07-22T15:15:13.436,37,2,3,0,5
86399.482166,2026-07-22T15:15:13.439,37,2,3,0,5
86399.484514,2026-07-22T15:15:13.441,37,2,3,0,5
86399.487102,2026-07-22T15:15:13.443,37,2,3,0,5
86399.489600,2026-07-22T15:15:13.446,37,2,3,0,5
86399.492088,2026-07-22T15:15:13.448,37,2,3,0,5
86399.494607,2026-07-22T15:15:13.451,37,2,3,0,5
86399.496712,2026-07-22T15:15:13.453,37,2,3,0,5
86399.499222,2026-07-22T15:15:13.456,37,2,3,0,5
86399.501777,2026-07-22T15:15:13.458,37,2,3,0,5
86399.503798,2026-07-22T15:15:13.460,37,2,3,0,5
86399.506354,2026-07-22T15:15:13.463,37,2,3,0,5
86399.508849,2026-07-22T15:15:13.465,37,2,3,0,5
86399.510894,2026-07-22T15:15:13.467,37,2,3,0,5
86399.513405,2026-07-22T15:15:13.470,37,2,3,0,5
86399.515928,2026-07-22T15:15:13.472,37,2,3,0,5
86399.518726,2026-07-22T15:15:13.475,37,2,3,0,5
86399.521159,2026-07-22T15:15:13.478,37,2,3,0,5
86399.523778,2026-07-22T15:15:13.480,37,2,3,0,5
86399.526489,2026-07-22T15:15:13.483,37,2,3,0,5
86399.528995,2026-07-22T15:15:13.485,37,2,3,0,5
86399.531362,2026-07-22T15:15:13.488,37,2,3,0,5
86399.533920,2026-07-22T15:15:13.490,37,2,3,0,5
86399.536400,2026-07-22T15:15:13.493,37,2,3,0,5
86399.538416,2026-07-22T15:15:13.495,37,2,3,0,5
86399.541050,2026-07-22T15:15:13.497,37,2,3,0,5
86399.543568,2026-07-22T15:15:13.500,37,2,3,0,5
86399.545623,2026-07-22T15:15:13.502,37,2,3,0,5
86399.548365,2026-07-22T15:15:13.505,37,2,3,0,5
86399.551064,2026-07-22T15:15:13.507,37,2,3,0,5
86399.553656,2026-07-22T15:15:13.510,37,2,3,0,5
86399.556187,2026-07-22T15:15:13.513,37,2,3,0,5
86399.558729,2026-07-22T15:15:13.515,37,2,3,0,5
86399.560771,2026-07-22T15:15:13.517,37,2,3,0,5
86399.563414,2026-07-22T15:15:13.520,37,2,3,0,5
86399.565945,2026-07-22T15:15:13.522,37,2,3,0,5
86399.568571,2026-07-22T15:15:13.525,37,2,3,0,5
86399.570934,2026-07-22T15:15:13.527,37,2,3,0,5
86399.573621,2026-07-22T15:15:13.530,37,2,3,0,5
86399.576217,2026-07-22T15:15:13.533,37,2,3,0,5
86399.578246,2026-07-22T15:15:13.535,37,2,3,0,5
86399.580731,2026-07-22T15:15:13.537,37,2,3,0,5
86399.582748,2026-07-22T15:15:13.539,37,2,3,0,5
86399.584769,2026-07-22T15:15:13.541,37,2,3,0,5
86399.586781,2026-07-22T15:15:13.543,37,2,3,0,5
86399.588816,2026-07-22T15:15:13.545,37,2,3,0,5
86399.591205,2026-07-22T15:15:13.548,37,2,3,0,5
86399.593734,2026-07-22T15:15:13.550,37,2,3,0,5
86399.596365,2026-07-22T15:15:13.553,37,2,3,0,5
86399.598889,2026-07-22T15:15:13.555,37,2,3,0,5
86399.600936,2026-07-22T15:15:13.557,37,2,3,0,5
86399.603392,2026-07-22T15:15:13.560,37,2,3,0,5
86399.605425,2026-07-22T15:15:13.562,37,2,3,0,5
86399.607800,2026-07-22T15:15:13.564,37,2,3,0,5
86399.610317,2026-07-22T15:15:13.567,37,2,3,0,5
86399.612934,2026-07-22T15:15:13.569,37,2,3,0,5
86399.615565,2026-07-22T15:15:13.572,37,2,3,0,5
86399.617586,2026-07-22T15:15:13.574,37,2,3,0,5
86399.620068,2026-07-22T15:15:13.576,37,2,3,0,5
86399.622113,2026-07-22T15:15:13.578,37,2,3,0,5
86399.624751,2026-07-22T15:15:13.581,37,2,3,0,5
86399.627263,2026-07-22T15:15:13.584,37,2,3,0,5
86399.630089,2026-07-22T15:15:13.586,37,2,3,0,5
86399.632712,2026-07-22T15:15:13.589,37,2,3,0,5
86399.635074,2026-07-22T15:15:13.591,37,2,3,0,5
86399.637533,2026-07-22T15:15:13.594,37,2,3,0,5
86399.639565,2026-07-22T15:15:13.596,37,2,3,0,5
86399.642007,2026-07-22T15:15:13.598,37,2,3,0,5
86399.644542,2026-07-22T15:15:13.601,37,2,3,0,5
86399.647209,2026-07-22T15:15:13.604,37,2,3,0,5
86399.649894,2026-07-22T15:15:13.606,37,2,3,0,5
86399.652087,2026-07-22T15:15:13.608,37,2,3,0,5
86399.654760,2026-07-22T15:15:13.611,37,2,3,0,5
86399.656803,2026-07-22T15:15:13.613,37,2,3,0,5
86399.659400,2026-07-22T15:15:13.616,4,0,3,0,6
86399.661919,2026-07-22T15:15:13.618,4,0,3,0,6
86399.664476,2026-07-22T15:15:13.621,4,0,3,0,6
86399.667239,2026-07-22T15:15:13.624,4,0,3,0,6
86399.669756,2026-07-22T15:15:13.626,4,0,3,0,6
86399.671778,2026-07-22T15:15:13.628,4,0,3,0,6
86399.674288,2026-07-22T15:15:13.631,4,0,3,0,6
86399.676316,2026-07-22T15:15:13.633,4,0,3,0,6
86399.678748,2026-07-22T15:15:13.635,4,0,3,0,6
86399.681220,2026-07-22T15:15:13.638,4,0,3,0,6
86399.683725,2026-07-22T15:15:13.640,4,0,3,0,6
86399.686339,2026-07-22T15:15:13.643,4,0,3,0,6
86399.689122,2026-07-22T15:15:13.645,4,0,3,0,6
86399.691611,2026-07-22T15:15:13.648,4,0,3,0,6
86399.693877,2026-07-22T15:15:13.650,4,0,3,0,6
86399.696510,2026-07-22T15:15:13.653,4,0,3,0,6
86399.699046,2026-07-22T15:15:13.655,4,0,3,0,6
86399.701560,2026-07-22T15:15:13.658,4,0,3,0,6
86399.704078,2026-07-22T15:15:13.660,4,0,3,0,6
86399.706572,2026-07-22T15:15:13.663,4,0,3,0,6
86399.708712,2026-07-22T15:15:13.665,4,0,3,0,6
86399.711396,2026-07-22T15:15:13.668,4,0,3,0,6
86399.713873,2026-07-22T15:15:13.670,4,0,3,0,6
86399.716378,2026-07-22T15:15:13.673,4,0,3,0,6
86399.718779,2026-07-22T15:15:13.675,4,0,3,0,6
86399.721279,2026-07-22T15:15:13.678,4,0,3,0,6
86399.723773,2026-07-22T15:15:13.680,4,0,3,0,6
86399.726550,2026-07-22T15:15:13.683,4,0,3,0,6
86399.729898,2026-07-22T15:15:13.686,4,0,3,0,6
86399.732061,2026-07-22T15:15:13.688,4,0,3,0,6
86399.734381,2026-07-22T15:15:13.691,4,0,3,0,6
86399.736909,2026-07-22T15:15:13.693,4,0,3,0,6
86399.739524,2026-07-22T15:15:13.696,4,0,3,0,6
86399.742028,2026-07-22T15:15:13.698,4,0,3,0,6
86399.744540,2026-07-22T15:15:13.701,4,0,3,0,6
86399.747100,2026-07-22T15:15:13.703,4,0,3,0,6
86399.749551,2026-07-22T15:15:13.706,4,0,3,0,6
86399.752178,2026-07-22T15:15:13.709,4,0,3,0,6
86399.754778,2026-07-22T15:15:13.711,4,0,3,0,6
86399.757446,2026-07-22T15:15:13.714,4,0,3,0,6
86399.760041,2026-07-22T15:15:13.716,4,0,3,0,6
86399.762677,2026-07-22T15:15:13.719,4,0,3,0,6
86399.765221,2026-07-22T15:15:13.722,4,0,3,0,6
86399.767565,2026-07-22T15:15:13.724,4,0,3,0,6
86399.769603,2026-07-22T15:15:13.726,4,0,3,0,6
86399.772109,2026-07-22T15:15:13.728,4,0,3,0,6
86399.774910,2026-07-22T15:15:13.731,4,0,3,0,6
86399.777630,2026-07-22T15:15:13.734,4,0,3,0,6
86399.780290,2026-07-22T15:15:13.737,4,0,3,0,6
86399.782808,2026-07-22T15:15:13.739,4,0,3,0,6
86399.785556,2026-07-22T15:15:13.742,4,0,3,0,6
86399.788096,2026-07-22T15:15:13.744,4,0,3,0,6
86399.790691,2026-07-22T15:15:13.747,4,0,3,0,6
86399.793205,2026-07-22T15:15:13.750,4,0,3,0,6
86399.795689,2026-07-22T15:15:13.752,4,0,3,0,6
86399.798116,2026-07-22T15:15:13.754,4,0,3,0,6
86399.800603,2026-07-22T15:15:13.757,4,0,3,0,6
86399.803070,2026-07-22T15:15:13.759,4,0,3,0,6
86399.805568,2026-07-22T15:15:13.762,4,0,3,0,6
86399.808076,2026-07-22T15:15:13.764,4,0,3,0,6
86399.810581,2026-07-22T15:15:13.767,4,0,3,0,6
86399.813047,2026-07-22T15:15:13.769,4,0,3,0,6
86399.815585,2026-07-22T15:15:13.772,4,0,3,0,6
86399.818082,2026-07-22T15:15:13.774,4,0,3,0,6
86399.820273,2026-07-22T15:15:13.777,4,0,3,0,6
86399.822834,2026-07-22T15:15:13.779,4,0,3,0,6
86399.825512,2026-07-22T15:15:13.782,4,0,3,0,6
86399.828077,2026-07-22T15:15:13.784,4,0,3,0,6
86399.830630,2026-07-22T15:15:13.787,4,0,3,0,6
86399.833292,2026-07-22T15:15:13.790,4,0,3,0,6
86399.836053,2026-07-22T15:15:13.792,4,0,3,0,6
86399.838739,2026-07-22T15:15:13.795,4,0,3,0,6
86399.841221,2026-07-22T15:15:13.798,4,0,3,0,6
86399.843797,2026-07-22T15:15:13.800,4,0,3,0,6
86399.846402,2026-07-22T15:15:13.803,4,0,3,0,6
86399.848531,2026-07-22T15:15:13.805,4,0,3,0,6
86399.851280,2026-07-22T15:15:13.808,4,0,3,0,6
86399.853757,2026-07-22T15:15:13.810,4,0,3,0,6
86399.856337,2026-07-22T15:15:13.813,4,0,3,0,6
86399.858881,2026-07-22T15:15:13.815,4,0,3,0,6
86399.861347,2026-07-22T15:15:13.818,4,0,3,0,6
86399.863745,2026-07-22T15:15:13.820,4,0,3,0,6
86399.866336,2026-07-22T15:15:13.823,4,0,3,0,6
86399.868880,2026-07-22T15:15:13.825,4,0,3,0,6
86399.871336,2026-07-22T15:15:13.827,4,0,3,0,6
86399.873377,2026-07-22T15:15:13.830,4,0,3,0,6
86399.875881,2026-07-22T15:15:13.832,4,0,3,0,6
86399.878389,2026-07-22T15:15:13.835,4,0,3,0,6
86399.880867,2026-07-22T15:15:13.837,4,0,3,0,6
86399.883254,2026-07-22T15:15:13.840,4,0,3,0,6
86399.885828,2026-07-22T15:15:13.842,4,0,3,0,6
86399.888346,2026-07-22T15:15:13.845,4,0,3,0,6
86399.890802,2026-07-22T15:15:13.847,4,0,3,0,6
86399.893427,2026-07-22T15:15:13.850,4,0,3,0,6
86399.895827,2026-07-22T15:15:13.852,4,0,3,0,6
86399.898163,2026-07-22T15:15:13.854,4,0,3,0,6
86399.900239,2026-07-22T15:15:13.857,4,0,3,0,6
86399.902761,2026-07-22T15:15:13.859,3,3,3,0,0
86399.905253,2026-07-22T15:15:13.862,3,3,3,0,0
86399.907793,2026-07-22T15:15:13.864,3,3,3,0,0
86399.909826,2026-07-22T15:15:13.866,3,3,3,0,0
86399.912589,2026-07-22T15:15:13.869,3,3,3,0,0
86399.915104,2026-07-22T15:15:13.871,3,3,3,0,0
86399.917591,2026-07-22T15:15:13.874,3,3,3,0,0
86399.920136,2026-07-22T15:15:13.876,3,3,3,0,0
86399.922600,2026-07-22T15:15:13.879,3,3,3,0,0
86399.925343,2026-07-22T15:15:13.882,3,3,3,0,0
86399.927642,2026-07-22T15:15:13.884,3,3,3,0,0
86399.929730,2026-07-22T15:15:13.886,3,3,3,0,0
86399.931863,2026-07-22T15:15:13.888,3,3,3,0,0
86399.934485,2026-07-22T15:15:13.891,3,3,3,0,0
86399.937269,2026-07-22T15:15:13.894,3,3,3,0,0
86399.939586,2026-07-22T15:15:13.896,3,3,3,0,0
86399.942234,2026-07-22T15:15:13.899,3,3,3,0,0
86399.944554,2026-07-22T15:15:13.901,3,3,3,0,0
86399.947050,2026-07-22T15:15:13.903,3,3,3,0,0
86399.949524,2026-07-22T15:15:13.906,3,3,3,0,0
86399.952032,2026-07-22T15:15:13.908,3,3,3,0,0
86399.954556,2026-07-22T15:15:13.911,3,3,3,0,0
86399.957019,2026-07-22T15:15:13.913,3,3,3,0,0
86399.959625,2026-07-22T15:15:13.916,3,3,3,0,0
86399.962091,2026-07-22T15:15:13.918,3,3,3,0,0
86399.964706,2026-07-22T15:15:13.921,3,3,3,0,0
86399.967181,2026-07-22T15:15:13.924,3,3,3,0,0
86399.969703,2026-07-22T15:15:13.926,3,3,3,0,0
86399.972321,2026-07-22T15:15:13.929,3,3,3,0,0
86399.974331,2026-07-22T15:15:13.931,3,3,3,0,0
86399.976456,2026-07-22T15:15:13.933,3,3,3,0,0
86399.978758,2026-07-22T15:15:13.935,3,3,3,0,0
86399.980820,2026-07-22T15:15:13.937,3,3,3,0,0
86399.983164,2026-07-22T15:15:13.940,3,3,3,0,0
86399.985201,2026-07-22T15:15:13.942,3,3,3,0,0
86399.987237,2026-07-22T15:15:13.944,3,3,3,0,0
86399.989266,2026-07-22T15:15:13.946,3,3,3,0,0
86399.991722,2026-07-22T15:15:13.948,3,3,3,0,0
86399.994206,2026-07-22T15:15:13.951,3,3,3,0,0
86399.996769,2026-07-22T15:15:13.953,3,3,3,0,0
86399.999218,2026-07-22T15:15:13.956,3,3,3,0,0
86400.001800,2026-07-22T15:15:13.958,3,3,3,0,0
86400.004514,2026-07-22T15:15:13.961,3,3,3,0,0
86400.006702,2026-07-22T15:15:13.963,3,3,3,0,0
86400.009200,2026-07-22T15:15:13.966,3,3,3,0,0
86400.011772,2026-07-22T15:15:13.968,3,3,3,0,0
86400.014188,2026-07-22T15:15:13.971,3,3,3,0,0
86400.016648,2026-07-22T15:15:13.973,3,3,3,0,0
86400.019432,2026-07-22T15:15:13.976,3,3,3,0,0
86400.021833,2026-07-22T15:15:13.978,3,3,3,0,0
86400.024388,2026-07-22T15:15:13.981,3,3,3,0,0
86400.026771,2026-07-22T15:15:13.983,3,3,3,0,0
86400.029313,2026-07-22T15:15:13.986,3,3,3,0,0
86400.031787,2026-07-22T15:15:13.988,3,3,3,0,0
86400.033914,2026-07-22T15:15:13.990,3,3,3,0,0
86400.036488,2026-07-22T15:15:13.993,3,3,3,0,0
86400.038997,2026-07-22T15:15:13.995,3,3,3,0,0
86400.041517,2026-07-22T15:15:13.998,3,3,3,0,0
86400.044014,2026-07-22T15:15:14.000,3,3,3,0,0
86400.046565,2026-07-22T15:15:14.003,3,3,3,0,0
86400.049085,2026-07-22T15:15:14.005,3,3,3,0,0
86400.051308,2026-07-22T15:15:14.008,3,3,3,0,0
86400.053700,2026-07-22T15:15:14.010,3,3,3,0,0
86400.056114,2026-07-22T15:15:14.012,3,3,3,0,0
86400.058646,2026-07-22T15:15:14.015,3,3,3,0,0
86400.061154,2026-07-22T15:15:14.018,3,3,3,0,0
86400.063560,2026-07-22T15:15:14.020,3,3,3,0,0
86400.066023,2026-07-22T15:15:14.022,3,3,3,0,0
86400.068681,2026-07-22T15:15:14.025,3,3,3,0,0
86400.071160,2026-07-22T15:15:14.028,3,3,3,0,0
86400.073837,2026-07-22T15:15:14.030,3,3,3,0,0
86400.076465,2026-07-22T15:15:14.033,3,3,3,0,0
86400.078858,2026-07-22T15:15:14.035,3,3,3,0,0
86400.081349,2026-07-22T15:15:14.038,3,3,3,0,0
86400.084047,2026-07-22T15:15:14.040,3,3,3,0,0
86400.086367,2026-07-22T15:15:14.043,3,3,3,0,0
86400.088824,2026-07-22T15:15:14.045,3,3,3,0,0
86400.091548,2026-07-22T15:15:14.048,3,3,3,0,0
86400.094003,2026-07-22T15:15:14.050,3,3,3,0,0
86400.096618,2026-07-22T15:15:14.053,3,3,3,0,0
86400.099201,2026-07-22T15:15:14.056,3,3,3,0,0
86400.101716,2026-07-22T15:15:14.058,3,3,3,0,0
86400.104153,2026-07-22T15:15:14.061,3,3,3,0,0
86400.106664,2026-07-22T15:15:14.063,3,3,3,0,0
86400.109171,2026-07-22T15:15:14.066,3,3,3,0,0
86400.111769,2026-07-22T15:15:14.068,3,3,3,0,0
86400.114361,2026-07-22T15:15:14.071,3,3,3,0,0
86400.116782,2026-07-22T15:15:14.073,3,3,3,0,0
86400.119276,2026-07-22T15:15:14.076,3,3,3,0,0
86400.121300,2026-07-22T15:15:14.078,3,3,3,0,0
86400.123787,2026-07-22T15:15:14.080,3,3,3,0,0
86400.126318,2026-07-22T15:15:14.083,3,3,3,0,0
86400.128838,2026-07-22T15:15:14.085,3,3,3,0,0
86400.131397,2026-07-22T15:15:14.088,3,3,3,0,0
86400.134033,2026-07-22T15:15:14.090,3,3,3,0,0
86400.136055,2026-07-22T15:15:14.092,3,3,3,0,0
86400.138566,2026-07-22T15:15:14.095,3,3,3,0,0
86400.140595,2026-07-22T15:15:14.097,3,3,3,0,0
86400.143075,2026-07-22T15:15:14.099,3,3,3,0,0
86400.145787,2026-07-22T15:15:14.102,3,3,3,0,0
86400.148437,2026-07-22T15:15:14.105,3,3,3,0,0
86400.150606,2026-07-22T15:15:14.107,3,3,3,0,0
86400.153233,2026-07-22T15:15:14.110,3,3,3,0,0
86400.155836,2026-07-22T15:15:14.112,3,3,3,0,0
86400.158336,2026-07-22T15:15:14.115,3,3,3,0,0
86400.160699,2026-07-22T15:15:14.117,3,3,3,0,0
86400.163417,2026-07-22T15:15:14.120,3,3,3,0,0
86400.165935,2026-07-22T15:15:14.122,3,3,3,0,0
86400.168616,2026-07-22T15:15:14.125,3,3,3,0,0
86400.170715,2026-07-22T15:15:14.127,3,3,3,0,0
86400.173554,2026-07-22T15:15:14.130,3,3,3,0,0
86400.175931,2026-07-22T15:15:14.132,3,3,3,0,0
86400.178421,2026-07-22T15:15:14.135,3,3,3,0,0
86400.181238,2026-07-22T15:15:14.138,3,3,3,0,0
86400.183667,2026-07-22T15:15:14.140,3,3,3,0,0
86400.186004,2026-07-22T15:15:14.142,3,3,3,0,0
86400.188806,2026-07-22T15:15:14.145,3,3,3,0,0
86400.191564,2026-07-22T15:15:14.148,3,3,3,0,0
86400.194182,2026-07-22T15:15:14.151,3,3,3,0,0
86400.196794,2026-07-22T15:15:14.153,3,3,3,0,0
86400.199319,2026-07-22T15:15:14.156,3,3,3,0,0
86400.201876,2026-07-22T15:15:14.158,3,3,3,0,0
86400.204420,2026-07-22T15:15:14.161,3,3,3,0,0
86400.206792,2026-07-22T15:15:14.163,3,3,3,0,0
86400.209492,2026-07-22T15:15:14.166,3,3,3,0,0
86400.212215,2026-07-22T15:15:14.169,3,3,3,0,0
86400.214778,2026-07-22T15:15:14.171,3,3,3,0,0
86400.217216,2026-07-22T15:15:14.174,3,3,3,0,0
86400.219811,2026-07-22T15:15:14.176,3,3,3,0,0
86400.222377,2026-07-22T15:15:14.179,3,3,3,0,0
86400.225085,2026-07-22T15:15:14.181,3,3,3,0,0
86400.227634,2026-07-22T15:15:14.184,3,3,3,0,0
86400.230150,2026-07-22T15:15:14.187,3,3,3,0,0
86400.232853,2026-07-22T15:15:14.189,3,3,3,0,0
86400.235188,2026-07-22T15:15:14.192,3,3,3,0,0
86400.237680,2026-07-22T15:15:14.194,3,3,3,0,0
86400.239706,2026-07-22T15:15:14.196,3,3,3,0,0
86400.242188,2026-07-22T15:15:14.199,3,3,3,0,0
86400.244709,2026-07-22T15:15:14.201,3,3,3,0,0
86400.247168,2026-07-22T15:15:14.204,3,3,3,0,0
86400.249586,2026-07-22T15:15:14.206,3,3,3,0,0
86400.252264,2026-07-22T15:15:14.209,3,3,3,0,0
86400.254887,2026-07-22T15:15:14.211,3,3,3,0,0
86400.257474,2026-07-22T15:15:14.214,3,3,3,0,0
86400.259896,2026-07-22T15:15:14.216,3,3,3,0,0
86400.262548,2026-07-22T15:15:14.219,3,3,3,0,0
86400.265042,2026-07-22T15:15:14.221,3,3,3,0,0
86400.267551,2026-07-22T15:15:14.224,3,3,3,0,0
86400.270060,2026-07-22T15:15:14.226,3,3,3,0,0
86400.272274,2026-07-22T15:15:14.229,3,3,3,0,0
86400.274702,2026-07-22T15:15:14.231,3,3,3,0,0
86400.277210,2026-07-22T15:15:14.234,3,3,3,0,0
86400.279854,2026-07-22T15:15:14.236,3,3,3,0,0
86400.282252,2026-07-22T15:15:14.239,3,3,3,0,0
86400.284439,2026-07-22T15:15:14.241,3,3,3,0,0
86400.286965,2026-07-22T15:15:14.243,3,3,3,0,0
86400.289708,2026-07-22T15:15:14.246,3,3,3,0,0
86400.292278,2026-07-22T15:15:14.249,3,3,3,0,0
86400.295034,2026-07-22T15:15:14.251,3,3,3,0,0
86400.297788,2026-07-22T15:15:14.254,3,3,3,0,0
86400.300450,2026-07-22T15:15:14.257,3,3,3,0,0
86400.302840,2026-07-22T15:15:14.259,3,3,3,0,0
86400.305532,2026-07-22T15:15:14.262,3,3,3,0,0
86400.308211,2026-07-22T15:15:14.265,3,3,3,0,0
86400.310799,2026-07-22T15:15:14.267,3,3,3,0,0
86400.313312,2026-07-22T15:15:14.270,3,3,3,0,0
86400.315866,2026-07-22T15:15:14.272,3,3,3,0,0
86400.318563,2026-07-22T15:15:14.275,3,3,3,0,0
86400.320799,2026-07-22T15:15:14.277,3,3,3,0,0
86400.323439,2026-07-22T15:15:14.280,3,3,3,0,0
86400.326070,2026-07-22T15:15:14.282,3,3,3,0,0
86400.328727,2026-07-22T15:15:14.285,3,3,3,0,0
86400.331235,2026-07-22T15:15:14.288,3,3,3,0,0
86400.333803,2026-07-22T15:15:14.290,3,3,3,0,0
86400.336254,2026-07-22T15:15:14.293,3,3,3,0,0
86400.338823,2026-07-22T15:15:14.295,3,3,3,0,0
86400.341398,2026-07-22T15:15:14.298,3,3,3,0,0
86400.343850,2026-07-22T15:15:14.300,3,3,3,0,0
86400.346401,2026-07-22T15:15:14.303,3,3,3,0,0
86400.348832,2026-07-22T15:15:14.305,3,3,3,0,0
86400.351337,2026-07-22T15:15:14.308,3,3,3,0,0
86400.353761,2026-07-22T15:15:14.310,3,3,3,0,0
86400.355772,2026-07-22T15:15:14.312,3,3,3,0,0
86400.357863,2026-07-22T15:15:14.314,3,3,3,0,0
86400.360542,2026-07-22T15:15:14.317,3,3,3,0,0
86400.363050,2026-07-22T15:15:14.319,3,3,3,0,0
86400.365563,2026-07-22T15:15:14.322,3,3,3,0,0
86400.367974,2026-07-22T15:15:14.324,3,3,3,0,0
86400.370013,2026-07-22T15:15:14.326,3,3,3,0,0
86400.372667,2026-07-22T15:15:14.329,3,3,3,0,0
86400.375165,2026-07-22T15:15:14.332,3,3,3,0,0
86400.377504,2026-07-22T15:15:14.334,3,3,3,0,0
86400.380040,2026-07-22T15:15:14.336,3,3,3,0,0
86400.382562,2026-07-22T15:15:14.339,3,3,3,0,0
86400.384584,2026-07-22T15:15:14.341,3,3,3,0,0
86400.387092,2026-07-22T15:15:14.343,3,3,3,0,0
86400.389162,2026-07-22T15:15:14.345,3,3,3,0,0
86400.391493,2026-07-22T15:15:14.348,3,3,3,0,0
86400.393978,2026-07-22T15:15:14.350,3,3,3,0,0
86400.396457,2026-07-22T15:15:14.353,3,3,3,0,0
86400.398927,2026-07-22T15:15:14.355,3,3,3,0,0
86400.401391,2026-07-22T15:15:14.358,3,3,3,0,0
86400.403855,2026-07-22T15:15:14.360,3,3,3,0,0
86400.406576,2026-07-22T15:15:14.363,3,3,3,0,0
86400.409102,2026-07-22T15:15:14.365,3,3,3,0,0
86400.411296,2026-07-22T15:15:14.368,3,3,3,0,0
86400.413836,2026-07-22T15:15:14.370,3,3,3,0,0
86400.416344,2026-07-22T15:15:14.373,3,3,3,0,0
86400.418853,2026-07-22T15:15:14.375,3,3,3,0,0
86400.421360,2026-07-22T15:15:14.378,3,3,3,0,0
86400.423577,2026-07-22T15:15:14.380,3,3,3,0,0
86400.426098,2026-07-22T15:15:14.382,3,3,3,0,0
86400.428891,2026-07-22T15:15:14.385,3,3,3,0,0
86400.431642,2026-07-22T15:15:14.388,3,3,3,0,0
86400.433923,2026-07-22T15:15:14.390,3,3,3,0,0
86400.436216,2026-07-22T15:15:14.393,3,3,3,0,0
86400.438697,2026-07-22T15:15:14.395,3,3,3,0,0
86400.441177,2026-07-22T15:15:14.398,3,3,3,0,0
86400.443695,2026-07-22T15:15:14.400,3,3,3,0,0
86400.446190,2026-07-22T15:15:14.403,3,3,3,0,0
86400.448712,2026-07-22T15:15:14.405,3,3,3,0,0
86400.450800,2026-07-22T15:15:14.407,3,3,3,0,0
86400.453304,2026-07-22T15:15:14.410,3,3,3,0,0
86400.455831,2026-07-22T15:15:14.412,3,3,3,0,0
86400.458357,2026-07-22T15:15:14.415,3,3,3,0,0
86400.460441,2026-07-22T15:15:14.417,3,3,3,0,0
86400.462951,2026-07-22T15:15:14.419,3,3,3,0,0
86400.464977,2026-07-22T15:15:14.421,3,3,3,0,0
86400.467144,2026-07-22T15:15:14.423,3,3,3,0,0
86400.469550,2026-07-22T15:15:14.426,3,3,3,0,0
86400.471868,2026-07-22T15:15:14.428,3,3,3,0,0
86400.474182,2026-07-22T15:15:14.431,3,3,3,0,0
86400.476559,2026-07-22T15:15:14.433,3,3,3,0,0
86400.478617,2026-07-22T15:15:14.435,3,3,3,0,0
86400.481205,2026-07-22T15:15:14.438,3,3,3,0,0
86400.483726,2026-07-22T15:15:14.440,3,3,3,0,0
86400.486230,2026-07-22T15:15:14.443,3,3,3,0,0
86400.488741,2026-07-22T15:15:14.445,3,3,3,0,0
86400.491217,2026-07-22T15:15:14.448,3,3,3,0,0
86400.493724,2026-07-22T15:15:14.450,3,3,3,0,0
86400.496495,2026-07-22T15:15:14.453,3,3,3,0,0
86400.499087,2026-07-22T15:15:14.455,3,3,3,0,0
86400.501125,2026-07-22T15:15:14.457,3,3,3,0,0
86400.503681,2026-07-22T15:15:14.460,3,3,3,0,0
86400.506206,2026-07-22T15:15:14.463,3,3,3,0,0
86400.508712,2026-07-22T15:15:14.465,3,3,3,0,0
86400.510885,2026-07-22T15:15:14.467,3,3,3,0,0
86400.512901,2026-07-22T15:15:14.469,3,3,3,0,0
86400.515507,2026-07-22T15:15:14.472,3,3,3,0,0
86400.517972,2026-07-22T15:15:14.474,3,3,3,0,0
86400.520180,2026-07-22T15:15:14.477,3,3,3,0,0
86400.522686,2026-07-22T15:15:14.479,3,3,3,0,0
86400.524771,2026-07-22T15:15:14.481,3,3,3,0,0
86400.526867,2026-07-22T15:15:14.483,3,3,3,0,0
86400.529377,2026-07-22T15:15:14.486,3,3,3,0,0
86400.531889,2026-07-22T15:15:14.488,3,3,3,0,0
86400.534405,2026-07-22T15:15:14.491,3,3,3,0,0
86400.536682,2026-07-22T15:15:14.493,3,3,3,0,0
86400.538902,2026-07-22T15:15:14.495,3,3,3,0,0
86400.540935,2026-07-22T15:15:14.497,3,3,3,0,0
86400.543600,2026-07-22T15:15:14.500,3,3,3,0,0
86400.545643,2026-07-22T15:15:14.502,3,3,3,0,0
86400.548184,2026-07-22T15:15:14.505,3,3,3,0,0
86400.550439,2026-07-22T15:15:14.507,3,3,3,0,0
86400.553219,2026-07-22T15:15:14.510,3,3,3,0,0
86400.555670,2026-07-22T15:15:14.512,3,3,3,0,0
86400.558213,2026-07-22T15:15:14.515,3,3,3,0,0
86400.560290,2026-07-22T15:15:14.517,3,3,3,0,0
86400.562320,2026-07-22T15:15:14.519,3,3,3,0,0
86400.564764,2026-07-22T15:15:14.521,3,3,3,0,0
86400.567002,2026-07-22T15:15:14.523,3,3,3,0,0
86400.569098,2026-07-22T15:15:14.525,3,3,3,0,0
86400.571680,2026-07-22T15:15:14.528,3,3,3,0,0
86400.574194,2026-07-22T15:15:14.531,3,3,3,0,0
86400.576250,2026-07-22T15:15:14.533,3,3,3,0,0
86400.578313,2026-07-22T15:15:14.535,3,3,3,0,0
86400.580505,2026-07-22T15:15:14.537,3,3,3,0,0
86400.582563,2026-07-22T15:15:14.539,3,3,3,0,0
86400.584638,2026-07-22T15:15:14.541,3,3,3,0,0
86400.587248,2026-07-22T15:15:14.544,3,3,3,0,0
86400.589298,2026-07-22T15:15:14.546,3,3,3,0,0
86400.591842,2026-07-22T15:15:14.548,3,3,3,0,0
86400.593945,2026-07-22T15:15:14.550,3,3,3,0,0
86400.596462,2026-07-22T15:15:14.553,3,3,3,0,0
86400.599444,2026-07-22T15:15:14.556,3,3,3,0,0
86400.601497,2026-07-22T15:15:14.558,3,3,3,0,0
86400.603545,2026-07-22T15:15:14.560,3,3,3,0,0
86400.605611,2026-07-22T15:15:14.562,3,3,3,0,0
86400.608138,2026-07-22T15:15:14.564,3,3,3,0,0
86400.610187,2026-07-22T15:15:14.567,3,3,3,0,0
86400.612721,2026-07-22T15:15:14.569,3,3,3,0,0
86400.615382,2026-07-22T15:15:14.572,3,3,3,0,0
86400.617883,2026-07-22T15:15:14.574,3,3,3,0,0
86400.619911,2026-07-22T15:15:14.576,3,3,3,0,0
86400.622274,2026-07-22T15:15:14.579,3,3,3,0,0
86400.624813,2026-07-22T15:15:14.581,3,3,3,0,0
86400.627075,2026-07-22T15:15:14.583,3,3,3,0,0
86400.629613,2026-07-22T15:15:14.586,3,3,3,0,0
86400.632211,2026-07-22T15:15:14.589,3,3,3,0,0
86400.635335,2026-07-22T15:15:14.591,3,3,3,0,0
86400.637787,2026-07-22T15:15:14.594,3,3,3,0,0
86400.640364,2026-07-22T15:15:14.597,3,3,3,0,0
86400.642885,2026-07-22T15:15:14.599,3,3,3,0,0
86400.645378,2026-07-22T15:15:14.602,3,3,3,0,0
86400.647431,2026-07-22T15:15:14.604,3,3,3,0,0
86400.650032,2026-07-22T15:15:14.606,3,3,3,0,0
86400.652562,2026-07-22T15:15:14.609,3,3,3,0,0
86400.655066,2026-07-22T15:15:14.611,3,3,3,0,0
86400.657090,2026-07-22T15:15:14.613,3,3,3,0,0
86400.659604,2026-07-22T15:15:14.616,3,3,3,0,0
86400.662016,2026-07-22T15:15:14.618,3,3,3,0,0
86400.664085,2026-07-22T15:15:14.620,3,3,3,0,0
86400.666562,2026-07-22T15:15:14.623,3,3,3,0,0
86400.668607,2026-07-22T15:15:14.625,3,3,3,0,0
86400.671138,2026-07-22T15:15:14.627,3,3,3,0,0
86400.673644,2026-07-22T15:15:14.630,3,3,3,0,0
86400.676400,2026-07-22T15:15:14.633,3,3,3,0,0
86400.678757,2026-07-22T15:15:14.635,3,3,3,0,0
86400.681324,2026-07-22T15:15:14.638,3,3,3,0,0
86400.683807,2026-07-22T15:15:14.640,3,3,3,0,0
86400.686370,2026-07-22T15:15:14.643,3,3,3,0,0
86400.689030,2026-07-22T15:15:14.645,3,3,3,0,0
86400.691561,2026-07-22T15:15:14.648,3,3,3,0,0
86400.694069,2026-07-22T15:15:14.650,3,3,3,0,0
86400.696096,2026-07-22T15:15:14.652,3,3,3,0,0
86400.698774,2026-07-22T15:15:14.655,3,3,3,0,0
86400.701408,2026-07-22T15:15:14.658,3,3,3,0,0
86400.703751,2026-07-22T15:15:14.660,3,3,3,0,0
86400.706374,2026-07-22T15:15:14.663,3,3,3,0,0
86400.708948,2026-07-22T15:15:14.665,3,3,3,0,0
86400.711534,2026-07-22T15:15:14.668,3,3,3,0,0
86400.713571,2026-07-22T15:15:14.670,3,3,3,0,0
86400.716051,2026-07-22T15:15:14.672,3,3,3,0,0
86400.718560,2026-07-22T15:15:14.675,3,3,3,0,0
86400.721033,2026-07-22T15:15:14.677,3,3,3,0,0
86400.723636,2026-07-22T15:15:14.680,3,3,3,0,0
86400.726330,2026-07-22T15:15:14.683,3,3,3,0,0
86400.728858,2026-07-22T15:15:14.685,37,0,3,0,76
86400.731381,2026-07-22T15:15:14.688,37,0,3,0,76
86400.734943,2026-07-22T15:15:14.691,37,0,3,0,76
86400.737438,2026-07-22T15:15:14.694,37,0,3,0,76
86400.740052,2026-07-22T15:15:14.696,37,0,3,0,76
86400.742155,2026-07-22T15:15:14.699,37,0,3,0,76
86400.744684,2026-07-22T15:15:14.701,37,0,3,0,76
86400.747219,2026-07-22T15:15:14.704,37,0,3,0,76
86400.749763,2026-07-22T15:15:14.706,37,0,3,0,76
86400.752282,2026-07-22T15:15:14.709,37,0,3,0,76
86400.754379,2026-07-22T15:15:14.711,37,0,3,0,76
86400.756655,2026-07-22T15:15:14.713,37,0,3,0,76
86400.758867,2026-07-22T15:15:14.715,37,0,3,0,76
86400.761385,2026-07-22T15:15:14.718,37,0,3,0,76
86400.763405,2026-07-22T15:15:14.720,37,0,3,0,76
86400.765477,2026-07-22T15:15:14.722,37,0,3,0,76
86400.768033,2026-07-22T15:15:14.724,37,0,3,0,76
86400.770523,2026-07-22T15:15:14.727,37,0,3,0,76
86400.772946,2026-07-22T15:15:14.729,37,0,3,0,76
86400.775065,2026-07-22T15:15:14.731,37,0,3,0,76
86400.777567,2026-07-22T15:15:14.734,37,0,3,0,76
86400.779666,2026-07-22T15:15:14.736,37,0,3,0,76
86400.782365,2026-07-22T15:15:14.739,37,0,3,0,76
86400.785186,2026-07-22T15:15:14.742,37,0,3,0,76
86400.787341,2026-07-22T15:15:14.744,37,0,3,0,76
86400.789654,2026-07-22T15:15:14.746,37,0,3,0,76
86400.791688,2026-07-22T15:15:14.748,37,0,3,0,76
86400.794246,2026-07-22T15:15:14.751,37,0,3,0,76
86400.796821,2026-07-22T15:15:14.753,37,0,3,0,76
86400.799270,2026-07-22T15:15:14.756,37,0,3,0,76
86400.801767,2026-07-22T15:15:14.758,37,0,3,0,76
86400.804204,2026-07-22T15:15:14.761,37,0,3,0,76
86400.806731,2026-07-22T15:15:14.763,37,0,3,0,76
86400.809260,2026-07-22T15:15:14.766,37,0,3,0,76
86400.811480,2026-07-22T15:15:14.768,37,0,3,0,76
86400.813496,2026-07-22T15:15:14.770,37,0,3,0,76
86400.815515,2026-07-22T15:15:14.772,37,0,3,0,76
86400.818120,2026-07-22T15:15:14.774,37,0,3,0,76
86400.820149,2026-07-22T15:15:14.777,37,0,3,0,76
86400.822205,2026-07-22T15:15:14.779,37,0,3,0,76
86400.824223,2026-07-22T15:15:14.781,37,0,3,0,76
86400.826583,2026-07-22T15:15:14.783,37,0,3,0,76
86400.828612,2026-07-22T15:15:14.785,37,0,3,0,76
86400.830655,2026-07-22T15:15:14.787,37,0,3,0,76
86400.833221,2026-07-22T15:15:14.790,37,0,3,0,76
86400.835455,2026-07-22T15:15:14.792,37,0,3,0,76
86400.837973,2026-07-22T15:15:14.794,37,0,3,0,76
86400.840002,2026-07-22T15:15:14.796,37,0,3,0,76
86400.842042,2026-07-22T15:15:14.798,37,0,3,0,76
86400.844544,2026-07-22T15:15:14.801,37,0,3,0,76
86400.847045,2026-07-22T15:15:14.803,37,0,3,0,76
86400.849555,2026-07-22T15:15:14.806,37,0,3,0,76
86400.852076,2026-07-22T15:15:14.808,37,0,3,0,76
86400.854573,2026-07-22T15:15:14.811,37,0,3,0,76
86400.857090,2026-07-22T15:15:14.813,37,0,3,0,76
86400.859616,2026-07-22T15:15:14.816,37,0,3,0,76
86400.862191,2026-07-22T15:15:14.819,37,0,3,0,76
86400.864809,2026-07-22T15:15:14.821,37,0,3,0,76
86400.867123,2026-07-22T15:15:14.823,37,0,3,0,76
86400.869152,2026-07-22T15:15:14.826,37,0,3,0,76
86400.871187,2026-07-22T15:15:14.828,37,0,3,0,76
86400.873706,2026-07-22T15:15:14.830,37,0,3,0,76
86400.876242,2026-07-22T15:15:14.833,37,0,3,0,76
86400.878694,2026-07-22T15:15:14.835,37,0,3,0,76
86400.881287,2026-07-22T15:15:14.838,37,0,3,0,76
86400.883332,2026-07-22T15:15:14.840,37,0,3,0,76
86400.885439,2026-07-22T15:15:14.842,37,0,3,0,76
86400.887452,2026-07-22T15:15:14.844,37,0,3,0,76
86400.889487,2026-07-22T15:15:14.846,37,0,3,0,76
86400.892102,2026-07-22T15:15:14.848,37,0,3,0,76
86400.894138,2026-07-22T15:15:14.851,37,0,3,0,76
86400.896170,2026-07-22T15:15:14.853,37,0,3,0,76
86400.898687,2026-07-22T15:15:14.855,37,0,3,0,76
86400.901206,2026-07-22T15:15:14.858,37,0,3,0,76
86400.903220,2026-07-22T15:15:14.860,37,0,3,0,76
86400.905284,2026-07-22T15:15:14.862,37,0,3,0,76
86400.907610,2026-07-22T15:15:14.864,37,0,3,0,76
86400.909643,2026-07-22T15:15:14.866,37,0,3,0,76
86400.911658,2026-07-22T15:15:14.868,37,0,3,0,76
86400.913712,2026-07-22T15:15:14.870,37,0,3,0,76
86400.915834,2026-07-22T15:15:14.872,37,0,3,0,76
86400.917867,2026-07-22T15:15:14.874,37,0,3,0,76
86400.919881,2026-07-22T15:15:14.876,37,0,3,0,76
86400.921910,2026-07-22T15:15:14.878,37,0,3,0,76
86400.923951,2026-07-22T15:15:14.880,37,0,3,0,76
86400.926488,2026-07-22T15:15:14.883,37,0,3,0,76
86400.929009,2026-07-22T15:15:14.885,37,0,3,0,76
86400.931251,2026-07-22T15:15:14.888,37,0,3,0,76
86400.933291,2026-07-22T15:15:14.890,37,0,3,0,76
86400.935406,2026-07-22T15:15:14.892,37,0,3,0,76
86400.937919,2026-07-22T15:15:14.894,37,0,3,0,76
86400.940462,2026-07-22T15:15:14.897,37,0,3,0,76
86400.942939,2026-07-22T15:15:14.899,37,0,3,0,76
86400.945472,2026-07-22T15:15:14.902,37,0,3,0,76
86400.948054,2026-07-22T15:15:14.904,37,0,3,0,76
86400.950090,2026-07-22T15:15:14.906,37,0,3,0,76
86400.952477,2026-07-22T15:15:14.909,37,0,3,0,76
86400.954991,2026-07-22T15:15:14.911,37,0,3,0,76
86400.957507,2026-07-22T15:15:14.914,37,0,3,0,76
86400.959520,2026-07-22T15:15:14.916,37,0,3,0,76
86400.962099,2026-07-22T15:15:14.918,37,0,3,0,76
86400.964616,2026-07-22T15:15:14.921,37,0,3,0,76
86400.967170,2026-07-22T15:15:14.923,37,0,3,0,76
86400.969660,2026-07-22T15:15:14.926,37,0,3,0,76
86400.972245,2026-07-22T15:15:14.929,37,2,3,0,5
86400.974599,2026-07-22T15:15:14.931,37,2,3,0,5
86400.976612,2026-07-22T15:15:14.933,37,2,3,0,5
86400.979185,2026-07-22T15:15:14.936,37,2,3,0,5
86400.981235,2026-07-22T15:15:14.938,37,2,3,0,5
86400.983407,2026-07-22T15:15:14.940,37,2,3,0,5
86400.985444,2026-07-22T15:15:14.942,37,2,3,0,5
86400.987946,2026-07-22T15:15:14.944,37,2,3,0,5
86400.989966,2026-07-22T15:15:14.946,37,2,3,0,5
86400.992479,2026-07-22T15:15:14.949,37,2,3,0,5
86400.994989,2026-07-22T15:15:14.951,37,2,3,0,5
86400.997010,2026-07-22T15:15:14.953,37,2,3,0,5
86400.999064,2026-07-22T15:15:14.955,37,2,3,0,5
86401.001101,2026-07-22T15:15:14.957,37,2,3,0,5
86401.003610,2026-07-22T15:15:14.960,37,2,3,0,5
86401.005647,2026-07-22T15:15:14.962,37,2,3,0,5
86401.008150,2026-07-22T15:15:14.965,37,2,3,0,5
86401.010183,2026-07-22T15:15:14.967,37,2,3,0,5
86401.012217,2026-07-22T15:15:14.969,37,2,3,0,5
86401.014720,2026-07-22T15:15:14.971,37,2,3,0,5
86401.017206,2026-07-22T15:15:14.974,37,2,3,0,5
86401.019649,2026-07-22T15:15:14.976,37,2,3,0,5
86401.022165,2026-07-22T15:15:14.979,37,2,3,0,5
86401.024865,2026-07-22T15:15:14.981,37,2,3,0,5
86401.027389,2026-07-22T15:15:14.984,37,2,3,0,5
86401.030067,2026-07-22T15:15:14.986,37,2,3,0,5
86401.032640,2026-07-22T15:15:14.989,37,2,3,0,5
86401.036085,2026-07-22T15:15:14.992,37,2,3,0,5
86401.038337,2026-07-22T15:15:14.995,37,2,3,0,5
86401.040845,2026-07-22T15:15:14.997,37,2,3,0,5
86401.042979,2026-07-22T15:15:14.999,37,2,3,0,5
86401.045493,2026-07-22T15:15:15.002,37,2,3,0,5
86401.048001,2026-07-22T15:15:15.004,37,2,3,0,5
86401.050519,2026-07-22T15:15:15.007,37,2,3,0,5
86401.053039,2026-07-22T15:15:15.009,37,2,3,0,5
86401.055560,2026-07-22T15:15:15.012,37,2,3,0,5
86401.057661,2026-07-22T15:15:15.014,37,2,3,0,5
86401.060178,2026-07-22T15:15:15.017,37,2,3,0,5
86401.062699,2026-07-22T15:15:15.019,37,2,3,0,5
86401.064723,2026-07-22T15:15:15.021,37,2,3,0,5
86401.067231,2026-07-22T15:15:15.024,37,2,3,0,5
86401.069733,2026-07-22T15:15:15.026,37,2,3,0,5
86401.072248,2026-07-22T15:15:15.029,37,2,3,0,5
86401.074719,2026-07-22T15:15:15.031,37,2,3,0,5
86401.077314,2026-07-22T15:15:15.034,37,2,3,0,5
86401.079832,2026-07-22T15:15:15.036,37,2,3,0,5
86401.082427,2026-07-22T15:15:15.039,37,2,3,0,5
86401.084459,2026-07-22T15:15:15.041,37,2,3,0,5
86401.086482,2026-07-22T15:15:15.043,37,2,3,0,5
86401.088989,2026-07-22T15:15:15.045,37,2,3,0,5
86401.091083,2026-07-22T15:15:15.047,37,2,3,0,5
86401.093607,2026-07-22T15:15:15.050,37,2,3,0,5
86401.095653,2026-07-22T15:15:15.052,37,2,3,0,5
86401.098436,2026-07-22T15:15:15.055,37,2,3,0,5
86401.100946,2026-07-22T15:15:15.057,37,2,3,0,5
86401.103336,2026-07-22T15:15:15.060,37,2,3,0,5
86401.105864,2026-07-22T15:15:15.062,37,2,3,0,5
86401.108187,2026-07-22T15:15:15.065,37,2,3,0,5
86401.110883,2026-07-22T15:15:15.067,37,2,3,0,5
86401.113414,2026-07-22T15:15:15.070,37,2,3,0,5
86401.115925,2026-07-22T15:15:15.072,37,2,3,0,5
86401.118595,2026-07-22T15:15:15.075,37,2,3,0,5
86401.121225,2026-07-22T15:15:15.078,37,2,3,0,5
86401.123738,2026-07-22T15:15:15.080,37,2,3,0,5
86401.126425,2026-07-22T15:15:15.083,37,2,3,0,5
86401.128953,2026-07-22T15:15:15.085,37,2,3,0,5
86401.131247,2026-07-22T15:15:15.088,37,2,3,0,5
86401.133597,2026-07-22T15:15:15.090,37,2,3,0,5
86401.135831,2026-07-22T15:15:15.092,37,2,3,0,5
86401.137872,2026-07-22T15:15:15.094,37,2,3,0,5
86401.140399,2026-07-22T15:15:15.097,37,2,3,0,5
86401.142921,2026-07-22T15:15:15.099,37,2,3,0,5
86401.145464,2026-07-22T15:15:15.102,37,2,3,0,5
86401.148024,2026-07-22T15:15:15.104,37,2,3,0,5
86401.150548,2026-07-22T15:15:15.107,37,2,3,0,5
86401.153265,2026-07-22T15:15:15.110,37,2,3,0,5
86401.155659,2026-07-22T15:15:15.112,37,2,3,0,5
86401.158192,2026-07-22T15:15:15.115,37,2,3,0,5
86401.160694,2026-07-22T15:15:15.117,37,2,3,0,5
86401.162723,2026-07-22T15:15:15.119,37,2,3,0,5
86401.164748,2026-07-22T15:15:15.121,37,2,3,0,5
86401.167293,2026-07-22T15:15:15.124,37,2,3,0,5
86401.169833,2026-07-22T15:15:15.126,37,2,3,0,5
86401.172269,2026-07-22T15:15:15.129,37,2,3,0,5
86401.174769,2026-07-22T15:15:15.131,37,2,3,0,5
86401.177095,2026-07-22T15:15:15.133,37,2,3,0,5
86401.179460,2026-07-22T15:15:15.136,37,2,3,0,5
86401.182002,2026-07-22T15:15:15.138,37,2,3,0,5
86401.184526,2026-07-22T15:15:15.141,37,2,3,0,5
86401.186568,2026-07-22T15:15:15.143,37,2,3,0,5
86401.189177,2026-07-22T15:15:15.146,37,2,3,0,5
86401.191670,2026-07-22T15:15:15.148,37,2,3,0,5
86401.194157,2026-07-22T15:15:15.151,37,2,3,0,5
86401.196674,2026-07-22T15:15:15.153,37,2,3,0,5
86401.199174,2026-07-22T15:15:15.156,37,2,3,0,5
86401.201714,2026-07-22T15:15:15.158,37,2,3,0,5
86401.204333,2026-07-22T15:15:15.161,37,2,3,0,5
86401.206844,2026-07-22T15:15:15.163,37,2,3,0,5
86401.209342,2026-07-22T15:15:15.166,37,2,3,0,5
86401.211672,2026-07-22T15:15:15.168,37,2,3,0,5
86401.214177,2026-07-22T15:15:15.171,37,2,3,0,5
86401.216621,2026-07-22T15:15:15.173,37,2,3,0,5
86401.218666,2026-07-22T15:15:15.175,37,2,3,0,5
86401.221276,2026-07-22T15:15:15.178,37,2,3,0,5
86401.223800,2026-07-22T15:15:15.180,37,2,3,0,5
86401.225866,2026-07-22T15:15:15.182,37,2,3,0,5
86401.228322,2026-07-22T15:15:15.185,37,2,3,0,5
86401.230848,2026-07-22T15:15:15.187,37,2,3,0,5
86401.233377,2026-07-22T15:15:15.190,37,2,3,0,5
86401.235893,2026-07-22T15:15:15.192,37,2,3,0,5
86401.238555,2026-07-22T15:15:15.195,37,2,3,0,5
86401.241101,2026-07-22T15:15:15.197,37,2,3,0,5
86401.243459,2026-07-22T15:15:15.200,37,2,3,0,5
86401.245843,2026-07-22T15:15:15.202,37,2,3,0,5
86401.248621,2026-07-22T15:15:15.205,37,2,3,0,5
86401.251245,2026-07-22T15:15:15.208,37,2,3,0,5
86401.253270,2026-07-22T15:15:15.210,37,2,3,0,5
86401.256038,2026-07-22T15:15:15.212,37,2,3,0,5
86401.258572,2026-07-22T15:15:15.215,37,2,3,0,5
86401.261149,2026-07-22T15:15:15.218,37,2,3,0,5
86401.263682,2026-07-22T15:15:15.220,37,2,3,0,5
86401.266133,2026-07-22T15:15:15.223,37,2,3,0,5
86401.268691,2026-07-22T15:15:15.225,37,2,3,0,5
86401.270733,2026-07-22T15:15:15.227,37,2,3,0,5
86401.272774,2026-07-22T15:15:15.229,37,2,3,0,5
86401.275277,2026-07-22T15:15:15.232,37,2,3,0,5
86401.277588,2026-07-22T15:15:15.234,37,2,3,0,5
86401.280139,2026-07-22T15:15:15.236,37,2,3,0,5
86401.282633,2026-07-22T15:15:15.239,37,2,3,0,5
86401.284693,2026-07-22T15:15:15.241,37,2,3,0,5
86401.286734,2026-07-22T15:15:15.243,37,2,3,0,5
86401.288778,2026-07-22T15:15:15.245,37,2,3,0,5
86401.290824,2026-07-22T15:15:15.247,37,2,3,0,5
86401.292870,2026-07-22T15:15:15.249,37,2,3,0,5
86401.294920,2026-07-22T15:15:15.251,37,2,3,0,5
86401.296969,2026-07-22T15:15:15.253,37,2,3,0,5
86401.299034,2026-07-22T15:15:15.255,37,2,3,0,5
86401.301091,2026-07-22T15:15:15.257,37,2,3,0,5
86401.303131,2026-07-22T15:15:15.260,37,2,3,0,5
86401.305208,2026-07-22T15:15:15.262,37,2,3,0,5
86401.307261,2026-07-22T15:15:15.264,37,2,3,0,5
86401.309320,2026-07-22T15:15:15.266,37,2,3,0,5
86401.311394,2026-07-22T15:15:15.268,37,2,3,0,5
86401.313427,2026-07-22T15:15:15.270,37,2,3,0,5
86401.315499,2026-07-22T15:15:15.272,37,2,3,0,5
86401.317538,2026-07-22T15:15:15.274,37,2,3,0,5
86401.319576,2026-07-22T15:15:15.276,37,2,3,0,5
86401.321638,2026-07-22T15:15:15.278,6,0,3,0,8
86401.323679,2026-07-22T15:15:15.280,6,0,3,0,8
86401.325716,2026-07-22T15:15:15.282,6,0,3,0,8
86401.327785,2026-07-22T15:15:15.284,6,0,3,0,8
86401.330276,2026-07-22T15:15:15.287,6,0,3,0,8
86401.332858,2026-07-22T15:15:15.289,6,0,3,0,8
86401.335514,2026-07-22T15:15:15.291,6,0,3,0,8
86401.337871,2026-07-22T15:15:15.294,6,0,3,0,8
86401.339893,2026-07-22T15:15:15.296,6,0,3,0,8
86401.342522,2026-07-22T15:15:15.299,6,0,3,0,8
86401.345144,2026-07-22T15:15:15.302,6,0,3,0,8
86401.347669,2026-07-22T15:15:15.304,6,0,3,0,8
86401.350093,2026-07-22T15:15:15.306,6,0,3,0,8
86401.352552,2026-07-22T15:15:15.309,6,0,3,0,8
86401.355013,2026-07-22T15:15:15.311,6,0,3,0,8
86401.357502,2026-07-22T15:15:15.314,6,0,3,0,8
86401.359958,2026-07-22T15:15:15.316,6,0,3,0,8
86401.362662,2026-07-22T15:15:15.319,6,0,3,0,8
86401.365254,2026-07-22T15:15:15.322,6,0,3,0,8
86401.367289,2026-07-22T15:15:15.324,6,0,3,0,8
86401.369828,2026-07-22T15:15:15.326,6,0,3,0,8
86401.372494,2026-07-22T15:15:15.329,6,0,3,0,8
86401.375261,2026-07-22T15:15:15.332,6,0,3,0,8
86401.377510,2026-07-22T15:15:15.334,6,0,3,0,8
86401.380092,2026-07-22T15:15:15.336,6,0,3,0,8
86401.382655,2026-07-22T15:15:15.339,6,0,3,0,8
86401.385231,2026-07-22T15:15:15.342,6,0,3,0,8
86401.387736,2026-07-22T15:15:15.344,6,0,3,0,8
86401.390269,2026-07-22T15:15:15.347,6,0,3,0,8
86401.392876,2026-07-22T15:15:15.349,6,0,3,0,8
86401.395422,2026-07-22T15:15:15.352,6,0,3,0,8
86401.398003,2026-07-22T15:15:15.354,6,0,3,0,8
86401.400598,2026-07-22T15:15:15.357,6,0,3,0,8
86401.403195,2026-07-22T15:15:15.360,6,0,3,0,8
86401.405815,2026-07-22T15:15:15.362,6,0,3,0,8
86401.408303,2026-07-22T15:15:15.365,6,0,3,0,8
86401.410931,2026-07-22T15:15:15.367,6,0,3,0,8
86401.413358,2026-07-22T15:15:15.370,6,0,3,0,8
86401.415754,2026-07-22T15:15:15.372,6,0,3,0,8
86401.418284,2026-07-22T15:15:15.375,6,0,3,0,8
86401.421050,2026-07-22T15:15:15.377,6,0,3,0,8
86401.423705,2026-07-22T15:15:15.380,6,0,3,0,8
86401.426141,2026-07-22T15:15:15.383,6,0,3,0,8
86401.428664,2026-07-22T15:15:15.385,6,0,3,0,8
86401.431254,2026-07-22T15:15:15.388,6,0,3,0,8
86401.433779,2026-07-22T15:15:15.390,6,0,3,0,8
86401.436279,2026-07-22T15:15:15.393,6,0,3,0,8
86401.438730,2026-07-22T15:15:15.395,6,0,3,0,8
86401.441210,2026-07-22T15:15:15.398,6,0,3,0,8
86401.443806,2026-07-22T15:15:15.400,6,0,3,0,8
86401.446390,2026-07-22T15:15:15.403,6,0,3,0,8
86401.448926,2026-07-22T15:15:15.405,6,0,3,0,8
86401.451797,2026-07-22T15:15:15.408,6,0,3,0,8
86401.454541,2026-07-22T15:15:15.411,6,0,3,0,8
86401.457182,2026-07-22T15:15:15.414,6,0,3,0,8
86401.459732,2026-07-22T15:15:15.416,6,0,3,0,8
86401.462446,2026-07-22T15:15:15.419,6,0,3,0,8
86401.465010,2026-07-22T15:15:15.421,6,0,3,0,8
86401.467643,2026-07-22T15:15:15.424,6,0,3,0,8
86401.470102,2026-07-22T15:15:15.426,6,0,3,0,8
86401.472736,2026-07-22T15:15:15.429,6,0,3,0,8
86401.475353,2026-07-22T15:15:15.432,6,0,3,0,8
86401.477846,2026-07-22T15:15:15.434,6,0,3,0,8
86401.480408,2026-07-22T15:15:15.437,6,0,3,0,8
86401.483050,2026-07-22T15:15:15.439,6,0,3,0,8
86401.485617,2026-07-22T15:15:15.442,6,0,3,0,8
86401.488290,2026-07-22T15:15:15.445,6,0,3,0,8
86401.490805,2026-07-22T15:15:15.447,6,0,3,0,8
86401.492859,2026-07-22T15:15:15.449,6,0,3,0,8
86401.495362,2026-07-22T15:15:15.452,6,0,3,0,8
86401.497760,2026-07-22T15:15:15.454,6,0,3,0,8
86401.500372,2026-07-22T15:15:15.457,6,0,3,0,8
86401.502826,2026-07-22T15:15:15.459,6,0,3,0,8
86401.505322,2026-07-22T15:15:15.462,6,0,3,0,8
86401.507720,2026-07-22T15:15:15.464,6,0,3,0,8
86401.510241,2026-07-22T15:15:15.467,6,0,3,0,8
86401.512628,2026-07-22T15:15:15.469,6,0,3,0,8
86401.515259,2026-07-22T15:15:15.472,6,0,3,0,8
86401.517548,2026-07-22T15:15:15.474,6,0,3,0,8
86401.520065,2026-07-22T15:15:15.476,6,0,3,0,8
86401.522771,2026-07-22T15:15:15.479,6,0,3,0,8
86401.525407,2026-07-22T15:15:15.482,6,0,3,0,8
86401.528078,2026-07-22T15:15:15.484,6,0,3,0,8
86401.530614,2026-07-22T15:15:15.487,6,0,3,0,8
86401.532722,2026-07-22T15:15:15.489,6,0,3,0,8
86401.535228,2026-07-22T15:15:15.492,6,0,3,0,8
86401.537842,2026-07-22T15:15:15.494,6,0,3,0,8
86401.540013,2026-07-22T15:15:15.496,6,0,3,0,8
86401.542567,2026-07-22T15:15:15.499,6,0,3,0,8
86401.545020,2026-07-22T15:15:15.501,6,0,3,0,8
86401.547584,2026-07-22T15:15:15.504,6,0,3,0,8
86401.550028,2026-07-22T15:15:15.506,6,0,3,0,8
86401.552554,2026-07-22T15:15:15.509,6,0,3,0,8
86401.555025,2026-07-22T15:15:15.511,6,0,3,0,8
86401.557507,2026-07-22T15:15:15.514,6,0,3,0,8
86401.560036,2026-07-22T15:15:15.516,6,0,3,0,8
86401.562572,2026-07-22T15:15:15.519,6,0,3,0,8
86401.564607,2026-07-22T15:15:15.521,6,0,3,0,8
86401.567032,2026-07-22T15:15:15.523,3,3,3,0,0
86401.569519,2026-07-22T15:15:15.526,3,3,3,0,0
86401.571621,2026-07-22T15:15:15.528,3,3,3,0,0
86401.574007,2026-07-22T15:15:15.530,3,3,3,0,0
86401.576018,2026-07-22T15:15:15.532,3,3,3,0,0
86401.578054,2026-07-22T15:15:15.534,3,3,3,0,0
86401.580543,2026-07-22T15:15:15.537,3,3,3,0,0
86401.583062,2026-07-22T15:15:15.539,3,3,3,0,0
86401.585088,2026-07-22T15:15:15.541,3,3,3,0,0
86401.587550,2026-07-22T15:15:15.544,3,3,3,0,0
86401.590040,2026-07-22T15:15:15.546,3,3,3,0,0
86401.592836,2026-07-22T15:15:15.549,3,3,3,0,0
86401.595148,2026-07-22T15:15:15.552,3,3,3,0,0
86401.597807,2026-07-22T15:15:15.554,3,3,3,0,0
86401.600459,2026-07-22T15:15:15.557,3,3,3,0,0
86401.603279,2026-07-22T15:15:15.560,3,3,3,0,0
86401.605745,2026-07-22T15:15:15.562,3,3,3,0,0
86401.608287,2026-07-22T15:15:15.565,3,3,3,0,0
86401.610819,2026-07-22T15:15:15.567,3,3,3,0,0
86401.613447,2026-07-22T15:15:15.570,3,3,3,0,0
86401.616048,2026-07-22T15:15:15.572,3,3,3,0,0
86401.618641,2026-07-22T15:15:15.575,3,3,3,0,0
86401.621213,2026-07-22T15:15:15.578,3,3,3,0,0
86401.623631,2026-07-22T15:15:15.580,3,3,3,0,0
86401.626317,2026-07-22T15:15:15.583,3,3,3,0,0
86401.628686,2026-07-22T15:15:15.585,3,3,3,0,0
86401.631481,2026-07-22T15:15:15.588,3,3,3,0,0
86401.634203,2026-07-22T15:15:15.591,3,3,3,0,0
86401.636629,2026-07-22T15:15:15.593,3,3,3,0,0
86401.638843,2026-07-22T15:15:15.595,3,3,3,0,0
86401.641625,2026-07-22T15:15:15.598,3,3,3,0,0
86401.644351,2026-07-22T15:15:15.601,3,3,3,0,0
86401.646800,2026-07-22T15:15:15.603,3,3,3,0,0
86401.649322,2026-07-22T15:15:15.606,3,3,3,0,0
86401.651960,2026-07-22T15:15:15.608,3,3,3,0,0
86401.654286,2026-07-22T15:15:15.611,3,3,3,0,0
86401.656999,2026-07-22T15:15:15.613,3,3,3,0,0
86401.659647,2026-07-22T15:15:15.616,3,3,3,0,0
86401.662340,2026-07-22T15:15:15.619,3,3,3,0,0
86401.664826,2026-07-22T15:15:15.621,3,3,3,0,0
86401.667314,2026-07-22T15:15:15.624,3,3,3,0,0
86401.669689,2026-07-22T15:15:15.626,3,3,3,0,0
86401.671785,2026-07-22T15:15:15.628,3,3,3,0,0
86401.674423,2026-07-22T15:15:15.631,3,3,3,0,0
86401.677041,2026-07-22T15:15:15.633,3,3,3,0,0
86401.679628,2026-07-22T15:15:15.636,3,3,3,0,0
86401.682377,2026-07-22T15:15:15.639,3,3,3,0,0
86401.684823,2026-07-22T15:15:15.641,3,3,3,0,0
86401.687574,2026-07-22T15:15:15.644,3,3,3,0,0
86401.689653,2026-07-22T15:15:15.646,3,3,3,0,0
86401.692203,2026-07-22T15:15:15.649,3,3,3,0,0
86401.694712,2026-07-22T15:15:15.651,3,3,3,0,0
86401.697192,2026-07-22T15:15:15.654,3,3,3,0,0
86401.699791,2026-07-22T15:15:15.656,3,3,3,0,0
86401.702292,2026-07-22T15:15:15.659,3,3,3,0,0
86401.704614,2026-07-22T15:15:15.661,3,3,3,0,0
86401.706954,2026-07-22T15:15:15.663,3,3,3,0,0
86401.709736,2026-07-22T15:15:15.666,3,3,3,0,0
86401.712312,2026-07-22T15:15:15.669,3,3,3,0,0
86401.714833,2026-07-22T15:15:15.671,3,3,3,0,0
86401.717322,2026-07-22T15:15:15.674,3,3,3,0,0
86401.719805,2026-07-22T15:15:15.676,3,3,3,0,0
86401.722264,2026-07-22T15:15:15.679,3,3,3,0,0
86401.724819,2026-07-22T15:15:15.681,3,3,3,0,0
86401.727163,2026-07-22T15:15:15.684,3,3,3,0,0
86401.729247,2026-07-22T15:15:15.686,3,3,3,0,0
86401.731994,2026-07-22T15:15:15.688,3,3,3,0,0
86401.734711,2026-07-22T15:15:15.691,3,3,3,0,0
86401.737211,2026-07-22T15:15:15.694,3,3,3,0,0
86401.739641,2026-07-22T15:15:15.696,3,3,3,0,0
86401.742375,2026-07-22T15:15:15.699,3,3,3,0,0
86401.745037,2026-07-22T15:15:15.701,3,3,3,0,0
86401.747622,2026-07-22T15:15:15.704,3,3,3,0,0
86401.750119,2026-07-22T15:15:15.706,3,3,3,0,0
86401.752816,2026-07-22T15:15:15.709,3,3,3,0,0
86401.755201,2026-07-22T15:15:15.712,3,3,3,0,0
86401.757548,2026-07-22T15:15:15.714,3,3,3,0,0
86401.760366,2026-07-22T15:15:15.717,3,3,3,0,0
86401.762717,2026-07-22T15:15:15.719,3,3,3,0,0
86401.765308,2026-07-22T15:15:15.722,3,3,3,0,0
86401.768108,2026-07-22T15:15:15.724,3,3,3,0,0
86401.770629,2026-07-22T15:15:15.727,3,3,3,0,0
86401.773286,2026-07-22T15:15:15.730,3,3,3,0,0
86401.775476,2026-07-22T15:15:15.732,3,3,3,0,0
86401.777602,2026-07-22T15:15:15.734,3,3,3,0,0
86401.779920,2026-07-22T15:15:15.736,3,3,3,0,0
86401.782646,2026-07-22T15:15:15.739,3,3,3,0,0
86401.785173,2026-07-22T15:15:15.742,3,3,3,0,0
86401.787616,2026-07-22T15:15:15.744,3,3,3,0,0
86401.789988,2026-07-22T15:15:15.746,3,3,3,0,0
86401.792639,2026-07-22T15:15:15.749,3,3,3,0,0
86401.795057,2026-07-22T15:15:15.751,3,3,3,0,0
86401.797250,2026-07-22T15:15:15.754,3,3,3,0,0
86401.799297,2026-07-22T15:15:15.756,3,3,3,0,0
86401.801332,2026-07-22T15:15:15.758,3,3,3,0,0
86401.803371,2026-07-22T15:15:15.760,3,3,3,0,0
86401.805396,2026-07-22T15:15:15.762,3,3,3,0,0
86401.807429,2026-07-22T15:15:15.764,3,3,3,0,0
86401.809462,2026-07-22T15:15:15.766,3,3,3,0,0
86401.811514,2026-07-22T15:15:15.768,3,3,3,0,0
86401.814043,2026-07-22T15:15:15.770,3,3,3,0,0
86401.816065,2026-07-22T15:15:15.772,3,3,3,0,0
86401.818099,2026-07-22T15:15:15.774,3,3,3,0,0
86401.820151,2026-07-22T15:15:15.777,3,3,3,0,0
86401.822197,2026-07-22T15:15:15.779,3,3,3,0,0
86401.824250,2026-07-22T15:15:15.781,3,3,3,0,0
86401.826303,2026-07-22T15:15:15.783,3,3,3,0,0
86401.828363,2026-07-22T15:15:15.785,3,3,3,0,0
86401.830401,2026-07-22T15:15:15.787,3,3,3,0,0
86401.832451,2026-07-22T15:15:15.789,3,3,3,0,0
86401.834486,2026-07-22T15:15:15.791,3,3,3,0,0
86401.836834,2026-07-22T15:15:15.793,3,3,3,0,0
86401.838847,2026-07-22T15:15:15.795,3,3,3,0,0
86401.841431,2026-07-22T15:15:15.798,3,3,3,0,0
86401.844097,2026-07-22T15:15:15.800,3,3,3,0,0
86401.846825,2026-07-22T15:15:15.803,3,3,3,0,0
86401.849286,2026-07-22T15:15:15.806,3,3,3,0,0
86401.851795,2026-07-22T15:15:15.808,3,3,3,0,0
86401.854158,2026-07-22T15:15:15.811,3,3,3,0,0
86401.856626,2026-07-22T15:15:15.813,3,3,3,0,0
86401.859691,2026-07-22T15:15:15.816,3,3,3,0,0
86401.861859,2026-07-22T15:15:15.818,3,3,3,0,0
86401.864668,2026-07-22T15:15:15.821,3,3,3,0,0
86401.867332,2026-07-22T15:15:15.824,3,3,3,0,0
86401.869769,2026-07-22T15:15:15.826,3,3,3,0,0
86401.872241,2026-07-22T15:15:15.829,3,3,3,0,0
86401.874252,2026-07-22T15:15:15.831,3,3,3,0,0
86401.876647,2026-07-22T15:15:15.833,3,3,3,0,0
86401.878669,2026-07-22T15:15:15.835,3,3,3,0,0
86401.881199,2026-07-22T15:15:15.838,3,3,3,0,0
86401.883700,2026-07-22T15:15:15.840,3,3,3,0,0
86401.886197,2026-07-22T15:15:15.843,3,3,3,0,0
86401.888799,2026-07-22T15:15:15.845,3,3,3,0,0
86401.891472,2026-07-22T15:15:15.848,3,3,3,0,0
86401.893879,2026-07-22T15:15:15.850,3,3,3,0,0
86401.896508,2026-07-22T15:15:15.853,3,3,3,0,0
86401.899018,2026-07-22T15:15:15.855,3,3,3,0,0
86401.901484,2026-07-22T15:15:15.858,3,3,3,0,0
86401.903864,2026-07-22T15:15:15.860,3,3,3,0,0
86401.905873,2026-07-22T15:15:15.862,3,3,3,0,0
86401.908359,2026-07-22T15:15:15.865,3,3,3,0,0
86401.910982,2026-07-22T15:15:15.867,3,3,3,0,0
86401.913479,2026-07-22T15:15:15.870,3,3,3,0,0
86401.915975,2026-07-22T15:15:15.872,3,3,3,0,0
86401.918491,2026-07-22T15:15:15.875,3,3,3,0,0
86401.920501,2026-07-22T15:15:15.877,3,3,3,0,0
86401.922921,2026-07-22T15:15:15.879,3,3,3,0,0
86401.925270,2026-07-22T15:15:15.882,3,3,3,0,0
86401.927309,2026-07-22T15:15:15.884,3,3,3,0,0
86401.929811,2026-07-22T15:15:15.886,3,3,3,0,0
86401.932565,2026-07-22T15:15:15.889,3,3,3,0,0
86401.934664,2026-07-22T15:15:15.891,3,3,3,0,0
86401.937162,2026-07-22T15:15:15.894,3,3,3,0,0
86401.939245,2026-07-22T15:15:15.896,3,3,3,0,0
86401.941662,2026-07-22T15:15:15.898,3,3,3,0,0
86401.944383,2026-07-22T15:15:15.901,3,3,3,0,0
86401.947039,2026-07-22T15:15:15.903,3,3,3,0,0
86401.949698,2026-07-22T15:15:15.906,3,3,3,0,0
86401.952357,2026-07-22T15:15:15.909,3,3,3,0,0
86401.954827,2026-07-22T15:15:15.911,3,3,3,0,0
86401.957353,2026-07-22T15:15:15.914,3,3,3,0,0
86401.959972,2026-07-22T15:15:15.916,3,3,3,0,0
86401.962630,2026-07-22T15:15:15.919,3,3,3,0,0
86401.965154,2026-07-22T15:15:15.922,3,3,3,0,0
86401.967668,2026-07-22T15:15:15.924,3,3,3,0,0
86401.970192,2026-07-22T15:15:15.927,3,3,3,0,0
86401.972553,2026-07-22T15:15:15.929,3,3,3,0,0
86401.975038,2026-07-22T15:15:15.931,3,3,3,0,0
86401.977359,2026-07-22T15:15:15.934,3,3,3,0,0
86401.979774,2026-07-22T15:15:15.936,3,3,3,0,0
86401.982421,2026-07-22T15:15:15.939,3,3,3,0,0
86401.985207,2026-07-22T15:15:15.942,3,3,3,0,0
86401.987599,2026-07-22T15:15:15.944,3,3,3,0,0
86401.990347,2026-07-22T15:15:15.947,3,3,3,0,0
86401.993055,2026-07-22T15:15:15.949,3,3,3,0,0
86401.995587,2026-07-22T15:15:15.952,3,3,3,0,0
86401.998248,2026-07-22T15:15:15.955,3,3,3,0,0
86402.001215,2026-07-22T15:15:15.957,3,3,3,0,0
86402.003559,2026-07-22T15:15:15.960,3,3,3,0,0
86402.006213,2026-07-22T15:15:15.963,3,3,3,0,0
86402.008818,2026-07-22T15:15:15.965,3,3,3,0,0
86402.011544,2026-07-22T15:15:15.968,3,3,3,0,0
86402.014049,2026-07-22T15:15:15.970,3,3,3,0,0
86402.016639,2026-07-22T15:15:15.973,3,3,3,0,0
86402.019265,2026-07-22T15:15:15.976,3,3,3,0,0
86402.021793,2026-07-22T15:15:15.978,3,3,3,0,0
86402.024204,2026-07-22T15:15:15.981,3,3,3,0,0
86402.026950,2026-07-22T15:15:15.983,3,3,3,0,0
86402.029491,2026-07-22T15:15:15.986,3,3,3,0,0
86402.032086,2026-07-22T15:15:15.988,3,3,3,0,0
86402.034776,2026-07-22T15:15:15.991,3,3,3,0,0
86402.037315,2026-07-22T15:15:15.994,3,3,3,0,0
86402.040092,2026-07-22T15:15:15.996,3,3,3,0,0
86402.042284,2026-07-22T15:15:15.999,3,3,3,0,0
86402.044802,2026-07-22T15:15:16.001,3,3,3,0,0
86402.047364,2026-07-22T15:15:16.004,3,3,3,0,0
86402.049780,2026-07-22T15:15:16.006,3,3,3,0,0
86402.052199,2026-07-22T15:15:16.009,3,3,3,0,0
86402.054530,2026-07-22T15:15:16.011,3,3,3,0,0
86402.056945,2026-07-22T15:15:16.013,3,3,3,0,0
86402.059443,2026-07-22T15:15:16.016,3,3,3,0,0
86402.061806,2026-07-22T15:15:16.018,3,3,3,0,0
86402.064397,2026-07-22T15:15:16.021,3,3,3,0,0
86402.066849,2026-07-22T15:15:16.023,3,3,3,0,0
86402.069332,2026-07-22T15:15:16.026,3,3,3,0,0
86402.071358,2026-07-22T15:15:16.028,3,3,3,0,0
86402.073388,2026-07-22T15:15:16.030,3,3,3,0,0
86402.075785,2026-07-22T15:15:16.032,3,3,3,0,0
86402.078586,2026-07-22T15:15:16.035,3,3,3,0,0
86402.081099,2026-07-22T15:15:16.037,3,3,3,0,0
86402.083123,2026-07-22T15:15:16.039,3,3,3,0,0
86402.085665,2026-07-22T15:15:16.042,3,3,3,0,0
86402.088042,2026-07-22T15:15:16.044,3,3,3,0,0
86402.090476,2026-07-22T15:15:16.047,3,3,3,0,0
86402.092688,2026-07-22T15:15:16.049,3,3,3,0,0
86402.095199,2026-07-22T15:15:16.052,3,3,3,0,0
86402.097233,2026-07-22T15:15:16.054,3,3,3,0,0
86402.099691,2026-07-22T15:15:16.056,3,3,3,0,0
86402.102220,2026-07-22T15:15:16.059,3,3,3,0,0
86402.104839,2026-07-22T15:15:16.061,3,3,3,0,0
86402.107369,2026-07-22T15:15:16.064,3,3,3,0,0
86402.110007,2026-07-22T15:15:16.066,3,3,3,0,0
86402.112786,2026-07-22T15:15:16.069,3,3,3,0,0
86402.115339,2026-07-22T15:15:16.072,3,3,3,0,0
86402.117757,2026-07-22T15:15:16.074,3,3,3,0,0
86402.119782,2026-07-22T15:15:16.076,3,3,3,0,0
86402.122234,2026-07-22T15:15:16.079,3,3,3,0,0
86402.124269,2026-07-22T15:15:16.081,3,3,3,0,0
86402.126783,2026-07-22T15:15:16.083,3,3,3,0,0
86402.129302,2026-07-22T15:15:16.086,3,3,3,0,0
86402.131906,2026-07-22T15:15:16.088,3,3,3,0,0
86402.134503,2026-07-22T15:15:16.091,3,3,3,0,0
86402.136858,2026-07-22T15:15:16.093,3,3,3,0,0
86402.139349,2026-07-22T15:15:16.095,3,3,3,0,0
86402.141378,2026-07-22T15:15:16.098,3,3,3,0,0
86402.143407,2026-07-22T15:15:16.100,3,3,3,0,0
86402.145923,2026-07-22T15:15:16.102,3,3,3,0,0
86402.148584,2026-07-22T15:15:16.105,3,3,3,0,0
86402.151362,2026-07-22T15:15:16.108,3,3,3,0,0
86402.153821,2026-07-22T15:15:16.110,3,3,3,0,0
86402.156550,2026-07-22T15:15:16.113,3,3,3,0,0
86402.158580,2026-07-22T15:15:16.115,3,3,3,0,0
86402.161394,2026-07-22T15:15:16.118,3,3,3,0,0
86402.163902,2026-07-22T15:15:16.120,3,3,3,0,0
86402.166473,2026-07-22T15:15:16.123,3,3,3,0,0
86402.168505,2026-07-22T15:15:16.125,3,3,3,0,0
86402.171026,2026-07-22T15:15:16.127,3,3,3,0,0
86402.173559,2026-07-22T15:15:16.130,3,3,3,0,0
86402.176222,2026-07-22T15:15:16.133,3,3,3,0,0
86402.178265,2026-07-22T15:15:16.135,3,3,3,0,0
86402.180304,2026-07-22T15:15:16.137,3,3,3,0,0
86402.182362,2026-07-22T15:15:16.139,3,3,3,0,0
86402.184921,2026-07-22T15:15:16.141,3,3,3,0,0
86402.187619,2026-07-22T15:15:16.144,3,3,3,0,0
86402.190367,2026-07-22T15:15:16.147,3,3,3,0,0
86402.192416,2026-07-22T15:15:16.149,3,3,3,0,0
86402.195142,2026-07-22T15:15:16.152,3,3,3,0,0
86402.197169,2026-07-22T15:15:16.154,3,3,3,0,0
86402.199656,2026-07-22T15:15:16.156,3,3,3,0,0
86402.201683,2026-07-22T15:15:16.158,3,3,3,0,0
86402.203966,2026-07-22T15:15:16.160,3,3,3,0,0
86402.206477,2026-07-22T15:15:16.163,3,3,3,0,0
86402.208508,2026-07-22T15:15:16.165,3,3,3,0,0
86402.211210,2026-07-22T15:15:16.168,3,3,3,0,0
86402.213266,2026-07-22T15:15:16.170,3,3,3,0,0
86402.215861,2026-07-22T15:15:16.172,3,3,3,0,0
86402.218409,2026-07-22T15:15:16.175,3,3,3,0,0
86402.221138,2026-07-22T15:15:16.178,3,3,3,0,0
86402.223659,2026-07-22T15:15:16.180,3,3,3,0,0
86402.225681,2026-07-22T15:15:16.182,3,3,3,0,0
86402.228188,2026-07-22T15:15:16.185,3,3,3,0,0
86402.230716,2026-07-22T15:15:16.187,3,3,3,0,0
86402.233242,2026-07-22T15:15:16.190,3,3,3,0,0
86402.235739,2026-07-22T15:15:16.192,3,3,3,0,0
86402.238257,2026-07-22T15:15:16.195,3,3,3,0,0
86402.240790,2026-07-22T15:15:16.197,3,3,3,0,0
86402.243241,2026-07-22T15:15:16.200,3,3,3,0,0
86402.245560,2026-07-22T15:15:16.202,3,3,3,0,0
86402.247587,2026-07-22T15:15:16.204,3,3,3,0,0
86402.250110,2026-07-22T15:15:16.206,3,3,3,0,0
86402.252586,2026-07-22T15:15:16.209,3,3,3,0,0
86402.254601,2026-07-22T15:15:16.211,3,3,3,0,0
86402.256904,2026-07-22T15:15:16.213,3,3,3,0,0
86402.259415,2026-07-22T15:15:16.216,3,3,3,0,0
86402.261444,2026-07-22T15:15:16.218,3,3,3,0,0
86402.263506,2026-07-22T15:15:16.220,3,3,3,0,0
86402.266347,2026-07-22T15:15:16.223,3,3,3,0,0
86402.268835,2026-07-22T15:15:16.225,3,3,3,0,0
86402.271344,2026-07-22T15:15:16.228,3,3,3,0,0
86402.273863,2026-07-22T15:15:16.230,3,3,3,0,0
86402.276177,2026-07-22T15:15:16.233,3,3,3,0,0
86402.278291,2026-07-22T15:15:16.235,3,3,3,0,0
86402.280450,2026-07-22T15:15:16.237,3,3,3,0,0
86402.282959,2026-07-22T15:15:16.239,3,3,3,0,0
86402.285477,2026-07-22T15:15:16.242,3,3,3,0,0
86402.287498,2026-07-22T15:15:16.244,3,3,3,0,0
86402.289876,2026-07-22T15:15:16.246,3,3,3,0,0
86402.291905,2026-07-22T15:15:16.248,3,3,3,0,0
86402.294479,2026-07-22T15:15:16.251,3,3,3,0,0
86402.296525,2026-07-22T15:15:16.253,3,3,3,0,0
86402.299054,2026-07-22T15:15:16.255,3,3,3,0,0
86402.301610,2026-07-22T15:15:16.258,3,3,3,0,0
86402.303952,2026-07-22T15:15:16.260,3,3,3,0,0
86402.306651,2026-07-22T15:15:16.263,3,3,3,0,0
86402.308691,2026-07-22T15:15:16.265,3,3,3,0,0
86402.311270,2026-07-22T15:15:16.268,3,3,3,0,0
86402.313800,2026-07-22T15:15:16.270,3,3,3,0,0
86402.316303,2026-07-22T15:15:16.273,3,3,3,0,0
86402.318330,2026-07-22T15:15:16.275,3,3,3,0,0
86402.320944,2026-07-22T15:15:16.277,3,3,3,0,0
86402.323361,2026-07-22T15:15:16.280,3,3,3,0,0
86402.325407,2026-07-22T15:15:16.282,3,3,3,0,0
86402.328020,2026-07-22T15:15:16.284,3,3,3,0,0
86402.330550,2026-07-22T15:15:16.287,3,3,3,0,0
86402.333056,2026-07-22T15:15:16.289,3,3,3,0,0
86402.335079,2026-07-22T15:15:16.291,3,3,3,0,0
86402.337518,2026-07-22T15:15:16.294,3,3,3,0,0
86402.340370,2026-07-22T15:15:16.296,3,3,3,0,0
86402.342476,2026-07-22T15:15:16.299,3,3,3,0,0
86402.345225,2026-07-22T15:15:16.302,3,3,3,0,0
86402.347786,2026-07-22T15:15:16.304,3,3,3,0,0
86402.350305,2026-07-22T15:15:16.307,3,3,3,0,0
86402.352346,2026-07-22T15:15:16.309,3,3,3,0,0
86402.354357,2026-07-22T15:15:16.311,3,3,3,0,0
86402.356787,2026-07-22T15:15:16.313,3,3,3,0,0
86402.359393,2026-07-22T15:15:16.316,3,3,3,0,0
86402.361738,2026-07-22T15:15:16.318,3,3,3,0,0
86402.363785,2026-07-22T15:15:16.320,3,3,3,0,0
86402.366195,2026-07-22T15:15:16.323,3,3,3,0,0
86402.368718,2026-07-22T15:15:16.325,3,3,3,0,0
86402.371242,2026-07-22T15:15:16.328,3,3,3,0,0
86402.373354,2026-07-22T15:15:16.330,3,3,3,0,0
86402.375886,2026-07-22T15:15:16.332,3,3,3,0,0
86402.378311,2026-07-22T15:15:16.335,3,3,3,0,0
86402.380843,2026-07-22T15:15:16.337,3,3,3,0,0
86402.383348,2026-07-22T15:15:16.340,3,3,3,0,0
86402.385371,2026-07-22T15:15:16.342,3,3,3,0,0
86402.388016,2026-07-22T15:15:16.344,3,3,3,0,0
86402.390082,2026-07-22T15:15:16.346,3,3,3,0,0
86402.392601,2026-07-22T15:15:16.349,37,0,3,0,0
86402.395075,2026-07-22T15:15:16.351,37,0,3,0,0
86402.397106,2026-07-22T15:15:16.353,37,0,3,0,0
86402.399632,2026-07-22T15:15:16.356,37,0,3,0,0
86402.402149,2026-07-22T15:15:16.359,37,0,3,0,0
86402.404668,2026-07-22T15:15:16.361,37,0,3,0,0
86402.407536,2026-07-22T15:15:16.364,37,0,3,0,0
86402.409686,2026-07-22T15:15:16.366,37,0,3,0,0
86402.412197,2026-07-22T15:15:16.369,37,0,3,0,0
86402.414219,2026-07-22T15:15:16.371,37,0,3,0,0
86402.416249,2026-07-22T15:15:16.373,37,0,3,0,0
86402.418280,2026-07-22T15:15:16.375,37,0,3,0,0
86402.420300,2026-07-22T15:15:16.377,37,0,3,0,0
86402.422545,2026-07-22T15:15:16.379,37,0,3,0,0
86402.425117,2026-07-22T15:15:16.381,37,0,3,0,0
86402.427472,2026-07-22T15:15:16.384,37,0,3,0,0
86402.429504,2026-07-22T15:15:16.386,37,0,3,0,0
86402.432027,2026-07-22T15:15:16.388,37,0,3,0,0
86402.434541,2026-07-22T15:15:16.391,37,0,3,0,0
86402.436659,2026-07-22T15:15:16.393,37,0,3,0,0
86402.440035,2026-07-22T15:15:16.396,37,0,3,0,0
86402.442227,2026-07-22T15:15:16.399,37,0,3,0,0
86402.444739,2026-07-22T15:15:16.401,37,0,3,0,0
86402.446775,2026-07-22T15:15:16.403,37,0,3,0,0
86402.448801,2026-07-22T15:15:16.405,37,0,3,0,0
86402.450840,2026-07-22T15:15:16.407,37,0,3,0,0
86402.453413,2026-07-22T15:15:16.410,37,0,3,0,0
86402.455459,2026-07-22T15:15:16.412,37,0,3,0,0
86402.457971,2026-07-22T15:15:16.414,37,0,3,0,0
86402.460483,2026-07-22T15:15:16.417,37,0,3,0,0
86402.462508,2026-07-22T15:15:16.419,37,0,3,0,0
86402.464539,2026-07-22T15:15:16.421,37,0,3,0,0
86402.466570,2026-07-22T15:15:16.423,37,0,3,0,0
86402.468630,2026-07-22T15:15:16.425,37,0,3,0,0
86402.471119,2026-07-22T15:15:16.427,37,0,3,0,0
86402.473643,2026-07-22T15:15:16.430,37,0,3,0,0
86402.477522,2026-07-22T15:15:16.433,37,0,3,0,0
86402.479692,2026-07-22T15:15:16.436,37,0,3,0,0
86402.482210,2026-07-22T15:15:16.439,37,0,3,0,0
86402.484242,2026-07-22T15:15:16.441,37,0,3,0,0
86402.486279,2026-07-22T15:15:16.443,37,0,3,0,0
86402.488797,2026-07-22T15:15:16.445,37,0,3,0,0
86402.490816,2026-07-22T15:15:16.447,37,0,3,0,0
86402.493696,2026-07-22T15:15:16.450,37,0,3,0,0
86402.496262,2026-07-22T15:15:16.453,37,0,3,0,0
86402.498852,2026-07-22T15:15:16.455,37,0,3,0,0
86402.500880,2026-07-22T15:15:16.457,37,0,3,0,0
86402.502910,2026-07-22T15:15:16.459,37,0,3,0,0
86402.504955,2026-07-22T15:15:16.461,37,0,3,0,0
86402.507545,2026-07-22T15:15:16.464,37,0,3,0,0
86402.509638,2026-07-22T15:15:16.466,37,0,3,0,0
86402.512470,2026-07-22T15:15:16.469,37,0,3,0,0
86402.514516,2026-07-22T15:15:16.471,37,0,3,0,0
86402.516547,2026-07-22T15:15:16.473,37,0,3,0,0
86402.519066,2026-07-22T15:15:16.475,37,0,3,0,0
86402.521652,2026-07-22T15:15:16.478,37,0,3,0,0
86402.523731,2026-07-22T15:15:16.480,37,0,3,0,0
86402.526075,2026-07-22T15:15:16.482,37,0,3,0,0
86402.528167,2026-07-22T15:15:16.485,37,0,3,0,0
86402.530706,2026-07-22T15:15:16.487,37,0,3,0,0
86402.533234,2026-07-22T15:15:16.490,37,0,3,0,0
86402.535856,2026-07-22T15:15:16.492,37,0,3,0,0
86402.537942,2026-07-22T15:15:16.494,37,0,3,0,0
86402.541719,2026-07-22T15:15:16.498,37,0,3,0,0
86402.544086,2026-07-22T15:15:16.500,37,0,3,0,0
86402.546595,2026-07-22T15:15:16.503,37,0,3,0,0
86402.548697,2026-07-22T15:15:16.505,37,0,3,0,0
86402.550946,2026-07-22T15:15:16.507,37,0,3,0,0
86402.553582,2026-07-22T15:15:16.510,37,0,3,0,0
86402.556111,2026-07-22T15:15:16.512,37,0,3,0,0
86402.558151,2026-07-22T15:15:16.515,37,0,3,0,0
86402.560242,2026-07-22T15:15:16.517,37,0,3,0,0
86402.562741,2026-07-22T15:15:16.519,37,0,3,0,0
86402.565257,2026-07-22T15:15:16.522,37,0,3,0,0
86402.567776,2026-07-22T15:15:16.524,37,0,3,0,0
86402.569868,2026-07-22T15:15:16.526,37,0,3,0,0
86402.571925,2026-07-22T15:15:16.528,37,0,3,0,0
86402.574176,2026-07-22T15:15:16.531,37,0,3,0,0
86402.576178,2026-07-22T15:15:16.532,37,0,3,0,0
86402.578706,2026-07-22T15:15:16.535,37,0,3,0,0
86402.580877,2026-07-22T15:15:16.537,37,0,3,0,0
86402.583383,2026-07-22T15:15:16.540,37,0,3,0,0
86402.585597,2026-07-22T15:15:16.541,37,0,3,0,0
86402.587744,2026-07-22T15:15:16.544,37,0,3,0,0
86402.590305,2026-07-22T15:15:16.546,37,0,3,0,0
86402.592794,2026-07-22T15:15:16.549,37,0,3,0,0
86402.595305,2026-07-22T15:15:16.552,37,0,3,0,0
86402.597812,2026-07-22T15:15:16.554,37,0,3,0,0
86402.600669,2026-07-22T15:15:16.557,37,0,3,0,0
86402.602839,2026-07-22T15:15:16.559,37,0,3,0,0
86402.605346,2026-07-22T15:15:16.562,37,0,3,0,0
86402.607850,2026-07-22T15:15:16.564,37,0,3,0,0
86402.610362,2026-07-22T15:15:16.567,37,0,3,0,0
86402.612868,2026-07-22T15:15:16.569,37,0,3,0,0
86402.615385,2026-07-22T15:15:16.572,37,0,3,0,0
86402.617882,2026-07-22T15:15:16.574,37,0,3,0,0
86402.620393,2026-07-22T15:15:16.577,37,0,3,0,0
86402.622900,2026-07-22T15:15:16.579,37,0,3,0,0
86402.625412,2026-07-22T15:15:16.582,37,0,3,0,0
86402.627640,2026-07-22T15:15:16.584,37,0,3,0,0
86402.629935,2026-07-22T15:15:16.586,37,0,3,0,0
86402.632445,2026-07-22T15:15:16.589,37,0,3,0,0
86402.634558,2026-07-22T15:15:16.591,37,0,3,0,0
86402.637121,2026-07-22T15:15:16.593,37,2,3,0,5
86402.642143,2026-07-22T15:15:16.598,37,2,3,0,5
86402.644234,2026-07-22T15:15:16.601,37,2,3,0,5
86402.646267,2026-07-22T15:15:16.603,37,2,3,0,5
86402.648806,2026-07-22T15:15:16.605,37,2,3,0,5
86402.651306,2026-07-22T15:15:16.608,37,2,3,0,5
86402.653361,2026-07-22T15:15:16.610,37,2,3,0,5
86402.655978,2026-07-22T15:15:16.612,37,2,3,0,5
86402.658582,2026-07-22T15:15:16.615,37,2,3,0,5
86402.660613,2026-07-22T15:15:16.617,37,2,3,0,5
86402.662624,2026-07-22T15:15:16.619,37,2,3,0,5
86402.664652,2026-07-22T15:15:16.621,37,2,3,0,5
86402.667265,2026-07-22T15:15:16.624,37,2,3,0,5
86402.670085,2026-07-22T15:15:16.626,37,2,3,0,5
86402.672849,2026-07-22T15:15:16.629,37,2,3,0,5
86402.675489,2026-07-22T15:15:16.632,37,2,3,0,5
86402.677982,2026-07-22T15:15:16.634,37,2,3,0,5
86402.680700,2026-07-22T15:15:16.637,37,2,3,0,5
86402.683423,2026-07-22T15:15:16.640,37,2,3,0,5
86402.685956,2026-07-22T15:15:16.642,37,2,3,0,5
86402.688463,2026-07-22T15:15:16.645,37,2,3,0,5
86402.690969,2026-07-22T15:15:16.647,37,2,3,0,5
86402.692993,2026-07-22T15:15:16.649,37,2,3,0,5
86402.695468,2026-07-22T15:15:16.652,37,2,3,0,5
86402.697863,2026-07-22T15:15:16.654,37,2,3,0,5
86402.699903,2026-07-22T15:15:16.656,37,2,3,0,5
86402.702420,2026-07-22T15:15:16.659,37,2,3,0,5
86402.704911,2026-07-22T15:15:16.661,37,2,3,0,5
86402.706931,2026-07-22T15:15:16.663,37,2,3,0,5
86402.709442,2026-07-22T15:15:16.666,37,2,3,0,5
86402.711979,2026-07-22T15:15:16.668,37,2,3,0,5
86402.714581,2026-07-22T15:15:16.671,37,2,3,0,5
86402.716614,2026-07-22T15:15:16.673,37,2,3,0,5
86402.719188,2026-07-22T15:15:16.675,37,2,3,0,5
86402.721549,2026-07-22T15:15:16.678,37,2,3,0,5
86402.724050,2026-07-22T15:15:16.680,37,2,3,0,5
86402.726569,2026-07-22T15:15:16.683,37,2,3,0,5
86402.728906,2026-07-22T15:15:16.685,37,2,3,0,5
86402.731032,2026-07-22T15:15:16.687,37,2,3,0,5
86402.733070,2026-07-22T15:15:16.689,37,2,3,0,5
86402.735112,2026-07-22T15:15:16.691,37,2,3,0,5
86402.737631,2026-07-22T15:15:16.694,37,2,3,0,5
86402.740326,2026-07-22T15:15:16.697,37,2,3,0,5
86402.742849,2026-07-22T15:15:16.699,37,2,3,0,5
86402.745653,2026-07-22T15:15:16.702,37,2,3,0,5
86402.748308,2026-07-22T15:15:16.705,37,2,3,0,5
86402.750967,2026-07-22T15:15:16.707,37,2,3,0,5
86402.753642,2026-07-22T15:15:16.710,37,2,3,0,5
86402.755669,2026-07-22T15:15:16.712,37,2,3,0,5
86402.757691,2026-07-22T15:15:16.714,37,2,3,0,5
86402.760201,2026-07-22T15:15:16.717,37,2,3,0,5
86402.762255,2026-07-22T15:15:16.719,37,2,3,0,5
86402.764575,2026-07-22T15:15:16.721,37,2,3,0,5
86402.766656,2026-07-22T15:15:16.723,37,2,3,0,5
86402.769268,2026-07-22T15:15:16.726,37,2,3,0,5
86402.771792,2026-07-22T15:15:16.728,37,2,3,0,5
86402.774452,2026-07-22T15:15:16.731,37,2,3,0,5
86402.776554,2026-07-22T15:15:16.733,37,2,3,0,5
86402.778589,2026-07-22T15:15:16.735,37,2,3,0,5
86402.780865,2026-07-22T15:15:16.737,37,2,3,0,5
86402.782902,2026-07-22T15:15:16.739,37,2,3,0,5
86402.785226,2026-07-22T15:15:16.742,37,2,3,0,5
86402.787768,2026-07-22T15:15:16.744,37,2,3,0,5
86402.789812,2026-07-22T15:15:16.746,37,2,3,0,5
86402.792247,2026-07-22T15:15:16.749,37,2,3,0,5
86402.794771,2026-07-22T15:15:16.751,37,2,3,0,5
86402.797528,2026-07-22T15:15:16.754,37,2,3,0,5
86402.800110,2026-07-22T15:15:16.756,37,2,3,0,5
86402.802149,2026-07-22T15:15:16.759,37,2,3,0,5
86402.804875,2026-07-22T15:15:16.761,37,2,3,0,5
86402.807401,2026-07-22T15:15:16.764,37,2,3,0,5
86402.809791,2026-07-22T15:15:16.766,37,2,3,0,5
86402.811898,2026-07-22T15:15:16.768,37,2,3,0,5
86402.814377,2026-07-22T15:15:16.771,37,2,3,0,5
86402.816900,2026-07-22T15:15:16.773,37,2,3,0,5
86402.819413,2026-07-22T15:15:16.776,37,2,3,0,5
86402.821927,2026-07-22T15:15:16.778,37,2,3,0,5
86402.824473,2026-07-22T15:15:16.781,37,2,3,0,5
86402.826959,2026-07-22T15:15:16.783,37,2,3,0,5
86402.829485,2026-07-22T15:15:16.786,37,2,3,0,5
86402.831991,2026-07-22T15:15:16.788,37,2,3,0,5
86402.834016,2026-07-22T15:15:16.790,37,2,3,0,5
86402.836477,2026-07-22T15:15:16.793,37,2,3,0,5
86402.839056,2026-07-22T15:15:16.795,37,2,3,0,5
86402.841325,2026-07-22T15:15:16.798,37,2,3,0,5
86402.844097,2026-07-22T15:15:16.800,37,2,3,0,5
86402.846826,2026-07-22T15:15:16.803,37,2,3,0,5
86402.849337,2026-07-22T15:15:16.806,37,2,3,0,5
86402.851371,2026-07-22T15:15:16.808,37,2,3,0,5
86402.853765,2026-07-22T15:15:16.810,37,2,3,0,5
86402.856302,2026-07-22T15:15:16.813,37,2,3,0,5
86402.858681,2026-07-22T15:15:16.815,37,2,3,0,5
86402.861442,2026-07-22T15:15:16.818,37,2,3,0,5
86402.863976,2026-07-22T15:15:16.820,37,2,3,0,5
86402.866491,2026-07-22T15:15:16.823,37,2,3,0,5
86402.869272,2026-07-22T15:15:16.826,37,2,3,0,5
86402.871790,2026-07-22T15:15:16.828,37,2,3,0,5
86402.874318,2026-07-22T15:15:16.831,37,2,3,0,5
86402.880723,2026-07-22T15:15:16.837,37,2,3,0,5
86402.882922,2026-07-22T15:15:16.839,37,2,3,0,5
86402.885468,2026-07-22T15:15:16.842,37,2,3,0,5
86402.887940,2026-07-22T15:15:16.844,37,2,3,0,5
86402.890361,2026-07-22T15:15:16.847,37,2,3,0,5
86402.892485,2026-07-22T15:15:16.849,37,2,3,0,5
86402.895291,2026-07-22T15:15:16.852,37,2,3,0,5
86402.897814,2026-07-22T15:15:16.854,37,2,3,0,5
86402.900517,2026-07-22T15:15:16.857,37,2,3,0,5
86402.903042,2026-07-22T15:15:16.859,37,2,3,0,5
86402.905320,2026-07-22T15:15:16.862,37,2,3,0,5
86402.907886,2026-07-22T15:15:16.864,37,2,3,0,5
86402.909909,2026-07-22T15:15:16.866,37,2,3,0,5
86402.912472,2026-07-22T15:15:16.869,37,2,3,0,5
86402.914506,2026-07-22T15:15:16.871,37,2,3,0,5
86402.917001,2026-07-22T15:15:16.873,37,2,3,0,5
86402.919521,2026-07-22T15:15:16.876,37,2,3,0,5
86402.922011,2026-07-22T15:15:16.878,37,2,3,0,5
86402.924760,2026-07-22T15:15:16.881,37,2,3,0,5
86402.927007,2026-07-22T15:15:16.883,37,2,3,0,5
86402.929286,2026-07-22T15:15:16.886,37,2,3,0,5
86402.931468,2026-07-22T15:15:16.888,37,2,3,0,5
86402.933494,2026-07-22T15:15:16.890,37,2,3,0,5
86402.936041,2026-07-22T15:15:16.892,37,2,3,0,5
86402.938545,2026-07-22T15:15:16.895,37,2,3,0,5
86402.940615,2026-07-22T15:15:16.897,37,2,3,0,5
86402.943142,2026-07-22T15:15:16.899,37,2,3,0,5
86402.945477,2026-07-22T15:15:16.902,37,2,3,0,5
86402.947906,2026-07-22T15:15:16.904,37,2,3,0,5
86402.949934,2026-07-22T15:15:16.906,37,2,3,0,5
86402.952415,2026-07-22T15:15:16.909,37,2,3,0,5
86402.954895,2026-07-22T15:15:16.911,37,2,3,0,5
86402.957491,2026-07-22T15:15:16.914,37,2,3,0,5
86402.960013,2026-07-22T15:15:16.916,37,2,3,0,5
86402.962657,2026-07-22T15:15:16.919,37,2,3,0,5
86402.965221,2026-07-22T15:15:16.922,37,2,3,0,5
86402.967706,2026-07-22T15:15:16.924,37,2,3,0,5
86402.970280,2026-07-22T15:15:16.927,37,2,3,0,5
86402.972307,2026-07-22T15:15:16.929,37,2,3,0,5
86402.974811,2026-07-22T15:15:16.931,37,2,3,0,5
86402.977317,2026-07-22T15:15:16.934,4,0,3,0,5
86402.979682,2026-07-22T15:15:16.936,4,0,3,0,5
86402.982363,2026-07-22T15:15:16.939,4,0,3,0,5
86402.985145,2026-07-22T15:15:16.942,4,0,3,0,5
86402.987866,2026-07-22T15:15:16.944,4,0,3,0,5
86402.990198,2026-07-22T15:15:16.947,4,0,3,0,5
86402.992544,2026-07-22T15:15:16.949,4,0,3,0,5
86402.995256,2026-07-22T15:15:16.952,4,0,3,0,5
86402.997816,2026-07-22T15:15:16.954,4,0,3,0,5
86403.000475,2026-07-22T15:15:16.957,4,0,3,0,5
86403.003257,2026-07-22T15:15:16.960,4,0,3,0,5
86403.005999,2026-07-22T15:15:16.962,4,0,3,0,5
86403.008763,2026-07-22T15:15:16.965,4,0,3,0,5
86403.011118,2026-07-22T15:15:16.967,4,0,3,0,5
86403.013800,2026-07-22T15:15:16.970,4,0,3,0,5
86403.016065,2026-07-22T15:15:16.972,4,0,3,0,5
86403.018584,2026-07-22T15:15:16.975,4,0,3,0,5
86403.021366,2026-07-22T15:15:16.978,4,0,3,0,5
86403.023787,2026-07-22T15:15:16.980,4,0,3,0,5
86403.026418,2026-07-22T15:15:16.983,4,0,3,0,5
86403.029285,2026-07-22T15:15:16.985,4,0,3,0,5
86403.031411,2026-07-22T15:15:16.988,4,0,3,0,5
86403.033937,2026-07-22T15:15:16.990,4,0,3,0,5
86403.036349,2026-07-22T15:15:16.993,4,0,3,0,5
86403.038990,2026-07-22T15:15:16.995,4,0,3,0,5
86403.041265,2026-07-22T15:15:16.998,4,0,3,0,5
86403.043274,2026-07-22T15:15:17.000,4,0,3,0,5
86403.045535,2026-07-22T15:15:17.002,4,0,3,0,5
86403.047547,2026-07-22T15:15:17.004,4,0,3,0,5
86403.049583,2026-07-22T15:15:17.006,4,0,3,0,5
86403.052158,2026-07-22T15:15:17.009,4,0,3,0,5
86403.054719,2026-07-22T15:15:17.011,4,0,3,0,5
86403.057346,2026-07-22T15:15:17.014,4,0,3,0,5
86403.059870,2026-07-22T15:15:17.016,4,0,3,0,5
86403.062570,2026-07-22T15:15:17.019,4,0,3,0,5
86403.065058,2026-07-22T15:15:17.021,4,0,3,0,5
86403.067603,2026-07-22T15:15:17.024,4,0,3,0,5
86403.070087,2026-07-22T15:15:17.026,4,0,3,0,5
86403.072600,2026-07-22T15:15:17.029,4,0,3,0,5
86403.074661,2026-07-22T15:15:17.031,4,0,3,0,5
86403.076673,2026-07-22T15:15:17.033,4,0,3,0,5
86403.079426,2026-07-22T15:15:17.036,4,0,3,0,5
86403.081931,2026-07-22T15:15:17.038,4,0,3,0,5
86403.084603,2026-07-22T15:15:17.041,4,0,3,0,5
86403.087158,2026-07-22T15:15:17.044,4,0,3,0,5
86403.089646,2026-07-22T15:15:17.046,4,0,3,0,5
86403.091859,2026-07-22T15:15:17.048,4,0,3,0,5
86403.093946,2026-07-22T15:15:17.050,4,0,3,0,5
86403.095957,2026-07-22T15:15:17.052,4,0,3,0,5
86403.098474,2026-07-22T15:15:17.055,4,0,3,0,5
86403.100993,2026-07-22T15:15:17.057,4,0,3,0,5
86403.103535,2026-07-22T15:15:17.060,4,0,3,0,5
86403.106020,2026-07-22T15:15:17.062,4,0,3,0,5
86403.108699,2026-07-22T15:15:17.065,4,0,3,0,5
86403.111229,2026-07-22T15:15:17.068,4,0,3,0,5
86403.113252,2026-07-22T15:15:17.070,4,0,3,0,5
86403.115758,2026-07-22T15:15:17.072,4,0,3,0,5
86403.117818,2026-07-22T15:15:17.074,4,0,3,0,5
86403.120508,2026-07-22T15:15:17.077,4,0,3,0,5
86403.122616,2026-07-22T15:15:17.079,4,0,3,0,5
86403.125184,2026-07-22T15:15:17.082,4,0,3,0,5
86403.127562,2026-07-22T15:15:17.084,4,0,3,0,5
86403.129585,2026-07-22T15:15:17.086,4,0,3,0,5
86403.131655,2026-07-22T15:15:17.088,4,0,3,0,5
86403.134173,2026-07-22T15:15:17.091,4,0,3,0,5
86403.136684,2026-07-22T15:15:17.093,4,0,3,0,5
86403.138711,2026-07-22T15:15:17.095,4,0,3,0,5
86403.141367,2026-07-22T15:15:17.098,4,0,3,0,5
86403.143741,2026-07-22T15:15:17.100,4,0,3,0,5
86403.146369,2026-07-22T15:15:17.103,4,0,3,0,5
86403.148910,2026-07-22T15:15:17.105,4,0,3,0,5
86403.151386,2026-07-22T15:15:17.108,4,0,3,0,5
86403.153850,2026-07-22T15:15:17.110,4,0,3,0,5
86403.156510,2026-07-22T15:15:17.113,4,0,3,0,5
86403.159164,2026-07-22T15:15:17.116,4,0,3,0,5
86403.161661,2026-07-22T15:15:17.118,4,0,3,0,5
86403.164218,2026-07-22T15:15:17.121,4,0,3,0,5
86403.166813,2026-07-22T15:15:17.123,4,0,3,0,5
86403.169253,2026-07-22T15:15:17.126,4,0,3,0,5
86403.171743,2026-07-22T15:15:17.128,4,0,3,0,5
86403.174328,2026-07-22T15:15:17.131,4,0,3,0,5
86403.176812,2026-07-22T15:15:17.133,4,0,3,0,5
86403.178941,2026-07-22T15:15:17.135,4,0,3,0,5
86403.181414,2026-07-22T15:15:17.138,4,0,3,0,5
86403.183947,2026-07-22T15:15:17.140,4,0,3,0,5
86403.186365,2026-07-22T15:15:17.143,4,0,3,0,5
86403.189147,2026-07-22T15:15:17.146,4,0,3,0,5
86403.191701,2026-07-22T15:15:17.148,4,0,3,0,5
86403.194376,2026-07-22T15:15:17.151,4,0,3,0,5
86403.196862,2026-07-22T15:15:17.153,4,0,3,0,5
86403.199468,2026-07-22T15:15:17.156,4,0,3,0,5
86403.201858,2026-07-22T15:15:17.158,4,0,3,0,5
86403.204390,2026-07-22T15:15:17.161,4,0,3,0,5
86403.206899,2026-07-22T15:15:17.163,4,0,3,0,5
86403.208936,2026-07-22T15:15:17.165,4,0,3,0,5
86403.211410,2026-07-22T15:15:17.168,4,0,3,0,5
86403.213829,2026-07-22T15:15:17.170,4,0,3,0,5
86403.216373,2026-07-22T15:15:17.173,4,0,3,0,5
86403.218994,2026-07-22T15:15:17.175,4,0,3,0,5
86403.221497,2026-07-22T15:15:17.178,3,3,3,0,0
86403.224029,2026-07-22T15:15:17.180,3,3,3,0,0
86403.226656,2026-07-22T15:15:17.183,3,3,3,0,0
86403.229473,2026-07-22T15:15:17.186,3,3,3,0,0
86403.232067,2026-07-22T15:15:17.188,3,3,3,0,0
86403.234769,2026-07-22T15:15:17.191,3,3,3,0,0
86403.237460,2026-07-22T15:15:17.194,3,3,3,0,0
86403.239858,2026-07-22T15:15:17.196,3,3,3,0,0
86403.242171,2026-07-22T15:15:17.198,3,3,3,0,0
86403.244487,2026-07-22T15:15:17.201,3,3,3,0,0
86403.247016,2026-07-22T15:15:17.203,3,3,3,0,0
86403.249519,2026-07-22T15:15:17.206,3,3,3,0,0
86403.252024,2026-07-22T15:15:17.208,3,3,3,0,0
86403.254505,2026-07-22T15:15:17.211,3,3,3,0,0
86403.257177,2026-07-22T15:15:17.214,3,3,3,0,0
86403.259687,2026-07-22T15:15:17.216,3,3,3,0,0
86403.262311,2026-07-22T15:15:17.219,3,3,3,0,0
86403.264789,2026-07-22T15:15:17.221,3,3,3,0,0
86403.267448,2026-07-22T15:15:17.224,3,3,3,0,0
86403.269834,2026-07-22T15:15:17.226,3,3,3,0,0
86403.272367,2026-07-22T15:15:17.229,3,3,3,0,0
86403.275039,2026-07-22T15:15:17.231,3,3,3,0,0
86403.277595,2026-07-22T15:15:17.234,3,3,3,0,0
86403.279915,2026-07-22T15:15:17.236,3,3,3,0,0
86403.282500,2026-07-22T15:15:17.239,3,3,3,0,0
86403.284688,2026-07-22T15:15:17.241,3,3,3,0,0
86403.287195,2026-07-22T15:15:17.244,3,3,3,0,0
86403.289726,2026-07-22T15:15:17.246,3,3,3,0,0
86403.292448,2026-07-22T15:15:17.249,3,3,3,0,0
86403.295178,2026-07-22T15:15:17.252,3,3,3,0,0
86403.297215,2026-07-22T15:15:17.254,3,3,3,0,0
86403.299257,2026-07-22T15:15:17.256,3,3,3,0,0
86403.301324,2026-07-22T15:15:17.258,3,3,3,0,0
86403.303392,2026-07-22T15:15:17.260,3,3,3,0,0
86403.305449,2026-07-22T15:15:17.262,3,3,3,0,0
86403.307482,2026-07-22T15:15:17.264,3,3,3,0,0
86403.309647,2026-07-22T15:15:17.266,3,3,3,0,0
86403.312095,2026-07-22T15:15:17.268,3,3,3,0,0
86403.314592,2026-07-22T15:15:17.271,3,3,3,0,0
86403.316635,2026-07-22T15:15:17.273,3,3,3,0,0
86403.319127,2026-07-22T15:15:17.275,3,3,3,0,0
86403.321163,2026-07-22T15:15:17.278,3,3,3,0,0
86403.323657,2026-07-22T15:15:17.280,3,3,3,0,0
86403.325724,2026-07-22T15:15:17.282,3,3,3,0,0
86403.328238,2026-07-22T15:15:17.285,3,3,3,0,0
86403.330292,2026-07-22T15:15:17.287,3,3,3,0,0
86403.332324,2026-07-22T15:15:17.289,3,3,3,0,0
86403.334383,2026-07-22T15:15:17.291,3,3,3,0,0
86403.336864,2026-07-22T15:15:17.293,3,3,3,0,0
86403.339531,2026-07-22T15:15:17.296,3,3,3,0,0
86403.342260,2026-07-22T15:15:17.299,3,3,3,0,0
86403.344947,2026-07-22T15:15:17.301,3,3,3,0,0
86403.347481,2026-07-22T15:15:17.304,3,3,3,0,0
86403.349953,2026-07-22T15:15:17.306,3,3,3,0,0
86403.352372,2026-07-22T15:15:17.309,3,3,3,0,0
86403.354782,2026-07-22T15:15:17.311,3,3,3,0,0
86403.357265,2026-07-22T15:15:17.314,3,3,3,0,0
86403.359366,2026-07-22T15:15:17.316,3,3,3,0,0
86403.361818,2026-07-22T15:15:17.318,3,3,3,0,0
86403.364354,2026-07-22T15:15:17.321,3,3,3,0,0
86403.366861,2026-07-22T15:15:17.323,3,3,3,0,0
86403.369376,2026-07-22T15:15:17.326,3,3,3,0,0
86403.371948,2026-07-22T15:15:17.328,3,3,3,0,0
86403.374252,2026-07-22T15:15:17.331,3,3,3,0,0
86403.376919,2026-07-22T15:15:17.333,3,3,3,0,0
86403.379372,2026-07-22T15:15:17.336,3,3,3,0,0
86403.381959,2026-07-22T15:15:17.338,3,3,3,0,0
86403.383981,2026-07-22T15:15:17.340,3,3,3,0,0
86403.386003,2026-07-22T15:15:17.342,3,3,3,0,0
86403.388472,2026-07-22T15:15:17.345,3,3,3,0,0
86403.390783,2026-07-22T15:15:17.347,3,3,3,0,0
86403.393510,2026-07-22T15:15:17.350,3,3,3,0,0
86403.395990,2026-07-22T15:15:17.352,3,3,3,0,0
86403.398532,2026-07-22T15:15:17.355,3,3,3,0,0
86403.401192,2026-07-22T15:15:17.358,3,3,3,0,0
86403.403786,2026-07-22T15:15:17.360,3,3,3,0,0
86403.405814,2026-07-22T15:15:17.362,3,3,3,0,0
86403.408255,2026-07-22T15:15:17.365,3,3,3,0,0
86403.410669,2026-07-22T15:15:17.367,3,3,3,0,0
86403.413140,2026-07-22T15:15:17.370,3,3,3,0,0
86403.415537,2026-07-22T15:15:17.372,3,3,3,0,0
86403.418040,2026-07-22T15:15:17.374,3,3,3,0,0
86403.420332,2026-07-22T15:15:17.377,3,3,3,0,0
86403.422894,2026-07-22T15:15:17.379,3,3,3,0,0
86403.425418,2026-07-22T15:15:17.382,3,3,3,0,0
86403.427911,2026-07-22T15:15:17.384,3,3,3,0,0
86403.430242,2026-07-22T15:15:17.387,3,3,3,0,0
86403.432308,2026-07-22T15:15:17.389,3,3,3,0,0
86403.434362,2026-07-22T15:15:17.391,3,3,3,0,0
86403.436846,2026-07-22T15:15:17.393,3,3,3,0,0
86403.439336,2026-07-22T15:15:17.396,3,3,3,0,0
86403.442129,2026-07-22T15:15:17.398,3,3,3,0,0
86403.444698,2026-07-22T15:15:17.400,3,3,3,0,0
86403.447119,2026-07-22T15:15:17.403,3,3,3,0,0
86403.449639,2026-07-22T15:15:17.406,3,3,3,0,0
86403.451659,2026-07-22T15:15:17.408,3,3,3,0,0
86403.454107,2026-07-22T15:15:17.410,3,3,3,0,0
86403.456550,2026-07-22T15:15:17.413,3,3,3,0,0
86403.459002,2026-07-22T15:15:17.415,3,3,3,0,0
86403.461516,2026-07-22T15:15:17.418,3,3,3,0,0
86403.464058,2026-07-22T15:15:17.420,3,3,3,0,0
86403.466740,2026-07-22T15:15:17.423,3,3,3,0,0
86403.469328,2026-07-22T15:15:17.426,3,3,3,0,0
86403.471849,2026-07-22T15:15:17.428,3,3,3,0,0
86403.474375,2026-07-22T15:15:17.431,3,3,3,0,0
86403.476835,2026-07-22T15:15:17.433,3,3,3,0,0
86403.479080,2026-07-22T15:15:17.435,3,3,3,0,0
86403.481761,2026-07-22T15:15:17.438,3,3,3,0,0
86403.483802,2026-07-22T15:15:17.440,3,3,3,0,0
86403.486121,2026-07-22T15:15:17.442,3,3,3,0,0
86403.488879,2026-07-22T15:15:17.445,3,3,3,0,0
86403.491217,2026-07-22T15:15:17.448,3,3,3,0,0
86403.493412,2026-07-22T15:15:17.450,3,3,3,0,0
86403.496195,2026-07-22T15:15:17.453,3,3,3,0,0
86403.498516,2026-07-22T15:15:17.455,3,3,3,0,0
86403.501020,2026-07-22T15:15:17.457,3,3,3,0,0
86403.503468,2026-07-22T15:15:17.460,3,3,3,0,0
86403.505888,2026-07-22T15:15:17.462,3,3,3,0,0
86403.508340,2026-07-22T15:15:17.465,3,3,3,0,0
86403.510824,2026-07-22T15:15:17.467,3,3,3,0,0
86403.513331,2026-07-22T15:15:17.470,3,3,3,0,0
86403.515785,2026-07-22T15:15:17.472,3,3,3,0,0
86403.518215,2026-07-22T15:15:17.475,3,3,3,0,0
86403.520709,2026-07-22T15:15:17.477,3,3,3,0,0
86403.523167,2026-07-22T15:15:17.480,3,3,3,0,0
86403.525654,2026-07-22T15:15:17.482,3,3,3,0,0
86403.528099,2026-07-22T15:15:17.484,3,3,3,0,0
86403.530540,2026-07-22T15:15:17.487,3,3,3,0,0
86403.533119,2026-07-22T15:15:17.489,3,3,3,0,0
86403.535458,2026-07-22T15:15:17.492,3,3,3,0,0
86403.537971,2026-07-22T15:15:17.494,3,3,3,0,0
86403.540598,2026-07-22T15:15:17.497,3,3,3,0,0
86403.543344,2026-07-22T15:15:17.500,3,3,3,0,0
86403.545651,2026-07-22T15:15:17.502,3,3,3,0,0
86403.548155,2026-07-22T15:15:17.505,3,3,3,0,0
86403.550623,2026-07-22T15:15:17.507,3,3,3,0,0
86403.553140,2026-07-22T15:15:17.510,3,3,3,0,0
86403.555810,2026-07-22T15:15:17.512,3,3,3,0,0
86403.558546,2026-07-22T15:15:17.515,3,3,3,0,0
86403.561006,2026-07-22T15:15:17.517,3,3,3,0,0
86403.563521,2026-07-22T15:15:17.520,3,3,3,0,0
86403.566145,2026-07-22T15:15:17.523,3,3,3,0,0
86403.568798,2026-07-22T15:15:17.525,3,3,3,0,0
86403.571267,2026-07-22T15:15:17.528,3,3,3,0,0
86403.573728,2026-07-22T15:15:17.530,3,3,3,0,0
86403.576362,2026-07-22T15:15:17.533,3,3,3,0,0
86403.578685,2026-07-22T15:15:17.535,3,3,3,0,0
86403.581101,2026-07-22T15:15:17.537,3,3,3,0,0
86403.583498,2026-07-22T15:15:17.540,3,3,3,0,0
86403.586017,2026-07-22T15:15:17.542,3,3,3,0,0
86403.588507,2026-07-22T15:15:17.545,3,3,3,0,0
86403.590989,2026-07-22T15:15:17.547,3,3,3,0,0
86403.593580,2026-07-22T15:15:17.550,3,3,3,0,0
86403.596187,2026-07-22T15:15:17.553,3,3,3,0,0
86403.598683,2026-07-22T15:15:17.555,3,3,3,0,0
86403.601156,2026-07-22T15:15:17.558,3,3,3,0,0
86403.603633,2026-07-22T15:15:17.560,3,3,3,0,0
86403.606093,2026-07-22T15:15:17.562,3,3,3,0,0
86403.608644,2026-07-22T15:15:17.565,3,3,3,0,0
86403.611142,2026-07-22T15:15:17.568,3,3,3,0,0
86403.613577,2026-07-22T15:15:17.570,3,3,3,0,0
86403.616078,2026-07-22T15:15:17.572,3,3,3,0,0
86403.618415,2026-07-22T15:15:17.575,3,3,3,0,0
86403.620868,2026-07-22T15:15:17.577,3,3,3,0,0
86403.623574,2026-07-22T15:15:17.580,3,3,3,0,0
86403.626247,2026-07-22T15:15:17.583,3,3,3,0,0
86403.628863,2026-07-22T15:15:17.585,3,3,3,0,0
86403.631380,2026-07-22T15:15:17.588,3,3,3,0,0
86403.633391,2026-07-22T15:15:17.590,3,3,3,0,0
86403.635725,2026-07-22T15:15:17.592,3,3,3,0,0
86403.638025,2026-07-22T15:15:17.594,3,3,3,0,0
86403.640347,2026-07-22T15:15:17.597,3,3,3,0,0
86403.642413,2026-07-22T15:15:17.599,3,3,3,0,0
86403.644434,2026-07-22T15:15:17.601,3,3,3,0,0
86403.646947,2026-07-22T15:15:17.603,3,3,3,0,0
86403.649380,2026-07-22T15:15:17.606,3,3,3,0,0
86403.651817,2026-07-22T15:15:17.608,3,3,3,0,0
86403.654368,2026-07-22T15:15:17.611,3,3,3,0,0
86403.656908,2026-07-22T15:15:17.613,3,3,3,0,0
86403.659464,2026-07-22T15:15:17.616,3,3,3,0,0
86403.661885,2026-07-22T15:15:17.618,3,3,3,0,0
86403.664358,2026-07-22T15:15:17.621,3,3,3,0,0
86403.666788,2026-07-22T15:15:17.623,3,3,3,0,0
86403.669281,2026-07-22T15:15:17.626,3,3,3,0,0
86403.671519,2026-07-22T15:15:17.628,3,3,3,0,0
86403.673966,2026-07-22T15:15:17.630,3,3,3,0,0
86403.676402,2026-07-22T15:15:17.633,3,3,3,0,0
86403.678918,2026-07-22T15:15:17.635,3,3,3,0,0
86403.681429,2026-07-22T15:15:17.638,3,3,3,0,0
86403.683440,2026-07-22T15:15:17.640,3,3,3,0,0
86403.685499,2026-07-22T15:15:17.642,3,3,3,0,0
86403.687758,2026-07-22T15:15:17.644,3,3,3,0,0
86403.690050,2026-07-22T15:15:17.646,3,3,3,0,0
86403.692330,2026-07-22T15:15:17.649,3,3,3,0,0
86403.694378,2026-07-22T15:15:17.651,3,3,3,0,0
86403.696875,2026-07-22T15:15:17.653,3,3,3,0,0
86403.699390,2026-07-22T15:15:17.656,3,3,3,0,0
86403.701878,2026-07-22T15:15:17.658,3,3,3,0,0
86403.704240,2026-07-22T15:15:17.661,3,3,3,0,0
86403.706662,2026-07-22T15:15:17.663,3,3,3,0,0
86403.709413,2026-07-22T15:15:17.666,3,3,3,0,0
86403.712043,2026-07-22T15:15:17.668,3,3,3,0,0
86403.714739,2026-07-22T15:15:17.671,3,3,3,0,0
86403.717327,2026-07-22T15:15:17.674,3,3,3,0,0
86403.719746,2026-07-22T15:15:17.676,3,3,3,0,0
86403.722407,2026-07-22T15:15:17.679,3,3,3,0,0
86403.724919,2026-07-22T15:15:17.681,3,3,3,0,0
86403.727120,2026-07-22T15:15:17.683,3,3,3,0,0
86403.729131,2026-07-22T15:15:17.686,3,3,3,0,0
86403.731177,2026-07-22T15:15:17.688,3,3,3,0,0
86403.733427,2026-07-22T15:15:17.690,3,3,3,0,0
86403.735887,2026-07-22T15:15:17.692,3,3,3,0,0
86403.738643,2026-07-22T15:15:17.695,3,3,3,0,0
86403.741205,2026-07-22T15:15:17.698,3,3,3,0,0
86403.743722,2026-07-22T15:15:17.700,3,3,3,0,0
86403.746068,2026-07-22T15:15:17.702,3,3,3,0,0
86403.748602,2026-07-22T15:15:17.705,3,3,3,0,0
86403.751374,2026-07-22T15:15:17.708,3,3,3,0,0
86403.753893,2026-07-22T15:15:17.710,3,3,3,0,0
86403.756537,2026-07-22T15:15:17.713,3,3,3,0,0
86403.759061,2026-07-22T15:15:17.715,3,3,3,0,0
86403.761691,2026-07-22T15:15:17.718,3,3,3,0,0
86403.764289,2026-07-22T15:15:17.721,3,3,3,0,0
86403.766330,2026-07-22T15:15:17.723,3,3,3,0,0
86403.768838,2026-07-22T15:15:17.725,3,3,3,0,0
86403.771365,2026-07-22T15:15:17.728,3,3,3,0,0
86403.773876,2026-07-22T15:15:17.730,3,3,3,0,0
86403.775901,2026-07-22T15:15:17.732,3,3,3,0,0
86403.778379,2026-07-22T15:15:17.735,3,3,3,0,0
86403.780619,2026-07-22T15:15:17.737,3,3,3,0,0
86403.782660,2026-07-22T15:15:17.739,3,3,3,0,0
86403.785188,2026-07-22T15:15:17.742,3,3,3,0,0
86403.787692,2026-07-22T15:15:17.744,3,3,3,0,0
86403.790350,2026-07-22T15:15:17.747,3,3,3,0,0
86403.792904,2026-07-22T15:15:17.749,3,3,3,0,0
86403.795696,2026-07-22T15:15:17.752,3,3,3,0,0
86403.798179,2026-07-22T15:15:17.755,3,3,3,0,0
86403.800648,2026-07-22T15:15:17.757,3,3,3,0,0
86403.803183,2026-07-22T15:15:17.760,3,3,3,0,0
86403.805699,2026-07-22T15:15:17.762,3,3,3,0,0
86403.808505,2026-07-22T15:15:17.765,3,3,3,0,0
86403.810538,2026-07-22T15:15:17.767,3,3,3,0,0
86403.813368,2026-07-22T15:15:17.770,3,3,3,0,0
86403.815884,2026-07-22T15:15:17.772,3,3,3,0,0
86403.818211,2026-07-22T15:15:17.775,3,3,3,0,0
86403.820749,2026-07-22T15:15:17.777,3,3,3,0,0
86403.823529,2026-07-22T15:15:17.780,3,3,3,0,0
86403.826048,2026-07-22T15:15:17.782,3,3,3,0,0
86403.828783,2026-07-22T15:15:17.785,3,3,3,0,0
86403.830807,2026-07-22T15:15:17.786,3,3,3,0,0
86403.833314,2026-07-22T15:15:17.790,3,3,3,0,0
86403.835365,2026-07-22T15:15:17.792,3,3,3,0,0
86403.837893,2026-07-22T15:15:17.794,3,3,3,0,0
86403.840412,2026-07-22T15:15:17.797,3,3,3,0,0
86403.843042,2026-07-22T15:15:17.799,3,3,3,0,0
86403.845686,2026-07-22T15:15:17.802,3,3,3,0,0
86403.848199,2026-07-22T15:15:17.805,3,3,3,0,0
86403.850806,2026-07-22T15:15:17.807,3,3,3,0,0
86403.853440,2026-07-22T15:15:17.810,3,3,3,0,0
86403.855477,2026-07-22T15:15:17.812,3,3,3,0,0
86403.858156,2026-07-22T15:15:17.814,3,3,3,0,0
86403.860671,2026-07-22T15:15:17.817,3,3,3,0,0
86403.863185,2026-07-22T15:15:17.820,3,3,3,0,0
86403.865715,2026-07-22T15:15:17.822,3,3,3,0,0
86403.868314,2026-07-22T15:15:17.825,3,3,3,0,0
86403.870829,2026-07-22T15:15:17.827,3,3,3,0,0
86403.872853,2026-07-22T15:15:17.829,3,3,3,0,0
86403.875435,2026-07-22T15:15:17.832,3,3,3,0,0
86403.877945,2026-07-22T15:15:17.834,3,3,3,0,0
86403.880404,2026-07-22T15:15:17.837,3,3,3,0,0
86403.882913,2026-07-22T15:15:17.839,3,3,3,0,0
86403.885422,2026-07-22T15:15:17.842,3,3,3,0,0
86403.887931,2026-07-22T15:15:17.844,3,3,3,0,0
86403.890569,2026-07-22T15:15:17.847,3,3,3,0,0
86403.893029,2026-07-22T15:15:17.849,3,3,3,0,0
86403.895207,2026-07-22T15:15:17.852,3,3,3,0,0
86403.897696,2026-07-22T15:15:17.854,3,3,3,0,0
86403.900189,2026-07-22T15:15:17.857,3,3,3,0,0
86403.902714,2026-07-22T15:15:17.859,3,3,3,0,0
86403.905230,2026-07-22T15:15:17.862,3,3,3,0,0
86403.908401,2026-07-22T15:15:17.865,3,3,3,0,0
86403.910922,2026-07-22T15:15:17.867,3,3,3,0,0
86403.912970,2026-07-22T15:15:17.869,3,3,3,0,0
86403.915010,2026-07-22T15:15:17.871,3,3,3,0,0
86403.917071,2026-07-22T15:15:17.873,3,3,3,0,0
86403.919133,2026-07-22T15:15:17.876,3,3,3,0,0
86403.921191,2026-07-22T15:15:17.878,3,3,3,0,0
86403.923231,2026-07-22T15:15:17.880,3,3,3,0,0
86403.925287,2026-07-22T15:15:17.882,3,3,3,0,0
86403.927326,2026-07-22T15:15:17.884,3,3,3,0,0
86403.929390,2026-07-22T15:15:17.886,3,3,3,0,0
86403.931443,2026-07-22T15:15:17.888,3,3,3,0,0
86403.933497,2026-07-22T15:15:17.890,3,3,3,0,0
86403.935553,2026-07-22T15:15:17.892,3,3,3,0,0
86403.937654,2026-07-22T15:15:17.894,3,3,3,0,0
86403.939705,2026-07-22T15:15:17.896,3,3,3,0,0
86403.942241,2026-07-22T15:15:17.899,3,3,3,0,0
86403.944770,2026-07-22T15:15:17.901,3,3,3,0,0
86403.946813,2026-07-22T15:15:17.903,3,3,3,0,0
86403.948880,2026-07-22T15:15:17.905,3,3,3,0,0
86403.951571,2026-07-22T15:15:17.908,3,3,3,0,0
86403.954023,2026-07-22T15:15:17.910,3,3,3,0,0
86403.956074,2026-07-22T15:15:17.912,3,3,3,0,0
86403.958370,2026-07-22T15:15:17.915,3,3,3,0,0
86403.960431,2026-07-22T15:15:17.917,3,3,3,0,0
86403.962939,2026-07-22T15:15:17.919,3,3,3,0,0
86403.964965,2026-07-22T15:15:17.921,3,3,3,0,0
86403.966998,2026-07-22T15:15:17.923,3,3,3,0,0
86403.969453,2026-07-22T15:15:17.926,3,3,3,0,0
86403.971995,2026-07-22T15:15:17.928,3,3,3,0,0
86403.974654,2026-07-22T15:15:17.931,3,3,3,0,0
86403.977172,2026-07-22T15:15:17.934,3,3,3,0,0
86403.979463,2026-07-22T15:15:17.935,3,3,3,0,0
86403.981619,2026-07-22T15:15:17.938,3,3,3,0,0
86403.983661,2026-07-22T15:15:17.940,3,3,3,0,0
86403.986144,2026-07-22T15:15:17.943,3,3,3,0,0
86403.988637,2026-07-22T15:15:17.945,3,3,3,0,0
86403.991143,2026-07-22T15:15:17.948,3,3,3,0,0
86403.993671,2026-07-22T15:15:17.950,3,3,3,0,0
86403.996173,2026-07-22T15:15:17.953,3,3,3,0,0
86403.998369,2026-07-22T15:15:17.955,3,3,3,0,0
86404.000884,2026-07-22T15:15:17.957,3,3,3,0,0
86404.003405,2026-07-22T15:15:17.960,3,3,3,0,0
86404.005923,2026-07-22T15:15:17.962,3,3,3,0,0
86404.008682,2026-07-22T15:15:17.965,3,3,3,0,0
86404.011337,2026-07-22T15:15:17.968,3,3,3,0,0
86404.013876,2026-07-22T15:15:17.970,3,3,3,0,0
86404.016248,2026-07-22T15:15:17.973,3,3,3,0,0
86404.018776,2026-07-22T15:15:17.975,3,3,3,0,0
86404.021274,2026-07-22T15:15:17.978,3,3,3,0,0
86404.023812,2026-07-22T15:15:17.980,3,3,3,0,0
86404.026272,2026-07-22T15:15:17.983,3,3,3,0,0
86404.028751,2026-07-22T15:15:17.985,3,3,3,0,0
86404.030791,2026-07-22T15:15:17.987,3,3,3,0,0
86404.033334,2026-07-22T15:15:17.990,3,3,3,0,0
86404.035863,2026-07-22T15:15:17.992,3,3,3,0,0
86404.038323,2026-07-22T15:15:17.995,3,3,3,0,0
86404.040853,2026-07-22T15:15:17.997,3,3,3,0,0
86404.043656,2026-07-22T15:15:18.000,3,3,3,0,0
86404.046511,2026-07-22T15:15:18.003,3,3,3,0,0
86404.049263,2026-07-22T15:15:18.006,3,3,3,0,0
86404.051705,2026-07-22T15:15:18.008,3,3,3,0,0
86404.054251,2026-07-22T15:15:18.011,3,3,3,0,75
86404.056902,2026-07-22T15:15:18.013,37,0,3,0,75
86404.059398,2026-07-22T15:15:18.016,37,0,3,0,75
86404.061944,2026-07-22T15:15:18.018,37,0,3,0,75
86404.064431,2026-07-22T15:15:18.021,37,0,3,0,75
86404.066952,2026-07-22T15:15:18.023,37,0,3,0,75
86404.069445,2026-07-22T15:15:18.026,37,0,3,0,75
86404.071955,2026-07-22T15:15:18.028,37,0,3,0,75
86404.074448,2026-07-22T15:15:18.031,37,0,3,0,75
86404.076964,2026-07-22T15:15:18.033,37,0,3,0,75
86404.079474,2026-07-22T15:15:18.036,37,0,3,0,75
86404.081714,2026-07-22T15:15:18.038,37,0,3,0,75
86404.084230,2026-07-22T15:15:18.041,37,0,3,0,75
86404.086726,2026-07-22T15:15:18.043,37,0,3,0,75
86404.089244,2026-07-22T15:15:18.046,37,0,3,0,75
86404.091743,2026-07-22T15:15:18.048,37,0,3,0,75
86404.094253,2026-07-22T15:15:18.051,37,0,3,0,75
86404.096756,2026-07-22T15:15:18.053,37,0,3,0,75
86404.099265,2026-07-22T15:15:18.056,37,0,3,0,75
86404.101775,2026-07-22T15:15:18.058,37,0,3,0,75
86404.104278,2026-07-22T15:15:18.061,37,0,3,0,75
86404.106442,2026-07-22T15:15:18.063,37,0,3,0,75
86404.108680,2026-07-22T15:15:18.065,37,0,3,0,75
86404.111195,2026-07-22T15:15:18.068,37,0,3,0,75
86404.113219,2026-07-22T15:15:18.070,37,0,3,0,75
86404.115848,2026-07-22T15:15:18.072,37,0,3,0,75
86404.117947,2026-07-22T15:15:18.074,37,0,3,0,75
86404.119981,2026-07-22T15:15:18.076,37,0,3,0,75
86404.121997,2026-07-22T15:15:18.078,37,0,3,0,75
86404.124051,2026-07-22T15:15:18.080,37,0,3,0,75
86404.126556,2026-07-22T15:15:18.083,37,0,3,0,75
86404.128586,2026-07-22T15:15:18.085,37,0,3,0,75
86404.130621,2026-07-22T15:15:18.087,37,0,3,0,75
86404.133159,2026-07-22T15:15:18.090,37,0,3,0,75
86404.135531,2026-07-22T15:15:18.092,37,0,3,0,75
86404.137566,2026-07-22T15:15:18.094,37,0,3,0,75
86404.139615,2026-07-22T15:15:18.096,37,0,3,0,75
86404.141650,2026-07-22T15:15:18.098,37,0,3,0,75
86404.144180,2026-07-22T15:15:18.101,37,0,3,0,75
86404.146269,2026-07-22T15:15:18.103,37,0,3,0,75
86404.148292,2026-07-22T15:15:18.105,37,0,3,0,75
86404.150811,2026-07-22T15:15:18.107,37,0,3,0,75
86404.153330,2026-07-22T15:15:18.110,37,0,3,0,75
86404.155924,2026-07-22T15:15:18.112,37,0,3,0,75
86404.158366,2026-07-22T15:15:18.115,37,0,3,0,75
86404.160856,2026-07-22T15:15:18.117,37,0,3,0,75
86404.163373,2026-07-22T15:15:18.120,37,0,3,0,75
86404.165870,2026-07-22T15:15:18.122,37,0,3,0,75
86404.168173,2026-07-22T15:15:18.125,37,0,3,0,75
86404.170704,2026-07-22T15:15:18.127,37,0,3,0,75
86404.172717,2026-07-22T15:15:18.129,37,0,3,0,75
86404.175236,2026-07-22T15:15:18.132,37,0,3,0,75
86404.177734,2026-07-22T15:15:18.134,37,0,3,0,75
86404.181211,2026-07-22T15:15:18.137,37,0,3,0,75
86404.183424,2026-07-22T15:15:18.140,37,0,3,0,75
86404.185974,2026-07-22T15:15:18.142,37,0,3,0,75
86404.188430,2026-07-22T15:15:18.145,37,0,3,0,75
86404.190768,2026-07-22T15:15:18.147,37,0,3,0,75
86404.193334,2026-07-22T15:15:18.150,37,0,3,0,75
86404.195839,2026-07-22T15:15:18.152,37,0,3,0,75
86404.198344,2026-07-22T15:15:18.155,37,0,3,0,75
86404.200860,2026-07-22T15:15:18.157,37,0,3,0,75
86404.203083,2026-07-22T15:15:18.159,37,0,3,0,75
86404.205301,2026-07-22T15:15:18.162,37,0,3,0,75
86404.207378,2026-07-22T15:15:18.164,37,0,3,0,75
86404.209642,2026-07-22T15:15:18.166,37,0,3,0,75
86404.212012,2026-07-22T15:15:18.168,37,0,3,0,75
86404.214599,2026-07-22T15:15:18.171,37,0,3,0,75
86404.217168,2026-07-22T15:15:18.173,37,0,3,0,75
86404.219631,2026-07-22T15:15:18.176,37,0,3,0,75
86404.221891,2026-07-22T15:15:18.178,37,0,3,0,75
86404.224091,2026-07-22T15:15:18.180,37,0,3,0,75
86404.226214,2026-07-22T15:15:18.183,37,0,3,0,75
86404.228453,2026-07-22T15:15:18.185,37,0,3,0,75
86404.230984,2026-07-22T15:15:18.187,37,0,3,0,75
86404.233050,2026-07-22T15:15:18.189,37,0,3,0,75
86404.235281,2026-07-22T15:15:18.192,37,0,3,0,75
86404.237780,2026-07-22T15:15:18.194,37,0,3,0,75
86404.240287,2026-07-22T15:15:18.197,37,0,3,0,75
86404.242790,2026-07-22T15:15:18.199,37,0,3,0,75
86404.244851,2026-07-22T15:15:18.201,37,0,3,0,75
86404.247138,2026-07-22T15:15:18.203,37,0,3,0,75
86404.249383,2026-07-22T15:15:18.206,37,0,3,0,75
86404.251891,2026-07-22T15:15:18.208,37,0,3,0,75
86404.254395,2026-07-22T15:15:18.211,37,0,3,0,75
86404.256899,2026-07-22T15:15:18.213,37,0,3,0,75
86404.259402,2026-07-22T15:15:18.216,37,0,3,0,75
86404.261906,2026-07-22T15:15:18.218,37,0,3,0,75
86404.264420,2026-07-22T15:15:18.221,37,0,3,0,75
86404.266909,2026-07-22T15:15:18.223,37,0,3,0,75
86404.269417,2026-07-22T15:15:18.226,37,0,3,0,75
86404.271917,2026-07-22T15:15:18.228,37,0,3,0,75
86404.273930,2026-07-22T15:15:18.230,37,0,3,0,75
86404.275963,2026-07-22T15:15:18.232,37,0,3,0,75
86404.278470,2026-07-22T15:15:18.235,37,0,3,0,75
86404.280829,2026-07-22T15:15:18.237,37,0,3,0,75
86404.282990,2026-07-22T15:15:18.239,37,0,3,0,75
86404.285014,2026-07-22T15:15:18.241,37,0,3,0,75
86404.287064,2026-07-22T15:15:18.243,37,0,3,0,75
86404.289442,2026-07-22T15:15:18.246,37,0,3,0,75
86404.291456,2026-07-22T15:15:18.248,37,0,3,0,75
86404.293972,2026-07-22T15:15:18.250,37,0,3,0,75
86404.296001,2026-07-22T15:15:18.252,37,0,3,0,75
86404.298651,2026-07-22T15:15:18.255,37,0,3,0,75
86404.300681,2026-07-22T15:15:18.257,37,2,3,0,4
86404.303127,2026-07-22T15:15:18.259,37,2,3,0,4
86404.305652,2026-07-22T15:15:18.262,37,2,3,0,4
86404.308176,2026-07-22T15:15:18.265,37,2,3,0,4
86404.310217,2026-07-22T15:15:18.267,37,2,3,0,4
86404.312775,2026-07-22T15:15:18.269,37,2,3,0,4
86404.315370,2026-07-22T15:15:18.272,37,2,3,0,4
86404.317796,2026-07-22T15:15:18.274,37,2,3,0,4
86404.319889,2026-07-22T15:15:18.276,37,2,3,0,4
86404.322217,2026-07-22T15:15:18.279,37,2,3,0,4
86404.324251,2026-07-22T15:15:18.281,37,2,3,0,4
86404.326882,2026-07-22T15:15:18.283,37,2,3,0,4
86404.329366,2026-07-22T15:15:18.286,37,2,3,0,4
86404.331667,2026-07-22T15:15:18.288,37,2,3,0,4
86404.334293,2026-07-22T15:15:18.291,37,2,3,0,4
86404.336326,2026-07-22T15:15:18.293,37,2,3,0,4
86404.338754,2026-07-22T15:15:18.295,37,2,3,0,4
86404.340775,2026-07-22T15:15:18.297,37,2,3,0,4
86404.343180,2026-07-22T15:15:18.300,37,2,3,0,4
86404.345703,2026-07-22T15:15:18.302,37,2,3,0,4
86404.347743,2026-07-22T15:15:18.304,37,2,3,0,4
86404.349763,2026-07-22T15:15:18.306,37,2,3,0,4
86404.351783,2026-07-22T15:15:18.308,37,2,3,0,4
86404.353807,2026-07-22T15:15:18.310,37,2,3,0,4
86404.356259,2026-07-22T15:15:18.313,37,2,3,0,4
86404.358311,2026-07-22T15:15:18.315,37,2,3,0,4
86404.360769,2026-07-22T15:15:18.317,37,2,3,0,4
86404.363283,2026-07-22T15:15:18.320,37,2,3,0,4
86404.365709,2026-07-22T15:15:18.322,37,2,3,0,4
86404.368258,2026-07-22T15:15:18.325,37,2,3,0,4
86404.370330,2026-07-22T15:15:18.327,37,2,3,0,4
86404.372849,2026-07-22T15:15:18.329,37,2,3,0,4
86404.374915,2026-07-22T15:15:18.331,37,2,3,0,4
86404.377438,2026-07-22T15:15:18.334,37,2,3,0,4
86404.380364,2026-07-22T15:15:18.337,37,2,3,0,4
86404.382881,2026-07-22T15:15:18.339,37,2,3,0,4
86404.385405,2026-07-22T15:15:18.342,37,2,3,0,4
86404.388182,2026-07-22T15:15:18.345,37,2,3,0,4
86404.390812,2026-07-22T15:15:18.347,37,2,3,0,4
86404.392865,2026-07-22T15:15:18.349,37,2,3,0,4
86404.395532,2026-07-22T15:15:18.352,37,2,3,0,4
86404.397571,2026-07-22T15:15:18.354,37,2,3,0,4
86404.400014,2026-07-22T15:15:18.356,37,2,3,0,4
86404.402533,2026-07-22T15:15:18.359,37,2,3,0,4
86404.405148,2026-07-22T15:15:18.362,37,2,3,0,4
86404.407671,2026-07-22T15:15:18.364,37,2,3,0,4
86404.409774,2026-07-22T15:15:18.366,37,2,3,0,4
86404.412279,2026-07-22T15:15:18.369,37,2,3,0,4
86404.414311,2026-07-22T15:15:18.371,37,2,3,0,4
86404.416983,2026-07-22T15:15:18.373,37,2,3,0,4
86404.419504,2026-07-22T15:15:18.376,37,2,3,0,4
86404.422041,2026-07-22T15:15:18.378,37,2,3,0,4
86404.424776,2026-07-22T15:15:18.381,37,2,3,0,4
86404.427484,2026-07-22T15:15:18.384,37,2,3,0,4
86404.429870,2026-07-22T15:15:18.386,37,2,3,0,4
86404.431889,2026-07-22T15:15:18.388,37,2,3,0,4
86404.433914,2026-07-22T15:15:18.390,37,2,3,0,4
86404.435960,2026-07-22T15:15:18.392,37,2,3,0,4
86404.438047,2026-07-22T15:15:18.394,37,2,3,0,4
86404.440421,2026-07-22T15:15:18.397,37,2,3,0,4
86404.442917,2026-07-22T15:15:18.399,37,2,3,0,4
86404.445653,2026-07-22T15:15:18.402,37,2,3,0,4
86404.448172,2026-07-22T15:15:18.405,37,2,3,0,4
86404.450489,2026-07-22T15:15:18.407,37,2,3,0,4
86404.453012,2026-07-22T15:15:18.409,37,2,3,0,4
86404.455626,2026-07-22T15:15:18.412,37,2,3,0,4
86404.458281,2026-07-22T15:15:18.415,37,2,3,0,4
86404.460525,2026-07-22T15:15:18.417,37,2,3,0,4
86404.463150,2026-07-22T15:15:18.420,37,2,3,0,4
86404.465659,2026-07-22T15:15:18.422,37,2,3,0,4
86404.468281,2026-07-22T15:15:18.425,37,2,3,0,4
86404.470802,2026-07-22T15:15:18.427,37,2,3,0,4
86404.473094,2026-07-22T15:15:18.429,37,2,3,0,4
86404.475608,2026-07-22T15:15:18.432,37,2,3,0,4
86404.477619,2026-07-22T15:15:18.434,37,2,3,0,4
86404.480140,2026-07-22T15:15:18.437,37,2,3,0,4
86404.482292,2026-07-22T15:15:18.439,37,2,3,0,4
86404.484302,2026-07-22T15:15:18.441,37,2,3,0,4
86404.486695,2026-07-22T15:15:18.443,37,2,3,0,4
86404.488945,2026-07-22T15:15:18.445,37,2,3,0,4
86404.491460,2026-07-22T15:15:18.448,37,2,3,0,4
86404.494167,2026-07-22T15:15:18.451,37,2,3,0,4
86404.496804,2026-07-22T15:15:18.453,37,2,3,0,4
86404.499515,2026-07-22T15:15:18.456,37,2,3,0,4
86404.502023,2026-07-22T15:15:18.458,37,2,3,0,4
86404.504484,2026-07-22T15:15:18.461,37,2,3,0,4
86404.506997,2026-07-22T15:15:18.463,37,2,3,0,4
86404.509504,2026-07-22T15:15:18.466,37,2,3,0,4
86404.512018,2026-07-22T15:15:18.468,37,2,3,0,4
86404.514515,2026-07-22T15:15:18.471,37,2,3,0,4
86404.516918,2026-07-22T15:15:18.473,37,2,3,0,4
86404.519401,2026-07-22T15:15:18.476,37,2,3,0,4
86404.521903,2026-07-22T15:15:18.478,37,2,3,0,4
86404.524183,2026-07-22T15:15:18.481,37,2,3,0,4
86404.526687,2026-07-22T15:15:18.483,37,2,3,0,4
86404.529120,2026-07-22T15:15:18.485,37,2,3,0,4
86404.531639,2026-07-22T15:15:18.488,37,2,3,0,4
86404.533861,2026-07-22T15:15:18.490,37,2,3,0,4
86404.536367,2026-07-22T15:15:18.493,37,2,3,0,4
86404.538942,2026-07-22T15:15:18.495,37,2,3,0,4
86404.541447,2026-07-22T15:15:18.498,37,2,3,0,4
86404.544139,2026-07-22T15:15:18.501,37,2,3,0,4
86404.546685,2026-07-22T15:15:18.503,37,2,3,0,4
86404.549192,2026-07-22T15:15:18.506,37,2,3,0,4
86404.551262,2026-07-22T15:15:18.508,37,2,3,0,4
86404.553764,2026-07-22T15:15:18.510,37,2,3,0,4
86404.555790,2026-07-22T15:15:18.512,37,2,3,0,4
86404.558300,2026-07-22T15:15:18.515,37,2,3,0,4
86404.560940,2026-07-22T15:15:18.517,37,2,3,0,4
86404.563465,2026-07-22T15:15:18.520,37,2,3,0,4
86404.565478,2026-07-22T15:15:18.522,37,2,3,0,4
86404.567926,2026-07-22T15:15:18.524,37,2,3,0,4
86404.570435,2026-07-22T15:15:18.527,37,2,3,0,4
86404.572954,2026-07-22T15:15:18.529,37,2,3,0,4
86404.575448,2026-07-22T15:15:18.532,37,2,3,0,4
86404.577822,2026-07-22T15:15:18.534,37,2,3,0,4
86404.581071,2026-07-22T15:15:18.537,37,2,3,0,4
86404.583131,2026-07-22T15:15:18.539,37,2,3,0,4
86404.585733,2026-07-22T15:15:18.542,37,2,3,0,4
86404.587818,2026-07-22T15:15:18.544,37,2,3,0,4
86404.590028,2026-07-22T15:15:18.546,37,2,3,0,4
86404.592533,2026-07-22T15:15:18.549,37,2,3,0,4
86404.595009,2026-07-22T15:15:18.551,37,2,3,0,4
86404.597519,2026-07-22T15:15:18.554,37,2,3,0,4
86404.600183,2026-07-22T15:15:18.557,37,2,3,0,4
86404.602626,2026-07-22T15:15:18.559,37,2,3,0,4
86404.604660,2026-07-22T15:15:18.561,37,2,3,0,4
86404.607124,2026-07-22T15:15:18.563,37,2,3,0,4
86404.609171,2026-07-22T15:15:18.566,37,2,3,0,4
86404.611555,2026-07-22T15:15:18.568,37,2,3,0,4
86404.614079,2026-07-22T15:15:18.570,37,2,3,0,4
86404.616702,2026-07-22T15:15:18.573,37,2,3,0,4
86404.619198,2026-07-22T15:15:18.576,37,2,3,0,4
86404.621216,2026-07-22T15:15:18.578,37,2,3,0,4
86404.623672,2026-07-22T15:15:18.580,37,2,3,0,4
86404.625715,2026-07-22T15:15:18.582,37,2,3,0,4
86404.628210,2026-07-22T15:15:18.585,37,2,3,0,4
86404.630829,2026-07-22T15:15:18.587,37,2,3,0,4
86404.633477,2026-07-22T15:15:18.590,37,2,3,0,4
86404.635999,2026-07-22T15:15:18.592,4,0,3,0,6
86404.638329,2026-07-22T15:15:18.595,4,0,3,0,6
86404.640894,2026-07-22T15:15:18.597,4,0,3,0,6
86404.643191,2026-07-22T15:15:18.600,4,0,3,0,6
86404.645567,2026-07-22T15:15:18.602,4,0,3,0,6
86404.648463,2026-07-22T15:15:18.604,4,0,3,0,6
86404.650581,2026-07-22T15:15:18.607,4,0,3,0,6
86404.652610,2026-07-22T15:15:18.609,4,0,3,0,6
86404.654622,2026-07-22T15:15:18.611,4,0,3,0,6
86404.656671,2026-07-22T15:15:18.613,4,0,3,0,6
86404.659197,2026-07-22T15:15:18.616,4,0,3,0,6
86404.661241,2026-07-22T15:15:18.618,4,0,3,0,6
86404.663273,2026-07-22T15:15:18.620,4,0,3,0,6
86404.665315,2026-07-22T15:15:18.622,4,0,3,0,6
86404.667357,2026-07-22T15:15:18.624,4,0,3,0,6
86404.669404,2026-07-22T15:15:18.626,4,0,3,0,6
86404.671489,2026-07-22T15:15:18.628,4,0,3,0,6
86404.673968,2026-07-22T15:15:18.630,4,0,3,0,6
86404.676015,2026-07-22T15:15:18.632,4,0,3,0,6
86404.678091,2026-07-22T15:15:18.634,4,0,3,0,6
86404.680105,2026-07-22T15:15:18.635,4,0,3,0,6
86404.682208,2026-07-22T15:15:18.639,4,0,3,0,6
86404.684242,2026-07-22T15:15:18.641,4,0,3,0,6
86404.686307,2026-07-22T15:15:18.643,4,0,3,0,6
86404.688353,2026-07-22T15:15:18.645,4,0,3,0,6
86404.690420,2026-07-22T15:15:18.647,4,0,3,0,6
86404.692470,2026-07-22T15:15:18.649,4,0,3,0,6
86404.694523,2026-07-22T15:15:18.651,4,0,3,0,6
86404.696581,2026-07-22T15:15:18.653,4,0,3,0,6
86404.699225,2026-07-22T15:15:18.656,4,0,3,0,6
86404.701875,2026-07-22T15:15:18.658,4,0,3,0,6
86404.704470,2026-07-22T15:15:18.661,4,0,3,0,6
86404.707163,2026-07-22T15:15:18.664,4,0,3,0,6
86404.709663,2026-07-22T15:15:18.666,4,0,3,0,6
86404.712343,2026-07-22T15:15:18.669,4,0,3,0,6
86404.715118,2026-07-22T15:15:18.671,4,0,3,0,6
86404.717717,2026-07-22T15:15:18.674,4,0,3,0,6
86404.720240,2026-07-22T15:15:18.677,4,0,3,0,6
86404.722924,2026-07-22T15:15:18.679,4,0,3,0,6
86404.725497,2026-07-22T15:15:18.682,4,0,3,0,6
86404.727983,2026-07-22T15:15:18.684,4,0,3,0,6
86404.730345,2026-07-22T15:15:18.687,4,0,3,0,6
86404.732996,2026-07-22T15:15:18.689,4,0,3,0,6
86404.735213,2026-07-22T15:15:18.692,4,0,3,0,6
86404.737255,2026-07-22T15:15:18.694,4,0,3,0,6
86404.739772,2026-07-22T15:15:18.696,4,0,3,0,6
86404.741809,2026-07-22T15:15:18.698,4,0,3,0,6
86404.744201,2026-07-22T15:15:18.701,4,0,3,0,6
86404.746822,2026-07-22T15:15:18.703,4,0,3,0,6
86404.749445,2026-07-22T15:15:18.706,4,0,3,0,6
86404.752010,2026-07-22T15:15:18.708,4,0,3,0,6
86404.754730,2026-07-22T15:15:18.711,4,0,3,0,6
86404.757290,2026-07-22T15:15:18.714,4,0,3,0,6
86404.759777,2026-07-22T15:15:18.716,4,0,3,0,6
86404.762287,2026-07-22T15:15:18.719,4,0,3,0,6
86404.765027,2026-07-22T15:15:18.721,4,0,3,0,6
86404.767708,2026-07-22T15:15:18.724,4,0,3,0,6
86404.770299,2026-07-22T15:15:18.727,4,0,3,0,6
86404.772827,2026-07-22T15:15:18.729,4,0,3,0,6
86404.775430,2026-07-22T15:15:18.732,4,0,3,0,6
86404.777968,2026-07-22T15:15:18.734,4,0,3,0,6
86404.780682,2026-07-22T15:15:18.736,4,0,3,0,6
86404.782848,2026-07-22T15:15:18.739,4,0,3,0,6
86404.785295,2026-07-22T15:15:18.742,4,0,3,0,6
86404.787837,2026-07-22T15:15:18.744,4,0,3,0,6
86404.790534,2026-07-22T15:15:18.747,4,0,3,0,6
86404.793128,2026-07-22T15:15:18.749,4,0,3,0,6
86404.795274,2026-07-22T15:15:18.751,4,0,3,0,6
86404.797895,2026-07-22T15:15:18.754,4,0,3,0,6
86404.800428,2026-07-22T15:15:18.757,4,0,3,0,6
86404.802472,2026-07-22T15:15:18.759,4,0,3,0,6
86404.805139,2026-07-22T15:15:18.762,4,0,3,0,6
86404.807765,2026-07-22T15:15:18.764,4,0,3,0,6
86404.810236,2026-07-22T15:15:18.767,4,0,3,0,6
86404.812843,2026-07-22T15:15:18.769,4,0,3,0,6
86404.815307,2026-07-22T15:15:18.772,4,0,3,0,6
86404.817702,2026-07-22T15:15:18.774,4,0,3,0,6
86404.820176,2026-07-22T15:15:18.777,4,0,3,0,6
86404.822681,2026-07-22T15:15:18.779,4,0,3,0,6
86404.825163,2026-07-22T15:15:18.782,4,0,3,0,6
86404.827757,2026-07-22T15:15:18.784,4,0,3,0,6
86404.829956,2026-07-22T15:15:18.786,4,0,3,0,6
86404.832697,2026-07-22T15:15:18.789,4,0,3,0,6
86404.835349,2026-07-22T15:15:18.792,4,0,3,0,6
86404.837836,2026-07-22T15:15:18.794,4,0,3,0,6
86404.840439,2026-07-22T15:15:18.797,4,0,3,0,6
86404.842983,2026-07-22T15:15:18.799,4,0,3,0,6
86404.845380,2026-07-22T15:15:18.802,4,0,3,0,6
86404.848013,2026-07-22T15:15:18.804,4,0,3,0,6
86404.850217,2026-07-22T15:15:18.807,4,0,3,0,6
86404.852646,2026-07-22T15:15:18.809,4,0,3,0,6
86404.855187,2026-07-22T15:15:18.812,4,0,3,0,6
86404.857965,2026-07-22T15:15:18.814,4,0,3,0,6
86404.860675,2026-07-22T15:15:18.817,4,0,3,0,6
86404.863250,2026-07-22T15:15:18.820,4,0,3,0,6
86404.865329,2026-07-22T15:15:18.822,4,0,3,0,6
86404.867973,2026-07-22T15:15:18.824,4,0,3,0,6
86404.870537,2026-07-22T15:15:18.827,4,0,3,0,6
86404.873055,2026-07-22T15:15:18.829,4,0,3,0,6
86404.875539,2026-07-22T15:15:18.832,4,0,3,0,6
86404.878305,2026-07-22T15:15:18.835,4,0,3,0,0
86404.881924,2026-07-22T15:15:18.838,3,3,3,0,0
86404.884418,2026-07-22T15:15:18.841,3,3,3,0,0
86404.886869,2026-07-22T15:15:18.843,3,3,3,0,0
86404.889355,2026-07-22T15:15:18.846,3,3,3,0,0
86404.891885,2026-07-22T15:15:18.848,3,3,3,0,0
86404.894559,2026-07-22T15:15:18.851,3,3,3,0,0
86404.896883,2026-07-22T15:15:18.853,3,3,3,0,0
86404.899568,2026-07-22T15:15:18.856,3,3,3,0,0
86404.902013,2026-07-22T15:15:18.858,3,3,3,0,0
86404.904446,2026-07-22T15:15:18.861,3,3,3,0,0
86404.907105,2026-07-22T15:15:18.863,3,3,3,0,0
86404.909501,2026-07-22T15:15:18.866,3,3,3,0,0
86404.911959,2026-07-22T15:15:18.868,3,3,3,0,0
86404.914422,2026-07-22T15:15:18.871,3,3,3,0,0
86404.916842,2026-07-22T15:15:18.873,3,3,3,0,0
86404.919544,2026-07-22T15:15:18.876,3,3,3,0,0
86404.922296,2026-07-22T15:15:18.879,3,3,3,0,0
86404.924983,2026-07-22T15:15:18.881,3,3,3,0,0
86404.927554,2026-07-22T15:15:18.884,3,3,3,0,0
86404.930006,2026-07-22T15:15:18.886,3,3,3,0,0
86404.932681,2026-07-22T15:15:18.889,3,3,3,0,0
86404.935204,2026-07-22T15:15:18.892,3,3,3,0,0
86404.937807,2026-07-22T15:15:18.894,3,3,3,0,0
86404.940425,2026-07-22T15:15:18.897,3,3,3,0,0
86404.943145,2026-07-22T15:15:18.900,3,3,3,0,0
86404.945647,2026-07-22T15:15:18.902,3,3,3,0,0
86404.948308,2026-07-22T15:15:18.905,3,3,3,0,0
86404.950971,2026-07-22T15:15:18.907,3,3,3,0,0
86404.953507,2026-07-22T15:15:18.910,3,3,3,0,0
86404.955817,2026-07-22T15:15:18.912,3,3,3,0,0
86404.958277,2026-07-22T15:15:18.915,3,3,3,0,0
86404.960891,2026-07-22T15:15:18.917,3,3,3,0,0
86404.963453,2026-07-22T15:15:18.920,3,3,3,0,0
86404.965903,2026-07-22T15:15:18.922,3,3,3,0,0
86404.968317,2026-07-22T15:15:18.925,3,3,3,0,0
86404.970747,2026-07-22T15:15:18.927,3,3,3,0,0
86404.973259,2026-07-22T15:15:18.930,3,3,3,0,0
86404.975739,2026-07-22T15:15:18.932,3,3,3,0,0
86404.978192,2026-07-22T15:15:18.935,3,3,3,0,0
86404.980734,2026-07-22T15:15:18.937,3,3,3,0,0
86404.983334,2026-07-22T15:15:18.940,3,3,3,0,0
86404.985921,2026-07-22T15:15:18.942,3,3,3,0,0
86404.988692,2026-07-22T15:15:18.945,3,3,3,0,0
86404.991191,2026-07-22T15:15:18.948,3,3,3,0,0
86404.993678,2026-07-22T15:15:18.950,3,3,3,0,0
86404.996139,2026-07-22T15:15:18.953,3,3,3,0,0
86404.998596,2026-07-22T15:15:18.955,3,3,3,0,0
86405.001215,2026-07-22T15:15:18.958,3,3,3,0,0
86405.003452,2026-07-22T15:15:18.960,3,3,3,0,0
86405.005935,2026-07-22T15:15:18.962,3,3,3,0,0
86405.008394,2026-07-22T15:15:18.965,3,3,3,0,0
86405.010936,2026-07-22T15:15:18.967,3,3,3,0,0
86405.013380,2026-07-22T15:15:18.970,3,3,3,0,0
86405.015756,2026-07-22T15:15:18.972,3,3,3,0,0
86405.018173,2026-07-22T15:15:18.975,3,3,3,0,0
86405.020662,2026-07-22T15:15:18.977,3,3,3,0,0
86405.023132,2026-07-22T15:15:18.980,3,3,3,0,0
86405.025524,2026-07-22T15:15:18.982,3,3,3,0,0
86405.027987,2026-07-22T15:15:18.984,3,3,3,0,0
86405.030504,2026-07-22T15:15:18.987,3,3,3,0,0
86405.033158,2026-07-22T15:15:18.989,3,3,3,0,0
86405.035906,2026-07-22T15:15:18.992,3,3,3,0,0
86405.038567,2026-07-22T15:15:18.995,3,3,3,0,0
86405.041106,2026-07-22T15:15:18.997,3,3,3,0,0
86405.043813,2026-07-22T15:15:19.000,3,3,3,0,0
86405.046196,2026-07-22T15:15:19.003,3,3,3,0,0
86405.048785,2026-07-22T15:15:19.005,3,3,3,0,0
86405.051231,2026-07-22T15:15:19.007,3,3,3,0,0
86405.053325,2026-07-22T15:15:19.010,3,3,3,0,0
86405.055705,2026-07-22T15:15:19.012,3,3,3,0,0
86405.058121,2026-07-22T15:15:19.014,3,3,3,0,0
86405.060624,2026-07-22T15:15:19.017,3,3,3,0,0
86405.063102,2026-07-22T15:15:19.019,3,3,3,0,0
86405.065496,2026-07-22T15:15:19.022,3,3,3,0,0
86405.068007,2026-07-22T15:15:19.024,3,3,3,0,0
86405.070458,2026-07-22T15:15:19.027,3,3,3,0,0
86405.072982,2026-07-22T15:15:19.029,3,3,3,0,0
86405.075454,2026-07-22T15:15:19.032,3,3,3,0,0
86405.077867,2026-07-22T15:15:19.034,3,3,3,0,0
86405.080463,2026-07-22T15:15:19.037,3,3,3,0,0
86405.082910,2026-07-22T15:15:19.039,3,3,3,0,0
86405.085350,2026-07-22T15:15:19.042,3,3,3,0,0
86405.087788,2026-07-22T15:15:19.044,3,3,3,0,0
86405.090445,2026-07-22T15:15:19.047,3,3,3,0,0
86405.093240,2026-07-22T15:15:19.050,3,3,3,0,0
86405.096008,2026-07-22T15:15:19.052,3,3,3,0,0
86405.098547,2026-07-22T15:15:19.055,3,3,3,0,0
86405.101031,2026-07-22T15:15:19.057,3,3,3,0,0
86405.103543,2026-07-22T15:15:19.060,3,3,3,0,0
86405.105971,2026-07-22T15:15:19.062,3,3,3,0,0
86405.108715,2026-07-22T15:15:19.065,3,3,3,0,0
86405.111496,2026-07-22T15:15:19.068,3,3,3,0,0
86405.114075,2026-07-22T15:15:19.070,3,3,3,0,0
86405.116529,2026-07-22T15:15:19.073,3,3,3,0,0
86405.118992,2026-07-22T15:15:19.075,3,3,3,0,0
86405.121463,2026-07-22T15:15:19.078,3,3,3,0,0
86405.124067,2026-07-22T15:15:19.080,3,3,3,0,0
86405.126663,2026-07-22T15:15:19.083,3,3,3,0,0
86405.129213,2026-07-22T15:15:19.086,3,3,3,0,0
86405.131444,2026-07-22T15:15:19.088,3,3,3,0,0
86405.133712,2026-07-22T15:15:19.090,3,3,3,0,0
86405.136142,2026-07-22T15:15:19.093,3,3,3,0,0
86405.138326,2026-07-22T15:15:19.095,3,3,3,0,0
86405.140833,2026-07-22T15:15:19.097,3,3,3,0,0
86405.143171,2026-07-22T15:15:19.100,3,3,3,0,0
86405.145957,2026-07-22T15:15:19.102,3,3,3,0,0
86405.148480,2026-07-22T15:15:19.105,3,3,3,0,0
86405.150493,2026-07-22T15:15:19.107,3,3,3,0,0
86405.153137,2026-07-22T15:15:19.110,3,3,3,0,0
86405.155451,2026-07-22T15:15:19.112,3,3,3,0,0
86405.157948,2026-07-22T15:15:19.114,3,3,3,0,0
86405.160622,2026-07-22T15:15:19.117,3,3,3,0,0
86405.163119,2026-07-22T15:15:19.119,3,3,3,0,0
86405.165828,2026-07-22T15:15:19.122,3,3,3,0,0
86405.168309,2026-07-22T15:15:19.125,3,3,3,0,0
86405.170740,2026-07-22T15:15:19.127,3,3,3,0,0
86405.173282,2026-07-22T15:15:19.130,3,3,3,0,0
86405.175991,2026-07-22T15:15:19.132,3,3,3,0,0
86405.178678,2026-07-22T15:15:19.135,3,3,3,0,0
86405.181133,2026-07-22T15:15:19.138,3,3,3,0,0
86405.183483,2026-07-22T15:15:19.140,3,3,3,0,0
86405.185585,2026-07-22T15:15:19.142,3,3,3,0,0
86405.188281,2026-07-22T15:15:19.145,3,3,3,0,0
86405.190867,2026-07-22T15:15:19.147,3,3,3,0,0
86405.193477,2026-07-22T15:15:19.150,3,3,3,0,0
86405.196262,2026-07-22T15:15:19.153,3,3,3,0,0
86405.198781,2026-07-22T15:15:19.155,3,3,3,0,0
86405.201263,2026-07-22T15:15:19.158,3,3,3,0,0
86405.203666,2026-07-22T15:15:19.160,3,3,3,0,0
86405.206197,2026-07-22T15:15:19.163,3,3,3,0,0
86405.208765,2026-07-22T15:15:19.165,3,3,3,0,0
86405.211337,2026-07-22T15:15:19.168,3,3,3,0,0
86405.213751,2026-07-22T15:15:19.170,3,3,3,0,0
86405.216326,2026-07-22T15:15:19.173,3,3,3,0,0
86405.218740,2026-07-22T15:15:19.175,3,3,3,0,0
86405.221392,2026-07-22T15:15:19.178,3,3,3,0,0
86405.223819,2026-07-22T15:15:19.180,3,3,3,0,0
86405.226435,2026-07-22T15:15:19.183,3,3,3,0,0
86405.229153,2026-07-22T15:15:19.186,3,3,3,0,0
86405.231683,2026-07-22T15:15:19.188,3,3,3,0,0
86405.234069,2026-07-22T15:15:19.190,3,3,3,0,0
86405.236073,2026-07-22T15:15:19.192,3,3,3,0,0
86405.238574,2026-07-22T15:15:19.195,3,3,3,0,0
86405.241150,2026-07-22T15:15:19.198,3,3,3,0,0
86405.243555,2026-07-22T15:15:19.200,3,3,3,0,0
86405.246061,2026-07-22T15:15:19.202,3,3,3,0,0
86405.248633,2026-07-22T15:15:19.205,3,3,3,0,0
86405.251408,2026-07-22T15:15:19.208,3,3,3,0,0
86405.254031,2026-07-22T15:15:19.210,3,3,3,0,0
86405.256750,2026-07-22T15:15:19.213,3,3,3,0,0
86405.259411,2026-07-22T15:15:19.216,3,3,3,0,0
86405.261953,2026-07-22T15:15:19.218,3,3,3,0,0
86405.264555,2026-07-22T15:15:19.221,3,3,3,0,0
86405.267342,2026-07-22T15:15:19.224,3,3,3,0,0
86405.269952,2026-07-22T15:15:19.226,3,3,3,0,0
86405.272685,2026-07-22T15:15:19.229,3,3,3,0,0
86405.274723,2026-07-22T15:15:19.231,3,3,3,0,0
86405.277320,2026-07-22T15:15:19.234,3,3,3,0,0
86405.279771,2026-07-22T15:15:19.236,3,3,3,0,0
86405.282154,2026-07-22T15:15:19.239,3,3,3,0,0
86405.284200,2026-07-22T15:15:19.241,3,3,3,0,0
86405.286731,2026-07-22T15:15:19.243,3,3,3,0,0
86405.289261,2026-07-22T15:15:19.246,3,3,3,0,0
86405.291645,2026-07-22T15:15:19.248,3,3,3,0,0
86405.294343,2026-07-22T15:15:19.251,3,3,3,0,0
86405.297172,2026-07-22T15:15:19.254,3,3,3,0,0
86405.299497,2026-07-22T15:15:19.256,3,3,3,0,0
86405.302009,2026-07-22T15:15:19.258,3,3,3,0,0
86405.304495,2026-07-22T15:15:19.261,3,3,3,0,0
86405.306982,2026-07-22T15:15:19.263,3,3,3,0,0
86405.309114,2026-07-22T15:15:19.265,3,3,3,0,0
86405.311612,2026-07-22T15:15:19.268,3,3,3,0,0
86405.314126,2026-07-22T15:15:19.270,3,3,3,0,0
86405.316469,2026-07-22T15:15:19.273,3,3,3,0,0
86405.318981,2026-07-22T15:15:19.275,3,3,3,0,0
86405.321408,2026-07-22T15:15:19.278,3,3,3,0,0
86405.323975,2026-07-22T15:15:19.280,3,3,3,0,0
86405.326432,2026-07-22T15:15:19.283,3,3,3,0,0
86405.328886,2026-07-22T15:15:19.285,3,3,3,0,0
86405.331406,2026-07-22T15:15:19.288,3,3,3,0,0
86405.334149,2026-07-22T15:15:19.291,3,3,3,0,0
86405.336815,2026-07-22T15:15:19.293,3,3,3,0,0
86405.338851,2026-07-22T15:15:19.295,3,3,3,0,0
86405.341425,2026-07-22T15:15:19.298,3,3,3,0,0
86405.344167,2026-07-22T15:15:19.301,3,3,3,0,0
86405.346504,2026-07-22T15:15:19.303,3,3,3,0,0
86405.348815,2026-07-22T15:15:19.305,3,3,3,0,0
86405.351371,2026-07-22T15:15:19.308,3,3,3,0,0
86405.354172,2026-07-22T15:15:19.311,3,3,3,0,0
86405.356657,2026-07-22T15:15:19.313,3,3,3,0,0
86405.358702,2026-07-22T15:15:19.315,3,3,3,0,0
86405.361199,2026-07-22T15:15:19.318,3,3,3,0,0
86405.363670,2026-07-22T15:15:19.320,3,3,3,0,0
86405.366096,2026-07-22T15:15:19.322,3,3,3,0,0
86405.368512,2026-07-22T15:15:19.325,3,3,3,0,0
86405.370972,2026-07-22T15:15:19.327,3,3,3,0,0
86405.373478,2026-07-22T15:15:19.330,3,3,3,0,0
86405.375941,2026-07-22T15:15:19.332,3,3,3,0,0
86405.378592,2026-07-22T15:15:19.335,3,3,3,0,0
86405.381202,2026-07-22T15:15:19.338,3,3,3,0,0
86405.383417,2026-07-22T15:15:19.340,3,3,3,0,0
86405.385705,2026-07-22T15:15:19.342,3,3,3,0,0
86405.387785,2026-07-22T15:15:19.344,3,3,3,0,0
86405.390390,2026-07-22T15:15:19.347,3,3,3,0,0
86405.392448,2026-07-22T15:15:19.349,3,3,3,0,0
86405.395170,2026-07-22T15:15:19.352,3,3,3,0,0
86405.397707,2026-07-22T15:15:19.354,3,3,3,0,0
86405.400506,2026-07-22T15:15:19.357,3,3,3,0,0
86405.403031,2026-07-22T15:15:19.359,3,3,3,0,0
86405.405710,2026-07-22T15:15:19.362,3,3,3,0,0
86405.408246,2026-07-22T15:15:19.365,3,3,3,0,0
86405.410775,2026-07-22T15:15:19.367,3,3,3,0,0
86405.413288,2026-07-22T15:15:19.370,3,3,3,0,0
86405.415819,2026-07-22T15:15:19.372,3,3,3,0,0
86405.418410,2026-07-22T15:15:19.375,3,3,3,0,0
86405.420963,2026-07-22T15:15:19.377,3,3,3,0,0
86405.423276,2026-07-22T15:15:19.380,3,3,3,0,0
86405.425798,2026-07-22T15:15:19.382,3,3,3,0,0
86405.428307,2026-07-22T15:15:19.385,3,3,3,0,0
86405.430807,2026-07-22T15:15:19.387,3,3,3,0,0
86405.433428,2026-07-22T15:15:19.390,3,3,3,0,0
86405.435986,2026-07-22T15:15:19.392,3,3,3,0,0
86405.438101,2026-07-22T15:15:19.394,3,3,3,0,0
86405.440327,2026-07-22T15:15:19.397,3,3,3,0,0
86405.442729,2026-07-22T15:15:19.399,3,3,3,0,0
86405.445348,2026-07-22T15:15:19.402,3,3,3,0,0
86405.447892,2026-07-22T15:15:19.404,3,3,3,0,0
86405.450218,2026-07-22T15:15:19.407,3,3,3,0,0
86405.452390,2026-07-22T15:15:19.409,3,3,3,0,0
86405.454793,2026-07-22T15:15:19.411,3,3,3,0,0
86405.457402,2026-07-22T15:15:19.414,3,3,3,0,0
86405.459929,2026-07-22T15:15:19.416,3,3,3,0,0
86405.462446,2026-07-22T15:15:19.419,3,3,3,0,0
86405.464984,2026-07-22T15:15:19.421,3,3,3,0,0
86405.467572,2026-07-22T15:15:19.424,3,3,3,0,0
86405.470135,2026-07-22T15:15:19.426,3,3,3,0,0
86405.472423,2026-07-22T15:15:19.429,3,3,3,0,0
86405.474952,2026-07-22T15:15:19.431,3,3,3,0,0
86405.477481,2026-07-22T15:15:19.434,3,3,3,0,0
86405.480148,2026-07-22T15:15:19.437,3,3,3,0,0
86405.482699,2026-07-22T15:15:19.439,3,3,3,0,0
86405.485215,2026-07-22T15:15:19.442,3,3,3,0,0
86405.487741,2026-07-22T15:15:19.444,3,3,3,0,0
86405.490249,2026-07-22T15:15:19.447,3,3,3,0,0
86405.492782,2026-07-22T15:15:19.449,3,3,3,0,0
86405.495380,2026-07-22T15:15:19.452,3,3,3,0,0
86405.497843,2026-07-22T15:15:19.454,3,3,3,0,0
86405.500299,2026-07-22T15:15:19.457,3,3,3,0,0
86405.502762,2026-07-22T15:15:19.459,3,3,3,0,0
86405.505277,2026-07-22T15:15:19.462,3,3,3,0,0
86405.507784,2026-07-22T15:15:19.464,3,3,3,0,0
86405.510301,2026-07-22T15:15:19.467,3,3,3,0,0
86405.512717,2026-07-22T15:15:19.469,3,3,3,0,0
86405.515233,2026-07-22T15:15:19.472,3,3,3,0,0
86405.517720,2026-07-22T15:15:19.474,3,3,3,0,0
86405.520425,2026-07-22T15:15:19.477,3,3,3,0,0
86405.522512,2026-07-22T15:15:19.479,3,3,3,0,0
86405.525154,2026-07-22T15:15:19.482,3,3,3,0,0
86405.527665,2026-07-22T15:15:19.484,3,3,3,0,0
86405.530169,2026-07-22T15:15:19.487,3,3,3,0,0
86405.532722,2026-07-22T15:15:19.489,3,3,3,0,0
86405.535383,2026-07-22T15:15:19.492,3,3,3,0,0
86405.537899,2026-07-22T15:15:19.494,3,3,3,0,0
86405.540582,2026-07-22T15:15:19.497,3,3,3,0,0
86405.543202,2026-07-22T15:15:19.500,3,3,3,0,0
86405.545708,2026-07-22T15:15:19.502,3,3,3,0,0
86405.547940,2026-07-22T15:15:19.504,3,3,3,0,0
86405.550455,2026-07-22T15:15:19.507,3,3,3,0,0
86405.552694,2026-07-22T15:15:19.509,3,3,3,0,0
86405.555203,2026-07-22T15:15:19.512,3,3,3,0,0
86405.557804,2026-07-22T15:15:19.514,3,3,3,0,0
86405.560310,2026-07-22T15:15:19.517,3,3,3,0,0
86405.563012,2026-07-22T15:15:19.519,3,3,3,0,0
86405.565621,2026-07-22T15:15:19.522,3,3,3,0,0
86405.567658,2026-07-22T15:15:19.524,3,3,3,0,0
86405.570151,2026-07-22T15:15:19.527,3,3,3,0,0
86405.572188,2026-07-22T15:15:19.529,3,3,3,0,0
86405.574220,2026-07-22T15:15:19.531,3,3,3,0,0
86405.576232,2026-07-22T15:15:19.533,3,3,3,0,0
86405.578268,2026-07-22T15:15:19.535,3,3,3,0,0
86405.580313,2026-07-22T15:15:19.537,3,3,3,0,0
86405.582825,2026-07-22T15:15:19.539,3,3,3,0,0
86405.585165,2026-07-22T15:15:19.542,3,3,3,0,0
86405.587727,2026-07-22T15:15:19.544,3,3,3,0,0
86405.589756,2026-07-22T15:15:19.546,3,3,3,0,0
86405.592276,2026-07-22T15:15:19.549,3,3,3,0,0
86405.594837,2026-07-22T15:15:19.551,3,3,3,0,0
86405.597301,2026-07-22T15:15:19.554,3,3,3,0,0
86405.599816,2026-07-22T15:15:19.556,3,3,3,0,0
86405.602383,2026-07-22T15:15:19.559,3,3,3,0,0
86405.604975,2026-07-22T15:15:19.561,3,3,3,0,0
86405.607069,2026-07-22T15:15:19.563,3,3,3,0,0
86405.609602,2026-07-22T15:15:19.566,3,3,3,0,0
86405.612136,2026-07-22T15:15:19.568,3,3,3,0,0
86405.614649,2026-07-22T15:15:19.571,3,3,3,0,0
86405.617179,2026-07-22T15:15:19.574,3,3,3,0,0
86405.619644,2026-07-22T15:15:19.576,3,3,3,0,0
86405.622169,2026-07-22T15:15:19.579,3,3,3,0,0
86405.624958,2026-07-22T15:15:19.581,3,3,3,0,0
86405.627782,2026-07-22T15:15:19.584,3,3,3,0,0
86405.630525,2026-07-22T15:15:19.587,3,3,3,0,0
86405.633156,2026-07-22T15:15:19.590,3,3,3,0,0
86405.635655,2026-07-22T15:15:19.592,3,3,3,0,0
86405.637932,2026-07-22T15:15:19.594,3,3,3,0,0
86405.640293,2026-07-22T15:15:19.597,3,3,3,0,0
86405.642307,2026-07-22T15:15:19.599,3,3,3,0,0
86405.644993,2026-07-22T15:15:19.601,3,3,3,0,0
86405.647344,2026-07-22T15:15:19.604,3,3,3,0,0
86405.649751,2026-07-22T15:15:19.606,3,3,3,0,0
86405.651798,2026-07-22T15:15:19.608,3,3,3,0,0
86405.653910,2026-07-22T15:15:19.610,3,3,3,0,0
86405.656436,2026-07-22T15:15:19.613,3,3,3,0,0
86405.659202,2026-07-22T15:15:19.616,3,3,3,0,0
86405.661722,2026-07-22T15:15:19.618,3,3,3,0,0
86405.664238,2026-07-22T15:15:19.621,3,3,3,0,0
86405.666735,2026-07-22T15:15:19.623,3,3,3,0,0
86405.669419,2026-07-22T15:15:19.626,3,3,3,0,0
86405.671823,2026-07-22T15:15:19.628,3,3,3,0,0
86405.673838,2026-07-22T15:15:19.630,3,3,3,0,0
86405.676648,2026-07-22T15:15:19.633,3,3,3,0,0
86405.679036,2026-07-22T15:15:19.635,3,3,3,0,0
86405.681590,2026-07-22T15:15:19.638,3,3,3,0,0
86405.685367,2026-07-22T15:15:19.641,3,3,3,0,0
86405.687881,2026-07-22T15:15:19.644,3,3,3,0,0
86405.690416,2026-07-22T15:15:19.647,3,3,3,0,0
86405.692779,2026-07-22T15:15:19.649,3,3,3,0,0
86405.695335,2026-07-22T15:15:19.652,3,3,3,0,0
86405.697361,2026-07-22T15:15:19.654,3,3,3,0,0
86405.700018,2026-07-22T15:15:19.656,3,3,3,0,0
86405.702051,2026-07-22T15:15:19.658,3,3,3,0,0
86405.704571,2026-07-22T15:15:19.661,3,3,3,0,0
86405.707095,2026-07-22T15:15:19.663,3,3,3,0,0
86405.709619,2026-07-22T15:15:19.666,3,3,3,0,0
86405.712128,2026-07-22T15:15:19.668,3,3,3,0,0
86405.714182,2026-07-22T15:15:19.671,3,3,3,0,0
86405.716773,2026-07-22T15:15:19.673,37,0,3,0,0
86405.719306,2026-07-22T15:15:19.676,37,0,3,0,0
86405.721855,2026-07-22T15:15:19.678,37,0,3,0,0
86405.724375,2026-07-22T15:15:19.681,37,0,3,0,0
86405.727145,2026-07-22T15:15:19.684,37,0,3,0,0
86405.729733,2026-07-22T15:15:19.686,37,0,3,0,0
86405.731766,2026-07-22T15:15:19.688,37,0,3,0,0
86405.733799,2026-07-22T15:15:19.690,37,0,3,0,0
86405.736320,2026-07-22T15:15:19.693,37,0,3,0,0
86405.738697,2026-07-22T15:15:19.695,37,0,3,0,0
86405.741204,2026-07-22T15:15:19.698,37,0,3,0,0
86405.743269,2026-07-22T15:15:19.700,37,0,3,0,0
86405.745780,2026-07-22T15:15:19.702,37,0,3,0,0
86405.748295,2026-07-22T15:15:19.705,37,0,3,0,0
86405.750791,2026-07-22T15:15:19.707,37,0,3,0,0
86405.753301,2026-07-22T15:15:19.710,37,0,3,0,0
86405.755807,2026-07-22T15:15:19.712,37,0,3,0,0
86405.758319,2026-07-22T15:15:19.715,37,0,3,0,0
86405.760818,2026-07-22T15:15:19.717,37,0,3,0,0
86405.762837,2026-07-22T15:15:19.719,37,0,3,0,0
86405.765346,2026-07-22T15:15:19.722,37,0,3,0,0
86405.767914,2026-07-22T15:15:19.724,37,0,3,0,0
86405.770000,2026-07-22T15:15:19.726,37,0,3,0,0
86405.772513,2026-07-22T15:15:19.729,37,0,3,0,0
86405.774550,2026-07-22T15:15:19.731,37,0,3,0,0
86405.777060,2026-07-22T15:15:19.733,37,0,3,0,0
86405.779733,2026-07-22T15:15:19.736,37,0,3,0,0
86405.782244,2026-07-22T15:15:19.739,37,0,3,0,0
86405.784452,2026-07-22T15:15:19.740,37,0,3,0,0
86405.786774,2026-07-22T15:15:19.743,37,0,3,0,0
86405.789299,2026-07-22T15:15:19.746,37,0,3,0,0
86405.791632,2026-07-22T15:15:19.748,37,0,3,0,0
86405.793670,2026-07-22T15:15:19.750,37,0,3,0,0
86405.795712,2026-07-22T15:15:19.752,37,0,3,0,0
86405.798238,2026-07-22T15:15:19.755,37,0,3,0,0
86405.800539,2026-07-22T15:15:19.757,37,0,3,0,0
86405.802578,2026-07-22T15:15:19.759,37,0,3,0,0
86405.804608,2026-07-22T15:15:19.761,37,0,3,0,0
86405.806630,2026-07-22T15:15:19.763,37,0,3,0,0
86405.808651,2026-07-22T15:15:19.765,37,0,3,0,0
86405.811310,2026-07-22T15:15:19.768,37,0,3,0,0
86405.813827,2026-07-22T15:15:19.770,37,0,3,0,0
86405.815867,2026-07-22T15:15:19.772,37,0,3,0,0
86405.818389,2026-07-22T15:15:19.775,37,0,3,0,0
86405.820429,2026-07-22T15:15:19.777,37,0,3,0,0
86405.822445,2026-07-22T15:15:19.779,37,0,3,0,0
86405.824475,2026-07-22T15:15:19.781,37,0,3,0,0
86405.826507,2026-07-22T15:15:19.783,37,0,3,0,0
86405.828549,2026-07-22T15:15:19.785,37,0,3,0,0
86405.831089,2026-07-22T15:15:19.787,37,0,3,0,0
86405.833276,2026-07-22T15:15:19.790,37,0,3,0,0
86405.835428,2026-07-22T15:15:19.792,37,0,3,0,0
86405.837942,2026-07-22T15:15:19.794,37,0,3,0,0
86405.840457,2026-07-22T15:15:19.797,37,0,3,0,0
86405.842970,2026-07-22T15:15:19.799,37,0,3,0,0
86405.845490,2026-07-22T15:15:19.802,37,0,3,0,0
86405.848001,2026-07-22T15:15:19.804,37,0,3,0,0
86405.850502,2026-07-22T15:15:19.807,37,0,3,0,0
86405.853019,2026-07-22T15:15:19.809,37,0,3,0,0
86405.855526,2026-07-22T15:15:19.812,37,0,3,0,0
86405.858032,2026-07-22T15:15:19.814,37,0,3,0,0
86405.860538,2026-07-22T15:15:19.817,37,0,3,0,0
86405.863093,2026-07-22T15:15:19.819,37,0,3,0,0
86405.865349,2026-07-22T15:15:19.822,37,0,3,0,0
86405.867866,2026-07-22T15:15:19.824,37,0,3,0,0
86405.870385,2026-07-22T15:15:19.827,37,0,3,0,0
86405.872578,2026-07-22T15:15:19.829,37,0,3,0,0
86405.874814,2026-07-22T15:15:19.831,37,0,3,0,0
86405.877071,2026-07-22T15:15:19.833,37,0,3,0,0
86405.879322,2026-07-22T15:15:19.836,37,0,3,0,0
86405.881840,2026-07-22T15:15:19.838,37,0,3,0,0
86405.883857,2026-07-22T15:15:19.840,37,0,3,0,0
86405.886374,2026-07-22T15:15:19.843,37,0,3,0,0
86405.888406,2026-07-22T15:15:19.845,37,0,3,0,0
86405.890440,2026-07-22T15:15:19.847,37,0,3,0,0
86405.892980,2026-07-22T15:15:19.849,37,0,3,0,0
86405.895632,2026-07-22T15:15:19.852,37,0,3,0,0
86405.898160,2026-07-22T15:15:19.855,37,0,3,0,0
86405.900433,2026-07-22T15:15:19.857,37,0,3,0,0
86405.902465,2026-07-22T15:15:19.859,37,0,3,0,0
86405.904477,2026-07-22T15:15:19.861,37,0,3,0,0
86405.907084,2026-07-22T15:15:19.863,37,0,3,0,0
86405.909525,2026-07-22T15:15:19.866,37,0,3,0,0
86405.912031,2026-07-22T15:15:19.868,37,0,3,0,0
86405.914079,2026-07-22T15:15:19.870,37,0,3,0,0
86405.916203,2026-07-22T15:15:19.873,37,0,3,0,0
86405.918419,2026-07-22T15:15:19.875,37,0,3,0,0
86405.920476,2026-07-22T15:15:19.877,37,0,3,0,0
86405.922502,2026-07-22T15:15:19.879,37,0,3,0,0
86405.924550,2026-07-22T15:15:19.881,37,0,3,0,0
86405.926587,2026-07-22T15:15:19.883,37,0,3,0,0
86405.928897,2026-07-22T15:15:19.885,37,0,3,0,0
86405.930938,2026-07-22T15:15:19.887,37,0,3,0,0
86405.932972,2026-07-22T15:15:19.889,37,0,3,0,0
86405.935017,2026-07-22T15:15:19.891,37,0,3,0,0
86405.937037,2026-07-22T15:15:19.893,37,0,3,0,0
86405.939549,2026-07-22T15:15:19.896,37,0,3,0,0
86405.942070,2026-07-22T15:15:19.898,37,0,3,0,0
86405.944516,2026-07-22T15:15:19.901,37,0,3,0,0
86405.946556,2026-07-22T15:15:19.903,37,0,3,0,0
86405.948576,2026-07-22T15:15:19.905,37,0,3,0,0
86405.950933,2026-07-22T15:15:19.907,37,0,3,0,0
86405.952952,2026-07-22T15:15:19.909,37,0,3,0,0
86405.955242,2026-07-22T15:15:19.912,37,0,3,0,0
86405.957617,2026-07-22T15:15:19.914,37,0,3,0,0
86405.959633,2026-07-22T15:15:19.916,37,0,3,0,5
86405.961657,2026-07-22T15:15:19.918,37,2,3,0,5
86405.964088,2026-07-22T15:15:19.920,37,2,3,0,5
86405.966629,2026-07-22T15:15:19.923,37,2,3,0,5
86405.969134,2026-07-22T15:15:19.926,37,2,3,0,5
86405.971621,2026-07-22T15:15:19.928,37,2,3,0,5
86405.974146,2026-07-22T15:15:19.931,37,2,3,0,5
86405.976421,2026-07-22T15:15:19.933,37,2,3,0,5
86405.979145,2026-07-22T15:15:19.936,37,2,3,0,5
86405.981167,2026-07-22T15:15:19.938,37,2,3,0,5
86405.983558,2026-07-22T15:15:19.940,37,2,3,0,5
86405.985584,2026-07-22T15:15:19.942,37,2,3,0,5
86405.988189,2026-07-22T15:15:19.944,37,2,3,0,5
86405.990608,2026-07-22T15:15:19.947,37,2,3,0,5
86405.993110,2026-07-22T15:15:19.949,37,2,3,0,5
86405.995157,2026-07-22T15:15:19.952,37,2,3,0,5
86405.997528,2026-07-22T15:15:19.954,37,2,3,0,5
86405.999542,2026-07-22T15:15:19.956,37,2,3,0,5
86406.002008,2026-07-22T15:15:19.958,37,2,3,0,5
86406.004153,2026-07-22T15:15:19.960,37,2,3,0,5
86406.006535,2026-07-22T15:15:19.963,37,2,3,0,5
86406.009063,2026-07-22T15:15:19.965,37,2,3,0,5
86406.011110,2026-07-22T15:15:19.967,37,2,3,0,5
86406.013355,2026-07-22T15:15:19.970,37,2,3,0,5
86406.015395,2026-07-22T15:15:19.972,37,2,3,0,5
86406.017899,2026-07-22T15:15:19.974,37,2,3,0,5
86406.020012,2026-07-22T15:15:19.976,37,2,3,0,5
86406.022584,2026-07-22T15:15:19.979,37,2,3,0,5
86406.024623,2026-07-22T15:15:19.981,37,2,3,0,5
86406.027106,2026-07-22T15:15:19.983,37,2,3,0,5
86406.029131,2026-07-22T15:15:19.985,37,2,3,0,5
86406.031639,2026-07-22T15:15:19.988,37,2,3,0,5
86406.034158,2026-07-22T15:15:19.991,37,2,3,0,5
86406.036176,2026-07-22T15:15:19.993,37,2,3,0,5
86406.038228,2026-07-22T15:15:19.995,37,2,3,0,5
86406.040280,2026-07-22T15:15:19.997,37,2,3,0,5
86406.042798,2026-07-22T15:15:19.999,37,2,3,0,5
86406.044828,2026-07-22T15:15:20.001,37,2,3,0,5
86406.046899,2026-07-22T15:15:20.003,37,2,3,0,5
86406.048957,2026-07-22T15:15:20.005,37,2,3,0,5
86406.051050,2026-07-22T15:15:20.007,37,2,3,0,5
86406.053549,2026-07-22T15:15:20.010,37,2,3,0,5
86406.056052,2026-07-22T15:15:20.012,37,2,3,0,5
86406.058569,2026-07-22T15:15:20.015,37,2,3,0,5
86406.061080,2026-07-22T15:15:20.017,37,2,3,0,5
86406.063594,2026-07-22T15:15:20.020,37,2,3,0,5
86406.066251,2026-07-22T15:15:20.023,37,2,3,0,5
86406.068461,2026-07-22T15:15:20.025,37,2,3,0,5
86406.070504,2026-07-22T15:15:20.027,37,2,3,0,5
86406.072917,2026-07-22T15:15:20.029,37,2,3,0,5
86406.075431,2026-07-22T15:15:20.032,37,2,3,0,5
86406.077926,2026-07-22T15:15:20.034,37,2,3,0,5
86406.080443,2026-07-22T15:15:20.037,37,2,3,0,5
86406.083226,2026-07-22T15:15:20.040,37,2,3,0,5
86406.085753,2026-07-22T15:15:20.042,37,2,3,0,5
86406.088457,2026-07-22T15:15:20.045,37,2,3,0,5
86406.090980,2026-07-22T15:15:20.047,37,2,3,0,5
86406.093559,2026-07-22T15:15:20.050,37,2,3,0,5
86406.096266,2026-07-22T15:15:20.053,37,2,3,0,5
86406.098777,2026-07-22T15:15:20.055,37,2,3,0,5
86406.101343,2026-07-22T15:15:20.058,37,2,3,0,5
86406.103373,2026-07-22T15:15:20.060,37,2,3,0,5
86406.105792,2026-07-22T15:15:20.062,37,2,3,0,5
86406.108306,2026-07-22T15:15:20.065,37,2,3,0,5
86406.110497,2026-07-22T15:15:20.067,37,2,3,0,5
86406.113064,2026-07-22T15:15:20.069,37,2,3,0,5
86406.115653,2026-07-22T15:15:20.072,37,2,3,0,5
86406.118254,2026-07-22T15:15:20.075,37,2,3,0,5
86406.120774,2026-07-22T15:15:20.077,37,2,3,0,5
86406.122936,2026-07-22T15:15:20.079,37,2,3,0,5
86406.125443,2026-07-22T15:15:20.082,37,2,3,0,5
86406.127642,2026-07-22T15:15:20.084,37,2,3,0,5
86406.129665,2026-07-22T15:15:20.086,37,2,3,0,5
86406.132173,2026-07-22T15:15:20.089,37,2,3,0,5
86406.134192,2026-07-22T15:15:20.091,37,2,3,0,5
86406.136230,2026-07-22T15:15:20.093,37,2,3,0,5
86406.139026,2026-07-22T15:15:20.095,37,2,3,0,5
86406.141560,2026-07-22T15:15:20.098,37,2,3,0,5
86406.144026,2026-07-22T15:15:20.100,37,2,3,0,5
86406.146548,2026-07-22T15:15:20.103,37,2,3,0,5
86406.148873,2026-07-22T15:15:20.105,37,2,3,0,5
86406.151296,2026-07-22T15:15:20.108,37,2,3,0,5
86406.153329,2026-07-22T15:15:20.110,37,2,3,0,5
86406.155339,2026-07-22T15:15:20.112,37,2,3,0,5
86406.157597,2026-07-22T15:15:20.114,37,2,3,0,5
86406.160138,2026-07-22T15:15:20.116,37,2,3,0,5
86406.162197,2026-07-22T15:15:20.119,37,2,3,0,5
86406.164226,2026-07-22T15:15:20.121,37,2,3,0,5
86406.166638,2026-07-22T15:15:20.123,37,2,3,0,5
86406.169158,2026-07-22T15:15:20.126,37,2,3,0,5
86406.171666,2026-07-22T15:15:20.128,37,2,3,0,5
86406.174188,2026-07-22T15:15:20.131,37,2,3,0,5
86406.176219,2026-07-22T15:15:20.133,37,2,3,0,5
86406.178642,2026-07-22T15:15:20.135,37,2,3,0,5
86406.181159,2026-07-22T15:15:20.138,37,2,3,0,5
86406.183776,2026-07-22T15:15:20.140,37,2,3,0,5
86406.186251,2026-07-22T15:15:20.142,37,2,3,0,5
86406.188288,2026-07-22T15:15:20.145,37,2,3,0,5
86406.190809,2026-07-22T15:15:20.147,37,2,3,0,5
86406.193305,2026-07-22T15:15:20.150,37,2,3,0,5
86406.195766,2026-07-22T15:15:20.152,37,2,3,0,5
86406.197809,2026-07-22T15:15:20.154,37,2,3,0,5
86406.200288,2026-07-22T15:15:20.157,37,2,3,0,5
86406.202815,2026-07-22T15:15:20.159,37,2,3,0,5
86406.205463,2026-07-22T15:15:20.162,37,2,3,0,5
86406.207970,2026-07-22T15:15:20.164,37,2,3,0,5
86406.210346,2026-07-22T15:15:20.167,37,2,3,0,5
86406.212765,2026-07-22T15:15:20.169,37,2,3,0,5
86406.214797,2026-07-22T15:15:20.171,37,2,3,0,5
86406.217251,2026-07-22T15:15:20.174,37,2,3,0,5
86406.219773,2026-07-22T15:15:20.176,37,2,3,0,5
86406.222439,2026-07-22T15:15:20.179,37,2,3,0,5
86406.224946,2026-07-22T15:15:20.181,37,2,3,0,5
86406.226976,2026-07-22T15:15:20.183,37,2,3,0,5
86406.229419,2026-07-22T15:15:20.186,37,2,3,0,5
86406.231460,2026-07-22T15:15:20.188,37,2,3,0,5
86406.233926,2026-07-22T15:15:20.190,37,2,3,0,5
86406.236458,2026-07-22T15:15:20.193,37,2,3,0,5
86406.239039,2026-07-22T15:15:20.195,37,2,3,0,5
86406.241449,2026-07-22T15:15:20.198,37,2,3,0,5
86406.243700,2026-07-22T15:15:20.200,37,2,3,0,5
86406.246304,2026-07-22T15:15:20.203,37,2,3,0,5
86406.248826,2026-07-22T15:15:20.205,37,2,3,0,5
86406.251021,2026-07-22T15:15:20.207,37,2,3,0,5
86406.253557,2026-07-22T15:15:20.210,37,2,3,0,5
86406.255880,2026-07-22T15:15:20.212,37,2,3,0,5
86406.258404,2026-07-22T15:15:20.215,37,2,3,0,5
86406.261239,2026-07-22T15:15:20.218,37,2,3,0,5
86406.263815,2026-07-22T15:15:20.220,37,2,3,0,5
86406.265852,2026-07-22T15:15:20.222,37,2,3,0,5
86406.268355,2026-07-22T15:15:20.225,37,2,3,0,5
86406.270431,2026-07-22T15:15:20.227,37,2,3,0,5
86406.273098,2026-07-22T15:15:20.229,37,2,3,0,5
86406.275143,2026-07-22T15:15:20.232,37,2,3,0,5
86406.277169,2026-07-22T15:15:20.234,37,2,3,0,5
86406.279630,2026-07-22T15:15:20.236,37,2,3,0,5
86406.281677,2026-07-22T15:15:20.238,37,2,3,0,5
86406.284248,2026-07-22T15:15:20.241,37,2,3,0,5
86406.286784,2026-07-22T15:15:20.243,37,2,3,0,5
86406.289570,2026-07-22T15:15:20.246,37,2,3,0,5
86406.292090,2026-07-22T15:15:20.248,37,2,3,0,5
86406.294748,2026-07-22T15:15:20.251,37,2,3,0,5
86406.297313,2026-07-22T15:15:20.254,4,0,3,0,6
86406.299830,2026-07-22T15:15:20.256,4,0,3,0,6
86406.302341,2026-07-22T15:15:20.259,4,0,3,0,6
86406.304754,2026-07-22T15:15:20.261,4,0,3,0,6
86406.307165,2026-07-22T15:15:20.264,4,0,3,0,6
86406.309738,2026-07-22T15:15:20.266,4,0,3,0,6
86406.312186,2026-07-22T15:15:20.269,4,0,3,0,6
86406.314573,2026-07-22T15:15:20.271,4,0,3,0,6
86406.316990,2026-07-22T15:15:20.273,4,0,3,0,6
86406.319496,2026-07-22T15:15:20.276,4,0,3,0,6
86406.322001,2026-07-22T15:15:20.278,4,0,3,0,6
86406.324124,2026-07-22T15:15:20.280,4,0,3,0,6
86406.326619,2026-07-22T15:15:20.283,4,0,3,0,6
86406.329104,2026-07-22T15:15:20.285,4,0,3,0,6
86406.331644,2026-07-22T15:15:20.288,4,0,3,0,6
86406.334342,2026-07-22T15:15:20.291,4,0,3,0,6
86406.336859,2026-07-22T15:15:20.293,4,0,3,0,6
86406.339376,2026-07-22T15:15:20.296,4,0,3,0,6
86406.341885,2026-07-22T15:15:20.298,4,0,3,0,6
86406.344070,2026-07-22T15:15:20.300,4,0,3,0,6
86406.346119,2026-07-22T15:15:20.302,4,0,3,0,6
86406.348640,2026-07-22T15:15:20.305,4,0,3,0,6
86406.351152,2026-07-22T15:15:20.308,4,0,3,0,6
86406.353650,2026-07-22T15:15:20.310,4,0,3,0,6
86406.355692,2026-07-22T15:15:20.312,4,0,3,0,6
86406.358190,2026-07-22T15:15:20.315,4,0,3,0,6
86406.360708,2026-07-22T15:15:20.317,4,0,3,0,6
86406.362737,2026-07-22T15:15:20.319,4,0,3,0,6
86406.364795,2026-07-22T15:15:20.321,4,0,3,0,6
86406.366837,2026-07-22T15:15:20.323,4,0,3,0,6
86406.368879,2026-07-22T15:15:20.325,4,0,3,0,6
86406.370934,2026-07-22T15:15:20.327,4,0,3,0,6
86406.372990,2026-07-22T15:15:20.329,4,0,3,0,6
86406.375027,2026-07-22T15:15:20.331,4,0,3,0,6
86406.377463,2026-07-22T15:15:20.334,4,0,3,0,6
86406.380018,2026-07-22T15:15:20.336,4,0,3,0,6
86406.382115,2026-07-22T15:15:20.338,4,0,3,0,6
86406.384153,2026-07-22T15:15:20.340,4,0,3,0,6
86406.386250,2026-07-22T15:15:20.343,4,0,3,0,6
86406.388921,2026-07-22T15:15:20.345,4,0,3,0,6
86406.391452,2026-07-22T15:15:20.348,4,0,3,0,6
86406.394089,2026-07-22T15:15:20.350,4,0,3,0,6
86406.396774,2026-07-22T15:15:20.353,4,0,3,0,6
86406.399297,2026-07-22T15:15:20.356,4,0,3,0,6
86406.401802,2026-07-22T15:15:20.358,4,0,3,0,6
86406.404290,2026-07-22T15:15:20.361,4,0,3,0,6
86406.406721,2026-07-22T15:15:20.363,4,0,3,0,6
86406.409108,2026-07-22T15:15:20.365,4,0,3,0,6
86406.411645,2026-07-22T15:15:20.368,4,0,3,0,6
86406.414097,2026-07-22T15:15:20.370,4,0,3,0,6
86406.416627,2026-07-22T15:15:20.373,4,0,3,0,6
86406.419188,2026-07-22T15:15:20.376,4,0,3,0,6
86406.421220,2026-07-22T15:15:20.378,4,0,3,0,6
86406.423598,2026-07-22T15:15:20.380,4,0,3,0,6
86406.426149,2026-07-22T15:15:20.383,4,0,3,0,6
86406.428714,2026-07-22T15:15:20.385,4,0,3,0,6
86406.431152,2026-07-22T15:15:20.388,4,0,3,0,6
86406.433597,2026-07-22T15:15:20.390,4,0,3,0,6
86406.435768,2026-07-22T15:15:20.392,4,0,3,0,6
86406.438449,2026-07-22T15:15:20.395,4,0,3,0,6
86406.440962,2026-07-22T15:15:20.397,4,0,3,0,6
86406.443728,2026-07-22T15:15:20.400,4,0,3,0,6
86406.446368,2026-07-22T15:15:20.403,4,0,3,0,6
86406.448941,2026-07-22T15:15:20.405,4,0,3,0,6
86406.451421,2026-07-22T15:15:20.408,4,0,3,0,6
86406.453772,2026-07-22T15:15:20.410,4,0,3,0,6
86406.456343,2026-07-22T15:15:20.413,4,0,3,0,6
86406.459136,2026-07-22T15:15:20.416,4,0,3,0,6
86406.461657,2026-07-22T15:15:20.418,4,0,3,0,6
86406.464408,2026-07-22T15:15:20.421,4,0,3,0,6
86406.466978,2026-07-22T15:15:20.423,4,0,3,0,6
86406.469477,2026-07-22T15:15:20.426,4,0,3,0,6
86406.471938,2026-07-22T15:15:20.428,4,0,3,0,6
86406.474446,2026-07-22T15:15:20.431,4,0,3,0,6
86406.476962,2026-07-22T15:15:20.433,4,0,3,0,6
86406.479583,2026-07-22T15:15:20.436,4,0,3,0,6
86406.482093,2026-07-22T15:15:20.438,4,0,3,0,6
86406.484820,2026-07-22T15:15:20.441,4,0,3,0,6
86406.487630,2026-07-22T15:15:20.444,4,0,3,0,6
86406.490562,2026-07-22T15:15:20.447,4,0,3,0,6
86406.493045,2026-07-22T15:15:20.449,4,0,3,0,6
86406.495618,2026-07-22T15:15:20.452,4,0,3,0,6
86406.497627,2026-07-22T15:15:20.454,4,0,3,0,6
86406.499993,2026-07-22T15:15:20.456,4,0,3,0,6
86406.502511,2026-07-22T15:15:20.459,4,0,3,0,6
86406.504593,2026-07-22T15:15:20.461,4,0,3,0,6
86406.507113,2026-07-22T15:15:20.463,4,0,3,0,6
86406.509628,2026-07-22T15:15:20.466,4,0,3,0,6
86406.511637,2026-07-22T15:15:20.468,4,0,3,0,6
86406.514106,2026-07-22T15:15:20.470,4,0,3,0,6
86406.516553,2026-07-22T15:15:20.473,4,0,3,0,6
86406.518563,2026-07-22T15:15:20.475,4,0,3,0,6
86406.521109,2026-07-22T15:15:20.477,4,0,3,0,6
86406.523617,2026-07-22T15:15:20.480,4,0,3,0,6
86406.525906,2026-07-22T15:15:20.482,4,0,3,0,6
86406.527931,2026-07-22T15:15:20.484,4,0,3,0,6
86406.530122,2026-07-22T15:15:20.486,4,0,3,0,6
86406.532770,2026-07-22T15:15:20.489,4,0,3,0,6
86406.535051,2026-07-22T15:15:20.491,4,0,3,0,6
86406.537630,2026-07-22T15:15:20.494,4,0,3,0,6
86406.539958,2026-07-22T15:15:20.496,4,0,3,0,6
86406.542750,2026-07-22T15:15:20.499,3,3,3,0,0
86406.545284,2026-07-22T15:15:20.502,3,3,3,0,0
86406.547625,2026-07-22T15:15:20.504,3,3,3,0,0
86406.550011,2026-07-22T15:15:20.506,3,3,3,0,0
86406.552136,2026-07-22T15:15:20.508,3,3,3,0,0
86406.554459,2026-07-22T15:15:20.511,3,3,3,0,0
86406.557018,2026-07-22T15:15:20.513,3,3,3,0,0
86406.559032,2026-07-22T15:15:20.515,3,3,3,0,0
86406.561551,2026-07-22T15:15:20.518,3,3,3,0,0
86406.563999,2026-07-22T15:15:20.520,3,3,3,0,0
86406.566528,2026-07-22T15:15:20.523,3,3,3,0,0
86406.569263,2026-07-22T15:15:20.526,3,3,3,0,0
86406.572148,2026-07-22T15:15:20.528,3,3,3,0,0
86406.574547,2026-07-22T15:15:20.531,3,3,3,0,0
86406.577167,2026-07-22T15:15:20.534,3,3,3,0,0
86406.579677,2026-07-22T15:15:20.536,3,3,3,0,0
86406.582238,2026-07-22T15:15:20.539,3,3,3,0,0
86406.584859,2026-07-22T15:15:20.541,3,3,3,0,0
86406.587174,2026-07-22T15:15:20.544,3,3,3,0,0
86406.589401,2026-07-22T15:15:20.546,3,3,3,0,0
86406.592009,2026-07-22T15:15:20.548,3,3,3,0,0
86406.594591,2026-07-22T15:15:20.551,3,3,3,0,0
86406.597149,2026-07-22T15:15:20.554,3,3,3,0,0
86406.599472,2026-07-22T15:15:20.556,3,3,3,0,0
86406.602010,2026-07-22T15:15:20.558,3,3,3,0,0
86406.604609,2026-07-22T15:15:20.561,3,3,3,0,0
86406.607098,2026-07-22T15:15:20.563,3,3,3,0,0
86406.609508,2026-07-22T15:15:20.566,3,3,3,0,0
86406.611999,2026-07-22T15:15:20.568,3,3,3,0,0
86406.614500,2026-07-22T15:15:20.571,3,3,3,0,0
86406.616996,2026-07-22T15:15:20.573,3,3,3,0,0
86406.619529,2026-07-22T15:15:20.576,3,3,3,0,0
86406.622037,2026-07-22T15:15:20.578,3,3,3,0,0
86406.624563,2026-07-22T15:15:20.581,3,3,3,0,0
86406.626992,2026-07-22T15:15:20.583,3,3,3,0,0
86406.629611,2026-07-22T15:15:20.586,3,3,3,0,0
86406.632380,2026-07-22T15:15:20.589,3,3,3,0,0
86406.634718,2026-07-22T15:15:20.591,3,3,3,0,0
86406.637302,2026-07-22T15:15:20.594,3,3,3,0,0
86406.639833,2026-07-22T15:15:20.596,3,3,3,0,0
86406.642330,2026-07-22T15:15:20.599,3,3,3,0,0
86406.644770,2026-07-22T15:15:20.601,3,3,3,0,0
86406.647275,2026-07-22T15:15:20.604,3,3,3,0,0
86406.649776,2026-07-22T15:15:20.606,3,3,3,0,0
86406.652257,2026-07-22T15:15:20.609,3,3,3,0,0
86406.654933,2026-07-22T15:15:20.611,3,3,3,0,0
86406.657468,2026-07-22T15:15:20.614,3,3,3,0,0
86406.659958,2026-07-22T15:15:20.616,3,3,3,0,0
86406.662521,2026-07-22T15:15:20.619,3,3,3,0,0
86406.664970,2026-07-22T15:15:20.621,3,3,3,0,0
86406.667481,2026-07-22T15:15:20.624,3,3,3,0,0
86406.670077,2026-07-22T15:15:20.626,3,3,3,0,0
86406.672761,2026-07-22T15:15:20.629,3,3,3,0,0
86406.675291,2026-07-22T15:15:20.632,3,3,3,0,0
86406.677698,2026-07-22T15:15:20.634,3,3,3,0,0
86406.680291,2026-07-22T15:15:20.637,3,3,3,0,0
86406.682642,2026-07-22T15:15:20.639,3,3,3,0,0
86406.685041,2026-07-22T15:15:20.641,3,3,3,0,0
86406.687775,2026-07-22T15:15:20.644,3,3,3,0,0
86406.690419,2026-07-22T15:15:20.647,3,3,3,0,0
86406.693077,2026-07-22T15:15:20.649,3,3,3,0,0
86406.695645,2026-07-22T15:15:20.652,3,3,3,0,0
86406.698230,2026-07-22T15:15:20.655,3,3,3,0,0
86406.700795,2026-07-22T15:15:20.657,3,3,3,0,0
86406.703330,2026-07-22T15:15:20.660,3,3,3,0,0
86406.705740,2026-07-22T15:15:20.662,3,3,3,0,0
86406.708186,2026-07-22T15:15:20.665,3,3,3,0,0
86406.710861,2026-07-22T15:15:20.667,3,3,3,0,0
86406.713568,2026-07-22T15:15:20.670,3,3,3,0,0
86406.716279,2026-07-22T15:15:20.673,3,3,3,0,0
86406.718770,2026-07-22T15:15:20.675,3,3,3,0,0
86406.721314,2026-07-22T15:15:20.678,3,3,3,0,0
86406.723806,2026-07-22T15:15:20.680,3,3,3,0,0
86406.726505,2026-07-22T15:15:20.683,3,3,3,0,0
86406.729092,2026-07-22T15:15:20.685,3,3,3,0,0
86406.731619,2026-07-22T15:15:20.688,3,3,3,0,0
86406.734169,2026-07-22T15:15:20.691,3,3,3,0,0
86406.736928,2026-07-22T15:15:20.693,3,3,3,0,0
86406.739584,2026-07-22T15:15:20.696,3,3,3,0,0
86406.742161,2026-07-22T15:15:20.698,3,3,3,0,0
86406.744923,2026-07-22T15:15:20.701,3,3,3,0,0
86406.747034,2026-07-22T15:15:20.703,3,3,3,0,0
86406.749691,2026-07-22T15:15:20.706,3,3,3,0,0
86406.752483,2026-07-22T15:15:20.709,3,3,3,0,0
86406.755255,2026-07-22T15:15:20.712,3,3,3,0,0
86406.757963,2026-07-22T15:15:20.714,3,3,3,0,0
86406.760741,2026-07-22T15:15:20.717,3,3,3,0,0
86406.763431,2026-07-22T15:15:20.720,3,3,3,0,0
86406.765964,2026-07-22T15:15:20.722,3,3,3,0,0
86406.768553,2026-07-22T15:15:20.725,3,3,3,0,0
86406.771152,2026-07-22T15:15:20.728,3,3,3,0,0
86406.773851,2026-07-22T15:15:20.730,3,3,3,0,0
86406.776369,2026-07-22T15:15:20.733,3,3,3,0,0
86406.778982,2026-07-22T15:15:20.735,3,3,3,0,0
86406.781597,2026-07-22T15:15:20.738,3,3,3,0,0
86406.783936,2026-07-22T15:15:20.740,3,3,3,0,0
86406.786748,2026-07-22T15:15:20.743,3,3,3,0,0
86406.789352,2026-07-22T15:15:20.746,3,3,3,0,0
86406.792088,2026-07-22T15:15:20.748,3,3,3,0,0
86406.794221,2026-07-22T15:15:20.751,3,3,3,0,0
86406.796786,2026-07-22T15:15:20.753,3,3,3,0,0
86406.799448,2026-07-22T15:15:20.756,3,3,3,0,0
86406.802276,2026-07-22T15:15:20.759,3,3,3,0,0
86406.804873,2026-07-22T15:15:20.761,3,3,3,0,0
86406.807672,2026-07-22T15:15:20.764,3,3,3,0,0
86406.810124,2026-07-22T15:15:20.766,3,3,3,0,0
86406.812155,2026-07-22T15:15:20.769,3,3,3,0,0
86406.814191,2026-07-22T15:15:20.771,3,3,3,0,0
86406.816584,2026-07-22T15:15:20.773,3,3,3,0,0
86406.819392,2026-07-22T15:15:20.776,3,3,3,0,0
86406.822176,2026-07-22T15:15:20.779,3,3,3,0,0
86406.824968,2026-07-22T15:15:20.781,3,3,3,0,0
86406.827580,2026-07-22T15:15:20.784,3,3,3,0,0
86406.830180,2026-07-22T15:15:20.787,3,3,3,0,0
86406.832784,2026-07-22T15:15:20.789,3,3,3,0,0
86406.835251,2026-07-22T15:15:20.792,3,3,3,0,0
86406.837393,2026-07-22T15:15:20.794,3,3,3,0,0
86406.839899,2026-07-22T15:15:20.796,3,3,3,0,0
86406.842532,2026-07-22T15:15:20.799,3,3,3,0,0
86406.845016,2026-07-22T15:15:20.801,3,3,3,0,0
86406.847461,2026-07-22T15:15:20.804,3,3,3,0,0
86406.849812,2026-07-22T15:15:20.806,3,3,3,0,0
86406.852437,2026-07-22T15:15:20.809,3,3,3,0,0
86406.854939,2026-07-22T15:15:20.811,3,3,3,0,0
86406.857700,2026-07-22T15:15:20.814,3,3,3,0,0
86406.860104,2026-07-22T15:15:20.816,3,3,3,0,0
86406.862692,2026-07-22T15:15:20.819,3,3,3,0,0
86406.865106,2026-07-22T15:15:20.821,3,3,3,0,0
86406.867734,2026-07-22T15:15:20.824,3,3,3,0,0
86406.870308,2026-07-22T15:15:20.827,3,3,3,0,0
86406.872979,2026-07-22T15:15:20.829,3,3,3,0,0
86406.875495,2026-07-22T15:15:20.832,3,3,3,0,0
86406.878034,2026-07-22T15:15:20.834,3,3,3,0,0
86406.880591,2026-07-22T15:15:20.837,3,3,3,0,0
86406.883195,2026-07-22T15:15:20.840,3,3,3,0,0
86406.885763,2026-07-22T15:15:20.842,3,3,3,0,0
86406.888100,2026-07-22T15:15:20.844,3,3,3,0,0
86406.890262,2026-07-22T15:15:20.847,3,3,3,0,0
86406.892779,2026-07-22T15:15:20.849,3,3,3,0,0
86406.895299,2026-07-22T15:15:20.852,3,3,3,0,0
86406.897818,2026-07-22T15:15:20.854,3,3,3,0,0
86406.900328,2026-07-22T15:15:20.857,3,3,3,0,0
86406.902353,2026-07-22T15:15:20.859,3,3,3,0,0
86406.904807,2026-07-22T15:15:20.861,3,3,3,0,0
86406.907299,2026-07-22T15:15:20.864,3,3,3,0,0
86406.909708,2026-07-22T15:15:20.866,3,3,3,0,0
86406.912227,2026-07-22T15:15:20.869,3,3,3,0,0
86406.914763,2026-07-22T15:15:20.871,3,3,3,0,0
86406.917536,2026-07-22T15:15:20.874,3,3,3,0,0
86406.920012,2026-07-22T15:15:20.876,3,3,3,0,0
86406.922659,2026-07-22T15:15:20.879,3,3,3,0,0
86406.925279,2026-07-22T15:15:20.882,3,3,3,0,0
86406.927960,2026-07-22T15:15:20.884,3,3,3,0,0
86406.930595,2026-07-22T15:15:20.887,3,3,3,0,0
86406.933223,2026-07-22T15:15:20.890,3,3,3,0,0
86406.935333,2026-07-22T15:15:20.892,3,3,3,0,0
86406.938063,2026-07-22T15:15:20.894,3,3,3,0,0
86406.940155,2026-07-22T15:15:20.897,3,3,3,0,0
86406.942829,2026-07-22T15:15:20.899,3,3,3,0,0
86406.945564,2026-07-22T15:15:20.902,3,3,3,0,0
86406.947612,2026-07-22T15:15:20.904,3,3,3,0,0
86406.950386,2026-07-22T15:15:20.907,3,3,3,0,0
86406.952970,2026-07-22T15:15:20.909,3,3,3,0,0
86406.955553,2026-07-22T15:15:20.912,3,3,3,0,0
86406.958007,2026-07-22T15:15:20.914,3,3,3,0,0
86406.960134,2026-07-22T15:15:20.916,3,3,3,0,0
86406.962317,2026-07-22T15:15:20.919,3,3,3,0,0
86406.964957,2026-07-22T15:15:20.921,3,3,3,0,0
86406.967503,2026-07-22T15:15:20.924,3,3,3,0,0
86406.970108,2026-07-22T15:15:20.926,3,3,3,0,0
86406.972747,2026-07-22T15:15:20.929,3,3,3,0,0
86406.975258,2026-07-22T15:15:20.932,3,3,3,0,0
86406.977853,2026-07-22T15:15:20.934,3,3,3,0,0
86406.980253,2026-07-22T15:15:20.937,3,3,3,0,0
86406.982763,2026-07-22T15:15:20.939,3,3,3,0,0
86406.985425,2026-07-22T15:15:20.942,3,3,3,0,0
86406.988231,2026-07-22T15:15:20.945,3,3,3,0,0
86406.990792,2026-07-22T15:15:20.947,3,3,3,0,0
86406.992802,2026-07-22T15:15:20.949,3,3,3,0,0
86406.995102,2026-07-22T15:15:20.951,3,3,3,0,0
86406.997531,2026-07-22T15:15:20.954,3,3,3,0,0
86406.999932,2026-07-22T15:15:20.956,3,3,3,0,0
86407.002432,2026-07-22T15:15:20.959,3,3,3,0,0
86407.004969,2026-07-22T15:15:20.961,3,3,3,0,0
86407.007380,2026-07-22T15:15:20.964,3,3,3,0,0
86407.010076,2026-07-22T15:15:20.966,3,3,3,0,0
86407.012277,2026-07-22T15:15:20.969,3,3,3,0,0
86407.014865,2026-07-22T15:15:20.971,3,3,3,0,0
86407.017372,2026-07-22T15:15:20.974,3,3,3,0,0
86407.019960,2026-07-22T15:15:20.976,3,3,3,0,0
86407.022606,2026-07-22T15:15:20.979,3,3,3,0,0
86407.025174,2026-07-22T15:15:20.981,3,3,3,0,0
86407.027803,2026-07-22T15:15:20.984,3,3,3,0,0
86407.030413,2026-07-22T15:15:20.987,3,3,3,0,0
86407.033111,2026-07-22T15:15:20.989,3,3,3,0,0
86407.035674,2026-07-22T15:15:20.992,3,3,3,0,0
86407.038042,2026-07-22T15:15:20.994,3,3,3,0,0
86407.040173,2026-07-22T15:15:20.997,3,3,3,0,0
86407.042648,2026-07-22T15:15:20.999,3,3,3,0,0
86407.045174,2026-07-22T15:15:21.002,3,3,3,0,0
86407.047590,2026-07-22T15:15:21.004,3,3,3,0,0
86407.049805,2026-07-22T15:15:21.006,3,3,3,0,0
86407.052344,2026-07-22T15:15:21.009,3,3,3,0,0
86407.054855,2026-07-22T15:15:21.011,3,3,3,0,0
86407.057424,2026-07-22T15:15:21.014,3,3,3,0,0
86407.059602,2026-07-22T15:15:21.016,3,3,3,0,0
86407.061953,2026-07-22T15:15:21.018,3,3,3,0,0
86407.064604,2026-07-22T15:15:21.021,3,3,3,0,0
86407.066629,2026-07-22T15:15:21.023,3,3,3,0,0
86407.068664,2026-07-22T15:15:21.025,3,3,3,0,0
86407.071327,2026-07-22T15:15:21.028,3,3,3,0,0
86407.073869,2026-07-22T15:15:21.030,3,3,3,0,0
86407.076471,2026-07-22T15:15:21.033,3,3,3,0,0
86407.078827,2026-07-22T15:15:21.035,3,3,3,0,0
86407.080918,2026-07-22T15:15:21.037,3,3,3,0,0
86407.083573,2026-07-22T15:15:21.040,3,3,3,0,0
86407.087053,2026-07-22T15:15:21.042,3,3,3,0,0
86407.089100,2026-07-22T15:15:21.045,3,3,3,0,0
86407.091150,2026-07-22T15:15:21.047,3,3,3,0,0
86407.093680,2026-07-22T15:15:21.050,3,3,3,0,0
86407.096188,2026-07-22T15:15:21.053,3,3,3,0,0
86407.098703,2026-07-22T15:15:21.055,3,3,3,0,0
86407.100725,2026-07-22T15:15:21.057,3,3,3,0,0
86407.102762,2026-07-22T15:15:21.059,3,3,3,0,0
86407.105306,2026-07-22T15:15:21.062,3,3,3,0,0
86407.107817,2026-07-22T15:15:21.064,3,3,3,0,0
86407.110375,2026-07-22T15:15:21.067,3,3,3,0,0
86407.112532,2026-07-22T15:15:21.069,3,3,3,0,0
86407.115054,2026-07-22T15:15:21.071,3,3,3,0,0
86407.117555,2026-07-22T15:15:21.074,3,3,3,0,0
86407.120086,2026-07-22T15:15:21.076,3,3,3,0,0
86407.122606,2026-07-22T15:15:21.079,3,3,3,0,0
86407.125149,2026-07-22T15:15:21.082,3,3,3,0,0
86407.127789,2026-07-22T15:15:21.084,3,3,3,0,0
86407.130329,2026-07-22T15:15:21.087,3,3,3,0,0
86407.132666,2026-07-22T15:15:21.089,3,3,3,0,0
86407.135348,2026-07-22T15:15:21.092,3,3,3,0,0
86407.137471,2026-07-22T15:15:21.094,3,3,3,0,0
86407.139789,2026-07-22T15:15:21.096,3,3,3,0,0
86407.142310,2026-07-22T15:15:21.099,3,3,3,0,0
86407.144537,2026-07-22T15:15:21.101,3,3,3,0,0
86407.146822,2026-07-22T15:15:21.103,3,3,3,0,0
86407.149116,2026-07-22T15:15:21.105,3,3,3,0,0
86407.151632,2026-07-22T15:15:21.108,3,3,3,0,0
86407.154212,2026-07-22T15:15:21.111,3,3,3,0,0
86407.156779,2026-07-22T15:15:21.113,3,3,3,0,0
86407.158821,2026-07-22T15:15:21.115,3,3,3,0,0
86407.161613,2026-07-22T15:15:21.118,3,3,3,0,0
86407.164147,2026-07-22T15:15:21.121,3,3,3,0,0
86407.166190,2026-07-22T15:15:21.123,3,3,3,0,0
86407.168744,2026-07-22T15:15:21.125,3,3,3,0,0
86407.171269,2026-07-22T15:15:21.128,3,3,3,0,0
86407.173759,2026-07-22T15:15:21.130,3,3,3,0,0
86407.175787,2026-07-22T15:15:21.132,3,3,3,0,0
86407.178418,2026-07-22T15:15:21.135,3,3,3,0,0
86407.181003,2026-07-22T15:15:21.137,3,3,3,0,0
86407.183512,2026-07-22T15:15:21.140,3,3,3,0,0
86407.185658,2026-07-22T15:15:21.141,3,3,3,0,0
86407.188037,2026-07-22T15:15:21.144,3,3,3,0,0
86407.190712,2026-07-22T15:15:21.147,3,3,3,0,0
86407.193223,2026-07-22T15:15:21.150,3,3,3,0,0
86407.195737,2026-07-22T15:15:21.152,3,3,3,0,0
86407.198242,2026-07-22T15:15:21.155,3,3,3,0,0
86407.200470,2026-07-22T15:15:21.157,3,3,3,0,0
86407.203122,2026-07-22T15:15:21.159,3,3,3,0,0
86407.205622,2026-07-22T15:15:21.162,3,3,3,0,0
86407.208223,2026-07-22T15:15:21.165,3,3,3,0,0
86407.210723,2026-07-22T15:15:21.167,3,3,3,0,0
86407.212796,2026-07-22T15:15:21.169,3,3,3,0,0
86407.215300,2026-07-22T15:15:21.172,3,3,3,0,0
86407.217741,2026-07-22T15:15:21.174,3,3,3,0,0
86407.220201,2026-07-22T15:15:21.177,3,3,3,0,0
86407.222268,2026-07-22T15:15:21.179,3,3,3,0,0
86407.224788,2026-07-22T15:15:21.181,3,3,3,0,0
86407.227306,2026-07-22T15:15:21.184,3,3,3,0,0
86407.229769,2026-07-22T15:15:21.186,3,3,3,0,0
86407.232285,2026-07-22T15:15:21.189,3,3,3,0,0
86407.234759,2026-07-22T15:15:21.191,3,3,3,0,0
86407.237293,2026-07-22T15:15:21.194,3,3,3,0,0
86407.239670,2026-07-22T15:15:21.196,3,3,3,0,0
86407.242416,2026-07-22T15:15:21.199,3,3,3,0,0
86407.244734,2026-07-22T15:15:21.201,3,3,3,0,0
86407.246991,2026-07-22T15:15:21.203,3,3,3,0,0
86407.249508,2026-07-22T15:15:21.206,3,3,3,0,0
86407.251701,2026-07-22T15:15:21.208,3,3,3,0,0
86407.254217,2026-07-22T15:15:21.211,3,3,3,0,0
86407.256727,2026-07-22T15:15:21.213,3,3,3,0,0
86407.259186,2026-07-22T15:15:21.216,3,3,3,0,0
86407.261238,2026-07-22T15:15:21.218,3,3,3,0,0
86407.263686,2026-07-22T15:15:21.220,3,3,3,0,0
86407.266204,2026-07-22T15:15:21.223,3,3,3,0,0
86407.268580,2026-07-22T15:15:21.225,3,3,3,0,0
86407.271101,2026-07-22T15:15:21.227,3,3,3,0,0
86407.273700,2026-07-22T15:15:21.230,3,3,3,0,0
86407.276222,2026-07-22T15:15:21.233,3,3,3,0,0
86407.278734,2026-07-22T15:15:21.235,3,3,3,0,0
86407.281244,2026-07-22T15:15:21.238,3,3,3,0,0
86407.283280,2026-07-22T15:15:21.240,3,3,3,0,0
86407.285751,2026-07-22T15:15:21.242,3,3,3,0,0
86407.288279,2026-07-22T15:15:21.245,3,3,3,0,0
86407.290831,2026-07-22T15:15:21.247,3,3,3,0,0
86407.293142,2026-07-22T15:15:21.250,3,3,3,0,0
86407.295288,2026-07-22T15:15:21.252,3,3,3,0,0
86407.297770,2026-07-22T15:15:21.254,3,3,3,0,0
86407.300400,2026-07-22T15:15:21.257,3,3,3,0,0
86407.303120,2026-07-22T15:15:21.259,3,3,3,0,0
86407.305150,2026-07-22T15:15:21.262,3,3,3,0,0
86407.307667,2026-07-22T15:15:21.264,3,3,3,0,0
86407.310186,2026-07-22T15:15:21.267,3,3,3,0,0
86407.312756,2026-07-22T15:15:21.269,3,3,3,0,0
86407.315287,2026-07-22T15:15:21.272,3,3,3,0,0
86407.317768,2026-07-22T15:15:21.274,3,3,3,0,0
86407.320190,2026-07-22T15:15:21.277,3,3,3,0,0
86407.322722,2026-07-22T15:15:21.279,3,3,3,0,0
86407.325299,2026-07-22T15:15:21.282,3,3,3,0,0
86407.327329,2026-07-22T15:15:21.284,3,3,3,0,0
86407.329967,2026-07-22T15:15:21.286,3,3,3,0,0
86407.332483,2026-07-22T15:15:21.289,3,3,3,0,0
86407.334978,2026-07-22T15:15:21.291,3,3,3,0,0
86407.337516,2026-07-22T15:15:21.294,3,3,3,0,0
86407.340258,2026-07-22T15:15:21.297,3,3,3,0,0
86407.343087,2026-07-22T15:15:21.299,3,3,3,0,0
86407.345811,2026-07-22T15:15:21.302,3,3,3,0,0
86407.348175,2026-07-22T15:15:21.305,3,3,3,0,0
86407.350504,2026-07-22T15:15:21.307,3,3,3,0,0
86407.353276,2026-07-22T15:15:21.309,3,3,3,0,0
86407.355764,2026-07-22T15:15:21.312,3,3,3,0,0
86407.358269,2026-07-22T15:15:21.315,3,3,3,0,0
86407.360288,2026-07-22T15:15:21.317,3,3,3,0,0
86407.363058,2026-07-22T15:15:21.319,3,3,3,0,0
86407.365516,2026-07-22T15:15:21.322,3,3,3,0,0
86407.367824,2026-07-22T15:15:21.324,3,3,3,0,0
86407.370453,2026-07-22T15:15:21.327,3,3,3,0,0
86407.372963,2026-07-22T15:15:21.329,3,3,3,0,0
86407.375466,2026-07-22T15:15:21.332,3,3,3,0,0
